Account Balance,Amount,Transaction_Hour,Login Location Match,Spending Pattern Deviation,User Device Recognition,Transaction_Day,Type_Withdrawal,Type_Transfer,Type_Deposit,Location_New York,Location_Texas,Location_Florida,Location_California
1.566860839227703,0.3120582742519711,-1.5234139672919795,0,0,0,-0.8883463275152893,1,0,0,0,1,0,0
0.93673402841719,0.5955322441105358,1.359764743658434,0,0,1,-0.2980829869735688,1,0,0,0,0,1,0
-0.0957301869064042,-1.5351954076960816,0.0623343237307478,1,0,1,1.4727070346515927,0,0,1,0,0,1,0
-0.1871736419273384,0.5993905516292545,1.2156058081109131,1,0,0,1.4727070346515927,0,0,1,0,0,1,0
-1.5289278381808484,-0.5817713391712986,-1.0909371606494176,0,0,1,0.8824436941098722,1,0,0,0,1,0,0
-0.2713819914444474,-0.625154623351034,0.2064932592782685,0,0,1,1.4727070346515927,1,0,0,0,0,0,1
0.6349292341110171,0.9970020489719446,-0.9467782251018968,1,0,1,-0.8883463275152893,1,0,0,0,0,0,1
-0.2835756019121577,-1.4018640212897222,-0.3701424829118142,1,0,0,-1.4786096680570098,1,0,0,0,0,0,1
-1.584644187001129,0.1556886755005675,1.5039236792059545,0,0,1,1.4727070346515927,0,0,1,1,0,0,0
-0.9948408009056184,-0.2211033107465402,-1.2350960961969382,1,0,0,0.8824436941098722,0,1,0,0,0,0,1
-0.7367398381767837,0.9538001680390206,-1.3792550317444587,0,0,1,-0.8883463275152893,0,0,1,0,0,1,0
-0.1110886170641073,-0.6344131659863683,1.0714468725633923,1,0,1,-1.4786096680570098,0,1,0,1,0,0,0
0.6792367097709153,0.4702663251393285,-0.8026192895543761,1,0,1,1.4727070346515927,0,0,1,0,0,1,0
0.0242311392720394,0.0307053269715084,1.359764743658434,1,0,1,-1.4786096680570098,1,0,0,0,0,1,0
-0.0630644185530187,-0.7888850076942068,-0.3701424829118142,0,0,1,-0.8883463275152893,1,0,0,0,0,1,0
1.0454503276862317,1.732257316490257,1.5039236792059545,0,0,1,-1.4786096680570098,1,0,0,0,0,1,0
-0.3729752905392819,-1.6360277047313878,-0.8026192895543761,1,0,1,-0.2980829869735688,0,1,0,0,0,1,0
-1.6635232216179232,-0.4144442866076926,1.6480826147534753,1,0,1,1.4727070346515927,0,1,0,1,0,0,0
-0.7231405993453981,1.270934905753026,-1.2350960961969382,1,0,1,-0.2980829869735688,0,0,1,0,0,0,1
0.0315266091841208,0.5167160218949713,0.0623343237307478,1,0,1,-1.4786096680570098,0,1,0,0,0,0,1
0.2755885352499903,-1.1877663277645762,1.359764743658434,1,0,1,-0.8883463275152893,1,0,0,0,1,0,0
0.7605734381524175,0.6932074269465288,1.5039236792059545,1,0,1,-0.8883463275152893,1,0,0,0,0,0,1
1.4596105327305926,-0.5270922143535781,1.359764743658434,1,1,1,0.2921803535681517,1,0,0,1,0,0,0
1.7163748549909017,-0.9841516487907416,0.7831290014683512,1,0,1,-0.2980829869735688,0,1,0,1,0,0,0
1.4305752523594604,0.3031276528704879,0.927287937015872,1,0,1,-0.2980829869735688,0,1,0,0,1,0,0
0.0429527293182907,-0.2929459735317984,0.927287937015872,1,0,1,-1.4786096680570098,0,1,0,0,0,0,1
0.5817395669505945,1.017308747042887,0.7831290014683512,1,0,1,0.8824436941098722,1,0,0,1,0,0,0
0.0724105605472147,-0.284524676650978,-0.3701424829118142,1,0,1,-0.2980829869735688,0,1,0,0,0,0,1
0.6153711658360758,1.6822318826580434,1.5039236792059545,1,0,1,-0.8883463275152893,1,0,0,0,1,0,0
0.1909231409275144,-0.7654002642800883,-0.5143014184593349,0,1,1,-0.2980829869735688,1,0,0,0,0,1,0
-0.8567529052765896,0.6816778552020751,-1.5234139672919795,1,0,1,-0.8883463275152893,1,0,0,1,0,0,0
-1.3822250791450004,1.098134359069285,0.3506521948257892,0,1,1,0.8824436941098722,1,0,0,0,0,1,0
-0.8703435206210816,0.8320297500929091,-0.5143014184593349,1,0,1,-0.8883463275152893,1,0,0,0,0,1,0
-0.5202299527363279,0.964639012036,1.0714468725633923,1,0,1,-0.2980829869735688,1,0,0,0,0,1,0
1.5610313620875536,-1.2905347556071962,1.2156058081109131,1,0,1,-0.2980829869735688,0,1,0,0,0,0,1
1.0127328184114834,-0.9513176611178829,1.2156058081109131,1,0,1,-0.8883463275152893,0,1,0,0,0,1,0
-0.889358309221719,-0.5209733432976714,1.359764743658434,1,0,1,1.4727070346515927,0,1,0,1,0,0,0
1.0288846093634088,-1.04456939555086,1.359764743658434,0,1,1,-1.4786096680570098,0,1,0,0,0,0,1
-0.5223254600515,-0.8577694021468485,-1.3792550317444587,1,0,1,0.8824436941098722,1,0,0,1,0,0,0
-0.8549937139502721,-0.3344315006679685,1.6480826147534753,0,0,1,0.2921803535681517,0,0,1,0,0,0,1
1.185271544180896,-1.4604188962460471,0.4948111303733098,1,0,1,-0.2980829869735688,0,1,0,1,0,0,0
0.2805125462663005,-1.2029762923049143,1.359764743658434,1,0,1,-0.8883463275152893,0,0,1,0,1,0,0
1.555814152516857,0.587271419332664,0.6389700659208305,1,0,1,-1.4786096680570098,1,0,0,1,0,0,0
1.710967928708544,0.21212252787879,-1.3792550317444587,0,1,1,1.4727070346515927,0,1,0,1,0,0,0
-0.7211744443336316,-0.8641359584051324,-1.5234139672919795,1,0,1,-0.8883463275152893,0,1,0,0,0,0,1
-1.189955815362772,0.057758830414243,-0.9467782251018968,0,0,0,-0.8883463275152893,1,0,0,0,0,0,1
-0.1801196296482812,0.6612909210796586,-1.0909371606494176,1,0,1,-0.2980829869735688,0,1,0,0,1,0,0
-0.8622546899147787,0.734277819729419,1.0714468725633923,1,1,1,-1.4786096680570098,0,0,1,1,0,0,0
1.5498035821519387,-1.716187008678152,-0.0818246118167728,0,1,1,0.8824436941098722,1,0,0,0,1,0,0
1.4405440032085932,0.2053338602192721,-0.6584603540068555,1,1,0,-0.2980829869735688,1,0,0,1,0,0,0
0.9284209870516504,-1.4780429193785676,-0.6584603540068555,1,0,1,1.4727070346515927,1,0,0,1,0,0,0
0.5670623922574948,-1.3874564172641268,-0.3701424829118142,0,0,1,-1.4786096680570098,0,1,0,0,0,1,0
-0.1753853353436325,-0.515747534379913,-0.3701424829118142,1,0,1,-0.2980829869735688,0,1,0,0,0,1,0
1.115550652645226,-1.3771617830075813,-1.3792550317444587,1,0,1,0.2921803535681517,0,1,0,0,0,1,0
-1.1168286465040846,1.224003792688538,0.0623343237307478,0,0,1,-0.2980829869735688,1,0,0,1,0,0,0
-1.0401141070976123,-1.0020582423654103,0.7831290014683512,0,0,0,0.8824436941098722,1,0,0,0,0,0,1
-0.5120980045955561,0.8364845952117194,0.4948111303733098,1,0,0,-1.4786096680570098,0,0,1,0,1,0,0
-1.3533708919986362,-1.328587575149859,-0.3701424829118142,1,0,1,0.2921803535681517,1,0,0,0,0,1,0
-1.6577713558598166,1.1278182095907845,1.5039236792059545,0,0,1,-0.8883463275152893,0,1,0,0,0,0,1
-0.5057166242942084,-1.2803622196898508,1.0714468725633923,1,0,1,1.4727070346515927,1,0,0,0,0,0,1
1.344288642500967,0.0569878666152947,-0.6584603540068555,1,0,1,-1.4786096680570098,0,1,0,1,0,0,0
0.0986690781385711,-0.2103098175612636,0.927287937015872,1,1,1,-0.8883463275152893,1,0,0,0,0,1,0
0.2817888223265697,0.1144996729024541,-0.2259835473642935,0,0,1,-0.2980829869735688,1,0,0,1,0,0,0
-1.520606173328415,1.1921117064895077,1.2156058081109131,0,0,1,1.4727070346515927,1,0,0,0,0,0,1
-0.475672395956512,1.2051797173078806,-0.6584603540068555,1,0,0,0.2921803535681517,0,1,0,0,1,0,0
-0.1343202907557706,-0.5412695757966826,-0.8026192895543761,1,0,1,-1.4786096680570098,0,0,1,0,0,0,1
0.7070991959245024,1.3150472914439844,-1.6675729028395,1,0,1,-0.2980829869735688,0,1,0,0,0,1,0
0.5710378197154963,1.1960118762959524,0.927287937015872,1,0,1,0.2921803535681517,0,0,1,0,0,1,0
1.6225254471266215,0.782053155596376,-0.2259835473642935,0,0,1,-0.2980829869735688,0,0,1,1,0,0,0
0.7755265644261162,-0.6815501019655081,-0.9467782251018968,1,0,0,0.8824436941098722,1,0,0,0,0,1,0
-0.3959223891634528,-0.8520342687284275,0.0623343237307478,1,0,1,-0.8883463275152893,0,1,0,0,0,1,0
-0.7226835545400314,-1.007022411984883,0.3506521948257892,0,0,1,0.8824436941098722,0,0,1,0,0,0,1
-0.6688298788887926,-0.2153786429000506,-0.5143014184593349,0,1,1,0.2921803535681517,0,0,1,1,0,0,0
1.716711170979757,-0.2660041028563322,-0.8026192895543761,1,0,1,0.2921803535681517,1,0,0,0,0,0,1
-1.5939661763332331,1.3899354356612872,-1.6675729028395,0,0,0,-1.4786096680570098,1,0,0,0,0,1,0
0.9757121891767736,1.1046823185743802,1.2156058081109131,1,0,1,0.2921803535681517,0,1,0,1,0,0,0
0.2579017636309845,-1.2963257054092516,-0.3701424829118142,1,0,0,-0.2980829869735688,0,1,0,0,1,0,0
1.641376389476279,-1.3586656288807757,0.3506521948257892,1,0,1,1.4727070346515927,0,0,1,0,0,0,1
1.5636442786163482,-0.7357617645702916,-1.0909371606494176,1,0,1,-0.2980829869735688,0,0,1,0,0,0,1
-0.213285560241502,1.0359165339369614,1.359764743658434,1,0,1,1.4727070346515927,0,1,0,0,0,0,1
1.5308664049333445,0.2041128768272725,-1.6675729028395,1,0,1,1.4727070346515927,1,0,0,0,0,0,1
1.1669035170972877,1.0625793226942557,0.3506521948257892,1,1,1,1.4727070346515927,0,1,0,0,0,0,1
0.575685879151208,0.4353636427480248,-1.6675729028395,1,0,1,0.8824436941098722,1,0,0,0,1,0,0
1.2767063757149373,-0.4418745506399585,-1.2350960961969382,1,0,1,0.2921803535681517,1,0,0,0,0,0,1
0.9580426645315548,-1.065238900115425,-0.6584603540068555,1,0,1,0.2921803535681517,0,1,0,0,0,0,1
1.4704502557559906,0.2344037305207946,-1.5234139672919795,1,0,0,1.4727070346515927,0,0,1,0,0,1,0
1.725550245045813,-0.299703244475522,1.5039236792059545,1,0,1,-1.4786096680570098,0,1,0,1,0,0,0
-0.1614325335496048,1.4920724406640449,-0.0818246118167728,1,0,1,-1.4786096680570098,0,1,0,1,0,0,0
0.520090259147439,-0.7951294656132906,0.3506521948257892,1,0,0,-0.8883463275152893,1,0,0,0,1,0,0
-0.7876701517710535,-1.4896701697943813,-0.9467782251018968,1,0,0,-1.4786096680570098,0,1,0,0,1,0,0
0.7094102904120174,-1.1869325705340394,0.7831290014683512,1,0,0,-0.2980829869735688,1,0,0,0,1,0,0
1.571043230371154,0.4190582816788641,-0.2259835473642935,1,0,0,-0.8883463275152893,0,1,0,1,0,0,0
-1.1924652500488424,1.634432127123247,-0.2259835473642935,1,0,1,0.8824436941098722,0,1,0,0,0,1,0
0.4421339376282721,1.2421196977018354,0.7831290014683512,0,0,1,0.8824436941098722,0,0,1,0,1,0,0
0.7811404543939237,1.1381826143268727,1.5039236792059545,1,0,1,-0.8883463275152893,1,0,0,0,1,0,0
-0.6686401621771311,-0.144652307787478,1.359764743658434,1,0,1,0.8824436941098722,0,0,1,0,1,0,0
-0.5662276318273936,0.2934783955497138,-1.5234139672919795,1,0,1,-0.2980829869735688,0,1,0,0,1,0,0
1.367158129743094,-1.440133129318968,-0.8026192895543761,1,0,1,-0.2980829869735688,1,0,0,0,0,0,1
1.2561738534210058,1.718048558331358,0.0623343237307478,0,0,1,0.2921803535681517,0,0,1,0,1,0,0
-0.2273332203913607,0.236134038413457,-0.5143014184593349,1,0,1,0.8824436941098722,0,1,0,0,0,0,1
-1.0285586346600366,1.568230407609027,1.0714468725633923,0,1,0,-1.4786096680570098,1,0,0,0,1,0,0
0.9662780945150508,-0.0670012525802788,0.0623343237307478,1,1,1,-1.4786096680570098,0,0,1,0,0,0,1
-0.5097092987259976,-0.0766714410449159,0.0623343237307478,1,0,1,0.2921803535681517,0,1,0,0,0,0,1
-0.5725227772598043,0.5042445486766894,0.3506521948257892,1,0,0,0.2921803535681517,1,0,0,0,0,0,1
-0.0321923354735259,-1.5204982561803833,-1.2350960961969382,1,0,1,-0.2980829869735688,0,0,1,0,1,0,0
-0.3781925001099785,1.6718116615383212,0.3506521948257892,1,0,1,0.8824436941098722,0,0,1,0,1,0,0
-0.1877427920623234,1.2245026516172697,0.6389700659208305,1,1,1,0.2921803535681517,1,0,0,0,1,0,0
1.181589315277281,0.6634921797092349,-0.8026192895543761,1,0,0,-0.2980829869735688,0,1,0,1,0,0,0
1.4436484584903302,0.9556351316509972,-1.2350960961969382,0,0,1,1.4727070346515927,1,0,0,1,0,0,0
-0.701167954740217,0.3256146784271439,-0.0818246118167728,1,0,1,-1.4786096680570098,0,0,1,1,0,0,0
1.6384099099848413,1.692973047983663,-1.5234139672919795,1,0,1,-0.8883463275152893,0,0,1,0,1,0,0
-1.2122992699043826,0.909719179063857,-1.0909371606494176,0,1,0,1.4727070346515927,1,0,0,1,0,0,0
-0.8801829191668084,0.7143164855322138,-1.5234139672919795,0,0,1,-0.2980829869735688,0,1,0,0,0,0,1
-1.3621151077088611,0.7675478728994202,1.2156058081109131,0,1,1,-0.8883463275152893,0,0,1,0,0,1,0
1.3872681011792336,1.2483327589051247,0.927287937015872,0,0,1,0.8824436941098722,0,1,0,0,0,0,1
-0.958501427135511,-0.4821809566718548,-0.5143014184593349,1,0,1,0.8824436941098722,1,0,0,0,0,1,0
-0.1307156732341986,-1.2805226917927994,1.0714468725633923,1,0,1,1.4727070346515927,1,0,0,0,0,0,1
-1.551185057853522,-1.4866525965541533,0.0623343237307478,0,0,1,-0.2980829869735688,0,0,1,0,0,0,1
1.066758963800597,0.8597076993275521,0.6389700659208305,1,1,1,1.4727070346515927,0,1,0,0,0,0,1
-1.094002276696426,1.666495150997157,-0.3701424829118142,0,0,1,-0.8883463275152893,0,0,1,0,0,1,0
-1.4931576145457264,1.4187925060002038,-0.2259835473642935,1,0,1,1.4727070346515927,0,1,0,0,0,1,0
1.1675157846667414,1.0764462055033943,0.7831290014683512,1,0,1,-1.4786096680570098,0,0,1,0,1,0,0
0.0073635989079365,-1.7059447022812635,-0.3701424829118142,1,0,1,-1.4786096680570098,0,1,0,0,0,0,1
1.1847800054279547,-0.0882498521250494,0.4948111303733098,0,1,0,0.8824436941098722,0,0,1,0,1,0,0
0.1929410368606434,1.0907456652856986,0.3506521948257892,1,0,1,-1.4786096680570098,0,0,1,1,0,0,0
-0.5420991154987842,0.1489941979884322,0.7831290014683512,1,0,0,0.8824436941098722,0,1,0,0,1,0,0
1.1251917109923977,1.6877786357816993,-0.5143014184593349,1,0,1,-0.8883463275152893,1,0,0,0,0,1,0
1.4301095840672,0.6979204228396474,-0.6584603540068555,0,1,1,1.4727070346515927,0,0,1,1,0,0,0
0.1210556501146504,-0.47918431457549,0.927287937015872,1,0,1,-0.2980829869735688,1,0,0,0,0,1,0
1.5577371900941546,1.5539518789705855,0.3506521948257892,1,0,1,0.2921803535681517,0,1,0,1,0,0,0
0.881595453218788,-0.2739893342400099,-1.2350960961969382,0,0,1,1.4727070346515927,0,1,0,0,0,1,0
-0.1548528130497015,0.056206437244415,1.359764743658434,1,1,1,1.4727070346515927,0,0,1,1,0,0,0
-0.1971423927764708,-0.0828670596283198,1.5039236792059545,1,0,1,0.2921803535681517,0,1,0,0,0,1,0
-0.6031792731669543,0.8526713464656571,-0.0818246118167728,1,0,1,-1.4786096680570098,0,1,0,0,1,0,0
1.202630623297941,0.9698473783338728,-1.0909371606494176,1,0,0,0.8824436941098722,0,1,0,0,0,0,1
0.1648974574822882,-1.0214230389625245,1.0714468725633923,1,0,1,0.2921803535681517,1,0,0,0,0,1,0
-0.1414260439561904,1.3512407277068303,1.6480826147534753,1,0,1,0.2921803535681517,1,0,0,0,0,1,0
-0.3627737055440194,-1.169113190058799,-1.6675729028395,1,0,1,0.2921803535681517,1,0,0,0,1,0,0
0.884725778961206,0.6550429746365974,-1.6675729028395,1,0,1,1.4727070346515927,0,1,0,1,0,0,0
-0.4432825791837254,-0.3032999126959551,-1.2350960961969382,0,0,1,1.4727070346515927,0,1,0,0,0,0,1
-1.5091455592466705,0.1270339395523247,0.0623343237307478,0,0,1,-0.8883463275152893,0,1,0,0,0,0,1
-0.3742946840340203,-0.3004707197504931,1.6480826147534753,0,1,1,0.2921803535681517,1,0,0,0,0,1,0
1.6296915647352974,1.6785375357662506,-0.5143014184593349,0,0,1,1.4727070346515927,1,0,0,0,0,0,1
1.4285142389918637,-0.6626004397216739,0.0623343237307478,0,0,1,0.2921803535681517,1,0,0,1,0,0,0
1.365459302825033,0.917348581001866,0.7831290014683512,1,0,1,-0.8883463275152893,0,0,1,0,0,1,0
-1.2520449209975066,1.4558964470210842,0.927287937015872,1,0,1,-0.8883463275152893,1,0,0,0,0,1,0
-0.800734734415029,0.2507718850215439,-0.8026192895543761,0,0,1,-0.2980829869735688,0,0,1,1,0,0,0
-1.357191096692551,0.8618112792857685,1.6480826147534753,1,0,1,1.4727070346515927,0,0,1,0,0,1,0
-0.4735510181806585,-0.3721459333848484,-0.2259835473642935,1,0,1,-0.2980829869735688,0,1,0,0,0,0,1
0.5491514099792526,1.1254495018103052,0.6389700659208305,0,0,1,-0.2980829869735688,0,0,1,1,0,0,0
-0.0282600254499927,0.7003554125756922,0.3506521948257892,1,0,1,0.2921803535681517,1,0,0,0,1,0,0
0.0693837166475212,-1.382624811555785,1.0714468725633923,1,0,1,-1.4786096680570098,1,0,0,0,0,0,1
-1.685383760893486,1.2712802696267638,0.6389700659208305,1,0,1,0.8824436941098722,0,1,0,0,0,1,0
0.1969250878055387,-0.4919453352838746,-1.2350960961969382,1,0,1,0.2921803535681517,0,0,1,1,0,0,0
-0.8398336239911245,0.2310896327425099,-0.0818246118167728,1,0,1,-1.4786096680570098,0,1,0,0,0,1,0
-1.5561349393305133,-1.672025783651514,-0.5143014184593349,1,0,1,0.2921803535681517,0,1,0,1,0,0,0
-1.6858321822119593,1.5375767474218818,-1.6675729028395,1,0,0,0.2921803535681517,0,1,0,0,0,1,0
0.6389305320296998,1.322251093456782,1.0714468725633923,1,0,1,0.8824436941098722,1,0,0,1,0,0,0
0.1228062179540744,1.043392440819976,1.2156058081109131,1,0,1,-0.2980829869735688,0,1,0,0,0,1,0
1.4682340196243058,-1.4061688598775153,-1.5234139672919795,1,1,0,-0.2980829869735688,0,1,0,0,0,1,0
-0.6175373788449868,-0.9430742789598968,0.0623343237307478,0,1,1,1.4727070346515927,1,0,0,0,0,1,0
0.0450654836072503,0.0672685467759316,0.927287937015872,1,1,1,1.4727070346515927,1,0,0,0,0,0,1
1.0556691596552812,0.938063436378134,0.3506521948257892,0,0,1,-1.4786096680570098,0,1,0,1,0,0,0
1.3671840002037756,0.4782689991428916,-0.0818246118167728,1,0,1,1.4727070346515927,1,0,0,0,0,0,1
-1.4524375094336128,-1.6550331833588563,0.6389700659208305,1,0,1,-1.4786096680570098,0,0,1,0,1,0,0
-0.3048411205920546,0.2270464334530025,-0.2259835473642935,0,0,1,0.8824436941098722,0,1,0,0,0,0,1
0.5356556529905914,-0.2642807720116243,0.927287937015872,1,0,1,1.4727070346515927,0,1,0,0,0,0,1
-1.0400709896631437,-1.525120550450096,1.0714468725633923,1,0,0,-1.4786096680570098,1,0,0,0,1,0,0
-1.385208805610225,0.3950886334319229,-0.3701424829118142,1,0,1,-1.4786096680570098,0,1,0,0,1,0,0
1.6656601285689752,-1.1190493824628371,0.2064932592782685,0,0,1,-0.8883463275152893,0,0,1,1,0,0,0
0.8529741002185539,-0.5546969045847012,-0.9467782251018968,1,0,1,-0.8883463275152893,0,0,1,1,0,0,0
-0.2816353173610722,-1.4709333075131523,-0.8026192895543761,1,0,1,0.8824436941098722,1,0,0,1,0,0,0
1.3597333075276072,-0.5148684263376734,-0.6584603540068555,1,0,1,-1.4786096680570098,0,0,1,0,0,1,0
0.0261541768493375,1.332475957233785,0.3506521948257892,1,0,1,0.8824436941098722,1,0,0,0,1,0,0
0.6076014041448401,-0.2064863952823162,-0.3701424829118142,1,0,1,-0.8883463275152893,1,0,0,0,0,0,1
-1.5457781315711638,-0.1229467116017017,-0.3701424829118142,1,0,1,-0.8883463275152893,0,0,1,0,1,0,0
0.95868080256169,0.0301715828030058,0.2064932592782685,1,0,1,0.8824436941098722,0,0,1,1,0,0,0
1.1956542224009268,0.0456466751656066,0.7831290014683512,1,0,1,1.4727070346515927,1,0,0,0,1,0,0
-1.6709739142940914,-0.0044589947180809,0.7831290014683512,1,0,1,-1.4786096680570098,0,0,1,0,0,0,1
0.4290952254449779,-0.5022957859240543,-1.3792550317444587,1,0,1,-0.8883463275152893,0,0,1,0,1,0,0
1.587643442641552,-0.5981953100556822,-1.5234139672919795,0,0,0,-0.2980829869735688,0,1,0,1,0,0,0
-0.2124059645783433,0.7546542882799044,-0.9467782251018968,1,0,1,0.8824436941098722,0,0,1,0,0,0,1
1.482152327470759,-0.4539518206488234,-1.0909371606494176,0,1,1,-1.4786096680570098,0,1,0,0,0,1,0
-0.7678878728368754,0.659996678684139,0.2064932592782685,1,0,1,0.8824436941098722,1,0,0,0,1,0,0
0.9122519491259384,0.5093482592552478,0.2064932592782685,1,0,1,0.8824436941098722,0,0,1,0,0,0,1
-1.6843834364138153,1.6640322530692953,0.4948111303733098,1,1,1,-0.2980829869735688,0,1,0,0,0,0,1
0.95217869344383,-1.4025093982254937,0.2064932592782685,0,0,1,-0.8883463275152893,0,0,1,1,0,0,0
-1.6935846969294073,0.2607490635961696,1.6480826147534753,1,1,1,0.8824436941098722,0,0,1,0,1,0,0
1.5433014730340788,1.4635084063392074,1.5039236792059545,1,0,1,-1.4786096680570098,0,0,1,0,0,1,0
-0.282514913024231,-1.4540558285117406,-0.0818246118167728,0,1,1,0.2921803535681517,0,1,0,0,0,1,0
0.8903224219552256,-1.3781315926732265,0.0623343237307478,1,0,1,-0.8883463275152893,0,0,1,0,0,0,1
1.0380513759314258,-1.0127017290196698,0.927287937015872,1,0,1,-1.4786096680570098,0,1,0,0,0,1,0
0.3389194229974193,-0.8981002278465848,-0.0818246118167728,1,0,1,-1.4786096680570098,0,1,0,0,0,1,0
0.9551710433959488,1.024645112966816,0.3506521948257892,1,0,1,-1.4786096680570098,1,0,0,0,0,1,0
-0.3274863971749451,-1.0327781845081208,1.6480826147534753,0,0,0,-1.4786096680570098,1,0,0,0,1,0,0
0.1711322385064428,-0.9677451205262436,-0.6584603540068555,0,0,1,-0.2980829869735688,0,1,0,0,0,1,0
1.414044027984212,0.9352237778607404,1.5039236792059545,1,1,1,0.8824436941098722,1,0,0,1,0,0,0
-1.2245187508327744,0.9954775639939336,-0.2259835473642935,0,0,1,1.4727070346515927,0,1,0,1,0,0,0
1.560919256757935,-1.0174879839163082,0.7831290014683512,1,0,1,-0.2980829869735688,1,0,0,0,0,0,1
1.0740544337126785,1.0109596334044886,-0.3701424829118142,0,0,1,-0.8883463275152893,1,0,0,0,1,0,0
-1.4822316566513916,-0.0692757702133754,-0.8026192895543761,1,1,1,-0.2980829869735688,1,0,0,0,1,0,0
0.0711170375131577,0.6046024064511045,-1.0909371606494176,1,0,0,0.8824436941098722,0,0,1,0,1,0,0
-0.2187011100107536,1.4207495679513806,1.5039236792059545,0,0,0,0.8824436941098722,0,1,0,1,0,0,0
-1.3135045120890003,1.2608530714590864,1.6480826147534753,1,1,1,1.4727070346515927,0,0,1,0,1,0,0
-0.8935493238520636,-0.8957280315421283,0.6389700659208305,0,0,1,-0.2980829869735688,1,0,0,0,0,1,0
1.4522805688709364,-0.0323009045796493,-0.3701424829118142,1,0,1,0.2921803535681517,0,1,0,0,0,1,0
-0.2375348053866233,1.499189029577414,0.7831290014683512,1,0,1,-0.2980829869735688,1,0,0,0,1,0,0
0.0687886960518549,1.1012251913130324,-0.8026192895543761,1,0,0,-0.2980829869735688,0,0,1,0,0,0,1
-0.0483786203730254,1.3691229016136592,-1.5234139672919795,1,0,1,-1.4786096680570098,0,1,0,0,0,1,0
1.498925009479031,0.5151496746292347,1.0714468725633923,1,0,1,-0.2980829869735688,1,0,0,1,0,0,0
-1.214481012088492,-1.047119506578151,-0.5143014184593349,1,0,1,-0.2980829869735688,0,1,0,0,0,0,1
0.8157120133508194,-1.0435577235974889,-0.6584603540068555,0,0,1,0.8824436941098722,0,1,0,0,0,1,0
0.6007543555512318,0.6305744674609252,-0.8026192895543761,1,1,1,-1.4786096680570098,1,0,0,0,0,0,1
-0.1232736040449241,0.7260449031433646,1.359764743658434,1,0,1,0.8824436941098722,0,0,1,0,0,1,0
0.1475383783652435,-1.1605837489346875,-0.8026192895543761,1,0,1,1.4727070346515927,0,0,1,1,0,0,0
-0.3917572449937894,-1.1084582236682348,1.6480826147534753,1,0,1,-1.4786096680570098,0,0,1,0,1,0,0
-0.3221484587877366,0.4942220192903608,0.0623343237307478,1,0,1,0.8824436941098722,0,1,0,0,0,0,1
-1.3035875021612302,0.0986443314263447,-0.2259835473642935,0,0,1,-0.8883463275152893,0,0,1,1,0,0,0
-0.4612194319226486,-1.614793059282526,-0.6584603540068555,1,1,1,-0.2980829869735688,0,0,1,0,0,1,0
0.8242406418887019,0.6902177618981183,-1.2350960961969382,1,0,1,-0.8883463275152893,0,1,0,1,0,0,0
-0.6051109342311463,0.9379518036108652,-0.0818246118167728,1,0,1,-1.4786096680570098,0,1,0,0,0,1,0
-0.8292784760332196,0.8711814546883716,1.5039236792059545,0,0,1,0.8824436941098722,0,0,1,0,0,0,1
0.0958578214112208,-0.878104008409608,-0.2259835473642935,0,0,0,-0.8883463275152893,0,0,1,0,0,1,0
0.681409828468131,1.2764049113491849,-0.2259835473642935,0,0,1,-0.8883463275152893,1,0,0,0,1,0,0
-1.2482419632773791,0.6999088815066182,-1.0909371606494176,0,0,0,-0.8883463275152893,1,0,0,0,0,1,0
1.2280354156868198,1.036377019101944,0.4948111303733098,1,0,1,-0.8883463275152893,0,1,0,0,0,0,1
-0.4081677405525253,-0.5946649237908147,1.0714468725633923,1,0,1,0.2921803535681517,0,0,1,1,0,0,0
-0.1098899523858813,1.1698863202311371,-0.8026192895543761,1,1,1,-1.4786096680570098,1,0,0,1,0,0,0
0.6662411150220895,-0.5742082191888551,-1.5234139672919795,0,0,1,-0.8883463275152893,0,1,0,0,0,1,0
0.6203986586951105,0.0423046691955048,1.359764743658434,0,1,1,-0.8883463275152893,0,0,1,0,1,0,0
-0.1119337187796912,-1.2437257408819078,0.0623343237307478,1,0,1,-0.8883463275152893,0,0,1,1,0,0,0
0.2828063937800281,0.4691011581309631,0.6389700659208305,1,0,1,-0.8883463275152893,0,0,1,0,0,0,1
-0.0310022942821934,-1.5596674033957312,-0.6584603540068555,0,0,1,0.2921803535681517,1,0,0,0,0,0,1
-0.4940317995532272,-0.9730546540194532,0.7831290014683512,0,0,1,-1.4786096680570098,0,1,0,0,0,1,0
0.5698477785241641,0.8547121329922852,1.359764743658434,1,0,1,-0.8883463275152893,0,0,1,1,0,0,0
1.0854633068730604,1.5188119769488364,-1.0909371606494176,0,0,1,0.2921803535681517,0,1,0,1,0,0,0
1.3873370890743832,-0.7433248845527349,-0.3701424829118142,0,0,0,-0.2980829869735688,1,0,0,1,0,0,0
-0.4909704617059589,0.7123873317728542,1.2156058081109131,1,0,1,0.8824436941098722,0,0,1,0,0,0,1
1.180528626389354,-0.6881643434261691,-1.2350960961969382,0,0,0,0.2921803535681517,0,1,0,1,0,0,0
-1.6986898011704854,0.6551999582155691,0.4948111303733098,1,1,0,-0.2980829869735688,0,1,0,0,1,0,0
0.2254429589630483,0.8036261878710206,-0.3701424829118142,1,0,1,-1.4786096680570098,0,1,0,0,1,0,0
0.3736030872839339,-1.329682971678681,-0.3701424829118142,0,1,1,-0.2980829869735688,1,0,0,1,0,0,0
0.2414395271508859,1.6226304505085762,-0.5143014184593349,1,0,0,-1.4786096680570098,0,0,1,0,0,1,0
0.5024897223973706,0.1065981660942281,1.2156058081109131,0,0,1,0.8824436941098722,0,0,1,0,1,0,0
-1.115880062945776,-1.2389639056531092,1.6480826147534753,0,1,1,0.2921803535681517,0,0,1,0,1,0,0
-1.3704195255875071,1.560140520506035,-0.9467782251018968,1,1,1,1.4727070346515927,0,0,1,0,0,1,0
-0.3654469864810704,0.4644370015735245,0.0623343237307478,1,0,0,-0.2980829869735688,1,0,0,0,0,0,1
-0.2656473726601281,-1.372556931357754,-1.5234139672919795,1,0,1,0.2921803535681517,0,0,1,0,0,1,0
-0.634068603220235,-0.9410439580052002,-0.8026192895543761,0,1,0,1.4727070346515927,1,0,0,0,0,1,0
0.3750173391345027,-0.8684756822326967,0.0623343237307478,1,0,1,1.4727070346515927,0,1,0,0,0,1,0
0.3828733356946754,1.377648854213794,-1.5234139672919795,1,0,1,1.4727070346515927,0,1,0,0,0,0,1
0.5996246787681554,-0.5305981809506057,-0.3701424829118142,1,0,1,-0.2980829869735688,0,1,0,0,1,0,0
-1.012432714168793,1.1596091285944776,1.0714468725633923,1,0,1,1.4727070346515927,0,1,0,0,0,0,1
-1.6107992227497612,-1.279971505004411,-0.8026192895543761,0,1,1,0.2921803535681517,1,0,0,0,0,1,0
0.0803355450025371,1.584699729305113,-1.2350960961969382,1,1,1,0.8824436941098722,0,0,1,0,1,0,0
-0.5154266705365296,-0.0814158336538286,-0.8026192895543761,1,1,0,-1.4786096680570098,0,0,1,1,0,0,0
1.3815507293687015,-0.7323464995966699,-1.6675729028395,0,0,1,-0.8883463275152893,0,1,0,0,1,0,0
1.3059313727977306,-1.680785467358117,0.6389700659208305,0,0,0,0.2921803535681517,1,0,0,0,0,0,1
-0.5441687523532754,0.0676871696531886,-0.5143014184593349,0,0,1,0.2921803535681517,1,0,0,1,0,0,0
0.2168539660169099,-0.5717139245451989,0.3506521948257892,1,1,1,-0.8883463275152893,1,0,0,1,0,0,0
0.1477022246162241,-1.2375545419663438,1.6480826147534753,1,0,1,1.4727070346515927,0,1,0,0,1,0,0
0.2938875744384495,1.5423978875582924,-0.2259835473642935,1,0,0,-0.8883463275152893,1,0,0,0,0,0,1
-1.524702329602929,-0.7092978216796939,-0.2259835473642935,1,0,0,-1.4786096680570098,0,0,1,0,0,1,0
-1.5734767714737703,1.2086821953809312,-0.6584603540068555,1,0,1,0.2921803535681517,0,0,1,0,0,0,1
-1.3264224954557826,0.907165579512589,-1.5234139672919795,1,0,1,-1.4786096680570098,1,0,0,0,0,1,0
0.3725423983960071,-0.5915566489271813,1.0714468725633923,0,1,0,-1.4786096680570098,0,1,0,0,1,0,0
-1.3550179779953353,-0.47433875477124,-1.3792550317444587,1,1,1,-1.4786096680570098,0,1,0,0,1,0,0
0.2224161150633548,-0.3912107169199283,0.6389700659208305,0,0,1,-0.8883463275152893,0,1,0,0,0,0,1
-0.6551012877540012,0.9123181294268276,-0.0818246118167728,1,1,1,0.2921803535681517,1,0,0,0,0,0,1
1.2787070246742784,-0.5231815789752022,-0.9467782251018968,1,0,1,1.4727070346515927,1,0,0,0,0,1,0
0.7842104157280855,0.1189894032610356,1.5039236792059545,1,0,1,-0.8883463275152893,0,0,1,0,1,0,0
-0.2432349302233678,-1.1543846418273065,0.2064932592782685,1,0,1,-0.8883463275152893,1,0,0,0,0,0,1
1.2138239092859808,0.8705256121806689,-1.5234139672919795,0,0,0,-0.2980829869735688,1,0,0,1,0,0,0
1.2587608994891195,-1.486596780170519,-1.3792550317444587,1,0,1,0.8824436941098722,0,1,0,0,0,0,1
0.6607134599232195,0.7772843433196231,-1.2350960961969382,0,0,1,1.4727070346515927,0,1,0,1,0,0,0
-1.2685244044513924,-0.3554184609144536,1.359764743658434,1,0,1,0.2921803535681517,0,1,0,1,0,0,0
-1.4796791045308528,0.1935566032724414,-1.2350960961969382,0,0,1,0.2921803535681517,0,0,1,1,0,0,0
0.2900242523100659,0.9461742546249888,-1.0909371606494176,1,0,1,0.2921803535681517,0,1,0,0,0,1,0
-0.7731395763551469,0.5226395356081579,-0.9467782251018968,1,0,0,-0.2980829869735688,1,0,0,0,0,0,1
1.280586944817108,-0.9397776238014978,1.2156058081109131,1,0,1,-0.2980829869735688,1,0,0,1,0,0,0
0.9447452477414492,0.9774628261759734,1.359764743658434,0,0,1,0.2921803535681517,1,0,0,0,1,0,0
-0.3522961689681578,-1.34381847083406,1.2156058081109131,1,0,1,-1.4786096680570098,1,0,0,1,0,0,0
0.2220280581531378,1.1291578027980067,0.2064932592782685,1,0,1,-1.4786096680570098,0,1,0,1,0,0,0
0.5861030513188134,-1.740986925631653,1.0714468725633923,0,0,0,-0.2980829869735688,0,0,1,0,1,0,0
-0.3631100215328741,0.3310079364958052,-1.6675729028395,1,0,1,-0.2980829869735688,0,1,0,0,1,0,0
-1.6085226222098208,-1.7244164367402297,-0.3701424829118142,1,1,1,-0.2980829869735688,1,0,0,0,0,1,0
-1.0942006168949814,1.0174796847177667,-1.5234139672919795,0,0,0,0.2921803535681517,1,0,0,0,0,1,0
-0.5650548376098489,-1.6251993263063398,-1.3792550317444587,1,0,1,-1.4786096680570098,1,0,0,0,0,1,0
0.7904365732653462,-0.4115453231826878,-0.8026192895543761,1,0,0,0.2921803535681517,0,1,0,0,0,0,1
0.3081766922213323,0.2168634319637258,1.5039236792059545,0,0,1,-0.8883463275152893,0,0,1,0,0,1,0
0.0853457908877844,-0.2420170119895052,-0.8026192895543761,1,0,1,-0.8883463275152893,0,1,0,1,0,0,0
1.4423635589431665,1.3187276842398687,0.3506521948257892,1,1,0,-0.8883463275152893,0,1,0,0,1,0,0
0.7351169048421763,-1.4039885323918015,0.7831290014683512,0,0,1,1.4727070346515927,0,0,1,0,0,0,1
-0.6845418720091382,1.0698598722345507,0.2064932592782685,1,0,1,1.4727070346515927,0,1,0,1,0,0,0
-0.84525779724727,1.639092795156708,1.359764743658434,1,1,1,1.4727070346515927,0,0,1,0,1,0,0
1.2151174323200378,-0.6050118859070173,-0.2259835473642935,1,0,0,-0.2980829869735688,0,0,1,0,1,0,0
0.448868880892262,0.3424572721887844,1.5039236792059545,1,0,0,-1.4786096680570098,0,0,1,0,0,1,0
1.2125907506601796,1.6538946023917207,-1.6675729028395,1,0,1,-0.2980829869735688,0,0,1,0,1,0,0
-0.7496233275959912,-0.0137524225931864,-0.2259835473642935,1,0,1,-0.8883463275152893,0,0,1,0,0,0,1
0.7069439731604158,1.052839363750076,-0.8026192895543761,1,0,1,-1.4786096680570098,0,0,1,0,1,0,0
0.6333080185749989,0.3027160070411854,0.0623343237307478,1,0,0,-0.8883463275152893,0,1,0,0,1,0,0
-1.6030380845454193,0.452914406877025,1.0714468725633923,1,0,1,-0.2980829869735688,0,1,0,0,0,0,1
1.6853216786866412,1.0302511709980828,-0.9467782251018968,1,0,1,0.2921803535681517,0,1,0,1,0,0,0
-0.4096423568113502,-1.4594630406763105,-0.2259835473642935,1,0,1,-0.8883463275152893,0,1,0,0,0,0,1
1.1402396956219267,0.3642431044260351,-0.9467782251018968,1,0,1,0.8824436941098722,0,1,0,0,0,0,1
-0.2539970418667218,-1.100546251288077,0.2064932592782685,1,0,0,-0.2980829869735688,1,0,0,1,0,0,0
1.2845537487882157,1.4350036769219825,0.0623343237307478,1,0,0,-1.4786096680570098,1,0,0,1,0,0,0
1.732518022455933,-1.562151232467456,-1.6675729028395,1,1,1,0.8824436941098722,1,0,0,1,0,0,0
-1.2904884255696798,0.8505607894594862,-0.3701424829118142,1,0,0,0.2921803535681517,0,0,1,0,0,0,1
1.2403411314841488,1.6439418434849355,0.2064932592782685,1,0,0,0.8824436941098722,0,1,0,0,1,0,0
-0.5949265962096711,-0.9335540970262768,0.3506521948257892,0,0,1,-1.4786096680570098,1,0,0,0,1,0,0
-1.688177770647049,-0.0501551702946611,-1.2350960961969382,1,0,0,1.4727070346515927,0,1,0,1,0,0,0
-0.0238620471341987,1.1768494140895125,-0.8026192895543761,1,0,1,-0.2980829869735688,0,0,1,0,1,0,0
-0.1502392475615651,0.4375579243296469,0.4948111303733098,1,0,1,-0.8883463275152893,0,0,1,0,0,1,0
-1.5811516748091752,-0.9231652726223486,-0.3701424829118142,1,0,1,-1.4786096680570098,0,0,1,0,1,0,0
1.3931665662145334,-1.6964908023032093,-1.2350960961969382,0,0,1,-0.8883463275152893,0,1,0,0,0,1,0
-1.1685350739187883,0.5649553314508879,-1.5234139672919795,1,0,1,0.8824436941098722,0,1,0,0,0,1,0
-1.3112192880621665,0.62326949825279,0.7831290014683512,0,0,1,0.8824436941098722,1,0,0,0,0,0,1
-0.186889066859846,-1.4998671253795666,1.2156058081109131,1,0,1,0.8824436941098722,0,0,1,1,0,0,0
-0.3347732436001325,-0.4296821593398479,1.5039236792059545,0,0,1,-1.4786096680570098,0,1,0,0,0,1,0
-0.6782122326291526,-0.2492347680982117,-0.0818246118167728,1,0,1,0.8824436941098722,0,0,1,0,0,1,0
-0.2226851609556494,0.8790201680650093,1.0714468725633923,1,0,1,-1.4786096680570098,1,0,0,0,0,1,0
1.1949902139101112,0.7035543890627313,-1.6675729028395,1,1,0,-0.8883463275152893,1,0,0,0,1,0,0
-1.6106957409070364,-0.4456177368674317,1.2156058081109131,0,0,1,-0.2980829869735688,0,1,0,0,1,0,0
1.3366999740344994,-0.9350506738124708,1.359764743658434,0,0,1,-0.8883463275152893,0,0,1,0,0,1,0
-0.2580069632722981,-1.1525182814995356,1.2156058081109131,0,0,1,-1.4786096680570098,1,0,0,0,0,0,1
-0.0164199779449246,-1.5855836480219174,1.6480826147534753,1,0,1,-0.2980829869735688,0,1,0,0,0,1,0
-0.408685149766148,-1.4698274454123987,-1.6675729028395,1,0,1,-0.8883463275152893,1,0,0,0,1,0,0
0.950229785405851,0.5565096149022276,-0.9467782251018968,1,0,1,-0.2980829869735688,1,0,0,1,0,0,0
-0.2263070254510088,0.6909538404572952,0.7831290014683512,1,1,1,1.4727070346515927,0,1,0,0,0,0,1
0.6351448212833599,-0.3139259567303289,-0.8026192895543761,1,0,1,-1.4786096680570098,0,1,0,0,1,0,0
1.0174671127161323,0.5620493909779288,-0.0818246118167728,0,0,1,0.8824436941098722,1,0,0,0,1,0,0
0.9036715796666936,-1.031306027389767,0.2064932592782685,1,1,1,1.4727070346515927,0,1,0,0,0,1,0
0.3074178253746854,-1.6770667007984836,-1.6675729028395,1,0,0,-0.8883463275152893,0,1,0,0,1,0,0
1.16869720237118,1.3084260729353694,-1.5234139672919795,1,0,1,-0.8883463275152893,1,0,0,0,1,0,0
0.8573462080736667,-0.1672265464435625,-0.5143014184593349,1,0,1,-0.2980829869735688,0,1,0,1,0,0,0
-1.4741773198926635,-0.2640749490969729,1.359764743658434,1,0,1,-1.4786096680570098,1,0,0,0,0,1,0
1.5402918761081732,-1.6110254533872126,-0.0818246118167728,1,0,1,-0.8883463275152893,0,0,1,0,1,0,0
0.7551061474618036,1.0945132711810115,0.4948111303733098,1,1,1,-0.2980829869735688,1,0,0,0,0,0,1
-1.6318232837966336,-0.0425955388361948,0.0623343237307478,0,0,1,-1.4786096680570098,0,0,1,0,0,1,0
1.6858649583609444,1.0664829810246776,-1.2350960961969382,1,0,1,-0.8883463275152893,1,0,0,0,0,0,1
0.7675239685887506,-1.6361428260226336,-1.6675729028395,1,0,1,-0.2980829869735688,1,0,0,1,0,0,0
-1.0250747459549767,0.1890250106261342,-0.6584603540068555,1,0,0,0.8824436941098722,0,0,1,0,0,0,1
-1.6355227596740365,-1.6556541406267873,0.6389700659208305,0,0,1,0.8824436941098722,1,0,0,0,0,0,1
0.6264350995207097,-1.646266522604299,0.7831290014683512,1,0,1,0.8824436941098722,0,1,0,0,0,1,0
-1.5477701570436115,1.1561101390454045,-0.2259835473642935,1,1,1,-1.4786096680570098,0,1,0,0,0,0,1
0.7557097915443634,0.5379367132479248,-1.3792550317444587,1,0,1,0.2921803535681517,0,1,0,0,0,0,1
1.214384435934072,1.6698301799193045,-0.6584603540068555,0,0,1,1.4727070346515927,1,0,0,0,0,0,1
-1.544751936630812,1.416054014678148,-0.0818246118167728,1,1,1,0.2921803535681517,1,0,0,0,1,0,0
1.6827087621578456,0.6869699460753993,0.3506521948257892,0,0,1,0.8824436941098722,0,1,0,1,0,0,0
0.6594716778105247,-0.9910973000292308,-0.3701424829118142,1,0,1,0.2921803535681517,0,1,0,0,0,1,0
0.3940752451696087,-1.0942250458414962,-0.3701424829118142,0,0,0,1.4727070346515927,0,0,1,0,1,0,0
-1.425799558418933,-0.8239376966165275,1.6480826147534753,1,0,1,-0.2980829869735688,0,0,1,0,1,0,0
-1.1582558775414826,1.193876899621941,0.2064932592782685,1,0,1,-0.8883463275152893,1,0,0,0,0,0,1
0.7631259902729566,1.52057717008127,1.359764743658434,0,0,1,-1.4786096680570098,0,0,1,0,0,0,1
-0.7870406372278124,-1.5758855513654633,-0.3701424829118142,1,0,1,-0.8883463275152893,1,0,0,0,0,1,0
-0.9352093890355918,-1.3011782422614555,0.2064932592782685,1,0,1,-0.8883463275152893,0,1,0,0,0,0,1
0.5894834581811489,-0.0863172098417129,-0.0818246118167728,1,1,1,-0.8883463275152893,1,0,0,1,0,0,0
-0.8901947874504091,-1.3148881414916231,0.6389700659208305,0,0,1,0.2921803535681517,0,1,0,1,0,0,0
1.1233549082840364,-0.9816468885751536,0.927287937015872,1,1,1,0.8824436941098722,0,0,1,0,1,0,0
1.2547682250573309,-0.5746442846859979,0.2064932592782685,1,1,1,0.2921803535681517,1,0,0,0,1,0,0
-0.156793097600787,-1.093823865584125,0.927287937015872,1,0,1,1.4727070346515927,0,1,0,0,1,0,0
-1.146959109710718,0.4222014417822686,-0.9467782251018968,1,0,1,0.8824436941098722,0,0,1,1,0,0,0
1.049434378631127,-1.6671802238472642,0.6389700659208305,1,0,1,0.2921803535681517,0,1,0,0,0,0,1
-1.533032617942256,-0.3414608764819092,-1.2350960961969382,1,0,1,-0.2980829869735688,0,0,1,1,0,0,0
0.6178374830876775,0.5302759145941214,-0.9467782251018968,1,0,1,0.8824436941098722,0,1,0,0,0,1,0
-1.2863060344262292,-1.0913923643720571,-1.5234139672919795,1,0,1,-0.2980829869735688,0,0,1,0,1,0,0
1.7309744183019582,-1.1422759751026472,1.5039236792059545,1,1,0,-0.2980829869735688,1,0,0,0,1,0,0
-1.2315296456773632,-0.4964141344985932,0.6389700659208305,1,1,1,-1.4786096680570098,0,1,0,0,0,0,1
1.7169612520996744,0.4062798183505937,0.2064932592782685,1,0,0,0.2921803535681517,0,0,1,0,0,1,0
-0.5243088620370542,0.9823607138398804,-0.5143014184593349,0,0,0,-0.8883463275152893,0,1,0,0,0,1,0
-1.4940458336957787,-0.5604808773388023,-1.3792550317444587,1,0,1,0.8824436941098722,0,0,1,0,0,1,0
-0.6384493345622412,-1.1486495084088857,0.927287937015872,0,0,1,1.4727070346515927,0,1,0,0,1,0,0
-0.4346073513686501,0.7036206710182968,-0.8026192895543761,1,0,1,-0.8883463275152893,0,1,0,0,0,1,0
1.5426460880301565,-1.538506016950389,-0.3701424829118142,0,0,1,1.4727070346515927,0,0,1,0,1,0,0
1.6335117694292118,-1.4261999645542631,-1.5234139672919795,1,0,1,0.2921803535681517,1,0,0,1,0,0,0
0.477102176982279,1.3902354487233215,1.2156058081109131,0,0,1,-1.4786096680570098,1,0,0,0,0,1,0
-1.6747337545797505,-0.6670273766486668,-1.5234139672919795,0,0,1,1.4727070346515927,0,0,1,0,1,0,0
-0.2708300882832499,-1.1056674044865211,-0.9467782251018968,0,0,1,-0.8883463275152893,0,1,0,1,0,0,0
-0.383642543826805,-0.6578455815408296,-0.2259835473642935,1,0,1,-0.8883463275152893,0,0,1,0,0,0,1
-1.3212915207540232,-0.737935115008051,-1.6675729028395,1,1,1,0.8824436941098722,0,1,0,0,0,0,1
-0.650539463187227,0.5464975510878307,0.927287937015872,1,0,1,-0.2980829869735688,0,1,0,0,0,1,0
-0.2027304122835969,1.6437569517141468,-1.6675729028395,0,0,1,-1.4786096680570098,1,0,0,0,0,0,1
1.272713701283148,-0.9535119426995052,-0.3701424829118142,1,0,1,1.4727070346515927,0,0,1,1,0,0,0
0.9564559429431118,0.5980928207097577,1.0714468725633923,1,0,1,-0.8883463275152893,1,0,0,1,0,0,0
-0.8772595571098395,-1.2194107287612297,-0.9467782251018968,1,0,1,1.4727070346515927,0,1,0,0,0,1,0
1.6087019976359995,-1.057735085040593,-1.5234139672919795,1,0,1,0.8824436941098722,0,0,1,0,0,1,0
1.7107006006148384,0.2094747381801394,0.2064932592782685,1,1,1,0.2921803535681517,0,1,0,0,1,0,0
-0.5158319744205339,1.0005952286684008,1.0714468725633923,1,1,1,-1.4786096680570098,0,0,1,0,0,0,1
-1.0235483887747894,-0.7049127470404267,0.2064932592782685,1,1,0,1.4727070346515927,0,0,1,0,0,0,1
-1.266109828121153,0.6464472515569203,0.0623343237307478,1,1,0,-1.4786096680570098,1,0,0,1,0,0,0
-0.6235134552623303,-0.615955385623311,0.0623343237307478,1,0,1,0.2921803535681517,0,0,1,0,1,0,0
-1.473237359821249,0.393197853436312,-0.6584603540068555,0,0,0,0.8824436941098722,0,1,0,0,1,0,0
-0.1971337692895773,0.9518151978960268,1.6480826147534753,0,0,1,1.4727070346515927,0,0,1,0,0,1,0
-0.8572444440295313,1.5760760980336188,0.6389700659208305,1,0,1,1.4727070346515927,0,0,1,0,0,0,1
1.0572300107830437,1.1385698404883358,1.0714468725633923,1,0,1,-1.4786096680570098,1,0,0,1,0,0,0
-0.752486325244704,-1.2996711999033306,-0.3701424829118142,1,0,1,-1.4786096680570098,0,0,1,1,0,0,0
0.7020372091178929,1.405672167322174,0.927287937015872,1,0,1,0.2921803535681517,1,0,0,1,0,0,0
-0.6300155643801899,-1.6859589484162183,-0.3701424829118142,1,1,1,-0.2980829869735688,0,1,0,0,1,0,0
-1.2768805632514006,1.1020031321599353,-0.8026192895543761,0,0,1,-0.2980829869735688,0,1,0,0,1,0,0
1.2400565564166564,-1.527750897528861,-1.0909371606494176,1,1,0,-1.4786096680570098,0,0,1,0,0,0,1
-0.6518329862212839,-0.2908144853817646,1.0714468725633923,1,0,1,1.4727070346515927,1,0,0,1,0,0,0
-1.0379496118872904,1.2644881134432682,0.2064932592782685,0,0,1,0.8824436941098722,1,0,0,0,0,0,1
-0.1326214638377092,0.5180765462460565,1.0714468725633923,1,1,1,-0.8883463275152893,1,0,0,0,1,0,0
-0.3291766006061129,1.660564660236016,-1.6675729028395,1,0,1,-0.2980829869735688,0,1,0,1,0,0,0
0.8506112648096767,-0.6982496662440859,-1.0909371606494176,1,0,1,-1.4786096680570098,0,1,0,0,1,0,0
0.8320880149619809,0.5300875342993557,-0.2259835473642935,0,0,1,-0.8883463275152893,0,0,1,0,1,0,0
0.0058372417277489,-1.6433291854155454,1.6480826147534753,1,0,1,0.2921803535681517,0,1,0,0,0,1,0
1.6005700494952275,0.2125376622320701,-1.2350960961969382,1,0,1,-0.8883463275152893,0,0,1,0,0,0,1
-0.0698942201728396,1.610085718286774,1.359764743658434,0,0,1,0.2921803535681517,0,0,1,0,0,1,0
1.7232046566107224,0.166429840826187,-0.5143014184593349,1,0,1,-0.2980829869735688,0,1,0,1,0,0,0
-1.612937847499402,0.8087682722133278,0.4948111303733098,1,0,1,0.2921803535681517,1,0,0,1,0,0,0
0.582593292153072,0.0316437399213594,1.6480826147534753,1,0,1,0.2921803535681517,0,1,0,0,1,0,0
-0.4942387632386761,1.3688054459317394,0.2064932592782685,0,0,1,-0.8883463275152893,0,1,0,0,0,0,1
-0.6389839907496517,-0.2123296729440287,0.4948111303733098,1,0,1,-0.2980829869735688,1,0,0,0,0,1,0
1.0131122518348077,0.801567958724507,0.2064932592782685,1,1,1,-0.8883463275152893,0,0,1,0,0,0,1
-0.6866546262980978,-0.4376987874393198,0.0623343237307478,0,0,1,-1.4786096680570098,0,0,1,0,1,0,0
-0.836539451997726,-1.3213174911814956,0.927287937015872,0,0,0,0.2921803535681517,1,0,0,0,1,0,0
-0.8263809844369319,0.1477906572163183,1.6480826147534753,1,0,1,0.8824436941098722,0,1,0,1,0,0,0
1.4272293394447004,1.1878766383812578,-0.5143014184593349,1,0,1,-1.4786096680570098,1,0,0,0,0,1,0
-1.670085695144039,-1.3724766953062797,0.7831290014683512,1,1,1,-1.4786096680570098,0,0,1,1,0,0,0
-1.197587601263708,-1.3972940548796666,1.6480826147534753,0,1,1,-0.2980829869735688,1,0,0,1,0,0,0
0.3243716006077253,-0.4446583927737177,0.0623343237307478,1,1,1,-0.2980829869735688,0,1,0,0,1,0,0
1.179045386643636,-0.8086858697884636,-0.9467782251018968,0,0,0,-0.2980829869735688,1,0,0,0,0,0,1
0.3222502228318719,1.4596989381561685,1.5039236792059545,1,0,1,-1.4786096680570098,1,0,0,1,0,0,0
-0.9672801367933112,0.5852480754259217,-0.2259835473642935,0,1,1,-1.4786096680570098,0,1,0,1,0,0,0
-1.5116032530113788,-0.7464645561321626,-0.5143014184593349,1,0,1,1.4727070346515927,0,0,1,1,0,0,0
-1.0008513712705365,-1.0010988982716962,1.6480826147534753,0,1,1,-1.4786096680570098,1,0,0,0,0,0,1
1.031031857599943,-0.253522164066119,-1.5234139672919795,1,0,1,0.8824436941098722,0,0,1,0,0,0,1
-0.908209251571376,0.4013609995428236,-1.0909371606494176,1,0,1,-1.4786096680570098,0,1,0,0,1,0,0
1.0875070732668703,-0.3496065799685353,-0.9467782251018968,1,0,1,-0.2980829869735688,0,1,0,0,1,0,0
0.6352224326654035,1.168661848315161,1.359764743658434,1,0,1,1.4727070346515927,0,1,0,1,0,0,0
1.590316723578603,-1.2250237638404506,0.6389700659208305,1,1,1,-0.8883463275152893,0,0,1,0,0,0,1
0.3606419864826828,0.6481531397817424,0.3506521948257892,1,0,1,0.2921803535681517,1,0,0,0,0,0,1
0.8830441990169317,-1.1804474044605326,1.0714468725633923,1,0,1,-0.2980829869735688,0,1,0,0,0,1,0
0.1761166139310088,1.227649300244651,-1.2350960961969382,0,0,0,0.2921803535681517,0,0,1,0,0,0,1
0.6993811751546289,0.7131129447600997,-0.3701424829118142,1,0,1,-0.8883463275152893,0,1,0,0,0,1,0
-0.529241496540258,-1.4460287348403371,0.4948111303733098,1,1,0,-0.8883463275152893,0,0,1,0,1,0,0
1.2115818026936152,-0.4804297176353296,1.6480826147534753,1,0,1,-1.4786096680570098,0,0,1,0,0,1,0
0.7196722398155362,-0.7706400272937552,-0.5143014184593349,1,0,1,-0.2980829869735688,0,0,1,0,0,0,1
0.6963802017156172,-1.1887849767659018,0.3506521948257892,1,1,0,-0.8883463275152893,0,0,1,0,1,0,0
1.3516531003081982,-1.707162197149286,-0.2259835473642935,1,0,1,0.2921803535681517,0,1,0,0,0,1,0
1.532444503034894,0.4868437910787061,-0.5143014184593349,0,0,1,1.4727070346515927,1,0,0,0,0,1,0
0.8001638664814549,-1.443119305843401,-0.5143014184593349,0,0,1,0.8824436941098722,1,0,0,0,1,0,0
0.7341941917445493,-0.971620870664848,-0.6584603540068555,1,0,1,-0.8883463275152893,1,0,0,0,1,0,0
-0.5184276439755418,1.1923035753082505,-0.2259835473642935,1,0,1,-0.8883463275152893,0,1,0,0,1,0,0
0.8176522979019049,-1.4875596127882105,0.7831290014683512,1,0,1,-1.4786096680570098,0,0,1,1,0,0,0
-0.051690039340211,0.410745129041335,-1.2350960961969382,0,0,1,-0.8883463275152893,0,0,1,1,0,0,0
0.9994871425427404,1.3137774687163049,1.6480826147534753,1,0,0,-1.4786096680570098,1,0,0,1,0,0,0
1.1132654286183914,-1.7125135929302218,0.4948111303733098,0,0,1,0.8824436941098722,1,0,0,0,0,1,0
1.2720928102268003,0.38990468680189,1.0714468725633923,1,0,0,1.4727070346515927,0,1,0,0,0,0,1
1.0737353646976109,-0.5090984076794808,0.2064932592782685,0,0,1,-0.8883463275152893,0,0,1,0,1,0,0
-0.3630755275852992,-1.553782263446293,-1.5234139672919795,0,0,1,1.4727070346515927,0,0,1,0,0,1,0
-0.4215255217508871,-1.2937860599538924,1.5039236792059545,1,0,1,-0.8883463275152893,0,1,0,0,0,0,1
1.3878803687486871,0.0298262189292688,-0.9467782251018968,1,1,1,-1.4786096680570098,0,0,1,0,0,1,0
-0.206938673887729,-1.4818384334656975,-0.6584603540068555,1,0,1,0.2921803535681517,0,0,1,0,1,0,0
0.5956578747970475,-0.2694856497855199,1.359764743658434,1,0,1,-0.8883463275152893,1,0,0,0,1,0,0
1.1287014701581384,-1.071947331723469,-0.2259835473642935,0,0,1,-0.2980829869735688,1,0,0,0,0,0,1
-0.0818549964944196,0.7768587433944117,0.6389700659208305,1,0,1,-0.2980829869735688,1,0,0,0,0,0,1
-1.1949919317087003,-1.6996653591224085,-0.3701424829118142,1,0,0,-1.4786096680570098,0,1,0,0,0,1,0
1.4056619987235237,-1.6082450997774305,0.2064932592782685,1,0,1,-0.8883463275152893,0,1,0,0,0,1,0
0.2343165269766791,-0.6293548062195128,-1.5234139672919795,1,0,1,1.4727070346515927,1,0,0,0,0,1,0
-0.1843192677655194,0.507335380920437,-0.3701424829118142,1,0,1,-0.8883463275152893,0,0,1,0,0,1,0
-0.2180715954675126,-1.6360556129232051,-0.9467782251018968,1,0,1,-0.8883463275152893,0,0,1,0,0,0,1
0.9315858067416432,1.145341065527968,-1.2350960961969382,1,0,0,1.4727070346515927,0,1,0,1,0,0,0
1.1222424784747471,0.72204705466556,-1.2350960961969382,1,0,1,-1.4786096680570098,0,1,0,0,0,1,0
-1.659772004819158,-0.770437692903081,1.5039236792059545,1,1,1,0.2921803535681517,1,0,0,0,0,0,1
-0.325209796635005,-0.2478323814594006,-0.2259835473642935,0,0,1,-0.8883463275152893,1,0,0,1,0,0,0
0.3935405889821985,0.8784794468485522,-0.9467782251018968,0,0,1,-0.8883463275152893,1,0,0,0,0,0,1
0.9492122139523926,0.2787568243661755,-0.5143014184593349,1,0,1,1.4727070346515927,0,0,1,1,0,0,0
0.3378846045701739,0.7031253006135431,1.359764743658434,0,0,1,0.2921803535681517,0,0,1,0,0,0,1
-0.8891944629707386,1.219084973880768,0.6389700659208305,1,0,0,-1.4786096680570098,0,0,1,0,0,1,0
1.3655714081546513,-1.24599328146705,0.6389700659208305,1,0,1,-0.8883463275152893,0,1,0,0,0,0,1
-0.3591345940748722,-0.8541099404948269,-1.6675729028395,1,0,1,0.8824436941098722,1,0,0,1,0,0,0
-0.0027517512183889,0.6729739878791065,1.6480826147534753,1,0,0,0.8824436941098722,0,0,1,0,0,0,1
-0.7324539651906083,1.5744190491444765,-0.6584603540068555,1,1,1,-1.4786096680570098,1,0,0,1,0,0,0
1.1163698839001284,-1.1332790717655985,-0.2259835473642935,1,1,1,1.4727070346515927,0,1,0,0,0,1,0
1.5360318735826786,0.1079656674932677,-0.6584603540068555,1,0,1,-1.4786096680570098,1,0,0,0,1,0,0
1.4720542243182209,1.5095220375977074,0.3506521948257892,1,1,1,-0.8883463275152893,0,1,0,0,1,0,0
-0.0960665028952589,-1.6415988775228831,-0.9467782251018968,1,0,0,0.2921803535681517,0,1,0,0,0,0,1
0.6922064340590599,1.116487483713028,-1.6675729028395,0,0,1,-0.2980829869735688,0,1,0,1,0,0,0
0.9071640918586475,1.544934044489674,-0.8026192895543761,1,0,1,-0.2980829869735688,0,0,1,0,0,0,1
0.5412695429583985,-0.1139288771207903,0.2064932592782685,1,1,1,-0.8883463275152893,0,1,0,0,1,0,0
-0.8170676185917217,1.591366298625431,-0.2259835473642935,1,0,1,0.2921803535681517,0,1,0,0,0,0,1
0.6089207976395783,-0.7635862318119745,0.3506521948257892,0,0,0,-0.2980829869735688,1,0,0,0,1,0,0
-0.908329980387888,-1.0817117103354887,-0.0818246118167728,1,1,1,-1.4786096680570098,1,0,0,0,1,0,0
-0.3239852614960976,1.734322522684725,-0.2259835473642935,0,0,1,1.4727070346515927,0,1,0,0,0,1,0
-0.7389733212822555,0.4564133964260984,-0.9467782251018968,1,0,1,1.4727070346515927,0,0,1,0,0,0,1
0.9498503519825277,-0.5889123477525079,-0.9467782251018968,1,0,1,1.4727070346515927,0,0,1,0,0,1,0
-0.7353083393524275,-0.852438937509776,0.7831290014683512,1,0,1,0.2921803535681517,0,1,0,0,0,1,0
-0.5941849763368117,-1.369504472877755,-1.5234139672919795,1,0,1,-0.2980829869735688,1,0,0,0,1,0,0
1.599423125738364,-0.7229588815741812,-0.0818246118167728,1,0,1,0.2921803535681517,1,0,0,1,0,0,0
0.8716870667779117,-0.5532910294219131,-1.0909371606494176,1,0,1,-1.4786096680570098,0,1,0,0,1,0,0
1.514188581280903,0.7969317103588857,1.2156058081109131,0,1,1,1.4727070346515927,0,0,1,0,1,0,0
-0.9764124094137532,-1.656327425754376,1.359764743658434,0,1,1,0.8824436941098722,0,0,1,0,1,0,0
0.4075796256451637,-1.5145503227993564,0.2064932592782685,1,1,1,-0.8883463275152893,0,0,1,1,0,0,0
0.1751421599120195,0.4571041241735723,-0.5143014184593349,1,0,0,0.8824436941098722,0,1,0,0,0,0,1
-0.300641482474816,-0.7294300935517792,-0.3701424829118142,1,1,1,0.8824436941098722,0,1,0,1,0,0,0
1.086411890431369,0.5280816330124992,1.5039236792059545,1,0,1,0.8824436941098722,0,0,1,0,0,0,1
1.6630472120401794,-0.2087260276756413,-0.2259835473642935,1,0,1,1.4727070346515927,0,0,1,1,0,0,0
1.3057416560860695,-0.801119261282043,-0.8026192895543761,1,1,1,-1.4786096680570098,0,1,0,0,1,0,0
0.1732881102298711,-0.1195384236760343,-1.6675729028395,0,0,1,-0.2980829869735688,0,0,1,1,0,0,0
0.8857950913360262,0.334056906451827,-0.6584603540068555,0,0,1,1.4727070346515927,1,0,0,0,1,0,0
1.6920221280030558,1.2249596482582747,-1.3792550317444587,0,0,0,1.4727070346515927,0,1,0,0,0,0,1
-0.1145811292560613,-0.6444670920884908,-0.5143014184593349,1,0,1,0.2921803535681517,0,1,0,1,0,0,0
1.0649652785267043,1.5274111885524908,0.3506521948257892,0,0,1,0.2921803535681517,0,1,0,1,0,0,0
1.4597571320077858,-1.6344439148457657,0.0623343237307478,1,1,0,0.2921803535681517,1,0,0,0,0,0,1
0.0619847648927154,-0.9214872925893434,-0.3701424829118142,0,0,1,-0.8883463275152893,0,1,0,0,0,0,1
0.9121484672832136,0.1751302196251785,0.4948111303733098,1,0,1,0.8824436941098722,0,1,0,0,1,0,0
1.0670952797894513,0.5273455544533224,-0.9467782251018968,1,0,1,0.8824436941098722,0,0,1,0,1,0,0
-1.5005996837350009,-0.5295551122814403,-0.8026192895543761,0,0,1,-1.4786096680570098,0,0,1,0,0,1,0
0.4843459059729981,0.3381140598372429,-0.2259835473642935,1,1,1,1.4727070346515927,0,1,0,0,1,0,0
1.5780023842943804,-0.4723642502001778,-0.6584603540068555,1,0,1,-0.8883463275152893,1,0,0,1,0,0,0
0.9217119142483416,-0.0067579320190173,1.359764743658434,1,0,0,0.2921803535681517,1,0,0,0,0,0,1
-1.1891193371340818,1.506347480778509,-0.3701424829118142,1,0,1,0.8824436941098722,0,0,1,0,1,0,0
-0.6234875848016489,0.9833026153137086,1.5039236792059545,0,0,1,-1.4786096680570098,0,0,1,0,1,0,0
-0.7405772898444862,0.4189326948156868,-0.2259835473642935,1,0,1,-1.4786096680570098,0,0,1,0,0,0,1
0.7274851189412402,-0.1467244910299001,-1.2350960961969382,1,0,0,-0.2980829869735688,1,0,0,0,0,0,1
-0.4672213788006729,-0.1327006246417901,-1.5234139672919795,1,1,1,-0.2980829869735688,0,1,0,0,0,1,0
1.3090616985401486,1.697302306239296,0.4948111303733098,0,1,1,-0.2980829869735688,0,0,1,0,1,0,0
-0.4567352187379179,-0.2131320334587714,-0.5143014184593349,1,0,1,-0.2980829869735688,0,1,0,0,0,1,0
-1.5295659762109832,0.3784239543931164,-1.5234139672919795,0,1,1,-1.4786096680570098,0,0,1,1,0,0,0
0.4000685685607396,-1.2439210982246276,-0.5143014184593349,1,0,1,-1.4786096680570098,0,1,0,0,0,0,1
-1.5294624943682589,-1.0493730930673844,0.3506521948257892,0,0,0,-0.2980829869735688,0,0,1,1,0,0,0
-0.1119250952927977,0.0609787380451447,-1.3792550317444587,1,0,1,0.2921803535681517,0,0,1,0,0,0,1
-0.7562116715827879,1.2733943151569116,0.927287937015872,1,0,1,0.8824436941098722,0,1,0,0,0,1,0
0.7531141219893559,1.1267995605894594,-0.6584603540068555,1,1,1,0.8824436941098722,0,1,0,1,0,0,0
1.107694656085053,-1.1270485679424234,0.2064932592782685,1,0,1,-0.2980829869735688,0,0,1,0,0,0,1
-1.3867696567379872,1.2459814937445313,1.5039236792059545,0,0,0,0.8824436941098722,1,0,0,0,1,0,0
0.7398080817123563,0.7192841436756637,0.927287937015872,1,1,1,-0.8883463275152893,1,0,0,1,0,0,0
1.659045914121497,1.3790826375683989,-0.8026192895543761,1,0,1,0.2921803535681517,0,1,0,1,0,0,0
-0.4400746420592639,-1.0003244459487706,-1.0909371606494176,1,0,1,0.8824436941098722,0,1,0,0,0,1,0
-1.0975206593490607,0.6776625641043849,1.0714468725633923,1,1,1,0.8824436941098722,0,0,1,0,0,0,1
0.2933356712772519,-0.0916965138144655,-1.2350960961969382,1,0,1,0.8824436941098722,0,0,1,1,0,0,0
0.3949030999114051,0.1527862235515853,-1.3792550317444587,0,1,1,0.2921803535681517,0,0,1,0,0,0,1
0.2389128454910281,-1.0051490746091578,-0.6584603540068555,1,0,1,0.8824436941098722,0,1,0,0,1,0,0
-0.7202258607753229,0.4594693434300744,1.0714468725633923,1,0,1,1.4727070346515927,0,1,0,0,0,0,1
1.580606677336282,0.3734283880578494,-0.2259835473642935,1,0,1,0.2921803535681517,0,0,1,0,0,0,1
0.9589222601947138,-0.5398253268701457,-1.0909371606494176,0,0,1,1.4727070346515927,1,0,0,1,0,0,0
0.4194714140715941,0.843022089144883,-0.8026192895543761,0,1,1,-0.2980829869735688,1,0,0,0,0,0,1
1.4973555348643754,1.2990524090087892,0.7831290014683512,1,1,1,-0.2980829869735688,0,1,0,0,1,0,0
-1.4692791793370346,-0.3161725661716084,-0.2259835473642935,1,1,1,-0.2980829869735688,0,0,1,0,0,0,1
1.5455349561395508,1.008144394554935,-0.2259835473642935,1,0,1,-0.8883463275152893,1,0,0,0,0,1,0
1.695126583284793,-1.3839120769033506,-1.5234139672919795,1,1,1,1.4727070346515927,0,0,1,1,0,0,0
-0.0928671892576913,-0.1918590142461606,1.0714468725633923,1,0,1,-0.8883463275152893,0,0,1,0,0,1,0
1.5665848876471045,-0.3921526183937566,-0.0818246118167728,1,0,1,-0.8883463275152893,0,1,0,0,0,0,1
-0.1044399086690544,0.9885144701355586,-0.2259835473642935,0,0,1,-0.2980829869735688,0,0,1,0,0,0,1
1.3065263933933973,0.1301701226077751,-0.8026192895543761,0,0,0,-0.2980829869735688,0,0,1,0,0,1,0
-0.170952863080264,-0.566990463080149,0.7831290014683512,1,0,1,-1.4786096680570098,1,0,0,0,1,0,0
-1.399635899183407,0.9252605533820234,1.5039236792059545,0,1,1,0.8824436941098722,0,0,1,1,0,0,0
-1.596941279311564,1.253174830185397,-1.5234139672919795,1,0,1,0.2921803535681517,0,1,0,0,0,0,1
-0.5038539511251664,-1.2111185072675634,0.0623343237307478,0,0,1,-0.2980829869735688,0,0,1,0,0,0,1
0.9259029288786862,-1.1776635623267735,0.2064932592782685,0,0,1,-1.4786096680570098,1,0,0,0,0,0,1
1.313183725275344,-1.504377786882011,-1.0909371606494176,0,0,0,-1.4786096680570098,1,0,0,0,1,0,0
-1.0748581357923823,-1.4150611074952495,-1.5234139672919795,1,1,0,-0.8883463275152893,0,0,1,0,0,1,0
0.8424965636426924,1.3329887702584249,0.7831290014683512,1,0,1,-0.2980829869735688,0,0,1,0,1,0,0
1.3874319474302137,0.9926344169525628,-0.3701424829118142,1,1,1,1.4727070346515927,0,0,1,1,0,0,0
-0.9744462544019868,-0.93790777494975,-0.0818246118167728,1,0,1,1.4727070346515927,1,0,0,0,0,0,1
1.5608761393234665,0.8662382162127616,-0.3701424829118142,1,0,1,0.2921803535681517,0,0,1,0,0,0,1
0.3403940392562443,-0.4170327713987319,-0.3701424829118142,1,0,1,1.4727070346515927,0,1,0,0,1,0,0
-0.6864390391257549,1.5627185397251433,0.927287937015872,1,0,0,-1.4786096680570098,0,0,1,1,0,0,0
1.5214323102716227,-1.6496085285744009,-0.9467782251018968,1,0,1,-0.2980829869735688,1,0,0,0,0,0,1
0.6030137091173845,0.8497968027084923,-1.3792550317444587,1,0,0,-0.2980829869735688,0,1,0,0,0,0,1
-0.3412063648228426,-0.6290896783972498,0.7831290014683512,1,0,1,0.2921803535681517,0,1,0,1,0,0,0
-0.067514137790175,-0.1955812693297709,-0.2259835473642935,1,0,1,-1.4786096680570098,0,1,0,0,1,0,0
1.360647397138341,-0.9608901709111598,0.3506521948257892,1,1,0,-1.4786096680570098,0,1,0,0,0,0,1
1.4482878944391473,-1.3034108976068266,-1.2350960961969382,1,0,1,-1.4786096680570098,0,0,1,1,0,0,0
0.3095478266374324,1.4472344419858412,1.0714468725633923,1,0,1,-0.2980829869735688,1,0,0,0,1,0,0
0.6849023406600846,-0.4154210733212924,0.7831290014683512,1,0,1,0.8824436941098722,1,0,0,1,0,0,0
-0.0893574300919503,1.367636790399397,-1.5234139672919795,1,0,1,-1.4786096680570098,1,0,0,1,0,0,0
0.9469442368993464,-0.118034869841886,1.5039236792059545,1,1,1,0.2921803535681517,1,0,0,1,0,0,0
1.504099101615259,-1.7060144727608064,1.5039236792059545,1,0,0,-1.4786096680570098,0,0,1,0,1,0,0
1.6530180967827917,-0.1562690926313602,-1.5234139672919795,1,1,1,-0.8883463275152893,1,0,0,1,0,0,0
1.3180818658309723,1.0128050625883969,1.359764743658434,1,0,0,0.2921803535681517,0,0,1,0,0,0,1
1.1055991487698809,-1.1823032992163722,1.2156058081109131,1,1,1,-0.2980829869735688,0,1,0,0,1,0,0
-0.5531285552358433,-1.569944595032391,0.927287937015872,1,1,1,0.2921803535681517,0,1,0,0,0,0,1
-1.6819688600835756,-0.1246281801586839,-0.0818246118167728,1,0,0,1.4727070346515927,0,0,1,1,0,0,0
1.3418395722231524,-1.7204081226904937,-0.2259835473642935,0,0,1,-0.8883463275152893,1,0,0,0,0,0,1
1.2586315471857143,-0.4577612888318623,0.4948111303733098,1,1,1,-0.2980829869735688,0,0,1,1,0,0,0
-0.2081459620528489,-0.7357792071901772,0.4948111303733098,1,0,1,-0.2980829869735688,0,0,1,0,0,0,1
-1.4296542570604227,0.8190001130382847,0.927287937015872,1,0,1,0.2921803535681517,0,0,1,0,1,0,0
0.9447107537938744,-1.0706356467080635,-0.5143014184593349,1,1,1,1.4727070346515927,0,1,0,0,0,0,1
1.5735440415703306,0.6156052110750098,1.0714468725633923,1,0,0,0.2921803535681517,0,0,1,0,1,0,0
-1.6750959410292865,0.8149080744130972,-0.5143014184593349,1,0,1,-1.4786096680570098,0,1,0,1,0,0,0
1.6580887070762944,0.4025819829348233,-0.6584603540068555,1,0,1,-1.4786096680570098,0,1,0,1,0,0,0
1.391778184824645,-0.8108801513700857,-0.0818246118167728,1,0,1,-0.2980829869735688,0,0,1,0,0,0,1
-0.9980228675693984,0.8874065797060581,-0.8026192895543761,1,0,1,1.4727070346515927,1,0,0,0,0,1,0
-1.0543256134984518,-0.1808701637181639,-1.2350960961969382,1,0,1,0.8824436941098722,0,1,0,1,0,0,0
-0.4724213413975821,0.6159191782329524,1.0714468725633923,1,0,1,0.2921803535681517,1,0,0,0,1,0,0
-0.0877189675821447,-0.7287707625200995,0.7831290014683512,1,0,1,1.4727070346515927,1,0,0,0,0,0,1
-1.3606663619107175,0.2849001150899221,0.3506521948257892,0,0,1,0.2921803535681517,0,0,1,1,0,0,0
0.4612953255061029,0.4311529943076144,1.2156058081109131,1,0,1,0.2921803535681517,0,0,1,1,0,0,0
1.473502970116365,-0.3173342446559966,1.5039236792059545,1,0,1,-1.4786096680570098,0,1,0,0,0,0,1
0.9024039270933178,0.9034572785248872,-0.8026192895543761,1,1,1,1.4727070346515927,1,0,0,1,0,0,0
0.5211250775746848,1.612831186656785,-0.5143014184593349,1,1,1,0.8824436941098722,0,1,0,1,0,0,0
-0.4036576569071133,-1.5289439727290437,-0.0818246118167728,1,0,1,0.8824436941098722,0,1,0,0,0,1,0
0.1972700272812873,-0.2617481036042193,-1.2350960961969382,1,0,1,-0.8883463275152893,0,1,0,1,0,0,0
0.0586043580303797,1.0221647724190683,1.6480826147534753,1,0,1,0.2921803535681517,0,0,1,0,0,0,1
0.984447781400105,-0.5328657215357478,1.0714468725633923,1,0,1,-0.8883463275152893,0,0,1,0,0,1,0
1.2470588277743513,1.6855320263404197,-1.6675729028395,0,0,1,-0.2980829869735688,1,0,0,0,0,1,0
-0.0845713948659394,-0.9510141595318714,-0.0818246118167728,0,1,1,0.8824436941098722,0,1,0,0,0,0,1
0.1980030236672529,0.5347133170930458,0.4948111303733098,1,0,1,-0.8883463275152893,1,0,0,0,0,0,1
-0.8151618279882111,-0.4052485374039468,0.0623343237307478,1,0,1,0.2921803535681517,0,1,0,0,0,1,0
1.0380944933658949,-0.780550923912815,-1.6675729028395,0,0,1,-0.2980829869735688,1,0,0,0,1,0,0
-0.0528369630970752,0.6322105852062044,-1.2350960961969382,0,0,1,-0.2980829869735688,1,0,0,1,0,0,0
-0.2257551222898113,0.9329946110393468,-1.2350960961969382,1,0,1,0.2921803535681517,0,0,1,0,1,0,0
1.1962147490490185,1.0452901978635412,1.5039236792059545,0,0,0,0.8824436941098722,0,1,0,0,0,0,1
1.6440669173871174,0.915527571485798,0.0623343237307478,1,0,1,0.8824436941098722,0,1,0,0,1,0,0
0.8016557297140672,0.1166660462922592,-0.3701424829118142,1,0,1,-1.4786096680570098,0,1,0,1,0,0,0
1.3711852981224582,0.7469586043863294,-0.3701424829118142,1,0,1,0.2921803535681517,0,1,0,0,1,0,0
-0.9517837308453084,-0.7693667160420985,1.359764743658434,0,0,1,-1.4786096680570098,1,0,0,0,0,0,1
0.7518292224421925,-1.6196386190867755,-0.2259835473642935,0,0,0,-0.2980829869735688,1,0,0,1,0,0,0
-1.4941234450778222,-1.5736982468317957,-0.8026192895543761,1,0,1,0.2921803535681517,0,0,1,0,0,1,0
-1.156884743125382,0.4986524447413312,-0.3701424829118142,1,0,0,0.8824436941098722,1,0,0,0,0,0,1
1.6598306514288248,-0.2772964549703401,1.359764743658434,1,0,1,1.4727070346515927,0,1,0,0,0,0,1
-1.5695099675026625,0.4129149909551172,-0.3701424829118142,1,1,1,1.4727070346515927,1,0,0,0,1,0,0
-0.5887521795937726,-1.0217265405485356,0.6389700659208305,1,0,1,1.4727070346515927,1,0,0,0,0,1,0
-0.4609865977765183,-1.683565820967899,-1.2350960961969382,0,0,1,0.8824436941098722,0,0,1,0,1,0,0
1.6634093984897154,1.3054015226471871,0.927287937015872,1,0,0,0.8824436941098722,0,0,1,1,0,0,0
-1.7062957166107404,0.8954057651856441,1.6480826147534753,1,1,0,1.4727070346515927,0,1,0,0,1,0,0
-0.2024889546505732,-0.0057357944937147,-0.0818246118167728,0,0,0,0.8824436941098722,0,1,0,0,0,1,0
-0.3133093847216807,0.3915442930711466,0.0623343237307478,1,0,1,-1.4786096680570098,0,0,1,0,0,1,0
-1.6945332804877158,0.8748688245322104,-0.8026192895543761,0,0,1,0.8824436941098722,1,0,0,0,0,1,0
-1.4684944420297068,1.0125294691942024,-0.0818246118167728,1,0,1,1.4727070346515927,1,0,0,0,0,0,1
-0.7408877353726596,1.3296537413362772,-0.2259835473642935,1,0,1,1.4727070346515927,0,0,1,0,0,0,1
1.5932400856355715,-1.0640632675351285,1.2156058081109131,1,0,1,0.8824436941098722,1,0,0,0,0,1,0
1.7027324987250476,0.5747790149705191,-1.5234139672919795,0,0,0,0.8824436941098722,0,1,0,0,0,1,0
-0.9412027124267224,-0.1947056498115082,1.5039236792059545,1,0,1,1.4727070346515927,0,0,1,0,0,1,0
-1.0553431849519097,1.1510901530422974,-1.5234139672919795,1,1,1,-1.4786096680570098,0,0,1,0,0,0,1
0.9316116772023242,-0.374765814891682,1.5039236792059545,1,0,1,0.2921803535681517,1,0,0,0,0,0,1
1.0390861943586711,-1.444228656468132,-1.3792550317444587,0,0,1,0.2921803535681517,0,1,0,0,0,1,0
-1.6933173688357022,1.4560324994561924,0.7831290014683512,1,0,1,-0.2980829869735688,1,0,0,0,0,0,1
-0.9442726737608844,-0.3569952737521217,-0.0818246118167728,1,0,1,-0.8883463275152893,0,1,0,1,0,0,0
-0.987700553757624,-1.3871319845342525,0.2064932592782685,0,0,1,0.8824436941098722,0,0,1,0,1,0,0
-1.69909510505449,0.5926577003533708,-0.8026192895543761,0,1,0,0.2921803535681517,1,0,0,0,0,1,0
-0.0768706210698536,1.390678491268418,-0.6584603540068555,1,1,1,0.8824436941098722,0,1,0,0,0,1,0
1.4868262573671518,-0.2359434917453013,-0.3701424829118142,1,0,0,0.8824436941098722,0,0,1,0,1,0,0
-0.1569828143124489,-0.3185796477158362,-1.2350960961969382,0,0,0,0.8824436941098722,0,1,0,0,0,0,1
-0.6166405362080407,1.0469332926567751,1.359764743658434,0,0,1,1.4727070346515927,0,1,0,1,0,0,0
1.098407160700524,0.1337179514925283,-1.5234139672919795,1,0,1,-1.4786096680570098,0,1,0,1,0,0,0
-1.1638697675092895,1.734120188294051,-0.9467782251018968,1,0,0,0.8824436941098722,1,0,0,0,1,0,0
-0.7702334612719657,-1.5284381367523576,-0.2259835473642935,0,0,1,-0.8883463275152893,1,0,0,0,0,1,0
-0.6851023986572292,-0.8666128104289029,-1.3792550317444587,1,0,0,-0.8883463275152893,0,0,1,0,0,1,0
0.2214934019657277,1.2100880705437196,-1.6675729028395,0,0,1,0.8824436941098722,0,1,0,0,0,1,0
-0.5680903049964359,0.5718556318776746,1.5039236792059545,1,0,1,-0.2980829869735688,0,1,0,1,0,0,0
-1.362899845016189,-1.6786365365881974,1.6480826147534753,1,0,1,0.8824436941098722,0,0,1,1,0,0,0
-1.0238329638422818,0.0459606423235496,-0.3701424829118142,1,0,1,-1.4786096680570098,0,0,1,0,1,0,0
-0.1314400461332703,-0.6737776705444362,1.2156058081109131,0,0,1,-1.4786096680570098,1,0,0,0,0,0,1
-0.8388505464852412,-0.042058306143715,-1.5234139672919795,1,1,0,0.2921803535681517,0,1,0,0,0,1,0
-0.8837271722801243,1.6361066186322748,1.5039236792059545,1,0,1,-0.8883463275152893,1,0,0,0,0,1,0
-1.2125752214849816,1.287648424127513,-1.5234139672919795,0,0,0,-0.2980829869735688,0,1,0,0,1,0,0
-1.307105884813865,1.6607565290547586,-0.2259835473642935,1,0,1,1.4727070346515927,0,1,0,1,0,0,0
1.357551565343498,-0.6024617748797266,-1.0909371606494176,1,0,1,1.4727070346515927,0,1,0,1,0,0,0
1.4098702603276558,-1.0541314397722057,-0.0818246118167728,1,0,1,-1.4786096680570098,0,1,0,0,0,0,1
0.160421867784451,-0.4111197232574765,0.0623343237307478,1,0,1,-0.8883463275152893,0,1,0,0,0,0,1
1.1893504534816228,1.6827481842066607,0.2064932592782685,1,0,1,0.2921803535681517,0,0,1,0,0,0,1
-0.7361103236335426,-1.338578707820393,1.6480826147534753,1,1,1,-0.8883463275152893,0,1,0,0,1,0,0
-1.4770920584627387,-0.9984057577613428,-0.6584603540068555,1,0,1,-0.2980829869735688,1,0,0,0,0,1,0
-0.6306881963578993,0.6872769361853878,0.2064932592782685,0,0,1,0.8824436941098722,0,1,0,1,0,0,0
0.7068059973701161,0.7431107624395422,-1.3792550317444587,1,0,0,0.2921803535681517,0,0,1,0,0,1,0
0.5192882748663238,1.3582770805687254,-0.8026192895543761,1,1,1,0.8824436941098722,0,1,0,1,0,0,0
-1.3926422513126058,1.4953376991066492,0.927287937015872,1,0,1,-1.4786096680570098,0,0,1,1,0,0,0
-1.279717690439432,0.2938412020433365,-1.3792550317444587,0,0,1,-1.4786096680570098,0,0,1,1,0,0,0
-0.077457018178626,1.676433955808034,-1.2350960961969382,1,1,0,-0.2980829869735688,1,0,0,0,0,0,1
-0.7636709877458498,-1.733462179412958,-0.0818246118167728,1,0,1,1.4727070346515927,0,0,1,0,0,0,1
1.3576378002124347,-0.8607904639110533,-1.6675729028395,0,0,1,0.8824436941098722,0,1,0,1,0,0,0
-0.0144710699069452,0.834907782374051,-0.2259835473642935,1,0,1,-1.4786096680570098,0,0,1,0,0,0,1
1.178941904800911,-1.0168077217407656,1.6480826147534753,1,0,1,0.8824436941098722,0,1,0,0,0,0,1
0.8799914846565572,1.7377482532302782,-0.8026192895543761,0,0,1,-0.8883463275152893,0,1,0,0,1,0,0
-0.2477191434080985,1.2006620787574824,-0.5143014184593349,1,1,1,-0.8883463275152893,0,1,0,0,0,1,0
0.8169969128979828,1.6515782224708988,-0.2259835473642935,1,0,1,-0.8883463275152893,0,0,1,0,0,0,1
1.3958570941253718,-0.8454514239835609,-0.3701424829118142,1,0,1,-0.2980829869735688,0,1,0,1,0,0,0
-1.5193385207550394,-0.0507272882269125,0.6389700659208305,0,0,1,1.4727070346515927,0,0,1,0,0,0,1
-1.6896178929582992,-1.3607622317910375,1.0714468725633923,1,0,1,0.8824436941098722,1,0,0,0,0,0,1
1.0396467210067624,-1.2316100971092945,-1.3792550317444587,1,0,1,0.8824436941098722,0,0,1,0,0,1,0
0.2839791879975732,-0.7439493303446434,0.7831290014683512,0,1,1,-0.8883463275152893,0,1,0,0,0,0,1
0.6416296834274322,-0.4166106599974977,-0.2259835473642935,1,1,1,-0.8883463275152893,0,1,0,0,1,0,0
1.1105145362992972,-0.5628495851192815,0.4948111303733098,1,0,0,0.2921803535681517,0,1,0,1,0,0,0
-1.4820936808610925,0.6990995439439214,0.6389700659208305,1,0,1,1.4727070346515927,1,0,0,1,0,0,0
-0.8687136815981699,-0.7079024120888372,-1.3792550317444587,0,0,0,1.4727070346515927,0,0,1,0,0,0,1
0.6620587238786386,0.1831398706766961,-1.0909371606494176,0,0,1,1.4727070346515927,0,0,1,1,0,0,0
1.7061646465087452,0.8680452716329212,-0.0818246118167728,1,0,1,-0.8883463275152893,0,0,1,1,0,0,0
0.5459779668023659,1.066469026928769,-0.0818246118167728,1,0,1,-1.4786096680570098,0,0,1,1,0,0,0
-1.6574781573054302,-1.3102798013178187,-1.6675729028395,1,0,1,0.8824436941098722,1,0,0,0,0,1,0
0.3965846798556794,0.9442276582457432,0.4948111303733098,1,0,1,-0.2980829869735688,0,0,1,0,0,0,1
-0.5963667185209213,-1.4888364125638442,-1.3792550317444587,1,0,1,0.8824436941098722,1,0,0,1,0,0,0
1.502598614895753,0.8000783589862673,-1.0909371606494176,0,0,1,-1.4786096680570098,0,0,1,0,0,1,0
0.4280086660963702,0.4663312700931123,0.7831290014683512,1,0,1,0.8824436941098722,0,0,1,0,0,0,1
0.8719543948716167,-1.5583312987124858,-0.8026192895543761,1,0,1,0.8824436941098722,0,1,0,0,0,0,1
1.308276961232821,-0.0255436336359257,0.4948111303733098,1,1,1,-1.4786096680570098,1,0,0,0,0,0,1
-1.5225464578795007,-0.9090088423231072,1.359764743658434,1,0,1,1.4727070346515927,0,0,1,0,1,0,0
-0.3812365909834591,-1.6721095082269652,-0.9467782251018968,0,0,0,-0.2980829869735688,1,0,0,0,0,0,1
-0.0819498548502506,-0.7073442482524945,0.7831290014683512,0,0,1,1.4727070346515927,1,0,0,0,0,1,0
1.1349534981560805,-0.6930587425660989,-0.0818246118167728,1,0,1,0.2921803535681517,0,0,1,0,0,0,1
-0.3534430927250216,-0.4095533759917398,-0.5143014184593349,0,0,0,0.2921803535681517,0,0,1,0,1,0,0
0.0773087011028436,0.217411130228137,-0.8026192895543761,1,0,1,0.8824436941098722,0,1,0,0,0,0,1
0.0850353453596106,-0.2590898483336373,0.0623343237307478,1,0,1,-0.2980829869735688,1,0,0,0,0,0,1
-1.4526530966059557,-1.083776916529957,-0.3701424829118142,0,0,0,0.8824436941098722,1,0,0,0,0,0,1
1.5341519534398496,0.6384515546013112,1.6480826147534753,1,0,0,0.8824436941098722,1,0,0,0,0,0,1
0.6459155564136074,1.069643583747968,-0.2259835473642935,1,0,1,0.8824436941098722,1,0,0,0,0,0,1
0.8878043637822612,0.9036700784874931,-0.3701424829118142,1,0,0,-0.8883463275152893,0,1,0,1,0,0,0
-0.5357436056581176,-0.7575894590952678,-0.6584603540068555,1,1,1,-1.4786096680570098,1,0,0,1,0,0,0
1.2361932342882724,-1.3813096380164027,-0.9467782251018968,0,0,1,-1.4786096680570098,0,1,0,0,1,0,0
-0.6177874599649045,-1.5713679128150646,-0.0818246118167728,1,1,1,1.4727070346515927,0,0,1,1,0,0,0
-0.6369402243558414,0.0342810640480787,-0.3701424829118142,1,0,1,-1.4786096680570098,0,0,1,0,1,0,0
0.965527851155298,-1.3814003396398085,1.6480826147534753,1,0,1,-0.2980829869735688,0,1,0,0,0,1,0
-1.3546385445720122,1.190967470625005,0.6389700659208305,1,0,1,0.2921803535681517,0,1,0,0,0,1,0
1.2846572306309405,1.1713305691576743,-0.5143014184593349,1,0,1,0.2921803535681517,1,0,0,1,0,0,0
-1.2292271746767416,-0.2768813206170604,0.6389700659208305,1,0,0,0.8824436941098722,0,1,0,1,0,0,0
1.015018042438318,-0.2322491448535082,1.6480826147534753,1,0,1,0.8824436941098722,0,0,1,1,0,0,0
0.1982099873527022,1.5659454244039994,-0.6584603540068555,1,0,0,-1.4786096680570098,1,0,0,1,0,0,0
-1.7065630447044455,1.2685941061643644,0.2064932592782685,1,0,1,0.8824436941098722,1,0,0,1,0,0,0
-1.1364039617528132,-1.3498815255063326,1.0714468725633923,1,0,1,1.4727070346515927,0,0,1,0,1,0,0
-1.7095122772220956,0.8447454199895912,0.3506521948257892,1,0,1,-0.2980829869735688,1,0,0,0,0,1,0
0.2919300429135766,-0.4358847549712061,-1.5234139672919795,0,0,1,1.4727070346515927,0,1,0,0,0,0,1
-1.5505296728496,-1.536681518910344,-1.2350960961969382,0,1,1,-1.4786096680570098,0,0,1,0,1,0,0
-0.7793053694841519,1.5604719302838637,-0.9467782251018968,1,0,1,-1.4786096680570098,0,1,0,0,1,0,0
1.3475310735730035,0.3405141643335165,-0.6584603540068555,0,0,1,1.4727070346515927,0,0,1,1,0,0,0
0.9581547698611732,-0.9126159761154718,-0.2259835473642935,0,0,0,0.8824436941098722,1,0,0,0,0,0,1
-0.617502884897412,1.391850635324738,-0.9467782251018968,1,0,1,-0.8883463275152893,0,0,1,0,1,0,0
-0.4775609395862352,-1.085210699884562,-1.0909371606494176,1,0,1,1.4727070346515927,0,0,1,0,1,0,0
1.593912717613282,-0.7824103071926316,-1.6675729028395,0,0,0,0.2921803535681517,0,1,0,1,0,0,0
0.1172095749600543,0.2991716666804091,0.4948111303733098,0,0,1,-0.8883463275152893,0,1,0,0,0,0,1
1.3889927985579762,-0.6430891251175199,-1.3792550317444587,1,1,1,0.2921803535681517,0,1,0,0,1,0,0
1.4255650064742136,-0.8441362504441785,0.6389700659208305,0,0,1,-0.8883463275152893,0,0,1,0,1,0,0
-0.3392057158635014,0.8927858836788105,-1.0909371606494176,1,0,1,0.2921803535681517,0,0,1,1,0,0,0
0.7538643653491088,0.625261445443738,-1.2350960961969382,1,1,1,-0.8883463275152893,0,1,0,1,0,0,0
-1.0567488133155851,-1.2830518716762271,0.7831290014683512,1,0,0,-0.8883463275152893,0,0,1,0,0,0,1
1.29682497063797,0.533289999310372,0.0623343237307478,0,1,1,0.2921803535681517,0,0,1,1,0,0,0
-0.8087114597917137,0.2731193696191144,-0.0818246118167728,0,0,1,0.8824436941098722,0,0,1,1,0,0,0
0.825171978473223,-1.6429698674459,1.0714468725633923,1,0,1,-0.8883463275152893,1,0,0,0,0,0,1
-0.1579486448445447,-1.4061967680693324,1.2156058081109131,1,0,1,1.4727070346515927,1,0,0,1,0,0,0
1.0517454731186424,0.7778564612518742,0.7831290014683512,0,0,1,0.8824436941098722,0,0,1,0,1,0,0
0.6081878012536124,-1.5068790585736216,-0.3701424829118142,0,0,1,0.8824436941098722,0,1,0,0,0,0,1
1.1274596880454433,-0.7544358334199316,1.0714468725633923,1,0,1,-0.2980829869735688,0,1,0,0,0,0,1
0.9595603982248484,1.2899996892881065,1.359764743658434,1,0,0,1.4727070346515927,0,1,0,0,0,1,0
-1.378361757016617,-0.8752678384161917,-0.0818246118167728,1,0,1,-0.8883463275152893,1,0,0,1,0,0,0
0.8278883768447427,0.1108157915825926,1.6480826147534753,0,0,1,-0.2980829869735688,0,1,0,1,0,0,0
0.6959145334233563,-1.160967486572173,0.927287937015872,1,0,1,0.2921803535681517,1,0,0,0,1,0,0
-0.060529113406267,1.5072056576768855,-0.0818246118167728,1,0,1,0.8824436941098722,1,0,0,1,0,0,0
-1.1938881253863052,-1.1305754656833136,-1.5234139672919795,1,0,1,1.4727070346515927,1,0,0,1,0,0,0
1.6998695010763352,0.5714300319524632,-1.0909371606494176,0,0,0,-1.4786096680570098,1,0,0,1,0,0,0
1.0682853209807837,-1.5830509796145125,-1.6675729028395,0,0,1,0.2921803535681517,0,1,0,0,0,1,0
-1.626735426529343,-0.8059369128944759,-0.5143014184593349,1,0,1,0.8824436941098722,0,1,0,1,0,0,0
1.4481930360833166,0.124166372843114,-1.5234139672919795,0,1,0,-0.2980829869735688,0,1,0,0,0,0,1
0.541623105921041,0.7391687303453719,-1.2350960961969382,1,0,0,0.8824436941098722,0,1,0,0,0,1,0
-1.699974700717649,-0.6172984673545105,-1.5234139672919795,0,0,0,-0.8883463275152893,1,0,0,0,0,1,0
-0.7538488361739106,-0.3096071640466274,-0.6584603540068555,1,0,1,-1.4786096680570098,1,0,0,0,1,0,0
0.2536762550530649,-1.7206558078928706,0.0623343237307478,1,0,1,-0.8883463275152893,0,1,0,0,0,0,1
-0.3629030578474251,-1.1700271833408102,-1.6675729028395,1,0,1,0.2921803535681517,0,0,1,0,1,0,0
-1.1359210464867653,0.918238154616037,0.3506521948257892,1,0,1,1.4727070346515927,1,0,0,0,1,0,0
0.2146463533721194,-0.4641836614737802,0.0623343237307478,1,0,0,-1.4786096680570098,0,1,0,0,0,0,1
0.926566937369502,0.99802069797327,-1.3792550317444587,1,1,1,-1.4786096680570098,0,0,1,0,0,1,0
-0.0736281899978173,-0.0817332893357487,-1.3792550317444587,0,1,1,-1.4786096680570098,0,1,0,0,1,0,0
-1.570493045008546,-1.00780732987974,0.2064932592782685,1,0,1,-0.2980829869735688,0,0,1,0,0,1,0
-1.552771779441965,-1.540623551004514,-0.6584603540068555,0,0,1,0.8824436941098722,1,0,0,0,0,1,0
-1.2830980973017678,1.1156572150064683,-1.5234139672919795,1,1,1,0.2921803535681517,1,0,0,0,1,0,0
1.7086395872472415,-0.7919514202701143,0.7831290014683512,0,0,1,-1.4786096680570098,0,0,1,0,0,0,1
-1.0044214948445336,0.0859181959577316,1.6480826147534753,0,0,1,0.8824436941098722,0,1,0,1,0,0,0
0.5684421501604888,-1.565154851611775,1.2156058081109131,0,1,0,0.2921803535681517,0,1,0,1,0,0,0
1.158323147638043,0.0349194639358956,-0.5143014184593349,1,0,1,-0.8883463275152893,0,1,0,1,0,0,0
-0.338731424084347,-0.8392174316364086,1.2156058081109131,1,0,1,0.2921803535681517,0,1,0,0,0,1,0
1.161324121077055,-0.1985325606144329,0.2064932592782685,0,0,1,-0.2980829869735688,1,0,0,1,0,0,0
1.671067054851333,0.7754703108515092,0.2064932592782685,0,0,1,1.4727070346515927,0,1,0,1,0,0,0
-0.2491678892062421,-1.42747327580592,-1.0909371606494176,1,0,1,-0.8883463275152893,0,0,1,0,0,0,1
0.6368781421489964,-0.9455999703193474,0.0623343237307478,1,0,1,0.8824436941098722,0,1,0,0,0,1,0
-1.2873063589058995,-0.1663369728293913,1.6480826147534753,0,0,1,-0.2980829869735688,1,0,0,0,0,1,0
-0.3007708347782217,-0.5073611227388642,-1.3792550317444587,1,0,1,-0.2980829869735688,0,0,1,0,1,0,0
-0.94061631531795,0.1370739115585387,0.3506521948257892,1,0,1,-0.8883463275152893,1,0,0,0,1,0,0
0.9514456970578644,0.0182757160409521,-1.5234139672919795,1,0,0,0.2921803535681517,1,0,0,0,0,0,1
-0.6973477500463021,-0.0375232249734307,-0.0818246118167728,1,0,1,-1.4786096680570098,1,0,0,0,1,0,0
-1.1101971850828192,-1.710650721126428,-0.3701424829118142,0,0,1,0.2921803535681517,0,0,1,0,0,0,1
1.2917457368575729,-0.756954547731428,-1.5234139672919795,1,0,1,0.2921803535681517,1,0,0,0,0,0,1
-0.5279824674537759,-0.2408204482653458,0.4948111303733098,0,1,1,-1.4786096680570098,1,0,0,0,1,0,0
-1.1914045611609156,-1.3178010590125366,-0.0818246118167728,1,0,0,0.2921803535681517,0,0,1,1,0,0,0
0.1762114722868398,0.1771919372956693,1.6480826147534753,1,1,1,-0.2980829869735688,1,0,0,1,0,0,0
1.1117132009775237,-1.076478924369776,0.3506521948257892,1,0,0,-0.8883463275152893,0,1,0,0,1,0,0
-0.2909745536669635,1.0415993394957253,0.4948111303733098,1,0,0,-0.8883463275152893,0,0,1,0,0,1,0
0.5047404524766298,-1.183133567922932,-0.6584603540068555,1,0,1,-1.4786096680570098,1,0,0,0,0,0,1
-1.3784997328069162,-0.0115581410115642,-0.8026192895543761,0,0,1,0.8824436941098722,1,0,0,0,0,0,1
-0.5644684405010761,-0.2484847354431263,-1.2350960961969382,1,0,1,-1.4786096680570098,1,0,0,0,1,0,0
-1.618706960231296,0.7797716609153253,1.5039236792059545,0,0,0,0.2921803535681517,1,0,0,0,1,0,0
-0.753029604919008,-0.2489661517519716,0.4948111303733098,1,0,1,0.8824436941098722,0,1,0,0,0,1,0
1.1426801424128474,0.2259928992119059,0.4948111303733098,0,1,1,0.8824436941098722,0,0,1,0,1,0,0
-0.8789066431065388,1.3729637665124923,-1.6675729028395,1,0,0,-1.4786096680570098,1,0,0,1,0,0,0
0.3119796499414596,-1.426908134921623,-1.2350960961969382,1,0,0,-1.4786096680570098,0,0,1,0,1,0,0
-1.4463148337390763,0.9876737358570672,-0.3701424829118142,1,0,1,-0.2980829869735688,0,0,1,0,0,0,1
0.5615864780799866,-0.220161409272712,1.5039236792059545,1,0,1,0.2921803535681517,0,1,0,0,0,0,1
-1.3367879267020255,1.066619033459786,-0.9467782251018968,1,0,0,0.2921803535681517,1,0,0,0,0,1,0
-1.1877395792310876,0.5106320360788361,1.2156058081109131,0,0,1,-0.8883463275152893,0,0,1,0,0,0,1
1.5304783480231277,-1.429566390192205,0.3506521948257892,0,0,1,-0.2980829869735688,0,0,1,0,0,1,0
-0.5391240125204533,0.6864292248589422,-1.2350960961969382,1,0,0,0.2921803535681517,1,0,0,0,0,0,1
-0.6720809334477225,1.0091281583164893,-1.0909371606494176,1,0,1,0.2921803535681517,0,0,1,0,1,0,0
-0.3926368406569481,0.8276900262653448,-0.6584603540068555,0,1,1,0.2921803535681517,0,0,1,0,0,0,1
0.0288705752208568,1.2579017801744248,-0.8026192895543761,1,0,1,0.8824436941098722,0,1,0,0,1,0,0
-1.3723684336254862,-1.4737171496469117,1.359764743658434,1,1,1,-0.2980829869735688,0,1,0,0,1,0,0
-0.7169920531901804,-0.8330985605805019,0.4948111303733098,0,0,0,-0.2980829869735688,0,1,0,1,0,0,0
-1.220646805217497,-1.394743943852376,1.0714468725633923,1,1,1,-0.8883463275152893,0,1,0,0,0,0,1
-0.9933058202385374,1.7386866661801297,-1.6675729028395,1,0,0,-0.8883463275152893,1,0,0,0,0,0,1
-1.2038396292616502,1.4565697321486726,1.2156058081109131,1,0,1,-0.8883463275152893,1,0,0,0,0,0,1
-0.7411119460318963,0.1645669690223933,-1.5234139672919795,1,0,1,-0.2980829869735688,0,0,1,0,1,0,0
-1.646517705463521,0.5590387947856554,-1.5234139672919795,0,0,1,-0.8883463275152893,0,0,1,0,0,0,1
-0.4753705739152321,0.358731236542151,0.0623343237307478,0,0,0,1.4727070346515927,1,0,0,0,0,1,0
-0.65598088341716,-0.9320749628599688,-0.0818246118167728,1,0,0,0.2921803535681517,1,0,0,0,0,1,0
-0.7615496099699963,1.465245691279824,-1.2350960961969382,1,0,1,-0.8883463275152893,1,0,0,0,1,0,0
0.2466222427740077,-1.382893427902025,-0.0818246118167728,1,0,1,-0.8883463275152893,0,0,1,1,0,0,0
0.6584627298439603,-0.765100251218054,-0.8026192895543761,1,0,1,1.4727070346515927,0,0,1,1,0,0,0
-0.2401908393498869,-0.3214681455689096,-1.3792550317444587,1,0,1,-1.4786096680570098,1,0,0,1,0,0,0
1.6993434683758182,-1.3250711429809,-1.6675729028395,1,0,1,-1.4786096680570098,0,0,1,0,1,0,0
1.2711356031815986,-1.2794482264078395,-0.0818246118167728,1,0,1,-0.2980829869735688,0,0,1,0,0,0,1
-0.5682196572998413,0.4787922777394628,-1.5234139672919795,1,1,1,0.8824436941098722,0,0,1,0,0,1,0
-1.133402988313801,-1.614036049579486,1.6480826147534753,1,0,1,0.2921803535681517,1,0,0,0,0,0,1
-0.8096427963762348,-0.9623134886938336,-1.2350960961969382,1,1,0,-0.8883463275152893,0,1,0,1,0,0,0
-0.1213678134414134,1.7212231151505573,-0.0818246118167728,1,0,1,1.4727070346515927,0,1,0,0,0,1,0
0.4444450321157874,-0.1554074272090061,0.2064932592782685,1,1,0,1.4727070346515927,0,0,1,1,0,0,0
0.4442121979696572,0.9999812484484236,1.359764743658434,0,1,1,-0.8883463275152893,0,1,0,0,1,0,0
1.6715240996567002,-0.1309947364169677,0.7831290014683512,0,0,1,0.8824436941098722,1,0,0,0,0,1,0
0.0224029600505719,-1.2739049618081617,-0.6584603540068555,0,0,1,-0.8883463275152893,1,0,0,0,0,1,0
-0.992805657998702,-0.0685187605103356,-0.8026192895543761,1,0,1,-0.8883463275152893,0,1,0,1,0,0,0
-0.1535420430418571,-1.089686476147235,-1.6675729028395,1,0,1,0.8824436941098722,1,0,0,1,0,0,0
-1.56597433787624,1.0544754814953556,-0.5143014184593349,1,0,1,0.8824436941098722,0,1,0,1,0,0,0
-1.0412179134200077,-1.3726406559332054,-0.6584603540068555,1,1,1,-1.4786096680570098,0,1,0,0,0,1,0
-0.7783999033603118,-0.9194569716346468,-0.5143014184593349,1,0,1,0.8824436941098722,0,1,0,1,0,0,0
0.501239316797782,-0.11478356549519,1.2156058081109131,1,1,0,-1.4786096680570098,0,1,0,0,1,0,0
-1.2068750966482371,-0.2592363663406772,1.5039236792059545,0,0,1,0.8824436941098722,0,0,1,1,0,0,0
1.3792396348811862,0.7292648107742662,0.3506521948257892,1,0,1,-1.4786096680570098,0,0,1,0,0,0,1
-0.60746514615313,-0.2101249257904752,0.2064932592782685,1,1,1,0.2921803535681517,1,0,0,0,0,0,1
-1.0500569874860637,0.3685270118699651,-0.2259835473642935,0,0,1,-0.8883463275152893,0,1,0,1,0,0,0
-1.6957491921397294,-1.7033317978223843,1.0714468725633923,1,1,0,-0.8883463275152893,1,0,0,1,0,0,0
0.454560382242113,0.3064487276967271,1.359764743658434,1,0,0,0.8824436941098722,0,1,0,0,0,1,0
-0.3658350433912877,-1.3043214023648606,-0.5143014184593349,1,0,1,0.2921803535681517,0,0,1,0,0,1,0
-0.2708128413094625,-0.0053799650480461,0.7831290014683512,1,1,1,0.8824436941098722,0,1,0,0,0,1,0
1.5472337830576124,1.5291798702089017,-0.0818246118167728,1,1,1,-0.2980829869735688,1,0,0,0,1,0,0
1.605649283275625,-0.7882326537104812,-1.6675729028395,1,0,1,0.8824436941098722,0,1,0,1,0,0,0
1.2056660906845282,1.1190724799800895,1.0714468725633923,1,1,1,1.4727070346515927,0,0,1,1,0,0,0
0.5551533568572765,0.327114743737315,-1.0909371606494176,1,0,0,1.4727070346515927,0,1,0,0,0,0,1
-0.6948986797684875,-1.0799674483469175,0.3506521948257892,1,1,1,1.4727070346515927,1,0,0,0,0,1,0
0.9611384963263978,-0.9590272991073664,0.0623343237307478,1,1,1,-1.4786096680570098,0,1,0,0,1,0,0
0.780433328468639,0.0411569448070252,-1.5234139672919795,1,0,1,0.8824436941098722,0,1,0,0,0,0,1
1.7062336344038955,0.8361392313379823,0.4948111303733098,1,1,0,-1.4786096680570098,0,0,1,0,1,0,0
1.0197695837167542,-0.9934032143781214,-1.3792550317444587,0,0,1,0.8824436941098722,0,1,0,0,1,0,0
1.253215997416462,-1.0664040671237904,-1.0909371606494176,0,0,1,1.4727070346515927,0,1,0,0,0,1,0
1.1889882670320868,1.41824829625977,-1.3792550317444587,0,0,1,-1.4786096680570098,0,1,0,1,0,0,0
0.6536163302096936,0.0502480382914568,-0.2259835473642935,1,0,1,-0.8883463275152893,0,1,0,0,1,0,0
-1.103608841096022,0.4313483516503345,0.4948111303733098,1,0,1,-0.8883463275152893,0,1,0,0,1,0,0
1.0051269029712289,-0.0716305238979461,-1.2350960961969382,1,0,1,0.2921803535681517,0,0,1,1,0,0,0
1.5307111821692585,-1.5196400792820064,0.7831290014683512,1,0,1,1.4727070346515927,0,1,0,0,0,0,1
0.3873230549318313,-0.5346971966237474,0.927287937015872,1,0,0,-0.8883463275152893,0,1,0,1,0,0,0
-1.1159318038671382,-1.155040484335009,0.3506521948257892,0,0,1,0.8824436941098722,0,0,1,0,1,0,0
1.6642717471790869,0.3620209146525959,0.6389700659208305,1,0,1,1.4727070346515927,1,0,0,0,0,0,1
-1.608996913988975,0.8688720518155038,0.7831290014683512,0,0,1,1.4727070346515927,1,0,0,1,0,0,0
0.8877784933215803,-1.0679808799614587,1.359764743658434,0,1,1,-0.8883463275152893,0,0,1,0,1,0,0
-0.74286251387132,0.2594373785807642,-0.8026192895543761,1,0,1,1.4727070346515927,0,0,1,0,1,0,0
-0.8158775774003894,-0.6949390569897784,0.6389700659208305,1,0,1,1.4727070346515927,0,0,1,1,0,0,0
0.7165505375600121,-1.3556201474487306,0.2064932592782685,1,0,1,0.8824436941098722,0,1,0,1,0,0,0
0.584128272820153,-0.0338602747974318,-1.2350960961969382,1,0,1,0.2921803535681517,1,0,0,0,0,1,0
1.4361287779190122,-1.6501457612668804,0.6389700659208305,0,0,1,0.8824436941098722,1,0,0,0,0,1,0
-0.6941829303563094,-0.5634461227193728,-0.8026192895543761,1,0,1,-0.8883463275152893,0,0,1,0,1,0,0
-1.5783490415687185,0.9943682133692024,-0.9467782251018968,1,0,1,-0.8883463275152893,1,0,0,0,0,1,0
-0.787928856377865,1.057632595694669,0.7831290014683512,0,0,1,-0.8883463275152893,1,0,0,0,0,0,1
0.5540409270479876,0.8333344580603603,-0.8026192895543761,1,0,1,-1.4786096680570098,1,0,0,0,1,0,0
-1.5704068101396087,-0.262037651094322,-1.5234139672919795,1,0,1,-0.2980829869735688,0,0,1,0,1,0,0
-1.3756022412106288,1.0409365199400682,1.359764743658434,1,0,1,-0.2980829869735688,0,1,0,1,0,0,0
1.508686796642714,-0.3769252112335326,-1.0909371606494176,1,0,0,0.8824436941098722,0,1,0,0,1,0,0
-0.7303929518230111,1.673943149688355,1.5039236792059545,1,1,1,0.2921803535681517,0,1,0,0,1,0,0
1.292935778048905,0.2106713019042991,0.927287937015872,1,0,1,-0.8883463275152893,0,0,1,0,0,0,1
0.724579003858059,-0.6695356253882319,-0.5143014184593349,1,0,1,-0.8883463275152893,0,0,1,0,0,0,1
-0.8645830313760811,-1.2955896268500748,0.4948111303733098,1,0,1,-0.2980829869735688,1,0,0,0,0,0,1
1.136678195534823,-1.1509135604700504,-0.0818246118167728,1,0,1,-0.2980829869735688,0,1,0,0,1,0,0
0.6692334649742081,-0.7961585801865473,-0.5143014184593349,1,0,1,-0.2980829869735688,0,1,0,0,0,0,1
0.8291646529050118,-0.1675753988412767,-1.3792550317444587,1,1,1,-1.4786096680570098,0,1,0,1,0,0,0
0.1889052449943857,-0.9702917430295572,0.2064932592782685,1,0,1,1.4727070346515927,0,1,0,0,0,0,1
1.3233853102706066,0.4948011142705666,-0.0818246118167728,1,0,1,1.4727070346515927,0,0,1,0,1,0,0
1.020347357338632,-0.0622324403035259,0.2064932592782685,1,0,1,-1.4786096680570098,0,0,1,0,0,1,0
0.0338032097240609,0.9921669547396258,1.5039236792059545,1,0,1,0.2921803535681517,0,1,0,0,0,0,1
1.665116848894671,-0.0303124459126786,-0.0818246118167728,0,0,1,-0.2980829869735688,1,0,0,0,1,0,0
-1.357346319456638,1.3070515944883754,1.0714468725633923,0,0,1,-0.8883463275152893,0,0,1,0,1,0,0
-0.4536307634561812,-1.4332293403682042,0.7831290014683512,0,1,1,0.8824436941098722,0,0,1,0,1,0,0
-0.8040289064084275,1.6487525180494138,0.7831290014683512,0,0,1,-1.4786096680570098,0,0,1,0,0,0,1
-0.3422153127894071,-0.5103961385989777,1.6480826147534753,1,0,0,1.4727070346515927,0,1,0,1,0,0,0
-1.4175210110009682,0.4542086492725446,1.0714468725633923,1,0,0,1.4727070346515927,0,1,0,0,0,1,0
-1.5441914099827208,-0.4613579570522954,-0.8026192895543761,1,1,1,-1.4786096680570098,0,0,1,0,1,0,0
0.4646498619077572,-0.5886786166460394,-0.6584603540068555,1,0,1,-1.4786096680570098,0,0,1,0,1,0,0
-0.8618666330045616,1.4360048833034216,-0.3701424829118142,1,0,0,-0.2980829869735688,0,0,1,1,0,0,0
1.1322026058369854,-1.664054506363745,0.4948111303733098,1,0,1,-0.8883463275152893,1,0,0,0,1,0,0
1.709105255539502,1.129827599401618,-0.5143014184593349,1,1,1,1.4727070346515927,0,0,1,0,1,0,0
-1.6741128635234028,0.8596588599918723,-1.5234139672919795,1,0,1,0.8824436941098722,0,1,0,0,0,0,1
-0.9473685055557272,0.6219508361894305,-0.2259835473642935,1,0,1,-0.8883463275152893,0,0,1,0,1,0,0
-1.68039938546892,-0.1720232669121325,1.2156058081109131,1,0,1,-0.2980829869735688,0,0,1,0,0,1,0
-0.0452827885781823,-0.8148535801800503,1.6480826147534753,0,0,1,-0.8883463275152893,0,1,0,0,0,0,1
-0.3650675530577469,-0.8897277703014446,-0.6584603540068555,1,0,1,0.2921803535681517,0,0,1,0,1,0,0
-0.1394340184837423,-1.5936212072652522,-0.0818246118167728,1,0,1,0.8824436941098722,1,0,0,1,0,0,0
0.3495608058242615,-0.7824765891481973,-0.6584603540068555,1,0,1,1.4727070346515927,1,0,0,0,1,0,0
0.7853918334325241,0.1208697176847151,-0.3701424829118142,0,0,1,-0.2980829869735688,1,0,0,0,1,0,0
1.0501932454777738,0.3133211199316963,-0.5143014184593349,0,0,0,0.8824436941098722,0,0,1,0,0,0,1
1.4917071509489932,0.7569462485328865,-0.6584603540068555,1,0,1,1.4727070346515927,1,0,0,0,0,0,1
0.7791139349739008,-1.509638481039541,0.7831290014683512,1,0,0,1.4727070346515927,1,0,0,0,1,0,0
-0.956975069955324,-1.705588872835595,-0.0818246118167728,1,0,1,-1.4786096680570098,1,0,0,1,0,0,0
1.02552144947486,-1.2218073447335258,0.3506521948257892,0,1,1,0.8824436941098722,0,1,0,0,0,0,1
0.1794970207933444,-0.013689629161598,-1.2350960961969382,0,0,0,-0.2980829869735688,1,0,0,0,0,0,1
-0.4615557479115036,-1.174645989086546,1.6480826147534753,1,0,1,-1.4786096680570098,1,0,0,0,0,1,0
-0.5551981920903345,-0.4975479047911643,0.0623343237307478,1,0,1,-1.4786096680570098,0,0,1,0,0,0,1
0.4512058458404583,-1.378236248392541,0.0623343237307478,1,1,0,0.2921803535681517,1,0,0,0,1,0,0
0.8072092552736185,-0.2533163411514675,-1.0909371606494176,1,0,1,-1.4786096680570098,0,1,0,1,0,0,0
-1.4732891007426112,-0.6910877265190138,0.3506521948257892,0,0,1,-0.2980829869735688,0,0,1,0,0,1,0
1.1401534607529893,-1.3340192069822687,-1.2350960961969382,1,0,1,0.2921803535681517,0,1,0,0,0,1,0
0.8553196886536442,-0.7735285251468286,0.927287937015872,0,0,1,-1.4786096680570098,0,1,0,0,0,0,1
-0.1734105568449722,0.9706706699924782,0.2064932592782685,1,0,1,0.2921803535681517,0,0,1,0,0,1,0
0.2837808477990178,-0.4476096840583797,0.2064932592782685,1,0,1,-0.2980829869735688,1,0,0,0,1,0,0
-0.8845464035350271,1.506134680815903,-1.6675729028395,0,0,1,-0.2980829869735688,1,0,0,1,0,0,0
-1.194793591510145,-0.8956617495865626,0.0623343237307478,0,1,0,0.8824436941098722,1,0,0,0,0,1,0
-0.2426571566014889,-0.4509447129805272,-0.6584603540068555,0,0,1,0.2921803535681517,1,0,0,1,0,0,0
0.109914105047973,0.7728678719645614,1.5039236792059545,1,0,1,1.4727070346515927,0,1,0,0,1,0,0
0.1944415235801493,-0.8864415807149769,-0.8026192895543761,0,1,1,0.8824436941098722,1,0,0,1,0,0,0
-1.1986655371254222,-1.660586913530466,1.359764743658434,1,0,1,-0.2980829869735688,0,0,1,0,0,0,1
0.3680150677768077,-1.0969321404477583,1.0714468725633923,0,0,1,0.8824436941098722,0,1,0,1,0,0,0
-0.1239462360226339,-0.94187422671176,-1.5234139672919795,0,1,1,0.2921803535681517,0,0,1,1,0,0,0
1.4601624358917906,-1.2691675462472027,-0.5143014184593349,1,0,1,1.4727070346515927,1,0,0,1,0,0,0
-0.4312959324014641,0.7682281350749631,0.0623343237307478,1,1,1,-1.4786096680570098,1,0,0,1,0,0,0
0.9666920218859496,1.413919038004137,-0.5143014184593349,0,0,1,0.2921803535681517,0,1,0,1,0,0,0
-0.9835699035355352,-1.5700178540359109,-1.3792550317444587,0,0,1,-0.2980829869735688,1,0,0,0,0,1,0
1.6866410721813792,0.9392425574824076,-0.6584603540068555,1,0,1,-1.4786096680570098,0,0,1,1,0,0,0
0.0160991911312677,-0.0304310557279014,0.7831290014683512,0,0,1,0.8824436941098722,1,0,0,0,0,0,1
1.720539999160565,0.6067931995087495,-0.2259835473642935,1,0,1,1.4727070346515927,0,0,1,0,1,0,0
1.3886133651346524,-0.0359847858995112,0.0623343237307478,0,0,1,-0.8883463275152893,0,1,0,0,0,1,0
-0.8709299177298541,-0.2548408261294785,1.5039236792059545,1,0,1,-0.2980829869735688,1,0,0,0,0,1,0
0.681409828468131,1.0557836779867835,1.2156058081109131,1,1,1,1.4727070346515927,1,0,0,0,0,0,1
-0.4607365166566007,0.6741914827471288,-0.2259835473642935,1,1,1,0.8824436941098722,0,0,1,0,0,1,0
0.1703561246860086,-0.4388813970675709,0.3506521948257892,1,0,0,-0.8883463275152893,0,1,0,0,0,0,1
0.4486532937199192,1.2808144056562922,-1.6675729028395,1,0,1,0.8824436941098722,0,1,0,0,0,0,1
1.1018479319711154,-0.4874486278773389,-0.0818246118167728,1,0,0,0.2921803535681517,0,0,1,1,0,0,0
1.084419864958921,-1.438333050946763,0.2064932592782685,1,1,1,-0.2980829869735688,0,0,1,1,0,0,0
-0.3975694751601518,0.4366857933353615,0.0623343237307478,1,0,1,-1.4786096680570098,1,0,0,0,1,0,0
0.6710271502481004,-1.3618680938917915,-0.9467782251018968,0,0,1,-1.4786096680570098,1,0,0,1,0,0,0
-0.0482233976089383,-0.7443051597903118,-1.6675729028395,1,0,1,-1.4786096680570098,1,0,0,0,0,0,1
0.2433711882150779,0.6813429569002695,0.2064932592782685,1,1,1,0.8824436941098722,0,1,0,1,0,0,0
0.8322949786474299,-1.257460059779915,-0.9467782251018968,1,0,1,-1.4786096680570098,1,0,0,0,1,0,0
0.6974495140904374,-0.0319799603737522,-1.2350960961969382,1,1,1,0.8824436941098722,0,1,0,0,0,1,0
-1.1638180265879274,1.335950527115018,-0.6584603540068555,0,0,0,0.8824436941098722,0,1,0,0,0,1,0
0.809054681468873,1.5733864460472429,1.5039236792059545,1,0,1,-0.8883463275152893,0,0,1,0,0,0,1
-1.4341988346534096,0.461597343056131,1.0714468725633923,1,0,1,-0.2980829869735688,0,1,0,0,0,1,0
-0.5494808202798026,-1.5340651259274878,0.2064932592782685,1,1,1,-1.4786096680570098,0,0,1,0,0,0,1
-0.8585207200898007,-0.973141867118882,-0.8026192895543761,0,1,1,-1.4786096680570098,1,0,0,0,0,1,0
-1.0715294698514093,0.4287563783353181,-0.0818246118167728,0,0,0,1.4727070346515927,1,0,0,0,0,0,1
0.6723551672297322,1.6858983213580194,-0.9467782251018968,1,0,1,-0.8883463275152893,0,0,1,0,0,0,1
1.5152923876032989,1.1508913071756004,-0.5143014184593349,0,0,1,-0.8883463275152893,0,0,1,0,0,0,1
-0.4345038695259252,-0.9663950617470896,-1.3792550317444587,1,0,1,-0.2980829869735688,0,1,0,0,0,1,0
1.220075937283923,-1.5814985864446844,-0.6584603540068555,1,0,1,0.2921803535681517,0,0,1,0,0,0,1
-1.5592393946122505,-0.5634810079591441,-1.3792550317444587,0,0,1,0.8824436941098722,0,0,1,0,1,0,0
-1.2296324785607462,1.628676062560963,1.5039236792059545,1,0,0,0.8824436941098722,0,0,1,1,0,0,0
0.9652777700353804,-0.0587822900901326,1.0714468725633923,0,0,1,0.8824436941098722,0,0,1,0,0,1,0
0.9375877536196672,1.1866870517050518,1.2156058081109131,1,0,1,0.2921803535681517,0,0,1,1,0,0,0
-0.2363792581428656,0.2770544246653302,0.2064932592782685,1,0,1,-0.2980829869735688,0,1,0,0,0,1,0
-0.2007383868111492,-1.212608107005803,0.0623343237307478,1,0,1,-0.2980829869735688,1,0,0,1,0,0,0
-0.5964098359553895,0.6384306234574483,-0.6584603540068555,1,0,0,-1.4786096680570098,1,0,0,0,0,1,0
-1.2420675466614806,-1.51161647413458,-0.6584603540068555,1,1,1,-0.8883463275152893,0,0,1,0,0,0,1
-1.710331508476998,1.6779584407860446,1.5039236792059545,0,0,1,-0.8883463275152893,0,1,0,0,0,0,1
0.081180646718121,-0.5073436801189786,1.0714468725633923,1,0,1,-0.8883463275152893,1,0,0,0,0,1,0
0.6307037255330975,0.8707663203350915,1.359764743658434,1,1,0,0.8824436941098722,0,0,1,0,0,1,0
1.519526519668112,0.0558645618946549,-1.6675729028395,1,0,0,-0.8883463275152893,0,1,0,0,1,0,0
-0.9949874001828114,1.59551764215823,1.2156058081109131,0,0,1,1.4727070346515927,0,0,1,0,0,1,0
1.0057736644882571,-1.6696849840628518,-0.3701424829118142,0,0,1,0.2921803535681517,1,0,0,0,1,0,0
-1.3844758092242595,0.7318916693290543,-1.5234139672919795,0,0,1,0.8824436941098722,1,0,0,0,0,0,1
-1.2692487773504646,0.8530271759113257,-1.3792550317444587,0,0,1,-1.4786096680570098,0,1,0,1,0,0,0
-0.6771170497936511,1.31080524628778,1.5039236792059545,1,0,0,0.2921803535681517,1,0,0,0,0,1,0
0.0503344340993091,0.4784085401019771,1.6480826147534753,1,1,1,0.8824436941098722,0,0,1,0,0,0,1
-0.0077016326953804,0.2297046887235845,0.6389700659208305,1,0,0,1.4727070346515927,0,0,1,0,0,1,0
1.2897278409244437,1.6793712929967874,1.359764743658434,1,0,1,0.2921803535681517,1,0,0,1,0,0,0
-1.3480760710458963,1.5167572363263002,-0.3701424829118142,0,1,1,0.8824436941098722,1,0,0,0,0,1,0
0.5281790898537421,1.2341623745099746,1.5039236792059545,0,0,1,0.8824436941098722,1,0,0,1,0,0,0
-0.4628147769979854,-0.4474387463834997,0.3506521948257892,0,1,0,-0.8883463275152893,0,0,1,0,1,0,0
-0.5913219786880988,0.716416576966453,1.2156058081109131,1,1,0,-1.4786096680570098,0,1,0,1,0,0,0
-0.7327644107187822,1.3667402397372714,-1.2350960961969382,0,0,1,1.4727070346515927,1,0,0,0,1,0,0
0.9329655646446372,0.721234228578886,0.7831290014683512,1,1,1,-0.8883463275152893,0,0,1,0,0,0,1
-1.4724612460008146,-0.6854398062000213,1.5039236792059545,0,1,0,1.4727070346515927,0,1,0,0,0,1,0
-1.3880373093113632,0.7034636874393255,1.359764743658434,0,1,1,-0.2980829869735688,0,1,0,0,0,1,0
0.3024420734370129,0.1986672908989543,0.4948111303733098,1,0,0,-0.2980829869735688,0,1,0,0,0,0,1
-1.5840922838399314,0.2682912524347501,1.5039236792059545,1,0,1,-0.2980829869735688,0,1,0,1,0,0,0
-1.4117518982690742,-0.939536915647075,1.359764743658434,1,0,1,0.8824436941098722,0,1,0,0,0,0,1
0.2340578223698675,-1.293873273053321,0.4948111303733098,1,0,0,-0.2980829869735688,0,0,1,0,0,0,1
-1.2981202114706158,0.4089241195252672,-1.6675729028395,1,0,1,0.2921803535681517,0,0,1,0,0,1,0
-0.975791518357406,1.5031799010072644,0.4948111303733098,1,0,1,-0.8883463275152893,1,0,0,0,1,0,0
-0.4219308256348915,-1.4261057744068806,1.2156058081109131,0,1,1,0.2921803535681517,1,0,0,1,0,0,0
-0.4708949842173949,0.895499955333027,-1.3792550317444587,0,0,0,0.8824436941098722,0,0,1,0,1,0,0
0.514200417599033,0.517769556136068,0.2064932592782685,1,0,1,1.4727070346515927,0,0,1,0,1,0,0
0.5817223199768071,0.3253041997931785,1.359764743658434,0,0,1,0.2921803535681517,1,0,0,0,0,1,0
-1.0913893601676308,-0.4624847502969123,-0.3701424829118142,1,0,1,-0.8883463275152893,0,0,1,0,0,0,1
-1.182073948341918,-1.4983217092576926,-0.2259835473642935,1,0,1,-0.8883463275152893,0,1,0,0,0,1,0
1.4903446400197866,1.041400493629028,-0.6584603540068555,1,0,0,1.4727070346515927,0,0,1,1,0,0,0
1.5082987397324972,-0.4036124196586673,1.6480826147534753,1,0,1,0.2921803535681517,0,1,0,1,0,0,0
-0.3387400475712409,0.5060376500009404,-0.8026192895543761,0,1,1,0.2921803535681517,0,0,1,0,0,0,1
-1.161869118549948,-1.5437911307757588,-1.0909371606494176,1,1,1,-1.4786096680570098,0,1,0,0,0,0,1
1.2069251197710105,-1.5227239344777996,1.5039236792059545,1,0,1,-1.4786096680570098,0,0,1,1,0,0,0
1.4963724573584918,-0.8430129457235389,-0.3701424829118142,1,0,1,-0.8883463275152893,1,0,0,1,0,0,0
1.137816495804793,-0.5048947362870251,-0.3701424829118142,1,0,1,-0.2980829869735688,0,1,0,0,1,0,0
0.0635714864811587,-1.0029024651678786,0.6389700659208305,1,0,1,-0.2980829869735688,0,1,0,0,1,0,0
-0.432503220566584,-0.333039579601089,-0.6584603540068555,1,1,1,-1.4786096680570098,1,0,0,1,0,0,0
-0.0783969782500409,-1.1175632712485748,1.0714468725633923,1,1,1,-0.2980829869735688,1,0,0,0,0,0,1
0.9854825998273504,-1.5137374967126824,-0.6584603540068555,1,1,0,1.4727070346515927,0,1,0,0,0,1,0
-0.0033985127354174,1.1447026656401509,-1.6675729028395,1,0,0,1.4727070346515927,0,1,0,0,1,0,0
-0.0849335813154754,1.137987256984153,0.7831290014683512,0,1,1,-1.4786096680570098,1,0,0,0,1,0,0
-0.9441174509967974,-0.7299080213366477,1.0714468725633923,1,1,1,-0.8883463275152893,0,0,1,0,0,1,0
-1.1611361221639829,0.7059684476549134,-0.0818246118167728,1,0,1,1.4727070346515927,0,1,0,0,0,0,1
-1.6971634439902985,1.0742379698258635,1.359764743658434,1,0,0,-0.2980829869735688,1,0,0,1,0,0,0
-0.624781107835706,0.8364776181637649,0.6389700659208305,1,0,1,-0.8883463275152893,0,1,0,1,0,0,0
1.4849894546587907,-0.1298609661243966,-0.9467782251018968,1,0,1,0.2921803535681517,0,0,1,1,0,0,0
1.374660563340625,-1.7044237058272296,1.359764743658434,1,0,1,-0.8883463275152893,1,0,0,0,1,0,0
0.6928187016285136,0.3728144078378724,-1.2350960961969382,1,1,1,-0.8883463275152893,1,0,0,0,0,0,1
-0.3716386500707563,1.5615184874770065,-1.0909371606494176,1,0,1,1.4727070346515927,1,0,0,0,1,0,0
-0.4478788976980745,-0.9104670453455525,0.2064932592782685,0,1,1,0.8824436941098722,0,1,0,0,0,0,1
0.067650395781885,0.29146900573888,0.2064932592782685,0,0,1,-1.4786096680570098,0,1,0,0,0,1,0
0.0965477003627176,0.9041096325086128,0.3506521948257892,1,1,1,0.8824436941098722,0,1,0,1,0,0,0
-1.3832771445460332,-0.7263287957361002,1.359764743658434,1,0,0,-0.2980829869735688,0,1,0,0,0,1,0
0.029379360947586,0.2766881296477303,1.0714468725633923,1,0,1,-1.4786096680570098,0,0,1,0,1,0,0
-1.0085090276321536,-0.4247354323402609,1.5039236792059545,1,0,1,1.4727070346515927,0,1,0,0,0,0,1
-0.6118976184164985,1.1561589783810846,-0.2259835473642935,1,0,0,-0.8883463275152893,0,0,1,1,0,0,0
-0.6133377407277486,1.6526143140921097,0.4948111303733098,1,0,0,0.2921803535681517,0,1,0,0,0,0,1
1.0279618962657815,0.2233451095132552,-0.0818246118167728,1,0,1,0.2921803535681517,0,1,0,0,0,1,0
0.4272411757628295,-1.5951980201029203,-0.2259835473642935,1,0,1,-1.4786096680570098,0,1,0,0,1,0,0
-0.5462728831553414,0.6068908781801093,-0.0818246118167728,1,0,1,1.4727070346515927,0,1,0,0,1,0,0
1.0265476444152124,-0.6867061404037237,-1.6675729028395,0,0,1,0.8824436941098722,0,1,0,1,0,0,0
1.1085828752351057,0.2541766844232344,-0.5143014184593349,1,0,1,-1.4786096680570098,1,0,0,0,1,0,0
-1.5734767714737703,0.5611877255555747,0.2064932592782685,1,0,1,-1.4786096680570098,0,1,0,0,1,0,0
-1.4188490279826,-1.2086835175315185,-0.3701424829118142,1,0,1,-0.2980829869735688,0,0,1,0,1,0,0
0.7143860423496899,-1.399324375834363,-0.9467782251018968,1,0,1,-0.8883463275152893,0,1,0,0,0,0,1
0.2326004530848299,1.6444930302733238,0.6389700659208305,1,0,0,1.4727070346515927,1,0,0,0,1,0,0
0.0420645101682381,0.3252693145534069,1.6480826147534753,0,0,1,-0.2980829869735688,1,0,0,0,0,0,1
-1.4567837468280442,-0.608992291764936,0.7831290014683512,1,0,1,-1.4786096680570098,0,1,0,1,0,0,0
-1.3255170293319427,1.2712104991472206,0.0623343237307478,0,1,1,0.2921803535681517,0,1,0,0,0,1,0
-1.09598567868198,-0.4029949509147132,-0.0818246118167728,0,0,1,-1.4786096680570098,0,0,1,0,1,0,0
-1.2958867283651443,1.734252752205182,0.3506521948257892,1,1,0,0.8824436941098722,0,1,0,0,1,0,0
-0.0087795685570946,1.2405254422442815,-0.6584603540068555,1,0,0,-1.4786096680570098,0,0,1,0,1,0,0
1.025530072961754,-0.3642758232924166,1.0714468725633923,0,0,0,1.4727070346515927,0,0,1,0,0,0,1
-0.6257986792891639,-1.5353768109428927,-0.9467782251018968,0,1,1,0.2921803535681517,0,1,0,0,1,0,0
-0.3202857856186947,-0.7015463214024849,0.2064932592782685,1,0,1,0.2921803535681517,0,1,0,0,1,0,0
0.0176341717983488,0.1341923907534195,-0.0818246118167728,1,0,1,-1.4786096680570098,1,0,0,0,0,1,0
0.0526369050999306,0.7533042295007503,0.0623343237307478,0,0,1,-0.8883463275152893,0,0,1,1,0,0,0
0.1566016630905363,-1.5884302835872652,-1.0909371606494176,1,1,0,-0.8883463275152893,0,1,0,0,0,1,0
-0.869006880152556,-1.6048158807079005,-0.0818246118167728,1,1,1,0.2921803535681517,0,0,1,0,0,0,1
-0.4957909908795447,-0.1594052756868106,-0.3701424829118142,0,0,1,-0.2980829869735688,0,0,1,0,0,0,1
-0.5197297904964921,-1.3759687078073988,-0.0818246118167728,0,1,1,0.2921803535681517,0,1,0,0,0,1,0
1.0771588889944146,0.4661080045585754,-1.2350960961969382,0,1,1,0.8824436941098722,1,0,0,0,1,0,0
1.3920713833790317,-0.1000305975958574,1.2156058081109131,0,0,1,0.2921803535681517,0,1,0,0,1,0,0
-0.7577207817891877,-1.3164963510450856,0.927287937015872,0,1,0,0.8824436941098722,0,1,0,0,0,1,0
1.693496744261881,0.9969636752081958,0.0623343237307478,1,0,1,1.4727070346515927,0,1,0,0,1,0,0
1.640850356775762,0.559520211094501,1.6480826147534753,1,0,1,0.2921803535681517,0,0,1,1,0,0,0
1.1132740521052853,0.9778640064333444,-0.6584603540068555,1,1,1,-1.4786096680570098,1,0,0,0,0,1,0
0.0520850019387326,1.1786180957459231,-1.5234139672919795,1,1,0,-0.8883463275152893,1,0,0,0,0,0,1
1.314261661137058,-1.2335601820125164,1.359764743658434,1,0,0,-0.8883463275152893,0,1,0,0,0,0,1
0.8287334785603262,-1.3903518921651543,0.7831290014683512,0,0,1,0.8824436941098722,1,0,0,0,0,0,1
-0.102111567207752,1.3265001156609408,1.5039236792059545,1,1,0,-1.4786096680570098,0,0,1,1,0,0,0
-1.3987821739809296,-0.6288873440065756,-0.2259835473642935,0,0,0,1.4727070346515927,0,0,1,0,0,0,1
-1.2955159184287146,-1.627613384898522,0.6389700659208305,1,1,1,-1.4786096680570098,0,0,1,0,0,1,0
-0.8465685672551144,-1.672364170477297,-0.2259835473642935,1,0,1,0.8824436941098722,1,0,0,0,0,0,1
1.6825707863675463,0.4285889291844154,0.4948111303733098,1,0,1,-0.8883463275152893,0,1,0,1,0,0,0
0.3530791884768964,0.4816249592089019,0.0623343237307478,0,0,0,-0.8883463275152893,0,1,0,1,0,0,0
1.2473951437632056,0.7453224866410502,-0.8026192895543761,1,1,0,0.2921803535681517,1,0,0,1,0,0,0
1.1992502164356051,1.4102770189720009,0.3506521948257892,0,0,1,1.4727070346515927,0,1,0,1,0,0,0
-1.0635786149354058,1.184520678315247,-0.8026192895543761,1,1,1,-0.8883463275152893,0,0,1,0,1,0,0
-1.6435512259720837,-1.6478468239659445,-1.5234139672919795,1,0,1,0.8824436941098722,0,0,1,1,0,0,0
0.5497033131404501,0.3893953623012273,0.927287937015872,1,0,1,-0.2980829869735688,1,0,0,0,0,0,1
0.4588635022020756,-1.4247975779154525,0.4948111303733098,1,0,1,0.2921803535681517,0,0,1,0,1,0,0
-1.0018603192371007,-0.2495766434479714,1.0714468725633923,0,0,1,0.2921803535681517,0,0,1,1,0,0,0
0.7489576013065861,-0.7607395962466268,-0.8026192895543761,1,0,1,-0.8883463275152893,0,1,0,0,1,0,0
0.8493781061838755,-1.5130328148692995,-0.3701424829118142,1,0,1,-1.4786096680570098,0,0,1,0,0,0,1
0.7731378585565577,1.4363397816052277,-0.6584603540068555,0,0,1,0.2921803535681517,0,1,0,1,0,0,0
-1.2051848932170692,-1.282758835662147,-1.0909371606494176,0,1,1,-1.4786096680570098,1,0,0,0,0,1,0
1.47755600895641,1.3784895884922852,1.6480826147534753,1,1,1,1.4727070346515927,0,0,1,0,1,0,0
-1.6314007329388418,-0.1360391420879147,0.2064932592782685,1,0,1,-0.2980829869735688,0,1,0,1,0,0,0
-1.5585408921738593,-0.5071832080160301,1.0714468725633923,1,0,1,-1.4786096680570098,0,1,0,0,0,0,1
0.1749179492527828,0.725570463882473,-1.5234139672919795,1,0,1,0.2921803535681517,1,0,0,0,1,0,0
-1.1478128349131955,1.2335065320022722,0.2064932592782685,1,0,1,1.4727070346515927,0,1,0,1,0,0,0
1.218799661223653,0.5035294012613752,-0.2259835473642935,1,0,1,0.2921803535681517,0,0,1,0,1,0,0
0.0571556122322361,-1.6494968958071323,1.359764743658434,1,1,1,-0.8883463275152893,1,0,0,0,0,0,1
0.9028006074904288,0.7210981761437774,-0.6584603540068555,0,0,1,-0.8883463275152893,1,0,0,0,1,0,0
-1.6679470703943982,-0.4998014912803979,0.6389700659208305,0,1,1,1.4727070346515927,0,1,0,0,0,1,0
0.1119233774942085,-0.6334433563207228,-1.3792550317444587,0,0,1,-0.8883463275152893,1,0,0,0,0,1,0
0.8475930443968771,1.1246959806312429,0.3506521948257892,1,0,1,-0.2980829869735688,1,0,0,1,0,0,0
0.5660706912647177,-0.5782967692900655,-0.8026192895543761,1,1,1,-0.2980829869735688,1,0,0,1,0,0,0
1.5334362040276714,1.395318228158017,-0.9467782251018968,1,0,1,1.4727070346515927,0,1,0,1,0,0,0
-1.505851387253272,1.4654933764822011,0.3506521948257892,1,0,0,-1.4786096680570098,1,0,0,1,0,0,0
-0.8038133192360847,1.650604924281276,1.359764743658434,1,0,1,1.4727070346515927,1,0,0,0,0,0,1
0.1106902188684072,-0.8409372739571394,-0.5143014184593349,1,0,0,0.2921803535681517,1,0,0,1,0,0,0
0.6450273372635552,0.3072580652594239,1.5039236792059545,1,0,1,1.4727070346515927,0,1,0,0,0,0,1
-1.2259674966309182,1.668692921102756,-0.2259835473642935,1,0,1,-0.2980829869735688,1,0,0,0,1,0,0
-1.6713619712043086,-1.2606660133149084,0.6389700659208305,0,0,1,-0.8883463275152893,0,1,0,0,1,0,0
-0.041178008816775,-1.4728031563649004,-0.2259835473642935,1,0,1,1.4727070346515927,1,0,0,0,1,0,0
-0.0188259307882705,0.761809250957022,0.2064932592782685,1,0,1,0.2921803535681517,0,1,0,0,0,1,0
-1.7089431270871105,1.4211367941128437,0.7831290014683512,1,1,1,-0.2980829869735688,1,0,0,1,0,0,0
0.7070129610555654,-0.7517601355294637,0.6389700659208305,1,0,1,0.8824436941098722,1,0,0,1,0,0,0
-1.260487314666452,1.511636083127856,0.7831290014683512,1,1,1,1.4727070346515927,0,0,1,0,0,0,1
0.9038871668390364,-1.4869177243764162,0.6389700659208305,0,0,1,0.8824436941098722,0,1,0,1,0,0,0
1.680802971554335,0.2419703390272153,1.359764743658434,1,0,1,-0.2980829869735688,1,0,0,1,0,0,0
0.269948774821502,0.403290153302183,-1.3792550317444587,1,0,1,-0.8883463275152893,1,0,0,1,0,0,0
-0.1489974654488703,-0.977254836887932,1.6480826147534753,1,0,0,0.8824436941098722,0,0,1,1,0,0,0
0.6522020783591247,-1.5800508489941707,0.0623343237307478,0,0,1,-0.2980829869735688,1,0,0,0,0,0,1
1.1187413427958994,0.1526676137363624,0.7831290014683512,0,0,1,0.8824436941098722,0,0,1,0,0,1,0
-0.1007921737130137,-0.7739122627843141,1.2156058081109131,1,0,0,0.2921803535681517,0,0,1,0,1,0,0
-1.5325583261631015,0.4272702671210559,0.6389700659208305,1,0,1,-1.4786096680570098,0,0,1,0,0,0,1
-0.2136046292565693,-0.5578156450202659,0.6389700659208305,1,0,1,1.4727070346515927,0,0,1,0,1,0,0
0.3894875501421535,-0.3379758410287447,1.6480826147534753,1,0,1,-0.2980829869735688,0,0,1,0,0,1,0
-0.0894091710133125,0.2323036390865554,1.6480826147534753,1,0,0,0.8824436941098722,1,0,0,1,0,0,0
-1.5584115398704537,1.634805399188801,1.2156058081109131,1,1,0,-1.4786096680570098,0,1,0,0,0,1,0
0.5006529196890096,1.095203998928486,1.359764743658434,1,0,1,0.2921803535681517,0,1,0,0,0,0,1
-1.2618239551349772,-1.2542994570566246,1.5039236792059545,1,0,1,-0.8883463275152893,0,1,0,1,0,0,0
1.6422301146787563,-0.27337884254401,0.927287937015872,0,0,1,1.4727070346515927,1,0,0,1,0,0,0
0.0050180104728463,0.9160892238461176,-0.2259835473642935,0,0,1,0.8824436941098722,1,0,0,0,1,0,0
-0.4862189204275232,1.394903093804737,0.3506521948257892,1,0,1,0.8824436941098722,0,0,1,0,1,0,0
-0.4113239367556245,1.5560554589288025,-0.8026192895543761,1,0,1,-1.4786096680570098,0,1,0,0,0,1,0
-0.3190353800191061,-1.2190025714559038,-0.2259835473642935,0,1,0,-0.2980829869735688,0,1,0,0,1,0,0
-1.236712361300485,0.1431160350869485,0.4948111303733098,0,0,1,1.4727070346515927,1,0,0,0,0,0,1
1.7289478988819351,0.2984425651691867,0.927287937015872,1,0,1,0.8824436941098722,1,0,0,0,1,0,0
-0.4498622996836283,0.6300163036245823,-0.2259835473642935,1,0,0,0.2921803535681517,0,0,1,0,0,0,1
-1.152555752704738,0.2083758531273399,1.5039236792059545,1,1,1,0.8824436941098722,0,1,0,0,1,0,0
1.145715609799434,-1.445777561113983,0.0623343237307478,1,0,1,-0.2980829869735688,0,0,1,0,1,0,0
0.4984194365835377,0.2394934870034445,-1.6675729028395,1,0,0,-0.2980829869735688,0,0,1,0,0,1,0
-1.673750677073867,0.6602338983145845,0.927287937015872,1,0,1,-1.4786096680570098,0,1,0,0,0,1,0
0.7671186647047459,-0.4756783479784626,1.5039236792059545,1,0,1,0.8824436941098722,0,0,1,0,0,1,0
-0.1871822654142323,1.3689833606545738,0.2064932592782685,1,1,1,1.4727070346515927,0,1,0,0,0,0,1
-0.8459649231725545,-1.5221029772098682,-0.2259835473642935,1,0,1,0.8824436941098722,1,0,0,0,0,0,1
1.334009446123661,0.825673659406557,0.927287937015872,1,0,1,-0.2980829869735688,0,1,0,0,1,0,0
1.075805001552102,0.7869963940719856,1.6480826147534753,0,0,1,-0.2980829869735688,0,1,0,0,0,0,1
-1.6942918228546917,-0.5230350609681624,-0.2259835473642935,1,0,1,-1.4786096680570098,0,1,0,0,1,0,0
-1.1290567509193696,-0.8832530697998694,-1.6675729028395,1,0,1,0.2921803535681517,0,0,1,1,0,0,0
0.495504698013463,-0.4974397605478729,0.4948111303733098,0,0,1,-1.4786096680570098,0,1,0,0,0,0,1
-0.2426399096277015,1.5045787991220976,-1.6675729028395,0,0,0,-0.8883463275152893,1,0,0,0,1,0,0
1.7234547377306402,-1.0838013361977965,-1.5234139672919795,1,0,1,-0.2980829869735688,0,0,1,0,0,0,1
0.2903174508644523,0.010450956760223,-1.5234139672919795,0,0,1,-0.2980829869735688,1,0,0,0,1,0,0
0.9978659270067224,-0.781262582804152,-0.6584603540068555,0,0,1,1.4727070346515927,0,1,0,0,0,1,0
1.2068561318758608,0.1512408074297117,-0.9467782251018968,1,0,1,0.2921803535681517,1,0,0,0,0,0,1
0.2769079287447282,-0.6532791036547511,0.927287937015872,0,0,1,-1.4786096680570098,0,1,0,1,0,0,0
-1.5377324182993295,-0.8889254097867019,0.3506521948257892,1,0,1,-0.8883463275152893,0,1,0,1,0,0,0
-0.3267189068414047,-1.4829617381863374,-0.6584603540068555,1,0,1,-1.4786096680570098,0,0,1,1,0,0,0
-0.98420804156567,0.9798140913365668,1.0714468725633923,1,1,1,0.8824436941098722,0,1,0,1,0,0,0
0.5402519715049404,1.6732349793209949,-1.5234139672919795,1,0,1,0.2921803535681517,0,0,1,0,0,0,1
0.9474099051916068,0.3754028926289117,-1.5234139672919795,0,0,0,0.8824436941098722,0,1,0,1,0,0,0
0.4924951010875569,-0.0314601703011582,0.2064932592782685,1,0,0,0.8824436941098722,0,1,0,0,1,0,0
0.0426422837901169,0.5074016628760027,-0.2259835473642935,1,0,1,0.2921803535681517,1,0,0,1,0,0,0
1.5852892307195687,0.9532454927266548,0.2064932592782685,1,0,0,0.8824436941098722,0,0,1,0,0,1,0
1.3016282528377678,-0.6035432173126405,1.359764743658434,1,0,1,0.2921803535681517,1,0,0,1,0,0,0
-0.0215164586991089,1.0181355272254695,-0.9467782251018968,1,0,0,0.2921803535681517,0,1,0,1,0,0,0
-0.0791730920704751,0.4551993900820529,0.7831290014683512,1,0,1,0.2921803535681517,0,0,1,0,0,1,0
0.4140817347630234,1.6463489250291632,-0.5143014184593349,1,0,1,0.2921803535681517,1,0,0,0,0,0,1
-1.5259872291500922,0.3390699154069797,-0.9467782251018968,0,0,1,0.8824436941098722,0,1,0,0,0,1,0
-0.8651263110503851,-1.4435030434808866,0.0623343237307478,0,0,0,0.2921803535681517,0,1,0,0,1,0,0
-0.4152648702660512,-0.0168223236930712,-0.8026192895543761,1,0,1,-0.8883463275152893,0,0,1,0,1,0,0
1.2251551710643194,-1.4945227066465854,-0.6584603540068555,0,0,0,-0.2980829869735688,1,0,0,1,0,0,0
-1.4865692705589295,1.6235130470747927,-0.6584603540068555,1,0,0,0.2921803535681517,0,1,0,0,0,1,0
1.6963769888843812,0.4398603501545604,0.6389700659208305,0,0,1,-0.2980829869735688,0,1,0,1,0,0,0
-0.950110774387928,-1.65670069781993,0.2064932592782685,1,0,1,1.4727070346515927,1,0,0,0,0,0,1
-1.109809128172602,-0.1184081419074401,-1.5234139672919795,0,0,1,-0.2980829869735688,0,1,0,0,1,0,0
-0.1465656421448431,0.7484761123163863,1.359764743658434,1,0,1,0.8824436941098722,0,0,1,0,0,0,1
-1.2252862411663148,0.9465789234063372,-1.5234139672919795,1,0,1,0.8824436941098722,0,1,0,0,0,1,0
-0.3037545612434466,-0.8363498649271979,-0.5143014184593349,1,0,1,-0.2980829869735688,0,0,1,1,0,0,0
-0.5524300527974525,0.2094747381801394,0.7831290014683512,1,0,1,0.8824436941098722,0,1,0,0,0,0,1
-0.9437293940865804,-0.6835036753927075,0.3506521948257892,0,1,1,0.8824436941098722,0,0,1,0,1,0,0
-0.9895201094921972,0.2695331669706124,0.0623343237307478,1,0,0,-1.4786096680570098,1,0,0,0,1,0,0
0.8683584008369384,-0.666758760302427,-1.2350960961969382,0,0,1,-0.2980829869735688,1,0,0,0,0,1,0
0.4703413632576078,-0.712325860491853,-0.8026192895543761,1,0,1,-0.2980829869735688,0,0,1,0,0,0,1
-0.9125037480444452,1.7332375917278338,-0.3701424829118142,1,0,0,-0.2980829869735688,1,0,0,0,0,1,0
-0.2655352673305097,-0.5626228310607674,0.0623343237307478,1,0,0,-0.2980829869735688,0,1,0,0,1,0,0
-1.3077009054095314,0.7269030800417414,-1.3792550317444587,0,1,1,0.8824436941098722,1,0,0,0,0,0,1
-1.3736705801464368,0.8632171544485568,-0.5143014184593349,0,0,1,1.4727070346515927,1,0,0,0,0,1,0
0.4049667091163685,-0.4915720632183205,-1.6675729028395,1,0,1,-0.8883463275152893,1,0,0,0,0,1,0
-0.8781477762598919,1.6826470170113232,-0.6584603540068555,1,0,1,-1.4786096680570098,0,0,1,0,1,0,0
0.9311718793707452,-0.3644781576830908,0.7831290014683512,1,0,1,-0.8883463275152893,0,0,1,0,0,1,0
-0.2582570443922162,0.8157941595032913,-0.5143014184593349,1,0,1,-0.8883463275152893,1,0,0,0,0,0,1
0.0494893323837252,0.3600778067973277,-0.6584603540068555,0,0,1,0.2921803535681517,1,0,0,1,0,0,0
0.6652752844899937,-1.5902896668670816,-1.5234139672919795,1,1,1,0.2921803535681517,0,1,0,0,0,1,0
-0.4158426438879301,0.8885682581904463,-0.3701424829118142,1,0,1,-0.8883463275152893,0,1,0,0,0,1,0
0.9143043390066418,-1.0270290969937912,1.6480826147534753,1,0,1,0.8824436941098722,0,0,1,1,0,0,0
1.1287532110795002,-1.2947174958557894,-1.5234139672919795,1,0,1,-1.4786096680570098,1,0,0,0,0,0,1
0.0305349081913437,0.7165526294015617,0.4948111303733098,1,0,1,-0.8883463275152893,1,0,0,1,0,0,0
-1.4781613708375592,-1.533513939139099,0.0623343237307478,1,0,1,-0.8883463275152893,1,0,0,1,0,0,0
1.0291001965357516,-0.3520520352765117,0.3506521948257892,1,0,0,-0.2980829869735688,0,1,0,0,1,0,0
-0.5715052058063463,1.6783247358036448,1.6480826147534753,0,0,1,0.8824436941098722,1,0,0,0,1,0,0
0.8893738383969172,-0.8621754079299787,0.3506521948257892,0,0,1,-1.4786096680570098,0,1,0,0,0,0,1
0.3463614921866939,-0.8958291987374655,1.0714468725633923,1,0,1,0.2921803535681517,1,0,0,0,0,0,1
-1.4455990843268984,-0.5361449340742612,-1.5234139672919795,1,0,1,-1.4786096680570098,0,1,0,0,1,0,0
0.4820693054330576,1.116466552569165,-1.5234139672919795,1,0,1,0.8824436941098722,1,0,0,1,0,0,0
-0.6280752798291045,0.3742098174287291,-1.2350960961969382,1,0,1,-0.2980829869735688,0,1,0,0,1,0,0
0.9097166439791866,-1.1743843497882605,1.6480826147534753,1,0,0,-0.2980829869735688,0,1,0,0,0,1,0
-0.4771556357022304,-0.7806834878239465,-0.8026192895543761,1,0,1,0.8824436941098722,0,1,0,0,0,0,1
0.413133151204715,0.7376756420831553,0.927287937015872,1,0,1,0.2921803535681517,0,1,0,0,0,1,0
0.9525236329195786,0.0710291756232904,1.359764743658434,1,0,1,-0.2980829869735688,0,1,0,0,1,0,0
0.0691853764489658,0.3743668010077005,0.0623343237307478,0,0,1,-0.8883463275152893,1,0,0,1,0,0,0
-0.5517660443066367,1.6463524135531404,-0.6584603540068555,1,0,1,0.8824436941098722,1,0,0,0,0,0,1
-1.6767430270259855,0.3603220034757275,0.4948111303733098,0,0,1,-0.2980829869735688,0,0,1,0,1,0,0
-1.3627877396865709,0.6666737135763882,0.2064932592782685,1,0,0,0.2921803535681517,0,1,0,0,0,0,1
-1.5566782190048174,-0.7158074074210405,-0.3701424829118142,1,0,1,0.2921803535681517,0,1,0,0,0,1,0
-1.273198334347785,-0.9318028579897516,0.0623343237307478,1,1,1,0.8824436941098722,1,0,0,0,0,0,1
0.3032095637705533,0.0630578983355213,-1.0909371606494176,1,0,1,0.2921803535681517,0,1,0,0,0,0,1
0.4046648870750886,-1.3887855448994175,1.359764743658434,1,0,1,1.4727070346515927,0,0,1,0,0,0,1
-0.3778734310949109,-0.8762969529894487,0.2064932592782685,0,1,0,-0.8883463275152893,0,0,1,0,1,0,0
-0.4769055545823128,-1.4226381815736016,-0.9467782251018968,0,0,1,1.4727070346515927,0,1,0,0,0,1,0
1.2018890034250818,0.019447860097272,0.7831290014683512,0,0,1,0.8824436941098722,0,1,0,0,0,0,1
-0.1233339684531802,0.0340194247497931,-1.3792550317444587,1,0,0,0.2921803535681517,1,0,0,0,0,0,1
1.4641723572973668,-1.078770884622758,0.0623343237307478,1,0,1,-0.8883463275152893,0,0,1,0,1,0,0
0.3753622786102513,0.7975735987706798,0.4948111303733098,1,0,1,0.2921803535681517,0,1,0,0,0,1,0
-0.2037911011715237,0.2662609314800537,-1.2350960961969382,1,1,1,-0.2980829869735688,1,0,0,1,0,0,0
-0.0183516390091161,1.387416721349791,-0.2259835473642935,1,0,1,1.4727070346515927,0,1,0,0,1,0,0
1.5535461754638102,-0.8917266945403468,1.359764743658434,1,1,1,1.4727070346515927,0,0,1,0,0,1,0
-0.3272104455943461,0.788329010231254,1.2156058081109131,0,0,1,-0.2980829869735688,1,0,0,1,0,0,0
-1.166655153775959,-1.3475930537773273,0.3506521948257892,1,0,0,0.8824436941098722,1,0,0,1,0,0,0
0.2908607305387563,-1.007346844714757,0.0623343237307478,0,0,1,-0.8883463275152893,0,1,0,0,0,1,0
-0.7145688533730471,1.6410114833441358,-0.0818246118167728,1,0,0,-0.8883463275152893,1,0,0,0,0,1,0
-1.546321411245468,1.6270643644835232,-0.5143014184593349,1,0,1,-0.8883463275152893,0,0,1,1,0,0,0
-1.6931276521240406,-1.297442033081937,-1.5234139672919795,1,0,1,1.4727070346515927,1,0,0,1,0,0,0
-0.8728874492547269,-1.190494353514701,1.359764743658434,1,1,0,1.4727070346515927,0,0,1,1,0,0,0
0.4887180138281105,-0.0394488902088131,-1.5234139672919795,1,1,1,-0.2980829869735688,1,0,0,0,0,0,1
-0.6719429576574232,-1.5987249178438103,0.4948111303733098,0,1,1,0.8824436941098722,0,0,1,0,0,0,1
0.5022137708167717,0.8049413614104032,-0.3701424829118142,1,0,0,0.2921803535681517,1,0,0,0,1,0,0
-0.5223772009728623,0.6472670546915484,1.0714468725633923,1,0,1,-1.4786096680570098,0,0,1,0,0,0,1
-0.4724989527796253,-0.1487199267448253,-1.3792550317444587,0,0,1,-0.2980829869735688,0,1,0,0,1,0,0
-1.031826936192754,-0.8218236510863796,-0.0818246118167728,1,0,0,-1.4786096680570098,1,0,0,1,0,0,0
1.6746113079646494,1.5823484641445196,1.6480826147534753,1,0,1,0.8824436941098722,0,0,1,0,1,0,0
0.7736035268488182,1.6454558628910152,0.927287937015872,1,0,1,-0.2980829869735688,1,0,0,0,1,0,0
0.1749093257658893,-0.3700528189985633,-1.0909371606494176,1,0,1,-0.8883463275152893,1,0,0,1,0,0,0
-0.7958538408331874,-1.3865528895540469,0.4948111303733098,1,0,1,1.4727070346515927,0,1,0,0,1,0,0
1.6548807699518335,-1.1416480407867615,0.6389700659208305,1,1,0,0.2921803535681517,1,0,0,0,0,0,1
0.4954529570921008,-0.6608178039693544,0.2064932592782685,0,0,0,-1.4786096680570098,1,0,0,1,0,0,0
1.7315435684369431,-0.7536299843812118,1.359764743658434,0,0,1,1.4727070346515927,1,0,0,0,0,1,0
1.7165731951894574,-0.6696123729157288,0.6389700659208305,1,0,1,0.2921803535681517,0,1,0,0,1,0,0
0.3245354468587059,0.2550662580374057,-0.8026192895543761,1,0,0,-1.4786096680570098,0,1,0,1,0,0,0
1.4603435291165583,-1.042968163045352,0.7831290014683512,1,0,0,-0.8883463275152893,1,0,0,0,1,0,0
-0.5254299153332367,0.8669568521520526,-0.8026192895543761,1,1,1,-0.8883463275152893,1,0,0,1,0,0,0
-0.8385228539832801,-0.1426010556889186,-0.8026192895543761,1,0,1,-0.8883463275152893,0,1,0,1,0,0,0
1.4475807685138629,-0.4155152634686752,0.2064932592782685,1,0,1,0.8824436941098722,1,0,0,0,1,0,0
0.803164839920467,1.378643083547279,-0.5143014184593349,1,0,1,0.8824436941098722,1,0,0,1,0,0,0
-1.12141634153154,-0.9690882022574432,0.6389700659208305,1,0,1,-0.8883463275152893,1,0,0,0,0,0,1
0.4738683693971366,0.9580387246712476,1.0714468725633923,1,0,1,-0.2980829869735688,1,0,0,0,0,0,1
0.1493234401522423,-0.6201276602999726,-0.2259835473642935,0,0,1,-0.8883463275152893,0,1,0,0,0,1,0
-0.7874976820331794,1.5589230256380129,-0.6584603540068555,0,0,1,0.2921803535681517,1,0,0,0,1,0,0
1.7225665185805878,-0.5043400609746594,-0.0818246118167728,1,0,1,-0.8883463275152893,0,1,0,1,0,0,0
-0.8574772781756617,-0.3452110397573366,1.359764743658434,1,1,0,0.2921803535681517,0,0,1,1,0,0,0
0.0577937502623707,-1.1205808444888026,0.4948111303733098,1,1,1,1.4727070346515927,0,1,0,0,1,0,0
0.0157370046817316,-0.6204765126976868,-1.6675729028395,0,0,1,0.2921803535681517,0,0,1,1,0,0,0
-1.1444755454853288,1.506026536572612,-0.9467782251018968,0,1,1,-1.4786096680570098,0,1,0,1,0,0,0
1.7252484230045324,0.5395309687054785,1.6480826147534753,0,0,0,-1.4786096680570098,0,1,0,0,0,0,1
1.3949688749753189,0.5047154994136037,1.2156058081109131,1,0,1,1.4727070346515927,1,0,0,0,0,1,0
1.4737444277493887,-0.5387055106734832,-0.9467782251018968,1,0,0,-1.4786096680570098,1,0,0,0,0,0,1
0.5811272993811408,1.5687118239178723,0.7831290014683512,0,0,1,0.8824436941098722,0,1,0,0,1,0,0
1.32627417838,0.7976329036782912,-0.9467782251018968,1,0,1,-0.2980829869735688,0,0,1,0,0,0,1
0.5335687691623128,0.6974948229144361,0.2064932592782685,1,0,1,1.4727070346515927,1,0,0,0,1,0,0
-0.9869934278323392,0.7962619137552744,-0.9467782251018968,1,0,1,-0.2980829869735688,0,1,0,0,0,1,0
0.4823107630660818,-0.0617510239946803,0.2064932592782685,1,0,1,-0.8883463275152893,1,0,0,0,0,0,1
1.1229237339393507,0.987370234271056,-1.5234139672919795,1,0,1,-0.8883463275152893,0,1,0,1,0,0,0
-1.1457518215455984,1.257514554012962,0.0623343237307478,1,0,1,1.4727070346515927,0,1,0,0,1,0,0
1.094733555283802,-0.309962993492296,-0.9467782251018968,1,0,0,-0.8883463275152893,1,0,0,0,0,1,0
1.3248685500163246,0.3720399555149468,-1.5234139672919795,1,1,1,1.4727070346515927,0,0,1,1,0,0,0
-1.4165034395475102,0.5176439692728909,1.5039236792059545,0,0,0,-0.2980829869735688,0,1,0,0,0,1,0
-0.0151005844501863,-1.1476657446473313,-1.2350960961969382,0,1,0,-0.8883463275152893,1,0,0,0,0,0,1
-0.1052763868977448,-1.286393877646329,0.6389700659208305,1,0,1,0.8824436941098722,0,1,0,0,0,1,0
0.3375482885813192,-0.8212550216781054,-0.0818246118167728,0,0,1,-0.2980829869735688,1,0,0,0,1,0,0
-0.4119362043250778,-0.9072959770503306,-1.3792550317444587,0,0,1,-0.2980829869735688,0,0,1,1,0,0,0
1.4776422438253467,-1.3687823484144868,-0.5143014184593349,1,0,1,0.2921803535681517,0,0,1,1,0,0,0
-0.4428686518128272,1.2364927085267057,-1.0909371606494176,0,0,1,1.4727070346515927,1,0,0,0,1,0,0
-0.200953973983492,-1.1335686192557015,-0.6584603540068555,0,0,1,0.2921803535681517,1,0,0,0,0,0,1
1.1839349037123712,-1.0739043936746453,0.6389700659208305,1,0,0,-0.2980829869735688,0,1,0,1,0,0,0
0.855621510694924,1.1088650588229731,-0.3701424829118142,1,0,1,-0.8883463275152893,1,0,0,1,0,0,0
-0.9896580852824968,0.5921832610924797,-0.3701424829118142,1,0,1,-0.8883463275152893,0,1,0,0,0,0,1
-0.6056542139054503,-0.912424107296729,-1.2350960961969382,1,0,0,-1.4786096680570098,1,0,0,0,0,0,1
1.0227015692606165,0.6778300132552878,-0.9467782251018968,1,0,0,-0.2980829869735688,0,0,1,0,0,0,1
0.9761606104952462,-0.3171772610770251,1.5039236792059545,1,0,1,-0.8883463275152893,0,1,0,1,0,0,0
-1.5929658518535623,-1.4544360776252492,-1.5234139672919795,1,0,1,-1.4786096680570098,0,0,1,0,0,0,1
0.384537668665162,-0.1782153969715592,-0.3701424829118142,0,0,1,1.4727070346515927,0,1,0,0,0,0,1
-0.2880598150968887,-1.4020907753482366,1.5039236792059545,1,0,1,0.2921803535681517,0,1,0,1,0,0,0
-0.7142239138972989,-1.5408084427753028,-0.8026192895543761,1,0,1,0.2921803535681517,0,1,0,0,0,0,1
-0.1361398464903442,-1.2799470853365709,1.0714468725633923,1,0,1,0.8824436941098722,1,0,0,0,1,0,0
0.3894616796814722,1.6102496789137002,-0.5143014184593349,1,0,0,-0.2980829869735688,1,0,0,0,0,0,1
0.6738384069754507,0.903153776938876,0.3506521948257892,0,0,1,1.4727070346515927,0,0,1,0,1,0,0
-1.0874570501440974,-0.972158103357328,-1.3792550317444587,1,0,1,0.8824436941098722,0,1,0,0,1,0,0
0.4335966856034963,0.928738611787234,0.927287937015872,1,1,1,0.2921803535681517,0,1,0,0,0,0,1
1.1701459481693233,-0.7043964454918097,-1.2350960961969382,0,0,1,-1.4786096680570098,1,0,0,1,0,0,0
0.3353751698841035,-1.6327798889086689,1.2156058081109131,0,1,1,-1.4786096680570098,0,0,1,0,1,0,0
1.5459402600235554,0.784690479723095,0.2064932592782685,0,0,1,1.4727070346515927,0,0,1,0,1,0,0
-0.836573945945301,1.722485960830283,-0.6584603540068555,0,1,0,-0.2980829869735688,1,0,0,0,0,1,0
0.3946012778701253,1.406882685142242,-0.9467782251018968,1,0,1,-0.2980829869735688,0,0,1,0,0,1,0
0.4953580987362698,-0.2393134059072203,-0.9467782251018968,1,0,0,1.4727070346515927,1,0,0,0,0,0,1
0.8895721785954726,1.673835005445063,0.2064932592782685,1,1,1,1.4727070346515927,1,0,0,0,1,0,0
0.6255641273444444,1.5178526328551225,-0.5143014184593349,1,0,0,1.4727070346515927,0,0,1,1,0,0,0
1.703974280837742,1.308272577880375,-1.3792550317444587,1,0,1,0.8824436941098722,1,0,0,0,0,1,0
-1.6570297359869572,1.1300892386999035,-0.6584603540068555,1,0,1,0.8824436941098722,0,0,1,0,0,0,1
-0.8168002904980166,-0.9794805151853484,1.5039236792059545,1,0,1,1.4727070346515927,0,0,1,0,0,0,1
1.638797966895058,1.111394238706401,0.4948111303733098,1,0,1,-0.8883463275152893,1,0,0,0,0,1,0
-0.8750864384126238,-1.553782263446293,0.0623343237307478,1,0,1,1.4727070346515927,0,1,0,0,0,1,0
-0.6825412230497966,-1.3649031097519049,-0.6584603540068555,0,0,1,0.2921803535681517,0,1,0,0,0,1,0
-0.8924541410165622,1.2888275452317868,0.7831290014683512,1,1,1,0.8824436941098722,1,0,0,0,1,0,0
-1.0173912191326782,-1.6017913304197182,-0.3701424829118142,1,0,1,-1.4786096680570098,0,0,1,1,0,0,0
0.350026474116522,1.5308438961459985,-0.3701424829118142,1,0,1,0.8824436941098722,0,0,1,0,0,0,1
-1.260780513220838,-1.5756239120671776,1.5039236792059545,1,0,1,0.2921803535681517,0,0,1,0,1,0,0
0.7911178287299495,-0.5156184589927588,-0.9467782251018968,0,0,1,0.2921803535681517,1,0,0,0,1,0,0
-0.941271700321872,0.2431494601314893,1.359764743658434,0,0,1,-0.2980829869735688,1,0,0,0,0,0,1
1.383879070830004,1.183160153964162,-0.8026192895543761,0,0,1,-0.2980829869735688,0,1,0,0,1,0,0
0.3334780027674864,0.0072031409375042,1.5039236792059545,1,0,1,1.4727070346515927,0,0,1,1,0,0,0
-0.965150135530564,1.62958307879502,1.5039236792059545,0,0,0,1.4727070346515927,0,0,1,0,0,0,1
0.6368522716883152,-0.075366733077465,-0.8026192895543761,0,0,1,-0.8883463275152893,0,0,1,0,1,0,0
0.8604075459209346,0.5945101065852333,0.3506521948257892,1,0,1,-0.2980829869735688,1,0,0,0,0,1,0
-0.5448327608440913,-0.5625565491052017,0.4948111303733098,1,0,1,1.4727070346515927,0,1,0,1,0,0,0
0.6395169291384726,-1.705344676157195,-1.2350960961969382,1,0,0,0.2921803535681517,1,0,0,0,0,1,0
-1.543587765900161,1.105837020010814,-1.3792550317444587,0,1,1,0.2921803535681517,0,0,1,1,0,0,0
0.8620546319176341,-0.6294245766990555,-0.5143014184593349,1,0,1,-1.4786096680570098,1,0,0,0,0,0,1
0.5664932421225094,-0.3206204342424642,-0.2259835473642935,1,0,1,-1.4786096680570098,0,0,1,0,0,1,0
0.8096669490383267,-0.2931866816862211,0.927287937015872,0,0,1,1.4727070346515927,0,1,0,0,1,0,0
-0.102499624117969,1.4606513052019288,0.7831290014683512,1,0,1,-1.4786096680570098,1,0,0,0,0,1,0
-1.014355751746091,-0.3148922778719974,-1.6675729028395,0,0,0,0.2921803535681517,1,0,0,0,0,1,0
-0.1684261814204062,-0.0472073675339764,-0.8026192895543761,0,1,1,-1.4786096680570098,0,1,0,0,0,0,1
-0.8853828817637173,-0.9385636174574524,0.927287937015872,1,0,1,-1.4786096680570098,1,0,0,1,0,0,0
-0.7048588071307264,0.6629654125886865,-1.6675729028395,1,0,1,-0.8883463275152893,0,0,1,0,0,1,0
-0.2839119179010128,0.130557348769238,-0.0818246118167728,1,0,1,0.8824436941098722,0,0,1,0,1,0,0
1.6767499327142898,-1.0221242322819295,0.927287937015872,0,0,0,1.4727070346515927,0,0,1,0,0,1,0
0.0256540146095018,-0.7971702521399184,-0.3701424829118142,0,0,0,-0.8883463275152893,0,0,1,0,0,1,0
-0.1002230235780288,1.5376988457610818,0.927287937015872,1,0,0,-0.8883463275152893,0,0,1,0,0,1,0
-0.2201757262695786,0.9082609760414116,0.2064932592782685,1,0,0,-0.8883463275152893,0,0,1,1,0,0,0
-0.562554026410672,1.5335893645160092,0.6389700659208305,1,0,1,-0.8883463275152893,1,0,0,1,0,0,0
0.4949872887998399,-0.5520805116018448,1.2156058081109131,0,1,1,-0.8883463275152893,0,1,0,1,0,0,0
-1.3758695693043337,1.5026042945510354,0.3506521948257892,1,0,1,-1.4786096680570098,1,0,0,1,0,0,0
0.4591308302957807,-1.3596005533066495,1.2156058081109131,0,0,1,0.2921803535681517,0,1,0,1,0,0,0
-1.3029148701835205,-1.627438958699665,1.359764743658434,1,0,1,-0.2980829869735688,1,0,0,0,0,0,1
0.8237059857012915,1.5245401333193034,-0.3701424829118142,1,0,1,-0.8883463275152893,1,0,0,0,0,1,0
-0.5229463511078473,-1.6853833419599895,0.2064932592782685,1,0,0,1.4727070346515927,0,1,0,0,1,0,0
-0.630188034118064,1.036847969838858,0.6389700659208305,1,0,1,-1.4786096680570098,0,1,0,0,1,0,0
1.1845730417425058,-0.3964365258376867,1.359764743658434,1,0,1,-1.4786096680570098,0,0,1,0,0,0,1
-1.1891538310816567,1.3377959562989263,-0.6584603540068555,1,1,1,1.4727070346515927,0,0,1,0,0,0,1
-0.9656071803359308,-1.6777818482137978,1.5039236792059545,0,1,1,1.4727070346515927,0,1,0,0,0,1,0
1.6981275567238048,-0.8779749330224538,1.359764743658434,1,0,0,0.8824436941098722,1,0,0,0,0,0,1
-1.215783158609443,-0.7932665938094968,-1.5234139672919795,1,0,1,1.4727070346515927,0,0,1,0,0,1,0
-0.7969145297211142,0.4206804453282349,0.7831290014683512,1,0,1,1.4727070346515927,0,0,1,0,0,0,1
-1.0085348980928348,-1.1152573568996842,-1.0909371606494176,1,0,1,-0.8883463275152893,1,0,0,0,0,1,0
1.078711116635283,1.7025316036810316,-0.8026192895543761,0,0,1,0.2921803535681517,0,1,0,1,0,0,0
-0.8672218183655575,0.4668789683575238,-1.0909371606494176,1,0,1,-0.2980829869735688,1,0,0,1,0,0,0
1.013155369269276,1.3753045661011545,-1.6675729028395,1,1,1,1.4727070346515927,0,0,1,0,0,1,0
1.4415184572275828,0.3093162944059374,-1.6675729028395,0,1,1,-0.8883463275152893,0,1,0,0,0,1,0
-1.083205671105497,-0.7499809883011215,0.2064932592782685,1,0,1,0.2921803535681517,1,0,0,0,0,0,1
0.0435477499139566,-1.53995724292488,0.927287937015872,1,0,1,-1.4786096680570098,0,0,1,1,0,0,0
0.1568517442104539,-0.876823720109997,0.3506521948257892,0,1,1,0.8824436941098722,0,1,0,0,0,0,1
1.2174457737813402,-1.2132848806573684,1.6480826147534753,1,0,1,-0.8883463275152893,0,0,1,0,0,1,0
0.5764792399454292,0.0757910108520888,-0.5143014184593349,0,0,1,-0.8883463275152893,1,0,0,0,0,1,0
0.3202409503856367,1.2418755010234352,1.0714468725633923,0,1,1,0.2921803535681517,0,0,1,0,0,0,1
1.3587761004824053,-1.2214898890516062,0.3506521948257892,0,0,1,-0.8883463275152893,0,0,1,1,0,0,0
-0.5118910409101072,-1.1650909219131549,-0.2259835473642935,1,0,1,0.2921803535681517,0,1,0,0,0,1,0
-1.407517766204261,1.5380860719225449,0.2064932592782685,1,0,1,-0.2980829869735688,0,1,0,0,0,1,0
1.5416802574980608,-1.7321784025893698,-1.2350960961969382,1,0,1,-0.8883463275152893,1,0,0,0,1,0,0
0.1222974322273452,0.7143967215836879,-1.3792550317444587,1,0,1,-0.2980829869735688,0,0,1,0,0,0,1
0.208670276954776,-0.9342552903456824,-0.0818246118167728,1,0,1,-0.2980829869735688,1,0,0,0,1,0,0
1.503141894570057,-0.8684547510888339,-0.0818246118167728,0,1,1,-0.2980829869735688,1,0,0,1,0,0,0
1.236460562381978,0.0108800452094116,-0.0818246118167728,1,0,1,-1.4786096680570098,0,0,1,0,0,1,0
-1.528669133574037,-1.4042501716900873,-0.0818246118167728,1,0,1,0.2921803535681517,0,0,1,0,0,1,0
0.9897426023528444,0.3014880466012313,-1.2350960961969382,1,0,1,1.4727070346515927,1,0,0,0,1,0,0
-0.6803939748132622,1.3159577962020186,-1.2350960961969382,1,0,1,0.8824436941098722,0,1,0,0,1,0,0
-0.9462302052857572,0.8052937023320946,0.2064932592782685,0,1,1,-0.2980829869735688,0,1,0,0,0,0,1
0.7155415895934476,0.0434593706319389,1.0714468725633923,1,1,1,-0.8883463275152893,1,0,0,0,0,1,0
0.071712058108824,0.9808187862419836,-0.3701424829118142,0,0,1,1.4727070346515927,0,1,0,0,0,1,0
0.1921562995533156,-1.676410858290781,1.2156058081109131,0,0,1,-0.2980829869735688,0,0,1,0,0,0,1
0.693465463145542,1.7031839576647574,-0.2259835473642935,1,0,1,1.4727070346515927,0,0,1,0,1,0,0
0.0731608039069676,0.6496078542802105,0.2064932592782685,1,1,0,-1.4786096680570098,0,0,1,0,0,1,0
-0.6457534279612165,0.012463835095034,-1.6675729028395,0,0,1,-1.4786096680570098,0,0,1,0,1,0,0
1.7335700878569662,-0.2443054837185103,0.3506521948257892,1,1,1,0.2921803535681517,1,0,0,0,1,0,0
1.001962083281236,0.9795803602300984,-0.3701424829118142,1,0,1,0.2921803535681517,1,0,0,1,0,0,0
-1.6190260292463634,1.617879080851709,1.359764743658434,1,0,1,1.4727070346515927,0,0,1,0,0,1,0
1.3069920616856576,-0.2799163364771737,0.2064932592782685,0,0,1,0.2921803535681517,1,0,0,1,0,0,0
-1.4705899493448789,-1.352135111995566,-0.9467782251018968,1,1,1,1.4727070346515927,0,1,0,0,0,0,1
1.3641140388696134,-0.5898786688941762,-1.6675729028395,0,1,1,0.2921803535681517,0,1,0,0,0,0,1
0.8599936185500363,0.8141754843778977,-0.3701424829118142,1,0,1,-0.8883463275152893,0,1,0,1,0,0,0
-0.6495563856813438,-1.477467312922339,1.5039236792059545,1,0,0,0.8824436941098722,1,0,0,0,0,0,1
0.6389822729510621,0.0672197074402515,-0.2259835473642935,1,1,1,0.8824436941098722,0,1,0,1,0,0,0
-1.655744836439794,0.8251434037620313,-1.5234139672919795,0,0,1,0.8824436941098722,0,0,1,0,1,0,0
1.7165731951894574,0.1486279029708322,0.0623343237307478,1,0,1,0.8824436941098722,0,1,0,0,0,1,0
-0.0939192546587245,-0.7725412728612975,1.6480826147534753,0,1,0,0.2921803535681517,0,0,1,0,0,0,1
-0.9944096265609328,-0.7135154471680585,0.3506521948257892,1,0,1,-1.4786096680570098,0,1,0,0,0,1,0
-1.5591617832302067,-0.5321191774046395,1.5039236792059545,1,0,1,-1.4786096680570098,1,0,0,0,0,0,1
-1.6031933073095062,-1.2039181937787429,0.6389700659208305,1,0,1,-0.8883463275152893,0,0,1,1,0,0,0
1.0757360136569525,-0.7089071069942541,-0.5143014184593349,0,0,1,0.8824436941098722,0,1,0,0,0,1,0
-1.339211126519159,-0.6009512439976242,1.5039236792059545,0,0,1,-1.4786096680570098,1,0,0,0,0,0,1
1.007136175417464,1.163606977072282,0.6389700659208305,1,1,0,0.2921803535681517,0,0,1,0,0,0,1
-0.331729152726652,7.957497618064216e-05,1.5039236792059545,0,0,1,-0.2980829869735688,1,0,0,0,0,0,1
1.6347363045681191,-0.4734945319687717,1.2156058081109131,0,0,1,-0.8883463275152893,0,0,1,0,0,0,1
1.561160714390959,0.3248925539638757,-0.0818246118167728,1,0,1,0.2921803535681517,0,1,0,0,0,1,0
-0.0738610241439476,-0.7179423840950512,-0.5143014184593349,1,0,1,-0.8883463275152893,1,0,0,0,0,0,1
-1.7074771343151791,-0.3158481334417342,-0.9467782251018968,1,1,1,0.8824436941098722,0,0,1,0,0,0,1
0.5130966112766375,0.5179265397150395,-1.0909371606494176,1,0,1,-0.8883463275152893,0,0,1,1,0,0,0
-0.6646819816929166,-0.7395991409451476,-0.0818246118167728,1,1,1,-0.2980829869735688,0,0,1,0,0,0,1
0.669837109056768,-1.3313016468040753,0.0623343237307478,0,1,1,0.8824436941098722,0,1,0,0,0,1,0
0.8198944044942702,1.5485690864738555,0.7831290014683512,0,1,1,-0.2980829869735688,0,0,1,0,0,0,1
-1.002213882199743,0.9611783962506754,0.2064932592782685,1,0,1,-0.2980829869735688,0,1,0,1,0,0,0
0.895574125473497,0.8385288702623243,-1.6675729028395,1,0,1,1.4727070346515927,1,0,0,1,0,0,0
0.723949489314818,1.3960996575288969,1.5039236792059545,1,0,1,0.8824436941098722,1,0,0,1,0,0,0
0.9561282504411506,1.1850683765796584,1.0714468725633923,1,0,1,0.2921803535681517,1,0,0,1,0,0,0
-0.7369209314015517,-0.7803451009981636,-1.5234139672919795,0,0,0,0.8824436941098722,0,1,0,0,0,1,0
0.2895327135571242,1.6469001118175517,0.2064932592782685,1,0,1,-0.8883463275152893,0,0,1,0,0,1,0
-1.3844240683028972,0.171871938230528,1.2156058081109131,1,0,1,-0.8883463275152893,0,1,0,1,0,0,0
0.908647331604366,-0.0805402141355662,0.927287937015872,1,0,0,-0.8883463275152893,0,0,1,0,0,1,0
0.3942390914205892,-0.1184081419074401,-0.8026192895543761,1,1,0,-0.2980829869735688,0,0,1,1,0,0,0
0.0756443681323571,-1.487849160278313,-0.9467782251018968,1,0,1,-0.8883463275152893,0,0,1,1,0,0,0
0.5909235804923987,0.694274915283534,-1.5234139672919795,1,0,1,1.4727070346515927,0,1,0,1,0,0,0
0.2465187609312832,-0.9950009583596524,-0.3701424829118142,1,1,1,0.8824436941098722,0,0,1,0,0,1,0
0.3859519205157312,0.0593740170156597,-0.0818246118167728,1,1,1,-0.8883463275152893,0,1,0,0,1,0,0
-0.69866714354104,0.3638035504049152,-1.2350960961969382,1,0,1,-0.8883463275152893,1,0,0,1,0,0,0
1.6139019602329083,-1.593568879405595,1.0714468725633923,1,0,1,0.2921803535681517,0,1,0,1,0,0,0
0.7091515858052063,-1.6840472372767443,1.0714468725633923,1,0,1,0.8824436941098722,0,1,0,0,0,0,1
-0.4252681150627584,1.1170072737856218,-1.2350960961969382,0,0,1,0.8824436941098722,0,0,1,0,0,1,0
1.5746306009189388,0.4538179345871047,-1.0909371606494176,1,0,0,0.2921803535681517,0,0,1,0,0,1,0
0.0262662821789554,1.1621627281457454,-0.8026192895543761,0,0,1,0.8824436941098722,0,1,0,0,0,0,1
-1.3325279241765315,-0.0261855220477198,-0.6584603540068555,0,0,1,-0.8883463275152893,0,0,1,0,1,0,0
1.1565035919034694,0.1294619522404154,-0.2259835473642935,1,1,1,-0.8883463275152893,1,0,0,0,0,0,1
0.5555672842281748,1.1438863510294996,0.4948111303733098,1,0,0,-0.2980829869735688,0,1,0,0,0,1,0
1.0056270652110642,0.6837500384444976,1.359764743658434,1,0,1,0.8824436941098722,0,1,0,1,0,0,0
-1.687496515182446,-0.4159722601096808,-0.2259835473642935,1,0,1,0.8824436941098722,0,0,1,0,0,1,0
-0.4485342827019964,0.0604833676403906,-1.6675729028395,1,0,0,0.8824436941098722,1,0,0,0,0,0,1
0.2111193472325906,-0.2659831717124695,0.6389700659208305,1,0,0,-0.8883463275152893,0,1,0,0,0,0,1
1.208106537475449,1.1867463566126633,0.2064932592782685,1,0,1,-1.4786096680570098,0,0,1,0,1,0,0
0.3765005788802216,-1.044890339756757,1.0714468725633923,1,0,1,1.4727070346515927,0,1,0,0,1,0,0
-0.8855381045278042,-0.0024426278592927,-0.5143014184593349,0,1,0,0.2921803535681517,0,0,1,0,0,1,0
1.668066081412321,-1.2759597024306977,-1.5234139672919795,1,0,1,-1.4786096680570098,0,1,0,0,1,0,0
-0.4344866225521378,-0.6833536688616905,0.4948111303733098,1,0,1,-1.4786096680570098,0,1,0,1,0,0,0
1.4241852485712192,-1.126807859788001,-1.6675729028395,0,1,0,-0.8883463275152893,0,0,1,0,0,0,1
0.2448026870394341,-1.4708740026055411,-1.0909371606494176,1,1,1,-1.4786096680570098,0,0,1,0,0,1,0
0.0761100364246176,-1.3104612045646302,1.0714468725633923,1,0,1,-0.8883463275152893,0,0,1,0,1,0,0
-1.5375513250745616,-1.3740116458562224,-0.2259835473642935,1,1,1,-0.2980829869735688,1,0,0,0,0,0,1
1.0418457101646592,0.833107704001846,0.2064932592782685,1,0,1,1.4727070346515927,0,0,1,0,1,0,0
0.49173623424091,1.2641706577613483,1.6480826147534753,1,0,1,0.8824436941098722,0,1,0,0,1,0,0
1.3670891418479445,1.4249288196759964,-1.2350960961969382,1,0,1,0.2921803535681517,0,1,0,1,0,0,0
-1.2369969363679771,-0.9218535876069434,-1.2350960961969382,0,0,1,1.4727070346515927,0,1,0,0,0,1,0
-0.0010356773265402,-0.4833984515398772,1.5039236792059545,1,0,1,0.2921803535681517,1,0,0,0,0,0,1
-0.6030068034290802,1.697445335722359,0.927287937015872,0,1,0,-1.4786096680570098,0,0,1,0,1,0,0
1.2148156102787575,0.3373849583260203,-0.3701424829118142,1,1,1,-1.4786096680570098,1,0,0,0,1,0,0
-0.4885817558364004,-0.985941261591015,1.0714468725633923,1,1,1,1.4727070346515927,0,1,0,0,0,0,1
-0.2678291148442377,-0.3855627966009358,1.5039236792059545,1,0,1,0.8824436941098722,0,1,0,1,0,0,0
-1.0171411380127604,-1.217729260204247,-1.0909371606494176,1,0,1,-1.4786096680570098,0,1,0,0,0,1,0
0.415176917598525,1.3209742936811482,-0.3701424829118142,1,0,1,-1.4786096680570098,1,0,0,1,0,0,0
0.5096385930322588,-1.662491647621985,-1.5234139672919795,1,0,1,-1.4786096680570098,0,1,0,0,1,0,0
-1.43436268090439,-1.539437452852286,0.3506521948257892,1,1,0,-0.8883463275152893,1,0,0,0,0,1,0
-0.7426814206465523,0.2923690449249826,-0.2259835473642935,1,0,1,0.8824436941098722,1,0,0,1,0,0,0
-1.6703185292901692,-0.5715988032539531,-1.2350960961969382,1,1,1,-0.8883463275152893,1,0,0,0,0,1,0
-0.5537063288577221,-0.8194165695421517,-1.6675729028395,1,0,1,-0.8883463275152893,0,0,1,0,1,0,0
-1.1491236049210405,1.1856684027037272,-1.6675729028395,1,0,1,-0.8883463275152893,1,0,0,1,0,0,0
-0.2408979652751715,-0.6862665863826038,-0.8026192895543761,0,0,1,0.8824436941098722,0,0,1,1,0,0,0
0.4432894848720297,-1.373174400101708,0.4948111303733098,0,0,1,0.8824436941098722,1,0,0,0,0,1,0
-1.1545132842296109,0.7512460003542367,0.6389700659208305,0,0,0,1.4727070346515927,0,1,0,0,1,0,0
-0.8437314400670829,-1.737617011469734,-0.5143014184593349,1,0,1,0.8824436941098722,0,1,0,0,0,0,1
0.960362382505964,-0.6827362001177364,0.6389700659208305,1,0,1,-0.8883463275152893,1,0,0,0,1,0,0
1.198370620772447,1.2882658928714668,-1.5234139672919795,0,0,1,1.4727070346515927,0,1,0,1,0,0,0
-1.5943542332434502,0.262039817467712,1.5039236792059545,1,0,0,-0.2980829869735688,0,1,0,1,0,0,0
-0.6746334855682616,1.541752510622521,-0.3701424829118142,1,0,1,0.2921803535681517,1,0,0,0,1,0,0
-0.8830804107630958,0.1549909707051391,1.2156058081109131,0,0,1,-0.8883463275152893,1,0,0,1,0,0,0
-1.5461316945338062,1.061871152326896,-0.8026192895543761,0,0,0,0.2921803535681517,1,0,0,1,0,0,0
1.4132592906768844,-1.3898146594726746,-0.5143014184593349,1,0,1,-0.2980829869735688,0,0,1,1,0,0,0
0.3703606562118975,0.2547767105473029,-0.2259835473642935,1,0,1,1.4727070346515927,0,1,0,0,0,0,1
0.6198812494814878,1.0942900056464748,1.359764743658434,1,0,1,-0.2980829869735688,0,0,1,0,0,0,1
-0.7113091753272238,-1.715133474437055,0.0623343237307478,1,0,1,1.4727070346515927,1,0,0,0,0,0,1
-0.1811199541279518,1.0977087591440735,-1.5234139672919795,1,1,0,-1.4786096680570098,0,0,1,1,0,0,0
1.4012295264601549,-1.6596519891045918,-0.8026192895543761,1,0,1,0.2921803535681517,0,0,1,1,0,0,0
1.062895641672213,-1.2226620331079256,-0.3701424829118142,1,0,1,1.4727070346515927,0,1,0,0,0,0,1
0.9111912602380116,1.4938690305122726,-0.9467782251018968,0,1,0,0.8824436941098722,0,1,0,0,0,0,1
-1.4432276254311271,-1.7249955317204348,-0.5143014184593349,1,0,1,-0.8883463275152893,1,0,0,0,0,0,1
-0.741094699058109,-0.7905281024874405,1.6480826147534753,0,0,1,-1.4786096680570098,1,0,0,0,0,1,0
-1.3473516981468243,0.1168509380630476,1.0714468725633923,1,0,0,-0.8883463275152893,0,1,0,1,0,0,0
1.659020043660816,-0.7271346447748199,-0.0818246118167728,1,0,0,1.4727070346515927,0,0,1,0,0,0,1
0.3126005409978068,0.8917044412458967,0.3506521948257892,1,0,1,1.4727070346515927,0,0,1,0,0,0,1
0.4198336005211301,0.5052283124382433,-0.5143014184593349,1,0,0,0.2921803535681517,0,1,0,0,0,0,1
0.7564772818779038,-0.8342393079210272,-0.8026192895543761,1,1,0,-0.8883463275152893,0,0,1,1,0,0,0
0.1388890210108495,1.53594411820058,0.2064932592782685,1,0,0,-1.4786096680570098,0,0,1,0,1,0,0
1.489697878502758,0.3809287146087043,-0.5143014184593349,1,0,1,-0.8883463275152893,1,0,0,0,0,0,1
0.9180641792923008,-1.4234544961842528,1.6480826147534753,1,0,0,-1.4786096680570098,0,0,1,0,1,0,0
-0.7693711125825944,0.5558223756787309,-0.9467782251018968,1,1,1,-0.8883463275152893,0,0,1,0,1,0,0
-0.7274264723315736,-0.3863198063039755,0.4948111303733098,1,0,1,-0.8883463275152893,0,0,1,0,1,0,0
0.0382529289612168,0.8202978439577812,-0.0818246118167728,1,1,1,0.8824436941098722,0,1,0,0,0,1,0
0.4553882369839094,-0.6130529336743291,1.359764743658434,0,0,0,-0.2980829869735688,0,1,0,0,1,0,0
-0.8859434084118087,1.3660948628015002,-0.2259835473642935,0,1,1,-0.2980829869735688,0,0,1,0,0,0,1
-0.4106513047779148,-0.4487713625427679,-1.3792550317444587,1,0,1,-0.2980829869735688,0,0,1,0,1,0,0
1.3935718700985371,1.0510078886620764,-0.6584603540068555,1,1,1,-1.4786096680570098,0,1,0,1,0,0,0
-1.434423045312646,1.4480333139766068,-1.2350960961969382,0,0,1,-1.4786096680570098,0,1,0,1,0,0,0
1.7075875218462082,-0.5927950749390667,0.0623343237307478,1,1,1,0.8824436941098722,0,0,1,1,0,0,0
-1.5831609472554105,0.1952241177335154,1.5039236792059545,0,0,1,0.8824436941098722,0,0,1,0,0,0,1
0.2932149424607396,-0.2536337968333874,1.2156058081109131,1,0,0,-0.8883463275152893,0,1,0,1,0,0,0
0.7717322301928824,-0.3106048819040901,-0.0818246118167728,0,0,0,0.8824436941098722,0,0,1,0,0,0,1
-1.0474354474703749,-0.2908284394776732,-0.5143014184593349,1,0,1,-1.4786096680570098,1,0,0,1,0,0,0
0.0447119206446081,1.237169482178271,0.6389700659208305,0,0,1,1.4727070346515927,1,0,0,0,0,0,1
-0.6781259977602155,-0.5227420249540824,1.6480826147534753,1,0,1,-1.4786096680570098,0,0,1,0,0,1,0
-0.5411505319404758,1.0150167867899045,-1.6675729028395,0,0,0,-1.4786096680570098,0,1,0,0,0,0,1
0.4514214330128011,0.0597612431771223,-1.6675729028395,0,0,1,-0.2980829869735688,1,0,0,0,0,1,0
-1.6023137116463473,1.2457407855901084,-0.8026192895543761,1,0,1,-0.2980829869735688,1,0,0,0,0,1,0
1.4727354797828245,1.5127872960403124,-0.3701424829118142,1,0,1,0.8824436941098722,0,1,0,1,0,0,0
-1.2825893115750386,-1.051508069741395,1.0714468725633923,1,0,1,-1.4786096680570098,0,1,0,1,0,0,0
-1.030533413158697,-1.4412982963273333,0.7831290014683512,1,1,1,-0.8883463275152893,0,1,0,0,0,0,1
-1.112516903057228,0.7284136109238438,0.2064932592782685,1,0,1,-0.2980829869735688,0,1,0,1,0,0,0
-1.2908592355061097,1.4453994783738644,-1.3792550317444587,1,0,0,0.2921803535681517,0,1,0,0,1,0,0
0.3348318902097995,0.2966773720367529,1.6480826147534753,1,0,1,0.2921803535681517,0,0,1,0,0,0,1
0.0615277200873488,1.699967538557832,0.7831290014683512,0,0,0,-0.8883463275152893,0,0,1,0,0,0,1
1.402479932059743,1.1375093291992844,-1.3792550317444587,0,1,1,-1.4786096680570098,0,1,0,0,0,0,1
1.415906701153255,-0.3252043547484285,-0.0818246118167728,1,0,1,1.4727070346515927,1,0,0,1,0,0,0
0.5532303192799789,-0.137197332048326,-1.5234139672919795,0,0,1,0.2921803535681517,0,0,1,0,0,1,0
0.4524907453876217,1.2516817419231812,-1.0909371606494176,1,1,1,1.4727070346515927,0,1,0,0,0,1,0
0.9608021803375436,0.5316922553288411,1.6480826147534753,1,1,1,0.2921803535681517,0,1,0,1,0,0,0
-0.6631038835913672,-0.430742670628899,0.2064932592782685,1,0,1,-0.2980829869735688,0,0,1,1,0,0,0
-1.5421907610233794,-1.6302541975492182,1.0714468725633923,1,0,1,0.8824436941098722,0,1,0,0,1,0,0
0.4110721378371173,0.4376660685729382,1.5039236792059545,1,0,1,0.2921803535681517,1,0,0,0,0,0,1
1.1319611482039618,1.1087499375317276,-0.8026192895543761,1,0,0,0.2921803535681517,0,1,0,0,1,0,0
-1.4556713170187552,-0.1112810874221396,-0.5143014184593349,0,1,1,-0.2980829869735688,1,0,0,0,0,1,0
1.0646117155640624,-1.4734136480609004,0.3506521948257892,1,0,1,-0.2980829869735688,0,1,0,0,1,0,0
-1.6457760855906616,1.4838953404616242,-1.2350960961969382,1,0,1,-1.4786096680570098,1,0,0,0,1,0,0
0.194751969108323,0.2998030895202719,-0.8026192895543761,0,1,1,0.2921803535681517,0,0,1,1,0,0,0
1.437396430492388,-0.1475512712124826,0.0623343237307478,1,0,1,-0.2980829869735688,1,0,0,1,0,0,0
-0.7680430956009625,-0.9405067253127204,-0.0818246118167728,0,1,1,-0.2980829869735688,0,1,0,0,0,1,0
1.5488463751067367,-1.3114275257062984,0.2064932592782685,1,0,1,-1.4786096680570098,0,1,0,0,1,0,0
-0.887374907236165,1.342467089904319,0.0623343237307478,0,0,1,1.4727070346515927,0,1,0,1,0,0,0
0.6904472427327424,0.5271955479223053,1.2156058081109131,1,1,1,-0.8883463275152893,1,0,0,0,1,0,0
-0.582784726663323,0.1607051729796971,1.359764743658434,1,1,1,0.8824436941098722,0,0,1,1,0,0,0
1.0029969017084814,0.6805650160533671,-1.0909371606494176,1,0,0,1.4727070346515927,0,1,0,1,0,0,0
-0.3748897046296865,0.2969424998590157,0.927287937015872,1,1,1,0.8824436941098722,0,0,1,0,0,0,1
-1.5964152466110475,1.4885385658751995,-0.9467782251018968,0,1,1,-0.8883463275152893,0,0,1,0,0,1,0
-0.1018959800354092,-0.160228567345416,-1.0909371606494176,1,0,1,1.4727070346515927,0,1,0,1,0,0,0
-0.8754744953228409,-1.393076429391302,1.0714468725633923,0,0,1,0.8824436941098722,0,0,1,0,0,0,1
1.538455073399812,-0.9186546111199044,-1.0909371606494176,1,0,1,0.2921803535681517,0,0,1,0,0,1,0
-0.5511624002240768,1.1084464359457162,-1.6675729028395,0,0,1,-0.2980829869735688,0,1,0,0,0,1,0
0.4069242406412413,0.7865673056227974,-1.2350960961969382,1,1,1,-1.4786096680570098,1,0,0,0,0,0,1
0.7487592611080306,-1.3715592135002914,0.7831290014683512,1,0,1,-0.8883463275152893,0,0,1,0,1,0,0
-0.3712592166474333,-0.6320863204936147,-0.5143014184593349,1,0,1,-0.8883463275152893,0,1,0,0,0,1,0
0.7716632422977328,-1.174401792408146,0.3506521948257892,1,0,1,0.2921803535681517,0,1,0,1,0,0,0
1.2043466971897905,0.7403618055455544,1.6480826147534753,1,0,0,-1.4786096680570098,1,0,0,0,1,0,0
-0.225815486698067,0.8072019249475909,1.2156058081109131,1,0,1,-0.2980829869735688,0,0,1,0,0,1,0
-0.7210709624909069,-0.6287547800954443,1.359764743658434,1,0,1,0.8824436941098722,1,0,0,0,1,0,0
0.7361258528087408,0.0145464839093877,1.6480826147534753,1,0,1,-0.2980829869735688,0,0,1,0,0,1,0
-1.2398771809904774,0.2234113914688208,-0.3701424829118142,1,0,1,-0.2980829869735688,0,1,0,0,0,1,0
1.6298467874993838,0.5703276583756864,1.359764743658434,1,0,1,-0.2980829869735688,0,1,0,1,0,0,0
-1.568595877891929,1.0095956205294263,1.0714468725633923,0,0,0,0.2921803535681517,0,0,1,0,0,1,0
-0.2075423179702888,1.31951957918268,-0.6584603540068555,1,0,1,1.4727070346515927,0,0,1,0,0,0,1
-1.2356430489256642,-1.5176969714267383,0.0623343237307478,1,0,1,0.2921803535681517,0,0,1,0,0,0,1
-0.3576686013029411,1.2099380640127024,-0.0818246118167728,1,0,1,-0.2980829869735688,1,0,0,0,1,0,0
0.4031730238424762,-0.7057883665586894,-1.3792550317444587,1,0,1,-0.8883463275152893,0,1,0,0,1,0,0
-0.8046670444385621,0.5408740504366782,1.0714468725633923,1,0,1,-0.8883463275152893,1,0,0,0,1,0,0
1.3482209525245,-0.4704944013484298,0.927287937015872,1,0,1,-1.4786096680570098,0,0,1,0,0,0,1
-0.5961770018092594,0.3955735382647454,-1.3792550317444587,1,0,0,1.4727070346515927,0,0,1,0,0,1,0
1.719565545141576,-0.1757315678998342,-0.5143014184593349,1,0,0,-0.8883463275152893,1,0,0,0,0,0,1
-0.8180851900451799,-0.1289434843184086,0.6389700659208305,1,0,0,-0.8883463275152893,0,1,0,1,0,0,0
-0.5815515680375218,-1.267667480937032,-0.9467782251018968,1,0,1,0.8824436941098722,1,0,0,0,0,1,0
0.982257415729102,-0.9389334009990294,-1.6675729028395,1,1,1,-1.4786096680570098,0,0,1,0,1,0,0
1.270661311402444,1.0092990959913697,-0.3701424829118142,1,0,1,1.4727070346515927,0,1,0,0,0,1,0
-0.9809914809543148,1.2994012614065034,-1.0909371606494176,0,1,1,0.2921803535681517,1,0,0,0,1,0,0
-0.6196501331339468,0.0600368365713165,1.6480826147534753,1,0,1,-0.8883463275152893,1,0,0,0,0,1,0
-0.6406655706939256,-1.608147421106071,-0.5143014184593349,1,0,1,0.2921803535681517,0,0,1,0,0,0,1
0.884242863695158,-0.1923962469386404,0.927287937015872,1,1,0,-0.2980829869735688,0,0,1,1,0,0,0
0.408079787884999,-1.4597560766903903,1.6480826147534753,0,0,1,0.8824436941098722,0,0,1,0,0,1,0
-0.0552687864011021,-0.7936049806352796,-0.5143014184593349,0,1,1,-1.4786096680570098,1,0,0,0,1,0,0
-1.405439505862876,-0.4908918010427778,-1.5234139672919795,0,0,1,0.8824436941098722,0,0,1,0,0,1,0
0.6154574007050129,-0.2778441532347516,-0.2259835473642935,1,0,1,1.4727070346515927,1,0,0,0,0,1,0
0.7100742989028334,-0.8250889095289843,1.0714468725633923,0,0,1,-0.2980829869735688,0,1,0,0,0,1,0
-0.817058995104828,0.6747775547752888,-0.2259835473642935,1,0,1,-1.4786096680570098,0,1,0,0,0,0,1
1.248723160744838,-1.552847339020419,1.6480826147534753,0,0,1,1.4727070346515927,0,1,0,0,1,0,0
1.16960266849502,0.3155712178969527,1.2156058081109131,0,0,0,-0.8883463275152893,0,1,0,0,0,0,1
-1.5180449977209824,-1.6348381180551823,-1.5234139672919795,1,0,1,-1.4786096680570098,0,1,0,1,0,0,0
1.1462157720392694,1.1194945913813243,0.0623343237307478,1,0,0,-1.4786096680570098,1,0,0,0,0,0,1
-0.472749033899543,-0.1462814484848032,1.0714468725633923,0,1,0,0.8824436941098722,1,0,0,0,0,1,0
1.104090038563481,0.3229250264407676,0.4948111303733098,1,0,1,0.2921803535681517,0,0,1,1,0,0,0
-0.7733982809619584,0.298944912621895,0.0623343237307478,0,0,1,-0.8883463275152893,1,0,0,0,0,1,0
0.1902160150022301,-0.4695420343026701,-1.6675729028395,0,1,1,-1.4786096680570098,0,1,0,1,0,0,0
-0.7923785756150209,1.5160665085788256,-0.9467782251018968,0,0,1,0.8824436941098722,0,0,1,0,0,0,1
-1.1914907960298529,-0.5883646494880966,-1.5234139672919795,1,0,1,-0.2980829869735688,0,1,0,0,0,1,0
0.1493579340998171,1.0142318688950476,1.6480826147534753,1,1,1,0.2921803535681517,0,1,0,0,1,0,0
-1.1818238672220005,-1.0522511253485265,1.0714468725633923,1,0,1,-0.8883463275152893,1,0,0,0,0,0,1
0.4112877250094601,-0.6552745393696762,0.7831290014683512,1,0,1,-0.2980829869735688,0,1,0,0,0,0,1
0.5791783913431615,1.1529948871338165,0.2064932592782685,1,0,0,-0.2980829869735688,1,0,0,1,0,0,0
-0.8738360328130353,0.7527879279521335,-0.8026192895543761,1,0,1,-1.4786096680570098,0,1,0,0,1,0,0
-0.4692565217075893,0.4008656291380695,-0.8026192895543761,1,0,0,-0.8883463275152893,1,0,0,0,0,0,1
-0.0508880550590958,0.454560990194236,0.0623343237307478,1,0,1,1.4727070346515927,0,0,1,0,0,1,0
1.4167086854343698,-1.3964393665052668,1.0714468725633923,1,1,1,-0.8883463275152893,0,0,1,1,0,0,0
1.6103922010671674,0.1865935094140663,-1.3792550317444587,0,0,1,-1.4786096680570098,1,0,0,0,0,1,0
-0.7632139429404833,-0.6103039767803413,0.2064932592782685,1,1,0,0.8824436941098722,1,0,0,0,0,0,1
0.3049601316099772,1.1981538300179173,0.927287937015872,1,0,1,-0.8883463275152893,0,0,1,1,0,0,0
1.3435470226281072,1.6644194792307574,-1.2350960961969382,1,0,0,-1.4786096680570098,0,0,1,0,1,0,0
-1.042451072045809,-0.2628783853728131,-0.3701424829118142,0,0,1,-0.2980829869735688,0,1,0,0,0,0,1
0.1484697149497645,1.2020749309682246,-0.0818246118167728,1,1,1,-1.4786096680570098,1,0,0,0,0,0,1
-1.6101783316934135,-1.0950588030720332,1.6480826147534753,0,0,0,-0.8883463275152893,0,0,1,1,0,0,0
1.468768675811716,-0.7008765247988737,1.6480826147534753,0,0,1,0.2921803535681517,0,0,1,0,0,1,0
1.3816369642376385,-0.330949953738781,1.5039236792059545,1,0,1,-0.8883463275152893,0,1,0,0,0,1,0
0.8606921209884275,-0.0051043716538519,-0.2259835473642935,1,1,1,-1.4786096680570098,1,0,0,0,1,0,0
0.9756863187160918,1.0119817709297914,-1.2350960961969382,1,1,1,-1.4786096680570098,1,0,0,0,1,0,0
-1.0680110871987742,-1.5366082599068238,-1.2350960961969382,0,0,1,-0.8883463275152893,1,0,0,1,0,0,0
1.26700495295951,0.0460094816592294,1.359764743658434,1,0,0,0.8824436941098722,0,0,1,0,0,0,1
-0.1479971409691997,-0.845922374720475,0.0623343237307478,1,0,1,-0.8883463275152893,1,0,0,0,1,0,0
-0.5185828667396284,-1.383580667125522,-0.9467782251018968,1,0,1,-0.2980829869735688,0,0,1,0,1,0,0
0.7693780182708987,0.9492685753927136,0.927287937015872,1,0,0,0.8824436941098722,0,0,1,0,0,0,1
-1.0990211460685668,1.4878652807476114,-1.0909371606494176,0,0,0,0.8824436941098722,0,0,1,0,1,0,0
0.1922511579091461,0.0174035850466667,0.0623343237307478,0,1,1,0.2921803535681517,1,0,0,1,0,0,0
1.272920664968597,-0.7806555796321294,0.0623343237307478,1,0,1,-0.2980829869735688,0,0,1,0,0,1,0
-0.0124704209476036,0.9708974240509926,-1.0909371606494176,1,1,1,-1.4786096680570098,1,0,0,0,1,0,0
-0.8902465283717717,-1.2372929026680584,1.0714468725633923,1,1,1,0.8824436941098722,0,1,0,0,1,0,0
-0.6384148406146664,-1.185024347918543,1.5039236792059545,1,1,1,-0.8883463275152893,1,0,0,1,0,0,0
1.3136321465938168,-1.123668188208573,-1.5234139672919795,1,1,1,0.8824436941098722,0,1,0,1,0,0,0
-0.5918135174410405,0.1108088145346381,0.7831290014683512,1,0,1,-0.8883463275152893,1,0,0,0,1,0,0
1.2164799432492446,1.5002425638185108,-0.3701424829118142,1,1,0,-0.2980829869735688,0,1,0,0,1,0,0
1.4481671656226358,-0.3438784235980684,1.5039236792059545,1,0,0,0.2921803535681517,0,0,1,1,0,0,0
0.9764279385889516,-0.719166856011028,0.0623343237307478,1,0,0,-0.2980829869735688,0,1,0,0,1,0,0
-1.1303244034927455,1.2193954525147337,0.927287937015872,0,0,1,1.4727070346515927,0,0,1,1,0,0,0
1.0256335548044784,0.7992062279919819,-0.6584603540068555,1,1,1,1.4727070346515927,0,1,0,0,1,0,0
-1.6333927584112895,0.9444613893522118,0.3506521948257892,0,1,1,-0.8883463275152893,0,1,0,0,0,0,1
0.0279306151494423,-1.5144142703642478,-1.2350960961969382,0,0,1,-1.4786096680570098,0,0,1,1,0,0,0
0.4613211959667838,0.409960211146478,0.0623343237307478,0,1,0,0.2921803535681517,0,0,1,0,0,0,1
1.433576225798473,-1.486942144044256,1.2156058081109131,1,0,1,-0.2980829869735688,1,0,0,0,0,1,0
-0.7382230779225025,0.4636381295827591,1.0714468725633923,0,0,0,-1.4786096680570098,1,0,0,0,1,0,0
1.5135676902245565,1.4116445203710404,1.2156058081109131,0,0,0,-0.2980829869735688,0,1,0,0,0,0,1
-0.2504010478320434,-0.8331683310600446,-1.3792550317444587,1,1,1,1.4727070346515927,1,0,0,0,0,1,0
-0.9384690670814154,-0.0078951908355653,-1.5234139672919795,0,0,1,0.8824436941098722,1,0,0,0,0,0,1
-1.3330280864163668,-1.461175905949087,-0.2259835473642935,1,0,0,0.2921803535681517,1,0,0,0,0,0,1
-1.4077074829159228,1.6463524135531404,-0.5143014184593349,1,0,1,-0.8883463275152893,1,0,0,0,0,1,0
1.5348763263389216,1.28643092925949,-1.2350960961969382,1,1,0,-0.2980829869735688,1,0,0,0,1,0,0
-0.4686787480857105,1.7210486889517,-0.2259835473642935,0,0,1,-0.2980829869735688,1,0,0,1,0,0,0
1.5544171476400754,1.736255164968061,0.7831290014683512,0,1,1,-0.8883463275152893,0,1,0,0,0,0,1
-1.0970377440830128,-0.0243854436755147,-0.6584603540068555,1,0,0,-0.2980829869735688,1,0,0,0,0,1,0
-1.3028027648539022,0.9071551139406576,1.5039236792059545,1,1,1,-0.2980829869735688,1,0,0,0,1,0,0
-0.373699663438354,-0.8945977497735345,-1.0909371606494176,0,0,1,1.4727070346515927,0,0,1,0,1,0,0
-1.222699195098201,0.405303031636994,-0.3701424829118142,1,0,1,-0.8883463275152893,0,1,0,0,0,0,1
-0.4453522160382163,-1.4285616952867883,-0.6584603540068555,1,0,1,1.4727070346515927,1,0,0,0,0,0,1
-0.8086942128179262,-0.8219631920454652,-1.6675729028395,1,0,1,0.8824436941098722,0,0,1,0,1,0,0
1.6311230635596536,1.3833421253444893,-0.5143014184593349,1,0,0,0.8824436941098722,1,0,0,0,0,1,0
1.3545505919044851,-1.0014686818132732,1.0714468725633923,1,0,0,-0.2980829869735688,0,1,0,1,0,0,0
0.2546765795327359,1.0717053014184588,-1.0909371606494176,1,0,1,-1.4786096680570098,1,0,0,0,1,0,0
1.2894950067783135,-1.080410490892015,-1.5234139672919795,0,0,1,0.2921803535681517,1,0,0,0,1,0,0
-1.3685654759053587,-1.3599005663686836,-1.3792550317444587,1,1,1,0.2921803535681517,0,0,1,1,0,0,0
-0.6196846270815216,-0.2466497718311497,1.5039236792059545,1,0,1,-1.4786096680570098,0,0,1,0,0,1,0
-0.8690499975870245,-1.2537831555080077,-1.5234139672919795,0,1,1,0.8824436941098722,0,1,0,0,0,1,0
-1.0476165406951428,1.5927826393601507,0.6389700659208305,1,0,1,-1.4786096680570098,0,1,0,0,1,0,0
0.0086829924026744,0.3149432835810671,-0.5143014184593349,0,0,1,0.2921803535681517,0,1,0,0,0,0,1
-1.4203926321365747,0.6862687527559936,0.3506521948257892,1,0,1,-0.8883463275152893,1,0,0,0,1,0,0
-0.2330333452281052,-0.3827370921794509,1.5039236792059545,1,1,1,1.4727070346515927,0,1,0,0,0,1,0
-0.6561016122336722,-0.8151605702900387,0.7831290014683512,0,0,1,-1.4786096680570098,1,0,0,0,1,0,0
-0.953724015396394,-1.470249556813633,-1.6675729028395,1,0,1,0.8824436941098722,1,0,0,0,1,0,0
-0.9999717756073776,0.498429179206794,-0.9467782251018968,0,1,1,0.8824436941098722,0,1,0,0,0,1,0
-0.4898149144622016,-1.17034463902273,1.359764743658434,1,0,1,0.8824436941098722,0,0,1,0,0,0,1
1.0008927709064157,0.8082240624728936,-1.0909371606494176,1,1,1,0.8824436941098722,0,0,1,1,0,0,0
0.2649471524231482,-0.775998400122645,1.5039236792059545,1,0,1,0.2921803535681517,0,0,1,1,0,0,0
-0.6977013130089442,-1.6794737823427115,-1.6675729028395,0,0,1,1.4727070346515927,0,0,1,0,1,0,0
-1.4231435244556692,0.6710727423115642,-1.5234139672919795,1,0,1,-0.8883463275152893,0,0,1,0,0,0,1
0.2148274465968874,-1.7103018687287137,1.5039236792059545,0,0,1,1.4727070346515927,1,0,0,1,0,0,0
-0.4037438917760503,-0.6573048603243727,-0.8026192895543761,0,0,1,0.8824436941098722,0,0,1,0,1,0,0
-0.2204861717977524,-1.215269850800362,0.4948111303733098,1,0,1,1.4727070346515927,0,1,0,0,0,0,1
-1.456964840052812,0.0502654809113423,1.6480826147534753,1,0,1,0.2921803535681517,0,1,0,1,0,0,0
-0.6596889827814567,-1.1212506410924137,0.0623343237307478,0,0,0,-0.2980829869735688,1,0,0,1,0,0,0
1.7324404110738894,1.1398536173119234,1.2156058081109131,0,0,1,-0.2980829869735688,0,1,0,0,0,0,1
-1.0493671085345666,-1.700642145836008,0.4948111303733098,1,0,1,-1.4786096680570098,0,1,0,0,0,0,1
-0.4116343822837979,-0.2063642969431161,-1.3792550317444587,1,0,1,0.8824436941098722,0,1,0,1,0,0,0
0.4046476401013011,0.9934123577994656,1.0714468725633923,1,1,1,1.4727070346515927,0,1,0,1,0,0,0
1.340459814320158,-0.3125514782833352,-1.6675729028395,1,1,1,0.8824436941098722,0,1,0,0,0,0,1
0.3264671079228979,0.2579617329384331,-1.2350960961969382,1,0,1,-0.2980829869735688,1,0,0,1,0,0,0
0.0531974317480216,-0.193857938485063,-0.9467782251018968,1,0,1,-0.2980829869735688,0,1,0,1,0,0,0
0.2662234284834177,-0.6060933283399311,0.2064932592782685,1,0,1,1.4727070346515927,1,0,0,0,0,0,1
1.172379431274795,-0.0710967797294432,-1.5234139672919795,1,0,1,1.4727070346515927,0,0,1,0,0,1,0
1.5678784106811614,1.6901578091341098,1.6480826147534753,1,0,1,0.8824436941098722,0,0,1,0,1,0,0
-0.765568154862467,-1.3205883896702728,-0.5143014184593349,1,0,1,0.2921803535681517,0,1,0,0,0,1,0
0.2058676437143192,-0.963991468726839,-1.0909371606494176,1,0,1,1.4727070346515927,0,1,0,0,0,1,0
-0.7791760171807461,-0.943224285490914,0.0623343237307478,1,0,1,0.8824436941098722,0,0,1,0,1,0,0
1.3234111807312876,-0.1648822583309231,-1.2350960961969382,1,0,1,0.2921803535681517,0,0,1,1,0,0,0
0.2733378051707311,-1.0784290092729982,-1.6675729028395,0,1,1,-0.8883463275152893,0,0,1,0,1,0,0
-0.9923054957588666,1.5743527671889106,1.359764743658434,1,1,0,-0.8883463275152893,1,0,0,1,0,0,0
-0.2565840879348358,-0.9081820621405248,-0.3701424829118142,0,0,1,1.4727070346515927,0,1,0,0,0,1,0
-0.4037870092105191,0.3257995701979324,-0.3701424829118142,1,1,1,-1.4786096680570098,0,1,0,0,0,1,0
-0.1224285023293401,-1.2801040689155423,1.6480826147534753,1,0,1,-0.2980829869735688,1,0,0,0,0,1,0
0.9270929700700188,0.2777695720806444,1.5039236792059545,1,0,1,1.4727070346515927,1,0,0,0,1,0,0
0.6848764701994037,1.7091039828539667,0.3506521948257892,1,0,0,1.4727070346515927,0,1,0,0,1,0,0
0.7815716287386093,0.3718585522681356,-0.3701424829118142,1,0,1,1.4727070346515927,1,0,0,0,0,1,0
-0.9168586089257704,0.9387471870776536,0.4948111303733098,1,0,1,1.4727070346515927,1,0,0,1,0,0,0
-0.0207920858000369,1.3759569200848802,-0.3701424829118142,1,0,1,1.4727070346515927,1,0,0,0,0,1,0
1.1594528244211193,-0.9474419109792784,1.2156058081109131,1,0,1,0.8824436941098722,1,0,0,0,0,1,0
-0.5707980798810617,-0.7560056692096454,0.4948111303733098,0,0,1,-0.8883463275152893,1,0,0,1,0,0,0
0.4458161665318875,0.5398798211031927,-0.5143014184593349,1,0,1,-1.4786096680570098,1,0,0,0,0,0,1
0.9722283004717136,-0.9274456915423016,-1.0909371606494176,0,0,0,-0.8883463275152893,0,0,1,1,0,0,0
0.5247728125307255,-1.463607407161155,-0.3701424829118142,1,0,1,-0.8883463275152893,0,0,1,0,0,0,1
-0.8216466901322833,-0.8935372384844834,0.4948111303733098,1,0,1,1.4727070346515927,1,0,0,0,0,1,0
0.990165153210636,0.0775387613646369,-0.2259835473642935,1,0,0,-0.8883463275152893,0,1,0,0,0,0,1
-0.1592939087999639,-0.1159591980754867,-1.3792550317444587,1,0,1,0.8824436941098722,1,0,0,1,0,0,0
0.779260534251094,1.1642000261483962,-1.3792550317444587,1,1,0,-0.2980829869735688,0,1,0,0,0,0,1
-1.514216169540174,1.1486237665904582,-1.3792550317444587,1,0,1,0.2921803535681517,1,0,0,0,0,0,1
0.0463245126937324,0.3917152307460267,0.3506521948257892,1,0,0,0.8824436941098722,1,0,0,1,0,0,0
0.4318547412509663,-1.195308516603157,0.0623343237307478,1,0,1,-0.8883463275152893,0,1,0,0,1,0,0
-1.0496085661675905,0.7076464276879187,0.4948111303733098,1,0,1,-1.4786096680570098,0,1,0,0,1,0,0
0.9047581390153016,1.6523596518417785,0.0623343237307478,1,0,1,-0.2980829869735688,1,0,0,0,0,0,1
-0.5059494584403386,-1.3305411485770582,0.4948111303733098,0,0,0,0.8824436941098722,1,0,0,0,1,0,0
1.0224946055751674,-0.7870639981781388,-1.0909371606494176,0,0,1,-0.2980829869735688,1,0,0,0,0,1,0
0.9013087442578164,0.3852335531964973,1.2156058081109131,1,0,0,-0.2980829869735688,0,0,1,1,0,0,0
1.0101543958302637,0.5782117225640268,-0.3701424829118142,1,0,0,-0.2980829869735688,1,0,0,0,1,0,0
-0.9273965099098878,1.2413975732385671,-0.2259835473642935,1,1,1,-0.8883463275152893,0,1,0,0,0,0,1
0.630781336915141,-1.5566009908198235,1.0714468725633923,0,0,0,0.8824436941098722,0,0,1,0,0,0,1
0.6948021036140674,1.1918779753830393,0.2064932592782685,1,1,0,-0.2980829869735688,1,0,0,0,0,1,0
1.4185713586034117,-0.5858947745122801,-0.9467782251018968,1,0,1,-0.8883463275152893,0,0,1,0,0,1,0
0.1927599436358754,-1.309177427741042,0.4948111303733098,1,1,1,0.2921803535681517,0,1,0,0,1,0,0
0.806312412636672,0.3835904584032635,1.6480826147534753,1,0,1,0.8824436941098722,1,0,0,0,1,0,0
-0.3794860231440355,0.97386615795554,1.6480826147534753,0,1,0,0.2921803535681517,1,0,0,0,0,0,1
-1.4263428380932368,-0.642157689215623,0.2064932592782685,1,1,1,-0.8883463275152893,0,0,1,0,0,0,1
-0.1471089218191471,0.7848335092061578,-1.0909371606494176,1,0,1,1.4727070346515927,0,0,1,0,1,0,0
-0.9886663842897196,0.3288031893422516,1.2156058081109131,1,0,1,-0.2980829869735688,1,0,0,0,0,0,1
1.6400138785470724,1.4875234053978517,1.6480826147534753,1,0,1,-0.8883463275152893,1,0,0,1,0,0,0
1.4918106327917178,0.8790899385445521,-1.5234139672919795,1,0,1,-1.4786096680570098,0,1,0,0,1,0,0
-1.2105831960125335,-0.3723133825357512,1.6480826147534753,0,0,1,0.8824436941098722,1,0,0,0,0,1,0
0.4812414506912615,-0.0198364084093218,-0.6584603540068555,1,0,1,1.4727070346515927,0,1,0,0,1,0,0
-0.4746548245030536,1.255034213465214,0.7831290014683512,0,0,0,0.2921803535681517,1,0,0,1,0,0,0
0.5610604453794704,-1.6488898926351097,1.5039236792059545,0,0,0,-0.8883463275152893,0,1,0,1,0,0,0
1.6407727453937184,0.8214176601544437,0.2064932592782685,1,1,0,1.4727070346515927,0,0,1,0,0,0,1
1.5827453020859226,-1.1584069099729508,0.3506521948257892,0,0,1,0.2921803535681517,1,0,0,0,1,0,0
-1.5549190276785,-1.632507784038452,-0.6584603540068555,0,0,1,-1.4786096680570098,0,0,1,0,0,1,0
-0.599281457090996,1.0504462363017568,0.2064932592782685,1,0,0,-0.2980829869735688,0,1,0,0,0,0,1
0.1206072287961774,-1.4441867941804063,-1.0909371606494176,1,1,1,-0.2980829869735688,0,0,1,0,0,1,0
-1.212144047140296,0.3505157625759821,0.0623343237307478,1,1,1,0.8824436941098722,1,0,0,1,0,0,0
-0.9320876867800678,-1.1412015097176875,-0.8026192895543761,1,0,1,-0.8883463275152893,0,0,1,0,0,1,0
0.1426143673489333,0.3543461619028839,-1.0909371606494176,1,0,1,0.2921803535681517,0,1,0,0,0,0,1
-1.655141192357234,0.0393673320067514,0.0623343237307478,1,1,1,0.2921803535681517,1,0,0,0,0,1,0
1.3489970663449344,-1.5360361419745727,-0.9467782251018968,1,0,1,-1.4786096680570098,0,1,0,1,0,0,0
0.9474530226260752,-0.4154489815131095,-0.8026192895543761,1,0,1,0.2921803535681517,0,0,1,1,0,0,0
0.762582710598653,1.4554848011917814,1.5039236792059545,1,0,1,0.2921803535681517,0,0,1,0,0,1,0
-0.0022947064130223,0.8566901260873245,0.0623343237307478,1,0,1,-0.8883463275152893,0,1,0,0,0,0,1
1.1358330938192387,1.4094467502654413,-0.0818246118167728,0,0,1,1.4727070346515927,0,0,1,1,0,0,0
1.2226198659175682,0.6805545504814354,-1.0909371606494176,1,0,1,1.4727070346515927,0,1,0,0,0,0,1
0.2908262365911811,1.0840093254858378,-0.0818246118167728,1,0,1,0.8824436941098722,0,1,0,0,0,1,0
1.4673113065266787,1.2828726348028057,-1.3792550317444587,0,0,1,-0.8883463275152893,0,0,1,0,0,1,0
0.0430044702396529,0.2504160555758756,-0.9467782251018968,0,0,1,0.2921803535681517,0,1,0,1,0,0,0
1.3148049408113611,0.6602652950303788,-1.5234139672919795,1,1,1,-1.4786096680570098,1,0,0,0,0,1,0
0.9372945550652813,-0.0680826950131929,-1.2350960961969382,1,0,1,-1.4786096680570098,0,1,0,0,0,1,0
1.4432690250670064,1.5799344055523374,-0.3701424829118142,1,0,1,1.4727070346515927,0,0,1,0,1,0,0
0.3888149181644437,-0.3945073720783272,-1.6675729028395,1,0,1,-1.4786096680570098,1,0,0,0,0,1,0
-1.5055581886988858,0.1978858615280746,-1.5234139672919795,0,0,1,0.8824436941098722,0,1,0,0,0,0,1
-1.326344884073739,0.0244573805284475,-1.2350960961969382,0,0,1,1.4727070346515927,0,0,1,0,1,0,0
1.4129143512011362,0.6738461188733919,0.2064932592782685,0,1,1,0.2921803535681517,0,0,1,1,0,0,0
0.713454705765169,0.9231639504717616,-1.5234139672919795,1,1,1,0.8824436941098722,1,0,0,0,0,1,0
-0.6433302281440831,-0.0481318263879188,0.6389700659208305,1,1,1,-0.8883463275152893,0,1,0,0,1,0,0
0.2758644868305889,0.5283328067388535,0.927287937015872,1,0,1,1.4727070346515927,0,1,0,1,0,0,0
-0.6304812326724504,-1.2946337712803375,1.0714468725633923,1,0,1,1.4727070346515927,0,0,1,0,0,0,1
0.3278986067472542,0.443174447932845,-0.6584603540068555,0,0,1,0.2921803535681517,0,1,0,0,0,0,1
-0.6825498465366905,-1.2864287628861004,0.0623343237307478,1,0,1,1.4727070346515927,1,0,0,1,0,0,0
0.6802887751719482,1.5389093635811506,-0.5143014184593349,0,0,1,0.8824436941098722,0,1,0,0,0,0,1
-0.2286526138860986,-1.1191540381821514,0.927287937015872,0,0,0,0.2921803535681517,0,1,0,0,0,1,0
-1.221526400880656,0.4575541437666236,-1.6675729028395,1,0,1,-1.4786096680570098,0,0,1,0,1,0,0
-1.045805608447463,-0.5968033889888026,-0.2259835473642935,1,0,1,1.4727070346515927,0,1,0,1,0,0,0
-0.4644187455602162,0.7313962989243,0.7831290014683512,0,0,1,-0.8883463275152893,0,0,1,0,0,0,1
-0.3451559218201636,0.2697041046454926,-0.8026192895543761,0,0,0,0.2921803535681517,0,1,0,0,0,0,1
-0.2654835264091475,0.890110185788343,0.7831290014683512,1,1,1,-0.8883463275152893,0,0,1,1,0,0,0
1.706026670718446,-0.1013946104709198,0.927287937015872,1,0,1,0.8824436941098722,0,0,1,0,0,1,0
-1.2725515728307566,-1.3573365012454846,-1.0909371606494176,1,0,1,1.4727070346515927,0,0,1,1,0,0,0
0.4293280595911081,0.4649288834543015,1.0714468725633923,0,0,1,-0.2980829869735688,1,0,0,0,0,1,0
-0.4126088363027876,0.5688450356854012,-0.0818246118167728,1,0,1,-0.8883463275152893,1,0,0,0,0,1,0
1.4963724573584918,0.3815322292567497,-1.5234139672919795,1,1,1,0.2921803535681517,1,0,0,0,1,0,0
0.5708567264907283,1.6884833176250813,-0.0818246118167728,1,0,0,1.4727070346515927,0,1,0,0,1,0,0
-1.480929510130441,0.7155409574481904,0.0623343237307478,0,0,0,-0.2980829869735688,0,1,0,0,1,0,0
1.5472769004920803,0.1087122116243758,0.7831290014683512,1,0,1,0.8824436941098722,1,0,0,1,0,0,0
-0.5090107962876069,-1.340099704274427,1.2156058081109131,1,1,1,1.4727070346515927,0,1,0,0,1,0,0
1.34413341973688,-1.463066685944698,-1.5234139672919795,1,0,1,0.2921803535681517,1,0,0,0,0,0,1
1.5032712468734624,1.3198858742002804,-0.6584603540068555,0,1,1,-0.8883463275152893,1,0,0,0,1,0,0
-1.1998297078560736,1.718686958219175,-0.9467782251018968,1,0,0,0.8824436941098722,0,1,0,0,0,0,1
0.8473688337376404,-0.0030949818430185,0.2064932592782685,1,0,0,1.4727070346515927,0,0,1,0,0,0,1
1.463956770125024,-0.3168074775354482,1.359764743658434,1,0,0,-0.8883463275152893,0,0,1,0,0,1,0
0.3926092523976776,-0.3151992679819859,1.2156058081109131,1,1,1,1.4727070346515927,0,0,1,1,0,0,0
-0.9099425724370124,-0.6216207485621894,1.6480826147534753,0,0,1,0.8824436941098722,0,0,1,0,0,0,1
-0.0750424418483866,0.6220380492888591,-1.5234139672919795,1,1,1,0.2921803535681517,0,0,1,1,0,0,0
-1.1540907333718189,-0.8530668718256614,0.4948111303733098,1,0,1,1.4727070346515927,0,0,1,0,1,0,0
0.5828175028123087,-0.8445618503693897,-1.6675729028395,0,0,1,-0.2980829869735688,0,1,0,0,1,0,0
1.3178921491193107,1.3095144924162372,-0.8026192895543761,0,0,1,0.2921803535681517,0,1,0,0,1,0,0
0.1077496098376512,-0.8938058548307233,1.5039236792059545,1,0,1,-1.4786096680570098,0,1,0,0,1,0,0
0.2329195220998976,-0.5004503567401464,0.4948111303733098,1,0,1,-1.4786096680570098,0,0,1,0,1,0,0
-0.108570558891143,-1.399662762660146,-0.2259835473642935,1,0,0,0.2921803535681517,0,0,1,0,0,1,0
0.307943858075202,0.4942220192903608,0.3506521948257892,1,0,1,1.4727070346515927,1,0,0,0,0,1,0
1.5310043807236438,1.0071048144097472,-1.6675729028395,1,0,0,1.4727070346515927,0,1,0,0,0,0,1
-1.6826673625219664,-0.2831362441080757,-0.8026192895543761,0,0,1,0.2921803535681517,0,0,1,0,0,1,0
-1.6805201142854318,-1.3514304301521831,-0.0818246118167728,1,1,1,0.2921803535681517,1,0,0,0,1,0,0
1.1513467467410292,0.9176555711118546,-1.6675729028395,0,0,1,1.4727070346515927,1,0,0,0,1,0,0
-0.7341441686217762,-0.0455433415968796,-0.8026192895543761,1,1,1,1.4727070346515927,0,1,0,0,1,0,0
-1.4009811631388265,1.1506471104972005,1.359764743658434,0,0,0,-0.8883463275152893,0,0,1,0,0,1,0
1.5258130416136289,0.9623610058789264,0.927287937015872,1,0,0,-1.4786096680570098,0,0,1,0,0,0,1
-0.5865531904358756,-0.5097507616632063,-1.3792550317444587,1,1,1,-1.4786096680570098,1,0,0,0,0,1,0
0.2766837180854918,-1.0101271983245392,0.927287937015872,1,0,0,1.4727070346515927,1,0,0,0,0,0,1
-1.5893267403844151,1.4519509264029369,0.0623343237307478,0,1,0,1.4727070346515927,0,0,1,0,0,0,1
-0.0832347543974141,0.9346028205928094,-0.9467782251018968,1,0,1,-0.2980829869735688,0,0,1,1,0,0,0
0.3239490497499336,1.1386605421117415,0.4948111303733098,1,0,0,-0.2980829869735688,0,1,0,0,0,1,0
1.3313102947259283,1.231186663557473,1.6480826147534753,1,0,1,0.2921803535681517,0,0,1,1,0,0,0
0.5260232181303137,-0.144411599633055,0.927287937015872,1,0,1,0.8824436941098722,0,1,0,0,1,0,0
1.047416482697998,-1.2992037376903935,-1.3792550317444587,0,0,1,-0.8883463275152893,0,1,0,0,1,0,0
-0.1143655420837184,0.3482063597031142,-1.6675729028395,1,0,0,0.8824436941098722,0,1,0,0,1,0,0
-0.9300870378207262,-1.5439027635430276,-0.6584603540068555,1,1,1,0.2921803535681517,0,1,0,0,1,0,0
-1.295929845799613,-0.4107918020036252,0.7831290014683512,1,0,1,-0.2980829869735688,0,1,0,0,0,0,1
1.4515389489980774,1.010771253109723,0.2064932592782685,0,0,1,-0.2980829869735688,1,0,0,0,1,0,0
0.5770138961328397,0.6351269912510952,-1.0909371606494176,1,0,1,0.2921803535681517,0,0,1,1,0,0,0
0.6964233191500855,-0.5254944703720472,1.5039236792059545,0,0,1,-0.2980829869735688,0,0,1,0,1,0,0
0.1353878853320016,-1.0753346885052737,-0.6584603540068555,1,0,1,-0.2980829869735688,0,1,0,1,0,0,0
1.036852711253199,1.117464270426628,-0.3701424829118142,0,1,1,0.8824436941098722,0,0,1,0,1,0,0
-1.2834947776988783,0.5334574484612746,0.7831290014683512,1,0,1,0.2921803535681517,0,0,1,0,1,0,0
0.3297526564294025,0.2398039656374103,1.2156058081109131,0,1,1,-1.4786096680570098,0,1,0,1,0,0,0
-1.3544143339127754,1.0761252612974974,-1.2350960961969382,1,0,0,-1.4786096680570098,0,0,1,1,0,0,0
-0.3064795831018598,0.5026537817431126,-0.5143014184593349,1,0,1,0.8824436941098722,0,0,1,0,0,1,0
-0.3679305507064598,-0.0198747821730703,-0.6584603540068555,0,0,1,-0.2980829869735688,1,0,0,1,0,0,0
-0.9490155915524268,-0.8484376005079942,-0.2259835473642935,1,0,0,0.8824436941098722,0,0,1,1,0,0,0
1.2100985629478962,-0.2742614391102269,1.6480826147534753,1,0,1,0.8824436941098722,1,0,0,0,0,0,1
-0.8942736967511355,-0.8698187639638962,-1.6675729028395,1,0,1,-1.4786096680570098,0,0,1,0,0,0,1
-0.8803036479833202,1.3418600867322965,-1.2350960961969382,1,0,1,-1.4786096680570098,0,1,0,0,1,0,0
1.6981620506713797,0.3886383525981874,0.0623343237307478,1,0,0,-0.8883463275152893,1,0,0,0,1,0,0
-1.6823137995593245,-0.1383590105327142,-1.2350960961969382,1,0,0,1.4727070346515927,0,1,0,0,1,0,0
-0.1119337187796912,-0.291187757447319,1.0714468725633923,1,0,1,-1.4786096680570098,0,1,0,0,1,0,0
-0.1523864957980994,-0.0448561023733829,-1.3792550317444587,0,0,1,1.4727070346515927,0,0,1,0,0,0,1
-0.3392402098110762,0.8699639598203491,1.6480826147534753,1,0,1,1.4727070346515927,0,0,1,1,0,0,0
0.9391658517212172,-0.5183499732668608,0.927287937015872,1,1,1,-0.8883463275152893,0,0,1,1,0,0,0
0.9571975628159712,-1.7291678063970966,-0.8026192895543761,0,0,1,1.4727070346515927,0,1,0,0,0,0,1
1.248395468242877,-1.2095765796696667,0.3506521948257892,1,0,1,0.8824436941098722,0,1,0,0,0,0,1
-0.9258097883214444,-0.7972609537633243,-1.3792550317444587,1,0,1,0.2921803535681517,0,0,1,0,0,1,0
-0.0253970278012798,-0.3646107215942222,-0.9467782251018968,1,0,1,-1.4786096680570098,0,0,1,1,0,0,0
-1.209884693574143,0.5837794068315451,0.927287937015872,1,1,1,0.8824436941098722,0,1,0,1,0,0,0
1.5540032202691767,0.1209569307841437,-0.6584603540068555,1,0,1,0.8824436941098722,0,1,0,1,0,0,0
-0.066962234628977,-1.4660912362328795,1.359764743658434,1,0,0,-1.4786096680570098,0,1,0,0,0,0,1
0.7537695069932779,0.4723873477174307,-0.2259835473642935,0,0,1,0.2921803535681517,1,0,0,0,0,1,0
-0.2665442152970742,1.620854791804211,-0.0818246118167728,1,0,0,0.2921803535681517,0,1,0,0,0,0,1
-0.7136633872492075,-0.8377871368057804,1.0714468725633923,1,0,1,-0.2980829869735688,1,0,0,0,1,0,0
0.5096989574405149,-1.388569256412835,1.359764743658434,1,0,1,1.4727070346515927,0,0,1,1,0,0,0
-0.4855635354236008,-0.8634208109898184,0.927287937015872,1,0,1,1.4727070346515927,1,0,0,1,0,0,0
0.2943791131913912,0.7452317850176444,1.5039236792059545,0,0,1,-0.8883463275152893,1,0,0,1,0,0,0
1.1251830875055036,-1.4281360953615772,0.927287937015872,1,0,0,1.4727070346515927,0,1,0,0,1,0,0
-0.2977267439047412,-1.4881352192444386,-0.5143014184593349,0,1,1,0.2921803535681517,0,0,1,0,0,1,0
0.6091363848119212,-0.767685247485116,1.359764743658434,1,0,0,0.2921803535681517,0,1,0,0,0,0,1
1.0812895392165032,-1.5011892759669032,-0.6584603540068555,1,0,1,0.2921803535681517,1,0,0,1,0,0,0
-1.6106353764987804,1.1616499151211055,-1.6675729028395,1,1,1,-0.8883463275152893,0,0,1,1,0,0,0
-0.7653698146639115,-1.5103047891191748,1.2156058081109131,1,1,1,-1.4786096680570098,0,0,1,0,0,1,0
1.582840160441754,0.92327558323903,-1.2350960961969382,1,0,1,1.4727070346515927,1,0,0,0,0,1,0
-0.9442036858657348,-1.4092317839294457,1.359764743658434,1,0,1,-1.4786096680570098,1,0,0,1,0,0,0
1.1511225360817925,-1.6783818743378662,-0.8026192895543761,0,0,1,-0.2980829869735688,0,1,0,0,1,0,0
-1.6001147224884504,-0.8421861655409562,-0.6584603540068555,0,0,1,1.4727070346515927,0,0,1,0,0,1,0
-1.668852536518238,0.5871214128016469,0.3506521948257892,1,0,1,-1.4786096680570098,1,0,0,0,1,0,0
-0.418248596731276,-0.9629030492459708,1.5039236792059545,1,0,0,-1.4786096680570098,0,1,0,0,0,1,0
1.7082860242845983,0.893801044156159,-1.3792550317444587,1,0,1,-0.2980829869735688,0,1,0,0,1,0,0
-0.3346870087311955,1.2826319266483828,-1.5234139672919795,0,1,1,1.4727070346515927,0,1,0,0,0,0,1
-1.0172359963685915,1.5534286003740143,1.5039236792059545,1,0,0,0.2921803535681517,1,0,0,0,1,0,0
0.4712554528683413,0.2274197055185569,-0.3701424829118142,1,0,1,0.8824436941098722,1,0,0,0,1,0,0
0.0860011758917064,0.4897915938393908,1.5039236792059545,1,0,1,0.8824436941098722,1,0,0,0,1,0,0
0.7516653761912119,-1.5104722382700777,0.7831290014683512,1,1,0,0.8824436941098722,1,0,0,0,1,0,0
0.8973936812080706,-0.7600418914511985,-1.6675729028395,1,1,1,-0.8883463275152893,0,1,0,0,1,0,0
-1.659530547186134,0.474075793322367,1.0714468725633923,1,0,1,0.8824436941098722,0,0,1,0,0,1,0
-0.1134255820123036,-0.7673363950874019,0.2064932592782685,1,0,1,0.8824436941098722,1,0,0,0,0,0,1
0.5231947144291756,-0.919338361819424,-1.6675729028395,1,0,1,-1.4786096680570098,1,0,0,1,0,0,0
0.335383793370997,-1.311085650356539,1.2156058081109131,1,0,1,0.2921803535681517,0,0,1,0,1,0,0
-0.704927795025876,0.10470389757464,-0.8026192895543761,0,0,1,-0.2980829869735688,0,0,1,1,0,0,0
-1.3187044746859091,-1.1225902342996363,0.0623343237307478,1,0,1,1.4727070346515927,1,0,0,0,0,1,0
0.2113952988131896,-0.7153992501157149,-0.0818246118167728,1,1,1,-0.2980829869735688,1,0,0,1,0,0,0
0.2412670574130118,-0.71315961772239,-0.9467782251018968,0,1,1,-1.4786096680570098,0,1,0,0,1,0,0
-0.9931247270137694,-0.5821236800929899,-0.8026192895543761,1,0,1,-1.4786096680570098,0,1,0,0,0,1,0
-0.1547665781807645,-0.0862230196943302,-1.0909371606494176,1,0,1,-1.4786096680570098,0,1,0,0,1,0,0
0.0389083139651392,-0.0807599911461259,0.3506521948257892,1,1,0,-0.8883463275152893,0,1,0,0,0,0,1
1.4306787342021856,0.4752374718067555,-0.5143014184593349,0,0,1,-0.2980829869735688,0,0,1,1,0,0,0
-0.4557521412320347,-0.5848761255109549,-1.5234139672919795,0,1,1,-1.4786096680570098,0,1,0,0,1,0,0
0.8916935563713261,-0.9579284140545664,-0.5143014184593349,1,0,1,1.4727070346515927,1,0,0,0,1,0,0
0.9373980369080056,-0.1770606955351251,-0.9467782251018968,1,0,1,0.8824436941098722,0,1,0,0,1,0,0
1.350549293985803,-0.2119424467825661,-0.6584603540068555,1,0,1,-0.8883463275152893,1,0,0,0,1,0,0
-0.5447206555144729,1.1600103088518487,1.2156058081109131,1,1,1,-1.4786096680570098,0,0,1,1,0,0,0
1.2013284767769907,-0.3959237128130468,-1.3792550317444587,0,0,1,0.2921803535681517,1,0,0,0,0,1,0
-0.788955051318217,0.8065356168679569,-0.6584603540068555,1,0,1,-0.2980829869735688,1,0,0,1,0,0,0
-1.4207461950992168,-1.2043717018957711,-0.3701424829118142,1,0,1,-0.2980829869735688,1,0,0,0,0,1,0
-0.21815783033645,1.475627538635798,-1.5234139672919795,1,0,1,0.2921803535681517,0,0,1,0,1,0,0
0.6889467560132361,0.1363727182391331,-1.2350960961969382,0,0,1,-1.4786096680570098,0,0,1,0,0,1,0
0.1147432577084527,1.2983826124051778,-1.5234139672919795,1,1,1,-1.4786096680570098,1,0,0,0,1,0,0
-0.4817692011903669,-0.0096464298720907,0.4948111303733098,1,0,0,-1.4786096680570098,0,0,1,1,0,0,0
-1.681934366136001,-0.5687033283529255,-1.3792550317444587,1,0,0,0.2921803535681517,0,1,0,0,0,1,0
0.1866890088627013,1.11508160855024,-0.5143014184593349,1,0,1,-1.4786096680570098,1,0,0,0,1,0,0
1.2834930599002894,0.0389173124137001,-0.2259835473642935,1,1,1,-1.4786096680570098,1,0,0,1,0,0,0
-1.2186289092843683,0.5845468821065162,1.359764743658434,1,0,1,-1.4786096680570098,1,0,0,0,0,1,0
-0.7047553252880019,-0.9518514052863856,-0.5143014184593349,1,0,1,-0.8883463275152893,0,0,1,1,0,0,0
-0.1904160729993748,-0.3966842110400638,-1.2350960961969382,0,1,1,1.4727070346515927,0,0,1,0,0,0,1
1.1064356269985711,-0.7493425884133046,-1.0909371606494176,0,0,1,0.8824436941098722,1,0,0,0,1,0,0
-0.7668875483572049,-0.5339053016809362,1.5039236792059545,1,0,1,1.4727070346515927,0,0,1,0,0,1,0
1.1371179933664026,-0.0195991887788761,-1.0909371606494176,0,0,0,-0.2980829869735688,0,1,0,0,0,0,1
-0.584733634701302,-1.4425157911953557,-0.2259835473642935,0,0,1,1.4727070346515927,1,0,0,0,0,1,0
-0.4359439918371753,0.7504855021272198,0.4948111303733098,1,0,1,-0.8883463275152893,0,1,0,0,0,0,1
1.3642347676861255,1.6867425441604875,0.6389700659208305,1,0,1,0.8824436941098722,0,0,1,0,1,0,0
-1.088310775346575,-1.466541255825931,-0.9467782251018968,1,0,1,0.8824436941098722,0,1,0,0,1,0,0
-1.338495377106981,1.4292406353117435,1.0714468725633923,1,0,1,0.8824436941098722,1,0,0,0,0,0,1
0.6979841702778475,0.0803330690703276,0.0623343237307478,0,0,1,0.8824436941098722,0,1,0,0,0,0,1
0.3979126968373113,1.6421801388764783,-0.9467782251018968,0,0,1,1.4727070346515927,0,1,0,0,0,0,1
1.0027985615099264,-0.3685248454965752,1.5039236792059545,1,0,1,-0.2980829869735688,0,0,1,1,0,0,0
-0.0861926104019575,-1.608349755496745,1.2156058081109131,1,1,1,1.4727070346515927,1,0,0,0,1,0,0
-0.9781716007400708,0.7296415713637975,-0.3701424829118142,1,1,0,1.4727070346515927,1,0,0,1,0,0,0
-1.1339031505536366,-1.5542462371352528,-0.3701424829118142,1,0,0,1.4727070346515927,1,0,0,0,0,1,0
-1.5366286119769343,0.7670804106864835,1.6480826147534753,1,0,1,1.4727070346515927,0,1,0,0,1,0,0
-0.1786967543108185,-0.6017884897521383,-1.2350960961969382,1,0,1,1.4727070346515927,0,1,0,0,0,1,0
1.6610034456463696,0.986086457447468,-0.8026192895543761,1,1,0,-0.2980829869735688,0,1,0,1,0,0,0
-1.076979513568236,0.7525960591333906,-0.0818246118167728,1,1,0,0.2921803535681517,0,0,1,0,1,0,0
-0.8088408120951194,-1.7298794652884335,-1.2350960961969382,1,0,1,1.4727070346515927,1,0,0,1,0,0,0
-0.6994260103876869,1.239792852209082,0.4948111303733098,0,0,1,0.8824436941098722,0,0,1,0,1,0,0
0.3546831570391272,-0.686587530588501,0.7831290014683512,1,0,1,1.4727070346515927,1,0,0,1,0,0,0
-1.6021239949346855,-1.0046781238722435,-0.5143014184593349,1,0,1,0.8824436941098722,1,0,0,0,0,1,0
-0.7636882347196372,1.3641936172339582,-0.6584603540068555,1,0,0,0.2921803535681517,0,0,1,0,1,0,0
1.4760210282893294,-0.7918153678350058,1.359764743658434,1,0,1,0.8824436941098722,0,0,1,1,0,0,0
-0.2565668409610483,0.4200141372486009,1.2156058081109131,0,1,1,1.4727070346515927,1,0,0,1,0,0,0
-1.3029666111048828,1.1060742396412595,0.927287937015872,0,0,1,-1.4786096680570098,1,0,0,0,0,0,1
-1.5393708808091349,-0.2891574364926222,-1.6675729028395,1,1,1,-0.2980829869735688,1,0,0,1,0,0,0
1.6692474991167596,0.433772875814448,0.7831290014683512,1,0,0,0.8824436941098722,0,0,1,0,0,1,0
1.1896177815753275,0.2525056814381835,-0.2259835473642935,1,0,1,-1.4786096680570098,1,0,0,0,0,1,0
0.1999260612445509,0.183705011560993,-0.3701424829118142,1,0,1,0.8824436941098722,0,0,1,0,0,0,1
-0.990822256013148,-1.4865584064067707,0.4948111303733098,0,0,1,0.8824436941098722,0,1,0,0,1,0,0
1.592067291418027,-0.6725148248647109,0.7831290014683512,1,1,1,0.2921803535681517,0,0,1,0,1,0,0
1.3681325837620837,0.7830927357415641,1.5039236792059545,1,1,1,-0.2980829869735688,0,0,1,0,0,0,1
1.6881932998222475,-0.2230080448380596,0.3506521948257892,1,1,0,-0.8883463275152893,1,0,0,0,1,0,0
-0.9165309164238092,-0.4202387249337252,-0.6584603540068555,1,1,1,1.4727070346515927,1,0,0,0,0,0,1
0.3404457801776069,-1.2877439364254828,1.6480826147534753,1,1,1,-0.2980829869735688,0,1,0,0,0,1,0
-0.5368819059280879,0.2480717674632363,-0.9467782251018968,1,0,1,-0.8883463275152893,0,1,0,0,1,0,0
1.3656145255891192,1.426564937421276,1.6480826147534753,1,0,1,-0.2980829869735688,0,1,0,0,0,0,1
1.5909117441742693,0.7017089598788233,1.359764743658434,1,0,1,0.2921803535681517,0,0,1,0,1,0,0
-0.2258930980801105,1.1993713248859397,-0.5143014184593349,1,1,1,0.2921803535681517,1,0,0,0,1,0,0
1.5921966437214323,-1.6935883503542275,-0.6584603540068555,0,0,1,-0.8883463275152893,0,0,1,1,0,0,0
1.639720679992686,-1.1594011393064363,-0.8026192895543761,0,0,1,0.2921803535681517,0,1,0,0,0,0,1
-1.504557864219215,-1.5926967484113097,-0.9467782251018968,0,1,1,-1.4786096680570098,0,0,1,0,1,0,0
-0.2724340568454803,0.0721175951041586,-0.0818246118167728,0,0,0,1.4727070346515927,0,0,1,0,0,0,1
-1.128901528155283,1.5298636209084218,-0.8026192895543761,1,0,1,0.2921803535681517,1,0,0,1,0,0,0
-1.2936015043383102,-1.0989694384504092,-1.6675729028395,1,0,1,-1.4786096680570098,1,0,0,1,0,0,0
-1.1566346620054644,-0.712350280159693,-0.5143014184593349,1,1,1,0.8824436941098722,1,0,0,0,0,0,1
-0.4131348690033042,1.0753647630704806,0.7831290014683512,1,0,0,-0.8883463275152893,0,0,1,0,0,1,0
-0.5043541133650017,-1.6440268902109738,0.2064932592782685,0,0,1,-0.8883463275152893,1,0,0,1,0,0,0
-1.09742580099323,-1.0748881574361993,-1.0909371606494176,0,0,1,-1.4786096680570098,1,0,0,0,0,1,0
0.1380266723214782,-0.8772283888913455,-1.5234139672919795,1,0,1,1.4727070346515927,0,1,0,0,0,1,0
0.1169077529187744,-1.4903015926342438,-0.3701424829118142,1,1,1,-0.2980829869735688,0,1,0,1,0,0,0
-0.0218958921224323,1.6421975814963647,0.3506521948257892,1,0,1,-0.8883463275152893,0,0,1,0,0,1,0
-1.6563484805223538,-0.9351553295317848,0.6389700659208305,1,0,0,-0.8883463275152893,0,0,1,1,0,0,0
1.575303232896648,-0.3338838024035573,-1.6675729028395,1,1,1,0.8824436941098722,0,0,1,1,0,0,0
1.3039565942990703,-1.1872290950720965,-1.2350960961969382,1,0,1,0.2921803535681517,1,0,0,0,0,0,1
0.6812459822171504,1.3358144746799097,0.4948111303733098,1,0,1,0.2921803535681517,0,0,1,0,0,0,1
1.6867186835634227,-0.8550064911569523,0.6389700659208305,1,0,1,1.4727070346515927,1,0,0,1,0,0,0
-1.497771180033863,-0.2987718085736252,0.927287937015872,1,0,1,-0.8883463275152893,0,0,1,0,1,0,0
-1.0101129961943844,1.3600213425572962,0.3506521948257892,1,0,1,1.4727070346515927,0,1,0,0,1,0,0
0.2600317648937318,0.1260187790749765,1.5039236792059545,1,0,1,-0.8883463275152893,1,0,0,0,0,1,0
1.279707349153949,0.6325978113676675,0.7831290014683512,1,0,0,-1.4786096680570098,0,0,1,0,0,1,0
-0.3349025959035383,-0.2416297858280425,0.4948111303733098,1,0,1,-0.2980829869735688,1,0,0,0,0,1,0
-0.4173862480419047,-1.607763683468585,-1.3792550317444587,1,0,1,1.4727070346515927,1,0,0,0,0,0,1
-0.3526411084439064,-0.5624030540502074,0.0623343237307478,0,0,1,1.4727070346515927,0,1,0,0,1,0,0
-1.1840745973012596,-0.1457651469361861,-1.2350960961969382,1,0,1,0.2921803535681517,1,0,0,0,0,1,0
1.0016688847268496,1.0707215376569048,-1.5234139672919795,1,0,1,1.4727070346515927,1,0,0,0,0,1,0
-1.0374322026736675,-0.1443732258693066,1.0714468725633923,1,0,1,0.2921803535681517,0,1,0,0,0,1,0
-1.6327632438680486,1.7241185900515854,-0.0818246118167728,0,0,0,0.8824436941098722,0,0,1,0,0,0,1
-0.8206894830870812,1.2058599794834235,0.6389700659208305,1,0,0,1.4727070346515927,1,0,0,0,0,1,0
1.1747250197098853,0.0483119074841431,-0.2259835473642935,0,0,1,0.8824436941098722,1,0,0,0,0,1,0
1.3058365144419,0.0800574756761334,-0.3701424829118142,1,0,1,-0.2980829869735688,1,0,0,0,1,0,0
-0.9977814099363744,-1.0342398760545433,-1.0909371606494176,0,0,0,-0.8883463275152893,0,1,0,1,0,0,0
-0.1329060389052017,-0.5281492371186522,0.3506521948257892,1,0,1,-0.2980829869735688,0,1,0,0,1,0,0
1.6878569838333926,1.60058297897304,0.0623343237307478,1,0,1,0.2921803535681517,0,1,0,0,0,0,1
0.4982038494111949,-0.7616466124806837,-0.9467782251018968,1,0,1,-0.8883463275152893,0,0,1,1,0,0,0
-1.560782998766225,0.6069711142315838,-0.3701424829118142,1,0,1,0.8824436941098722,0,0,1,0,1,0,0
1.708760316063753,-0.3345082481954657,-0.3701424829118142,0,0,0,-0.2980829869735688,0,1,0,0,0,0,1
-0.6757976562989128,0.1502221584283863,-1.0909371606494176,1,0,0,1.4727070346515927,0,1,0,0,1,0,0
0.8732392944187799,-0.0921395563595627,1.0714468725633923,1,0,1,0.8824436941098722,0,0,1,0,0,0,1
-1.4805242062464363,-0.1937951450534744,1.6480826147534753,1,0,1,0.8824436941098722,1,0,0,0,0,0,1
1.576062099743295,-0.1490687791425394,-1.3792550317444587,1,0,1,-0.8883463275152893,0,1,0,0,0,0,1
-0.6652080143934332,-0.5629612178865501,0.7831290014683512,1,0,1,-1.4786096680570098,1,0,0,0,0,1,0
-0.3577979536063469,-1.130062652658674,-1.0909371606494176,1,1,1,0.8824436941098722,0,0,1,1,0,0,0
0.355890445204247,0.236653828486051,1.5039236792059545,1,0,1,-1.4786096680570098,0,1,0,0,0,0,1
-0.9544225178347848,1.20701119239588,-0.6584603540068555,1,0,0,0.2921803535681517,1,0,0,0,0,0,1
-0.4702827166479413,-1.537145492599304,1.5039236792059545,0,0,1,0.2921803535681517,0,0,1,0,1,0,0
-1.1378785780116385,-0.4342835224656979,1.2156058081109131,1,0,1,0.8824436941098722,0,1,0,1,0,0,0
1.245627328949995,1.7053468425305849,-1.5234139672919795,0,1,1,0.2921803535681517,1,0,0,1,0,0,0
-0.1474538612948957,0.3863149956294111,-0.8026192895543761,0,0,0,-0.8883463275152893,1,0,0,0,1,0,0
0.6467865285898726,0.4209734813423149,-1.5234139672919795,1,0,0,0.8824436941098722,0,1,0,0,0,0,1
-0.4213789224736939,1.0877629772852426,-0.8026192895543761,0,1,1,0.2921803535681517,0,1,0,0,0,0,1
1.6427820178399537,1.001885982539943,-1.2350960961969382,1,0,1,1.4727070346515927,0,0,1,0,0,0,1
-1.1956559401995164,0.8290575276643845,0.927287937015872,1,0,0,-0.8883463275152893,1,0,0,1,0,0,0
-0.0585715818813941,-0.9729395327282075,0.927287937015872,1,1,0,-0.8883463275152893,0,1,0,0,0,0,1
0.0013530285430183,0.8603391221674149,0.6389700659208305,0,0,0,-0.8883463275152893,1,0,0,0,0,0,1
-0.1440562074587727,-1.4161216187843009,0.3506521948257892,1,0,1,-0.8883463275152893,0,0,1,0,0,0,1
-0.7074544766857338,0.4953104387712294,-1.2350960961969382,1,1,1,-1.4786096680570098,0,1,0,1,0,0,0
-1.2118336016121225,0.3520507131259243,-0.5143014184593349,1,0,1,-1.4786096680570098,1,0,0,1,0,0,0
-0.9923054957588666,-0.8175397436424493,-1.2350960961969382,1,0,1,0.2921803535681517,1,0,0,0,1,0,0
1.3287749895791774,0.8030610469867236,-0.8026192895543761,1,0,1,0.8824436941098722,0,0,1,0,1,0,0
1.7279906918367334,-1.450075422653822,1.0714468725633923,0,0,1,0.2921803535681517,0,0,1,0,0,1,0
-1.2039344876174811,0.0228666135948707,0.4948111303733098,1,1,1,-1.4786096680570098,0,1,0,0,1,0,0
-1.2545802261442582,1.6097089576972428,-1.5234139672919795,1,0,1,0.2921803535681517,0,1,0,1,0,0,0
-1.083024577880729,0.8940626834544446,-1.5234139672919795,1,0,1,-0.8883463275152893,1,0,0,0,0,1,0
-1.0021621412783808,-1.0717519743807489,0.0623343237307478,0,0,1,0.8824436941098722,0,1,0,0,0,1,0
-0.416049607573379,1.036038632276161,-0.9467782251018968,0,1,1,0.8824436941098722,1,0,0,0,0,1,0
1.6499395119617355,1.1616010757854254,-0.5143014184593349,1,0,1,-1.4786096680570098,0,0,1,0,0,0,1
1.0815396203364207,1.2053750746506011,-1.2350960961969382,1,0,0,-0.2980829869735688,0,0,1,0,0,0,1
0.6967337646782593,-1.1598162736597164,-1.2350960961969382,1,0,1,0.8824436941098722,0,1,0,0,0,1,0
-1.5996749246568711,-0.8998968176948129,-0.6584603540068555,1,1,1,-0.8883463275152893,0,1,0,0,0,1,0
1.3924335698285677,-1.5289718809208606,-0.6584603540068555,1,0,1,-1.4786096680570098,0,1,0,0,1,0,0
-0.1250845362926037,-0.3164935103775054,-0.9467782251018968,1,0,1,-1.4786096680570098,0,0,1,0,1,0,0
0.7566497516157783,0.344218976797241,0.6389700659208305,0,0,1,-0.8883463275152893,1,0,0,0,0,0,1
-0.6673983800644364,-0.5013224877344318,-0.5143014184593349,1,0,1,-1.4786096680570098,0,1,0,0,0,1,0
-0.8406011143246649,0.4530120855483852,1.5039236792059545,1,1,1,1.4727070346515927,0,1,0,1,0,0,0
1.6543978546857854,1.0843965516473006,-1.0909371606494176,0,0,1,-0.2980829869735688,0,1,0,0,1,0,0
-1.36208923724818,1.4471611829823214,1.359764743658434,1,1,1,1.4727070346515927,0,0,1,0,1,0,0
0.285419310308823,-0.7618768550631749,1.0714468725633923,1,0,1,-1.4786096680570098,0,1,0,0,1,0,0
0.0782486611742585,-0.1546434404580122,-1.6675729028395,0,0,1,0.2921803535681517,1,0,0,1,0,0,0
0.6784347254897998,-1.0764475276539818,1.6480826147534753,1,1,1,1.4727070346515927,0,0,1,0,1,0,0
-0.1672275167421798,-0.4376604136755713,1.359764743658434,1,0,1,-0.8883463275152893,1,0,0,0,0,1,0
-1.289013809310855,-1.4729706055158032,0.927287937015872,1,0,1,0.2921803535681517,1,0,0,0,0,0,1
-1.134455053714834,-0.1669335104294826,0.6389700659208305,1,0,1,-0.2980829869735688,0,0,1,1,0,0,0
-1.0954165285469948,0.7918628850200987,-0.6584603540068555,1,1,1,0.8824436941098722,0,0,1,0,0,1,0
-0.3510716338292505,-0.5797445067405793,-1.2350960961969382,0,1,0,1.4727070346515927,1,0,0,0,0,1,0
1.72124712508585,-1.5358093879160586,0.7831290014683512,1,0,1,-0.8883463275152893,1,0,0,0,0,0,1
0.4739546042660736,-1.2583147481543149,-1.0909371606494176,1,0,1,1.4727070346515927,1,0,0,1,0,0,0
-0.0997056143644061,0.593714723118445,-1.0909371606494176,1,1,0,0.8824436941098722,1,0,0,0,1,0,0
0.4216790267163846,0.8466048032694077,-0.0818246118167728,0,0,1,0.2921803535681517,1,0,0,0,0,1,0
-0.1319660788337869,0.0861170418244286,-1.5234139672919795,0,1,1,-1.4786096680570098,0,0,1,0,0,1,0
-0.4669454272200743,1.6886507667759847,0.7831290014683512,0,0,1,-0.2980829869735688,1,0,0,0,1,0,0
-0.9069674694586812,1.354631573012612,0.4948111303733098,1,0,0,1.4727070346515927,0,0,1,0,0,1,0
1.5791838019988191,-0.9805514920463312,-1.2350960961969382,0,0,1,1.4727070346515927,0,0,1,1,0,0,0
0.6832380076895981,-1.056740855707108,1.6480826147534753,1,0,0,-0.8883463275152893,1,0,0,1,0,0,0
0.096927133786041,-0.4022274756397421,0.3506521948257892,1,0,1,-0.2980829869735688,0,0,1,0,0,0,1
1.3982975409162923,-0.1596459838412332,0.4948111303733098,1,0,0,0.2921803535681517,0,0,1,0,1,0,0
1.2523191547795158,0.270014583279458,0.0623343237307478,0,0,1,-0.2980829869735688,0,1,0,1,0,0,0
1.1923083094861668,0.9728126237144432,1.2156058081109131,0,0,1,-0.8883463275152893,1,0,0,1,0,0,0
1.643799589293412,-1.6977117856952089,-1.6675729028395,1,0,1,0.2921803535681517,1,0,0,0,0,0,1
-0.934209064555921,-1.5750727252787893,1.2156058081109131,1,1,1,0.8824436941098722,0,1,0,0,1,0,0
-0.0469902389831375,-1.3837202080846078,1.359764743658434,1,0,1,0.2921803535681517,0,0,1,0,0,0,1
1.6700063659634063,-1.3441533691358656,0.6389700659208305,1,1,1,0.2921803535681517,0,1,0,0,0,1,0
-1.0584131462860715,-0.3110583900211186,-1.5234139672919795,1,0,1,1.4727070346515927,0,1,0,1,0,0,0
0.5910184388482297,0.355779945257489,1.359764743658434,1,0,1,1.4727070346515927,0,1,0,0,0,0,1
-1.5481668374407225,1.628686528132894,1.2156058081109131,1,0,0,0.2921803535681517,0,0,1,1,0,0,0
0.1104918786698518,-0.1663927892130255,-1.5234139672919795,1,0,1,0.8824436941098722,0,0,1,0,0,0,1
0.5744009796040445,1.3065632011315755,1.359764743658434,1,1,0,-1.4786096680570098,0,1,0,1,0,0,0
0.1232977567070158,1.2369392395957797,-1.6675729028395,0,0,1,-1.4786096680570098,0,1,0,1,0,0,0
-0.2177180325048704,0.2040954342073867,1.0714468725633923,1,0,0,0.8824436941098722,1,0,0,1,0,0,0
-0.0518797560518729,0.9078109564483604,-1.6675729028395,1,0,1,-1.4786096680570098,0,1,0,0,1,0,0
1.539791713868338,-1.2357684176900472,-0.6584603540068555,0,0,1,0.2921803535681517,1,0,0,0,0,1,0
0.3372723370007203,0.6523323915063585,-0.2259835473642935,1,0,1,-0.2980829869735688,0,1,0,0,0,0,1
0.93763949454103,-1.2517144607895625,-1.3792550317444587,0,1,1,0.2921803535681517,0,1,0,0,0,0,1
-1.249561356772117,-0.2922831539761413,-1.3792550317444587,1,0,1,0.8824436941098722,1,0,0,1,0,0,0
-1.325025490579001,1.2252875695121264,-0.0818246118167728,1,0,1,-0.8883463275152893,1,0,0,0,0,1,0
0.0789557870995431,-1.1243484503841157,1.6480826147534753,1,0,0,0.8824436941098722,0,0,1,0,0,0,1
0.2757092640665022,-0.3457971117854964,1.359764743658434,1,0,1,-0.2980829869735688,0,1,0,0,1,0,0
-0.172789665788625,-0.1654648418351058,-0.2259835473642935,1,0,1,-1.4786096680570098,1,0,0,0,0,1,0
-0.7448459158568741,-1.4104527673214453,-1.6675729028395,0,0,1,-0.2980829869735688,0,0,1,0,0,0,1
0.1276526175883411,-1.5307126543854543,-0.0818246118167728,1,0,1,-0.8883463275152893,1,0,0,0,0,1,0
0.8215673609516506,1.6711767501744814,-0.6584603540068555,1,0,0,-0.8883463275152893,1,0,0,0,0,1,0
1.400832846063044,-0.7463982741765969,-1.3792550317444587,0,1,1,-1.4786096680570098,1,0,0,1,0,0,0
-1.1341359846997667,-1.3049004973450662,0.4948111303733098,0,0,1,-0.2980829869735688,1,0,0,1,0,0,0
-0.5445309388028114,1.0755357007453603,-0.0818246118167728,0,1,1,-1.4786096680570098,0,0,1,0,0,0,1
0.8540951535147369,1.0507357837918594,-0.6584603540068555,0,0,0,0.2921803535681517,1,0,0,0,1,0,0
0.3312014022275462,-0.1859494546288825,-1.2350960961969382,1,0,1,1.4727070346515927,0,0,1,0,0,0,1
1.670860091165884,0.4296319978535807,-0.9467782251018968,0,0,1,1.4727070346515927,1,0,0,0,0,1,0
0.0516365806202596,-1.177946132768922,-0.0818246118167728,1,0,1,1.4727070346515927,0,0,1,0,0,1,0
-1.683460723316188,0.8859937274953156,0.2064932592782685,0,1,1,-1.4786096680570098,0,0,1,1,0,0,0
-0.6410967450386112,-1.051829013947292,1.5039236792059545,1,0,1,0.8824436941098722,0,0,1,0,0,0,1
0.6022289718100567,-0.0097336429715192,0.4948111303733098,1,1,1,0.2921803535681517,0,0,1,0,0,0,1
1.0292899132474134,0.3005077713636543,-1.0909371606494176,0,0,1,-0.8883463275152893,0,1,0,0,0,1,0
0.7690244553082566,0.5218999685250039,1.359764743658434,0,1,1,0.2921803535681517,1,0,0,0,0,0,1
0.6280735620305152,1.345250932038078,-1.3792550317444587,0,0,1,0.2921803535681517,1,0,0,0,1,0,0
-0.8476723735775097,1.652914327154144,1.359764743658434,0,0,1,-0.2980829869735688,1,0,0,0,0,1,0
-0.3127661050473766,1.1773168763024495,-1.6675729028395,1,1,1,-1.4786096680570098,0,1,0,1,0,0,0
0.3990509971072811,0.7082115685722157,1.0714468725633923,1,0,1,0.8824436941098722,0,0,1,1,0,0,0
-1.298146081931297,0.3583544759526197,-0.6584603540068555,1,0,1,-0.8883463275152893,1,0,0,0,1,0,0
0.8868471567370594,0.197456773078886,0.3506521948257892,0,0,1,0.8824436941098722,1,0,0,0,0,1,0
-0.1735485326352719,-0.7859790672212477,-0.5143014184593349,1,0,0,-1.4786096680570098,0,0,1,1,0,0,0
-0.0449206021286463,1.2665707622576223,1.359764743658434,0,1,1,-1.4786096680570098,0,0,1,1,0,0,0
0.3246906696227926,0.2715111600656518,0.3506521948257892,1,0,1,1.4727070346515927,1,0,0,1,0,0,0
-0.9783009530434764,-0.757889472157302,1.5039236792059545,0,0,0,0.8824436941098722,0,0,1,1,0,0,0
-0.5573540638137627,1.7023885741979687,0.0623343237307478,0,0,1,0.8824436941098722,0,1,0,0,0,0,1
0.487321008951329,0.5396251588528614,-1.5234139672919795,1,1,1,0.8824436941098722,1,0,0,0,0,1,0
1.448331011873616,1.7349120832368616,-1.3792550317444587,1,1,1,-0.8883463275152893,0,1,0,0,0,1,0
1.3437108688790882,-1.3943846258827302,0.0623343237307478,0,0,0,-0.8883463275152893,0,1,0,0,0,1,0
1.507220803870783,0.4562145505594011,0.6389700659208305,1,0,1,-0.8883463275152893,0,1,0,0,0,0,1
-1.1841522086833032,0.8256492397387167,-0.2259835473642935,0,0,0,1.4727070346515927,0,0,1,0,0,0,1
-0.3806846878222615,-1.4303861933268334,-1.2350960961969382,1,0,1,1.4727070346515927,1,0,0,1,0,0,0
-0.6517898687868157,0.935408669631529,-0.8026192895543761,1,1,1,0.2921803535681517,1,0,0,0,0,0,1
-1.4065174417245905,1.0631130668627584,-1.6675729028395,0,0,0,-1.4786096680570098,0,0,1,0,0,1,0
-0.4455678032105591,0.4347671051479335,-0.9467782251018968,1,1,1,1.4727070346515927,1,0,0,0,0,0,1
1.4597916259553607,-0.8777795756797339,-1.6675729028395,1,1,1,-1.4786096680570098,0,1,0,0,0,1,0
-1.593422896658929,1.284951795093182,1.6480826147534753,1,0,1,1.4727070346515927,0,0,1,0,0,1,0
0.0011633118313567,0.5299933441519731,1.2156058081109131,1,0,1,1.4727070346515927,0,1,0,1,0,0,0
1.3379676266078755,0.6628607568693724,-1.6675729028395,1,1,1,-0.8883463275152893,0,0,1,0,0,0,1
-1.144889472856227,-1.498674050179384,0.0623343237307478,1,0,1,0.2921803535681517,0,0,1,1,0,0,0
-0.6146830046831678,1.2907636760391,-0.6584603540068555,1,0,1,-0.8883463275152893,0,0,1,0,1,0,0
-1.030473048750441,1.611034596808557,0.4948111303733098,1,0,1,1.4727070346515927,0,1,0,0,0,0,1
-0.0862443513233198,-0.3967644470915381,0.927287937015872,1,0,1,0.8824436941098722,1,0,0,0,1,0,0
1.256303205724412,-1.1553160777292033,0.4948111303733098,1,0,1,1.4727070346515927,0,1,0,0,0,0,1
-1.320429172064652,0.4316344106164601,-0.2259835473642935,0,1,0,1.4727070346515927,1,0,0,0,1,0,0
-1.4141578511124202,0.7030659957059315,0.927287937015872,1,1,1,0.2921803535681517,0,1,0,0,0,0,1
-0.5250763523705946,-0.278227890872237,-1.0909371606494176,1,0,1,-0.2980829869735688,1,0,0,1,0,0,0
-1.567845634532176,-0.4739724597536401,0.6389700659208305,1,1,1,0.8824436941098722,0,1,0,0,0,0,1
1.2908920116550953,0.9060946026516066,0.4948111303733098,1,0,1,-0.8883463275152893,0,0,1,0,0,1,0
0.5002303688312179,-0.6974717253971833,-0.9467782251018968,1,1,1,-1.4786096680570098,0,0,1,0,0,1,0
-1.173898882766678,0.8281226032385104,1.6480826147534753,0,0,1,-1.4786096680570098,0,1,0,0,0,0,1
1.446114775741932,-0.0719026287681631,1.5039236792059545,1,1,1,0.2921803535681517,0,0,1,0,1,0,0
0.0270855134338584,-0.7227670127554384,0.4948111303733098,1,0,1,1.4727070346515927,0,1,0,0,0,0,1
0.9389761350095552,-1.3729092722794454,0.0623343237307478,1,1,0,-0.8883463275152893,1,0,0,0,0,1,0
0.2256412991616037,-1.2317321954484943,-1.5234139672919795,0,0,1,0.2921803535681517,0,1,0,0,0,1,0
1.7303449037587175,-0.7835126807694084,1.359764743658434,1,0,1,1.4727070346515927,0,1,0,0,0,0,1
0.8424620696951176,0.3325882378574503,-1.2350960961969382,1,0,0,-1.4786096680570098,0,0,1,0,0,1,0
-1.520097387601686,-1.3033132189354666,0.4948111303733098,1,0,0,-1.4786096680570098,1,0,0,1,0,0,0
1.1190862822716476,1.2647357986456458,-0.6584603540068555,1,0,1,0.2921803535681517,0,0,1,0,1,0,0
-1.4613110774472435,-1.414945986204004,-1.0909371606494176,1,0,1,-0.8883463275152893,0,1,0,0,0,0,1
-0.3442073382618548,-0.0394140049690415,-0.2259835473642935,1,1,1,0.2921803535681517,0,1,0,0,0,1,0
0.6169147699900505,1.0592687134399483,1.5039236792059545,1,0,1,0.2921803535681517,0,1,0,1,0,0,0
-0.0143675880642207,0.3400257709767168,-0.8026192895543761,0,0,1,-0.2980829869735688,0,0,1,0,1,0,0
1.1518986499022263,-1.0182554591912796,-1.3792550317444587,1,1,1,-1.4786096680570098,0,1,0,0,1,0,0
1.101166676506512,-0.983502783330993,-0.0818246118167728,1,0,1,-0.2980829869735688,0,1,0,0,1,0,0
0.5327409144205163,1.0371096091371437,-0.8026192895543761,1,1,0,0.2921803535681517,0,0,1,0,0,1,0
-0.6414416845143599,-0.4899533880929266,1.359764743658434,1,1,1,0.8824436941098722,0,0,1,0,0,1,0
-0.1917268430072191,-1.7372088541644084,-0.3701424829118142,0,0,1,1.4727070346515927,0,0,1,0,0,1,0
0.494599231889623,0.2041442735430668,0.0623343237307478,1,0,1,-1.4786096680570098,1,0,0,0,0,1,0
1.6778451155497918,0.6731658566978492,1.0714468725633923,1,0,1,0.8824436941098722,1,0,0,0,0,1,0
1.2340891034862067,0.714665337929928,1.5039236792059545,1,0,1,-0.2980829869735688,0,0,1,0,0,0,1
0.0462469013116889,-0.2203776977592947,-1.5234139672919795,0,1,1,0.8824436941098722,0,1,0,0,0,1,0
0.0030949728955483,-1.3168731116346168,0.0623343237307478,1,0,1,-1.4786096680570098,0,1,0,1,0,0,0
-1.206512910198701,-1.025745320170203,-0.0818246118167728,1,0,1,-0.8883463275152893,1,0,0,1,0,0,0
-0.8291663707036012,0.5898180418359776,0.0623343237307478,1,1,0,-0.8883463275152893,0,0,1,1,0,0,0
0.5939073069576235,-1.5726377355427443,0.7831290014683512,1,0,1,0.8824436941098722,0,0,1,0,0,1,0
1.5692840390448368,-1.6752666224262789,0.3506521948257892,1,1,1,0.2921803535681517,1,0,0,0,0,0,1
1.331577622819634,1.1485086452992126,-1.3792550317444587,1,0,1,-1.4786096680570098,0,1,0,1,0,0,0
0.4638651246004294,-0.6122924354473122,-1.5234139672919795,1,0,1,-0.2980829869735688,1,0,0,1,0,0,0
-1.2474572259700512,1.525161090587234,1.6480826147534753,1,0,1,-1.4786096680570098,0,0,1,0,1,0,0
-0.326132509732632,0.75413449820731,-1.0909371606494176,0,1,1,0.8824436941098722,0,0,1,0,1,0,0
0.9330431760266804,-1.2717385884183563,1.2156058081109131,0,0,1,0.8824436941098722,0,1,0,0,1,0,0
0.0010167125541636,-0.7090919987650426,-0.3701424829118142,1,0,1,0.8824436941098722,0,1,0,0,0,1,0
1.659649558204057,-0.5056447689421104,1.2156058081109131,0,0,1,0.8824436941098722,0,1,0,0,0,0,1
0.1313952109002127,0.1463498968137587,-1.6675729028395,1,0,1,-1.4786096680570098,1,0,0,1,0,0,0
1.5297108576895868,-1.258000780996372,-1.5234139672919795,1,0,1,-0.2980829869735688,0,1,0,0,0,1,0
0.6481317925452919,-0.3757181819374415,-0.9467782251018968,0,0,1,-0.8883463275152893,0,1,0,0,0,1,0
-0.7914989799518621,1.2957417997544816,-0.5143014184593349,1,0,1,1.4727070346515927,0,1,0,0,1,0,0
0.56287137762715,-0.0614824076484406,0.3506521948257892,1,0,1,-1.4786096680570098,1,0,0,0,0,0,1
-0.713008002245285,-1.059695635515747,-0.6584603540068555,1,0,1,0.8824436941098722,1,0,0,1,0,0,0
1.5115756647521084,-1.0376830492199822,-0.3701424829118142,1,0,1,0.2921803535681517,0,0,1,0,0,0,1
-0.3993890308947254,-1.0735101904652282,-0.5143014184593349,1,0,0,0.2921803535681517,0,0,1,0,0,0,1
0.7522603967868782,0.7192108846721437,1.6480826147534753,0,0,1,1.4727070346515927,0,1,0,0,1,0,0
0.589750786274854,-1.5354640240423214,0.7831290014683512,1,0,1,-0.8883463275152893,1,0,0,0,0,0,1
-1.578547381767274,-1.3166498461000795,0.6389700659208305,0,0,1,0.8824436941098722,0,1,0,1,0,0,0
0.7949380334238647,0.5717335335384744,-1.0909371606494176,1,1,1,0.8824436941098722,1,0,0,0,0,1,0
-0.4579683773637187,-1.2303402743816148,1.359764743658434,0,1,0,0.8824436941098722,1,0,0,0,1,0,0
-1.5619557929837695,-1.3346994691578111,-1.0909371606494176,1,0,1,-0.8883463275152893,0,1,0,0,1,0,0
0.1952952487826271,0.8527829792329259,1.6480826147534753,0,0,1,0.2921803535681517,0,0,1,0,0,1,0
1.161324121077055,0.5461940495018194,0.4948111303733098,0,0,1,-0.2980829869735688,0,0,1,1,0,0,0
1.0787628575566457,0.4631741558937989,1.2156058081109131,0,0,1,0.2921803535681517,0,0,1,0,0,0,1
-1.3489729136828423,-1.0621236482038374,1.359764743658434,0,0,1,-1.4786096680570098,0,1,0,0,0,0,1
1.6364523784599687,1.0757589662798974,-0.3701424829118142,0,0,1,-1.4786096680570098,0,1,0,1,0,0,0
-0.1805421805060729,-1.5467319564884894,-1.2350960961969382,1,0,1,0.2921803535681517,1,0,0,0,1,0,0
-0.5596565348143843,0.3819543406579838,1.2156058081109131,1,0,1,1.4727070346515927,0,0,1,1,0,0,0
0.8195925824529904,1.6142231077236644,-0.0818246118167728,0,0,1,1.4727070346515927,1,0,0,1,0,0,0
-1.403197399270511,-0.1627054193691867,-1.6675729028395,0,0,1,0.2921803535681517,0,1,0,1,0,0,0
0.2037203954777848,-0.9296399731239235,1.5039236792059545,0,1,1,-0.8883463275152893,0,1,0,0,0,0,1
-0.5933053806736529,0.6375689580350945,1.0714468725633923,1,0,1,1.4727070346515927,0,0,1,1,0,0,0
-0.9266807604977096,0.5912343825706969,-1.0909371606494176,1,0,0,0.2921803535681517,1,0,0,0,1,0,0
-0.2487798322960252,-0.7697504536795841,1.359764743658434,1,0,1,-0.8883463275152893,0,1,0,0,0,0,1
-1.676570557288111,0.1585004258261436,0.927287937015872,1,0,1,-0.2980829869735688,0,1,0,1,0,0,0
1.1632385351674597,0.6231718195814301,0.3506521948257892,1,0,1,-0.2980829869735688,0,0,1,0,0,0,1
-0.3000378383922562,0.997954416017704,-0.0818246118167728,0,0,0,-1.4786096680570098,1,0,0,0,0,0,1
0.5051112624130594,0.3488308054950226,1.0714468725633923,1,0,1,1.4727070346515927,0,1,0,0,1,0,0
1.07946998348193,-0.4887358932249042,0.7831290014683512,1,0,0,0.2921803535681517,0,1,0,1,0,0,0
0.3081335747868635,-1.61901068477089,1.5039236792059545,0,0,0,-0.2980829869735688,0,1,0,1,0,0,0
1.4914139523946068,1.358761985401548,-1.6675729028395,0,0,1,-0.8883463275152893,0,1,0,1,0,0,0
0.2143445313308395,1.019754202350863,-1.2350960961969382,1,0,0,1.4727070346515927,0,0,1,0,0,1,0
-1.3643399673274397,1.2655311821124335,-0.3701424829118142,1,0,1,-1.4786096680570098,1,0,0,0,0,1,0
-0.5853631492445431,-0.4583996887196792,-1.5234139672919795,1,0,1,0.8824436941098722,0,1,0,1,0,0,0
-0.6679502832256339,0.0499445367054452,-0.8026192895543761,1,1,1,-0.2980829869735688,0,0,1,0,0,1,0
1.035766151904591,-1.0805430548031465,0.7831290014683512,0,0,1,-0.2980829869735688,0,0,1,0,0,1,0
0.4619162165624501,0.3712131753323643,0.3506521948257892,1,1,1,1.4727070346515927,0,0,1,0,0,0,1
1.4849549607112158,-0.9754128962280012,-1.2350960961969382,1,0,1,0.2921803535681517,0,0,1,1,0,0,0
1.139446334827705,0.5025421489758441,-0.2259835473642935,1,0,1,-0.8883463275152893,0,0,1,0,0,1,0
0.020997331686897,-0.0945326838078818,0.7831290014683512,0,0,1,-1.4786096680570098,0,0,1,0,0,1,0
-1.275992344101348,1.5663605587572789,1.6480826147534753,0,0,1,1.4727070346515927,0,1,0,1,0,0,0
0.776492394958212,-1.5304510150871686,0.7831290014683512,1,0,1,-0.2980829869735688,0,0,1,0,0,1,0
-0.9237573984407408,0.6845175137194687,-1.0909371606494176,0,0,1,-1.4786096680570098,1,0,0,1,0,0,0
1.406731311098344,-0.7730401317900287,-1.5234139672919795,1,0,1,0.2921803535681517,0,0,1,0,0,0,1
-1.1225718887752971,-0.2930401636791811,0.0623343237307478,1,0,0,-1.4786096680570098,0,0,1,0,1,0,0
0.4834749337967329,1.4788230265988598,-0.3701424829118142,1,1,1,1.4727070346515927,1,0,0,1,0,0,0
0.7586762710358007,1.030429085720917,-0.0818246118167728,0,0,0,-0.8883463275152893,0,1,0,0,0,0,1
-0.5570867357200577,1.203561042182487,-1.2350960961969382,0,1,1,-0.2980829869735688,0,1,0,0,0,0,1
0.4385293201067001,0.4188768784320526,-1.5234139672919795,1,0,1,-1.4786096680570098,1,0,0,0,0,0,1
0.5566797140374642,0.0696826053681138,-1.5234139672919795,1,0,1,1.4727070346515927,1,0,0,0,0,1,0
-0.9952805987371978,-1.161755892991007,-1.0909371606494176,1,1,1,0.8824436941098722,0,1,0,1,0,0,0
0.2136201584317675,1.3608306801199932,0.6389700659208305,1,1,0,0.2921803535681517,0,0,1,0,0,1,0
-0.5198850132605793,1.4283196649817786,-0.8026192895543761,1,1,1,1.4727070346515927,0,1,0,0,1,0,0
0.3270103875972015,-1.1548102417525177,-1.0909371606494176,1,1,1,0.8824436941098722,1,0,0,1,0,0,0
-1.23660887945776,1.4490624285498632,-0.5143014184593349,1,0,1,-0.8883463275152893,0,1,0,1,0,0,0
-1.5329032656388502,1.3307700690089623,1.5039236792059545,0,0,0,-0.8883463275152893,1,0,0,0,0,0,1
-0.4589859488171771,-1.3094739522790992,-1.0909371606494176,1,0,1,0.2921803535681517,1,0,0,0,1,0,0
0.6703114008359223,0.5298747343367503,-0.3701424829118142,1,0,1,-0.2980829869735688,0,1,0,0,1,0,0
1.5051684139900792,-1.723617564749464,0.4948111303733098,1,0,1,0.2921803535681517,0,0,1,0,1,0,0
0.0148919029661477,-1.5241507407844508,-1.5234139672919795,1,0,1,1.4727070346515927,0,0,1,0,1,0,0
-0.5454536519004388,0.8477490391339101,0.3506521948257892,1,0,1,-0.2980829869735688,0,1,0,0,0,1,0
-0.5822586939628064,0.3307044349097938,-1.6675729028395,0,0,0,0.8824436941098722,1,0,0,0,0,1,0
-0.534381094728911,1.1311218417971378,-1.2350960961969382,1,1,1,-1.4786096680570098,0,1,0,1,0,0,0
-1.1267370329449609,-1.248428271203095,-1.3792550317444587,1,0,1,-0.8883463275152893,0,1,0,0,0,0,1
-1.3237492145187315,-1.7152660383481864,-0.9467782251018968,0,0,1,0.2921803535681517,1,0,0,0,0,0,1
1.12048328714843,-1.5988191079911935,0.3506521948257892,1,0,1,-1.4786096680570098,1,0,0,0,0,0,1
0.1312054941885508,1.3401018706478165,-0.6584603540068555,0,1,1,0.2921803535681517,0,1,0,1,0,0,0
0.8856829860064082,-0.9873576023257348,1.6480826147534753,1,1,1,-1.4786096680570098,1,0,0,0,0,0,1
1.2997224622342574,0.1694229943985747,0.0623343237307478,1,0,0,-0.8883463275152893,0,1,0,0,0,0,1
0.7276662121660082,0.1571782752388068,-0.2259835473642935,1,0,1,-0.2980829869735688,1,0,0,1,0,0,0
1.5781921010060422,-0.2152251478450565,-0.6584603540068555,1,0,1,-0.2980829869735688,0,0,1,0,0,1,0
0.1523071666174671,0.3689037724594964,0.927287937015872,0,0,1,1.4727070346515927,0,1,0,1,0,0,0
-0.7248997906717155,1.7156972931707646,-0.5143014184593349,1,0,1,-0.8883463275152893,0,0,1,0,1,0,0
-0.6832483489750812,-0.199174449026227,1.2156058081109131,0,0,1,-1.4786096680570098,0,1,0,0,0,0,1
0.7385749230865555,-0.0162711369046828,-1.0909371606494176,1,0,1,1.4727070346515927,1,0,0,0,1,0,0
-1.2623844817830687,-0.4177653614339316,-1.6675729028395,1,0,1,-1.4786096680570098,1,0,0,1,0,0,0
0.8992218604295377,-0.0796611060933263,-1.5234139672919795,0,0,0,-0.8883463275152893,1,0,0,0,0,0,1
-1.6876862318941075,1.2048238878622126,1.359764743658434,0,0,0,1.4727070346515927,0,0,1,0,1,0,0
-1.1683884746415956,0.6396550953734251,0.7831290014683512,0,0,1,1.4727070346515927,1,0,0,0,0,0,1
-1.139905097431661,1.6468931347695972,1.359764743658434,0,0,1,-0.2980829869735688,0,1,0,0,0,0,1
0.8150048874255352,-0.2051154053592994,1.359764743658434,0,0,1,1.4727070346515927,0,1,0,1,0,0,0
1.0978897514869008,0.1849957654325354,0.4948111303733098,0,0,0,-0.8883463275152893,1,0,0,1,0,0,0
-1.6407313457578394,-1.2929836994391497,-0.9467782251018968,1,1,0,-0.8883463275152893,0,0,1,0,0,1,0
0.9774110160948344,-1.5122688281183057,-1.0909371606494176,1,0,1,1.4727070346515927,1,0,0,1,0,0,0
-1.4556368230711805,-1.393665989943439,0.0623343237307478,0,0,1,-0.8883463275152893,0,0,1,0,0,0,1
-0.2591797574898432,-1.3874703713600354,0.4948111303733098,1,0,1,1.4727070346515927,0,0,1,0,0,1,0
0.6490889995904942,1.539781494575436,1.6480826147534753,1,0,1,0.2921803535681517,0,0,1,0,1,0,0
-0.6632418593816665,-0.1608355705174388,1.359764743658434,1,0,1,0.2921803535681517,0,1,0,0,1,0,0
-0.2572222259649703,1.2729791808036317,0.927287937015872,1,0,1,-0.8883463275152893,1,0,0,1,0,0,0
-1.5379221350109913,-1.59615038714868,1.2156058081109131,1,1,1,1.4727070346515927,1,0,0,1,0,0,0
-0.6753664819542271,0.3429003147338815,-0.9467782251018968,0,0,1,-0.2980829869735688,0,0,1,1,0,0,0
1.652819756584236,1.0308093348344256,1.5039236792059545,1,0,1,-0.2980829869735688,0,0,1,1,0,0,0
0.256237430660498,1.102439197657078,-0.6584603540068555,1,0,1,-0.8883463275152893,0,0,1,0,0,0,1
0.307124626820299,0.2502730260928126,0.3506521948257892,1,0,0,-0.8883463275152893,0,0,1,1,0,0,0
-0.9029661715399984,-1.3845469882671904,1.2156058081109131,1,0,1,-1.4786096680570098,1,0,0,1,0,0,0
0.8841652523131145,0.6310349526259077,0.4948111303733098,1,1,1,0.2921803535681517,0,0,1,0,0,0,1
-0.7650766161095252,0.3237483180993732,-0.6584603540068555,1,0,1,-1.4786096680570098,1,0,0,1,0,0,0
-1.3063728884278996,1.1739260309966673,0.7831290014683512,1,0,1,-1.4786096680570098,0,0,1,1,0,0,0
-0.8278469772088631,-0.7309127162420646,0.6389700659208305,0,1,0,-0.8883463275152893,1,0,0,0,1,0,0
-1.0027830323347282,0.0543121687248269,1.359764743658434,1,0,1,-0.2980829869735688,0,1,0,0,0,1,0
-1.6957491921397294,-1.1762890838797797,1.2156058081109131,1,0,1,0.2921803535681517,0,0,1,0,0,0,1
0.4769814481657671,1.279265501010441,-1.0909371606494176,1,0,1,0.8824436941098722,0,0,1,1,0,0,0
-0.1668739537795377,1.2855867064570217,-1.3792550317444587,1,1,1,1.4727070346515927,0,1,0,0,1,0,0
-1.010690769816263,-1.7285538261771194,0.7831290014683512,0,0,0,0.2921803535681517,0,1,0,1,0,0,0
-1.5040749489531673,-0.6464450851835303,1.0714468725633923,1,0,0,-0.8883463275152893,0,1,0,1,0,0,0
-1.5799616336178428,-0.4617870455014839,-1.3792550317444587,1,1,1,-0.8883463275152893,0,0,1,1,0,0,0
-0.1532229740267899,1.0244846408638677,-1.0909371606494176,0,0,1,0.2921803535681517,0,1,0,0,0,0,1
0.6409139340152541,-0.7028231211781188,-0.3701424829118142,0,0,1,-0.2980829869735688,0,1,0,0,1,0,0
0.8147806767662985,0.7136815741683739,-0.2259835473642935,0,0,1,-0.8883463275152893,1,0,0,0,1,0,0
1.7244723091840986,-0.2408134712173913,0.3506521948257892,1,0,1,0.2921803535681517,0,0,1,1,0,0,0
-0.6942691652252464,1.7188439417981467,-1.5234139672919795,0,0,1,-0.8883463275152893,1,0,0,0,0,1,0
0.4066914064951111,0.7873522235176543,1.359764743658434,1,0,1,-0.8883463275152893,0,0,1,0,1,0,0
-0.5839144034463994,-1.083853664057454,-0.0818246118167728,1,1,1,0.8824436941098722,0,0,1,1,0,0,0
-0.5563192453865173,-0.7193447707338624,0.4948111303733098,1,0,0,1.4727070346515927,0,1,0,1,0,0,0
1.0381807282348312,1.0251055981317987,-0.8026192895543761,1,0,0,0.2921803535681517,0,1,0,0,1,0,0
-0.6589818568561722,-1.4098911149611255,0.3506521948257892,0,0,1,1.4727070346515927,0,0,1,0,1,0,0
-1.266472014570689,-0.2361109408962043,-1.2350960961969382,0,0,1,1.4727070346515927,0,0,1,0,0,1,0
-0.6617672431228415,-0.4862590412011336,-0.5143014184593349,1,1,1,0.2921803535681517,0,1,0,0,0,1,0
0.4714710400406842,0.8041808631833862,1.6480826147534753,1,0,1,0.8824436941098722,0,1,0,0,0,0,1
1.142930223532765,-0.90440399067328,-0.2259835473642935,0,0,1,-0.8883463275152893,0,0,1,1,0,0,0
1.1495099440326684,0.2425215258156037,-1.2350960961969382,0,0,1,-1.4786096680570098,0,0,1,0,0,1,0
1.6080466126320772,-0.2675669615980919,-0.5143014184593349,1,0,1,0.2921803535681517,0,0,1,0,0,0,1
-1.0106476523817944,0.4633730017604962,-0.8026192895543761,1,1,1,-0.2980829869735688,1,0,0,0,0,0,1
0.5323356105365119,-0.8382859957345117,-0.6584603540068555,0,1,1,-0.8883463275152893,0,0,1,0,1,0,0
-1.4026110021617382,1.7348283586614102,-0.2259835473642935,1,0,1,1.4727070346515927,0,1,0,0,0,1,0
-0.6655357068953944,-0.3732727266294652,-0.3701424829118142,0,1,1,-1.4786096680570098,0,1,0,0,0,0,1
-1.6893678118383817,1.116013044452137,1.0714468725633923,0,0,1,1.4727070346515927,1,0,0,0,1,0,0
1.4933456134587983,0.5041224503374893,-0.3701424829118142,0,1,0,-0.2980829869735688,0,0,1,0,0,1,0
-0.0786384358830646,0.522908151954398,0.7831290014683512,1,0,1,0.2921803535681517,1,0,0,0,0,1,0
-1.692179068565732,1.10069144714453,0.927287937015872,1,0,1,1.4727070346515927,0,1,0,0,0,1,0
1.600664907851059,1.6625740500468498,-0.8026192895543761,1,0,1,1.4727070346515927,1,0,0,0,0,1,0
-1.35920899262568,0.0027134105789227,0.7831290014683512,0,0,1,0.8824436941098722,0,0,1,0,0,0,1
-1.4543088060895486,-0.2865549976056745,-1.3792550317444587,1,0,1,-1.4786096680570098,1,0,0,0,1,0,0
-0.2321537495649461,-0.9489524418613808,0.4948111303733098,0,0,0,-0.8883463275152893,1,0,0,0,0,0,1
1.172172467589346,-0.6793732630037717,-0.8026192895543761,1,0,0,0.2921803535681517,0,0,1,0,1,0,0
1.1323664520879664,0.7074161851054271,1.0714468725633923,0,0,1,-0.2980829869735688,0,0,1,0,0,1,0
-0.5542668555058136,1.2084066019867368,0.0623343237307478,0,0,1,0.2921803535681517,0,1,0,0,0,0,1
-0.5842507194352541,1.2359764069780883,1.359764743658434,1,0,1,0.8824436941098722,0,0,1,1,0,0,0
-0.4890646711024483,-1.155452130164312,-0.8026192895543761,1,0,1,1.4727070346515927,0,0,1,0,0,1,0
0.097565271816176,-0.7216157998429816,-0.2259835473642935,1,1,1,-1.4786096680570098,0,0,1,0,0,1,0
-1.7060456354908229,0.2729309893243488,-0.8026192895543761,1,1,1,-0.8883463275152893,0,0,1,0,0,0,1
-0.9246025001563248,-1.1310778131360222,-0.2259835473642935,0,0,1,1.4727070346515927,1,0,0,0,0,1,0
1.0453037284090383,-0.8455107288911723,1.0714468725633923,1,0,1,0.2921803535681517,1,0,0,0,0,0,1
1.2961609621471537,0.7884092462827281,1.359764743658434,0,1,1,0.8824436941098722,1,0,0,1,0,0,0
1.4878438288206102,1.0649898927624608,-1.6675729028395,1,0,1,-0.2980829869735688,1,0,0,1,0,0,0
-0.7061782006254642,0.7917372981569214,0.4948111303733098,0,0,1,1.4727070346515927,1,0,0,0,0,0,1
-0.4652379768151191,-1.646461879947019,0.3506521948257892,1,1,1,-0.8883463275152893,1,0,0,1,0,0,0
-0.2630344561313332,-0.9313319072528374,-0.9467782251018968,1,1,1,-1.4786096680570098,0,0,1,1,0,0,0
0.2284180619413791,0.935802872840946,1.6480826147534753,1,0,1,0.2921803535681517,1,0,0,0,0,1,0
-1.3965055734409897,0.9114773951483364,1.0714468725633923,0,0,1,-0.8883463275152893,0,0,1,0,0,0,1
-1.575330821155919,0.2519056553141151,0.0623343237307478,1,0,1,1.4727070346515927,0,0,1,0,1,0,0
1.3595090968683703,1.1533053657677823,-1.5234139672919795,0,0,1,1.4727070346515927,0,0,1,0,0,1,0
1.561126220443384,-0.0521959568212892,-0.2259835473642935,0,1,0,0.2921803535681517,0,1,0,1,0,0,0
0.4575182382466564,-0.3940678180572075,-1.2350960961969382,1,0,1,-0.8883463275152893,0,0,1,0,1,0,0
-0.8613492237909387,-1.6973036283898832,0.2064932592782685,0,1,1,-1.4786096680570098,1,0,0,0,1,0,0
0.0532836666169591,-0.5248386278643445,-0.8026192895543761,1,1,1,-1.4786096680570098,1,0,0,0,0,0,1
0.1779361696655824,0.255076723609337,0.4948111303733098,1,0,1,-0.2980829869735688,0,1,0,0,0,1,0
-0.2378452509147971,-0.7991656878548437,0.6389700659208305,1,0,1,-1.4786096680570098,0,1,0,0,0,0,1
-0.3532619995002536,-0.2903679543126905,1.6480826147534753,1,0,1,1.4727070346515927,0,0,1,0,1,0,0
-0.5919601167182337,0.4987082611249654,0.4948111303733098,0,0,1,-0.8883463275152893,0,0,1,0,0,1,0
-1.3914177161736985,0.5253291875945343,1.2156058081109131,0,0,0,-1.4786096680570098,0,0,1,0,1,0,0
0.1779534166393698,-0.1403090954359365,-1.3792550317444587,0,0,0,-0.8883463275152893,1,0,0,0,0,0,1
-1.6274942933759895,0.359418475765648,-1.5234139672919795,0,0,0,0.2921803535681517,0,1,0,1,0,0,0
-0.1215834006137562,0.6137353622232615,-0.3701424829118142,0,1,1,0.2921803535681517,0,0,1,1,0,0,0
-1.470348491711855,-0.3215832668601553,0.3506521948257892,1,0,1,-0.2980829869735688,0,0,1,0,1,0,0
0.8759470693034057,1.5755458423890931,-0.3701424829118142,1,0,1,-0.8883463275152893,0,0,1,0,0,0,1
-0.865428133091665,-1.191376950080918,1.359764743658434,1,0,1,1.4727070346515927,0,0,1,1,0,0,0
-0.6434595804474885,1.658656437620519,0.4948111303733098,1,1,1,1.4727070346515927,1,0,0,0,0,0,1
-1.5668884274869737,-1.318174331078091,0.4948111303733098,1,0,1,1.4727070346515927,1,0,0,0,0,0,1
0.5967530576325489,-1.6044286545464377,1.2156058081109131,0,1,0,0.8824436941098722,1,0,0,1,0,0,0
-1.3164192506590753,-0.1177453223517833,-0.0818246118167728,1,0,1,-1.4786096680570098,0,0,1,0,1,0,0
-1.0160028377427903,0.5706486025815836,-0.2259835473642935,1,0,1,-0.2980829869735688,0,0,1,0,1,0,0
-0.3666715216199777,-0.0877789013881354,1.5039236792059545,0,0,1,0.8824436941098722,0,0,1,0,0,0,1
-0.0345034299610409,-0.8293902595928001,1.0714468725633923,1,0,1,0.8824436941098722,0,0,1,1,0,0,0
-1.4585256911805742,-0.6832734328102162,1.6480826147534753,1,0,1,-0.2980829869735688,1,0,0,0,0,1,0
-1.338529871054556,-0.8202747464405286,-1.5234139672919795,1,0,1,1.4727070346515927,0,0,1,0,0,1,0
-1.6815808031733586,-0.3943189917835616,-1.2350960961969382,0,0,1,-1.4786096680570098,0,0,1,0,0,1,0
-0.8207153535477624,1.4563953059498156,0.3506521948257892,1,0,1,0.2921803535681517,0,1,0,1,0,0,0
0.0357521177620399,0.2425878077711693,0.7831290014683512,1,0,0,-0.8883463275152893,0,1,0,0,0,1,0
-0.3964311748901816,-0.3414608764819092,-1.6675729028395,0,0,0,1.4727070346515927,0,0,1,0,0,0,1
1.2597094830474287,-0.2567699798888381,0.6389700659208305,1,0,1,-0.2980829869735688,0,1,0,1,0,0,0
1.7055006380179296,0.7059544935590049,-0.6584603540068555,1,0,1,0.2921803535681517,0,0,1,0,0,0,1
-0.6491769522580204,-0.910508907633278,0.4948111303733098,1,1,1,-0.2980829869735688,0,1,0,0,0,1,0
-1.3522412152155596,1.219447780374391,-0.5143014184593349,0,0,1,-0.2980829869735688,1,0,0,0,0,1,0
-0.3245802820917638,1.0539242947069671,0.7831290014683512,0,0,0,1.4727070346515927,1,0,0,1,0,0,0
-0.9979625031611424,-0.4929814269050858,-0.5143014184593349,1,0,1,1.4727070346515927,0,0,1,0,0,0,1
1.5496656063616394,-1.2678523727078204,-0.0818246118167728,1,1,0,-0.2980829869735688,0,1,0,0,0,0,1
-0.3509509050127386,1.2011330294943967,0.3506521948257892,1,0,0,-0.2980829869735688,0,0,1,0,0,0,1
1.0292123018653698,-0.419373570987394,1.6480826147534753,1,0,1,-1.4786096680570098,0,0,1,1,0,0,0
0.3007518700058451,-1.492645880746883,1.359764743658434,1,1,1,0.2921803535681517,1,0,0,0,0,0,1
0.9227898501100557,0.3618150917379444,-1.0909371606494176,1,0,1,0.8824436941098722,0,1,0,0,0,0,1
0.3950238287279174,0.616554089596792,0.0623343237307478,0,0,1,-1.4786096680570098,0,0,1,1,0,0,0
-0.3128954573507824,0.5386379065673303,0.2064932592782685,0,1,1,-0.2980829869735688,0,1,0,0,1,0,0
-1.137800966629595,-0.841641955800522,1.5039236792059545,1,1,1,-1.4786096680570098,1,0,0,1,0,0,0
0.1287650473976301,1.3739614843699552,0.6389700659208305,1,0,1,0.8824436941098722,1,0,0,0,1,0,0
1.3010159852683143,1.570323521995312,1.2156058081109131,1,0,1,-0.8883463275152893,1,0,0,0,1,0,0
0.0245243378264254,-1.0574001867387874,1.0714468725633923,1,1,0,-0.8883463275152893,0,1,0,1,0,0,0
-0.5704186464577382,-0.466782611836751,0.2064932592782685,1,0,1,1.4727070346515927,0,0,1,1,0,0,0
1.2366933965281075,-0.8896719539178103,1.6480826147534753,1,0,1,1.4727070346515927,0,1,0,0,0,0,1
0.4174362711646777,-0.5858843089403488,0.4948111303733098,0,1,1,1.4727070346515927,1,0,0,0,1,0,0
0.8063296596104598,1.193835037334216,-0.2259835473642935,1,0,1,0.2921803535681517,1,0,0,0,0,0,1
0.6922667984673156,-1.4154099598929637,0.4948111303733098,0,1,1,0.2921803535681517,1,0,0,0,0,1,0
-0.8233800109979197,-0.2012361666967178,-0.9467782251018968,1,0,0,1.4727070346515927,0,1,0,1,0,0,0
0.8290094301409251,-0.3936701263238132,1.5039236792059545,0,0,0,-1.4786096680570098,0,0,1,1,0,0,0
-0.0825879928803856,0.9908552697242208,0.3506521948257892,1,0,1,-0.8883463275152893,1,0,0,1,0,0,0
-0.8261567737776954,1.2392660850885333,0.4948111303733098,1,0,0,0.2921803535681517,0,1,0,0,0,0,1
0.0243087506540826,-0.3046674140949946,-0.9467782251018968,1,1,1,0.8824436941098722,0,1,0,1,0,0,0
1.4800568201555866,-1.1835347481803034,0.6389700659208305,1,1,1,-0.2980829869735688,1,0,0,0,0,0,1
-0.0981792571842189,-1.5282532449815691,0.0623343237307478,1,0,1,-1.4786096680570098,1,0,0,0,0,0,1
-0.1219714575239732,-1.013566882966001,-0.9467782251018968,1,0,1,0.2921803535681517,0,1,0,0,0,1,0
-0.5494204558715469,-0.980377065847474,-1.2350960961969382,1,0,1,-1.4786096680570098,0,0,1,0,1,0,0
-1.7030705325124915,0.179054809099463,-1.6675729028395,1,1,1,-0.8883463275152893,1,0,0,0,0,1,0
0.7123940168772422,-0.261912064231145,1.0714468725633923,0,0,1,0.2921803535681517,1,0,0,1,0,0,0
1.5511315991335703,0.0931952569740493,-0.6584603540068555,1,0,1,1.4727070346515927,0,1,0,0,1,0,0
0.5154766936593026,-1.126964843366972,0.4948111303733098,1,0,1,-0.2980829869735688,0,1,0,0,1,0,0
1.1650839613627135,0.8251573578579399,-0.0818246118167728,0,0,1,1.4727070346515927,1,0,0,0,1,0,0
-0.5362610148717404,-1.6047949495640372,0.2064932592782685,1,1,1,0.8824436941098722,0,0,1,0,1,0,0
-1.021107941983869,0.6431994357342011,-1.5234139672919795,1,0,1,-1.4786096680570098,0,0,1,0,1,0,0
0.0606653713979775,-0.8996735521602757,-1.5234139672919795,0,0,1,-0.8883463275152893,0,1,0,0,0,0,1
0.6626106270398362,0.239280687040839,0.2064932592782685,1,1,1,-0.8883463275152893,1,0,0,0,1,0,0
-1.617982587332224,-0.6562269064154359,1.359764743658434,1,1,1,-0.8883463275152893,0,1,0,0,1,0,0
-0.1952279786860666,0.8382602539160845,-1.6675729028395,0,0,1,-0.2980829869735688,1,0,0,0,1,0,0
0.3338315657301289,1.1995004002730942,-0.0818246118167728,1,0,1,-1.4786096680570098,1,0,0,0,1,0,0
0.1131996535544776,-1.2277308584467126,-0.6584603540068555,0,0,1,0.8824436941098722,1,0,0,0,0,1,0
0.1084653592498293,1.1527158052156454,-1.5234139672919795,1,0,1,0.8824436941098722,1,0,0,1,0,0,0
1.5817622245800398,-1.5607069835409193,1.359764743658434,0,1,1,0.8824436941098722,0,1,0,0,0,0,1
-1.5292037897614472,-0.0427001945555091,-0.2259835473642935,1,0,1,-0.8883463275152893,0,1,0,0,0,1,0
-0.9646154793431536,-0.6867480026914494,0.2064932592782685,0,0,1,0.8824436941098722,0,1,0,0,1,0,0
1.7099934746895542,-1.426503466140275,-0.9467782251018968,1,0,1,-1.4786096680570098,0,0,1,1,0,0,0
-0.6066286679244396,-1.3579853667052328,-1.5234139672919795,1,0,1,1.4727070346515927,0,1,0,0,0,1,0
-0.0030104558252004,0.6729007288755864,-1.2350960961969382,1,0,1,-0.8883463275152893,0,0,1,0,0,1,0
0.6592733376119693,-1.4321374323633589,1.5039236792059545,1,0,1,0.8824436941098722,0,1,0,0,1,0,0
0.9883800914236378,0.0649870520948809,0.7831290014683512,1,0,1,-0.8883463275152893,1,0,0,0,1,0,0
-0.297761237852316,-0.1510502607615561,1.0714468725633923,1,0,1,0.2921803535681517,0,1,0,0,0,1,0
1.121983773867936,1.623854922424553,-0.6584603540068555,1,1,0,-0.8883463275152893,0,1,0,1,0,0,0
0.5497119366273436,-1.4169972383025633,-1.3792550317444587,1,0,1,0.2921803535681517,1,0,0,1,0,0,0
-0.5410815440453262,-1.0327642304122122,0.2064932592782685,1,0,1,0.2921803535681517,0,1,0,0,0,1,0
-0.8408167014970077,0.3486459137242342,0.6389700659208305,0,0,1,-0.8883463275152893,0,1,0,0,1,0,0
-0.8474395394313795,0.9085575005794684,-1.3792550317444587,1,1,0,0.2921803535681517,0,1,0,0,0,1,0
0.4528788022978386,0.6789219212601333,-1.3792550317444587,1,1,0,1.4727070346515927,0,1,0,0,1,0,0
0.9965034160775156,-0.9606076004690114,-0.0818246118167728,0,0,1,-1.4786096680570098,0,0,1,0,0,0,1
1.01151690675947,-0.4922034860581832,0.7831290014683512,1,0,1,0.2921803535681517,0,1,0,0,1,0,0
-1.5845062112108297,-0.2112307878912289,-1.5234139672919795,1,0,1,0.8824436941098722,1,0,0,0,1,0,0
-0.5878035960354638,0.2271196924565225,1.2156058081109131,1,0,1,-1.4786096680570098,0,0,1,0,1,0,0
1.6932121691943884,-0.0907371697207515,1.0714468725633923,1,0,1,1.4727070346515927,0,0,1,0,0,0,1
-0.5371147400742182,1.0365933075885267,1.5039236792059545,1,0,1,0.8824436941098722,1,0,0,0,1,0,0
1.4386899535264452,-1.4085654758498116,0.3506521948257892,1,0,1,1.4727070346515927,0,1,0,0,1,0,0
-0.0432562691581598,-1.2443257670059762,-1.3792550317444587,1,0,0,-1.4786096680570098,0,1,0,0,1,0,0
1.5730783732780702,0.0647393668925038,-1.5234139672919795,1,0,1,0.2921803535681517,0,0,1,0,0,0,1
0.6415262015847077,-0.3699970026149291,0.0623343237307478,1,1,1,1.4727070346515927,1,0,0,0,1,0,0
-0.2139236982716366,-1.5545008993855842,0.3506521948257892,1,1,1,1.4727070346515927,1,0,0,1,0,0,0
0.285126111754437,0.3366802764826377,0.6389700659208305,0,0,1,1.4727070346515927,0,1,0,1,0,0,0
0.7554855808851271,0.1130519354519404,1.6480826147534753,1,0,1,-0.8883463275152893,0,1,0,0,0,0,1
0.0596305529707317,-1.1703795242625017,-0.8026192895543761,1,1,1,1.4727070346515927,1,0,0,0,0,1,0
-1.6217855450523515,-1.2023413809410746,1.359764743658434,1,0,1,0.2921803535681517,0,1,0,0,1,0,0
-1.7049332056815338,-0.9508432218569915,1.2156058081109131,0,1,0,0.8824436941098722,1,0,0,0,0,0,1
0.6921029522163354,-1.287056697201986,-1.2350960961969382,1,0,1,1.4727070346515927,0,1,0,0,0,1,0
1.192291062512379,-1.4886968716047586,-0.2259835473642935,1,0,1,1.4727070346515927,0,1,0,1,0,0,0
0.5379581239912129,0.2470531184619109,-0.6584603540068555,1,0,1,0.2921803535681517,0,1,0,1,0,0,0
-0.9489293566834897,-0.9652891996463356,0.0623343237307478,0,1,1,1.4727070346515927,0,1,0,0,0,1,0
1.6026224393759316,0.688166509799559,-0.6584603540068555,1,0,0,0.8824436941098722,0,0,1,0,0,1,0
0.2132321015215502,1.252798069595866,-0.6584603540068555,0,0,1,-1.4786096680570098,1,0,0,0,1,0,0
0.3359098260715136,0.1911530102521909,-0.3701424829118142,1,1,1,-0.8883463275152893,1,0,0,1,0,0,0
-0.0460416554248291,-0.6453217804628907,0.7831290014683512,0,1,1,-1.4786096680570098,0,0,1,0,1,0,0
-0.1607771485456824,-0.2027292549589344,-0.0818246118167728,1,0,1,0.2921803535681517,0,0,1,0,1,0,0
-0.0905647182570702,0.1072330774580678,0.2064932592782685,1,0,1,0.2921803535681517,1,0,0,0,0,1,0
0.4894423867271825,1.559690500912984,-0.5143014184593349,0,0,1,-0.2980829869735688,0,0,1,0,1,0,0
0.2692588958700047,-1.3735337180713538,0.3506521948257892,1,0,1,-0.8883463275152893,1,0,0,0,1,0,0
-0.991693228189413,0.7258007064649646,-0.2259835473642935,0,1,1,-1.4786096680570098,0,1,0,0,0,0,1
1.389613689614323,-0.4614137734359296,0.3506521948257892,1,0,1,-1.4786096680570098,0,1,0,0,0,1,0
-1.1122581984504163,0.4055925791270967,-1.3792550317444587,0,0,1,1.4727070346515927,1,0,0,0,0,1,0
-1.0688130714798898,-1.425184804076915,1.6480826147534753,0,1,1,0.8824436941098722,0,0,1,1,0,0,0
0.1714254370608292,-0.1184360500992572,1.0714468725633923,1,0,1,-0.2980829869735688,0,0,1,0,0,0,1
-1.7020184671114589,1.0231694673244849,0.6389700659208305,1,0,1,-1.4786096680570098,0,1,0,1,0,0,0
-1.0547826583038185,1.490970067087268,-0.6584603540068555,0,0,1,1.4727070346515927,0,0,1,0,0,1,0
-1.3568202867561214,0.3302020874570855,-0.8026192895543761,0,1,0,-1.4786096680570098,0,1,0,1,0,0,0
1.3592762627222406,1.032093111658014,1.5039236792059545,1,0,1,0.8824436941098722,1,0,0,0,1,0,0
0.3290541539910118,1.640400991648136,-0.2259835473642935,0,0,0,-1.4786096680570098,1,0,0,0,1,0,0
1.2214470717000234,-1.2386290073513035,-0.0818246118167728,0,0,1,-0.2980829869735688,0,1,0,0,1,0,0
0.0340877847915534,-1.5291707267875576,1.2156058081109131,0,0,1,0.2921803535681517,1,0,0,0,0,1,0
-0.5722554491660993,-1.628485515892807,0.3506521948257892,1,0,1,-0.8883463275152893,0,1,0,0,0,1,0
-1.4823523854679037,0.7571381173516294,-1.3792550317444587,0,0,1,-1.4786096680570098,0,0,1,0,0,1,0
-0.4570370407791977,1.2278621002072567,-0.8026192895543761,0,0,1,1.4727070346515927,0,1,0,0,1,0,0
1.0307731529931314,-1.3910635510564913,-0.0818246118167728,0,1,1,-0.8883463275152893,0,0,1,1,0,0,0
-1.120838567909661,-0.3029824570140352,0.3506521948257892,1,1,0,0.8824436941098722,0,0,1,0,0,0,1
-0.3591777115093409,0.7664838730863922,1.359764743658434,1,0,1,0.8824436941098722,1,0,0,0,1,0,0
-1.5643100049057534,0.3778274167930252,0.6389700659208305,1,0,0,-0.2980829869735688,0,1,0,0,1,0,0
0.6065320917700198,0.2726623729781087,-1.2350960961969382,1,0,1,0.2921803535681517,0,1,0,0,0,0,1
-0.4058221521174355,0.5510361207820923,-1.5234139672919795,1,0,0,0.8824436941098722,1,0,0,1,0,0,0
-0.1432197292300827,1.2621228941867666,-0.2259835473642935,1,0,1,-1.4786096680570098,1,0,0,1,0,0,0
0.2439748322976376,1.5132128959655236,-0.6584603540068555,1,0,1,-1.4786096680570098,0,0,1,0,0,1,0
1.5412922005878438,-1.0013291408541876,1.5039236792059545,1,0,1,-0.8883463275152893,0,0,1,1,0,0,0
-0.655506591638006,1.2949847900514415,0.4948111303733098,1,1,0,0.8824436941098722,0,0,1,0,0,1,0
-0.0581059135891336,-1.4789290044687615,-0.8026192895543761,1,1,1,1.4727070346515927,0,0,1,1,0,0,0
1.4977522152614864,1.0763799235478289,-1.6675729028395,0,0,1,-1.4786096680570098,0,1,0,0,0,0,1
1.6836745926899412,-0.8872892920414224,0.0623343237307478,0,0,1,0.2921803535681517,0,1,0,0,0,0,1
0.4366925173983391,-0.9178766702730016,1.2156058081109131,1,0,1,-0.2980829869735688,0,1,0,1,0,0,0
-1.1007372199604155,-1.5729621682726185,-0.9467782251018968,1,0,1,1.4727070346515927,1,0,0,1,0,0,0
0.9033093932171576,0.12379310077756,-1.5234139672919795,1,0,1,0.2921803535681517,0,0,1,0,0,0,1
-0.2024458372161044,1.5003646621577102,-0.8026192895543761,1,0,1,1.4727070346515927,0,1,0,0,1,0,0
-0.3506318359976713,-1.2380952631828008,0.0623343237307478,1,0,0,-0.2980829869735688,0,0,1,0,0,0,1
-0.1340098452275968,0.6219229279976134,-1.6675729028395,1,0,1,-0.8883463275152893,1,0,0,1,0,0,0
-0.632680221830347,-0.8598311198173393,-0.9467782251018968,1,0,1,-0.2980829869735688,0,0,1,1,0,0,0
0.8066832225731019,1.2372846034695166,1.2156058081109131,1,0,1,1.4727070346515927,1,0,0,0,0,0,1
0.1566878979594733,0.7855835418612435,1.2156058081109131,0,0,1,0.2921803535681517,0,1,0,0,1,0,0
-1.4102427880626744,-1.109961777502383,0.2064932592782685,1,0,0,0.2921803535681517,1,0,0,0,0,1,0
-1.095502763415932,-0.7356501318030231,-1.3792550317444587,1,0,1,1.4727070346515927,0,0,1,1,0,0,0
-0.0855889663193978,-0.8298019054221027,-0.3701424829118142,1,0,1,-0.8883463275152893,0,0,1,1,0,0,0
1.6147643089222796,0.3671316022791084,-0.0818246118167728,1,0,1,0.2921803535681517,0,1,0,0,0,0,1
-0.8847792376811573,0.1777640552279206,-0.2259835473642935,0,0,1,-1.4786096680570098,0,0,1,0,1,0,0
0.3570891098824731,0.3970003445713964,0.2064932592782685,0,0,1,-1.4786096680570098,0,1,0,0,0,1,0
0.2682499479034402,-0.6765126733425154,0.6389700659208305,1,0,1,-0.2980829869735688,0,1,0,1,0,0,0
1.492517758717002,1.2201036228820934,-1.3792550317444587,1,0,1,-1.4786096680570098,0,1,0,0,0,1,0
0.0203850641174433,0.1928658755249674,0.0623343237307478,0,0,1,1.4727070346515927,0,1,0,0,1,0,0
-1.2286062836203944,1.223735176342298,-1.6675729028395,1,0,1,1.4727070346515927,1,0,0,0,0,1,0
1.2723946322680806,1.5153269414956718,0.4948111303733098,0,1,1,0.2921803535681517,0,1,0,0,0,0,1
1.6694630862891024,0.0525923264040959,1.0714468725633923,1,0,1,1.4727070346515927,1,0,0,1,0,0,0
0.4453332512658396,0.7929757241688068,1.2156058081109131,1,0,0,-0.2980829869735688,0,1,0,0,0,0,1
-1.013527897004295,0.2019883657251931,-0.0818246118167728,1,0,0,0.8824436941098722,0,0,1,0,0,0,1
-0.7061178362172085,0.3656385140168918,0.0623343237307478,1,0,1,0.2921803535681517,0,1,0,1,0,0,0
-0.0371077230029422,0.4929975473743843,-0.0818246118167728,0,0,1,-0.2980829869735688,0,0,1,1,0,0,0
0.6572640651657342,0.8792155254077291,-0.0818246118167728,1,1,0,-1.4786096680570098,0,0,1,0,1,0,0
1.69310006386477,-0.2834118375022699,-1.6675729028395,1,0,1,-1.4786096680570098,0,0,1,0,1,0,0
-0.8106689913165865,1.3702008555225962,-1.5234139672919795,1,1,1,-0.2980829869735688,1,0,0,0,0,1,0
1.2368744897528758,-1.3899821086235773,1.6480826147534753,1,0,1,0.2921803535681517,1,0,0,0,1,0,0
1.3298615489277843,-1.0369504591847825,-0.2259835473642935,1,0,0,-1.4786096680570098,0,0,1,0,0,0,1
-0.752218997150999,-1.345988332747842,0.927287937015872,1,0,1,-0.8883463275152893,0,1,0,0,0,0,1
1.5120327095574748,0.2769323263261302,-0.6584603540068555,1,0,1,0.2921803535681517,1,0,0,0,1,0,0
-1.604969745609611,-0.9030888171338975,0.3506521948257892,0,0,0,-0.2980829869735688,0,1,0,0,1,0,0
0.578350536601365,0.734152232866242,-0.6584603540068555,0,0,1,0.8824436941098722,1,0,0,0,1,0,0
1.2192653295159137,-1.5476738579623175,-0.5143014184593349,1,0,1,1.4727070346515927,0,0,1,0,0,0,1
-0.3065571944839033,-1.5515879818646707,-1.5234139672919795,1,1,0,-0.8883463275152893,0,0,1,0,1,0,0
0.5562916571272468,-0.9063750067203652,0.4948111303733098,1,0,1,-1.4786096680570098,0,0,1,0,0,0,1
-0.3210274054915542,-1.431310652180776,-0.8026192895543761,0,0,1,-0.8883463275152893,0,1,0,1,0,0,0
-1.3803796529497456,-1.188160530973993,0.6389700659208305,1,1,1,-1.4786096680570098,0,0,1,0,0,1,0
-1.4167104032329594,0.5701323010329664,-1.0909371606494176,1,0,0,0.8824436941098722,1,0,0,0,0,0,1
1.493595694578716,0.6545545812797977,1.5039236792059545,0,0,0,1.4727070346515927,0,1,0,0,0,0,1
-0.2555923869420587,-0.3771903390557954,0.3506521948257892,1,1,0,-0.2980829869735688,0,0,1,0,1,0,0
1.101554733416729,0.4264295328425644,0.2064932592782685,1,0,1,-0.8883463275152893,0,1,0,0,0,1,0
0.5635526330917534,-0.4163699518430749,1.0714468725633923,1,0,1,-0.2980829869735688,0,1,0,1,0,0,0
1.1605480072566212,-1.3627088281702826,-0.6584603540068555,1,0,1,-1.4786096680570098,0,0,1,0,1,0,0
0.6459414268742888,0.5363773430301423,-0.3701424829118142,1,0,0,-0.8883463275152893,0,1,0,0,1,0,0
0.557455827857898,-0.3344838285276256,-1.3792550317444587,1,0,1,-1.4786096680570098,1,0,0,1,0,0,0
0.8075714417231542,1.719049764712798,-1.3792550317444587,0,0,1,-1.4786096680570098,0,0,1,0,0,1,0
1.2298204774738188,-1.4728903694643292,0.927287937015872,1,0,1,1.4727070346515927,0,0,1,1,0,0,0
1.1445169451212085,-0.6048758334719088,0.927287937015872,1,0,1,1.4727070346515927,0,1,0,0,1,0,0
0.0250676175007294,-0.2811582510130364,0.6389700659208305,1,0,1,1.4727070346515927,0,1,0,0,0,0,1
0.4589324900972253,0.771891085250962,1.359764743658434,1,0,0,-0.8883463275152893,0,1,0,1,0,0,0
-1.243145482523195,0.2301233116008418,1.0714468725633923,1,0,1,0.8824436941098722,0,0,1,0,0,1,0
1.092879505601654,-0.8909138684536728,1.2156058081109131,1,0,1,-1.4786096680570098,1,0,0,0,0,0,1
0.9301974253517552,1.6954185032916396,1.359764743658434,1,0,0,-0.8883463275152893,1,0,0,1,0,0,0
0.1658029236061279,0.913068162081913,0.2064932592782685,1,1,1,-1.4786096680570098,1,0,0,0,0,0,1
-1.4682012434753204,0.630972159194319,0.4948111303733098,1,0,1,0.8824436941098722,1,0,0,1,0,0,0
0.9649414540465252,1.5788285434515834,0.2064932592782685,1,0,1,0.8824436941098722,0,0,1,0,1,0,0
-1.1265041987988305,-0.8692396689836908,-0.8026192895543761,1,0,1,0.2921803535681517,1,0,0,0,1,0,0
0.5118979465984115,-0.9937939290635612,1.359764743658434,1,0,0,-0.2980829869735688,0,0,1,1,0,0,0
-0.6923892450824171,-0.9642356654052388,1.5039236792059545,1,0,1,0.2921803535681517,0,0,1,1,0,0,0
0.1187618026009229,-1.3096658210978418,0.4948111303733098,0,0,1,-1.4786096680570098,0,1,0,1,0,0,0
-0.6962008262894384,0.051953926516279,0.4948111303733098,0,0,1,-0.2980829869735688,1,0,0,0,0,1,0
-0.3769593414841773,-1.133781419218307,-1.5234139672919795,1,0,0,-0.2980829869735688,0,1,0,0,0,0,1
1.0389395950814782,1.7062852554804362,0.7831290014683512,1,0,0,-1.4786096680570098,1,0,0,1,0,0,0
0.3112897709899624,-1.664745234111219,-0.9467782251018968,1,0,0,0.2921803535681517,0,1,0,0,0,1,0
-0.9456179377163036,0.0472409306231603,-0.8026192895543761,1,0,1,-0.8883463275152893,1,0,0,1,0,0,0
-1.1734332144744175,-0.7769751868362447,0.7831290014683512,1,0,1,1.4727070346515927,1,0,0,1,0,0,0
-0.6332838659129072,1.296052278388447,-1.3792550317444587,1,1,1,0.8824436941098722,0,1,0,0,1,0,0
0.4996267247486577,-1.2710722803387222,1.0714468725633923,0,0,1,-0.8883463275152893,0,0,1,0,0,1,0
1.409835766380081,-1.709080885336714,-0.5143014184593349,1,0,1,-0.2980829869735688,1,0,0,0,1,0,0
-0.5673055676891077,1.635070527011064,0.927287937015872,0,0,1,-0.8883463275152893,0,0,1,1,0,0,0
-1.373429122513413,-0.6235673449414344,-0.9467782251018968,1,0,0,0.8824436941098722,0,0,1,0,0,0,1
1.0795217244032924,1.579672766254052,0.3506521948257892,1,0,1,-0.2980829869735688,0,1,0,0,0,0,1
0.3902377935019064,0.9306782311185248,1.0714468725633923,1,1,1,0.2921803535681517,1,0,0,0,0,1,0
-0.259309109793249,-0.4875986344083559,-1.3792550317444587,0,0,1,-1.4786096680570098,0,1,0,0,0,0,1
0.1283424965398383,1.3526570684415498,1.2156058081109131,1,1,1,0.2921803535681517,0,1,0,0,0,0,1
-1.0985813482369875,0.5355400972756285,-0.3701424829118142,1,0,1,-0.8883463275152893,0,1,0,0,0,0,1
-0.4061757150800776,1.4868605858421948,-1.2350960961969382,1,0,1,0.8824436941098722,0,1,0,0,0,1,0
0.8537415905520943,-0.952207234732054,0.927287937015872,1,0,1,-0.2980829869735688,0,1,0,0,0,0,1
1.6848560103943808,-0.4669047101759509,-0.5143014184593349,1,0,1,0.8824436941098722,1,0,0,0,0,0,1
1.530021303217761,-0.007092830320823,-1.3792550317444587,1,0,1,1.4727070346515927,1,0,0,0,0,1,0
-1.441071753707699,-1.7167033102267688,1.6480826147534753,1,0,0,-0.2980829869735688,0,0,1,1,0,0,0
-0.60103202493042,1.03600374703639,1.6480826147534753,1,0,1,0.8824436941098722,1,0,0,0,1,0,0
1.6916599415535198,1.2355752267207174,-0.6584603540068555,0,1,1,1.4727070346515927,0,1,0,1,0,0,0
-0.3274432797404764,1.700473374534518,-1.2350960961969382,1,0,0,1.4727070346515927,0,0,1,0,1,0,0
0.6975443724462683,0.321899400391488,-1.2350960961969382,1,0,1,-1.4786096680570098,1,0,0,1,0,0,0
1.3241355536303596,-0.2473579421985094,0.927287937015872,1,0,1,1.4727070346515927,1,0,0,0,1,0,0
-1.1468987453024622,1.1034927318981749,0.3506521948257892,0,0,1,0.8824436941098722,0,0,1,1,0,0,0
-0.2426054156801267,-0.1108101366852254,-0.0818246118167728,1,0,0,-1.4786096680570098,0,0,1,0,1,0,0
1.680432161617906,-0.9600180399168744,0.4948111303733098,1,1,0,-0.2980829869735688,1,0,0,0,0,1,0
0.4721350485315,0.0655033536434977,-1.2350960961969382,1,0,1,-1.4786096680570098,0,0,1,0,1,0,0
1.0289449737716645,1.4349339064424391,1.0714468725633923,1,0,1,-1.4786096680570098,0,1,0,0,0,0,1
-0.0720500918962679,1.126726301585939,-1.3792550317444587,0,1,1,0.8824436941098722,0,1,0,0,1,0,0
-1.4400628057411344,-1.091409806991943,-1.0909371606494176,1,0,0,-1.4786096680570098,0,0,1,0,0,0,1
-0.8099015009830461,1.3554164909074689,-1.3792550317444587,1,1,1,1.4727070346515927,0,1,0,0,0,1,0
-0.7356360318543886,-0.6336073169476484,-1.5234139672919795,1,0,1,-0.8883463275152893,1,0,0,0,1,0,0
-0.7659820822333652,1.1367244113044277,-0.0818246118167728,1,0,1,-0.2980829869735688,1,0,0,1,0,0,0
0.3305891346580926,0.1821107561034393,-1.3792550317444587,1,1,1,1.4727070346515927,1,0,0,0,1,0,0
-0.630282892473895,0.1388705014067669,-0.0818246118167728,1,0,1,-1.4786096680570098,0,1,0,0,0,1,0
0.0798095123020205,-1.2303437629055918,0.6389700659208305,1,1,0,-0.8883463275152893,0,1,0,0,0,0,1
-0.7092309149858387,1.712679719930537,-0.0818246118167728,1,0,1,-0.8883463275152893,0,0,1,0,1,0,0
-1.600364803608368,0.5229151290023522,-1.0909371606494176,0,1,1,-0.8883463275152893,0,0,1,0,0,0,1
1.3225402085550224,0.0265714260585952,-1.6675729028395,1,0,1,1.4727070346515927,0,0,1,0,0,1,0
1.736329603662954,1.6121579015291965,-1.0909371606494176,1,1,1,-0.2980829869735688,1,0,0,0,0,1,0
-0.4914447534851133,-0.6964949386835837,1.6480826147534753,1,0,1,0.8824436941098722,0,1,0,0,0,0,1
1.2030704211295205,1.5570985275979676,-0.3701424829118142,1,0,1,-0.2980829869735688,1,0,0,0,0,0,1
1.6403933119703953,-1.1916909172388608,0.4948111303733098,1,0,1,1.4727070346515927,1,0,0,0,1,0,0
-0.4172655192253928,-1.230587959583992,1.2156058081109131,0,0,1,0.2921803535681517,0,1,0,1,0,0,0
1.6385220153144595,-0.6560280605487389,1.6480826147534753,1,0,1,-0.8883463275152893,0,0,1,0,1,0,0
0.2047983313394989,-0.4795017702574098,1.2156058081109131,1,1,1,0.2921803535681517,1,0,0,0,0,0,1
0.7048915832797119,0.9420752389518472,0.2064932592782685,1,1,1,-1.4786096680570098,0,1,0,0,0,0,1
-1.6689991357954312,-0.9183197128180988,0.7831290014683512,1,1,1,1.4727070346515927,0,0,1,0,0,0,1
1.6343999885792648,0.6213263903975221,0.2064932592782685,1,0,1,0.2921803535681517,1,0,0,1,0,0,0
-1.0883538927810437,0.0566564568374663,0.7831290014683512,1,0,1,0.8824436941098722,1,0,0,1,0,0,0
-1.1509172901949327,0.3124315463175251,0.7831290014683512,1,0,1,-1.4786096680570098,1,0,0,0,0,0,1
0.4722126599135436,-0.4918057943247891,-0.0818246118167728,0,0,1,-0.2980829869735688,0,0,1,1,0,0,0
0.9933472198744168,0.7893790559483738,-0.6584603540068555,1,0,1,0.8824436941098722,0,0,1,0,0,0,1
0.6401291967079262,0.4968279467012859,-1.6675729028395,1,0,1,1.4727070346515927,1,0,0,0,0,1,0
0.0582594185546315,-1.0714414957467833,1.6480826147534753,1,0,1,-0.2980829869735688,0,1,0,0,0,1,0
1.3705730305530044,0.4684522926712145,1.359764743658434,1,0,1,-0.2980829869735688,0,1,0,0,1,0,0
-0.6511258602959997,-0.7978888880792097,1.6480826147534753,1,1,0,1.4727070346515927,1,0,0,0,0,0,1
0.247122405013843,1.5027263928902357,0.7831290014683512,1,0,1,-1.4786096680570098,0,1,0,0,0,0,1
-1.1529610565887425,-0.5276189814741267,1.5039236792059545,0,0,0,0.2921803535681517,0,1,0,0,0,1,0
-0.5538701751087027,0.3478016909217659,-0.2259835473642935,0,0,0,1.4727070346515927,0,1,0,0,0,1,0
0.8708333415754339,-1.087328233938687,0.6389700659208305,1,0,1,-0.2980829869735688,0,0,1,0,0,1,0
-0.4466974799936359,-0.1371275615687832,-1.2350960961969382,0,1,1,-0.2980829869735688,0,1,0,0,0,1,0
-0.2179249961903194,-0.2098528209202579,-0.3701424829118142,1,0,1,-0.8883463275152893,0,1,0,0,0,0,1
1.0920085334253888,1.3976136769349763,0.3506521948257892,0,0,1,-0.2980829869735688,0,1,0,1,0,0,0
0.774276158826528,-0.273350934352193,-0.0818246118167728,1,0,1,0.8824436941098722,1,0,0,0,0,1,0
-1.1413193492822298,-1.5261810617391471,0.3506521948257892,1,0,1,1.4727070346515927,0,0,1,0,1,0,0
0.7883841833846424,0.3876545888366336,-0.8026192895543761,1,0,0,-0.2980829869735688,0,0,1,1,0,0,0
-0.3511061277768253,0.1703997811121741,-0.5143014184593349,1,1,0,-0.8883463275152893,0,0,1,1,0,0,0
1.4031784344981342,1.377606991926068,1.5039236792059545,1,1,1,1.4727070346515927,1,0,0,0,1,0,0
-1.2990774185158185,-1.0856153686659105,-0.6584603540068555,1,0,1,1.4727070346515927,1,0,0,0,1,0,0
0.4634167032819564,-1.1303801083405938,-1.3792550317444587,0,0,1,0.2921803535681517,1,0,0,0,0,0,1
1.3319225622953823,-0.3976505321817321,0.2064932592782685,1,0,1,0.2921803535681517,0,1,0,0,0,1,0
0.1643972952424529,-0.7066709631249061,-1.5234139672919795,1,0,1,0.8824436941098722,0,1,0,1,0,0,0
-0.37406184988789,0.489055515280214,0.7831290014683512,1,0,0,-0.2980829869735688,0,1,0,0,0,0,1
-1.4075695071256231,0.4715919642506421,0.4948111303733098,0,0,1,0.2921803535681517,1,0,0,0,0,0,1
-0.3824956200699412,1.2104438999893876,0.3506521948257892,1,0,1,1.4727070346515927,0,0,1,0,0,0,1
-0.6013079765110189,1.3783849327729705,-0.9467782251018968,0,0,1,0.8824436941098722,1,0,0,0,0,0,1
-0.1094674015280891,0.7563601765047265,-0.5143014184593349,1,0,1,-0.8883463275152893,0,0,1,0,0,1,0
-0.4889870597204051,1.651850327341116,1.2156058081109131,1,0,1,0.2921803535681517,0,0,1,0,0,1,0
0.1285408367383937,-0.3200936671219158,-0.5143014184593349,1,0,0,0.2921803535681517,0,1,0,0,0,1,0
-1.2277353114441294,-0.7256136483207861,1.2156058081109131,0,0,1,0.2921803535681517,0,0,1,0,1,0,0
-0.302297191958409,-0.0083905612403195,0.2064932592782685,1,0,1,-1.4786096680570098,0,1,0,0,0,0,1
-1.5065671366654505,-0.0610149454355035,-1.0909371606494176,1,0,1,1.4727070346515927,0,0,1,0,0,1,0
-0.5488168117889867,0.8440581807660942,1.359764743658434,1,0,0,0.8824436941098722,1,0,0,0,0,1,0
1.5853151011802495,0.0095299864302578,-0.2259835473642935,0,0,1,0.2921803535681517,0,0,1,1,0,0,0
1.1249933707938415,0.173665039554779,1.0714468725633923,1,0,0,1.4727070346515927,1,0,0,0,0,0,1
-0.415394222569457,-0.7664363559012993,-1.5234139672919795,1,0,0,-0.2980829869735688,0,0,1,0,0,1,0
0.578712723050901,1.5340324070611058,1.0714468725633923,1,0,0,0.8824436941098722,0,1,0,0,1,0,0
-0.6781173742733216,1.1457248031654537,-0.9467782251018968,1,1,1,1.4727070346515927,1,0,0,0,1,0,0
0.172572360817693,-1.2181618371774128,1.6480826147534753,1,0,1,-0.2980829869735688,0,0,1,0,1,0,0
0.535724640885741,-0.7560824167371426,1.2156058081109131,0,0,0,-0.8883463275152893,0,1,0,0,0,1,0
1.7061042821004897,-1.4333479501834268,-0.5143014184593349,1,0,1,-0.8883463275152893,1,0,0,0,0,0,1
-1.4376913468453634,0.7041299955189596,-0.9467782251018968,1,1,1,1.4727070346515927,0,1,0,0,1,0,0
1.4286177208345878,-1.0408122552274783,-0.6584603540068555,1,0,0,0.8824436941098722,0,0,1,0,0,1,0
-1.1639128849437583,0.8100241408450987,1.0714468725633923,0,1,0,-0.8883463275152893,0,1,0,0,0,1,0
1.0590668134914047,-1.155357940016929,1.2156058081109131,0,0,0,-0.8883463275152893,1,0,0,0,0,0,1
-0.9280605184007036,-1.6044251660224604,-0.6584603540068555,1,1,0,0.2921803535681517,0,0,1,1,0,0,0
-0.1744712457328989,0.9135286472468956,1.6480826147534753,1,1,0,-0.2980829869735688,0,0,1,0,1,0,0
-1.6372991979741416,1.550683132004004,0.6389700659208305,1,0,1,-0.8883463275152893,0,1,0,0,0,0,1
-0.9274654978050374,-1.6255098049403052,-0.3701424829118142,1,0,1,-1.4786096680570098,0,0,1,1,0,0,0
1.5917999633243214,-0.7488890802962761,-0.2259835473642935,1,0,1,0.8824436941098722,0,0,1,0,0,0,1
-0.6948469388471252,0.4287424242394095,-0.5143014184593349,1,1,1,0.2921803535681517,1,0,0,1,0,0,0
1.5368683518113688,-1.4693844028673015,-0.0818246118167728,1,1,1,0.8824436941098722,1,0,0,0,1,0,0
-0.75284851169424,-0.9605936463731028,-1.2350960961969382,1,0,1,1.4727070346515927,0,1,0,1,0,0,0
1.6525696754643182,0.4130336007703401,0.7831290014683512,0,0,1,0.8824436941098722,0,1,0,0,0,1,0
0.2456822827025928,-1.5362035911254754,1.6480826147534753,1,1,1,-1.4786096680570098,0,0,1,0,1,0,0
-0.5435047438624595,-1.187141881972668,1.2156058081109131,0,0,1,-0.2980829869735688,0,0,1,1,0,0,0
-0.7192341597825462,0.7722573802685616,0.3506521948257892,1,0,1,-0.8883463275152893,0,0,1,0,0,1,0
-0.3486656809859045,1.6468582495298256,-0.2259835473642935,1,0,1,-0.2980829869735688,0,0,1,0,1,0,0
-0.3799258209756147,-0.6111795962986039,1.5039236792059545,1,0,1,0.8824436941098722,0,1,0,0,0,0,1
-0.4585375274987041,-1.5895884735476764,-0.8026192895543761,1,0,1,-0.8883463275152893,0,0,1,0,0,0,1
-1.0731679323612149,-1.233647395111945,-1.6675729028395,0,0,1,-0.2980829869735688,1,0,0,1,0,0,0
-0.2036186314336495,1.7058910522710191,0.7831290014683512,1,0,0,-0.2980829869735688,0,1,0,1,0,0,0
-1.5751411044442571,-1.0922540297944112,0.3506521948257892,0,1,1,0.8824436941098722,0,1,0,0,0,1,0
-1.0487289705044318,-1.6491166466936238,0.6389700659208305,1,0,1,1.4727070346515927,0,1,0,0,1,0,0
0.8198685340335893,0.5413833749373409,0.0623343237307478,1,0,1,1.4727070346515927,0,0,1,1,0,0,0
-0.9409440078199112,-1.1336732749750156,0.927287937015872,1,0,0,-1.4786096680570098,0,0,1,1,0,0,0
0.2702505968627818,0.3010345384842028,-1.0909371606494176,0,1,1,-1.4786096680570098,0,1,0,0,0,0,1
-1.2085394296187235,1.5915790985880371,0.0623343237307478,1,0,0,0.2921803535681517,1,0,0,0,0,1,0
-0.7963022621516606,-0.2662448110107552,-0.5143014184593349,0,0,0,-0.8883463275152893,0,0,1,0,0,1,0
-0.6440546010431547,1.4143760346451424,1.5039236792059545,1,0,1,0.8824436941098722,0,1,0,1,0,0,0
1.1123944564421269,-0.1096100844370887,-0.2259835473642935,1,0,1,-1.4786096680570098,0,0,1,0,0,1,0
-0.9984367949402966,1.5557205606269964,-1.6675729028395,1,0,1,0.8824436941098722,0,0,1,0,0,0,1
0.0943918286392893,1.120771391156958,0.2064932592782685,0,0,0,-0.2980829869735688,0,1,0,0,0,1,0
-0.6382509943636857,-0.9143044217204084,0.2064932592782685,0,0,1,-0.8883463275152893,1,0,0,1,0,0,0
-0.8130749441599326,1.2429743860762348,-0.9467782251018968,1,1,1,-1.4786096680570098,1,0,0,0,1,0,0
0.7305809507360834,0.8166628019735998,-1.3792550317444587,1,0,1,-0.8883463275152893,1,0,0,0,1,0,0
-0.634525648025602,-0.6527976873459055,0.6389700659208305,1,1,0,-1.4786096680570098,1,0,0,1,0,0,0
1.680984064779103,1.0370991435652122,-1.3792550317444587,1,1,1,-1.4786096680570098,0,0,1,0,1,0,0
-0.4031143772328093,-1.7326947041379868,1.2156058081109131,1,1,1,-0.8883463275152893,0,1,0,0,0,1,0
-0.3864279300934744,0.5599458110197124,0.7831290014683512,0,1,1,-0.2980829869735688,0,0,1,0,1,0,0
-1.2146448583394729,1.2080158873012972,0.6389700659208305,1,0,1,0.8824436941098722,0,1,0,0,0,0,1
-1.273586391258002,1.2266585594351431,0.4948111303733098,1,0,1,1.4727070346515927,0,1,0,1,0,0,0
0.9635272021959568,-1.6218538318122608,-1.2350960961969382,0,0,1,0.8824436941098722,0,1,0,0,0,0,1
-0.6740557119463827,-0.9309935204270549,-0.5143014184593349,0,0,1,1.4727070346515927,0,0,1,1,0,0,0
-0.6846281068780753,0.93695757427738,-1.3792550317444587,0,0,1,0.8824436941098722,1,0,0,0,0,0,1
-0.1815511284726375,0.6794138031409102,1.6480826147534753,1,0,1,0.2921803535681517,0,0,1,0,0,1,0
-1.499392395569881,0.60990496289636,-1.0909371606494176,1,0,1,-1.4786096680570098,0,0,1,0,1,0,0
0.1835069421989211,1.5905464954908028,-1.3792550317444587,1,0,1,1.4727070346515927,0,0,1,0,1,0,0
1.282475488446831,0.2592001589503185,-0.9467782251018968,1,0,1,-1.4786096680570098,0,1,0,0,1,0,0
1.640850356775762,-0.922415239967263,0.0623343237307478,1,1,0,-1.4786096680570098,0,0,1,1,0,0,0
-1.215886640452167,-1.209730074724661,0.6389700659208305,1,0,1,-0.8883463275152893,1,0,0,1,0,0,0
-0.6270232144280713,0.8714570480825657,-0.3701424829118142,0,0,1,0.8824436941098722,0,0,1,0,0,1,0
-1.6896092694714056,-1.5599953246495826,1.0714468725633923,1,0,1,-0.8883463275152893,0,0,1,0,0,0,1
0.0910027982900602,-0.3620571220429543,1.6480826147534753,1,0,1,-0.2980829869735688,0,1,0,0,1,0,0
-1.6366955538915815,0.6099014743723827,-0.3701424829118142,1,1,1,-1.4786096680570098,0,0,1,0,0,0,1
0.489813196663612,1.0388259629338974,1.359764743658434,1,0,0,-1.4786096680570098,0,1,0,0,0,1,0
1.2593472965978925,-1.5324569163740251,-0.3701424829118142,0,0,1,-1.4786096680570098,1,0,0,0,0,0,1
0.7365311566927455,-0.0796715716652577,0.0623343237307478,1,0,0,0.2921803535681517,1,0,0,0,0,0,1
0.8677030158330159,0.4972221499107029,-0.3701424829118142,0,0,1,-0.8883463275152893,0,0,1,1,0,0,0
0.8165829855270846,1.7100075105640464,-1.6675729028395,1,0,1,-1.4786096680570098,0,1,0,1,0,0,0
0.6856957014543063,-0.5428777853501447,-0.9467782251018968,1,1,0,1.4727070346515927,0,0,1,1,0,0,0
-0.8838823950442112,-1.095641386576216,0.6389700659208305,0,0,1,0.2921803535681517,1,0,0,0,0,1,0
0.9131401682759904,-1.705686551506955,-0.0818246118167728,0,0,1,-0.8883463275152893,1,0,0,1,0,0,0
-0.3546503808901415,1.584657867017388,1.0714468725633923,0,0,1,1.4727070346515927,1,0,0,1,0,0,0
1.3967798072229989,-0.1041644985087702,0.927287937015872,1,0,0,-1.4786096680570098,1,0,0,0,1,0,0
-1.3758868162781213,0.5976148929248893,-0.5143014184593349,1,0,1,1.4727070346515927,0,0,1,0,1,0,0
-0.3252874080170481,-0.2072817787491045,1.6480826147534753,0,1,1,-0.2980829869735688,0,0,1,0,1,0,0
-0.441902821280731,0.4978989235622686,0.6389700659208305,1,0,1,-0.2980829869735688,1,0,0,0,1,0,0
-1.3089340640353324,0.0903032705969988,-0.8026192895543761,0,1,1,0.2921803535681517,0,1,0,0,0,1,0
1.3109933596043402,-0.2317154006850056,0.6389700659208305,1,0,1,-1.4786096680570098,1,0,0,0,1,0,0
-0.5210405605043366,-0.5228083069096481,-0.6584603540068555,0,0,1,-0.8883463275152893,0,1,0,1,0,0,0
0.0475318008588523,-0.6591398239363492,-1.5234139672919795,0,1,1,-0.8883463275152893,0,0,1,0,1,0,0
-0.9200061816419756,-0.94713492086929,-1.2350960961969382,1,0,1,1.4727070346515927,0,0,1,1,0,0,0
-1.5249869046704216,1.2218653274905498,1.6480826147534753,1,0,0,-1.4786096680570098,0,1,0,0,0,0,1
-1.0346295694332106,0.5578108343457017,-0.5143014184593349,1,0,1,0.8824436941098722,0,0,1,0,0,1,0
0.8609594490821325,-0.8114836660181313,-0.0818246118167728,1,0,1,-0.8883463275152893,1,0,0,1,0,0,0
1.6675141782511231,0.1589748650870348,-1.3792550317444587,0,1,0,0.2921803535681517,0,1,0,0,0,0,1
-1.0759446951409906,-0.8722816618917584,-0.9467782251018968,1,0,1,0.2921803535681517,0,1,0,1,0,0,0
-0.9737822459111708,-0.8809611095468872,1.0714468725633923,1,1,1,-1.4786096680570098,0,1,0,0,0,0,1
0.2707335121288297,0.6993681602901611,-1.0909371606494176,0,1,1,0.2921803535681517,0,1,0,1,0,0,0
1.031601007734928,0.7567508911901664,-1.6675729028395,0,0,1,-0.8883463275152893,0,1,0,1,0,0,0
-1.6159560679122016,0.6263184682088122,1.5039236792059545,0,0,1,0.2921803535681517,0,0,1,0,1,0,0
0.5060770929451551,1.6251910271077985,-0.8026192895543761,1,0,1,-1.4786096680570098,1,0,0,0,1,0,0
-0.5507484728531786,0.246170521895694,-0.9467782251018968,0,0,1,0.8824436941098722,0,0,1,0,1,0,0
0.8597952783514813,1.032766396785602,1.2156058081109131,1,1,1,-0.2980829869735688,0,0,1,0,0,0,1
-0.0906164591784325,0.5031700832917297,-1.5234139672919795,1,0,1,-1.4786096680570098,0,1,0,0,0,1,0
-0.7727256489842487,1.4140446248673144,1.0714468725633923,1,1,1,0.2921803535681517,0,1,0,1,0,0,0
0.8056139101982813,0.5253012794027171,0.6389700659208305,0,0,1,0.2921803535681517,0,0,1,0,0,1,0
1.1192673754964158,-1.0809198153926776,-0.0818246118167728,0,0,0,-1.4786096680570098,0,0,1,1,0,0,0
0.2907055077746692,1.0914608127010126,0.7831290014683512,0,1,1,0.8824436941098722,0,1,0,0,0,0,1
1.562566342754634,1.3260710272117526,1.5039236792059545,1,0,1,1.4727070346515927,0,1,0,1,0,0,0
-0.3390591165863082,-1.7332249597825125,0.2064932592782685,0,0,0,-0.8883463275152893,0,0,1,0,0,0,1
-1.0077932782199754,-0.584977292706292,0.6389700659208305,1,1,1,0.8824436941098722,1,0,0,0,0,0,1
-1.375041714562537,-0.6494312617079636,-1.6675729028395,0,0,1,0.8824436941098722,1,0,0,0,0,0,1
0.7169644649309104,1.634390264835521,0.3506521948257892,0,0,1,1.4727070346515927,0,0,1,0,0,0,1
-0.7472346217264326,-1.3809747397145973,0.7831290014683512,0,0,1,0.2921803535681517,0,0,1,0,0,0,1
-1.357794740775111,0.3307776939133138,0.3506521948257892,0,0,1,-0.2980829869735688,1,0,0,0,0,1,0
0.6391374957151492,0.6925201877230318,0.3506521948257892,0,1,1,-0.8883463275152893,0,1,0,0,0,0,1
-1.4995303713601804,1.0098014434440776,0.3506521948257892,0,1,1,0.2921803535681517,1,0,0,0,0,0,1
1.1427922477424657,-1.3746500457440392,1.0714468725633923,1,1,1,1.4727070346515927,0,1,0,0,0,1,0
-1.3948239934967153,-1.4475008919586911,0.4948111303733098,1,0,1,-1.4786096680570098,0,0,1,0,1,0,0
1.5963359174304148,1.1707724053213313,-1.5234139672919795,1,1,1,0.2921803535681517,0,1,0,1,0,0,0
0.2765716127558735,-0.8732200748416096,1.6480826147534753,1,0,1,0.8824436941098722,1,0,0,0,0,0,1
0.1654148666959109,1.3537699075902585,-0.0818246118167728,1,0,1,0.8824436941098722,1,0,0,0,0,1,0
1.100450927094334,-0.2180403866946098,-1.5234139672919795,0,1,1,0.8824436941098722,0,0,1,0,0,0,1
0.8245942048513442,-0.7504240308462184,0.2064932592782685,1,1,1,-0.2980829869735688,1,0,0,0,0,0,1
0.3951876749788976,0.7292369025824491,0.7831290014683512,1,0,1,0.2921803535681517,0,1,0,0,0,0,1
-1.602322335133241,0.1085098772337016,-0.5143014184593349,1,0,1,0.8824436941098722,0,1,0,0,0,1,0
-0.473111220349079,0.3019659743860997,-0.8026192895543761,0,0,1,1.4727070346515927,0,0,1,0,0,1,0
0.518710501244445,-1.0916888889101142,1.6480826147534753,1,0,0,-0.2980829869735688,0,1,0,0,0,0,1
1.0780816020920423,1.641918499578193,-1.2350960961969382,0,1,1,0.2921803535681517,1,0,0,0,0,1,0
1.3265415064737054,0.4628253034960847,-1.0909371606494176,1,1,0,0.8824436941098722,0,1,0,0,0,1,0
-0.4907290040729352,-1.204713577245531,0.0623343237307478,1,0,1,1.4727070346515927,0,1,0,0,1,0,0
0.7400150453978056,-1.7029166634691044,-0.8026192895543761,1,0,1,-0.8883463275152893,0,1,0,1,0,0,0
1.68794321870233,0.8761316702119356,0.3506521948257892,1,0,1,-0.8883463275152893,0,0,1,0,0,0,1
-1.3352270755742637,0.6325873457957357,-0.9467782251018968,1,0,1,-0.8883463275152893,1,0,0,0,0,1,0
0.6048160178781707,-1.0444612513075686,1.6480826147534753,1,1,1,0.8824436941098722,0,0,1,0,0,0,1
1.1204229227401734,-1.3775804058848382,1.6480826147534753,0,0,1,-0.2980829869735688,0,0,1,0,0,1,0
1.7231874096369355,-0.5350844227852101,1.2156058081109131,1,0,1,-0.2980829869735688,0,1,0,1,0,0,0
0.4731957374194268,-1.239326712146732,0.7831290014683512,1,0,1,-0.8883463275152893,0,0,1,0,1,0,0
-1.6584094938899514,-0.2799895954806937,0.7831290014683512,1,0,1,-0.8883463275152893,0,0,1,0,0,1,0
1.1544770724834466,0.1976277107537659,0.4948111303733098,1,0,1,0.2921803535681517,0,0,1,1,0,0,0
-0.5381926759359323,1.5360417968719395,0.7831290014683512,1,0,1,0.2921803535681517,0,0,1,0,0,1,0
0.3425067935452043,1.3491755215123624,-1.2350960961969382,0,0,1,1.4727070346515927,0,0,1,0,1,0,0
0.9812657147363244,1.3887353834131502,-1.0909371606494176,1,1,1,1.4727070346515927,1,0,0,0,0,1,0
1.3992892419090692,0.4368567310102414,1.0714468725633923,0,0,1,-0.8883463275152893,1,0,0,0,1,0,0
-0.9632098509794784,-1.579126390140228,0.7831290014683512,1,0,1,0.8824436941098722,0,0,1,0,0,0,1
1.6105905412657224,0.3808868523209786,1.2156058081109131,1,0,1,-0.2980829869735688,0,1,0,1,0,0,0
1.140351800951545,1.0923817830309783,-0.2259835473642935,1,1,1,0.2921803535681517,1,0,0,0,0,1,0
-1.5811516748091752,-0.5496211021979598,-0.5143014184593349,0,0,1,1.4727070346515927,0,0,1,1,0,0,0
-0.985441200191471,0.5394577097019585,0.2064932592782685,1,0,1,1.4727070346515927,1,0,0,0,0,0,1
0.0252832046730722,-0.2811477854411047,1.5039236792059545,1,1,0,-1.4786096680570098,0,1,0,0,1,0,0
-1.092467296029345,1.1520564741839658,-0.2259835473642935,1,0,1,-0.8883463275152893,0,0,1,0,1,0,0
0.6031085674732155,-0.0700397569643693,1.0714468725633923,0,0,0,-1.4786096680570098,0,1,0,0,1,0,0
-1.1769171031794776,-1.436278310324226,-0.8026192895543761,1,1,1,0.8824436941098722,0,1,0,0,1,0,0
-0.0537855466553836,-0.99801853159988,-0.9467782251018968,1,0,1,0.2921803535681517,0,1,0,0,0,0,1
-1.127366547488202,-1.482089607192052,-0.0818246118167728,1,1,1,1.4727070346515927,0,1,0,0,1,0,0
1.28131131771618,-0.3741099723839793,0.4948111303733098,0,0,1,-0.2980829869735688,0,0,1,0,0,1,0
-0.3553316363547448,-0.1836714484718087,-0.9467782251018968,1,1,0,1.4727070346515927,0,1,0,0,1,0,0
-0.8334608671766705,0.2786696112667469,-1.6675729028395,1,0,0,0.8824436941098722,1,0,0,1,0,0,0
1.4086457251887483,0.990052909209478,-0.5143014184593349,0,0,1,-1.4786096680570098,0,0,1,0,0,0,1
0.7534418144913168,0.399201603200973,0.0623343237307478,0,0,1,-0.2980829869735688,1,0,0,0,0,0,1
-1.6891004837446764,1.4542080014161474,-1.0909371606494176,0,0,1,-0.2980829869735688,0,0,1,0,0,1,0
1.6319422948145563,0.0379788994638491,0.927287937015872,0,1,1,-1.4786096680570098,0,0,1,1,0,0,0
0.7051934053209918,-0.0963850900397443,0.6389700659208305,1,0,1,0.2921803535681517,0,1,0,1,0,0,0
0.3885389665838452,-1.013395945291121,0.3506521948257892,1,0,1,-1.4786096680570098,0,0,1,0,0,0,1
0.0991692403784064,-0.7476367001884823,-1.2350960961969382,1,0,1,-0.2980829869735688,1,0,0,1,0,0,0
0.3144200967323804,-1.1151527011803697,1.5039236792059545,1,0,1,0.8824436941098722,1,0,0,0,0,0,1
-1.5084470568082795,0.7968375202115027,-0.5143014184593349,1,0,1,0.8824436941098722,0,1,0,0,0,0,1
1.5662313246844624,1.7195800203573235,-0.5143014184593349,1,0,1,0.2921803535681517,0,1,0,1,0,0,0
0.4330792763898732,-1.5626954422078905,-0.0818246118167728,0,0,1,-1.4786096680570098,0,1,0,1,0,0,0
-0.4697135665129559,-0.4663256151957453,1.2156058081109131,1,0,0,0.2921803535681517,0,1,0,0,1,0,0
-0.8883838552027294,-1.3243908808053575,1.2156058081109131,0,1,1,0.8824436941098722,1,0,0,1,0,0,0
1.0225032290620604,0.0999036885820928,-0.9467782251018968,1,1,0,0.2921803535681517,0,0,1,0,0,1,0
-1.0502639511715128,-1.0008093507815934,0.2064932592782685,1,0,0,0.8824436941098722,0,0,1,1,0,0,0
1.2288632704286162,-0.93744380126079,1.0714468725633923,1,0,1,-0.2980829869735688,0,0,1,0,1,0,0
0.1496770031148844,0.074440952072935,0.2064932592782685,1,0,0,0.8824436941098722,1,0,0,1,0,0,0
0.2638519695876466,0.6966471115879905,-0.9467782251018968,1,0,1,0.8824436941098722,0,0,1,0,1,0,0
-0.0580627961546653,-0.3944829524104873,1.0714468725633923,0,0,1,0.2921803535681517,0,1,0,1,0,0,0
0.908440367918917,1.5647209524880226,-1.2350960961969382,1,0,1,-0.8883463275152893,0,0,1,0,1,0,0
1.6059166113693295,1.684523842911026,0.3506521948257892,1,1,1,-0.8883463275152893,1,0,0,0,0,1,0
-0.4267513548084773,-0.3882489600633348,-0.3701424829118142,1,0,1,1.4727070346515927,0,1,0,1,0,0,0
1.562773306440083,-0.1498920708011448,0.3506521948257892,1,0,1,-1.4786096680570098,0,1,0,0,0,0,1
0.053490630302408,-0.4064241699842437,1.0714468725633923,1,1,1,0.2921803535681517,0,1,0,0,1,0,0
-1.327491807830603,1.4220054365831518,-0.5143014184593349,1,0,1,0.2921803535681517,0,0,1,0,1,0,0
-1.0343967352870804,1.1812693739685511,0.6389700659208305,0,0,1,1.4727070346515927,0,0,1,0,0,1,0
0.5364145198372382,1.2579750391779445,-0.2259835473642935,1,1,1,-0.2980829869735688,0,0,1,0,0,0,1
0.200279624207193,-0.9860947566460092,1.359764743658434,1,1,1,0.8824436941098722,0,1,0,0,1,0,0
-0.6240049940152717,0.390351217870964,1.359764743658434,0,1,0,-0.2980829869735688,1,0,0,1,0,0,0
-0.7303670813623298,0.3357139553409693,1.2156058081109131,1,0,1,0.8824436941098722,0,1,0,0,0,1,0
1.5626353306497838,-1.215137286889231,-1.3792550317444587,1,1,1,-1.4786096680570098,0,0,1,1,0,0,0
-0.6508930261498695,1.6764688410478057,0.0623343237307478,1,0,0,1.4727070346515927,0,1,0,0,0,0,1
-0.7996567985533148,1.2237909927259325,-0.0818246118167728,0,0,1,1.4727070346515927,0,1,0,0,0,1,0
0.7301842703389726,1.4660829370343385,-0.6584603540068555,1,0,1,1.4727070346515927,0,0,1,1,0,0,0
-0.0125911497641159,0.7111733254288091,-0.6584603540068555,0,0,1,0.8824436941098722,0,1,0,0,0,0,1
-0.965020783227158,-0.8253470603032927,-1.6675729028395,1,0,0,-0.2980829869735688,0,1,0,0,0,0,1
0.6879205610728842,-1.1648502137587318,1.0714468725633923,1,0,0,0.8824436941098722,1,0,0,0,1,0,0
-0.185862871919494,0.6361700599202605,1.2156058081109131,1,0,1,1.4727070346515927,0,1,0,0,0,0,1
-0.5896231517700374,-1.5234704786089075,-1.2350960961969382,1,0,1,0.2921803535681517,0,0,1,1,0,0,0
-1.5592652650729313,-1.5488739102104545,1.2156058081109131,1,0,1,-1.4786096680570098,1,0,0,0,0,0,1
-0.2490040429552619,0.927981602084194,1.5039236792059545,0,0,1,-0.8883463275152893,1,0,0,0,0,1,0
-1.016916927353524,0.309131402635149,-1.5234139672919795,0,0,1,0.8824436941098722,0,0,1,0,0,0,1
0.8094686088397712,1.3269745549218324,-1.5234139672919795,1,0,0,-0.2980829869735688,0,1,0,1,0,0,0
-1.3451527089889277,0.5742696904698564,-0.2259835473642935,1,0,1,0.8824436941098722,0,0,1,0,0,1,0
0.4979882622388521,0.0056437707197217,-0.9467782251018968,1,0,0,-1.4786096680570098,1,0,0,0,1,0,0
0.8242665123493829,0.3922594404864607,1.359764743658434,1,0,0,0.2921803535681517,0,0,1,0,1,0,0
-0.0517331567746797,0.063888167042081,-0.9467782251018968,0,0,1,-0.8883463275152893,0,1,0,0,0,1,0
1.4601451889180028,1.705270095003088,-0.2259835473642935,1,0,1,-0.8883463275152893,0,0,1,0,0,1,0
0.5809893235908412,0.4217897959529662,1.359764743658434,0,0,1,-0.2980829869735688,0,0,1,1,0,0,0
-1.112482409109653,1.7239546294246593,-0.9467782251018968,0,0,1,-0.2980829869735688,0,1,0,0,1,0,0
0.4569835820592463,0.3348453128706611,1.359764743658434,1,0,0,-0.8883463275152893,1,0,0,0,0,1,0
-1.1682332518775085,1.1391000961328608,-1.2350960961969382,0,0,0,1.4727070346515927,0,1,0,0,0,0,1
-0.5408832038467707,1.1940896995845471,-1.5234139672919795,0,0,0,-0.8883463275152893,0,1,0,0,0,1,0
1.1009424658472753,-1.3559934195142849,0.3506521948257892,1,0,1,1.4727070346515927,0,1,0,1,0,0,0
-0.2990375139125856,0.7452143423977586,0.4948111303733098,1,0,1,-0.8883463275152893,0,1,0,0,0,0,1
-0.0596064003086399,0.5030863587162784,1.5039236792059545,1,0,1,1.4727070346515927,0,1,0,0,1,0,0
-0.3106102333239483,1.0229217821221082,0.2064932592782685,0,1,1,0.8824436941098722,0,1,0,0,0,1,0
-0.7313070414337446,-1.372651121505137,-1.6675729028395,1,0,0,-0.2980829869735688,0,0,1,0,0,0,1
-1.3847086433703897,-0.4562577349977142,0.0623343237307478,1,0,1,-0.2980829869735688,0,1,0,0,0,1,0
-0.3880922630639613,0.0121219597452742,1.2156058081109131,0,0,0,-0.8883463275152893,0,1,0,0,0,0,1
1.3766008478917104,-1.6799831068433744,-1.2350960961969382,1,0,1,-1.4786096680570098,1,0,0,0,1,0,0
1.2998690615114503,0.6123015788686563,1.359764743658434,0,1,1,-0.8883463275152893,0,0,1,1,0,0,0
-1.3480157066376404,-1.493877329710814,1.5039236792059545,1,1,0,-0.2980829869735688,1,0,0,0,1,0,0
0.5768845438294339,1.3887004981733793,-1.5234139672919795,1,0,1,-0.8883463275152893,0,0,1,0,1,0,0
-0.6109835288057649,0.3420177181676648,0.927287937015872,1,0,1,1.4727070346515927,0,0,1,1,0,0,0
-0.4445761022177824,-0.7940933739920796,1.6480826147534753,0,0,0,0.8824436941098722,0,0,1,0,0,0,1
0.5217200981703507,-1.4908004515629751,1.2156058081109131,1,1,1,0.2921803535681517,0,1,0,0,1,0,0
-1.5075760846320148,0.3369105190651291,0.0623343237307478,0,1,1,0.2921803535681517,0,0,1,0,0,1,0
0.0938571724518792,0.5916041661122742,-1.3792550317444587,0,0,1,1.4727070346515927,1,0,0,0,1,0,0
-0.4533116944411135,1.5597916681083208,-0.6584603540068555,1,0,1,-0.8883463275152893,0,1,0,0,0,1,0
-1.2322367716026477,-1.7329877401520666,0.2064932592782685,1,0,1,-0.8883463275152893,0,0,1,0,1,0,0
0.7348323297746838,0.4335251906120709,-0.5143014184593349,1,0,1,0.8824436941098722,0,1,0,0,1,0,0
1.2827428165405363,0.1405798781555662,-0.5143014184593349,1,0,1,-0.2980829869735688,0,1,0,0,0,0,1
0.6017719270046902,0.4185908194659271,-1.3792550317444587,1,1,1,-0.8883463275152893,1,0,0,0,1,0,0
0.4528615553240512,0.3566067254400716,-0.5143014184593349,1,0,1,-1.4786096680570098,0,0,1,0,0,1,0
-1.605901082194132,-0.380155584436366,1.2156058081109131,1,1,1,1.4727070346515927,1,0,0,0,0,0,1
-0.1390890790079941,1.4340094475884966,0.3506521948257892,1,0,0,-0.8883463275152893,1,0,0,0,1,0,0
-0.2339388113519448,0.9665611887474052,-0.2259835473642935,1,0,0,0.8824436941098722,0,0,1,0,1,0,0
0.7427573142300062,-0.8931883860867692,-1.6675729028395,0,0,1,0.2921803535681517,0,0,1,0,0,1,0
0.2981562004508373,-1.4025128867494707,1.2156058081109131,1,0,1,-1.4786096680570098,0,1,0,1,0,0,0
-1.1581696426725452,1.6544318350842009,1.6480826147534753,0,0,1,-0.8883463275152893,0,0,1,0,1,0,0
-0.2098016715364419,0.1337493482083226,0.6389700659208305,0,1,1,-0.2980829869735688,0,1,0,0,1,0,0
0.0666759417628954,-1.582866087843724,-0.9467782251018968,0,0,1,1.4727070346515927,1,0,0,0,1,0,0
0.2292372931962821,-0.1114345824771338,0.6389700659208305,1,0,1,-1.4786096680570098,0,0,1,0,0,1,0
1.2790088467155587,1.470942450934497,0.0623343237307478,0,1,1,1.4727070346515927,1,0,0,1,0,0,0
-1.47031399776428,1.153343739531531,-0.0818246118167728,1,1,1,-0.8883463275152893,0,1,0,0,1,0,0
1.3356220381727852,-1.2910440801078589,0.2064932592782685,1,1,1,-1.4786096680570098,1,0,0,1,0,0,0
-1.3911503880799934,0.8784689812766205,1.0714468725633923,1,0,1,0.2921803535681517,0,0,1,0,1,0,0
-1.412122708205504,-0.7883094012379783,-1.5234139672919795,0,1,1,0.2921803535681517,1,0,0,0,0,1,0
-0.0965235477006259,0.887158894503681,0.3506521948257892,1,0,1,-1.4786096680570098,0,1,0,0,0,1,0
0.7013473301663957,0.5231209519170035,-1.0909371606494176,0,0,1,-0.8883463275152893,1,0,0,0,1,0,0
0.4816898720097345,0.9787326489036532,-1.0909371606494176,1,0,1,-1.4786096680570098,0,0,1,1,0,0,0
1.520112916776884,-1.0236626713558492,-0.8026192895543761,0,0,1,0.2921803535681517,0,1,0,0,1,0,0
-1.5799012692095868,0.939933285229882,1.359764743658434,0,0,1,0.8824436941098722,0,0,1,1,0,0,0
-1.2957315056010574,-0.1655032155988543,-0.6584603540068555,1,0,1,-0.8883463275152893,0,1,0,1,0,0,0
-0.3035131036104224,1.0989122999161878,-1.2350960961969382,1,1,1,0.2921803535681517,0,0,1,1,0,0,0
-0.5456864860465691,1.4522509394649707,0.7831290014683512,1,0,1,1.4727070346515927,1,0,0,0,1,0,0
-1.067269467325915,1.6934405101966,-1.2350960961969382,1,0,1,-0.8883463275152893,0,1,0,0,1,0,0
0.4117620167886145,0.1936647475157329,-0.2259835473642935,1,1,1,1.4727070346515927,0,0,1,0,0,1,0
-0.5178498703536629,0.7876487480557115,-0.8026192895543761,1,0,1,1.4727070346515927,0,0,1,0,0,1,0
-1.1510638894721257,1.0985739130904049,-1.3792550317444587,1,1,0,0.2921803535681517,1,0,0,0,0,0,1
-1.3457477295845937,0.2658841708905221,0.6389700659208305,0,0,1,-1.4786096680570098,0,0,1,1,0,0,0
1.1865909376756347,-0.9207756336980064,0.927287937015872,1,0,0,-0.8883463275152893,0,1,0,0,1,0,0
-0.932915541521864,1.0153481965677331,1.0714468725633923,1,0,1,0.2921803535681517,0,1,0,0,0,1,0
-1.709158714259453,0.8572692210675301,0.2064932592782685,1,0,1,0.8824436941098722,1,0,0,1,0,0,0
1.7322334473884404,1.4421446855031912,-0.8026192895543761,1,0,0,0.8824436941098722,0,0,1,0,0,0,1
-1.6535630942556845,-0.9352599852510992,-1.3792550317444587,1,0,0,0.2921803535681517,0,0,1,0,0,0,1
-0.0844851599970023,1.4138213593327769,0.6389700659208305,1,0,1,-1.4786096680570098,0,1,0,0,0,0,1
-0.2959416821177424,-0.8813134504685786,0.0623343237307478,0,0,0,0.8824436941098722,0,0,1,0,0,0,1
-1.4521960518005887,-0.1851889564018655,-1.0909371606494176,1,0,1,0.2921803535681517,0,1,0,0,0,1,0
-1.5954839100265266,0.2007011003776279,1.0714468725633923,0,1,0,-1.4786096680570098,0,0,1,0,0,1,0
1.4719334955017087,-0.609383006450376,0.7831290014683512,1,1,0,0.8824436941098722,0,0,1,0,0,1,0
0.0292241381834993,-1.5518949719746593,1.0714468725633923,1,1,1,-0.2980829869735688,0,1,0,0,1,0,0
-1.617629024369582,0.7013915041969034,0.3506521948257892,1,0,1,-1.4786096680570098,1,0,0,0,0,0,1
1.068035239860866,-0.7337977255711607,-0.8026192895543761,1,1,1,1.4727070346515927,0,1,0,1,0,0,0
1.276033743737227,-1.410585331232577,0.6389700659208305,1,0,1,-0.2980829869735688,0,0,1,0,0,1,0
1.1067546960136383,-0.5253793490808016,-0.0818246118167728,0,0,1,0.2921803535681517,1,0,0,1,0,0,0
-0.1965128782332297,-0.9033644105280918,-0.2259835473642935,0,0,1,-1.4786096680570098,0,1,0,0,0,1,0
-0.6773498839397813,0.99760556361999,1.6480826147534753,1,0,1,-1.4786096680570098,0,0,1,0,1,0,0
1.3922007356824369,-0.631353730458415,-0.0818246118167728,1,0,1,-0.2980829869735688,1,0,0,0,0,0,1
-1.424738869531006,-0.7991063829472322,0.6389700659208305,0,0,1,1.4727070346515927,0,0,1,1,0,0,0
1.102822385990105,-0.194503315420834,1.5039236792059545,1,0,1,-1.4786096680570098,1,0,0,0,0,1,0
-0.9885025380387392,1.7331782868202223,-0.9467782251018968,1,0,1,1.4727070346515927,0,1,0,0,0,0,1
-0.6433216046571892,-1.2751852501077725,-1.6675729028395,0,0,0,-1.4786096680570098,1,0,0,0,1,0,0
-0.170866628211327,-0.9398439057570634,-1.3792550317444587,1,0,1,0.8824436941098722,0,1,0,1,0,0,0
-1.3568375337299088,-0.0035659325799324,0.927287937015872,0,0,1,0.2921803535681517,0,0,1,0,0,0,1
1.5012619744272273,0.5886319436837492,-0.5143014184593349,1,0,0,-0.8883463275152893,1,0,0,0,0,0,1
0.7016319052338882,1.0296267252061744,-0.2259835473642935,0,0,0,-0.8883463275152893,1,0,0,0,1,0,0
-0.8638155410425408,1.71338440177392,-1.5234139672919795,1,0,1,-1.4786096680570098,0,0,1,0,1,0,0
-0.3823662677665355,1.5612568481787206,0.927287937015872,1,0,1,0.8824436941098722,0,1,0,0,0,1,0
-0.8098411365747902,-0.3003521099352703,0.927287937015872,1,0,0,-1.4786096680570098,1,0,0,0,1,0,0
-0.801553965669932,-0.6314095468420492,0.0623343237307478,1,0,1,0.2921803535681517,0,0,1,0,0,1,0
-1.614800520668444,0.1218360388263835,0.927287937015872,0,0,1,1.4727070346515927,0,0,1,0,0,0,1
1.6016566088438358,0.5280746559645451,0.2064932592782685,1,1,1,-1.4786096680570098,0,0,1,0,0,0,1
0.963872141671705,-1.027465162490934,1.0714468725633923,1,0,1,-0.8883463275152893,1,0,0,0,0,0,1
-0.7132063424438405,0.9363854563451288,-1.0909371606494176,1,1,1,1.4727070346515927,0,0,1,0,0,1,0
1.3699866334442323,-0.112324156091305,-0.9467782251018968,1,0,1,-1.4786096680570098,0,0,1,0,0,1,0
0.1572139306599899,-0.1532096571034067,-0.8026192895543761,1,0,1,-0.2980829869735688,1,0,0,1,0,0,0
0.7251567774799379,0.5928879429358624,-0.0818246118167728,1,0,1,1.4727070346515927,0,0,1,0,0,0,1
-0.3939044932303238,1.0836325648963063,0.7831290014683512,1,0,0,0.8824436941098722,0,1,0,0,0,1,0
-0.0212836245529787,0.9547002072251232,1.2156058081109131,1,0,0,1.4727070346515927,0,1,0,0,0,1,0
0.2295304917506681,0.3202179318345055,0.6389700659208305,0,0,1,-1.4786096680570098,0,0,1,1,0,0,0
-1.411872627085586,1.6015353460187995,1.359764743658434,1,1,1,0.2921803535681517,0,0,1,1,0,0,0
1.1056508896912427,1.3926041565038003,-0.9467782251018968,1,0,1,-0.8883463275152893,0,1,0,1,0,0,0
-0.0861667399412762,1.0356304749708354,1.0714468725633923,1,0,1,0.2921803535681517,0,0,1,0,0,0,1
1.5725178466299792,1.13833262085789,-0.6584603540068555,1,1,1,0.8824436941098722,0,1,0,0,1,0,0
-1.1369644884009047,0.4430314184497823,1.0714468725633923,0,0,1,-0.2980829869735688,0,1,0,0,0,0,1
0.7264071830795261,0.5414531454168837,-0.5143014184593349,0,0,1,-0.8883463275152893,1,0,0,0,0,0,1
0.8638569406784199,0.3703654640059187,-1.0909371606494176,1,0,1,0.8824436941098722,1,0,0,0,1,0,0
-1.1722431732830854,1.5557380032468824,-1.0909371606494176,1,0,1,-0.2980829869735688,1,0,0,0,0,1,0
1.541257706640269,-0.7314464604105672,0.7831290014683512,0,0,0,-1.4786096680570098,1,0,0,0,1,0,0
0.5528250153959742,-0.963206550831982,1.6480826147534753,1,0,1,0.2921803535681517,1,0,0,0,0,1,0
0.6708029395888637,0.1987231072825885,1.5039236792059545,1,0,1,0.8824436941098722,0,0,1,0,0,1,0
-0.603765670275727,-0.1830225830120604,1.6480826147534753,1,0,1,0.8824436941098722,0,0,1,1,0,0,0
0.670466623600009,-1.2037960954395428,-0.9467782251018968,1,0,1,-0.8883463275152893,0,1,0,0,1,0,0
-1.4608454091549832,0.3987550721318986,-1.5234139672919795,1,0,0,1.4727070346515927,0,0,1,1,0,0,0
-1.6392222355514396,-1.734397103838832,-0.0818246118167728,1,1,1,0.2921803535681517,0,0,1,1,0,0,0
1.3354409449480171,0.2025151328457416,-0.5143014184593349,1,1,1,-0.2980829869735688,1,0,0,1,0,0,0
0.5525231933546942,1.5825124247714455,0.0623343237307478,1,0,1,0.2921803535681517,0,0,1,0,0,0,1
-1.5821347523150586,0.4347636166239563,-0.6584603540068555,1,0,0,-0.2980829869735688,1,0,0,0,0,0,1
-0.0193519634887867,0.3440724587902011,0.4948111303733098,1,0,1,1.4727070346515927,0,1,0,0,0,0,1
-1.1143623292524825,-0.3784462076875665,1.359764743658434,1,0,0,0.8824436941098722,0,1,0,0,1,0,0
1.4955446026166954,-1.0275244673985453,1.2156058081109131,1,0,1,-0.2980829869735688,0,1,0,1,0,0,0
-1.437760334740513,-1.4090782888744515,1.5039236792059545,1,0,1,-1.4786096680570098,1,0,0,0,0,0,1
-0.5701771888247141,0.9264675826781144,1.359764743658434,1,0,1,-0.8883463275152893,1,0,0,0,0,1,0
0.580463290890325,0.9861736705468964,-1.5234139672919795,1,0,0,1.4727070346515927,0,0,1,1,0,0,0
-0.7465878602094042,-0.2620864904300021,-0.8026192895543761,1,0,1,0.8824436941098722,0,0,1,1,0,0,0
0.6957161932248008,-0.4506516769664472,-0.6584603540068555,1,0,1,-1.4786096680570098,0,0,1,1,0,0,0
-1.1474247780029787,1.1754226077828611,0.3506521948257892,1,1,1,0.2921803535681517,0,1,0,0,0,0,1
-0.7465706132356167,-1.4495207473414562,0.927287937015872,1,0,1,0.2921803535681517,1,0,0,0,0,1,0
1.5063670786683057,-0.3120456423066498,0.3506521948257892,1,0,1,0.2921803535681517,0,0,1,0,0,1,0
1.184650653124549,1.5485586209019246,1.6480826147534753,1,0,1,0.8824436941098722,0,0,1,1,0,0,0
0.225960368176671,-0.7054046289212038,-0.0818246118167728,0,1,1,-0.2980829869735688,0,1,0,0,0,1,0
-0.8001742077669375,-0.7750878953646111,-0.5143014184593349,1,1,1,0.8824436941098722,0,1,0,1,0,0,0
1.656286398315509,-1.729548055510605,1.359764743658434,0,0,1,0.8824436941098722,1,0,0,1,0,0,0
-0.6848005766159494,0.7522751149274935,-0.8026192895543761,0,0,1,-0.2980829869735688,1,0,0,1,0,0,0
-0.9982384547417412,1.4446668883386646,-0.9467782251018968,0,0,1,0.2921803535681517,1,0,0,0,0,1,0
-0.749571586674629,-0.9656729372838212,-0.6584603540068555,1,0,1,-0.8883463275152893,0,1,0,0,0,1,0
0.1405878479289108,0.5521943107425032,1.0714468725633923,1,1,1,-1.4786096680570098,1,0,0,1,0,0,0
-0.091711642013934,1.4431075181208823,0.927287937015872,1,1,1,-0.8883463275152893,0,0,1,0,0,1,0
0.9848617087710028,1.38090015856049,0.2064932592782685,1,1,1,-0.8883463275152893,1,0,0,0,0,1,0
1.0736663768024612,1.1122733467486403,-1.6675729028395,0,0,1,-1.4786096680570098,1,0,0,1,0,0,0
0.7593144090659354,-0.163500802835975,1.5039236792059545,1,0,1,-0.2980829869735688,1,0,0,0,0,1,0
-0.5331996770244725,-0.7816288778217519,1.6480826147534753,1,0,1,1.4727070346515927,0,0,1,0,0,0,1
0.6644129358006223,0.0244434264325389,-1.6675729028395,1,0,1,0.8824436941098722,0,1,0,1,0,0,0
0.1061025238409521,1.381883922322044,1.6480826147534753,1,0,0,-0.2980829869735688,0,1,0,0,0,1,0
-1.5702343404017345,0.9762034690202251,-0.0818246118167728,1,0,1,-1.4786096680570098,0,0,1,1,0,0,0
-1.661039657392534,-0.7007125641719479,-1.2350960961969382,0,0,1,0.8824436941098722,0,1,0,1,0,0,0
0.8506888761917198,-0.1960836167824795,1.0714468725633923,1,0,1,-0.8883463275152893,1,0,0,0,0,1,0
-1.516199571525728,1.3772790706722164,0.4948111303733098,1,0,0,1.4727070346515927,0,1,0,1,0,0,0
1.1318490428743433,-0.0394488902088131,1.359764743658434,0,1,1,-0.2980829869735688,1,0,0,0,0,0,1
-1.182255041566686,-0.4308054640604877,-1.6675729028395,1,0,0,-1.4786096680570098,0,1,0,1,0,0,0
0.8529913471923414,-1.7134206091642783,1.5039236792059545,1,0,1,-0.8883463275152893,1,0,0,0,0,1,0
0.3394540791848298,-1.45104174379549,1.2156058081109131,0,0,1,-1.4786096680570098,0,1,0,0,0,1,0
0.9078194768625696,-0.3594756142998694,0.0623343237307478,1,1,1,-0.2980829869735688,1,0,0,0,1,0,0
-0.8816230414780585,1.2176651446220714,-0.5143014184593349,0,0,0,-1.4786096680570098,1,0,0,0,0,1,0
1.4328863468469757,-1.4795743814045328,-1.0909371606494176,1,0,0,0.2921803535681517,0,0,1,0,0,1,0
0.104110498368504,-1.5403200494185028,-0.9467782251018968,1,0,1,0.2921803535681517,0,0,1,0,1,0,0
-0.9260253754937872,-1.5004985482194293,0.0623343237307478,1,0,1,1.4727070346515927,0,1,0,0,0,0,1
-0.8663767166499735,-0.0632231811130343,-0.3701424829118142,0,0,1,1.4727070346515927,0,0,1,1,0,0,0
-0.9164274345810848,1.6373066708804118,0.7831290014683512,1,0,1,1.4727070346515927,0,0,1,0,0,1,0
1.000866900445735,-1.3655868604514247,1.359764743658434,1,0,1,1.4727070346515927,0,1,0,0,0,0,1
1.6940831413706536,-0.8498713838625995,-0.2259835473642935,1,0,1,-1.4786096680570098,0,1,0,0,0,1,0
-0.0587181811585873,-0.666612242295387,1.2156058081109131,0,0,1,1.4727070346515927,0,0,1,1,0,0,0
-0.2020922742534623,-0.3552719429074136,1.359764743658434,1,0,1,-0.8883463275152893,1,0,0,0,1,0,0
1.1002008459744164,0.3136106674217991,-0.2259835473642935,1,0,1,0.2921803535681517,1,0,0,0,1,0,0
-0.5506708614711351,-1.6766724975890666,0.2064932592782685,1,0,1,0.2921803535681517,0,0,1,1,0,0,0
-1.4915622694703894,0.7172538227209673,-1.0909371606494176,0,0,1,1.4727070346515927,1,0,0,0,0,1,0
-0.2870077496958556,1.3295281544731,-0.8026192895543761,0,0,1,-0.2980829869735688,0,0,1,0,1,0,0
-0.564589169317588,0.9452916580587716,0.7831290014683512,1,0,1,1.4727070346515927,0,1,0,0,0,1,0
1.0725798174538532,-0.002327506568047,0.3506521948257892,1,1,1,1.4727070346515927,1,0,0,0,1,0,0
1.6819240248505178,0.7605673364211597,1.0714468725633923,1,0,0,1.4727070346515927,0,0,1,0,0,1,0
1.7056472372951228,0.3380826631214486,-1.3792550317444587,1,0,0,1.4727070346515927,1,0,0,0,1,0,0
0.4759207592778404,-0.1377938696484173,-0.5143014184593349,0,0,0,-0.2980829869735688,0,1,0,0,0,0,1
-1.6163699952831,1.1563961980115298,-0.5143014184593349,0,0,0,-0.2980829869735688,1,0,0,0,1,0,0
0.1408206820750411,0.95607119714814,1.6480826147534753,1,0,1,0.8824436941098722,0,0,1,0,0,1,0
-1.1743990450065136,-0.965519442228827,0.0623343237307478,0,0,1,-0.2980829869735688,0,1,0,0,1,0,0
-1.7028808158008302,-1.2521609918586365,-1.5234139672919795,0,0,1,-0.8883463275152893,1,0,0,1,0,0,0
-1.3682636538640789,0.3591393938474767,-0.8026192895543761,1,1,1,-1.4786096680570098,0,1,0,0,0,0,1
0.7580984974139219,1.4388375647728608,0.6389700659208305,1,0,1,-0.8883463275152893,0,1,0,0,0,0,1
1.2636245460971742,1.4884687953956572,-0.6584603540068555,1,1,1,-0.8883463275152893,0,1,0,0,0,1,0
-0.1338891164110849,-1.666632525582853,0.927287937015872,1,0,1,-1.4786096680570098,1,0,0,0,1,0,0
1.3383988009525611,1.377579083734251,-0.5143014184593349,0,0,1,1.4727070346515927,0,0,1,0,1,0,0
-1.2671360230615047,-1.0522894991122749,1.6480826147534753,1,1,1,-1.4786096680570098,1,0,0,1,0,0,0
-0.7438887088116718,0.7699444888717168,-0.2259835473642935,1,0,1,-0.2980829869735688,1,0,0,1,0,0,0
0.7340475924673561,-0.3612233648124175,1.5039236792059545,1,0,1,0.2921803535681517,0,0,1,0,1,0,0
-0.651539787666898,-1.7103297769205308,-0.0818246118167728,0,0,0,-0.2980829869735688,0,1,0,0,0,1,0
-0.074507785660976,0.7572881238826462,-0.8026192895543761,1,0,1,-0.8883463275152893,0,1,0,0,0,1,0
0.5422698674380695,0.1488267488375295,-1.6675729028395,1,0,0,-1.4786096680570098,1,0,0,0,0,0,1
0.844945633920507,-1.1786333719924191,-1.0909371606494176,0,0,1,-0.2980829869735688,0,1,0,0,0,1,0
0.238464424172555,1.097956444346451,0.7831290014683512,1,0,1,-0.2980829869735688,0,0,1,0,0,0,1
-0.2657249840421716,-0.3756763196497159,0.3506521948257892,1,1,0,-0.2980829869735688,1,0,0,0,0,1,0
-1.164162966063676,-0.9572586174509552,-1.5234139672919795,1,0,0,-0.8883463275152893,0,1,0,1,0,0,0
-1.601270269732208,-1.3613203956273805,-1.2350960961969382,1,1,1,-1.4786096680570098,0,1,0,0,1,0,0
-0.935442223181722,0.5041154732895352,0.3506521948257892,0,0,1,-1.4786096680570098,0,0,1,0,0,1,0
0.806312412636672,1.1034159843706777,-1.2350960961969382,1,1,1,0.8824436941098722,1,0,0,0,0,1,0
1.3516444768213045,0.1109413784457696,0.6389700659208305,0,1,1,-1.4786096680570098,1,0,0,0,0,1,0
-0.9633047093353092,0.9387681182215164,1.6480826147534753,0,0,1,0.2921803535681517,0,0,1,1,0,0,0
-1.5951562175245653,-0.9717883198157508,0.6389700659208305,0,0,1,-0.2980829869735688,0,1,0,0,1,0,0
1.173957529376345,-1.0751184000186906,-0.5143014184593349,1,0,1,-1.4786096680570098,0,0,1,0,0,1,0
0.8247752980761122,0.7884685511903395,-1.3792550317444587,1,0,0,0.2921803535681517,1,0,0,1,0,0,0
-0.92336071804363,1.1885603890807774,0.2064932592782685,1,0,1,-0.2980829869735688,0,1,0,1,0,0,0
0.1147949986298149,0.4198048258099723,0.3506521948257892,1,0,1,-0.8883463275152893,0,1,0,0,0,1,0
0.3020626400136895,-1.311197283123807,1.2156058081109131,1,0,1,0.8824436941098722,0,0,1,1,0,0,0
-1.3986355747037365,0.1519978171327512,1.6480826147534753,1,1,1,-0.8883463275152893,0,0,1,0,0,0,1
-1.6145245690878451,0.0382719354779288,-0.2259835473642935,1,0,0,-0.2980829869735688,0,0,1,0,1,0,0
-1.2599612819659352,-1.3725429772618456,0.0623343237307478,0,0,1,-1.4786096680570098,0,0,1,0,0,0,1
1.0559106172883057,-0.6291489833048614,-0.3701424829118142,1,0,1,-0.2980829869735688,1,0,0,1,0,0,0
1.513593560685237,-0.722829806187027,0.0623343237307478,0,1,1,-0.2980829869735688,0,0,1,1,0,0,0
0.1504358699615313,-1.1997354535301497,-1.5234139672919795,1,0,1,1.4727070346515927,0,1,0,0,0,1,0
1.4773231748102795,-0.877807483871551,0.4948111303733098,1,0,1,1.4727070346515927,0,0,1,0,0,0,1
-1.2026323410965305,-0.5222361889773968,0.3506521948257892,1,1,1,0.8824436941098722,0,0,1,0,0,0,1
0.2582122091591582,-0.5989313886148592,1.0714468725633923,1,1,1,-0.2980829869735688,0,1,0,1,0,0,0
1.262434504905842,-1.5907675946519502,-1.3792550317444587,1,0,1,1.4727070346515927,0,1,0,0,0,0,1
-0.6308175486613051,1.5738469312122254,0.4948111303733098,0,0,1,-1.4786096680570098,1,0,0,0,0,1,0
1.4322482088168411,-1.1148212914025413,1.2156058081109131,0,0,1,1.4727070346515927,0,1,0,0,0,1,0
-0.386229589894919,-1.6111719713942527,-1.2350960961969382,1,1,0,-1.4786096680570098,1,0,0,0,0,0,1
-0.3438106578647439,0.3603394460956133,1.6480826147534753,1,0,1,-0.8883463275152893,0,0,1,0,0,1,0
0.7244065341201849,-0.2311781679925257,1.6480826147534753,1,0,0,-0.2980829869735688,0,0,1,0,0,0,1
-0.3483724824315186,-1.4460496659842004,-0.6584603540068555,1,0,0,-1.4786096680570098,0,1,0,0,0,0,1
-0.483692238767665,-1.744112643115172,1.2156058081109131,1,0,0,0.8824436941098722,1,0,0,0,0,0,1
-0.9982901956631036,-1.4418913454034472,1.5039236792059545,1,1,1,-0.8883463275152893,0,1,0,0,1,0,0
-0.6517812452999218,-0.3650991149510221,1.2156058081109131,1,0,1,-0.2980829869735688,0,1,0,0,1,0,0
-1.0147696791169891,1.1324439923844742,-0.9467782251018968,0,0,1,0.2921803535681517,0,0,1,0,0,0,1
1.0218737145188197,0.9732591547835174,-1.5234139672919795,0,0,1,1.4727070346515927,0,0,1,1,0,0,0
-1.1882052475233482,-1.0181647575678738,1.2156058081109131,1,0,1,1.4727070346515927,1,0,0,1,0,0,0
1.0594203764540469,1.224321248370458,-1.3792550317444587,1,0,1,1.4727070346515927,1,0,0,0,0,1,0
0.9770057122108304,-0.3948248277602473,1.5039236792059545,1,0,1,0.2921803535681517,0,1,0,1,0,0,0
1.1109543341308767,1.1664222159218358,-1.0909371606494176,0,0,1,0.8824436941098722,0,1,0,0,0,0,1
-0.3938355053351741,-1.2778051316146055,-0.0818246118167728,0,0,0,0.8824436941098722,0,0,1,0,0,0,1
-0.5197039200358112,0.5493023243654527,1.6480826147534753,1,1,1,0.2921803535681517,0,1,0,1,0,0,0
-1.0172187493948035,-0.194524246564697,0.927287937015872,0,0,1,-0.2980829869735688,0,1,0,0,0,0,1
-0.3874196310862515,0.1300584898405066,0.7831290014683512,1,0,1,-1.4786096680570098,1,0,0,0,0,1,0
1.3622427422136776,-1.5537683093503845,-0.2259835473642935,0,0,1,0.2921803535681517,1,0,0,1,0,0,0
-0.1897520645085589,-0.3908513989502827,1.6480826147534753,1,0,1,0.8824436941098722,0,1,0,1,0,0,0
0.5189778293381501,1.0755077925535437,0.2064932592782685,1,0,1,0.8824436941098722,0,0,1,0,0,0,1
0.1047745068593199,-1.0118644832651558,-0.9467782251018968,0,1,1,0.8824436941098722,0,0,1,0,0,0,1
1.5017017722588069,1.1914140016940795,-0.5143014184593349,1,0,1,0.8824436941098722,0,1,0,1,0,0,0
-0.9146768667416608,0.4914277115846705,-0.2259835473642935,1,0,1,-1.4786096680570098,0,1,0,0,0,1,0
1.5892819051513571,0.6893246997599699,-1.3792550317444587,0,0,1,-0.8883463275152893,1,0,0,0,1,0,0
1.442389429403848,0.1646227854060275,1.5039236792059545,0,0,1,-0.8883463275152893,0,1,0,0,0,1,0
-0.1846038428330119,-0.54888851216276,0.7831290014683512,1,1,1,0.2921803535681517,0,1,0,0,1,0,0
0.2467257246167322,1.2577936359311337,-1.2350960961969382,0,1,1,0.8824436941098722,0,0,1,0,0,0,1
-0.7209761041350763,0.4212455862125319,-0.2259835473642935,1,1,1,-0.8883463275152893,0,1,0,0,1,0,0
-0.6591284561333653,-1.0820082348735458,1.359764743658434,0,0,1,1.4727070346515927,0,0,1,1,0,0,0
0.3597796377933115,-1.0141878402339322,0.0623343237307478,1,0,1,1.4727070346515927,0,0,1,1,0,0,0
0.500859883374459,-0.7405794161827244,-1.3792550317444587,1,0,0,0.8824436941098722,1,0,0,0,0,1,0
-1.0688561889143582,1.0197158285871146,0.4948111303733098,1,0,1,-0.8883463275152893,0,1,0,1,0,0,0
-0.1397444640119161,0.6793544982332987,0.927287937015872,0,0,1,-0.2980829869735688,0,0,1,0,1,0,0
-1.2054349743369872,1.6105357378798255,-0.6584603540068555,1,0,0,0.2921803535681517,1,0,0,0,0,1,0
0.7975337029788722,0.5611842370315978,0.927287937015872,1,1,1,0.8824436941098722,1,0,0,0,0,0,1
-0.3427327220030298,1.3010269135798511,-0.6584603540068555,1,0,1,-1.4786096680570098,1,0,0,0,0,1,0
0.0029742440790364,-1.5956933905076744,-1.6675729028395,1,0,1,0.8824436941098722,0,1,0,0,0,0,1
-0.8621684550458415,0.4362357737423102,-0.8026192895543761,0,1,0,-1.4786096680570098,0,0,1,0,0,1,0
1.1371697342877645,0.9132321227088388,0.927287937015872,0,0,1,0.8824436941098722,0,0,1,0,1,0,0
-0.0615639318335128,0.6058826947507157,-0.3701424829118142,0,1,0,1.4727070346515927,0,1,0,0,0,1,0
1.2300533116199488,1.1811507641533283,-1.5234139672919795,0,0,1,1.4727070346515927,0,0,1,1,0,0,0
-0.0509225490066707,0.2226194965260098,0.6389700659208305,1,0,1,-0.8883463275152893,0,0,1,0,0,0,1
-0.7513221545140528,-0.4943384627321939,-1.2350960961969382,0,0,1,0.2921803535681517,0,0,1,1,0,0,0
0.2700263862035451,-1.2736433225098758,-0.0818246118167728,1,0,1,-1.4786096680570098,0,1,0,0,0,0,1
0.6579711910910184,0.793300156898681,-1.6675729028395,1,0,0,0.2921803535681517,0,1,0,0,0,1,0
-1.5372581265201757,-1.575575072731498,-0.9467782251018968,1,0,1,0.8824436941098722,1,0,0,1,0,0,0
-0.7766320885471009,0.1391460948009611,0.2064932592782685,1,0,1,-1.4786096680570098,0,1,0,0,1,0,0
-0.4332534639263369,-0.2166066033400046,1.0714468725633923,1,1,1,0.8824436941098722,1,0,0,0,0,0,1
-1.4736771576528285,-0.9060680166103768,0.927287937015872,1,0,1,-0.2980829869735688,0,1,0,0,0,0,1
-0.1673051281242233,-0.10027130575028,-0.8026192895543761,1,0,1,-0.2980829869735688,0,1,0,0,0,0,1
-0.3671544368860256,1.1168816869224452,-1.6675729028395,1,0,1,0.8824436941098722,0,1,0,0,0,1,0
-1.2715598718379797,-0.1959859381111193,-1.6675729028395,0,0,1,0.2921803535681517,0,1,0,1,0,0,0
0.0186689902255942,-1.1803567028371271,1.6480826147534753,1,0,1,1.4727070346515927,0,0,1,0,0,1,0
-0.4653414586578436,-0.9296748583636952,-0.9467782251018968,1,1,0,-0.8883463275152893,0,1,0,0,0,1,0
-1.1351449326663312,-1.176561188749997,-0.3701424829118142,1,0,0,1.4727070346515927,0,1,0,1,0,0,0
0.4181692675506432,1.2155510990919236,1.359764743658434,1,0,1,0.2921803535681517,1,0,0,0,0,1,0
0.7730343767138332,1.4639863341240762,0.0623343237307478,1,0,1,-0.2980829869735688,0,1,0,0,1,0,0
0.789548354115294,-0.3135387305688663,-1.6675729028395,1,0,1,0.2921803535681517,0,0,1,1,0,0,0
-0.6859475003728132,-0.2502045777638571,0.2064932592782685,1,0,0,-1.4786096680570098,1,0,0,0,0,1,0
0.043539126427063,0.819062906469873,1.2156058081109131,1,1,1,0.2921803535681517,0,0,1,0,0,1,0
1.389950005603178,1.3250209814946328,-1.6675729028395,1,0,1,1.4727070346515927,0,1,0,1,0,0,0
-1.0999869766006627,1.4254381441766593,1.359764743658434,1,0,1,-1.4786096680570098,0,0,1,0,0,1,0
-0.1298188305972525,0.742814237901485,-0.5143014184593349,1,0,1,-1.4786096680570098,1,0,0,1,0,0,0
-0.525636879018686,-1.1803078635014472,-0.8026192895543761,1,1,0,0.2921803535681517,0,0,1,0,0,0,1
-1.3499732381625131,-1.5928572205142582,1.5039236792059545,1,0,1,1.4727070346515927,0,0,1,0,0,1,0
0.5627334018368507,-1.731613261705073,1.5039236792059545,1,0,1,-0.8883463275152893,1,0,0,0,0,0,1
-0.7507530043790676,-0.0800971715904691,0.6389700659208305,1,0,0,0.8824436941098722,1,0,0,1,0,0,0
0.9564300724824308,0.981296714026852,-0.6584603540068555,1,0,1,0.2921803535681517,0,0,1,0,0,1,0
0.7105227202213064,0.0228840562147564,-1.5234139672919795,1,0,1,-0.8883463275152893,0,1,0,0,1,0,0
-0.160371844661678,1.447994940212858,-0.0818246118167728,0,0,1,1.4727070346515927,1,0,0,0,0,1,0
-0.536511095991658,-0.0062834927581259,-0.6584603540068555,0,0,1,0.2921803535681517,0,1,0,1,0,0,0
-0.2164417564446009,0.7247367066519363,1.359764743658434,1,0,0,1.4727070346515927,1,0,0,0,1,0,0
0.3098410251918188,0.7308939514715915,-0.3701424829118142,1,0,1,-0.8883463275152893,0,0,1,0,0,1,0
-1.6434046266948903,1.1644860851145218,0.0623343237307478,1,0,1,-0.2980829869735688,0,0,1,0,0,1,0
0.148935383242025,0.2080165351576943,0.7831290014683512,0,0,1,-1.4786096680570098,0,1,0,0,0,1,0
-0.2383454131546324,-1.6669255615969327,0.927287937015872,0,0,1,1.4727070346515927,0,1,0,1,0,0,0
1.44683052515411,-1.7388449719096877,-1.0909371606494176,1,0,1,-1.4786096680570098,0,1,0,0,1,0,0
0.6713289722893803,-0.3119793603510838,1.5039236792059545,1,0,1,0.2921803535681517,0,1,0,1,0,0,0
1.0808238709242426,-0.5964126743033626,-1.2350960961969382,1,0,1,-1.4786096680570098,0,1,0,1,0,0,0
-0.3193458255472798,1.1036846007169174,1.5039236792059545,1,0,0,-0.2980829869735688,0,1,0,0,0,1,0
0.0225754297884464,1.43765495514461,0.7831290014683512,0,0,0,0.2921803535681517,1,0,0,0,1,0,0
0.0808357072423724,-0.9873227170859632,1.6480826147534753,0,1,1,-0.2980829869735688,0,1,0,0,0,1,0
-0.3101359415447943,0.7632639654554901,-1.2350960961969382,1,0,1,0.8824436941098722,0,0,1,0,0,0,1
1.425478771605276,0.3096581697556975,-0.0818246118167728,0,0,1,1.4727070346515927,0,1,0,0,0,0,1
-0.9756449190802128,1.5107255783698217,0.927287937015872,0,0,1,-0.8883463275152893,0,0,1,0,1,0,0
0.4303801249921413,-1.2294193040516492,-0.5143014184593349,1,0,0,-1.4786096680570098,0,1,0,0,1,0,0
-1.5173206248219104,-0.6029536567605036,-1.0909371606494176,0,0,1,1.4727070346515927,1,0,0,0,1,0,0
1.0765897388594297,-0.0528448222810374,0.6389700659208305,1,0,1,0.2921803535681517,0,0,1,1,0,0,0
1.6955750046032656,1.0832837124985923,-0.6584603540068555,1,1,1,-0.8883463275152893,1,0,0,1,0,0,0
-0.29944281779659,0.0803853969299846,-0.5143014184593349,0,1,1,-1.4786096680570098,1,0,0,0,1,0,0
0.3740170146548321,-0.1740710304867147,-1.6675729028395,0,0,1,0.8824436941098722,0,0,1,0,0,1,0
-0.093841643276681,0.0937848175261861,-1.2350960961969382,1,1,1,1.4727070346515927,0,1,0,0,1,0,0
-1.2318745851531117,0.7746400421449497,-0.3701424829118142,1,0,1,0.8824436941098722,0,1,0,1,0,0,0
0.6938190261081841,0.527858367477962,-0.9467782251018968,1,0,0,-0.8883463275152893,1,0,0,0,1,0,0
0.7250877895847881,-0.3580139227534469,-1.5234139672919795,1,0,1,-1.4786096680570098,0,1,0,0,1,0,0
-0.651177601217362,0.9842375397395828,-1.0909371606494176,1,0,1,-0.2980829869735688,0,0,1,0,0,0,1
0.2664390156557605,-0.3852976687786729,1.6480826147534753,1,1,0,-1.4786096680570098,0,0,1,0,0,0,1
0.9483498652630212,-0.7767100590139818,1.5039236792059545,1,1,1,1.4727070346515927,1,0,0,0,0,1,0
1.600302721401523,-1.6113219779252694,-1.0909371606494176,1,0,0,0.2921803535681517,1,0,0,0,0,1,0
0.0093728713541716,-1.4730857268070492,-1.2350960961969382,0,0,1,0.8824436941098722,1,0,0,0,0,0,1
1.1086001222088926,-1.542371301517062,-1.3792550317444587,1,0,0,0.8824436941098722,0,1,0,0,0,0,1
-0.706126459704102,0.3962642660122196,1.0714468725633923,1,0,1,0.8824436941098722,0,0,1,0,0,0,1
-1.4730131491620124,-1.7062342497713665,-1.6675729028395,1,0,1,-0.2980829869735688,0,1,0,0,0,0,1
-0.946540650813931,0.9476010609316394,-1.6675729028395,1,1,1,0.2921803535681517,1,0,0,1,0,0,0
0.8181265896810592,0.6377782694737227,-0.3701424829118142,1,1,1,0.8824436941098722,0,0,1,0,1,0,0
0.4352610185739828,0.1069260873480793,0.927287937015872,1,0,1,0.2921803535681517,0,1,0,0,0,0,1
0.5431408396143342,1.402009217146175,1.6480826147534753,1,0,0,-1.4786096680570098,1,0,0,0,1,0,0
-0.0754563692192848,-1.6213828810753466,-0.5143014184593349,0,0,1,0.8824436941098722,1,0,0,0,0,1,0
1.335096005472269,-1.0723066496931144,0.4948111303733098,1,0,1,-0.8883463275152893,0,1,0,0,1,0,0
-0.1843365147393068,0.8073658855745167,0.2064932592782685,1,0,1,1.4727070346515927,0,1,0,0,1,0,0
-0.6318782375492319,-1.1307743115500108,-0.8026192895543761,0,1,1,1.4727070346515927,0,1,0,0,0,1,0
1.5770451772491785,-0.4627498781191749,0.0623343237307478,1,1,1,-0.2980829869735688,0,1,0,0,1,0,0
-0.4428945222735081,0.7967468185880973,0.7831290014683512,1,0,1,-0.2980829869735688,1,0,0,0,1,0,0
0.0103559488600548,1.1427665348328369,-1.5234139672919795,0,1,1,0.2921803535681517,0,0,1,0,0,0,1
-1.141793641061384,-0.5764932023938831,-0.9467782251018968,1,0,0,-0.2980829869735688,0,1,0,0,0,0,1
-0.5136588557233182,-1.089567866332012,-0.2259835473642935,1,1,0,-1.4786096680570098,0,0,1,1,0,0,0
1.1283047897610274,-0.9667404256208266,1.5039236792059545,0,0,0,-0.2980829869735688,0,1,0,0,0,1,0
1.1958784330601635,-1.5919083419924756,-0.8026192895543761,1,0,1,1.4727070346515927,0,0,1,1,0,0,0
0.5303608320378512,0.615221473437524,0.2064932592782685,1,0,0,-0.8883463275152893,0,0,1,0,0,1,0
-0.5241277688122862,-1.219473522192818,-1.3792550317444587,0,1,1,0.2921803535681517,0,0,1,0,0,1,0
0.940571480084892,-1.4663005476715083,-0.0818246118167728,1,1,1,-0.8883463275152893,1,0,0,0,0,0,1
0.7492766703216533,0.6574744758486654,-0.8026192895543761,1,0,1,0.2921803535681517,1,0,0,1,0,0,0
1.392537051671292,1.3531035995106242,0.2064932592782685,1,0,0,0.8824436941098722,0,1,0,0,0,1,0
0.8310359495609476,-0.44629102199502,0.0623343237307478,1,0,1,-0.8883463275152893,1,0,0,0,1,0,0
-0.0478008467511466,-1.644278063937328,-0.8026192895543761,0,1,1,-0.8883463275152893,0,1,0,1,0,0,0
-1.601373751574933,0.9688112867126616,0.3506521948257892,1,0,0,1.4727070346515927,0,0,1,0,1,0,0
1.0332222232709465,-1.743938216916315,0.927287937015872,1,0,0,-0.8883463275152893,0,0,1,0,1,0,0
-0.5984708493229873,1.2437488383991606,-0.5143014184593349,1,0,1,-1.4786096680570098,0,1,0,0,1,0,0
1.097148131614042,-0.8021867496190485,0.7831290014683512,0,0,1,0.2921803535681517,1,0,0,0,0,1,0
-1.1028499742493756,1.196643299135815,0.0623343237307478,1,0,1,-0.2980829869735688,0,1,0,0,0,1,0
1.1556929841354606,1.0356479175907212,-0.2259835473642935,0,0,1,-0.2980829869735688,0,1,0,1,0,0,0
-0.8584258617339701,0.0810517050096186,-1.0909371606494176,1,0,0,-0.8883463275152893,0,1,0,1,0,0,0
1.3456511534301736,0.0938057486700491,-0.3701424829118142,1,0,1,1.4727070346515927,0,1,0,0,0,0,1
1.0243227847966343,0.7343754984007792,-0.6584603540068555,1,0,1,-0.2980829869735688,0,0,1,0,0,0,1
1.5545982408648436,1.6272178595385176,-0.5143014184593349,1,1,0,-0.8883463275152893,0,1,0,0,1,0,0
-0.7579967333697867,-1.1976632702877277,-0.3701424829118142,1,0,1,-0.8883463275152893,0,0,1,0,0,0,1
-1.3644262021963764,-0.536141445550284,0.3506521948257892,0,0,1,0.8824436941098722,0,1,0,1,0,0,0
-1.1851956505974424,-0.8158478095135356,1.359764743658434,1,0,1,-0.2980829869735688,0,1,0,0,1,0,0
1.4274104326694677,0.4711035708938423,0.0623343237307478,1,1,1,0.2921803535681517,1,0,0,0,1,0,0
-1.0210562010625062,-0.023583083160772,-0.8026192895543761,0,1,1,-0.2980829869735688,0,0,1,0,0,1,0
-0.047455907275398,0.959688796512436,0.927287937015872,1,1,1,0.2921803535681517,0,0,1,0,0,1,0
1.5305128419707024,0.4494328599478376,-1.6675729028395,0,0,1,-0.8883463275152893,1,0,0,0,1,0,0
0.1258761792882362,0.1034619830387777,1.0714468725633923,0,1,1,0.8824436941098722,1,0,0,1,0,0,0
0.669837109056768,1.6433767026006385,0.927287937015872,1,0,1,-0.2980829869735688,0,1,0,1,0,0,0
0.3174641876058613,-1.5652664843790438,-0.3701424829118142,1,0,1,-1.4786096680570098,1,0,0,0,0,0,1
0.1459689037505876,1.358339874000314,-0.3701424829118142,0,0,1,-0.8883463275152893,0,0,1,0,1,0,0
0.3516476896525401,0.9563119053025626,0.2064932592782685,1,0,1,-0.2980829869735688,0,1,0,0,0,1,0
0.7666012554911232,1.385361980727254,-1.0909371606494176,1,0,1,-0.2980829869735688,0,0,1,0,0,0,1
-1.642818229586118,1.3719625601310526,-0.5143014184593349,1,0,1,-1.4786096680570098,1,0,0,0,0,0,1
-1.4154772446071584,0.7984457297649652,0.2064932592782685,1,0,1,-1.4786096680570098,1,0,0,1,0,0,0
0.8775941553001052,-0.2309235057421945,0.3506521948257892,1,0,1,0.2921803535681517,0,0,1,0,0,0,1
0.3728700908979683,1.0723402127822987,-0.8026192895543761,0,0,1,-0.8883463275152893,0,1,0,0,0,0,1
0.6328078563351636,-0.8551844058797865,1.5039236792059545,0,0,1,0.8824436941098722,0,1,0,0,0,1,0
1.421080793289483,0.3535298472922327,-1.0909371606494176,1,0,1,-0.2980829869735688,1,0,0,0,0,0,1
0.1944070296325744,1.390894779755001,0.927287937015872,0,0,1,0.8824436941098722,0,1,0,1,0,0,0
-0.8642898328216949,0.4941313176669554,-0.8026192895543761,0,0,1,-1.4786096680570098,0,0,1,0,0,0,1
-1.7115560436159054,-0.2144890692858793,0.927287937015872,1,0,1,-1.4786096680570098,0,0,1,0,0,1,0
-1.649639407719045,-0.15639119097056,0.3506521948257892,1,0,0,-0.8883463275152893,0,1,0,0,0,0,1
0.4931849800390541,-1.2261296259412044,-1.6675729028395,1,0,1,0.2921803535681517,0,1,0,0,1,0,0
1.4033509042360082,-1.439623804818305,1.6480826147534753,1,1,1,-0.8883463275152893,0,0,1,0,1,0,0
0.0568796606516371,0.2163401533671545,-0.3701424829118142,1,0,1,1.4727070346515927,0,1,0,0,0,0,1
1.463603207162382,-0.9107879895514496,0.6389700659208305,1,1,0,-0.2980829869735688,1,0,0,0,1,0,0
-0.4728783862029487,-0.93744380126079,-1.3792550317444587,0,0,1,-0.8883463275152893,1,0,0,1,0,0,0
1.4638446647954058,0.1889971024343171,0.0623343237307478,1,1,1,-1.4786096680570098,0,1,0,0,0,1,0
-0.9599587964205486,-0.5452325390347155,-0.5143014184593349,0,0,1,-1.4786096680570098,0,0,1,0,0,0,1
-0.982276380501478,1.1836066850332356,-0.5143014184593349,0,0,1,-1.4786096680570098,0,1,0,0,1,0,0
-1.2925753093979586,-1.0747102427133652,0.3506521948257892,1,1,1,1.4727070346515927,0,1,0,0,0,1,0
-0.6853783502378282,-1.4058828009113895,-1.5234139672919795,1,1,1,1.4727070346515927,0,0,1,0,0,0,1
0.2485711508119867,-0.3643211741041194,1.6480826147534753,0,0,1,1.4727070346515927,0,0,1,0,0,1,0
0.6458810624660326,0.8569657194815188,-1.2350960961969382,1,0,1,-0.2980829869735688,0,1,0,0,1,0,0
-0.4945405852799565,0.6020174101840422,0.3506521948257892,1,0,1,0.8824436941098722,1,0,0,0,1,0,0
-1.4252476552577351,-0.6197543882344185,-0.5143014184593349,1,1,1,0.8824436941098722,0,1,0,0,0,0,1
1.6250348818126918,-1.3787630155130894,-0.5143014184593349,1,0,1,-0.8883463275152893,1,0,0,0,1,0,0
1.444062385861228,-1.6066752639877169,-1.6675729028395,1,0,1,-0.2980829869735688,0,0,1,0,0,0,1
-0.000794219693516,0.3714189982470157,-0.8026192895543761,0,1,1,0.2921803535681517,0,1,0,1,0,0,0
1.13834252850531,-1.5712423259518875,-0.2259835473642935,0,0,1,1.4727070346515927,0,0,1,0,1,0,0
-1.5584805277656033,-0.0977351488188981,-0.8026192895543761,1,0,0,-0.8883463275152893,0,1,0,0,0,1,0
-0.5929604411979044,-1.6503201874657376,0.3506521948257892,0,0,0,-0.8883463275152893,1,0,0,0,1,0,0
0.7021148204999361,0.6955203183433738,0.6389700659208305,1,0,1,0.2921803535681517,0,1,0,0,0,0,1
-0.6021099607921341,-0.8047054639305448,0.927287937015872,1,0,1,-1.4786096680570098,0,1,0,1,0,0,0
0.9259460463131546,0.2173867105602971,-0.8026192895543761,0,1,1,-0.2980829869735688,0,0,1,0,1,0,0
1.5904546993689026,-0.724256612493678,-1.5234139672919795,1,0,1,0.8824436941098722,0,1,0,0,0,0,1
0.7098242177829157,0.9190684233225968,-0.8026192895543761,1,1,1,-1.4786096680570098,1,0,0,1,0,0,0
-1.3728685958653215,1.6131067800509789,-1.2350960961969382,1,0,0,-0.2980829869735688,0,0,1,0,1,0,0
-1.1699751962300386,-1.0677576144269214,-1.5234139672919795,1,0,1,-1.4786096680570098,1,0,0,0,0,1,0
-0.5432374157687544,-1.3363495409989996,1.2156058081109131,1,1,1,-0.8883463275152893,0,0,1,0,1,0,0
-0.8051672066783975,-1.0217963110280783,1.5039236792059545,1,0,1,0.2921803535681517,1,0,0,0,0,1,0
1.2649698100525932,0.7725713474265046,1.359764743658434,1,0,0,-0.2980829869735688,0,0,1,0,0,0,1
-0.5126499077567541,0.586929543982904,0.2064932592782685,1,1,1,-0.8883463275152893,1,0,0,1,0,0,0
1.413517995283696,0.0021447811706486,-0.5143014184593349,1,0,1,-1.4786096680570098,0,1,0,0,0,1,0
-1.518691759238011,1.3621388766114213,1.5039236792059545,1,0,1,-0.2980829869735688,0,1,0,1,0,0,0
0.2447940635525406,1.6203803525433196,-0.0818246118167728,0,0,0,0.8824436941098722,1,0,0,0,0,0,1
0.851775435540328,-1.7191976048704254,-0.0818246118167728,1,1,1,-0.2980829869735688,0,0,1,1,0,0,0
-0.2591970044636306,-1.314713715292766,1.2156058081109131,1,0,1,-0.8883463275152893,0,1,0,0,0,1,0
1.0074035035111693,0.3923257224420265,-0.8026192895543761,1,0,0,0.2921803535681517,0,1,0,0,0,0,1
1.0829797426476708,-1.287695097089803,0.6389700659208305,0,0,1,-0.2980829869735688,1,0,0,0,0,1,0
-0.3071780855402505,-0.977157158216572,-1.3792550317444587,1,0,1,-0.2980829869735688,0,0,1,0,1,0,0
-0.5629420833208889,0.3545554733415123,-0.6584603540068555,0,0,1,-1.4786096680570098,0,0,1,0,0,1,0
0.6884379702865073,-1.2489620153715977,1.5039236792059545,0,0,1,0.8824436941098722,1,0,0,0,0,1,0
-0.7142239138972989,0.970269489735107,1.2156058081109131,1,0,1,0.2921803535681517,0,0,1,0,0,1,0
-1.3725064094157855,-0.6159728282431968,1.6480826147534753,0,0,1,-0.2980829869735688,0,0,1,0,0,0,1
-1.3278971117146077,-0.8396953594212769,-1.5234139672919795,1,0,1,-0.8883463275152893,0,0,1,0,1,0,0
-1.5108098922171571,-1.3645019294945335,0.7831290014683512,1,0,0,-0.2980829869735688,0,0,1,1,0,0,0
1.4393798324779417,1.438080555069821,0.3506521948257892,1,0,1,-0.2980829869735688,0,0,1,0,1,0,0
-1.2726464311865873,-0.6768754798361382,0.0623343237307478,1,0,1,1.4727070346515927,1,0,0,0,0,1,0
0.8532845457467277,0.220317070701096,-0.9467782251018968,1,0,1,-0.2980829869735688,0,0,1,0,0,0,1
1.6197486843468465,-1.4935528969809395,-0.5143014184593349,1,0,1,-0.2980829869735688,0,1,0,0,0,1,0
1.2449978144067535,0.7903453770900419,1.5039236792059545,1,1,1,1.4727070346515927,1,0,0,1,0,0,0
-0.46821307979345,1.484355825626607,-1.5234139672919795,1,0,1,-0.8883463275152893,1,0,0,0,1,0,0
-1.054463589288751,0.8637788068088766,-1.0909371606494176,1,0,1,-1.4786096680570098,0,1,0,0,1,0,0
-1.6819257426491072,0.4991582807180167,0.7831290014683512,1,0,1,-1.4786096680570098,0,1,0,0,0,0,1
-0.670407976990342,0.2766288247401189,-0.5143014184593349,1,0,1,-1.4786096680570098,0,1,0,0,0,0,1
-0.5520075019396607,0.5620842762177004,0.3506521948257892,1,0,1,-0.2980829869735688,0,1,0,0,0,1,0
-1.2999052732576146,-0.3904292875490485,-1.5234139672919795,1,0,1,-1.4786096680570098,0,1,0,0,0,1,0
1.2881152488753194,1.1151234708379654,-1.6675729028395,1,0,1,1.4727070346515927,0,0,1,0,0,1,0
0.8355460332063597,-1.421661394860002,-1.3792550317444587,0,0,1,-0.8883463275152893,0,1,0,0,0,1,0
0.2222091513779058,0.0551249948115009,1.359764743658434,1,0,1,-1.4786096680570098,1,0,0,0,1,0,0
1.668419644374963,-1.706747062796006,-0.0818246118167728,1,0,1,-0.8883463275152893,0,0,1,0,0,0,1
-0.4890905415631296,-1.1893291865063358,-0.6584603540068555,0,1,1,-0.2980829869735688,1,0,0,0,0,0,1
-0.4034765636823453,-1.671708327969594,-0.0818246118167728,0,0,1,0.8824436941098722,1,0,0,0,1,0,0
0.7071940542803334,-0.4098464120058198,-1.2350960961969382,1,0,1,1.4727070346515927,1,0,0,0,1,0,0
0.2586778774514187,-0.4386930167728053,-1.2350960961969382,0,0,1,0.8824436941098722,1,0,0,0,0,1,0
-1.346368620640941,-1.018956652510685,0.6389700659208305,1,0,0,1.4727070346515927,1,0,0,1,0,0,0
0.8913658638693649,0.4055228086475539,-1.3792550317444587,0,0,1,0.8824436941098722,1,0,0,0,0,1,0
-1.6564864563126531,1.5917395706909854,-0.0818246118167728,1,0,0,-0.2980829869735688,0,0,1,1,0,0,0
0.1112679924902861,-1.3943497406429588,0.6389700659208305,0,0,1,0.2921803535681517,0,0,1,0,1,0,0
1.1005112915025896,0.0882624840703707,-1.0909371606494176,1,0,1,0.8824436941098722,1,0,0,0,0,0,1
-0.1140119791210759,1.6468687151017574,-0.5143014184593349,0,0,0,1.4727070346515927,0,1,0,0,1,0,0
0.144968579270917,1.569758381111015,-0.2259835473642935,1,0,1,-1.4786096680570098,1,0,0,0,1,0,0
-1.391616056372254,1.5686071681985585,0.7831290014683512,1,0,1,1.4727070346515927,0,1,0,0,0,0,1
-1.3706264892729565,-0.925513049258965,0.0623343237307478,1,0,1,0.2921803535681517,0,1,0,0,0,1,0
1.1075135628602857,-1.2311426348963572,-0.3701424829118142,0,0,0,0.2921803535681517,1,0,0,0,0,0,1
1.321332920389903,0.0171279916524725,-0.9467782251018968,0,0,1,0.8824436941098722,0,1,0,0,0,0,1
0.168898755400971,-0.6129726976228549,1.0714468725633923,1,0,1,0.8824436941098722,0,1,0,0,1,0,0
-0.6734003269424608,0.2163820156548802,1.2156058081109131,1,0,1,0.2921803535681517,0,0,1,0,1,0,0
-0.7413016627435579,-0.7836068709167912,-0.5143014184593349,1,1,0,-0.8883463275152893,0,1,0,0,0,1,0
-1.1277890983459935,-1.602858818756724,1.5039236792059545,1,0,0,-1.4786096680570098,0,0,1,1,0,0,0
-1.3722994457303366,1.4747274994496953,1.0714468725633923,1,0,0,-1.4786096680570098,1,0,0,0,0,1,0
0.0011805588051442,0.9963148097484475,0.927287937015872,1,0,1,0.2921803535681517,0,0,1,1,0,0,0
1.1168872931137517,1.1031648106443237,0.3506521948257892,1,1,1,1.4727070346515927,0,1,0,1,0,0,0
0.616259384986128,-1.186897685294268,0.927287937015872,0,0,1,0.8824436941098722,0,1,0,0,0,1,0
1.0237708816354365,-0.5460314110254809,0.4948111303733098,1,1,0,0.2921803535681517,1,0,0,0,0,0,1
0.1222543147928764,1.3274943449944263,0.6389700659208305,1,0,1,-1.4786096680570098,0,1,0,0,0,1,0
1.0276773211982884,1.466477140243755,-0.8026192895543761,1,0,1,-0.2980829869735688,0,1,0,0,0,0,1
-1.711452561773181,1.582125198609983,1.2156058081109131,1,0,1,1.4727070346515927,1,0,0,0,1,0,0
1.4225467860614138,-0.7394909967018563,1.359764743658434,0,1,1,-0.2980829869735688,1,0,0,1,0,0,0
-1.1173460557177073,-0.2014873404230721,1.0714468725633923,1,1,1,-0.8883463275152893,0,1,0,0,0,0,1
0.6879464315335655,0.561313312418752,-0.6584603540068555,0,0,1,1.4727070346515927,1,0,0,1,0,0,0
-1.549262020276224,-0.0367278415066424,1.6480826147534753,1,1,1,-1.4786096680570098,0,1,0,1,0,0,0
0.7107641778543305,0.5904738843436803,1.2156058081109131,1,0,1,-1.4786096680570098,0,0,1,0,1,0,0
1.5099458257291962,1.7147030638372798,-0.0818246118167728,0,0,1,0.2921803535681517,0,0,1,0,1,0,0
-0.4017518663036026,-1.1172213958988149,-0.5143014184593349,0,0,1,1.4727070346515927,1,0,0,0,1,0,0
1.294625981480073,-0.0381232510974991,-1.0909371606494176,0,0,1,1.4727070346515927,1,0,0,0,1,0,0
1.2266297873231444,0.163304123342668,-0.0818246118167728,0,0,1,0.2921803535681517,0,1,0,1,0,0,0
-0.7632829308356329,-0.622081233727172,-1.3792550317444587,1,1,1,-0.2980829869735688,0,0,1,0,1,0,0
-1.1059975469655807,-0.2585561041651347,-1.2350960961969382,0,0,1,-0.8883463275152893,1,0,0,1,0,0,0
1.3437022453921943,-1.1982946931275902,-0.2259835473642935,0,0,1,-1.4786096680570098,0,0,1,1,0,0,0
0.7957831351394486,1.177948299142312,-0.5143014184593349,1,0,1,0.2921803535681517,0,1,0,0,1,0,0
-1.111576942985813,-1.55437182399843,1.5039236792059545,1,0,1,0.8824436941098722,0,0,1,1,0,0,0
-1.1488217828797602,1.5443828577012857,0.2064932592782685,1,1,1,0.2921803535681517,1,0,0,0,0,0,1
-0.8287955607671715,-0.6626702102012169,-0.8026192895543761,1,0,1,-0.8883463275152893,0,1,0,0,0,1,0
0.1111731341344551,0.1108646309182724,-1.2350960961969382,0,0,1,-0.2980829869735688,0,0,1,0,0,0,1
-1.031568231585943,-0.688241090953666,1.0714468725633923,1,0,1,-1.4786096680570098,1,0,0,0,0,0,1
-0.1843710086868816,-0.8660337154486974,-0.0818246118167728,1,0,1,-0.8883463275152893,1,0,0,1,0,0,0
1.0912582900656358,0.6646887434333947,0.2064932592782685,1,0,1,-0.8883463275152893,0,1,0,1,0,0,0
-1.263427923697208,-0.3936038443682477,0.7831290014683512,1,0,1,-1.4786096680570098,0,1,0,0,0,0,1
1.4342661047499703,1.3447799813011636,-0.5143014184593349,0,0,1,0.8824436941098722,0,1,0,1,0,0,0
0.8461184281380522,0.5475545738529046,1.6480826147534753,1,0,1,0.2921803535681517,0,0,1,0,0,1,0
1.5597637095141774,1.438998036875809,0.3506521948257892,0,0,1,0.2921803535681517,0,1,0,1,0,0,0
-1.5480461086242103,0.3186899583325177,1.359764743658434,1,0,1,-1.4786096680570098,0,0,1,0,0,1,0
-0.2614649815166773,-0.8460235419158121,-0.3701424829118142,1,0,1,0.8824436941098722,0,0,1,0,0,1,0
-1.461880227582229,1.3625121486769751,0.0623343237307478,1,0,1,0.8824436941098722,0,1,0,0,1,0,0
-1.6445515504517545,1.006801312823736,-1.6675729028395,1,0,1,-0.8883463275152893,1,0,0,0,0,1,0
1.2704371007432074,-0.6668529504498097,0.4948111303733098,1,1,0,1.4727070346515927,0,1,0,0,0,0,1
0.0311644227345848,-1.2217724594937545,-1.2350960961969382,0,1,1,0.8824436941098722,0,0,1,0,0,1,0
-1.5218996963624722,-0.3114595702784898,1.2156058081109131,1,0,0,-0.8883463275152893,1,0,0,0,0,1,0
-1.2445683578606574,0.4205199732252864,0.3506521948257892,0,0,1,1.4727070346515927,0,1,0,0,1,0,0
1.4445021836928076,0.5656600132942707,1.0714468725633923,0,0,1,0.8824436941098722,0,0,1,0,0,0,1
-1.1441133590357928,-0.2708217544687651,1.6480826147534753,0,0,0,1.4727070346515927,1,0,0,1,0,0,0
-0.1501961301270963,1.113410605565189,1.2156058081109131,1,0,1,1.4727070346515927,0,0,1,1,0,0,0
-0.669123077443179,-1.365196145765985,1.6480826147534753,1,0,1,-1.4786096680570098,0,0,1,0,1,0,0
-0.8861331251234703,1.2325925387202608,0.7831290014683512,1,1,1,1.4727070346515927,1,0,0,1,0,0,0
0.7658423886444763,1.6401428408738277,0.0623343237307478,0,0,1,1.4727070346515927,0,0,1,0,1,0,0
-0.1218334817336739,-1.7261432561089145,0.2064932592782685,0,1,1,-0.2980829869735688,0,0,1,1,0,0,0
0.4854324653216058,-0.5691324168021139,-1.0909371606494176,1,0,0,-0.8883463275152893,0,1,0,0,0,0,1
-1.6498032539700256,0.3613685606688701,0.6389700659208305,1,1,1,0.8824436941098722,0,1,0,0,0,0,1
-1.3494558289488905,0.1970416387256063,0.3506521948257892,0,0,1,-0.2980829869735688,0,1,0,0,0,0,1
-0.4740598039073877,-1.0359701839472055,-0.9467782251018968,1,1,1,-0.2980829869735688,0,1,0,1,0,0,0
-1.4575857311091596,-1.2313240381431687,-1.6675729028395,0,0,1,1.4727070346515927,1,0,0,0,1,0,0
1.5622731442002478,0.4052472152533597,1.359764743658434,1,0,1,-0.8883463275152893,0,1,0,0,1,0,0
0.3150237408149405,0.3771645972373683,0.6389700659208305,1,0,0,-0.8883463275152893,1,0,0,0,0,1,0
-0.860918049446253,0.1192475540353443,0.927287937015872,1,1,1,0.2921803535681517,1,0,0,0,1,0,0
0.5103715894182244,0.7846207092435523,0.7831290014683512,0,0,1,-0.2980829869735688,1,0,0,0,0,1,0
-0.4436533891201549,-0.7006532592643365,0.3506521948257892,1,0,1,1.4727070346515927,1,0,0,1,0,0,0
1.1583059006642555,-0.0302182557652959,-1.6675729028395,0,0,1,-1.4786096680570098,0,0,1,0,0,1,0
0.9254631310471066,1.3991625815808275,-1.3792550317444587,1,1,1,-0.2980829869735688,0,0,1,0,0,0,1
1.2239823768467748,1.490356086867291,-1.5234139672919795,0,0,1,1.4727070346515927,0,0,1,1,0,0,0
1.0495119900131706,-0.6223079877856862,-1.3792550317444587,1,1,1,1.4727070346515927,1,0,0,0,0,0,1
1.321867576577313,1.6671893672686082,-0.5143014184593349,1,0,1,0.8824436941098722,0,1,0,0,0,1,0
0.3466201967935054,0.4632474148973189,1.5039236792059545,0,1,0,-1.4786096680570098,0,0,1,0,0,1,0
-0.3769334710234964,1.16924792034332,0.927287937015872,1,0,1,-1.4786096680570098,0,1,0,0,0,0,1
1.1017961910497536,-0.325267148180017,-1.2350960961969382,0,0,1,0.8824436941098722,0,1,0,1,0,0,0
1.0779005088672744,-1.5581812921814686,-0.2259835473642935,1,0,1,0.8824436941098722,0,0,1,0,0,0,1
-0.3793652943275233,-0.0529564550483059,-0.5143014184593349,1,1,1,0.8824436941098722,0,1,0,0,1,0,0
0.5489703167544846,-1.133781419218307,-1.3792550317444587,1,1,1,-0.8883463275152893,0,0,1,0,0,1,0
0.5158819975433069,-1.4390795950778708,-1.3792550317444587,1,0,0,0.8824436941098722,0,0,1,1,0,0,0
0.5166839818244224,0.5361854742113997,0.6389700659208305,1,0,1,0.2921803535681517,0,1,0,1,0,0,0
-0.850819946293715,-1.4115342097543593,0.2064932592782685,0,1,1,-0.8883463275152893,0,1,0,0,0,1,0
1.1284945064726897,-0.2946623273285522,-1.3792550317444587,0,0,1,0.2921803535681517,1,0,0,0,1,0,0
-1.3322778430566138,1.211898614487856,-1.6675729028395,1,0,1,-0.2980829869735688,1,0,0,0,0,1,0
-1.4056637165221126,-0.6337608120026427,1.359764743658434,0,0,1,-0.2980829869735688,0,0,1,0,0,0,1
-0.564382205632139,-1.492342379160872,-0.6584603540068555,1,1,1,1.4727070346515927,0,1,0,1,0,0,0
-0.960398594252128,0.4459722441625129,0.4948111303733098,1,0,1,-0.2980829869735688,0,1,0,1,0,0,0
-1.0780143319954816,1.7074294913449388,1.0714468725633923,1,0,1,0.8824436941098722,0,1,0,0,0,1,0
0.8976437623279883,0.303469528220248,0.927287937015872,1,0,1,-0.2980829869735688,0,0,1,0,0,0,1
-1.3192305073864257,-1.5473947760441462,0.2064932592782685,1,0,1,-1.4786096680570098,0,1,0,0,0,1,0
-1.070701615109613,-0.8180909304308379,0.4948111303733098,1,0,1,-1.4786096680570098,0,1,0,0,0,0,1
0.7888498516769029,0.9122797556630788,-0.0818246118167728,1,0,1,1.4727070346515927,0,0,1,0,0,0,1
0.3549677321066196,0.4650300506496386,1.359764743658434,1,0,1,-0.8883463275152893,0,0,1,0,0,1,0
1.023322460316964,-1.151942675043307,-0.5143014184593349,1,0,1,-0.2980829869735688,0,0,1,0,0,0,1
1.2991188181516975,-0.050814501326341,-1.3792550317444587,0,0,0,1.4727070346515927,0,1,0,0,1,0,0
1.4509180579417298,0.6822325305144408,1.359764743658434,1,0,1,-1.4786096680570098,1,0,0,0,1,0,0
-0.1245843740527684,0.8471873867735904,1.0714468725633923,1,0,1,-0.8883463275152893,0,1,0,1,0,0,0
-0.0722484320948233,1.562565044670149,-0.2259835473642935,0,0,1,-1.4786096680570098,1,0,0,1,0,0,0
-0.0956180815767858,-0.9962010106077892,-0.8026192895543761,0,0,1,-0.2980829869735688,0,0,1,1,0,0,0
0.2903174508644523,0.9224348489605388,-0.5143014184593349,1,0,1,-0.8883463275152893,0,0,1,0,0,1,0
-0.7430608540698753,1.5258483298107317,-0.6584603540068555,0,0,0,-1.4786096680570098,1,0,0,0,1,0,0
-1.025626649116174,-0.1591541019604563,-0.3701424829118142,0,0,1,0.8824436941098722,0,0,1,1,0,0,0
-1.0493067441263104,1.3243023455553418,-1.5234139672919795,1,0,1,1.4727070346515927,0,1,0,0,0,1,0
0.4654777166495537,0.1179254034480076,0.0623343237307478,1,0,1,-0.8883463275152893,0,1,0,0,1,0,0
1.0897319328854482,1.2849971459048852,1.2156058081109131,1,0,1,-0.8883463275152893,0,0,1,1,0,0,0
-0.2510046919146032,-1.5984493244496163,-0.0818246118167728,0,0,0,-0.8883463275152893,1,0,0,0,0,1,0
1.5492947964252093,-1.5623361242382443,0.927287937015872,0,0,1,0.8824436941098722,0,1,0,0,0,1,0
-0.0897799809497421,1.1306229828684065,-1.3792550317444587,1,0,1,-0.8883463275152893,0,1,0,0,0,1,0
-1.6672140740084325,1.3736544942599664,-0.6584603540068555,1,1,1,-0.8883463275152893,0,0,1,1,0,0,0
-1.5446398313011938,0.657170974262654,1.5039236792059545,1,0,1,1.4727070346515927,0,1,0,0,0,1,0
0.229901301687098,1.4434005541349624,-0.3701424829118142,1,0,1,1.4727070346515927,0,0,1,0,0,0,1
1.6833469001879808,0.0071019737421671,-0.9467782251018968,0,0,1,-1.4786096680570098,0,1,0,1,0,0,0
-1.5775125633400282,0.8390870340986671,-0.9467782251018968,0,0,0,1.4727070346515927,1,0,0,0,0,0,1
-1.2839518225042454,-1.1684154852633708,1.5039236792059545,1,0,1,1.4727070346515927,0,1,0,0,1,0,0
-1.1250899469482618,-1.6816227131126311,-0.5143014184593349,1,0,1,0.2921803535681517,1,0,0,0,0,1,0
-0.5340016613055876,1.5000437179518131,0.2064932592782685,1,0,0,-1.4786096680570098,0,0,1,0,1,0,0
1.029755581539674,-1.060037510865507,-0.5143014184593349,0,0,1,-0.8883463275152893,1,0,0,0,1,0,0
-0.7406807716872107,-1.6770073958908722,1.6480826147534753,1,0,0,-0.2980829869735688,0,0,1,0,0,0,1
0.6550047115995814,0.5780861357008497,-0.5143014184593349,1,0,0,-1.4786096680570098,1,0,0,0,0,0,1
0.536449013784813,1.1758063454203471,1.0714468725633923,0,0,1,-1.4786096680570098,1,0,0,1,0,0,0
0.4558625287630635,-1.1623140568273498,1.6480826147534753,1,0,1,-0.2980829869735688,1,0,0,0,0,1,0
0.4455660854119699,0.6155110209276268,-0.6584603540068555,0,0,1,-1.4786096680570098,1,0,0,1,0,0,0
0.0673227032799238,0.4190722357747727,1.6480826147534753,1,0,1,-0.2980829869735688,0,0,1,0,0,1,0
-1.2487335020303207,-1.1124142098583136,1.5039236792059545,0,0,1,0.2921803535681517,0,0,1,0,1,0,0
1.0019965772288109,0.4108951355723522,-0.3701424829118142,1,1,0,0.8824436941098722,0,1,0,0,1,0,0
1.4053946706298182,0.5241919287779863,-0.9467782251018968,1,0,1,1.4727070346515927,1,0,0,1,0,0,0
0.6218301575194668,1.57324341656418,-0.0818246118167728,1,0,1,0.8824436941098722,1,0,0,0,0,1,0
-0.2879649567410578,-1.744625456139812,-0.5143014184593349,1,0,0,0.2921803535681517,0,1,0,0,0,0,1
0.6156988583380366,-0.1551632305306062,-0.2259835473642935,0,0,0,0.8824436941098722,0,0,1,0,0,0,1
-1.5408972379893224,-1.0541523709160685,-0.8026192895543761,1,0,1,-0.8883463275152893,0,0,1,1,0,0,0
0.648821671496789,-1.617091996583462,-0.0818246118167728,1,0,1,-0.8883463275152893,1,0,0,0,1,0,0
0.5313697800044157,1.2003341575036308,0.3506521948257892,1,0,1,0.2921803535681517,0,0,1,0,1,0,0
-0.2027562827442782,0.5497139701947555,-1.6675729028395,0,1,1,0.8824436941098722,0,1,0,0,1,0,0
0.4124432722532178,0.7555229307502127,-0.2259835473642935,1,0,1,0.8824436941098722,0,0,1,1,0,0,0
1.4698983525947926,1.1098348684886186,-0.5143014184593349,1,0,1,1.4727070346515927,0,0,1,0,1,0,0
0.2960693166225591,1.6903671205727384,-1.2350960961969382,1,0,1,0.2921803535681517,0,0,1,0,0,0,1
0.994778718698773,0.4331972693582197,1.0714468725633923,1,0,1,0.2921803535681517,0,0,1,0,0,1,0
0.0342775015032149,-1.238929020413338,0.3506521948257892,1,0,1,0.8824436941098722,0,1,0,0,0,1,0
-0.0400569555205922,-0.0192433593332078,1.0714468725633923,0,0,1,-0.8883463275152893,0,0,1,0,1,0,0
0.6242447338497066,1.605777391175004,0.4948111303733098,1,0,0,-0.2980829869735688,0,1,0,1,0,0,0
1.4375516532564745,-1.493706392035934,1.2156058081109131,1,0,1,0.8824436941098722,1,0,0,0,1,0,0
0.9336381966223468,-0.11456378848463,0.7831290014683512,1,0,1,-0.2980829869735688,0,0,1,1,0,0,0
0.4068293822854104,0.3230401477320133,0.4948111303733098,1,1,1,0.2921803535681517,1,0,0,0,0,0,1
1.0559709816965617,-1.0464043591628367,0.2064932592782685,0,1,1,0.2921803535681517,1,0,0,0,0,0,1
1.4476583798959064,1.6937370347346574,0.4948111303733098,1,1,1,1.4727070346515927,0,1,0,0,0,1,0
-0.1082687368498631,-1.6857356828816812,-1.6675729028395,1,0,1,1.4727070346515927,0,1,0,0,0,0,1
0.1393633127900035,0.1317050731577176,-0.6584603540068555,1,0,1,0.2921803535681517,1,0,0,1,0,0,0
-1.3519738871218543,1.4637735341614704,-0.0818246118167728,1,0,1,0.2921803535681517,0,0,1,0,0,0,1
1.4340074001431586,0.8250213054228311,-1.2350960961969382,1,0,1,1.4727070346515927,1,0,0,0,0,0,1
0.465796785664621,1.3857108331249683,1.0714468725633923,1,0,1,0.2921803535681517,1,0,0,0,0,1,0
0.722923294374466,0.957550331314448,1.2156058081109131,0,0,1,-0.8883463275152893,0,0,1,0,0,0,1
0.3213964976293945,1.4339187459650908,0.3506521948257892,0,0,1,1.4727070346515927,0,0,1,0,1,0,0
1.5585822918097387,-1.367610204358167,0.7831290014683512,1,0,1,-1.4786096680570098,0,1,0,0,1,0,0
0.1594215433047804,0.3337568933897929,-1.5234139672919795,1,0,1,0.2921803535681517,0,0,1,0,1,0,0
-0.6369574713296288,-1.4881282421964843,1.2156058081109131,1,0,1,-0.2980829869735688,0,0,1,0,0,0,1
-1.4834044508689368,1.2871286340549184,-1.2350960961969382,1,0,1,0.2921803535681517,1,0,0,1,0,0,0
1.2914094208687183,0.0258423245473728,-1.5234139672919795,1,0,1,-0.8883463275152893,0,1,0,0,0,0,1
1.0966565928611005,0.1443719037187193,-1.2350960961969382,1,0,0,-1.4786096680570098,0,0,1,1,0,0,0
1.7100107216633411,0.1850899555799184,-0.3701424829118142,1,0,1,-1.4786096680570098,1,0,0,1,0,0,0
1.7240928757607756,-1.4286803051020112,1.2156058081109131,1,0,0,0.2921803535681517,0,1,0,0,1,0,0
0.909673526544718,-1.4426448665825098,1.359764743658434,1,0,1,0.8824436941098722,1,0,0,0,0,1,0
1.0916722174365336,0.1758453670404926,1.0714468725633923,0,0,1,0.2921803535681517,0,1,0,0,1,0,0
1.1852111797726403,-0.6169845001965679,-1.5234139672919795,0,0,0,0.8824436941098722,1,0,0,1,0,0,0
-0.1166335191367651,-1.162959433763121,-0.2259835473642935,1,0,1,1.4727070346515927,1,0,0,0,1,0,0
-0.0230859333137648,0.2713332453428179,0.7831290014683512,1,1,1,-0.2980829869735688,0,0,1,0,0,0,1
0.6414313432288767,-0.757666206622765,-1.0909371606494176,0,1,1,-0.2980829869735688,0,0,1,0,1,0,0
1.6534837650750522,-1.2338776376944365,0.3506521948257892,1,0,1,-0.8883463275152893,0,1,0,0,0,1,0
1.2575363643502124,1.708842343555681,0.927287937015872,1,0,1,-0.8883463275152893,0,1,0,0,0,1,0
-0.6920701760673498,-1.251651667357974,-0.9467782251018968,1,0,1,1.4727070346515927,0,1,0,0,0,1,0
1.1629625835868604,0.219870539632022,-1.6675729028395,1,0,1,-0.2980829869735688,1,0,0,0,1,0,0
-0.4645739683243032,-0.1966173609509821,0.0623343237307478,0,0,1,1.4727070346515927,0,1,0,0,1,0,0
0.3600642128608043,0.8112102389973271,0.2064932592782685,1,0,1,-0.2980829869735688,1,0,0,0,0,1,0
-0.2040584292652287,1.722810393560157,0.3506521948257892,1,0,1,1.4727070346515927,0,0,1,0,1,0,0
-1.417262306394157,0.3310811954993251,-1.0909371606494176,1,0,0,-0.8883463275152893,1,0,0,0,0,0,1
0.3974901459795191,-1.4157727663865864,-0.2259835473642935,1,0,1,1.4727070346515927,1,0,0,0,1,0,0
1.5827280551121357,-0.6003965686852587,0.3506521948257892,0,0,0,0.8824436941098722,0,1,0,0,1,0,0
-1.267972501290195,-0.0009809363128704,-1.3792550317444587,1,0,1,0.8824436941098722,0,0,1,1,0,0,0
1.0292899132474134,-1.1886349702348846,-0.9467782251018968,1,1,1,-1.4786096680570098,1,0,0,1,0,0,0
0.6500462066356963,-1.281349471975382,-1.2350960961969382,1,1,1,-0.8883463275152893,0,1,0,0,0,1,0
0.4331655112588107,0.7909942425497901,-1.3792550317444587,1,0,1,0.2921803535681517,0,0,1,0,0,0,1
0.3730080666882676,-0.4938954201870969,-0.3701424829118142,1,0,1,1.4727070346515927,1,0,0,1,0,0,0
1.5618333463686682,-0.7647513988203398,1.5039236792059545,1,1,1,-0.2980829869735688,0,0,1,1,0,0,0
1.385871096302452,-1.7322202648770957,-0.6584603540068555,1,1,1,-0.8883463275152893,1,0,0,0,0,0,1
-0.9751016394059088,-1.1489425444229653,-0.0818246118167728,0,0,1,-0.2980829869735688,1,0,0,0,0,0,1
-1.3600282238805828,1.595280422527784,-0.0818246118167728,1,0,1,-0.2980829869735688,1,0,0,0,1,0,0
0.6191827470430967,-1.6486317418608012,1.2156058081109131,1,0,1,-1.4786096680570098,1,0,0,0,0,1,0
-0.6255399746823528,0.4811505199480108,0.2064932592782685,1,0,1,-0.8883463275152893,0,1,0,0,1,0,0
-1.0328617546199996,1.1857137535154296,1.5039236792059545,1,0,1,1.4727070346515927,1,0,0,0,1,0,0
0.1253501465877196,1.574649291726968,-1.6675729028395,1,0,1,-1.4786096680570098,1,0,0,0,1,0,0
1.116602718046259,1.1304729763373893,-0.8026192895543761,1,0,0,-0.8883463275152893,0,0,1,0,0,1,0
-0.2972093346911181,-1.0491498275328472,-1.6675729028395,1,1,1,0.2921803535681517,1,0,0,1,0,0,0
-1.0962012658543228,-1.1847243348565086,0.927287937015872,0,1,1,0.2921803535681517,1,0,0,0,0,1,0
-1.5867483178031951,1.5659314703080904,-0.6584603540068555,1,1,1,0.2921803535681517,1,0,0,1,0,0,0
0.1707183111355446,-1.6386545632861755,0.927287937015872,1,0,0,-1.4786096680570098,1,0,0,0,0,0,1
-1.5974328180645057,0.2658074233630252,1.6480826147534753,0,0,1,-1.4786096680570098,0,0,1,0,0,0,1
1.4112586417175432,0.651188155641856,-0.0818246118167728,0,0,0,0.2921803535681517,0,1,0,1,0,0,0
0.2686121343529762,-1.5146410244227622,-1.2350960961969382,1,0,1,-1.4786096680570098,1,0,0,0,1,0,0
-1.5566954659786048,-0.991205444272522,0.4948111303733098,1,0,1,-1.4786096680570098,0,1,0,0,1,0,0
-1.407845458706222,-1.2735595979344243,1.6480826147534753,1,0,1,-1.4786096680570098,1,0,0,0,0,0,1
-0.6077324742468351,-1.5202087086902805,0.3506521948257892,0,0,0,0.2921803535681517,0,1,0,1,0,0,0
-0.9486620285897844,-0.5842377256231378,-0.8026192895543761,1,0,1,0.8824436941098722,0,0,1,1,0,0,0
1.4756329713791116,1.7430368555796252,-1.2350960961969382,1,0,0,-1.4786096680570098,0,0,1,0,0,1,0
0.2928958734456723,-0.5949265630891004,-0.5143014184593349,1,0,0,-1.4786096680570098,0,0,1,0,0,0,1
1.539420903931908,-1.6682581777562009,-1.5234139672919795,1,0,1,-1.4786096680570098,1,0,0,0,1,0,0
1.54476746580601,1.6073751351565349,-0.0818246118167728,0,0,0,0.8824436941098722,0,1,0,1,0,0,0
1.5101959068491138,-0.2594666089231686,-0.3701424829118142,0,1,1,-0.8883463275152893,0,0,1,0,0,0,1
0.8366498395287552,-0.98915768069794,-1.2350960961969382,1,1,1,0.8824436941098722,1,0,0,1,0,0,0
0.7321504253507389,-0.7417341176191583,-0.5143014184593349,0,0,1,-0.2980829869735688,1,0,0,0,1,0,0
1.194998837397005,0.8602693516878721,-1.5234139672919795,1,0,0,0.8824436941098722,1,0,0,1,0,0,0
1.4567475350818802,-1.4797313649835044,-0.0818246118167728,1,1,1,0.8824436941098722,0,1,0,0,0,1,0
-1.4811192268421027,-0.4042263998786443,1.0714468725633923,0,0,1,-0.2980829869735688,1,0,0,0,0,1,0
1.4989939973741806,1.2270876478843311,-1.2350960961969382,0,0,1,-1.4786096680570098,1,0,0,0,0,1,0
-0.085752812570378,1.273931547849391,-1.0909371606494176,1,0,1,1.4727070346515927,0,0,1,0,0,0,1
1.0177171938360503,1.676210690273497,-0.6584603540068555,1,0,1,-1.4786096680570098,0,1,0,1,0,0,0
-0.1439785960767291,-1.663887057212842,1.6480826147534753,1,0,1,0.2921803535681517,1,0,0,0,0,1,0
1.6466453399683374,0.2204531231362047,0.927287937015872,1,0,1,0.2921803535681517,0,0,1,0,0,0,1
-1.2767512109479948,0.9737719678081572,-1.3792550317444587,1,1,1,0.2921803535681517,0,0,1,0,0,0,1
0.9163394819135582,1.4597373119199173,-1.5234139672919795,1,0,1,0.2921803535681517,1,0,0,0,1,0,0
0.7233717156929391,0.4605228776711713,-0.6584603540068555,1,0,1,-0.2980829869735688,0,0,1,0,0,0,1
0.4483859656262141,-0.746230825025694,-0.0818246118167728,1,0,0,1.4727070346515927,1,0,0,0,0,0,1
1.7025341585264926,1.5945024816808815,-0.0818246118167728,1,0,1,-0.8883463275152893,0,0,1,0,0,0,1
1.4842392112990377,-0.1539492241865607,-1.5234139672919795,1,0,1,-0.8883463275152893,1,0,0,0,1,0,0
-0.5540340213596833,-0.9331703593887912,-0.5143014184593349,0,0,0,0.8824436941098722,0,0,1,0,0,1,0
-0.9709709891838204,0.9574142788793394,-0.5143014184593349,1,0,1,-0.8883463275152893,0,1,0,0,0,1,0
-1.0041714137246158,-0.9121171171867404,0.6389700659208305,0,0,0,-0.8883463275152893,0,0,1,1,0,0,0
-1.5302731021362677,-1.3203790782316442,-1.3792550317444587,0,1,1,1.4727070346515927,1,0,0,0,0,1,0
0.5576886620040282,1.517939845954551,-0.2259835473642935,1,1,1,-1.4786096680570098,0,0,1,1,0,0,0
-1.431422071873634,-0.7390793508725534,-0.8026192895543761,1,0,1,-1.4786096680570098,1,0,0,1,0,0,0
-1.1140691306980963,1.1374570013396272,0.4948111303733098,1,0,1,1.4727070346515927,0,1,0,0,0,1,0
-0.3680167855753969,1.3509093179290017,0.4948111303733098,1,0,1,0.2921803535681517,0,0,1,0,0,1,0
1.258493571395415,0.131548089578746,0.3506521948257892,1,1,1,0.8824436941098722,1,0,0,0,1,0,0
1.354214275915631,1.6691429406958078,0.3506521948257892,1,0,1,-0.8883463275152893,0,0,1,0,0,1,0
-0.5536459644494663,1.6489408983441798,-0.6584603540068555,1,0,1,-0.2980829869735688,0,1,0,0,1,0,0
1.3430641073620595,-1.0979752091169237,1.2156058081109131,1,0,1,-0.2980829869735688,0,0,1,0,1,0,0
1.582624573269411,-0.6919528804653449,1.0714468725633923,1,0,1,1.4727070346515927,1,0,0,1,0,0,0
-0.4022606520303318,-1.4918470087561175,-0.9467782251018968,1,0,0,0.8824436941098722,0,0,1,0,0,1,0
-1.657667874017092,-1.3125787386187553,0.0623343237307478,1,0,1,-0.8883463275152893,0,0,1,0,1,0,0
-0.6229529286142388,-0.0412733882488581,-1.0909371606494176,0,0,1,0.2921803535681517,0,0,1,0,1,0,0
-0.4028298021653168,1.393661179268875,0.2064932592782685,0,0,0,-0.2980829869735688,1,0,0,0,1,0,0
-0.2084564075810227,0.3272263765045834,-0.3701424829118142,1,0,1,1.4727070346515927,0,0,1,1,0,0,0
-0.9341745706083462,1.1977072989488429,-1.5234139672919795,0,1,1,-0.8883463275152893,0,0,1,0,0,0,1
0.1310502714244641,1.3783500475331996,0.2064932592782685,0,0,1,0.8824436941098722,1,0,0,1,0,0,0
-1.280855990709402,-0.5597168905878082,1.5039236792059545,1,0,1,0.8824436941098722,0,0,1,1,0,0,0
1.710933434760969,1.285764621179856,0.0623343237307478,1,0,1,-0.2980829869735688,0,0,1,0,0,0,1
0.7828565282857723,-1.0755823737076506,-1.2350960961969382,1,0,0,-0.2980829869735688,1,0,0,0,0,1,0
-1.6711636310057532,-0.4938047185636912,-1.6675729028395,1,0,0,0.8824436941098722,0,1,0,0,0,0,1
1.0867137124726487,1.013576026387345,-0.5143014184593349,1,0,1,-0.2980829869735688,0,1,0,1,0,0,0
1.7162023852530277,-0.6706414874889858,-0.5143014184593349,1,0,0,0.2921803535681517,1,0,0,0,0,1,0
-1.6377993602139769,-1.3064598675628485,1.6480826147534753,1,0,1,-0.8883463275152893,0,0,1,0,0,0,1
-0.0543891907379433,-1.111810695210268,1.0714468725633923,0,0,1,1.4727070346515927,0,0,1,0,1,0,0
0.0139433194078394,-0.1342216210958238,1.359764743658434,0,1,0,1.4727070346515927,0,0,1,1,0,0,0
1.28207880804972,-0.1918136634344577,0.6389700659208305,0,0,1,-0.8883463275152893,0,1,0,0,0,1,0
1.107625668189903,-1.2601880855300398,1.0714468725633923,1,0,0,-0.8883463275152893,0,1,0,0,0,0,1
-0.1047158602496534,-1.074759082049045,0.3506521948257892,1,0,1,-1.4786096680570098,0,0,1,1,0,0,0
-1.2658856174619162,-0.0323741635831693,-0.3701424829118142,0,0,1,0.2921803535681517,1,0,0,0,0,1,0
0.4476529692402485,0.6853024316143256,-0.9467782251018968,1,0,0,0.2921803535681517,0,1,0,0,1,0,0
-0.2613097587525906,-1.1890884783519131,1.0714468725633923,1,1,1,1.4727070346515927,0,1,0,0,1,0,0
1.6956094985508403,1.1410676236559691,-0.3701424829118142,0,0,0,0.2921803535681517,0,0,1,0,0,0,1
0.4342262001467374,-0.4060857831584609,-1.0909371606494176,1,0,1,-1.4786096680570098,1,0,0,0,0,0,1
1.1944383107489134,-0.0736364251848026,-1.6675729028395,1,0,1,0.8824436941098722,0,0,1,0,0,0,1
-0.5392964822583274,1.704216560761991,-1.6675729028395,0,0,1,1.4727070346515927,0,1,0,0,0,0,1
1.4484689876639152,1.3141786489736762,-0.6584603540068555,0,0,1,-0.2980829869735688,1,0,0,1,0,0,0
0.80565702763275,0.004321620132385,1.5039236792059545,1,0,1,0.2921803535681517,0,1,0,0,1,0,0
0.6863252159975474,0.2068722992931916,1.359764743658434,1,0,1,1.4727070346515927,0,1,0,1,0,0,0
1.6490599162985773,-0.7176563251289257,-0.5143014184593349,1,0,1,-0.2980829869735688,1,0,0,0,0,0,1
-1.4312840960833344,-1.4162332515515692,-1.5234139672919795,0,0,0,-0.2980829869735688,0,1,0,1,0,0,0
-0.5484201313918758,-1.4194775788503111,1.359764743658434,1,0,1,-0.2980829869735688,0,1,0,1,0,0,0
1.221162496632531,-0.4207934002460906,1.359764743658434,1,0,0,-1.4786096680570098,1,0,0,0,0,0,1
-1.5648101671455887,1.2915171972181627,-1.0909371606494176,1,0,1,-0.8883463275152893,0,1,0,1,0,0,0
1.5741218151922096,1.3995114339785415,-1.6675729028395,0,0,1,0.8824436941098722,1,0,0,0,1,0,0
0.4997043361307012,0.0744793258366837,-1.0909371606494176,1,0,1,-0.2980829869735688,0,1,0,0,1,0,0
0.3028991182423795,-0.0664779739837075,0.2064932592782685,1,0,1,-0.8883463275152893,1,0,0,0,1,0,0
-0.8236300921178376,0.4259097427699704,-1.0909371606494176,1,0,1,-1.4786096680570098,1,0,0,0,1,0,0
-1.1113613558134705,-0.1734849584585547,-0.3701424829118142,1,0,0,-1.4786096680570098,1,0,0,0,0,1,0
0.9764624325365264,0.5141310256279092,1.2156058081109131,1,0,0,-1.4786096680570098,0,0,1,1,0,0,0
0.7631863546812128,-1.692789478363462,-1.6675729028395,1,0,1,0.8824436941098722,0,0,1,0,0,1,0
1.1892038542044296,1.237141573986454,-1.0909371606494176,1,0,1,-0.8883463275152893,0,1,0,0,1,0,0
-0.723235457701229,0.8018505291666557,-1.6675729028395,0,1,1,-1.4786096680570098,1,0,0,1,0,0,0
-1.6001750868967066,0.2996530829892547,-1.3792550317444587,0,1,1,0.8824436941098722,0,0,1,0,1,0,0
-1.493580165403518,0.3060510359633328,-0.6584603540068555,1,1,1,0.8824436941098722,0,0,1,0,0,0,1
-0.5958320623335107,0.9829049235803148,-1.2350960961969382,0,0,1,0.2921803535681517,1,0,0,0,0,1,0
-1.6072204756888702,1.1151618446017142,-1.2350960961969382,1,0,1,-1.4786096680570098,0,1,0,0,1,0,0
-0.8406442317591334,0.8602693516878721,-1.2350960961969382,0,0,0,0.2921803535681517,0,1,0,0,1,0,0
-1.4645276380585983,-1.523275121266188,0.4948111303733098,1,0,1,-0.2980829869735688,0,1,0,0,0,1,0
-0.2890946335241342,0.1434613989606854,0.927287937015872,0,1,0,0.2921803535681517,0,0,1,0,0,0,1
-1.0832229180792845,0.9831212120668974,-1.0909371606494176,0,1,1,-0.2980829869735688,0,0,1,0,0,1,0
1.2392890660831155,1.6735524350029147,-1.0909371606494176,1,1,1,-0.8883463275152893,1,0,0,0,0,0,1
1.2952210020757389,0.8272295411003622,1.6480826147534753,1,0,1,-0.8883463275152893,0,1,0,1,0,0,0
-1.0483236666204272,-0.3687864847948608,1.6480826147534753,1,0,1,-1.4786096680570098,0,1,0,0,0,0,1
-1.195759422042241,-0.3206274112904185,1.2156058081109131,1,1,1,1.4727070346515927,0,0,1,0,0,1,0
0.0538786872126249,-1.1829033253404404,1.2156058081109131,1,0,1,0.2921803535681517,0,0,1,1,0,0,0
-1.440011064819772,-1.5565277318163036,-1.6675729028395,1,0,1,0.8824436941098722,0,1,0,0,1,0,0
0.0286636115354079,0.8750537163029988,0.2064932592782685,0,0,1,0.2921803535681517,0,0,1,0,0,1,0
0.7228801769399973,-0.5830969782826124,-0.3701424829118142,1,0,1,-1.4786096680570098,0,1,0,0,1,0,0
0.8454716666210237,0.0769422237645457,-0.6584603540068555,1,0,1,0.8824436941098722,0,1,0,0,0,0,1
-0.7156554127216552,1.6537480843846808,0.2064932592782685,0,0,1,0.2921803535681517,0,1,0,1,0,0,0
-1.0309645875033826,-1.598515606405182,0.6389700659208305,1,1,1,0.2921803535681517,0,1,0,0,0,1,0
-1.5327652898485509,1.6232409422045762,-0.5143014184593349,1,1,1,-0.2980829869735688,1,0,0,0,0,1,0
0.8462736509021389,0.8240794039490029,1.0714468725633923,0,0,1,0.2921803535681517,0,1,0,0,1,0,0
-0.0299157349335853,-1.519727292381435,1.2156058081109131,1,0,1,1.4727070346515927,0,1,0,0,0,1,0
1.184926604705148,1.3981857948672274,-1.5234139672919795,1,0,1,-0.8883463275152893,1,0,0,0,1,0,0
-1.0465558518072162,-0.0724363729366657,-1.6675729028395,1,0,0,0.2921803535681517,0,1,0,0,0,0,1
0.3965415624212107,-0.6594433255223606,0.927287937015872,0,0,1,0.8824436941098722,1,0,0,0,0,0,1
0.0136587443403469,-1.300152616212176,-0.0818246118167728,1,0,1,-0.2980829869735688,0,0,1,0,0,0,1
-1.257632940504633,-0.2421391103287053,0.927287937015872,1,0,1,-1.4786096680570098,0,1,0,0,1,0,0
0.0624073157505075,-1.2846879894215066,-0.5143014184593349,1,0,1,1.4727070346515927,1,0,0,0,1,0,0
-0.9846392159103556,0.6441483142559837,-0.2259835473642935,1,1,1,-1.4786096680570098,0,1,0,0,0,1,0
-1.3619081440234122,0.4988652447039367,-0.2259835473642935,1,1,1,-0.2980829869735688,0,0,1,0,0,0,1
1.4478912140420364,-0.9697196250973056,0.927287937015872,1,0,1,-0.8883463275152893,0,0,1,0,0,0,1
0.7821407788735942,1.4331931329778451,1.359764743658434,1,1,1,0.8824436941098722,0,1,0,0,1,0,0
1.3288353539874331,0.2761962477669534,0.3506521948257892,0,0,1,0.8824436941098722,1,0,0,0,0,1,0
-0.3876438417454882,0.322265695409088,1.359764743658434,0,0,0,-1.4786096680570098,0,0,1,1,0,0,0
0.8170659007931326,-1.178068231108122,0.2064932592782685,1,0,1,1.4727070346515927,0,0,1,1,0,0,0
0.204608614627837,-1.3375356391512276,-1.6675729028395,0,0,1,-0.8883463275152893,0,1,0,1,0,0,0
-1.1476403651753215,0.94591610385068,0.927287937015872,1,0,1,-0.8883463275152893,0,0,1,1,0,0,0
-0.6834639361474241,-0.244835739363036,-0.8026192895543761,0,0,1,0.8824436941098722,1,0,0,0,0,0,1
-0.072765841308446,1.559373045231064,0.2064932592782685,0,0,1,0.8824436941098722,1,0,0,0,1,0,0
0.4680216452831989,-1.4742194970996203,-0.6584603540068555,0,0,1,-0.8883463275152893,0,1,0,0,0,0,1
-0.6555238386117934,-0.1240246655106385,0.927287937015872,1,1,0,0.2921803535681517,0,0,1,0,1,0,0
0.3554161534250927,-0.6060793742440226,1.6480826147534753,1,0,1,0.2921803535681517,0,1,0,0,0,1,0
-0.0331064250842594,-0.2536686820731589,1.359764743658434,1,1,1,-0.8883463275152893,0,1,0,0,1,0,0
-0.9103651232948043,0.9372994496271398,0.6389700659208305,1,0,1,-1.4786096680570098,0,1,0,0,0,0,1
-0.4531133542425581,-1.0161449021851088,-1.2350960961969382,1,0,1,0.2921803535681517,0,0,1,0,1,0,0
-1.3855364981121865,1.665985826496494,0.0623343237307478,1,0,1,-1.4786096680570098,1,0,0,0,0,0,1
-1.3298460197525868,0.9543687974472947,0.6389700659208305,1,0,1,-1.4786096680570098,0,0,1,1,0,0,0
-1.200993878586725,-0.3077966201024909,1.2156058081109131,0,0,1,-1.4786096680570098,0,0,1,0,1,0,0
-0.1789209649700552,1.5788250549276068,0.0623343237307478,1,1,0,-1.4786096680570098,1,0,0,1,0,0,0
0.0368473005975415,-0.5558934683088608,-0.2259835473642935,1,0,0,-0.8883463275152893,0,0,1,0,0,1,0
0.0117702007106237,-0.2025618058080317,1.359764743658434,1,0,1,0.2921803535681517,0,1,0,0,0,0,1
-0.0094263300741231,-1.743592853042578,0.4948111303733098,0,0,1,-0.8883463275152893,0,0,1,1,0,0,0
-1.234754829775612,1.4662852714250123,-0.9467782251018968,1,1,1,-0.8883463275152893,1,0,0,0,1,0,0
0.2623859768157152,0.4522132135576197,0.4948111303733098,0,0,1,-1.4786096680570098,0,1,0,1,0,0,0
-1.3268709167742556,-0.5149940132008505,-0.9467782251018968,1,0,1,1.4727070346515927,1,0,0,0,0,1,0
0.0950299666694243,0.4641055917956958,-0.5143014184593349,1,0,1,-0.2980829869735688,0,1,0,1,0,0,0
1.2124527748698803,-0.5327575772924565,0.4948111303733098,1,0,1,-0.2980829869735688,0,0,1,0,0,0,1
0.463218363083401,1.5790448319381667,1.5039236792059545,0,0,1,0.2921803535681517,0,0,1,0,1,0,0
0.1339391395338579,0.4412104089337145,-0.8026192895543761,1,0,1,1.4727070346515927,0,1,0,0,0,1,0
0.3536138446643069,-0.1283853204820658,-0.6584603540068555,1,0,0,-0.8883463275152893,1,0,0,0,1,0,0
0.6087052104672355,1.7245860522645224,-1.5234139672919795,1,0,1,0.8824436941098722,0,0,1,1,0,0,0
-0.6681399999372958,0.6783812000436762,0.927287937015872,0,0,1,-0.8883463275152893,0,0,1,1,0,0,0
-0.0350812035829197,1.7298327923261432,-0.6584603540068555,1,1,1,0.2921803535681517,1,0,0,0,0,0,1
0.4762139578322264,1.054615022454441,-0.9467782251018968,1,0,0,0.8824436941098722,0,0,1,0,0,0,1
0.6202606829048108,1.6632054728867125,-0.3701424829118142,1,0,1,-0.2980829869735688,0,1,0,0,1,0,0
1.6622452277590647,0.9554293087363458,-1.3792550317444587,0,1,1,-0.8883463275152893,0,1,0,0,0,1,0
-0.7800814833045862,-1.5792868622431764,0.7831290014683512,0,0,1,-0.8883463275152893,0,0,1,1,0,0,0
0.9264634555267776,-0.9264130884450676,0.927287937015872,0,0,0,1.4727070346515927,0,0,1,0,0,1,0
0.0749631126677538,0.1703823384922886,0.2064932592782685,1,0,0,0.8824436941098722,0,0,1,0,1,0,0
-0.6982359691963543,0.9107901559248396,-0.8026192895543761,1,0,1,-0.2980829869735688,1,0,0,0,1,0,0
-0.367171683859813,0.2011790281624963,1.0714468725633923,1,0,0,0.2921803535681517,0,1,0,0,0,1,0
1.43949193780756,1.3564421169567489,-0.6584603540068555,0,0,1,-0.8883463275152893,1,0,0,0,1,0,0
1.0231413670921958,1.7041537673304024,1.6480826147534753,1,0,1,0.8824436941098722,1,0,0,1,0,0,0
1.3315000114375906,-0.7812939795199463,1.2156058081109131,0,0,1,0.8824436941098722,1,0,0,0,1,0,0
1.3080182566260092,1.5111093160073077,0.6389700659208305,0,0,1,0.8824436941098722,0,0,1,1,0,0,0
-0.2846880317214467,0.3985457606932703,-1.6675729028395,1,0,1,-0.2980829869735688,0,1,0,0,1,0,0
-1.4735995462707847,-1.686831079410504,0.7831290014683512,1,0,1,-0.8883463275152893,0,0,1,0,0,0,1
0.5911650381254229,-0.0006809232508363,-0.2259835473642935,0,0,1,-0.2980829869735688,1,0,0,0,1,0,0
1.0978466340524329,-0.3668050031758443,0.3506521948257892,0,0,1,-0.2980829869735688,0,1,0,0,0,1,0
1.413319655085141,1.246539657580874,0.2064932592782685,1,0,1,-0.8883463275152893,1,0,0,0,1,0,0
-1.2481988458429103,1.5287403161877815,-1.3792550317444587,1,0,1,-0.8883463275152893,0,1,0,0,0,1,0
0.5671831210740066,0.1420869205136914,1.5039236792059545,1,0,1,0.8824436941098722,1,0,0,0,0,0,1
-0.3118951328711118,0.840416161733958,-0.2259835473642935,1,0,1,-1.4786096680570098,0,0,1,0,0,0,1
1.5041077251021528,-1.1847522430483255,1.0714468725633923,1,0,0,0.2921803535681517,1,0,0,0,0,0,1
-0.7962591447171918,1.6102915412014256,1.6480826147534753,0,0,1,0.8824436941098722,0,1,0,1,0,0,0
1.719625909549832,0.4541737640327734,1.6480826147534753,1,1,0,0.8824436941098722,1,0,0,0,0,0,1
-0.4417044810821756,1.0992437096940162,-1.5234139672919795,1,0,1,-0.2980829869735688,0,1,0,0,0,1,0
0.2515548772772115,-0.2139902103571483,-0.5143014184593349,1,1,1,-1.4786096680570098,1,0,0,0,0,0,1
0.103998393038886,-1.5039870721965711,-0.9467782251018968,1,0,1,-0.2980829869735688,0,0,1,0,1,0,0
0.4859326275614411,-0.6897760415036085,0.2064932592782685,0,0,1,-1.4786096680570098,0,0,1,0,0,1,0
-1.7068993606933005,-1.324087379219346,1.2156058081109131,1,0,0,1.4727070346515927,0,0,1,0,0,0,1
-0.1756871573849127,1.731134011769617,-1.3792550317444587,0,1,0,0.2921803535681517,1,0,0,0,0,1,0
0.0974445429996637,-1.6917150129785024,-0.6584603540068555,1,0,1,1.4727070346515927,1,0,0,0,0,1,0
0.6951470430898159,-0.258618897596723,-1.0909371606494176,1,0,1,-0.8883463275152893,0,0,1,0,0,0,1
1.384784536953844,-0.6363388312217506,0.3506521948257892,0,0,1,0.2921803535681517,1,0,0,0,0,1,0
0.0705392638912789,-0.7660630838357451,-0.2259835473642935,1,0,1,0.8824436941098722,0,0,1,0,0,1,0
-1.0335171396239218,-1.7057214367467266,0.4948111303733098,1,0,1,0.2921803535681517,1,0,0,0,0,1,0
-0.3183023836331405,-0.1253503046219525,-0.3701424829118142,0,0,1,-0.8883463275152893,1,0,0,1,0,0,0
-1.284978017444597,-1.4805267484502926,0.3506521948257892,1,0,0,0.2921803535681517,0,0,1,1,0,0,0
0.2293666454996875,-0.5661671714215435,1.0714468725633923,1,1,0,-0.8883463275152893,1,0,0,0,0,1,0
1.0441568046521748,1.5270762902506856,-0.8026192895543761,0,0,1,-0.8883463275152893,1,0,0,0,0,1,0
-0.9738253633456392,0.4064612215974049,1.6480826147534753,1,0,1,-0.2980829869735688,1,0,0,0,0,1,0
1.0927674002720356,0.3081441503496179,1.6480826147534753,1,0,1,0.8824436941098722,0,1,0,0,0,0,1
-1.613360398357194,-1.7145125171691238,0.4948111303733098,1,0,1,1.4727070346515927,0,1,0,1,0,0,0
-1.6847628698371389,-1.660806690541026,-1.5234139672919795,0,0,0,-0.8883463275152893,0,0,1,0,1,0,0
1.7140378900427051,-1.5985470031209763,0.2064932592782685,1,0,1,-0.2980829869735688,0,1,0,0,1,0,0
-1.0589219320128007,-1.665191765180293,0.0623343237307478,1,0,1,-1.4786096680570098,0,1,0,0,0,1,0
1.7243688273413742,0.0121568449850454,-0.8026192895543761,1,0,1,0.2921803535681517,0,0,1,0,1,0,0
-0.7146550882419845,0.8399207913292038,-1.0909371606494176,1,0,1,-0.8883463275152893,0,0,1,0,0,1,0
-1.5727610220615924,-0.172256998018601,-1.3792550317444587,1,0,0,-0.8883463275152893,0,1,0,0,0,1,0
1.3153740909463472,-0.7847790149731109,-0.8026192895543761,1,1,1,0.8824436941098722,0,1,0,0,0,1,0
-0.7541247877545096,1.015540065386476,1.0714468725633923,1,0,1,0.2921803535681517,0,1,0,0,0,0,1
0.2963193977424767,-1.1398374968426253,-0.0818246118167728,1,0,0,-0.2980829869735688,0,1,0,0,1,0,0
-0.9408663964378676,1.7200370169983292,-0.9467782251018968,0,0,1,-1.4786096680570098,0,0,1,0,1,0,0
-1.6341343782841489,-0.343177230278663,-1.5234139672919795,1,0,1,0.8824436941098722,0,0,1,0,0,1,0
0.6425179025774848,-1.4759184082764882,-1.0909371606494176,1,0,1,0.8824436941098722,0,1,0,0,0,0,1
-1.5636546199018313,-1.5883814442515851,0.6389700659208305,1,0,1,-1.4786096680570098,1,0,0,1,0,0,0
1.4012381499470488,0.4204013634100635,-0.2259835473642935,1,1,1,1.4727070346515927,0,0,1,0,0,1,0
-0.5979103226748959,-0.7055232387364265,0.927287937015872,1,1,1,0.8824436941098722,1,0,0,0,0,0,1
0.826939793286434,0.0766387221785344,0.927287937015872,1,0,1,-1.4786096680570098,0,1,0,1,0,0,0
-1.2746212096852476,-0.6219102960522921,-0.3701424829118142,0,0,1,-1.4786096680570098,1,0,0,1,0,0,0
1.151553710426478,-0.8133360722499936,0.7831290014683512,1,0,1,-0.2980829869735688,0,1,0,0,0,0,1
-1.475513960361189,-1.5393293086089943,1.2156058081109131,1,0,1,-0.2980829869735688,0,1,0,0,1,0,0
-0.665630565251225,0.5721172711759602,-0.5143014184593349,0,0,1,-0.2980829869735688,0,0,1,0,0,0,1
0.2184924285267155,1.0879688001998935,0.2064932592782685,1,0,1,0.2921803535681517,0,1,0,0,0,1,0
-1.1461053845082405,-0.1236862786848557,1.2156058081109131,0,0,1,-1.4786096680570098,1,0,0,0,0,0,1
0.8964968385711244,1.0786893264206967,0.927287937015872,0,0,1,-1.4786096680570098,0,1,0,0,0,1,0
-1.2581503497182556,1.4337547853381654,0.3506521948257892,1,0,1,1.4727070346515927,0,0,1,0,0,0,1
-0.4548208046475133,1.2960104161007218,1.2156058081109131,0,0,0,0.8824436941098722,0,0,1,0,0,1,0
-1.6764670754453863,1.5616266317202976,0.3506521948257892,1,0,1,-0.8883463275152893,0,1,0,0,1,0,0
0.4097613678292729,0.2231637062664437,1.2156058081109131,1,0,1,0.2921803535681517,0,1,0,0,0,0,1
0.370619360818709,-1.3926124557023425,-1.5234139672919795,1,0,0,-0.8883463275152893,0,1,0,1,0,0,0
-1.013062228712034,0.99361469219014,-0.0818246118167728,1,0,1,-0.8883463275152893,1,0,0,0,0,0,1
1.0805651663174318,-1.2360230799403786,-1.5234139672919795,1,0,1,-0.2980829869735688,0,0,1,0,0,1,0
-0.4540619378008669,-1.6163140557365596,0.0623343237307478,1,0,1,0.8824436941098722,0,0,1,0,0,0,1
-0.0531560321121425,1.4920654636160904,-1.5234139672919795,1,0,0,-0.8883463275152893,0,1,0,1,0,0,0
-1.5085764091116856,0.883147091929968,-1.0909371606494176,0,0,1,1.4727070346515927,0,1,0,0,0,0,1
-0.7282112096389015,0.1340493612703567,-1.6675729028395,0,0,1,-0.2980829869735688,0,1,0,0,1,0,0
-0.0572953058211246,1.5813786544788746,0.4948111303733098,0,0,1,1.4727070346515927,1,0,0,0,1,0,0
-0.6084309766852257,-1.1233088702389271,1.5039236792059545,0,0,1,-0.8883463275152893,0,1,0,1,0,0,0
-0.2927768624277497,-1.2320356970345054,0.4948111303733098,1,0,1,-0.8883463275152893,1,0,0,0,0,0,1
-0.7684570229718608,0.5042968765363464,0.927287937015872,1,1,1,0.8824436941098722,0,1,0,0,0,1,0
-0.4896338212374336,-1.6474386666606189,-1.6675729028395,1,0,1,-1.4786096680570098,0,0,1,0,1,0,0
-0.7199757796554053,1.6852041050865685,-0.9467782251018968,1,0,1,0.8824436941098722,1,0,0,0,0,0,1
-0.6943640235810774,0.3258379439616811,-1.5234139672919795,1,0,1,1.4727070346515927,0,0,1,0,1,0,0
-0.2049552719021748,-0.013940802887952,-0.6584603540068555,1,0,1,-1.4786096680570098,0,1,0,0,0,1,0
-0.4648499199049018,0.0551668570992266,-0.6584603540068555,1,0,0,-0.8883463275152893,1,0,0,0,0,0,1
0.1551787877530735,-0.8351079503913355,0.2064932592782685,1,1,1,1.4727070346515927,0,0,1,0,1,0,0
-0.0859425292820399,-1.6538087114428794,-0.2259835473642935,1,0,1,0.8824436941098722,0,0,1,0,1,0,0
0.3485173639101221,-1.69935836901242,-0.6584603540068555,0,0,1,-1.4786096680570098,0,1,0,0,0,0,1
1.3084580544575888,-0.791940954698183,-0.9467782251018968,1,0,0,0.2921803535681517,0,1,0,0,0,0,1
0.6928618190629818,1.2891310468177983,-1.5234139672919795,0,0,1,0.2921803535681517,0,0,1,0,1,0,0
0.7987151206833107,0.5689775995965326,1.359764743658434,0,0,0,0.2921803535681517,0,0,1,1,0,0,0
0.138535458048207,-1.2015111122345148,0.927287937015872,1,0,0,-1.4786096680570098,1,0,0,1,0,0,0
-0.0578040915478538,-1.543550422621336,1.6480826147534753,1,0,1,-1.4786096680570098,0,1,0,0,0,0,1
-1.6197331551716478,-0.2095911816219723,0.3506521948257892,1,1,1,-0.2980829869735688,1,0,0,0,0,1,0
0.5856460065134463,0.7017891959302974,1.2156058081109131,0,0,1,-0.8883463275152893,0,1,0,0,0,0,1
-0.4256906659205505,1.5785529500573896,1.5039236792059545,1,0,1,0.8824436941098722,1,0,0,0,0,1,0
0.2185786633956526,-0.8747864221073463,0.0623343237307478,1,0,0,-1.4786096680570098,1,0,0,0,0,0,1
1.189729886904946,-0.4385499872897423,1.2156058081109131,1,0,1,1.4727070346515927,0,0,1,0,0,0,1
0.5618969236081603,0.375507548348226,0.7831290014683512,1,0,1,1.4727070346515927,1,0,0,0,1,0,0
1.6688421952327548,1.392830910562315,-0.0818246118167728,1,0,1,-1.4786096680570098,1,0,0,0,0,1,0
-1.2817528333463486,0.6559430138227003,-0.8026192895543761,0,0,1,-0.8883463275152893,0,0,1,0,0,0,1
1.0780643551182545,-0.728170736396031,0.0623343237307478,1,1,1,0.2921803535681517,1,0,0,0,0,0,1
0.4378653116158842,-1.6002738224896615,0.7831290014683512,1,1,1,-0.2980829869735688,0,1,0,0,0,0,1
0.9604658643486884,1.2279528018306625,-0.0818246118167728,1,0,0,-0.2980829869735688,0,1,0,1,0,0,0
1.0557898884717936,0.6929492761722204,0.927287937015872,1,0,1,-0.2980829869735688,0,0,1,0,0,0,1
0.6891795901593664,-0.026827410459514,1.0714468725633923,0,0,0,0.2921803535681517,0,0,1,0,0,1,0
0.2119989428957493,0.109301772176513,-0.5143014184593349,1,0,1,-0.2980829869735688,0,1,0,1,0,0,0
-0.4880557231358838,-1.0108737424556475,-1.0909371606494176,1,0,1,0.8824436941098722,0,1,0,1,0,0,0
-1.1645768934345742,-0.9237304135066456,1.359764743658434,0,0,1,0.8824436941098722,1,0,0,0,0,0,1
-0.6469607161263363,-0.1025632660032621,-0.0818246118167728,1,0,1,-0.2980829869735688,0,0,1,0,0,1,0
-1.654054633008626,-0.4055031996542782,-0.8026192895543761,1,1,1,0.8824436941098722,1,0,0,0,0,0,1
-0.2057917501308652,0.5451893545964026,0.3506521948257892,1,0,1,0.2921803535681517,0,1,0,1,0,0,0
-0.0275270290640268,0.3727376603103752,-0.8026192895543761,1,1,1,0.8824436941098722,0,1,0,1,0,0,0
0.5167184757719973,-0.3916851561808196,-0.0818246118167728,0,0,1,-1.4786096680570098,0,1,0,0,0,1,0
-1.470348491711855,0.2292825773223507,1.2156058081109131,1,0,1,0.8824436941098722,1,0,0,1,0,0,0
-1.598476259978645,0.5121774522007098,-0.6584603540068555,1,0,1,1.4727070346515927,1,0,0,0,0,1,0
0.2878683805866376,-1.6830774276110991,1.359764743658434,1,0,0,-1.4786096680570098,0,0,1,0,1,0,0
1.1292792437800172,1.229836604778319,1.0714468725633923,1,1,0,0.8824436941098722,0,0,1,0,0,1,0
0.7990773071328467,-0.7615384682373922,-1.3792550317444587,1,0,1,-0.8883463275152893,0,1,0,0,0,0,1
1.13267689761614,-1.3734290623520395,0.0623343237307478,1,0,1,1.4727070346515927,0,0,1,0,0,0,1
-1.178805646809201,0.818103562376159,-0.5143014184593349,1,1,0,1.4727070346515927,1,0,0,0,0,1,0
0.6364642147780982,0.7177736127935613,1.359764743658434,0,0,1,0.2921803535681517,1,0,0,0,0,1,0
-0.074697502372638,-0.5662892697607433,1.0714468725633923,0,0,0,1.4727070346515927,0,1,0,1,0,0,0
-1.5939575528463394,1.141678115351969,-0.6584603540068555,1,0,0,0.8824436941098722,0,1,0,0,1,0,0
1.2952210020757389,-0.1347030374046694,1.6480826147534753,1,0,1,0.8824436941098722,0,1,0,1,0,0,0
1.6881674293615658,0.8427813809904603,0.4948111303733098,1,1,1,0.8824436941098722,0,0,1,1,0,0,0
-0.5461176603912548,-0.1246177145867526,-1.5234139672919795,0,1,1,-0.8883463275152893,1,0,0,0,0,1,0
-1.5048165688260264,0.4015214716457722,-0.9467782251018968,1,0,0,-0.2980829869735688,0,0,1,0,1,0,0
-1.3506199996795416,1.11077328143847,0.927287937015872,1,0,1,0.2921803535681517,1,0,0,0,0,0,1
-1.4221087060284237,1.2718872727987864,-1.6675729028395,0,0,1,-1.4786096680570098,0,0,1,1,0,0,0
-0.3926713346045229,0.5556514380038508,0.0623343237307478,1,0,1,-0.8883463275152893,1,0,0,0,1,0,0
-0.5549222405097359,0.0779015678582596,-0.3701424829118142,1,0,0,-0.2980829869735688,1,0,0,0,0,0,1
-0.087494756922908,1.525907634718343,0.927287937015872,0,0,1,0.8824436941098722,0,1,0,1,0,0,0
-0.4669023097856056,0.6563476826040487,0.6389700659208305,0,1,1,-0.8883463275152893,0,0,1,0,0,0,1
-1.1021342248371973,0.7563531994567725,0.4948111303733098,1,0,1,-1.4786096680570098,1,0,0,0,0,0,1
-1.4328018297766278,-1.3101507259306646,0.6389700659208305,1,0,1,-0.2980829869735688,0,1,0,0,0,0,1
-0.3931628733574643,-0.6921203296162477,0.6389700659208305,1,0,1,-0.8883463275152893,0,1,0,1,0,0,0
1.2004919985483002,0.3469051402596402,1.5039236792059545,0,0,1,0.2921803535681517,0,1,0,0,0,1,0
-1.2348324411576552,1.5263646313593484,-0.0818246118167728,1,0,1,-1.4786096680570098,1,0,0,0,1,0,0
-1.2344702547081192,-0.167533536553551,-0.6584603540068555,1,1,1,1.4727070346515927,0,0,1,1,0,0,0
-0.2998826156281695,1.0970284969685309,0.0623343237307478,1,0,1,-1.4786096680570098,1,0,0,0,0,1,0
-0.6700544140276999,-1.0082433953768826,-1.6675729028395,0,0,1,-1.4786096680570098,1,0,0,0,1,0,0
-0.7057470262807786,1.3839700596603746,0.0623343237307478,1,0,0,-0.2980829869735688,0,0,1,1,0,0,0
-0.5335618634740085,-0.7216123113190045,-1.6675729028395,0,1,0,0.2921803535681517,0,1,0,0,0,1,0
-0.9024573858132692,-1.621515444986478,1.6480826147534753,0,0,1,0.8824436941098722,0,0,1,0,0,1,0
1.0008927709064157,0.513265871681578,-1.5234139672919795,1,0,1,1.4727070346515927,0,0,1,0,0,1,0
-0.1882343308152652,0.5179509593828795,-0.0818246118167728,1,0,1,-1.4786096680570098,1,0,0,0,0,1,0
1.7105540013376452,-0.7580883180239991,-0.9467782251018968,0,0,0,-0.2980829869735688,0,0,1,0,1,0,0
-1.4736857811397222,-0.7752274363236966,-0.0818246118167728,1,0,0,0.2921803535681517,1,0,0,0,0,0,1
-0.8518978821554292,1.4358199915326335,1.5039236792059545,1,0,1,-0.2980829869735688,1,0,0,0,1,0,0
1.3992978653959631,-0.3479390655074615,-0.3701424829118142,1,0,1,0.8824436941098722,1,0,0,1,0,0,0
0.2807195099517495,0.8743490344596163,1.359764743658434,1,0,1,0.8824436941098722,1,0,0,0,0,1,0
-1.402041852026753,0.0956128040902087,0.927287937015872,0,0,1,-0.2980829869735688,0,1,0,0,1,0,0
-1.565551787018448,1.54943075189621,-0.5143014184593349,0,0,1,-0.8883463275152893,0,0,1,1,0,0,0
1.5768037196161548,0.9298654050318508,1.0714468725633923,1,1,1,0.8824436941098722,1,0,0,0,0,1,0
1.008602168189395,0.2098968495813735,-1.3792550317444587,1,0,1,0.2921803535681517,0,1,0,0,0,0,1
-0.9749205461811408,-0.4970839311022045,0.6389700659208305,1,0,1,-1.4786096680570098,0,1,0,0,0,0,1
1.0771416420206277,1.362700528971741,-1.6675729028395,0,0,1,0.2921803535681517,0,0,1,0,1,0,0
-1.4139163934793963,-1.1595476573134762,-1.3792550317444587,1,0,0,-1.4786096680570098,1,0,0,0,1,0,0
0.9760829991132026,-1.5742633877160923,1.2156058081109131,1,0,1,-1.4786096680570098,1,0,0,0,1,0,0
0.235066770336432,1.6560888839733432,0.4948111303733098,1,1,1,0.8824436941098722,0,1,0,0,0,1,0
0.5457020152217673,-0.9510246251038028,-0.9467782251018968,1,0,1,-1.4786096680570098,0,1,0,1,0,0,0
0.6334287473915112,-1.441095961936659,-1.2350960961969382,1,0,1,0.8824436941098722,0,0,1,0,0,1,0
-1.6804252559296011,0.0266586391580238,-0.3701424829118142,0,0,0,0.8824436941098722,0,0,1,0,0,1,0
0.3561319028372708,0.8288796129415501,0.4948111303733098,1,0,1,0.8824436941098722,1,0,0,1,0,0,0
-0.2408117304062344,1.571150302177895,-0.3701424829118142,0,0,1,-0.8883463275152893,0,0,1,0,0,0,1
-1.4381138977031551,1.3727893403136355,-1.3792550317444587,1,0,1,0.8824436941098722,0,1,0,0,0,0,1
-1.072616029200017,0.8435453677414542,0.4948111303733098,1,0,1,-1.4786096680570098,1,0,0,0,0,1,0
1.2148673512001202,-0.3308557635913982,0.2064932592782685,1,0,1,0.2921803535681517,1,0,0,0,1,0,0
-1.547545946384375,1.202186563735493,1.2156058081109131,1,0,0,1.4727070346515927,0,0,1,0,1,0,0
-0.7602647104228333,-0.4139838014427098,0.927287937015872,1,0,1,-0.2980829869735688,1,0,0,0,0,1,0
-0.9407887850558244,-0.8387918317111972,1.0714468725633923,0,1,1,0.8824436941098722,0,0,1,0,1,0,0
0.4632959744654441,0.4396998780516118,-0.5143014184593349,0,0,1,-0.8883463275152893,0,1,0,0,0,0,1
-1.613205175593107,-1.6865031581566523,1.2156058081109131,1,0,1,-0.8883463275152893,0,1,0,1,0,0,0
-0.8071851026115264,-0.6568757718751843,-0.2259835473642935,1,0,1,0.2921803535681517,0,1,0,0,0,1,0
-1.1768049978498596,-0.8615056113263674,1.2156058081109131,1,0,1,-0.2980829869735688,0,1,0,0,1,0,0
1.2243186928356298,-0.3412620306152121,1.6480826147534753,0,1,0,-0.8883463275152893,0,0,1,1,0,0,0
-1.39221107696792,0.0016563878138488,-0.0818246118167728,1,0,1,-0.2980829869735688,0,0,1,0,1,0,0
-1.3578723521571543,-1.6447315720543565,-0.8026192895543761,1,0,1,-0.2980829869735688,1,0,0,0,0,0,1
0.3140061693614822,-1.2340311327494309,0.0623343237307478,1,0,1,-0.8883463275152893,1,0,0,0,0,1,0
0.1266436696217766,-1.658936841689278,-1.3792550317444587,0,0,1,0.8824436941098722,1,0,0,0,0,1,0
0.1245395388197105,-0.5663381090964233,0.4948111303733098,1,0,1,-0.8883463275152893,0,1,0,0,1,0,0
-1.170414994061618,0.5614702959977234,-0.6584603540068555,1,1,1,-0.8883463275152893,0,0,1,0,1,0,0
-0.0164975893269677,0.6877304443024163,0.2064932592782685,1,0,1,0.2921803535681517,1,0,0,1,0,0,0
-0.4369788102644212,-0.3675655014028612,1.359764743658434,1,1,1,0.8824436941098722,0,0,1,1,0,0,0
1.3819474097658124,-1.3111833290278985,1.0714468725633923,1,0,1,-1.4786096680570098,0,0,1,0,0,1,0
0.6860578879038423,-1.5151922112111504,0.0623343237307478,0,0,0,1.4727070346515927,0,0,1,0,0,1,0
-0.8033907683782926,-1.598058609764177,0.2064932592782685,1,1,1,0.2921803535681517,1,0,0,1,0,0,0
1.1743973272079242,0.0278447373102522,0.6389700659208305,1,0,1,0.2921803535681517,0,0,1,0,0,0,1
1.5480875082600898,0.5535548350935887,-0.6584603540068555,1,0,1,-0.8883463275152893,0,0,1,0,0,1,0
-1.263307194880696,0.4122800795912775,0.0623343237307478,0,1,1,0.2921803535681517,0,0,1,1,0,0,0
1.6813634982024268,-0.7201541082965591,-1.6675729028395,1,0,0,1.4727070346515927,0,0,1,1,0,0,0
0.7421105527129778,-1.0294222244421103,-0.0818246118167728,1,0,1,0.8824436941098722,0,0,1,1,0,0,0
-1.1289791395373263,-0.2602794350098426,-1.2350960961969382,0,0,1,0.8824436941098722,1,0,0,0,0,0,1
0.158498830207153,0.1608447139387829,0.927287937015872,1,0,1,0.8824436941098722,0,1,0,1,0,0,0
-0.0993175574541888,1.5228168024745952,-1.6675729028395,1,0,1,-0.2980829869735688,0,1,0,1,0,0,0
0.4546034996765813,0.5681159341741785,-0.2259835473642935,1,1,1,1.4727070346515927,1,0,0,0,1,0,0
1.210831559333862,0.2187611890072908,-0.8026192895543761,0,0,1,1.4727070346515927,1,0,0,1,0,0,0
-1.2064697927642327,0.5555153855687424,1.0714468725633923,1,1,1,-1.4786096680570098,0,0,1,0,0,1,0
0.4963842936766217,1.0780230183410626,-0.8026192895543761,1,0,1,-1.4786096680570098,1,0,0,0,1,0,0
-1.667714236248268,0.377352977532134,0.927287937015872,1,1,1,-0.8883463275152893,0,0,1,0,0,0,1
-0.7194583704417825,-0.4242854127472096,-1.0909371606494176,1,0,1,1.4727070346515927,0,0,1,0,0,0,1
-1.2076080930342028,-0.5613983591447906,-1.2350960961969382,1,0,1,0.2921803535681517,1,0,0,0,0,1,0
0.7554855808851271,0.5796455059186322,0.0623343237307478,1,0,1,-1.4786096680570098,1,0,0,0,0,1,0
0.2637226172842408,0.6270824549598061,-0.5143014184593349,0,0,1,0.8824436941098722,0,0,1,1,0,0,0
0.8989114149013638,-1.4005976870860195,1.6480826147534753,1,0,1,-0.2980829869735688,0,1,0,1,0,0,0
-0.4683855495313241,0.7314625808798656,-0.0818246118167728,1,0,0,-0.8883463275152893,0,1,0,0,0,1,0
-1.6597288873846896,0.7447468801848216,-0.6584603540068555,1,0,1,-0.8883463275152893,1,0,0,0,0,0,1
-0.0439116541620818,-1.1330802258989014,1.2156058081109131,1,0,1,-0.8883463275152893,0,0,1,0,1,0,0
1.5537445156623653,0.7220644972854457,-1.6675729028395,1,0,1,1.4727070346515927,1,0,0,1,0,0,0
1.4485724695066404,1.1615208397339511,-1.2350960961969382,0,0,1,-0.8883463275152893,1,0,0,0,0,1,0
-0.4699722711197674,-0.9205802763552864,1.0714468725633923,0,0,1,-0.8883463275152893,1,0,0,0,0,0,1
1.014129823288265,0.1089529197787988,0.3506521948257892,1,1,0,-0.2980829869735688,1,0,0,0,1,0,0
1.3222901274351049,-1.5461947237960096,-0.8026192895543761,1,0,1,-0.8883463275152893,0,0,1,0,0,0,1
0.6200968366538306,0.3707073393556788,0.927287937015872,0,0,1,-0.2980829869735688,1,0,0,0,1,0,0
-1.5280568660045837,1.7226499214572082,1.0714468725633923,0,1,1,-0.2980829869735688,0,1,0,0,0,1,0
-1.1911372330672108,1.18858132022464,0.4948111303733098,0,0,1,-0.8883463275152893,0,0,1,0,0,1,0
0.1432956228135366,1.519485262076425,-0.8026192895543761,1,0,1,-0.8883463275152893,0,0,1,0,0,0,1
1.5384809438604932,-1.486073501573948,0.6389700659208305,0,1,1,-0.2980829869735688,0,1,0,0,0,1,0
1.6422128677049683,0.8873751829902637,-1.6675729028395,0,1,1,-0.2980829869735688,0,0,1,0,1,0,0
-0.2938289278287829,1.5627638905368455,-1.6675729028395,1,0,0,-1.4786096680570098,1,0,0,0,1,0,0
-0.1309398838934349,-0.3754391000192703,0.927287937015872,1,0,1,-1.4786096680570098,0,0,1,0,1,0,0
-1.6185517374672092,0.6078467337498461,-1.3792550317444587,0,1,1,-0.8883463275152893,0,0,1,1,0,0,0
-1.457628848543628,0.8414592304031235,-0.6584603540068555,1,0,1,1.4727070346515927,0,1,0,0,0,0,1
0.5468834329262059,0.4323111842680257,-0.3701424829118142,0,1,0,-0.2980829869735688,0,1,0,1,0,0,0
-1.2084963121842554,-1.161857060186344,0.6389700659208305,1,0,0,1.4727070346515927,1,0,0,0,0,1,0
1.2396167585850768,1.6548644120573663,-1.0909371606494176,0,0,1,-0.2980829869735688,0,0,1,0,0,1,0
-1.1774948768013564,-1.1305684886353595,-0.2259835473642935,1,0,1,-0.8883463275152893,1,0,0,0,0,1,0
-0.9572165275883476,0.7056475034490164,-1.5234139672919795,0,0,1,1.4727070346515927,0,0,1,0,0,1,0
-1.3504992708630297,0.4499666041163402,0.927287937015872,0,0,1,-0.2980829869735688,0,1,0,0,0,0,1
-0.7503994414164255,0.6799684784532758,-0.2259835473642935,1,1,1,0.2921803535681517,0,0,1,0,0,1,0
1.064879043657767,0.8045785549167804,-0.2259835473642935,1,0,1,1.4727070346515927,0,0,1,0,1,0,0
0.4254647374627246,1.2552121281880482,-1.3792550317444587,1,0,1,0.2921803535681517,0,1,0,0,0,1,0
0.8447127997743769,1.69434403790668,-0.2259835473642935,1,0,1,-0.2980829869735688,1,0,0,1,0,0,0
-1.3650039758182553,0.1375937016311327,-1.0909371606494176,1,0,1,0.2921803535681517,1,0,0,0,0,1,0
-1.1395946519034872,-1.3831376245804252,-0.9467782251018968,1,0,1,-0.2980829869735688,0,1,0,0,0,0,1
-0.0399879676254425,-1.6037100186071462,-0.5143014184593349,1,0,1,-1.4786096680570098,1,0,0,0,0,1,0
1.2457135638189318,-0.9123403827212776,-0.2259835473642935,1,0,1,-1.4786096680570098,0,0,1,1,0,0,0
1.534600374758322,-1.1408631228919048,-0.2259835473642935,1,1,1,1.4727070346515927,0,1,0,0,0,1,0
-1.6599962154783945,-1.4066886499501092,-0.6584603540068555,1,0,0,0.8824436941098722,0,0,1,0,0,0,1
-0.977145405799719,-1.4146215534741298,-0.9467782251018968,0,0,0,-0.2980829869735688,1,0,0,0,1,0,0
-1.537930758497885,1.1001611915000045,-0.3701424829118142,1,0,1,1.4727070346515927,0,1,0,0,1,0,0
0.2945257124685844,-0.888757960635799,0.927287937015872,1,0,1,0.2921803535681517,0,0,1,1,0,0,0
-1.5072397686431598,0.4142022563026827,1.0714468725633923,1,0,1,0.2921803535681517,0,1,0,0,0,1,0
1.232614487227382,-0.4244389078022039,-1.6675729028395,1,0,0,1.4727070346515927,1,0,0,0,0,0,1
0.7216815122617712,0.8747327720971017,0.2064932592782685,0,1,1,0.2921803535681517,0,0,1,0,0,0,1
0.7444302706873867,0.680544084909504,-0.5143014184593349,1,0,1,0.8824436941098722,0,0,1,0,0,0,1
-1.3546557915457995,-1.5656362679206208,-1.3792550317444587,1,1,0,-1.4786096680570098,0,0,1,0,0,0,1
0.2023147671141094,1.6418452405746733,-1.6675729028395,0,0,1,0.8824436941098722,0,1,0,0,1,0,0
0.393376742731218,-0.1173441420944121,-0.5143014184593349,1,0,1,1.4727070346515927,0,0,1,1,0,0,0
1.1298397704281082,-0.0787924636230181,0.2064932592782685,1,1,1,-1.4786096680570098,0,1,0,0,0,1,0
0.7613495519728517,1.6798771289734726,0.3506521948257892,1,0,1,0.8824436941098722,1,0,0,0,1,0,0
0.3166622033247457,-0.9642356654052388,-0.6584603540068555,1,0,1,-1.4786096680570098,0,1,0,1,0,0,0
0.2723374806910605,-0.1171627388476006,0.4948111303733098,1,0,1,0.2921803535681517,1,0,0,0,0,0,1
0.1976322137308234,-0.0942815100815275,0.7831290014683512,1,0,1,-0.8883463275152893,1,0,0,0,0,1,0
-0.2488746906518562,0.7718736426310762,0.2064932592782685,1,0,1,-1.4786096680570098,1,0,0,0,1,0,0
-1.5264011565209905,-1.1623628961630297,-1.5234139672919795,1,0,1,1.4727070346515927,1,0,0,0,0,1,0
-1.398316505688669,-1.1955736444254197,0.927287937015872,1,0,0,-0.8883463275152893,1,0,0,0,1,0,0
0.4119172395527012,-1.4186717298115914,-0.8026192895543761,1,0,1,-1.4786096680570098,0,1,0,1,0,0,0
0.0019394256517906,1.2223432552754183,0.0623343237307478,1,1,1,-1.4786096680570098,1,0,0,0,1,0,0
-0.625505480734778,0.4958720911315491,-0.6584603540068555,1,0,1,0.2921803535681517,0,1,0,1,0,0,0
1.0153284879664914,0.5514756748032122,-0.5143014184593349,0,0,1,0.2921803535681517,0,1,0,1,0,0,0
-1.6494151970598083,-0.3136433862881806,-1.0909371606494176,1,1,1,-1.4786096680570098,1,0,0,0,1,0,0
-0.988235209945034,1.6451628268769352,-0.2259835473642935,1,1,1,-1.4786096680570098,0,1,0,0,0,1,0
-1.5723212242300129,-1.2862857334030375,-1.6675729028395,1,0,1,0.8824436941098722,1,0,0,1,0,0,0
-0.3401456759349159,0.5237105124691407,0.0623343237307478,1,0,1,0.8824436941098722,0,1,0,0,0,1,0
-0.4779058790619834,-0.9682788646947462,-0.9467782251018968,1,0,1,1.4727070346515927,1,0,0,0,0,1,0
-1.4388468940891208,1.3765569462089482,0.7831290014683512,1,1,1,-1.4786096680570098,0,0,1,1,0,0,0
0.8649176295663465,1.3332469210327331,0.7831290014683512,1,0,1,-0.2980829869735688,1,0,0,1,0,0,0
-0.6818168501507246,0.0895288182740732,-0.3701424829118142,1,1,0,1.4727070346515927,1,0,0,0,0,1,0
-0.4024331217682059,-0.1232362590918044,-0.3701424829118142,1,0,1,0.2921803535681517,0,1,0,0,0,0,1
0.0325786745851536,1.2563179902888022,0.6389700659208305,1,0,1,0.2921803535681517,1,0,0,1,0,0,0
1.3116314976344754,1.7098051761733724,0.0623343237307478,1,0,1,-1.4786096680570098,0,0,1,0,0,1,0
0.0189104478586183,1.648703678713734,1.5039236792059545,1,0,1,0.8824436941098722,0,1,0,0,1,0,0
-0.1712201911739691,-0.6118493929022151,1.359764743658434,0,0,1,0.2921803535681517,0,0,1,1,0,0,0
1.4051100955623257,0.6817266945377553,1.359764743658434,1,0,1,1.4727070346515927,0,1,0,1,0,0,0
0.2595747200883648,0.0093695143273092,-0.8026192895543761,0,0,1,-0.8883463275152893,0,0,1,1,0,0,0
1.0916980878972151,0.9660762839145824,-1.5234139672919795,1,0,1,0.2921803535681517,0,0,1,0,1,0,0
-0.1058800309803046,0.1409112879333946,-0.3701424829118142,1,1,1,0.2921803535681517,0,0,1,0,1,0,0
0.0782055437397897,0.3754935942523174,0.927287937015872,0,0,1,1.4727070346515927,0,0,1,0,0,0,1
0.2627050458307828,0.8209467094175298,-0.8026192895543761,1,0,0,-1.4786096680570098,1,0,0,0,1,0,0
-1.1954403530271736,1.195363010836204,0.4948111303733098,1,0,1,-1.4786096680570098,0,0,1,0,0,0,1
0.6677157312809144,0.3366139945270719,-1.3792550317444587,0,0,1,0.2921803535681517,0,0,1,0,1,0,0
0.1738055194434938,0.0067182361046813,-1.2350960961969382,0,0,1,1.4727070346515927,0,0,1,1,0,0,0
1.540498839793622,-1.4308292358719306,0.2064932592782685,1,0,1,-0.8883463275152893,0,1,0,0,1,0,0
1.205760949040359,-1.2130441725029455,-0.0818246118167728,1,1,0,-0.2980829869735688,1,0,0,0,0,1,0
1.381654211211426,-0.2798081922338825,-0.5143014184593349,1,1,1,-0.8883463275152893,0,0,1,0,0,0,1
1.6184551613127895,1.5657884408250278,-1.3792550317444587,1,0,1,-0.2980829869735688,0,0,1,0,1,0,0
1.165618617550124,-0.0786633882358639,-1.5234139672919795,0,0,1,1.4727070346515927,0,0,1,1,0,0,0
0.5565848556816332,1.4201565188752665,0.4948111303733098,0,0,1,1.4727070346515927,0,0,1,1,0,0,0
-0.0447653793645596,-1.2012006336005492,0.3506521948257892,0,0,1,1.4727070346515927,0,0,1,1,0,0,0
-0.0391946068312209,-1.2776307054157487,-1.2350960961969382,1,0,0,-0.2980829869735688,0,0,1,0,0,1,0
-0.6627330736549377,1.1224389056180322,-0.2259835473642935,0,0,0,1.4727070346515927,1,0,0,0,0,1,0
0.1086033350401286,-0.1147242605875786,-1.5234139672919795,1,0,0,0.8824436941098722,1,0,0,0,1,0,0
-0.9821125342504976,0.0128929235442222,-1.0909371606494176,1,0,1,-0.8883463275152893,0,0,1,0,1,0,0
1.077452087548801,0.8874589075657151,-1.0909371606494176,1,0,1,-1.4786096680570098,0,1,0,0,1,0,0
1.1371524873139771,-1.370076590810006,-0.2259835473642935,1,0,1,1.4727070346515927,1,0,0,0,1,0,0
-0.9292936770265048,-1.4125005308960277,0.3506521948257892,1,0,1,0.2921803535681517,0,1,0,0,0,1,0
-0.8209223172332115,-1.6023355401601524,-1.5234139672919795,1,0,1,-0.2980829869735688,0,0,1,0,1,0,0
1.0480028798067709,-1.3051516710714204,0.2064932592782685,1,0,1,-0.8883463275152893,0,0,1,0,0,0,1
0.0335876225517181,0.9828456186727031,-1.2350960961969382,0,0,1,1.4727070346515927,0,1,0,0,1,0,0
0.166949847362992,-1.6658859814517446,-0.6584603540068555,0,0,1,0.2921803535681517,1,0,0,1,0,0,0
-0.7350755052062972,-1.3537014592613028,0.2064932592782685,1,0,0,-1.4786096680570098,0,0,1,1,0,0,0
0.902309068737487,1.2464559330054228,-0.8026192895543761,1,0,1,-0.2980829869735688,0,1,0,1,0,0,0
0.9875004957604796,0.3199702466321284,-0.0818246118167728,1,0,1,-0.8883463275152893,0,1,0,0,0,1,0
-0.4246644709801986,1.5153478726395346,-1.3792550317444587,1,0,1,0.2921803535681517,1,0,0,0,0,0,1
0.2278230413457129,0.0701709987249135,0.0623343237307478,1,0,1,1.4727070346515927,1,0,0,1,0,0,0
1.2648232107754,0.0437489181220416,1.359764743658434,1,0,1,0.8824436941098722,0,0,1,0,0,1,0
-0.9531893592089836,0.0763282435445686,0.927287937015872,1,0,1,-1.4786096680570098,1,0,0,0,0,1,0
1.6939279186065666,1.3601748376122909,-1.0909371606494176,0,0,1,-1.4786096680570098,1,0,0,0,1,0,0
-0.268329277084073,1.7032781478121404,-0.8026192895543761,0,0,1,-0.8883463275152893,1,0,0,0,0,1,0
0.6981307695550407,-1.6830809161350764,-0.3701424829118142,1,0,1,0.2921803535681517,0,0,1,1,0,0,0
1.0766242328070044,-1.062845772667106,1.359764743658434,1,0,1,0.8824436941098722,0,1,0,1,0,0,0
0.7409894994167949,0.797409638143754,0.4948111303733098,0,0,1,-1.4786096680570098,0,0,1,0,1,0,0
-0.1377438150525749,0.1599690944205203,1.6480826147534753,1,1,1,-0.8883463275152893,1,0,0,0,0,1,0
-0.2084046666596601,-0.9827283310080676,-1.3792550317444587,1,1,1,-1.4786096680570098,0,1,0,0,0,0,1
-0.3000205914184688,0.0403022564326255,-1.0909371606494176,0,0,1,0.2921803535681517,1,0,0,1,0,0,0
0.3687135702151984,0.4884031612964886,-0.9467782251018968,1,0,1,-1.4786096680570098,0,0,1,0,0,1,0
0.7227335776628045,-1.308661126192425,0.0623343237307478,0,1,1,0.8824436941098722,0,1,0,1,0,0,0
0.2607647612796974,1.3753045661011545,1.2156058081109131,1,0,0,1.4727070346515927,0,1,0,0,0,1,0
-1.392719862694649,-1.0048455730231465,1.0714468725633923,0,0,1,-0.2980829869735688,1,0,0,1,0,0,0
1.0169324565287217,1.4963842562997915,-1.3792550317444587,1,0,1,0.2921803535681517,1,0,0,1,0,0,0
-0.8744138064349142,0.8728419921014912,1.2156058081109131,0,0,1,-0.8883463275152893,0,0,1,0,0,1,0
-0.5173928255482964,-0.11500334250575,0.7831290014683512,1,0,1,0.2921803535681517,0,0,1,0,1,0,0
-0.0441358648213185,-1.3356657902994795,-0.0818246118167728,0,0,0,-0.2980829869735688,1,0,0,0,1,0,0
-0.5074844391074197,1.3628819322185528,0.3506521948257892,0,0,1,0.8824436941098722,0,0,1,0,1,0,0
-0.1426160851475225,1.246522214960988,1.0714468725633923,0,0,1,-0.2980829869735688,0,0,1,0,1,0,0
-1.2225612193079014,-0.4045299014646557,0.4948111303733098,1,0,1,1.4727070346515927,1,0,0,0,0,1,0
-1.5903184413771925,-0.7396933310925304,-1.5234139672919795,1,0,1,-1.4786096680570098,0,1,0,0,0,1,0
-1.6772259422920337,-1.5090942712991064,-0.0818246118167728,0,0,1,0.2921803535681517,1,0,0,0,0,1,0
-0.8477758554202344,-1.6812599066190084,-0.2259835473642935,1,1,0,-1.4786096680570098,0,1,0,0,0,0,1
0.385537993144833,0.9781605309714017,-0.8026192895543761,1,0,1,0.8824436941098722,0,1,0,0,1,0,0
1.4123624480399384,-0.7690422833122242,0.2064932592782685,1,0,0,0.2921803535681517,0,1,0,1,0,0,0
0.477378128562878,0.4303122600291233,1.359764743658434,1,0,1,1.4727070346515927,0,0,1,0,0,0,1
-0.1364330450447301,0.9767965180963392,-0.8026192895543761,1,0,1,1.4727070346515927,0,1,0,0,0,1,0
-0.6753492349804397,0.1665414735934555,0.6389700659208305,0,0,1,-0.8883463275152893,1,0,0,0,0,1,0
-0.7336095124343657,0.1454324150077704,0.3506521948257892,1,1,0,0.2921803535681517,1,0,0,0,0,1,0
-0.1156331946570941,1.6432546042614382,-1.0909371606494176,1,0,1,1.4727070346515927,0,1,0,0,1,0,0
-0.2799019964954361,0.1629203857051822,-0.3701424829118142,0,0,0,1.4727070346515927,0,1,0,0,0,0,1
-1.0078708896020188,1.2771584325282472,-1.6675729028395,1,0,1,-0.2980829869735688,0,0,1,0,1,0,0
-1.0897077802233568,0.3682444414278165,-0.3701424829118142,1,0,1,1.4727070346515927,0,1,0,1,0,0,0
-1.1010476654885897,1.3887109637453103,0.0623343237307478,1,0,1,1.4727070346515927,0,1,0,0,0,1,0
0.9107945798409008,0.4276435391866099,1.6480826147534753,0,0,1,0.2921803535681517,0,0,1,0,0,0,1
-0.3988198807597405,-1.2509330314186826,1.5039236792059545,1,0,1,0.8824436941098722,0,0,1,0,0,0,1
1.4720714712920089,-0.326913731497228,-1.6675729028395,0,0,1,-1.4786096680570098,0,1,0,0,0,1,0
0.2103691038728377,0.5537432153883544,-0.3701424829118142,1,0,1,0.8824436941098722,0,1,0,0,0,0,1
1.2547596015704374,-0.7807288386356492,-0.0818246118167728,1,0,1,-0.2980829869735688,0,1,0,1,0,0,0
0.4318633647378598,1.0739658649556467,0.6389700659208305,0,0,1,1.4727070346515927,0,0,1,0,1,0,0
-1.2586677589318782,-0.3289405639279474,0.927287937015872,0,0,0,-0.8883463275152893,1,0,0,0,1,0,0
0.7096172540974668,-1.417189107121306,-0.3701424829118142,1,1,1,-0.2980829869735688,0,0,1,1,0,0,0
0.0337859627502735,0.3184980895137748,-1.2350960961969382,1,0,1,1.4727070346515927,0,0,1,0,1,0,0
-0.0449378491024337,1.1569159880841244,0.4948111303733098,1,0,1,-0.8883463275152893,0,1,0,0,0,1,0
0.1028687162558097,-0.1073495208999007,1.5039236792059545,1,0,1,-0.2980829869735688,0,0,1,0,1,0,0
-0.2674324344471269,-0.4932430662033714,0.7831290014683512,1,1,1,-0.8883463275152893,1,0,0,0,0,1,0
-0.0626677381559079,0.9054736453836756,0.4948111303733098,1,1,1,-0.8883463275152893,1,0,0,1,0,0,0
-0.8132905313322755,1.7336317949372504,-1.3792550317444587,1,0,1,0.2921803535681517,0,1,0,1,0,0,0
-1.5275739507385355,-0.5130090430578568,0.6389700659208305,1,1,0,-1.4786096680570098,0,1,0,0,0,1,0
0.0801458282908752,1.4075141079821043,-0.8026192895543761,1,0,1,0.2921803535681517,1,0,0,0,0,0,1
1.248360974295302,-1.438758650871974,1.2156058081109131,0,0,1,1.4727070346515927,0,1,0,0,0,0,1
0.5361730622042141,-0.3359769167898424,1.2156058081109131,1,0,0,0.8824436941098722,0,0,1,0,0,0,1
-0.3775974795143123,1.2478199458804853,0.6389700659208305,0,0,1,0.8824436941098722,0,0,1,0,1,0,0
-1.4715212859294,-0.1415719411156618,1.5039236792059545,1,0,1,0.2921803535681517,0,1,0,0,0,1,0
1.080194356381002,-0.1871215986852021,1.2156058081109131,1,0,0,0.8824436941098722,1,0,0,0,0,0,1
1.1049955046873212,-0.8812541455609672,1.5039236792059545,1,0,1,0.8824436941098722,1,0,0,0,0,1,0
-0.6057490722612808,1.6555063004691604,-1.0909371606494176,1,0,1,-0.8883463275152893,0,1,0,1,0,0,0
1.3991857600663449,-1.1749494906725573,1.6480826147534753,0,0,1,1.4727070346515927,1,0,0,0,0,1,0
-0.8996719995465999,-0.6233824531706459,0.4948111303733098,1,1,1,0.8824436941098722,0,1,0,0,0,0,1
0.1135963339515885,-1.1804543815084871,-0.5143014184593349,1,0,1,0.2921803535681517,1,0,0,1,0,0,0
-1.570725879154676,1.6703709011357613,-0.9467782251018968,1,0,0,0.2921803535681517,0,1,0,0,0,1,0
0.0195485858887529,-1.528525349851786,0.3506521948257892,1,0,1,-0.2980829869735688,0,0,1,1,0,0,0
0.1031964087577705,0.5102029476296476,-1.6675729028395,1,0,1,1.4727070346515927,0,1,0,1,0,0,0
-0.8166795616815046,0.4445314837599533,-1.3792550317444587,1,0,1,-1.4786096680570098,0,1,0,0,0,1,0
0.5984518845506103,-0.2867782631402116,-0.2259835473642935,1,0,1,0.2921803535681517,0,0,1,0,0,0,1
-1.1050403399203788,0.2262056991745114,1.5039236792059545,1,0,1,0.2921803535681517,1,0,0,0,0,0,1
-1.188576057459778,1.0384317597244803,-1.0909371606494176,0,0,1,0.2921803535681517,0,0,1,0,0,0,1
-0.1661237104197847,1.452550952527005,-0.8026192895543761,0,0,1,-0.8883463275152893,0,1,0,0,0,0,1
0.8739291733702771,0.1131217059314832,0.2064932592782685,0,0,1,-0.8883463275152893,1,0,0,1,0,0,0
1.6763101348827103,-1.299263042598005,0.6389700659208305,0,1,1,0.2921803535681517,1,0,0,0,0,0,1
-0.0826828512362161,0.0313611694792111,1.2156058081109131,0,1,1,0.8824436941098722,0,0,1,0,0,1,0
-0.9467303675255928,1.1802542134912029,1.6480826147534753,1,1,1,0.8824436941098722,1,0,0,0,1,0,0
0.9146665254561778,1.0747926451382293,-1.3792550317444587,0,0,1,1.4727070346515927,1,0,0,0,0,1,0
-0.2051277416400493,0.1084924346138162,-0.9467782251018968,1,0,1,-1.4786096680570098,0,0,1,1,0,0,0
1.4141388863400437,1.6927393168771947,-1.2350960961969382,1,1,1,-1.4786096680570098,0,1,0,0,0,1,0
1.063792484309159,0.7930838684120983,0.7831290014683512,0,0,1,-0.2980829869735688,1,0,0,0,1,0,0
-1.1881707535757733,-1.0449042938526656,0.0623343237307478,1,0,1,1.4727070346515927,0,0,1,0,1,0,0
-1.21647303756094,-1.2093986649468325,-0.8026192895543761,1,0,0,0.8824436941098722,1,0,0,0,0,1,0
-0.4023986278206311,1.0828929978131523,0.3506521948257892,1,0,0,1.4727070346515927,0,1,0,0,1,0,0
0.6831603963075545,0.7882034233680767,-0.9467782251018968,1,0,1,-0.8883463275152893,0,1,0,0,1,0,0
0.0295777011461414,-0.3465122592008105,1.0714468725633923,0,0,1,0.2921803535681517,0,0,1,0,1,0,0
-1.1096194114609403,1.006755962012033,-1.2350960961969382,1,0,1,1.4727070346515927,1,0,0,0,0,1,0
-1.6474317950742543,-0.4018751347180507,-1.5234139672919795,1,0,1,-0.2980829869735688,1,0,0,0,0,1,0
-0.7603768157524516,1.4004044961166895,-0.8026192895543761,0,0,0,0.8824436941098722,1,0,0,1,0,0,0
-0.7839275584591823,-0.4356475353407605,0.2064932592782685,1,0,1,-0.2980829869735688,0,0,1,1,0,0,0
1.6050025217585966,-0.0026275196300814,-1.2350960961969382,0,1,1,-0.2980829869735688,0,1,0,0,0,0,1
-1.0682094273973295,1.055392963301344,0.6389700659208305,1,0,0,0.2921803535681517,1,0,0,0,0,0,1
1.006765365481034,1.14807257980207,1.2156058081109131,1,0,1,-0.2980829869735688,0,0,1,0,0,1,0
-0.1122700347685459,-0.8648266861526064,-0.3701424829118142,1,0,1,0.8824436941098722,0,1,0,1,0,0,0
-0.6987447549230836,0.0707431166571649,-1.0909371606494176,1,0,0,-0.2980829869735688,1,0,0,0,0,1,0
-0.8271398512835787,-0.3315709110067122,-1.6675729028395,1,0,1,-1.4786096680570098,0,1,0,0,0,1,0
-0.4451366288658734,-1.1053290176607384,1.6480826147534753,1,0,1,-1.4786096680570098,0,1,0,0,0,1,0
-0.8767766418437916,-1.614454672456743,0.2064932592782685,1,0,1,1.4727070346515927,0,0,1,0,1,0,0
-1.700207534863779,1.3054084996951418,0.0623343237307478,1,0,0,-1.4786096680570098,0,0,1,1,0,0,0
1.5898769257470238,-1.5236344392358336,-0.0818246118167728,1,0,1,0.2921803535681517,0,1,0,0,0,1,0
0.7655750605507713,-0.959958735009263,-1.6675729028395,1,0,1,-0.8883463275152893,0,1,0,0,1,0,0
-0.818714704588421,-1.4046060011357555,-1.6675729028395,1,0,1,1.4727070346515927,1,0,0,0,0,1,0
-0.5163925010686253,-0.9300551074772035,1.359764743658434,1,0,1,-1.4786096680570098,1,0,0,0,0,0,1
0.8334332789174,-1.1979109554901046,0.0623343237307478,0,0,1,0.8824436941098722,1,0,0,0,0,1,0
0.6041261389266739,0.4714594003395106,0.4948111303733098,1,0,1,0.2921803535681517,0,0,1,0,0,1,0
-1.4196165183161409,-0.5233525166500822,-0.2259835473642935,1,0,1,-0.2980829869735688,0,1,0,0,0,1,0
-1.196414807046163,0.8377299982715588,1.2156058081109131,1,0,0,-0.8883463275152893,1,0,0,1,0,0,0
-1.6654117652476463,0.9727463417588774,-0.2259835473642935,1,0,1,1.4727070346515927,1,0,0,0,1,0,0
0.8758177170000003,-0.3833126986356794,-0.3701424829118142,1,0,0,-0.8883463275152893,0,0,1,0,0,0,1
-0.9459628771920522,0.0941092502560604,-1.3792550317444587,1,1,1,-1.4786096680570098,1,0,0,0,0,1,0
-0.1640540735652935,1.5142280564428725,0.4948111303733098,1,0,1,-0.8883463275152893,0,0,1,0,0,0,1
-1.4356044630170848,-1.4562012707576828,1.0714468725633923,0,0,1,1.4727070346515927,0,0,1,0,0,0,1
-0.6984601798555911,-1.58692324122914,-1.0909371606494176,1,0,0,-0.8883463275152893,0,1,0,0,1,0,0
1.4244439531780306,-1.3633472280580996,0.0623343237307478,1,0,0,-0.2980829869735688,0,0,1,0,0,1,0
-0.9505678191932948,-0.2065945395256074,-1.2350960961969382,1,0,0,1.4727070346515927,0,0,1,0,1,0,0
-0.337265431312416,-1.6148349215702515,0.0623343237307478,0,0,1,0.8824436941098722,1,0,0,0,0,1,0
0.4989627162578418,-1.7237885024243438,-1.3792550317444587,1,0,1,0.8824436941098722,0,1,0,0,0,1,0
-0.3614543120492811,0.990398273083215,0.4948111303733098,1,0,1,-0.8883463275152893,0,1,0,0,0,0,1
-1.0957873384834245,-0.3936177984641562,-0.6584603540068555,1,0,1,-0.8883463275152893,0,0,1,1,0,0,0
0.8240423016901466,-0.5517177051082222,-1.2350960961969382,0,0,0,1.4727070346515927,0,0,1,0,0,1,0
0.84100470041008,0.6823790485214807,-1.3792550317444587,1,0,0,0.2921803535681517,1,0,0,0,1,0,0
-1.444193455963223,-0.2293676240483893,-0.3701424829118142,1,1,1,-0.2980829869735688,1,0,0,0,0,0,1
-0.1103814911388231,-0.8881544459877535,1.6480826147534753,1,0,1,0.8824436941098722,1,0,0,1,0,0,0
-0.7837378417475204,-0.8371033861062607,-0.0818246118167728,1,0,0,-0.2980829869735688,1,0,0,0,1,0,0
-0.9951857403813668,0.6908910470257066,0.4948111303733098,1,1,1,-1.4786096680570098,0,1,0,0,0,1,0
0.0360366928295328,0.9404600523504304,0.2064932592782685,1,0,1,-0.2980829869735688,1,0,0,0,1,0,0
0.5049646631358662,-1.6699536004090918,1.5039236792059545,0,0,0,-1.4786096680570098,0,1,0,0,0,1,0
-0.4298903040377888,-1.341690471208003,0.3506521948257892,1,0,1,-1.4786096680570098,0,0,1,0,0,0,1
1.0401900006810665,0.0992513345983673,-0.3701424829118142,1,0,1,-1.4786096680570098,0,1,0,0,0,0,1
-1.1296948889495044,-0.8648197091046521,-1.5234139672919795,1,0,1,-0.8883463275152893,1,0,0,0,1,0,0
-1.3204722894991203,-1.482550092357035,0.0623343237307478,0,1,1,0.2921803535681517,0,0,1,0,1,0,0
1.26609948683567,-0.7149806272384579,0.3506521948257892,1,0,1,-0.8883463275152893,0,1,0,0,0,0,1
0.9454954911012023,-0.6319711992023691,0.927287937015872,0,1,1,0.2921803535681517,1,0,0,0,0,0,1
-0.252393073304491,-0.0583671557368529,1.0714468725633923,0,1,1,0.8824436941098722,1,0,0,0,0,0,1
0.1540577344568906,-1.461615459970207,1.0714468725633923,1,1,0,-1.4786096680570098,1,0,0,0,0,0,1
1.5929037696467172,1.085464039984306,1.6480826147534753,1,0,1,1.4727070346515927,0,0,1,0,0,1,0
1.3109329951960844,0.5434799778476032,0.3506521948257892,1,0,0,-0.2980829869735688,0,0,1,0,1,0,0
-0.1842416563834759,1.4049570199068595,0.0623343237307478,1,0,1,1.4727070346515927,1,0,0,0,0,1,0
-1.2748109263969094,-0.2751475242004209,-1.3792550317444587,0,1,1,0.8824436941098722,0,0,1,1,0,0,0
-1.5423287368136789,-0.5121404005875486,0.2064932592782685,1,0,0,0.8824436941098722,0,1,0,1,0,0,0
0.3774060450040612,-0.0091266397994966,-1.5234139672919795,1,0,0,-0.2980829869735688,0,1,0,0,1,0,0
0.8320880149619809,1.301574611844263,1.6480826147534753,1,1,1,0.2921803535681517,0,1,0,1,0,0,0
-1.6610741513401088,-0.2416088546841799,0.0623343237307478,1,0,1,0.2921803535681517,0,1,0,0,0,1,0
-0.7363172873189919,-0.0311462031432156,-0.0818246118167728,0,0,1,-1.4786096680570098,0,1,0,1,0,0,0
-0.6304898561593439,-0.2672809026319661,-0.5143014184593349,1,1,0,1.4727070346515927,0,0,1,1,0,0,0
-0.9822936274752656,-0.045382869493931,1.359764743658434,1,1,1,-1.4786096680570098,0,1,0,1,0,0,0
-0.4495001132340926,-0.3141596878367975,-1.2350960961969382,1,0,1,-0.8883463275152893,1,0,0,0,0,1,0
-0.2921990888058708,0.6488787527689882,-0.3701424829118142,0,0,1,0.2921803535681517,1,0,0,0,1,0,0
0.2932580598952083,0.5172811627792683,1.5039236792059545,1,0,1,0.2921803535681517,1,0,0,0,0,0,1
-0.9828455306364632,1.406432665549191,-0.2259835473642935,1,0,0,0.8824436941098722,0,1,0,0,1,0,0
0.2866352219608368,0.7303427646832031,1.5039236792059545,1,0,1,0.8824436941098722,1,0,0,1,0,0,0
-0.8137303291638548,-1.0642307166860312,-0.3701424829118142,0,0,0,-0.8883463275152893,0,0,1,0,1,0,0
-0.8024939257413464,0.0959372368200826,-0.8026192895543761,0,0,0,-0.8883463275152893,0,1,0,1,0,0,0
-1.003179712731839,-0.452071506225144,0.3506521948257892,1,0,0,-1.4786096680570098,0,0,1,0,1,0,0
1.365467926311926,-1.192580490853032,1.5039236792059545,0,0,1,-0.2980829869735688,0,1,0,1,0,0,0
-0.1671671523339241,0.9710892928697352,-1.5234139672919795,1,0,0,0.2921803535681517,0,1,0,0,1,0,0
-1.2193187882358654,1.462217652467665,-1.2350960961969382,1,0,0,1.4727070346515927,1,0,0,0,1,0,0
-0.7851175996505143,0.8256492397387167,1.359764743658434,0,0,1,1.4727070346515927,0,1,0,0,0,1,0
-0.883891018531105,0.4654277423830325,-0.2259835473642935,0,0,0,-0.2980829869735688,1,0,0,0,1,0,0
1.1058492298897986,0.2869164819487099,-0.5143014184593349,1,0,1,1.4727070346515927,0,0,1,0,1,0,0
1.6962907540154435,-0.9028829942192462,1.2156058081109131,1,0,1,0.8824436941098722,0,1,0,0,0,0,1
-0.1821547725551976,-0.725215956587392,-1.5234139672919795,0,0,0,-0.2980829869735688,0,1,0,0,0,0,1
-0.630463985698663,1.4874954972060346,-1.5234139672919795,0,0,1,-0.2980829869735688,0,1,0,0,1,0,0
0.725691433667348,-1.6918685080334963,0.4948111303733098,1,0,1,0.2921803535681517,0,1,0,0,0,0,1
-0.9563283084382954,0.8924823820927992,-1.0909371606494176,1,1,0,1.4727070346515927,1,0,0,0,0,0,1
-0.6905524423740561,-1.448184642658211,1.0714468725633923,1,0,1,0.8824436941098722,0,0,1,1,0,0,0
0.39319564950645,-0.6730346149373051,-0.0818246118167728,1,0,1,0.8824436941098722,0,1,0,0,1,0,0
-0.3244681767621455,0.0450675801854011,-0.9467782251018968,0,1,1,-1.4786096680570098,0,0,1,0,1,0,0
-0.857011609883401,-0.0281425839988963,1.0714468725633923,1,0,1,-0.8883463275152893,1,0,0,0,1,0,0
0.2763560255835307,0.461251979182394,1.6480826147534753,1,0,1,-0.2980829869735688,0,0,1,0,1,0,0
-0.5610535396911657,0.6196693415083798,-0.3701424829118142,1,0,0,-1.4786096680570098,0,0,1,0,1,0,0
-1.524374637100968,-1.6001028848147816,0.0623343237307478,1,0,1,-0.8883463275152893,0,1,0,0,0,0,1
-1.703424095475134,0.9602713800166188,-0.6584603540068555,1,0,1,1.4727070346515927,0,1,0,0,0,0,1
-0.6638455034642267,-1.634709042668028,0.2064932592782685,1,0,0,0.8824436941098722,0,0,1,1,0,0,0
-0.487184750959619,0.6487636314777422,0.6389700659208305,0,0,1,-0.2980829869735688,0,0,1,0,0,1,0
-1.2441803009504402,1.1545368147317132,-0.3701424829118142,1,1,1,-1.4786096680570098,1,0,0,0,0,1,0
0.4744202725583341,0.1182079738901559,-0.2259835473642935,1,0,1,0.8824436941098722,1,0,0,1,0,0,0
0.0771879722863317,-0.6716985102540597,-1.2350960961969382,0,0,1,-0.8883463275152893,0,1,0,1,0,0,0
-0.977714555934704,0.5099378198073847,0.6389700659208305,1,0,1,-1.4786096680570098,1,0,0,0,1,0,0
0.0138225905913275,-1.728714298280068,1.359764743658434,1,1,1,-1.4786096680570098,0,1,0,0,0,0,1
-1.478920237684206,-1.6119185155253608,0.3506521948257892,1,0,1,-1.4786096680570098,1,0,0,1,0,0,0
0.6836691820342837,0.6732426042253462,1.0714468725633923,1,0,1,0.8824436941098722,0,1,0,0,0,0,1
0.0555430201831118,0.2955715099359989,-0.5143014184593349,0,0,1,-1.4786096680570098,0,1,0,0,0,0,1
-0.8289162895836836,1.1247413314429453,0.3506521948257892,1,1,0,-1.4786096680570098,0,1,0,0,0,0,1
-1.592284596388959,0.1434439563407996,-1.0909371606494176,1,0,0,0.2921803535681517,1,0,0,1,0,0,0
1.2675568561207071,-0.7133061357294298,-0.2259835473642935,1,0,1,-0.8883463275152893,1,0,0,0,1,0,0
-0.8911692414693989,0.334618558812147,1.6480826147534753,0,0,1,1.4727070346515927,0,0,1,0,1,0,0
0.1400014508201384,-1.428502390379177,-0.5143014184593349,1,0,1,1.4727070346515927,1,0,0,0,1,0,0
1.6896937865417534,0.4294157093669979,1.5039236792059545,1,0,1,1.4727070346515927,0,0,1,0,0,0,1
0.9394073093542408,-1.491163258056598,0.927287937015872,0,0,1,0.8824436941098722,0,1,0,0,0,0,1
1.61817920973219,1.568854853400935,-1.5234139672919795,1,0,1,1.4727070346515927,0,1,0,0,0,1,0
-1.1484509729433303,-1.1841766365920974,-1.3792550317444587,0,0,1,1.4727070346515927,1,0,0,0,1,0,0
-1.3467480540642645,-1.4847373968907027,1.5039236792059545,1,0,1,-0.2980829869735688,0,1,0,0,0,1,0
0.6179064709828275,-0.1519921622353843,1.0714468725633923,1,0,0,1.4727070346515927,0,1,0,0,0,0,1
-0.190554048789674,0.8837506065780134,-0.5143014184593349,1,0,1,1.4727070346515927,0,1,0,0,0,1,0
-0.9585186741092984,1.127978681693733,-0.8026192895543761,1,1,1,-0.2980829869735688,0,0,1,0,1,0,0
-0.0148418798433747,-0.7569998985431308,1.6480826147534753,1,0,1,1.4727070346515927,1,0,0,1,0,0,0
-0.8874870125657833,-0.6407797222446521,-0.0818246118167728,1,0,1,-0.8883463275152893,0,0,1,0,1,0,0
0.9063966015251071,1.563339496993074,-1.5234139672919795,1,1,1,0.8824436941098722,0,1,0,1,0,0,0
1.4881111569143148,1.5986503366897038,-0.8026192895543761,1,0,1,1.4727070346515927,1,0,0,0,0,0,1
0.5012134463371011,1.5173188886866196,1.6480826147534753,1,0,0,0.2921803535681517,1,0,0,0,0,0,1
-1.2070389428992176,0.8754060572246901,-1.2350960961969382,1,0,1,-0.2980829869735688,0,0,1,0,0,0,1
1.6440237999526486,1.6992907649062672,0.2064932592782685,0,1,0,0.8824436941098722,0,0,1,0,0,1,0
0.9195646660118072,-0.6791953482809374,1.359764743658434,1,1,1,0.2921803535681517,1,0,0,0,1,0,0
-0.493048722047344,-1.0626573923723404,-0.3701424829118142,1,1,1,-1.4786096680570098,0,0,1,0,0,1,0
-1.210221009562998,-1.6633847097601338,-1.0909371606494176,1,0,1,-0.2980829869735688,1,0,0,0,0,0,1
-0.5450052305819658,-1.3575144159683186,1.6480826147534753,0,0,1,-0.8883463275152893,1,0,0,0,0,1,0
1.7158919397248542,-1.012778476547167,0.7831290014683512,1,0,1,-1.4786096680570098,0,1,0,0,0,0,1
0.0461951603903266,1.0854919481761232,-1.6675729028395,1,0,1,0.2921803535681517,0,0,1,0,1,0,0
0.3936699412856043,-0.7951224885653363,-1.0909371606494176,1,0,1,-0.2980829869735688,0,1,0,0,0,1,0
0.6208901974480519,1.2999629137668234,0.6389700659208305,1,0,1,0.8824436941098722,1,0,0,0,0,1,0
1.423029701327461,-0.0226132734951267,0.0623343237307478,1,0,1,0.8824436941098722,0,1,0,0,0,0,1
0.359227734632114,-0.2449020213186016,-0.2259835473642935,1,0,1,-1.4786096680570098,0,0,1,0,1,0,0
-0.4352282424249972,-0.1227687968788674,-1.5234139672919795,1,1,1,-1.4786096680570098,0,0,1,0,1,0,0
0.0466263347350123,0.7104407353936091,-1.0909371606494176,0,0,1,0.2921803535681517,1,0,0,1,0,0,0
0.8933320188811317,1.314377494840373,0.6389700659208305,1,0,1,1.4727070346515927,0,1,0,0,1,0,0
0.3923333008170786,-0.6806500627794057,-0.5143014184593349,0,0,1,-0.2980829869735688,0,1,0,0,0,1,0
-0.3919814556530257,-1.0102388310918076,0.6389700659208305,1,0,1,0.8824436941098722,0,1,0,0,0,1,0
-1.4864485417424174,-1.12903004956144,-1.5234139672919795,1,1,1,-1.4786096680570098,1,0,0,1,0,0,0
1.6771724835720816,-1.5244158686067133,0.2064932592782685,0,0,1,0.8824436941098722,0,0,1,0,0,0,1
-0.4444553734012701,-0.0465794332180908,-0.2259835473642935,0,0,1,-0.8883463275152893,0,0,1,0,1,0,0
-1.571631345278516,-0.6066863774160454,1.2156058081109131,1,0,1,0.8824436941098722,0,0,1,0,1,0,0
1.552114676639454,0.6507451130967589,0.6389700659208305,1,0,1,-0.2980829869735688,0,1,0,0,1,0,0
-0.3739238740975903,-0.5539678030734785,-0.0818246118167728,1,0,1,-0.8883463275152893,0,0,1,0,0,0,1
0.9272826867816802,-0.2837013849923727,-0.2259835473642935,1,0,1,-1.4786096680570098,0,0,1,0,1,0,0
0.5507381315676955,-0.7465657233274997,0.927287937015872,0,1,1,-0.8883463275152893,0,1,0,0,0,0,1
-0.78380682964267,-1.664891752118259,-1.5234139672919795,1,1,0,0.8824436941098722,1,0,0,0,0,0,1
-1.1353087789173115,0.6491438805912507,-0.2259835473642935,1,0,1,1.4727070346515927,1,0,0,0,1,0,0
0.307581671625666,-1.638741776385604,1.5039236792059545,1,0,1,-0.8883463275152893,0,1,0,0,0,1,0
-1.6071601112806142,0.6026244133560651,0.3506521948257892,1,0,0,0.8824436941098722,0,0,1,0,0,1,0
-0.1780586162806839,-1.7093041508712512,1.6480826147534753,1,0,1,1.4727070346515927,0,0,1,0,0,0,1
1.071312164880477,1.6121299933373794,0.7831290014683512,1,1,1,1.4727070346515927,0,1,0,0,0,1,0
-0.9556039355392236,-1.105562748767207,1.2156058081109131,1,0,1,1.4727070346515927,0,0,1,0,0,0,1
-1.6445860443993292,-0.7790543471266212,-1.0909371606494176,0,0,1,1.4727070346515927,0,0,1,0,1,0,0
-0.2562219014852998,0.7424653855037708,1.5039236792059545,1,0,1,0.2921803535681517,0,0,1,0,0,1,0
-0.359902084408413,-0.9790304955922972,-0.2259835473642935,1,0,1,0.2921803535681517,0,1,0,0,0,1,0
-1.4120795907710353,-1.5854685267306718,-0.6584603540068555,1,0,0,-1.4786096680570098,1,0,0,0,1,0,0
0.1657080652502973,-1.4592362866177964,-0.8026192895543761,0,0,1,-1.4786096680570098,1,0,0,0,0,1,0
-0.7172680047707795,-0.4264936484247403,-1.5234139672919795,0,0,1,-1.4786096680570098,0,1,0,0,0,0,1
-0.5736179600953059,1.410866579524138,-0.5143014184593349,0,0,1,-1.4786096680570098,1,0,0,0,0,0,1
-1.615188577578661,0.9717311812815292,-0.3701424829118142,1,0,0,0.2921803535681517,1,0,0,0,1,0,0
1.3671667532299878,-0.4880940048131101,-0.2259835473642935,1,0,1,-1.4786096680570098,0,0,1,0,0,1,0
-0.2435022583170728,1.111840769775475,-0.0818246118167728,1,0,1,0.2921803535681517,0,1,0,0,0,0,1
-1.337952097432677,-0.4778761180840618,0.6389700659208305,1,1,1,1.4727070346515927,1,0,0,0,0,0,1
0.8072092552736185,0.7934571404776524,0.6389700659208305,0,0,1,1.4727070346515927,0,0,1,0,0,0,1
-0.7447769279617245,1.5805274546284518,-0.5143014184593349,0,0,1,0.2921803535681517,1,0,0,1,0,0,0
0.9539120143094664,-1.4107458033355254,-0.0818246118167728,1,0,1,0.8824436941098722,0,1,0,0,0,0,1
0.6867995077767017,1.2331611681285353,-0.0818246118167728,0,0,1,0.8824436941098722,0,1,0,0,1,0,0
1.3245408575143636,0.1643855657755817,1.5039236792059545,1,0,0,0.8824436941098722,0,0,1,0,0,1,0
-0.0003889158095117,-0.742292281455501,-0.8026192895543761,1,0,1,-0.8883463275152893,0,0,1,1,0,0,0
0.686851248698064,-1.081202385834826,-0.0818246118167728,1,1,1,1.4727070346515927,0,1,0,0,0,1,0
0.8361583007758133,-1.6214840482706836,-0.5143014184593349,0,0,1,1.4727070346515927,0,1,0,0,0,1,0
-1.4091476052271728,0.3023462234996082,-1.6675729028395,1,1,0,1.4727070346515927,0,1,0,0,0,1,0
-0.2074647065882456,-0.6841664949483645,1.359764743658434,1,0,0,0.2921803535681517,0,1,0,0,0,1,0
-1.1295137957247363,0.2850291904770763,-1.5234139672919795,1,0,1,0.2921803535681517,0,0,1,0,1,0,0
-0.5166253352147555,-0.1039691411660504,1.2156058081109131,1,0,1,0.8824436941098722,0,1,0,0,0,1,0
0.3774836563861047,-0.5314040299893255,-0.8026192895543761,0,1,1,-1.4786096680570098,0,1,0,0,1,0,0
-0.898826897831016,1.6040575488542734,-0.9467782251018968,1,1,0,0.2921803535681517,0,0,1,0,0,0,1
1.1977411062292054,-0.27798020566986,-0.5143014184593349,1,0,1,-0.2980829869735688,1,0,0,0,0,0,1
1.068940705984706,-0.1697836345188074,0.4948111303733098,1,0,1,-1.4786096680570098,1,0,0,0,0,1,0
-0.7596783133140605,-0.1763071743560625,0.3506521948257892,1,1,1,1.4727070346515927,1,0,0,1,0,0,0
-0.4492155381665998,-1.5413177672759653,0.2064932592782685,0,0,1,0.8824436941098722,0,0,1,0,0,1,0
0.1786950365122293,0.7406862382754283,1.0714468725633923,1,0,0,0.8824436941098722,0,1,0,0,0,1,0
1.6931690517599196,0.8850692686413728,-1.6675729028395,0,0,1,0.2921803535681517,0,0,1,0,0,1,0
1.7058110835461031,0.9871853425002676,-1.6675729028395,0,0,1,-0.8883463275152893,0,1,0,0,0,1,0
-1.1463899595757332,1.407618763701419,-1.2350960961969382,1,0,1,-1.4786096680570098,1,0,0,1,0,0,0
1.1101523498497612,-0.2344887772468332,1.5039236792059545,1,0,0,-0.2980829869735688,1,0,0,1,0,0,0
-1.534895291111298,-0.6947611422669441,0.6389700659208305,1,0,1,0.2921803535681517,1,0,0,0,0,0,1
-1.60487488725378,-0.3526555499245573,1.2156058081109131,1,0,1,-1.4786096680570098,0,1,0,1,0,0,0
-0.8148858764076123,-1.402027981916648,1.359764743658434,1,0,1,-1.4786096680570098,0,1,0,1,0,0,0
1.6853216786866412,-1.0569501671457362,-1.2350960961969382,1,1,1,-1.4786096680570098,1,0,0,0,0,1,0
-0.8800880608109773,1.1369232571711243,-1.6675729028395,0,0,1,-0.8883463275152893,1,0,0,0,0,1,0
1.097311977865022,-1.7444091676532287,-1.6675729028395,0,0,1,-1.4786096680570098,0,1,0,0,0,0,1
-0.131845350017275,0.9281909135228228,0.7831290014683512,1,0,1,0.2921803535681517,0,0,1,0,0,1,0
-1.0523249645391102,1.2144940763268497,-1.3792550317444587,1,1,1,-1.4786096680570098,0,0,1,0,0,0,1
1.4725026456366943,1.5902360168568377,1.6480826147534753,0,0,1,1.4727070346515927,0,1,0,0,1,0,0
1.5059876452449823,0.8892206121741718,0.2064932592782685,1,0,1,-0.8883463275152893,1,0,0,0,0,0,1
0.3217500605920366,-0.4652965006224885,-0.8026192895543761,1,1,1,-0.2980829869735688,1,0,0,1,0,0,0
0.9795582643313696,0.9732172924957916,-0.0818246118167728,0,0,1,1.4727070346515927,1,0,0,1,0,0,0
-0.3960172475192837,0.3807752195537099,1.359764743658434,0,0,0,0.8824436941098722,1,0,0,0,0,1,0
-1.26468695278369,-0.414528011183144,-0.3701424829118142,0,1,1,-0.2980829869735688,0,0,1,0,1,0,0
-0.3573840262354487,-0.9925729456715616,-0.2259835473642935,0,0,1,-0.8883463275152893,1,0,0,1,0,0,0
-0.0054681495899086,-1.0319758239933785,-1.6675729028395,0,0,0,-0.8883463275152893,1,0,0,0,0,1,0
1.3980733302570558,-0.7914072105296802,0.927287937015872,0,0,0,-1.4786096680570098,1,0,0,0,0,0,1
1.1255280269812518,0.1995568645131255,0.7831290014683512,1,0,0,-0.2980829869735688,1,0,0,0,0,0,1
1.1475955299422638,-1.7351959758295974,-0.8026192895543761,0,1,1,0.8824436941098722,0,1,0,0,0,1,0
0.0896661578215345,0.0018936074442943,0.2064932592782685,1,0,1,-0.2980829869735688,0,1,0,0,0,1,0
-0.8453440321162071,1.20774378243108,-1.3792550317444587,0,0,1,-0.2980829869735688,0,1,0,0,0,1,0
0.9578615713067872,0.0249806591250187,1.5039236792059545,1,0,1,-0.8883463275152893,1,0,0,0,0,1,0
1.2919440770561283,0.4534900133332535,-0.6584603540068555,0,0,0,0.8824436941098722,0,1,0,0,0,0,1
-1.0546964234348812,-1.53574659448447,-0.5143014184593349,1,0,1,0.8824436941098722,0,1,0,0,0,1,0
0.1041967332374415,-0.1029400265927937,-0.6584603540068555,1,0,1,1.4727070346515927,1,0,0,0,1,0,0
1.3954000493200045,-0.2245011331002765,-0.2259835473642935,1,0,1,0.8824436941098722,0,0,1,1,0,0,0
0.1259969081047481,0.3822717963399037,0.3506521948257892,1,0,1,0.8824436941098722,1,0,0,1,0,0,0
-0.9235504347552916,1.0313221478590655,-1.2350960961969382,1,0,1,-0.2980829869735688,1,0,0,0,0,1,0
0.8769042763486079,-1.041792530465055,1.5039236792059545,1,0,1,1.4727070346515927,1,0,0,0,0,1,0
-1.460034801386974,-1.6313251744102006,-0.0818246118167728,1,0,1,0.8824436941098722,1,0,0,0,0,0,1
-1.5508746123253483,-1.6285378437524645,-1.0909371606494176,1,0,1,0.2921803535681517,0,1,0,0,0,0,1
-1.5218910728755783,0.767345538508746,0.7831290014683512,1,1,1,1.4727070346515927,0,0,1,0,1,0,0
-0.8706453426623616,-1.63866154033413,0.3506521948257892,0,0,0,0.8824436941098722,0,0,1,1,0,0,0
-0.7549612659831997,-1.6283215552658816,-1.5234139672919795,1,0,1,0.8824436941098722,0,0,1,0,0,1,0
0.352406556499187,0.6983041604771328,-0.9467782251018968,1,0,0,-0.8883463275152893,0,0,1,0,0,1,0
0.2983545406493927,1.0206681956328745,-0.2259835473642935,1,1,1,0.2921803535681517,0,1,0,0,1,0,0
-0.7490541774610062,0.7164723933500873,1.0714468725633923,1,0,1,1.4727070346515927,0,1,0,1,0,0,0
1.1448446376231696,-0.5631775063731329,-1.5234139672919795,1,0,1,0.8824436941098722,0,0,1,0,0,1,0
1.2791985634272198,-1.5196644989498462,1.0714468725633923,1,0,1,-0.8883463275152893,1,0,0,0,0,0,1
1.4147339069357094,-1.6946663042631642,-0.9467782251018968,1,0,1,1.4727070346515927,0,0,1,1,0,0,0
-0.2648195179183316,-1.5829253927513354,0.4948111303733098,1,0,1,0.2921803535681517,0,1,0,1,0,0,0
-1.6010546825598653,-0.1227827509747759,-0.6584603540068555,1,0,1,-0.2980829869735688,0,1,0,0,0,1,0
1.0098784442496649,-0.6453950394664107,-0.3701424829118142,0,0,1,-0.8883463275152893,0,0,1,0,1,0,0
0.456302326594643,0.0995478591364245,-0.3701424829118142,1,0,1,-0.2980829869735688,0,1,0,0,0,0,1
1.3150981393657477,-0.466241890620294,1.0714468725633923,1,0,1,-1.4786096680570098,0,1,0,1,0,0,0
0.0463848771019885,-0.3465122592008105,-0.5143014184593349,1,0,1,1.4727070346515927,0,1,0,0,0,1,0
-1.5248230584194409,0.4277098211421755,0.2064932592782685,1,0,1,0.8824436941098722,0,1,0,1,0,0,0
0.6298068828961514,1.4687760775446916,-0.2259835473642935,1,0,1,0.2921803535681517,0,1,0,0,1,0,0
0.0594667067197511,-1.1554416645923804,-0.2259835473642935,1,0,1,1.4727070346515927,0,0,1,0,0,1,0
-1.326413871968889,1.5104988243113076,1.6480826147534753,1,0,1,-1.4786096680570098,1,0,0,0,0,1,0
-1.6303831614853836,-1.3405148386277066,1.6480826147534753,1,0,1,0.2921803535681517,0,1,0,0,0,1,0
1.728085550192564,1.4049465543349289,-0.2259835473642935,1,0,0,0.8824436941098722,0,1,0,0,1,0,0
0.2791500353370935,0.0460443668990009,1.359764743658434,1,0,0,1.4727070346515927,1,0,0,0,1,0,0
0.4808275233203632,-1.7039736862341783,-0.2259835473642935,0,0,1,1.4727070346515927,0,0,1,0,1,0,0
-0.1975390731735816,-1.1698667112378616,1.359764743658434,0,0,1,-0.2980829869735688,1,0,0,0,0,1,0
-0.5605275069906495,-1.3053993562737976,-0.9467782251018968,1,0,0,0.2921803535681517,0,0,1,0,0,0,1
-0.308187033506815,0.9863271656018906,1.359764743658434,1,1,1,-1.4786096680570098,0,0,1,0,0,0,1
-1.1861614811295382,0.8546912018484222,-1.2350960961969382,1,1,1,0.2921803535681517,0,0,1,0,0,0,1
-0.1787916126666494,1.391505271451001,1.5039236792059545,0,0,0,0.8824436941098722,1,0,0,1,0,0,0
0.4902271240345103,-0.0183433201471052,1.5039236792059545,0,0,0,0.2921803535681517,0,0,1,0,0,1,0
-0.8063400008959425,1.7360493420534098,1.5039236792059545,0,0,1,-0.2980829869735688,1,0,0,0,1,0,0
-0.0837004226896745,0.818717542596136,0.6389700659208305,1,0,1,1.4727070346515927,0,1,0,0,0,1,0
-0.3593415577603215,-1.341163704087455,1.0714468725633923,1,1,0,0.8824436941098722,1,0,0,1,0,0,0
-1.21473109320841,0.6267649992778862,1.6480826147534753,0,0,1,-0.2980829869735688,0,1,0,0,0,0,1
1.5291589545283897,1.1627208919820882,1.359764743658434,0,0,1,-0.2980829869735688,1,0,0,0,1,0,0
0.1870856892598122,1.61903727081212,-0.3701424829118142,1,0,1,-0.8883463275152893,0,0,1,0,0,0,1
0.4519043482788494,1.622679289844256,-1.5234139672919795,1,0,1,0.2921803535681517,1,0,0,0,1,0,0
-1.481800482306706,-0.3452354594251767,-1.5234139672919795,0,1,1,1.4727070346515927,1,0,0,0,1,0,0
1.4127160110025805,-0.4429211078331011,-1.3792550317444587,1,0,1,0.8824436941098722,0,1,0,1,0,0,0
0.6866960259339773,1.1066149608577167,-0.2259835473642935,1,0,0,-0.8883463275152893,1,0,0,0,0,0,1
1.5306421942741075,1.3739754384658636,1.2156058081109131,1,0,1,-0.8883463275152893,1,0,0,1,0,0,0
-0.6329820438716273,-1.376617573267147,0.4948111303733098,1,0,0,-0.2980829869735688,1,0,0,0,1,0,0
0.0739800351618706,1.1176805589132104,-1.3792550317444587,1,0,1,0.2921803535681517,1,0,0,0,1,0,0
-0.4976536640485866,-1.0301094636656072,-0.3701424829118142,1,0,1,-1.4786096680570098,0,0,1,0,0,0,1
0.6953626302621587,0.1832340608240791,-0.5143014184593349,1,0,1,0.2921803535681517,0,1,0,0,0,0,1
-0.1497045913741549,-0.0984537847581891,0.0623343237307478,1,0,1,-1.4786096680570098,0,0,1,0,1,0,0
-0.2911039059703693,0.3117791923337996,-0.8026192895543761,1,0,1,0.2921803535681517,0,0,1,0,1,0,0
0.4482393663490213,-1.3510327384187892,0.3506521948257892,1,0,1,-0.8883463275152893,0,1,0,0,0,1,0
-0.0565536859482655,-1.3241676152708204,-1.6675729028395,1,0,1,0.8824436941098722,0,0,1,0,1,0,0
-0.3903602401170075,0.1794490123088801,1.2156058081109131,0,0,1,-0.2980829869735688,0,0,1,0,1,0,0
-0.9601140191846356,1.7313607658281318,1.0714468725633923,1,0,1,-0.2980829869735688,0,1,0,0,0,0,1
0.2545558507162236,-0.2179845703109756,0.6389700659208305,0,0,0,-0.8883463275152893,0,0,1,1,0,0,0
1.2913921738949306,-0.9320296120482658,0.0623343237307478,0,0,1,-0.2980829869735688,1,0,0,1,0,0,0
1.592265631616582,-0.7111397623396247,0.4948111303733098,1,0,1,-1.4786096680570098,0,1,0,0,0,0,1
-0.6763581829470042,1.1954885976993812,-0.3701424829118142,1,0,1,-0.2980829869735688,1,0,0,0,1,0,0
1.2433421049231606,1.269947653467495,-1.0909371606494176,1,0,1,1.4727070346515927,0,1,0,0,0,1,0
1.2969025820200135,-1.691516167111805,0.7831290014683512,0,0,1,-1.4786096680570098,1,0,0,0,0,0,1
-1.1801336637908326,-1.012014489796173,1.2156058081109131,0,0,1,0.2921803535681517,0,1,0,0,1,0,0
-1.043132327510412,-1.506303452117393,0.927287937015872,1,0,1,1.4727070346515927,1,0,0,1,0,0,0
-1.4328190767504154,0.2656888135478023,-1.0909371606494176,0,1,1,-0.2980829869735688,0,1,0,0,1,0,0
-1.7072787941166236,-0.2405622974910373,1.6480826147534753,0,0,1,-0.2980829869735688,0,0,1,1,0,0,0
1.4042304998991673,1.13818610285085,0.2064932592782685,1,0,1,0.2921803535681517,0,0,1,0,1,0,0
0.0777226284737419,0.0215374859595798,-1.3792550317444587,1,0,1,0.8824436941098722,1,0,0,0,1,0,0
-0.5388221904791733,-0.3457936232615193,0.2064932592782685,1,0,1,1.4727070346515927,1,0,0,1,0,0,0
1.7128823427989484,-1.7260979052972116,-0.8026192895543761,1,0,1,-0.8883463275152893,1,0,0,1,0,0,0
-1.3908140720911386,-0.6118598584741466,0.3506521948257892,1,0,1,-0.2980829869735688,0,0,1,0,1,0,0
-1.0469956496387955,-0.0231086438998809,0.2064932592782685,1,1,1,-0.8883463275152893,0,1,0,0,0,0,1
-1.4590258534204097,1.3795710309251992,0.0623343237307478,0,0,1,1.4727070346515927,0,0,1,0,0,1,0
1.3643986139371058,-1.0172682069057484,-1.5234139672919795,1,0,1,-1.4786096680570098,0,1,0,0,0,0,1
1.2011646305260095,-0.0506540292233925,0.927287937015872,1,0,1,1.4727070346515927,0,0,1,0,0,0,1
1.5547965810633986,-0.8710502129278274,-0.5143014184593349,1,0,1,-1.4786096680570098,0,0,1,0,0,0,1
0.9099494781253168,-1.5577103414445548,-1.5234139672919795,0,0,1,0.8824436941098722,0,1,0,0,0,1,0
0.4898218201505059,0.963313372924686,-0.3701424829118142,1,0,1,0.8824436941098722,0,1,0,1,0,0,0
-1.3126766573472035,-0.749548411327956,0.7831290014683512,1,0,1,1.4727070346515927,0,0,1,0,1,0,0
-0.0674882673294937,-0.9063261673846852,1.359764743658434,1,0,1,-0.8883463275152893,0,1,0,0,0,0,1
0.5828433732729896,0.3047742361876989,-0.6584603540068555,0,0,1,-0.2980829869735688,1,0,0,0,0,0,1
-0.1033792197811277,0.395761918559511,0.4948111303733098,1,0,1,0.8824436941098722,0,1,0,0,0,1,0
1.540895520190733,1.4666829631584066,1.6480826147534753,1,0,1,-1.4786096680570098,0,1,0,0,0,1,0
1.4414494693324331,1.5612149858909947,-0.5143014184593349,1,0,1,0.2921803535681517,0,0,1,0,1,0,0
0.9808690343392136,-0.057236873968259,-1.5234139672919795,1,0,1,1.4727070346515927,0,1,0,1,0,0,0
0.0300864868728706,0.2110201543020133,-0.8026192895543761,0,0,1,-1.4786096680570098,0,0,1,0,0,1,0
-0.2151827273581187,1.463149088369562,0.2064932592782685,0,0,1,0.2921803535681517,0,1,0,1,0,0,0
0.1271265848878245,-0.1193953941929712,0.6389700659208305,1,1,0,1.4727070346515927,0,0,1,0,0,0,1
-0.2082063264611047,0.4567448062039268,0.927287937015872,1,0,1,0.8824436941098722,0,1,0,0,0,1,0
-0.8647899950615302,0.0295541140590515,0.927287937015872,0,0,1,-1.4786096680570098,1,0,0,0,0,0,1
-1.405223918690533,-0.3909665202415283,-1.3792550317444587,0,0,1,1.4727070346515927,0,0,1,0,0,1,0
-0.3138440409090908,1.1220377253606604,-1.2350960961969382,1,0,1,1.4727070346515927,0,0,1,0,0,0,1
-1.2273386310470185,1.0397643758837487,0.0623343237307478,0,0,0,0.8824436941098722,0,0,1,0,0,0,1
1.0594634938885157,-0.9843749143252783,-1.2350960961969382,0,0,1,-1.4786096680570098,1,0,0,0,0,0,1
-0.3934991893463194,1.139651282921249,1.359764743658434,1,0,1,-1.4786096680570098,0,0,1,0,0,0,1
-0.13294915633967,1.533488197320672,1.359764743658434,1,0,1,0.2921803535681517,0,1,0,0,0,0,1
0.0477560115180887,-0.992531083383836,-0.2259835473642935,1,0,1,-0.8883463275152893,1,0,0,1,0,0,0
-0.1698749272185499,-0.9672113763577408,-0.6584603540068555,1,0,1,-1.4786096680570098,0,0,1,1,0,0,0
1.4898962187013132,-0.8983130278091905,-1.2350960961969382,1,0,1,0.8824436941098722,1,0,0,0,0,0,1
-0.7999155031601264,-0.654458224759025,-1.5234139672919795,0,0,1,-0.8883463275152893,1,0,0,1,0,0,0
-1.4508162938975948,-0.5057354705655162,-0.9467782251018968,0,0,0,1.4727070346515927,1,0,0,1,0,0,0
-1.425670206115527,-0.5844993649214234,-0.2259835473642935,0,0,0,-1.4786096680570098,1,0,0,0,0,1,0
0.2351530052053691,1.1729841295228394,-0.3701424829118142,1,0,1,-1.4786096680570098,1,0,0,1,0,0,0
-1.132445781268599,-1.3580202519450042,1.2156058081109131,0,0,0,-0.2980829869735688,0,0,1,0,0,0,1
1.6935226147225615,0.8493851568791895,-1.0909371606494176,1,1,1,0.2921803535681517,0,0,1,0,0,0,1
-1.5807377474382769,-1.0009907540284049,-0.0818246118167728,0,0,1,-0.8883463275152893,0,1,0,0,1,0,0
-0.5834228646934576,-1.3397927141644383,-1.3792550317444587,1,0,1,-1.4786096680570098,0,0,1,1,0,0,0
0.1439165138698842,0.8914567560435196,-0.3701424829118142,0,0,1,-1.4786096680570098,0,1,0,0,0,0,1
1.2581227614589852,-1.2410186462756456,0.4948111303733098,1,0,1,-0.2980829869735688,1,0,0,0,1,0,0
1.4940441158971896,0.7348010983259903,-1.0909371606494176,1,0,1,-0.8883463275152893,0,0,1,0,1,0,0
-0.9218429843503364,-1.400674434613517,-0.6584603540068555,1,0,0,-1.4786096680570098,0,1,0,0,1,0,0
1.4631202918963344,-0.9239955413289084,1.6480826147534753,1,0,1,0.8824436941098722,1,0,0,1,0,0,0
1.2820443141021454,-1.1919560450611235,-1.5234139672919795,0,0,1,-0.8883463275152893,0,1,0,0,1,0,0
-0.5647961330030373,0.055320352154221,-0.2259835473642935,1,0,1,0.2921803535681517,0,0,1,0,1,0,0
1.2969801934020562,1.5481923258843244,-0.3701424829118142,1,0,1,-0.8883463275152893,0,0,1,0,0,1,0
0.8415307331105967,1.5118698142343243,0.4948111303733098,1,0,1,-1.4786096680570098,0,0,1,0,1,0,0
0.3663593582932147,-0.9761036239754752,1.359764743658434,1,0,0,1.4727070346515927,1,0,0,0,0,0,1
0.5031019899668243,-0.517589475039844,-0.8026192895543761,1,0,0,-1.4786096680570098,0,0,1,0,0,0,1
1.4704675027297776,-1.0653191361668994,-1.3792550317444587,1,0,1,-1.4786096680570098,0,1,0,0,0,1,0
1.1115234842658617,0.387985998614462,-0.3701424829118142,0,0,1,0.8824436941098722,1,0,0,0,1,0,0
-0.0709807795214476,-0.6246627414702569,-1.3792550317444587,1,0,1,-0.8883463275152893,1,0,0,1,0,0,0
0.8398491531663227,0.3705294246328445,0.7831290014683512,1,1,1,-0.2980829869735688,1,0,0,0,1,0,0
-0.5214027469538726,1.1613638561549802,-0.5143014184593349,1,0,0,-1.4786096680570098,0,0,1,0,0,0,1
-1.070425663529014,-1.1864197575093995,1.6480826147534753,0,0,1,0.2921803535681517,1,0,0,0,0,1,0
0.655470379891842,0.2549685793660454,-1.0909371606494176,1,0,1,0.2921803535681517,0,1,0,0,1,0,0
0.250796010430565,0.2977343948018267,1.5039236792059545,1,0,1,0.8824436941098722,1,0,0,0,0,0,1
0.9740651031800744,1.0621258145772272,-1.3792550317444587,0,0,0,-0.2980829869735688,1,0,0,0,1,0,0
0.797266374885167,-1.2612590623910225,-0.5143014184593349,1,0,1,1.4727070346515927,1,0,0,0,1,0,0
-0.4342882823535824,0.4749618784125613,0.6389700659208305,1,1,1,0.8824436941098722,0,1,0,1,0,0,0
1.2136945569825748,0.9761302100167052,-0.5143014184593349,1,0,1,-0.8883463275152893,0,0,1,0,0,1,0
-1.4242904482125331,1.3549490286945325,1.6480826147534753,1,0,1,0.8824436941098722,0,1,0,0,0,1,0
-1.4544554053667418,1.2216420619560129,0.6389700659208305,1,0,1,1.4727070346515927,0,1,0,0,0,1,0
1.274188317541973,1.670011583166116,-1.6675729028395,1,0,1,-0.2980829869735688,0,1,0,0,0,1,0
1.491017271997496,1.6270504103876149,0.927287937015872,0,1,0,0.8824436941098722,0,1,0,0,0,1,0
1.090439058810733,-0.4889835784272813,-0.0818246118167728,0,0,1,0.2921803535681517,0,1,0,0,0,0,1
1.7316125563320928,0.0818819737161784,0.0623343237307478,1,0,1,0.8824436941098722,1,0,0,0,1,0,0
-1.592577794943345,-0.4982281669667071,0.4948111303733098,1,0,1,-0.2980829869735688,0,1,0,0,0,1,0
-0.5319234009642029,0.1872842371615406,1.5039236792059545,0,0,1,0.2921803535681517,0,0,1,0,0,0,1
1.2960402333306422,-0.7445947072804145,-1.3792550317444587,1,1,0,0.8824436941098722,1,0,0,0,1,0,0
0.2351874991529439,-0.4258866452527178,0.2064932592782685,0,0,1,-1.4786096680570098,0,1,0,0,0,1,0
-0.433339698795274,-0.2345969214901248,-0.5143014184593349,0,1,0,0.8824436941098722,0,0,1,0,1,0,0
-0.5568539015739274,-0.7104281034482878,-0.9467782251018968,1,0,1,-0.2980829869735688,0,0,1,0,0,1,0
0.1776343476243025,-1.2879044085284312,0.6389700659208305,1,0,1,0.8824436941098722,0,0,1,0,1,0,0
-0.1546717198249335,-1.4722903433402603,-1.5234139672919795,1,0,1,0.2921803535681517,0,0,1,0,1,0,0
-1.2603234684154712,-0.7021114622867819,0.2064932592782685,1,0,1,-0.2980829869735688,0,1,0,0,1,0,0
1.6268026966259033,-1.3635774706405912,-0.2259835473642935,0,0,1,0.2921803535681517,1,0,0,0,0,0,1
0.2932063189738461,-0.7297719689015392,-0.3701424829118142,0,1,1,0.8824436941098722,0,0,1,0,0,0,1
1.545474591731295,-0.8419489459105105,1.0714468725633923,1,0,1,0.8824436941098722,1,0,0,0,0,1,0
1.2941171957533435,-1.0834734149439451,1.359764743658434,1,1,0,0.2921803535681517,0,1,0,0,1,0,0
1.5830988650485656,-0.640873912392035,-1.6675729028395,0,0,1,1.4727070346515927,1,0,0,1,0,0,0
1.4296094218273647,-0.5843284272465435,-0.9467782251018968,0,0,0,-0.8883463275152893,1,0,0,1,0,0,0
-0.0957301869064042,-1.6378766224392731,-0.3701424829118142,0,1,0,-0.2980829869735688,0,1,0,0,0,1,0
-0.2244960932033291,-0.256054832473524,1.5039236792059545,1,0,1,0.2921803535681517,1,0,0,0,0,0,1
0.1855248381320501,-1.3740186229041764,0.4948111303733098,1,0,1,-1.4786096680570098,0,1,0,0,0,0,1
-0.7363517812665668,-1.6449199523491222,-0.5143014184593349,1,0,0,0.2921803535681517,0,1,0,0,0,0,1
0.359771014306418,0.7977096512057881,1.359764743658434,1,1,1,0.2921803535681517,1,0,0,1,0,0,0
1.6471886196426415,-0.7829754480769285,-1.3792550317444587,1,0,1,0.8824436941098722,0,0,1,0,0,1,0
0.3093063690044086,-1.1886872980945418,-1.5234139672919795,1,0,1,1.4727070346515927,0,1,0,0,0,0,1
-1.632814984789411,1.0678225742319,-0.0818246118167728,0,0,1,-1.4786096680570098,1,0,0,0,0,1,0
0.5788679458149877,-1.5182272270712638,0.2064932592782685,1,0,0,0.8824436941098722,0,1,0,0,0,1,0
-0.258765830118945,-0.8000692155649233,1.2156058081109131,1,0,0,-0.8883463275152893,1,0,0,0,1,0,0
1.3100016586115637,-0.6330979924469858,-0.6584603540068555,0,0,1,1.4727070346515927,0,1,0,1,0,0,0
0.9233848707057218,-0.5442906375608872,1.2156058081109131,1,0,1,0.2921803535681517,1,0,0,0,1,0,0
-0.9349765548894616,0.7758366058691092,-0.2259835473642935,0,0,1,-1.4786096680570098,0,0,1,0,0,1,0
-0.7093257733416696,-0.8485945840869658,0.3506521948257892,1,0,1,-0.2980829869735688,1,0,0,0,0,0,1
-1.2683260642528371,-0.667498327385581,-1.3792550317444587,1,0,1,0.8824436941098722,1,0,0,0,0,1,0
1.6821999764311164,0.3756819745470831,0.4948111303733098,1,1,0,0.8824436941098722,0,1,0,0,1,0,0
-0.4340209542598773,0.9739987218666716,-1.6675729028395,1,1,1,0.8824436941098722,0,1,0,1,0,0,0
1.4855327343330946,0.150783810788706,-0.6584603540068555,1,1,1,-0.8883463275152893,0,1,0,1,0,0,0
-0.8509837925446955,-1.22719711427821,-1.3792550317444587,1,0,0,0.2921803535681517,0,1,0,0,1,0,0
-1.2502512357236142,-0.2796372545590023,1.359764743658434,1,0,1,0.2921803535681517,0,1,0,1,0,0,0
-1.5924829365875144,-0.9898239887775738,1.2156058081109131,1,0,1,1.4727070346515927,0,0,1,0,1,0,0
-1.328664602048148,-1.003976930552838,1.359764743658434,1,1,0,0.8824436941098722,0,1,0,0,1,0,0
-0.1345789953625821,-0.7978086520277354,-1.0909371606494176,1,0,1,-0.2980829869735688,0,1,0,0,0,0,1
1.2054418800252915,1.2542702267142205,-0.0818246118167728,1,1,1,0.2921803535681517,1,0,0,0,1,0,0
-0.1614152865758173,-0.3266346495790566,1.359764743658434,1,0,1,-0.8883463275152893,0,1,0,0,0,0,1
1.1801060755315622,0.283253531772711,-0.2259835473642935,1,0,1,0.2921803535681517,0,0,1,0,1,0,0
-1.0231775788383597,-0.2558943603705754,0.0623343237307478,1,0,1,0.2921803535681517,0,0,1,0,0,1,0
1.3464358907375014,-1.1906897108574213,1.359764743658434,0,0,1,0.8824436941098722,0,1,0,0,0,1,0
1.6814497330713634,-0.7136375455072583,1.2156058081109131,0,0,1,1.4727070346515927,1,0,0,0,1,0,0
-1.4331467692523765,-0.7588523047749932,0.3506521948257892,1,1,1,0.2921803535681517,1,0,0,0,0,1,0
0.5406486519020512,1.1043543973205288,-0.0818246118167728,1,0,0,0.2921803535681517,0,0,1,0,0,0,1
-0.6367246371834986,0.2878304752307213,-0.0818246118167728,1,0,1,-1.4786096680570098,0,0,1,1,0,0,0
1.456531947909537,-1.4464299150977085,-0.5143014184593349,1,0,0,-1.4786096680570098,1,0,0,0,1,0,0
-1.422850325901283,0.3752249779060773,-0.6584603540068555,1,0,0,0.8824436941098722,1,0,0,0,0,0,1
0.302252356725351,0.2579652214624103,1.5039236792059545,1,0,0,0.8824436941098722,0,1,0,0,1,0,0
1.4539190313807424,-0.6888201859338717,1.6480826147534753,1,0,1,0.2921803535681517,0,1,0,1,0,0,0
-0.8667130326388283,-0.6307676584302551,0.6389700659208305,1,0,1,-1.4786096680570098,1,0,0,0,0,0,1
1.581115463063011,-1.7099320851871365,0.0623343237307478,0,1,1,0.8824436941098722,1,0,0,0,0,0,1
1.2317693855117977,0.7288008370853064,-0.5143014184593349,0,0,1,0.8824436941098722,1,0,0,0,1,0,0
-1.5758568538564357,-1.1664374921683314,-1.6675729028395,1,0,1,-1.4786096680570098,0,1,0,0,0,0,1
-1.003145218784264,-1.1478890101818684,-0.5143014184593349,0,0,0,0.2921803535681517,0,0,1,0,1,0,0
-0.6558774015744355,0.6213542985893392,1.0714468725633923,0,0,1,-0.2980829869735688,1,0,0,0,0,1,0
0.7934806641388271,0.4343938330823791,0.927287937015872,1,1,1,1.4727070346515927,0,1,0,1,0,0,0
1.6833813941355558,-0.6406087845697721,-0.0818246118167728,1,0,1,0.8824436941098722,0,0,1,1,0,0,0
-0.4302438670004309,-1.6774783466277865,-0.6584603540068555,1,0,1,1.4727070346515927,1,0,0,0,0,1,0
0.056345004464227,-0.1520898409067442,0.0623343237307478,0,1,1,0.8824436941098722,0,0,1,1,0,0,0
1.4782631348816944,1.0173261896627723,0.3506521948257892,1,0,1,1.4727070346515927,1,0,0,0,0,0,1
0.4062688556373193,1.598102638425292,0.7831290014683512,0,0,0,-0.8883463275152893,0,0,1,0,1,0,0
0.50996628553422,1.6328727569054642,1.6480826147534753,0,0,1,0.2921803535681517,0,1,0,1,0,0,0
1.0451743761056322,-0.4305612673820876,-0.0818246118167728,1,0,1,0.2921803535681517,0,0,1,0,0,0,1
-0.812548911459416,0.4472036931264439,-1.5234139672919795,1,0,0,0.2921803535681517,1,0,0,0,0,1,0
0.361719922344397,-1.5171143879225557,-0.9467782251018968,0,0,1,-1.4786096680570098,0,1,0,1,0,0,0
-0.106716509208995,1.5431269890695145,-0.9467782251018968,0,0,1,-0.2980829869735688,0,0,1,0,1,0,0
-0.1390114676259506,1.4784811512491,-1.2350960961969382,1,0,1,-1.4786096680570098,0,0,1,0,1,0,0
0.6078601087516516,0.5361401233996969,0.3506521948257892,1,0,1,0.8824436941098722,0,0,1,0,1,0,0
-1.1751234179055854,0.9605120881710412,0.6389700659208305,1,0,0,0.8824436941098722,0,0,1,0,0,1,0
-1.3929268263800982,1.338483195522423,-0.0818246118167728,1,0,1,1.4727070346515927,0,1,0,0,1,0,0
-0.4736717469971704,0.0966035448997167,-1.2350960961969382,1,0,1,-0.8883463275152893,1,0,0,0,1,0,0
-0.0008028431804099,-1.2349416375074649,0.927287937015872,1,1,0,-0.8883463275152893,1,0,0,0,0,0,1
-0.7842293805004621,-0.64754397023633,-0.6584603540068555,1,0,0,-0.8883463275152893,1,0,0,0,0,1,0
1.3421672647251135,-0.421934147586616,-1.6675729028395,1,0,1,-0.8883463275152893,1,0,0,0,0,1,0
1.0815654907971024,-1.2683477431125745,0.927287937015872,1,0,1,1.4727070346515927,0,1,0,1,0,0,0
-0.8171366064868714,0.184737614658227,-0.6584603540068555,0,0,1,1.4727070346515927,1,0,0,0,0,1,0
-0.1880187436429223,-1.4291617214108563,-1.5234139672919795,1,0,1,-1.4786096680570098,1,0,0,0,1,0,0
0.6535214718538626,1.6606065225237414,-1.6675729028395,1,0,0,0.8824436941098722,0,0,1,0,1,0,0
-0.3321517035844438,-1.211432474425506,-0.2259835473642935,1,1,1,0.8824436941098722,0,1,0,1,0,0,0
-0.0933242340630583,0.1656239917874671,-0.9467782251018968,0,0,1,0.2921803535681517,0,0,1,0,1,0,0
1.32922341089765,0.8704767728449888,-1.5234139672919795,0,1,1,0.2921803535681517,1,0,0,0,0,0,1
-0.354193336084775,-0.1188860696923088,-0.6584603540068555,0,0,0,-1.4786096680570098,0,1,0,0,0,1,0
-0.2299806308677304,-0.0553774906884424,0.7831290014683512,0,1,1,-1.4786096680570098,0,0,1,0,0,1,0
-0.0048817524811363,-1.709300662347274,-0.8026192895543761,1,0,1,0.8824436941098722,0,1,0,0,0,0,1
-1.2883153068724642,0.3811345375233557,1.2156058081109131,1,0,1,-1.4786096680570098,0,0,1,0,0,0,1
-0.0086243457930079,1.036771222311361,-0.9467782251018968,0,0,1,0.2921803535681517,0,0,1,1,0,0,0
-0.4867190826673584,0.7270356439528728,1.359764743658434,1,0,1,-0.2980829869735688,1,0,0,0,0,1,0
0.9206857193079896,-0.0623894238824973,-0.5143014184593349,1,1,1,-0.8883463275152893,1,0,0,1,0,0,0
-0.7084548011654048,-1.0377423541275936,-1.3792550317444587,1,0,1,1.4727070346515927,0,0,1,0,1,0,0
-0.4854083126595141,-1.0392703276295816,0.0623343237307478,0,0,1,-1.4786096680570098,1,0,0,0,1,0,0
-0.3495970175704255,0.0079461965446354,-1.3792550317444587,1,0,1,-0.8883463275152893,0,1,0,1,0,0,0
-0.2318777979843475,-0.369505120734152,1.2156058081109131,1,0,1,-1.4786096680570098,0,0,1,0,0,1,0
-0.0263887287940569,-0.1720302439600866,-1.0909371606494176,0,0,1,-0.8883463275152893,0,0,1,0,1,0,0
-0.3193889429817486,0.0490933368550228,0.2064932592782685,1,0,1,0.2921803535681517,0,1,0,1,0,0,0
1.3097429540047518,-1.6480247386887783,-1.5234139672919795,1,0,1,0.2921803535681517,1,0,0,0,0,1,0
-0.8705849782541055,0.6124132116359248,-0.9467782251018968,1,0,0,1.4727070346515927,1,0,0,0,0,1,0
-0.785100352676727,1.1093639177517045,0.0623343237307478,1,0,1,1.4727070346515927,0,0,1,0,0,0,1
-0.1260934842591682,-1.4164181433223575,-1.6675729028395,0,0,1,-0.2980829869735688,0,1,0,1,0,0,0
-0.7867733091341074,-1.045940385473877,-0.8026192895543761,1,0,1,1.4727070346515927,0,1,0,1,0,0,0
-1.4577409538732464,0.6355316600324437,0.3506521948257892,0,0,1,-1.4786096680570098,0,0,1,0,0,1,0
-1.323852696361456,1.3927436974628862,-1.0909371606494176,1,0,1,0.8824436941098722,0,1,0,1,0,0,0
-0.6379836662699807,1.2546016364920485,0.7831290014683512,0,0,1,-1.4786096680570098,1,0,0,0,1,0,0
-1.5106977868875386,0.3982073738674875,-0.8026192895543761,0,0,0,-0.2980829869735688,0,0,1,0,0,1,0
-1.2489318422288762,0.8151348284716116,1.5039236792059545,1,1,0,-0.8883463275152893,1,0,0,0,1,0,0
-0.5642183593811585,-0.5136125577059023,0.4948111303733098,1,0,1,0.8824436941098722,1,0,0,0,1,0,0
1.4543070882909594,-0.874563156572809,0.3506521948257892,1,0,1,-0.8883463275152893,0,0,1,0,0,0,1
0.5618624296605855,1.2763386293936194,1.5039236792059545,1,0,1,0.2921803535681517,0,0,1,1,0,0,0
-0.9423410126966926,-0.3775357029295324,-0.5143014184593349,1,0,1,-1.4786096680570098,0,1,0,0,0,1,0
-0.6257383148809081,-0.1752013122553085,0.927287937015872,1,0,1,0.2921803535681517,0,1,0,0,0,1,0
0.3939717633268842,0.5630785055511855,1.5039236792059545,1,0,1,0.2921803535681517,0,0,1,1,0,0,0
1.146603828949487,-0.9188883422263728,0.2064932592782685,1,1,0,0.2921803535681517,1,0,0,0,1,0,0
0.5177877881468176,0.6652503957937144,-0.6584603540068555,1,1,1,-1.4786096680570098,0,1,0,0,0,1,0
-0.0367369130665127,0.9543583318753632,0.3506521948257892,1,0,0,-0.8883463275152893,0,0,1,1,0,0,0
0.9913896883495436,0.6940795579408142,0.6389700659208305,0,1,1,0.8824436941098722,0,1,0,1,0,0,0
-0.9051565372110016,1.3246163127132844,-0.9467782251018968,1,0,1,-0.8883463275152893,0,0,1,0,0,0,1
-1.2170508111828189,-0.6506871303397347,-1.6675729028395,1,1,0,0.8824436941098722,0,1,0,0,0,0,1
1.2225336310486308,0.78714988912698,0.4948111303733098,0,0,1,1.4727070346515927,0,0,1,0,0,0,1
0.2258223923863717,-1.219285141898052,-0.0818246118167728,0,0,1,0.8824436941098722,1,0,0,0,0,1,0
-1.532911889125744,-1.6023599598279925,-1.3792550317444587,0,0,1,-1.4786096680570098,1,0,0,1,0,0,0
1.6916944355010948,-0.7655537593350824,-0.6584603540068555,1,0,0,0.8824436941098722,0,1,0,0,1,0,0
-0.1298791950055082,0.023805026544722,0.3506521948257892,1,0,0,-0.8883463275152893,1,0,0,0,0,1,0
0.399240713818943,1.4003033289213525,0.4948111303733098,1,0,1,-1.4786096680570098,0,1,0,0,0,1,0
0.0257057555308644,-1.6750119601759474,-0.3701424829118142,1,0,1,-0.8883463275152893,1,0,0,1,0,0,0
0.3397386542523223,-1.4063153778845552,0.0623343237307478,1,1,0,0.2921803535681517,1,0,0,0,0,1,0
-0.989192416990236,1.662560095950941,0.2064932592782685,1,0,1,-1.4786096680570098,1,0,0,0,0,1,0
0.2543143930831999,1.6730431105022523,1.5039236792059545,1,1,1,-0.2980829869735688,0,0,1,0,0,0,1
0.0114770021562377,0.3620627769403215,1.2156058081109131,0,0,1,0.2921803535681517,1,0,0,1,0,0,0
-0.4296315994309772,-1.3334226693821774,-1.0909371606494176,0,0,1,0.2921803535681517,1,0,0,0,0,1,0
-1.6630058124043006,-1.5248344914839702,1.2156058081109131,1,0,1,-0.2980829869735688,0,1,0,0,1,0,0
-0.1879928731822414,0.398095741100219,-1.6675729028395,1,1,1,-0.8883463275152893,1,0,0,0,0,0,1
0.3713868511522494,0.5994638106327745,-1.0909371606494176,0,0,0,0.8824436941098722,0,0,1,1,0,0,0
0.6744248040842235,0.5613621517544318,0.7831290014683512,1,0,0,0.8824436941098722,0,1,0,0,0,0,1
-0.3438365283254253,-1.1848010823840058,-1.2350960961969382,1,0,1,0.2921803535681517,0,0,1,1,0,0,0
0.9215739384580424,-0.5417056412938253,1.2156058081109131,1,0,1,0.2921803535681517,0,0,1,1,0,0,0
1.4138456877856571,-0.7288649526674823,0.4948111303733098,1,0,1,-1.4786096680570098,0,0,1,0,0,1,0
-0.1733070750022477,-0.6054374858322285,-0.8026192895543761,1,1,1,-1.4786096680570098,0,1,0,0,0,1,0
1.4675182702121277,1.1052090856949284,1.359764743658434,1,0,1,-0.2980829869735688,0,1,0,1,0,0,0
0.9285417158681624,0.4802190840461139,0.0623343237307478,1,0,1,0.8824436941098722,0,0,1,1,0,0,0
0.1994948868998653,1.2655939755440222,-0.2259835473642935,1,0,0,0.2921803535681517,0,0,1,0,0,0,1
1.6669967690375007,0.3746703025937117,1.359764743658434,1,0,1,0.8824436941098722,1,0,0,0,0,1,0
0.6600494514324036,0.6648945663480461,0.6389700659208305,1,0,0,-0.2980829869735688,0,1,0,0,0,0,1
-1.1185360969090397,-1.5847080285036548,-0.0818246118167728,0,0,1,0.2921803535681517,1,0,0,0,1,0,0
-1.5699497653342418,-0.989210008557597,1.2156058081109131,1,0,0,-1.4786096680570098,0,1,0,1,0,0,0
-1.469503389996271,0.7613696969359024,1.5039236792059545,1,0,1,0.8824436941098722,0,1,0,0,0,1,0
-0.0628488313806759,1.117181699984479,-0.8026192895543761,0,0,1,-0.8883463275152893,0,1,0,0,0,0,1
1.2346065126998291,1.661307715843147,1.0714468725633923,0,1,1,0.2921803535681517,0,0,1,0,0,0,1
0.12785958127379,0.9940577347352368,0.7831290014683512,0,0,0,-0.2980829869735688,1,0,0,0,0,1,0
0.2182854648412662,-0.7722203286554004,1.6480826147534753,1,0,1,0.8824436941098722,1,0,0,0,1,0,0
-0.3101963059530501,-0.0757609362868817,1.359764743658434,0,1,1,1.4727070346515927,0,0,1,1,0,0,0
-1.6307884653693885,0.1326818598713171,-0.9467782251018968,1,0,1,0.2921803535681517,0,0,1,0,0,1,0
0.6331786662715931,1.5423699793664751,-0.6584603540068555,1,0,0,1.4727070346515927,0,1,0,0,1,0,0
-1.5226844336698,-1.4186019593320485,-0.0818246118167728,0,0,1,1.4727070346515927,0,0,1,1,0,0,0
-0.779633061986113,-0.0496039835062727,1.2156058081109131,1,0,1,1.4727070346515927,0,1,0,0,0,1,0
1.5542619248759884,-0.3202680933207728,-1.6675729028395,1,0,1,-1.4786096680570098,0,0,1,0,1,0,0
-1.541630234375288,1.729696739891035,-0.6584603540068555,0,1,0,1.4727070346515927,0,0,1,0,0,1,0
1.328093734114574,1.067899321759397,1.2156058081109131,1,0,1,1.4727070346515927,1,0,0,0,0,1,0
-1.0716674456417088,0.9543164695876374,-0.0818246118167728,0,0,1,-0.8883463275152893,0,0,1,0,0,0,1
-0.5386755912019802,-0.5539643145495015,-1.3792550317444587,1,0,1,-0.2980829869735688,0,1,0,1,0,0,0
-1.2748109263969094,1.3910447862860185,-0.2259835473642935,0,1,1,0.2921803535681517,1,0,0,0,0,1,0
-0.0125739027903285,0.4728373673104819,0.7831290014683512,1,0,1,0.2921803535681517,0,1,0,0,0,1,0
1.2689366140237015,-1.0799814024428265,-1.6675729028395,1,0,0,-0.2980829869735688,0,0,1,0,0,0,1
-0.8230695654697461,-0.8181990746741292,-0.3701424829118142,1,1,1,0.8824436941098722,1,0,0,0,0,0,1
0.2241321889552039,0.6316245131780449,1.2156058081109131,0,0,1,-0.8883463275152893,0,0,1,0,0,1,0
-0.6610342467368759,-1.6166140687985937,-0.2259835473642935,0,1,1,-0.2980829869735688,0,1,0,0,1,0,0
-0.9968673203256408,-0.0632022499691713,-0.9467782251018968,1,0,1,0.8824436941098722,0,1,0,0,0,0,1
0.8455751484637481,0.0039797447826252,-0.0818246118167728,0,1,1,0.8824436941098722,0,0,1,0,1,0,0
-0.2050846242055806,1.253530659631066,0.927287937015872,1,0,1,-0.2980829869735688,1,0,0,1,0,0,0
0.1714081900870414,-1.58168696673945,0.927287937015872,0,0,0,1.4727070346515927,1,0,0,1,0,0,0
0.6619724890097016,-0.9721790345011908,0.6389700659208305,0,0,0,-0.8883463275152893,0,0,1,1,0,0,0
1.6335807573243624,1.3166659665693778,1.2156058081109131,0,1,1,0.2921803535681517,0,1,0,1,0,0,0
1.7083895061273238,-0.0202515427626016,1.5039236792059545,1,0,1,-0.2980829869735688,0,0,1,0,1,0,0
-1.6459485553285358,1.622089729292119,-1.0909371606494176,1,1,1,-0.8883463275152893,0,1,0,1,0,0,0
0.7115661621354458,0.8586436995145238,1.5039236792059545,1,0,1,1.4727070346515927,0,1,0,1,0,0,0
1.3437971037480256,1.3143949374602593,-0.3701424829118142,0,0,1,0.2921803535681517,0,0,1,0,1,0,0
1.6568210545029192,1.3254012306081413,0.927287937015872,0,0,1,0.8824436941098722,0,1,0,1,0,0,0
1.4351370769262346,0.1553014493391045,1.0714468725633923,0,0,0,-0.2980829869735688,0,0,1,0,0,0,1
-0.5220322614971137,1.2786968716021667,-1.6675729028395,0,1,0,-0.8883463275152893,0,0,1,0,0,1,0
-0.6154073775822398,-0.9623483739336052,-0.3701424829118142,0,0,1,1.4727070346515927,0,1,0,0,0,0,1
-0.6016011750654049,0.4569785373103953,0.927287937015872,1,0,1,-0.8883463275152893,0,1,0,0,1,0,0
-1.6793214496072058,1.2272306773673942,0.6389700659208305,0,0,0,-0.2980829869735688,0,1,0,0,0,1,0
1.4734253587343216,0.0629602196641614,-1.6675729028395,1,0,1,-1.4786096680570098,0,1,0,0,1,0,0
0.1038949111961612,-0.5574633040985746,0.0623343237307478,1,0,1,-0.8883463275152893,0,0,1,0,1,0,0
0.5831710657749508,1.0100491286464548,1.359764743658434,1,0,1,-1.4786096680570098,0,0,1,1,0,0,0
-1.5139402179595751,1.1289589569313097,1.0714468725633923,0,0,1,1.4727070346515927,0,1,0,0,0,1,0
-1.1487959124190792,0.6410435279163277,0.2064932592782685,1,0,0,-0.2980829869735688,0,1,0,0,0,1,0
-1.2593748848571629,0.8953952996137127,-0.2259835473642935,1,0,0,0.8824436941098722,1,0,0,0,0,0,1
0.0310178234573916,0.0530911853328273,-0.0818246118167728,1,1,1,0.8824436941098722,1,0,0,0,0,0,1
0.6368091542538464,-0.035709192505317,0.2064932592782685,0,0,1,-1.4786096680570098,0,0,1,1,0,0,0
0.3668681440199439,1.0980680771137197,1.359764743658434,0,0,1,0.2921803535681517,0,0,1,0,0,1,0
-0.2409324592227463,-0.2318723842639769,-0.0818246118167728,1,0,1,-0.2980829869735688,0,1,0,1,0,0,0
0.1671050701270787,-0.0930570381655507,1.0714468725633923,1,0,1,-0.2980829869735688,0,0,1,0,0,1,0
-1.635755593820167,0.5559165658261136,0.4948111303733098,0,0,1,-1.4786096680570098,1,0,0,0,1,0,0
0.8668751610912194,-1.245190920952307,-0.0818246118167728,0,0,1,0.2921803535681517,1,0,0,1,0,0,0
1.3282403333917665,0.3843439795823261,1.359764743658434,1,0,1,0.8824436941098722,0,1,0,1,0,0,0
-0.0166096946565861,-1.6198339764294958,1.359764743658434,0,0,1,-0.8883463275152893,1,0,0,0,1,0,0
0.6285737242703506,0.4870810107091518,1.6480826147534753,1,1,1,0.8824436941098722,1,0,0,0,0,0,1
1.3754366771610589,-0.103909836258439,-0.9467782251018968,1,1,1,1.4727070346515927,0,0,1,1,0,0,0
-0.4541309256960165,-0.436523154859023,-1.5234139672919795,1,0,1,-0.2980829869735688,0,1,0,0,1,0,0
-0.9140214817377388,0.6023802166776653,-0.5143014184593349,0,1,1,0.2921803535681517,0,0,1,0,1,0,0
0.7804764459031077,1.4090071962443214,-1.6675729028395,1,0,1,-0.2980829869735688,1,0,0,0,1,0,0
0.606609703152063,0.1267374150142675,-1.2350960961969382,0,0,1,0.2921803535681517,1,0,0,1,0,0,0
-0.3212516161507905,0.8239573056098032,-0.5143014184593349,1,0,1,-0.8883463275152893,0,0,1,0,0,1,0
0.1459516567768002,0.2398493164491132,0.927287937015872,1,0,1,-0.2980829869735688,0,0,1,0,0,0,1
0.5746165667763873,1.0988425294366446,0.7831290014683512,1,0,1,-1.4786096680570098,0,0,1,1,0,0,0
1.5903339705523905,-0.927403829254576,-1.2350960961969382,0,0,1,-1.4786096680570098,1,0,0,0,1,0,0
-1.5937419656739966,1.7062503702406646,0.0623343237307478,1,0,0,0.2921803535681517,1,0,0,0,0,1,0
1.1139294371092077,-1.5052080555885707,-0.3701424829118142,1,0,0,0.8824436941098722,1,0,0,0,0,1,0
0.741593143499355,-0.4169560238712346,-0.6584603540068555,1,0,0,1.4727070346515927,1,0,0,0,0,0,1
0.3715334504294426,1.3957508051311829,1.2156058081109131,1,0,1,-1.4786096680570098,0,0,1,1,0,0,0
0.4061826207683819,0.8200501587554041,-1.0909371606494176,0,1,1,-0.8883463275152893,0,1,0,0,0,1,0
0.5778848683091046,-0.6224021779330691,-1.2350960961969382,1,0,1,-1.4786096680570098,0,0,1,0,0,0,1
1.2481195166622776,-1.0489858669059215,-0.0818246118167728,1,0,1,0.2921803535681517,0,0,1,0,0,1,0
0.471755615108177,1.26853828978073,-0.9467782251018968,0,0,1,-0.2980829869735688,1,0,0,1,0,0,0
-0.7155433073920368,-0.1422242950993873,1.5039236792059545,1,0,1,-0.2980829869735688,0,1,0,1,0,0,0
0.3588051837743222,-1.2554646240649898,1.359764743658434,1,0,1,-1.4786096680570098,1,0,0,0,0,1,0
-0.3941890682978162,1.0296441678260602,0.4948111303733098,1,0,1,0.2921803535681517,0,1,0,1,0,0,0
0.5283774300522974,0.2059966797749292,0.3506521948257892,0,1,1,0.8824436941098722,1,0,0,0,0,0,1
-0.3913346941359972,-0.3419527583626862,0.927287937015872,1,0,1,0.8824436941098722,0,1,0,0,0,1,0
0.8468945419584865,1.4038825545219,1.6480826147534753,1,0,0,-1.4786096680570098,0,0,1,0,1,0,0
0.6846005186188048,-0.3645130429228622,1.359764743658434,0,0,0,1.4727070346515927,0,1,0,1,0,0,0
1.36638201592266,0.8101218195164589,1.5039236792059545,1,0,1,-1.4786096680570098,0,0,1,1,0,0,0
-1.6820292244918316,-0.996075423744612,-1.2350960961969382,1,0,1,0.2921803535681517,1,0,0,0,1,0,0
1.5925070892496065,-0.2335189675811879,-0.9467782251018968,1,0,1,0.8824436941098722,0,1,0,0,1,0,0
0.7828910222333472,1.658405263894165,-1.3792550317444587,1,0,1,1.4727070346515927,0,0,1,1,0,0,0
-0.2489781724945806,-0.0262936662910114,-1.3792550317444587,0,0,0,-0.8883463275152893,1,0,0,0,0,1,0
-0.9982729486893162,-1.4216997686237505,0.4948111303733098,1,1,0,-0.8883463275152893,1,0,0,0,1,0,0
1.3366309861393495,-1.60552405107526,-1.6675729028395,1,0,1,0.2921803535681517,1,0,0,0,0,0,1
-0.2185372637597731,-1.3161370330754398,0.4948111303733098,1,0,1,-0.8883463275152893,0,0,1,1,0,0,0
-0.5099162624114469,-1.5591266821792742,1.6480826147534753,1,0,1,-0.8883463275152893,1,0,0,0,0,1,0
0.8940822622408846,1.026682410969467,1.2156058081109131,1,0,1,1.4727070346515927,0,0,1,1,0,0,0
-1.6551066984096592,0.0728815818551525,0.2064932592782685,1,0,1,-0.8883463275152893,0,1,0,0,0,0,1
-0.298873667661605,-0.1401904856207136,-0.2259835473642935,0,0,1,-0.8883463275152893,0,0,1,1,0,0,0
0.959801855857872,1.6370868938698515,-0.9467782251018968,1,0,0,-1.4786096680570098,0,1,0,1,0,0,0
0.6412933674385775,-0.4356545123887148,1.359764743658434,1,0,1,0.2921803535681517,0,0,1,1,0,0,0
0.2777444069734186,0.6686831033872219,-0.0818246118167728,1,1,1,1.4727070346515927,0,0,1,0,0,1,0
1.6887279560096575,-0.9412288497759888,-0.6584603540068555,0,0,1,-1.4786096680570098,1,0,0,0,0,0,1
-0.2586882187369018,0.0870519662503027,1.0714468725633923,1,0,1,0.2921803535681517,0,0,1,0,0,1,0
1.612082404498335,0.4496944992461232,0.2064932592782685,1,1,1,0.2921803535681517,0,0,1,0,1,0,0
0.3947565006342119,-0.6093306785907188,-0.3701424829118142,0,1,0,-0.8883463275152893,1,0,0,0,1,0,0
0.3291835062944172,-0.5780211758958712,0.4948111303733098,1,0,0,-0.8883463275152893,1,0,0,0,1,0,0
-1.3226712786570174,0.5349330941036058,0.0623343237307478,0,0,0,1.4727070346515927,0,0,1,0,0,1,0
-1.3399010054706562,-1.6728420982621652,0.4948111303733098,0,0,1,0.2921803535681517,0,1,0,0,0,1,0
1.7112180098284615,1.2214048423255672,-0.0818246118167728,1,0,1,-1.4786096680570098,0,0,1,0,0,1,0
0.5039988326037704,0.7484482041245689,0.2064932592782685,0,0,1,0.8824436941098722,1,0,0,0,1,0,0
0.6054541559083056,-1.6455862604287563,1.0714468725633923,0,0,1,-0.2980829869735688,0,1,0,1,0,0,0
-1.0040679318818913,-0.1303284283373336,-0.5143014184593349,0,0,1,-1.4786096680570098,0,1,0,0,0,1,0
1.0398623081791052,0.06224158372487,-0.5143014184593349,1,0,1,-1.4786096680570098,0,0,1,0,0,1,0
-0.1470916748453597,0.4430732807375079,-0.8026192895543761,0,0,1,-1.4786096680570098,0,0,1,0,0,1,0
-1.0239968100932624,-0.9957649451106464,1.2156058081109131,1,0,1,0.8824436941098722,0,1,0,0,0,0,1
1.5635925376949855,0.5373611067916966,-0.5143014184593349,1,0,1,0.8824436941098722,1,0,0,1,0,0,0
-1.6559000592038808,-0.290427259220302,-1.3792550317444587,1,0,1,-1.4786096680570098,0,1,0,0,0,1,0
-1.2859610949504805,0.7631314015443588,0.927287937015872,1,0,1,0.8824436941098722,1,0,0,1,0,0,0
-0.8272002156918347,0.2518882126942293,0.7831290014683512,1,0,1,0.2921803535681517,0,0,1,0,1,0,0
-0.614553652379762,-0.5587819661619342,1.359764743658434,1,1,1,-0.8883463275152893,0,1,0,1,0,0,0
0.5387687317592216,-1.5393537282768346,-0.9467782251018968,1,0,1,-0.2980829869735688,0,1,0,0,0,1,0
-0.0541132391573448,0.2274162169945797,0.0623343237307478,1,0,1,-1.4786096680570098,0,1,0,0,0,0,1
-1.2512170662557105,0.9932135119327684,-0.0818246118167728,1,0,1,0.8824436941098722,0,0,1,0,1,0,0
1.1754407691220634,-0.8809471554509786,-1.5234139672919795,0,1,1,1.4727070346515927,0,1,0,0,0,0,1
1.374703680775093,-1.4187205691472715,-0.5143014184593349,0,0,1,-0.8883463275152893,0,0,1,0,0,0,1
-0.8077197587989365,-1.2388313417419778,0.6389700659208305,0,0,1,0.2921803535681517,1,0,0,0,0,1,0
0.784969282574732,1.693360274145126,1.2156058081109131,1,0,1,-1.4786096680570098,1,0,0,1,0,0,0
1.3473327333744476,1.6464605577964315,-1.6675729028395,0,0,1,1.4727070346515927,0,0,1,1,0,0,0
0.1877065803161593,0.5151252549613945,-1.0909371606494176,1,0,1,1.4727070346515927,1,0,0,0,0,1,0
-0.72765068299081,0.2211612935035644,-0.6584603540068555,1,0,0,-0.8883463275152893,0,1,0,0,0,1,0
0.9094061984510128,0.5262850431642714,0.2064932592782685,0,1,1,1.4727070346515927,1,0,0,1,0,0,0
-1.5673972132137026,-1.6440687524987,0.4948111303733098,1,0,1,1.4727070346515927,0,1,0,0,1,0,0
-0.5899077268375299,-0.2983043463606881,0.7831290014683512,0,1,0,-1.4786096680570098,0,0,1,0,1,0,0
1.526097616681121,-0.4125465295641275,0.4948111303733098,1,0,1,1.4727070346515927,1,0,0,0,1,0,0
0.1037655588927558,-1.2298169957850436,1.2156058081109131,1,0,0,-0.8883463275152893,0,0,1,0,0,0,1
0.8700054868336374,-0.5270573291138068,0.7831290014683512,1,0,0,-0.2980829869735688,0,0,1,0,0,0,1
-0.1295170085559722,0.8094555114368246,1.359764743658434,1,0,1,0.2921803535681517,0,1,0,0,0,0,1
0.9374670248031554,-0.2108191420619264,-0.6584603540068555,1,0,1,-1.4786096680570098,1,0,0,0,0,0,1
1.7170561104555049,-0.9669288059155924,-0.9467782251018968,1,0,1,-0.2980829869735688,0,1,0,0,0,1,0
-1.444529771952078,1.481090567184002,0.7831290014683512,1,0,1,0.2921803535681517,0,1,0,0,0,1,0
0.6793833090481085,-1.4665203246820682,-0.0818246118167728,1,0,1,-0.2980829869735688,0,0,1,1,0,0,0
-0.9582772164762744,-1.4995147844578751,-1.0909371606494176,1,0,0,-0.2980829869735688,1,0,0,0,0,0,1
1.044458626693454,-1.29278834209643,1.5039236792059545,1,0,0,-0.8883463275152893,0,1,0,1,0,0,0
1.335130499419844,0.3886069558823931,0.2064932592782685,1,1,0,1.4727070346515927,0,1,0,0,0,1,0
0.5959769438121147,0.9786454358042244,-0.3701424829118142,1,0,0,0.8824436941098722,0,1,0,0,0,1,0
-1.0420285211880167,0.5454649479905967,-1.3792550317444587,1,0,0,-0.8883463275152893,0,0,1,0,1,0,0
-1.2185944153367934,1.4095897797485042,0.927287937015872,0,1,1,0.8824436941098722,1,0,0,0,0,0,1
-1.466649015834452,0.8643753444089679,-1.0909371606494176,1,0,1,1.4727070346515927,0,1,0,0,1,0,0
1.2294582910242828,-0.9925206178119044,-0.3701424829118142,1,0,0,-1.4786096680570098,0,0,1,1,0,0,0
0.0330012254429454,-0.6852967767169583,-0.2259835473642935,1,0,1,0.2921803535681517,0,1,0,0,1,0,0
1.5348590793651338,-0.9324482349255228,1.0714468725633923,1,1,0,0.2921803535681517,1,0,0,0,0,0,1
-1.0991160044243975,-1.2371603387569268,-0.3701424829118142,1,0,1,1.4727070346515927,1,0,0,1,0,0,0
-1.6093935943860858,0.8142871171451661,0.3506521948257892,1,0,1,-0.2980829869735688,0,1,0,0,0,1,0
0.6399998444045205,-1.2485747892101349,-1.0909371606494176,1,0,1,-0.8883463275152893,0,1,0,0,0,0,1
-0.2700108570283469,1.361950496316656,0.7831290014683512,1,0,1,0.2921803535681517,0,1,0,0,0,1,0
0.8552507007584941,-1.712468242118519,-0.2259835473642935,1,0,1,0.8824436941098722,0,0,1,0,1,0,0
-1.497736686086288,1.6606065225237414,-1.5234139672919795,1,0,1,-1.4786096680570098,0,1,0,1,0,0,0
-0.8127644986317588,-0.2479370371787149,0.7831290014683512,1,0,1,-1.4786096680570098,0,0,1,0,1,0,0
0.7761043380479951,0.5188300674251194,0.3506521948257892,1,0,0,1.4727070346515927,1,0,0,0,0,1,0
-0.2403029446795052,0.8303587471078582,-0.9467782251018968,1,0,0,-0.8883463275152893,0,1,0,1,0,0,0
0.5749442592783485,0.7241087723360508,0.0623343237307478,1,1,1,1.4727070346515927,0,1,0,0,0,0,1
-1.3699366103214592,1.1725201558338796,0.4948111303733098,1,0,1,0.2921803535681517,0,1,0,0,0,0,1
0.348189671408161,0.3954095776378196,-0.5143014184593349,1,1,1,0.8824436941098722,0,0,1,0,1,0,0
-0.1762304370592164,-1.394939301195096,0.3506521948257892,1,0,1,0.8824436941098722,0,1,0,0,0,0,1
0.1458223044733948,1.5262076477803768,-1.2350960961969382,1,0,1,1.4727070346515927,0,1,0,0,1,0,0
1.242738460840601,-0.6277745048578675,-0.3701424829118142,1,0,1,-0.2980829869735688,0,0,1,0,0,1,0
-1.5704499275740773,-0.9065459443952452,1.6480826147534753,1,0,1,0.8824436941098722,0,0,1,0,1,0,0
-1.6217510511047768,0.6293430184969941,1.5039236792059545,1,0,1,0.2921803535681517,0,1,0,0,0,1,0
0.9743238077868852,0.6879502213129762,-1.6675729028395,1,0,1,-0.8883463275152893,0,0,1,0,1,0,0
-0.9286469155094762,1.2040633896351955,-1.5234139672919795,1,0,1,-0.2980829869735688,1,0,0,0,0,1,0
1.147190226058259,-1.4716798516442609,-1.0909371606494176,1,0,0,-1.4786096680570098,0,1,0,0,0,1,0
-1.1540821098849252,-0.5926694880758896,0.927287937015872,0,0,0,-1.4786096680570098,0,1,0,0,0,0,1
1.2590282275828253,0.0196676371078316,-1.0909371606494176,1,0,0,1.4727070346515927,0,1,0,0,0,0,1
0.6537887999475677,-0.5610529952710536,-1.6675729028395,1,0,0,-0.2980829869735688,0,1,0,0,0,0,1
0.0454104230829989,0.0509666742307479,-1.0909371606494176,1,0,0,-0.8883463275152893,1,0,0,0,0,0,1
0.2450700151331392,-0.1879309362478989,1.0714468725633923,1,1,1,0.8824436941098722,1,0,0,0,0,0,1
0.7705508124884437,-1.650948121781623,-1.0909371606494176,0,0,1,-0.8883463275152893,0,0,1,1,0,0,0
-1.2905574134648294,-1.5071302322999756,-1.2350960961969382,0,0,1,-1.4786096680570098,0,0,1,0,1,0,0
-1.0739354226947553,-0.2093993128032294,1.359764743658434,0,0,1,1.4727070346515927,0,0,1,0,0,0,1
1.0275652158686708,-0.7856860312071677,1.0714468725633923,1,0,1,-0.8883463275152893,0,0,1,0,0,1,0
-1.3039151946631913,1.0722913734466186,0.927287937015872,0,0,1,1.4727070346515927,0,0,1,1,0,0,0
1.3187717447824698,0.7528576984316762,-0.8026192895543761,1,0,0,0.2921803535681517,0,0,1,0,0,1,0
1.283631035690589,0.9659855822911768,-0.3701424829118142,0,0,1,1.4727070346515927,1,0,0,0,0,0,1
1.207770221486594,0.9847224445724057,-0.5143014184593349,0,0,1,-0.2980829869735688,1,0,0,0,1,0,0
0.3574685433057965,-0.2359469802692786,1.5039236792059545,1,0,1,-1.4786096680570098,0,1,0,0,0,0,1
0.9341814762966508,0.924510520726938,-1.2350960961969382,0,0,1,-0.8883463275152893,0,0,1,0,1,0,0
0.9051806898730932,1.574373698332774,1.5039236792059545,1,0,1,-0.2980829869735688,1,0,0,0,1,0,0
-0.2900863345169113,-0.4736864007875146,-0.9467782251018968,0,0,1,-1.4786096680570098,1,0,0,0,0,1,0
-0.0377458610330772,1.7017152890703804,0.2064932592782685,1,1,0,-0.8883463275152893,1,0,0,0,0,0,1
-0.5387790730447046,-1.536639656622618,1.359764743658434,0,0,1,-0.2980829869735688,0,1,0,1,0,0,0
0.6768911213358251,0.2177250973860799,1.0714468725633923,0,0,1,0.2921803535681517,1,0,0,0,0,1,0
0.5891040247578255,1.6900043140791154,-0.0818246118167728,1,1,1,-1.4786096680570098,0,0,1,0,0,1,0
-1.2931789534805185,0.5646867151046482,-0.2259835473642935,1,0,1,-1.4786096680570098,0,1,0,1,0,0,0
-1.1709496502490282,0.8785910796158206,-0.9467782251018968,0,0,0,0.8824436941098722,0,0,1,0,0,0,1
-0.430666417858223,-1.543396927566342,0.7831290014683512,1,0,1,1.4727070346515927,1,0,0,1,0,0,0
0.1722877857502005,1.1779378335703805,-1.6675729028395,1,0,1,0.2921803535681517,0,1,0,0,0,1,0
-1.3752141843004115,0.9979369733978184,-0.6584603540068555,1,0,1,1.4727070346515927,1,0,0,0,0,1,0
-0.6204521174150619,-0.615585602081734,1.0714468725633923,1,0,1,0.2921803535681517,1,0,0,0,1,0,0
-1.586144673720635,-0.4916174140300233,0.4948111303733098,1,0,1,-0.2980829869735688,0,0,1,0,1,0,0
-0.372699338958683,0.162843638177685,1.359764743658434,1,0,1,1.4727070346515927,0,1,0,0,0,0,1
1.14145560727394,0.2041442735430668,-0.3701424829118142,1,0,1,-1.4786096680570098,1,0,0,1,0,0,0
0.1539628761010601,0.6581861347400022,0.6389700659208305,1,1,0,0.8824436941098722,0,0,1,0,0,1,0
1.7174441673657226,-1.2349800112712133,0.2064932592782685,1,1,0,1.4727070346515927,0,1,0,0,0,0,1
-0.9717557264911484,0.5282839674031734,0.4948111303733098,1,0,0,-0.8883463275152893,0,1,0,0,0,1,0
-1.393832292503938,-0.988965811879197,-1.0909371606494176,1,1,1,1.4727070346515927,1,0,0,0,0,1,0
1.485101559988409,0.298923981478032,-0.9467782251018968,1,0,1,-0.8883463275152893,1,0,0,0,1,0,0
0.2724150920731036,-0.5798945132715964,1.359764743658434,1,0,0,-1.4786096680570098,1,0,0,0,0,0,1
-1.2772341262140428,0.6102921890578227,0.6389700659208305,1,0,1,0.2921803535681517,0,0,1,0,0,1,0
-1.438088027242474,0.6344118438357811,0.3506521948257892,1,1,1,0.2921803535681517,0,0,1,1,0,0,0
0.8133405544550483,1.622386253830176,1.6480826147534753,1,0,1,-0.8883463275152893,0,1,0,1,0,0,0
0.4341658357384813,-0.0363336382972254,-0.8026192895543761,1,1,1,0.8824436941098722,0,1,0,0,1,0,0
0.4014741969244149,0.6973831901471677,-0.8026192895543761,1,0,1,-0.8883463275152893,0,0,1,1,0,0,0
-0.5316560728704978,-0.0409245358511439,-0.5143014184593349,1,0,1,1.4727070346515927,0,1,0,0,1,0,0
1.0865153722740937,1.6320145800070875,-1.3792550317444587,1,0,1,-0.8883463275152893,1,0,0,0,1,0,0
0.2046344850885183,-0.9271596325761758,1.6480826147534753,1,0,0,-0.2980829869735688,1,0,0,1,0,0,0
-0.2336024953630901,0.353320535853604,-0.3701424829118142,1,0,0,-1.4786096680570098,0,1,0,0,0,1,0
0.084423077790157,-1.5709178932220134,1.5039236792059545,1,0,0,1.4727070346515927,0,0,1,0,1,0,0
0.8345457087266891,-0.2869526893390687,0.927287937015872,1,0,1,-0.8883463275152893,0,1,0,1,0,0,0
-0.1778171586476597,-0.5448139161574586,0.2064932592782685,1,0,1,-0.2980829869735688,0,1,0,1,0,0,0
-0.7803746818589721,-0.7231367962970154,1.0714468725633923,0,0,1,-1.4786096680570098,0,1,0,1,0,0,0
1.4952686510360969,-0.311860750535861,1.2156058081109131,1,0,0,0.8824436941098722,0,1,0,0,1,0,0
-1.4541535833254615,0.2144214651797265,0.3506521948257892,1,0,1,0.8824436941098722,0,0,1,0,0,1,0
-1.4320343394430877,-0.9345343722638536,1.0714468725633923,0,0,1,0.2921803535681517,1,0,0,0,0,1,0
-0.3923781360501365,1.177159892723478,0.4948111303733098,0,0,0,-1.4786096680570098,1,0,0,0,0,0,1
-0.7420777765639921,1.6471303544000429,-0.3701424829118142,0,1,1,-1.4786096680570098,0,0,1,0,0,1,0
-0.2194341063967192,0.211749255813236,1.5039236792059545,1,0,1,1.4727070346515927,0,0,1,1,0,0,0
-1.4431500140490836,0.0065193902379844,1.359764743658434,1,0,1,-1.4786096680570098,0,1,0,0,0,0,1
0.227797170885032,1.6059204206580666,1.2156058081109131,1,1,0,0.8824436941098722,0,0,1,0,0,0,1
0.3456457427745157,0.8572866636874158,-1.5234139672919795,1,0,1,0.2921803535681517,1,0,0,1,0,0,0
0.6089725385609406,-0.4200189479231652,-0.2259835473642935,1,0,1,0.8824436941098722,0,1,0,0,0,1,0
0.5302918441427016,-1.154963736807512,1.359764743658434,1,0,1,1.4727070346515927,0,1,0,0,1,0,0
-1.416356840270317,0.0302448418065257,-0.2259835473642935,1,0,1,-0.2980829869735688,0,1,0,0,0,1,0
0.7010886255595842,1.397822988373605,-1.0909371606494176,1,0,1,0.2921803535681517,0,1,0,0,1,0,0
0.949953833825252,0.0563424896795233,-1.5234139672919795,1,0,1,-0.8883463275152893,0,0,1,0,1,0,0
-0.5654860119545345,1.268335955390056,-0.2259835473642935,1,0,1,-0.8883463275152893,1,0,0,0,1,0,0
-0.8391696155003087,0.4586530288194235,-0.8026192895543761,1,1,1,-0.2980829869735688,0,1,0,0,0,1,0
0.6473987961593263,0.2719367599908632,-0.6584603540068555,1,0,1,0.8824436941098722,1,0,0,0,1,0,0
0.5191761695367054,0.6094061039676286,0.4948111303733098,0,1,1,0.8824436941098722,1,0,0,1,0,0,0
0.7120232069408127,-1.1612744766821614,-1.0909371606494176,1,0,1,-0.8883463275152893,1,0,0,1,0,0,0
-0.3490796083568028,0.404957667763257,0.3506521948257892,1,1,1,-0.2980829869735688,0,1,0,0,1,0,0
-0.8152049454226796,-1.0956518521481473,1.2156058081109131,1,0,1,1.4727070346515927,0,0,1,0,1,0,0
0.5078966486797287,0.3660571368941488,0.7831290014683512,0,1,1,-1.4786096680570098,0,0,1,0,0,0,1
0.8608645907263016,1.040486500347017,-0.0818246118167728,1,1,1,1.4727070346515927,0,1,0,0,0,1,0
-0.4961618008159742,-0.3074931185164796,0.3506521948257892,1,0,1,-0.2980829869735688,0,0,1,0,0,0,1
-1.44283956852091,1.13718489646941,0.3506521948257892,1,0,1,-0.8883463275152893,1,0,0,1,0,0,0
-0.4918069399346493,0.5476801607160819,-1.3792550317444587,1,0,0,0.8824436941098722,1,0,0,0,0,0,1
0.2346787134262151,-0.5268794143909726,-0.2259835473642935,1,0,0,-0.8883463275152893,0,1,0,1,0,0,0
0.1295670316787452,-1.7030108536164872,0.4948111303733098,1,0,1,-0.8883463275152893,1,0,0,0,1,0,0
0.0448757668955887,-1.6246725591857911,0.6389700659208305,1,0,1,0.2921803535681517,0,1,0,0,0,1,0
1.700266181473446,-1.7054842171162807,0.927287937015872,0,0,1,-0.8883463275152893,0,0,1,0,0,1,0
1.317840408197949,0.304948662386556,1.0714468725633923,1,0,1,-0.2980829869735688,1,0,0,1,0,0,0
1.2249137134312955,1.3640505877508948,-0.8026192895543761,1,0,1,-0.2980829869735688,0,0,1,0,0,1,0
1.1445686860425703,0.94175429474595,0.927287937015872,1,0,1,-0.8883463275152893,1,0,0,0,1,0,0
0.2313328005114543,-1.011574935775053,0.6389700659208305,1,0,1,1.4727070346515927,0,1,0,0,0,1,0
1.2199897024149855,-1.3352680985660854,-1.3792550317444587,1,0,1,1.4727070346515927,1,0,0,0,1,0,0
-1.4550590494493014,-0.5380322255458949,-1.6675729028395,1,0,1,1.4727070346515927,0,0,1,0,1,0,0
1.2910127404716074,0.9366052333556888,-0.8026192895543761,1,0,1,1.4727070346515927,0,0,1,0,1,0,0
-1.3883305078657493,0.8997280463933228,1.6480826147534753,1,0,1,1.4727070346515927,0,0,1,0,0,1,0
-1.4716765086934869,0.518331208496388,-0.3701424829118142,1,0,1,-0.8883463275152893,0,1,0,0,0,1,0
1.3797053031734468,-0.3473006656196447,1.0714468725633923,0,1,1,-0.8883463275152893,0,0,1,0,1,0,0
-0.513124199535908,-0.3172156348407738,1.359764743658434,1,0,1,0.2921803535681517,0,1,0,0,1,0,0
1.3438660916431753,-0.0243714895796062,0.927287937015872,0,0,1,1.4727070346515927,0,0,1,0,0,0,1
0.0086571219419935,-0.3964644340295039,0.2064932592782685,0,0,1,0.2921803535681517,0,0,1,0,0,0,1
-1.3128405035981845,-1.0609201074317236,1.0714468725633923,1,0,1,-1.4786096680570098,1,0,0,0,0,0,1
-1.3918661374921717,-0.7962143965701817,1.0714468725633923,1,0,1,-0.2980829869735688,0,0,1,0,1,0,0
-0.6123719101956528,1.394648431554406,-1.6675729028395,0,0,0,0.2921803535681517,1,0,0,1,0,0,0
-1.5393018929139852,0.4239805890106111,0.7831290014683512,1,0,1,-0.2980829869735688,0,1,0,0,1,0,0
1.2025185179683224,-0.7434888451796605,0.927287937015872,1,0,1,-0.2980829869735688,1,0,0,0,0,0,1
-0.9877781651396672,1.1739923129522332,-0.9467782251018968,1,0,1,-0.2980829869735688,1,0,0,0,1,0,0
-1.2949208978330484,1.0863326824546142,-0.8026192895543761,1,1,1,0.2921803535681517,0,0,1,0,1,0,0
0.1872581589976863,1.7361993485844271,-0.5143014184593349,1,0,0,-1.4786096680570098,1,0,0,1,0,0,0
-0.9805171891751608,-0.7455540513741286,0.7831290014683512,1,0,1,-0.8883463275152893,0,1,0,1,0,0,0
-1.5844544702894674,-0.7023103081534788,-0.9467782251018968,1,0,0,-0.8883463275152893,0,1,0,0,0,0,1
1.482350667669314,-0.3517206254986831,-0.3701424829118142,1,0,1,-1.4786096680570098,1,0,0,0,1,0,0
-0.6835501710163611,-0.3239066238289317,1.359764743658434,1,0,1,-0.8883463275152893,0,1,0,1,0,0,0
0.9080264405480188,-0.0915744154752654,1.6480826147534753,1,0,0,0.8824436941098722,0,1,0,0,0,1,0
-0.9177899455102912,-1.620235156686867,1.359764743658434,1,1,1,1.4727070346515927,0,0,1,0,0,1,0
-1.2550458944365188,1.6130684062872307,-0.8026192895543761,1,0,1,0.2921803535681517,1,0,0,1,0,0,0
1.5225792340284865,1.1299845829805897,-0.9467782251018968,0,1,1,0.8824436941098722,0,1,0,1,0,0,0
0.7032272503092251,1.7195137384017578,-1.0909371606494176,0,1,1,0.2921803535681517,1,0,0,0,0,0,1
0.663102165792778,-1.558432465907823,-0.5143014184593349,0,0,0,-0.8883463275152893,0,1,0,0,0,0,1
0.2789861890861129,-0.0685187605103356,1.2156058081109131,1,1,1,-0.2980829869735688,0,1,0,0,1,0,0
0.2576516825110668,1.3706787833074645,0.927287937015872,1,1,1,-0.8883463275152893,1,0,0,0,0,0,1
-1.4447367356375271,0.7791088413596682,-1.2350960961969382,0,0,1,0.2921803535681517,0,0,1,0,0,0,1
1.2485161970593883,-1.5881721328129568,0.2064932592782685,1,0,1,0.8824436941098722,1,0,0,1,0,0,0
0.3808985571960152,1.084529115558432,1.359764743658434,0,0,0,1.4727070346515927,0,0,1,0,0,1,0
-0.0684885918091642,-1.0276605198336537,-0.9467782251018968,1,0,1,-1.4786096680570098,0,0,1,1,0,0,0
-1.1093952008017038,-0.5681695841844228,-1.0909371606494176,0,1,1,0.8824436941098722,1,0,0,0,0,0,1
-1.0737284590093064,1.6930742151790006,1.6480826147534753,1,0,1,1.4727070346515927,0,1,0,0,0,1,0
-1.0675281719327263,-0.719166856011028,-0.8026192895543761,1,0,0,-0.8883463275152893,0,0,1,0,0,1,0
-0.7097397007125679,-0.5696452298267537,0.0623343237307478,1,0,1,0.2921803535681517,0,1,0,0,1,0,0
-1.213946355901082,1.4129980676741718,-1.5234139672919795,0,0,1,1.4727070346515927,0,0,1,0,0,1,0
-0.8527343603841194,-0.7236286781777924,0.6389700659208305,1,0,0,-0.8883463275152893,1,0,0,0,1,0,0
1.6689456770754794,-1.2998107408624162,-0.3701424829118142,1,1,0,0.2921803535681517,1,0,0,0,1,0,0
0.1688383909927153,1.3030118837228453,1.6480826147534753,1,0,0,0.8824436941098722,0,0,1,1,0,0,0
0.6085499877031484,-0.4925453614079431,0.927287937015872,1,1,1,0.8824436941098722,0,1,0,0,1,0,0
-1.1215629408087329,0.3370500600242146,-0.0818246118167728,1,1,1,0.8824436941098722,0,0,1,0,0,0,1
-0.2609820662506294,-1.5715388504899446,1.6480826147534753,0,0,0,-0.2980829869735688,0,1,0,0,0,1,0
-0.3650934235184283,0.8867821339141497,-1.0909371606494176,0,0,1,1.4727070346515927,0,0,1,0,0,1,0
1.217100834305592,-1.6507702070587889,1.359764743658434,0,1,1,0.8824436941098722,0,0,1,0,0,0,1
0.823421410633799,1.425354419601208,-0.3701424829118142,1,0,1,1.4727070346515927,0,0,1,0,1,0,0
-0.8106344973690117,-1.5058429669524105,0.6389700659208305,1,0,1,1.4727070346515927,0,1,0,0,0,0,1
-0.7975440442643552,1.4116305662751325,-1.5234139672919795,1,0,1,0.8824436941098722,0,1,0,1,0,0,0
1.6278633855138305,0.6786428393419618,0.7831290014683512,1,1,1,-0.2980829869735688,1,0,0,0,1,0,0
-0.8939028868147058,1.1388210142146895,1.5039236792059545,1,0,1,0.8824436941098722,0,0,1,0,1,0,0
-0.4702568461872599,0.5340853827771602,-1.2350960961969382,1,0,1,0.2921803535681517,1,0,0,1,0,0,0
0.2051346473283536,-1.1470936267150802,1.5039236792059545,1,0,0,0.8824436941098722,0,0,1,0,1,0,0
0.8512838967873861,1.5301496798745473,-1.6675729028395,0,0,1,-0.8883463275152893,0,0,1,0,0,1,0
1.4115518402719296,0.5632773514178828,0.6389700659208305,1,0,1,-0.8883463275152893,0,1,0,1,0,0,0
0.6775033889052788,0.8754583850843475,1.359764743658434,1,0,1,1.4727070346515927,0,1,0,0,0,0,1
-1.7017252685570723,-1.189950143774267,-0.2259835473642935,1,0,1,0.2921803535681517,0,0,1,0,0,1,0
1.216764518316737,-0.4767388592675136,1.6480826147534753,1,1,1,-0.2980829869735688,0,1,0,1,0,0,0
1.0259698707933336,1.1196725061041586,-1.0909371606494176,1,0,1,-0.8883463275152893,0,0,1,0,1,0,0
0.6487181896540642,0.9720556140114036,-0.8026192895543761,1,0,1,-0.2980829869735688,0,0,1,1,0,0,0
1.546224835091048,0.1200045637383841,1.5039236792059545,1,0,1,-0.2980829869735688,0,0,1,0,0,0,1
-0.9617955991289094,-0.8090068139943607,1.5039236792059545,1,0,1,0.8824436941098722,0,1,0,1,0,0,0
-0.9619766923536774,-0.6527558250581799,-0.3701424829118142,0,0,1,1.4727070346515927,0,1,0,0,0,1,0
1.5681457387748667,0.1695695124056147,-0.8026192895543761,1,0,1,1.4727070346515927,0,0,1,0,0,0,1
1.5941541752463055,0.9155415255817064,-0.9467782251018968,0,0,1,1.4727070346515927,0,0,1,0,1,0,0
-1.645465640062488,-0.3055046598495089,0.4948111303733098,1,0,1,-0.2980829869735688,0,0,1,0,0,1,0
0.5262732992502314,0.6954296167199681,-1.2350960961969382,1,1,1,0.8824436941098722,0,1,0,0,0,1,0
-0.7011420842795361,-1.1888024193857871,-0.9467782251018968,1,1,0,-0.2980829869735688,0,0,1,0,0,1,0
1.342287993541626,-1.601048274812587,-0.5143014184593349,0,0,1,-0.2980829869735688,0,1,0,0,0,0,1
-1.0736680946010502,-0.4850834086208367,1.6480826147534753,1,0,0,0.8824436941098722,1,0,0,1,0,0,0
0.1893364193390714,-1.2899207753872193,-0.6584603540068555,1,0,1,0.8824436941098722,0,1,0,0,0,0,1
-0.8541141182871135,-0.4557309678771657,-0.6584603540068555,1,0,1,-1.4786096680570098,1,0,0,0,0,1,0
1.3878544982880054,-1.3845434997432131,-1.3792550317444587,1,0,1,1.4727070346515927,0,0,1,1,0,0,0
-0.0179894525595801,0.8678778224820182,-0.8026192895543761,0,0,1,-0.8883463275152893,1,0,0,1,0,0,0
0.9454006327453718,-1.69441513053681,1.5039236792059545,1,0,1,1.4727070346515927,0,1,0,0,0,0,1
1.4156221260857624,-1.2982199739288396,-1.6675729028395,0,0,1,-0.2980829869735688,1,0,0,0,0,0,1
-0.6507636738464637,-0.932057520240083,0.7831290014683512,0,0,0,1.4727070346515927,0,0,1,1,0,0,0
-0.0444290633757049,-1.2775993086999544,1.6480826147534753,1,0,0,-0.8883463275152893,0,0,1,0,0,0,1
-0.6288082762150701,-1.6606845922018258,-1.3792550317444587,1,1,1,1.4727070346515927,0,1,0,1,0,0,0
-0.2549887428594985,1.5037275992716754,-0.5143014184593349,0,0,1,-0.8883463275152893,0,0,1,0,0,0,1
-1.543613636360842,0.3752424205259631,0.7831290014683512,1,1,1,1.4727070346515927,0,0,1,0,1,0,0
-1.4004465069514165,-1.5697771458814882,-1.0909371606494176,0,0,1,-0.8883463275152893,0,1,0,0,0,0,1
1.5457074258774248,-0.6194648407443156,-0.8026192895543761,1,0,1,-1.4786096680570098,0,1,0,0,0,0,1
1.528926120382259,-0.667302970042861,-1.2350960961969382,0,0,1,-0.8883463275152893,0,1,0,0,1,0,0
1.6628230013809435,-0.7095175986902539,0.3506521948257892,1,1,1,0.8824436941098722,0,0,1,0,0,0,1
-0.6058611775908992,1.5933861540081966,-0.5143014184593349,1,0,1,0.2921803535681517,1,0,0,0,0,0,1
-0.652350395434907,0.0380277387995289,0.2064932592782685,0,0,1,0.8824436941098722,0,0,1,1,0,0,0
-1.4125797530108706,1.2995896417012691,0.3506521948257892,1,0,1,0.2921803535681517,0,0,1,0,0,1,0
1.6426440420496542,-0.2998358083866534,-0.0818246118167728,1,0,0,-0.2980829869735688,1,0,0,1,0,0,0
0.4756189372365605,0.2198635625840679,-1.6675729028395,1,0,0,-0.2980829869735688,1,0,0,0,1,0,0
-0.0767412687664479,-1.4932982347306083,0.0623343237307478,0,0,1,-1.4786096680570098,1,0,0,0,0,1,0
-1.279631455570495,-1.260170642910154,-0.9467782251018968,1,0,1,-0.8883463275152893,0,1,0,0,0,0,1
0.6709926563005256,0.8097694785947674,1.6480826147534753,0,0,0,0.8824436941098722,0,0,1,0,0,1,0
1.230950154256895,-0.769453929141527,-1.6675729028395,1,1,1,0.8824436941098722,1,0,0,0,0,0,1
1.4340505175776277,1.70293627246238,0.927287937015872,1,0,0,0.2921803535681517,0,1,0,0,0,1,0
0.1928634254785998,-1.101181162651917,0.6389700659208305,1,0,1,-1.4786096680570098,0,1,0,1,0,0,0
1.3546368267734228,-0.9521130445846712,0.0623343237307478,1,1,1,1.4727070346515927,0,1,0,0,0,0,1
0.305839727273136,0.4801179168507768,1.5039236792059545,0,1,1,0.2921803535681517,0,0,1,0,0,1,0
-1.3447560285918168,1.2809748777592405,0.4948111303733098,1,0,1,-0.8883463275152893,0,1,0,0,1,0,0
-0.4393071517257236,-0.0546414121292653,-0.9467782251018968,1,0,0,0.8824436941098722,0,0,1,0,0,0,1
-0.7368002025850398,-0.7939398789370853,-0.8026192895543761,1,1,1,0.2921803535681517,0,0,1,0,1,0,0
0.95724068025044,-1.559273200186314,-1.0909371606494176,1,0,0,1.4727070346515927,0,0,1,1,0,0,0
1.0736318828548856,-0.3350001300762426,-0.5143014184593349,0,0,0,1.4727070346515927,1,0,0,0,0,0,1
-0.3965001627853316,0.1860144144338608,-0.3701424829118142,1,0,1,0.2921803535681517,1,0,0,0,0,1,0
1.0416128760185297,-0.9366484177940017,1.6480826147534753,1,0,0,-0.8883463275152893,0,1,0,0,0,0,1
-1.2766908465397389,-1.3291841127499502,0.7831290014683512,1,1,1,-0.2980829869735688,1,0,0,0,0,0,1
-1.5920862561904034,-0.2887736988551369,0.7831290014683512,1,0,1,1.4727070346515927,0,1,0,0,0,1,0
-0.6474436313923843,0.7016322123513261,-1.0909371606494176,1,0,1,0.8824436941098722,0,0,1,0,0,1,0
-1.4038872782220078,-0.8414779951735964,1.359764743658434,1,0,0,0.2921803535681517,0,0,1,1,0,0,0
-0.120445100343786,1.1046997611942655,1.2156058081109131,0,1,0,1.4727070346515927,1,0,0,0,0,0,1
-1.3052087176972482,-0.113824221401476,0.6389700659208305,1,1,1,0.2921803535681517,1,0,0,0,0,1,0
1.6843903421021194,-1.7375332868942823,-0.0818246118167728,1,0,1,-1.4786096680570098,0,0,1,1,0,0,0
-0.7175008389169096,-0.4691652737131388,-1.3792550317444587,1,0,0,0.2921803535681517,0,0,1,0,1,0,0
-0.7123698642151505,0.401047032384881,-0.9467782251018968,1,0,0,0.2921803535681517,0,0,1,0,1,0,0
0.0677107601901408,-0.003360109665281,-0.2259835473642935,0,0,1,1.4727070346515927,0,1,0,0,1,0,0
0.6353345379950214,-0.3896025073664659,-0.5143014184593349,1,0,1,0.8824436941098722,0,1,0,0,0,1,0
-0.0719724805142243,-1.5716609488291446,0.3506521948257892,1,0,0,-0.2980829869735688,0,0,1,0,0,0,1
0.7388336276933666,1.3259977682082322,1.6480826147534753,1,0,0,-0.2980829869735688,0,0,1,0,0,1,0
1.037266638624098,1.5832310607107367,-0.6584603540068555,1,1,1,0.2921803535681517,0,1,0,0,1,0,0
0.399240713818943,-0.7560963708330511,0.2064932592782685,0,0,1,1.4727070346515927,0,1,0,0,1,0,0
0.6765892992945453,1.3280106465430432,-1.3792550317444587,1,0,1,0.2921803535681517,0,1,0,0,0,0,1
0.6178374830876775,-1.3247362446790945,1.6480826147534753,1,0,1,-1.4786096680570098,0,1,0,1,0,0,0
0.513838231149497,-0.1627751898487295,1.0714468725633923,1,0,1,-0.2980829869735688,0,0,1,0,0,0,1
-1.1132412759562995,-0.5510479085046108,-1.0909371606494176,1,0,1,0.2921803535681517,1,0,0,0,0,0,1
0.1386993042991876,-1.2432268819531764,0.3506521948257892,1,1,1,0.8824436941098722,0,0,1,0,0,0,1
-0.5445568092634927,-0.1728570241426692,1.2156058081109131,0,0,1,0.8824436941098722,0,1,0,0,1,0,0
-0.8028216182433077,0.3412955937043962,-1.0909371606494176,1,0,1,-0.2980829869735688,0,0,1,1,0,0,0
-0.7480624764682291,0.8202210964302843,1.0714468725633923,1,0,1,0.2921803535681517,1,0,0,1,0,0,0
1.0635510266761354,-1.640067415496918,-0.8026192895543761,0,1,1,-1.4786096680570098,0,1,0,0,0,1,0
0.7941360491427492,-1.074043934633731,-1.5234139672919795,1,0,1,0.2921803535681517,0,0,1,0,1,0,0
-0.0696096451053471,-0.2951018813496718,-1.5234139672919795,0,0,1,-1.4786096680570098,0,0,1,0,0,0,1
1.0771933829419893,0.9492022934371476,0.7831290014683512,1,0,1,-0.2980829869735688,0,1,0,0,0,1,0
0.2937495986481502,0.4021389403897265,-1.0909371606494176,1,0,0,0.8824436941098722,1,0,0,0,0,1,0
-0.2172092467781413,1.1558171030313242,0.927287937015872,0,0,1,-1.4786096680570098,0,1,0,0,1,0,0
0.8942029910573964,-0.9355146475014304,-0.0818246118167728,0,0,0,0.8824436941098722,1,0,0,1,0,0,0
1.4128798572535617,-0.2275361489603898,-1.3792550317444587,1,0,0,-0.2980829869735688,0,0,1,1,0,0,0
-1.1403276482894529,-0.5791026183287852,0.2064932592782685,1,0,0,0.2921803535681517,0,1,0,0,0,0,1
-0.4532685770066452,0.2978530046170496,-0.3701424829118142,1,1,1,1.4727070346515927,0,0,1,0,1,0,0
-1.6467677865834387,-0.5945567795475234,1.359764743658434,1,0,1,-0.2980829869735688,1,0,0,0,1,0,0
-0.156137712596865,0.0922882407399923,-0.5143014184593349,0,0,0,-0.8883463275152893,0,1,0,0,1,0,0
-0.0657808169245384,-0.6703100777111572,-0.2259835473642935,0,0,0,0.8824436941098722,1,0,0,0,0,1,0
-0.9126503473216382,-0.2897504855687366,0.3506521948257892,1,0,1,1.4727070346515927,0,1,0,0,1,0,0
0.0103818193207361,1.3133274491232534,0.2064932592782685,1,1,1,-0.8883463275152893,0,0,1,0,1,0,0
1.300334729803711,1.2457303200181766,-1.3792550317444587,1,0,1,0.2921803535681517,1,0,0,0,0,0,1
-0.8784668452749593,0.3839567534208631,0.7831290014683512,1,0,1,-1.4786096680570098,1,0,0,1,0,0,0
1.6462745300319075,-0.364335128200028,1.0714468725633923,0,0,1,-0.8883463275152893,1,0,0,0,0,1,0
-1.4386140599429906,-1.1030440344557109,-1.6675729028395,1,0,1,-0.8883463275152893,0,0,1,1,0,0,0
0.7309345136987255,-1.5638396780723929,0.2064932592782685,1,0,1,1.4727070346515927,1,0,0,0,0,1,0
-1.1538837696863695,0.5956264342579185,0.7831290014683512,1,0,1,0.2921803535681517,0,0,1,0,0,0,1
0.9525926208147284,-0.3798765025181946,0.4948111303733098,1,0,1,-0.2980829869735688,1,0,0,0,0,1,0
-0.4050805322445761,0.0544970604956153,0.6389700659208305,1,0,1,-0.8883463275152893,0,0,1,1,0,0,0
0.4566903835048599,-1.074563724706325,-0.6584603540068555,1,0,1,-0.8883463275152893,0,0,1,0,0,1,0
1.0567470955169955,-1.441395974998693,0.2064932592782685,1,0,0,1.4727070346515927,0,1,0,1,0,0,0
0.112199329074807,0.3689944740829022,0.7831290014683512,0,1,1,0.8824436941098722,0,1,0,0,1,0,0
-0.4497415708671164,0.6842384318012973,-0.5143014184593349,0,0,1,-0.2980829869735688,1,0,0,0,0,0,1
-1.5170619202150992,0.3481714744633427,1.6480826147534753,0,0,1,-0.8883463275152893,0,1,0,1,0,0,0
-1.1131895350349377,-1.632783377432646,0.2064932592782685,1,0,1,0.2921803535681517,0,1,0,0,1,0,0
1.2337786579580323,1.2511235780868382,1.359764743658434,0,0,1,0.2921803535681517,1,0,0,0,0,0,1
-1.2415846313954326,0.6508462802920959,-0.6584603540068555,1,0,1,-0.2980829869735688,0,1,0,1,0,0,0
-0.1335183064746554,1.7271361632918127,0.2064932592782685,1,0,1,-1.4786096680570098,0,1,0,0,1,0,0
0.7151535326832307,-1.7220616830556588,-1.3792550317444587,1,0,0,0.2921803535681517,0,0,1,0,1,0,0
-0.5456519920989943,0.5294665770314246,-1.0909371606494176,1,0,1,1.4727070346515927,0,0,1,1,0,0,0
1.072467712124235,1.3599725032216166,0.2064932592782685,1,0,1,-0.8883463275152893,0,0,1,1,0,0,0
0.6621794526951505,1.4924178045377818,1.5039236792059545,1,0,1,0.8824436941098722,0,1,0,0,0,0,1
-0.3211136403604912,-1.511121103729826,1.2156058081109131,1,0,0,-0.2980829869735688,0,1,0,0,1,0,0
1.0980018568165193,-0.5499455349278342,-1.2350960961969382,1,0,0,0.8824436941098722,0,1,0,1,0,0,0
-0.5161424199487077,1.00210924807448,-1.3792550317444587,1,0,1,1.4727070346515927,1,0,0,1,0,0,0
0.3121607431662276,-0.5937788387006208,-1.0909371606494176,1,0,1,0.2921803535681517,0,0,1,0,1,0,0
-1.423272876759075,-0.3062546925045942,0.4948111303733098,1,0,1,0.2921803535681517,1,0,0,0,0,1,0
0.3625736475468747,-0.0123325933344898,-1.6675729028395,0,0,1,0.8824436941098722,1,0,0,0,0,0,1
0.9071295979110728,-1.3860784502931556,-0.8026192895543761,1,0,1,1.4727070346515927,0,1,0,0,1,0,0
-0.4301317616708129,-0.6228138237623718,0.2064932592782685,1,0,1,-1.4786096680570098,0,0,1,0,0,1,0
-1.5026003326943422,-0.0064544304330057,0.3506521948257892,1,0,1,0.2921803535681517,0,1,0,0,0,0,1
-1.037087263197919,-0.4931349219600801,0.3506521948257892,0,1,1,-0.8883463275152893,0,1,0,0,1,0,0
0.8469721533405296,0.6345827815106609,-0.0818246118167728,0,0,0,-0.8883463275152893,0,0,1,0,0,0,1
1.3579741162012895,0.9247512288813609,0.0623343237307478,0,0,1,-0.2980829869735688,0,1,0,0,0,0,1
1.4489432794430697,0.7796146773363537,0.2064932592782685,0,0,0,0.8824436941098722,0,1,0,0,1,0,0
-0.0178083593348121,1.2546748954955689,0.4948111303733098,1,0,1,-0.8883463275152893,0,1,0,0,1,0,0
0.5407176397972009,0.7690793349253855,-0.8026192895543761,1,1,1,-0.2980829869735688,0,1,0,0,0,0,1
-1.5341795416991195,-0.3214507029490239,1.5039236792059545,1,0,0,-0.8883463275152893,0,0,1,0,0,1,0
1.4025316729811057,-0.4982979374462498,1.359764743658434,1,0,1,-1.4786096680570098,1,0,0,1,0,0,0
0.5269286842541538,0.3497378217290796,-0.8026192895543761,1,1,1,1.4727070346515927,1,0,0,0,0,1,0
1.086463631352731,-0.6451403772160793,-0.3701424829118142,0,0,1,-0.8883463275152893,0,1,0,1,0,0,0
-0.439867678373815,0.2766078935962562,0.2064932592782685,1,1,1,0.8824436941098722,0,0,1,1,0,0,0
-1.0296796879562191,1.0432494113369133,1.5039236792059545,0,0,1,-0.8883463275152893,0,1,0,1,0,0,0
0.7151621561701241,-1.5509809786926485,0.3506521948257892,1,0,1,0.2921803535681517,1,0,0,0,0,0,1
1.1393083590374058,-0.1616867703678613,-0.6584603540068555,1,0,1,-0.8883463275152893,0,0,1,1,0,0,0
1.035257366177862,1.354083874748201,0.6389700659208305,1,0,0,-1.4786096680570098,0,1,0,0,0,0,1
-1.5114566537341856,0.5017293228891702,1.2156058081109131,1,0,1,1.4727070346515927,0,0,1,0,0,0,1
-0.8695415363399661,-0.0790122406335781,1.5039236792059545,0,1,0,1.4727070346515927,1,0,0,0,1,0,0
-1.07842825936638,0.7861068204578148,-0.3701424829118142,1,0,1,0.8824436941098722,1,0,0,0,0,1,0
0.2255809347533476,-1.6089358275249048,0.2064932592782685,0,0,1,-0.2980829869735688,0,1,0,0,1,0,0
-1.3394525841521832,0.4081845524421131,-1.3792550317444587,1,0,1,-0.2980829869735688,0,1,0,1,0,0,0
1.0747011952297068,1.6182453758693092,1.2156058081109131,1,0,1,-1.4786096680570098,1,0,0,0,0,0,1
0.9573355386062704,-1.1502019015787135,-1.0909371606494176,1,0,1,0.8824436941098722,0,0,1,0,0,0,1
-1.0708137204392312,0.5778314734505182,0.0623343237307478,0,0,1,0.8824436941098722,0,0,1,0,1,0,0
1.1671277277565235,-1.099482251475049,0.0623343237307478,1,1,1,1.4727070346515927,1,0,0,0,0,0,1
0.6591784792561384,-1.5164445913189444,1.0714468725633923,1,0,1,-0.8883463275152893,0,1,0,0,1,0,0
-0.1764374007446657,-0.7663456542778936,-1.3792550317444587,0,0,1,0.8824436941098722,0,1,0,1,0,0,0
0.1886034229531055,-1.2537412932202818,0.0623343237307478,1,1,0,0.8824436941098722,0,1,0,0,1,0,0
1.490482615810086,0.6059559537542356,-1.5234139672919795,1,0,1,0.8824436941098722,0,0,1,1,0,0,0
1.7240583818132,0.1182812328936759,0.927287937015872,1,0,1,-0.8883463275152893,0,0,1,0,0,1,0
-0.8416876736732727,-0.2497859548866001,0.6389700659208305,0,0,1,-0.8883463275152893,0,0,1,0,0,0,1
-1.6348932451307956,-1.1162725173770325,0.4948111303733098,0,1,1,-0.2980829869735688,0,0,1,0,0,1,0
-0.8455251253409751,0.2922120613460113,-1.5234139672919795,1,0,1,0.2921803535681517,0,1,0,0,1,0,0
-0.920471849934236,-0.6494556813758037,1.5039236792059545,1,0,1,-1.4786096680570098,0,0,1,1,0,0,0
0.1290065050306542,-1.5105106120338263,1.0714468725633923,1,0,1,-0.8883463275152893,0,0,1,0,0,1,0
-1.6545979126829302,0.598710289453712,1.2156058081109131,1,0,0,0.2921803535681517,1,0,0,0,0,1,0
-0.764481595513859,-1.5271229632129757,-0.0818246118167728,1,0,1,-1.4786096680570098,0,0,1,0,1,0,0
1.304577485355418,-0.9612913511685311,0.927287937015872,0,0,0,-0.8883463275152893,0,1,0,0,0,0,1
-1.342194852984384,0.3154805162735469,-0.5143014184593349,0,0,1,-0.2980829869735688,0,1,0,0,0,1,0
-0.9163756936597224,0.8540248937687881,-0.9467782251018968,1,1,1,-1.4786096680570098,0,0,1,1,0,0,0
0.0015944861760424,0.0482735337203943,-0.5143014184593349,1,1,0,-0.2980829869735688,0,0,1,0,0,0,1
0.1994172755178217,1.612817232560876,-0.9467782251018968,0,0,1,1.4727070346515927,0,0,1,0,0,1,0
0.4504383555069179,-0.3265509250036053,-0.3701424829118142,0,0,1,0.2921803535681517,0,0,1,0,0,1,0
0.1861629761621847,-1.4287535641055311,-0.2259835473642935,1,0,1,0.8824436941098722,1,0,0,0,1,0,0
1.253948993802428,-0.7976760881166042,-0.8026192895543761,0,1,1,0.8824436941098722,0,0,1,0,0,1,0
0.2111279707194845,1.1590858499979064,0.927287937015872,0,1,1,-0.2980829869735688,0,1,0,0,0,1,0
-0.5722640726529927,0.7504610824593798,0.4948111303733098,1,0,0,0.8824436941098722,0,1,0,1,0,0,0
-1.3287680838908726,1.3626516896360616,-0.9467782251018968,1,0,0,-0.2980829869735688,0,1,0,1,0,0,0
-0.0818981139288883,0.2971587883455984,-1.2350960961969382,1,0,1,-0.2980829869735688,1,0,0,0,0,1,0
-0.4139799707188881,1.5225412090804011,0.6389700659208305,0,1,1,0.2921803535681517,0,1,0,0,1,0,0
-1.5472613713168826,-0.5811329392834818,-0.3701424829118142,0,1,1,0.2921803535681517,0,0,1,0,0,0,1
-0.562071111144624,1.2391056129855846,1.359764743658434,1,1,1,0.8824436941098722,1,0,0,0,0,1,0
-1.44434867872731,1.5961351109021842,1.5039236792059545,0,1,1,1.4727070346515927,0,0,1,0,0,1,0
-0.962080174196402,-0.7249194320493348,1.2156058081109131,1,0,0,-0.8883463275152893,1,0,0,0,0,0,1
0.992407259803002,-0.5528898491645418,-0.3701424829118142,1,0,1,-0.8883463275152893,0,1,0,0,0,1,0
-1.6601773087031626,-1.206311321227062,-1.2350960961969382,1,0,1,1.4727070346515927,1,0,0,0,0,0,1
0.9057412165211848,0.717867802940944,-0.6584603540068555,1,0,1,-0.2980829869735688,1,0,0,0,0,1,0
-0.4316063779296379,-0.7176772562727886,-0.9467782251018968,0,0,1,0.8824436941098722,0,1,0,0,1,0,0
-0.5857253356940791,1.2804446221147148,-1.0909371606494176,1,0,1,1.4727070346515927,0,0,1,1,0,0,0
-1.6101610847196264,-0.4856276183612709,0.927287937015872,1,0,1,-0.2980829869735688,1,0,0,0,1,0,0
1.013724519404261,0.4864670304891748,0.7831290014683512,0,0,1,1.4727070346515927,0,0,1,1,0,0,0
1.0377409304032517,-0.4421675866540384,-0.8026192895543761,1,0,1,0.2921803535681517,1,0,0,0,1,0,0
1.0222359009683557,-0.1262887175718035,0.6389700659208305,1,0,1,-0.2980829869735688,0,1,0,0,0,1,0
1.148250914946186,-1.1005497398120545,-0.9467782251018968,0,0,1,1.4727070346515927,0,0,1,0,0,0,1
-1.0606466293915433,-1.2008622467747665,0.927287937015872,0,1,1,-1.4786096680570098,0,1,0,1,0,0,0
1.0106631815569926,-1.032342119010978,-0.5143014184593349,1,0,1,0.2921803535681517,0,1,0,0,1,0,0
1.6632972931600978,1.64306971249065,1.2156058081109131,1,0,1,0.8824436941098722,1,0,0,0,0,1,0
1.6686697254948808,0.2965657392694844,-1.5234139672919795,1,1,1,-0.8883463275152893,0,1,0,0,1,0,0
1.399340982830432,0.1521303810438826,-1.6675729028395,1,0,1,0.2921803535681517,0,1,0,1,0,0,0
1.1150591138922843,-0.1144451786694071,0.4948111303733098,0,0,1,-1.4786096680570098,0,0,1,0,0,1,0
-0.688629404796758,-1.438664460724591,0.4948111303733098,1,0,1,0.2921803535681517,0,1,0,0,1,0,0
-1.3900638287313856,-0.2996404510439334,-1.0909371606494176,0,0,0,-1.4786096680570098,0,0,1,1,0,0,0
1.4020401342281643,0.0851786288745773,0.7831290014683512,1,0,1,-1.4786096680570098,0,0,1,0,1,0,0
1.3959088350467337,-0.8933976975253977,1.2156058081109131,1,0,1,-1.4786096680570098,1,0,0,1,0,0,0
1.6385306388013534,-0.0632092270171257,-0.5143014184593349,1,0,1,0.8824436941098722,1,0,0,0,0,1,0
1.63845302741931,1.113016402355772,0.0623343237307478,1,0,1,-0.2980829869735688,0,1,0,0,0,1,0
-1.4368634921035668,-0.7114118672098418,0.6389700659208305,0,1,0,0.8824436941098722,0,1,0,0,1,0,0
-0.522446188868012,-0.752946233681692,0.2064932592782685,0,0,1,0.8824436941098722,1,0,0,1,0,0,0
0.5822138587297485,-0.4693431884359729,0.3506521948257892,1,0,1,-0.8883463275152893,0,0,1,1,0,0,0
0.3036148676545581,-0.8441292733962241,-1.3792550317444587,1,0,1,1.4727070346515927,0,1,0,0,1,0,0
-1.5801513503295046,-0.3536323366381569,0.4948111303733098,1,0,1,0.2921803535681517,0,1,0,0,1,0,0
-0.464160040953405,1.168703710602886,-0.2259835473642935,0,0,1,0.8824436941098722,0,0,1,0,1,0,0
0.5297658114421854,-0.1539527127105379,-1.6675729028395,1,0,1,0.2921803535681517,0,1,0,0,0,1,0
0.4647274732898007,1.402431328547409,0.927287937015872,1,1,1,-0.8883463275152893,0,1,0,0,0,0,1
1.4130264565307546,-1.7339401071978269,0.927287937015872,1,0,1,-1.4786096680570098,1,0,0,1,0,0,0
-0.0045195660316003,0.0803749313580532,1.6480826147534753,1,0,1,-1.4786096680570098,0,0,1,1,0,0,0
-1.6793300730940994,-1.0298652669872077,0.7831290014683512,1,0,1,-1.4786096680570098,1,0,0,0,1,0,0
-1.3873388068729722,0.2275697120495738,-0.6584603540068555,1,0,1,-1.4786096680570098,0,0,1,1,0,0,0
1.194119241733846,0.468686023777683,-0.5143014184593349,1,0,0,0.8824436941098722,1,0,0,0,0,0,1
1.5827539255728165,-1.331346997615778,-0.6584603540068555,0,0,1,-1.4786096680570098,1,0,0,0,0,1,0
0.4048977212212188,-0.6623771741871368,-0.0818246118167728,0,0,0,1.4727070346515927,1,0,0,0,0,1,0
-0.0669536111420835,-1.4839175937560745,-0.3701424829118142,0,0,1,-0.8883463275152893,0,0,1,0,0,1,0
1.299791450129407,-0.2425472676340309,-0.5143014184593349,1,0,1,0.8824436941098722,0,0,1,0,0,1,0
-1.273258698756041,0.9836410021394916,0.2064932592782685,0,0,1,-0.8883463275152893,1,0,0,1,0,0,0
-1.4012312442587442,-0.1538445684672464,0.7831290014683512,1,0,1,-0.8883463275152893,1,0,0,0,0,0,1
1.2997224622342574,1.2630333989448002,0.4948111303733098,1,0,1,1.4727070346515927,0,0,1,0,0,0,1
1.136333256059074,-0.3906455760356314,1.2156058081109131,1,1,1,0.8824436941098722,0,1,0,0,0,0,1
-0.0327614856085108,-0.6441356823106624,-1.2350960961969382,1,0,1,0.8824436941098722,1,0,0,0,0,0,1
-0.0532163965203982,-0.3669236129910672,0.0623343237307478,1,1,0,0.2921803535681517,0,1,0,0,1,0,0
0.0002492222206232,-1.710605370314725,-0.2259835473642935,1,0,1,-0.2980829869735688,0,0,1,0,1,0,0
-0.5196176851668742,-0.4932221350595086,0.0623343237307478,1,0,0,0.8824436941098722,0,1,0,0,0,0,1
0.3627374937978553,1.6603972110851133,-1.6675729028395,1,0,0,-0.8883463275152893,0,1,0,0,1,0,0
0.2852037231364802,-1.3789653499037635,0.3506521948257892,1,1,1,-0.2980829869735688,1,0,0,0,1,0,0
0.0688490604601111,1.465887579691618,1.2156058081109131,0,0,1,-1.4786096680570098,1,0,0,0,0,0,1
0.2502699777300484,0.4995734150712964,-0.0818246118167728,0,0,1,-0.8883463275152893,0,0,1,0,0,1,0
-0.3667232625413399,-1.4247731582476124,0.2064932592782685,0,1,1,-1.4786096680570098,0,1,0,0,0,0,1
-1.382173338223638,-1.5292091005513064,-1.0909371606494176,0,0,0,-0.2980829869735688,0,0,1,0,0,1,0
0.9840683479767812,-0.0943094182733446,0.7831290014683512,1,0,1,1.4727070346515927,0,0,1,0,0,1,0
-0.2384575184842507,0.4870042631816546,0.2064932592782685,1,1,1,1.4727070346515927,0,0,1,1,0,0,0
-1.5089558425350087,-0.7916060563963774,-0.9467782251018968,1,0,1,1.4727070346515927,0,1,0,0,0,0,1
1.2420658288628914,-0.9235385446879028,-1.6675729028395,1,0,1,-0.8883463275152893,0,1,0,1,0,0,0
-1.211273074964031,1.4383701025599238,0.2064932592782685,1,0,0,0.2921803535681517,1,0,0,1,0,0,0
-0.0728693231511709,1.624172378106473,-1.5234139672919795,1,0,0,0.2921803535681517,0,1,0,0,0,0,1
1.476633295858783,-1.174890185764946,1.6480826147534753,0,1,1,-0.2980829869735688,0,1,0,0,0,0,1
1.2035533363955686,-0.9028481089794748,0.4948111303733098,0,0,1,0.8824436941098722,0,0,1,1,0,0,0
0.6361968866843928,-0.262798149321339,0.3506521948257892,1,0,1,-1.4786096680570098,1,0,0,1,0,0,0
0.1153382783041185,1.4090071962443214,0.7831290014683512,0,0,1,0.2921803535681517,0,1,0,0,0,1,0
-0.6361123696140449,0.4895718168288309,1.5039236792059545,0,1,1,-0.2980829869735688,0,1,0,0,0,0,1
1.533117135012604,1.7414670197899114,0.4948111303733098,0,0,1,-0.2980829869735688,1,0,0,0,0,1,0
1.5812361918795228,0.806978659413054,0.927287937015872,0,1,1,0.2921803535681517,0,0,1,0,0,1,0
-0.3941631978371353,0.9062969370422808,-1.6675729028395,1,0,1,1.4727070346515927,0,0,1,1,0,0,0
1.661055186567732,-0.7323255684528068,0.2064932592782685,0,0,1,0.8824436941098722,0,1,0,0,0,1,0
-1.1118356475926243,-1.4607119322601272,-1.2350960961969382,0,0,1,-0.8883463275152893,0,1,0,0,0,1,0
0.9409077960737472,1.3679751772251794,0.7831290014683512,1,0,1,0.8824436941098722,1,0,0,0,0,0,1
0.1475470018521374,-1.3252037068920317,1.0714468725633923,1,0,1,-0.8883463275152893,0,0,1,0,0,1,0
0.2646884478163366,0.9156601353969294,1.0714468725633923,1,0,1,0.2921803535681517,1,0,0,0,1,0,0
-1.630219315234403,0.9652215955401828,-0.2259835473642935,0,1,1,-0.8883463275152893,1,0,0,0,0,0,1
0.4400729242606747,-1.460882869935007,1.359764743658434,1,1,1,-0.2980829869735688,0,0,1,0,0,1,0
-0.6306019614889623,-0.8052008343352989,-0.8026192895543761,0,0,1,-0.8883463275152893,0,1,0,0,1,0,0
-0.4936782365905851,-1.0000035017428737,1.6480826147534753,1,0,1,-0.2980829869735688,0,0,1,0,0,1,0
0.7726463198036159,0.942274084818544,1.0714468725633923,1,0,1,-0.8883463275152893,1,0,0,0,0,1,0
0.1445287814393379,-1.155357940016929,-0.3701424829118142,0,0,1,-0.8883463275152893,0,0,1,0,1,0,0
-1.1455103639125743,1.4058082197572823,-0.2259835473642935,0,0,1,1.4727070346515927,1,0,0,1,0,0,0
-0.6957437814840713,0.1918542035715961,-1.5234139672919795,1,0,1,1.4727070346515927,1,0,0,0,0,1,0
0.3435329884855562,1.5191817604904134,-0.5143014184593349,0,1,0,-0.2980829869735688,0,1,0,0,0,1,0
-0.270278185122052,-1.5769216429866744,-1.0909371606494176,1,0,1,1.4727070346515927,0,1,0,1,0,0,0
-0.0521298371717906,-1.517250440357664,0.0623343237307478,1,0,1,-0.2980829869735688,1,0,0,0,0,0,1
1.40066037632517,-1.5828242255559983,0.927287937015872,1,0,0,0.8824436941098722,1,0,0,0,0,1,0
0.2118437201316626,-1.6039088644738433,-0.3701424829118142,1,0,1,0.2921803535681517,1,0,0,0,0,1,0
0.8063986475056094,1.2229432813994867,-1.0909371606494176,1,0,1,-0.2980829869735688,1,0,0,0,0,1,0
0.9255321189422564,-0.3914967758860538,-0.8026192895543761,0,0,1,-0.8883463275152893,0,1,0,0,0,0,1
1.2883308360476622,1.0826976404704325,0.4948111303733098,1,0,1,1.4727070346515927,1,0,0,1,0,0,0
-1.1691559649751355,0.512554212790241,-0.6584603540068555,1,1,1,-0.2980829869735688,0,1,0,1,0,0,0
0.1168301415367309,-0.5723139506692673,-1.0909371606494176,0,1,1,1.4727070346515927,1,0,0,0,0,0,1
1.193377621860987,1.4458041471552128,0.6389700659208305,1,0,1,1.4727070346515927,1,0,0,1,0,0,0
0.3040632889730311,1.6808818238788898,0.4948111303733098,1,0,0,-1.4786096680570098,1,0,0,0,0,1,0
-0.4038301266449878,1.739171571012952,-0.6584603540068555,0,1,1,-1.4786096680570098,1,0,0,0,0,1,0
-0.3341006116224231,-1.539653741338869,0.7831290014683512,1,0,1,-0.8883463275152893,0,1,0,0,1,0,0
-0.2555837634551648,0.2776056114537186,-1.0909371606494176,1,0,1,-0.2980829869735688,1,0,0,0,0,1,0
-0.7739933015576247,-0.6900900086615512,0.6389700659208305,1,0,0,-0.8883463275152893,0,0,1,0,0,1,0
0.4687373946953774,-0.8604067262735677,1.0714468725633923,0,1,1,-0.8883463275152893,0,0,1,0,0,0,1
-0.0459381735821047,1.6561447003569774,-1.6675729028395,0,1,1,0.2921803535681517,0,1,0,0,0,1,0
0.5270062956361969,0.881947039681831,-0.2259835473642935,1,0,0,0.2921803535681517,0,0,1,1,0,0,0
-0.6666567601915769,0.7173096391046014,-0.0818246118167728,1,0,1,-0.2980829869735688,0,0,1,1,0,0,0
-0.3943701615225842,1.44697977973551,-0.8026192895543761,1,1,1,-0.8883463275152893,0,1,0,0,1,0,0
1.6477232758300515,-1.6946767698350955,-1.3792550317444587,1,0,1,-0.2980829869735688,0,1,0,0,0,0,1
-1.6186897132575084,-0.3623222498652172,0.4948111303733098,1,1,1,-0.8883463275152893,0,0,1,0,1,0,0
1.5809257463513495,0.9447439597943604,1.6480826147534753,1,0,1,1.4727070346515927,0,1,0,0,0,1,0
0.5874310683004451,-1.1078581975441664,-1.0909371606494176,1,0,0,-1.4786096680570098,0,0,1,0,0,1,0
0.6167940411735382,-0.6170926444398593,0.2064932592782685,1,0,1,0.8824436941098722,0,0,1,0,1,0,0
1.2411344922783705,-0.5147044657107478,0.7831290014683512,1,0,1,1.4727070346515927,1,0,0,0,0,1,0
0.1220732215681088,0.4053623365446054,-1.2350960961969382,1,0,1,0.2921803535681517,1,0,0,0,0,1,0
1.2400134389821875,-0.3283789115676275,-0.8026192895543761,1,0,1,-0.2980829869735688,0,0,1,1,0,0,0
0.2930597196966529,0.8453070723499109,1.0714468725633923,1,0,1,-1.4786096680570098,0,1,0,0,1,0,0
-1.641585070960317,1.7340329751946222,-0.5143014184593349,1,1,1,1.4727070346515927,1,0,0,0,0,1,0
0.4701516465459463,0.9810315862045892,0.6389700659208305,1,0,1,1.4727070346515927,0,0,1,0,0,1,0
-1.1395342874952312,-1.3870866337225496,0.4948111303733098,1,0,1,-0.2980829869735688,1,0,0,0,1,0,0
1.6317267076422135,-0.4427327275383355,-1.3792550317444587,0,0,1,-0.2980829869735688,0,0,1,0,0,0,1
1.5245885064747215,1.027934791077261,-0.5143014184593349,1,0,1,-1.4786096680570098,1,0,0,0,1,0,0
-0.4653414586578436,-1.061007320531152,1.0714468725633923,1,1,1,0.8824436941098722,0,0,1,0,0,0,1
0.5730125982141565,-1.2470293730882611,1.0714468725633923,0,0,1,-1.4786096680570098,0,0,1,0,0,0,1
-0.908692166837424,0.8914846642353367,0.7831290014683512,1,0,0,-0.2980829869735688,1,0,0,0,0,1,0
-1.600545896833136,0.3054475213152874,0.7831290014683512,1,0,1,1.4727070346515927,0,0,1,1,0,0,0
0.6133446464160529,-1.5480087562641232,-0.6584603540068555,1,0,0,1.4727070346515927,0,0,1,0,0,0,1
-1.266135698581834,0.3393315547052654,0.7831290014683512,0,0,1,-0.8883463275152893,0,1,0,1,0,0,0
-0.5792835909844756,0.7826531817204442,0.4948111303733098,1,0,1,0.8824436941098722,0,1,0,0,1,0,0
-1.5531167189177135,-0.2512302038131369,0.2064932592782685,1,0,1,0.2921803535681517,0,0,1,0,0,0,1
-1.5564626318324746,0.5038329028473866,0.927287937015872,1,0,1,0.8824436941098722,1,0,0,0,0,0,1
-0.962890781964411,-0.1217187511617479,-1.5234139672919795,1,1,1,-1.4786096680570098,0,0,1,0,0,0,1
-0.8695932772613286,0.2499974326986184,-1.5234139672919795,1,0,1,-1.4786096680570098,1,0,0,0,0,0,1
0.7552096293045281,1.0050326311673248,0.3506521948257892,1,1,1,0.2921803535681517,0,0,1,1,0,0,0
0.4948751834702219,0.8299889635662814,0.3506521948257892,1,0,1,1.4727070346515927,0,1,0,1,0,0,0
-0.5255765146104299,1.0609885557606793,1.5039236792059545,0,0,0,-0.8883463275152893,0,1,0,0,1,0,0
-1.4805242062464363,-0.846463095936932,-1.6675729028395,1,1,0,-0.8883463275152893,1,0,0,0,0,0,1
-1.003567769642056,0.5076179513625856,0.6389700659208305,0,0,1,-0.8883463275152893,0,1,0,0,0,1,0
0.625736597082319,-1.3193255439905476,0.4948111303733098,1,0,1,0.8824436941098722,0,1,0,0,1,0,0
1.4421134778232487,-1.0125307913447898,1.0714468725633923,0,0,1,-0.8883463275152893,0,0,1,1,0,0,0
-1.0168910568928429,1.475749636974998,1.359764743658434,1,0,1,-0.2980829869735688,0,1,0,0,1,0,0
-0.5037245988217607,0.8937487162965017,0.6389700659208305,0,0,1,0.2921803535681517,0,1,0,0,1,0,0
-1.3341491397125496,0.2167762188642973,0.4948111303733098,0,0,0,-1.4786096680570098,0,1,0,1,0,0,0
-1.6268906492934296,-0.9142381397648428,-1.0909371606494176,1,0,1,0.2921803535681517,0,0,1,0,1,0,0
0.2874975706502081,0.5591190308371299,-1.3792550317444587,1,0,1,0.8824436941098722,0,0,1,0,0,1,0
-0.0485252196502186,0.2591792278064558,-0.8026192895543761,1,1,1,1.4727070346515927,0,0,1,0,0,0,1
-0.9900633891665012,-0.5502455479898684,0.4948111303733098,0,1,1,-0.2980829869735688,0,0,1,1,0,0,0
0.0216785871515003,-1.135623359878238,-0.9467782251018968,1,0,1,1.4727070346515927,0,0,1,0,0,0,1
-0.931147726708653,-1.5291672382635804,1.359764743658434,1,0,0,-0.8883463275152893,0,1,0,0,1,0,0
-1.0738405643389244,-0.3802079122960231,-0.9467782251018968,1,0,0,-0.8883463275152893,0,1,0,0,1,0,0
0.5535321413212588,-0.0111674263261244,-0.0818246118167728,1,0,0,0.8824436941098722,0,1,0,1,0,0,0
-0.8248977446912132,0.6518928374852385,0.4948111303733098,0,0,1,0.8824436941098722,0,0,1,0,0,0,1
1.1738195535860454,-1.064740041186694,0.4948111303733098,1,0,1,-0.2980829869735688,0,0,1,1,0,0,0
0.6304277739524989,1.6917206678758692,1.359764743658434,1,1,1,-1.4786096680570098,1,0,0,0,1,0,0
0.1401739205580126,0.1647030214575016,0.4948111303733098,1,0,1,-0.2980829869735688,0,1,0,1,0,0,0
0.7283474676306115,-0.5605366937224366,1.0714468725633923,0,0,1,-0.8883463275152893,1,0,0,1,0,0,0
-1.2496820855886293,-1.4387551623479966,-1.5234139672919795,1,0,1,0.2921803535681517,0,1,0,0,0,1,0
0.12785958127379,-1.439323791756271,-1.3792550317444587,1,0,1,-1.4786096680570098,0,1,0,0,0,1,0
1.112385832955233,0.1429171892202512,-0.0818246118167728,0,1,0,-0.2980829869735688,1,0,0,0,0,1,0
1.5612297022861086,0.0796667609906935,0.927287937015872,0,0,1,0.2921803535681517,0,0,1,0,1,0,0
-1.6305815016839391,0.0885450545125193,1.359764743658434,1,0,1,0.2921803535681517,1,0,0,0,0,1,0
1.4640516284808551,0.7587672580489546,-1.2350960961969382,0,0,1,-1.4786096680570098,1,0,0,0,0,0,1
0.8579843461038013,0.4173942557417673,-0.0818246118167728,0,1,1,0.8824436941098722,0,0,1,0,0,1,0
-0.3850826661380552,1.6749373790218398,0.2064932592782685,1,1,1,-0.8883463275152893,0,0,1,0,1,0,0
-0.565951680246795,-0.4661616545688197,1.359764743658434,0,0,1,1.4727070346515927,1,0,0,0,1,0,0
1.408481878937767,-0.4921999975342059,-1.6675729028395,1,0,1,-0.2980829869735688,0,0,1,0,1,0,0
0.1266695400824579,-0.0488120885634614,-0.6584603540068555,1,1,1,-1.4786096680570098,0,1,0,0,1,0,0
0.0230238511069195,-0.653401201993951,0.2064932592782685,1,0,1,1.4727070346515927,0,0,1,0,0,0,1
-0.8971539413736358,-0.274310278445907,0.927287937015872,1,1,1,1.4727070346515927,1,0,0,0,1,0,0
0.4778093029075637,-0.6292047996884955,0.6389700659208305,1,0,1,1.4727070346515927,0,0,1,0,0,1,0
-0.0239655289769236,-0.1329622639400758,1.6480826147534753,1,0,1,-0.2980829869735688,0,1,0,1,0,0,0
1.0660949553097805,-0.0540658056730371,0.0623343237307478,1,0,1,1.4727070346515927,0,0,1,0,1,0,0
-0.806900527544034,0.8953359947061013,0.4948111303733098,1,0,1,-0.8883463275152893,0,0,1,0,1,0,0
0.2373261239025847,-1.2559041780861098,1.2156058081109131,1,0,1,-1.4786096680570098,0,0,1,0,0,1,0
-1.0113892722546538,0.7730074129236473,-1.2350960961969382,0,0,0,-0.8883463275152893,0,0,1,0,0,0,1
-1.5699583888211357,-0.8765376611438714,-0.3701424829118142,1,0,0,1.4727070346515927,0,0,1,0,0,1,0
-0.8500524559601745,-1.577319334720069,-0.9467782251018968,1,0,0,0.2921803535681517,0,1,0,1,0,0,0
-1.2691021780732712,0.4441651887423534,-0.2259835473642935,0,0,1,0.2921803535681517,1,0,0,1,0,0,0
-0.645917274212197,0.7522855804994248,0.7831290014683512,1,0,1,-0.8883463275152893,0,0,1,0,1,0,0
0.0242742567065077,1.3586712837781425,-0.5143014184593349,1,0,1,-1.4786096680570098,0,0,1,1,0,0,0
-0.0831140255809018,0.7800019034978166,-0.8026192895543761,1,0,1,0.2921803535681517,0,0,1,0,0,1,0
1.5072552978183578,1.463958425932259,0.927287937015872,0,0,1,-1.4786096680570098,0,0,1,1,0,0,0
-1.0628628655232275,1.3821211419524897,-1.3792550317444587,1,0,0,0.2921803535681517,0,0,1,0,0,1,0
0.439107093728579,1.7170403749019645,1.6480826147534753,1,0,0,1.4727070346515927,1,0,0,0,0,1,0
-0.474922152596759,0.0628730065647328,1.6480826147534753,0,0,1,-0.2980829869735688,0,1,0,1,0,0,0
0.1490906060061121,0.7000937732774066,0.927287937015872,1,0,1,0.2921803535681517,0,0,1,0,1,0,0
0.8970746121930029,-1.2618032721314565,0.3506521948257892,1,0,1,-1.4786096680570098,0,1,0,1,0,0,0
-0.2447785343773424,1.1234017382357226,-0.3701424829118142,1,0,1,-0.2980829869735688,0,0,1,0,0,1,0
0.8726528973100075,-0.043143237100606,1.2156058081109131,1,0,1,0.8824436941098722,1,0,0,0,0,1,0
1.4605504928020074,1.4313721234617776,1.359764743658434,1,0,1,1.4727070346515927,1,0,0,1,0,0,0
0.1963990551050221,-0.8825239682886467,0.0623343237307478,1,1,1,-1.4786096680570098,1,0,0,0,0,1,0
0.4070880868922219,0.2026163000410787,-1.0909371606494176,1,1,1,-0.2980829869735688,0,1,0,0,1,0,0
-1.7115560436159054,1.3846642759318255,-0.0818246118167728,1,1,1,0.8824436941098722,0,1,0,1,0,0,0
1.5582977167422465,0.8168197855525711,1.6480826147534753,0,0,1,-0.2980829869735688,0,1,0,0,1,0,0
-0.7129562613239229,0.7941722878929666,0.6389700659208305,1,1,1,-0.2980829869735688,0,1,0,0,0,1,0
-1.3189718027796145,0.8805969809026772,0.3506521948257892,0,1,1,-0.8883463275152893,1,0,0,1,0,0,0
-1.6335048637409078,1.6692685275589845,-0.5143014184593349,0,0,1,-0.2980829869735688,0,1,0,1,0,0,0
1.298506550582244,0.9709462633866724,0.7831290014683512,0,1,1,0.2921803535681517,1,0,0,0,1,0,0
-1.5895768215043329,0.5422310862637865,0.3506521948257892,1,0,0,-0.2980829869735688,0,0,1,0,0,0,1
-0.8633843666978551,-1.3191580948396446,1.6480826147534753,1,0,0,0.2921803535681517,0,1,0,1,0,0,0
0.3180333377408463,-0.6959297977992865,-1.5234139672919795,0,0,0,-0.2980829869735688,0,0,1,0,1,0,0
-0.4642548993092356,0.3510495067444847,-0.2259835473642935,1,0,1,0.2921803535681517,0,1,0,0,1,0,0
0.2325659591372551,1.11364084814768,1.2156058081109131,1,1,0,1.4727070346515927,0,1,0,0,0,1,0
1.2569844611890153,0.7428630772371652,-0.8026192895543761,1,1,1,0.2921803535681517,0,1,0,0,0,0,1
1.475339772824726,-1.1097106037760287,1.6480826147534753,0,0,1,1.4727070346515927,0,0,1,0,1,0,0
0.873955043830958,-0.6541721657928994,-0.6584603540068555,0,0,1,-0.8883463275152893,0,1,0,1,0,0,0
-1.4145976489439995,0.7446212933216445,-1.5234139672919795,1,0,1,0.2921803535681517,0,1,0,0,1,0,0
-0.5811376406666235,-0.0931128545491852,0.927287937015872,1,1,1,0.2921803535681517,1,0,0,1,0,0,0
0.8245597109037693,-0.6659250030718901,0.4948111303733098,1,0,0,0.2921803535681517,1,0,0,1,0,0,0
-0.0623831630884154,1.2562691509531223,1.5039236792059545,1,0,1,-0.2980829869735688,1,0,0,0,0,0,1
0.9544984114182388,1.2744862231617566,-0.2259835473642935,0,0,1,-0.2980829869735688,0,0,1,0,0,1,0
-1.5868173056983448,1.0650247780022322,1.2156058081109131,1,0,1,0.8824436941098722,1,0,0,0,0,1,0
-0.0218527746879636,1.7423217081643103,0.6389700659208305,1,0,1,1.4727070346515927,0,0,1,0,0,0,1
0.2247272095508701,0.8779317485841407,0.927287937015872,1,0,0,1.4727070346515927,0,0,1,0,1,0,0
1.5241055912086732,0.1806944153687196,0.7831290014683512,1,1,1,-0.2980829869735688,0,1,0,0,0,1,0
0.2004520939450675,-1.517103922350624,-0.2259835473642935,1,0,1,1.4727070346515927,0,1,0,0,0,1,0
1.7362606157678044,-0.3432958400938858,0.2064932592782685,1,0,1,1.4727070346515927,0,1,0,0,0,1,0
0.4080021765029555,-0.6505615434765577,0.0623343237307478,1,1,1,0.2921803535681517,0,1,0,0,0,1,0
0.9935283130991848,1.7346713750824392,1.2156058081109131,0,0,0,0.8824436941098722,0,0,1,0,0,0,1
-0.410427094118678,0.3266926323360808,0.7831290014683512,0,0,1,0.8824436941098722,0,0,1,0,1,0,0
1.1755701214254688,0.6353572338335866,0.4948111303733098,1,0,1,1.4727070346515927,0,1,0,1,0,0,0
-0.9688582348948606,-0.9865168680472436,0.4948111303733098,1,1,1,-0.8883463275152893,0,1,0,1,0,0,0
0.8709109529574774,0.9931193217853858,-1.6675729028395,0,0,1,-0.2980829869735688,0,0,1,0,0,0,1
-0.8357029737690359,1.0035290773331769,1.2156058081109131,0,0,1,-0.8883463275152893,0,1,0,1,0,0,0
1.1127221489440882,-0.4082870417880374,0.2064932592782685,1,0,1,0.2921803535681517,0,0,1,0,1,0,0
-1.0757980958637974,-0.9051470462804112,0.6389700659208305,1,0,0,0.8824436941098722,0,1,0,0,0,1,0
-1.3053208230268665,0.83440892344532,-0.3701424829118142,1,0,1,-1.4786096680570098,0,0,1,0,0,1,0
-1.2385491640088455,-0.3130991765477464,0.2064932592782685,0,1,0,0.8824436941098722,0,1,0,0,1,0,0
-0.9070278338669372,-0.1068122882074209,1.2156058081109131,1,0,1,-0.8883463275152893,0,0,1,0,0,1,0
-0.759221268508694,-0.5113554826926917,0.4948111303733098,1,1,1,0.8824436941098722,0,1,0,1,0,0,0
1.3753418188052282,0.7979678019800969,-0.6584603540068555,1,0,0,-0.8883463275152893,0,1,0,0,0,1,0
-0.4934195319837736,1.2320971683155066,1.359764743658434,1,0,1,-1.4786096680570098,1,0,0,0,1,0,0
1.6252332220112478,-0.9752175388852812,-1.2350960961969382,0,0,1,1.4727070346515927,1,0,0,0,0,0,1
-1.216654130785708,0.7446945523251646,-1.0909371606494176,1,0,1,-0.2980829869735688,0,0,1,1,0,0,0
0.6336012171293853,0.9575189345986536,1.0714468725633923,1,0,1,0.8824436941098722,0,1,0,0,0,1,0
1.104115909024162,0.1499081912704433,1.0714468725633923,1,0,1,-1.4786096680570098,0,0,1,0,0,1,0
-0.0409451746706448,-1.30138057665213,1.2156058081109131,1,0,1,0.2921803535681517,0,1,0,0,0,0,1
1.6712826420236755,0.8703756056496517,1.6480826147534753,0,1,1,1.4727070346515927,0,1,0,0,1,0,0
-0.8505784886606911,-1.7404566699871271,-1.0909371606494176,0,0,1,0.8824436941098722,0,1,0,1,0,0,0
0.6335925936424914,-0.2414134973414598,-0.6584603540068555,1,0,1,-0.2980829869735688,0,0,1,0,1,0,0
1.3549214018409153,-1.2074032292319077,1.5039236792059545,0,0,0,-0.8883463275152893,0,0,1,0,0,0,1
-0.7279956224665587,-0.088825458581278,-0.2259835473642935,1,0,1,0.8824436941098722,1,0,0,0,0,0,1
1.3933735298999823,1.5566694391487794,-0.6584603540068555,0,0,1,-1.4786096680570098,0,0,1,0,1,0,0
0.2794691043521612,-1.5882872541042024,-1.6675729028395,1,0,1,0.8824436941098722,0,1,0,1,0,0,0
0.424007368177687,1.5087371197028507,-0.0818246118167728,1,1,1,-0.2980829869735688,0,1,0,0,0,0,1
1.1012270409147678,1.5541088625495572,0.2064932592782685,0,0,0,1.4727070346515927,0,1,0,0,1,0,0
-1.5248661758539095,-1.467748285122022,0.0623343237307478,1,0,1,-0.8883463275152893,1,0,0,0,1,0,0
-1.305665762502615,1.5726887412518145,0.4948111303733098,0,0,1,-0.8883463275152893,0,1,0,1,0,0,0
0.9857671748948428,0.8546667821805822,-0.9467782251018968,1,0,1,-0.2980829869735688,0,1,0,0,0,1,0
-0.5185138788444787,1.4133783167876803,-1.0909371606494176,0,0,1,-0.8883463275152893,0,0,1,1,0,0,0
-0.8042099996331955,-0.1582680168702623,0.0623343237307478,1,0,1,-0.8883463275152893,1,0,0,0,0,0,1
-1.2694212470883386,-0.1132451264212705,-0.6584603540068555,1,0,1,0.8824436941098722,1,0,0,0,0,0,1
-0.1487215138682714,-0.2641482081004929,0.4948111303733098,0,0,1,0.8824436941098722,0,0,1,0,0,1,0
1.537049445036137,0.7733667308932928,-0.8026192895543761,1,0,1,0.2921803535681517,0,0,1,1,0,0,0
0.9247128876873536,-1.1093931480941088,0.2064932592782685,1,0,1,0.2921803535681517,1,0,0,0,0,1,0
-1.5590669248743758,-0.050179589962501,-1.5234139672919795,1,1,1,0.2921803535681517,0,1,0,1,0,0,0
-0.9122019260031652,-1.5496378969614484,-0.6584603540068555,0,0,1,-1.4786096680570098,1,0,0,0,0,0,1
1.2442217005863196,1.397634608078839,0.7831290014683512,0,0,1,-0.8883463275152893,1,0,0,0,0,1,0
-0.5789386515087269,-0.4009576529120625,-1.0909371606494176,0,1,1,-0.2980829869735688,0,0,1,0,0,0,1
-0.4791994020960404,0.4143662169296082,1.359764743658434,1,0,1,-1.4786096680570098,0,1,0,0,0,1,0
0.8368740501879914,1.440027151449066,-0.0818246118167728,1,1,0,-1.4786096680570098,0,0,1,0,0,0,1
0.1215213184069109,1.4997995212734136,0.3506521948257892,1,0,1,-0.8883463275152893,1,0,0,0,0,0,1
1.032135663922338,-0.9667578682407124,1.0714468725633923,1,0,1,-0.8883463275152893,0,1,0,0,1,0,0
-0.4183865725215753,0.152043167944454,-1.2350960961969382,1,0,1,-1.4786096680570098,0,0,1,0,0,0,1
-0.6656046947905441,-1.6258551688140426,-0.0818246118167728,1,0,1,-0.8883463275152893,0,1,0,1,0,0,0
0.1356897073732819,0.6661539235037942,1.6480826147534753,1,1,1,-0.2980829869735688,1,0,0,0,0,0,1
0.0531888082611281,-0.6294559734148498,-0.2259835473642935,1,1,1,-0.2980829869735688,1,0,0,0,1,0,0
1.628673993281839,0.3075406357015725,-0.5143014184593349,1,1,1,1.4727070346515927,1,0,0,0,0,0,1
0.6507188386134058,-0.1146649556799671,-1.3792550317444587,0,1,1,-0.2980829869735688,1,0,0,1,0,0,0
-1.014355751746091,-1.105880204449127,1.0714468725633923,1,0,1,-0.2980829869735688,0,0,1,1,0,0,0
1.3574480835007736,0.1536827742137109,0.4948111303733098,1,0,1,1.4727070346515927,0,1,0,0,0,1,0
-1.5088523606922843,-1.0100399852251107,0.4948111303733098,1,0,1,0.2921803535681517,0,1,0,1,0,0,0
-0.2334645195727908,1.153110008425062,0.7831290014683512,0,0,0,-0.2980829869735688,0,1,0,0,1,0,0
0.250908115760183,0.4559424456891841,0.927287937015872,0,0,1,0.8824436941098722,0,0,1,1,0,0,0
-1.2458187634602458,-0.3502973077160093,0.2064932592782685,1,0,1,-0.2980829869735688,1,0,0,1,0,0,0
-0.3579359293966462,1.022879919834382,-0.8026192895543761,1,0,1,0.8824436941098722,1,0,0,0,0,1,0
-1.2544336268670653,0.0460164587071838,-0.2259835473642935,1,0,1,-0.2980829869735688,1,0,0,0,0,1,0
-0.9411423480184666,0.1636843724561762,-0.9467782251018968,1,1,1,1.4727070346515927,0,0,1,0,1,0,0
0.6539440227116547,-1.6267377653802593,1.0714468725633923,1,0,1,-0.2980829869735688,1,0,0,1,0,0,0
-0.5976688650418718,-1.3071471067863456,1.6480826147534753,1,0,1,0.2921803535681517,0,1,0,0,1,0,0
-0.1288874940127311,1.4893897657256223,-0.5143014184593349,1,0,1,0.8824436941098722,0,0,1,0,0,1,0
1.390493285277482,-0.2353678852890731,-1.6675729028395,1,0,1,-0.2980829869735688,0,1,0,0,0,1,0
-1.1881621300888796,1.3823025451993012,0.0623343237307478,0,1,1,1.4727070346515927,0,1,0,0,1,0,0
0.2321692787401443,1.504509028642555,1.2156058081109131,1,1,1,-1.4786096680570098,0,1,0,0,0,0,1
1.5401970177523427,-1.3403962288124838,-1.3792550317444587,1,0,0,0.8824436941098722,0,1,0,0,0,1,0
-1.003429793851757,-0.2299362534566634,-0.6584603540068555,1,1,1,-1.4786096680570098,1,0,0,0,0,0,1
1.2979805178817276,-1.4327828092991295,0.927287937015872,0,1,0,0.8824436941098722,0,0,1,0,0,1,0
1.2895984886210383,1.3092702957378377,0.927287937015872,1,0,1,0.2921803535681517,1,0,0,0,0,0,1
-0.6450549255228257,-0.6118528814261923,-1.2350960961969382,1,0,0,-0.8883463275152893,1,0,0,1,0,0,0
1.0055322068552337,-0.897709513161145,1.2156058081109131,1,1,1,-0.2980829869735688,1,0,0,0,0,1,0
-0.1015251700989797,0.3324312542784789,0.6389700659208305,0,0,1,-0.2980829869735688,0,1,0,0,0,1,0
-1.4904067222266315,0.1557514689321558,0.2064932592782685,1,0,1,-0.8883463275152893,1,0,0,1,0,0,0
-0.923300353635374,0.3502506347537192,0.927287937015872,1,0,1,0.8824436941098722,0,0,1,1,0,0,0
0.0030863494086548,-0.816719940507821,-1.2350960961969382,0,0,1,-1.4786096680570098,0,0,1,0,0,1,0
1.2977821776831715,-0.3295371015280386,1.6480826147534753,0,0,0,-1.4786096680570098,0,0,1,0,1,0,0
-1.3404442851449605,1.4222007939258716,-0.2259835473642935,1,0,1,0.8824436941098722,0,0,1,0,0,1,0
-0.4711019479028439,-0.7856651000633048,-1.5234139672919795,1,0,1,-0.2980829869735688,0,0,1,0,0,0,1
-0.0058562065001259,-1.0186112886369478,-1.0909371606494176,0,0,1,-0.2980829869735688,0,0,1,0,1,0,0
-0.8875473769740393,0.4487107354845693,0.927287937015872,1,0,0,-1.4786096680570098,0,0,1,0,0,0,1
-0.3025990139996888,0.2387574084442678,0.3506521948257892,1,0,1,0.2921803535681517,0,0,1,0,0,0,1
1.2426177320240883,0.4320321023498543,-0.8026192895543761,1,0,1,0.2921803535681517,1,0,0,0,0,1,0
1.7147277689942029,1.5910593085154432,-1.6675729028395,1,0,1,-0.2980829869735688,0,1,0,0,0,0,1
0.8657886017426119,1.0688935510928823,0.0623343237307478,1,0,0,-0.2980829869735688,0,0,1,1,0,0,0
0.3460855406060953,-0.68954231039714,-1.2350960961969382,1,0,1,0.2921803535681517,1,0,0,0,0,0,1
1.3182370885950596,1.2532829744286893,1.2156058081109131,0,0,0,-0.2980829869735688,0,1,0,0,1,0,0
1.3505234235251211,-0.4495179066738762,0.4948111303733098,0,0,1,0.8824436941098722,0,1,0,1,0,0,0
1.163048818455798,-0.4269297139218831,1.5039236792059545,1,0,0,0.2921803535681517,1,0,0,0,0,1,0
1.3659508415779744,1.0672923185873744,0.3506521948257892,1,0,1,0.8824436941098722,0,0,1,0,0,1,0
-0.8860555137414269,-0.6625202036701996,1.2156058081109131,1,0,1,0.2921803535681517,0,0,1,0,0,0,1
-0.7878253745351406,0.0844948781750575,0.6389700659208305,0,0,1,-0.2980829869735688,0,1,0,1,0,0,0
-0.1031808795825723,0.3501983068940622,-1.2350960961969382,0,0,0,1.4727070346515927,1,0,0,0,0,0,1
0.3012951496801492,1.4519997657386168,0.2064932592782685,1,0,1,0.2921803535681517,0,0,1,1,0,0,0
-1.079118138317877,0.2638573384598029,-0.3701424829118142,1,0,1,0.2921803535681517,1,0,0,0,1,0,0
-1.065467158565129,-0.0989352010670347,-1.0909371606494176,1,0,1,0.2921803535681517,0,1,0,0,0,0,1
0.539777679725786,-1.0585269799834045,-0.6584603540068555,1,0,0,0.2921803535681517,0,0,1,0,0,0,1
-1.128530718218853,-0.4189619251580912,0.0623343237307478,1,0,1,-0.2980829869735688,1,0,0,0,0,1,0
1.706181893482533,-0.1590808429569363,0.4948111303733098,1,0,1,0.8824436941098722,1,0,0,0,0,1,0
-0.061529437885938,0.4311564828315917,-0.6584603540068555,1,0,1,0.2921803535681517,1,0,0,0,0,0,1
-0.8424982814412818,-0.2321584432301027,-0.9467782251018968,1,0,0,-0.8883463275152893,1,0,0,0,1,0,0
-0.2400442400726937,-0.7521264305470637,1.5039236792059545,1,0,0,0.2921803535681517,0,1,0,1,0,0,0
-0.9158496609592058,-0.0213818245311958,-0.5143014184593349,1,0,1,-1.4786096680570098,1,0,0,0,0,0,1
0.8456441363588978,-1.5421410589345708,-1.0909371606494176,0,0,1,-0.2980829869735688,0,1,0,1,0,0,0
-0.5045265831028762,0.0214851580999225,0.4948111303733098,1,0,0,-1.4786096680570098,0,0,1,0,0,0,1
1.1563311221655952,-1.3262991034208538,0.927287937015872,0,0,1,-1.4786096680570098,0,1,0,1,0,0,0
0.2549094136788661,-0.2310804893211658,0.4948111303733098,0,0,1,-0.2980829869735688,0,1,0,1,0,0,0
-0.660939388381045,-0.6246836726141197,0.0623343237307478,1,0,1,-0.8883463275152893,0,1,0,0,1,0,0
0.3581842927179746,1.1795041808361175,-0.9467782251018968,1,0,1,0.8824436941098722,0,0,1,0,0,1,0
-0.5893644471632259,-1.296214072641983,-0.9467782251018968,1,0,1,-1.4786096680570098,1,0,0,0,1,0,0
1.3070351791201265,-0.4293158643222481,-0.2259835473642935,1,0,1,1.4727070346515927,0,0,1,0,0,1,0
1.355533669410369,-1.5743261811476812,0.6389700659208305,0,0,0,-1.4786096680570098,1,0,0,0,0,1,0
1.016492658697143,-1.064726087090785,0.0623343237307478,0,1,0,-1.4786096680570098,0,1,0,0,1,0,0
-0.8154119091081288,1.6011969591930169,1.0714468725633923,1,0,1,-0.8883463275152893,0,1,0,0,0,1,0
1.2008800554585173,-0.2906784329466563,1.359764743658434,1,0,1,1.4727070346515927,0,0,1,0,1,0,0
-0.4543723833290403,0.2384853035740504,1.6480826147534753,0,0,0,-1.4786096680570098,0,1,0,0,0,1,0
-1.4518424888379464,-0.9438626853787307,0.7831290014683512,1,0,1,0.2921803535681517,0,0,1,1,0,0,0
1.2496200033817844,-0.1184116304314173,0.4948111303733098,1,0,1,-0.8883463275152893,0,0,1,0,1,0,0
-1.4581548812441447,0.1585457766378465,-0.2259835473642935,1,0,1,-0.2980829869735688,0,1,0,0,1,0,0
-0.3301941720595709,-0.0027007786336014,-1.2350960961969382,1,1,1,1.4727070346515927,0,0,1,0,1,0,0
0.428793403403698,1.606904184419621,0.2064932592782685,1,0,1,1.4727070346515927,0,0,1,1,0,0,0
0.6361796397106053,-0.4944570725474168,-0.9467782251018968,1,0,1,-0.8883463275152893,1,0,0,0,0,1,0
0.5584389053637816,-0.267594869789909,-1.0909371606494176,0,0,1,-1.4786096680570098,1,0,0,0,1,0,0
-1.0892938528524585,0.4549586819276303,0.0623343237307478,0,0,1,-0.2980829869735688,0,1,0,0,0,1,0
-1.35572510392062,0.5345319138462343,1.359764743658434,1,0,1,0.2921803535681517,0,1,0,0,1,0,0
-1.1433544921891463,0.422400287648966,0.7831290014683512,1,0,1,1.4727070346515927,0,0,1,1,0,0,0
0.0055612901471504,-0.1879030280560817,-0.9467782251018968,1,1,1,-0.2980829869735688,0,0,1,0,0,0,1
0.0389859253471823,-0.8989828244128016,-1.2350960961969382,1,0,1,-0.8883463275152893,1,0,0,0,1,0,0
-0.5344500826240607,1.1305322812450007,-1.0909371606494176,0,0,1,-0.2980829869735688,0,1,0,1,0,0,0
0.3064175008950148,1.1860870255809837,1.5039236792059545,1,0,1,-1.4786096680570098,0,1,0,0,1,0,0
1.0464161582183271,-0.8946849628729631,0.3506521948257892,0,0,1,-1.4786096680570098,1,0,0,0,0,1,0
-0.47464620101616,-1.1087966104940177,0.927287937015872,0,0,1,-0.8883463275152893,0,0,1,0,1,0,0
-0.1457981518113027,1.0377375434530292,1.2156058081109131,1,0,1,-1.4786096680570098,1,0,0,0,0,0,1
-1.1690093656979428,-0.715053886241978,0.3506521948257892,1,0,1,-0.2980829869735688,1,0,0,0,1,0,0
-0.3952928746202117,0.3122850283104851,-1.2350960961969382,0,0,1,1.4727070346515927,0,1,0,1,0,0,0
-1.649639407719045,0.5574480278520789,0.7831290014683512,0,1,0,-0.8883463275152893,1,0,0,0,0,1,0
-0.5605361304775429,-0.2329887119366625,1.359764743658434,1,0,1,-0.2980829869735688,1,0,0,1,0,0,0
-0.0203264175077764,0.1325388303882543,1.5039236792059545,1,0,1,-0.8883463275152893,0,0,1,0,0,0,1
-0.3940597159944105,0.7470388404378036,0.6389700659208305,1,1,1,0.8824436941098722,0,0,1,0,1,0,0
-1.186290833432944,-1.4593758275768818,-0.8026192895543761,1,1,1,0.8824436941098722,0,0,1,0,0,1,0
-0.9068036232077008,0.6064722553028524,0.6389700659208305,1,0,1,0.8824436941098722,1,0,0,0,0,1,0
-0.6739522301036582,-0.3764333293527557,-0.8026192895543761,1,0,1,-1.4786096680570098,0,1,0,1,0,0,0
-1.420858300428835,-0.1226362329677362,-1.2350960961969382,1,0,1,-0.8883463275152893,0,0,1,0,0,1,0
1.620033259414339,0.921974363795556,-1.2350960961969382,1,0,1,0.2921803535681517,0,1,0,0,0,0,1
0.6725017665069254,-0.9280038553786442,-1.5234139672919795,1,0,0,-1.4786096680570098,0,0,1,0,0,1,0
-0.3663524526049104,-1.3548701147936453,-1.0909371606494176,0,0,1,0.2921803535681517,0,1,0,0,0,0,1
0.9444434257001696,0.6997274782598066,-1.6675729028395,0,0,1,0.2921803535681517,0,0,1,1,0,0,0
1.087739907413001,-0.4167711321004462,0.3506521948257892,0,0,0,-1.4786096680570098,0,0,1,0,1,0,0
-0.436099214601262,1.021372877476257,-0.3701424829118142,1,0,1,-1.4786096680570098,0,0,1,1,0,0,0
0.8025525723510134,1.6017411689334509,-0.8026192895543761,0,1,0,-0.2980829869735688,0,1,0,0,0,1,0
-1.376680177072343,0.9498302277530332,1.2156058081109131,1,0,1,-0.2980829869735688,1,0,0,0,0,1,0
0.6246155437861362,0.813380100911109,-1.3792550317444587,1,0,1,-1.4786096680570098,0,0,1,0,0,0,1
0.0743249746376188,0.6693912737545816,-1.3792550317444587,1,0,1,-1.4786096680570098,1,0,0,0,0,1,0
-0.680454339221518,-1.5245170358020503,-1.2350960961969382,0,1,1,0.2921803535681517,1,0,0,0,1,0,0
1.524140085156248,1.106594029713854,0.3506521948257892,0,0,0,-0.8883463275152893,0,1,0,0,0,1,0
0.7874787172608028,-0.0473329543971533,1.359764743658434,1,1,0,-0.8883463275152893,0,1,0,0,0,0,1
0.4660123728369638,0.2625351878724661,-1.3792550317444587,1,0,1,-0.2980829869735688,0,1,0,0,0,1,0
0.0282755546251909,1.478202069330929,0.3506521948257892,1,0,1,1.4727070346515927,0,0,1,0,0,1,0
1.4730717957716797,0.8423767122091116,0.2064932592782685,0,0,1,-1.4786096680570098,1,0,0,0,0,0,1
-0.1496442269658988,-1.7197034408471108,-1.0909371606494176,0,0,1,0.8824436941098722,0,0,1,1,0,0,0
1.6221115197557237,-0.2381621929947637,-0.0818246118167728,1,0,1,-1.4786096680570098,0,1,0,0,1,0,0
-0.3326001249029169,1.0082944010859525,0.2064932592782685,0,0,1,0.2921803535681517,1,0,0,0,0,1,0
-0.5598721219867271,0.2842442725822194,1.5039236792059545,1,0,1,-1.4786096680570098,0,1,0,0,0,1,0
1.4085681138067048,-0.5551713438455925,-0.2259835473642935,1,1,0,-0.8883463275152893,0,1,0,1,0,0,0
-1.6203971636624637,-1.0969635371635529,-1.6675729028395,1,0,1,-0.8883463275152893,0,0,1,0,0,1,0
0.0549479995874456,-0.1404695675388851,-1.3792550317444587,1,0,1,0.2921803535681517,0,1,0,0,0,1,0
0.2352564870480939,-1.3769106092812269,-0.3701424829118142,1,0,1,0.8824436941098722,1,0,0,0,1,0,0
-1.2011922187852802,0.6347606962334953,0.3506521948257892,1,0,1,-0.2980829869735688,0,0,1,1,0,0,0
-0.3736306755432044,-0.1755850498927943,0.7831290014683512,0,0,0,-0.8883463275152893,0,0,1,0,0,0,1
-0.8788376552113891,-0.0398326278462985,1.2156058081109131,1,0,1,0.2921803535681517,1,0,0,1,0,0,0
-0.7505546641805121,-0.9405346335045376,0.3506521948257892,1,0,1,0.2921803535681517,0,1,0,0,0,0,1
1.0929053760623348,1.2141382468811808,-0.8026192895543761,1,0,1,0.8824436941098722,1,0,0,0,1,0,0
0.7918680720897024,-1.4420029781707158,0.6389700659208305,1,0,1,1.4727070346515927,1,0,0,0,0,0,1
1.0953199523925747,1.4366607258111246,0.0623343237307478,1,0,1,0.8824436941098722,0,0,1,0,0,1,0
1.0152681235582357,0.759171926830303,-0.9467782251018968,1,0,0,0.8824436941098722,1,0,0,0,0,0,1
-0.9889337123834248,0.986114365639285,-1.0909371606494176,1,0,1,1.4727070346515927,0,0,1,0,1,0,0
1.2233269918428524,0.9645238907447544,-1.3792550317444587,1,0,1,0.8824436941098722,0,1,0,0,1,0,0
-1.0949853542023091,1.315403120889653,-0.9467782251018968,0,0,1,-0.2980829869735688,1,0,0,0,0,0,1
1.2806128152777891,1.0471426040954033,0.7831290014683512,0,0,1,0.8824436941098722,1,0,0,0,0,0,1
-1.51042183530694,0.1195022162856755,1.2156058081109131,1,0,1,-0.8883463275152893,1,0,0,0,0,0,1
-0.6332924893998007,0.3962468233923338,1.359764743658434,1,0,1,-0.8883463275152893,0,1,0,0,0,0,1
-0.4484394243461659,1.0522079409102134,-1.6675729028395,1,1,0,-0.2980829869735688,0,1,0,1,0,0,0
0.6186739613163679,0.7441154573449591,-0.8026192895543761,0,0,1,0.2921803535681517,0,0,1,0,0,0,1
0.9700379348007104,0.7240006280927592,-0.2259835473642935,1,1,1,0.2921803535681517,0,1,0,0,0,1,0
-1.0899147439088055,-0.2782627761120086,0.0623343237307478,1,0,1,1.4727070346515927,0,1,0,0,0,1,0
0.2073595069469316,-0.7373106692161426,-0.9467782251018968,1,1,0,1.4727070346515927,0,0,1,0,0,0,1
0.549349750177808,0.5626110433382489,0.7831290014683512,1,0,1,-0.2980829869735688,1,0,0,0,1,0,0
-0.9568370941650244,-1.0005128262435363,-0.9467782251018968,1,0,0,-0.2980829869735688,1,0,0,1,0,0,0
-0.7791415232331713,0.7064498639637591,1.6480826147534753,0,0,1,-0.8883463275152893,0,1,0,1,0,0,0
0.3382036735852412,0.3614278655764815,0.3506521948257892,1,1,1,-1.4786096680570098,0,1,0,0,1,0,0
-1.335942824986442,-0.9235141250200628,-0.6584603540068555,1,1,1,0.2921803535681517,0,0,1,0,0,1,0
0.010597406493079,0.3675711563002284,-0.3701424829118142,1,1,1,-0.8883463275152893,1,0,0,0,0,1,0
-0.8490090140460352,-0.684229288379953,1.359764743658434,0,0,0,-1.4786096680570098,1,0,0,1,0,0,0
-1.2020804379353327,-1.6649789652176876,-1.5234139672919795,1,0,1,-0.8883463275152893,0,0,1,0,0,1,0
-0.451198940152154,0.7540891473956072,-0.8026192895543761,0,0,1,0.2921803535681517,0,1,0,0,0,1,0
0.5797820354257216,-0.5127439152355941,0.927287937015872,1,0,1,-0.8883463275152893,0,0,1,0,1,0,0
-0.5329064784700861,0.5398937751991012,0.7831290014683512,1,1,1,0.8824436941098722,0,0,1,0,1,0,0
0.1777508444291318,-0.4087512451472185,-0.817704644331245,1,0,1,0.8618545393457626,1,0,0,0,0,0,0
0.287666876301657,0.45741337093139256,0.9203411752965506,0,0,1,0.9108874306206924,0,0,1,1,0,0,0
0.6779681086890372,-0.3289454838460248,0.7191915945165097,1,0,1,-0.724111529053422,1,0,0,1,0,0,0
0.19086143073486134,-0.6659845815904072,-0.14737942535598314,0,0,0,1.2042907683876913,1,0,0,0,0,1,0
1.5287059990011898,-0.2637625166516029,-1.178754776574452,0,0,1,-0.2980829869735688,0,1,0,0,0,1,0
-0.5705231920613424,-1.4723075997019133,0.590860118423283,1,0,1,-0.10109527882121372,0,1,0,0,1,0,0
0.4142979439186871,-0.632583857631041,0.5785741372201934,1,0,1,1.4727070346515927,0,0,1,0,0,0,0
-1.5153815536206081,-0.3150172191346373,1.495281757584788,1,0,0,-0.8883463275152893,0,0,1,0,0,1,0
-0.5001262279327947,0.7247068084154196,0.11771155407227592,1,0,1,1.4727070346515927,0,0,1,1,0,0,0
1.0869022317848014,0.963799540030428,0.7571043170324785,1,0,1,-0.3336026193231445,0,1,0,0,0,1,0
0.307810202359205,-0.5843078915286247,-1.180949587255527,1,0,1,0.2921803535681517,1,0,0,0,0,0,1
1.3305314664692587,-1.1361379049876101,-1.3843889220164272,1,0,1,-0.5018443927498488,0,1,0,1,0,0,0
0.4943029751994514,0.07771859065105766,-1.5071961502723104,1,0,1,-0.036153500160731544,0,1,0,0,0,1,0
-0.3329376106116992,1.627256308870704,0.2064932592782685,1,1,1,-0.8883463275152893,0,0,1,0,1,0,0
-0.4785436152251333,1.3927121107594833,-0.9558456400295915,1,0,1,-0.7837813010198129,0,1,0,0,1,0,0
1.302017984430261,-0.2999550871951272,-0.4256799873753171,1,0,1,1.0638753263446867,0,0,1,0,0,1,0
-1.5649139859298056,-0.42715425188994866,0.42479974779606844,1,1,0,-0.8883463275152893,0,0,1,0,0,0,0
-0.5588816784315086,0.7811304260541756,0.4469049993827494,0,0,0,0.8497514982780987,0,1,0,1,0,0,0
-1.2150298479105437,0.38561365783423307,-0.22435441531143088,0,0,1,-0.2980829869735688,0,1,0,0,0,1,0
0.41203058048354624,1.6379377045765775,1.5913870610740743,1,0,0,1.4727070346515927,0,0,0,0,0,1,0
0.6951920025362192,-0.39952593634092404,0.700870507779857,1,0,1,1.4727070346515927,0,0,1,0,0,1,0
1.114726582072682,-0.10641225703598486,0.5123333950945697,0,0,1,-1.4786096680570098,0,0,1,0,0,1,0
1.1502016104146837,0.6273005228375572,0.5346285805888371,1,0,1,1.4727070346515927,0,1,0,0,0,0,0
0.7383779882547947,1.6022651696817671,-0.6735584782369987,1,0,0,-1.2953486909720577,0,1,0,0,1,0,0
1.2888647030752223,-1.4277444578205112,0.576787065133422,0,0,0,-1.4786096680570098,1,0,0,0,0,1,0
-0.8342283416091759,0.25354419388495997,1.1664311005998598,1,0,1,0.2921803535681517,1,0,0,1,0,0,0
-0.5947433342009517,0.3163550229969714,1.6480826147534753,0,0,1,-0.5305667067754717,0,1,0,1,0,0,0
0.9839179198900686,-0.9183631451877872,1.0560805347774078,1,0,1,-0.8883463275152893,0,0,0,0,1,0,0
0.5305312615191291,-1.0244175772590935,-0.9544082940929305,1,0,0,-1.090307701002336,0,0,1,0,0,1,0
1.1992401069722631,0.5061489135844031,-0.5560025956756156,1,0,0,0.8539858949977132,1,0,0,0,0,0,1
0.0013241269670243305,1.742147083070738,0.6521322471434653,0,0,0,1.4592337923794774,0,0,1,0,0,0,1
1.2314581076859652,-0.42355104687665013,-0.6349308843512416,1,0,1,-0.2980829869735688,0,0,1,1,0,0,0
-0.7014092064374629,-1.4360890764603718,0.13777292702816513,0,0,1,-1.3501597969268768,0,0,1,0,1,0,0
0.8524406595630699,-1.0106505695490204,1.2587022973400348,0,0,0,-0.8883463275152893,0,0,1,0,0,0,1
-0.6354911809547569,-0.9053366851014562,-0.6274160692171581,1,0,1,-0.14369914350492824,0,1,0,0,1,0,0
-0.834945302906964,-0.7109301873906966,1.1980927407425275,1,0,1,0.36388816417825387,0,0,1,0,0,0,1
1.5228503542144394,0.8097842102400833,0.685687096339356,0,0,0,1.0786511327652744,0,1,0,0,1,0,0
-1.2766411041573131,-0.21016652599580082,-0.5213854662691538,1,0,1,1.0227580645530518,1,0,0,0,0,0,0
-1.609180028112187,-1.0486108737920086,0.7831290014683512,1,0,1,-1.3592664770203662,1,0,0,0,0,0,0
-0.488524386488378,-1.1231611056337818,-0.9025574796323386,0,0,1,0.5492892160538694,0,0,0,0,0,0,1
1.3123040996574895,-0.9571762857364621,-1.6413120773501115,1,0,1,-0.8883463275152893,0,1,0,0,0,0,0
-0.021579478949459704,0.12816891345331838,1.5039236792059545,1,0,1,-0.8883463275152893,0,0,0,0,0,0,1
1.1644171427479977,-0.43358611798602603,1.5006030297355994,1,0,0,0.2955794797508186,1,0,0,0,0,1,0
-1.312200962528527,-0.640585370680997,0.5378199857547155,1,0,1,-0.2980829869735688,1,0,0,0,1,0,0
1.5084388505685127,-0.7159343371117884,0.5861413611346592,0,0,1,1.2563982248983552,0,0,1,1,0,0,0
-0.616236680276591,-0.4524329635411549,0.7531937329516034,0,0,1,-0.8883463275152893,0,0,1,0,0,0,1
0.6642597605050967,-0.35346929992389975,0.5701578114403021,0,0,1,-1.2988551241732664,1,0,0,1,0,0,0
0.7543992879620071,1.196538363325375,-0.5859517123142618,1,0,0,-1.4786096680570098,0,0,1,0,0,0,1
0.3282973202303831,-1.347876809892219,1.2802890031351382,1,0,1,-0.9489148749191277,0,0,1,0,0,1,0
0.23844859767174126,1.3017588095317403,0.8516172195731591,0,0,1,0.4323939457841119,0,1,0,0,0,1,0
0.989636586819868,0.7526483423891098,-0.8026192895543761,1,1,1,0.07186350417783524,0,1,0,0,0,0,1
1.0818426056862265,-1.177326809361077,0.1933861139248986,1,0,1,1.4727070346515927,1,0,0,0,0,0,1
-1.677156051953668,1.3309517898630678,-0.12403199764427801,1,0,1,0.796033953154675,0,1,0,1,0,0,0
0.786309158018802,-0.5482033863457448,0.3779925452823063,1,0,1,0.058110595600925685,0,0,1,0,1,0,0
-1.1296920312086745,0.3349600069700487,-0.7042844452502901,0,0,1,0.4880221754420565,1,0,0,1,0,0,0
1.384615250500142,-0.7153563136598358,1.1487890001240066,0,0,1,-0.8883463275152893,1,0,0,0,0,0,0
0.9505822424045947,0.002049785877861976,1.2502657160449888,1,0,1,1.4727070346515927,0,0,1,0,1,0,0
-1.5759320788722264,0.2331667857732931,0.9013390550856919,1,0,1,1.4727070346515927,0,0,1,0,0,0,0
-1.2414471482091507,-1.0217798614267244,0.9217863173487044,1,0,1,0.008311961535294898,0,0,1,1,0,0,0
0.28772012260722923,-1.390218702994195,1.209603571388921,1,0,1,-0.6055028316985103,0,0,1,0,0,1,0
-1.5086868411991274,0.6733860481483042,0.0691799941666496,0,1,1,-0.8883463275152893,1,0,0,0,0,0,1
-0.618358271048134,0.45988172919527054,0.44858087674076974,1,0,1,1.4727070346515927,0,0,1,1,0,0,0
1.1569142908705292,1.4830041498822841,0.8309879324029483,0,0,0,1.197409715862449,0,0,1,0,0,0,1
-1.2757688191115792,0.9299415562179423,-0.7715083229198574,1,0,0,-0.2980829869735688,0,1,0,1,0,0,0
0.9874190076602819,-0.4328466011825336,0.3759641530057265,1,0,1,0.014618770649316937,0,0,1,0,1,0,0
0.1437537542217725,-1.0289779839790485,-1.171816491166099,0,0,1,-0.18769532437918796,0,0,1,0,1,0,0
0.6871695320376762,0.8581443894637759,-0.5771901994336591,1,0,1,-0.2980829869735688,1,0,0,0,0,0,0
1.318765400608906,1.261089277106156,-1.3920783450409078,1,0,1,0.2659276217675622,0,0,0,0,0,0,1
1.4372217866680284,-1.0134827008090033,1.0609333137197665,0,0,1,-0.877584302358037,0,0,1,1,0,0,0
-1.1833359033926467,0.5396287552017672,-0.6584603540068555,1,0,1,-0.2980829869735688,0,1,0,1,0,0,0
-1.0907672130041728,-0.28220686401510053,0.07323688379602726,1,0,1,1.4727070346515927,0,1,0,0,0,1,0
-1.1793022840878005,-0.5307843843050929,1.0797469468990455,0,0,1,-0.2980829869735688,1,0,0,0,1,0,0
0.17924690158116324,1.074792334664426,0.8978883219724021,0,0,1,-0.2980829869735688,0,1,0,0,0,1,0
-0.7117164165661853,-0.6964632427998894,0.13629296188005843,0,0,1,1.0261623678497687,1,0,0,1,0,0,0
-0.44428839702575823,0.2759229610089737,-0.4332542170352426,1,1,1,1.4727070346515927,0,0,1,0,1,0,0
-0.9476732060757538,-0.03006660832388705,-0.4292367251854856,1,0,1,-1.4399096582200448,1,0,0,0,0,0,1
-0.6693519830367337,-0.7832494107654218,0.24927309021214022,1,0,0,0.4997303355484749,0,1,0,0,0,0,1
1.6137273029050356,-0.5557363293967443,0.6535907845924173,1,0,1,1.4727070346515927,0,0,1,0,0,0,0
-0.003171502477301802,-1.5824438724545753,-1.3711081831170255,1,0,1,1.1859147469993898,0,1,0,1,0,0,0
-1.583235150424188,0.6888696620684482,1.2156058081109131,1,0,0,0.14061455893260738,1,0,0,0,0,1,0
0.5725882933053315,0.0012238245495899691,0.8652629500946791,0,0,1,-0.8883463275152893,1,0,0,0,0,1,0
0.6799728698735382,1.2733917120556169,-0.3033175830578149,1,1,1,-0.11670098576123075,0,1,0,0,0,0,1
-0.8576068598524206,0.45807872388335125,0.927287937015872,0,0,0,0.766177102564374,0,0,1,1,0,0,0
-0.05160433808748528,0.7281024540238938,0.7382512149302739,0,1,1,0.6986901716696925,0,1,0,0,1,0,0
-1.506779039289702,-1.331464866154684,-1.1789222291802106,1,0,1,0.2921803535681517,0,0,1,0,0,0,0
1.3549973436791507,0.29145818491222764,-0.7207804562346445,1,0,1,0.4597262048116845,1,0,0,0,0,1,0
0.8907716629709098,-1.0961484489512958,0.07554389457262012,0,0,1,-1.3176897146721858,0,1,0,1,0,0,0
0.7575538609262418,0.9634498110238083,-0.5641520964642632,0,0,1,0.04807747942377061,0,0,1,0,0,0,0
-1.015606582511041,-0.6553133479243838,1.1628928996904129,1,0,0,-0.8883463275152893,1,0,0,0,0,0,1
-0.4625159778593601,-0.12031545835576725,0.5731540225854457,1,0,0,-1.3716838478637097,0,0,1,0,0,0,1
-1.5732402115390394,1.2731788428769901,-1.3395351243419111,1,0,1,-1.0765707682730312,0,0,0,0,0,0,1
0.2265962749137202,1.2842540871493802,1.2685200475642318,1,0,1,-1.4786096680570098,0,1,0,0,1,0,0
-1.3978503731356158,-0.5110004144588064,-1.6675729028395,1,0,0,-0.5783616343417771,0,0,1,0,0,1,0
0.1624269858107077,1.6690594341931424,-0.9101218412288516,1,0,0,1.129228383653956,0,1,0,0,0,0,1
-1.3414964993847422,-0.6538527826650498,0.7005991197925605,0,0,0,0.8824436941098722,0,1,0,0,1,0,0
1.3272295159993215,1.4151068264571502,1.2118214724604444,1,0,1,1.3212674288853428,1,0,0,0,0,0,0
-1.4282558296004468,-0.15875759067562023,-1.2511293628064508,1,0,1,-0.8883463275152893,0,0,1,0,0,1,0
-0.7508811289061645,-0.2353904265043761,0.6669379734335323,0,0,0,-0.8883463275152893,0,0,1,0,0,0,1
0.13717937660422796,-0.8275329286248592,-1.0909371606494176,0,0,1,-0.03259820325972318,0,0,1,0,1,0,0
1.0007717744863216,-0.4849977828142552,-0.7775860714512861,1,0,1,0.31780518023241444,1,0,0,0,1,0,0
-1.08914786388796,0.6242106721030976,-0.8410092106990209,1,0,1,-1.4786096680570098,0,0,1,1,0,0,0
-0.9170339605101547,-0.7087089597749056,1.2730370240533322,0,0,0,-1.1235002653880515,1,0,0,0,0,0,0
0.005344324419149893,0.7095306334697968,0.9012223954557049,1,0,1,0.07872797788434882,0,0,1,0,1,0,0
-1.0675045448876954,0.505774330276197,0.6556627389078069,0,0,1,-0.8199976477581803,0,0,0,0,0,1,0
-1.4824515802839926,-1.0094712572270463,-0.46878169434405226,1,0,0,1.338079906551022,0,0,1,0,0,1,0
0.28564255712257147,-1.3171950861369117,0.37947731504640625,1,1,1,-0.2980829869735688,0,0,0,0,1,0,0
1.6519881637399356,0.2917855318175048,-1.1083123885944746,1,0,1,-0.5066946709396537,0,0,1,1,0,0,0
-0.19738532696735459,1.2911457681880019,0.7565528987943342,0,0,1,-1.4786096680570098,0,1,0,0,1,0,0
-0.8863372085313163,-0.3701375194791167,0.25216957234446036,0,0,1,1.4727070346515927,0,1,0,0,0,1,0
-1.171128069584627,-1.4116099751684326,-0.5935329095926417,0,0,1,-1.3164017395133403,0,1,0,0,1,0,0
0.22371253130013738,-1.51065232644329,-0.24228382778961582,1,0,1,0.3968846184865375,1,0,0,0,0,1,0
0.21570522020210614,0.824316421566986,1.0103612169666214,1,0,1,0.2921803535681517,0,0,0,0,1,0,0
-1.254536410872406,0.15354957719580198,-0.4188320908028172,1,0,1,0.6862105871022242,1,0,0,0,0,0,1
0.48922919416414573,0.0553247144249185,0.0008090030808517445,1,0,0,0.9388346875936251,0,1,0,1,0,0,0
0.09830671176059258,0.39707911517575467,-0.5143014184593349,0,0,0,-0.6663242759852646,0,1,0,0,1,0,0
0.5509032003833827,1.5564794328006433,-0.6445541138224014,0,1,0,-0.2980829869735688,0,1,0,0,0,1,0
0.024490238056533654,-1.6173159132108696,-0.250204296709653,0,0,1,-0.3972556144955225,0,0,1,0,1,0,0
1.0499471679758436,-1.2339652945336965,0.39615326349552915,1,0,0,0.4474941358616315,1,0,0,0,0,1,0
-0.533494121022677,-0.5109757540996585,0.42520811138134895,1,0,1,-1.3506761096270838,0,0,1,0,0,1,0
-1.5868947412199628,-0.4006542593785971,0.45341680505273807,1,1,0,-0.8883463275152893,0,0,1,0,0,0,0
1.3381732304194836,0.9242275839151377,0.04870347012159448,0,0,1,-0.2980829869735688,0,1,0,0,0,0,0
0.21338423064056894,-0.35229393569333367,-1.3175007827602734,0,0,1,1.2407890478745918,1,0,0,0,0,0,1
-0.5005110136935486,0.2665306624202605,-1.3354078356351906,0,0,1,1.3357971668692254,0,0,0,1,0,0,0
1.4044338875357578,1.438032047862012,0.8709353447469894,0,0,1,-1.2478721890760327,0,0,0,0,0,0,0
1.2502082792861957,-0.12099041823024936,0.5088977416060183,0,0,0,-0.8955560871562293,0,0,1,0,1,0,0
-0.34434112382839016,-0.00767064401113321,1.0837628983578225,0,0,1,0.8824436941098722,0,1,0,0,1,0,0
0.013015519355321636,1.2218421931378995,-0.9712518891218616,0,0,0,-1.4786096680570098,0,0,1,1,0,0,0
-0.9013711332058391,1.3376233282664556,-0.6998630223437574,0,0,0,-0.04533245184889706,0,1,0,1,0,0,0
0.5615970153023115,-1.5631804384275543,-0.5697841999309003,1,1,0,-0.7068026627661436,1,0,0,0,0,0,0
-1.0807193291459156,0.7916688301678195,-0.36888195627150083,1,0,1,0.8824436941098722,0,0,0,0,0,1,0
-1.0922567833596635,0.9540053735167919,1.5224328633040414,0,0,1,-0.8883463275152893,0,1,0,1,0,0,0
0.8095064203230234,-0.6101242396980681,-0.5383936641232795,0,0,1,-0.826894218087164,0,1,0,1,0,0,0
1.2398816770075316,-0.35358413758225604,1.2904314105030552,0,0,0,-1.4786096680570098,0,0,1,0,1,0,0
1.3469406608632895,-0.47228269193794165,-1.5874298209723436,1,0,1,-0.2980829869735688,0,0,1,0,1,0,0
-1.1500990601672985,-0.49341111375691127,0.13860097812892236,1,0,1,-0.36053823475412383,1,0,0,0,0,1,0
0.06264989587593042,-1.6174835928336728,-1.5569353456482822,0,0,1,0.8824436941098722,0,1,0,1,0,0,0
1.2576256668482275,1.2001159587513996,0.5414280305542223,1,0,1,1.4727070346515927,1,0,0,1,0,0,0
-0.7848586764455653,-1.482662755989839,0.42946203901316327,1,0,1,0.2921803535681517,0,1,0,0,1,0,0
-1.011434105648335,0.6640652660030696,0.19712452610968664,1,0,1,-0.2980829869735688,0,0,1,1,0,0,0
-0.8112635395700298,-0.5459760771764162,0.4948111303733098,1,0,1,0.84146534477732,0,1,0,1,0,0,0
0.8564098193151948,-0.4585245523449737,0.5531524023015973,1,0,1,-0.2755823952704841,0,0,1,0,1,0,0
-0.8416493197690548,-0.8560636047687292,0.3169605098729862,1,0,0,0.2921803535681517,0,1,0,0,0,0,1
0.8830515264565296,-0.3032050570746462,-0.19428060472076497,1,0,1,-0.8883463275152893,0,0,1,1,0,0,0
1.3704607104715218,0.07766093367268306,0.8349920147294341,1,0,1,-1.4786096680570098,0,0,1,0,0,0,0
-1.3469057530092274,0.5908389125018919,1.597753467899769,0,0,1,-0.8883463275152893,0,1,0,1,0,0,0
-0.5270072027368757,1.2626333197500335,-1.0909371606494176,0,0,1,-0.5737608840577768,0,0,0,1,0,0,0
-1.5380452926604506,0.09890469656340238,0.1636297603808095,1,0,1,0.10073802900383647,0,1,0,0,0,0,1
-1.066964444923814,-0.8874834443678685,0.3506521948257892,1,0,0,1.0790025157183878,1,0,0,0,1,0,0
0.44745627924582565,-1.440464969350829,-0.1795568480190185,1,0,1,0.2921803535681517,1,0,0,0,0,1,0
0.23341439433515565,-1.2521938642050552,1.209691763975018,1,0,1,-1.4786096680570098,0,0,1,0,0,1,0
-0.19280756728515408,0.5167388797296856,-0.6097114515716547,0,0,1,0.09257642412835138,1,0,0,0,0,0,1
-0.10462038900995851,1.540937510174294,0.2064932592782685,1,0,1,1.2116827973454798,0,0,1,1,0,0,0
0.9412042852739514,-0.9935559642822587,0.3064667455250083,1,1,1,1.0414308237092627,0,1,0,0,1,0,0
1.3878283583415814,0.8420263804053608,-1.4362867338295984,1,0,1,0.5667741723134956,0,1,0,0,0,0,1
0.6210424464577279,-0.08489278026736632,-1.3792550317444587,0,0,1,-0.2980829869735688,1,0,0,0,0,0,0
-0.5970602479479136,-0.6430640762170301,0.33269090949587043,1,0,1,-1.4786096680570098,0,0,1,0,0,0,0
-0.17530204762859256,-0.8067439192483447,-1.367037643984792,0,0,1,0.8824436941098722,0,0,0,1,0,0,0
1.116117964545469,-0.36446783357750034,0.37592368039441776,0,0,0,-1.375134767694185,0,0,1,0,1,0,0
-1.21123440582988,1.4583253905446938,0.6396430637369424,0,0,1,-0.8883463275152893,0,1,0,1,0,0,0
-0.09382547524209835,0.48453580430389104,-1.1371922241393186,0,0,1,0.018196452018247156,0,0,1,0,0,1,0
-1.6190871410422225,-0.5121885424111599,1.0327416418776085,1,0,1,-0.2980829869735688,1,0,0,0,1,0,0
-0.7880717066066796,1.2611789707806909,-0.7060073513296221,1,0,1,1.0802340189904114,1,0,0,0,0,1,0
-1.636567594411589,-0.7883815836283258,-0.8845231492181239,1,0,1,0.41291874302034604,0,0,1,0,1,0,0
1.1225582155728309,-0.9500099757821427,0.4948111303733098,0,0,1,0.8824436941098722,0,0,1,1,0,0,0
1.4455365469659034,1.4483960672345308,0.8934621842609356,0,0,1,-1.340109048989346,0,0,0,0,0,0,0
1.2463950238314294,0.957829897359825,-0.5438235235101241,1,0,1,-0.2980829869735688,0,1,0,0,0,1,0
0.3703940285164515,0.761557959533893,-0.1820392868800741,1,0,0,0.2921803535681517,0,0,1,1,0,0,0
-1.1799862441183784,0.5887720360132952,0.8146993897484499,1,0,1,0.37835765862678694,0,0,1,0,0,0,1
0.7018222869608831,1.1354988058551752,0.6159293564457142,1,1,1,-0.8883463275152893,0,1,0,0,0,0,0
1.2705183974350338,1.012032750141698,0.4948111303733098,1,0,1,1.4727070346515927,0,0,0,1,0,0,0
0.3412140494783901,1.3962418428013974,-1.1418676705598108,1,0,0,-0.580843931568836,0,0,0,0,1,0,0
-0.9111638153774756,-1.1199594930178378,-0.6940923164696271,0,0,1,-1.1105298967424937,0,1,0,0,1,0,0
1.1956632089218557,-0.6082080457253959,0.7317366684078623,1,0,1,1.4727070346515927,1,0,0,0,0,1,0
0.8921843109240801,1.1060682580821366,0.08074536358666895,1,0,0,-0.37346757445632284,0,0,1,1,0,0,0
-0.18377288306333678,0.2954785473418808,-1.1410849712095241,1,0,1,-0.2980829869735688,1,0,0,0,0,0,0
0.035510487442800776,-0.44860681726745166,-0.959841177267372,0,1,1,1.2937814786583832,1,0,0,0,0,0,0
-0.7270887331666505,-0.7141141983284901,-1.1592360401818986,1,0,0,-0.7330406230611982,1,0,0,1,0,0,0
-1.462394908399065,-0.5653418822869294,-0.43331490832149355,0,1,1,0.2404480530890763,0,0,1,0,0,0,1
0.47003152839589246,0.23627888393849122,-1.3974312179973396,1,0,1,-0.2608715010008616,0,1,0,0,0,1,0
-0.07287956506878879,0.4945773891149189,-1.2506082436992734,1,0,1,-0.9518613081783232,1,0,0,0,0,1,0
1.509113025601323,0.8672515114387319,-1.102963917971886,1,0,1,0.2921803535681517,0,1,0,0,0,0,1
0.26367438631343265,-1.3790658268722011,1.1859037384303297,1,0,1,-0.6540226911137027,0,0,1,0,0,1,0
-1.5086957298712644,-1.3248069374430238,-1.1775182004425568,1,0,1,0.2921803535681517,0,0,1,0,0,0,0
-1.0688852510027047,0.5784122615694437,0.06572580043769988,0,0,1,0.8824436941098722,0,0,1,0,0,0,0
1.016281156577238,-0.1234849529259858,0.8688026812299308,1,0,1,1.4727070346515927,0,0,1,0,0,0,0
0.26232415615547894,1.5477399735298836,-0.7547706488610912,0,1,0,-0.17500687423093536,0,1,0,0,0,1,0
-1.5427268406085537,-0.882004143030541,-0.40369299501715317,1,0,0,1.3353333971662165,0,0,1,0,0,1,0
-0.378873332824146,0.6380382482412601,-0.5406176741671342,0,0,1,-0.19033024209071464,1,0,0,0,0,0,1
1.3252697729872964,-0.8989679424965982,-0.9607448520360614,1,0,1,0.2921803535681517,0,0,0,0,1,0,0
1.035592424097913,1.2522632665974485,0.18890216720416686,1,0,1,-0.8163190422693225,0,0,1,1,0,0,0
-0.21326263207883528,1.0754578098815037,1.243583395846768,1,0,1,-1.4786096680570098,1,0,0,0,0,0,0
-0.03743971797543274,-1.2845927791240856,1.3064127745089673,0,0,1,0.2921803535681517,0,1,0,0,0,0,1
-1.4048560713799483,-0.5444207631861148,-1.2666260421530517,0,0,0,-1.2987687416196247,0,0,1,1,0,0,0
-0.9650115631292756,-1.01890891434302,1.554760713073979,0,1,0,1.4249433483235197,0,1,0,1,0,0,0
0.8718070350601285,-1.193643638017521,1.6480826147534753,0,0,1,-0.060218560483544875,0,1,0,0,0,0,1
1.2760686326610826,-0.08308372942936704,0.5448413491170196,1,0,1,-0.9907714873971077,0,0,1,0,1,0,0
-0.6427837425820926,-1.366652578273405,-0.6829250672193885,1,0,1,-1.4786096680570098,0,0,0,0,1,0,0
-0.7297919437708829,0.02402635878041698,-1.4236272309500293,1,0,1,1.4727070346515927,1,0,0,0,0,0,0
-1.0013723601794866,-0.5115034729578465,0.4983271378555623,0,1,0,-0.28368658265800056,0,0,1,1,0,0,0
-0.6255768290503481,-0.07590874607184842,0.5465682135350444,0,0,0,-1.266688647083111,0,0,1,0,0,0,1
-0.5733730157102831,1.231034683394473,-1.1421191866203504,1,0,1,1.4727070346515927,0,0,0,1,0,0,0
1.5057645842097416,0.7771324374941929,0.2829117223032621,0,0,1,-1.3221607559834063,1,0,0,0,0,0,1
-0.396173918709659,0.6493167880452587,-0.5341932638158872,0,0,1,-0.2166351943334282,1,0,0,0,0,0,1
1.240725844432166,-0.8800590509104151,0.5059463715675988,0,0,1,0.9280372928702638,0,0,1,1,0,0,0
0.4285027382923559,-1.3016010898127894,-1.5271442473141585,1,0,1,1.4727070346515927,0,0,0,0,1,0,0
1.483557997410758,0.8992704913297187,1.09681178078104,0,1,1,0.2921803535681517,0,0,1,0,0,0,0
-1.1028045559998279,-0.6492089263098917,0.4948111303733098,0,1,1,-0.2980829869735688,0,0,1,0,0,0,0
1.285128709874288,1.1788790896165606,0.855578392093615,0,0,1,0.5857973629736148,1,0,0,0,0,0,1
-0.04694722234789208,1.4618379359581934,0.45615778933554396,1,0,1,1.4727070346515927,0,0,1,0,0,1,0
0.37482541357083266,1.5248100260254756,-0.5339567135689929,0,1,0,-0.2980829869735688,0,1,0,0,0,1,0
-0.21684716727037479,-1.5984884222419944,-1.0324808755500148,0,0,1,0.8824436941098722,0,0,1,0,0,0,0
1.3635080151962515,1.0745122064937727,0.355969481076883,1,0,1,0.904215491558755,0,0,1,0,0,0,0
-1.2056173503593655,-1.3063844348360063,0.9779470292712671,0,0,1,-0.8883463275152893,0,0,0,0,0,1,0
1.1711698679887899,-0.46643569026439136,1.4842155157360883,1,0,0,0.31235427889834866,1,0,0,0,0,1,0
1.2652448343504485,0.9600279084141808,-1.3640225233363208,1,0,1,0.8200737046002491,0,1,0,0,0,0,0
1.5074649927282042,0.14298162389579672,0.8865670351626072,1,0,1,-0.07353970244925401,1,0,0,0,1,0,0
-0.5466115413089553,-0.9447392031424235,0.3144675146085865,1,0,1,-0.8883463275152893,0,1,0,0,1,0,0
0.7025981355810575,0.8924827830761306,-1.3792550317444587,1,0,1,-1.4786096680570098,0,0,1,0,0,0,0
-0.563514074233922,-1.306793332312889,1.6215503239319415,1,0,1,0.2921803535681517,0,1,0,0,0,0,0
1.3911856024601132,1.3214396997409072,-1.4424653845114597,1,0,1,0.16277195498584052,0,0,0,0,0,0,1
0.27203497641302266,-1.4876917551860747,1.2040155518731606,1,0,1,-0.6169429933987116,0,0,1,0,0,1,0
-0.925707587502318,-0.23766143371283274,0.9440575987108181,1,0,1,1.4727070346515927,1,0,0,0,1,0,0
-0.7299733514633009,-0.09119836203619758,-0.2304239448777632,1,0,1,0.8794134693332174,1,0,0,0,0,0,1
1.7139714057457758,0.07664939954702922,0.9106287686787223,1,0,1,-0.8883463275152893,0,0,1,0,0,1,0
-0.3529826193078796,1.396694598986099,-0.9150835735004407,0,0,1,-1.068355852076781,0,0,1,1,0,0,0
-1.7027034913952792,1.3704305024127628,-0.09123592686084414,1,1,1,0.863176229919375,0,1,0,1,0,0,0
-1.4858790780605982,-0.33318788547688716,0.892807987787959,0,0,1,-0.15690373966795967,1,0,0,0,1,0,0
-1.616917650903307,1.6466589472124697,-0.5348079360315878,1,0,1,1.3887424471003376,1,0,0,0,0,0,0
-0.10865254413091024,0.46187681987618967,-0.640961630348218,0,0,1,0.22053127373321443,1,0,0,0,0,0,1
0.12577846806321388,0.983592566027798,1.0844463407568277,1,0,0,1.4727070346515927,0,1,0,0,0,0,0
1.011864131596503,0.8399086207468522,1.248957645770396,1,0,0,-0.7066404527157863,1,0,0,0,0,1,0
-1.170529584799082,0.7014000032857088,0.11621383960137308,1,0,1,0.328948918420753,1,0,0,0,0,0,1
-1.147419775459828,0.5466998439114392,-0.8053358574837082,1,0,1,-1.4786096680570098,0,0,1,1,0,0,0
1.3581862628817643,0.15629576492092123,0.4986205546334119,1,0,1,1.4727070346515927,0,1,0,0,0,1,0
1.102025957068458,0.8853384189493926,-0.6685300499133537,1,1,1,0.1823738234066984,0,1,0,0,0,0,1
1.3753712837609766,-0.14800120773719605,-0.8026192895543761,1,0,1,-0.2980829869735688,0,0,1,1,0,0,0
-0.17298684398589229,-0.12123342031861395,-1.5234139672919795,0,0,1,-0.2980829869735688,0,0,0,0,0,1,0
-1.2091597832753402,1.4032447804016104,-0.771433140329173,1,0,0,0.6032736086606418,0,0,1,0,0,1,0
-0.021537069042326884,-0.35663315875301194,-1.0696256792541399,0,0,1,0.8824436941098722,0,1,0,0,1,0,0
-0.43388142166575516,0.8342437971947964,0.6553170815473406,0,0,1,0.3591137282836637,0,1,0,0,1,0,0
-0.019568146863274405,-0.6174297441549333,-0.33820984391495845,0,0,0,0.8824436941098722,1,0,0,0,0,1,0
-0.8987553649213935,-0.5415132051093281,0.24462060170555472,0,0,1,-0.8883463275152893,0,1,0,0,1,0,0
0.4342931926803423,1.4361285503797152,0.2064932592782685,1,0,1,0.088584237809048,0,0,1,1,0,0,0
-0.15975920058764165,1.3918958183156147,-0.47589955111589965,1,0,1,0.5679683629056675,0,0,1,0,0,1,0
-0.576809841455978,0.31008271295379997,1.470666918237268,1,0,1,-1.3424388039311195,0,1,0,0,0,0,0
1.623880304908788,0.30931827308889703,-0.5143014184593349,1,0,0,1.4661956836595402,1,0,0,0,0,0,1
0.9423395325332187,-0.9539434734431652,0.2306675600229106,1,1,1,1.1280841432552513,1,0,0,0,0,0,0
0.856725213716544,-1.5288745682779736,0.5534435619371318,1,0,0,1.1885872277571061,0,0,0,1,0,0,0
-1.1537590962332538,-0.8978829728941677,-1.6301185072256301,1,1,0,-0.8883463275152893,1,0,0,0,0,0,1
-0.0692754318958349,0.1120608616247035,1.0309570288317347,1,0,1,0.1506882238023764,1,0,0,1,0,0,0
0.9836105434141955,0.8367511842448607,-0.8479502789462653,1,0,1,-0.2171521540492775,0,1,0,0,0,1,0
0.06389998133017913,0.026380979114974584,1.0307247048494035,1,0,1,-0.2980829869735688,0,1,0,1,0,0,0
0.44821777999089396,-1.5152989668241055,1.1024701453612311,1,0,0,-0.7613205516475628,0,1,0,0,1,0,0
0.5316543346879333,-1.0456466726523108,-0.6637023079188806,1,0,0,0.28502590463689387,0,0,1,0,0,0,1
0.06259392474887701,-0.49174385633371676,-1.3394101323371193,0,0,1,0.8824436941098722,1,0,0,0,0,0,1
0.5583941522771728,-0.456704890202271,0.3576082224476397,1,0,1,-0.8883463275152893,0,0,1,1,0,0,0
-0.5068405717926308,-0.47997408900398586,-1.320926692286843,0,0,0,-0.8883463275152893,1,0,0,1,0,0,0
0.785831185657074,-1.4370777888979933,0.6506248417727079,1,0,1,1.4727070346515927,1,0,0,0,0,0,0
-0.5058408574663672,0.26080900165058674,1.5777540950784974,0,0,0,-1.4786096680570098,0,1,0,0,0,1,0
1.52055815020061,-0.3124925193219479,-1.3159772173749382,0,0,1,-0.23330973176383563,0,0,1,0,0,0,1
-1.0471506512879762,1.3561845912322201,0.9786260381500802,1,0,1,0.2921803535681517,0,0,0,0,1,0,0
1.4157985173253311,-1.0176516093100931,1.0148889507969507,0,0,1,-0.830451775732628,0,0,1,1,0,0,0
0.9777104782294805,-0.6497624750688125,-0.517691708799714,0,0,1,-0.8883463275152893,0,1,0,1,0,0,0
0.3406325323778232,0.877049013684614,1.0281851609981691,1,0,1,0.2921803535681517,0,0,0,0,1,0,0
0.16716890712766783,0.6308343822523774,-1.1920352876709561,1,0,1,0.6907993969102659,0,0,1,0,0,1,0
1.0241935672903075,0.041785685541843864,-0.40521914710944446,1,0,1,-0.2980829869735688,0,0,1,1,0,0,0
-1.0805138183510155,0.8919187176634307,1.3489647482020697,0,0,1,-0.8883463275152893,0,1,0,1,0,0,0
0.9428990931633513,-0.4188688040219027,-0.75594842043941,0,0,1,-0.8883463275152893,0,1,0,0,0,0,0
0.10063346235928478,0.43294395299157984,-1.215779384048468,1,0,1,0.3185446507186861,1,0,0,0,0,1,0
0.7582150526613985,-1.1970585193907914,1.0714468725633923,0,0,1,-1.3528265489699316,0,0,1,0,0,0,0
-1.159100679265829,1.3951875953801436,0.7196019743972035,0,0,1,-0.8883463275152893,0,1,0,1,0,0,0
1.2751022814620083,0.8297810528240104,0.7200446009122562,0,0,0,0.2921803535681517,1,0,0,0,1,0,0
1.4434600415865775,-1.4075262482935929,-1.0228975642906781,1,0,1,-0.00846511064532851,0,1,0,1,0,0,0
1.2027663755658695,0.14487544333638622,1.0485070888380752,1,0,1,-1.384681994953827,0,0,1,0,0,1,0
1.147697244027223,-0.39703916912633413,0.251518988317325,0,0,0,-1.4786096680570098,0,0,1,0,1,0,0
-0.780076300891745,1.2071693276910245,1.0271342432610824,0,0,1,-0.02568975711944954,0,1,0,0,1,0,0
1.1519802201763076,-0.20483572120327445,0.8890589033646568,1,0,1,1.4727070346515927,0,0,1,0,1,0,0
0.21059473035228338,-0.017764965806897237,-1.4283622077177112,0,0,1,-0.2980829869735688,0,1,0,0,0,1,0
-0.9976360242586904,-0.5069320521359082,0.32041276511065964,0,0,1,-0.8883463275152893,0,1,0,0,1,0,0
0.06112567837965732,0.021349807864636944,1.0502174257701444,1,0,1,-0.2980829869735688,0,1,0,1,0,0,0
-0.4805301009783751,1.3129788814194094,-0.4567352961518921,0,0,0,0.20354109750007232,0,1,0,1,0,0,0
0.707513466352241,-1.580745841514968,1.0029904738395414,0,0,0,0.8824436941098722,0,0,1,1,0,0,0
-0.9798044490652381,-0.43555227103100624,0.9343355333946768,0,0,0,0.8824436941098722,0,1,0,0,1,0,0
0.8944245950667093,0.899300760419056,-1.6675729028395,0,0,1,-0.1093331677166468,0,0,1,0,0,0,0
1.0245261386520002,-0.08146988757126972,0.6449775869128479,1,0,1,-0.2980829869735688,0,1,0,0,0,1,0
1.072767321227608,-1.0159879321256016,0.44591702326894467,1,0,1,-0.24803336833110579,0,0,1,1,0,0,0
1.2636818882422685,-0.17002548288821343,-0.6778794921257781,1,0,1,1.0498875987055507,0,0,1,0,0,0,0
-0.40295598906868274,0.9132035038635352,-1.646789700545063,1,0,1,1.4727070346515927,0,0,0,1,0,0,0
-0.49721861229929454,0.06441371038384508,1.5761765565768013,0,0,1,-0.2980829869735688,0,1,0,1,0,0,0
0.41290078558945414,0.22725664997357886,-1.0783957364115127,1,1,1,-0.2980829869735688,0,1,0,0,0,0,0
-0.4440783354190556,0.9770363989927934,0.44976748846827064,0,1,0,1.0373828867198753,0,0,1,0,1,0,0
0.3481428674491422,1.4812786257469406,-1.3111024736272605,1,0,0,-0.6798349710817929,0,0,0,0,1,0,0
-0.7036039058414905,-0.4992599704840252,-1.1495995886961508,1,0,0,-0.8883463275152893,1,0,0,0,0,0,0
0.08277382492693952,0.060608509770748706,0.8981138932348438,1,0,1,-0.2980829869735688,0,1,0,1,0,0,0
0.04143183169830056,1.7299630125202308,0.34659870225201017,1,0,1,1.4727070346515927,0,0,0,0,0,0,1
0.095527251376332,-0.6595117010329393,-1.2350960961969382,1,0,1,0.6825631797946936,1,0,0,0,0,0,1
-0.7685138355643713,0.722381203659485,-0.26870778334002243,1,0,1,-0.2980829869735688,0,0,1,1,0,0,0
1.1837005759957164,1.2958442392495084,0.7831290014683512,0,0,1,-0.6828056117276988,1,0,0,0,0,1,0
-0.45663768513605485,0.5188353782658928,-0.4136083623256412,1,0,1,0.2921803535681517,1,0,0,0,0,0,1
-0.9849348591931081,-0.8702625935828663,0.4608433441732992,0,1,1,-0.8883463275152893,0,1,0,0,0,0,0
1.1299553010705399,-0.15352449344675875,-0.01408329822526181,1,0,1,1.4727070346515927,0,0,1,0,0,0,0
-1.6252635483342521,0.10658463890254485,1.3567453403711331,1,0,1,0.2798173109025289,1,0,0,0,0,1,0
1.3384466463965299,-0.48676880531475336,0.4948111303733098,0,0,1,0.8824436941098722,0,0,0,1,0,0,0
-0.6771821465068281,0.716462123670049,0.7738624751378016,1,0,1,-0.8883463275152893,0,0,1,0,1,0,0
-0.8510956328983107,-0.8421881580163513,1.2745827343899958,0,0,0,-1.129829225458155,1,0,0,1,0,0,0
0.5248563791812542,-1.3041902170463913,0.3950054943033232,1,0,0,0.8824436941098722,0,1,0,0,1,0,0
0.47928445161351163,1.5442565656214438,0.6753007971428369,1,0,1,-1.109893663190379,1,0,0,0,0,0,1
-0.9997335864701752,-0.8745402442114397,0.8592101135038909,1,0,0,-0.8883463275152893,0,0,1,0,0,1,0
-0.5330107091246764,-0.6205987636326412,-0.7433159760067861,0,0,0,-0.8883463275152893,0,1,0,0,1,0,0
-0.5257262750713785,-0.9320086210278802,1.6480826147534753,1,0,1,-0.22643303429440337,0,0,1,0,0,1,0
0.6690382829779945,-0.784820316224035,-1.2574351228307665,1,0,0,-1.2513659365063892,0,0,1,0,0,1,0
-0.5150661857431164,1.1128806207797104,-1.2208913778159196,0,0,0,-0.2980829869735688,0,1,0,1,0,0,0
0.6716710522699514,-1.0601207848726437,-0.7611291215318763,1,0,0,0.08199008871064195,0,0,1,0,0,0,1
-0.046273731424008376,-0.13907324620945194,-0.9642515181979681,1,0,1,0.6051982622362004,1,0,0,0,0,0,1
1.2262080759081593,1.2663607602617124,1.3552221193786391,0,0,0,0.3107802729698438,0,0,0,0,0,0,1
0.032456844101916626,1.62857600429257,-1.43543571986431,0,1,0,0.17336871993054037,0,1,0,0,0,1,0
-1.6563027416391307,-0.722024697432828,1.1909130911957615,1,0,1,-0.6437672141082522,1,0,0,0,1,0,0
-0.6491417157551744,0.7551508331810646,0.7773540894703601,1,0,1,-0.8883463275152893,0,0,1,0,1,0,0
0.9962287513601866,-1.296138538205194,1.0994649157955685,1,0,1,1.4727070346515927,0,0,0,0,1,0,0
-0.39087011333627697,1.0020521152274797,0.6991675710224371,0,0,0,0.045699756867029206,0,1,0,0,1,0,0
0.5844968359308412,0.9129556014028068,-0.08071353820705401,1,0,0,0.2921803535681517,0,0,1,1,0,0,0
0.10338941894144726,-0.872672253784051,-1.0909371606494176,0,0,1,-0.09531490218951744,0,0,1,0,1,0,0
-0.3801401718535055,0.9773016264193412,0.29882399149985145,0,0,1,0.36779057672744986,1,0,0,0,0,1,0
-0.6019045499784546,-0.5436934815242537,-0.9446443098659731,0,0,1,0.10125082919648937,0,0,1,0,0,0,1
-0.7797660342067588,0.6617211255047722,1.57551091374013,0,0,1,-0.8458967368145436,0,1,0,1,0,0,0
1.3641185311837645,-0.5128182262531539,-0.5174066749611764,1,0,0,-0.8883463275152893,0,1,0,1,0,0,0
0.38530996281549784,0.7771831103640425,-1.067816314144829,1,0,0,-0.2980829869735688,0,0,1,0,1,0,0
0.5322438562943147,-1.3504389740372198,0.26983741486689006,1,0,1,1.213342377583845,1,0,0,0,0,1,0
1.1824626999787695,0.9490491544698783,0.550609348153478,1,0,1,1.4727070346515927,0,0,0,1,0,0,0
-1.093564911751691,-0.09615982874966428,-1.1155555405623896,1,0,1,0.2921803535681517,0,1,0,0,0,0,0
-1.5289045438752313,0.07173408294090051,0.21186017429850898,1,0,1,0.15010826943785163,0,1,0,0,0,0,1
-0.6357697502870105,0.47823270168302234,1.4864081701308554,0,0,1,-0.3698007952293653,0,1,0,0,0,0,1
-1.0487995511241284,-0.612148998991083,1.130204401250145,1,0,0,-0.8883463275152893,1,0,0,0,0,0,1
0.1753895151469444,-0.7411693373278541,0.013431965662463685,1,1,1,-1.4118655819224448,1,0,0,0,0,1,0
0.07945614657400285,0.47375533426891864,1.5970230785234083,1,0,1,-0.5071478798794642,1,0,0,0,0,0,1
0.6899647468817428,0.9698416249041043,0.18578812121568253,1,0,0,0.2921803535681517,0,0,1,1,0,0,0
0.18625923167401087,-1.5013764741884625,1.1245126592884864,1,0,1,-0.7797065528739762,0,0,1,0,0,1,0
-1.0742264781413837,-0.32056085836761994,0.18650850551907253,0,1,0,0.8006154850640432,0,1,0,0,1,0,0
0.549030491323169,0.8159821609988329,0.6610963954770472,1,0,1,1.4727070346515927,0,0,1,0,0,1,0
-0.6914350004565639,-0.6140185594032108,0.08570925295408693,0,0,1,-0.8883463275152893,0,1,0,0,1,0,0
1.4273040151250347,0.37027837414190845,-1.341599982443917,1,0,1,0.5846664397315124,0,0,1,1,0,0,0
0.5130666531371584,-1.5491005140447014,-0.587834564395435,1,1,0,-0.7437565580844108,1,0,0,0,0,0,0
-0.540109890940003,-1.2918400725231949,-1.2237189280586782,0,0,1,0.8824436941098722,0,1,0,1,0,0,0
-0.6161241446803647,0.3993645986320524,-1.1895414553362649,1,0,1,-1.4786096680570098,0,0,1,0,0,0,1
0.47705580939496284,1.6741015159732635,1.3740991499522053,0,0,0,1.4727070346515927,1,0,0,0,0,1,0
1.0948456437202787,1.3381010927366443,0.39985584818744757,1,0,1,-1.0203012045309936,0,0,0,1,0,0,0
-0.8514422932295503,-0.7666911543692307,1.598515271272963,1,0,0,-0.5010380492696658,0,0,1,0,0,1,0
0.6536818235319336,0.27780387710678617,-1.2606740387391975,0,0,1,0.8824436941098722,0,1,0,0,1,0,0
1.369369538039435,0.798837012115265,-0.6628803420704819,1,0,0,-0.879297436755651,0,1,0,0,0,1,0
0.8958638621035138,-1.551691614722289,-1.1089893000221125,0,0,1,-0.2980829869735688,0,1,0,0,0,0,0
1.1346360846128056,0.1873090518568682,-0.09427237140898698,0,0,0,-0.2980829869735688,1,0,0,0,0,1,0
1.4457494749141417,1.48646352733619,0.8797688802198391,0,0,1,-1.4786096680570098,0,0,0,0,0,0,0
-1.2777437635707412,-0.22496893725996836,-0.5004505760262331,1,0,1,1.0441877078174946,1,0,0,0,0,0,0
-1.0307120920554977,0.6900272519697856,0.7440415574766921,1,0,1,0.8824436941098722,1,0,0,0,0,1,0
-1.1302360442551374,-0.286742253370865,0.5643594441890037,0,0,1,-0.006405946795620121,1,0,0,0,1,0,0
0.2752407349667185,0.8145573197946099,0.9502520189337206,1,0,0,1.4727070346515927,0,0,1,0,1,0,0
1.2680988007897758,1.1016460052429902,0.9372051810141079,0,0,1,0.724726241336012,1,0,0,0,0,0,1
-1.5507180622498664,-0.38637562132253217,-0.029726904273918442,0,0,1,0.2921803535681517,0,0,1,0,0,0,1
0.8036921714209182,-0.7565249503385025,0.4239369101435955,1,0,0,0.5823770994874528,1,0,0,1,0,0,0
1.0677719906392193,-0.6519408980819713,0.3955021585154365,0,0,1,-1.4786096680570098,0,0,0,0,0,1,0
-0.7766083418714749,-1.5772689562908961,-0.9650398587096665,1,0,0,0.44172603127632026,0,1,0,1,0,0,0
0.45569031064765025,0.40864380347965584,-0.9860734581298544,1,1,1,-0.2980829869735688,0,1,0,0,0,0,0
0.5751489685515415,-1.3263528840906216,1.3253282787133478,1,1,1,-0.2980829869735688,0,0,0,0,0,1,0
-1.4929435188761992,0.07574714954069955,1.1463785385917056,1,0,1,-0.8883463275152893,1,0,0,0,0,0,1
-1.1647736329831249,-0.46133556030976003,1.0159929054918364,1,0,0,-0.8883463275152893,1,0,0,0,0,0,1
-0.021005004501471886,0.13017233127102537,1.5039236792059545,1,0,1,-0.8883463275152893,0,0,0,0,0,0,1
-0.8896008914591208,-0.22088878814092705,1.0850198889390867,0,1,0,1.4727070346515927,1,0,0,0,1,0,0
0.4819555891165054,-0.6248239804917046,0.6401507346163886,1,0,1,1.4727070346515927,0,0,1,0,0,1,0
-0.5205129440784815,-0.734150328893209,-1.5234139672919795,1,0,1,-0.2980829869735688,0,0,1,0,0,0,1
-0.5688075197166172,-0.1768293502693662,1.186127764049604,1,0,1,-0.06109561088477211,1,0,0,1,0,0,0
0.3969837226885698,1.253125403304771,0.17707969937640358,1,0,1,0.17174559828254793,0,0,1,1,0,0,0
-1.5928966024163758,-1.021802707300309,-1.1068191359616308,1,0,1,1.4727070346515927,0,0,0,0,0,0,1
1.3253593251973916,-0.010388786990334964,-1.4751721136822935,1,0,1,0.2921803535681517,0,1,0,1,0,0,0
1.6512796031539703,-0.22961794379021158,-0.30326112671778493,0,0,1,-1.4786096680570098,0,0,0,0,1,0,0
-0.15625287637814111,-0.060540875387320794,1.4312390499633676,1,0,1,-1.4786096680570098,0,0,1,1,0,0,0
1.2851993446197838,1.261939093097088,0.22556655497373285,1,0,1,-1.0590687026781636,0,1,0,0,0,1,0
0.7850511298173979,-1.1026448953190349,0.23766160548348259,1,0,1,0.41980013711036535,1,0,0,0,0,1,0
0.9790176915103168,-0.3532074697410119,-1.1082959725331092,1,0,1,-0.2980829869735688,0,0,1,0,1,0,0
0.5505079442715936,0.5631116486067947,0.7831290014683512,1,0,1,-0.29499613781398687,0,0,0,0,1,0,0
-0.8127375495097268,-0.6433460224862086,0.7704536713362852,0,1,0,1.0235220865160273,0,1,0,1,0,0,0
1.4124220101227998,-1.70425941582756,0.9374688316977231,1,0,1,-1.4786096680570098,1,0,0,1,0,0,0
-0.1583546704615829,1.3963313744101078,-0.47764667123217464,1,0,1,0.5822756405259326,0,0,1,0,0,1,0
-0.47573402950973487,0.24775060525140818,1.6188932327309888,0,0,0,-1.4786096680570098,0,1,0,0,0,1,0
1.325031107923003,-0.4257093440663063,-0.20785129993268714,1,0,1,1.4727070346515927,0,0,0,0,0,1,0
0.651664355230195,1.295606712461743,1.3447978380491639,1,0,1,0.8824436941098722,0,1,0,0,0,0,0
0.5112910919792462,-1.519900156415284,1.0285197868600506,1,0,1,-0.8883463275152893,0,1,0,0,1,0,0
0.23030829236897976,-0.675665853442716,-1.2350960961969382,1,0,1,0.4725673186870378,1,0,0,0,0,0,1
-0.3611624824404865,-0.7323105463232089,0.31318462853093365,1,0,1,-1.405801134680447,0,0,1,0,0,1,0
0.9941836245859124,1.159169443692373,0.5479062402431841,1,0,1,1.4727070346515927,0,0,1,0,0,0,0
0.6104358036842598,-0.7130763188152247,-1.0464877402091064,1,0,1,-0.8883463275152893,0,0,1,0,0,1,0
-0.6945901189716395,0.5275811517924168,1.6480826147534753,0,0,1,-0.7242949910652106,0,1,0,1,0,0,0
1.266966057414168,-0.09524219986618548,0.5276229206712523,1,0,1,-0.9555207863057177,0,0,1,0,1,0,0
-0.7852198235102319,0.8824629747612645,-0.5461413697078114,1,0,1,0.8824436941098722,1,0,0,0,0,1,0
0.5875256866971544,1.625610235960142,-1.0727416492355393,1,0,0,-1.1319018736750721,0,1,0,0,1,0,0
-0.2964375860384991,-1.2800968983074066,1.3033645361129165,1,0,0,-0.1184175373244934,0,1,0,0,0,0,0
1.0184416998357526,-1.062065986593805,0.061870382275243656,0,0,0,-1.4786096680570098,0,1,0,0,1,0,0
-1.0224814773582995,-0.2826328232775114,0.17201351609618076,1,0,1,1.4727070346515927,0,1,0,0,0,0,0
0.7188226816247194,-0.49148537053210295,1.0201993785835828,0,0,1,-0.6785118356329409,1,0,0,1,0,0,0
0.06333176225127655,-0.6356899214551142,-1.2647643898528727,1,0,1,-0.7668685567825,1,0,0,0,1,0,0
-1.6135817966105062,1.705035501140998,-0.4874905551537636,1,0,1,1.4178180689504787,0,0,0,0,0,1,0
1.2929664518688881,-0.3881975332342703,0.7721572897061035,0,0,1,-0.5819836516677572,1,0,0,0,0,0,0
1.4550785526468186,0.9287049566281073,1.1464235421707218,0,1,1,0.788020698996857,0,0,0,0,1,0,0
0.4106628884549339,0.5749963104123264,-0.7848921840487305,1,0,0,0.5510199255581922,1,0,0,0,0,0,1
0.05302470013538951,-0.7565380088930407,0.0623343237307478,1,1,0,0.5515065938713467,0,1,0,0,1,0,0
0.628495816536084,-0.4864110979114745,-0.20117398668750597,0,0,1,-0.6542996330345203,0,1,0,1,0,0,0
0.9402989346826743,-0.44208218952541023,0.4396934482029748,1,0,1,-0.0897578787220904,0,0,1,0,1,0,0
-0.3239869261467715,1.5225717768951879,-0.5303398149379341,1,0,1,-1.0476116071255417,0,1,0,0,1,0,0
1.4500005034359016,0.9528192580499748,-0.15214386667343288,0,0,0,-0.8883463275152893,0,1,0,0,0,1,0
1.5755406502324318,-0.3794540832026465,1.0714468725633923,0,0,1,-0.8883463275152893,1,0,0,0,0,0,0
0.17615516724577387,-1.5092623179483293,-0.21754290772916324,1,0,1,1.4727070346515927,0,1,0,0,0,0,0
0.04072091604198018,0.5893229409257978,-1.348246008931794,1,0,1,-1.224674810355395,1,0,0,0,0,1,0
-0.6056332475644046,-0.1550348262647554,-0.5919172631143971,1,0,1,-1.4786096680570098,0,1,0,1,0,0,0
-1.5319712678165107,-1.2170334984893945,-1.6370998611559993,1,0,1,-0.8883463275152893,0,0,1,0,0,1,0
1.6181889994798384,0.4863208261474857,-0.8026192895543761,1,0,1,-0.03824965593724294,0,0,1,1,0,0,0
-0.1871976609435503,1.1363028380067546,0.6144490878426947,1,0,1,1.138629415047464,1,0,0,0,0,0,1
-0.22157033905943177,-1.5779286410152589,-1.142027335176084,1,0,1,1.42040944905547,0,1,0,1,0,0,0
1.4104496166137814,0.8507491710782223,1.5208698776658425,1,0,1,1.4727070346515927,0,1,0,0,0,1,0
-0.7876168059291986,1.2718051554303174,-0.6855012630855908,1,0,1,1.4727070346515927,0,0,1,1,0,0,0
0.6155395684092794,1.3896513131756618,0.851074888861422,1,0,0,-1.0443747007328603,0,1,0,0,0,0,1
-1.500278301171502,0.34758020167953463,1.5902287490184808,0,0,1,-0.8883463275152893,0,1,0,1,0,0,0
0.7633227539976242,-1.2167476807462678,0.13411918783477916,1,0,1,0.671463034761651,0,1,0,0,1,0,0
-1.1748769561930807,0.5540447850596428,-1.5234139672919795,1,0,1,0.2921803535681517,0,1,0,0,1,0,0
1.4741410420885614,0.5869828562508927,-0.8026192895543761,0,0,1,0.2921803535681517,0,0,1,0,0,0,0
1.3177245428874564,1.0514314039366666,-0.03036637999091374,0,0,1,-0.4246049789252435,0,1,0,0,0,0,1
1.5127251927552625,-0.05003118986545871,0.37662822522462824,1,0,1,1.4727070346515927,0,1,0,0,0,1,0
0.9953277637083435,1.3165785323161456,0.7831290014683512,0,0,1,0.8824436941098722,1,0,0,0,0,0,1
-0.203481722721655,-0.12347287713686103,-1.412748067734519,0,0,1,-1.4786096680570098,0,0,1,0,0,0,1
1.48003849699947,0.9613913247225251,1.4619253127546923,0,0,1,-0.5158621258241327,0,1,0,0,1,0,0
1.1401487076555956,1.1237190803433508,-1.0114971922990958,1,0,1,0.8824436941098722,0,0,0,0,1,0,0
1.0895613199007856,1.504685239852409,1.0709374341699143,0,0,0,0.8824436941098722,0,0,0,0,0,0,1
-1.503923695740329,-0.01286675002395574,0.34687570520895805,1,0,1,0.2921803535681517,0,0,0,0,0,0,1
-1.3877974361077914,0.13883868299675894,-0.7312474791064596,0,0,0,-1.4786096680570098,0,0,1,1,0,0,0
1.4392471335205184,0.5549816554082724,0.9325003684098719,1,0,1,-0.6038858901974251,0,1,0,0,0,1,0
-0.5886044666855816,-0.6268458177309271,0.14846224514950795,1,0,0,0.7061169391381215,0,1,0,0,0,0,1
-1.3987610830127089,-1.027295050040301,0.7457490567193391,1,0,1,0.44523372464790434,0,0,1,1,0,0,0
0.4813952496643905,0.5371073086393696,-0.9062158291075967,1,0,1,-0.2980829869735688,1,0,0,0,0,1,0
-1.5387068268601858,0.19073497751793378,1.2863764571882763,1,0,0,0.21705768606928472,1,0,0,0,0,1,0
0.9889774744028069,-0.6355813012866696,-1.0607116688873275,1,0,1,0.38548117446113345,0,1,0,1,0,0,0
-1.6356948187468454,-0.7997327422949442,-0.9031398845451917,1,0,1,0.4020291981456459,0,0,1,0,1,0,0
-1.6656791104837345,-0.9224563259698277,0.8115797318513834,1,0,1,-1.2456248295805268,1,0,0,0,1,0,0
0.21508973390740552,0.40361585823865337,-1.1569888945233846,1,0,0,0.6119927717515528,1,0,0,0,0,1,0
0.2674810761341705,0.06789643570641138,-1.3792550317444587,1,0,1,-0.013004167158800095,0,1,0,0,0,1,0
1.5380586125070321,-0.2801720318588403,-0.12030927329756255,1,0,1,-1.399821333643358,0,1,0,0,0,0,0
-1.3883000038248703,-0.6031575434564016,-0.9859982050128796,1,0,1,1.1515321276600707,0,1,0,0,0,0,1
-1.4246970825425775,1.4981213174508319,0.02334051789891399,0,1,1,0.8824436941098722,0,1,0,0,0,0,0
-1.1313475048369923,0.7081696010842264,0.9183426449926135,1,0,1,0.015362074457248909,0,0,1,0,0,0,1
0.6839199350765301,-0.5888299537184829,0.2064932592782685,1,0,1,0.8025491413486867,0,0,1,0,1,0,0
0.05140101035404854,-0.8007505609424102,-1.2308960931916746,0,0,1,1.270220239234222,0,1,0,0,1,0,0
0.7335781392182513,-1.5585537466812176,0.22525642940707213,1,0,1,1.4727070346515927,1,0,0,0,0,0,0
-1.375568730187556,0.26322961524360966,-0.6882830967130862,1,0,1,-1.3972028898736661,0,0,1,1,0,0,0
1.2749180111389786,-1.4344324259887624,0.9437378327541228,0,1,0,0.8824436941098722,0,0,1,0,0,0,0
-0.9554039860382945,-0.6418640513964385,0.4948111303733098,1,0,1,0.7279684229891613,0,1,0,1,0,0,0
-1.3696851499923721,-0.9785397406626971,-0.617917634353226,0,1,1,0.2921803535681517,0,0,1,0,0,1,0
-0.4980121874919895,-0.6896628185729076,-1.4154910236712785,0,0,1,-0.2980829869735688,0,0,1,0,0,0,1
0.1836600206940791,-0.4200271739049355,-1.2477530928139904,0,0,1,1.312185080847501,1,0,0,0,0,0,1
1.3759554239690002,-1.5467240000953262,0.927287937015872,0,0,0,0.8824436941098722,0,0,0,0,0,1,0
1.1821048847409668,-0.42878208479891616,0.41548621178676864,1,0,1,1.4727070346515927,0,1,0,0,0,1,0
-1.5380522665699727,-1.0599979187526185,-1.2029069277685984,1,0,1,1.2091078895329226,1,0,0,0,0,0,1
-1.3622062595132651,-0.15413371229253586,0.7360134229917847,1,0,1,-0.8883463275152893,1,0,0,0,0,0,1
1.1702632512248836,0.47205412714091266,0.5722657686175838,1,0,1,1.1849116331220266,0,0,1,0,0,1,0
-0.5363936803577813,0.7531343008583309,0.48996542955096783,1,0,0,0.9022845700416904,0,1,0,1,0,0,0
0.9874627093039641,-0.5007322314291727,-0.7755232321980776,1,0,1,0.32916224273534933,1,0,0,0,1,0,0
0.22022240304801577,-1.1320891041301477,-1.0909371606494176,1,0,0,-0.2980829869735688,0,0,1,1,0,0,0
1.5681642556316244,0.32997938506811936,-0.5143014184593349,1,0,0,1.3905155967407494,1,0,0,0,0,0,1
-0.4675908015998261,0.3321279394620048,1.4945762171129153,0,0,0,-1.4786096680570098,0,1,0,0,0,1,0
1.3079247547038517,1.0165455532575474,0.486813479072429,1,0,1,-0.2980829869735688,0,1,0,0,0,1,0
-0.9585011439248599,-1.4119558745855632,0.11846596491526697,1,0,1,-0.47829826337045495,0,1,0,1,0,0,0
-0.5517914055409692,0.29727815240016425,1.4894837609428753,1,0,1,-1.4786096680570098,0,1,0,0,0,1,0
-1.250592591897482,0.062167744321383375,-0.22912958501347924,1,0,1,-0.2723198848082331,1,0,0,0,0,1,0
1.5618344997709248,-0.021615445832960045,1.3088085680263006,1,0,1,1.4727070346515927,0,0,1,1,0,0,0
0.04569833138216628,-0.6124254714410529,-0.2418146055609614,0,1,1,-0.25486913988650983,1,0,0,0,1,0,0
-1.416510427225945,-0.9756766789730454,0.7102681484777708,1,0,1,0.25488896896060315,0,0,1,1,0,0,0
1.4929160995505137,0.6147044859371479,-1.4857467660327595,1,0,1,0.8515977837128779,0,0,1,1,0,0,0
-1.197956679971259,-0.09837005628059703,0.2397738096390526,1,0,1,-1.1355446710285584,1,0,0,0,0,0,1
1.4390561387284933,-1.654993416244389,-1.3042468913054914,0,0,1,-0.2980829869735688,0,1,0,0,0,0,0
-1.068606369306044,0.7373231078103669,-0.8193052185288102,1,0,1,-0.2980829869735688,0,0,1,1,0,0,0
-1.3514686500920325,0.5540110375196312,1.3570685521328754,1,0,1,0.2921803535681517,0,1,0,0,1,0,0
-0.17597436321901355,0.36442091504646057,-0.1814715118182189,0,0,0,-0.7369260359075714,0,1,0,0,1,0,0
0.84075383102601,1.0482753527758888,-0.9413756966390339,1,0,1,-0.2980829869735688,1,0,0,0,0,1,0
0.5523559272415463,-1.1704403419829652,1.0714468725633923,0,0,1,-1.3616798975908386,0,0,1,0,0,0,1
0.543054914151,1.555067837541067,-0.6396244740906718,0,1,0,-0.2980829869735688,0,1,0,0,0,1,0
1.3957233082217386,0.3939254431691761,-0.5143014184593349,1,0,0,1.1562860334883567,1,0,0,0,0,0,1
0.09495674174129365,0.38368479611812445,0.7790933195870299,0,0,1,0.865919466460819,0,1,0,0,1,0,0
0.5726821693858168,0.7590714670521278,0.8959975847962756,1,0,1,0.2921803535681517,0,0,0,0,1,0,0
0.5425834700000369,-0.9138432419329898,0.10572432614404555,0,0,0,1.4727070346515927,1,0,0,0,0,0,0
-0.4040009454099276,-1.1141090619313598,0.7792565949167416,0,0,1,-0.8883463275152893,0,0,1,0,1,0,0
-0.2949373586438573,0.020824696003838655,-0.5797121639654338,0,0,0,-0.8883463275152893,0,1,0,0,1,0,0
-1.1143889881094924,-1.438672330562975,1.118161461763097,0,0,1,-0.8883463275152893,0,0,0,0,0,1,0
1.4625033102989207,0.496865305358654,-0.8026192895543761,1,0,1,0.14404393368082474,0,0,1,1,0,0,0
-1.2308173269315672,-0.5237785499644239,-1.1394125662266723,1,1,0,-1.1972847952722985,1,0,0,0,0,0,1
1.5635450084400786,1.0833659079004248,-0.05348038508784545,1,0,1,-0.2980829869735688,0,1,0,0,0,1,0
0.9673497510724693,0.04816984073104191,1.276092146907199,1,0,0,0.7173348704843683,1,0,0,0,0,1,0
1.5082216316799444,0.3522078323801885,-0.5143014184593349,1,0,0,1.309094479313048,1,0,0,0,0,0,1
0.1159654343003583,-1.307314086221497,-0.3701424829118142,0,0,1,-1.060800559013493,0,0,1,0,1,0,0
-0.6529640433015333,0.16374356838574508,0.861484892309864,0,0,0,-1.2091770113960512,0,0,1,0,0,0,1
-1.513763706606442,-0.02102061765978438,-1.4998510895917623,1,1,0,0.2921803535681517,0,1,0,0,0,0,0
-0.35347912898659656,-1.2793063985133728,-1.1652227953804353,0,0,1,0.006081903978601255,0,0,0,0,1,0,0
1.2175362445492475,-0.3171130772722256,1.072218520606008,1,1,1,0.6867424264027867,0,1,0,0,0,0,1
1.4680259564284222,0.5451221561338161,-1.5234139672919795,0,0,0,0.9709977325032274,0,0,1,0,0,0,0
-0.4446117106542256,-0.36880337130223373,-0.6802020811731311,1,0,0,-1.1612224496691164,1,0,0,0,1,0,0
-1.0008948199818182,-1.0613290924167265,0.6457570107333905,0,1,1,-1.0943638947324617,0,1,0,1,0,0,0
-1.6198601720680694,0.8376976999948111,1.2156058081109131,1,0,0,0.5946918790678077,1,0,0,0,0,1,0
-0.4070997460531807,-0.02056946687695399,0.034425675265183586,1,0,0,0.2921803535681517,0,0,1,1,0,0,0
1.5445802167528295,0.7467252587324857,-0.8026192895543761,1,0,1,0.26151229053785424,0,0,1,1,0,0,0
-0.8515630239312317,-0.17685029392278528,-1.461794152731785,1,0,1,-0.5503872749299131,0,0,1,0,0,0,1
-1.1187577100289325,1.3901917322605435,-1.1470279238200993,1,0,0,0.4110380122758472,0,0,1,0,0,1,0
1.1298023881918233,0.6365782117979533,-0.8771842980901177,1,0,1,0.1395259556334492,1,0,0,0,0,1,0
1.56594560679181,-0.47209799414121373,1.0951907651521058,0,0,1,-0.8883463275152893,1,0,0,0,0,0,0
0.8605377597383098,0.8460921859714566,-0.41639735637881575,1,0,0,0.2921803535681517,0,0,1,1,0,0,0
-0.765931162312573,-0.266223900842786,1.3246982996449703,0,0,1,1.4727070346515927,1,0,0,0,1,0,0
1.6736677438604577,-0.1130035886640556,0.009817370052317198,1,0,1,0.8824436941098722,1,0,0,0,0,1,0
0.9081332812179346,1.1285301776834717,0.0918697901259343,1,0,0,-0.4190168922682124,0,0,1,1,0,0,0
-0.6622611855609,0.046493877798172795,0.621610714310036,0,0,1,-0.2980829869735688,0,1,0,1,0,0,0
-1.640605988384828,-1.1526395127109619,-1.1977815432324355,1,0,1,1.4727070346515927,0,0,0,0,0,0,1
-1.2266328129717816,1.3485317141740238,-0.16093336383000093,1,0,1,1.1487937367899974,0,0,1,0,0,0,0
1.1724004873283023,0.6375872571362067,0.5013027559521109,1,0,0,1.4549869232336587,0,1,0,1,0,0,0
1.2024805929108262,-1.0310693247047937,0.6920097627729115,1,0,1,-0.16351030963846908,0,0,1,0,0,0,0
0.4841134380485681,0.9518173441748206,0.6428864924462783,1,0,1,1.4727070346515927,0,0,1,0,0,1,0
1.1547686622350064,-0.09927034812791521,0.5230106037800809,0,0,1,-1.4401217882009343,0,0,1,0,0,1,0
1.1072823087722472,1.079034865409376,0.8604080835675103,1,0,1,0.2921803535681517,1,0,0,0,0,0,0
0.4192189501957477,0.25403969773491186,-1.0647637236649765,1,1,1,-0.2980829869735688,0,1,0,0,0,0,0
-0.02428303667420048,1.3230951728760076,-0.4990964421453284,1,0,1,-1.4786096680570098,0,0,1,1,0,0,0
1.4035360006043158,-0.15187582991371718,0.09898541227989155,0,0,1,-1.090936449441107,0,0,1,0,1,0,0
-0.519605869741053,0.9697508423146006,-0.7055766193941266,1,0,1,0.8824436941098722,1,0,0,0,0,1,0
0.623893882337772,-1.5172690579877701,1.061204857041902,1,0,1,-0.8883463275152893,0,1,0,0,1,0,0
-0.9657851238782348,0.6633308805638614,-0.7759593773993957,1,0,1,1.0027195649649399,1,0,0,0,1,0,0
-0.5662565986483228,-1.0488709022970404,1.5793663217794651,1,0,0,0.2921803535681517,0,1,0,1,0,0,0
-1.2730006775547063,1.5298339389928757,-0.5970884232448569,1,0,1,1.3032200243162626,1,0,0,0,0,1,0
1.1143620579616513,0.44272392790187337,0.962300320201078,0,0,1,1.4727070346515927,0,0,1,1,0,0,0
0.0012663382474710216,0.6342793564998161,0.8216511381491804,1,1,1,1.1317748450318446,0,0,1,0,1,0,0
1.0466508913695307,-0.6285751601693986,0.6957315625513545,1,0,1,1.3534231714302893,1,0,0,0,0,1,0
-1.2921143374605333,-1.419026265952933,0.3235630848315054,1,0,1,-0.5318098409231935,1,0,0,0,1,0,0
-0.5661062403613009,0.29375440150974286,1.491683153850101,1,0,1,-1.4284904481897822,0,1,0,0,0,0,0
0.1288149903479271,-0.09217750211831321,-0.9277325997237212,1,0,1,0.2921803535681517,1,0,0,0,0,0,1
-1.4715070406059794,0.00617747114320856,-1.4778727690428977,1,1,0,0.2921803535681517,0,1,0,0,0,0,0
-1.141673364182776,-0.41736611957570874,0.13145789770655014,1,0,1,-0.11858338460220313,1,0,0,0,1,0,0
1.1083886493702884,-0.3342295060314051,0.4948111303733098,1,0,1,-0.054022495154768646,1,0,0,0,0,1,0
0.2254327049812656,0.6443742928092387,0.3963162210140913,1,0,1,-1.2916368623955339,0,1,0,0,1,0,0
-1.5273757800630372,0.44162621984899664,0.6595956837573564,1,0,1,1.4727070346515927,0,0,1,1,0,0,0
-0.7159515871185927,-0.7631626307216796,0.5983792004600647,1,0,0,-0.9437465234896212,0,0,0,0,0,1,0
-1.3030604860030863,1.1132285423755983,1.25552406425963,1,0,1,0.8824436941098722,1,0,0,0,0,1,0
-0.9324516037789876,0.35257173637840944,0.9344145178741651,1,0,1,0.8629903529852303,0,0,1,1,0,0,0
-0.888217771242028,-0.15764558668622908,0.16375844424461836,1,0,1,-0.8883463275152893,1,0,0,0,0,0,1
-1.396800890559721,-0.6309464627725444,0.551602974758359,0,1,0,0.8824436941098722,0,1,0,0,1,0,0
-0.8834529933505612,-1.456771705514204,-1.261653752922905,0,0,1,-0.997087496534688,0,1,0,0,0,1,0
-1.3568142640281704,0.7866035657952095,-1.5386962978543288,1,0,1,0.22960636566560072,0,1,0,0,1,0,0
-0.6069939546612042,0.3020667376815962,0.455677347616687,1,0,1,0.8824436941098722,0,0,1,1,0,0,0
1.4204197465242467,0.7283330591013853,-0.6710561401851274,1,0,1,0.20239877124266895,0,0,1,1,0,0,0
0.5243857574629405,-0.8052508074648909,-1.281366826515298,1,0,1,0.2921803535681517,0,0,1,0,1,0,0
-1.4291100263723278,-0.8324206818893864,0.760913255388973,1,0,1,-0.2980829869735688,1,0,0,0,1,0,0
0.11225516665617072,0.7487919463322749,0.927287937015872,1,0,1,0.24291456394706024,0,0,1,0,1,0,0
-1.210956717976022,0.7439514521579303,-0.4548961387528635,1,0,1,-1.4786096680570098,0,0,1,0,0,1,0
1.1099660843169796,-0.5038172910644055,-1.0924383665223076,1,0,0,0.5903853914038029,0,1,0,1,0,0,0
0.5451194103275732,-0.5323381848126327,0.927287937015872,0,0,1,-0.8883463275152893,0,0,1,0,1,0,0
-1.4258651105722342,-0.5814729607025464,0.6863920246735191,1,0,1,-0.2980829869735688,1,0,0,0,1,0,0
0.3943531710193433,0.22238883873605664,-1.0863558816616412,1,1,1,-0.30746208313922774,0,1,0,0,1,0,0
-1.1618633068905648,-0.43467248804510705,-0.993566450430475,1,1,0,-1.2825950172237401,1,0,0,0,0,0,1
-0.8502446308168811,-1.636918089697928,-0.9994436254745397,0,0,0,0.5078205082131335,0,1,0,1,0,0,0
1.4739104261522946,0.8391184512197984,0.13472161611404668,0,0,1,-1.2826954863039268,1,0,0,0,0,0,1
-1.3408028823561162,0.18127512358625505,-0.2259835473642935,1,0,1,-0.2283892711652185,0,1,0,0,1,0,0
-1.2699453850458204,-1.5728278877874724,-1.5468013623798307,1,0,1,-0.8883463275152893,0,0,1,0,0,1,0
1.1041562675832994,-0.1067039269833337,0.48754118373491173,0,0,1,-1.4711679112001719,0,0,1,0,0,1,0
-0.4582265518201577,-1.7288399320221532,-1.0909371606494176,0,0,1,0.8824436941098722,0,0,0,1,0,0,0
-0.5692132696144425,-0.8814667080423626,0.26462273905339584,1,0,1,-0.8883463275152893,0,1,0,0,1,0,0
-0.3790573148000005,-0.18060304872390967,0.47899084811144377,1,0,1,-0.9531229757385538,1,0,0,1,0,0,0
-0.6210564836199088,0.39768562254893175,1.359764743658434,1,0,1,-0.9352171234276928,0,1,0,0,0,0,0
0.7161705068135471,-0.4869748861320036,0.7724592164426447,0,0,0,-1.046834106074163,0,0,1,0,1,0,0
-0.6010539926256947,-0.8321932520627009,-0.7485850768143784,0,0,1,-0.7777239273348322,0,1,0,0,1,0,0
0.9320482813885252,1.5966375442409089,1.2156058081109131,0,0,1,-1.4786096680570098,1,0,0,0,0,0,1
-1.0984009462648268,-0.7008986072650236,0.1941505273653149,0,0,1,-0.9951465022491889,0,1,0,0,1,0,0
1.362180464925955,0.7947618623653026,-0.9279325587074521,1,0,1,0.2921803535681517,0,1,0,0,0,0,1
-0.5363756547535478,0.6780418541692782,-1.1815699160610411,1,0,1,1.4727070346515927,0,0,0,1,0,0,0
1.2013195577465754,-1.2755546801450857,1.4443134264305262,0,0,1,1.1945938966714857,0,0,1,0,0,0,0
-0.004941733206902721,0.2723481598791605,0.8602669063693871,0,0,1,0.8824436941098722,0,1,0,0,1,0,0
0.30137772937286533,1.3345428390861096,-0.9467782251018968,0,0,1,1.0936388934409003,0,0,1,0,0,1,0
-1.0996554321578926,-0.6791682235919245,-0.3768171024623893,1,0,0,-0.2980829869735688,1,0,0,1,0,0,0
0.4277754002864782,-1.1636046054397267,1.0466874676152509,0,0,1,-1.3772314980600644,0,0,1,0,0,0,1
0.613898263910341,-0.47482107321541556,0.2556272649145394,1,0,1,0.09431933175055307,0,1,0,0,0,1,0
1.2631733339367306,-0.7336692287822577,-0.7024221443324153,0,0,1,0.9850087925320277,0,0,1,0,0,1,0
0.36199172277893,-1.1796095099599138,-0.8660391154154784,1,0,1,-1.0583338939040225,0,0,0,0,0,1,0
0.9755316899418517,-0.653635885893387,-1.0722122031922967,1,0,1,0.39489903506212004,0,1,0,1,0,0,0
-1.2418087049213409,-0.5774733558905695,0.10275326899735969,1,0,0,0.5753581437777622,0,1,0,0,0,0,1
-1.316390475665862,1.26159525934886,-0.9058451632588801,1,0,0,-0.2980829869735688,0,1,0,1,0,0,0
-1.1251554696977408,-0.3049752000499139,0.25665212280485544,0,0,0,1.0878207540231635,0,1,0,0,1,0,0
-0.8999307217057236,-0.702554134413261,1.2948426259166457,0,0,0,-1.212783994832067,1,0,0,0,0,0,0
1.0874237145662433,0.5808787819152448,-1.1278228646066037,1,0,1,-0.2980829869735688,0,1,0,0,0,1,0
1.3432877331712798,-0.7142409599060939,0.8575562027559631,1,1,1,-0.6645943574511728,0,0,0,0,0,1,0
1.2055923905053654,0.46093840847637896,-0.2424536595704254,0,0,1,-0.5060770000825938,0,1,0,0,0,0,1
1.0906101251702536,1.2164713208449107,0.47897280209054005,1,0,0,-1.4786096680570098,0,0,0,0,0,0,1
-0.27958117709705477,-0.25800085521206784,-1.3113147753551333,0,0,1,1.1606272318927577,0,1,0,1,0,0,0
-1.2559599251016649,0.3470025145329933,0.8012022608319599,0,0,1,-0.8883463275152893,0,1,0,1,0,0,0
-1.1892318948260283,-0.6990379009589304,-1.143678840554396,1,0,1,0.7240853207941701,1,0,0,0,0,0,1
-1.6173444285741208,-1.1746489119354075,-1.2350960961969382,1,0,1,1.4727070346515927,1,0,0,0,0,0,1
-0.5163068217384719,-0.6266069054280545,0.8733033099551228,0,0,0,-0.8883463275152893,0,0,1,0,0,1,0
0.31584315143461705,-1.349661195706914,0.35915491806549277,1,0,0,0.10703079684700151,1,0,0,0,0,0,1
1.2701895614243726,0.39754292755526166,-0.7825405019755769,1,0,1,0.3332869703216542,1,0,0,0,0,1,0
0.3363905524971109,-0.7036451321106659,-1.3584582685491493,0,0,1,1.3875540271776168,0,1,0,0,1,0,0
-1.2787489352123647,0.7483573392493081,1.359764743658434,1,0,1,0.15808458933666353,0,1,0,0,1,0,0
0.4520759520917588,-0.8781640136896975,-0.634968376083856,1,0,0,0.19599170378312963,0,0,1,0,0,0,1
1.0599086662785568,-1.1856586347496396,0.7259872188385568,0,0,1,-1.4786096680570098,0,1,0,0,0,0,0
1.1067967869869801,-0.5950536966091534,1.4009601517845536,1,0,0,0.08138663683152592,1,0,0,0,0,1,0
-0.711597494849912,0.7525760211391573,-0.7823006663249206,1,0,1,1.4727070346515927,0,0,1,1,0,0,0
-1.301160738254671,0.5846877711950319,0.927287937015872,1,0,1,0.8824436941098722,1,0,0,0,0,0,1
0.199581836450704,0.8667124864299006,0.9225033949906434,1,0,0,1.4531165753571513,0,0,1,0,1,0,0
-0.10598832281897513,0.4238178001147346,0.927287937015872,0,0,1,0.8824436941098722,0,0,1,1,0,0,0
-1.2564117421333898,-0.4857667677316774,-0.08766472504510026,1,0,0,1.4727070346515927,0,0,0,0,0,1,0
-1.669800394910711,-1.0568805392893614,0.7386594429639624,1,0,1,-1.442193264099083,1,0,0,0,1,0,0
-0.760301297526145,-1.7377837470953252,-1.0909371606494176,0,0,1,0.8824436941098722,0,0,0,1,0,0,0
1.4241169668716207,1.357609110245176,1.176781508805307,1,0,1,1.4727070346515927,1,0,0,1,0,0,0
1.0193698357833945,0.7452532868729943,0.8147199080446996,1,0,0,0.5994559336601835,0,1,0,1,0,0,0
1.1300591006233822,-0.45550308605511497,0.31352258397401167,1,0,1,0.2921803535681517,0,0,1,0,0,0,0
0.14319378233267888,0.6123449861488758,-0.9960034017977215,1,1,1,-0.49243763248048045,0,1,0,0,1,0,0
0.7314443391954795,0.7115757993209292,1.0714468725633923,1,0,1,1.2132512531276962,0,1,0,0,0,1,0
-1.114689732201131,-0.17581437163968638,-1.074937036910618,1,0,1,0.4232063832939552,0,1,0,0,0,0,1
-0.036143442747576464,-0.5352330692914214,-1.3906844505980465,0,0,1,-1.4786096680570098,0,0,1,0,0,0,0
0.7255509285505294,-1.5362213916605214,0.3897009265970097,1,0,1,0.4520666261162751,1,0,0,0,0,0,1
1.5302935437645553,1.258695742046211,-0.0030203862755545513,1,0,1,-0.8332768589585499,0,1,0,0,0,1,0
-0.578555920556428,-0.20519394466507812,1.3631091836053895,1,0,1,-0.3117769025663375,1,0,0,1,0,0,0
-0.3099879439303398,0.730232014387001,0.844043133111079,1,0,1,-0.38951663384316504,0,0,1,0,1,0,0
-0.7010419040391104,-1.5999757357580984,-0.05759168205901237,1,0,1,-0.8387350772115806,0,1,0,1,0,0,0
-1.0428185040804299,0.046460644843301036,-0.18266675745913513,1,0,0,0.44570541610539927,1,0,0,0,1,0,0
-1.338340985744439,0.94505035802578,1.180175817016853,1,0,0,-0.2980829869735688,1,0,0,0,0,1,0
0.05460841733620453,1.107525744397904,0.7427591181267824,0,0,1,0.12688458395129715,0,1,0,0,0,1,0
0.42911509085966804,1.1968601159446293,1.4426597399536982,1,0,1,-1.4786096680570098,0,1,0,0,0,0,0
1.2187531012255006,0.7747261263506271,-1.2772219652479053,0,0,1,-1.4786096680570098,0,0,0,0,0,0,1
-0.5182916507120493,1.115980276392682,-0.20025699033131247,0,0,1,0.8824436941098722,0,0,1,0,1,0,0
-0.993455652536927,-0.20331062519451173,-0.8712718944966109,1,1,1,-1.4786096680570098,0,0,0,0,0,0,1
0.4347817858463987,-0.8425977003713789,-0.6303359226237825,1,0,0,0.1770239759495279,0,0,1,0,0,0,1
0.2698142173846062,0.9093029372910848,1.066255260786915,1,0,1,0.2815517439077772,1,0,0,0,1,0,0
-1.153800440064305,-0.5578060366987351,0.2118544786158693,1,0,0,0.2921803535681517,0,1,0,0,0,0,1
0.35504944849229625,-1.4744475714486671,1.2809591059836298,1,0,1,-0.4594190802610941,0,0,1,0,0,1,0
-0.018258405289984264,-1.020049156174284,-0.9715005350901027,0,0,1,-1.2987262684606422,0,0,1,0,0,1,0
-0.9764861750266794,-0.08894573041341258,-1.4742254002666262,0,0,0,-0.3987850620082255,0,0,1,0,0,0,1
-0.05447149159779835,-1.5331198736110678,0.8642965940634685,1,0,1,-0.8883463275152893,0,1,0,0,1,0,0
-0.8462495879698215,-0.8216765141263936,0.3506521948257892,1,0,1,0.2921803535681517,0,1,0,0,0,0,1
0.06136182539614565,1.7260709329077462,0.2545232392273289,1,0,1,1.4727070346515927,0,0,0,0,0,0,1
-0.03941478049555691,0.3294992962101991,-0.8378215839835916,1,0,1,-0.5691918384650451,1,0,0,0,0,1,0
0.5747261495775462,-1.5658401284298422,-1.3095127181498407,1,0,0,0.14939929444366418,0,0,1,0,0,0,0
0.22378901037660806,0.8757258398869517,0.927287937015872,1,0,0,1.4580637388730957,0,0,1,0,1,0,0
-0.0362557559789119,0.33219393281549814,-1.2441008499041786,1,0,1,-0.2980829869735688,1,0,0,0,0,0,0
-1.240178276420859,0.3733648507574038,-0.1668607839904716,0,0,1,-0.47590882617893915,0,1,0,0,0,1,0
1.1872688390407458,1.0121466310704714,0.46526899331804017,0,0,0,0.7663300596121223,0,0,0,0,1,0,0
-0.2345862025004735,-0.6512706845429359,1.1883667998034224,0,0,1,-0.2980829869735688,1,0,0,0,1,0,0
-0.5115810951073092,-1.4705148918363133,-1.0909371606494176,0,0,1,0.4692116102185693,0,1,0,0,0,0,0
-1.6373669365728072,-0.5665830300984322,1.2487017583217868,1,0,1,-0.2980829869735688,1,0,0,0,1,0,0
-1.631558813097956,0.5359075933429304,0.7761887814794729,0,1,0,-0.8883463275152893,1,0,0,0,0,0,0
1.1473992683299647,0.823338872739405,-1.6249779376201359,1,0,1,0.7952404750893198,0,0,0,0,0,0,1
0.9757277923265147,-0.2956358279680143,0.5427000536332625,1,0,1,-0.2980829869735688,0,0,0,0,0,1,0
-0.8075994933766226,0.4504598122601343,0.6072067650973174,1,0,1,0.2921803535681517,0,0,1,0,0,0,1
0.008039392702023973,-0.649025862723478,-1.2350960961969382,1,0,1,0.8188738068937853,1,0,0,0,0,0,1
-1.363223573934882,-0.17956768216247074,0.3506521948257892,1,0,1,0.2921803535681517,0,1,0,0,0,0,1
1.3060153411632573,-0.29678734775078647,1.579777952578419,0,0,0,-1.4786096680570098,0,0,1,0,1,0,0
-0.6194548393736279,-1.3386468505741476,1.3718623655777566,1,0,1,0.2921803535681517,0,1,0,0,1,0,0
0.8280974782987309,-0.5433456660378427,-0.8065272374114556,0,0,1,-0.7670934160810334,0,0,0,1,0,0,0
-1.1518310886567822,-1.106719164873592,0.43466900780124446,1,0,1,-0.2980829869735688,1,0,0,0,1,0,0
-0.4313086579518904,-0.720584438372803,-0.9474359479112103,0,0,1,0.8797506271757873,0,1,0,0,0,0,0
0.7819454258181116,-1.6448149195305775,1.047137857892117,1,0,1,-0.4971510523785714,1,0,0,1,0,0,0
0.09231096149274698,-1.0066941078605367,0.2928413634329371,1,0,1,1.1191519795022162,0,0,1,0,0,0,1
-0.16350904932394386,-1.7032931008934575,-1.0909371606494176,0,0,1,0.9502844288927239,0,0,0,1,0,0,0
-0.0904883604264536,0.011875011665887017,1.6345522484799597,1,0,1,-1.4786096680570098,0,0,1,1,0,0,0
-0.18581420101818047,-1.4880107312776687,-0.4352829904721378,0,0,0,-0.8350023520605523,0,0,1,0,0,1,0
-0.5860030356361577,0.2009959806187717,-0.8048107328039396,1,0,1,-0.2980829869735688,1,0,0,0,0,1,0
0.665478722289165,0.8064838854503541,1.0222272059745787,0,0,1,-0.8883463275152893,1,0,0,0,0,1,0
1.0437928233284723,-0.353155568985189,0.4948111303733098,1,0,1,-0.15521434978272552,1,0,0,0,0,1,0
0.3488449363605233,-0.6403818485057913,-0.012260191541206868,1,1,0,0.5976099657062086,0,1,0,0,1,0,0
-0.7840876069076214,0.3522013520443166,1.0733197670372796,0,0,1,-0.5521485080503583,0,1,0,1,0,0,0
-0.5077882765224758,0.7316670921089122,0.11511189383549537,1,0,1,1.4727070346515927,0,0,1,1,0,0,0
0.2376966160136001,1.154884250127648,-1.1347308984338282,0,0,1,1.2161809710091906,0,0,1,0,0,1,0
-1.2222914241663985,0.7234735487439171,-0.9931453562426789,1,0,1,-0.2980829869735688,0,0,0,1,0,0,0
-0.8472989752010847,0.3846515866125976,-1.0909371606494176,1,0,1,-0.2980829869735688,0,0,1,1,0,0,0
1.0783861826121608,-0.25893818158495485,-0.4830333349746356,0,1,1,0.8824436941098722,0,0,1,0,0,1,0
-1.2727681689469852,0.5607471455829222,-0.1951077080116375,1,0,1,-0.7619242225718147,0,0,1,0,0,1,0
-1.3359964964620603,-0.16372094599879167,0.2064932592782685,1,0,1,-0.5157086223179924,1,0,0,1,0,0,0
1.0432888537533773,0.6011602752754426,-0.7173208564698077,1,0,1,-0.05707679004383659,1,0,0,0,0,1,0
0.3682409847341671,-1.485994090074573,-0.36289617162136545,1,0,1,1.4727070346515927,0,1,0,0,0,0,0
-0.38313212481671277,1.1059103129449332,1.1524380853888905,0,0,0,-0.6005125418803221,0,1,0,0,1,0,0
0.1719889415648464,1.6020208363204032,-0.3258758918114147,1,0,1,1.4727070346515927,0,0,0,0,0,0,1
1.0810432570059731,-0.2081458222261921,-1.154127117124482,0,0,0,-1.1761983205118653,0,1,0,0,0,0,1
0.31246084249015665,1.4237998574102222,0.18509908687278098,1,0,0,0.2921803535681517,0,0,1,1,0,0,0
0.6730152179994093,1.5574014524627051,1.2156058081109131,0,0,1,-1.4786096680570098,1,0,0,0,0,0,1
0.2919769782227051,-1.3921931147056328,1.2137991911771013,1,0,1,-0.5969132824541006,0,0,1,0,0,1,0
0.701123547083052,-0.9506553675842692,1.0714468725633923,0,0,1,-0.6723713507847341,1,0,0,1,0,0,0
0.8741474978191902,-1.144470243769904,0.1655912081827827,1,0,1,0.2921803535681517,1,0,0,0,0,1,0
-0.20752223920179436,1.3490215169607291,1.359764743658434,1,0,1,-1.4786096680570098,1,0,0,0,1,0,0
0.9570547386609441,-0.029830701166887047,0.7831290014683512,1,0,1,1.259118419070973,0,0,1,0,0,1,0
1.1940443216983345,-0.2709579235661459,-1.0069617068874235,0,0,1,-1.167241833625199,0,1,0,0,0,0,1
-1.242595180180577,-1.4087484577713951,-1.4970912690491662,1,0,1,0.2921803535681517,0,1,0,0,0,0,0
0.05342893274162713,0.4074644689487478,-1.1947246464883612,0,0,0,1.3900559430734316,1,0,0,0,0,0,1
-0.5667618296535252,-0.844945331942064,1.6480826147534753,1,0,1,-0.13468964894692861,0,0,1,0,0,1,0
0.8934670155539907,-0.05957059451917739,1.0731649526134386,1,1,0,-0.8883463275152893,0,1,0,0,0,0,0
-0.0843830283326864,-1.3786856289283422,0.1318248495583862,0,0,1,-0.013551821734065328,1,0,0,0,0,0,1
0.3445880974961194,0.8165651810029037,0.990520885413716,1,0,1,0.12650334114370104,1,0,0,0,1,0,0
-0.48775287088178976,-0.07728856618727856,-0.822378692684135,1,0,1,-1.4786096680570098,0,0,1,0,0,1,0
-0.9427831470349031,0.6746671147102372,0.1415810689324989,1,0,1,-0.2980829869735688,0,0,1,1,0,0,0
-0.9729305581647003,-1.483037722666702,0.048589627619334386,1,0,1,0.16287206649919267,0,1,0,0,1,0,0
-0.027093628158025317,-0.4627227616742584,0.0623343237307478,1,1,0,0.3559439960658721,0,1,0,0,1,0,0
-1.4223480219044717,-0.8844568977909346,1.3133053891261453,1,0,0,-0.8883463275152893,0,0,1,0,0,1,0
-0.7217884957154196,0.5703339875196128,0.46635209207969847,0,0,1,0.765917257867879,0,0,1,0,0,0,1
-0.40527977071839355,-0.3135078536837837,0.6798901664873068,1,0,0,-1.2260056707028122,0,0,1,0,0,0,1
-1.045344856717831,0.481955389839375,0.35795685838452795,0,0,1,-0.6006919514845305,0,1,0,0,0,1,0
0.5424089914436426,-1.1335599474490075,1.0714468725633923,0,0,1,-1.3053739748585254,0,0,1,0,0,0,1
-1.3664885492572545,-1.541033673712589,-1.1286027623149182,0,0,0,-0.3494906544394619,0,0,1,0,0,1,0
0.36243438565358266,-1.3823896653436931,1.3045614602364723,1,0,1,-0.7501461817767402,0,0,1,0,0,1,0
-0.5088073433180023,0.2825794630769027,-0.4357857694239209,1,1,1,1.4727070346515927,0,0,1,0,1,0,0
1.2533994099461063,-1.0873004745480594,0.927287937015872,0,0,0,-1.0921188930177275,0,1,0,0,0,0,0
-1.5217016523441984,-0.9498455742349368,-0.424538323783533,1,0,0,1.398465201907361,0,0,1,0,0,1,0
0.9452325103033575,-0.22302624054209777,0.5327217934944565,1,0,1,-0.22046977981769533,1,0,0,0,0,1,0
1.274895532473535,-0.6523299566055564,-0.5750926213516772,0,0,1,1.1153474865899815,0,0,1,0,0,1,0
-1.5727453181646927,-0.9665404228903687,-1.0683988275061116,1,0,1,1.4727070346515927,0,0,0,0,0,0,1
-0.40318028933824207,-1.3165791116192307,-1.1758437354990599,0,0,1,0.04956968064886075,0,0,0,0,1,0,0
1.5885259154520346,0.3224286965485592,-0.5143014184593349,1,0,0,1.4181731963913244,1,0,0,0,0,0,1
-0.47988279442091464,0.2440398208145309,0.4328463180458436,1,0,1,-0.7195502809524141,0,0,1,1,0,0,0
-1.5356025189859916,-0.8646811117735985,-0.9975826063896883,1,0,1,1.4727070346515927,0,0,0,0,0,0,1
-1.3169542950999324,0.845967663859985,0.3636090524825372,0,1,1,-0.8883463275152893,1,0,0,0,0,0,0
-0.38048097881138354,0.7331658476776416,0.6284738098985838,1,1,1,0.9879837931463724,0,0,1,0,1,0,0
1.4409963589351993,-1.011823373036086,1.0714468725633923,0,0,1,-0.8883463275152893,0,0,0,1,0,0,0
0.03648702560745058,1.0175656588520332,0.7307130100274541,0,0,1,0.07756141171621711,0,1,0,0,0,1,0
0.19584060578572937,1.1265660569269702,1.2082341859534034,1,1,0,1.4727070346515927,0,0,0,0,0,1,0
-1.1436404466983288,-0.5441570657532194,0.3834019823553149,0,0,1,-0.2980829869735688,0,0,1,1,0,0,0
-1.5921649329107177,0.5273203302161317,0.3249091425030295,1,0,0,-0.33321823544558943,0,0,1,0,0,0,1
-0.16322364221616797,0.07012200125436675,1.2482676344201482,1,0,1,-1.244744648577096,0,0,1,1,0,0,0
-1.2191689430041932,1.406757115062769,0.8110771815986451,0,0,1,-0.8883463275152893,0,1,0,1,0,0,0
0.4854706251634433,-1.4140945042504582,-0.14880726370576006,1,0,1,0.2921803535681517,1,0,0,0,0,1,0
1.5087233538178584,1.2877484974981739,-0.016054042327825008,1,0,1,-0.9400102963506282,0,1,0,0,0,1,0
0.3590537832643144,-0.36360132724838606,-0.824925706761169,0,0,1,-1.4786096680570098,1,0,0,0,1,0,0
0.9287003183525341,-0.45420303366149933,-0.4922703296238994,1,0,1,-0.8169097064398358,0,1,0,0,0,1,0
1.5067370048027575,1.503225184476191,1.0948156731440883,1,0,1,0.6351541719612411,1,0,0,0,0,0,0
1.0735457867731146,-0.36901041517113053,1.1746602507715949,1,1,1,0.8824436941098722,0,1,0,0,0,0,1
-0.04224025124067495,1.2683431041964575,0.25272792120719817,1,0,1,-0.8883463275152893,0,0,1,0,1,0,0
1.4672517248831976,0.7884294921110551,-0.7236615782579953,0,0,1,-1.4786096680570098,1,0,0,0,0,0,1
1.2781408715532006,0.7533006600023742,-0.8278215677027911,1,0,1,0.2921803535681517,0,1,0,0,0,0,1
-0.5906182812062913,0.3315491679424836,-0.6559874775021046,1,0,1,0.2921803535681517,0,1,0,0,1,0,0
-0.5659373108931751,-0.3271369036826669,-0.7614878370798097,1,0,0,-1.078015672306157,1,0,0,0,1,0,0
-0.6925497769479039,0.4947377418114469,-1.182922095564383,0,0,0,-0.6747182247145023,0,0,1,0,0,0,1
-1.4383303753114438,1.5830298302208337,1.4937001742690257,0,0,1,1.466726968123734,0,0,1,0,0,1,0
1.2772826981643672,-0.3426001871467206,1.4514636726148198,0,0,0,0.2921803535681517,1,0,0,0,0,0,0
-0.9746560505683334,-0.10485510956797182,1.2406067307818853,1,0,1,-0.8883463275152893,0,0,0,0,0,1,0
1.252917832162181,0.5841979821213477,-0.7792252358830607,1,0,0,1.1111273728991518,1,0,0,0,0,0,1
-0.33371299893914913,0.7489024061870765,0.678761816427273,0,0,1,0.45510893992825935,0,1,0,0,1,0,0
-0.5085780974348747,1.3661187618026622,-1.004039295749164,0,0,1,-0.9595075411121513,0,0,1,1,0,0,0
-0.7932471383816404,0.8805194875827745,0.9870735082362676,1,0,0,0.2921803535681517,1,0,0,1,0,0,0
-1.622377970203692,-0.3581117673643946,0.45649723486925525,1,1,1,-0.7706882309316678,0,0,1,0,1,0,0
-1.3484505457458265,1.2682648745316385,-0.2553638354786451,1,0,0,0.6073617776548142,1,0,0,1,0,0,0
-0.7448318045417912,0.7212020519051057,-0.22525696709173004,1,0,1,-0.2980829869735688,0,0,1,1,0,0,0
-1.2649901100645684,1.0872357905463381,0.6230878884929425,0,0,1,-0.5471943391795624,1,0,0,0,0,0,0
0.6440964197164218,-1.7279526266963219,-1.5011558602998953,1,0,0,0.7913071680431154,0,0,1,0,1,0,0
-0.5627911281280761,-1.262601624256375,-0.9215567126783213,1,0,1,-1.4786096680570098,1,0,0,0,1,0,0
-0.6486288725520745,-0.7431098611530668,0.2234009101787665,1,0,0,0.5526975670128119,0,1,0,0,0,0,1
-1.0598754597792857,0.4730296240396298,0.26021688512286983,0,0,1,-0.5006420952221224,0,1,0,0,0,1,0
-0.697275370190976,0.5349839571515499,1.1495309960692301,1,0,1,0.13232139162182505,1,0,0,1,0,0,0
-0.2847284177351691,-1.1134052622579103,-1.191187692289356,0,0,1,0.4974198466045278,0,1,0,0,0,0,1
-0.20575945615443308,-0.8572112632552444,-1.334740010375346,0,0,1,0.7913096096432277,0,1,0,0,0,0,0
-0.867852301085843,-0.0802334526833657,-0.2663877925578849,1,0,1,-1.224837114114,1,0,0,0,0,0,1
-0.013730959292637956,-0.4773058163785989,-0.3674178981766805,0,1,1,0.08798864089463976,1,0,0,0,1,0,0
1.4778922795346272,-0.25332326838319585,-1.3584681073455727,0,0,1,-0.2980829869735688,0,1,0,0,0,1,0
-1.0226431396484534,1.3008890109958426,-0.020985262355675327,1,0,1,1.3481527102425632,0,0,1,1,0,0,0
1.0716510646042443,1.3158103428470895,1.0405504506367154,0,0,1,0.618938619075655,1,0,0,0,0,0,1
0.8374350705569171,0.8389415323081469,0.6668678994830397,0,0,0,0.5301977410171946,0,1,0,0,1,0,0
0.34404096811004736,-0.3154695986593002,-0.21654607337759602,0,0,1,0.396997916492183,0,0,1,0,0,1,0
1.2257789820905876,-0.2434960904358584,1.3838002949850372,1,0,1,1.4727070346515927,0,0,1,0,0,0,0
0.8148930058188685,-0.19446811288716748,-1.5433121615876795,1,0,1,-0.043688210989280496,0,1,0,0,0,1,0
-1.3606044032052664,-0.1755013556021556,0.2272720230364998,1,0,1,0.07309087899289166,1,0,0,0,0,1,0
-0.13830762994879198,-0.7681222325635463,-1.1193043955313553,0,0,1,1.117914989042756,0,1,0,0,1,0,0
0.2345476201931697,-0.676173957158807,-1.2350960961969382,1,0,1,0.4659622257867167,1,0,0,0,0,0,1
1.0283263943781722,-1.1272856152986466,0.6295687329416787,0,0,0,0.8824436941098722,0,0,1,1,0,0,0
1.215704287687554,0.1256635467995226,0.9634565815652495,1,0,1,-1.4786096680570098,0,0,1,0,0,0,0
-1.2109194657375812,-0.5779692777780377,0.1343300920918581,1,0,0,0.48916327368449386,0,1,0,0,0,0,1
0.9251925670035585,-0.06323369589512923,0.9873768367302933,1,1,0,-0.8883463275152893,0,1,0,0,0,0,0
1.2434257852376482,-1.2130536852983709,1.4422550191274812,0,0,0,-0.9725144233427642,0,0,1,0,0,0,1
1.6143212474563893,-0.4973167323200407,1.0239163892991359,0,0,0,-0.9532180186631337,1,0,0,0,0,1,0
1.0564665092868017,1.3398817602823994,0.7057703241547909,1,0,0,-1.4786096680570098,0,1,0,0,0,0,0
0.4429962403082762,1.5089156464703688,-0.08916165577693663,0,0,1,-0.313103866744841,0,1,0,0,0,0,1
1.5914575750461395,-0.15765163297497026,1.0294036725912747,0,0,1,0.5012384149837865,0,0,1,0,0,0,0
0.24447943851817588,1.6722916703713138,0.04946193303178115,1,0,1,-1.4786096680570098,0,1,0,0,1,0,0
-0.30536673797619024,1.047613907152179,0.19615534971588902,0,0,1,0.2921803535681517,1,0,0,0,0,1,0
-0.4765485873063887,-1.1322616535284882,1.2416614127432262,1,0,0,-0.2980829869735688,1,0,0,0,0,0,0
0.5898792626299099,-0.6201644034341746,-0.07226002470556597,1,0,1,-0.0752202029741385,0,1,0,0,0,1,0
-0.09789333378528059,1.0090486026336798,-0.7095273997822451,1,0,1,0.4827642033501387,0,0,1,0,0,1,0
-0.631195669218696,-0.903915430238794,1.1282773163330373,1,0,1,0.649749636980953,0,0,1,0,0,0,1
-0.17496121250782629,1.4408388939669474,0.5353693176090827,0,1,1,0.5073866655145918,1,0,0,0,0,1,0
1.5818711061170458,1.5703373049655538,1.1527834907406536,1,0,1,0.7538297071561537,1,0,0,0,0,0,0
-0.30884781369057357,0.24370017469963806,0.3523769172096536,0,0,1,0.2992422841515062,0,0,1,0,0,0,1
-1.4304806920088957,-1.3548434623645351,-1.6021245123910195,1,0,1,-0.8883463275152893,0,0,1,0,0,1,0
0.5288866321602584,1.509723158044134,-0.12234854420505614,0,0,1,-0.38104625113942414,0,1,0,0,0,0,1
0.9781292179216625,0.7912166436614276,-0.5967677540232016,1,0,1,-0.011457188719961875,0,1,0,0,0,1,0
1.011408813941668,-1.0160906482393721,-0.5222407469090397,1,0,1,0.2921803535681517,0,0,0,0,1,0,0
-1.1299474886032883,-0.7579773511974728,0.4948111303733098,1,0,1,0.5905319799598832,0,1,0,1,0,0,0
-0.6404176733809259,-0.3344818663925643,-0.8026192895543761,1,0,1,-1.4786096680570098,0,1,0,1,0,0,0
-0.7445035439926105,-0.6556435897249,-0.6918456280058867,1,0,1,-1.4786096680570098,0,1,0,0,0,0,0
0.8947793015591301,-1.3968196775184207,-0.8026192895543761,1,0,1,1.4361628975372671,0,1,0,0,1,0,0
1.554815081466326,0.08238188757887377,-0.42202532045296015,1,1,1,1.4727070346515927,1,0,0,0,0,0,1
-0.5453041243900788,-1.2107788802127761,0.6812800356184358,0,0,1,-1.0322444941236515,0,0,1,0,1,0,0
0.4271911187053374,-1.17628503009609,-0.790660731775775,1,0,0,1.4727070346515927,0,0,1,0,0,0,1
0.14667342884185394,-1.1844702990573095,0.19996997492285642,1,1,0,0.9509962647248764,0,0,1,0,0,0,1
-0.800591268079168,1.5488800702422179,1.0841562619543712,1,0,1,-0.9143658267911136,0,1,0,0,0,1,0
-1.5490997555822188,-0.47755446037404836,-0.18909805181394038,0,0,1,0.2921803535681517,0,0,1,0,0,0,1
0.37432113500349196,-1.2149265229269388,-0.44508753058547396,1,0,1,0.7801554013795879,1,0,0,0,1,0,0
1.1304021801846393,-0.16660522331076932,-0.6423278363863956,1,0,1,-0.8883463275152893,0,0,1,1,0,0,0
1.2582957585176278,-0.2752627968451401,0.3285062466850417,0,0,1,1.0526788512671625,0,1,0,1,0,0,0
-1.2462565541069661,-0.3285794059263243,0.22330126044090592,0,1,0,0.8824436941098722,0,1,0,0,1,0,0
-1.2241678310844282,0.045612411649372075,0.5503861162010817,1,0,1,0.519733898276769,1,0,0,0,0,1,0
1.4760404927250446,-0.8218506009444454,0.632868881275277,1,0,1,1.4727070346515927,1,0,0,0,0,0,1
1.1203613016245488,1.084857402140017,0.5436616264794087,1,1,1,0.02875260407016883,0,0,0,1,0,0,0
-1.210220035919956,-0.5198169826052108,-0.14360956377330847,0,0,0,1.4727070346515927,0,1,0,0,0,1,0
-1.2178230731267017,-1.2371288922054942,0.5667536636194115,1,0,1,-0.2980829869735688,1,0,0,0,1,0,0
-1.0420040265443673,0.6023324863283269,0.7831290014683512,0,0,1,0.2921803535681517,1,0,0,0,1,0,0
-0.0588994707067613,1.1649687070733807,1.1016240946444098,0,0,1,-1.4786096680570098,0,1,0,0,1,0,0
-1.5230718168430732,-0.7347350559791804,-0.7598510113641073,1,0,1,1.4727070346515927,0,1,0,0,0,0,1
-0.5094279706667179,0.4197419539555349,1.3182126732249357,0,0,1,-1.44458241361406,0,1,0,0,0,1,0
0.6805922820843227,-1.2787390556703493,0.009025514841419835,1,0,1,0.2921803535681517,1,0,0,0,0,1,0
1.2813722583734435,0.9773813287347706,-1.6675729028395,1,0,1,0.5634090830482592,0,1,0,0,0,0,1
-0.4429392877430585,-0.6243675168561441,0.2161757270910722,1,0,1,-1.4786096680570098,0,0,1,0,0,0,0
-1.4353793680413724,-1.3481917475457,-1.603812678029643,1,0,1,-0.8883463275152893,0,0,1,0,0,1,0
0.28944342122326006,0.09713394499152672,-0.9094991284440781,1,1,1,-0.7933521775794548,0,1,0,0,1,0,0
0.2933512842423959,-0.6832218575482715,-1.2350960961969382,1,0,1,0.37434306349685015,1,0,0,0,0,0,1
-0.3134643631172597,-1.6095929667044948,-0.24211673446877455,1,0,1,-1.4786096680570098,0,0,1,0,1,0,0
-1.242946308698731,-0.17452964139456378,0.06873623073502677,0,0,1,-0.5997678601378728,0,1,0,0,1,0,0
-0.5116119907392428,0.3620859781909056,1.4176847478863208,1,0,1,-1.4786096680570098,0,1,0,0,0,1,0
-0.3972931249297811,1.4450953089952296,-0.8079401478031071,1,0,1,-0.8847152569975116,0,1,0,0,1,0,0
1.396701490980158,-0.8461100887654229,1.2328595046002757,1,0,1,-1.4786096680570098,1,0,0,1,0,0,0
0.36268679517512004,1.4740711832203097,1.178187301974313,1,0,1,0.8824436941098722,0,1,0,0,0,0,1
0.8271069256534221,1.0732956313417448,-0.44472427312267426,0,0,1,-0.07417277459533439,0,0,1,0,0,0,0
-0.04814985328205576,1.6380012419152417,-1.4644263286039323,0,1,1,0.2921803535681517,0,0,0,0,0,1,0
-0.812071119655681,-0.16109601200907614,0.03389210243697567,1,0,1,-0.9116378432156874,1,0,0,0,0,0,1
-1.2989524304267122,1.2697988962349722,-0.4316461790681204,0,0,1,1.1920096419832402,1,0,0,1,0,0,0
-0.036389362767699655,-0.5334685109486633,-1.391659788195882,0,0,1,-1.4786096680570098,0,0,1,0,0,0,0
1.5338375959056334,-1.3933487589636513,-1.247926393632989,1,0,0,0.7480113740700964,0,1,0,0,0,0,0
-0.429259119008732,-0.7405978179716854,-0.9519637882049335,0,0,1,0.8612112412746515,0,1,0,0,0,0,0
1.197522376996948,-1.2248792303465112,0.927287937015872,0,0,0,-1.3146010060250986,0,1,0,0,0,0,0
-0.5259499246147517,1.2813985746027585,-1.0909371606494176,0,0,1,-0.6129215602688982,0,0,0,1,0,0,0
1.1748810908468945,-0.17024922040292553,-0.7521858916745522,1,0,0,-0.8115938893154848,0,0,1,1,0,0,0
-0.6480466720041308,-0.42962479355248895,0.100003729355506,1,0,0,0.8053244051950296,0,1,0,0,0,0,1
1.1089407767900505,0.32835156534361565,-0.8026192895543761,1,0,1,0.36585750418936025,1,0,0,0,0,1,0
-0.376993543782003,0.6094583857751502,0.8127953733022585,1,0,0,1.0039135958813277,0,0,1,0,1,0,0
-0.9646600720042429,-0.16157531325703262,-1.5234139672919795,1,0,1,-1.153058695958784,0,0,1,0,0,0,1
1.1998987744263188,-0.9227461523049069,0.4948111303733098,0,0,1,0.7373458456453805,0,0,1,1,0,0,0
0.13167987216914936,0.4051819620450071,-1.2270292640073395,1,0,0,0.3252102541964925,1,0,0,0,0,1,0
-0.7887936524532749,0.30096683607139774,-1.3303615502231532,1,0,1,0.2921803535681517,0,1,0,0,1,0,0
-0.9299527799039393,0.5184140300648501,-0.6476990639193992,0,0,1,-0.02498253874050782,0,1,0,0,0,1,0
-0.5240084026171125,-0.5017267184355485,0.06781600238281754,1,0,0,0.8712212404317223,0,1,0,0,0,0,1
-0.3903139169159921,-0.109896188344276,0.5931653499089358,1,0,0,-0.9688892227010478,1,0,0,1,0,0,0
1.0545911029831976,0.5068867423780483,0.7238409754745532,1,0,1,-0.2980829869735688,0,1,0,0,0,1,0
0.7743564634030426,-0.48973131761928074,-0.045499522882781696,0,0,1,-0.6668028422614487,0,1,0,1,0,0,0
-1.1149962676460665,0.6620177276961954,0.9479220141147321,1,0,0,-0.12939543081697838,1,0,0,0,0,1,0
-0.12407511514111713,-1.443670355782048,-1.3499586072548115,0,0,1,-1.3586545274373216,0,1,0,0,0,1,0
1.0357132888294205,-0.14108487272590697,0.9204846781742928,1,0,1,1.4727070346515927,0,0,1,0,0,0,0
0.8976924010328229,0.9582827198131327,0.4238380132334173,1,0,1,1.4727070346515927,0,0,0,1,0,0,0
-0.5097990714350844,1.1194474850334521,0.7444709214777727,1,0,1,-0.5475996792954596,0,0,1,0,1,0,0
0.0037916447255418873,-0.918526726372282,-1.273852607396986,1,0,1,-0.8883463275152893,1,0,0,0,0,0,0
-0.48242427407476496,1.2409022472082194,1.3625413393853933,0,0,1,-1.4786096680570098,1,0,0,0,0,0,0
0.8967482421898089,-0.18656875022018998,0.7582643128771068,1,0,1,1.4727070346515927,0,0,1,0,0,1,0
-0.22615024904689718,0.7002827608243067,0.715238156521145,1,0,0,1.3337164241197603,0,1,0,1,0,0,0
-1.4837482027219795,-1.4602088665152468,0.017980944792510556,1,0,1,-0.9142900873532601,1,0,0,0,1,0,0
-1.5951004650292242,-0.9152516729685981,-1.0436829238943912,1,0,1,0.2921803535681517,0,0,1,0,0,0,0
-1.241580585152343,0.6691746578128258,-1.0277790984699375,1,0,1,-0.4704847814356381,0,0,1,1,0,0,0
-0.08270430440549251,1.519654884172544,0.3331079995018886,1,0,1,-1.2193956302924895,0,1,0,0,1,0,0
-0.9262927463550027,-0.19189215334809112,0.5619100548276663,0,0,1,-0.8883463275152893,0,0,1,0,0,0,1
0.23219022449584834,-1.3801485954856552,-0.3611386626988292,1,0,1,0.8824436941098722,1,0,0,0,1,0,0
-0.982624452065382,-0.0370649447708557,1.1652070209457905,0,0,1,-0.8195598492246203,0,0,1,0,0,1,0
-1.1316230605724835,-0.9612252998722003,0.6091689860566927,1,0,0,1.4727070346515927,1,0,0,0,1,0,0
0.01910794346590869,0.24157438451783858,0.7095455971846295,0,0,1,-0.5870567414346262,0,0,0,0,0,1,0
0.7355080535751471,-1.5628518035592844,1.0349479892684228,0,0,0,0.8824436941098722,0,0,1,1,0,0,0
-0.5332769008431897,1.151354669078382,-1.0909371606494176,0,0,1,-0.34153663544704127,0,0,0,1,0,0,0
0.3557720808634109,1.1589252537729928,-0.9412667134522554,1,0,1,0.8711601643536487,0,0,1,0,0,1,0
-0.14997185809308672,0.6665789210735076,0.927287937015872,0,0,0,0.6009804755850974,0,0,1,1,0,0,0
-0.08646128699700245,-1.0390357819635254,-1.190078438238774,1,0,1,-0.7040200971028064,1,0,0,0,0,0,0
-0.8765075525515544,0.9916295149357884,0.8316012536856503,1,0,0,0.2921803535681517,1,0,0,1,0,0,0
0.7738507179662206,-1.3474337511577454,1.0714468725633923,1,0,1,-0.8883463275152893,0,1,0,0,1,0,0
-1.384330830010208,-1.0024233218724925,-0.6003202785398514,0,1,1,0.2921803535681517,0,0,1,0,0,1,0
0.35539812670627685,-1.581244359441797,0.4654565552419798,0,0,1,-0.4748052271092913,0,1,0,0,1,0,0
-0.8608589321289957,-0.171315938949602,1.3080526953499476,0,0,1,1.4727070346515927,1,0,0,0,1,0,0
-0.21664479275224524,-1.4378148418151786,-0.3701424829118142,0,0,0,-1.0037798745960513,0,0,1,0,0,0,0
0.040903834295311914,-0.024713544943116103,-0.939760439371368,1,1,1,-1.4786096680570098,0,1,0,0,1,0,0
-1.1921250229924132,0.5868122966283543,1.177514723824385,1,0,1,0.4165517694091296,0,1,0,0,1,0,0
-1.1403739812903007,-1.387262407101879,0.49386870099743846,1,0,1,-0.2993692559782468,1,0,0,0,1,0,0
-0.8869123093562905,0.9724232261958707,-1.1898478934699608,1,0,1,1.4727070346515927,0,0,1,0,0,0,0
1.2274836814157577,-0.6636225070501603,-1.6251008842705799,1,0,1,-0.12417995789787964,0,0,1,0,1,0,0
-0.4587566817445125,1.044482647948112,-1.6531271765056461,1,1,0,-0.2980829869735688,0,1,0,1,0,0,0
-1.2713635126116594,0.36504453015296384,-0.8851910610792293,1,1,1,-0.14335697334188807,0,1,0,1,0,0,0
-0.4833842432324436,0.32269283586322806,0.7353099247659759,0,0,1,0.8824436941098722,0,0,1,0,0,0,0
-0.8215789433622152,-0.05067099899147859,-1.4485885981584676,1,0,1,-1.4786096680570098,0,0,1,0,0,0,1
0.9746148090045694,1.2976528974580894,-0.1847972566444007,0,0,1,-0.12944441141449378,0,0,1,0,0,1,0
0.5608127799377602,-0.13057327660719242,0.5639256044048443,1,0,0,-1.4786096680570098,1,0,0,1,0,0,0
-0.6747282326217424,-1.3584509010842007,1.5814589232321854,1,0,0,0.019387532455689915,0,1,0,0,1,0,0
1.7105810086943356,-0.4761337305283416,0.2064932592782685,0,0,1,1.271156018771346,0,1,0,0,0,1,0
0.2130248483829276,-0.7725317980707461,-1.3025290525363644,1,0,1,0.01607397195302862,1,0,0,0,0,0,1
0.018230174930370907,1.3212606740763144,0.6848667123746055,1,0,1,-1.1164216538170642,1,0,0,0,0,0,1
0.27565774649602226,1.407317583266436,1.1517400018591057,1,0,1,-1.4786096680570098,0,1,0,0,0,0,1
-0.6358114567372917,0.3143361794100988,0.6354029423432981,0,0,1,0.8824436941098722,0,0,1,0,0,0,0
-1.4016313965313427,-0.7387587156862915,0.7173269839464529,0,1,0,0.9282772497839759,0,1,0,0,0,0,0
-1.3731001016005084,0.669868046914829,1.333107747197804,1,0,1,0.9915916128281914,0,0,1,0,0,0,1
0.5637088200425279,1.0736408921612557,0.8685998988890331,0,0,1,-0.2980829869735688,0,1,0,0,0,1,0
0.8902664877442408,-1.1058845191781146,-1.5736995641661373,0,0,0,-1.4786096680570098,0,0,1,0,0,1,0
-0.9683726332870921,0.6777465734434971,-0.769038786009113,1,0,1,0.9956354196481103,1,0,0,0,1,0,0
-1.0311891311726868,-1.117432507537954,1.0401716742761933,1,0,1,-0.21271145844966174,0,0,1,1,0,0,0
1.3908728092916378,0.1288466858863353,-1.6611023589004006,1,0,0,0.23919265820110558,0,1,0,1,0,0,0
-0.04702549308591039,-0.8009597780216512,0.7831290014683512,0,1,1,-0.5798885183018498,1,0,0,0,1,0,0
0.36903793126679757,-0.2631735911917292,-0.9899632943622987,1,0,1,-0.7115236897345905,1,0,0,0,0,1,0
0.963418458306092,1.358993720816068,0.8274504212914917,0,0,1,0.8370748287963947,1,0,0,0,0,0,1
0.1649350177036921,-0.44690439706851814,0.5669805919675979,0,0,1,1.1779438469373709,0,0,1,0,0,1,0
-1.6535790169902864,0.5902315360954201,1.1267385469775866,0,0,0,0.049600471291577186,1,0,0,0,0,1,0
-1.270824499236928,0.3475706731504449,0.6142245948895221,1,0,1,0.2921803535681517,0,0,1,0,0,0,1
0.256820927418846,1.4494155868722716,1.179403166363693,1,0,1,-1.4786096680570098,0,1,0,0,0,0,1
0.7716851129672706,0.9207071918539332,-1.5514173356697873,0,0,1,-0.7736856462170669,0,0,1,0,0,0,1
-1.5824062272170945,-0.0032002174407515654,1.1587630837602878,1,0,1,0.2921803535681517,1,0,0,0,0,1,0
0.15070137941402964,-0.48403641761366506,0.03970331652346096,1,0,1,-0.03955295489806737,0,0,1,1,0,0,0
-0.44339526447736577,0.7013621072841584,0.5514705674593898,0,0,1,0.8824436941098722,0,1,0,0,1,0,0
-0.5613760679466028,0.939498599519845,0.5981604321005979,0,0,1,0.333954439048053,0,1,0,0,1,0,0
-0.34115461834435307,-0.36388916838518215,0.8294754795433495,0,0,0,-0.8883463275152893,0,0,1,0,0,0,1
0.12581855099871575,-0.6479321134300962,0.3042455584623507,1,0,1,1.4727070346515927,0,0,1,0,0,0,0
-0.4243611119215599,-0.6405922483856323,0.2064932592782685,1,0,0,-1.4786096680570098,0,0,0,0,0,1,0
-0.03534466595502349,-0.49235417706556933,-0.33973509926537393,1,0,1,1.2615024980698533,1,0,0,0,0,1,0
1.3354144833955763,-1.105147077285164,1.4531534171015419,0,0,0,-0.472585425894998,0,0,1,0,0,0,1
-0.03973035932918317,0.1470042222211548,-0.6785784904039309,1,0,1,1.4727070346515927,0,0,1,0,0,0,1
-0.32445013637530185,-0.6233319158946621,-0.9788798020455409,0,0,1,0.8824436941098722,0,1,0,0,1,0,0
-1.0466951862684262,0.4811259180500684,0.3488738785789805,0,0,1,-0.5913943141550566,0,1,0,0,0,1,0
-1.0468440263004166,-0.7862297273394352,0.5894573599029411,0,1,1,-1.132795160918667,0,1,0,0,0,0,0
-1.0310632775975819,-1.1173461375579532,1.0404055010923547,1,0,1,-0.21334973266689516,0,0,1,1,0,0,0
0.6282610223804705,-0.360647588975972,-0.3839389727095643,1,0,1,0.07659585148860804,0,0,1,0,1,0,0
-0.5090020535542492,0.620633779222757,-1.2304436146874567,1,0,1,1.4727070346515927,0,0,1,1,0,0,0
-1.284159933292588,-0.3541840009401862,-0.8234054900629375,1,0,1,1.0512869687996977,1,0,0,0,0,0,1
0.3446551923691751,0.7417723139721705,-0.17481715708770135,1,0,0,0.2921803535681517,0,0,1,1,0,0,0
-1.2795223505017888,-0.27837168207954777,-0.7715048855043595,1,0,1,0.998159800326706,1,0,0,0,0,0,1
-1.3257619210111833,0.1278668776639591,0.32037826051884366,0,0,1,-0.5622252608405764,0,1,0,0,0,1,0
-0.42246991015006885,0.531505952463446,0.1547674829438902,1,1,1,1.1656698163670218,0,0,1,0,1,0,0
-0.6190094191114173,1.0244974635958453,0.8008993650435144,0,0,1,0.15957542183954926,0,1,0,0,1,0,0
-0.07871746272603217,1.0715417679815915,0.9664140243986823,0,0,1,-1.4786096680570098,0,1,0,0,1,0,0
0.06479028082105348,1.4603900567667052,1.359764743658434,1,0,1,-1.4786096680570098,1,0,0,0,1,0,0
-0.3742555996733423,-0.5611449016953218,-1.4004720153714763,1,0,0,-0.2980829869735688,0,0,1,0,0,0,1
0.7488500599685911,-0.625108809910343,-0.8889005620335879,1,0,1,-0.8093523509118604,1,0,0,0,0,1,0
1.1278652216033846,0.5762942907249793,-0.6745091227529126,1,0,0,0.8824436941098722,1,0,0,0,0,0,1
0.6124819365201124,-0.4526275892160064,0.2958250566823847,1,0,1,-0.8883463275152893,0,0,1,1,0,0,0
1.2511983372483886,0.8201071711967232,0.459357301305279,1,0,1,0.8824436941098722,0,0,1,0,0,1,0
1.044852740326739,-1.0203154952460731,0.15390027242832974,1,1,1,1.2852471919688266,1,0,0,0,0,0,0
-0.8455157472013758,0.29222313030388747,-1.5233362984913703,1,0,1,0.2922598579109268,0,1,0,0,1,0,0
-1.4546113424916713,-0.020213290518349802,0.9945543101916345,1,0,1,-0.8883463275152893,1,0,0,0,0,0,1
-0.9731586963577147,-0.9965593581247,0.5150734941584371,0,1,1,-0.9160012915535475,0,1,0,1,0,0,0
-0.5722920861518301,-0.16696338756170076,1.3416902054126638,1,0,1,-0.2610796014977498,1,0,0,1,0,0,0
1.224883611518771,-1.0804136794548187,-0.9930998089527339,0,0,1,1.4727070346515927,0,0,0,0,0,0,1
1.2605487993502742,0.3693437693877563,-1.0161104870655764,0,0,1,0.2921803535681517,0,0,1,0,0,0,0
-1.0701578178477746,1.3475074749147298,-0.7973742432227066,0,0,0,-0.14514814963708045,0,1,0,1,0,0,0
-1.0860178465981316,1.4688059651065788,-0.18039037923386164,1,0,0,0.6957610190170215,0,0,1,0,0,1,0
0.8458153255473135,0.9748052633413811,-1.6381955064315172,0,0,1,-0.4183696696848057,0,0,1,0,0,0,1
-0.6569875815458108,1.3961110165040718,1.0481791139641439,1,0,1,-0.5107158632611443,0,1,0,0,1,0,0
-0.0664226601580653,1.588434942958074,0.3425401678312405,1,0,1,-1.4786096680570098,0,1,0,0,1,0,0
-0.012185050897641492,-0.5569340049586313,0.22208085578538944,1,0,1,1.3450592166323385,0,0,1,0,0,0,1
0.001344530793207177,-1.268665533272103,1.2156058081109131,1,0,1,0.3133835474482488,0,1,0,0,0,0,1
-0.6143377955564402,0.7997224980724522,0.796000884279502,1,0,1,-0.8356419944934428,0,0,1,0,1,0,0
-1.3468371748797956,0.5272354349366035,-0.5160849411454732,1,0,1,-1.4786096680570098,0,0,1,0,0,0,0
-1.5754431062898395,0.23464676499017045,0.2947691556650352,1,0,0,-0.06926810810831102,0,0,1,0,0,0,1
-0.01300569345048358,0.9143926599419305,0.927287937015872,1,0,1,0.07538364017700838,0,0,1,0,1,0,0
0.6449863400071743,1.5108146870938406,-0.16720790469665636,0,0,1,-0.47288528934322904,0,1,0,0,0,0,1
1.0769535886288364,0.944509636149632,0.7824999971600558,1,0,1,-0.2980829869735688,0,1,0,0,0,1,0
0.8900552074017734,0.7071381884713189,-1.5231662254784986,0,0,1,0.2921803535681517,0,0,1,0,0,0,0
0.5413564546964084,-0.3425261236640575,-0.7825612816819969,1,0,1,-0.128704590239342,0,0,1,0,1,0,0
-0.7045503848519769,0.8243084831786684,0.25434351206484934,0,0,1,0.8824436941098722,0,0,1,0,0,0,0
1.3456923220334946,-1.012333400683548,1.0995306259835245,0,0,0,-0.7472956953254852,0,1,0,0,0,0,1
0.2492612960254168,-0.21159713876094716,0.4948111303733098,0,0,1,-0.2980829869735688,0,1,0,1,0,0,0
1.1777422352186384,-1.4413832220828007,1.013050826350355,0,1,0,0.8824436941098722,0,0,1,0,0,0,0
-1.4945761688296488,0.5547178288861931,0.927287937015872,1,0,1,0.8824436941098722,1,0,0,0,0,0,1
0.052910886663129236,1.532077833701275,-1.5386032623277102,1,0,0,0.3543734045518609,0,1,0,0,0,0,1
1.0045224703320532,-0.4538434414865444,0.2064932592782685,1,0,1,0.4209617288166569,0,0,1,0,1,0,0
1.0804098462185425,1.5691792118809136,-0.37988075570165897,0,0,1,-1.4786096680570098,0,0,0,0,1,0,0
0.6756102601035545,1.4864214105558424,1.4691914579314684,1,0,1,0.8824436941098722,0,0,0,0,0,0,1
1.4576670283927855,0.44255584486209465,-1.5753184591996534,1,0,1,0.6699191033435579,0,0,0,1,0,0,0
-0.5527066659141371,0.7476257208564665,0.5072665156037934,1,0,0,0.9079431793341362,0,1,0,1,0,0,0
0.0035794794279926196,-0.0699094883824504,-0.730713307996362,1,1,0,-0.2980829869735688,0,0,1,0,0,0,1
-1.392693535526492,-0.6484894093897123,1.2399977276848173,1,0,1,-0.9382830722451071,1,0,0,0,1,0,0
1.1804840508225878,-1.6567792467944673,-0.6821700449669723,0,1,1,-1.4786096680570098,0,1,0,0,0,0,0
1.3551762603997664,0.057914775097349665,1.1089820374419648,1,0,1,-1.2603224602014085,0,0,1,0,0,1,0
0.29416577790823195,0.6140224720048877,-0.19247634410465067,0,0,0,0.2921803535681517,0,0,1,1,0,0,0
0.9350866449928035,0.6227176112737276,0.8312755303470404,1,0,1,1.1282909914358874,0,1,0,0,0,1,0
0.08431011192912086,-1.523248408502134,0.11360304020171597,1,0,1,-0.19312229295032396,1,0,0,0,0,0,1
1.3121115530889256,-0.998122485668852,1.0135826284603304,0,0,0,-0.8883463275152893,0,0,0,0,0,0,1
1.0026279398299072,-0.40671645692200725,-0.02437358195588235,1,0,1,-0.6860946492760412,0,1,0,0,0,1,0
0.5886438932990401,-1.1000820084257499,-1.1069204630780665,1,0,1,1.4727070346515927,0,1,0,0,1,0,0
-0.2867599517983923,-0.008281663744367507,0.604417111733268,1,0,1,-0.8883463275152893,0,0,1,1,0,0,0
-0.6998083793997826,-0.6755757988390015,0.5456672259277001,1,0,0,-1.0156901414967228,0,0,1,0,0,1,0
1.2225319915072281,0.8202078566341722,-0.7715524270604985,1,0,0,-0.6568167848757809,0,1,0,0,0,1,0
0.2223882767564197,-0.7912181188287297,-1.395702927274883,0,0,0,-0.2980829869735688,0,0,1,0,1,0,0
0.6763776137292886,-1.2816627614999043,0.005616294011567935,1,0,1,0.2921803535681517,1,0,0,0,0,1,0
0.9648449228955793,-1.2786626463703734,0.5013862435660269,0,0,1,-1.4786096680570098,0,1,0,1,0,0,0
-1.5311019360901983,0.41622763670836027,0.7376284995617353,0,1,0,-0.8883463275152893,1,0,0,0,0,0,0
-1.5858996357636357,-1.2947271707387484,0.34714257894674805,1,0,1,-1.1215776169933371,1,0,0,0,1,0,0
-1.0582180106942884,0.34132517019397257,0.8985692750423385,1,0,1,1.0000331677557732,0,0,1,1,0,0,0
0.5333889508359007,-0.5704813116499107,0.654796554279887,1,0,1,1.4727070346515927,0,0,1,0,0,1,0
0.09210865459716394,-0.6849084567757384,0.9471488880855311,0,0,1,-0.8883463275152893,0,0,1,0,0,0,1
0.277710884496973,0.0208163411466476,-0.5375211070332737,1,0,1,1.4727070346515927,1,0,0,0,0,1,0
-1.2416743169181184,-1.4400306739735713,-1.5066650193404179,0,0,1,0.22360125418107807,0,1,0,0,0,1,0
1.2880462054275374,-1.001994173136604,0.927287937015872,0,0,0,-0.9541678984712435,0,1,0,0,0,0,0
-1.3830952602549826,0.25193662701940184,0.8034181338726393,0,0,0,-1.3206595207870566,0,1,0,1,0,0,0
-0.06584684452293268,0.5095492852220838,0.6626870614543542,0,0,1,-0.2009729954349867,0,1,0,0,0,1,0
-1.2068271360813578,1.430334502264886,0.21496599235060515,1,0,0,0.28350738489680083,1,0,0,0,0,0,0
1.2316280033367843,-0.1486180033995005,-1.5234139672919795,0,0,0,-1.254844348508427,0,1,0,0,0,0,0
-0.2657702780139667,-1.1245038676602201,0.48960556261051313,0,0,1,-0.8883463275152893,0,0,1,0,1,0,0
-0.9062071576949556,-0.2690234632926895,0.3534384455255259,1,0,1,1.461298642661412,0,1,0,0,1,0,0
1.2375657307900374,1.3485672766134378,-0.016963098925464992,1,0,0,-1.4786096680570098,0,1,0,0,0,0,1
-0.1304630731290802,-0.4381263536195785,1.5770317808904601,1,0,0,-0.007163090922912063,0,1,0,1,0,0,0
-0.015689071115408793,0.6391155750824291,0.8138160047719447,1,1,1,1.121081110871299,0,0,1,0,1,0,0
-1.1908033606648107,-0.3825052925843377,0.1388737342927071,1,0,1,-0.2980829869735688,1,0,0,0,0,0,0
1.193200903411931,1.4377614169538024,0.6375394584304778,1,0,1,1.4727070346515927,0,0,0,1,0,0,0
-1.4042636380412672,0.7588659952122587,-1.5234139672919795,0,0,0,0.3137254135741524,0,1,0,0,1,0,0
-1.286835657533707,1.0202962649124412,-0.8081066360434122,1,0,0,-0.2980829869735688,0,1,0,1,0,0,0
0.10139885995215082,-1.0530330305990434,0.3041670313436048,1,0,1,1.072778672503059,0,0,1,0,0,0,1
-0.6930702537446132,-0.6216866270449289,0.24216617090291226,1,0,0,0.8824436941098722,0,1,0,0,0,0,0
0.37502386970992685,-0.6346733952272129,0.5412265788706508,1,0,1,1.4727070346515927,0,0,1,0,0,0,0
1.171198632782318,1.383585472456494,0.3701702465705067,0,0,1,-1.0223824521883573,0,0,1,1,0,0,0
1.1042269183283382,0.5635288887725861,-0.2198435162419136,0,0,0,-1.170907721557482,0,0,1,0,0,0,1
0.6550860110889479,-1.5965045787422345,1.067989050859469,1,0,1,-0.2980829869735688,1,0,0,1,0,0,0
-0.027784420950625055,-1.442009077389904,-1.361155846426512,0,0,1,-1.4045019788854756,0,1,0,0,0,1,0
1.1933506544463293,1.0218957007302518,-1.246720041594716,1,0,1,0.8824436941098722,0,0,0,0,1,0,0
-0.042659635021046693,0.03204112713821827,-1.26805402190561,0,0,1,0.2921803535681517,0,1,0,0,0,1,0
0.8477292221204717,0.6974067958799367,-1.0616366405989197,1,0,1,-0.2980829869735688,0,1,0,0,0,1,0
1.4736298301527166,0.8715677665325279,-1.361945267548083,1,0,1,0.4653096739771391,0,1,0,0,0,0,1
0.6196239684354764,0.05994657535307679,0.8291770590873033,1,0,0,0.2921803535681517,1,0,0,1,0,0,0
-1.1475005846058632,-0.7696543707864684,0.4948111303733098,1,0,1,0.576710582753493,0,1,0,1,0,0,0
0.9075783663875037,-0.48293292154638856,-0.7524381993744529,0,0,1,-0.8883463275152893,0,1,0,0,0,0,0
-0.4304953932234976,-1.6838893186205006,-1.3052953248689474,0,0,1,0.8824436941098722,0,1,0,1,0,0,0
1.5327260787234833,1.7410015993956078,0.4952014048578531,0,0,1,-0.2988819826102242,1,0,0,0,0,1,0
1.1984297996784696,-1.2611995045910636,-0.024103526130031257,0,1,0,-1.4786096680570098,0,1,0,0,1,0,0
-1.3736421446035443,0.9553281308216377,1.2081656050896217,0,0,1,-0.2980829869735688,1,0,0,0,0,0,0
-1.2765376180223449,0.3205880429930373,0.7390339046973129,0,0,0,-0.978620714679461,0,1,0,1,0,0,0
-1.7058134852976634,1.378414850020582,-0.09543031176709624,1,0,1,0.8824436941098722,0,0,0,1,0,0,0
0.3166600237398892,-1.2820908422815118,-0.4140126686697921,1,0,1,0.8225677377627107,1,0,0,0,1,0,0
0.8993064694872184,0.3627362282867791,-1.1534449325771847,1,0,1,-0.04214292937137176,0,0,1,0,0,1,0
-0.57992566691309,0.18193680952716512,0.5756485774271751,1,0,1,-0.7587104045515742,0,0,1,1,0,0,0
-0.9239080479183056,0.4300227180238496,-0.8879644315052565,1,0,1,1.1173716278824832,1,0,0,0,1,0,0
-1.243250670313695,1.3191723104758148,-0.3569875744518769,0,0,1,1.2939069846478826,1,0,0,1,0,0,0
-1.215638362657675,0.7374724631549128,-0.9962321512713588,1,0,1,-0.2980829869735688,0,0,1,1,0,0,0
1.3490072084582998,-0.18313394329811752,-0.8026192895543761,1,0,1,-0.2980829869735688,0,0,1,1,0,0,0
0.6981589159275128,1.122047367153555,0.3552430601885386,1,0,0,-1.1928767198102188,1,0,0,0,0,1,0
1.5000064954082426,0.9472409252611088,-0.3169407514378485,1,0,0,-0.6086737554236179,0,1,0,0,0,1,0
-0.4175118466751124,0.3390251350664977,0.7831290014683512,0,0,1,0.8824436941098722,0,0,1,0,1,0,0
-0.47815144869301573,0.4069422485744936,1.371934698376013,0,0,0,-1.4786096680570098,0,1,0,0,0,1,0
-0.13048724713515336,1.0642024578534128,1.1660650009579996,1,0,1,-1.4448019333136988,1,0,0,0,0,0,1
1.470446165610732,0.5664792986703281,-1.2350960961969382,0,0,1,-1.4786096680570098,0,0,0,0,0,0,1
-0.8103343381886707,-0.1558591660658046,0.07233560756647006,1,0,1,-0.8883463275152893,1,0,0,0,0,0,1
-1.5697249397938335,0.11020543205599714,0.2721602013048724,1,0,0,0.02330497365106321,0,0,1,0,0,0,1
-1.2115222169772,0.6294122234696254,0.3882231197990208,1,0,1,-0.2980829869735688,0,0,1,1,0,0,0
0.47083245415216907,0.2310466032325028,-1.4010533160991345,1,0,1,-0.253456103137333,0,1,0,0,0,1,0
-0.5086998626699467,0.3667831269554305,1.412480891078014,1,0,1,-1.4786096680570098,0,1,0,0,0,1,0
0.010732851804180557,-1.7026847083914722,-0.2584742710524993,1,0,1,-0.5641515872719736,0,0,1,0,1,0,0
0.3807322314570355,1.1179837058075435,0.8990568480620875,0,0,1,-0.2980829869735688,0,1,0,0,0,1,0
-0.9470058192097364,-1.180723013622256,1.1323408822663528,1,0,1,-0.2980829869735688,0,0,1,1,0,0,0
-0.5665773383586109,0.23780155907011735,-1.3983934387242698,0,0,1,1.2498316493793544,0,0,0,1,0,0,0
0.6738326785603282,0.7985671603325413,-0.9917657405722302,0,0,1,0.16310266163809173,0,0,1,0,0,0,1
1.1146523307722498,-1.46090413117155,0.5938204102587754,1,0,1,-1.4786096680570098,0,0,0,1,0,0,0
1.2136787882980562,1.1322185627557233,1.3809507314378495,0,0,1,0.4656737533613504,1,0,0,0,0,0,1
-0.9930420974598513,1.0357471843933042,1.4494672866527156,0,0,1,-0.8883463275152893,0,1,0,1,0,0,0
-1.2315132735457663,1.3769978356782915,0.32473623326255957,0,0,1,1.4727070346515927,0,1,0,0,0,0,0
1.1955310820558194,-0.742334903784143,-1.3877851277829032,1,0,1,-0.430106354750777,0,1,0,1,0,0,0
-0.26850287374886483,-1.1203871551592954,0.8365617239498608,1,1,1,0.8824436941098722,0,0,1,0,0,0,1
1.118395021719018,-0.9322902721245563,-0.012600926571546663,0,1,0,-1.3251972867857087,0,1,0,0,0,0,0
-1.4757903847709035,-0.6154059055837234,1.404398596534308,1,0,0,-0.8883463275152893,0,0,1,0,0,1,0
-1.1248966688595305,0.864324147889057,-0.3820376359335076,1,0,1,0.9311487759847672,1,0,0,0,0,1,0
0.6170168588419588,-0.8395294687836107,0.16944831003933103,0,0,0,1.0539178540699061,1,0,0,1,0,0,0
-1.21086033269179,-0.7411587890917131,-1.1586901691068885,1,0,1,0.8470140439247948,1,0,0,0,0,0,1
-0.476891820543502,0.39846499557304377,-0.1467978638970342,1,0,1,0.35702601279689394,0,1,0,0,1,0,0
-0.5104337429544952,-0.19727239021331133,0.7409944224396513,0,0,0,-0.8883463275152893,0,0,1,0,0,0,1
-0.11405966809650524,0.14269219048343137,-0.5143014184593349,0,0,0,-0.8516300434468397,0,1,0,0,1,0,0
0.048031528821848496,-0.614472546068632,-0.24721859743045915,1,0,1,-0.4719781609497088,1,0,0,0,1,0,0
-0.4128484477482136,1.7379528800385897,-0.6595907893855343,0,0,1,-1.473981064492817,0,0,0,0,0,1,0
0.4014439368897417,-0.6268109946172579,0.0865910130560551,1,1,1,0.3170102997960059,0,1,0,0,0,0,0
-1.3471204180820369,1.3434269853936855,0.07943718066128336,0,0,1,1.4727070346515927,1,0,0,0,0,0,0
0.508808185336578,-1.2134961241663025,-0.623589274211458,1,0,1,-0.6027848398398596,0,0,1,0,0,1,0
0.7927346087021443,-0.7836992139862611,0.2786597372272187,0,0,1,1.4727070346515927,0,1,0,0,0,1,0
0.41635746372074095,-1.4646664501824147,1.337783614638345,1,0,1,-0.3430842024549333,0,0,1,0,0,1,0
1.3134785405481804,-0.5706902759096114,1.6084816051853281,0,0,0,-1.316462076527286,0,0,1,0,0,0,0
-0.35512406222095116,-1.1177845538822615,0.6768390927929572,0,0,1,-0.8883463275152893,0,0,1,0,1,0,0
0.3195485461905436,0.8404158385903943,-1.1831601620718417,1,0,1,0.8824436941098722,0,0,1,0,0,1,0
-0.05069322968009656,1.61713671800585,-1.230812843674347,0,1,1,0.2921803535681517,0,0,0,0,0,1,0
-0.6861144714889978,0.7739018830013686,0.6389700659208305,0,0,1,-0.2980829869735688,0,1,0,0,0,1,0
0.5678010248289976,-1.2277063487426287,1.0714468725633923,0,0,1,-1.4491088796433174,0,0,1,0,0,0,1
-1.1697054962630669,0.7617883879392039,-1.0683978626466313,1,0,1,-0.4826587301567503,0,0,1,1,0,0,0
-0.5392483516031619,-0.4947095864646333,0.05691179377866362,1,0,0,0.8935450546726023,0,1,0,0,0,0,1
1.179674899711876,-1.0328593583914607,0.4948111303733098,0,0,1,-0.06560693867514439,0,0,1,1,0,0,0
0.8478595342643319,-0.9194666405281721,-0.03981365079129595,0,0,0,0.911112896496442,1,0,0,1,0,0,0
-1.4426027057187054,1.5937892513402656,1.5046705242732077,0,0,1,1.4696490538015703,0,0,1,0,0,1,0
0.9474588980971959,1.3625959074783633,0.7776924023617722,1,0,1,0.893573857972582,1,0,0,0,0,0,0
0.8618062453760809,1.0554770747815683,0.6873895995607244,1,1,1,0.2921803535681517,0,0,1,1,0,0,0
1.1720047254306618,-0.4059886861316944,-1.2714265204271717,1,0,0,-0.3724610249633351,0,1,0,1,0,0,0
0.9910084351673938,0.7253791253398876,-0.26812498812415186,1,1,1,0.2921803535681517,0,1,0,0,0,0,0
0.7147263947162742,1.5735135011030028,0.8889502502601361,1,0,1,-1.2556927418519048,1,0,0,0,0,0,1
1.0877537589534805,-0.5398045654188306,-1.2133890320605438,1,0,0,0.8824436941098722,0,1,0,1,0,0,0
0.065765288477529,0.6112495056366554,0.7902593548545569,1,0,1,0.17996677714427314,0,0,1,0,1,0,0
-0.011455914376111168,1.6875420051861187,0.5791715313943826,1,0,1,1.4727070346515927,0,0,1,0,0,0,0
0.1293260322520141,-0.9385675291387418,0.1021659592848661,1,1,1,-1.3698817367538823,1,0,0,0,0,1,0
1.2902321980163265,1.2178282037808272,-1.3954868686485744,1,0,1,0.32541123945726613,0,0,0,0,0,0,1
-0.4269497160954332,0.3396565419615766,0.7716353837980392,0,0,1,0.8824436941098722,0,0,1,0,0,0,0
0.17450282876642323,-0.9794119964359874,-0.3259054032159496,1,1,0,1.190242202419287,0,0,1,0,0,0,1
0.7923437706121872,-1.08874881300406,-1.5201426994626883,1,0,0,0.2921803535681517,0,0,1,0,1,0,0
-0.9068372792290388,0.3486607836813015,0.8531008058838463,1,0,1,-1.4786096680570098,1,0,0,0,0,0,0
-1.3286161138109465,-0.9894979695444331,0.8643391573389375,1,0,1,0.12592157221677075,0,0,1,1,0,0,0
0.7132132103985758,1.5634902972550937,1.2156058081109131,0,0,1,-1.4786096680570098,1,0,0,0,0,0,1
-1.3595466428991176,-1.403313139074985,1.0275152928785336,1,0,1,-0.37491793487069985,0,0,1,0,0,1,0
0.08270837672132964,-0.5694719139129684,-0.8026192895543761,1,0,1,0.6128431692786747,1,0,0,0,0,1,0
-0.49715906034953017,-1.0831791408719387,0.4235276617244794,1,0,1,-0.8883463275152893,0,1,0,0,1,0,0
-1.3227388677691276,0.881621202495768,0.34367310510078525,0,1,1,-0.8883463275152893,1,0,0,0,0,0,0
-0.14305863445361933,-0.26744776081575283,0.49611410645475973,0,0,1,0.8877787710619983,0,0,1,0,0,1,0
1.332691359756094,-0.7850132572823858,1.1641368379249666,0,0,1,-0.8883463275152893,1,0,0,0,0,0,0
0.017743105286848575,-0.5860473532416071,0.13201476755449637,1,0,1,1.4727070346515927,0,0,1,0,0,0,1
-1.449002427413904,-1.0684867307910877,0.5277769315054011,1,0,1,0.42715987340130057,0,0,0,1,0,0,0
-1.1309841882929699,-0.4113628085614953,1.3457944549766154,1,1,1,-1.4786096680570098,1,0,0,0,0,0,0
-1.2169782077193398,-0.08094328819712608,-1.2030818750670003,1,0,1,-1.0194295728044398,0,0,1,0,0,1,0
-0.904001534067196,0.6280695192820179,0.3556963204526023,0,0,1,0.8824436941098722,0,0,1,0,0,0,0
1.2200365686383485,1.015901753437658,-0.6975473998751099,0,0,0,-0.728303176679884,0,1,0,0,0,1,0
0.18188286561136363,-0.46343418983517637,-0.6925980233985747,1,0,1,0.8824436941098722,1,0,0,0,0,1,0
-1.150572036716916,1.046976612321615,-0.5141696360145709,0,0,1,-0.04503589996912971,1,0,0,0,0,0,1
1.1710748809216887,1.4505033971654588,0.6263548196890082,1,0,1,1.4727070346515927,0,0,0,1,0,0,0
1.4428549260789354,1.0267106324380244,1.4401087798047323,0,0,0,-0.2980829869735688,0,1,0,0,1,0,0
-0.056868101997090484,1.4141617502921742,0.39748482327286816,1,0,1,-1.0875991554218842,0,1,0,0,1,0,0
-0.9560794852688488,1.4067810009380566,1.2743486832709436,0,0,1,-0.22813523250556572,0,1,0,0,1,0,0
-0.0009492725260327739,-0.5932951351216071,-1.2698970616874887,0,0,1,0.8824436941098722,1,0,0,0,0,0,1
0.2931498177248193,0.8476056278786175,1.0743639219541221,1,0,1,-1.4786096680570098,0,1,0,0,1,0,0
0.0023382752592825354,-1.7090270349942063,-0.23245791242155792,1,0,1,-0.35110197372000923,0,0,1,0,1,0,0
-1.2853886657786722,0.6668444116304464,-0.26296779145189875,1,0,1,-1.0397794896682109,0,0,1,0,0,1,0
1.2510656698313003,1.2252017614920638,0.5513874847470623,1,0,1,1.4727070346515927,1,0,0,1,0,0,0
-0.9085335952190803,0.5161178636356641,0.23945882307592192,0,0,1,0.8824436941098722,0,0,1,0,1,0,0
1.5628617030224892,0.1389961874881016,0.927287937015872,0,0,1,0.2921803535681517,0,0,1,0,0,0,0
0.6911466913037049,0.47355887300670074,0.8440905593321552,0,0,1,1.223097999646928,0,0,1,1,0,0,0
0.9181834237880667,0.8045039135489732,-1.6675729028395,0,0,1,0.08138482510130501,0,0,1,0,0,0,0
-1.1577256155980225,0.6633281008386922,0.9362624896618317,1,0,1,0.2921803535681517,0,0,1,0,0,0,1
0.7455017790904366,-1.5775175942969395,0.7463674758556296,1,0,0,1.0306006090748703,0,0,0,1,0,0,0
-1.226972483354686,-1.5394800882057826,-0.9208829762925419,0,0,1,-1.1456574474849108,0,1,0,0,0,0,0
1.0943591184830583,-1.1682564317227182,0.7423546445682172,1,0,1,1.4727070346515927,1,0,0,0,0,0,1
-1.0311967084603129,-0.02314170776370661,-0.1226439883399758,1,0,0,0.4948584430395645,1,0,0,0,1,0,0
-1.0999177506448896,1.2897677534801568,0.41442716761532306,1,0,0,0.2921803535681517,1,0,0,1,0,0,0
0.892645065986401,-1.1453854385479412,0.1573133490169646,0,0,1,-1.365519375883343,0,1,0,1,0,0,0
-1.519372553134244,0.007108783677926389,-1.4353585038790444,1,1,1,0.23208937159090787,0,1,0,1,0,0,0
-0.8914146425339424,0.6380574542516217,-0.8043370608286924,1,0,1,0.8824436941098722,0,0,0,0,1,0,0
-0.8912969600872158,0.7407872009428915,-0.9786161272065518,1,0,1,-1.2178870651776474,0,0,1,1,0,0,0
-0.05963970090867132,0.36611963491934546,-1.2238718920490737,0,0,0,1.4497281044518175,1,0,0,0,0,0,1
0.6105100482989244,1.6916317058979127,1.3649571781630054,0,1,1,-1.4786096680570098,1,0,0,0,0,0,0
-0.05333701227038848,-0.5652294140120281,-0.0818246118167728,0,0,0,1.4727070346515927,1,0,0,0,0,1,0
-1.5638978040017424,-0.28539502817660933,0.39877991098436716,1,0,1,0.21353977795967422,0,1,0,0,1,0,0
0.06472005682433896,-0.867703341452016,-1.2279543429609314,0,0,1,-0.9175884629847229,1,0,0,0,1,0,0
0.34277541028925607,-0.4143439623483428,0.3035858633287091,1,1,1,0.5391333765165355,0,1,0,0,0,0,0
-0.3464552503679411,1.1308264489226403,0.33237693296228554,1,0,1,-0.8883463275152893,0,0,1,0,1,0,0
0.9494437914022965,-1.2981747006740731,0.396834279446549,1,0,1,1.4727070346515927,1,0,0,0,0,0,1
0.7931751006715407,1.2164544269013198,0.3410233090674643,1,0,1,1.1677189197354232,0,0,1,0,0,1,0
0.6749494434842598,-0.03362717156240036,0.884919738763821,0,0,1,-0.8883463275152893,1,0,0,0,0,1,0
0.995940918304256,1.3746892750336284,0.8441980119292485,1,0,1,0.9449559448789965,1,0,0,0,0,0,0
-0.3957300245647801,1.0393922905316537,-0.4241738873999956,0,0,0,-1.4786096680570098,0,0,1,1,0,0,0
1.0218362294521919,1.224256381849116,-0.1020740148931838,0,0,1,-0.2346640474160116,0,0,1,0,0,1,0
-0.45920452771524356,-1.1749345657088528,-1.2583206790916004,0,0,1,0.8824436941098722,0,1,0,1,0,0,0
-0.44026426860068757,0.3965097097239743,-0.14850655583951267,1,1,1,1.3430648427582343,0,0,1,0,1,0,0
-0.16297489868631132,-1.2453699486751273,-1.2343867916051234,0,0,1,0.8824436941098722,0,0,0,1,0,0,0
-0.4930265474357182,-1.4943049363242122,-1.0580572963002473,0,0,1,0.4129955184827478,1,0,0,0,1,0,0
-0.5764325517845393,0.48033600098575363,1.0125046523035026,1,0,1,0.641102901064964,1,0,0,1,0,0,0
0.6009040986205643,-1.336404864369504,1.2552712845533898,1,1,1,-0.38365334444304555,0,0,1,0,0,1,0
0.6642124445940184,0.9569450232134734,1.0515507503718713,1,0,1,0.800978389833106,0,1,0,0,0,1,0
-0.22724903558608725,-0.7154623275341374,1.5124601196981624,1,0,0,0.25722762682853645,0,1,0,1,0,0,0
1.055462948496029,-0.7869912219262541,-1.1560331276324727,0,0,1,-0.8883463275152893,0,1,0,1,0,0,0
1.0290860349271935,-1.5107149338320596,0.927287937015872,0,0,0,0.8824436941098722,0,0,1,0,0,0,0
-1.4248875008587716,0.4796256001949608,1.6208190723023401,0,0,1,-0.8883463275152893,0,1,0,1,0,0,0
-1.0103675756607255,-1.014659400304169,0.9767782346557046,0,0,1,-0.2980829869735688,0,0,1,1,0,0,0
1.0023160669281554,-0.41117677853246404,-0.03492434278517692,1,0,1,-0.6922661386104672,0,1,0,0,0,1,0
-1.5224350840330314,1.0297312479284502,1.2156058081109131,1,0,1,0.520751636355514,1,0,0,0,0,1,0
-0.08643661867716451,0.6447688139769885,0.8775027476424005,1,0,1,0.496027392792442,0,0,1,0,1,0,0
-0.29694779420134243,0.9721690841880817,0.8180190139287264,1,0,1,0.9719247093710509,1,0,0,0,0,0,1
-0.5699054418646805,0.7964420169070486,0.5127036929369314,0,0,1,0.8091820283689126,0,1,0,0,1,0,0
0.8327271161731434,-1.5393700190535542,0.5950697436877175,1,0,0,1.1544992830857916,0,0,0,1,0,0,0
-0.18392931783982855,1.50767368500021,-1.5046892056113996,0,0,1,0.12544723556806814,0,1,0,0,0,0,0
1.2256886035272676,0.7716378001208201,-0.7755382475580453,1,1,1,0.27000351624149765,0,1,0,0,0,0,1
-0.47749184289371815,-1.4518538495096829,0.35395839492698955,0,1,1,-1.3276594975891531,0,1,0,0,0,0,1
-1.1017634678410617,0.9406892581016595,-1.455816905529398,0,1,0,0.7440545358685029,0,1,0,0,1,0,0
-1.2771680450510443,0.326840551837806,0.8519634254978312,1,0,1,1.190862299064511,0,0,1,1,0,0,0
-0.7552066257652675,-0.6864144133197064,0.6153419464260415,1,0,0,-0.9205950227736226,0,0,1,0,0,1,0
1.2529868725392008,-0.94429900231112,-1.6598108561017155,1,0,1,-0.8724553540578188,0,1,0,0,0,0,0
-0.9609646450492408,0.6364747299760853,-0.7888523022199884,1,0,1,1.0159171875144066,1,0,0,0,1,0,0
-0.9249748722729693,0.6347766696649491,0.5825170576086797,0,0,1,0.7028863416688468,0,0,1,0,0,0,1
1.4057214838587588,-0.873862122768797,1.228316656555462,1,0,1,-1.4786096680570098,1,0,0,1,0,0,0
-1.1415533920930618,1.3123585853005886,0.3393597422512681,1,0,0,0.15617384487029184,1,0,0,0,0,0,0
1.0102403878141801,-1.0321402908539787,-0.5136640245898876,1,0,1,0.29305029671618205,0,1,0,0,1,0,0
-0.016714768412432468,1.299469151363883,0.2160522941933587,1,0,1,-0.8883463275152893,0,0,1,0,1,0,0
-0.9322462289371716,0.854553901393665,1.11860407870906,0,0,1,-0.8883463275152893,0,1,0,1,0,0,0
-1.2684381289761966,1.044036545439214,0.44936705007510114,0,0,1,-0.6894554373442638,1,0,0,0,0,0,0
-1.3071730827250119,0.9071930212688432,0.31344424405925225,0,0,1,-0.8883463275152893,1,0,0,1,0,0,0
1.1391732977654976,-0.4982879835234131,1.4602220071932965,1,0,0,0.20271141148877986,1,0,0,0,0,1,0
1.5283960058410597,-1.438658846721666,-1.1355519310533175,1,0,0,0.6329811724701544,0,1,0,0,0,0,0
0.20399923353525684,0.05691426569359814,-1.2656179482557004,0,0,1,-1.4786096680570098,1,0,0,0,1,0,0
1.045535357036479,-0.47143401511728744,-1.296398626305291,1,0,0,-0.2980829869735688,0,0,1,1,0,0,0
0.28292538040267295,1.6537600778610226,-1.6411600257605037,1,0,0,-0.6720495992028503,0,1,0,0,0,0,0
-0.6449155637252225,-1.5793112620774559,-1.0776846064636647,1,0,0,0.3993804208652003,0,1,0,1,0,0,0
-1.4781663868234143,0.5421855420889852,1.2438782018241967,1,0,1,1.3569448205721717,0,0,1,0,0,0,1
-1.5384803009909214,-0.8812773862217257,-1.6675729028395,1,0,0,-0.7742445987019438,0,0,1,0,0,1,0
-0.845888511016682,0.3050586461206889,-1.5255967638322303,1,0,1,0.28324282380159344,0,1,0,0,1,0,0
0.036820425688425695,1.3394932936636792,-0.9418733622197488,1,0,0,1.4727070346515927,1,0,0,1,0,0,0
1.460124429460119,-0.09743993791314703,0.6438591404667219,1,1,1,0.1020987303944374,0,1,0,0,0,0,1
-0.9124881120268499,-1.4297373192573313,-0.6471502470390671,0,0,1,-1.4786096680570098,1,0,0,0,0,0,1
-1.025613723467737,-0.7187185475611287,-1.4320905967396749,1,0,0,-0.8883463275152893,1,0,0,0,0,0,0
-1.1271008498549435,0.26525584069667096,0.7412250015151274,0,0,1,-0.7167690687036321,0,1,0,1,0,0,0
-1.344953546563171,1.3796951916490432,1.3350776516514427,0,0,1,1.37394340280813,0,0,1,0,0,1,0
1.167846318082643,1.382783716498569,0.3646127498223656,0,0,1,-1.01783138279658,0,0,1,1,0,0,0
-0.6450240456163285,0.03809600555375889,-1.355101842010918,1,0,1,-1.4786096680570098,0,0,1,0,0,0,1
-0.6015276201844134,-1.312726375194495,1.5991581879295953,1,0,1,0.2921803535681517,0,1,0,0,1,0,0
1.5232797844440473,-0.2063892387597367,0.07117192243495186,1,0,1,-1.3219973757704877,0,0,0,0,1,0,0
0.286952644540432,-1.132787205426312,0.4655313320921418,1,1,1,-0.2980829869735688,0,0,0,0,1,0,0
1.016002288580989,-0.07371878443925982,0.7418209815268086,1,1,0,-0.8883463275152893,0,1,0,0,0,0,0
-0.8807408213821557,0.1845964652731111,-1.280223173682482,1,0,1,-1.4786096680570098,1,0,0,0,0,0,1
-0.765094972848269,1.2048595212465383,0.8590534283334095,1,0,1,-0.5984624262868776,0,1,0,0,0,1,0
-0.5416002802889905,0.24051555784516554,-0.12651752610128975,1,0,1,0.49581374527608657,0,1,0,0,1,0,0
-0.2573202658484929,0.47927779840539275,-1.4929730100487697,0,0,1,-1.4786096680570098,1,0,0,0,1,0,0
1.4441399390256537,1.0485778345451635,-0.7915813696412659,1,0,0,-1.1608804409444624,0,1,0,0,0,0,0
-0.4615043973259346,-0.9357538164491275,1.6253039232711959,1,0,0,-0.25144894907493526,0,0,1,0,0,1,0
1.255757744888248,-1.0487950975453009,0.6709183228473566,0,0,1,-0.47835211029976143,0,0,1,1,0,0,0
0.9612290846064253,0.4697922073733506,-0.39709201346458495,1,0,0,1.0424162380069806,1,0,0,0,0,0,0
-1.0810856953224548,1.4016988280547664,0.1420882920769715,0,1,1,1.3094294563360172,0,1,0,0,1,0,0
-1.3749543310217578,0.6212557982340108,0.6250895271348014,1,0,1,1.3109326227788924,0,0,1,1,0,0,0
-1.1538711634789898,-0.5478289008690536,0.4340895542299533,0,0,1,-0.18420401420223415,1,0,0,0,1,0,0
-0.46743863973677646,1.522727534682319,0.2627846142739965,1,0,1,-0.8883463275152893,0,0,1,0,1,0,0
-0.5763235149715059,0.488412649235306,0.16709602936085594,1,0,1,-0.5019256813348356,0,0,1,1,0,0,0
-0.5308530925683012,0.18510701293294288,1.0220808247262716,0,0,1,0.6843451462518305,0,1,0,0,1,0,0
-0.8499984294443261,-1.3069813554404353,1.6449868691350722,1,0,0,0.2921803535681517,0,1,0,1,0,0,0
-0.3854091344939232,1.0818746881721444,-1.2758478261685038,1,0,0,1.4727070346515927,1,0,0,1,0,0,0
1.3228122240047964,-1.1175871314404255,-1.4090986948635016,1,0,1,-0.5355693760107332,0,1,0,1,0,0,0
-1.1486519967647173,0.5206197774583627,0.9011706215996068,0,0,1,-0.8883463275152893,0,1,0,1,0,0,0
0.04604887797919999,0.2015265577273353,-1.3434616398743198,0,0,1,-1.4786096680570098,1,0,0,0,1,0,0
1.4675299377049469,-1.163588813920052,1.6099458492026488,0,0,0,-0.3293134265519282,0,1,0,0,0,0,1
0.07738657176884639,0.6125674603143508,0.8568264718484084,1,1,1,1.1797836854021817,0,0,1,0,1,0,0
1.674025447107128,1.537544004717327,-1.5134710748588884,1,0,0,-0.5504729187442211,0,1,0,0,0,0,1
-0.5592381409419809,0.5873908801586806,0.6593119764546971,0,0,0,0.2921803535681517,0,0,1,1,0,0,0
1.3708772865806598,-1.0302019616193006,1.2048169089457506,0,0,1,1.2458363456582953,0,0,1,0,0,0,0
0.012675877268003658,1.3501735854003907,-0.5106695627201643,1,0,1,-1.4786096680570098,0,0,1,1,0,0,0
-1.379079519330081,0.951145517221778,1.2156058081109131,1,0,1,-0.28460375286186557,1,0,0,0,0,1,0
-1.414506393078508,-0.30960693135848694,0.48194802016731486,1,0,1,0.2746242157976883,1,0,0,0,0,1,0
1.2644830795229582,-0.13450537017742475,0.5938506278798737,0,0,0,-1.4786096680570098,0,0,1,0,1,0,0
1.4774075747195234,-0.783240624530348,0.24903874031962953,0,0,1,1.0566475176123695,0,1,0,0,0,1,0
-0.8219646114685993,-1.5310849245647176,1.2543142941039114,1,0,0,-0.8883463275152893,0,1,0,0,1,0,0
-1.3613148794549303,-0.8482555274988841,-1.1563232834802606,1,0,1,0.827631467168836,1,0,0,0,0,0,1
0.16359408133890208,0.3855223650767621,0.8116419592464971,0,1,1,0.9019015626572177,0,1,0,0,1,0,0
0.28966516516848684,1.1896308731407128,1.451784123798765,1,0,1,-1.4481115158096614,0,1,0,0,1,0,0
1.3498128584585094,-1.5085230557889744,0.927287937015872,0,0,0,0.8824436941098722,0,0,0,0,0,1,0
1.6326417393036596,-0.3591797171966027,0.9230817207519422,1,0,1,1.4727070346515927,0,0,1,1,0,0,0
0.9888037853167095,1.3599115023628348,0.8029306049347945,1,0,1,0.8013653997551498,1,0,0,0,0,0,1
-1.025571808719471,-1.3432078892892647,-1.1575722015862988,0,0,1,-0.8883463275152893,0,1,0,0,0,0,0
1.037034980739729,-0.8035551924572996,1.2732683784752292,1,0,0,-0.18003237402268624,1,0,0,0,0,1,0
0.3194540815542217,-0.02218982229647716,-1.5386103591547955,0,0,1,-0.624325711828243,1,0,0,1,0,0,0
0.9487065328026574,0.633462774336909,-1.3220882750613356,0,0,1,0.8824436941098722,0,1,0,0,1,0,0
-1.49023613429179,-0.3450271803703568,0.475392310363882,1,0,1,0.45120230423127694,0,1,0,0,1,0,0
1.2723061827785314,1.2912571485566986,1.0612640011032588,0,0,1,0.2921803535681517,1,0,0,0,0,0,1
1.0554564797576484,-1.0271808703508913,0.14595963402678638,1,1,1,1.3015037900462443,1,0,0,0,0,0,0
-0.9472876467626715,0.26943732744003535,-0.9653150410592931,1,0,1,1.4727070346515927,0,0,1,0,1,0,0
-0.3482173632310259,0.2942973950601645,-1.0411438010273688,0,0,1,0.8824436941098722,0,1,0,0,1,0,0
-0.4688495078153745,0.40571551561418817,1.6187724213955743,0,0,0,-1.358598150368914,0,1,0,0,0,0,0
1.5786970502469926,1.193501358485992,0.02622713805199703,1,0,1,-0.5937670242530209,0,1,0,0,0,1,0
0.1864734770964677,0.4041531571596831,-1.1810183456999779,1,0,0,0.5136034206578453,1,0,0,0,0,1,0
0.9418138230276607,-1.1168692257610404,0.12439127108962683,1,0,0,0.03939770697817052,1,0,0,1,0,0,0
-0.05997440331931991,1.6366891828016628,0.42338421372101487,1,0,1,-1.4786096680570098,0,1,0,0,1,0,0
-1.3832860308794903,0.08499039674095099,-0.19890676857397319,1,0,1,-0.3535163523739925,0,1,0,0,1,0,0
-0.6605705832151061,-0.6268781784969105,0.051819280315500545,0,0,1,-0.8883463275152893,0,1,0,0,1,0,0
-1.4978717308072083,-1.1010619134562505,-1.6675729028395,1,0,1,-0.8883463275152893,0,0,1,0,0,0,0
-1.2613255334782132,-0.13593898348740102,-0.6808781348799213,1,0,1,0.8518469221618113,1,0,0,0,0,0,1
-0.9795517534311242,0.9610745382778101,0.7972158277680002,0,0,0,0.2921803535681517,0,0,1,1,0,0,0
1.099553408851443,1.257940655196423,0.871578177544351,0,0,1,-0.8883463275152893,1,0,0,0,0,1,0
-0.44946113713734515,-1.2167072751780816,0.528718390717663,1,0,1,-0.8883463275152893,0,1,0,0,1,0,0
0.9807244303106447,-0.033202096148414795,1.2634521687174427,1,0,1,1.4727070346515927,0,0,1,0,1,0,0
-1.330981037981093,-0.41998833935572233,1.2727207571794734,1,0,0,-0.8883463275152893,0,0,1,0,0,1,0
-0.5728037656109614,-0.14969646944304485,1.1022366489283235,1,0,1,0.05340266761871079,1,0,0,1,0,0,0
-1.3698634121358302,-1.5384894053069036,-1.120498334443268,0,0,0,-0.3384293753252423,0,0,1,0,0,1,0
0.41443905266877135,1.4245046264948436,0.9896338388761106,1,1,1,-1.015984965249888,0,1,0,0,0,0,1
-0.8243201855859669,0.2718849002304713,1.4009593595555614,1,0,1,-1.3099370047953138,0,1,0,0,0,1,0
-0.007673852234435202,0.7983376653346734,0.7013572786240823,0,0,1,-0.04263656294549145,0,1,0,0,0,1,0
-1.0576085503751254,-1.3045857900137912,1.0179800869452564,0,0,1,-1.2929387237797378,0,1,0,0,0,0,0
1.1969377982964335,0.2614360665869322,-1.3617017869434347,1,1,1,-0.6676344412066482,0,1,0,0,1,0,0
-1.133644363286106,-0.5674586408601043,-1.1229700933971989,1,0,0,0.22660042326677654,1,0,0,0,0,0,1
0.8059605029627008,0.07944734211230425,-1.485274658371308,1,0,1,-0.2980829869735688,0,1,0,0,0,1,0
1.4391841775749072,-0.7183834796291184,0.2064932592782685,0,0,1,0.9999014587936116,0,1,0,0,0,1,0
-0.2829296482152223,1.235238626664588,0.6748743194760254,0,1,1,0.4391914601822139,0,1,0,0,1,0,0
-1.5608486760142892,1.142346073832162,-0.2420444535768389,1,1,1,0.5544310785228638,0,1,0,1,0,0,0
-0.40971654642680233,-0.038271475020465004,-0.633803024102967,0,0,0,-0.8883463275152893,0,1,0,0,1,0,0
0.6905562850341034,0.5183472442402834,-1.1924168655292426,1,0,1,-0.2980829869735688,0,1,0,0,0,1,0
0.15694094518948765,-0.04203188695244747,-0.6754404824622489,1,1,1,-1.4670220555065039,0,1,0,0,1,0,0
-0.9535101531292792,0.9984396114216589,-1.032550588989298,0,0,1,1.4328627559509266,0,0,1,0,1,0,0
-0.9683595960665772,1.4157409697621581,-1.1465418370411606,1,0,0,0.2921803535681517,0,0,1,0,0,1,0
-0.35687403468488754,1.5837644369403572,-0.625792928736226,0,1,1,-1.4117307628614921,1,0,0,0,0,1,0
-0.8977601859561306,-0.13442238505268372,1.3015820527720745,0,0,1,1.4727070346515927,1,0,0,0,1,0,0
1.1270908398605404,1.1487105761369814,-0.9537641758634378,1,0,1,0.8824436941098722,0,0,0,0,1,0,0
0.4819206223290562,-1.0042457579445934,-1.2088905550732911,1,0,1,1.4727070346515927,0,1,0,0,1,0,0
-0.9850079071535961,0.551258441512111,1.2824419528329734,0,0,1,-0.8883463275152893,0,1,0,1,0,0,0
-1.2306659994675917,-0.37990614514058474,0.2121979893114102,1,0,1,-0.09354247401935711,1,0,0,0,0,1,0
-1.1241481890807206,-0.3786044667668878,1.3319655474478553,1,1,1,-1.4786096680570098,1,0,0,0,0,0,0
1.2436899611328136,0.5768981247914137,-0.1662523849938075,0,0,1,-0.45407557689147005,0,1,0,0,0,0,1
-0.598163132081864,1.3791617620707428,-0.39974306078863076,0,0,0,0.1709798472438277,0,1,0,1,0,0,0
-1.2585786861720312,-1.200533352840444,-0.7329848009270903,1,1,1,0.5973230686144995,0,0,1,0,0,1,0
1.106303530353546,-1.3493112578858546,-1.5127267411063647,0,0,0,-1.4786096680570098,0,0,1,0,0,1,0
1.588704662854797,0.14365521393905265,-1.5648541349142853,1,0,1,-0.7186682449153539,0,1,0,0,0,0,0
0.4870821187304561,1.6627567767753142,1.301710851094935,0,0,0,1.4727070346515927,1,0,0,0,0,1,0
-1.164149095943193,0.13041426237450243,1.0441880903369254,0,0,1,-0.654387897450998,0,0,1,0,0,1,0
-0.4334091122032617,-1.4410765079926249,0.2952714835270762,0,1,1,-1.387733353291233,0,1,0,0,0,0,1
-1.3685612659903879,-1.5394710775752691,-1.123625320603529,0,0,0,-0.3426972233772858,0,0,1,0,0,1,0
1.5610614903012652,0.826040848033103,0.962301820892023,0,1,1,0.2921803535681517,0,0,1,0,0,0,0
-0.6923126208652115,0.5071115201414393,1.157161120320965,1,0,1,0.11670049856905682,1,0,0,1,0,0,0
-0.024966684087880747,0.16743540632594886,-0.8158915682670942,1,1,0,1.4727070346515927,0,0,1,0,0,0,1
-0.7683011885551385,-0.8666803156172379,0.29285088930737146,0,1,1,-1.1250156089121899,0,1,0,0,0,0,0
-0.6552699998873114,-1.3831169157120153,-0.6212518760197917,1,0,1,-1.4786096680570098,0,0,0,0,1,0,0
-1.5628662242852696,-0.03905704582010677,0.24504165097746014,1,0,0,0.13434273933732918,0,0,1,0,0,0,1
0.3709694947773913,1.6591232722291158,-1.6457895013219657,1,0,0,-0.8972656104575963,0,1,0,0,1,0,0
-0.9707789009879285,-0.2298903223920461,-1.5133272730920462,0,0,0,-0.31873313186699004,0,0,1,0,0,0,1
-0.5382482456651675,0.6480493362929947,-1.1632741094556271,1,0,1,1.4727070346515927,0,0,0,1,0,0,0
0.13677619977637034,1.1762803664122086,1.3171088573670593,0,0,1,-1.4786096680570098,0,1,0,0,1,0,0
-0.5440109969577342,-0.21464784561068193,1.1060131895800969,1,0,1,-0.4712486199941209,1,0,0,1,0,0,0
0.8600982538953712,0.705992656277897,0.8910132850642405,1,0,1,1.0671414578986251,0,1,0,0,0,1,0
-0.6925472855461032,1.1066830094233777,0.4166492356262133,1,0,1,-0.8883463275152893,0,0,1,0,1,0,0
0.6469142583596535,1.013010911921587,1.0714468725633923,1,0,1,-1.4786096680570098,0,1,0,0,0,0,0
0.7247597446722339,-0.5345269736759121,1.0521433616396887,0,0,1,-0.8093074888978038,1,0,0,1,0,0,0
0.13284147322378304,-1.17351537569549,-0.3701424829118142,0,0,1,-0.8883463275152893,0,0,1,0,0,0,0
1.1487899109049726,-0.3319150827236074,0.28245486135332226,1,0,1,-0.018846838908182284,0,0,1,0,1,0,0
1.6452449181146647,1.492664123702685,-1.6675729028395,1,0,1,-0.15995407533359296,0,1,0,0,0,0,1
-0.9714337602768437,0.5017109970688531,0.9291855256890575,1,0,1,-1.3590030525295138,1,0,0,1,0,0,0
-0.11952473862123296,0.4391835540833551,-1.2098435243006707,1,0,1,-0.7849488697847051,1,0,0,0,0,1,0
-1.3014703776840628,0.4545272436313428,-0.5292101601686237,1,1,1,-0.2980829869735688,0,1,0,0,0,0,0
1.5400319191663432,-1.3882325313576804,-0.5996216407095916,0,0,1,-0.9967757070595521,1,0,0,0,0,1,0
1.2362632159469018,-0.5238596335660866,0.7742517566719975,1,0,1,1.4545329542576133,1,0,0,0,0,1,0
1.1473712066126551,-0.3349191290033546,0.2794669562254115,1,0,1,-0.006612766456662311,0,0,1,0,1,0,0
0.9031839849794434,0.9322119353632528,-1.6553427514144536,0,0,1,-0.2980829869735688,0,0,1,0,0,0,1
-1.5723884770582848,1.4889329559022666,-0.5718259250965351,1,0,1,1.2371711150658427,1,0,0,0,0,0,0
1.0452453098946748,0.09177731366755393,0.7138469118893134,1,0,1,1.3781477958519206,0,0,1,0,0,1,0
1.442613790463189,-0.8720340205912646,1.2156058081109131,1,0,1,-1.4786096680570098,1,0,0,0,0,0,0
1.0920820362849737,1.432931840082866,0.05570501778459269,0,0,1,0.8552997903456776,0,0,1,0,0,1,0
0.658650622661301,0.5899424510405129,0.739062598583915,1,0,1,-0.23793922487415461,1,0,0,0,1,0,0
-0.5085260612902023,1.0728308848410115,-0.7592637235289796,1,0,1,-1.4786096680570098,0,0,1,1,0,0,0
1.3608589665893642,-1.5891104981498012,0.6656756480033506,0,0,0,-1.4786096680570098,1,0,0,0,0,0,0
-1.2140577574660998,-1.6080575159399142,-1.5234139672919795,1,0,1,-0.591307338929919,0,0,0,0,0,1,0
0.5122728422576645,-0.28982441293210837,-1.029344292345892,0,0,1,-1.4786096680570098,1,0,0,0,1,0,0
-0.43218628488890326,-1.097400260193408,-0.797595845314379,1,0,1,-1.4786096680570098,1,0,0,0,1,0,0
1.1543634684200674,0.7269308787453097,0.4569857395434802,0,0,0,0.6260313398906201,0,1,0,0,1,0,0
0.1274352918170204,-1.5851440695481818,-1.5081030300311484,1,0,1,1.045682308979833,0,1,0,1,0,0,0
-1.4237461790592862,0.3506741285319443,0.7831290014683512,1,0,1,1.4727070346515927,0,0,1,1,0,0,0
-0.04157731024760599,-1.242184042340782,-0.6835253428948425,0,0,1,-1.1022056732200216,0,0,1,0,0,1,0
0.7218629279833854,-0.5135260792431031,1.0365572271343522,0,0,1,-0.7454895661009212,1,0,0,1,0,0,0
-1.3158799648136563,0.7469431441141033,-0.4491918792379822,1,0,1,-1.4246646240377425,0,0,1,0,0,1,0
-1.5590876530833633,0.9688920368907459,-0.13980374859054262,0,0,1,-0.8883463275152893,1,0,0,0,0,0,0
0.5360240968099788,-0.36178897898181134,0.3683159824727664,1,0,1,-0.960671267093436,0,0,1,1,0,0,0
1.2829605636975137,1.1156305014750567,0.8207943939428194,0,0,1,0.7282215482515197,1,0,0,0,0,0,1
0.4596519706073785,-1.0824585396812771,-0.656478809572069,1,0,1,-0.8721193342586228,0,0,1,0,0,1,0
0.5531545256341226,-0.6263022132993569,-0.04508264819980492,1,0,1,-0.0010344487461251273,0,1,0,0,0,1,0
1.2330216681104795,-0.7581930662178868,1.03015414593422,1,0,1,-1.4786096680570098,1,0,0,1,0,0,0
1.317657526456169,1.2100254757272157,0.45577197838396716,1,0,1,1.3128599868246522,0,0,1,0,0,0,0
-0.8151615856928961,-0.32180496104677536,1.0343517959196835,0,0,1,1.4727070346515927,1,0,0,0,1,0,0
1.657319531312316,-0.2185003511960086,0.4767836818972736,1,0,1,0.8455367139130006,1,0,0,0,0,1,0
0.42160345093314855,0.35865017829612633,-1.246934279040005,1,1,1,-0.2980829869735688,0,0,0,0,1,0,0
0.8454669282845038,1.0243131190985801,-0.9208577528013865,1,0,1,-0.2980829869735688,1,0,0,0,0,1,0
0.5501130185190665,0.8141947585813859,0.3623505740241291,1,0,1,1.4727070346515927,0,1,0,1,0,0,0
0.8725817018152376,-0.6972469061843062,-0.6794394967620971,0,0,1,-0.8597130720569333,0,1,0,1,0,0,0
-0.9381081010189163,-0.08997520894856786,1.0526258909029618,1,0,1,0.1968480038875683,1,0,0,1,0,0,0
0.4814798229452151,0.35995130707769724,-0.8588152339815193,1,0,0,1.3576589949429199,1,0,0,0,0,1,0
-0.9440290163070657,-0.28771697495192095,0.29961526234608676,1,0,1,1.4727070346515927,0,1,0,0,0,0,0
1.1072681994257247,0.9597931033953095,0.7540278569050072,0,0,0,-0.33780150722647995,0,1,0,0,0,1,0
-1.4322504143631591,-0.7674752575433266,-0.5270606277567482,0,1,1,0.2921803535681517,0,0,1,0,0,0,0
-1.38980138107772,1.4240615286474554,-0.8601608975865774,0,0,0,-0.2980829869735688,0,1,0,1,0,0,0
-0.5608292303957078,-0.22278900458163725,0.5837259987444916,1,0,1,-1.1145449152945943,0,0,1,1,0,0,0
-0.9676570162096363,-0.22908707793622307,-1.5234139672919795,1,0,1,-0.6016182438988885,0,0,1,0,0,0,1
1.209131898203733,-0.3620144120993654,-0.8404008391539793,1,0,1,-0.14338523207683407,0,0,0,1,0,0,0
0.38028537428784454,0.382692207266548,-0.9839386683054179,1,0,0,1.1014980568658932,1,0,0,0,0,1,0
-0.7415169542204455,-1.4939775475178987,-0.0018692021305762863,0,0,1,-1.431841101686141,0,0,1,0,1,0,0
-1.3305996015539832,0.4222074847317829,1.1201431323185091,1,0,0,0.04689577887581603,1,0,0,0,0,1,0
-0.7402843770883571,-1.3042347621582773,0.5945200588331283,0,1,1,-1.4786096680570098,0,1,0,0,0,0,0
-0.2544664843119657,0.06770658144423945,-1.118823186842297,1,1,1,1.4727070346515927,0,0,1,0,0,0,0
-0.49324364808894633,0.2553451462816065,1.5949674106546676,0,0,0,-1.4786096680570098,0,1,0,0,0,1,0
-0.45738295702031173,-1.4469376311359385,0.32718763038678245,0,1,1,-1.3550629340225984,0,1,0,0,0,0,1
0.3834554563555129,0.509594457437645,-1.0427667680597568,1,0,1,0.09530571780723668,1,0,0,0,0,1,0
1.3352723752927607,0.002859933103556589,-1.5756227231185687,1,0,0,0.41767799739982714,0,1,0,1,0,0,0
0.16863873812250238,-1.2380531328255622,-0.8751647918141515,1,0,0,1.4727070346515927,0,0,1,0,0,0,1
0.6588502052178137,1.5131446860486342,-0.6176916302382562,0,0,1,-1.226212276405183,0,1,0,0,0,0,1
1.5133073702256357,-0.13126643986845177,-1.1240674703563658,0,0,1,-0.036864593057261585,0,0,1,0,0,0,1
1.2562449074505133,-0.7593670124986767,1.2156058081109131,0,0,1,-0.6813541513666344,1,0,0,0,1,0,0
0.1349463434674323,-1.1466445283747912,-0.41607107182575953,0,0,1,-0.8507351142862956,0,0,1,0,1,0,0
0.14434597977340924,1.6162020365957108,-0.2791136122850008,1,0,1,1.300124003181713,0,1,0,0,0,0,1
-0.46363652659921073,-0.7683579129299267,-1.5139369608404551,1,0,0,-0.2980829869735688,0,0,1,0,0,0,1
0.5718349885211532,1.5602442308769184,-0.6577017197334017,0,1,0,-0.2980829869735688,0,1,0,0,0,1,0
1.2610850809550298,-1.4434759992585324,0.927287937015872,0,0,0,0.8824436941098722,0,0,1,0,0,0,0
1.2757297185319636,-0.680219582626789,0.4948111303733098,0,0,1,0.8824436941098722,0,0,0,1,0,0,0
-0.4977092770675159,0.7322857158783604,-0.7395733646153924,0,0,1,0.24915642986814174,0,1,0,0,0,1,0
-0.933626126373167,1.005358044297195,-0.9997769158313243,0,0,1,1.4104972816608374,0,0,1,0,1,0,0
1.156727117061902,-0.5281316696705471,0.47815705047014256,1,0,1,0.2921803535681517,0,0,1,0,0,0,0
0.8623468947096129,-0.10099451575942067,-0.5733591614386495,1,0,1,0.6406298896209133,0,0,1,0,0,1,0
1.3270828318029282,-0.5218205663179278,0.4948111303733098,0,0,1,0.8824436941098722,0,0,0,1,0,0,0
1.1685514821599778,1.3245662680805785,0.8293932408053759,0,0,1,-0.8883463275152893,1,0,0,0,0,1,0
0.23784683184298622,-1.5203984167025542,-0.19549741581852523,1,0,1,1.4727070346515927,0,0,0,0,0,1,0
-1.3987389875564211,-0.8075664494744409,-0.551409828540984,1,1,1,0.4017607977637224,0,0,1,0,0,0,0
0.4631964149601919,1.2603743738325761,-0.3238534920041837,1,1,1,-0.2980829869735688,0,1,0,0,0,0,1
1.2600079020150707,-0.6410730609758984,0.8001843569302696,1,0,0,1.4028733399808946,1,0,0,0,0,1,0
0.30832936550188017,-1.5964610319225538,-0.262960709668601,1,0,1,0.5116099410558775,1,0,0,0,0,1,0
1.3137247752946435,-0.4068993944666255,0.0009699662803557829,1,1,0,-0.8883463275152893,0,1,0,1,0,0,0
1.4747522432686124,0.26556217238992863,0.7831290014683512,1,0,1,-0.2980829869735688,0,1,0,0,0,1,0
1.145776229859601,1.2735013162524094,0.3404775473936402,0,0,0,1.106971752350327,0,0,0,0,1,0,0
1.0919116271341687,-0.4735230286600538,-0.6944442288403219,1,0,1,-0.7408059053430216,0,1,0,0,0,1,0
0.5100258469178213,1.389647526438502,1.2568681390734215,1,0,1,-1.4786096680570098,0,0,0,0,1,0,0
1.4512100466426452,-0.2495773074349347,1.2666076766426106,0,0,0,-0.08925421629035504,1,0,0,0,1,0,0
0.7009531792490254,0.7781861452398503,0.8531422094815506,1,0,0,0.393377699065286,0,1,0,1,0,0,0
-0.011290377199896007,1.6866698113628953,0.5782194285238623,1,0,1,1.4727070346515927,0,0,1,0,0,0,0
1.1075812473082336,-0.126894186070887,0.46167799888028904,1,0,1,1.4727070346515927,0,0,1,0,1,0,0
-1.4615323495371784,0.16651933140069372,0.2337018069692548,1,0,1,-0.9161978932027943,1,0,0,1,0,0,0
0.28382238096104223,0.5972931902952334,-1.332152174687317,1,0,1,-1.4786096680570098,0,0,1,0,0,0,1
-1.0101558148508765,-0.699443786120099,0.4948111303733098,1,0,1,-1.4786096680570098,0,0,0,1,0,0,0
1.450410339346582,1.4108424532130057,1.3088369777121427,1,0,1,1.4727070346515927,1,0,0,1,0,0,0
0.866701781307392,1.0411187200444625,1.000128237098919,0,0,1,-0.8153422229617766,1,0,0,0,0,1,0
1.264027313753836,-1.1718125048998402,1.4595654142839698,0,0,0,-0.8883463275152893,0,0,1,0,0,0,1
1.4852267224651905,-0.001177756489418702,-1.4924863235580468,1,0,0,-0.5298975474303877,0,0,1,1,0,0,0
-0.3052510169508387,-1.4655971141920112,-0.6892360896197829,1,0,1,-1.4786096680570098,0,0,0,0,1,0,0
0.8373549106569624,0.7320634201488876,0.4231832365082113,1,0,1,1.4727070346515927,0,1,0,1,0,0,0
0.6163595530675842,-1.1477223132525072,-0.6381075300212947,1,0,1,-0.8050110432365383,0,0,1,0,0,1,0
-1.1813107090484072,0.3936980262416629,0.7365571286263598,0,0,1,-0.8883463275152893,0,1,0,0,0,0,0
-1.0061539303413547,-0.22004282399669273,-1.5467809234345113,1,0,0,-0.2980829869735688,0,0,1,0,0,0,0
0.22832272965885797,-1.3842326863664902,-0.3497820917615471,1,0,1,0.8824436941098722,1,0,0,0,1,0,0
-0.7765740297229016,0.46353324452573696,0.6389700659208305,0,0,1,-0.7398100130722594,0,1,0,0,0,1,0
-0.2975776762857788,-1.6391475514713678,-0.16984038212178929,1,0,1,-0.757842933712386,0,0,1,0,1,0,0
-1.3677936981486143,-0.1738913479551863,0.3506521948257892,1,0,1,0.2921803535681517,0,1,0,0,0,0,1
1.5553434191912994,0.1415901466828055,0.6507692977005354,1,1,1,-0.2980829869735688,0,1,0,0,0,0,0
0.020626371148169703,0.6143615580938449,0.8941893105579113,0,0,1,0.4277037309170242,0,0,1,0,1,0,0
-0.07164697495231909,1.6224689171395699,-1.52197804682874,1,0,0,0.29100446917893247,0,1,0,0,0,0,1
-0.7189755774948321,1.2228990999496328,-0.7215268949505282,1,0,1,1.0484613868376884,1,0,0,0,0,1,0
0.06655982302956343,-1.4089520514090417,0.38922897474716645,1,1,1,-0.2980829869735688,1,0,0,0,0,0,0
0.14836510846378592,-0.14592870100942634,-0.9553893284125134,1,0,1,0.2921803535681517,1,0,0,0,0,0,1
-1.3113428797311184,0.32865627490744564,-0.7049841332810765,1,0,1,-1.4786096680570098,0,0,1,1,0,0,0
-0.9451355238067127,0.23240196568551194,-0.9588233294578161,1,0,1,1.4727070346515927,0,0,1,0,1,0,0
-1.552490763685255,0.5070986932496905,0.927287937015872,1,0,1,0.8824436941098722,1,0,0,0,0,0,1
1.3742192518656478,-1.4057853225811188,0.9033938562556236,1,0,0,0.9802787667340637,1,0,0,0,0,1,0
1.0564242417491072,-0.8272667966763977,1.036627178568168,0,0,1,-0.7457759844685579,0,1,0,0,1,0,0
0.660622557358193,0.4754584970523737,-0.9887944057961351,1,0,1,-0.08896960991218614,0,0,1,0,0,1,0
-0.6191317081087078,0.44462102393395103,1.5191101721135214,0,0,1,-0.2980829869735688,0,1,0,0,0,0,0
0.8644868282977536,-1.1298169464000944,-0.9947710536510553,1,0,0,0.7511919675620017,0,0,1,0,0,0,1
-0.38195000383816496,0.181161941762277,-0.4505361316656715,1,0,1,0.5759644644698073,1,0,0,0,0,0,1
1.4657702153744532,0.7070882138784498,-1.2350960961969382,0,0,1,-1.4786096680570098,0,0,0,0,0,0,1
-1.454690427965944,-0.6606596207059083,-1.6675729028395,1,0,0,-0.6575339599225376,0,0,1,0,0,1,0
-0.9541662665475753,-0.2870600252897486,0.2831271775170262,1,0,1,1.4727070346515927,0,1,0,0,0,0,0
0.4024786569754373,-0.23224560084275792,-0.4334438026479948,0,0,1,0.2921803535681517,0,0,1,0,0,1,0
0.630527059955195,1.0052444548270016,1.0714468725633923,1,0,1,-1.4786096680570098,0,1,0,0,0,0,0
0.4541279127709096,1.1974988090726582,0.9747687973197636,0,0,0,-0.2980829869735688,0,1,0,0,1,0,0
-1.1808780130959509,-0.22563548947039958,-0.05754106897141679,1,0,1,-0.2980829869735688,1,0,0,0,0,1,0
1.2535856426334935,0.42874570382161403,0.4948111303733098,1,0,1,1.4727070346515927,0,1,0,0,0,0,0
0.9609136478586628,0.5223533101049342,-0.8026192895543761,0,0,1,0.2921803535681517,0,0,1,0,0,0,1
-1.3102216533647932,0.5471185084268924,1.5167955471085846,0,0,1,-0.8883463275152893,0,1,0,1,0,0,0
0.5974410297341906,1.6210797259957677,-0.09716864219499027,1,0,1,-1.4786096680570098,0,1,0,0,1,0,0
-0.6606696039147157,0.5268084562369534,1.5286748901807663,0,0,1,-0.3994276064864493,0,1,0,0,0,0,0
1.325847254491247,-0.016593545553902217,0.6390025743595251,1,0,1,-1.1835445512035525,0,0,1,0,1,0,0
0.2636833008252948,-0.6207540630317234,-0.836622675417757,1,0,0,0.049016592230119116,0,0,1,0,0,0,1
-1.4749760872749644,-1.457304776409611,0.11832840790488924,1,0,1,-0.8119231421153852,1,0,0,0,1,0,0
-0.7373588915278859,-0.43434727556505215,-1.1003086638804052,1,0,0,-0.8883463275152893,1,0,0,0,0,0,0
1.655776589330733,-0.40809543653265457,0.22312842806266828,1,0,1,1.4727070346515927,0,1,0,0,0,1,0
0.8994965910973178,1.6472212471075949,1.2724566302063236,1,0,1,-1.4786096680570098,1,0,0,0,0,0,0
0.7184388969825101,0.8633061970745357,1.0038629114238944,1,0,1,0.9516248630012235,0,1,0,0,0,1,0
0.08701840104809179,1.1166333737058152,0.6892564943460434,1,0,1,-1.0873870072613643,0,1,0,0,1,0,0
-1.2275060655951198,-1.3448595559703551,-1.4410461848953775,1,0,1,0.2921803535681517,0,1,0,0,0,0,0
0.8796627817035358,0.6452080064628012,0.6499579956523599,1,0,1,-0.11632534922534382,1,0,0,0,1,0,0
-1.036379199303278,-0.15108191495831735,1.2750719784810047,1,0,0,-0.8883463275152893,0,0,1,0,0,1,0
-1.4543401830102396,-0.6597374297928411,-1.6675729028395,1,0,0,-0.6570461048747404,0,0,1,0,0,1,0
-0.7827023268028327,0.669686359838712,1.63304320174424,0,0,1,-0.8883463275152893,0,0,0,1,0,0,0
0.6992536289753384,-0.8680067631393529,0.09489958225751528,0,0,0,1.0030441651023514,1,0,0,1,0,0,0
1.1148955755487573,0.9556450591237673,-0.2282338867886493,1,0,0,-1.4786096680570098,0,0,1,0,0,0,1
-0.9983483115186615,-0.1350149727956319,1.0342805389741097,1,0,1,0.2921803535681517,0,0,1,0,0,0,1
-0.8894448299460406,0.4611312549808465,-1.3247234054415487,1,1,0,0.16985306538547235,0,1,0,0,0,0,0
1.0363118524832169,0.15842862598445848,-0.10173178053322586,0,1,0,-0.3388382542855551,1,0,0,0,0,1,0
0.3238313870717485,1.6607783281931567,0.016496811184700116,1,0,1,-1.4786096680570098,0,1,0,0,1,0,0
-1.3605366784141657,-0.17536005261637524,0.22698289791300175,1,0,1,0.07285411259255398,1,0,0,0,0,1,0
-0.7258337640256887,-1.4540523417993072,-1.2799826290790806,0,0,1,-1.0721356621390554,0,1,0,0,0,1,0
-0.8863564530197514,0.6307449305662658,0.7447305509547818,1,0,1,0.8824436941098722,0,0,1,1,0,0,0
0.853786435924544,-1.2087790842381103,-1.1706732951570908,0,0,1,0.5559615586971249,0,0,1,0,0,0,1
-0.956516917696124,-0.11822269727957116,-0.5812406688259039,1,0,1,-1.4786096680570098,1,0,0,0,0,0,1
0.8501355905193426,0.9719411366343487,0.0623343237307478,1,0,0,-0.2980829869735688,0,0,1,1,0,0,0
0.24850595693114008,1.4931004550917577,1.2156058081109131,0,0,1,-1.4786096680570098,1,0,0,0,0,0,1
-1.1359261974576191,0.47995890211086456,0.10750618949044707,0,0,1,-0.1131253478195745,0,1,0,0,0,1,0
-0.0014580113915045462,0.4888232828117718,-1.3093243019220218,1,0,1,-0.905942479100063,1,0,0,0,0,1,0
0.3428076777616207,-1.007782571505976,-0.850587196277358,1,0,0,1.4727070346515927,0,0,1,0,0,0,1
-1.2614393638226964,0.47208299103010076,-0.5683141110927354,1,1,1,-0.2980829869735688,0,1,0,0,0,0,0
0.39872341563864905,0.6596355579781528,1.0063887936102327,1,0,0,1.4727070346515927,0,0,1,0,1,0,0
1.2182965804257289,1.105996835988095,0.7831290014683512,0,0,1,0.8824436941098722,1,0,0,0,0,0,1
0.9658666656467875,-0.5850909360138534,-0.24470173711129373,0,0,1,-0.802742807836307,0,1,0,1,0,0,0
-0.4285993470811648,-0.18429921331887023,0.7661989583132831,0,0,0,-0.8883463275152893,0,0,1,0,0,0,1
0.2734518845915272,1.410759129078751,-0.9467782251018968,0,0,1,1.197461480265101,0,0,1,0,0,1,0
-1.1841055950762644,0.5315196176854562,0.739477833027485,1,0,1,0.2921803535681517,0,0,1,0,0,0,1
0.7180869734215073,-1.24739611500999,0.7359952947635013,0,0,1,-1.1172658508988909,0,1,0,0,1,0,0
1.1053969814168227,-1.3136281014508338,0.8140007294676894,0,0,1,-1.4786096680570098,0,1,0,1,0,0,0
1.0339121882286813,1.3919061109506266,0.11897492968233503,1,0,1,0.9404228841481309,0,0,1,0,0,1,0
-1.1757200981355589,-1.4022742560892756,1.3010999157156575,1,0,0,0.17207785287233548,1,0,0,1,0,0,0
-0.6050830068028926,-0.39193568094279396,-1.119901694507425,0,0,1,-0.2980829869735688,0,0,1,0,0,0,1
1.4876556877416474,0.903221857786388,-1.182053011831671,1,0,1,0.21978482231841273,0,1,0,0,0,0,1
1.075578538671373,0.46670054519742293,0.7193559363738773,1,0,1,1.2428555745464769,0,1,0,0,0,1,0
-0.2271060233322143,0.2529504165942308,-1.0863335621070807,1,0,1,-0.3169325674299749,1,0,0,0,0,1,0
0.2542621149634703,0.5222447301852445,0.8793084354102485,0,0,1,0.8431529754489723,0,0,1,1,0,0,0
1.3158908577280508,-1.2491569822624404,-1.2002687335865818,0,0,1,1.4727070346515927,0,0,0,0,0,0,1
-0.49612457540256527,-1.1397968616364589,0.8525072251590277,0,0,1,-0.9320880417965862,0,0,1,0,1,0,0
-1.645580496579528,0.4071590953494819,1.269733009169812,1,0,0,0.2921803535681517,1,0,0,0,0,1,0
0.40994527910427175,1.6015492225748398,1.359764743658434,1,0,1,-1.4786096680570098,1,0,0,0,1,0,0
1.4480721078619725,0.940418402244921,-1.2975849918603974,1,0,1,0.5480431217065707,0,1,0,0,0,0,0
1.6209830759587711,-0.974082299162457,-1.2346899073348379,0,0,1,1.4727070346515927,1,0,0,0,0,0,1
0.8239280864291831,-1.0785794807298543,1.2619042021730627,1,1,1,-0.2980829869735688,0,0,0,0,0,1,0
0.7753954591617503,0.23637963923264296,-0.9393451593186937,1,0,1,-0.09118356547735024,0,0,1,0,0,1,0
-0.5465100339305847,0.8586022816482868,0.3676052598818984,0,0,1,0.5120730882004074,1,0,0,0,0,1,0
-0.6454756668104139,-0.4133381594736106,-1.0414087074582097,0,1,1,-0.25752382201931634,0,0,1,0,0,0,1
-0.9551689177854141,-0.8181384090893739,1.3440914096203822,1,0,1,-1.0423174649936515,0,0,1,1,0,0,0
-1.3722304016430538,0.9785339960633398,0.08658376776396792,0,0,1,-0.8883463275152893,1,0,0,0,0,0,0
-0.9224082213226044,1.4304423436117195,0.2602763720802755,0,1,1,1.06746703253619,0,1,0,0,1,0,0
1.0131267681328289,-0.8695132953449141,-0.49609458232294845,0,0,1,-1.060251284740208,0,1,0,0,0,1,0
-0.8817687587450499,0.38897232170370777,0.778306203561848,0,0,1,-1.4736728932531478,1,0,0,1,0,0,0
0.9754888037556222,-1.2758309815145394,0.7017274671746844,1,0,1,1.4727070346515927,1,0,0,0,0,0,1
1.5679982120495253,0.3257278034607057,0.927287937015872,0,0,1,0.2921803535681517,0,0,1,0,0,0,0
-0.30896787194537334,0.12588313286736086,0.5645825225064193,0,0,1,-0.2980829869735688,0,1,0,1,0,0,0
-0.5606455961006638,-0.23224548497184513,1.3574667886692147,1,0,1,-0.29494663707568375,1,0,0,1,0,0,0
1.3437943520514335,0.09783360511601275,0.839496689950083,1,0,1,-1.4786096680570098,0,0,1,0,0,0,0
1.3509043878145859,1.1117628181583883,0.38340372490684116,1,0,1,1.0165458743186166,0,0,1,0,0,0,0
-0.8550386745720867,-1.5474853188821263,-0.6105539425225781,0,0,1,-1.4001479386645796,1,0,0,0,0,0,1
-1.0941182829013807,1.1668655270575956,1.2683110857257172,0,0,1,-0.8883463275152893,0,1,0,1,0,0,0
-1.3612304370555837,1.2524173281886901,-0.298391917553598,1,0,0,0.6367250857820592,1,0,0,1,0,0,0
-1.2654565292014603,-1.1903387138075132,0.7095384663094271,1,0,1,-0.2980829869735688,1,0,0,0,1,0,0
0.480992887527005,0.36006073353231854,-0.8594173127776267,1,0,0,1.3564263795656282,1,0,0,0,0,1,0
1.1735390107929393,0.8273383310808644,-0.8078113369226958,1,0,0,-0.5825851558117381,0,1,0,0,0,1,0
0.7665340752653559,0.9557262924143068,1.1523630052593756,1,0,1,0.9652721129786839,0,1,0,0,0,1,0
-0.40907806764877874,0.9141713856535729,0.7337812431215132,0,1,1,-0.2980829869735688,0,1,0,0,0,1,0
1.1804138075663468,0.5424860324576735,-0.26071829259323925,0,0,0,-1.254589256598631,0,0,1,0,0,0,1
-0.6981783181841458,1.0962757667686625,0.42049811802501846,1,0,1,-0.8883463275152893,0,0,1,0,1,0,0
1.2661040115011355,-0.3655680068383227,-0.17700381736026166,1,0,1,1.4727070346515927,0,0,1,0,0,0,0
-0.9676804824077114,0.6738904195414601,-0.7708900231100185,1,0,1,0.9975304069258066,1,0,0,0,1,0,0
0.8943226202443484,0.3058854139504662,-0.14797302872951634,0,1,1,0.8824436941098722,0,0,1,0,0,1,0
-0.44337812815469707,0.02129292926308013,0.5593522496153966,1,0,1,0.2921803535681517,0,0,1,0,0,0,1
-1.398322719428327,-1.5463042241779195,0.7993909030629546,1,0,0,1.4727070346515927,1,0,0,0,1,0,0
-0.48232174741938544,0.43799117566552903,-1.1516559305787817,0,0,1,1.4727070346515927,0,0,0,1,0,0,0
-1.005151631199877,1.2485298742964217,-1.2117486020161639,1,0,0,-0.2980829869735688,0,1,0,1,0,0,0
-0.052672100367104166,1.4408998870652576,-0.5819739689104871,1,0,1,0.8824436941098722,0,0,1,0,0,1,0
-1.4929290129332806,0.7105951739610596,0.5781690655923923,0,1,0,-0.8883463275152893,1,0,0,0,0,0,0
0.24290540702175145,0.5550382675256406,-0.18509965690597036,0,0,0,0.2921803535681517,0,0,1,1,0,0,0
0.7010522351890884,-0.15714542086445937,-0.3942950996860549,1,0,0,0.8824436941098722,0,1,0,1,0,0,0
0.4797672393794512,0.36033616704235766,-0.8609327843032822,1,0,0,1.3533238064166526,1,0,0,0,0,1,0
-1.2303157535125546,0.7459545518170212,-0.2259835473642935,0,0,1,0.6626612739163305,1,0,0,1,0,0,0
1.528492276923827,-0.5223423893455528,1.106261346028897,0,0,1,-0.8883463275152893,1,0,0,0,0,0,0
0.034513921354104214,-0.819197532375049,-1.0492066342516733,1,0,1,-1.0152013785770226,1,0,0,0,1,0,0
0.9240172326700483,-1.3684262635125388,0.6823037559185504,1,0,0,0.8824436941098722,1,0,0,0,0,1,0
-0.8415622440325354,-0.11469250597096875,1.4906377774689272,0,0,0,1.4727070346515927,1,0,0,0,1,0,0
-1.0025307084225683,-0.10120768672970143,-0.44527508416316,1,0,1,0.8824436941098722,1,0,0,0,0,0,1
1.3628990393449314,1.4194585451824675,1.251403135394347,1,0,1,1.361784522915668,1,0,0,0,0,0,0
-1.5707610784454322,-0.3142091322389565,0.43933036074699733,1,0,1,0.2467467988723241,0,1,0,0,1,0,0
-1.5297921340632399,-0.7076599738707178,-0.6708589130516179,1,0,1,1.4727070346515927,0,1,0,0,0,0,1
0.20214558095297175,0.9006303505921693,1.0457622114756284,0,0,1,-1.4786096680570098,0,1,0,0,1,0,0
1.485209367589351,-0.05425021432900079,-1.6184883376813601,1,0,1,-0.49906129809415045,0,1,0,0,0,0,0
-0.8094942725802221,-1.5313039529190946,1.2422702812637811,1,0,0,-0.8883463275152893,0,1,0,0,1,0,0
0.8127588341017654,0.20401094580729356,-0.16023151495462812,0,1,0,-0.45860276464779276,1,0,0,0,0,1,0
-0.618226937625058,0.09102188838392755,1.2710663231210215,1,0,1,-0.11649373685757847,1,0,0,1,0,0,0
1.2125816425103446,-1.7056320440536656,0.965354831647884,1,0,1,-1.1668774496662275,1,0,0,1,0,0,0
-0.4961352986980892,1.1575782641780785,-0.27868648622672054,0,0,1,0.9184093369738296,0,0,1,0,1,0,0
-0.24128160848506783,1.5434467084578003,0.2064932592782685,1,1,1,-0.8883463275152893,0,0,1,0,1,0,0
0.0870653839041407,-0.34071018461444447,-0.9505933335917565,1,0,0,-0.10653556775686407,0,0,1,0,0,0,1
-1.0864323239299092,1.2717716127438072,0.43960851839117243,1,0,0,0.2921803535681517,1,0,0,1,0,0,0
-0.3905041620055586,1.209434792032423,0.8447166172009182,1,0,1,-0.4107799508761801,0,0,1,0,1,0,0
0.989366625625342,-0.7395845215780397,0.9955046364824541,1,0,1,-0.2980829869735688,1,0,0,0,0,1,0
0.009105545598602771,-1.1451742502883269,-0.08637419329517204,0,0,1,-0.8883463275152893,0,0,1,0,1,0,0
-0.6931471884197744,-0.5974247617444085,0.7556513667277329,0,0,1,-0.8883463275152893,0,0,1,0,0,0,0
0.7087107079675457,-0.48201161345939514,-1.2945169445510856,1,0,1,-0.8883463275152893,0,0,1,0,0,1,0
-1.0281845434655212,-1.033158561078481,0.29989034197122544,1,0,1,-1.2790823282041959,0,1,0,1,0,0,0
1.4093965205633299,0.8501685294311345,1.5200840360867292,1,0,1,1.4727070346515927,0,1,0,0,0,1,0
-0.5827763299190093,-0.8434975467878146,0.23471141158387177,1,0,1,-0.8883463275152893,0,1,0,0,1,0,0
-1.113007929680833,1.4348136693481097,-0.2801072717303233,1,0,1,0.8824436941098722,0,0,1,0,0,1,0
1.278119942146074,1.3776151626150235,0.681197162462653,0,0,0,-0.8361759334546044,1,0,0,0,0,1,0
1.5512423322955053,-1.3733055560594651,-0.6150611375762629,0,0,1,-1.1232107277149412,1,0,0,0,0,1,0
-1.5352142908491635,-0.16497295564649342,0.2293084191108663,1,0,1,0.07475849667466258,0,1,0,0,1,0,0
1.4543404776751543,-0.2429661683172633,1.277932379897207,0,0,0,-0.042884859106122,1,0,0,0,1,0,0
0.9547428843826093,0.7007947795750067,-1.6541016426584014,0,0,1,0.27379418600108063,0,0,1,1,0,0,0
1.5591825552481293,-0.5254950444883963,0.826071389024311,1,0,1,1.4727070346515927,0,0,1,0,0,0,0
1.3926584735371204,-1.5438978551459315,0.9467069551583165,1,0,0,0.8625657474614989,1,0,0,0,0,1,0
-1.5655554377547367,1.0075285059745958,-0.3130657994682947,0,0,1,-0.8170341180659346,1,0,0,0,0,0,1
-0.3847045435085402,-0.04097216667757367,1.110342387805172,0,0,1,0.8824436941098722,0,1,0,0,1,0,0
0.25812598518170216,-0.7832268449438815,-0.882964422661089,1,0,1,-0.6270586864937999,1,0,0,0,0,1,0
-0.8300727197332172,-1.5033356842227992,0.3987572794847978,1,0,1,0.2921803535681517,0,1,0,0,1,0,0
0.6663024497486216,-0.5609660952538571,-1.277206273916022,1,0,1,0.10150915337701491,0,0,1,0,1,0,0
1.478330663485513,0.8613186317665459,0.1329139525382267,0,0,1,-1.4786096680570098,1,0,0,0,0,0,0
-1.3682422961911216,0.2854265757268043,-0.7068466423780502,1,0,1,-1.3465302049657024,0,0,1,1,0,0,0
1.5799296010311237,1.4787270283089304,-1.5737858042662514,1,0,1,-0.10607585993248161,0,0,0,0,0,0,1
0.3050945582095663,1.152336484246334,1.4610915636414283,1,0,1,-1.4786096680570098,0,1,0,0,1,0,0
-0.9861335232025379,-0.28935360699681045,1.0531273971316844,1,1,1,1.4727070346515927,1,0,0,0,0,0,0
-0.6737380981365069,0.8756759792963541,0.42772158623172674,0,0,1,0.9740104505976056,0,1,0,0,1,0,0
-0.7208758957320398,-1.4696246322155406,-0.29720561785389205,1,0,1,-1.4786096680570098,0,0,0,0,1,0,0
0.14172114150484938,1.327349542494711,0.561155147412963,0,1,1,-0.048225930880051227,0,0,0,0,0,1,0
0.6409328606460188,-1.3200833201054303,0.8862381308061358,1,0,1,1.4166804561859059,0,0,0,0,1,0,0
1.1993381487956365,1.0473834872682117,1.3960662828512131,0,0,1,0.589455964120543,1,0,0,0,0,0,1
1.4224779917118284,0.7591296898902529,-0.9698450505131191,0,0,1,0.2921803535681517,0,0,1,1,0,0,0
-0.9460267007348352,-0.7191423785489102,1.2360730222350298,0,0,0,-0.9721499858497488,1,0,0,0,0,0,0
0.9259138006283152,-0.3920983430742546,-0.8015935831885549,0,0,1,-0.8883463275152893,0,1,0,0,0,0,0
0.28763732730853514,-0.8148832792736141,-0.8771504725957017,1,0,0,1.1876139904179863,0,0,1,0,0,0,1
1.3079785881437205,1.0165612655523273,0.48674434376700765,1,0,1,-0.2980829869735688,0,1,0,0,0,1,0
0.3354352839037328,-0.286116537995661,0.344792803190514,0,0,1,-0.3748648376867076,0,1,0,1,0,0,0
-1.335602077139391,1.3695278448585408,-0.9370795481709712,0,0,0,-0.2980829869735688,0,1,0,1,0,0,0
1.3440339384140394,-1.1541786440507638,1.3792194251073981,0,0,0,-0.8883463275152893,0,0,0,0,0,0,1
-0.8241195994312599,-0.5676152845351787,0.1874121832766578,0,0,1,-0.8883463275152893,0,1,0,0,1,0,0
-0.940890388724237,-0.8053036454583468,1.1794057757093996,0,0,0,-1.4786096680570098,1,0,0,1,0,0,0
0.0007767220837214539,0.32591918759304617,-1.2849257847485984,1,0,1,-0.2980829869735688,1,0,0,0,0,0,0
0.8687609462227917,1.0730796873456407,0.06440753768813365,1,0,0,-0.30657182737389826,0,0,1,1,0,0,0
-0.022710525630802697,-0.9332437715855705,-1.3030372261503433,1,0,1,-0.8883463275152893,1,0,0,0,0,0,0
-0.6446130193259014,-0.6647768788692674,0.4762476767856357,1,0,0,-1.110436991145382,0,0,1,0,0,1,0
0.678024619607567,-1.349123882764148,0.85875553574711,1,0,1,1.4727070346515927,1,0,0,0,0,0,0
-1.3355454568950877,-0.06881985259611124,-1.3996421902163987,1,0,0,-0.6637665913601154,0,0,1,0,0,1,0
1.3245968600207476,-0.2882578073934644,-1.4421954932408232,1,0,0,-0.5557947057579721,0,0,0,1,0,0,0
1.3403857119799272,-0.571305625647613,-0.15412663324245995,1,1,1,1.4727070346515927,1,0,0,0,0,0,1
-0.26782851918607,-0.8984027218673544,-1.3401687140902785,0,0,1,0.8824436941098722,0,1,0,1,0,0,0
-1.2209340421580346,-1.5353490308017956,-0.9373621285568969,0,0,1,-1.1321625650096618,0,1,0,0,0,0,0
1.0115828820113983,-1.5717951454833925,0.5085419951628334,1,0,0,1.2253574060316506,1,0,0,0,0,1,0
-1.2730634229642503,-0.12343342473977637,-0.6638350851900748,1,0,1,0.887945445996898,1,0,0,0,0,0,1
-0.09830673066829305,0.014873881627358372,-0.9506590799845438,1,0,0,-0.2980829869735688,0,0,1,0,0,0,1
-0.027128364424055362,-1.5819485823791235,-1.3459795774218088,1,0,1,1.2116372155450958,0,1,0,1,0,0,0
0.024699226455667952,-0.6087233173230455,-1.6675729028395,0,0,1,1.4727070346515927,0,0,1,0,0,1,0
1.4128619854201716,-0.2450212416754644,0.4948111303733098,1,0,1,0.42294673718702297,1,0,0,0,0,1,0
1.4526054719793053,-0.8674636478324063,1.2156058081109131,1,0,1,-1.4786096680570098,1,0,0,0,0,0,0
-0.7201018742414681,-0.5739678029479941,0.45339836121671373,1,0,1,0.9248351687878288,0,1,0,1,0,0,0
-0.8981077930713242,-0.5998319045179729,-0.04365741277234286,0,0,1,-0.8883463275152893,0,1,0,0,1,0,0
-1.330593577991661,1.0944010702677611,0.4788513140966218,1,0,0,0.8497697067703756,1,0,0,1,0,0,0
-0.4912972470892687,0.27053729143073485,-1.3266237137813608,0,0,1,1.3477861221831977,0,0,0,1,0,0,0
0.5750401757683461,-0.5103497098025958,0.927287937015872,1,0,0,-0.8883463275152893,0,0,1,0,1,0,0
-0.0974303344861552,0.3527592604018417,0.6416920882234991,0,0,1,-0.28693758019528,0,1,0,0,0,1,0
-0.43251639993966406,0.4552886289741205,-0.016457545625814696,1,1,1,1.2658250046706676,0,0,1,0,1,0,0
0.012329245752707108,1.6312574461276268,-1.551609428256936,1,0,0,0.06128593257261539,0,1,0,0,0,0,0
0.16188386346978983,-1.1164458461689815,-1.1730788756234218,0,0,1,-0.2980829869735688,0,0,1,0,0,0,0
-1.395480065236238,-1.1415916767163778,-0.5668175135538932,1,0,0,1.2042763146571998,0,0,1,0,0,1,0
1.624704851096773,0.32014012084588694,-1.3862781398093853,1,0,1,-0.6963846038426994,0,0,1,1,0,0,0
-1.4203833495497225,0.4227196705881151,0.2064932592782685,0,0,1,-0.8883463275152893,1,0,0,1,0,0,0
-0.13717492498670877,1.4482522930145485,0.2064932592782685,1,1,1,-0.8883463275152893,0,0,1,0,1,0,0
-0.6081884591867128,-1.3109907123715754,-0.9299669828273589,0,0,1,-1.4786096680570098,1,0,0,0,0,0,0
0.07028793203065355,1.503268984165053,1.263857831358206,0,0,1,-1.4786096680570098,1,0,0,0,0,0,0
0.3647071408246662,1.507430149007511,0.31923192029326963,1,1,1,-0.6630027002057371,0,1,0,0,0,0,1
0.433096838590035,0.0892992322139563,0.4948111303733098,1,0,1,-0.4768526179183455,0,1,0,1,0,0,0
0.38301558344087266,1.4382974557434796,1.0285916049860198,1,1,1,-1.0957418706291522,0,1,0,0,0,0,1
-0.1323253800794343,-0.3717310784687933,-1.5234139672919795,0,0,1,-1.2942036459619595,0,0,1,0,0,0,1
-0.048648522705364905,0.7171845790849188,0.8223230270949926,1,0,1,0.5070714324119443,0,0,1,0,1,0,0
-1.5640688637149773,-0.28755158385048796,1.5616878596194372,1,0,0,-0.17879451308868777,0,0,1,0,0,1,0
-0.02226617936721932,0.1257741196427578,1.5039236792059545,1,0,1,-0.8883463275152893,0,0,0,0,0,0,1
0.8303445868321291,-1.5404120066267262,0.599202387919028,1,0,0,1.1511150344716086,0,0,0,1,0,0,0
0.688338331589537,-1.2726525915285563,0.3306962097160704,1,0,1,0.7864474433329462,0,1,0,0,1,0,0
0.352305935752004,1.6298883879265853,0.2798968680656764,1,0,1,1.4727070346515927,0,0,1,0,0,0,0
1.3849713236895533,1.551267078727785,-0.6501806426319903,0,0,1,-1.4560086405809236,0,0,1,0,0,0,0
0.024571995887255116,-0.16137070684405097,0.5266554663836936,0,0,1,-0.2980829869735688,0,1,0,1,0,0,0
-1.0551342355848468,0.5872469000847254,-1.0909371606494176,1,0,1,-0.2980829869735688,0,0,1,1,0,0,0
-0.8401292579573114,-0.25137084250199104,1.2856000276988107,1,0,1,-0.7928151424020272,0,0,1,0,0,1,0
-0.9425649053680889,-0.006178241417543806,-1.1193637263867282,1,0,1,0.05939340091057288,0,1,0,0,0,0,1
1.1098138068797234,-0.5044043988204543,-1.094254075349209,1,0,0,0.5941026301359953,0,1,0,1,0,0,0
0.3208904892557364,1.4758071873868757,0.2064932592782685,1,0,1,0.4736167302892734,0,0,1,1,0,0,0
-0.6957037889114039,-0.3006967952589335,1.421377230026871,0,0,0,1.4727070346515927,1,0,0,0,1,0,0
0.07674681167527819,-0.25676680272910146,-0.9467782251018968,1,1,1,-0.2980829869735688,0,0,1,0,0,0,1
0.7162093550301032,1.0366836898426999,0.843215771450183,0,0,1,-0.2980829869735688,0,1,0,0,0,1,0
-1.1537546668920555,-1.5581798532505362,-0.9735457082980745,0,0,0,1.122775209297519,0,1,0,0,0,0,0
1.230411327041704,0.6550112160579379,0.5041488787605728,1,0,1,1.0919427100797734,0,0,1,0,0,1,0
0.14228243264770637,1.3855346140958213,0.7981184607501746,0,0,1,0.3228677621391126,0,1,0,0,0,1,0
-1.057938355544346,0.4510692000125798,0.08063891343650895,0,0,1,-0.2980829869735688,0,1,0,0,0,1,0
-1.1559890256229233,0.6417414787989176,0.31407963015377494,1,0,1,-0.2980829869735688,0,0,1,1,0,0,0
-0.6653727420264584,1.2809084772573782,1.3766436190774811,0,1,1,0.9515547856394715,0,0,0,0,0,1,0
1.0166640536588794,-0.9235680304068348,-0.5175974351479506,0,0,1,-1.08959932270367,0,1,0,0,0,1,0
1.2436991446208936,-0.06528595252281397,0.5861639983099829,0,0,1,-1.3539272615830518,0,0,1,0,0,1,0
0.7234874495914381,-0.2896231211711149,0.4655967386456482,1,0,1,-1.4786096680570098,1,0,0,1,0,0,0
-0.5298261497815147,1.0568448971987148,-1.3225562887876139,1,0,1,1.4727070346515927,0,0,0,1,0,0,0
0.43015670748761736,-1.1460773948683047,-0.39120096011185274,1,0,1,0.7133217080296417,1,0,0,0,1,0,0
0.2159481977559708,-1.3061532243629657,1.1871546456197202,1,0,1,-1.3621154795381796,0,0,1,0,0,1,0
-1.4493129180492272,-0.945778368706373,0.7851199085172129,1,0,1,0.2905499871383416,0,0,1,1,0,0,0
1.2740112667706822,1.0584390230030272,0.3802434499026304,1,0,1,0.943024861021724,0,0,1,0,0,1,0
1.063971981948768,1.072530292969666,0.5138557365794492,1,1,1,0.06943299171164907,0,0,0,1,0,0,0
-0.9201127299359835,0.5807346034991578,0.6658299989386671,1,0,1,0.8981549582381161,1,0,0,0,0,1,0
-0.665118531240531,-0.25089141950031485,1.1837615958141532,1,0,1,-0.2980829869735688,1,0,0,1,0,0,0
0.9866460458399793,-1.050248182515722,-0.45133878086408846,1,0,1,0.3290092849289601,0,1,0,0,1,0,0
1.3007232800647681,-0.05015208168610952,0.5914780723146518,1,0,1,-1.086249259628159,0,0,1,0,1,0,0
0.3325762120824101,-0.5953412492430689,-1.0039878659327657,1,0,1,0.33173775901272123,0,0,1,0,1,0,0
-0.574123425566621,-0.43349662378881887,0.5211959770784237,1,1,1,0.8824436941098722,0,1,0,0,0,0,0
-0.7472239242367422,-1.7373965528329585,-1.0909371606494176,0,0,1,0.8824436941098722,0,0,0,1,0,0,0
-0.42370192445637544,1.2606098057382773,1.359764743658434,1,0,1,-1.4786096680570098,1,0,0,0,1,0,0
0.005223701300455301,-0.16780357930911874,-0.9099729411906624,1,1,0,-0.2980829869735688,0,0,1,0,0,0,1
-0.7589619525959805,-0.5263374426520233,0.11792166221715658,1,0,0,0.654839571048107,0,1,0,0,0,0,1
0.3344910602279861,-0.05721265565757003,-1.6368519608655414,0,0,1,0.8824436941098722,1,0,0,0,0,0,1
-0.00485333184625468,1.4805603585531666,0.16832593998451384,1,0,1,1.3482835943675227,0,0,1,0,0,1,0
-0.7610189445120448,1.172753380693122,0.8418480545276856,1,0,1,-0.5749797764387226,0,1,0,0,0,1,0
-0.7779549481015875,0.23505846817374276,0.7056977290914469,1,0,1,-1.3200872659526979,1,0,0,1,0,0,0
-1.6070185017625906,-0.9832671958267055,-1.1054940570418699,1,0,1,0.2921803535681517,0,0,1,0,0,0,0
0.8969046486950039,1.3597545605598786,0.08576657369076093,1,0,1,-0.9872101772749482,0,0,1,1,0,0,0
0.40547263561045394,0.2031824354050868,-1.3792550317444587,1,0,1,-0.21115162085114714,0,1,0,0,0,1,0
-1.0868033119679645,0.6046038919619214,0.7777706098446107,1,0,0,0.7403628851501474,1,0,0,0,0,1,0
-0.330029375576266,-1.5045452809452573,1.2295482266619682,1,0,0,-0.27905376176941016,0,1,0,0,1,0,0
-1.2736211837430647,-0.799150522884777,0.4948111303733098,0,1,1,-0.2980829869735688,0,0,1,0,0,0,0
-1.093761089394898,-0.8143865539169477,0.5185821539014261,1,0,0,0.7181329842221459,0,1,0,0,0,0,0
1.369349728614806,1.3237371544691767,0.406869661124193,0,0,0,-0.6957705999874972,1,0,0,0,0,1,0
0.46412688911347244,0.6683080716023867,0.8694465784163283,1,0,1,-0.12136795670759962,1,0,0,0,1,0,0
1.1695417120136034,-0.2356645792735017,1.0581043965525243,1,0,1,1.4727070346515927,0,0,1,0,1,0,0
-0.6606588611494586,-1.375194845164047,0.36395044612743865,1,0,1,0.2156356066834775,0,1,0,0,1,0,0
1.1362114379637056,1.0451696271149373,0.4245950785926608,1,0,1,1.0338244372311836,0,0,1,0,0,1,0
-1.002242772943877,-0.4992694697014146,1.2626024560469513,1,0,1,0.2921803535681517,1,0,0,1,0,0,0
1.4767950614042382,0.8154288916840136,-1.0833638144593283,0,0,1,-1.4786096680570098,1,0,0,0,0,0,0
1.443618409186821,-0.1337811380644257,-1.6400419541092077,1,0,1,-0.41080933101950107,0,1,0,0,0,0,0
-1.3121291840483928,0.1868287949621648,-0.2259835473642935,1,0,1,-0.21136036156019686,0,1,0,0,1,0,0
-0.7044785545586502,-1.448003152569925,-0.3781967693760385,1,0,1,-1.4786096680570098,0,0,0,0,1,0,0
-0.8601471533545323,0.6920935360001383,0.7365231947247523,1,0,1,0.8824436941098722,1,0,0,0,0,1,0
-1.1366353398928084,1.383054825862241,-0.20364967942048634,0,0,1,1.4727070346515927,0,0,0,1,0,0,0
0.9994968511983517,-1.0447024200482817,0.07426157788403626,0,0,0,-1.4786096680570098,0,1,0,0,1,0,0
-0.4675652744858647,0.7237083099173418,-1.3881709764272436,1,0,1,1.4727070346515927,0,0,1,1,0,0,0
1.1601184113439078,-0.21912215784423789,0.967396470145997,1,0,1,1.4727070346515927,0,0,1,0,1,0,0
-0.5215516003602559,0.42807757162725424,0.8907244077006653,0,0,1,0.5498843908004852,0,1,0,0,1,0,0
1.1516430052222897,-0.9803559186010382,0.1526692477930689,0,0,1,-1.4786096680570098,1,0,0,0,0,1,0
0.132099789075706,0.6517354215500352,-1.1374711371654378,1,0,1,0.634945735066683,0,0,1,0,0,1,0
0.772186557456123,-1.2549397062255454,-1.23350782212896,0,0,1,0.29868359218808166,0,0,1,0,0,0,1
-1.477235898364455,0.22906563712325603,1.3782177423821058,1,0,1,1.4727070346515927,0,0,1,0,0,0,0
-0.2642007262350039,0.5420487390606381,0.33702028492695946,1,0,0,0.8824436941098722,0,1,0,1,0,0,0
0.38141230668508697,1.6575784170900132,0.5185317117589132,0,0,0,-1.4300473310950996,1,0,0,0,0,1,0
0.7185104011538798,0.7305121633351112,-1.0676959735779037,0,0,1,0.2921803535681517,0,0,1,0,0,0,0
1.2208670568026105,-0.17140588374921145,0.4692057948445506,0,0,0,-0.9931881871439965,0,0,1,0,1,0,0
1.6255994790794372,-0.742155423123215,0.21470725191106188,0,0,1,0.9160761478471535,0,1,0,0,0,1,0
0.9930827172468719,-0.23244240918078776,0.5786240867561557,1,0,1,-0.2980829869735688,0,0,0,0,0,1,0
-0.42162038517125383,-0.4344438863713105,-1.026063887747407,0,0,1,1.0447625261422293,0,1,0,0,0,0,0
-0.747052236891285,1.0627401420815445,0.7828930116211328,1,0,1,-0.4945153445124031,0,1,0,0,0,1,0
1.274159207667902,1.0752505757417294,0.8625876920245479,0,0,1,0.8011071610246394,1,0,0,0,0,0,1
0.8805961386002374,-0.5345492323789685,-0.5511343129196569,1,0,1,-0.8883463275152893,0,0,0,0,0,1,0
-0.22341712380426967,1.1771970827046692,-0.43674063795367724,1,0,1,-1.4786096680570098,0,0,1,1,0,0,0
0.37322291277516007,0.006411035993243497,-0.7967594492959712,1,1,1,-1.3842313283108971,0,1,0,0,1,0,0
1.1253983677186477,-1.6489065123837816,-0.7389121754804248,0,1,1,-1.4786096680570098,0,1,0,0,0,0,0
-0.013725712247584898,0.5264935160656516,0.6595363111624646,1,0,1,0.07291684622959846,0,0,1,0,1,0,0
-0.8957136840809586,0.15633044667578322,-1.3546039830314345,1,0,1,-1.4786096680570098,1,0,0,0,0,0,1
-0.008603401230028469,0.09385192057806724,1.6108379214605562,1,0,1,-1.326110088360243,0,0,1,0,0,0,0
1.1016402136180494,1.18194779853809,-0.5853096513827616,1,0,1,-0.8971187377562648,1,0,0,0,1,0,0
-1.1290260223673265,1.285351770148521,-0.10514514211759109,1,0,1,1.3772203826013087,0,0,1,0,0,0,0
-0.04611694237822826,0.03232232546777193,-0.7226997548320425,1,0,0,-0.2980829869735688,0,0,1,0,0,0,1
-0.35163937788658756,-1.5998501246269592,-1.0909371606494176,0,0,1,1.3899489710441764,0,1,0,1,0,0,0
1.2307522599512923,-0.3518287425447349,-0.7439747424735547,0,0,1,-0.6482243667571153,0,1,0,0,0,0,0
0.2217354046146719,-0.6746383518419341,-1.2350960961969382,1,0,1,0.4859243230022319,1,0,0,0,0,0,1
-0.35444474295137984,0.316243425608689,0.24282189570567342,1,0,1,-0.372457364855601,0,0,1,0,1,0,0
0.08744747143184334,-0.5864211188808406,-1.1192527457306063,0,0,1,1.3567679721443904,1,0,0,0,0,0,1
-0.807384696077148,-0.13844461679070913,-0.014661960994314605,1,0,1,-0.9170066669199782,1,0,0,0,0,0,1
-0.4749011247997495,0.27766718543021573,-1.310992154799334,0,0,1,1.3691207604363698,0,0,0,1,0,0,0
-0.2026050201631071,0.08513289741773343,0.927287937015872,1,0,1,0.2921803535681517,1,0,0,1,0,0,0
-0.8502737503073446,-1.6459488516142415,-1.0074238037881529,0,0,0,0.5404956017938516,0,1,0,1,0,0,0
0.9228292013900072,0.7939786289956011,-1.328041884931094,0,0,1,-1.4786096680570098,0,0,0,0,0,0,1
-0.789364179964528,-0.7541031930108852,1.1824742319595565,1,0,1,0.42783864448321995,0,0,1,0,0,0,1
-0.5683621769474053,0.35601719325046577,0.8628002057083262,1,0,0,-0.8883463275152893,0,0,1,0,1,0,0
-0.711115595154078,-0.5856926883056959,-1.1445892609650659,1,0,1,0.5118605824704716,1,0,0,0,0,0,1
-1.125703227264086,0.6464185504474605,0.28957628776502214,1,0,1,-0.2980829869735688,0,0,1,1,0,0,0
-0.18105132887253564,0.28599632123055674,-1.1527990154572412,1,0,1,-0.2980829869735688,1,0,0,0,0,1,0
1.323294223251911,-0.5335065543610285,0.4948111303733098,0,0,1,0.8824436941098722,0,0,0,1,0,0,0
-1.3399335197311901,0.11266244818812618,0.7996456154262875,0,0,1,-0.8883463275152893,1,0,0,0,0,0,1
-1.5759722824595486,0.9504724519804667,-0.12548225256187545,0,1,1,-0.8883463275152893,1,0,0,0,0,0,0
0.3928603278602738,-1.384305083334244,0.2064932592782685,0,0,1,-0.6353683935847023,0,1,0,0,1,0,0
-0.914115612907802,0.17009153603675287,-1.5339197253251293,1,0,0,-1.4355935080942726,1,0,0,0,0,0,1
-0.372598182050636,0.7733165780958524,0.6172932654485673,1,1,1,0.9001949637213166,0,0,1,0,1,0,0
1.0020575125229507,-0.992607789536829,0.1859475922927724,1,1,1,1.2196378074143763,1,0,0,0,0,0,0
0.7457836214626222,-0.2964748834107419,0.49495642220493,1,0,1,-1.4786096680570098,1,0,0,1,0,0,0
-0.19053010852485636,0.28492921951106237,-1.1449316367262117,1,0,1,-0.2980829869735688,1,0,0,0,0,1,0
-0.1482377969552603,1.1196624561671418,0.2939693641122516,0,0,1,0.5309628134079442,1,0,0,0,0,1,0
1.2389914133741449,-0.7610541757241596,0.009371667351750192,0,0,0,-1.4786096680570098,0,1,0,0,1,0,0
-0.42381993828710524,1.2280934936810342,1.3723090532232702,1,0,1,-1.4786096680570098,0,0,0,0,1,0,0
0.9729126855467276,-0.5422893842472453,0.7340126875809412,1,0,1,-1.4786096680570098,1,0,0,1,0,0,0
-1.3432825585405597,-0.16489232001155385,0.5171383435601478,1,0,1,0.38359983714435936,1,0,0,0,0,1,0
-0.622573419012028,-0.6909146132305708,-0.05534181548017031,1,0,1,-0.7678891550741953,0,1,0,0,1,0,0
0.8940696414567803,0.09400767514175942,0.7578834359974201,1,0,1,1.4727070346515927,0,0,1,0,0,1,0
0.751698196375781,-1.2254144122601272,0.16459379635484084,1,0,1,0.6892886422695168,0,1,0,0,1,0,0
-1.4398988516331122,-1.4499620470926784,0.1576973034324667,1,0,1,-0.7581907443760727,1,0,0,0,1,0,0
-1.4664281345318935,0.5135536196156022,1.161144770763779,1,0,1,1.3240454031368398,0,0,1,0,0,0,1
1.1780202067861545,0.3816740768632233,-0.8026192895543761,0,0,1,0.2921803535681517,0,0,1,0,0,0,1
0.8958758856444198,0.1716774044207381,0.5554322579098763,0,1,1,0.8824436941098722,0,0,1,0,0,1,0
-0.07019330674741397,-0.2949885944142418,-1.5234139672919795,0,0,1,-1.4786096680570098,0,0,1,0,0,0,1
-0.15124117489009825,-1.2712552257838232,1.2528942368585092,1,0,1,0.21584102561559254,0,1,0,0,0,0,1
-0.8791870911624567,0.19371196716170253,-1.3141187906083387,1,0,1,-1.4786096680570098,1,0,0,0,0,0,1
0.3128839898989918,-1.332293805461158,1.269329672137602,1,0,1,-1.0386615326637763,0,0,1,0,0,1,0
0.47401231693554635,1.6775452186406825,1.396072663271027,0,0,0,1.4727070346515927,1,0,0,0,0,1,0
0.0004478356545407,0.2607558368068063,-0.7461369925326162,1,0,1,0.2921803535681517,1,0,0,0,0,0,1
1.5496286949841298,0.1003503333388197,0.8492004430004095,1,0,1,-1.2080780520666583,0,0,1,0,0,0,0
-0.9970168982385347,-1.2997438685941967,1.1727096986110976,1,0,0,-0.09077105813406089,1,0,0,1,0,0,0
-1.4186037860587957,-0.33862330557344816,-1.0503809880357506,0,0,0,-1.36790397675128,0,0,0,1,0,0,0
-1.276881935364873,0.9754736969861608,0.21791934691599849,0,0,1,-0.8883463275152893,1,0,0,1,0,0,0
-0.9942164762232271,0.6020257172748824,1.6480826147534753,0,0,1,-0.8883463275152893,0,1,0,1,0,0,0
0.1762898413370742,0.4256648698420674,-0.3810134162762739,0,0,1,-0.7658425212113547,0,0,1,0,0,1,0
-0.30513559644122773,1.4125295220826355,-0.5897984178135538,0,1,1,-1.3380404287254637,1,0,0,0,0,1,0
-0.7233409716604375,-0.40885370072797245,-0.6838194917483671,1,0,1,-1.4786096680570098,0,1,0,1,0,0,0
-0.03571154554039172,-0.5383320761139244,-1.3889715132603033,0,0,1,-1.4786096680570098,0,0,1,0,0,0,0
1.5766640862655974,-0.6540364586868763,0.9679013909800058,0,0,0,-1.0296697486066897,1,0,0,0,0,1,0
0.5672326517532619,-1.102714461054266,-1.024122865610196,1,0,0,-1.3874185836334094,0,0,1,0,0,1,0
-1.2515902090190238,1.4592354621442756,0.0623343237307478,0,1,1,1.1850921590102523,0,1,0,0,1,0,0
-1.1308969193018859,-0.5036602301937438,-0.6800735367561378,0,1,1,0.038375844697508044,0,0,1,0,0,0,1
0.5399623642095227,-1.0585675275032425,-0.6586516370926943,1,0,0,0.29244142512505855,0,0,1,0,0,0,1
1.0236329141766338,1.3437807341856414,0.7166569974314796,1,0,1,1.0185295600545912,0,0,0,0,0,0,1
-0.8335372066168294,0.7327855332483169,0.927287937015872,1,0,1,0.8824436941098722,1,0,0,0,0,0,1
-0.11071150928325824,0.8386231272477007,-0.7287918817218164,1,0,1,0.19141746478091748,0,0,1,0,0,1,0
-0.5182621720664374,1.0105883695979287,-1.3704718065621522,1,0,1,1.4727070346515927,0,0,0,1,0,0,0
-1.5005000861661582,0.5531476782583502,0.4390713740724071,1,0,0,-0.17740460767448907,0,0,1,0,0,0,1
-0.887754359608067,-0.2078285694881506,1.123581407325899,0,1,0,1.4727070346515927,1,0,0,0,1,0,0
0.9556938126208665,-1.227635575777286,1.2831093436867036,0,0,0,-1.1897234310296911,0,0,1,0,0,0,1
0.5427783145402661,0.76962055895205,0.31199124087458013,1,0,1,1.4727070346515927,0,1,0,1,0,0,0
-0.9679909232134016,0.6902036416613888,0.927287937015872,1,0,1,0.8824436941098722,1,0,0,0,0,0,1
-0.8517525539930111,0.36411034203502624,0.2068610504210326,1,0,0,-0.0037042829608356365,0,0,1,1,0,0,0
1.130761677510943,0.17707369914518734,-0.08906759063155753,0,1,0,-0.2980829869735688,1,0,0,0,0,0,0
0.6446993350138779,0.7272517124876816,-0.8026192895543761,0,0,1,0.2921803535681517,0,0,1,0,0,0,1
0.7440870278486389,1.1806785307529173,0.38630061605855015,1,0,1,1.2140662626416863,0,0,1,0,0,1,0
1.2808791508463484,-0.855442578149507,0.5179745282695871,0,0,1,0.9772869625387424,0,0,1,1,0,0,0
-1.1025875629142592,-1.6279359054340847,0.21369303573756093,1,0,1,0.2921803535681517,0,1,0,0,1,0,0
-1.561136413072791,1.5964536034131078,-0.6170053863296356,0,0,0,-0.2980829869735688,0,1,0,1,0,0,0
-0.08348742264606994,0.3527753088757718,-1.227943740948554,0,0,0,1.4434214889057264,1,0,0,0,0,0,0
-0.7938239719740229,-1.2558813303504848,1.6319954866650839,1,0,0,0.2921803535681517,0,1,0,1,0,0,0
-0.42667480024824855,0.501910079089435,1.4474594352523542,1,0,1,-0.8883463275152893,0,0,1,0,0,0,1
1.1109951993819378,0.7204237718149243,-1.4244779059197679,0,0,1,0.2921803535681517,0,0,1,1,0,0,0
1.1839137563892672,1.2962027869637733,0.7831290014683512,0,0,1,-0.6835296110085896,1,0,0,0,0,1,0
0.3911962197660188,0.7425260287644453,-1.1055321551614652,1,0,0,-0.2980829869735688,0,0,1,0,1,0,0
-0.5198550752383041,0.1873800672185411,0.3138419369543091,0,0,0,0.2921803535681517,0,0,1,1,0,0,0
-1.0566165977452828,-0.20903137307450792,-1.0186357892536355,1,0,0,-0.5941232486731551,0,1,0,0,1,0,0
1.2353209890113444,-0.3934557470234036,1.3959446856031656,0,0,1,1.4727070346515927,0,0,1,0,1,0,0
0.96400094644742,-0.1820015949364805,0.09509135399780429,1,0,1,1.3385823337565497,0,0,1,0,1,0,0
0.037755773399866126,1.416221988408899,1.283917919939468,0,0,1,-1.1989035563668993,1,0,0,0,0,0,1
1.6250355874134923,-0.32291838095995273,0.9645167068895921,1,0,1,1.4727070346515927,0,0,1,1,0,0,0
0.6505919918855971,-0.6186607824926589,-1.147835154196651,1,0,1,-0.8883463275152893,0,0,1,0,0,1,0
1.3249889287941117,-0.20008882223904229,-1.6471440585501367,1,0,1,-0.2980829869735688,0,1,0,0,0,1,0
-0.5780547554498433,0.2826243618166629,0.9831239389207785,1,0,1,0.5208026368952912,1,0,0,1,0,0,0
0.0920110160297899,-1.4517759864101192,1.0142170534073505,1,0,1,-0.9274012129042799,0,0,1,0,0,1,0
0.6239653250637468,1.6755072044763877,1.3542418748445049,1,0,1,-1.4786096680570098,0,0,0,0,1,0,0
-0.9723877494590908,0.7001158376531103,-0.7582998962041909,1,0,1,0.9846427382962956,1,0,0,0,1,0,0
0.9639278464459023,-0.6166985342261931,0.5490612821702641,0,0,1,-0.9175474077482224,0,1,0,0,1,0,0
0.7367922485471432,1.389833383507462,0.6535266884865614,1,0,1,1.015108890880397,1,0,0,0,0,0,1
-1.5806529418842405,-1.147526270039875,-1.2350960961969382,1,0,1,1.4727070346515927,1,0,0,0,0,0,1
0.505274595461706,-0.16618574376096854,-1.6632331606656579,0,0,1,0.2744111413934575,0,1,0,0,0,1,0
-0.6772822836846326,-1.601235737040776,-0.05961970981755116,1,0,1,-0.8883463275152893,0,1,0,1,0,0,0
1.216714763091292,1.296874487566648,0.2064932592782685,0,0,0,1.2766616357597005,0,1,0,0,1,0,0
0.30981138434845534,1.46234659279011,0.2064932592782685,1,0,1,0.3710335296289178,0,0,1,1,0,0,0
0.11998666738102798,-0.8932377874625629,-1.2589701373309767,0,0,0,-0.2980829869735688,0,0,1,0,1,0,0
-1.5023249751068537,0.4562361154090042,1.0199821417147268,1,0,1,1.0722133768097288,1,0,0,0,0,0,0
-0.021631524361350032,1.4817547189676368,0.07598643419037998,1,0,1,1.2852690877895265,0,0,1,0,0,1,0
0.6153937695213817,0.8683730778194408,0.3725486058254346,1,0,1,1.4727070346515927,0,0,0,1,0,0,0
0.3501496543766931,1.207984330164908,1.4582207956208237,0,0,1,-1.4786096680570098,0,1,0,0,1,0,0
-0.8631998213339416,0.8046397860808033,0.6110052760401298,1,0,0,-0.8203805246402496,0,0,1,0,1,0,0
-1.340428445084971,-1.0906991083587356,0.7957377463555151,1,0,0,0.2921803535681517,0,1,0,1,0,0,0
-0.41097008801779955,-0.8816332235367885,1.383926640562405,1,0,0,0.12840312483136174,0,0,0,1,0,0,0
-0.6848239341789157,0.34714988391092083,1.2603388660276327,0,0,1,-1.312382042293602,0,1,0,0,0,1,0
1.4584756246241024,0.870804291421582,0.2434668197013785,0,0,1,-1.4786096680570098,1,0,0,0,0,0,1
-1.446921336290292,0.38555991981664683,0.5748986617331906,1,0,1,-0.8883463275152893,1,0,0,1,0,0,0
1.3795347760473764,1.433412162095776,0.7155517344207079,0,0,1,-1.3052175466699292,0,0,1,1,0,0,0
0.33151345316583153,0.9454263751020707,-1.1099562475447675,1,0,1,0.8824436941098722,0,0,1,0,0,1,0
0.8495652043339599,-1.5360223662551051,-1.0966407535272342,0,0,1,-0.30392137252414764,0,1,0,1,0,0,0
-1.0669507841456516,1.472298619858131,-0.17697356536375214,1,0,0,0.6817707660970748,0,0,1,0,0,1,0
1.6461378488903304,-1.6483800987724917,-1.390634852045991,1,0,1,-0.3446780226571716,0,1,0,0,0,0,1
1.329048265193967,1.176359613317474,0.4309778223467389,1,0,1,1.2113395273896375,0,0,1,0,0,0,0
0.5909630305975464,-1.7323576156927496,-1.5923079475029707,1,0,0,1.164532284373844,0,0,1,0,1,0,0
0.10820830125308942,-0.7976957151720265,0.6884723273879332,1,1,1,-0.50077156889855,0,0,0,0,1,0,0
1.0012107993413526,-0.3656317631305826,0.4948111303733098,1,0,1,-0.22192073384969968,1,0,0,0,0,1,0
-0.7673361576804669,-1.4595583015855393,0.025275716008181473,1,0,1,-0.997977751046146,0,1,0,1,0,0,0
-0.792185815963887,0.37607025314588033,0.8139946280565602,1,0,0,-1.4786096680570098,1,0,0,1,0,0,0
0.9476907027931397,-1.0021676802921178,1.053626388761814,1,0,1,-0.8883463275152893,0,1,0,0,1,0,0
0.3547115686694185,-0.7907038806334895,-1.5100993718728364,0,0,0,-0.24356595311634902,0,0,1,0,1,0,0
0.31922283716954913,0.7249403814514066,0.8414826884239186,1,0,0,0.9948449851782197,0,1,0,1,0,0,0
-1.1515784073717739,-1.4879010058461348,-1.1266364841087249,0,0,1,-0.9771645928581885,0,1,0,0,0,0,0
0.7281122108247784,-1.556060630040159,0.2295036336227052,1,0,1,1.4727070346515927,1,0,0,0,0,0,0
1.1990066595543256,1.0658057151579392,-1.3148571410012566,1,0,1,-0.9512512498007505,0,0,1,1,0,0,0
0.7736545156971689,1.4750581174613127,1.2156058081109131,1,0,1,-1.4786096680570098,1,0,0,0,0,0,1
0.6262414536008971,-1.729432881025563,-1.5317866454871345,1,0,0,0.9167258909225973,0,0,1,0,1,0,0
0.9796689063214606,-1.3329999820513034,-1.2858898440181235,0,0,1,-0.49764297556486164,0,1,0,1,0,0,0
-1.09704455857557,-0.5170803127433832,1.2156058081109131,1,0,0,-0.8883463275152893,1,0,0,0,0,0,1
-0.08803682242977684,-0.31768939239965877,-1.4401057996236273,0,0,1,0.04302495167461562,0,1,0,0,0,1,0
1.7073620977328032,0.04937089626780089,0.8997131509510501,1,0,1,-0.8883463275152893,0,0,1,0,0,1,0
-1.3131461903036827,0.836802190771907,-0.6321380636351739,0,0,1,-0.2980829869735688,0,1,0,1,0,0,0
0.10496952543785375,-1.3904459619275202,-1.3872710645604784,0,0,1,-1.4129658660976623,0,1,0,0,0,1,0
1.3913173731823483,-0.8911082921168464,1.2146142883985924,0,0,1,-1.47454985910112,1,0,0,1,0,0,0
1.237456392583676,0.6764407408645879,0.4961704364406653,1,0,1,1.0810533815799903,0,0,1,0,0,1,0
-0.14478724802088203,1.1948732349470939,0.6645734168741086,0,0,0,-0.5407977903837473,0,1,0,0,1,0,0
0.16879885033394476,0.39894253819902764,-1.1851826021738003,1,0,1,0.428428611359958,1,0,0,0,0,1,0
1.6456257495263422,-1.6334260853064961,-1.3943105803893876,1,0,1,-0.3597284091119326,0,1,0,0,0,0,1
0.5962830707174749,-0.09946878769126209,-1.405441426255298,0,0,1,-0.3516934990171189,1,0,0,1,0,0,0
0.24925076149063397,1.4768097653566523,-0.9467782251018968,0,0,1,1.287436312685023,0,0,1,0,0,1,0
-1.2382214376359277,-0.46309632422668906,-0.07127687180655795,1,0,0,1.4727070346515927,0,0,0,0,0,1,0
-1.547013061327608,-0.21450776634989166,0.2990193790138106,1,0,1,0.13184524458716756,0,1,0,0,1,0,0
1.1479638205573053,0.5437361852704555,0.3848986878096967,1,0,1,1.4727070346515927,0,1,0,1,0,0,0
0.06058445585314513,0.21033564771721963,0.7338111310019607,0,0,1,-0.6864127403995639,0,0,0,0,0,1,0
0.9896099412348667,-1.141808162473152,-1.0665669730952902,0,0,1,0.9822282011242545,0,0,1,0,0,0,1
-0.8441725355242647,0.188145384311182,1.1773930004302,1,0,1,0.2921803535681517,1,0,0,1,0,0,0
1.3082040714234817,-0.5800522271221388,0.4948111303733098,0,0,1,0.8824436941098722,0,0,0,1,0,0,0
-0.6899591657877852,-0.7490610169246639,1.219746292313061,0,0,1,1.4727070346515927,0,1,0,0,0,1,0
0.45135494435869566,-0.8861715621748136,0.14881298274069932,0,0,1,-1.4786096680570098,1,0,0,0,0,1,0
-0.4265018945920145,-0.09598483679959575,0.666672210705788,0,0,0,-1.126764341921407,0,0,1,0,0,0,1
-1.625191708255228,0.8010179964498388,1.2156058081109131,1,0,0,0.5482625167464126,1,0,0,0,0,1,0
-0.5422116754488907,0.5845687127878408,-1.1245501445110306,1,0,1,1.4727070346515927,0,0,0,1,0,0,0
-1.2039349682205371,0.3917326271799756,-0.19905714807555863,0,0,1,-0.2980829869735688,0,1,0,0,0,1,0
1.1135769737645913,1.542530706414346,1.1171295753974066,0,0,1,-1.4786096680570098,1,0,0,0,0,0,1
-1.3326036645093966,0.285834688939128,0.9318827233709823,0,0,1,-0.5011086000461102,0,0,1,0,0,1,0
-1.399582486980865,1.2048593424588792,-0.4275178320023228,1,0,0,0.7248434454748167,1,0,0,1,0,0,0
-1.3370535527023695,0.6747859995966665,-0.37360459456364203,0,0,1,0.4936600424573895,1,0,0,1,0,0,0
-0.8194290520489892,0.29623919533812104,-1.434611231022543,1,0,1,0.2921803535681517,0,1,0,0,1,0,0
-0.35617271358413527,1.1946806733473376,-0.9574624054881113,1,1,1,-0.9940146702646788,0,1,0,0,1,0,0
0.6455694876448113,-1.1512005270855126,-1.052530187746703,1,0,1,1.4727070346515927,0,1,0,0,1,0,0
1.0168074020812294,-0.9257585974206126,-0.518468837811318,0,0,1,-1.0907886513315546,0,1,0,0,0,1,0
-1.6254152039682959,1.6605794832147813,-0.5435984160882708,0,0,1,-0.35806173065192404,0,1,0,0,0,0,0
0.7886589012434657,-1.6290570163397424,-0.48533088834639765,1,1,0,-0.533904279373021,1,0,0,0,0,0,0
0.7664020735961783,0.10133623002739886,1.0771024820243,1,0,0,-1.08124126226625,0,1,0,0,0,0,1
0.05003393084602532,-0.6320309462287401,-0.2150739472015376,1,1,1,-0.3044643733149557,1,0,0,0,1,0,0
-1.4928404305257554,-0.24702093171454656,1.5039236792059545,1,0,0,-0.7859657851541699,0,0,1,0,0,0,0
0.11875700712822312,1.7019343629477985,0.2925644904280606,0,0,1,-1.4786096680570098,0,1,0,0,1,0,0
0.7314455996313847,-1.5501370819889473,1.0865049247058394,1,0,1,-0.42139433255051073,1,0,0,1,0,0,0
1.2814003406291385,-0.3889787076487049,0.7623595612583878,0,0,1,-0.571954374083776,1,0,0,0,0,0,0
0.021838282218869125,-1.0783792036813422,-0.809874410314677,1,0,1,1.4727070346515927,0,0,1,0,0,0,1
-0.12788929677969663,1.0846553808640553,1.2775064693172082,1,0,1,-1.2251554445876307,1,0,0,0,0,0,1
0.7304391236270957,0.8887940804468014,1.052062056894861,0,0,1,-0.8883463275152893,1,0,0,0,0,1,0
0.955673818114943,-0.2765815695487377,-0.45589504795404157,0,0,1,0.6432969549054375,0,0,1,0,0,1,0
-0.5155325744198337,0.0020876338458043486,0.6013253640603414,0,0,1,-0.2980829869735688,0,1,0,1,0,0,0
0.39076899478453664,1.4757914707434228,1.2087302676724132,1,0,1,0.8824436941098722,0,1,0,0,0,0,1
0.1444283463236928,-0.6653727311523588,-1.2350960961969382,1,0,1,0.6063727344104763,1,0,0,0,0,0,1
1.4152832621709244,-1.1460583474506607,1.6034228934772785,0,0,1,1.4117534855519362,0,0,1,0,0,0,0
-0.35753507977626925,0.12619548115703713,-1.259966954654057,0,0,1,1.3708725147220242,0,1,0,1,0,0,0
-0.4357978642628798,-0.21049851943172704,0.6229789246897474,1,0,0,-1.303680633109684,0,0,1,0,0,0,1
0.09117038031310631,-1.1334598691808948,-0.9467782251018968,0,0,1,1.4727070346515927,0,0,1,0,0,0,1
0.7660587372988581,-1.4814668043367596,0.2064932592782685,1,0,1,1.258725039350453,1,0,0,0,0,1,0
-0.0030484127053215238,1.3064586818737627,0.21123112731239363,1,0,1,-0.8883463275152893,0,0,1,0,1,0,0
0.5319560311424377,-0.7333030110314558,-0.0818246118167728,0,0,0,1.3194328578114503,1,0,0,0,0,0,0
1.207275980961097,0.46380712683537817,-0.5143014184593349,1,0,0,0.9003147237540061,1,0,0,0,0,0,1
-1.2199952982645406,0.545229909125643,1.0317938640331077,1,0,0,-0.043541442435670485,1,0,0,0,0,1,0
1.062130777775185,-0.2935566998392427,1.4037277999755793,1,0,0,0.4973079585910829,1,0,0,0,0,1,0
0.591714337714094,-1.098802616492748,-1.112712163289087,1,0,0,-1.4786096680570098,0,0,1,0,0,1,0
-1.37008296811402,-0.24304190990913205,-1.0985437440563484,0,0,0,-1.4474642706882554,0,0,1,0,0,0,0
0.6313474326014077,0.939524460936475,-0.13718488835759743,1,0,0,0.11038588865397514,0,0,1,1,0,0,0
0.5955109795099338,-1.1012004800039503,-1.433139765378806,0,0,1,-1.4786096680570098,0,0,1,0,0,1,0
0.3033916745777273,1.108892996454573,1.4059583297423788,1,0,1,-1.4786096680570098,0,1,0,0,1,0,0
-0.5211888235213391,0.9521124675497767,0.060686230592327944,0,0,1,0.4414332311295557,1,0,0,0,0,1,0
-1.327502962050161,-0.1790967433275442,-0.48489930038621004,1,0,1,-0.08605523202776033,0,1,0,0,1,0,0
0.5577219503678912,0.36701548924092686,-1.3029454621703478,1,0,1,-0.2980829869735688,0,1,0,0,0,1,0
0.5834393912468584,1.562331402444417,-0.664990639001355,0,1,0,-0.2980829869735688,0,1,0,0,0,1,0
1.1617155507033445,-0.7766236966388836,1.165032098739448,0,0,1,-1.2715340086550524,1,0,0,1,0,0,0
-0.6846564550888679,0.8407981039335755,1.0714468725633923,1,0,1,0.5061861102312495,1,0,0,1,0,0,0
0.04669596792527747,0.12469583205963064,-0.2861185213957696,1,1,1,-1.0030259206130996,1,0,0,0,0,1,0
1.3840743870037815,-0.026519726351903805,-1.3491172549646484,1,0,0,-0.2980829869735688,0,0,1,1,0,0,0
1.0567455961403598,1.2248487357247086,-0.7904107083363474,1,0,1,0.7824668469493564,1,0,0,0,1,0,0
-0.9233367495523706,0.7300899897206548,-0.5527704965550998,1,0,1,-0.2980829869735688,0,0,1,1,0,0,0
-1.4223372624955082,0.28012608923437415,1.0508403317619206,0,0,0,-1.1940247647661928,0,1,0,1,0,0,0
-0.7022618222238346,-0.3382443939672417,-0.9926470870282953,1,0,0,-0.8883463275152893,1,0,0,0,1,0,0
-0.42992089249651844,-0.09327620839075967,1.620462590015376,0,0,0,-0.18499191838433615,0,1,0,1,0,0,0
1.5262129727349474,-0.3724440781118385,0.9697419424428197,0,0,1,-0.7842378108032917,1,0,0,0,0,0,0
0.6345289461065073,0.5994279762523447,0.7831290014683512,1,0,1,-0.07106116845699559,0,0,0,0,1,0,0
-0.2293298867214071,0.7328010639230832,0.7264128083036588,1,0,1,0.7034251510380028,0,0,1,0,1,0,0
-0.8324738632677143,0.9415447040341474,1.1767145403711328,0,0,1,-0.84853594474783,0,1,0,1,0,0,0
-1.5637179221965634,-0.8984796301667897,-1.073833601670762,1,0,1,0.2921803535681517,0,0,0,0,1,0,0
-0.7797168333924962,0.6652449872881451,1.5812283261368552,0,0,1,-0.8492410406233206,0,1,0,1,0,0,0
-1.15960055553529,0.6963686135013256,1.0109963804397402,1,0,1,0.2921803535681517,0,0,1,0,0,0,1
1.2599262210728954,1.2783611198644282,1.1571805641099417,0,0,1,0.2921803535681517,1,0,0,0,0,0,1
-0.3967954489833823,1.484867456144361,0.6436781613595052,0,1,1,0.31145779988576333,0,1,0,0,1,0,0
-0.8440871436600031,1.5309347412678411,0.36472430286676977,0,1,1,0.5729073505019313,0,1,0,0,1,0,0
-0.45067422027963167,0.6625758326260553,0.697750598709543,1,1,1,0.8824436941098722,0,0,1,0,1,0,0
-0.3969207939467707,-1.099760011313568,1.094688004887962,1,0,1,0.7872821395952688,0,0,0,0,0,0,1
0.6790981164090112,-0.3307349215277924,0.7291614337210884,1,0,1,-0.7037006174050818,1,0,0,1,0,0,0
0.886742593138409,-1.3898584162736556,-0.7859838716131772,1,0,1,1.4727070346515927,0,1,0,0,0,0,0
-1.1313275475668738,-0.8590114472087176,1.0176564357272255,1,0,0,1.140867589017468,0,1,0,0,0,1,0
-1.3928456307946018,0.934224173323871,1.0511223519658786,1,0,1,0.8824436941098722,1,0,0,0,0,1,0
0.3684175577317082,1.6614934237693122,0.5145466191326359,0,0,0,-1.4382058752638,1,0,0,0,0,1,0
-0.057809593544804125,1.1243973148638202,1.5039236792059545,1,0,1,-0.3667651351271384,1,0,0,0,0,0,1
1.2094382641276515,-0.22241409429946393,0.5181090153916605,0,0,0,-1.4786096680570098,0,0,1,0,1,0,0
-1.1683087510145884,0.6398389290406288,0.3240471550587044,1,0,1,-0.2980829869735688,0,0,1,1,0,0,0
0.24104029048422537,1.6377442145973617,-1.375026330447356,0,1,0,0.0925401480912656,0,1,0,0,0,1,0
1.3064788386524757,-0.41497146676718627,-0.24812723874791712,1,0,1,1.427373010789735,0,0,1,0,0,1,0
0.4421035197208619,-1.1421740325386103,-1.011554114024224,1,0,1,1.207480099972622,0,0,1,0,0,0,1
0.33831558695213504,-0.1485162040002569,-1.5513209009821523,1,0,1,0.2921803535681517,0,1,0,0,0,1,0
0.8150184014985954,1.4013089801586232,1.527905381577808,1,0,1,0.9806375362059205,0,1,0,0,0,0,0
0.1271484360911208,-0.8373440766427698,-1.288529757571137,0,0,0,-1.4786096680570098,0,0,1,0,0,1,0
-1.0261815999637036,0.6174673066011281,0.6712129475593781,0,0,1,0.5213022723366961,0,0,1,0,0,0,1
-1.3434476443870769,0.696486967635253,-0.387495446890579,0,0,1,0.5126188878140289,1,0,0,1,0,0,0
0.04918376298467375,1.178180817279887,1.17879678826264,1,1,0,1.4727070346515927,0,0,0,0,0,1,0
1.0906978879359266,-0.3913504706472979,0.4436494580936073,0,0,1,-1.4786096680570098,0,0,0,0,0,1,0
-0.9839207430769075,-0.9579178376484487,1.2116459387011091,1,0,1,-0.6807826732837949,0,0,1,1,0,0,0
1.3114008798213272,0.9982713530279888,0.7831290014683512,0,0,1,0.7996791647022448,1,0,0,0,0,0,1
0.3560565696847065,-0.28000604250400096,-1.4966324163061078,0,0,1,0.6491366102032434,1,0,0,0,0,0,1
-0.9274059077271558,-1.2025034724832826,1.1500620165726594,1,0,1,-0.2980829869735688,0,0,1,1,0,0,0
-0.19964689366763883,1.169036673131784,0.7379170961107557,0,0,0,-0.3906437782532509,0,1,0,0,1,0,0
1.2918373114382091,0.9571756789109307,-1.354359093479235,1,0,1,0.7805064841094052,0,1,0,0,0,0,0
0.7054737077192417,-1.5393321840608125,0.35669464785084853,1,0,0,0.2921803535681517,1,0,0,0,0,0,1
0.7398641454910654,-1.2732243246397579,-1.2583971173648623,0,0,1,0.1967735822821744,0,0,1,0,0,0,1
1.1377289242726594,1.5035088484184176,0.37622967907178845,0,0,0,1.1748536794193687,0,1,0,0,1,0,0
0.812172017339025,0.7779193503129855,-0.6236690986857754,1,0,1,-0.2980829869735688,1,0,0,0,0,0,0
-0.5825391308005666,-0.04128172465355494,0.5281667166197042,0,0,0,-1.3420341606925423,0,0,1,0,0,0,1
-0.8001892249872748,-0.8052394645387246,-1.0916369909177635,1,0,0,-0.5946473958757085,1,0,0,1,0,0,0
0.8104541613205835,-1.4800357759927576,-1.0348711329455083,1,0,1,1.4727070346515927,0,0,0,0,1,0,0
-1.1706044405051448,0.5601583920957083,0.7589783484572106,1,0,1,0.2921803535681517,0,0,1,0,0,0,1
0.7035215744572307,0.6891364773546202,-0.8026192895543761,0,0,1,0.2921803535681517,0,0,1,0,0,0,1
0.4088505542883242,0.22156206139687545,-1.1098784585923496,1,1,1,-0.2980829869735688,0,0,0,0,1,0,0
-0.405664452795613,0.7297257686822832,0.6510187912547293,1,1,1,0.8824436941098722,0,0,1,0,1,0,0
-0.8698790151031569,-0.3692063879674476,1.0053726951881319,0,0,0,0.8824436941098722,0,1,0,0,1,0,0
0.9478345198929421,-0.8558496320161997,-0.7866842438467858,1,0,1,-0.6698430304023719,1,0,0,0,0,1,0
-1.2893246469294908,-0.2209775712136113,1.2156058081109131,1,0,0,-0.8883463275152893,1,0,0,0,0,0,1
-0.5707763115332017,-1.7027792003659192,-1.2337133915550091,0,0,1,0.8824436941098722,0,1,0,1,0,0,0
1.5116982880478231,1.2837415769804397,-0.014256456417487427,1,0,1,-0.9252897511368792,0,1,0,0,0,1,0
1.16409312105251,-0.08743711001938659,0.5506280799689299,1,1,1,-0.10768650536520136,0,1,0,0,0,1,0
-0.5493347528103296,-0.11015647056643853,-0.6995995244966278,0,0,0,-0.8883463275152893,0,1,0,0,1,0,0
0.3836500687702666,1.5550254683737426,1.5319610629506157,1,0,0,1.4727070346515927,0,0,0,0,0,1,0
0.1693813197472502,0.7379318096757547,0.9525919361962718,1,0,1,0.2921803535681517,0,0,0,0,1,0,0
-1.337887985930245,0.5479531470632014,-1.315924747112182,1,0,0,-0.2980829869735688,0,1,0,1,0,0,0
0.308528755475287,-0.9990897402663046,-0.5139523078202106,1,0,1,-0.9869617917057009,0,0,1,0,0,1,0
1.459987609215741,-1.4626278077753059,0.0425368021193151,0,0,0,-1.4786096680570098,1,0,0,0,0,1,0
1.2815371581457276,1.5755763224668902,-0.09887640003330544,0,0,1,-1.4786096680570098,0,0,0,0,1,0,0
0.7889655144760578,-0.9785129329551195,0.02745953398769499,0,0,0,1.1061773972126177,1,0,0,0,0,0,0
1.178927758767534,0.4933596835970457,-0.5510356816188449,1,0,0,0.8824436941098722,1,0,0,0,0,0,1
-0.3605870982014706,-0.23015442141137898,1.125773066678221,0,0,1,0.7904879408180442,0,1,0,0,1,0,0
0.1486696786887019,-0.8121832650607728,-1.0909371606494176,0,0,1,-0.011271339709429007,0,0,1,0,1,0,0
0.8276994556755624,0.38572116047937377,-1.1798740788688116,1,0,1,0.06607204959272439,0,0,1,0,0,1,0
-0.3256461897212653,-0.4484530494519312,-1.338764621644556,1,0,0,-0.2980829869735688,0,0,1,0,0,0,1
0.3361529978753738,-1.5239924667614781,0.9776826727967635,1,0,1,-0.8883463275152893,0,1,0,0,1,0,0
-1.1545938962545095,0.6081404062526137,0.8114341862516075,1,0,1,0.2921803535681517,0,0,1,0,0,0,1
0.13425417277332782,0.16419137022994085,0.49573072648061534,0,0,1,-0.2980829869735688,0,1,0,1,0,0,0
0.5213434037185884,-1.0206159742161125,-0.6535225082349377,1,0,0,0.27196218721348125,0,0,1,0,0,0,1
-1.3640183623861852,-0.06944562797195702,-1.3525184661132654,1,0,1,0.2921803535681517,0,1,0,0,0,0,0
0.6808921953626841,-0.5474187127118233,-1.2243077329758512,1,0,1,-0.8883463275152893,0,0,1,0,0,1,0
-0.9956776656172605,0.3739811493048375,0.8798730766470907,1,0,1,1.076585345935335,0,0,1,1,0,0,0
0.18953068483008068,-1.5008545443899337,1.1275448683314295,1,0,1,-0.7734988147545502,0,0,1,0,0,1,0
-0.495311428085372,1.068737131904196,-1.629195087390904,1,0,0,-0.2980829869735688,0,1,0,1,0,0,0
-1.2443737055873854,0.6104536322032645,1.475000087714857,0,0,1,-0.8883463275152893,0,1,0,1,0,0,0
-0.1706312659437978,-0.9729402095920008,-1.316775967528345,0,0,1,0.8824436941098722,0,0,0,1,0,0,0
1.0158344756211881,-0.15066158599135082,-0.5526373808342625,1,0,1,0.7254758784946738,0,0,1,0,0,1,0
0.24278053079798212,0.4602129654494234,0.927287937015872,0,0,0,0.8767372074517685,0,0,1,1,0,0,0
-1.2729591005497027,0.5623522583863688,-0.19613434227687981,1,0,1,-0.7661278091799912,0,0,1,0,0,1,0
-0.7869396917011297,1.5235903211860644,-0.1267956322482862,1,0,0,0.47631562514640785,0,0,1,0,0,1,0
-1.5209603787022972,-0.21091581885714022,0.4948111303733098,1,0,1,-0.8883463275152893,0,0,1,0,1,0,0
0.9919262125126169,-1.141205760097905,-1.0648179720025481,0,0,1,0.9893895416522768,0,0,1,0,0,0,1
0.09762668302503354,-1.520659192921109,-0.4022432294500936,0,0,1,-0.6254712748714402,0,0,1,0,0,1,0
-0.44085110389977,-0.5792569758789958,0.5174010515052935,0,0,1,1.4727070346515927,1,0,0,1,0,0,0
-0.0006946545690187378,-1.452622100822728,-0.6600524393818763,1,0,0,-1.4786096680570098,0,1,0,0,0,1,0
1.3627518285603977,0.13671363238644013,1.0113047134256918,1,0,1,-1.2323556871630625,0,0,1,0,0,1,0
1.2808246227207472,-1.0197749376342433,0.927287937015872,0,0,0,-0.9829216259879867,0,1,0,0,0,0,0
1.4530194988319436,0.2805063601183246,-1.4494879378340433,1,1,1,-0.7874488356021756,0,1,0,0,1,0,0
0.7866916422057114,-1.1993249205462309,0.07285597740926081,1,0,1,0.635628154618788,0,1,0,0,1,0,0
-1.1671174857832018,0.36427676519491425,-0.5758818222749762,0,0,1,0.4354473136175919,1,0,0,1,0,0,0
1.0166503514678473,0.6782935465252868,-0.14108926767439578,1,1,1,0.24252287861096275,0,1,0,0,0,1,0
-0.9617997041992074,-0.36934645727806914,-0.7509205154094123,1,0,1,0.5242151792241675,1,0,0,0,0,0,1
-0.0388758268930735,0.8200502344981676,-0.8170705833140272,1,0,1,0.35135163488570476,0,0,1,0,0,1,0
-1.5508768803116348,-0.05098856649548345,-1.516238104253715,1,0,1,0.2921803535681517,0,1,0,0,0,0,0
-0.834965444922767,-0.6981680665289252,0.8849413273785918,0,1,0,1.0821187545353044,0,1,0,1,0,0,0
-1.2702740598573143,-1.5723815935031193,-1.5469146292134337,1,0,1,-0.8883463275152893,0,0,1,0,0,1,0
-1.1176795804033777,0.6545359483580366,-0.5386735285920454,1,0,1,-1.4786096680570098,0,0,1,0,0,1,0
-0.9124504042555922,-0.30567088199390985,0.9443763596639551,1,1,1,1.4727070346515927,1,0,0,0,1,0,0
0.8999801924614379,0.7569338079434,-1.0181597305106127,1,0,1,-0.2980829869735688,0,1,0,0,0,1,0
-0.8371056373832664,0.6700102742118379,0.5021082838392759,0,0,1,0.897382907433374,0,0,0,0,0,0,1
0.3224588716224658,-0.6501317925247794,-1.1765129882946896,1,0,1,0.37213715226482,1,0,0,0,0,0,0
-0.8747704529154922,-1.4438029248692483,-0.9467782251018968,1,0,0,0.15554902063843798,0,0,0,1,0,0,0
0.08787878653072065,-0.4509201235317202,-1.109907103605419,0,0,0,1.4727070346515927,1,0,0,0,0,0,1
1.0475497483439353,-1.0720926465919471,-0.5355032196810225,1,0,1,0.2921803535681517,0,1,0,0,0,0,0
-1.317855059270376,-0.57625244360589,0.02501414878220326,1,0,0,0.787561675084806,0,1,0,0,0,0,1
1.534416537578424,0.9724685638123814,1.6407849330363817,1,0,1,1.4428264450635684,0,1,0,0,0,0,0
0.459894470024319,-0.6301579403440766,0.6219340114775651,1,0,1,1.4727070346515927,0,0,1,0,0,0,0
1.0168401815220638,1.2326517022548702,-1.2137750282441577,1,0,1,-0.04660121168121545,1,0,0,0,0,0,0
1.3664607018444255,-1.0298320173639854,-1.3226156910645908,1,0,0,0.8824436941098722,0,1,0,0,0,0,0
0.49117490964680965,-1.1210065126227178,-0.9467782251018968,0,0,1,1.4727070346515927,0,0,1,0,0,0,1
1.4474659679385984,0.7849683305952998,0.21789879078389118,0,0,0,0.8691007481026094,0,1,0,0,1,0,0
-0.04564479694436998,0.2224405621173847,-0.7619944335268176,1,0,1,1.4727070346515927,0,0,1,0,0,0,1
-0.44437567370556674,0.9457378620811568,-1.5488874915523607,1,0,1,1.4727070346515927,0,0,0,1,0,0,0
0.14011111502093945,0.646960706709486,-1.1499359842704258,1,0,1,0.6477051631652393,0,0,1,0,0,1,0
-0.36660955760965863,1.1111209270885345,1.1116681796413637,0,0,0,-0.5671258070675177,0,1,0,0,1,0,0
0.09499631289215141,0.08277387208152505,0.8122366292474414,1,0,1,-0.2980829869735688,0,1,0,1,0,0,0
-0.21419501027820054,-0.0034565192893269425,0.31151419672956715,1,0,1,0.6126839062705958,0,0,1,0,0,0,1
1.3874448841750868,0.06568349574195494,0.7555206311039121,1,0,1,-1.422087993363959,0,0,1,0,1,0,0
0.03496492728232835,0.5263071341086167,-0.7485997691597633,1,0,1,0.2921803535681517,0,0,1,0,0,1,0
-0.18613414051229332,-0.17333169369530038,-1.5234139672919795,0,0,1,-0.2980829869735688,0,0,0,0,0,1,0
-1.0873293970906137,0.7486781537536891,-0.3628519180971791,1,0,1,0.822740795700167,1,0,0,0,0,1,0
-1.1316892813307686,0.4315770559428024,-0.034330850994952755,0,0,1,-0.2980829869735688,0,1,0,0,0,1,0
1.321959611515639,-0.5376231730568471,0.4948111303733098,0,0,1,0.8824436941098722,0,0,0,1,0,0,0
-1.3167087512849325,-1.6008710435809854,-0.6759890417987259,0,0,1,-1.3462026461626229,0,1,0,0,0,0,0
0.45532295710346077,-1.042037930857755,-1.1235284788758726,0,0,0,-1.4786096680570098,0,0,1,0,0,1,0
1.409024867718307,-1.7228307257817603,0.9072205576942403,0,0,0,-1.4786096680570098,1,0,0,0,0,0,0
-0.046786455352500145,-1.4525858424823705,-0.3701424829118142,0,0,1,-0.8883463275152893,0,0,1,0,0,0,0
0.1665053710556887,-0.8532096729659038,-0.8674992639480261,1,0,1,-0.5637361029209542,1,0,0,0,0,1,0
1.2030232010151711,0.5362413068563351,-0.2728483836089355,0,0,0,-1.2794227780754863,0,0,1,0,0,0,1
0.12253700151089408,-0.301063525537105,-0.9467782251018968,1,1,1,-0.2980829869735688,0,0,1,0,0,0,1
0.2660623948447271,1.1006007786388163,1.203564945318944,1,0,0,1.4234053394941026,0,1,0,0,0,1,0
0.5592006255087624,1.5130207997265137,1.2988933613671665,1,0,1,-1.4786096680570098,0,0,0,0,1,0,0
-0.05610586523482592,-1.4670645044958583,-0.3701424829118142,0,0,1,-0.8883463275152893,0,0,1,0,0,0,0
-0.8314104547562493,0.6867143889614884,-0.23028791364627577,0,0,1,-0.0073574078181642966,1,0,0,0,0,0,1
-1.0502308678647465,-0.8879710178391345,0.672353218945875,0,1,1,-1.217650092889964,0,1,0,0,0,0,0
-0.3713503981772112,0.09780476083494513,-0.9458545881438145,1,1,1,1.4727070346515927,0,0,1,0,1,0,0
1.2335644573137017,-1.3061585720668516,0.5252078159750371,0,0,0,-1.4786096680570098,1,0,0,0,0,1,0
-0.8173655514472854,0.3644437209956193,1.1478425434786832,1,0,1,0.2921803535681517,1,0,0,1,0,0,0
0.9304261479682459,0.574310574826886,-0.19813734490369572,0,0,0,-0.6978478554818492,0,0,1,0,0,0,1
-1.2997570401948113,0.5507870316517924,0.47405343201896666,0,1,1,-0.8883463275152893,1,0,0,0,0,0,0
0.37693202232602535,-1.1914790985215722,-0.6023630174067065,1,0,1,-1.0031924907841008,0,0,1,0,0,0,0
-0.9366551882737265,-0.8433897521744707,1.1810308630467554,1,0,0,-0.7467781167408083,1,0,0,0,0,0,0
-0.44708252349204614,1.31200472941508,1.359764743658434,1,0,1,0.9732851659634715,1,0,0,0,0,1,0
1.5738198165676869,-0.332626882492294,-0.61542906462893,0,0,1,-0.3861794775572516,0,1,0,0,0,1,0
-0.9281845813487076,-0.49214936413238003,0.5052911204067334,1,0,0,1.0407371922626485,1,0,0,0,1,0,0
-0.11816355832904735,-0.30565727343615756,1.007397215301168,0,0,1,0.669314519954624,0,1,0,0,1,0,0
-1.1622794758481065,-0.6870741135428087,-0.796524551477965,0,0,0,-1.4786096680570098,0,0,1,1,0,0,0
1.6251365475714046,-1.1507093908123398,-1.373619621019578,0,0,1,1.4727070346515927,1,0,0,0,0,0,1
-0.6290526600673082,-0.6535480317701883,-1.2269251054295378,1,0,0,-0.8548899462817349,1,0,0,1,0,0,0
-1.4828776130355608,0.18445663784890992,0.2064932592782685,0,0,1,-0.8883463275152893,1,0,0,1,0,0,0
-0.4908586375633577,0.602624821947827,0.7394724416818211,1,1,1,0.8824436941098722,0,0,1,0,1,0,0
-1.3638472132849089,-0.9135767774506693,0.4948111303733098,1,0,1,0.4063581452804785,0,1,0,1,0,0,0
-0.3466772284496933,-1.2178754144208943,1.3189664728722232,1,0,1,0.08057359110522988,0,1,0,0,0,0,1
0.0704625469309767,-0.6508772739209215,0.25160493908254983,1,0,1,1.4727070346515927,0,0,1,0,0,0,0
-0.703687543032302,-0.6918855072618929,1.1298925942687246,1,0,1,-0.05877512303065757,0,0,1,0,0,0,1
-0.4308608503034653,-1.232524691928523,-0.9914701963876602,0,0,1,0.4279372350862246,0,0,0,0,0,0,1
0.2242457667286099,-1.2845618092830164,0.011189023833846817,1,0,1,0.8824436941098722,1,0,0,0,0,0,0
-1.4841671484706602,-0.8435004274988754,0.609755115042711,1,0,1,0.15020337659392172,0,0,1,1,0,0,0
-0.5891651854290576,0.33177340901250263,-0.6510427151374331,1,0,1,0.2921803535681517,0,1,0,0,1,0,0
-0.9314341069949367,1.4036080374768913,1.3848390735880753,0,0,0,-0.40075062731027566,0,1,0,0,1,0,0
0.10012945828829867,0.22692559189999853,-1.2822227866268854,1,0,1,0.2921803535681517,0,0,0,0,0,1,0
0.5374901190796687,-0.2900276310498865,-1.0227425827636925,1,0,1,-0.9920258192865474,1,0,0,0,0,1,0
-0.8603767801553442,-0.8038917576530009,1.5039236792059545,1,0,1,-1.2940733134290607,0,0,1,1,0,0,0
-0.3257951123994237,-1.521406392152329,1.059708945251236,1,0,0,-0.510857872558546,0,1,0,0,1,0,0
1.3177046374117367,-0.02286795201876557,-0.7058496019252387,1,0,1,-0.694309546681514,0,0,1,1,0,0,0
-1.2365346204336423,1.0847617453027643,-1.3012235465675062,1,0,1,1.4727070346515927,0,0,1,1,0,0,0
0.3509514957094943,0.5387511354703737,-1.3558350763671712,1,0,1,0.786549942925931,0,0,1,0,0,1,0
-0.5017197542823986,0.8956727114040692,0.6400394663869884,0,0,0,0.2878016593919372,0,1,0,0,1,0,0
1.325060746117086,-0.5706354215201306,-0.2935370767068719,0,0,0,-0.8883463275152893,0,1,0,1,0,0,0
-1.4239738990120827,-0.6970437050490755,0.6586218703415636,0,1,0,0.8958545170105342,0,0,0,0,1,0,0
-0.5108955118132521,0.8914032756830363,1.533646641875741,0,0,0,-1.0100479422617556,0,1,0,0,0,0,0
0.7389660242606921,-0.19466287864875859,-0.4746023978822672,1,0,0,0.8824436941098722,0,1,0,1,0,0,0
1.2861126400942169,1.1416852895786065,-1.2634390796057227,1,0,0,0.3712157026868049,1,0,0,0,0,0,1
1.3947760454779452,1.0610386408590635,0.4758280748519361,0,0,0,-0.7175007885993728,0,1,0,0,0,1,0
-1.1715025716813026,0.6037080140303686,-1.3039406197926422,1,0,1,0.5168405016935669,0,1,0,0,1,0,0
0.45215019647830135,-1.050347229355725,-1.3385359907440684,0,0,1,0.03985077114049529,0,0,1,0,1,0,0
-1.667130011056863,-0.39089245258371474,-0.23261173071195995,1,0,1,0.7942433158540514,0,0,1,0,1,0,0
0.2095560374013718,-1.2851690585359703,0.0056219436884111795,1,1,0,0.8437419205353092,0,1,0,0,1,0,0
-0.27271119814628786,-0.16399277713724664,0.4948111303733098,0,0,1,0.8824436941098722,0,0,1,0,0,1,0
-1.3966513965548708,-0.01409579137322714,-0.8417349464754809,1,0,1,-1.37140629087961,0,0,1,1,0,0,0
-1.3122203270871067,0.21146659677074853,0.5005975055731482,0,0,0,-1.4312246739584862,0,1,0,1,0,0,0
0.34547169388822563,0.4319781812359591,-0.018344729890571676,0,0,1,-0.9533264257323052,0,0,1,0,0,1,0
-0.5242685491813266,0.5394131452494859,0.7854462850739583,1,1,1,0.8871877897735688,0,0,1,0,1,0,0
-1.0170233259980512,-0.6382224987297721,0.39304464715235427,0,1,1,-0.8883463275152893,0,1,0,0,0,0,0
-0.8443032135386037,-1.4963381641021538,-0.7190989524069582,0,0,1,-1.4786096680570098,1,0,0,0,0,0,0
-1.2867034694020631,0.8375422653473206,-1.5572389349986553,1,0,1,0.15368294890552664,0,1,0,0,1,0,0
0.6128131747084127,1.510512206190177,-0.15477662776186835,0,0,1,-0.4474351602102057,0,1,0,0,0,0,1
0.07172836871310995,0.7165974249469365,-0.8413800570332574,1,0,1,0.21282675676490875,0,0,1,0,0,1,0
-1.4207488265388402,0.0618776629922268,-0.3001119404361417,1,0,1,-0.23737877497672683,0,1,0,0,1,0,0
1.1043440578278776,0.1443968346032857,1.059424914065327,0,0,1,-1.4786096680570098,0,0,1,0,0,1,0
1.2284498502710723,-0.30692389176897605,-0.13194547287948807,1,0,1,1.4727070346515927,0,0,1,0,0,0,0
0.1055824019306213,-0.8337589295901049,-1.2792412456870355,0,0,0,-1.4786096680570098,0,0,1,0,0,1,0
0.6561804414648724,-0.8357174078250754,-1.2312020940667725,1,0,0,-1.2871699263456866,0,0,1,0,0,1,0
0.4015166820942792,-1.5714067525320055,0.5574552568676666,0,0,1,-0.5375871614385005,0,1,0,0,1,0,0
-1.544306292690166,0.7380521947902359,1.2156058081109131,1,0,0,0.05793441777834191,1,0,0,0,0,1,0
-0.5670764412470789,-0.1885826675218077,1.2224673955466394,1,0,1,-0.11069353602674048,1,0,0,1,0,0,0
-1.436306338730692,-0.505309315143787,-0.16080135827210046,0,0,0,-0.2980829869735688,1,0,0,1,0,0,0
1.2392195956277483,1.402263407761329,0.968193110342235,0,0,0,-0.8046025617842427,0,1,0,0,1,0,0
-0.816735664847823,-1.378806653558496,0.07728227584444118,1,0,1,-1.0512133788316231,0,1,0,1,0,0,0
0.8827514914159369,0.8347516979541976,-0.7585435610109857,1,0,1,-0.2980829869735688,1,0,0,0,0,1,0
-1.2639719722668057,0.6022557726720326,0.5789865433968606,1,0,1,-0.2980829869735688,0,0,1,1,0,0,0
-1.5420570096743582,1.4316371899553308,-0.5479384298007602,0,0,1,-0.2980829869735688,0,1,0,1,0,0,0
-1.0966942066109464,-1.3281036019910386,-0.6223254262216076,0,0,1,-1.257455802574127,0,1,0,0,1,0,0
-0.28147085062818145,0.4661016809935705,-1.0180153050743905,1,0,1,0.0004978669064713559,1,0,0,0,0,1,0
1.0985303151842596,1.3662057626720014,0.2497000715051234,0,0,1,-0.9237286605247825,0,0,1,1,0,0,0
-0.4292729203885865,0.5819369222702525,-0.8970244664279495,0,0,1,0.21487135450515776,0,1,0,0,0,1,0
-1.3270004024027353,0.9808678942807763,0.14138232181421312,0,0,1,-0.8883463275152893,1,0,0,0,0,0,0
-0.42336836249391424,0.021938454556456183,0.6324833720685097,1,0,1,-0.9149063015314696,0,0,1,1,0,0,0
1.1121863957745277,-0.5820295901968835,-0.9942416471204003,0,0,1,-0.8883463275152893,0,1,0,0,0,0,1
1.4169663912698396,0.6496569620356895,-1.4250057019266182,1,0,1,0.47950792581456314,0,0,1,1,0,0,0
1.1089893725325517,0.9603992124064604,0.752362406762447,0,0,0,-0.34007458672936697,0,1,0,0,0,1,0
-0.5567784632962163,-0.3302822977798701,-0.755351590082584,1,0,0,-1.084296936865331,1,0,0,0,1,0,0
-1.418543806149329,-0.11570925663628738,-1.2193165574159823,1,0,1,-0.8802700996719723,0,0,1,0,0,1,0
0.7208280981776979,-0.5362416096032033,1.012630949473704,0,0,1,-0.9365110605692737,1,0,0,1,0,0,0
-1.4411730383640857,-1.076132559026239,0.53208941889284,1,0,1,0.4448174899873681,0,0,0,1,0,0,0
0.23460438902564978,-1.3832330193508153,-0.3701424829118142,1,0,1,0.8660035374012524,1,0,0,0,0,0,0
-0.7440899713393844,1.4627436732414452,0.3930935329778952,0,1,1,0.795554990542604,0,1,0,0,1,0,0
-1.123306365083406,0.7661022183799714,-1.509532844937997,1,0,0,0.025467031490592096,0,0,1,0,0,1,0
1.2170124777365998,-0.5099404562905305,-1.5668650931787609,1,0,1,-0.19499515561019043,0,0,1,0,1,0,0
0.9811123889522904,0.8159984820226952,-0.7334719933118962,1,0,1,-0.123405158705021,0,1,0,0,0,1,0
1.4094983671596444,-1.3185474518874722,1.0726760546029517,1,0,1,-1.4786096680570098,1,0,0,1,0,0,0
-1.0996211380517962,0.46049527688258185,0.07233816858642722,0,0,1,-0.25712192645832965,0,1,0,0,0,1,0
-0.6799035506266395,-0.6180514090347415,0.07687038056321743,0,0,1,-0.8883463275152893,0,1,0,0,1,0,0
0.02175349292412232,0.0660196710759211,-1.6517708232146768,1,1,1,-1.4139075511092898,0,1,0,0,1,0,0
0.2725258292945686,-1.531522465217089,0.18432703498899158,1,0,1,-0.04833147141352295,1,0,0,0,0,0,1
-1.0137263677327986,1.365464616942052,-0.8394775963709739,0,0,1,-0.2980829869735688,0,1,0,1,0,0,0
-0.9205111447332955,-0.3198079383168235,-0.6582194339724761,1,0,1,0.5874764329612031,1,0,0,0,0,0,1
-1.4169649421823656,-0.3629028249697598,0.5148186854877904,1,0,1,0.21025878364886688,1,0,0,0,0,1,0
1.436537836292517,1.4326692283155251,1.2949819872751975,1,0,1,1.4727070346515927,1,0,0,1,0,0,0
-0.6697895638045872,-1.4277253252684385,-0.6591177228319913,1,0,1,-1.4786096680570098,1,0,0,0,0,0,0
-0.7549916337463524,0.6045417751089237,-0.7043148401064694,0,0,1,0.09092500820626623,0,1,0,0,0,1,0
0.5110492781786338,-1.4585580975893164,1.3239851012845842,0,1,0,-0.2004157321909018,0,0,1,0,0,1,0
1.5239014797642452,0.8793568679247477,1.586116707042669,0,0,0,-0.2980829869735688,0,1,0,0,1,0,0
-0.11078820685637168,0.7767645706561778,1.297857466699116,1,0,1,-1.3102186537262828,1,0,0,0,0,0,1
-1.1431134790849475,-1.4257084346258238,1.2156058081109131,0,0,1,-0.8883463275152893,0,0,0,0,0,1,0
0.3045599998674233,0.9850565247120272,1.2009187185249384,1,0,0,1.4727070346515927,0,0,1,0,1,0,0
-0.5340354453503137,-0.643142481155196,0.33717357127507064,1,0,0,-1.300251438627105,0,0,1,0,0,1,0
-1.2169980575317627,0.4856118834496531,0.9329164822423135,0,0,1,-0.8883463275152893,0,1,0,1,0,0,0
1.3293496131080924,1.419099577663524,0.8297844454255556,0,0,1,-1.0793785247220904,0,0,0,0,0,0,0
0.5453260694345319,0.8920562388333432,-0.2103926558529182,1,0,0,0.2602616533135484,0,0,1,1,0,0,0
-0.7800041685918142,-0.1001864061668907,0.18006944680816273,1,0,1,1.1234787946495026,0,1,0,0,1,0,0
-1.2008831768548793,0.6344442942453667,0.351293468087993,1,0,1,-0.2967701301030915,0,0,1,1,0,0,0
-0.23165960802659305,-0.752066458874606,-1.0643922645023147,0,0,1,1.0429685008158047,0,1,0,0,1,0,0
-0.794385547850903,-0.7493471113265161,1.1841948187589408,1,0,1,0.42079364718187784,0,0,1,0,0,0,1
0.7984642798759878,-0.4717294862510703,-0.9022081852516142,0,0,1,-0.6887396800690011,0,0,0,1,0,0,0
-1.0192166482763403,-1.312480903940971,1.188659221219888,1,0,0,-0.05811814466964699,1,0,0,1,0,0,0
1.0726441431417442,-1.6413669853100779,-0.7932527396235703,0,1,1,-1.4786096680570098,0,1,0,0,0,0,0
1.1465546916848424,-0.4681223454760159,-0.6071239547167647,0,1,1,0.8824436941098722,0,0,1,0,0,1,0
-0.7850158845414518,0.28571623127468415,0.9654486650889418,0,0,1,-0.48905112901409575,0,1,0,1,0,0,0
-0.903212092263052,1.0272664039349104,0.7817358400064658,1,0,0,0.2921803535681517,1,0,0,1,0,0,0
0.759113497573415,-1.3613889829974783,-1.459490785546041,1,0,0,0.2921803535681517,0,0,1,0,1,0,0
1.265772178526547,-1.0468463166724815,0.6924420319289248,0,0,1,-0.5003844879236006,0,0,1,1,0,0,0
-0.5759502950520449,-1.0163395605963608,1.6072486314065597,1,0,1,-0.3538150009169111,0,0,1,0,0,1,0
-0.6292400575562656,0.41576940375748794,-1.1865198206813106,1,0,1,-1.4786096680570098,0,0,1,0,0,0,1
1.1072092153963775,1.55493258589274,1.1332597438098255,0,0,1,-1.4786096680570098,1,0,0,0,0,0,1
0.1454247318847205,1.4607619260423603,0.9418871602876905,1,0,1,0.8824436941098722,0,1,0,0,0,0,1
0.16395156079869114,0.5016324862082846,0.927287937015872,0,0,0,0.8213903279463473,0,0,1,1,0,0,0
0.9309240954181662,-0.2886013142429007,0.69019031228081,1,0,1,0.021911519498112764,1,0,0,0,0,1,0
-1.4180640330484264,0.18272958326395672,0.27466234228377945,1,0,1,-0.9581264464230672,1,0,0,1,0,0,0
-0.3326230358820613,1.0082875757400174,0.20647554569406218,0,0,1,0.2921984857764447,1,0,0,0,0,1,0
-0.43610657155017196,-1.385431931441685,0.3703170792250595,1,0,0,0.4620953024848738,0,1,0,0,1,0,0
-1.0354326091738582,0.9079521997812909,-0.3701424829118142,1,0,1,-1.1781876662440105,0,0,1,0,0,1,0
-0.06003772209696103,0.2579475857945205,-0.8044785750704904,1,1,1,1.4727070346515927,0,0,1,0,0,0,0
-1.066447477698566,1.3210068584019377,-0.4247933919397715,0,1,1,-1.1596907353292571,1,0,0,0,0,0,0
-1.153109304722275,-0.9628456102884597,0.42439055054061303,0,0,0,0.9703039582545107,0,1,0,0,0,1,0
-0.0545914329643651,1.26658713182622,1.455061465011998,1,0,1,-0.32309147297796426,1,0,0,0,0,0,1
1.1791913514230243,-0.2675413194370921,0.3464827355986152,1,0,1,-0.2810110037327317,0,0,1,0,1,0,0
1.4619988505149448,-1.1567222409494609,1.5867744247852325,0,0,0,-0.34828865320685254,0,1,0,0,0,0,1
-0.9124551884254171,0.36621583698297805,-0.9185964209114712,1,0,1,1.1487275412805649,1,0,0,0,1,0,0
1.2649224384529512,-1.2070737091896646,0.9820653165698504,0,0,1,-1.2543219475709297,0,0,0,1,0,0,0
1.2126757418530265,0.9497099290942482,1.4239291086368424,1,0,1,1.2432561219973994,0,1,0,0,0,1,0
1.0695629237978967,-0.21256390271678854,-1.5982903711402858,1,0,1,-0.15624322363650803,0,1,0,0,0,1,0
-0.4731408918443484,0.3505421015030489,0.7146785365138507,0,0,1,0.8824436941098722,0,0,1,0,1,0,0
-1.5407442545054595,1.1100207313369541,-0.2634178428416371,1,1,1,0.5106740679073836,0,1,0,1,0,0,0
0.26527901344648214,-1.5056913872397462,0.2482899085895352,0,0,1,-0.2410370842407791,0,1,0,0,1,0,0
1.5201643653101997,0.3874328339989439,-0.5908052468564977,1,0,0,1.3682912495265835,1,0,0,0,0,0,1
-0.02326142895111527,1.7385400173903052,0.6389700659208305,1,0,1,1.4652320333106648,0,0,0,0,0,0,1
1.5156865008905118,-0.5999353173253893,0.34146299495902455,0,0,1,0.8824436941098722,0,1,0,0,0,0,0
1.1575974522215198,-1.3249087648071758,0.9279267196044396,0,0,1,-1.4759941524583704,0,0,0,1,0,0,0
1.5417222827898702,0.8174879012855562,0.8080476672965857,0,0,0,1.1287520571994718,0,1,0,0,1,0,0
-0.885881015783995,-0.25992159446047386,-0.9467782251018968,1,0,0,-0.8883463275152893,0,0,0,0,1,0,0
0.033254908537972944,-1.0623406277334624,0.9070757439210975,1,0,1,-1.4786096680570098,0,0,1,0,0,1,0
0.3735003329468535,-0.7262479853788453,-0.344039054586463,1,0,1,-1.2409084244541797,1,0,0,0,0,1,0
-0.038972405227974335,-0.1250114025513706,-0.9939892295144074,1,0,0,-0.2980829869735688,0,0,1,0,0,0,1
-1.1704057780389259,1.1666752735884771,0.8814730292307313,0,0,1,-0.11049239182136222,1,0,0,0,1,0,0
-0.6949235596929288,0.7251040924450737,0.927287937015872,0,0,0,0.47825463533481993,0,0,1,1,0,0,0
-0.5401444910806062,1.3883529916827024,0.31247998802070065,1,0,1,-0.8883463275152893,0,0,1,0,1,0,0
-1.5845171649145018,0.8554771658190943,-0.11498762918619275,0,1,1,-0.8883463275152893,1,0,0,0,0,0,1
1.2814153227517697,-0.655376506000164,-0.4309065542507793,0,0,1,-0.39074548720345453,0,1,0,0,0,1,0
-0.3230195933806562,1.1248676095068542,1.0041086998774842,0,0,0,-0.47904466580322363,0,1,0,0,1,0,0
-0.3552117196836708,-0.7322480151244162,-1.0762568090867195,0,0,1,0.8824436941098722,0,1,0,0,0,0,0
0.36021976872544426,0.42150673589366616,-0.008510810008813374,0,0,1,-0.9633927500603467,0,0,1,0,0,1,0
-1.1348409667170696,0.4234816541284052,0.7110436220198858,0,0,1,-0.8883463275152893,0,1,0,0,0,0,0
0.5303081007942111,0.9577472422359812,1.0714468725633923,1,0,1,-1.4786096680570098,0,1,0,0,0,0,0
-0.9530001085998887,1.335697732288032,-0.8713385482608778,0,0,1,-0.2980829869735688,0,1,0,1,0,0,0
1.5009473764099837,1.1677672822874128,0.2699347496701274,0,0,0,-0.998513041858775,0,1,0,0,0,1,0
0.7046103713900773,1.736848211458445,1.0515290749972999,0,0,0,1.050398042941909,0,0,1,0,0,0,1
-1.291986438290031,-1.1430040477345387,0.3168884582355448,1,0,1,0.2921803535681517,0,1,0,0,1,0,0
-0.5797127043920975,1.167767373453024,-1.0909371606494176,1,0,1,1.4727070346515927,0,0,1,1,0,0,0
0.8866847118017999,-1.198576333074327,0.2064932592782685,1,0,1,0.5238536581881226,1,0,0,0,0,1,0
-0.07429800971531149,0.4675951376020455,0.6570691899908099,0,0,1,-0.22397554858378255,0,1,0,0,0,1,0
1.276751806565197,-0.4366158187411242,-0.19439539597485056,1,0,1,1.4727070346515927,0,0,1,0,0,1,0
0.52637012417796,1.3972076492047023,0.8961367596730645,1,0,0,-0.9521210700601657,0,1,0,0,0,0,1
0.8579108077125419,-1.5283560545331938,0.5513870759565009,1,0,0,1.1902712971907405,0,0,0,1,0,0,0
-1.6464969865345542,-0.659241748497881,-0.6727243186833293,1,0,1,0.5368068914522718,0,0,1,0,1,0,0
1.2032571892828032,0.5355368206933979,-0.5887152435436922,1,0,0,0.8316620657055973,1,0,0,0,0,0,1
0.42020277239538206,1.6515042029989757,-1.51550911663263,1,0,0,-0.9506093277802304,0,1,0,0,1,0,0
1.0880614394251793,0.6969247189312071,0.6740348454854304,1,0,0,0.9834822384936261,0,1,0,1,0,0,0
-0.4690285067393936,-1.7291597558028555,-1.0909371606494176,0,0,1,0.8824436941098722,0,0,0,1,0,0,0
-0.9756481966271162,1.3309482568869595,0.02261157646188064,1,0,1,1.2588983895867802,0,0,1,1,0,0,0
0.9311518514936432,-1.1508455770597381,0.22095780795546893,0,0,1,-1.372402110748361,0,1,0,1,0,0,0
0.4734777641102073,-0.4169372249409854,-0.8738900012855526,1,0,1,-0.004055142471042605,0,0,1,0,1,0,0
1.3122518777027516,-0.543017455583978,-1.081144265932819,1,0,0,0.2921803535681517,0,0,0,1,0,0,0
