Amount,Account Balance,Suspicious Activity Flag,User Device Recognition,Known Threat Flag,Login Location Match,Spending Pattern Deviation,Transaction_Hour,Transaction_Day,Transaction_Month,High_Value_Transaction,Low_Balance,Type_Deposit,Type_Transfer,Type_Withdrawal,Location_California,Location_Florida,Location_New York,Location_Texas,Transaction_Weekday_Friday,Transaction_Weekday_Monday,Transaction_Weekday_Saturday,Transaction_Weekday_Sunday,Transaction_Weekday_Thursday,Transaction_Weekday_Wednesday
9779.6,1716.59,0,1,0,0,0,9,2,1,0,0,1,0,0,0,1,0,0,0,0,0,0,1,0
8462.23,2083.72,0,0,0,0,1,16,2,1,0,0,0,0,1,0,1,0,0,0,0,0,0,1,0
4548.84,2052.64,1,1,0,1,0,12,2,1,0,0,0,0,1,1,0,0,0,0,0,0,0,1,0
7751.65,2772.69,0,0,0,1,0,5,5,1,0,0,0,1,0,0,0,1,0,0,0,0,1,0,0
1931.19,3052.78,0,1,0,1,0,23,3,1,0,0,0,1,0,0,1,0,0,1,0,0,0,0,0
5623.8,2688.61,0,1,0,0,0,9,2,1,0,0,1,0,0,0,1,0,0,0,0,0,0,1,0
747.12,2495.55,0,1,0,1,0,6,2,1,0,0,0,0,1,0,0,1,0,0,0,0,0,1,0
3481.54,3680.56,0,1,0,1,0,9,3,1,0,0,0,1,0,0,0,0,1,1,0,0,0,0,0
2259.4,1993.35,0,1,1,1,0,15,1,1,0,0,0,0,1,0,1,0,0,0,0,0,0,0,1
7189.38,3511.23,0,0,0,1,0,14,2,1,0,0,0,1,0,1,0,0,0,0,0,0,0,1,0
4901.42,4826.67,0,0,0,0,0,12,6,1,0,0,0,1,0,0,0,1,0,0,1,0,0,0,0
7510.95,2887.09,0,1,0,0,0,23,5,1,0,0,1,0,0,1,0,0,0,0,0,0,1,0,0
5153.44,3044.79,1,1,0,0,0,0,2,1,0,0,0,0,1,0,0,1,0,0,0,0,0,1,0
865.76,3913.11,0,1,0,0,0,8,5,1,0,0,0,0,1,0,0,0,1,0,0,0,1,0,0
7353.94,3029.58,0,1,0,1,1,11,5,1,0,0,0,1,0,0,1,0,0,0,0,0,1,0,0
8332.46,1575.63,0,1,0,1,0,0,3,1,0,0,0,1,0,0,0,0,1,1,0,0,0,0,0
9035.41,3442.81,0,1,0,1,0,5,3,1,0,0,1,0,0,0,1,0,0,1,0,0,0,0,0
5720.35,3035.09,0,1,0,0,0,5,4,1,0,0,0,1,0,0,0,1,0,0,0,1,0,0,0
7536.1,4805.91,0,1,0,0,0,11,1,1,0,0,0,0,1,1,0,0,0,0,0,0,0,0,1
7520.69,1372.01,0,1,0,1,0,19,4,1,0,0,1,0,0,0,0,0,1,0,0,1,0,0,0
1558.34,3145.87,0,0,0,1,0,18,1,1,0,0,0,0,1,0,0,1,0,0,0,0,0,0,1
1643.04,3467.72,0,0,0,0,0,1,4,1,0,0,1,0,0,0,0,0,1,0,0,1,0,0,0
709.78,3479.58,0,1,0,0,0,17,4,1,0,0,0,0,1,0,0,1,0,0,0,1,0,0,0
3199.82,1238.8,0,1,0,1,0,5,3,1,0,0,0,1,0,0,0,0,1,1,0,0,0,0,0
4735.61,2311.32,1,1,0,1,1,18,4,1,0,0,0,0,1,0,0,1,0,0,0,1,0,0,0
9978.98,2050.17,0,1,0,0,0,22,3,1,0,0,0,0,1,0,0,0,1,1,0,0,0,0,0
4310.5,3719.95,1,1,0,1,0,7,3,1,0,0,1,0,0,0,0,0,1,1,0,0,0,0,0
7262.7,3941.65,0,0,0,1,0,2,4,1,0,0,0,0,1,0,0,1,0,0,0,1,0,0,0
6934.28,1837.08,0,0,0,1,0,4,2,1,0,0,0,1,0,0,0,0,1,0,0,0,0,1,0
2045.62,4304.32,0,1,0,0,0,17,3,1,0,0,1,0,0,0,0,1,0,1,0,0,0,0,0
586.01,2940.14,0,1,0,1,0,11,3,1,0,0,1,0,0,0,0,0,1,1,0,0,0,0,0
5460.52,2051.84,0,1,1,1,1,3,3,1,0,0,0,0,1,0,1,0,0,1,0,0,0,0,0
7003.36,2199.01,0,1,0,1,1,0,5,1,0,0,1,0,0,0,1,0,0,0,0,0,1,0,0
9982.52,2054.15,0,1,0,0,1,21,5,1,0,0,0,1,0,0,0,0,1,0,0,0,1,0,0
3586.75,3417.77,0,1,0,1,0,9,6,1,0,0,0,0,1,0,0,1,0,0,1,0,0,0,0
8963.75,3108.26,0,0,0,1,0,23,3,1,0,0,0,1,0,0,1,0,0,1,0,0,0,0,0
3819.94,4754.92,0,1,0,1,0,15,6,1,0,0,0,0,1,0,0,0,1,0,1,0,0,0,0
6894.43,2094.76,0,1,0,1,0,13,5,1,0,0,0,0,1,0,0,0,1,0,0,0,1,0,0
5982.93,2276.71,0,1,0,1,0,18,6,1,0,0,1,0,0,0,0,1,0,0,1,0,0,0,0
530.73,1025.91,0,1,0,1,0,19,2,1,0,0,1,0,0,1,0,0,0,0,0,0,0,1,0
784.81,2193.35,0,1,0,1,0,0,5,1,0,0,1,0,0,0,0,1,0,0,0,0,1,0,0
208.62,2003.52,0,1,0,1,0,10,5,1,0,0,0,0,1,1,0,0,0,0,0,0,1,0,0
3708.97,2607.98,0,1,0,1,0,17,2,1,0,0,1,0,0,0,0,0,1,0,0,0,0,1,0
7458.26,2982.56,0,1,0,1,0,12,2,1,0,0,0,1,0,1,0,0,0,0,0,0,0,1,0
1728.38,3681.0,0,1,0,1,0,0,1,1,0,0,1,0,0,1,0,0,0,0,0,0,0,0,1
6058.92,1767.55,0,1,0,0,0,10,2,1,0,0,0,1,0,0,0,1,0,0,0,0,0,1,0
2888.99,3225.68,1,0,0,1,1,5,6,1,0,0,1,0,0,1,0,0,0,0,1,0,0,0,0
7970.13,3914.57,0,0,0,1,0,18,1,1,0,0,0,0,1,1,0,0,0,0,0,0,0,0,1
7984.16,1964.73,0,1,0,1,0,12,2,1,0,0,1,0,0,0,0,0,1,0,0,0,0,1,0
7754.37,2404.85,0,0,0,1,0,23,1,1,0,0,0,1,0,0,1,0,0,0,0,0,0,0,1
5248.81,1820.47,0,1,0,0,0,23,5,1,0,0,0,1,0,0,0,1,0,0,0,0,1,0,0
2846.38,1444.13,0,0,0,1,0,9,5,1,0,0,1,0,0,0,0,1,0,0,0,0,1,0,0
8094.63,4024.82,0,1,0,0,0,18,1,1,0,0,0,1,0,0,1,0,0,0,0,0,0,0,1
1861.82,1960.25,0,1,0,0,0,16,4,1,0,0,0,0,1,0,1,0,0,0,0,1,0,0,0
2898.31,2470.27,0,0,0,1,0,19,4,1,0,0,1,0,0,0,1,0,0,0,0,1,0,0,0
1840.29,1990.75,1,1,0,1,0,8,1,1,0,0,0,1,0,1,0,0,0,0,0,0,0,0,1
6742.43,1175.3,0,1,0,1,0,9,5,1,0,0,1,0,0,0,0,0,1,0,0,0,1,0,0
6862.67,3915.96,0,0,1,0,0,3,4,1,0,0,1,0,0,0,0,1,0,0,0,1,0,0,0
6525.45,3573.32,0,1,1,1,0,20,4,1,0,0,1,0,0,0,0,0,1,0,0,1,0,0,0
4156.6,2904.5,1,1,0,0,0,1,1,1,0,0,1,0,0,1,0,0,0,0,0,0,0,0,1
1002.61,3697.34,0,1,0,1,0,11,1,1,0,0,1,0,0,0,1,0,0,0,0,0,0,0,1
9111.78,4386.0,0,1,0,0,0,15,6,1,0,0,0,0,1,1,0,0,0,0,1,0,0,0,0
5077.8,3473.85,0,1,0,0,0,23,3,1,0,0,1,0,0,0,1,0,0,1,0,0,0,0,0
4070.31,4627.14,0,1,0,1,0,11,6,1,0,0,0,0,1,0,0,1,0,0,1,0,0,0,0
5888.66,1805.98,0,1,0,0,0,1,5,1,0,0,1,0,0,1,0,0,0,0,0,0,1,0,0
1928.71,4533.43,0,1,0,1,0,15,2,1,0,0,0,1,0,0,0,0,1,0,0,0,0,1,0
1326.36,3166.14,0,1,0,1,0,3,4,1,0,0,1,0,0,0,0,0,1,0,0,1,0,0,0
4055.85,4366.5,0,1,0,1,0,18,3,1,0,0,1,0,0,1,0,0,0,1,0,0,0,0,0
2272.98,3975.24,0,1,0,1,0,18,3,1,0,0,0,1,0,1,0,0,0,1,0,0,0,0,0
2443.66,1230.56,0,1,0,1,0,8,3,1,0,0,0,0,1,0,0,0,1,1,0,0,0,0,0
8925.22,4351.18,0,1,0,1,0,0,3,1,0,0,0,0,1,1,0,0,0,1,0,0,0,0,0
5308.06,2349.15,0,1,0,0,1,9,3,1,0,0,0,0,1,1,0,0,0,1,0,0,0,0,0
4835.21,2692.54,0,1,0,0,1,19,5,1,0,0,0,0,1,1,0,0,0,0,0,0,1,0,0
6895.11,1044.3,0,1,0,1,0,18,1,1,0,0,0,1,0,0,1,0,0,0,0,0,0,0,1
9515.53,4034.89,0,1,0,1,0,22,3,1,0,0,0,0,1,0,0,0,1,1,0,0,0,0,0
1122.87,2867.83,0,1,0,1,0,10,2,1,0,0,0,0,1,1,0,0,0,0,0,0,0,1,0
8335.51,4758.47,0,1,0,0,0,21,3,1,0,0,0,0,1,0,0,0,1,1,0,0,0,0,0
5840.61,2123.99,0,1,0,1,0,10,5,1,0,0,0,0,1,0,0,1,0,0,0,0,1,0,0
1462.51,2984.29,0,0,0,1,1,18,2,1,0,0,0,0,1,1,0,0,0,0,0,0,0,1,0
2972.2,2644.54,0,1,0,0,0,11,5,1,0,0,1,0,0,0,1,0,0,0,0,0,1,0,0
4824.13,4168.44,0,1,0,1,0,13,1,1,0,0,1,0,0,0,1,0,0,0,0,0,0,0,1
6912.08,3142.57,1,1,0,1,1,23,3,1,0,0,0,0,1,1,0,0,0,1,0,0,0,0,0
2426.83,2839.51,0,1,0,0,0,5,4,1,0,0,0,1,0,1,0,0,0,0,0,1,0,0,0
5349.25,4787.28,0,1,0,1,0,7,5,1,0,0,0,1,0,0,0,1,0,0,0,0,1,0,0
6847.03,2511.77,0,0,0,1,0,5,2,1,0,0,1,0,0,1,0,0,0,0,0,0,0,1,0
4487.96,2960.08,0,1,0,0,0,22,1,1,0,0,0,1,0,0,0,0,1,0,0,0,0,0,1
8630.4,3216.56,0,0,0,1,0,10,4,1,0,0,1,0,0,1,0,0,0,0,0,1,0,0,0
8694.72,1215.46,1,1,0,0,1,14,6,1,0,0,0,0,1,0,0,0,1,0,1,0,0,0,0
4707.44,3106.05,0,1,0,1,0,7,6,1,0,0,0,0,1,0,0,0,1,0,1,0,0,0,0
9729.28,2343.2,0,1,0,1,0,7,3,1,0,0,0,1,0,0,0,0,1,1,0,0,0,0,0
756.78,3600.99,0,1,0,1,1,14,6,1,0,0,0,1,0,0,0,0,1,0,1,0,0,0,0
34.62,3574.5,1,1,0,1,1,6,4,1,0,0,0,1,0,0,0,0,1,0,0,1,0,0,0
3807.3,3845.19,0,0,0,1,0,7,6,1,0,0,0,0,1,1,0,0,0,0,1,0,0,0,0
6011.37,2596.6,1,0,0,0,0,9,3,1,0,0,0,0,1,1,0,0,0,1,0,0,0,0,0
6292.37,1419.15,0,1,0,0,0,18,3,1,0,0,0,1,0,1,0,0,0,1,0,0,0,0,0
4764.98,2756.61,0,1,0,1,0,22,4,1,0,0,0,1,0,0,1,0,0,0,0,1,0,0,0
1249.71,3208.75,0,1,0,1,1,15,4,1,0,0,0,1,0,0,0,0,1,0,0,1,0,0,0
1705.8,1099.4,1,0,0,1,0,23,2,1,0,0,0,1,0,0,0,1,0,0,0,0,0,1,0
8521.63,3189.45,0,0,0,0,0,3,4,1,0,0,1,0,0,1,0,0,0,0,0,1,0,0,0
8679.24,2597.11,0,1,0,0,1,1,6,1,0,0,0,1,0,1,0,0,0,0,1,0,0,0,0
6739.31,2913.83,0,0,0,0,1,9,6,1,0,0,0,1,0,0,1,0,0,0,1,0,0,0,0
6642.52,2213.34,0,1,0,0,0,8,3,1,0,0,1,0,0,1,0,0,0,1,0,0,0,0,0
5977.22,2968.56,0,1,0,0,0,6,3,1,0,0,1,0,0,0,0,0,1,1,0,0,0,0,0
2030.06,4527.36,0,0,0,1,0,10,1,1,0,0,1,0,0,1,0,0,0,0,0,0,0,0,1
4283.08,4151.4,0,1,0,0,0,13,3,1,0,0,1,0,0,0,0,0,1,1,0,0,0,0,0
6959.25,3464.18,0,1,0,1,0,3,2,1,0,0,0,1,0,1,0,0,0,0,0,0,0,1,0
5372.99,3506.31,0,1,0,0,0,22,5,1,0,0,0,0,1,1,0,0,0,0,0,0,1,0,0
186.78,4581.56,0,1,0,1,0,3,1,1,0,0,0,0,1,0,0,0,1,0,0,0,0,0,1
9535.61,2918.78,0,1,0,0,0,15,6,1,0,0,0,0,1,0,0,0,1,0,1,0,0,0,0
8448.32,3157.39,0,1,1,1,1,11,1,1,0,0,0,0,1,1,0,0,0,0,0,0,0,0,1
2606.19,4440.71,0,1,0,1,0,23,3,1,0,0,0,0,1,0,0,0,1,1,0,0,0,0,0
6164.97,4018.87,0,1,0,0,0,2,5,1,0,0,0,0,1,0,1,0,0,0,0,0,1,0,0
9232.47,2732.24,0,1,0,1,0,1,4,1,0,0,1,0,0,0,0,0,1,0,0,1,0,0,0
961.01,2221.05,0,1,0,0,0,14,6,1,0,0,1,0,0,0,0,0,1,0,1,0,0,0,0
5030.79,3071.27,0,1,1,1,0,15,1,1,0,0,0,0,1,0,0,1,0,0,0,0,0,0,1
4562.97,1482.44,0,1,1,1,0,13,3,1,0,0,0,1,0,0,0,0,1,1,0,0,0,0,0
4102.64,3721.75,0,1,0,1,0,6,1,1,0,0,0,1,0,0,0,0,1,0,0,0,0,0,1
8356.05,2857.79,0,1,0,1,1,6,1,1,0,0,0,0,1,0,0,1,0,0,0,0,0,0,1
3807.08,3379.95,0,1,0,1,0,9,6,1,0,0,0,1,0,0,0,0,1,0,1,0,0,0,0
637.57,4384.8,0,1,0,1,0,22,1,1,0,0,1,0,0,0,0,1,0,0,0,0,0,0,1
659.31,2425.28,0,1,0,0,0,2,1,1,0,0,1,0,0,1,0,0,0,0,0,0,0,0,1
428.4,2988.67,0,1,0,1,0,0,5,1,0,0,0,1,0,1,0,0,0,0,0,0,1,0,0
4092.05,3222.76,0,1,0,1,0,4,4,1,0,0,0,0,1,0,1,0,0,0,0,1,0,0,0
7184.34,2120.7,0,0,0,1,0,6,3,1,0,0,1,0,0,1,0,0,0,1,0,0,0,0,0
2038.02,2099.34,0,1,1,1,0,12,3,1,0,0,0,1,0,0,0,0,1,1,0,0,0,0,0
6465.04,3104.89,0,1,0,1,0,0,6,1,0,0,0,1,0,0,0,1,0,0,1,0,0,0,0
6871.2,2028.65,1,1,0,0,0,15,5,1,0,0,1,0,0,1,0,0,0,0,0,0,1,0,0
2552.77,4444.81,0,1,0,1,0,23,6,1,0,0,1,0,0,0,0,0,1,0,1,0,0,0,0
6005.98,4979.5,1,1,0,1,0,17,3,1,0,0,0,0,1,1,0,0,0,1,0,0,0,0,0
6849.0,1843.41,0,1,0,1,1,10,1,1,0,0,0,1,0,0,1,0,0,0,0,0,0,0,1
4666.67,3301.03,0,1,0,1,0,15,4,1,0,0,0,0,1,1,0,0,0,0,0,1,0,0,0
3367.83,1581.51,0,0,0,0,0,6,6,1,0,0,1,0,0,1,0,0,0,0,1,0,0,0,0
6191.9,1742.29,0,1,0,1,0,8,5,1,0,0,0,1,0,0,0,0,1,0,0,0,1,0,0
9778.49,4063.88,0,1,0,1,0,13,1,1,0,0,1,0,0,0,0,1,0,0,0,0,0,0,1
4268.99,1798.72,0,1,0,1,0,12,4,1,0,0,1,0,0,0,1,0,0,0,0,1,0,0,0
3917.96,3996.0,0,0,0,1,0,1,4,1,0,0,1,0,0,0,0,1,0,0,0,1,0,0,0
4643.2,2616.11,0,1,0,0,0,9,2,1,0,0,0,0,1,0,0,1,0,0,0,0,0,1,0
763.11,2917.84,0,1,0,1,1,6,6,1,0,0,1,0,0,0,0,1,0,0,1,0,0,0,0
5532.08,2037.65,0,1,0,0,0,7,6,1,0,0,0,0,1,0,1,0,0,0,1,0,0,0,0
3287.65,3195.93,0,0,0,1,0,13,2,1,0,0,1,0,0,0,1,0,0,0,0,0,0,1,0
1215.1,2326.22,0,1,0,1,0,10,2,1,0,0,1,0,0,0,0,0,1,0,0,0,0,1,0
4663.1,1698.26,0,1,0,0,0,1,3,1,0,0,0,1,0,0,0,0,1,1,0,0,0,0,0
34.84,1556.29,0,1,0,1,0,13,2,1,0,0,1,0,0,0,0,0,1,0,0,0,0,1,0
4018.45,4998.63,1,1,0,1,0,13,6,1,0,0,0,1,0,0,1,0,0,0,1,0,0,0,0
1058.25,2382.53,0,1,0,0,1,11,4,1,0,0,0,1,0,0,1,0,0,0,0,1,0,0,0
243.9,4219.7,0,1,0,0,0,21,2,1,0,0,0,0,1,1,0,0,0,0,0,0,0,1,0
8244.93,2365.54,0,1,0,1,1,3,1,1,0,0,0,1,0,0,0,1,0,0,0,0,0,0,1
9162.57,3491.84,0,1,0,1,0,17,1,1,0,0,0,1,0,0,0,0,1,0,0,0,0,0,1
2077.54,4364.65,0,1,0,1,0,11,2,1,0,0,1,0,0,1,0,0,0,0,0,0,0,1,0
5393.44,3784.14,0,1,0,0,0,3,1,1,0,0,1,0,0,0,1,0,0,0,0,0,0,0,1
2780.3,1276.3,0,0,0,1,0,11,4,1,0,0,0,0,1,1,0,0,0,0,0,1,0,0,0
4936.28,1771.1,0,1,0,1,1,13,2,1,0,0,0,1,0,1,0,0,0,0,0,0,0,1,0
4366.88,4494.33,0,1,0,1,0,8,4,1,0,0,0,1,0,0,1,0,0,0,0,1,0,0,0
2691.24,2884.89,0,1,0,1,0,18,4,1,0,0,0,0,1,0,0,1,0,0,0,1,0,0,0
7004.24,3393.88,0,0,0,1,0,5,2,1,0,0,1,0,0,0,1,0,0,0,0,0,0,1,0
1265.78,1097.81,0,1,0,1,0,2,3,1,0,0,0,1,0,0,0,0,1,1,0,0,0,0,0
531.67,2949.27,0,1,0,0,0,7,4,1,0,0,0,0,1,1,0,0,0,0,0,1,0,0,0
7676.99,2723.43,0,1,0,1,0,3,4,1,0,0,1,0,0,0,0,0,1,0,0,1,0,0,0
6659.63,3744.78,0,0,0,1,0,8,1,1,0,0,0,0,1,1,0,0,0,0,0,0,0,0,1
4985.76,2097.79,0,1,0,1,0,11,6,1,0,0,0,0,1,1,0,0,0,0,1,0,0,0,0
4678.43,3975.56,0,1,0,1,0,8,5,1,0,0,0,1,0,0,0,0,1,0,0,0,1,0,0
4974.62,3683.58,0,1,0,1,1,15,4,1,0,0,1,0,0,1,0,0,0,0,0,1,0,0,0
4370.8,3038.85,0,1,0,0,1,1,5,1,0,0,0,1,0,0,1,0,0,0,0,0,1,0,0
3929.53,2502.6,0,1,0,1,0,12,5,1,0,0,0,1,0,0,1,0,0,0,0,0,1,0,0
4997.41,2207.97,1,1,0,1,1,10,4,1,0,0,1,0,0,1,0,0,0,0,0,1,0,0,0
5285.62,3140.4,0,1,0,0,1,21,1,1,0,0,1,0,0,1,0,0,0,0,0,0,0,0,1
6919.33,3307.3,0,1,0,1,1,11,6,1,0,0,1,0,0,0,1,0,0,0,1,0,0,0,0
7112.36,2792.53,0,1,0,1,0,10,2,1,0,0,0,1,0,0,0,1,0,0,0,0,0,1,0
3776.91,2282.3,0,1,1,1,1,15,6,1,0,0,1,0,0,1,0,0,0,0,1,0,0,0,0
4135.99,4519.6,0,1,0,0,0,12,6,1,0,0,1,0,0,0,1,0,0,0,1,0,0,0,0
3737.6,2240.85,0,1,0,1,0,6,6,1,0,0,1,0,0,0,0,1,0,0,1,0,0,0,0
5365.82,3688.66,0,1,0,0,0,3,4,1,0,0,0,0,1,0,0,1,0,0,0,1,0,0,0
4534.08,4619.3,0,1,0,1,1,6,1,1,0,0,1,0,0,0,0,0,1,0,0,0,0,0,1
8896.08,3587.4,0,1,0,1,1,6,5,1,0,0,0,1,0,0,0,1,0,0,0,0,1,0,0
6963.92,2463.69,1,1,0,0,0,8,3,1,0,0,0,0,1,1,0,0,0,1,0,0,0,0,0
8986.67,2188.83,0,0,0,1,0,16,6,1,0,0,0,1,0,0,0,1,0,0,1,0,0,0,0
7091.66,4413.61,0,1,0,0,0,8,5,1,0,0,0,0,1,0,0,0,1,0,0,0,1,0,0
9709.95,2959.83,0,1,0,1,0,14,2,1,0,0,1,0,0,0,1,0,0,0,0,0,0,1,0
6357.73,3373.47,1,0,0,1,0,11,6,1,0,0,0,0,1,0,0,0,1,0,1,0,0,0,0
9635.54,3385.2,0,1,0,1,0,19,2,1,0,0,0,1,0,0,1,0,0,0,0,0,0,1,0
1582.54,3135.21,0,1,0,1,1,3,3,1,0,0,0,0,1,1,0,0,0,1,0,0,0,0,0
525.72,4725.31,0,1,0,1,0,11,3,1,0,0,1,0,0,0,1,0,0,1,0,0,0,0,0
5791.67,4724.14,1,1,0,1,0,23,6,1,0,0,1,0,0,0,0,1,0,0,1,0,0,0,0
9834.95,1161.69,0,1,0,1,0,3,2,1,0,0,0,1,0,0,1,0,0,0,0,0,0,1,0
4176.63,3022.66,0,0,0,1,1,15,5,1,0,0,0,0,1,0,0,1,0,0,0,0,1,0,0
2121.22,3262.27,0,1,0,1,0,7,5,1,0,0,0,1,0,0,0,0,1,0,0,0,1,0,0
5215.89,4702.23,0,1,0,1,0,1,2,1,0,0,0,1,0,0,0,0,1,0,0,0,0,1,0
6488.34,1278.63,0,1,0,1,0,9,2,1,0,0,0,1,0,0,1,0,0,0,0,0,0,1,0
3152.47,4156.3,0,1,0,0,0,9,2,1,0,0,1,0,0,0,0,0,1,0,0,0,0,1,0
7147.98,3569.67,0,1,0,0,0,13,5,1,0,0,0,0,1,0,0,0,1,0,0,0,1,0,0
9751.17,3930.0,0,1,0,1,0,12,3,1,0,0,1,0,0,0,0,0,1,1,0,0,0,0,0
8969.73,2166.82,0,0,1,1,0,12,3,1,0,0,1,0,0,0,0,1,0,1,0,0,0,0,0
2916.56,3986.45,0,1,0,1,0,10,2,1,0,0,1,0,0,0,1,0,0,0,0,0,0,1,0
3267.91,2130.69,0,0,0,1,0,6,1,1,0,0,0,0,1,0,0,1,0,0,0,0,0,0,1
3716.04,3702.67,0,1,0,1,0,3,6,1,0,0,1,0,0,0,1,0,0,0,1,0,0,0,0
3946.13,4148.09,0,1,0,1,0,22,3,1,0,0,1,0,0,0,0,1,0,1,0,0,0,0,0
1004.09,4133.23,0,1,0,1,0,20,3,1,0,0,1,0,0,1,0,0,0,1,0,0,0,0,0
7619.87,3177.49,0,1,0,1,1,13,1,1,0,0,0,0,1,1,0,0,0,0,0,0,0,0,1
3654.03,2654.27,0,1,0,1,0,21,3,1,0,0,0,0,1,1,0,0,0,1,0,0,0,0,0
8798.32,1974.22,0,0,0,1,0,9,2,1,0,0,0,1,0,0,0,1,0,0,0,0,0,1,0
9269.48,1133.98,0,1,0,0,1,5,2,1,0,0,1,0,0,0,1,0,0,0,0,0,0,1,0
245.29,1195.58,0,1,0,0,0,3,3,1,0,0,1,0,0,0,0,1,0,1,0,0,0,0,0
9885.04,2674.06,0,1,0,0,0,6,2,1,0,0,0,0,1,0,1,0,0,0,0,0,0,1,0
7100.52,1379.75,0,1,0,0,0,1,5,1,0,0,0,0,1,1,0,0,0,0,0,0,1,0,0
5204.4,1447.85,0,0,0,1,0,18,5,1,0,0,1,0,0,0,0,1,0,0,0,0,1,0,0
3895.89,1778.81,0,1,0,1,0,10,3,1,0,0,0,1,0,0,1,0,0,1,0,0,0,0,0
5185.66,2925.23,0,1,0,0,0,5,2,1,0,0,0,1,0,0,1,0,0,0,0,0,0,1,0
3246.92,3367.0,0,1,0,1,0,8,3,1,0,0,1,0,0,0,0,0,1,1,0,0,0,0,0
6227.26,3777.07,0,1,0,0,0,4,6,1,0,0,0,1,0,0,1,0,0,0,1,0,0,0,0
930.71,2944.88,0,1,0,1,0,7,3,1,0,0,0,1,0,1,0,0,0,1,0,0,0,0,0
6211.6,3658.95,0,1,0,0,0,21,3,1,0,0,1,0,0,0,0,1,0,1,0,0,0,0,0
2754.17,4448.43,0,1,0,0,0,21,3,1,0,0,0,1,0,0,0,0,1,1,0,0,0,0,0
177.33,2496.65,0,0,0,1,0,21,2,1,0,0,0,0,1,1,0,0,0,0,0,0,0,1,0
5527.5,3752.96,0,1,0,0,0,4,6,1,0,0,1,0,0,0,0,1,0,0,1,0,0,0,0
5784.9,3634.02,1,1,0,1,0,18,4,1,0,0,0,0,1,0,0,1,0,0,0,1,0,0,0
4266.26,3545.98,0,0,1,1,0,11,6,1,0,0,1,0,0,0,0,0,1,0,1,0,0,0,0
723.79,3333.98,0,1,0,1,1,21,4,1,0,0,0,0,1,1,0,0,0,0,0,1,0,0,0
8933.54,3904.63,0,1,0,1,0,2,5,1,0,0,0,1,0,0,0,1,0,0,0,0,1,0,0
6114.7,4274.17,0,1,0,0,0,9,5,1,0,0,0,0,1,0,0,0,1,0,0,0,1,0,0
1158.02,2568.52,0,0,0,1,1,19,5,1,0,0,0,0,1,0,0,1,0,0,0,0,1,0,0
5109.79,3619.05,0,1,0,1,0,12,1,1,0,0,0,0,1,0,0,1,0,0,0,0,0,0,1
4973.05,1994.04,0,1,0,1,1,7,5,1,0,0,0,0,1,1,0,0,0,0,0,0,1,0,0
604.96,4024.02,0,0,0,1,0,17,1,1,0,0,0,0,1,1,0,0,0,0,0,0,0,0,1
6068.99,4521.57,0,1,0,1,1,1,6,1,0,0,1,0,0,0,0,1,0,0,1,0,0,0,0
8083.46,4045.89,0,1,0,0,0,2,6,1,0,0,0,0,1,0,1,0,0,0,1,0,0,0,0
7490.33,2964.36,0,1,0,0,0,6,2,1,0,0,0,0,1,0,0,1,0,0,0,0,0,1,0
2030.49,1533.75,0,1,0,1,0,0,1,1,0,0,1,0,0,0,1,0,0,0,0,0,0,0,1
8623.06,4492.41,1,1,0,1,0,15,6,1,0,0,1,0,0,1,0,0,0,0,1,0,0,0,0
3426.08,4258.49,1,0,0,1,0,3,5,1,0,0,0,1,0,0,0,1,0,0,0,0,1,0,0
9465.14,3792.02,1,1,0,0,0,19,3,1,0,0,0,0,1,0,0,1,0,1,0,0,0,0,0
718.41,4405.94,0,0,0,0,0,7,3,1,0,0,0,0,1,0,0,1,0,1,0,0,0,0,0
4862.6,3132.11,1,1,0,1,1,7,1,1,0,0,0,1,0,0,0,0,1,0,0,0,0,0,1
5971.65,4963.13,0,0,0,1,0,2,6,1,0,0,0,0,1,0,0,0,1,0,1,0,0,0,0
2477.25,4348.29,0,1,0,0,1,1,6,1,0,0,0,1,0,1,0,0,0,0,1,0,0,0,0
7714.03,1654.39,0,1,0,1,0,18,2,1,0,0,1,0,0,0,0,1,0,0,0,0,0,1,0
6269.33,2608.62,0,0,0,1,0,5,1,1,0,0,0,0,1,0,0,1,0,0,0,0,0,0,1
182.08,1680.54,0,1,0,1,0,8,4,1,0,0,0,0,1,0,1,0,0,0,0,1,0,0,0
6084.08,1897.04,0,0,0,1,0,21,1,1,0,0,1,0,0,0,0,0,1,0,0,0,0,0,1
4915.29,3003.89,0,1,0,0,0,17,5,1,0,0,0,0,1,1,0,0,0,0,0,0,1,0,0
1961.1,2445.6,1,1,0,1,1,19,5,1,0,0,1,0,0,1,0,0,0,0,0,0,1,0,0
9957.49,4638.96,0,1,0,0,1,12,1,1,0,0,1,0,0,0,0,1,0,0,0,0,0,0,1
8971.72,1000.46,1,1,0,1,1,11,5,1,0,0,0,1,0,0,0,1,0,0,0,0,1,0,0
2925.78,1041.42,0,1,0,0,0,7,4,1,0,0,1,0,0,0,0,0,1,0,0,1,0,0,0
5411.17,4681.47,0,1,0,1,0,20,2,1,0,0,0,1,0,0,1,0,0,0,0,0,0,1,0
3165.7,1956.07,0,1,1,1,0,11,2,1,0,0,1,0,0,0,0,0,1,0,0,0,0,1,0
7755.18,1009.89,0,1,0,1,0,7,6,1,0,0,0,1,0,1,0,0,0,0,1,0,0,0,0
9303.38,2750.46,0,1,0,1,0,6,6,1,0,0,0,1,0,0,0,0,1,0,1,0,0,0,0
3588.93,1782.59,1,1,0,0,1,14,2,1,0,0,0,1,0,0,0,0,1,0,0,0,0,1,0
8056.04,1213.32,1,1,0,1,0,1,2,1,0,0,0,1,0,1,0,0,0,0,0,0,0,1,0
4984.58,3121.88,0,1,0,1,1,11,2,1,0,0,0,0,1,1,0,0,0,0,0,0,0,1,0
3966.39,1560.71,1,1,0,1,0,15,1,1,0,0,1,0,0,1,0,0,0,0,0,0,0,0,1
9384.28,4347.51,0,1,0,1,0,15,5,1,0,0,1,0,0,0,0,1,0,0,0,0,1,0,0
5104.54,2208.65,0,1,0,0,0,18,6,1,0,0,1,0,0,0,1,0,0,0,1,0,0,0,0
4674.64,1886.63,0,1,0,0,1,5,6,1,0,0,1,0,0,0,0,1,0,0,1,0,0,0,0
6724.67,3959.03,0,1,0,0,1,6,1,1,0,0,0,1,0,0,0,0,1,0,0,0,0,0,1
2613.08,4394.59,0,1,0,1,1,13,2,1,0,0,0,0,1,0,1,0,0,0,0,0,0,1,0
3248.6,1372.4,0,1,0,1,0,14,3,1,0,0,1,0,0,0,0,0,1,1,0,0,0,0,0
9320.53,1606.29,0,1,0,1,0,9,5,1,0,0,1,0,0,0,0,0,1,0,0,0,1,0,0
6785.62,2898.2,0,1,0,1,1,1,4,1,0,0,1,0,0,0,0,1,0,0,0,1,0,0,0
8266.54,3360.88,0,0,0,1,0,15,3,1,0,0,0,1,0,0,1,0,0,1,0,0,0,0,0
2711.85,1333.06,0,1,0,0,0,16,6,1,0,0,1,0,0,0,0,1,0,0,1,0,0,0,0
5438.36,2500.05,1,1,0,1,0,3,1,1,0,0,1,0,0,1,0,0,0,0,0,0,0,0,1
9713.99,4590.41,0,1,0,1,0,12,5,1,0,0,0,0,1,1,0,0,0,0,0,0,1,0,0
3187.72,4504.33,0,1,0,0,0,7,6,1,0,0,0,1,0,0,0,1,0,0,1,0,0,0,0
1605.6,2244.9,0,1,0,1,1,22,2,1,0,0,0,0,1,0,0,1,0,0,0,0,0,1,0
5109.35,1909.72,0,1,0,0,0,21,4,1,0,0,1,0,0,0,0,1,0,0,0,1,0,0,0
3878.82,3331.07,0,1,0,1,0,2,5,1,0,0,0,1,0,0,0,0,1,0,0,0,1,0,0
1596.61,1384.5,0,1,0,1,1,16,1,1,0,0,1,0,0,0,1,0,0,0,0,0,0,0,1
8885.63,1933.48,0,0,0,1,0,15,6,1,0,0,1,0,0,0,1,0,0,0,1,0,0,0,0
9907.25,1667.03,0,1,0,0,0,21,6,1,0,0,0,1,0,1,0,0,0,0,1,0,0,0,0
5686.25,1830.97,1,1,0,1,1,19,1,1,0,0,0,0,1,0,1,0,0,0,0,0,0,0,1
7746.99,1859.26,0,1,0,1,0,8,2,1,0,0,0,1,0,0,1,0,0,0,0,0,0,1,0
8590.52,3509.94,0,1,0,1,1,4,6,1,0,0,0,1,0,0,1,0,0,0,1,0,0,0,0
7010.12,2952.45,0,1,0,1,0,14,4,1,0,0,0,0,1,0,0,0,1,0,0,1,0,0,0
442.52,4449.17,0,1,0,1,0,2,6,1,0,0,0,1,0,1,0,0,0,0,1,0,0,0,0
1577.18,3942.47,0,0,0,0,1,10,1,1,0,0,0,0,1,0,0,1,0,0,0,0,0,0,1
710.82,2995.42,0,1,0,1,0,5,3,1,0,0,0,0,1,0,1,0,0,1,0,0,0,0,0
99.79,2229.68,0,0,0,0,0,11,3,1,0,0,0,1,0,0,1,0,0,1,0,0,0,0,0
3060.66,4327.85,0,1,0,1,0,15,4,1,0,0,0,1,0,0,0,0,1,0,0,1,0,0,0
3924.17,1318.15,0,1,0,1,0,18,1,1,0,0,0,0,1,1,0,0,0,0,0,0,0,0,1
2411.06,3724.0,0,1,0,1,0,18,3,1,0,0,0,0,1,0,1,0,0,1,0,0,0,0,0
646.98,1452.01,1,0,0,1,0,14,6,1,0,0,0,0,1,0,0,0,1,0,1,0,0,0,0
5299.1,3131.19,0,1,0,0,1,19,5,1,0,0,0,0,1,0,0,1,0,0,0,0,1,0,0
2733.92,4606.46,0,0,0,0,0,18,1,1,0,0,0,0,1,1,0,0,0,0,0,0,0,0,1
7960.58,1952.27,0,1,0,0,1,12,3,1,0,0,0,1,0,0,1,0,0,1,0,0,0,0,0
81.52,1314.12,0,0,0,1,0,23,3,1,0,0,1,0,0,0,0,1,0,1,0,0,0,0,0
8425.43,2358.0,0,0,0,0,0,1,2,1,0,0,0,1,0,0,1,0,0,0,0,0,0,1,0
9547.58,2913.03,0,1,0,1,0,20,3,1,0,0,1,0,0,1,0,0,0,1,0,0,0,0,0
7161.63,3899.23,0,1,1,1,0,8,4,1,0,0,0,0,1,0,0,0,1,0,0,1,0,0,0
7336.71,1118.93,0,1,0,1,0,14,3,1,0,0,0,1,0,0,1,0,0,1,0,0,0,0,0
9335.69,1523.53,0,1,0,1,1,17,6,1,0,0,1,0,0,1,0,0,0,0,1,0,0,0,0
2091.5,2642.94,0,1,1,1,1,7,2,1,0,0,0,0,1,0,0,0,1,0,0,0,0,1,0
9945.66,1380.08,0,1,0,1,1,7,5,1,0,0,0,1,0,0,0,1,0,0,0,0,1,0,0
7735.04,4823.56,0,0,0,1,0,13,5,1,0,0,1,0,0,0,1,0,0,0,0,0,1,0,0
7265.98,3043.96,0,1,0,1,0,1,5,1,0,0,0,1,0,0,0,1,0,0,0,0,1,0,0
3611.54,2507.73,0,0,0,0,1,23,5,1,0,0,1,0,0,0,1,0,0,0,0,0,1,0,0
5458.23,4918.91,0,0,0,0,1,2,4,1,0,0,0,1,0,1,0,0,0,0,0,1,0,0,0
6539.52,3584.38,0,1,1,1,0,16,4,1,0,0,0,1,0,0,0,1,0,0,0,1,0,0,0
6203.81,3063.29,0,1,0,1,0,23,3,1,0,0,1,0,0,0,1,0,0,1,0,0,0,0,0
7050.14,1964.54,0,1,0,0,0,1,3,1,0,0,0,1,0,1,0,0,0,1,0,0,0,0,0
824.74,2012.31,0,1,0,1,1,22,6,1,0,0,0,1,0,0,1,0,0,0,1,0,0,0,0
3557.13,2449.07,0,1,0,1,0,12,3,1,0,0,0,0,1,0,0,0,1,1,0,0,0,0,0
4340.57,4002.9,0,1,1,1,0,14,4,1,0,0,1,0,0,1,0,0,0,0,0,1,0,0,0
2607.03,4264.02,0,1,0,1,0,10,2,1,0,0,0,1,0,1,0,0,0,0,0,0,0,1,0
1727.1,1768.3,0,1,0,0,0,17,3,1,0,0,1,0,0,0,1,0,0,1,0,0,0,0,0
1390.14,4269.65,0,0,0,1,0,19,2,1,0,0,0,1,0,1,0,0,0,0,0,0,0,1,0
3664.47,2323.75,0,1,0,1,0,13,6,1,0,0,1,0,0,0,0,1,0,0,1,0,0,0,0
4934.92,1801.18,0,1,0,0,1,6,3,1,0,0,1,0,0,0,1,0,0,1,0,0,0,0,0
630.7,1779.13,0,0,0,1,0,19,1,1,0,0,0,0,1,0,0,0,1,0,0,0,0,0,1
9464.63,2853.72,0,1,0,1,0,3,3,1,0,0,0,0,1,1,0,0,0,1,0,0,0,0,0
7652.67,4068.52,0,1,0,0,0,3,2,1,0,0,1,0,0,0,0,0,1,0,0,0,0,1,0
7308.79,3282.86,0,1,0,1,0,6,2,1,0,0,0,1,0,0,0,1,0,0,0,0,0,1,0
1729.43,2858.59,0,0,0,1,0,9,5,1,0,0,1,0,0,1,0,0,0,0,0,0,1,0,0
6038.4,1072.07,0,1,0,1,1,16,5,1,0,0,0,1,0,1,0,0,0,0,0,0,1,0,0
5297.72,3254.25,1,1,0,1,0,7,4,1,0,0,1,0,0,0,1,0,0,0,0,1,0,0,0
9824.71,3698.82,0,1,0,1,0,22,2,1,0,0,0,0,1,0,0,0,1,0,0,0,0,1,0
7476.97,1392.28,0,1,0,0,0,8,6,1,0,0,0,0,1,0,1,0,0,0,1,0,0,0,0
5758.04,4824.71,0,0,0,1,0,6,5,1,0,0,0,1,0,0,0,0,1,0,0,0,1,0,0
8508.28,1366.17,0,1,0,1,1,3,6,1,0,0,1,0,0,0,1,0,0,0,1,0,0,0,0
1551.79,3762.71,0,1,0,1,0,5,2,1,0,0,0,1,0,0,0,0,1,0,0,0,0,1,0
153.15,3098.22,0,1,0,1,0,7,6,1,0,0,0,0,1,0,1,0,0,0,1,0,0,0,0
6902.64,4536.76,0,1,1,1,1,0,2,1,0,0,1,0,0,1,0,0,0,0,0,0,0,1,0
984.02,2656.38,0,0,0,1,0,9,1,1,0,0,0,0,1,1,0,0,0,0,0,0,0,0,1
1155.22,3034.17,0,1,0,1,1,6,2,1,0,0,0,0,1,0,0,0,1,0,0,0,0,1,0
7447.06,3211.69,0,1,0,0,0,23,4,1,0,0,1,0,0,0,1,0,0,0,0,1,0,0,0
2706.08,4499.39,0,1,1,1,1,6,1,1,0,0,0,1,0,0,0,0,1,0,0,0,0,0,1
6286.68,4198.59,0,1,0,1,1,20,5,1,0,0,1,0,0,0,1,0,0,0,0,0,1,0,0
9174.15,2120.44,0,1,0,1,0,2,5,1,0,0,0,0,1,0,0,0,1,0,0,0,1,0,0
3165.43,4821.02,0,1,0,0,0,0,6,1,0,0,0,0,1,0,0,1,0,0,1,0,0,0,0
2172.22,4012.28,0,1,0,1,1,23,1,1,0,0,0,0,1,1,0,0,0,0,0,0,0,0,1
1066.52,1048.18,0,1,0,0,0,19,6,1,0,0,0,0,1,0,0,0,1,0,1,0,0,0,0
1305.49,1734.98,0,1,0,1,0,14,1,1,0,0,0,1,0,0,0,1,0,0,0,0,0,0,1
623.16,4423.22,0,0,0,1,1,4,1,1,0,0,1,0,0,1,0,0,0,0,0,0,0,0,1
877.34,3583.45,0,0,0,1,0,2,5,1,0,0,1,0,0,0,0,1,0,0,0,0,1,0,0
4320.61,2032.52,1,1,0,1,0,14,4,1,0,0,0,1,0,0,1,0,0,0,0,1,0,0,0
3209.33,1685.69,0,1,0,0,0,13,2,1,0,0,0,1,0,0,1,0,0,0,0,0,0,1,0
7065.9,1587.01,0,1,0,1,0,16,4,1,0,0,0,0,1,0,1,0,0,0,0,1,0,0,0
8702.55,2272.42,0,1,0,1,0,7,2,1,0,0,1,0,0,0,0,0,1,0,0,0,0,1,0
7847.95,4594.12,0,1,0,1,1,9,6,1,0,0,1,0,0,0,0,1,0,0,1,0,0,0,0
5306.84,2408.19,1,1,0,0,0,11,5,1,0,0,1,0,0,0,0,1,0,0,0,0,1,0,0
1025.32,3642.8,0,1,0,0,0,9,1,1,0,0,0,1,0,0,1,0,0,0,0,0,0,0,1
7097.96,1446.26,0,1,0,1,0,15,3,1,0,0,0,0,1,0,0,0,1,1,0,0,0,0,0
3628.92,3125.6,0,1,0,1,0,18,3,1,0,0,0,0,1,0,1,0,0,1,0,0,0,0,0
857.42,2371.5,0,0,0,1,1,15,2,1,0,0,1,0,0,0,0,0,1,0,0,0,0,1,0
8424.82,1642.08,0,1,1,1,0,13,2,1,0,0,0,0,1,1,0,0,0,0,0,0,0,1,0
3382.83,4191.11,0,1,0,1,0,7,6,1,0,0,0,1,0,0,0,1,0,0,1,0,0,0,0
2183.27,4262.16,0,1,0,1,0,11,3,1,0,0,0,1,0,0,0,0,1,1,0,0,0,0,0
8714.65,2225.08,0,0,0,1,1,15,5,1,0,0,1,0,0,0,1,0,0,0,0,0,1,0,0
9021.44,3615.06,0,0,0,1,0,23,1,1,0,0,0,0,1,0,0,0,1,0,0,0,0,0,1
3390.37,2576.29,0,1,0,0,0,12,6,1,0,0,0,1,0,0,0,0,1,0,1,0,0,0,0
3548.66,1177.9,0,1,0,1,0,19,1,1,0,0,0,1,0,1,0,0,0,0,0,0,0,0,1
5796.71,2711.11,0,1,0,1,0,13,3,1,0,0,0,1,0,0,1,0,0,1,0,0,0,0,0
7334.68,3303.44,0,0,0,0,0,4,5,1,0,0,0,1,0,0,0,1,0,0,0,0,1,0,0
632.43,2196.15,1,1,0,0,1,3,4,1,0,0,0,0,1,0,0,0,1,0,0,1,0,0,0
5933.84,4795.58,0,1,0,1,0,11,4,1,0,0,0,1,0,0,1,0,0,0,0,1,0,0,0
9528.25,3232.17,0,1,0,1,0,12,2,1,0,0,0,1,0,0,0,1,0,0,0,0,0,1,0
2621.68,2485.88,0,1,0,1,0,2,1,1,0,0,0,0,1,0,0,0,1,0,0,0,0,0,1
9088.36,3940.08,0,1,0,1,0,9,6,1,0,0,1,0,0,0,0,0,1,0,1,0,0,0,0
9501.73,2363.68,1,0,0,1,0,11,4,1,0,0,1,0,0,0,1,0,0,0,0,1,0,0,0
2692.27,1098.82,0,1,0,1,0,8,5,1,0,0,0,1,0,0,0,1,0,0,0,0,1,0,0
7542.26,1033.04,0,1,0,0,1,13,1,1,0,0,1,0,0,0,0,1,0,0,0,0,0,0,1
2388.51,2207.88,0,1,0,1,0,6,4,1,0,0,0,0,1,1,0,0,0,0,0,1,0,0,0
7376.37,1623.94,0,1,0,0,0,23,1,1,0,0,0,1,0,1,0,0,0,0,0,0,0,0,1
7974.4,2409.85,0,1,0,1,0,6,6,1,0,0,0,0,1,0,1,0,0,0,1,0,0,0,0
2472.81,4078.64,0,0,0,0,1,8,1,1,0,0,1,0,0,0,0,1,0,0,0,0,0,0,1
7158.98,2236.2,1,1,0,1,0,17,2,1,0,0,1,0,0,0,0,0,1,0,0,0,0,1,0
8121.23,3238.59,0,1,0,1,0,13,4,1,0,0,0,1,0,0,1,0,0,0,0,1,0,0,0
3586.43,4678.58,0,0,0,0,1,9,2,1,0,0,1,0,0,1,0,0,0,0,0,0,0,1,0
1677.86,3793.17,0,1,0,1,0,3,5,1,0,0,0,1,0,0,1,0,0,0,0,0,1,0,0
920.55,3247.03,0,1,0,1,0,14,6,1,0,0,0,1,0,0,0,1,0,0,1,0,0,0,0
5754.24,4468.22,0,1,0,1,0,5,2,1,0,0,0,0,1,0,1,0,0,0,0,0,0,1,0
9781.0,2322.58,1,0,0,1,0,16,2,1,0,0,1,0,0,1,0,0,0,0,0,0,0,1,0
8229.68,1791.38,0,1,0,1,0,10,6,1,0,0,1,0,0,0,0,1,0,0,1,0,0,0,0
4358.96,3988.68,0,1,0,0,0,7,5,1,0,0,0,1,0,0,0,0,1,0,0,0,1,0,0
5366.67,1235.18,0,1,0,0,0,12,2,1,0,0,0,1,0,1,0,0,0,0,0,0,0,1,0
2796.0,2696.73,0,1,0,1,0,21,2,1,0,0,0,1,0,1,0,0,0,0,0,0,0,1,0
1631.5,2148.31,0,1,0,0,1,5,5,1,0,0,0,1,0,1,0,0,0,0,0,0,1,0,0
4821.33,4885.3,1,1,0,1,0,8,5,1,0,0,0,0,1,0,1,0,0,0,0,0,1,0,0
4635.55,2508.38,0,1,0,0,0,6,4,1,0,0,1,0,0,1,0,0,0,0,0,1,0,0,0
5219.78,3653.72,0,1,1,0,0,8,2,1,0,0,0,0,1,0,1,0,0,0,0,0,0,1,0
9528.09,2073.94,0,1,0,1,0,9,4,1,0,0,1,0,0,0,1,0,0,0,0,1,0,0,0
6039.35,4932.69,0,1,0,1,0,5,3,1,0,0,0,0,1,0,0,1,0,1,0,0,0,0,0
6058.11,1721.57,0,1,0,1,0,9,6,1,0,0,0,1,0,0,0,1,0,0,1,0,0,0,0
1281.12,4626.81,0,1,0,0,0,0,3,1,0,0,0,0,1,1,0,0,0,1,0,0,0,0,0
9964.89,2781.49,0,0,0,0,1,2,4,1,0,0,0,0,1,0,1,0,0,0,0,1,0,0,0
7728.68,2709.1,0,0,0,0,0,9,5,1,0,0,0,1,0,0,0,0,1,0,0,0,1,0,0
8772.16,3805.19,0,1,0,1,0,0,3,1,0,0,0,1,0,0,1,0,0,1,0,0,0,0,0
4143.59,1373.27,1,0,0,0,0,4,1,1,0,0,1,0,0,0,0,1,0,0,0,0,0,0,1
5021.78,3186.77,0,1,0,0,0,3,6,1,0,0,1,0,0,0,0,1,0,0,1,0,0,0,0
5221.32,1879.88,0,1,0,1,0,18,1,1,0,0,0,0,1,0,1,0,0,0,0,0,0,0,1
1941.75,1628.49,0,1,0,1,0,1,1,1,0,0,0,0,1,0,1,0,0,0,0,0,0,0,1
6895.2,4509.9,0,1,0,1,1,1,1,1,0,0,0,0,1,0,1,0,0,0,0,0,0,0,1
9029.86,4989.15,0,0,0,1,0,10,5,1,0,0,0,1,0,0,0,0,1,0,0,0,1,0,0
1637.89,4884.79,0,1,0,0,0,11,5,1,0,0,1,0,0,0,1,0,0,0,0,0,1,0,0
864.1,4284.65,0,1,0,1,0,17,4,1,0,0,0,0,1,1,0,0,0,0,0,1,0,0,0
7382.45,4679.88,0,1,0,0,0,4,4,1,0,0,1,0,0,1,0,0,0,0,0,1,0,0,0
2732.75,4696.85,0,1,0,1,0,21,5,1,0,0,1,0,0,0,0,1,0,0,0,0,1,0,0
6239.0,1705.45,0,1,0,1,0,15,2,1,0,0,0,1,0,0,0,0,1,0,0,0,0,1,0
6957.89,1342.79,0,0,0,1,1,9,5,1,0,0,0,1,0,0,0,0,1,0,0,0,1,0,0
3219.79,1507.14,0,1,0,0,0,9,1,1,0,0,0,0,1,0,0,1,0,0,0,0,0,0,1
8151.63,1650.42,0,0,0,1,1,2,4,1,0,0,0,0,1,1,0,0,0,0,0,1,0,0,0
5500.34,4289.79,0,0,0,1,0,19,6,1,0,0,0,0,1,1,0,0,0,0,1,0,0,0,0
8690.13,4765.1,0,0,0,1,1,3,3,1,0,0,0,0,1,0,0,0,1,1,0,0,0,0,0
7633.17,2407.36,0,1,0,1,0,6,6,1,0,0,0,0,1,0,1,0,0,0,1,0,0,0,0
8685.89,1137.45,0,1,0,1,0,23,6,1,0,0,1,0,0,0,1,0,0,0,1,0,0,0,0
202.59,2229.92,0,1,0,1,1,1,3,1,0,0,1,0,0,0,0,0,1,1,0,0,0,0,0
2435.82,3824.55,1,1,0,1,1,11,5,1,0,0,0,1,0,0,0,0,1,0,0,0,1,0,0
900.99,4771.62,0,1,0,1,0,13,2,1,0,0,0,1,0,0,0,0,1,0,0,0,0,1,0
4421.39,2798.78,0,1,1,1,0,11,4,1,0,0,1,0,0,0,0,0,1,0,0,1,0,0,0
8899.71,2344.27,0,1,0,1,1,11,3,1,0,0,0,1,0,0,0,0,1,1,0,0,0,0,0
4675.94,3612.89,0,1,0,1,1,13,2,1,0,0,0,1,0,0,0,0,1,0,0,0,0,1,0
8497.28,1844.51,0,1,0,0,0,19,3,1,0,0,0,0,1,0,0,0,1,1,0,0,0,0,0
3272.46,4063.26,0,1,0,1,0,8,6,1,0,0,0,1,0,0,0,0,1,0,1,0,0,0,0
3396.36,2656.13,1,1,0,0,0,1,3,1,0,0,0,1,0,0,1,0,0,1,0,0,0,0,0
8955.72,4909.09,0,1,0,1,0,6,4,1,0,0,0,1,0,0,0,1,0,0,0,1,0,0,0
4258.75,4736.48,0,1,0,0,1,9,2,1,0,0,1,0,0,1,0,0,0,0,0,0,0,1,0
7897.87,3661.48,0,1,0,1,0,21,1,1,0,0,1,0,0,0,0,1,0,0,0,0,0,0,1
2367.2,3591.93,0,1,0,1,0,0,1,1,0,0,0,0,1,0,0,1,0,0,0,0,0,0,1
9488.06,1492.6,0,0,0,1,1,23,3,1,0,0,0,1,0,0,0,0,1,1,0,0,0,0,0
5746.21,2123.78,0,1,0,1,0,6,6,1,0,0,1,0,0,0,0,0,1,0,1,0,0,0,0
7593.48,4447.72,0,1,0,1,0,14,4,1,0,0,0,0,1,0,0,0,1,0,0,1,0,0,0
896.07,2451.94,0,1,0,1,1,7,2,1,0,0,0,1,0,0,0,1,0,0,0,0,0,1,0
4927.15,2696.5,0,0,0,0,0,2,2,1,0,0,0,0,1,0,1,0,0,0,0,0,0,1,0
9010.48,4359.29,0,1,0,1,0,1,2,1,0,0,0,0,1,0,0,0,1,0,0,0,0,1,0
8770.51,2707.7,0,1,0,1,0,10,1,1,0,0,0,1,0,0,0,0,1,0,0,0,0,0,1
469.09,4400.05,0,1,0,1,0,7,4,1,0,0,1,0,0,1,0,0,0,0,0,1,0,0,0
3037.68,1277.72,0,0,0,0,1,22,6,1,0,0,0,1,0,0,1,0,0,0,1,0,0,0,0
4433.76,3764.3,0,1,0,0,0,2,5,1,0,0,0,1,0,0,0,0,1,0,0,0,1,0,0
1723.48,1252.04,0,1,0,1,0,13,6,1,0,0,0,1,0,0,1,0,0,0,1,0,0,0,0
7300.25,4160.05,0,1,0,1,1,13,2,1,0,0,1,0,0,1,0,0,0,0,0,0,0,1,0
1845.94,3208.87,0,1,0,1,0,16,1,1,0,0,0,1,0,0,0,1,0,0,0,0,0,0,1
3467.05,3223.49,0,1,0,1,1,19,5,1,0,0,1,0,0,1,0,0,0,0,0,0,1,0,0
6633.14,2506.75,0,1,0,1,0,11,2,1,0,0,0,0,1,0,1,0,0,0,0,0,0,1,0
4821.41,4613.35,0,1,0,1,0,2,6,1,0,0,1,0,0,0,0,0,1,0,1,0,0,0,0
7385.97,3036.38,0,1,0,1,1,16,6,1,0,0,0,0,1,0,0,0,1,0,1,0,0,0,0
9612.12,2041.75,0,1,0,0,0,0,2,1,0,0,0,0,1,1,0,0,0,0,0,0,0,1,0
1166.35,4296.52,0,1,0,0,0,20,4,1,0,0,0,1,0,1,0,0,0,0,0,1,0,0,0
7095.97,4792.53,0,1,0,0,0,13,4,1,0,0,1,0,0,0,1,0,0,0,0,1,0,0,0
2304.21,1969.16,0,1,0,0,0,23,3,1,0,0,0,0,1,0,1,0,0,1,0,0,0,0,0
4145.35,3421.06,0,1,0,1,1,7,3,1,0,0,0,0,1,0,1,0,0,1,0,0,0,0,0
329.59,3354.29,0,1,0,0,0,5,2,1,0,0,1,0,0,0,0,0,1,0,0,0,0,1,0
1359.94,3438.48,0,1,0,1,0,23,2,1,0,0,1,0,0,1,0,0,0,0,0,0,0,1,0
3198.45,3256.94,0,1,0,1,0,1,6,1,0,0,0,0,1,0,1,0,0,0,1,0,0,0,0
3420.52,1400.71,0,1,0,1,0,6,4,1,0,0,0,0,1,1,0,0,0,0,0,1,0,0,0
8995.95,2649.95,0,0,0,1,0,18,5,1,0,0,1,0,0,0,0,0,1,0,0,0,1,0,0
7418.39,4942.86,0,1,0,1,1,15,5,1,0,0,1,0,0,0,0,1,0,0,0,0,1,0,0
9721.86,1352.81,0,1,0,1,0,8,2,1,0,0,0,0,1,0,1,0,0,0,0,0,0,1,0
5991.12,3678.54,0,1,0,1,0,11,6,1,0,0,0,1,0,0,0,1,0,0,1,0,0,0,0
2417.9,4577.2,1,1,0,0,1,13,1,1,0,0,1,0,0,0,0,0,1,0,0,0,0,0,1
3277.22,1802.63,0,1,0,0,1,13,2,1,0,0,0,0,1,1,0,0,0,0,0,0,0,1,0
3199.04,4209.68,0,1,0,1,0,9,3,1,0,0,0,0,1,0,0,1,0,1,0,0,0,0,0
3265.62,1967.1,1,1,0,1,0,21,4,1,0,0,0,1,0,1,0,0,0,0,0,1,0,0,0
6729.97,1121.52,0,0,0,1,0,14,5,1,0,0,1,0,0,0,1,0,0,0,0,0,1,0,0
5308.55,3084.53,0,1,0,0,0,17,2,1,0,0,0,0,1,0,1,0,0,0,0,0,0,1,0
3854.86,3843.49,0,0,0,1,1,9,4,1,0,0,0,1,0,0,0,0,1,0,0,1,0,0,0
1491.75,1787.76,0,0,0,0,0,13,1,1,0,0,1,0,0,0,1,0,0,0,0,0,0,0,1
222.37,1281.72,0,1,0,1,1,2,6,1,0,0,0,1,0,1,0,0,0,0,1,0,0,0,0
2189.13,3213.83,0,1,0,1,0,15,4,1,0,0,0,0,1,0,1,0,0,0,0,1,0,0,0
1075.61,1590.89,0,0,0,0,1,4,5,1,0,0,0,1,0,0,0,1,0,0,0,0,1,0,0
7854.66,1737.26,0,1,0,1,0,0,6,1,0,0,0,0,1,1,0,0,0,0,1,0,0,0,0
1125.87,3813.82,0,1,0,1,0,6,5,1,0,0,0,0,1,0,1,0,0,0,0,0,1,0,0
7242.56,3448.43,0,1,0,0,1,13,2,1,0,0,0,1,0,0,0,1,0,0,0,0,0,1,0
3857.2,4787.89,0,1,0,0,1,14,3,1,0,0,0,1,0,1,0,0,0,1,0,0,0,0,0
734.71,2293.66,0,1,0,1,0,2,5,1,0,0,0,0,1,0,0,1,0,0,0,0,1,0,0
8127.49,1857.56,0,1,0,1,0,23,2,1,0,0,0,1,0,1,0,0,0,0,0,0,0,1,0
5796.73,3622.96,0,0,0,0,0,9,3,1,0,0,1,0,0,0,0,1,0,1,0,0,0,0,0
2358.38,4887.99,0,0,1,1,1,12,1,1,0,0,1,0,0,0,0,1,0,0,0,0,0,0,1
8946.92,3213.92,1,1,0,0,0,5,6,1,0,0,0,1,0,0,1,0,0,0,1,0,0,0,0
453.54,2175.27,0,0,0,1,0,4,2,1,0,0,0,1,0,0,0,0,1,0,0,0,0,1,0
2018.99,4641.88,0,0,0,1,0,7,5,1,0,0,1,0,0,0,1,0,0,0,0,0,1,0,0
7520.72,3441.58,0,1,0,0,0,5,2,1,0,0,0,0,1,1,0,0,0,0,0,0,0,1,0
7094.07,1850.91,0,0,0,1,1,9,6,1,0,0,0,0,1,0,0,1,0,0,1,0,0,0,0
2893.43,4798.46,0,1,0,1,0,4,3,1,0,0,1,0,0,1,0,0,0,1,0,0,0,0,0
621.19,2092.04,0,1,0,0,0,10,2,1,0,0,0,0,1,0,1,0,0,0,0,0,0,1,0
8580.92,4593.93,0,1,0,0,0,18,5,1,0,0,0,1,0,1,0,0,0,0,0,0,1,0,0
3137.66,3458.35,1,1,0,1,1,12,4,1,0,0,0,1,0,0,1,0,0,0,0,1,0,0,0
1957.94,3010.59,0,1,0,1,0,23,1,1,0,0,1,0,0,0,1,0,0,0,0,0,0,0,1
5161.1,2330.27,0,1,0,1,0,10,4,1,0,0,1,0,0,0,0,0,1,0,0,1,0,0,0
9102.36,1475.41,0,1,0,0,0,12,4,1,0,0,1,0,0,0,1,0,0,0,0,1,0,0,0
436.42,1979.25,0,1,0,1,0,1,3,1,0,0,1,0,0,0,0,1,0,1,0,0,0,0,0
7658.28,2324.03,0,1,0,1,0,21,2,1,0,0,0,0,1,0,1,0,0,0,0,0,0,1,0
5725.16,2154.95,0,0,0,1,0,18,4,1,0,0,0,0,1,0,1,0,0,0,0,1,0,0,0
4255.07,1293.31,0,1,0,1,0,10,4,1,0,0,0,0,1,0,0,1,0,0,0,1,0,0,0
7441.06,3319.13,0,1,0,1,0,18,5,1,0,0,0,1,0,0,1,0,0,0,0,0,1,0,0
9658.28,2900.72,1,0,0,1,0,1,4,1,0,0,0,1,0,1,0,0,0,0,0,1,0,0,0
2292.83,1425.85,1,1,0,1,0,3,5,1,0,0,1,0,0,0,0,0,1,0,0,0,1,0,0
1437.33,2855.42,0,1,0,1,0,12,2,1,0,0,1,0,0,0,0,1,0,0,0,0,0,1,0
9128.9,1315.86,0,1,0,1,0,1,6,1,0,0,0,0,1,0,0,1,0,0,1,0,0,0,0
6689.86,4726.12,0,0,0,1,0,8,2,1,0,0,0,0,1,1,0,0,0,0,0,0,0,1,0
4380.42,2036.31,0,1,0,1,1,21,6,1,0,0,0,0,1,0,0,1,0,0,1,0,0,0,0
5733.02,3899.3,0,1,0,1,0,7,6,1,0,0,1,0,0,1,0,0,0,0,1,0,0,0,0
7456.39,2005.0,0,1,0,1,1,4,6,1,0,0,0,0,1,0,0,1,0,0,1,0,0,0,0
7730.55,2898.05,0,1,0,0,0,10,2,1,0,0,1,0,0,0,1,0,0,0,0,0,0,1,0
9199.02,4733.07,1,1,0,0,0,18,1,1,0,0,1,0,0,0,0,1,0,0,0,0,0,0,1
4269.0,4486.75,0,1,0,1,0,15,2,1,0,0,0,1,0,0,0,0,1,0,0,0,0,1,0
2934.82,4115.52,0,1,0,1,0,8,5,1,0,0,0,1,0,0,0,1,0,0,0,0,1,0,0
6397.0,4160.76,1,1,0,0,0,17,6,1,0,0,1,0,0,0,0,1,0,0,1,0,0,0,0
4157.86,4293.85,0,1,0,0,0,2,4,1,0,0,0,0,1,0,0,0,1,0,0,1,0,0,0
5946.39,3970.54,0,0,0,1,0,2,3,1,0,0,1,0,0,0,0,1,0,1,0,0,0,0,0
4200.44,4587.42,0,1,0,1,1,8,2,1,0,0,1,0,0,1,0,0,0,0,0,0,0,1,0
1530.8,2400.94,0,1,0,0,0,12,3,1,0,0,1,0,0,1,0,0,0,1,0,0,0,0,0
4694.8,3104.51,0,1,0,1,0,22,3,1,0,0,1,0,0,0,0,0,1,1,0,0,0,0,0
6909.49,3585.66,0,1,0,1,1,7,1,1,0,0,0,1,0,0,1,0,0,0,0,0,0,0,1
7993.04,1791.18,1,1,0,0,0,22,2,1,0,0,0,1,0,0,0,1,0,0,0,0,0,1,0
4933.77,3013.05,0,0,0,1,0,21,2,1,0,0,1,0,0,0,0,0,1,0,0,0,0,1,0
1653.21,1496.32,0,1,0,1,0,22,6,1,0,0,0,1,0,0,0,0,1,0,1,0,0,0,0
4147.46,3446.56,0,1,0,0,0,19,5,1,0,0,0,1,0,0,0,1,0,0,0,0,1,0,0
7863.15,1390.49,0,1,0,1,0,7,6,1,0,0,0,0,1,0,1,0,0,0,1,0,0,0,0
4129.18,3013.41,0,1,0,1,1,5,5,1,0,0,0,1,0,0,0,1,0,0,0,0,1,0,0
6965.61,2846.59,1,0,0,1,0,17,6,1,0,0,0,1,0,0,0,1,0,0,1,0,0,0,0
5072.63,1447.16,0,1,0,0,0,3,6,1,0,0,1,0,0,0,0,0,1,0,1,0,0,0,0
2412.99,2757.34,0,1,0,0,0,10,1,1,0,0,0,1,0,0,1,0,0,0,0,0,0,0,1
7961.71,3711.23,0,1,0,1,0,19,3,1,0,0,0,1,0,0,0,0,1,1,0,0,0,0,0
843.05,3378.86,0,1,0,0,0,20,1,1,0,0,0,1,0,0,1,0,0,0,0,0,0,0,1
5249.38,2832.19,0,1,0,0,1,1,1,1,0,0,1,0,0,0,1,0,0,0,0,0,0,0,1
2089.7,2459.78,0,1,0,1,0,3,4,1,0,0,1,0,0,0,0,0,1,0,0,1,0,0,0
671.59,1229.55,0,1,0,0,1,5,1,1,0,0,0,1,0,0,1,0,0,0,0,0,0,0,1
5029.84,4823.59,0,1,0,0,0,10,4,1,0,0,1,0,0,0,0,1,0,0,0,1,0,0,0
4996.12,2610.83,0,0,0,1,0,15,1,1,0,0,1,0,0,0,0,0,1,0,0,0,0,0,1
7069.3,2665.91,0,1,0,1,0,22,1,1,0,0,0,0,1,0,0,0,1,0,0,0,0,0,1
7447.76,1513.37,0,1,0,0,0,2,1,1,0,0,0,1,0,0,0,1,0,0,0,0,0,0,1
7278.19,3130.67,1,1,0,0,0,16,3,1,0,0,0,0,1,0,1,0,0,1,0,0,0,0,0
4096.18,4916.88,0,1,0,0,0,0,3,1,0,0,0,1,0,0,1,0,0,1,0,0,0,0,0
6317.27,2012.1,0,1,0,1,1,6,3,1,0,0,0,1,0,0,1,0,0,1,0,0,0,0,0
5769.88,2253.34,0,1,0,1,0,20,2,1,0,0,0,0,1,0,0,1,0,0,0,0,0,1,0
4216.2,1944.86,1,1,0,1,1,18,6,1,0,0,0,0,1,0,0,0,1,0,1,0,0,0,0
5972.53,4466.34,0,1,0,0,0,5,2,1,0,0,0,1,0,1,0,0,0,0,0,0,0,1,0
9472.53,2900.84,0,1,0,0,0,13,5,1,0,0,0,0,1,0,0,0,1,0,0,0,1,0,0
1929.74,4294.09,0,1,0,0,0,10,3,1,0,0,0,0,1,1,0,0,0,1,0,0,0,0,0
9057.82,4400.35,0,1,1,1,0,18,6,1,0,0,1,0,0,0,0,0,1,0,1,0,0,0,0
535.5,3996.36,0,1,0,1,0,6,5,1,0,0,0,1,0,1,0,0,0,0,0,0,1,0,0
3084.58,2044.18,1,1,0,1,0,15,1,1,0,0,1,0,0,0,0,1,0,0,0,0,0,0,1
2882.16,1141.05,0,1,0,1,0,1,1,1,0,0,0,1,0,0,1,0,0,0,0,0,0,0,1
6264.02,1573.16,0,1,0,0,0,17,2,1,0,0,1,0,0,0,0,1,0,0,0,0,0,1,0
1313.12,3787.8,0,1,1,1,0,3,6,1,0,0,0,1,0,0,1,0,0,0,1,0,0,0,0
8823.59,3962.2,0,1,0,1,0,17,3,1,0,0,1,0,0,0,0,0,1,1,0,0,0,0,0
8285.69,4065.51,0,0,0,1,0,3,6,1,0,0,0,1,0,0,0,1,0,0,1,0,0,0,0
6521.01,1975.88,0,1,0,1,0,8,1,1,0,0,1,0,0,0,0,0,1,0,0,0,0,0,1
4584.68,1612.14,0,1,0,1,0,3,4,1,0,0,0,0,1,0,1,0,0,0,0,1,0,0,0
9329.63,4692.25,0,1,0,1,1,14,2,1,0,0,0,1,0,0,0,0,1,0,0,0,0,1,0
8307.63,3656.85,0,0,0,1,0,13,3,1,0,0,0,0,1,0,0,1,0,1,0,0,0,0,0
4993.65,3967.85,0,0,0,1,0,13,6,1,0,0,1,0,0,1,0,0,0,0,1,0,0,0,0
7019.03,1375.62,0,1,0,0,1,21,3,1,0,0,0,1,0,0,1,0,0,1,0,0,0,0,0
5669.73,2649.84,1,1,0,1,0,13,3,1,0,0,1,0,0,0,0,0,1,1,0,0,0,0,0
5879.83,1253.23,0,1,0,1,1,7,5,1,0,0,1,0,0,1,0,0,0,0,0,0,1,0,0
3310.43,3631.01,0,0,0,1,0,20,4,1,0,0,0,0,1,1,0,0,0,0,0,1,0,0,0
4621.38,2957.43,1,1,0,1,0,23,3,1,0,0,0,1,0,0,0,1,0,1,0,0,0,0,0
782.14,2805.86,0,1,0,1,0,1,4,1,0,0,1,0,0,0,0,0,1,0,0,1,0,0,0
3574.13,4611.63,1,1,0,1,0,21,1,1,0,0,0,0,1,0,0,1,0,0,0,0,0,0,1
6958.59,3960.47,0,0,0,1,0,2,4,1,0,0,0,0,1,0,0,0,1,0,0,1,0,0,0
9532.21,4857.01,0,0,0,1,0,17,3,1,0,0,0,0,1,1,0,0,0,1,0,0,0,0,0
9630.68,1185.08,0,1,0,1,0,19,1,1,0,0,0,0,1,0,0,0,1,0,0,0,0,0,1
5557.67,3462.71,0,1,0,1,1,10,6,1,0,0,1,0,0,0,1,0,0,0,1,0,0,0,0
6066.62,3520.87,0,1,0,1,1,14,6,1,0,0,1,0,0,1,0,0,0,0,1,0,0,0,0
1858.03,1106.17,1,1,0,1,0,0,2,1,0,0,1,0,0,0,1,0,0,0,0,0,0,1,0
6953.39,4148.32,0,0,0,1,0,4,6,1,0,0,0,1,0,0,0,1,0,0,1,0,0,0,0
707.52,1614.46,0,1,0,1,0,10,2,1,0,0,0,1,0,0,1,0,0,0,0,0,0,1,0
2847.57,3805.09,0,1,0,1,0,16,5,1,0,0,0,0,1,0,0,1,0,0,0,0,1,0,0
6683.97,1151.3,0,1,0,1,1,8,1,1,0,0,1,0,0,0,0,1,0,0,0,0,0,0,1
3103.79,3454.75,1,0,0,0,0,11,6,1,0,0,0,0,1,0,1,0,0,0,1,0,0,0,0
499.42,3083.12,0,0,0,1,0,22,6,1,0,0,1,0,0,0,0,0,1,0,1,0,0,0,0
8318.87,2933.11,0,1,0,1,0,15,2,1,0,0,0,1,0,0,1,0,0,0,0,0,0,1,0
3103.99,2466.66,0,1,0,1,1,10,2,1,0,0,0,0,1,0,0,0,1,0,0,0,0,1,0
631.99,2680.95,0,1,0,1,0,15,3,1,0,0,1,0,0,0,0,1,0,1,0,0,0,0,0
748.81,2907.58,1,1,0,0,0,9,2,1,0,0,1,0,0,0,1,0,0,0,0,0,0,1,0
2518.34,2190.76,0,0,0,1,0,2,2,1,0,0,1,0,0,0,1,0,0,0,0,0,0,1,0
1780.98,4741.16,0,0,0,1,0,14,1,1,0,0,0,0,1,0,0,0,1,0,0,0,0,0,1
7743.23,4860.01,0,1,0,1,0,2,3,1,0,0,0,1,0,0,1,0,0,1,0,0,0,0,0
3217.52,2199.61,0,1,0,1,0,11,2,1,0,0,1,0,0,0,1,0,0,0,0,0,0,1,0
8047.15,4114.77,0,0,0,0,0,2,3,1,0,0,0,0,1,0,0,0,1,1,0,0,0,0,0
1739.29,4006.48,0,1,1,1,0,7,4,1,0,0,1,0,0,0,0,0,1,0,0,1,0,0,0
4929.3,4502.33,0,1,0,1,1,15,1,1,0,0,0,0,1,1,0,0,0,0,0,0,0,0,1
6880.68,1015.38,0,0,0,1,1,15,3,1,0,0,0,1,0,0,0,0,1,1,0,0,0,0,0
6520.26,2352.47,1,1,0,1,0,4,6,1,0,0,1,0,0,0,0,1,0,0,1,0,0,0,0
6011.69,1579.95,0,1,0,1,0,8,1,1,0,0,0,0,1,0,0,1,0,0,0,0,0,0,1
9248.29,2563.43,0,1,1,1,0,19,6,1,0,0,1,0,0,0,0,0,1,0,1,0,0,0,0
2286.02,3302.51,0,1,1,1,0,19,1,1,0,0,0,0,1,1,0,0,0,0,0,0,0,0,1
4937.7,4635.4,0,1,0,1,0,12,5,1,0,0,0,1,0,1,0,0,0,0,0,0,1,0,0
8840.04,4358.46,0,1,0,1,0,3,3,1,0,0,0,1,0,0,1,0,0,1,0,0,0,0,0
779.86,2996.09,0,1,0,0,0,3,5,1,0,0,0,0,1,1,0,0,0,0,0,0,1,0,0
559.83,1094.01,0,1,0,1,0,17,5,1,0,0,0,1,0,0,0,1,0,0,0,0,1,0,0
2333.79,2203.57,0,1,0,0,0,8,6,1,0,0,1,0,0,0,0,1,0,0,1,0,0,0,0
6330.58,1426.44,0,1,0,0,0,14,6,1,0,0,0,1,0,0,0,0,1,0,1,0,0,0,0
2599.54,3602.53,0,1,0,0,1,7,2,1,0,0,1,0,0,0,0,0,1,0,0,0,0,1,0
1903.21,3781.71,0,1,0,1,1,11,6,1,0,0,0,1,0,0,1,0,0,0,1,0,0,0,0
4588.56,3595.21,0,1,1,1,0,18,5,1,0,0,0,1,0,0,0,0,1,0,0,0,1,0,0
6136.37,2098.87,0,1,0,1,0,21,3,1,0,0,1,0,0,1,0,0,0,1,0,0,0,0,0
2486.33,4678.03,0,1,0,1,1,0,1,1,0,0,0,1,0,0,1,0,0,0,0,0,0,0,1
3007.61,3354.02,1,0,0,0,0,1,3,1,0,0,1,0,0,0,0,0,1,1,0,0,0,0,0
6135.98,3388.99,0,1,0,1,1,8,5,1,0,0,1,0,0,0,0,0,1,0,0,0,1,0,0
9457.44,4262.23,1,0,0,0,0,13,6,1,0,0,0,1,0,0,0,0,1,0,1,0,0,0,0
6747.74,1276.98,0,1,0,0,0,0,2,1,0,0,0,1,0,0,0,0,1,0,0,0,0,1,0
7829.26,1838.43,1,1,0,1,0,4,6,1,0,0,1,0,0,0,0,0,1,0,1,0,0,0,0
3668.73,3358.33,0,1,0,1,1,6,3,1,0,0,0,0,1,0,0,1,0,1,0,0,0,0,0
2723.27,3441.73,0,1,0,1,0,4,3,1,0,0,0,1,0,0,1,0,0,1,0,0,0,0,0
4543.22,2867.06,0,1,0,1,0,4,6,1,0,0,0,1,0,0,0,1,0,0,1,0,0,0,0
8071.52,4119.75,0,0,0,0,0,22,5,1,0,0,0,0,1,0,1,0,0,0,0,0,1,0,0
4563.54,2382.49,0,1,1,1,0,8,6,1,0,0,0,0,1,1,0,0,0,0,1,0,0,0,0
8467.41,1044.94,0,1,0,0,0,10,3,1,0,0,0,1,0,1,0,0,0,1,0,0,0,0,0
9887.73,2359.84,0,1,0,0,0,0,6,1,0,0,0,1,0,1,0,0,0,0,1,0,0,0,0
721.19,4863.52,0,1,0,1,0,8,3,1,0,0,0,1,0,0,1,0,0,1,0,0,0,0,0
455.06,4116.14,0,1,0,1,0,20,1,1,0,0,0,0,1,0,0,1,0,0,0,0,0,0,1
1496.75,2273.01,0,1,0,0,0,17,3,1,0,0,0,1,0,0,0,1,0,1,0,0,0,0,0
3844.31,1889.8,0,1,0,1,0,2,2,1,0,0,0,0,1,0,0,0,1,0,0,0,0,1,0
1311.29,4241.07,0,1,0,0,0,16,3,1,0,0,0,0,1,0,1,0,0,1,0,0,0,0,0
8706.77,1799.59,0,1,0,1,0,5,4,1,0,0,1,0,0,1,0,0,0,0,0,1,0,0,0
232.44,3320.79,0,1,0,1,0,20,6,1,0,0,0,0,1,0,1,0,0,0,1,0,0,0,0
3158.61,3031.84,0,1,0,1,0,0,5,1,0,0,1,0,0,0,0,0,1,0,0,0,1,0,0
1847.76,2690.68,0,0,0,1,0,13,3,1,0,0,0,0,1,0,0,1,0,1,0,0,0,0,0
9315.46,2703.85,0,0,0,0,0,0,2,1,0,0,0,0,1,0,0,0,1,0,0,0,0,1,0
6695.14,3809.44,0,1,0,1,0,20,1,1,0,0,1,0,0,0,0,0,1,0,0,0,0,0,1
9120.39,1411.35,0,1,0,1,0,23,4,1,0,0,1,0,0,0,0,0,1,0,0,1,0,0,0
9723.31,2580.9,0,1,0,1,0,10,3,1,0,0,1,0,0,0,0,0,1,1,0,0,0,0,0
4971.49,4873.53,0,1,0,1,0,7,1,1,0,0,1,0,0,0,0,1,0,0,0,0,0,0,1
2343.96,4112.64,0,0,0,0,0,4,2,1,0,0,1,0,0,0,0,1,0,0,0,0,0,1,0
1938.09,1084.13,0,1,0,0,0,8,5,1,0,0,1,0,0,0,0,1,0,0,0,0,1,0,0
2229.97,2788.23,0,1,0,1,0,7,1,1,0,0,1,0,0,0,0,1,0,0,0,0,0,0,1
7086.22,1468.78,0,1,0,0,1,2,5,1,0,0,0,0,1,1,0,0,0,0,0,0,1,0,0
405.42,2938.85,0,1,0,1,0,8,1,1,0,0,0,0,1,0,1,0,0,0,0,0,0,0,1
514.56,1414.33,0,0,0,1,1,2,1,1,0,0,1,0,0,1,0,0,0,0,0,0,0,0,1
6081.82,2556.86,0,1,0,1,0,2,4,1,0,0,0,1,0,0,0,0,1,0,0,1,0,0,0
6420.93,3179.98,0,1,0,1,1,2,3,1,0,0,1,0,0,0,0,0,1,1,0,0,0,0,0
6652.96,2469.23,0,1,0,1,0,13,5,1,0,0,0,1,0,0,0,0,1,0,0,0,1,0,0
3719.43,3314.3,0,1,0,1,0,13,3,1,0,0,0,0,1,0,0,0,1,1,0,0,0,0,0
8059.64,4940.19,0,1,0,1,0,3,2,1,0,0,0,0,1,1,0,0,0,0,0,0,0,1,0
5336.71,1983.15,0,1,0,1,0,20,1,1,0,0,0,1,0,0,0,1,0,0,0,0,0,0,1
1055.55,3258.03,1,1,0,1,0,9,5,1,0,0,0,0,1,0,0,0,1,0,0,0,1,0,0
7971.2,2885.3,0,1,0,1,0,19,4,1,0,0,1,0,0,1,0,0,0,0,0,1,0,0,0
9530.72,4237.06,0,1,0,1,0,14,3,1,0,0,0,1,0,1,0,0,0,1,0,0,0,0,0
601.3,2259.53,0,1,0,0,1,5,4,1,0,0,0,1,0,0,0,0,1,0,0,1,0,0,0
3914.12,3552.06,0,0,0,1,0,13,5,1,0,0,0,0,1,0,0,0,1,0,0,0,1,0,0
4875.67,3771.83,0,1,0,0,0,1,3,1,0,0,0,1,0,1,0,0,0,1,0,0,0,0,0
1465.56,4902.64,0,1,0,1,0,14,2,1,0,0,0,1,0,0,1,0,0,0,0,0,0,1,0
8677.22,1605.06,0,1,0,1,0,1,1,1,0,0,0,1,0,1,0,0,0,0,0,0,0,0,1
2842.21,4993.16,0,1,0,0,0,21,6,1,0,0,0,0,1,0,1,0,0,0,1,0,0,0,0
7830.3,3884.84,0,1,0,1,0,5,1,1,0,0,0,1,0,0,0,0,1,0,0,0,0,0,1
6710.27,2825.35,0,0,0,1,0,1,3,1,0,0,0,1,0,0,0,1,0,1,0,0,0,0,0
5980.86,2054.25,1,1,0,1,0,4,3,1,0,0,1,0,0,0,0,1,0,1,0,0,0,0,0
1922.24,3514.81,1,1,0,1,0,7,2,1,0,0,1,0,0,0,1,0,0,0,0,0,0,1,0
2207.81,1567.17,0,1,0,1,0,7,5,1,0,0,0,1,0,0,0,0,1,0,0,0,1,0,0
474.44,4787.11,0,1,0,1,1,13,2,1,0,0,0,0,1,0,0,0,1,0,0,0,0,1,0
2407.88,1737.7,1,0,0,1,0,16,5,1,0,0,0,1,0,0,1,0,0,0,0,0,1,0,0
3455.09,4097.21,0,1,0,0,0,4,6,1,0,0,0,0,1,0,0,1,0,0,1,0,0,0,0
8331.62,2380.59,0,0,0,1,0,8,1,1,0,0,1,0,0,1,0,0,0,0,0,0,0,0,1
3664.56,1863.38,0,1,0,1,0,15,2,1,0,0,1,0,0,0,1,0,0,0,0,0,0,1,0
7546.46,4234.66,0,1,0,1,0,4,1,1,0,0,0,1,0,0,0,0,1,0,0,0,0,0,1
4394.98,4551.35,0,1,0,1,0,7,2,1,0,0,0,0,1,0,0,0,1,0,0,0,0,1,0
7848.9,1022.48,0,1,0,1,0,22,3,1,0,0,0,0,1,0,0,1,0,1,0,0,0,0,0
9762.74,4896.61,0,0,0,1,0,4,3,1,0,0,0,0,1,0,1,0,0,1,0,0,0,0,0
2399.18,2687.68,0,1,0,0,0,9,6,1,0,0,0,1,0,0,1,0,0,0,1,0,0,0,0
8623.55,1384.31,0,1,0,1,1,12,3,1,0,0,0,0,1,0,1,0,0,1,0,0,0,0,0
6218.62,2812.98,0,1,0,0,1,22,6,1,0,0,1,0,0,0,0,0,1,0,1,0,0,0,0
8173.13,1474.27,0,1,0,0,0,18,1,1,0,0,0,0,1,1,0,0,0,0,0,0,0,0,1
6516.21,2035.13,0,0,0,0,0,19,4,1,0,0,0,0,1,0,1,0,0,0,0,1,0,0,0
4240.07,3230.04,0,0,0,1,0,16,2,1,0,0,0,1,0,1,0,0,0,0,0,0,0,1,0
2281.52,2436.79,1,1,0,1,0,8,3,1,0,0,0,1,0,0,0,0,1,1,0,0,0,0,0
701.28,1911.38,0,1,0,1,0,12,6,1,0,0,0,1,0,1,0,0,0,0,1,0,0,0,0
5355.65,1785.93,0,1,0,1,0,2,5,1,0,0,0,1,0,1,0,0,0,0,0,0,1,0,0
9903.27,3546.36,0,1,0,1,0,6,6,1,0,0,0,1,0,1,0,0,0,0,1,0,0,0,0
7380.68,4638.76,0,0,0,0,0,2,1,1,0,0,0,0,1,0,0,0,1,0,0,0,0,0,1
3274.13,1225.7,0,1,0,0,0,4,6,1,0,0,0,0,1,0,0,0,1,0,1,0,0,0,0
8272.22,1976.9,1,1,0,1,0,0,3,1,0,0,0,1,0,0,0,0,1,1,0,0,0,0,0
7690.07,3661.64,0,1,0,1,0,22,4,1,0,0,0,1,0,1,0,0,0,0,0,1,0,0,0
2817.08,4949.39,0,1,0,1,1,14,1,1,0,0,0,0,1,0,0,1,0,0,0,0,0,0,1
144.06,3725.4,0,1,0,0,1,15,6,1,0,0,0,1,0,0,0,1,0,0,1,0,0,0,0
1182.51,1210.5,0,1,0,1,0,21,1,1,0,0,1,0,0,0,0,1,0,0,0,0,0,0,1
8773.18,1715.45,1,1,0,0,0,5,3,1,0,0,0,0,1,1,0,0,0,1,0,0,0,0,0
8365.79,2390.67,0,1,0,0,0,20,2,1,0,0,1,0,0,0,0,1,0,0,0,0,0,1,0
2952.79,1629.61,1,1,0,1,0,14,3,1,0,0,0,0,1,0,0,0,1,1,0,0,0,0,0
2852.67,1729.11,0,1,0,1,0,13,4,1,0,0,0,0,1,1,0,0,0,0,0,1,0,0,0
7928.86,2094.62,1,1,0,0,1,18,3,1,0,0,0,0,1,0,1,0,0,1,0,0,0,0,0
9377.44,2491.1,0,1,0,0,1,22,3,1,0,0,0,0,1,0,0,1,0,1,0,0,0,0,0
7791.59,2567.38,0,0,0,1,0,22,2,1,0,0,0,0,1,1,0,0,0,0,0,0,0,1,0
6056.18,2997.51,1,1,0,1,1,9,2,1,0,0,0,0,1,0,1,0,0,0,0,0,0,1,0
2427.47,4712.94,0,1,0,1,0,3,5,1,0,0,0,0,1,1,0,0,0,0,0,0,1,0,0
5257.95,4973.4,0,1,0,0,0,14,6,1,0,0,0,1,0,0,1,0,0,0,1,0,0,0,0
2335.89,1078.86,1,1,0,0,0,6,6,1,0,0,0,1,0,0,0,0,1,0,1,0,0,0,0
8080.31,2975.07,0,1,0,0,0,16,4,1,0,0,0,1,0,1,0,0,0,0,0,1,0,0,0
3870.22,4008.32,0,1,0,0,0,16,1,1,0,0,1,0,0,0,0,0,1,0,0,0,0,0,1
8337.14,1293.18,0,1,1,0,1,17,6,1,0,0,0,0,1,0,0,0,1,0,1,0,0,0,0
3816.71,4764.75,0,1,0,1,0,8,4,1,0,0,0,1,0,0,1,0,0,0,0,1,0,0,0
8241.67,4750.84,0,1,0,0,1,5,5,1,0,0,0,1,0,0,0,1,0,0,0,0,1,0,0
3333.84,1833.57,0,1,0,1,0,6,1,1,0,0,0,1,0,0,1,0,0,0,0,0,0,0,1
4401.89,4142.98,0,0,0,0,0,10,3,1,0,0,0,0,1,0,0,1,0,1,0,0,0,0,0
6155.27,3325.86,1,0,0,1,0,4,5,1,0,0,0,0,1,0,1,0,0,0,0,0,1,0,0
703.81,1135.6,0,1,0,1,0,3,5,1,0,0,1,0,0,1,0,0,0,0,0,0,1,0,0
9482.12,2189.21,0,0,0,1,0,18,1,1,0,0,1,0,0,0,0,1,0,0,0,0,0,0,1
5736.48,2053.5,0,1,0,1,0,11,2,1,0,0,0,0,1,1,0,0,0,0,0,0,0,1,0
5078.69,4518.87,0,1,0,1,0,0,6,1,0,0,1,0,0,0,1,0,0,0,1,0,0,0,0
8394.1,4590.0,0,1,1,0,0,6,3,1,0,0,0,1,0,0,0,0,1,1,0,0,0,0,0
8657.76,1137.87,0,1,1,1,1,6,1,1,0,0,1,0,0,0,1,0,0,0,0,0,0,0,1
5223.08,3965.65,0,1,0,1,0,7,5,1,0,0,0,1,0,1,0,0,0,0,0,0,1,0,0
9272.7,1479.41,1,1,0,0,0,4,5,1,0,0,1,0,0,0,1,0,0,0,0,0,1,0,0
648.31,4163.7,0,1,0,1,0,3,4,1,0,0,0,1,0,0,0,0,1,0,0,1,0,0,0
1133.14,4382.44,0,0,0,0,0,5,3,1,0,0,1,0,0,0,0,0,1,1,0,0,0,0,0
5968.29,1237.0,0,1,0,0,1,12,4,1,0,0,1,0,0,0,1,0,0,0,0,1,0,0,0
3541.3,2305.04,0,1,0,1,1,2,1,1,0,0,0,0,1,0,1,0,0,0,0,0,0,0,1
4642.79,2518.78,0,1,0,1,0,4,1,1,0,0,0,0,1,1,0,0,0,0,0,0,0,0,1
3281.46,4820.59,0,0,0,0,0,14,5,1,0,0,0,1,0,0,0,0,1,0,0,0,1,0,0
4047.85,2483.68,0,1,0,1,1,7,1,1,0,0,0,0,1,0,0,1,0,0,0,0,0,0,1
8226.64,2023.99,0,0,0,1,1,14,1,1,0,0,0,1,0,1,0,0,0,0,0,0,0,0,1
5935.17,3478.79,1,1,0,1,0,4,3,1,0,0,0,0,1,0,0,1,0,1,0,0,0,0,0
9973.45,1635.57,0,0,0,1,0,5,5,1,0,0,0,0,1,0,0,0,1,0,0,0,1,0,0
7869.01,3500.34,0,1,0,0,1,21,2,1,0,0,0,1,0,0,0,0,1,0,0,0,0,1,0
2737.39,2834.3,0,1,0,1,0,2,2,1,0,0,1,0,0,1,0,0,0,0,0,0,0,1,0
2644.19,3925.76,1,1,0,0,0,13,1,1,0,0,0,1,0,0,0,0,1,0,0,0,0,0,1
3359.65,3315.28,0,1,0,0,0,2,5,1,0,0,0,1,0,0,0,1,0,0,0,0,1,0,0
8432.75,1706.33,0,1,0,1,0,12,3,1,0,0,0,1,0,0,1,0,0,1,0,0,0,0,0
273.85,4749.51,0,1,0,1,0,5,3,1,0,0,0,0,1,1,0,0,0,1,0,0,0,0,0
2302.58,2795.12,0,1,0,1,0,6,3,1,0,0,0,0,1,0,1,0,0,1,0,0,0,0,0
9049.28,3978.25,0,1,0,0,0,17,2,1,0,0,0,0,1,0,1,0,0,0,0,0,0,1,0
6399.32,3127.77,0,1,0,1,0,4,3,1,0,0,0,1,0,1,0,0,0,1,0,0,0,0,0
2269.24,4461.09,0,1,0,1,0,9,6,1,0,0,1,0,0,0,0,1,0,0,1,0,0,0,0
2192.23,2348.1,0,1,0,1,0,3,1,1,0,0,1,0,0,0,0,0,1,0,0,0,0,0,1
8626.32,3555.45,0,1,0,1,0,23,5,1,0,0,0,1,0,0,0,0,1,0,0,0,1,0,0
8937.68,1317.55,0,1,0,1,0,2,5,1,0,0,0,1,0,1,0,0,0,0,0,0,1,0,0
2562.05,1310.96,0,0,0,0,0,1,1,1,0,0,1,0,0,0,0,1,0,0,0,0,0,0,1
4205.68,4374.15,0,1,0,1,0,8,3,1,0,0,0,0,1,1,0,0,0,1,0,0,0,0,0
8346.12,4273.51,0,1,1,0,0,4,5,1,0,0,0,1,0,1,0,0,0,0,0,0,1,0,0
7710.3,2437.17,0,0,1,0,0,2,5,1,0,0,1,0,0,0,0,0,1,0,0,0,1,0,0
8139.35,3704.05,0,1,0,1,0,21,3,1,0,0,1,0,0,1,0,0,0,1,0,0,0,0,0
5184.46,4315.94,0,1,0,1,0,5,5,1,0,0,1,0,0,0,0,1,0,0,0,0,1,0,0
9115.58,1575.42,0,0,0,0,0,18,6,1,0,0,0,0,1,0,0,1,0,0,1,0,0,0,0
3260.19,4938.95,1,1,0,1,0,16,6,1,0,0,1,0,0,0,0,1,0,0,1,0,0,0,0
1567.56,4543.41,0,1,0,0,0,10,1,1,0,0,1,0,0,0,0,1,0,0,0,0,0,0,1
7087.61,3763.66,0,0,0,0,0,20,6,1,0,0,1,0,0,0,0,0,1,0,1,0,0,0,0
5394.0,3172.91,0,1,0,0,0,20,4,1,0,0,0,1,0,0,0,0,1,0,0,1,0,0,0
8546.0,4579.7,0,0,0,0,1,23,1,1,0,0,0,1,0,0,0,0,1,0,0,0,0,0,1
812.51,3957.33,0,1,1,1,0,14,6,1,0,0,0,1,0,0,0,0,1,0,1,0,0,0,0
8437.08,3338.86,0,1,0,1,0,18,2,1,0,0,1,0,0,0,0,1,0,0,0,0,0,1,0
2933.65,4566.36,0,1,1,1,0,6,2,1,0,0,1,0,0,0,0,1,0,0,0,0,0,1,0
6548.9,1842.48,0,1,0,1,0,13,6,1,0,0,0,0,1,1,0,0,0,0,1,0,0,0,0
402.25,1977.5,0,1,0,1,1,11,4,1,0,0,1,0,0,1,0,0,0,0,0,1,0,0,0
6096.2,4720.45,0,1,0,1,1,1,4,1,0,0,0,0,1,0,0,0,1,0,0,1,0,0,0
7173.0,1268.39,0,0,0,1,0,15,2,1,0,0,1,0,0,1,0,0,0,0,0,0,0,1,0
3688.13,1184.64,0,0,0,1,0,3,2,1,0,0,0,0,1,0,0,0,1,0,0,0,0,1,0
2154.89,4167.77,0,1,0,0,0,2,5,1,0,0,0,1,0,0,0,0,1,0,0,0,1,0,0
5376.77,2655.99,0,1,0,1,0,11,5,1,0,0,1,0,0,0,0,0,1,0,0,0,1,0,0
8332.07,4665.02,0,1,0,0,0,3,2,1,0,0,0,0,1,0,1,0,0,0,0,0,0,1,0
3236.15,2202.76,0,1,0,1,0,7,1,1,0,0,0,1,0,1,0,0,0,0,0,0,0,0,1
2525.44,2148.93,0,1,0,1,0,1,2,1,0,0,0,1,0,1,0,0,0,0,0,0,0,1,0
2790.07,4828.87,0,1,0,1,0,3,5,1,0,0,1,0,0,0,0,0,1,0,0,0,1,0,0
9491.37,3215.07,0,0,0,1,0,7,1,1,0,0,0,0,1,0,0,1,0,0,0,0,0,0,1
3593.41,3454.83,0,1,0,1,0,0,2,1,0,0,0,0,1,0,1,0,0,0,0,0,0,1,0
37.04,4592.31,0,1,0,1,1,7,2,1,0,0,0,0,1,1,0,0,0,0,0,0,0,1,0
7817.03,2523.28,0,1,0,0,1,17,5,1,0,0,0,1,0,0,0,1,0,0,0,0,1,0,0
6993.05,1991.45,1,1,0,1,0,21,4,1,0,0,0,0,1,0,0,0,1,0,0,1,0,0,0
1286.55,3284.29,0,0,0,1,0,9,3,1,0,0,0,1,0,0,0,0,1,1,0,0,0,0,0
9849.06,2640.09,0,1,1,1,0,18,1,1,0,0,0,0,1,1,0,0,0,0,0,0,0,0,1
6081.01,1654.36,0,1,0,1,0,16,4,1,0,0,0,1,0,1,0,0,0,0,0,1,0,0,0
5008.29,1474.4,0,1,0,1,0,18,6,1,0,0,1,0,0,0,1,0,0,0,1,0,0,0,0
3822.81,3901.83,0,0,0,1,0,6,4,1,0,0,0,1,0,1,0,0,0,0,0,1,0,0,0
8986.83,1136.82,0,0,0,0,0,0,1,1,0,0,0,0,1,0,1,0,0,0,0,0,0,0,1
2440.39,3110.17,0,1,0,1,0,22,1,1,0,0,0,1,0,0,0,0,1,0,0,0,0,0,1
2858.4,2318.59,0,1,0,1,0,1,5,1,0,0,0,0,1,0,0,1,0,0,0,0,1,0,0
1224.99,1603.64,0,0,0,1,0,11,4,1,0,0,1,0,0,0,0,1,0,0,0,1,0,0,0
7591.43,4562.67,1,1,0,1,0,19,2,1,0,0,0,1,0,0,1,0,0,0,0,0,0,1,0
5955.9,3962.16,0,0,0,1,0,3,1,1,0,0,1,0,0,0,1,0,0,0,0,0,0,0,1
6091.05,4092.4,0,1,0,1,0,12,2,1,0,0,0,1,0,1,0,0,0,0,0,0,0,1,0
2185.49,2743.55,0,1,0,1,1,2,1,1,0,0,0,1,0,1,0,0,0,0,0,0,0,0,1
6512.03,3593.39,0,1,0,0,0,6,5,1,0,0,1,0,0,1,0,0,0,0,0,0,1,0,0
7654.82,1362.17,0,1,0,0,1,22,5,1,0,0,1,0,0,0,0,1,0,0,0,0,1,0,0
3579.53,1557.11,0,1,0,1,1,16,1,1,0,0,0,1,0,1,0,0,0,0,0,0,0,0,1
8013.67,2290.28,0,0,0,1,0,13,3,1,0,0,0,1,0,1,0,0,0,1,0,0,0,0,0
3488.56,2831.1,0,1,0,1,0,14,3,1,0,0,0,1,0,0,0,0,1,1,0,0,0,0,0
7581.63,1375.28,0,1,0,1,0,23,6,1,0,0,1,0,0,0,1,0,0,0,1,0,0,0,0
338.27,3259.9,0,1,0,1,0,13,4,1,0,0,0,0,1,1,0,0,0,0,0,1,0,0,0
5512.09,1959.21,0,1,0,0,0,10,1,1,0,0,1,0,0,0,0,0,1,0,0,0,0,0,1
9695.3,4098.23,0,0,0,1,0,5,1,1,0,0,0,1,0,0,0,1,0,0,0,0,0,0,1
9812.46,1001.88,0,1,0,0,0,22,2,1,0,0,0,1,0,1,0,0,0,0,0,0,0,1,0
2818.24,4464.31,0,1,0,1,0,13,4,1,0,0,1,0,0,0,0,1,0,0,0,1,0,0,0
4414.55,3930.32,0,1,0,0,0,21,6,1,0,0,0,1,0,0,0,1,0,0,1,0,0,0,0
630.72,3184.69,0,1,0,1,0,7,2,1,0,0,0,1,0,0,0,1,0,0,0,0,0,1,0
8733.54,3950.13,0,1,0,1,1,23,4,1,0,0,0,1,0,0,0,1,0,0,0,1,0,0,0
5686.15,2458.32,1,0,0,0,0,23,1,1,0,0,0,1,0,0,1,0,0,0,0,0,0,0,1
3851.62,1650.34,0,1,0,1,0,4,1,1,0,0,0,1,0,0,0,1,0,0,0,0,0,0,1
1128.59,1036.45,0,1,0,1,1,11,4,1,0,0,0,0,1,0,0,0,1,0,0,1,0,0,0
9467.73,3194.22,0,1,0,1,1,19,1,1,0,0,1,0,0,0,0,0,1,0,0,0,0,0,1
5302.66,2167.77,0,1,0,0,0,6,3,1,0,0,1,0,0,0,0,1,0,1,0,0,0,0,0
2830.0,1850.76,0,0,0,0,0,22,5,1,0,0,1,0,0,0,0,1,0,0,0,0,1,0,0
3502.8,4468.04,0,1,0,1,0,5,6,1,0,0,0,0,1,0,1,0,0,0,1,0,0,0,0
2707.7,3900.67,0,1,0,0,0,13,3,1,0,0,0,0,1,1,0,0,0,1,0,0,0,0,0
6018.5,4960.7,0,1,0,0,0,15,5,1,0,0,1,0,0,0,0,1,0,0,0,0,1,0,0
9299.71,3646.26,0,1,0,1,0,22,5,1,0,0,1,0,0,0,0,0,1,0,0,0,1,0,0
8567.08,4581.46,0,0,0,1,0,17,1,1,0,0,1,0,0,0,0,0,1,0,0,0,0,0,1
4604.35,1473.34,1,1,0,0,0,13,4,1,0,0,0,1,0,0,1,0,0,0,0,1,0,0,0
8265.17,3891.05,0,1,0,1,0,22,2,1,0,0,0,0,1,0,0,0,1,0,0,0,0,1,0
4231.63,1344.9,0,1,0,1,1,18,2,1,0,0,0,0,1,0,0,0,1,0,0,0,0,1,0
2523.82,1378.28,0,1,0,1,1,19,1,1,0,0,0,1,0,0,0,1,0,0,0,0,0,0,1
9834.17,4431.34,0,1,1,0,0,0,3,1,0,0,0,0,1,0,1,0,0,1,0,0,0,0,0
3039.57,2440.34,0,0,0,0,1,7,2,1,0,0,1,0,0,0,0,0,1,0,0,0,0,1,0
3237.92,2265.73,0,1,0,1,0,19,4,1,0,0,0,0,1,0,0,0,1,0,0,1,0,0,0
9896.94,1735.13,0,1,0,1,0,19,5,1,0,0,0,1,0,0,1,0,0,0,0,0,1,0,0
1340.14,2939.77,0,0,0,1,0,3,3,1,0,0,1,0,0,0,1,0,0,1,0,0,0,0,0
7605.58,1814.33,1,1,0,1,0,7,5,1,0,0,0,0,1,0,0,0,1,0,0,0,1,0,0
9358.19,3151.39,0,1,0,1,0,6,2,1,0,0,1,0,0,1,0,0,0,0,0,0,0,1,0
5118.44,3641.75,0,1,0,0,0,3,1,1,0,0,0,0,1,0,0,1,0,0,0,0,0,0,1
26.22,3619.64,1,1,0,1,1,0,6,1,0,0,1,0,0,0,0,0,1,0,1,0,0,0,0
3751.21,2458.6,0,1,0,1,0,1,3,1,0,0,0,1,0,0,0,0,1,1,0,0,0,0,0
1116.58,3816.15,0,1,0,1,0,13,5,1,0,0,0,1,0,0,0,1,0,0,0,0,1,0,0
4162.46,2064.34,1,1,0,1,0,3,6,1,0,0,0,0,1,0,0,0,1,0,1,0,0,0,0
7900.48,4230.72,0,1,0,0,0,9,2,1,0,0,0,0,1,0,0,0,1,0,0,0,0,1,0
4387.68,1000.46,0,1,0,1,0,18,1,1,0,0,1,0,0,0,1,0,0,0,0,0,0,0,1
4319.82,4866.26,1,1,0,1,0,11,1,1,0,0,0,1,0,0,0,0,1,0,0,0,0,0,1
5568.34,2734.29,0,1,0,1,1,1,3,1,0,0,1,0,0,1,0,0,0,1,0,0,0,0,0
5817.32,2335.98,1,1,0,1,0,22,1,1,0,0,0,1,0,0,1,0,0,0,0,0,0,0,1
8563.11,3497.93,0,1,0,0,0,17,5,1,0,0,1,0,0,0,0,0,1,0,0,0,1,0,0
3084.25,4516.39,0,1,0,0,1,6,3,1,0,0,1,0,0,0,0,0,1,1,0,0,0,0,0
8216.89,2410.29,0,1,0,1,0,9,6,1,0,0,1,0,0,0,0,1,0,0,1,0,0,0,0
5659.77,1280.17,0,1,0,1,0,20,5,1,0,0,0,0,1,0,0,1,0,0,0,0,1,0,0
3005.99,2415.33,0,1,0,1,0,23,5,1,0,0,0,1,0,1,0,0,0,0,0,0,1,0,0
2951.97,1020.35,1,0,0,0,0,7,3,1,0,0,0,0,1,0,0,1,0,1,0,0,0,0,0
3612.01,1740.17,0,0,0,1,0,23,5,1,0,0,0,0,1,0,0,1,0,0,0,0,1,0,0
6227.31,1208.03,0,1,0,1,0,16,1,1,0,0,1,0,0,1,0,0,0,0,0,0,0,0,1
2308.89,2550.34,0,0,0,1,1,12,6,1,0,0,0,1,0,0,0,0,1,0,1,0,0,0,0
9203.42,1239.0,0,0,0,1,0,14,1,1,0,0,0,0,1,0,0,1,0,0,0,0,0,0,1
5749.55,4935.7,1,1,0,1,1,6,3,1,0,0,1,0,0,0,0,1,0,1,0,0,0,0,0
9200.24,4127.66,0,1,0,1,1,22,5,1,0,0,0,1,0,1,0,0,0,0,0,0,1,0,0
465.0,2678.13,0,1,0,1,0,15,4,1,0,0,0,1,0,0,0,1,0,0,0,1,0,0,0
3426.77,4161.69,1,1,0,1,0,6,6,1,0,0,0,0,1,0,1,0,0,0,1,0,0,0,0
229.05,2669.45,0,1,1,1,0,1,1,1,0,0,1,0,0,0,0,1,0,0,0,0,0,0,1
2723.25,3588.33,0,0,0,1,0,14,2,1,0,0,0,0,1,0,0,0,1,0,0,0,0,1,0
8620.2,4286.06,0,1,0,0,0,0,5,1,0,0,0,1,0,1,0,0,0,0,0,0,1,0,0
367.06,3737.61,0,1,1,1,0,11,2,1,0,0,0,0,1,0,0,0,1,0,0,0,0,1,0
4362.03,1338.04,1,1,0,1,0,23,6,1,0,0,1,0,0,0,0,0,1,0,1,0,0,0,0
1176.55,1173.94,0,1,0,1,0,4,2,1,0,0,0,1,0,0,0,0,1,0,0,0,0,1,0
4168.99,3279.62,0,0,0,0,0,13,3,1,0,0,1,0,0,1,0,0,0,1,0,0,0,0,0
8388.68,1785.71,0,1,0,0,0,16,6,1,0,0,1,0,0,0,1,0,0,0,1,0,0,0,0
6231.09,4936.37,0,1,0,1,0,15,2,1,0,0,0,1,0,0,0,1,0,0,0,0,0,1,0
7367.83,1065.18,0,1,0,0,0,1,5,1,0,0,1,0,0,0,0,0,1,0,0,0,1,0,0
3491.69,3994.1,0,0,1,1,0,17,3,1,0,0,1,0,0,1,0,0,0,1,0,0,0,0,0
9444.03,1169.77,0,1,0,0,0,8,2,1,0,0,1,0,0,0,0,1,0,0,0,0,0,1,0
7092.91,3443.49,0,1,0,1,0,17,4,1,0,0,0,1,0,1,0,0,0,0,0,1,0,0,0
4218.57,2680.17,0,1,0,1,1,6,3,1,0,0,1,0,0,0,0,0,1,1,0,0,0,0,0
4265.22,3531.29,0,1,0,1,0,8,4,1,0,0,0,0,1,1,0,0,0,0,0,1,0,0,0
9186.92,4047.83,0,1,0,1,0,1,4,1,0,0,0,0,1,0,0,0,1,0,0,1,0,0,0
5764.47,1132.8,0,1,0,0,0,23,1,1,0,0,1,0,0,1,0,0,0,0,0,0,0,0,1
7064.09,3085.04,0,1,0,0,0,0,2,1,0,0,0,0,1,0,0,0,1,0,0,0,0,1,0
4170.94,4769.36,0,1,0,1,0,18,2,1,0,0,0,0,1,0,0,1,0,0,0,0,0,1,0
2237.7,1871.13,0,1,0,1,0,6,1,1,0,0,0,1,0,1,0,0,0,0,0,0,0,0,1
7235.87,1309.87,0,1,0,0,0,3,4,1,0,0,1,0,0,1,0,0,0,0,0,1,0,0,0
6078.63,4083.86,0,0,0,0,0,1,5,1,0,0,0,1,0,0,0,1,0,0,0,0,1,0,0
5013.93,3965.77,0,1,0,0,1,11,5,1,0,0,1,0,0,0,0,0,1,0,0,0,1,0,0
6240.59,2560.62,0,1,0,1,0,5,5,1,0,0,0,0,1,0,1,0,0,0,0,0,1,0,0
2083.65,4320.99,0,1,1,1,1,2,1,1,0,0,0,1,0,0,0,0,1,0,0,0,0,0,1
7939.59,3175.6,0,1,0,1,0,19,5,1,0,0,0,1,0,0,0,0,1,0,0,0,1,0,0
9481.68,2901.44,0,1,0,0,0,10,1,1,0,0,0,0,1,0,0,1,0,0,0,0,0,0,1
8911.14,4287.42,0,1,0,1,0,20,1,1,0,0,0,0,1,0,1,0,0,0,0,0,0,0,1
3215.04,1392.56,0,0,0,1,0,5,5,1,0,0,1,0,0,1,0,0,0,0,0,0,1,0,0
4060.65,1895.6,0,0,0,1,0,0,2,1,0,0,1,0,0,0,1,0,0,0,0,0,0,1,0
8084.21,2776.54,0,1,0,1,0,1,1,1,0,0,0,0,1,1,0,0,0,0,0,0,0,0,1
5951.58,1341.73,0,0,0,1,0,4,2,1,0,0,0,0,1,1,0,0,0,0,0,0,0,1,0
5479.6,4983.49,0,1,0,1,0,8,3,1,0,0,0,1,0,0,0,1,0,1,0,0,0,0,0
9266.49,2254.12,0,1,0,0,0,1,3,1,0,0,0,1,0,0,0,0,1,1,0,0,0,0,0
5360.71,4790.98,1,0,0,0,0,18,2,1,0,0,1,0,0,0,0,0,1,0,0,0,0,1,0
5149.87,2897.81,0,1,0,1,1,11,3,1,0,0,0,1,0,0,1,0,0,1,0,0,0,0,0
421.14,4698.07,0,1,0,1,0,16,3,1,0,0,0,0,1,0,0,0,1,1,0,0,0,0,0
695.1,2759.94,0,1,0,1,1,8,3,1,0,0,0,0,1,1,0,0,0,1,0,0,0,0,0
75.2,4258.9,1,0,0,1,1,9,3,1,0,0,0,0,1,0,0,1,0,1,0,0,0,0,0
9132.53,4004.39,0,1,0,0,0,1,6,1,0,0,0,0,1,0,0,0,1,0,1,0,0,0,0
4084.46,4787.58,0,1,0,1,0,0,1,1,0,0,1,0,0,0,0,0,1,0,0,0,0,0,1
4686.15,3549.81,0,0,0,1,0,6,4,1,0,0,0,0,1,1,0,0,0,0,0,1,0,0,0
8454.02,1908.34,0,1,0,1,0,1,3,1,0,0,0,0,1,0,1,0,0,1,0,0,0,0,0
6092.85,3167.61,1,1,0,1,0,2,3,1,0,0,0,0,1,0,0,0,1,1,0,0,0,0,0
6095.41,1583.5,0,1,0,1,0,10,1,1,0,0,0,0,1,1,0,0,0,0,0,0,0,0,1
2966.05,2339.48,0,1,0,1,0,5,3,1,0,0,1,0,0,0,1,0,0,1,0,0,0,0,0
8339.25,4156.75,0,0,1,1,0,2,5,1,0,0,1,0,0,0,0,0,1,0,0,0,1,0,0
1659.13,1055.87,0,1,0,1,0,13,3,1,0,0,0,1,0,1,0,0,0,1,0,0,0,0,0
532.44,3483.46,0,1,0,1,0,6,4,1,0,0,1,0,0,1,0,0,0,0,0,1,0,0,0
1916.84,3771.95,0,1,0,1,1,23,6,1,0,0,1,0,0,0,0,0,1,0,1,0,0,0,0
2678.1,4599.16,0,1,0,1,0,11,3,1,0,0,1,0,0,1,0,0,0,1,0,0,0,0,0
2823.83,4025.86,0,1,0,1,1,0,2,1,0,0,0,1,0,0,0,0,1,0,0,0,0,1,0
6705.47,2611.29,0,1,0,1,0,16,4,1,0,0,0,0,1,0,0,0,1,0,0,1,0,0,0
2179.03,4062.31,0,1,0,1,0,8,4,1,0,0,0,1,0,0,1,0,0,0,0,1,0,0,0
6766.91,3501.91,0,1,0,0,0,7,1,1,0,0,0,0,1,0,0,1,0,0,0,0,0,0,1
912.23,3347.0,0,0,0,1,0,3,1,1,0,0,1,0,0,0,0,0,1,0,0,0,0,0,1
1472.88,1294.97,0,1,1,0,0,0,6,1,0,0,0,0,1,0,0,0,1,0,1,0,0,0,0
5088.71,3158.73,0,1,0,0,0,19,2,1,0,0,0,1,0,0,1,0,0,0,0,0,0,1,0
9219.04,4468.39,0,1,0,0,1,12,6,1,0,0,0,0,1,0,0,1,0,0,1,0,0,0,0
8595.82,2747.4,0,1,0,1,0,18,3,1,0,0,0,0,1,0,0,1,0,1,0,0,0,0,0
9687.57,3816.63,0,1,0,0,0,14,6,1,0,0,1,0,0,1,0,0,0,0,1,0,0,0,0
6505.14,4614.95,0,1,0,1,0,5,6,1,0,0,0,0,1,0,0,1,0,0,1,0,0,0,0
6758.47,3136.68,0,1,0,0,0,0,6,1,0,0,0,0,1,0,0,1,0,0,1,0,0,0,0
6250.6,1352.5,0,0,0,1,0,22,2,1,0,0,1,0,0,1,0,0,0,0,0,0,0,1,0
6228.57,1217.0,0,1,0,1,0,13,5,1,0,0,0,1,0,0,0,1,0,0,0,0,1,0,0
1472.06,4190.82,0,1,0,1,0,2,5,1,0,0,1,0,0,0,1,0,0,0,0,0,1,0,0
5437.85,1130.81,0,0,0,1,0,23,6,1,0,0,0,0,1,0,0,0,1,0,1,0,0,0,0
3861.29,4995.67,0,1,0,1,1,22,2,1,0,0,1,0,0,0,1,0,0,0,0,0,0,1,0
4425.93,1510.04,0,1,0,1,0,13,3,1,0,0,1,0,0,0,0,1,0,1,0,0,0,0,0
5236.48,4100.55,0,1,0,1,0,5,1,1,0,0,0,0,1,1,0,0,0,0,0,0,0,0,1
1284.83,4470.87,0,1,0,1,0,22,5,1,0,0,0,1,0,0,1,0,0,0,0,0,1,0,0
3595.52,2225.71,0,1,0,1,0,8,3,1,0,0,1,0,0,0,1,0,0,1,0,0,0,0,0
635.43,3166.49,0,1,0,1,0,21,3,1,0,0,0,1,0,0,0,0,1,1,0,0,0,0,0
9796.7,4809.5,0,0,0,1,1,17,3,1,0,0,1,0,0,1,0,0,0,1,0,0,0,0,0
1186.16,4820.62,1,1,0,0,0,7,1,1,0,0,0,0,1,0,1,0,0,0,0,0,0,0,1
2585.99,4720.45,0,1,0,1,0,9,2,1,0,0,0,0,1,0,0,1,0,0,0,0,0,1,0
8913.04,2099.63,0,0,0,1,0,7,4,1,0,0,1,0,0,0,0,0,1,0,0,1,0,0,0
4827.62,1238.17,0,1,0,1,0,4,6,1,0,0,1,0,0,0,1,0,0,0,1,0,0,0,0
1357.24,1411.16,0,1,0,1,0,14,3,1,0,0,1,0,0,0,0,1,0,1,0,0,0,0,0
3842.92,1567.51,0,1,0,1,0,15,6,1,0,0,0,0,1,0,1,0,0,0,1,0,0,0,0
1159.56,3686.71,0,1,0,1,0,4,1,1,0,0,1,0,0,0,1,0,0,0,0,0,0,0,1
2002.96,4209.75,0,1,0,0,1,13,4,1,0,0,0,0,1,1,0,0,0,0,0,1,0,0,0
521.25,1201.3,0,1,0,1,0,23,1,1,0,0,1,0,0,0,1,0,0,0,0,0,0,0,1
4382.84,4561.62,0,0,0,0,0,1,1,1,0,0,0,0,1,1,0,0,0,0,0,0,0,0,1
8066.55,3989.21,1,0,0,1,0,12,3,1,0,0,1,0,0,0,0,1,0,1,0,0,0,0,0
5860.11,3121.14,0,1,0,0,0,15,2,1,0,0,0,1,0,1,0,0,0,0,0,0,0,1,0
6063.85,4959.84,0,0,0,0,0,1,4,1,0,0,0,1,0,0,0,1,0,0,0,1,0,0,0
2006.64,2060.74,0,0,0,1,0,10,2,1,0,0,0,0,1,1,0,0,0,0,0,0,0,1,0
3439.59,1872.03,0,1,0,0,0,8,1,1,0,0,1,0,0,1,0,0,0,0,0,0,0,0,1
8452.58,2339.21,0,1,0,0,1,3,3,1,0,0,0,1,0,1,0,0,0,1,0,0,0,0,0
879.47,3106.08,0,1,0,0,0,5,6,1,0,0,1,0,0,1,0,0,0,0,1,0,0,0,0
8579.45,2547.35,0,1,0,0,0,16,5,1,0,0,1,0,0,0,0,0,1,0,0,0,1,0,0
4837.42,4318.0,0,1,0,1,0,19,2,1,0,0,1,0,0,0,1,0,0,0,0,0,0,1,0
8371.64,4577.96,0,0,0,1,0,0,3,1,0,0,0,1,0,0,0,0,1,1,0,0,0,0,0
3180.75,4866.67,0,1,0,0,1,12,4,1,0,0,0,0,1,0,0,1,0,0,0,1,0,0,0
3389.09,4273.0,0,0,0,1,0,15,4,1,0,0,0,1,0,0,0,1,0,0,0,1,0,0,0
7516.3,3432.45,0,1,0,1,1,10,1,1,0,0,0,0,1,0,1,0,0,0,0,0,0,0,1
7850.18,3454.46,0,1,0,1,1,19,6,1,0,0,0,1,0,0,0,1,0,0,1,0,0,0,0
2297.22,1745.97,0,1,0,1,0,23,4,1,0,0,1,0,0,0,0,1,0,0,0,1,0,0,0
9728.74,2052.85,0,1,0,0,0,17,1,1,0,0,1,0,0,1,0,0,0,0,0,0,0,0,1
845.82,4989.04,0,1,0,0,0,19,4,1,0,0,1,0,0,0,1,0,0,0,0,1,0,0,0
685.96,2045.19,0,1,1,1,0,16,6,1,0,0,0,1,0,1,0,0,0,0,1,0,0,0,0
5955.45,2867.49,1,1,0,0,0,16,3,1,0,0,0,1,0,0,1,0,0,1,0,0,0,0,0
7227.68,2541.24,0,1,0,1,0,8,4,1,0,0,0,0,1,1,0,0,0,0,0,1,0,0,0
9608.9,3753.03,0,1,1,0,0,6,1,1,0,0,0,1,0,0,1,0,0,0,0,0,0,0,1
4050.05,2341.99,0,1,0,1,0,10,4,1,0,0,0,0,1,0,0,1,0,0,0,1,0,0,0
253.89,3731.8,0,1,0,1,0,11,3,1,0,0,0,1,0,0,0,0,1,1,0,0,0,0,0
6029.36,4843.21,0,1,0,1,0,5,5,1,0,0,1,0,0,0,0,1,0,0,0,0,1,0,0
2897.67,2009.55,0,1,0,0,0,19,3,1,0,0,0,1,0,0,1,0,0,1,0,0,0,0,0
4330.04,2482.71,0,0,0,0,1,8,5,1,0,0,1,0,0,0,0,0,1,0,0,0,1,0,0
4885.21,2368.7,0,1,0,1,0,8,6,1,0,0,0,1,0,0,0,0,1,0,1,0,0,0,0
646.06,2201.43,0,1,0,1,0,10,4,1,0,0,0,0,1,1,0,0,0,0,0,1,0,0,0
4860.33,2081.14,0,1,0,1,0,20,6,1,0,0,0,1,0,0,1,0,0,0,1,0,0,0,0
4263.77,3520.17,0,0,0,0,0,12,2,1,0,0,1,0,0,1,0,0,0,0,0,0,0,1,0
7125.73,3192.44,0,0,0,1,0,19,5,1,0,0,0,1,0,0,1,0,0,0,0,0,1,0,0
6457.01,3034.67,0,1,0,1,0,10,4,1,0,0,0,0,1,0,0,1,0,0,0,1,0,0,0
1852.97,4202.35,0,0,0,0,0,17,3,1,0,0,0,0,1,0,1,0,0,1,0,0,0,0,0
2062.18,1586.12,0,1,1,1,0,11,2,1,0,0,0,0,1,0,0,1,0,0,0,0,0,1,0
2510.81,1678.9,0,1,0,1,0,6,4,1,0,0,0,0,1,0,0,0,1,0,0,1,0,0,0
1790.33,3052.24,0,1,0,1,1,15,6,1,0,0,0,1,0,0,0,0,1,0,1,0,0,0,0
6572.47,2414.91,0,0,0,1,0,2,5,1,0,0,0,0,1,1,0,0,0,0,0,0,1,0,0
9944.31,1695.16,0,1,0,0,0,5,3,1,0,0,0,1,0,0,0,0,1,1,0,0,0,0,0
6521.43,3762.53,0,1,0,1,0,9,3,1,0,0,0,1,0,0,0,0,1,1,0,0,0,0,0
6067.21,2984.3,0,1,0,0,1,6,4,1,0,0,0,1,0,0,0,1,0,0,0,1,0,0,0
4099.87,1808.95,0,0,0,0,0,0,4,1,0,0,0,0,1,0,1,0,0,0,0,1,0,0,0
3126.49,2057.62,0,1,0,0,0,1,2,1,0,0,0,0,1,0,0,1,0,0,0,0,0,1,0
9110.83,3892.21,0,1,0,1,1,21,5,1,0,0,0,1,0,0,0,0,1,0,0,0,1,0,0
9690.05,2309.89,0,1,0,0,0,4,4,1,0,0,0,1,0,0,1,0,0,0,0,1,0,0,0
4968.26,1818.07,0,1,0,1,0,19,6,1,0,0,0,1,0,0,0,0,1,0,1,0,0,0,0
2902.71,4862.4,0,1,0,1,1,7,2,1,0,0,1,0,0,0,0,0,1,0,0,0,0,1,0
7701.45,1352.18,0,1,0,1,0,20,4,1,0,0,1,0,0,0,0,1,0,0,0,1,0,0,0
1325.44,1587.66,0,1,0,0,1,4,1,1,0,0,0,0,1,0,1,0,0,0,0,0,0,0,1
7656.12,3869.11,0,1,0,1,0,14,1,1,0,0,1,0,0,0,0,1,0,0,0,0,0,0,1
8189.66,2702.85,0,1,0,1,0,11,4,1,0,0,0,1,0,1,0,0,0,0,0,1,0,0,0
1249.91,4011.73,0,1,0,1,0,0,4,1,0,0,0,1,0,1,0,0,0,0,0,1,0,0,0
9768.64,3211.11,0,1,0,1,0,15,4,1,0,0,0,0,1,1,0,0,0,0,0,1,0,0,0
9855.14,1160.86,1,1,0,1,0,3,6,1,0,0,0,0,1,1,0,0,0,0,1,0,0,0,0
9367.26,3736.59,0,1,0,1,0,19,6,1,0,0,1,0,0,0,0,1,0,0,1,0,0,0,0
4960.85,4223.05,0,0,0,0,0,6,2,1,0,0,0,1,0,1,0,0,0,0,0,0,0,1,0
2461.5,3210.7,0,1,0,0,1,6,5,1,0,0,0,0,1,0,0,1,0,0,0,0,1,0,0
5820.51,2230.24,1,0,0,0,0,7,3,1,0,0,0,0,1,0,1,0,0,1,0,0,0,0,0
4199.92,1062.09,0,1,0,1,0,17,2,1,0,0,1,0,0,0,1,0,0,0,0,0,0,1,0
2060.28,4626.73,0,1,1,1,0,23,2,1,0,0,0,0,1,0,0,1,0,0,0,0,0,1,0
4237.34,3827.92,0,1,0,0,0,19,2,1,0,0,1,0,0,0,1,0,0,0,0,0,0,1,0
6639.23,1179.19,0,1,0,0,0,15,5,1,0,0,0,1,0,1,0,0,0,0,0,0,1,0,0
710.06,4362.37,1,1,0,1,0,22,4,1,0,0,1,0,0,0,0,1,0,0,0,1,0,0,0
3334.85,1212.24,0,1,0,0,0,4,5,1,0,0,0,0,1,0,0,0,1,0,0,0,1,0,0
178.93,3845.9,0,0,0,0,1,16,5,1,0,0,1,0,0,0,1,0,0,0,0,0,1,0,0
7495.21,3776.27,0,0,0,1,1,3,1,1,0,0,1,0,0,1,0,0,0,0,0,0,0,0,1
6407.27,4664.59,0,0,0,1,0,5,1,1,0,0,0,1,0,1,0,0,0,0,0,0,0,0,1
627.66,1661.72,0,1,0,1,0,14,6,1,0,0,1,0,0,0,0,0,1,0,1,0,0,0,0
9647.41,3269.09,0,0,0,0,0,11,5,1,0,0,0,0,1,1,0,0,0,0,0,0,1,0,0
227.19,3178.82,0,1,0,0,0,7,4,1,0,0,0,0,1,0,0,1,0,0,0,1,0,0,0
5900.02,1139.92,0,1,0,1,0,18,1,1,0,0,0,1,0,0,1,0,0,0,0,0,0,0,1
7763.9,3553.23,0,1,0,1,0,9,5,1,0,0,0,1,0,0,0,1,0,0,0,0,1,0,0
7879.18,2016.12,1,1,0,0,0,20,2,1,0,0,0,1,0,0,0,1,0,0,0,0,0,1,0
343.82,2329.97,0,1,0,1,0,2,1,1,0,0,0,0,1,0,1,0,0,0,0,0,0,0,1
9064.24,1965.42,0,1,0,1,1,12,1,1,0,0,1,0,0,1,0,0,0,0,0,0,0,0,1
9184.6,1223.69,0,1,0,1,0,22,6,1,0,0,0,0,1,0,0,0,1,0,1,0,0,0,0
5614.34,1666.51,0,0,0,0,0,17,4,1,0,0,0,0,1,0,0,0,1,0,0,1,0,0,0
4821.35,1829.23,0,1,0,1,0,5,5,1,0,0,0,1,0,1,0,0,0,0,0,0,1,0,0
449.63,3309.3,1,1,0,1,0,0,5,1,0,0,0,1,0,0,0,1,0,0,0,0,1,0,0
5619.98,1539.83,0,1,0,1,1,5,2,1,0,0,1,0,0,0,1,0,0,0,0,0,0,1,0
4094.38,4682.86,0,0,0,1,0,21,2,1,0,0,1,0,0,0,1,0,0,0,0,0,0,1,0
7728.29,1927.15,0,1,0,0,0,10,4,1,0,0,1,0,0,0,0,1,0,0,0,1,0,0,0
4039.43,3606.98,0,0,0,1,0,20,5,1,0,0,1,0,0,1,0,0,0,0,0,0,1,0,0
6836.12,1630.33,0,1,0,0,0,17,6,1,0,0,0,0,1,1,0,0,0,0,1,0,0,0,0
1014.98,4180.53,0,1,1,0,1,11,2,1,0,0,1,0,0,0,0,1,0,0,0,0,0,1,0
1330.39,1286.05,0,1,0,1,0,2,4,1,0,0,0,0,1,1,0,0,0,0,0,1,0,0,0
1397.96,3950.37,0,1,0,1,0,5,1,1,0,0,0,0,1,0,0,0,1,0,0,0,0,0,1
456.21,2572.66,0,1,0,0,0,18,6,1,0,0,1,0,0,0,0,0,1,0,1,0,0,0,0
5413.75,2862.08,1,1,0,0,0,1,3,1,0,0,1,0,0,0,1,0,0,1,0,0,0,0,0
7939.88,2465.28,0,1,0,0,0,10,5,1,0,0,0,0,1,1,0,0,0,0,0,0,1,0,0
6104.5,2608.19,0,1,0,1,0,6,5,1,0,0,0,1,0,0,0,1,0,0,0,0,1,0,0
5749.97,1021.3,0,1,1,1,1,23,5,1,0,0,1,0,0,0,0,0,1,0,0,0,1,0,0
6806.56,1104.6,0,1,0,1,0,22,4,1,0,0,0,1,0,0,1,0,0,0,0,1,0,0,0
3397.11,4175.74,0,1,0,0,0,16,4,1,0,0,0,0,1,1,0,0,0,0,0,1,0,0,0
3620.18,1853.94,0,1,0,1,0,16,4,1,0,0,0,1,0,0,0,1,0,0,0,1,0,0,0
3143.39,3429.19,1,1,0,1,0,22,2,1,0,0,0,0,1,1,0,0,0,0,0,0,0,1,0
7121.38,3613.3,0,0,0,1,0,3,5,1,0,0,0,1,0,0,1,0,0,0,0,0,1,0,0
1617.24,3791.92,0,0,0,1,0,23,1,1,0,0,0,1,0,1,0,0,0,0,0,0,0,0,1
131.24,3389.37,0,1,0,0,0,7,1,1,0,0,0,1,0,1,0,0,0,0,0,0,0,0,1
5962.37,3515.15,0,0,0,1,0,21,2,1,0,0,0,0,1,0,1,0,0,0,0,0,0,1,0
9423.87,3326.02,0,0,0,1,0,10,2,1,0,0,0,0,1,1,0,0,0,0,0,0,0,1,0
6094.47,4712.71,0,1,1,1,0,8,2,1,0,0,0,0,1,1,0,0,0,0,0,0,0,1,0
7829.43,3658.34,0,0,0,1,0,1,6,1,0,0,1,0,0,0,0,1,0,0,1,0,0,0,0
6728.23,2411.74,0,1,0,1,0,14,5,1,0,0,0,0,1,0,0,0,1,0,0,0,1,0,0
4974.87,2426.55,0,0,0,1,0,15,1,1,0,0,1,0,0,0,0,1,0,0,0,0,0,0,1
7184.21,1318.43,0,0,0,0,0,13,1,1,0,0,0,0,1,0,1,0,0,0,0,0,0,0,1
8241.22,4967.14,0,1,0,1,1,8,6,1,0,0,1,0,0,0,0,0,1,0,1,0,0,0,0
2248.09,4563.06,0,0,0,1,1,14,1,1,0,0,0,1,0,1,0,0,0,0,0,0,0,0,1
3361.97,1172.28,1,1,0,1,0,10,6,1,0,0,0,1,0,1,0,0,0,0,1,0,0,0,0
2238.03,4447.12,0,1,0,1,0,11,2,1,0,0,0,0,1,0,1,0,0,0,0,0,0,1,0
4522.28,1553.7,0,1,0,1,1,7,6,1,0,0,1,0,0,0,0,1,0,0,1,0,0,0,0
8850.76,1956.2,0,1,0,0,0,12,6,1,0,0,0,1,0,0,0,1,0,0,1,0,0,0,0
3452.73,3723.14,1,1,0,0,0,16,4,1,0,0,0,1,0,0,0,0,1,0,0,1,0,0,0
3745.29,3920.86,0,1,0,0,1,19,5,1,0,0,1,0,0,1,0,0,0,0,0,0,1,0,0
8603.81,3023.0,0,1,0,1,0,16,4,1,0,0,0,0,1,0,0,1,0,0,0,1,0,0,0
5154.23,4870.97,1,1,0,1,1,14,3,1,0,0,0,1,0,1,0,0,0,1,0,0,0,0,0
5354.95,2958.46,1,1,0,1,0,22,2,1,0,0,0,0,1,1,0,0,0,0,0,0,0,1,0
8608.15,2033.44,0,1,0,1,0,0,1,1,0,0,0,0,1,1,0,0,0,0,0,0,0,0,1
4905.78,1036.24,0,1,0,0,0,23,6,1,0,0,1,0,0,0,0,0,1,0,1,0,0,0,0
6815.89,4469.2,0,0,0,1,0,17,1,1,0,0,1,0,0,0,1,0,0,0,0,0,0,0,1
857.36,2581.24,0,0,0,1,0,7,1,1,0,0,0,1,0,1,0,0,0,0,0,0,0,0,1
1787.14,4130.15,0,1,0,1,0,3,2,1,0,0,1,0,0,0,1,0,0,0,0,0,0,1,0
4044.36,4095.42,0,1,1,1,0,15,5,1,0,0,0,1,0,0,1,0,0,0,0,0,1,0,0
4948.9,1174.27,0,1,0,1,0,19,3,1,0,0,0,1,0,0,0,0,1,1,0,0,0,0,0
9657.37,4286.3,0,0,0,1,1,7,2,1,0,0,0,1,0,0,0,1,0,0,0,0,0,1,0
9706.55,2156.59,0,0,0,1,0,11,2,1,0,0,0,0,1,0,1,0,0,0,0,0,0,1,0
8512.12,4364.92,0,1,0,1,0,17,1,1,0,0,0,0,1,0,1,0,0,0,0,0,0,0,1
3156.67,2968.69,0,1,1,1,0,7,4,1,0,0,1,0,0,0,1,0,0,0,0,1,0,0,0
9640.32,3366.36,0,1,0,1,0,13,2,1,0,0,1,0,0,0,0,1,0,0,0,0,0,1,0
6893.72,1405.48,0,1,0,0,0,5,3,1,0,0,0,1,0,1,0,0,0,1,0,0,0,0,0
3930.01,2517.16,0,1,0,1,1,6,4,1,0,0,0,1,0,1,0,0,0,0,0,1,0,0,0
7017.05,4883.58,1,1,0,1,0,2,4,1,0,0,0,0,1,0,0,0,1,0,0,1,0,0,0
166.21,4703.56,0,1,0,1,0,20,4,1,0,0,0,0,1,1,0,0,0,0,0,1,0,0,0
1462.4,4976.81,0,0,0,1,1,13,6,1,0,0,0,1,0,1,0,0,0,0,1,0,0,0,0
8297.03,3040.86,0,1,0,0,0,13,4,1,0,0,0,1,0,1,0,0,0,0,0,1,0,0,0
6456.09,4273.1,0,1,0,1,0,18,2,1,0,0,1,0,0,0,0,0,1,0,0,0,0,1,0
3642.58,2820.2,0,1,0,0,0,5,4,1,0,0,0,1,0,0,0,0,1,0,0,1,0,0,0
5007.17,4765.61,0,1,0,1,1,21,4,1,0,0,0,1,0,1,0,0,0,0,0,1,0,0,0
9051.52,4943.96,0,1,0,0,0,5,2,1,0,0,0,1,0,1,0,0,0,0,0,0,0,1,0
6316.15,4511.17,0,0,0,0,0,3,4,1,0,0,0,0,1,0,1,0,0,0,0,1,0,0,0
3982.09,3484.65,0,1,0,1,1,13,5,1,0,0,0,0,1,0,0,1,0,0,0,0,1,0,0
1204.15,4955.82,0,1,0,1,0,0,1,1,0,0,1,0,0,0,0,0,1,0,0,0,0,0,1
2938.17,4934.97,0,0,0,1,0,0,6,1,0,0,1,0,0,0,0,1,0,0,1,0,0,0,0
9783.42,2900.32,0,1,0,1,0,1,3,1,0,0,1,0,0,1,0,0,0,1,0,0,0,0,0
4374.19,2215.09,0,1,0,1,0,21,5,1,0,0,0,1,0,1,0,0,0,0,0,0,1,0,0
4718.92,1749.68,1,1,0,1,0,4,4,1,0,0,0,1,0,1,0,0,0,0,0,1,0,0,0
4986.48,3708.05,0,1,0,1,1,17,2,1,0,0,0,0,1,1,0,0,0,0,0,0,0,1,0
8841.16,1139.19,0,1,0,1,0,5,3,1,0,0,0,1,0,0,0,0,1,1,0,0,0,0,0
6039.68,4055.31,0,1,0,1,0,4,5,1,0,0,0,1,0,1,0,0,0,0,0,0,1,0,0
6937.08,1205.28,0,1,0,1,0,15,2,1,0,0,0,0,1,0,0,1,0,0,0,0,0,1,0
3894.75,2061.49,0,1,0,0,0,17,3,1,0,0,1,0,0,0,1,0,0,1,0,0,0,0,0
291.85,2991.99,0,1,0,1,0,23,4,1,0,0,0,1,0,0,1,0,0,0,0,1,0,0,0
9309.8,1389.73,0,1,0,1,0,14,1,1,0,0,0,0,1,0,0,1,0,0,0,0,0,0,1
9491.33,1145.19,0,1,0,1,1,7,4,1,0,0,0,0,1,0,0,1,0,0,0,1,0,0,0
9491.58,2919.21,1,1,0,1,1,7,4,1,0,0,1,0,0,0,1,0,0,0,0,1,0,0,0
9436.93,4547.02,0,1,0,1,0,7,3,1,0,0,0,0,1,0,0,0,1,1,0,0,0,0,0
8152.6,2633.26,0,1,0,1,1,3,4,1,0,0,1,0,0,0,0,1,0,0,0,1,0,0,0
6846.28,1801.12,0,1,0,1,0,1,1,1,0,0,1,0,0,0,0,0,1,0,0,0,0,0,1
8445.25,2633.4,1,1,0,1,0,21,2,1,0,0,1,0,0,0,1,0,0,0,0,0,0,1,0
6005.86,3890.54,0,1,0,1,0,3,3,1,0,0,1,0,0,0,0,0,1,1,0,0,0,0,0
1344.56,1165.45,0,1,0,1,0,16,2,1,0,0,1,0,0,0,1,0,0,0,0,0,0,1,0
3912.79,1122.98,0,1,0,1,1,20,6,1,0,0,0,0,1,1,0,0,0,0,1,0,0,0,0
9712.98,2851.13,0,1,0,1,0,4,6,1,0,0,0,1,0,0,0,0,1,0,1,0,0,0,0
3512.03,3706.78,0,1,0,1,1,10,5,1,0,0,1,0,0,0,0,0,1,0,0,0,1,0,0
8678.41,3455.03,0,0,0,1,0,10,1,1,0,0,1,0,0,0,0,0,1,0,0,0,0,0,1
933.02,3551.29,0,1,0,0,0,22,5,1,0,0,0,1,0,1,0,0,0,0,0,0,1,0,0
3342.5,1662.87,1,0,0,1,0,13,4,1,0,0,0,1,0,1,0,0,0,0,0,1,0,0,0
3510.18,3154.94,0,1,0,0,0,15,4,1,0,0,1,0,0,1,0,0,0,0,0,1,0,0,0
516.97,2511.69,0,1,1,0,0,17,5,1,0,0,0,1,0,0,0,1,0,0,0,0,1,0,0
1191.82,1441.98,0,1,0,1,0,16,4,1,0,0,1,0,0,0,1,0,0,0,0,1,0,0,0
1932.46,1512.25,0,1,0,1,0,6,1,1,0,0,0,0,1,0,0,1,0,0,0,0,0,0,1
8378.32,3581.37,0,1,0,0,0,7,3,1,0,0,0,1,0,0,0,0,1,1,0,0,0,0,0
634.96,4828.88,0,1,0,1,0,11,4,1,0,0,0,1,0,0,1,0,0,0,0,1,0,0,0
2987.71,1425.2,0,1,0,1,1,1,3,1,0,0,0,0,1,0,0,1,0,1,0,0,0,0,0
102.74,2979.56,0,1,0,1,0,6,5,1,0,0,0,1,0,1,0,0,0,0,0,0,1,0,0
6956.58,1991.71,0,1,0,1,0,1,2,1,0,0,0,0,1,0,0,1,0,0,0,0,0,1,0
6203.41,2126.43,0,1,0,1,0,10,1,1,0,0,1,0,0,1,0,0,0,0,0,0,0,0,1
6450.18,1897.82,0,0,0,0,1,20,6,1,0,0,0,1,0,0,0,1,0,0,1,0,0,0,0
3744.45,3182.77,0,0,0,1,0,14,2,1,0,0,0,1,0,1,0,0,0,0,0,0,0,1,0
2083.47,1226.85,0,0,0,1,0,11,5,1,0,0,0,0,1,0,0,1,0,0,0,0,1,0,0
7203.48,3969.99,0,1,0,1,0,4,4,1,0,0,1,0,0,0,0,0,1,0,0,1,0,0,0
8111.37,3426.92,0,0,0,0,0,21,6,1,0,0,1,0,0,0,1,0,0,0,1,0,0,0,0
1386.88,2539.32,0,1,0,1,0,4,3,1,0,0,0,0,1,0,0,1,0,1,0,0,0,0,0
4868.81,1871.4,1,0,0,1,0,17,1,1,0,0,0,1,0,0,0,1,0,0,0,0,0,0,1
2487.91,3145.28,0,1,0,1,0,1,6,1,0,0,0,1,0,0,1,0,0,0,1,0,0,0,0
1681.9,4820.61,0,1,0,0,0,14,4,1,0,0,0,0,1,0,0,0,1,0,0,1,0,0,0
7343.52,3832.42,0,1,0,1,0,2,2,1,0,0,0,0,1,0,0,0,1,0,0,0,0,1,0
5381.43,2117.42,0,1,0,1,0,21,2,1,0,0,0,0,1,1,0,0,0,0,0,0,0,1,0
2162.64,3971.67,0,1,0,0,1,10,1,1,0,0,0,1,0,0,0,0,1,0,0,0,0,0,1
3100.69,3016.16,0,1,0,0,0,1,6,1,0,0,0,0,1,0,1,0,0,0,1,0,0,0,0
9666.57,1192.07,0,1,0,1,0,8,2,1,0,0,1,0,0,0,0,1,0,0,0,0,0,1,0
8486.95,3470.14,0,1,0,1,0,21,4,1,0,0,0,0,1,0,1,0,0,0,0,1,0,0,0
8799.59,1935.58,0,1,1,1,0,5,2,1,0,0,1,0,0,1,0,0,0,0,0,0,0,1,0
4600.66,2638.64,0,1,0,0,0,10,2,1,0,0,1,0,0,0,0,1,0,0,0,0,0,1,0
6238.45,2913.87,1,1,0,1,0,7,4,1,0,0,0,0,1,1,0,0,0,0,0,1,0,0,0
3768.3,4197.23,0,1,0,1,0,11,4,1,0,0,1,0,0,1,0,0,0,0,0,1,0,0,0
778.04,3320.27,0,1,0,1,0,0,3,1,0,0,0,1,0,0,0,0,1,1,0,0,0,0,0
4011.29,2360.39,0,1,0,1,0,13,6,1,0,0,0,0,1,0,0,1,0,0,1,0,0,0,0
5940.21,3628.99,0,0,0,1,0,4,6,1,0,0,0,1,0,1,0,0,0,0,1,0,0,0,0
2872.16,1768.38,0,1,0,1,1,6,4,1,0,0,0,1,0,1,0,0,0,0,0,1,0,0,0
8479.66,4291.17,0,1,0,0,0,18,5,1,0,0,1,0,0,1,0,0,0,0,0,0,1,0,0
1511.85,1805.72,0,1,0,1,0,4,1,1,0,0,0,1,0,0,1,0,0,0,0,0,0,0,1
3671.92,3234.13,0,0,0,1,0,12,1,1,0,0,0,1,0,1,0,0,0,0,0,0,0,0,1
1249.91,1820.51,0,1,0,0,0,0,1,1,0,0,0,0,1,0,0,0,1,0,0,0,0,0,1
4048.92,2302.25,0,0,0,1,0,11,4,1,0,0,0,0,1,0,0,0,1,0,0,1,0,0,0
397.57,2689.95,0,1,0,0,0,22,4,1,0,0,0,1,0,0,0,1,0,0,0,1,0,0,0
2726.22,2469.68,0,0,0,0,0,23,5,1,0,0,1,0,0,1,0,0,0,0,0,0,1,0,0
4007.95,4735.47,0,1,0,1,0,14,6,1,0,0,1,0,0,0,0,1,0,0,1,0,0,0,0
4782.18,1893.96,0,0,0,1,0,15,4,1,0,0,0,0,1,0,0,1,0,0,0,1,0,0,0
5437.42,1720.6,1,1,0,0,0,17,4,1,0,0,0,0,1,0,0,0,1,0,0,1,0,0,0
2750.64,3070.15,0,1,0,1,0,22,1,1,0,0,0,0,1,1,0,0,0,0,0,0,0,0,1
5230.89,4795.66,1,1,0,0,0,18,4,1,0,0,1,0,0,0,0,0,1,0,0,1,0,0,0
5090.54,3013.32,0,1,0,1,0,21,1,1,0,0,0,0,1,0,1,0,0,0,0,0,0,0,1
3162.46,4837.5,0,1,0,0,0,18,6,1,0,0,0,1,0,1,0,0,0,0,1,0,0,0,0
8302.17,1761.42,0,1,0,1,1,1,1,1,0,0,1,0,0,1,0,0,0,0,0,0,0,0,1
5456.87,1041.03,0,1,0,1,0,18,3,1,0,0,0,1,0,0,0,1,0,1,0,0,0,0,0
3323.36,2211.78,0,1,1,1,0,16,4,1,0,0,0,0,1,0,0,1,0,0,0,1,0,0,0
9473.44,3552.79,0,1,0,0,0,8,3,1,0,0,1,0,0,0,0,0,1,1,0,0,0,0,0
8451.28,3368.2,0,1,0,1,0,14,2,1,0,0,0,0,1,0,1,0,0,0,0,0,0,1,0
9825.9,1966.9,0,1,0,1,0,7,1,1,0,0,1,0,0,0,0,0,1,0,0,0,0,0,1
6922.65,3646.3,0,1,0,1,0,19,5,1,0,0,0,0,1,0,1,0,0,0,0,0,1,0,0
3782.85,4320.99,0,0,0,1,0,23,3,1,0,0,1,0,0,1,0,0,0,1,0,0,0,0,0
2809.33,3748.79,0,1,0,1,0,6,6,1,0,0,1,0,0,0,0,1,0,0,1,0,0,0,0
6633.52,3911.43,0,0,0,0,0,21,4,1,0,0,1,0,0,0,0,1,0,0,0,1,0,0,0
9808.19,2230.43,0,0,0,1,0,12,6,1,0,0,0,1,0,1,0,0,0,0,1,0,0,0,0
6267.52,3116.83,0,0,0,0,0,3,5,1,0,0,0,0,1,0,1,0,0,0,0,0,1,0,0
8816.27,1170.82,0,1,0,1,1,15,4,1,0,0,0,0,1,0,0,0,1,0,0,1,0,0,0
3291.71,2436.33,0,1,0,1,0,5,6,1,0,0,1,0,0,1,0,0,0,0,1,0,0,0,0
4070.13,4262.89,0,1,0,0,0,3,5,1,0,0,0,1,0,0,0,1,0,0,0,0,1,0,0
9062.85,4160.44,0,1,1,0,1,12,4,1,0,0,1,0,0,0,1,0,0,0,0,1,0,0,0
7568.91,4763.2,0,1,0,1,0,21,3,1,0,0,0,0,1,0,0,0,1,1,0,0,0,0,0
9814.12,4875.05,0,1,0,0,0,8,6,1,0,0,0,0,1,1,0,0,0,0,1,0,0,0,0
7747.87,4890.69,0,0,0,0,0,19,1,1,0,0,1,0,0,0,0,1,0,0,0,0,0,0,1
4485.71,1629.53,0,1,0,1,0,2,3,1,0,0,1,0,0,0,1,0,0,1,0,0,0,0,0
5311.15,1482.53,1,0,0,1,0,22,3,1,0,0,1,0,0,0,0,0,1,1,0,0,0,0,0
9005.25,4500.33,0,1,0,1,1,11,1,1,0,0,0,0,1,1,0,0,0,0,0,0,0,0,1
5516.92,2532.55,0,1,0,0,0,20,3,1,0,0,1,0,0,0,0,0,1,1,0,0,0,0,0
2554.72,2428.73,0,1,0,1,1,5,5,1,0,0,1,0,0,1,0,0,0,0,0,0,1,0,0
4356.76,3134.69,0,1,0,1,0,0,6,1,0,0,0,0,1,0,1,0,0,0,1,0,0,0,0
5163.64,2805.65,0,1,0,1,1,21,6,1,0,0,1,0,0,0,0,1,0,0,1,0,0,0,0
968.1,1892.16,0,1,0,1,0,16,4,1,0,0,0,1,0,1,0,0,0,0,0,1,0,0,0
7437.88,4378.45,0,0,0,0,1,12,3,1,0,0,0,0,1,1,0,0,0,1,0,0,0,0,0
1094.43,4637.04,0,0,0,1,0,12,3,1,0,0,1,0,0,0,1,0,0,1,0,0,0,0,0
4049.77,3990.03,0,1,0,1,0,21,6,1,0,0,1,0,0,0,1,0,0,0,1,0,0,0,0
8046.42,1192.29,0,0,0,0,0,6,4,1,0,0,0,0,1,0,0,1,0,0,0,1,0,0,0
4676.24,1471.67,0,1,0,1,1,16,4,1,0,0,0,0,1,0,1,0,0,0,0,1,0,0,0
8420.31,2384.04,0,1,0,1,0,10,2,1,0,0,0,1,0,0,0,0,1,0,0,0,0,1,0
3419.47,3226.84,0,1,0,1,1,5,5,1,0,0,1,0,0,0,0,0,1,0,0,0,1,0,0
9576.41,3438.06,0,1,0,1,0,14,3,1,0,0,1,0,0,0,0,1,0,1,0,0,0,0,0
2095.47,1399.98,0,1,1,0,1,21,4,1,0,0,1,0,0,0,0,1,0,0,0,1,0,0,0
383.6,4840.97,0,0,0,1,0,4,4,1,0,0,0,0,1,0,1,0,0,0,0,1,0,0,0
8724.39,3118.28,0,1,0,1,1,1,1,1,0,0,0,0,1,0,0,0,1,0,0,0,0,0,1
7522.27,2726.99,0,1,0,1,0,19,1,1,0,0,0,0,1,0,1,0,0,0,0,0,0,0,1
2320.61,1764.47,0,1,1,0,0,5,2,1,0,0,1,0,0,0,0,1,0,0,0,0,0,1,0
9847.43,4803.37,0,1,0,1,0,23,5,1,0,0,1,0,0,0,0,0,1,0,0,0,1,0,0
5023.3,2789.58,0,1,0,1,0,23,3,1,0,0,0,0,1,0,0,1,0,1,0,0,0,0,0
9510.7,1471.14,1,1,0,0,0,15,2,1,0,0,0,1,0,0,0,1,0,0,0,0,0,1,0
5050.78,3457.46,0,1,0,0,0,12,1,1,0,0,1,0,0,0,1,0,0,0,0,0,0,0,1
4719.27,2400.61,0,1,0,1,0,20,3,1,0,0,0,1,0,0,0,1,0,1,0,0,0,0,0
4491.94,4231.99,0,0,0,1,1,14,2,1,0,0,0,0,1,0,1,0,0,0,0,0,0,1,0
3349.42,3181.86,0,1,0,1,0,17,5,1,0,0,1,0,0,0,0,1,0,0,0,0,1,0,0
5337.48,1422.8,0,0,0,1,0,19,2,1,0,0,0,1,0,0,0,1,0,0,0,0,0,1,0
4526.09,4002.42,0,1,0,1,0,18,6,1,0,0,1,0,0,0,0,1,0,0,1,0,0,0,0
368.43,2218.67,0,1,0,0,1,10,3,1,0,0,0,1,0,0,0,0,1,1,0,0,0,0,0
2605.09,2632.98,0,1,0,1,0,8,3,1,0,0,1,0,0,0,0,1,0,1,0,0,0,0,0
2132.01,4102.58,0,0,0,0,0,14,2,1,0,0,0,1,0,1,0,0,0,0,0,0,0,1,0
8674.49,1425.81,0,1,0,1,0,15,2,1,0,0,0,1,0,0,0,0,1,0,0,0,0,1,0
5989.1,4911.12,0,1,0,1,0,18,2,1,0,0,0,0,1,1,0,0,0,0,0,0,0,1,0
7637.07,3808.35,0,1,0,1,1,6,1,1,0,0,0,0,1,0,0,1,0,0,0,0,0,0,1
9568.3,1770.38,0,1,0,1,0,16,1,1,0,0,0,1,0,0,0,0,1,0,0,0,0,0,1
6440.75,1232.5,1,1,0,1,0,20,6,1,0,0,1,0,0,1,0,0,0,0,1,0,0,0,0
9826.12,3178.14,0,1,0,1,0,11,5,1,0,0,0,1,0,0,0,1,0,0,0,0,1,0,0
3118.33,2517.03,0,1,0,0,0,6,5,1,0,0,1,0,0,0,0,0,1,0,0,0,1,0,0
1863.49,1118.02,0,0,0,0,0,23,2,1,0,0,1,0,0,0,0,1,0,0,0,0,0,1,0
4033.7,3436.88,0,1,0,1,0,23,3,1,0,0,1,0,0,0,1,0,0,1,0,0,0,0,0
4708.52,2234.99,0,1,0,1,0,11,3,1,0,0,1,0,0,0,1,0,0,1,0,0,0,0,0
8953.72,2287.93,0,1,0,0,0,5,5,1,0,0,0,0,1,1,0,0,0,0,0,0,1,0,0
5599.84,1648.69,0,1,0,1,1,22,5,1,0,0,0,1,0,0,0,0,1,0,0,0,1,0,0
2922.52,1561.51,0,1,0,0,0,20,4,1,0,0,1,0,0,0,0,0,1,0,0,1,0,0,0
7426.6,1577.37,0,1,0,1,0,8,5,1,0,0,0,0,1,0,0,0,1,0,0,0,1,0,0
5058.81,4544.24,0,0,0,1,1,21,4,1,0,0,1,0,0,0,0,0,1,0,0,1,0,0,0
1622.16,3132.31,0,1,0,1,0,7,1,1,0,0,1,0,0,0,0,0,1,0,0,0,0,0,1
5768.62,2877.7,0,1,0,0,0,9,2,1,0,0,0,0,1,1,0,0,0,0,0,0,0,1,0
9114.03,3817.87,0,1,0,1,0,16,5,1,0,0,0,0,1,0,0,0,1,0,0,0,1,0,0
8426.38,2279.07,0,1,0,0,0,19,5,1,0,0,1,0,0,0,1,0,0,0,0,0,1,0,0
5868.51,4288.9,0,0,0,0,0,15,1,1,0,0,0,1,0,0,1,0,0,0,0,0,0,0,1
3771.45,1788.78,0,1,0,1,0,13,6,1,0,0,0,0,1,0,0,0,1,0,1,0,0,0,0
870.7,4210.65,1,0,0,1,0,13,6,1,0,0,0,1,0,0,0,1,0,0,1,0,0,0,0
4697.02,1224.19,0,1,0,1,0,6,2,1,0,0,1,0,0,0,0,0,1,0,0,0,0,1,0
7521.04,1627.36,0,0,0,0,0,5,5,1,0,0,1,0,0,1,0,0,0,0,0,0,1,0,0
3603.38,4570.62,0,1,0,1,0,10,1,1,0,0,1,0,0,0,1,0,0,0,0,0,0,0,1
2355.23,1436.03,1,1,0,1,1,7,4,1,0,0,1,0,0,0,1,0,0,0,0,1,0,0,0
9313.87,1982.23,0,0,0,1,0,22,4,1,0,0,1,0,0,1,0,0,0,0,0,1,0,0,0
8215.74,1170.79,0,1,0,1,0,11,1,1,0,0,1,0,0,1,0,0,0,0,0,0,0,0,1
6383.12,3394.66,0,0,0,0,0,12,2,1,0,0,0,1,0,0,0,1,0,0,0,0,0,1,0
1368.7,2310.84,0,1,0,1,0,5,5,1,0,0,0,0,1,0,1,0,0,0,0,0,1,0,0
1449.94,3533.95,0,1,0,1,0,17,2,1,0,0,1,0,0,0,0,0,1,0,0,0,0,1,0
1033.09,1343.12,0,0,0,0,0,17,2,1,0,0,0,0,1,1,0,0,0,0,0,0,0,1,0
6163.35,2580.42,0,1,0,1,1,14,3,1,0,0,0,1,0,0,0,0,1,1,0,0,0,0,0
1156.51,2486.71,0,1,0,1,0,14,1,1,0,0,1,0,0,1,0,0,0,0,0,0,0,0,1
8426.43,3147.33,0,1,0,0,0,6,5,1,0,0,1,0,0,1,0,0,0,0,0,0,1,0,0
9929.66,2180.13,0,1,0,0,0,1,2,1,0,0,0,0,1,0,1,0,0,0,0,0,0,1,0
3664.12,4939.02,0,1,0,1,0,8,5,1,0,0,0,0,1,1,0,0,0,0,0,0,1,0,0
4537.24,2264.12,0,1,0,1,0,11,3,1,0,0,0,0,1,0,1,0,0,1,0,0,0,0,0
7116.96,3785.48,0,1,0,0,0,6,1,1,0,0,1,0,0,0,0,1,0,0,0,0,0,0,1
9371.59,2465.2,0,1,0,0,0,6,1,1,0,0,0,0,1,0,1,0,0,0,0,0,0,0,1
8941.04,3134.54,0,1,0,1,0,16,5,1,0,0,0,0,1,0,0,0,1,0,0,0,1,0,0
576.86,1906.67,0,1,0,1,1,7,4,1,0,0,0,1,0,0,0,0,1,0,0,1,0,0,0
1691.55,1691.16,0,1,0,0,0,14,5,1,0,0,1,0,0,0,0,0,1,0,0,0,1,0,0
7546.22,4889.57,0,1,0,0,1,0,3,1,0,0,1,0,0,0,0,0,1,1,0,0,0,0,0
6889.24,3163.76,0,0,0,1,1,16,5,1,0,0,1,0,0,0,1,0,0,0,0,0,1,0,0
1333.05,2843.25,0,1,0,1,0,23,3,1,0,0,0,0,1,0,1,0,0,1,0,0,0,0,0
5021.14,3566.29,0,1,0,1,1,3,3,1,0,0,0,1,0,1,0,0,0,1,0,0,0,0,0
7808.37,1893.81,0,1,0,1,0,19,6,1,0,0,0,0,1,0,1,0,0,0,1,0,0,0,0
2188.59,4287.89,0,1,0,1,1,18,5,1,0,0,1,0,0,0,0,0,1,0,0,0,1,0,0
8713.01,1992.94,0,1,0,0,0,9,5,1,0,0,0,0,1,0,1,0,0,0,0,0,1,0,0
530.66,3170.12,0,1,0,1,0,3,3,1,0,0,1,0,0,0,0,1,0,1,0,0,0,0,0
7822.17,1508.72,1,1,0,0,0,13,2,1,0,0,0,0,1,0,0,1,0,0,0,0,0,1,0
6158.57,3298.26,0,1,0,1,0,2,2,1,0,0,0,0,1,0,0,1,0,0,0,0,0,1,0
3152.68,2931.83,0,1,0,0,1,17,1,1,0,0,1,0,0,0,0,0,1,0,0,0,0,0,1
7209.6,2122.59,0,1,0,1,0,10,3,1,0,0,0,0,1,0,0,1,0,1,0,0,0,0,0
7823.88,2230.1,0,1,0,1,0,4,3,1,0,0,1,0,0,1,0,0,0,1,0,0,0,0,0
9339.06,1039.25,0,1,0,1,1,12,5,1,0,0,0,0,1,0,0,1,0,0,0,0,1,0,0
3678.38,1109.27,0,0,0,1,0,11,6,1,0,0,0,0,1,0,0,0,1,0,1,0,0,0,0
6860.48,3403.43,0,1,0,1,0,14,4,1,0,0,0,0,1,1,0,0,0,0,0,1,0,0,0
6026.56,3873.5,0,1,0,1,0,12,3,1,0,0,1,0,0,0,0,1,0,1,0,0,0,0,0
5252.54,3187.61,0,0,0,0,0,13,5,1,0,0,0,0,1,0,1,0,0,0,0,0,1,0,0
8904.27,1327.64,0,1,0,1,0,12,6,1,0,0,0,0,1,0,1,0,0,0,1,0,0,0,0
32.67,4763.48,0,1,0,1,0,13,5,1,0,0,0,1,0,0,0,0,1,0,0,0,1,0,0
2821.83,3853.73,0,1,0,1,0,6,2,1,0,0,0,1,0,0,0,0,1,0,0,0,0,1,0
5383.23,1949.5,0,1,0,1,0,14,2,1,0,0,1,0,0,0,0,0,1,0,0,0,0,1,0
1783.75,3685.95,0,1,0,1,0,12,5,1,0,0,1,0,0,1,0,0,0,0,0,0,1,0,0
9078.76,1445.83,0,1,0,1,0,8,4,1,0,0,1,0,0,0,0,0,1,0,0,1,0,0,0
6476.3,4117.55,0,0,0,1,0,20,1,1,0,0,1,0,0,0,0,1,0,0,0,0,0,0,1
4779.35,2923.7,0,0,0,1,0,18,1,1,0,0,0,0,1,0,0,1,0,0,0,0,0,0,1
8147.2,2637.47,0,1,0,1,0,12,1,1,0,0,0,0,1,0,1,0,0,0,0,0,0,0,1
4509.41,1036.59,0,1,0,1,0,20,3,1,0,0,1,0,0,0,1,0,0,1,0,0,0,0,0
5586.97,3609.9,0,1,0,1,1,17,2,1,0,0,1,0,0,0,0,1,0,0,0,0,0,1,0
28.51,4316.0,0,1,0,0,1,6,5,1,0,0,0,1,0,0,1,0,0,0,0,0,1,0,0
3657.64,2153.19,0,0,0,1,0,2,4,1,0,0,1,0,0,0,0,0,1,0,0,1,0,0,0
1388.77,1047.07,0,1,0,0,0,16,2,1,0,0,0,1,0,0,0,0,1,0,0,0,0,1,0
6897.2,4101.27,0,1,0,1,0,20,6,1,0,0,1,0,0,0,0,1,0,0,1,0,0,0,0
4790.79,3542.66,0,0,0,0,1,23,3,1,0,0,1,0,0,1,0,0,0,1,0,0,0,0,0
3018.27,4107.55,0,0,0,1,0,14,5,1,0,0,0,0,1,1,0,0,0,0,0,0,1,0,0
4678.86,3153.27,0,1,0,0,0,13,2,1,0,0,1,0,0,1,0,0,0,0,0,0,0,1,0
2097.09,2843.78,0,1,0,1,0,5,4,1,0,0,0,1,0,0,1,0,0,0,0,1,0,0,0
9250.94,1877.44,0,1,0,0,1,23,4,1,0,0,0,0,1,1,0,0,0,0,0,1,0,0,0
540.67,1315.35,0,1,0,1,0,0,5,1,0,0,0,1,0,0,0,0,1,0,0,0,1,0,0
8654.3,2885.78,0,1,0,1,0,4,6,1,0,0,1,0,0,1,0,0,0,0,1,0,0,0,0
5114.08,4473.59,0,1,0,1,1,10,1,1,0,0,0,0,1,0,0,1,0,0,0,0,0,0,1
6189.85,1237.39,0,1,0,1,0,19,4,1,0,0,0,1,0,0,1,0,0,0,0,1,0,0,0
3026.75,4956.38,0,1,0,1,0,18,6,1,0,0,1,0,0,0,0,0,1,0,1,0,0,0,0
9667.01,4787.97,0,0,0,1,1,8,2,1,0,0,0,1,0,0,0,0,1,0,0,0,0,1,0
2819.23,3562.95,0,1,0,1,0,5,2,1,0,0,1,0,0,0,0,1,0,0,0,0,0,1,0
5889.19,4656.84,0,1,0,0,1,0,2,1,0,0,0,1,0,0,1,0,0,0,0,0,0,1,0
9934.17,3214.11,0,0,0,1,0,5,2,1,0,0,1,0,0,0,0,1,0,0,0,0,0,1,0
8811.06,2618.34,1,1,0,1,0,10,4,1,0,0,0,1,0,1,0,0,0,0,0,1,0,0,0
5363.76,3286.76,0,1,0,1,0,22,2,1,0,0,0,0,1,0,1,0,0,0,0,0,0,1,0
9903.75,4506.22,0,1,0,1,0,12,1,1,0,0,1,0,0,0,1,0,0,0,0,0,0,0,1
7014.0,4830.08,0,1,0,1,0,21,4,1,0,0,1,0,0,0,0,0,1,0,0,1,0,0,0
2087.8,4352.35,0,1,0,1,0,23,5,1,0,0,0,1,0,1,0,0,0,0,0,0,1,0,0
4056.56,1718.73,0,1,0,0,0,7,5,1,0,0,1,0,0,1,0,0,0,0,0,0,1,0,0
3345.6,3366.95,0,0,0,1,0,15,2,1,0,0,0,0,1,0,0,0,1,0,0,0,0,1,0
3440.79,2779.02,0,1,0,1,0,13,3,1,0,0,0,1,0,0,0,1,0,1,0,0,0,0,0
7604.8,2925.06,0,1,0,1,0,0,1,1,0,0,0,1,0,0,0,0,1,0,0,0,0,0,1
5843.05,2712.95,0,1,0,0,0,20,3,1,0,0,0,1,0,0,0,1,0,1,0,0,0,0,0
381.89,1270.23,0,1,0,1,0,14,1,1,0,0,0,0,1,0,0,1,0,0,0,0,0,0,1
8774.61,4383.61,0,1,0,1,0,2,2,1,0,0,0,0,1,0,1,0,0,0,0,0,0,1,0
2968.66,4913.47,0,1,0,1,1,14,5,1,0,0,1,0,0,1,0,0,0,0,0,0,1,0,0
9970.75,1838.93,0,1,0,1,0,5,6,1,0,0,0,1,0,1,0,0,0,0,1,0,0,0,0
9541.95,3487.82,0,0,0,1,0,20,3,1,0,0,0,0,1,1,0,0,0,1,0,0,0,0,0
9405.37,3146.28,0,0,0,1,0,13,1,1,0,0,1,0,0,0,0,0,1,0,0,0,0,0,1
8111.46,4585.98,0,1,0,1,0,2,4,1,0,0,0,0,1,0,0,0,1,0,0,1,0,0,0
2206.91,3816.41,0,1,0,1,0,5,2,1,0,0,0,0,1,0,0,1,0,0,0,0,0,1,0
5326.79,3998.65,0,1,0,0,0,13,2,1,0,0,0,0,1,0,0,1,0,0,0,0,0,1,0
2243.8,4807.62,0,1,0,1,1,7,5,1,0,0,1,0,0,0,0,0,1,0,0,0,1,0,0
2597.49,3653.91,0,1,0,1,0,14,5,1,0,0,0,0,1,0,1,0,0,0,0,0,1,0,0
6109.91,2814.23,0,0,0,0,0,6,2,1,0,0,0,0,1,0,0,0,1,0,0,0,0,1,0
409.29,1207.62,0,1,0,0,0,2,1,1,0,0,0,0,1,0,0,1,0,0,0,0,0,0,1
9694.62,4625.46,0,1,0,1,0,9,6,1,0,0,0,1,0,0,1,0,0,0,1,0,0,0,0
9186.81,3358.91,0,1,0,1,0,22,1,1,0,0,0,0,1,0,0,1,0,0,0,0,0,0,1
3808.29,3729.27,0,1,0,1,1,10,2,1,0,0,0,1,0,0,0,0,1,0,0,0,0,1,0
5154.71,3021.19,0,1,0,1,1,11,5,1,0,0,0,0,1,1,0,0,0,0,0,0,1,0,0
4661.73,2574.49,0,0,0,0,0,7,1,1,0,0,0,1,0,0,1,0,0,0,0,0,0,0,1
8822.12,3015.55,0,1,1,1,0,14,5,1,0,0,0,0,1,0,0,0,1,0,0,0,1,0,0
6886.33,1194.02,0,1,0,1,0,22,6,1,0,0,0,1,0,0,1,0,0,0,1,0,0,0,0
2781.83,4191.65,1,1,0,1,0,7,1,1,0,0,0,1,0,1,0,0,0,0,0,0,0,0,1
4468.97,1631.88,0,1,0,1,0,10,3,1,0,0,0,1,0,1,0,0,0,1,0,0,0,0,0
4290.23,2330.65,0,1,0,1,0,3,1,1,0,0,0,0,1,0,0,0,1,0,0,0,0,0,1
9593.39,1347.98,0,1,0,1,1,21,4,1,0,0,1,0,0,0,0,1,0,0,0,1,0,0,0
1753.93,4279.79,0,1,0,1,1,10,6,1,0,0,0,1,0,0,1,0,0,0,1,0,0,0,0
896.67,1673.38,0,1,0,1,0,22,1,1,0,0,0,1,0,0,1,0,0,0,0,0,0,0,1
8806.31,2595.68,0,1,0,1,0,6,1,1,0,0,0,1,0,1,0,0,0,0,0,0,0,0,1
8966.96,2661.91,0,1,0,0,0,20,1,1,0,0,0,1,0,0,0,0,1,0,0,0,0,0,1
8717.52,2265.71,0,1,0,0,0,11,6,1,0,0,0,1,0,1,0,0,0,0,1,0,0,0,0
5110.26,4440.5,0,1,0,0,0,4,5,1,0,0,1,0,0,1,0,0,0,0,0,0,1,0,0
6597.78,4087.13,0,1,0,1,0,5,3,1,0,0,0,0,1,0,0,1,0,1,0,0,0,0,0
5634.07,3974.71,0,1,0,1,0,5,3,1,0,0,1,0,0,1,0,0,0,1,0,0,0,0,0
695.41,1900.47,0,1,0,1,0,12,6,1,0,0,0,0,1,0,0,0,1,0,1,0,0,0,0
5958.75,1758.08,0,1,0,1,0,3,3,1,0,0,1,0,0,1,0,0,0,1,0,0,0,0,0
137.13,1986.38,0,1,0,0,1,13,1,1,0,0,0,0,1,0,0,0,1,0,0,0,0,0,1
3250.55,2544.65,0,1,0,1,0,22,5,1,0,0,0,1,0,1,0,0,0,0,0,0,1,0,0
9322.99,2915.03,0,1,0,1,0,11,5,1,0,0,0,0,1,0,0,1,0,0,0,0,1,0,0
3041.15,2000.69,1,0,0,0,0,21,1,1,0,0,0,0,1,0,0,1,0,0,0,0,0,0,1
9398.33,2831.05,0,1,0,1,0,21,4,1,0,0,0,1,0,1,0,0,0,0,0,1,0,0,0
2502.09,1737.53,0,1,0,1,0,5,4,1,0,0,0,1,0,0,0,1,0,0,0,1,0,0,0
3146.31,2075.81,0,0,0,1,0,7,2,1,0,0,0,0,1,0,1,0,0,0,0,0,0,1,0
6284.45,2042.97,0,0,0,1,0,1,4,1,0,0,0,0,1,0,1,0,0,0,0,1,0,0,0
7616.51,3908.48,0,1,0,1,0,21,5,1,0,0,0,1,0,1,0,0,0,0,0,0,1,0,0
5014.38,2833.98,1,0,0,1,0,4,3,1,0,0,1,0,0,1,0,0,0,1,0,0,0,0,0
8821.27,3460.87,0,0,1,1,0,9,5,1,0,0,0,1,0,0,0,1,0,0,0,0,1,0,0
403.36,3677.23,0,0,0,0,1,20,5,1,0,0,0,0,1,0,0,1,0,0,0,0,1,0,0
9222.03,1274.06,0,1,0,1,0,14,6,1,0,0,0,0,1,1,0,0,0,0,1,0,0,0,0
1963.88,4179.35,0,1,0,0,0,8,2,1,0,0,0,0,1,0,0,0,1,0,0,0,0,1,0
8842.5,2135.89,0,1,0,0,1,0,1,1,0,0,0,1,0,0,0,0,1,0,0,0,0,0,1
4009.23,3039.01,0,1,0,1,0,8,6,1,0,0,0,1,0,0,1,0,0,0,1,0,0,0,0
8327.74,2353.55,0,1,0,1,1,20,1,1,0,0,1,0,0,0,0,1,0,0,0,0,0,0,1
6716.98,4094.35,0,1,0,1,0,19,2,1,0,0,0,0,1,0,0,1,0,0,0,0,0,1,0
1760.24,1913.03,0,1,0,0,0,10,6,1,0,0,0,0,1,0,1,0,0,0,1,0,0,0,0
9180.56,4855.06,0,1,0,1,0,4,3,1,0,0,0,1,0,0,0,0,1,1,0,0,0,0,0
2455.93,2600.49,0,1,0,0,1,22,6,1,0,0,0,0,1,0,0,0,1,0,1,0,0,0,0
2442.16,3846.54,0,1,0,0,0,0,4,1,0,0,1,0,0,0,1,0,0,0,0,1,0,0,0
8141.97,3565.79,0,1,0,1,0,21,4,1,0,0,0,1,0,1,0,0,0,0,0,1,0,0,0
1059.63,3970.35,0,1,0,0,0,16,2,1,0,0,0,0,1,0,0,1,0,0,0,0,0,1,0
2221.14,3204.28,0,1,0,1,0,13,6,1,0,0,0,1,0,1,0,0,0,0,1,0,0,0,0
5037.27,2535.18,0,0,0,0,0,20,2,1,0,0,0,1,0,1,0,0,0,0,0,0,0,1,0
8304.94,1718.37,0,1,0,1,0,10,2,1,0,0,1,0,0,0,0,0,1,0,0,0,0,1,0
1475.69,3077.77,0,0,0,1,1,16,2,1,0,0,0,1,0,1,0,0,0,0,0,0,0,1,0
5477.13,1243.43,0,1,0,0,1,20,5,1,0,0,0,0,1,0,0,1,0,0,0,0,1,0,0
7112.69,1235.3,0,1,0,0,0,16,3,1,0,0,1,0,0,0,0,1,0,1,0,0,0,0,0
8606.09,3453.57,0,1,0,1,0,21,6,1,0,0,0,1,0,0,0,1,0,0,1,0,0,0,0
9355.72,2921.96,0,1,0,1,0,2,4,1,0,0,0,0,1,0,1,0,0,0,0,1,0,0,0
7846.61,3024.42,0,1,0,1,0,22,4,1,0,0,0,1,0,1,0,0,0,0,0,1,0,0,0
6528.63,2274.78,0,0,0,0,0,3,4,1,0,0,0,1,0,1,0,0,0,0,0,1,0,0,0
4336.77,4162.26,0,1,0,1,0,23,5,1,0,0,1,0,0,0,0,1,0,0,0,0,1,0,0
1121.99,1804.74,0,1,0,0,0,4,1,1,0,0,1,0,0,0,1,0,0,0,0,0,0,0,1
7097.66,3344.52,0,1,0,1,0,9,2,1,0,0,1,0,0,0,1,0,0,0,0,0,0,1,0
9927.38,4441.91,0,1,0,0,0,12,4,1,0,0,1,0,0,0,0,0,1,0,0,1,0,0,0
7367.87,4336.28,0,1,0,0,0,11,6,1,0,0,0,0,1,0,0,0,1,0,1,0,0,0,0
168.09,1114.51,0,1,0,1,0,20,2,1,0,0,0,1,0,0,0,1,0,0,0,0,0,1,0
4963.1,2115.94,0,1,0,1,0,10,2,1,0,0,1,0,0,1,0,0,0,0,0,0,0,1,0
6146.85,3858.93,0,1,0,0,0,12,3,1,0,0,0,0,1,1,0,0,0,1,0,0,0,0,0
6897.05,3962.98,0,0,0,0,0,18,3,1,0,0,1,0,0,1,0,0,0,1,0,0,0,0,0
7197.54,2930.98,0,1,0,0,0,13,5,1,0,0,0,1,0,0,1,0,0,0,0,0,1,0,0
5581.53,1809.91,0,0,0,1,0,11,5,1,0,0,1,0,0,1,0,0,0,0,0,0,1,0,0
2234.38,2116.0,0,1,0,1,0,7,2,1,0,0,0,1,0,0,1,0,0,0,0,0,0,1,0
9422.06,4203.83,0,1,0,1,0,12,6,1,0,0,0,1,0,0,0,1,0,0,1,0,0,0,0
6966.97,1768.64,0,1,0,1,0,20,6,1,0,0,0,0,1,1,0,0,0,0,1,0,0,0,0
2369.16,4769.25,0,1,1,1,0,4,4,1,0,0,1,0,0,0,1,0,0,0,0,1,0,0,0
3223.9,3003.47,0,1,0,0,0,0,4,1,0,0,1,0,0,0,0,1,0,0,0,1,0,0,0
9219.35,2133.68,0,1,0,0,0,17,3,1,0,0,0,1,0,0,0,1,0,1,0,0,0,0,0
8874.96,2558.46,0,1,1,1,0,15,4,1,0,0,1,0,0,0,1,0,0,0,0,1,0,0,0
4052.06,2026.05,0,1,0,1,0,0,1,1,0,0,0,1,0,0,1,0,0,0,0,0,0,0,1
384.03,2537.34,0,0,1,1,1,3,1,1,0,0,0,0,1,1,0,0,0,0,0,0,0,0,1
485.93,1523.19,0,1,0,1,0,22,4,1,0,0,1,0,0,0,0,0,1,0,0,1,0,0,0
2839.9,4292.65,0,1,0,1,0,19,3,1,0,0,0,1,0,1,0,0,0,1,0,0,0,0,0
6291.59,4854.63,0,1,0,1,1,13,4,1,0,0,1,0,0,0,0,0,1,0,0,1,0,0,0
5842.36,3636.56,0,1,0,1,0,1,5,1,0,0,1,0,0,0,1,0,0,0,0,0,1,0,0
6338.64,4234.32,0,1,0,0,1,3,5,1,0,0,0,0,1,0,0,0,1,0,0,0,1,0,0
7173.11,1912.32,0,1,0,1,1,14,2,1,0,0,0,1,0,0,1,0,0,0,0,0,0,1,0
191.3,1251.02,0,1,0,1,1,21,5,1,0,0,0,0,1,0,0,1,0,0,0,0,1,0,0
1051.75,3508.45,0,0,0,1,1,12,4,1,0,0,0,0,1,0,0,0,1,0,0,1,0,0,0
3595.48,4270.32,0,1,0,0,0,17,1,1,0,0,0,0,1,0,0,0,1,0,0,0,0,0,1
1549.45,4337.37,0,0,0,1,1,1,2,1,0,0,0,1,0,0,0,1,0,0,0,0,0,1,0
754.13,3131.05,0,1,0,0,0,4,3,1,0,0,0,1,0,1,0,0,0,1,0,0,0,0,0
6410.0,3488.4,1,1,0,1,1,2,3,1,0,0,1,0,0,0,0,0,1,1,0,0,0,0,0
8153.55,2473.01,0,1,0,1,0,1,3,1,0,0,0,1,0,0,1,0,0,1,0,0,0,0,0
7526.51,4322.68,1,1,0,1,0,23,5,1,0,0,0,0,1,1,0,0,0,0,0,0,1,0,0
8170.58,3790.42,0,0,0,1,0,17,3,1,0,0,0,1,0,0,0,1,0,1,0,0,0,0,0
6658.9,1743.48,1,1,0,0,0,12,5,1,0,0,1,0,0,0,0,0,1,0,0,0,1,0,0
7353.72,2117.75,1,1,0,1,0,19,4,1,0,0,0,0,1,0,0,1,0,0,0,1,0,0,0
2718.52,1607.42,0,1,0,0,1,5,2,1,0,0,1,0,0,0,0,1,0,0,0,0,0,1,0
9930.09,3022.9,0,1,0,1,0,22,4,1,0,0,0,1,0,0,1,0,0,0,0,1,0,0,0
1832.47,1808.95,1,1,1,1,0,19,3,1,0,0,1,0,0,0,0,1,0,1,0,0,0,0,0
2145.72,1635.07,0,1,0,1,0,11,1,1,0,0,1,0,0,0,0,0,1,0,0,0,0,0,1
2889.93,1641.73,0,0,0,1,0,1,4,1,0,0,0,1,0,0,0,1,0,0,0,1,0,0,0
9753.35,2063.49,0,1,0,0,0,0,1,1,0,0,1,0,0,1,0,0,0,0,0,0,0,0,1
9882.9,4236.12,0,1,0,0,0,6,4,1,0,0,0,1,0,0,0,1,0,0,0,1,0,0,0
7949.14,4753.17,1,1,0,1,0,8,1,1,0,0,0,0,1,0,0,0,1,0,0,0,0,0,1
6290.95,4983.43,0,0,0,1,0,0,4,1,0,0,1,0,0,0,0,0,1,0,0,1,0,0,0
5201.11,1161.12,1,1,1,0,0,6,5,1,0,0,0,0,1,0,0,0,1,0,0,0,1,0,0
9706.24,3275.63,0,1,0,1,0,21,6,1,0,0,0,1,0,1,0,0,0,0,1,0,0,0,0
6956.53,2065.78,0,0,0,1,0,13,1,1,0,0,0,1,0,0,0,0,1,0,0,0,0,0,1
9447.36,4955.64,0,1,0,1,0,6,4,1,0,0,1,0,0,1,0,0,0,0,0,1,0,0,0
3166.19,4937.31,0,1,0,1,0,11,5,1,0,0,1,0,0,0,0,1,0,0,0,0,1,0,0
3338.41,4736.43,0,1,0,0,0,19,3,1,0,0,0,1,0,1,0,0,0,1,0,0,0,0,0
8547.39,1056.9,0,1,0,1,0,4,3,1,0,0,0,1,0,0,0,1,0,1,0,0,0,0,0
1499.4,1618.09,0,0,0,1,0,18,1,1,0,0,0,0,1,0,0,1,0,0,0,0,0,0,1
9459.33,3209.8,0,0,0,0,1,22,1,1,0,0,0,0,1,0,0,1,0,0,0,0,0,0,1
5075.24,1749.15,0,1,0,1,1,0,2,1,0,0,1,0,0,0,0,0,1,0,0,0,0,1,0
9264.21,4419.41,0,1,0,0,0,15,5,1,0,0,1,0,0,1,0,0,0,0,0,0,1,0,0
3368.59,3798.95,0,1,0,1,0,13,5,1,0,0,1,0,0,0,1,0,0,0,0,0,1,0,0
7159.87,1736.33,0,0,1,1,1,11,4,1,0,0,1,0,0,0,0,0,1,0,0,1,0,0,0
4829.27,4273.65,0,1,0,1,0,9,5,1,0,0,1,0,0,0,0,0,1,0,0,0,1,0,0
6268.41,2993.1,0,1,0,0,1,1,1,1,0,0,1,0,0,1,0,0,0,0,0,0,0,0,1
5044.22,3838.85,0,1,0,1,0,23,3,1,0,0,1,0,0,0,1,0,0,1,0,0,0,0,0
9671.19,1559.31,0,0,0,1,0,22,5,1,0,0,1,0,0,0,0,1,0,0,0,0,1,0,0
6921.36,3071.41,1,1,0,1,0,2,1,1,0,0,0,0,1,0,1,0,0,0,0,0,0,0,1
2513.94,4105.35,0,1,1,0,0,12,2,1,0,0,0,1,0,1,0,0,0,0,0,0,0,1,0
9096.86,2382.35,0,1,0,1,1,6,6,1,0,0,0,1,0,0,0,0,1,0,1,0,0,0,0
2941.0,1747.29,0,0,0,1,0,6,2,1,0,0,1,0,0,0,1,0,0,0,0,0,0,1,0
3716.68,3557.87,0,1,0,1,0,18,5,1,0,0,0,1,0,1,0,0,0,0,0,0,1,0,0
1022.13,3576.28,0,1,0,1,0,21,6,1,0,0,1,0,0,0,0,1,0,0,1,0,0,0,0
8999.77,1817.39,0,1,0,1,0,20,3,1,0,0,0,0,1,0,0,0,1,1,0,0,0,0,0
2861.83,1277.4,0,1,1,0,1,1,2,1,0,0,1,0,0,1,0,0,0,0,0,0,0,1,0
2589.92,1665.8,0,1,0,1,1,22,1,1,0,0,0,0,1,0,0,1,0,0,0,0,0,0,1
9202.71,2102.11,0,1,0,1,0,3,2,1,0,0,0,0,1,0,0,0,1,0,0,0,0,1,0
8055.46,1145.11,1,1,0,1,0,20,5,1,0,0,0,0,1,0,1,0,0,0,0,0,1,0,0
1411.65,4690.93,0,0,0,0,1,23,5,1,0,0,1,0,0,0,0,0,1,0,0,0,1,0,0
7693.48,1922.01,0,1,0,1,0,15,6,1,0,0,0,0,1,0,0,1,0,0,1,0,0,0,0
9130.42,3955.68,1,0,0,1,1,11,1,1,0,0,1,0,0,1,0,0,0,0,0,0,0,0,1
786.03,2658.63,0,1,0,1,0,6,5,1,0,0,0,0,1,0,0,1,0,0,0,0,1,0,0
8252.32,3007.94,0,1,0,0,1,23,1,1,0,0,0,0,1,0,0,0,1,0,0,0,0,0,1
5474.65,3147.77,1,1,0,1,0,15,3,1,0,0,0,1,0,0,0,1,0,1,0,0,0,0,0
6692.31,4091.18,0,1,0,0,1,3,1,1,0,0,1,0,0,0,0,0,1,0,0,0,0,0,1
4929.05,4151.65,0,1,0,1,0,0,4,1,0,0,0,1,0,0,0,1,0,0,0,1,0,0,0
6978.33,1565.09,1,1,0,1,0,12,4,1,0,0,0,0,1,1,0,0,0,0,0,1,0,0,0
341.94,2213.37,1,1,0,1,0,11,2,1,0,0,0,1,0,0,0,1,0,0,0,0,0,1,0
7627.3,3292.16,1,1,0,1,0,19,4,1,0,0,0,0,1,0,0,0,1,0,0,1,0,0,0
334.4,2321.62,0,1,0,1,0,14,2,1,0,0,0,1,0,0,1,0,0,0,0,0,0,1,0
4553.54,1531.2,0,1,0,1,0,5,5,1,0,0,0,1,0,1,0,0,0,0,0,0,1,0,0
1510.5,2633.74,0,1,0,1,0,8,6,1,0,0,1,0,0,0,1,0,0,0,1,0,0,0,0
8235.92,1873.7,0,1,1,1,1,6,3,1,0,0,1,0,0,0,0,0,1,1,0,0,0,0,0
3137.3,1573.9,0,0,0,1,1,0,5,1,0,0,0,1,0,1,0,0,0,0,0,0,1,0,0
4541.48,2216.11,0,1,0,1,0,21,4,1,0,0,0,1,0,0,0,0,1,0,0,1,0,0,0
4288.08,2198.75,0,1,0,1,0,11,5,1,0,0,1,0,0,0,1,0,0,0,0,0,1,0,0
7725.25,1388.79,1,1,0,1,0,20,3,1,0,0,0,0,1,0,1,0,0,1,0,0,0,0,0
4811.96,3336.47,0,1,0,1,0,13,2,1,0,0,0,0,1,0,0,0,1,0,0,0,0,1,0
7889.79,2257.37,0,1,0,1,0,22,2,1,0,0,0,0,1,0,0,0,1,0,0,0,0,1,0
736.01,1693.15,0,1,0,1,0,12,1,1,0,0,0,0,1,1,0,0,0,0,0,0,0,0,1
1916.75,4274.39,0,0,0,1,0,14,2,1,0,0,0,1,0,0,0,0,1,0,0,0,0,1,0
5515.79,1010.3,0,1,0,1,1,0,2,1,0,0,0,0,1,0,1,0,0,0,0,0,0,1,0
9470.94,2817.17,0,1,0,0,0,2,1,1,0,0,0,1,0,0,0,1,0,0,0,0,0,0,1
748.5,2739.78,0,1,0,1,1,23,3,1,0,0,0,1,0,0,1,0,0,1,0,0,0,0,0
431.8,3684.6,0,1,0,0,0,0,6,1,0,0,0,0,1,0,0,0,1,0,1,0,0,0,0
1566.35,2557.6,0,1,0,1,1,16,1,1,0,0,0,0,1,0,1,0,0,0,0,0,0,0,1
6411.89,3050.87,0,0,0,1,1,10,5,1,0,0,0,0,1,0,0,0,1,0,0,0,1,0,0
3990.53,4633.8,0,1,0,0,0,21,5,1,0,0,1,0,0,1,0,0,0,0,0,0,1,0,0
8255.7,1673.13,1,0,0,0,1,1,5,1,0,0,0,1,0,0,0,0,1,0,0,0,1,0,0
720.26,1422.03,0,0,0,1,1,22,3,1,0,0,0,0,1,0,0,0,1,1,0,0,0,0,0
1964.94,3987.03,0,1,0,1,0,0,5,1,0,0,1,0,0,0,0,0,1,0,0,0,1,0,0
3000.96,3971.61,0,1,0,1,0,4,1,1,0,0,0,1,0,0,0,0,1,0,0,0,0,0,1
6267.67,4678.58,0,1,0,1,0,18,5,1,0,0,0,1,0,0,0,0,1,0,0,0,1,0,0
6852.04,4932.63,0,1,0,0,0,19,2,1,0,0,0,1,0,0,1,0,0,0,0,0,0,1,0
1242.91,2537.54,0,1,0,1,1,13,5,1,0,0,0,0,1,0,1,0,0,0,0,0,1,0,0
9438.1,2509.71,0,1,0,1,0,18,6,1,0,0,0,0,1,0,0,1,0,0,1,0,0,0,0
3411.1,4618.63,1,0,0,1,1,10,2,1,0,0,0,1,0,0,0,1,0,0,0,0,0,1,0
7131.97,4442.85,1,1,0,1,1,6,4,1,0,0,0,1,0,1,0,0,0,0,0,1,0,0,0
5242.55,2501.76,0,1,0,0,1,17,2,1,0,0,1,0,0,1,0,0,0,0,0,0,0,1,0
2228.36,1305.19,0,1,0,1,0,3,1,1,0,0,1,0,0,0,0,1,0,0,0,0,0,0,1
8462.44,3324.9,0,1,0,0,0,11,3,1,0,0,0,1,0,0,1,0,0,1,0,0,0,0,0
8182.56,2074.8,0,1,0,1,0,12,6,1,0,0,1,0,0,1,0,0,0,0,1,0,0,0,0
3961.32,4634.38,0,1,0,1,0,12,4,1,0,0,0,1,0,0,0,1,0,0,0,1,0,0,0
5886.49,4224.47,1,1,0,1,0,4,3,1,0,0,1,0,0,0,1,0,0,1,0,0,0,0,0
2579.0,4603.89,0,1,0,1,0,9,3,1,0,0,0,1,0,0,0,1,0,1,0,0,0,0,0
6898.83,1323.66,0,1,0,1,0,20,2,1,0,0,0,0,1,1,0,0,0,0,0,0,0,1,0
3090.96,4458.45,0,0,0,1,1,15,6,1,0,0,0,1,0,1,0,0,0,0,1,0,0,0,0
8440.94,3372.34,0,1,0,1,0,11,1,1,0,0,0,0,1,0,0,0,1,0,0,0,0,0,1
2174.63,1861.71,1,1,0,1,1,15,2,1,0,0,0,1,0,0,0,1,0,0,0,0,0,1,0
149.02,2205.05,0,0,0,1,0,21,4,1,0,0,0,0,1,0,0,1,0,0,0,1,0,0,0
2685.81,2826.54,0,1,0,1,0,9,6,1,0,0,1,0,0,0,0,1,0,0,1,0,0,0,0
1911.33,3510.58,0,1,0,1,0,9,6,1,0,0,0,0,1,1,0,0,0,0,1,0,0,0,0
5083.36,1930.91,0,1,0,1,1,12,3,1,0,0,1,0,0,0,1,0,0,1,0,0,0,0,0
2037.83,1828.17,0,0,0,0,0,4,2,1,0,0,0,1,0,0,0,1,0,0,0,0,0,1,0
7632.14,4568.64,0,1,0,1,0,17,2,1,0,0,1,0,0,0,1,0,0,0,0,0,0,1,0
2414.47,4380.89,1,1,0,0,0,15,5,1,0,0,1,0,0,0,0,1,0,0,0,0,1,0,0
7069.97,4067.11,0,1,0,1,1,17,2,1,0,0,1,0,0,1,0,0,0,0,0,0,0,1,0
5785.13,4043.56,0,1,0,0,0,18,1,1,0,0,0,1,0,0,1,0,0,0,0,0,0,0,1
9862.51,4063.9,0,0,0,1,0,21,2,1,0,0,0,0,1,0,0,1,0,0,0,0,0,1,0
9999.01,4696.4,0,0,0,1,0,3,1,1,0,0,1,0,0,0,1,0,0,0,0,0,0,0,1
8695.39,4374.88,0,1,0,0,0,1,6,1,0,0,0,1,0,0,0,1,0,0,1,0,0,0,0
7600.07,2554.3,0,0,0,1,0,22,6,1,0,0,1,0,0,0,0,0,1,0,1,0,0,0,0
3865.18,2885.21,0,1,0,1,0,18,5,1,0,0,0,0,1,0,0,0,1,0,0,0,1,0,0
7533.01,3418.25,0,1,0,0,0,12,5,1,0,0,1,0,0,0,0,0,1,0,0,0,1,0,0
9566.8,2902.4,0,0,0,0,0,23,5,1,0,0,1,0,0,0,0,1,0,0,0,0,1,0,0
234.75,2187.75,0,1,0,1,0,1,2,1,0,0,1,0,0,0,1,0,0,0,0,0,0,1,0
5379.61,4444.6,0,1,0,1,1,14,5,1,0,0,0,0,1,0,0,0,1,0,0,0,1,0,0
2180.77,4213.8,0,1,0,0,0,3,1,1,0,0,0,0,1,1,0,0,0,0,0,0,0,0,1
5579.21,2559.44,0,0,0,1,0,19,4,1,0,0,0,1,0,0,1,0,0,0,0,1,0,0,0
4665.0,1458.67,0,1,0,1,0,11,1,1,0,0,1,0,0,0,0,0,1,0,0,0,0,0,1
5758.11,1019.48,0,0,0,1,0,15,1,1,0,0,1,0,0,1,0,0,0,0,0,0,0,0,1
5510.07,1369.78,0,0,0,1,0,14,3,1,0,0,1,0,0,1,0,0,0,1,0,0,0,0,0
9601.11,1618.97,0,1,0,1,0,2,2,1,0,0,1,0,0,1,0,0,0,0,0,0,0,1,0
5522.31,3631.16,0,1,0,1,0,23,4,1,0,0,0,0,1,0,0,1,0,0,0,1,0,0,0
8462.47,1878.45,0,0,0,1,0,7,4,1,0,0,0,0,1,1,0,0,0,0,0,1,0,0,0
3198.88,3539.3,1,1,1,1,0,16,6,1,0,0,1,0,0,0,1,0,0,0,1,0,0,0,0
4381.57,2313.29,0,1,0,1,0,13,6,1,0,0,1,0,0,0,1,0,0,0,1,0,0,0,0
4704.66,4580.21,0,1,0,1,1,5,6,1,0,0,1,0,0,0,0,1,0,0,1,0,0,0,0
2788.0,2876.31,0,0,0,0,1,23,4,1,0,0,1,0,0,1,0,0,0,0,0,1,0,0,0
3798.52,3691.4,0,1,0,1,0,10,5,1,0,0,0,1,0,0,1,0,0,0,0,0,1,0,0
5985.53,2843.79,0,1,0,1,0,20,4,1,0,0,0,1,0,0,0,1,0,0,0,1,0,0,0
5802.3,4650.16,0,1,0,0,1,2,4,1,0,0,1,0,0,1,0,0,0,0,0,1,0,0,0
6364.72,3749.64,0,1,0,0,0,16,1,1,0,0,1,0,0,0,1,0,0,0,0,0,0,0,1
3518.83,3568.63,0,0,0,1,0,6,1,1,0,0,1,0,0,1,0,0,0,0,0,0,0,0,1
3159.0,3369.2,0,0,0,1,0,15,5,1,0,0,0,1,0,0,0,1,0,0,0,0,1,0,0
6116.57,4954.45,0,0,0,1,0,12,2,1,0,0,0,0,1,0,0,0,1,0,0,0,0,1,0
1329.48,3739.03,0,1,0,1,1,3,2,1,0,0,0,1,0,0,1,0,0,0,0,0,0,1,0
2531.06,4016.56,0,1,0,0,0,14,1,1,0,0,0,1,0,1,0,0,0,0,0,0,0,0,1
422.24,1326.85,1,1,0,1,0,3,4,1,0,0,1,0,0,1,0,0,0,0,0,1,0,0,0
727.04,4256.89,0,1,1,1,1,3,5,1,0,0,1,0,0,0,0,0,1,0,0,0,1,0,0
2434.59,3386.87,0,1,0,1,0,19,4,1,0,0,0,0,1,1,0,0,0,0,0,1,0,0,0
196.27,2346.65,0,1,0,1,0,13,4,1,0,0,1,0,0,0,0,1,0,0,0,1,0,0,0
2454.86,3326.76,0,1,0,1,0,18,4,1,0,0,1,0,0,0,0,1,0,0,0,1,0,0,0
6550.11,3502.2,0,1,1,1,0,8,1,1,0,0,0,0,1,1,0,0,0,0,0,0,0,0,1
612.01,2040.76,0,0,1,0,0,11,3,1,0,0,1,0,0,1,0,0,0,1,0,0,0,0,0
4367.93,2748.26,0,1,0,0,0,1,4,1,0,0,1,0,0,0,1,0,0,0,0,1,0,0,0
9131.17,3885.39,0,1,0,1,0,5,5,1,0,0,1,0,0,0,0,1,0,0,0,0,1,0,0
7913.06,1903.39,0,1,0,1,0,19,4,1,0,0,0,1,0,0,1,0,0,0,0,1,0,0,0
3055.07,4344.5,0,0,1,1,0,6,4,1,0,0,1,0,0,0,0,0,1,0,0,1,0,0,0
9248.13,1310.11,0,1,1,1,0,17,4,1,0,0,0,1,0,0,1,0,0,0,0,1,0,0,0
3297.14,3324.87,0,0,0,1,0,8,1,1,0,0,1,0,0,1,0,0,0,0,0,0,0,0,1
726.08,2518.75,0,0,0,1,0,5,5,1,0,0,1,0,0,0,1,0,0,0,0,0,1,0,0
9940.57,1213.25,0,1,0,0,1,19,3,1,0,0,0,1,0,0,1,0,0,1,0,0,0,0,0
8700.36,4097.95,0,0,0,1,0,21,6,1,0,0,0,1,0,0,1,0,0,0,1,0,0,0,0
4659.86,3186.17,0,1,1,0,0,0,3,1,0,0,1,0,0,0,0,1,0,1,0,0,0,0,0
6664.1,3861.3,0,1,0,1,0,12,1,1,0,0,0,0,1,0,1,0,0,0,0,0,0,0,1
6712.61,2520.49,0,0,1,1,0,11,5,1,0,0,1,0,0,0,0,0,1,0,0,0,1,0,0
1945.63,4438.48,0,1,0,0,0,4,6,1,0,0,0,1,0,0,1,0,0,0,1,0,0,0,0
2001.29,1334.83,0,1,0,1,0,18,2,1,0,0,1,0,0,0,1,0,0,0,0,0,0,1,0
4696.34,1933.41,1,1,0,1,0,20,2,1,0,0,1,0,0,0,1,0,0,0,0,0,0,1,0
9115.82,4178.41,0,1,0,1,0,19,1,1,0,0,0,1,0,1,0,0,0,0,0,0,0,0,1
100.93,4818.72,0,1,0,0,1,12,5,1,0,0,0,0,1,1,0,0,0,0,0,0,1,0,0
7825.27,4385.78,0,1,0,0,0,8,3,1,0,0,0,0,1,0,0,0,1,1,0,0,0,0,0
576.21,1923.44,0,1,0,1,0,18,4,1,0,0,0,1,0,1,0,0,0,0,0,1,0,0,0
4782.74,2394.15,0,1,0,1,0,12,4,1,0,0,0,1,0,1,0,0,0,0,0,1,0,0,0
6379.09,4061.98,0,1,0,1,0,12,5,1,0,0,1,0,0,0,0,1,0,0,0,0,1,0,0
6867.91,4785.09,0,1,0,1,0,16,3,1,0,0,0,1,0,0,0,0,1,1,0,0,0,0,0
585.73,2156.99,0,1,0,1,0,6,4,1,0,0,0,1,0,1,0,0,0,0,0,1,0,0,0
4186.62,2545.37,0,1,0,1,0,17,1,1,0,0,1,0,0,0,0,1,0,0,0,0,0,0,1
5838.79,1091.49,1,1,0,1,0,11,2,1,0,0,1,0,0,1,0,0,0,0,0,0,0,1,0
661.39,3017.61,0,1,0,0,0,3,1,1,0,0,1,0,0,0,0,1,0,0,0,0,0,0,1
1351.81,1352.65,0,1,0,1,0,23,1,1,0,0,0,0,1,1,0,0,0,0,0,0,0,0,1
6636.83,1342.37,0,0,0,1,0,4,5,1,0,0,0,0,1,1,0,0,0,0,0,0,1,0,0
5216.86,4045.26,0,1,1,1,1,13,2,1,0,0,0,1,0,1,0,0,0,0,0,0,0,1,0
1619.12,2375.68,0,0,0,1,1,6,4,1,0,0,1,0,0,1,0,0,0,0,0,1,0,0,0
5352.86,4742.56,0,1,0,1,1,20,6,1,0,0,0,1,0,0,1,0,0,0,1,0,0,0,0
9127.01,3864.33,0,1,1,1,0,16,2,1,0,0,0,1,0,1,0,0,0,0,0,0,0,1,0
156.86,2179.05,0,1,0,1,0,16,3,1,0,0,0,0,1,0,0,0,1,1,0,0,0,0,0
6426.7,3727.53,0,1,0,1,0,0,6,1,0,0,0,0,1,0,1,0,0,0,1,0,0,0,0
737.43,4462.4,0,0,0,1,0,21,4,1,0,0,0,1,0,0,0,0,1,0,0,1,0,0,0
65.49,2744.15,0,1,0,1,0,16,6,1,0,0,1,0,0,0,1,0,0,0,1,0,0,0,0
1507.39,3247.09,0,1,0,0,0,11,5,1,0,0,0,0,1,0,1,0,0,0,0,0,1,0,0
4229.64,1869.95,0,1,0,0,0,12,2,1,0,0,0,0,1,0,0,0,1,0,0,0,0,1,0
8023.64,2608.83,0,0,0,0,0,17,6,1,0,0,0,0,1,0,0,1,0,0,1,0,0,0,0
2818.57,3316.2,0,1,1,1,0,19,1,1,0,0,0,1,0,0,0,0,1,0,0,0,0,0,1
6257.11,3461.91,0,1,0,1,0,22,4,1,0,0,0,0,1,1,0,0,0,0,0,1,0,0,0
4112.16,3880.14,0,0,0,0,0,11,5,1,0,0,1,0,0,1,0,0,0,0,0,0,1,0,0
2344.08,4829.41,0,1,0,0,0,3,1,1,0,0,0,0,1,0,0,0,1,0,0,0,0,0,1
5142.96,4354.15,0,0,0,1,0,19,6,1,0,0,0,1,0,0,0,1,0,0,1,0,0,0,0
7974.85,4406.35,0,1,0,1,0,21,1,1,0,0,0,1,0,0,1,0,0,0,0,0,0,0,1
8325.09,3230.05,1,1,0,0,1,18,3,1,0,0,0,1,0,0,1,0,0,1,0,0,0,0,0
8465.35,1576.69,0,1,0,1,0,16,5,1,0,0,0,1,0,1,0,0,0,0,0,0,1,0,0
3386.24,3541.97,0,1,1,1,0,15,1,1,0,0,1,0,0,0,0,1,0,0,0,0,0,0,1
7934.77,2625.03,0,1,0,0,1,13,5,1,0,0,0,1,0,0,1,0,0,0,0,0,1,0,0
2122.57,1127.36,0,1,0,1,0,8,5,1,0,0,0,0,1,0,1,0,0,0,0,0,1,0,0
7384.51,1779.41,0,1,0,1,0,21,1,1,0,0,1,0,0,1,0,0,0,0,0,0,0,0,1
9483.9,4036.3,0,1,0,1,1,1,5,1,0,0,0,1,0,0,0,1,0,0,0,0,1,0,0
138.42,3524.02,0,0,0,1,0,13,2,1,0,0,0,1,0,0,1,0,0,0,0,0,0,1,0
4404.2,4913.73,0,1,0,1,0,10,6,1,0,0,1,0,0,0,0,1,0,0,1,0,0,0,0
6478.06,4693.78,1,0,0,1,0,9,3,1,0,0,0,0,1,0,0,1,0,1,0,0,0,0,0
7018.06,3377.04,0,1,0,0,0,21,4,1,0,0,1,0,0,1,0,0,0,0,0,1,0,0,0
1761.7,1619.77,0,1,0,1,0,10,2,1,0,0,0,0,1,0,1,0,0,0,0,0,0,1,0
9721.86,2345.38,0,1,0,1,0,7,5,1,0,0,0,0,1,1,0,0,0,0,0,0,1,0,0
6153.04,1932.04,0,1,0,1,0,4,1,1,0,0,0,1,0,0,0,0,1,0,0,0,0,0,1
1644.24,2882.07,0,1,0,1,0,16,2,1,0,0,1,0,0,0,1,0,0,0,0,0,0,1,0
206.2,4202.29,1,1,0,1,0,4,3,1,0,0,1,0,0,0,0,1,0,1,0,0,0,0,0
7832.86,4287.39,0,1,0,1,0,1,2,1,0,0,0,1,0,0,0,1,0,0,0,0,0,1,0
797.97,1712.26,0,1,0,0,0,15,3,1,0,0,0,1,0,0,1,0,0,1,0,0,0,0,0
1411.37,3196.35,0,1,0,1,0,8,4,1,0,0,0,0,1,1,0,0,0,0,0,1,0,0,0
5748.73,3706.93,0,1,0,1,0,12,6,1,0,0,0,1,0,0,0,1,0,0,1,0,0,0,0
6035.45,2586.53,0,1,0,1,0,23,2,1,0,0,1,0,0,0,1,0,0,0,0,0,0,1,0
6869.18,4621.75,0,0,0,0,0,11,4,1,0,0,0,1,0,0,0,1,0,0,0,1,0,0,0
3935.75,2436.08,0,1,0,1,0,10,3,1,0,0,0,1,0,1,0,0,0,1,0,0,0,0,0
7739.21,2960.54,0,0,0,1,0,20,6,1,0,0,0,1,0,0,1,0,0,0,1,0,0,0,0
9743.61,3347.34,0,1,0,1,0,6,3,1,0,0,0,1,0,1,0,0,0,1,0,0,0,0,0
2711.68,2709.41,0,1,0,1,0,16,1,1,0,0,0,1,0,1,0,0,0,0,0,0,0,0,1
7030.58,4854.54,0,1,0,0,0,15,4,1,0,0,0,0,1,0,1,0,0,0,0,1,0,0,0
9284.76,4041.86,0,0,0,0,1,5,5,1,0,0,0,1,0,1,0,0,0,0,0,0,1,0,0
6863.18,4316.33,0,0,1,0,0,0,1,1,0,0,0,1,0,1,0,0,0,0,0,0,0,0,1
6811.41,4010.52,0,1,0,1,1,15,4,1,0,0,1,0,0,1,0,0,0,0,0,1,0,0,0
2238.5,3352.43,0,1,0,1,0,7,1,1,0,0,0,1,0,0,0,1,0,0,0,0,0,0,1
5351.77,1112.66,0,1,0,0,0,18,6,1,0,0,1,0,0,1,0,0,0,0,1,0,0,0,0
5625.67,4058.97,0,1,0,0,1,6,3,1,0,0,1,0,0,0,0,0,1,1,0,0,0,0,0
7001.6,3450.78,0,1,0,1,0,6,2,1,0,0,1,0,0,0,0,1,0,0,0,0,0,1,0
9968.22,1322.93,0,1,0,0,1,16,4,1,0,0,1,0,0,0,0,0,1,0,0,1,0,0,0
337.4,1474.33,0,1,0,1,0,21,3,1,0,0,0,0,1,1,0,0,0,1,0,0,0,0,0
653.26,2924.77,1,1,1,1,0,12,3,1,0,0,0,0,1,1,0,0,0,1,0,0,0,0,0
780.42,4411.35,0,1,0,1,0,18,6,1,0,0,1,0,0,0,0,1,0,0,1,0,0,0,0
7430.05,3214.99,0,1,0,0,0,0,3,1,0,0,0,0,1,1,0,0,0,1,0,0,0,0,0
1364.4,4678.46,0,1,0,1,0,8,6,1,0,0,0,0,1,0,0,1,0,0,1,0,0,0,0
6224.9,4262.61,0,1,0,1,0,13,2,1,0,0,0,1,0,0,1,0,0,0,0,0,0,1,0
3247.36,3523.13,0,1,0,1,0,1,3,1,0,0,0,0,1,0,0,1,0,1,0,0,0,0,0
4573.74,2253.45,0,0,0,1,1,16,2,1,0,0,1,0,0,1,0,0,0,0,0,0,0,1,0
2157.42,4410.93,0,0,0,1,0,9,1,1,0,0,1,0,0,0,0,1,0,0,0,0,0,0,1
8661.2,3636.77,0,1,0,1,0,22,4,1,0,0,1,0,0,0,0,1,0,0,0,1,0,0,0
5861.92,3211.06,0,1,0,0,1,6,4,1,0,0,1,0,0,0,0,1,0,0,0,1,0,0,0
9445.69,3002.49,1,1,1,1,0,23,5,1,0,0,0,1,0,1,0,0,0,0,0,0,1,0,0
5746.39,1851.25,1,1,0,0,1,17,6,1,0,0,0,0,1,0,0,1,0,0,1,0,0,0,0
1239.96,1062.95,0,1,0,1,0,12,2,1,0,0,1,0,0,0,0,0,1,0,0,0,0,1,0
1709.53,3866.03,1,1,0,1,1,1,3,1,0,0,0,1,0,0,1,0,0,1,0,0,0,0,0
9890.75,4678.44,0,1,0,1,0,10,2,1,0,0,1,0,0,0,1,0,0,0,0,0,0,1,0
7255.93,1734.65,1,1,0,1,0,9,5,1,0,0,0,0,1,0,1,0,0,0,0,0,1,0,0
493.74,4738.89,1,1,0,1,0,6,4,1,0,0,0,1,0,0,0,1,0,0,0,1,0,0,0
7038.11,1287.65,1,0,0,1,0,17,6,1,0,0,0,0,1,0,0,1,0,0,1,0,0,0,0
4122.32,3209.86,0,1,0,1,0,3,2,1,0,0,0,1,0,0,1,0,0,0,0,0,0,1,0
3072.78,1462.24,0,1,0,1,0,3,3,1,0,0,1,0,0,0,1,0,0,1,0,0,0,0,0
1541.45,4556.42,1,0,0,0,0,22,2,1,0,0,1,0,0,1,0,0,0,0,0,0,0,1,0
8399.2,1412.96,0,1,0,1,0,0,6,1,0,0,0,0,1,0,0,1,0,0,1,0,0,0,0
639.35,2004.22,0,1,0,1,0,10,5,1,0,0,0,0,1,1,0,0,0,0,0,0,1,0,0
2899.06,4223.74,0,1,0,1,1,6,6,1,0,0,0,1,0,0,0,1,0,0,1,0,0,0,0
3064.52,3753.95,0,0,0,1,1,19,4,1,0,0,0,0,1,0,1,0,0,0,0,1,0,0,0
1609.89,2552.51,0,1,0,1,1,15,2,1,0,0,0,0,1,0,0,0,1,0,0,0,0,1,0
5082.34,4347.08,0,1,0,1,0,16,4,1,0,0,1,0,0,1,0,0,0,0,0,1,0,0,0
118.01,3542.8,0,1,0,0,0,10,6,1,0,0,1,0,0,0,0,0,1,0,1,0,0,0,0
3010.45,2039.11,0,1,1,1,0,16,6,1,0,0,1,0,0,0,0,1,0,0,1,0,0,0,0
9336.36,3961.08,0,1,0,1,0,15,1,1,0,0,1,0,0,0,0,0,1,0,0,0,0,0,1
3105.99,2332.24,1,0,0,0,0,22,6,1,0,0,1,0,0,0,1,0,0,0,1,0,0,0,0
3605.23,4262.95,0,0,0,1,0,11,4,1,0,0,1,0,0,0,0,1,0,0,0,1,0,0,0
4732.18,4126.37,1,1,0,1,0,17,6,1,0,0,1,0,0,0,1,0,0,0,1,0,0,0,0
5617.37,2234.07,0,1,0,1,0,4,5,1,0,0,0,1,0,0,0,1,0,0,0,0,1,0,0
8087.28,1414.61,0,0,0,1,0,3,1,1,0,0,1,0,0,0,0,1,0,0,0,0,0,0,1
1904.02,4283.15,0,0,0,0,0,11,1,1,0,0,1,0,0,0,0,1,0,0,0,0,0,0,1
8717.59,2457.8,0,0,0,0,0,20,5,1,0,0,1,0,0,0,1,0,0,0,0,0,1,0,0
7575.74,2301.29,1,0,0,0,0,18,4,1,0,0,1,0,0,0,0,1,0,0,0,1,0,0,0
7226.78,1072.77,0,0,0,1,0,2,3,1,0,0,1,0,0,0,0,1,0,1,0,0,0,0,0
868.96,3903.49,1,1,1,1,0,16,6,1,0,0,0,0,1,1,0,0,0,0,1,0,0,0,0
217.39,2096.27,0,1,0,1,0,18,3,1,0,0,0,0,1,0,1,0,0,1,0,0,0,0,0
5940.53,2743.49,0,1,0,1,0,9,6,1,0,0,1,0,0,0,0,1,0,0,1,0,0,0,0
8631.48,4599.18,0,1,1,0,1,14,2,1,0,0,1,0,0,0,0,1,0,0,0,0,0,1,0
5844.83,1501.23,0,1,0,0,0,2,1,1,0,0,1,0,0,0,0,1,0,0,0,0,0,0,1
2133.14,1152.16,0,1,0,0,0,11,2,1,0,0,0,1,0,0,0,0,1,0,0,0,0,1,0
906.11,3242.03,0,1,0,1,0,2,1,1,0,0,1,0,0,0,0,0,1,0,0,0,0,0,1
6996.26,3799.41,0,1,0,1,0,16,4,1,0,0,0,1,0,1,0,0,0,0,0,1,0,0,0
7217.98,3112.68,0,1,0,1,0,22,6,1,0,0,0,1,0,0,0,0,1,0,1,0,0,0,0
1726.14,2358.31,0,1,0,1,1,10,4,1,0,0,1,0,0,1,0,0,0,0,0,1,0,0,0
282.87,2445.72,0,1,0,1,1,14,2,1,0,0,0,0,1,0,0,1,0,0,0,0,0,1,0
4083.43,1598.59,0,1,0,1,1,20,6,1,0,0,1,0,0,0,1,0,0,0,1,0,0,0,0
5827.6,2246.86,0,1,0,1,0,11,1,1,0,0,1,0,0,0,0,1,0,0,0,0,0,0,1
7060.32,4035.54,1,1,0,1,0,7,3,1,0,0,0,0,1,0,1,0,0,1,0,0,0,0,0
8099.64,2996.56,0,1,0,1,0,11,2,1,0,0,0,0,1,1,0,0,0,0,0,0,0,1,0
6105.76,4563.03,0,1,0,0,0,11,6,1,0,0,1,0,0,0,1,0,0,0,1,0,0,0,0
1109.7,1672.01,0,0,1,0,0,20,3,1,0,0,1,0,0,1,0,0,0,1,0,0,0,0,0
6826.13,2769.69,0,1,0,1,0,20,6,1,0,0,0,1,0,1,0,0,0,0,1,0,0,0,0
9841.78,3806.43,0,1,0,0,0,19,6,1,0,0,0,0,1,0,1,0,0,0,1,0,0,0,0
9055.94,2089.15,0,1,0,1,1,19,4,1,0,0,0,1,0,0,0,1,0,0,0,1,0,0,0
8716.82,2067.38,0,1,0,1,0,8,6,1,0,0,0,1,0,0,0,0,1,0,1,0,0,0,0
3022.4,1422.41,0,1,0,0,0,1,6,1,0,0,0,1,0,0,0,1,0,0,1,0,0,0,0
7508.13,4571.72,0,1,0,0,0,6,4,1,0,0,0,1,0,1,0,0,0,0,0,1,0,0,0
8511.18,1690.12,0,1,0,0,0,12,3,1,0,0,0,0,1,0,0,1,0,1,0,0,0,0,0
6783.58,4880.51,0,1,0,1,0,13,4,1,0,0,0,0,1,0,0,1,0,0,0,1,0,0,0
2506.37,2795.35,0,1,0,1,0,10,5,1,0,0,0,0,1,0,0,1,0,0,0,0,1,0,0
9538.39,4927.14,0,1,0,1,0,23,5,1,0,0,1,0,0,0,0,0,1,0,0,0,1,0,0
4508.74,1161.41,0,0,0,1,0,2,2,1,0,0,0,1,0,0,1,0,0,0,0,0,0,1,0
1298.93,3268.37,0,1,0,1,0,2,4,1,0,0,1,0,0,0,0,0,1,0,0,1,0,0,0
1098.67,3763.36,0,1,0,0,0,5,1,1,0,0,0,0,1,0,0,1,0,0,0,0,0,0,1
6475.54,3065.4,0,0,0,1,0,15,2,1,0,0,0,0,1,0,1,0,0,0,0,0,0,1,0
4377.66,3280.41,0,0,0,0,0,16,2,1,0,0,1,0,0,0,0,1,0,0,0,0,0,1,0
945.74,3153.6,0,1,0,0,0,5,5,1,0,0,0,1,0,1,0,0,0,0,0,0,1,0,0
7403.91,1597.83,0,0,1,1,0,20,2,1,0,0,0,0,1,0,0,1,0,0,0,0,0,1,0
7993.45,3127.63,0,1,0,1,0,20,3,1,0,0,0,1,0,0,1,0,0,1,0,0,0,0,0
7254.43,3166.92,0,1,1,0,0,20,4,1,0,0,0,1,0,0,0,0,1,0,0,1,0,0,0
2023.41,2422.33,0,1,0,0,0,12,1,1,0,0,0,0,1,0,0,0,1,0,0,0,0,0,1
6898.06,3429.93,0,0,0,1,0,5,1,1,0,0,1,0,0,0,0,1,0,0,0,0,0,0,1
108.22,2647.62,0,1,0,0,0,3,6,1,0,0,0,1,0,0,0,0,1,0,1,0,0,0,0
3051.82,4020.62,0,1,0,0,0,16,3,1,0,0,1,0,0,0,1,0,0,1,0,0,0,0,0
3988.82,1152.84,1,1,0,1,0,15,4,1,0,0,0,1,0,0,0,0,1,0,0,1,0,0,0
8352.63,1039.8,1,1,0,1,1,19,2,1,0,0,0,1,0,0,0,0,1,0,0,0,0,1,0
3904.55,3095.68,0,0,0,1,0,2,2,1,0,0,0,0,1,0,0,1,0,0,0,0,0,1,0
113.68,4956.89,0,1,0,0,0,18,2,1,0,0,1,0,0,0,1,0,0,0,0,0,0,1,0
3524.11,2781.84,0,1,0,1,0,9,3,1,0,0,0,1,0,0,1,0,0,1,0,0,0,0,0
4989.74,1047.52,0,1,0,1,0,17,1,1,0,0,1,0,0,1,0,0,0,0,0,0,0,0,1
9490.1,2268.42,0,1,0,1,0,22,6,1,0,0,0,1,0,0,0,0,1,0,1,0,0,0,0
9410.4,2869.0,0,0,0,1,0,18,2,1,0,0,1,0,0,0,1,0,0,0,0,0,0,1,0
1809.56,4604.52,0,1,0,1,1,9,3,1,0,0,1,0,0,1,0,0,0,1,0,0,0,0,0
1852.28,1485.13,0,1,0,1,0,0,1,1,0,0,0,0,1,0,0,1,0,0,0,0,0,0,1
1634.65,4697.56,1,1,0,0,1,23,3,1,0,0,0,1,0,1,0,0,0,1,0,0,0,0,0
7889.43,4760.61,0,0,0,1,0,0,6,1,0,0,0,1,0,1,0,0,0,0,1,0,0,0,0
61.21,3563.83,0,1,0,1,0,2,5,1,0,0,0,1,0,0,1,0,0,0,0,0,1,0,0
1272.64,1900.73,0,1,0,1,0,13,2,1,0,0,0,1,0,1,0,0,0,0,0,0,0,1,0
5380.06,3146.83,0,1,1,1,0,7,4,1,0,0,0,0,1,0,0,1,0,0,0,1,0,0,0
2476.37,4266.6,0,1,0,1,0,22,5,1,0,0,0,0,1,0,1,0,0,0,0,0,1,0,0
924.47,2432.19,0,1,0,0,0,5,6,1,0,0,0,1,0,0,1,0,0,0,1,0,0,0,0
3599.42,4621.25,0,1,0,1,0,1,2,1,0,0,1,0,0,0,1,0,0,0,0,0,0,1,0
2742.8,1347.69,0,1,0,0,1,1,4,1,0,0,0,0,1,0,1,0,0,0,0,1,0,0,0
5111.53,2228.74,0,1,0,0,0,13,5,1,0,0,1,0,0,0,0,1,0,0,0,0,1,0,0
9792.36,4972.79,0,0,0,1,0,16,1,1,0,0,1,0,0,0,0,1,0,0,0,0,0,0,1
1243.92,3335.5,0,1,0,1,0,20,5,1,0,0,1,0,0,0,0,1,0,0,0,0,1,0,0
3727.89,3361.37,0,1,0,1,1,12,3,1,0,0,0,1,0,0,0,0,1,1,0,0,0,0,0
9319.92,1959.48,0,1,0,0,0,0,3,1,0,0,0,0,1,0,0,1,0,1,0,0,0,0,0
8768.85,4430.23,0,1,0,1,1,1,2,1,0,0,0,1,0,1,0,0,0,0,0,0,0,1,0
3943.32,2716.33,0,1,0,1,0,20,1,1,0,0,1,0,0,0,1,0,0,0,0,0,0,0,1
6989.83,4174.15,0,0,1,0,0,2,2,1,0,0,0,1,0,1,0,0,0,0,0,0,0,1,0
879.48,4242.74,0,1,0,1,1,13,3,1,0,0,1,0,0,0,0,1,0,1,0,0,0,0,0
7125.7,1699.43,0,1,0,1,0,17,2,1,0,0,0,1,0,0,0,0,1,0,0,0,0,1,0
9728.6,3007.15,0,1,0,1,0,22,5,1,0,0,0,1,0,0,0,0,1,0,0,0,1,0,0
5375.34,2535.96,0,1,0,1,0,17,1,1,0,0,0,0,1,0,1,0,0,0,0,0,0,0,1
4985.4,1619.38,0,1,0,1,0,11,4,1,0,0,0,0,1,0,0,1,0,0,0,1,0,0,0
1874.0,1493.59,0,1,0,1,0,1,3,1,0,0,1,0,0,0,0,0,1,1,0,0,0,0,0
6338.25,1183.2,0,1,0,1,0,23,3,1,0,0,1,0,0,1,0,0,0,1,0,0,0,0,0
5904.78,3807.85,0,1,0,1,1,21,5,1,0,0,1,0,0,0,0,0,1,0,0,0,1,0,0
6519.68,4128.6,0,0,1,0,0,14,2,1,0,0,0,1,0,0,1,0,0,0,0,0,0,1,0
261.81,2885.56,0,1,0,1,0,10,5,1,0,0,1,0,0,0,0,0,1,0,0,0,1,0,0
5487.69,3255.68,1,0,0,1,0,10,1,1,0,0,0,0,1,0,0,1,0,0,0,0,0,0,1
5949.75,2047.98,0,1,0,1,0,7,1,1,0,0,1,0,0,1,0,0,0,0,0,0,0,0,1
2076.09,3859.2,1,1,0,0,0,4,4,1,0,0,1,0,0,0,1,0,0,0,0,1,0,0,0
2084.12,3335.83,0,1,0,0,1,11,4,1,0,0,0,1,0,0,1,0,0,0,0,1,0,0,0
2762.91,4529.26,0,1,0,0,0,20,5,1,0,0,0,0,1,0,0,0,1,0,0,0,1,0,0
7117.5,3984.59,0,1,1,1,0,10,5,1,0,0,1,0,0,0,1,0,0,0,0,0,1,0,0
6063.05,1075.74,0,1,0,0,0,18,4,1,0,0,0,0,1,0,0,0,1,0,0,1,0,0,0
8457.78,4239.4,0,0,0,1,0,3,3,1,0,0,1,0,0,1,0,0,0,1,0,0,0,0,0
2957.29,1108.52,0,1,0,1,0,14,1,1,0,0,0,0,1,0,0,0,1,0,0,0,0,0,1
9120.77,4255.38,1,1,0,1,0,12,5,1,0,0,1,0,0,0,1,0,0,0,0,0,1,0,0
7437.32,4949.07,0,1,0,1,1,4,4,1,0,0,1,0,0,1,0,0,0,0,0,1,0,0,0
3950.72,2923.51,1,0,0,1,1,12,4,1,0,0,0,1,0,0,0,0,1,0,0,1,0,0,0
953.53,1907.59,0,1,0,1,0,14,4,1,0,0,0,1,0,0,1,0,0,0,0,1,0,0,0
2570.58,1038.28,0,1,0,1,1,21,1,1,0,0,0,0,1,0,1,0,0,0,0,0,0,0,1
9567.73,1601.17,0,1,0,1,0,5,5,1,0,0,0,0,1,0,0,1,0,0,0,0,1,0,0
3104.32,3015.13,0,1,1,0,0,16,6,1,0,0,0,0,1,0,0,0,1,0,1,0,0,0,0
3299.68,4226.34,0,1,0,1,0,13,5,1,0,0,0,0,1,0,0,0,1,0,0,0,1,0,0
1896.7,4485.91,0,0,0,1,1,21,4,1,0,0,0,1,0,0,0,0,1,0,0,1,0,0,0
8068.7,3734.24,0,1,0,1,0,10,5,1,0,0,0,0,1,1,0,0,0,0,0,0,1,0,0
2757.17,1347.28,0,1,0,1,0,3,3,1,0,0,1,0,0,1,0,0,0,1,0,0,0,0,0
3303.25,4965.38,0,1,0,1,1,12,5,1,0,0,1,0,0,0,0,1,0,0,0,0,1,0,0
4144.07,3988.42,0,1,0,1,0,20,6,1,0,0,1,0,0,0,0,1,0,0,1,0,0,0,0
4337.85,2705.83,0,1,0,1,0,11,3,1,0,0,0,1,0,0,0,1,0,1,0,0,0,0,0
4114.0,4254.7,0,0,0,1,0,5,2,1,0,0,0,0,1,0,1,0,0,0,0,0,0,1,0
5037.93,3354.29,0,1,0,0,0,8,4,1,0,0,1,0,0,0,1,0,0,0,0,1,0,0,0
8145.31,3411.13,0,1,0,1,0,11,2,1,0,0,1,0,0,0,0,1,0,0,0,0,0,1,0
8193.03,4885.21,1,1,0,1,0,12,3,1,0,0,0,1,0,0,1,0,0,1,0,0,0,0,0
7983.33,4204.51,0,1,0,1,0,11,6,1,0,0,0,1,0,0,0,1,0,0,1,0,0,0,0
1012.15,2048.6,0,1,1,0,0,6,2,1,0,0,0,1,0,1,0,0,0,0,0,0,0,1,0
7996.99,1700.63,0,1,0,0,0,21,6,1,0,0,1,0,0,0,1,0,0,0,1,0,0,0,0
1203.4,1689.23,0,1,0,1,0,7,5,1,0,0,0,1,0,0,1,0,0,0,0,0,1,0,0
1248.11,2818.02,0,0,0,0,1,9,3,1,0,0,1,0,0,0,0,1,0,1,0,0,0,0,0
9478.68,2554.26,0,1,0,1,0,4,6,1,0,0,0,0,1,0,0,0,1,0,1,0,0,0,0
8194.16,2811.05,0,1,0,1,0,20,6,1,0,0,1,0,0,0,0,1,0,0,1,0,0,0,0
5524.55,1250.79,0,1,0,1,0,9,4,1,0,0,0,0,1,0,1,0,0,0,0,1,0,0,0
8749.83,1808.31,0,1,0,1,0,21,1,1,0,0,1,0,0,0,1,0,0,0,0,0,0,0,1
9893.66,4190.0,0,0,0,1,0,17,1,1,0,0,0,0,1,0,0,1,0,0,0,0,0,0,1
6106.81,4030.4,0,0,0,1,0,20,3,1,0,0,1,0,0,0,0,1,0,1,0,0,0,0,0
6129.37,2573.25,1,1,0,0,0,21,4,1,0,0,1,0,0,0,0,1,0,0,0,1,0,0,0
7544.52,2561.85,0,1,0,0,0,4,6,1,0,0,1,0,0,0,1,0,0,0,1,0,0,0,0
2322.16,4535.29,0,1,1,0,0,21,2,1,0,0,1,0,0,0,1,0,0,0,0,0,0,1,0
1672.08,1727.51,0,1,0,1,0,12,6,1,0,0,0,1,0,0,1,0,0,0,1,0,0,0,0
7596.05,2428.86,1,1,0,1,1,8,6,1,0,0,1,0,0,1,0,0,0,0,1,0,0,0,0
3449.7,4053.9,0,1,0,1,0,20,4,1,0,0,1,0,0,0,0,1,0,0,0,1,0,0,0
1351.57,3298.35,0,1,0,1,0,11,1,1,0,0,0,1,0,1,0,0,0,0,0,0,0,0,1
3149.46,1241.06,0,0,0,1,0,19,2,1,0,0,0,1,0,0,0,1,0,0,0,0,0,1,0
3587.01,1047.3,0,0,0,1,0,0,5,1,0,0,0,1,0,1,0,0,0,0,0,0,1,0,0
9652.31,1076.54,0,1,0,1,1,4,2,1,0,0,0,1,0,0,0,1,0,0,0,0,0,1,0
6979.9,3623.93,0,1,0,1,0,11,6,1,0,0,0,1,0,0,0,0,1,0,1,0,0,0,0
5309.03,3489.96,0,1,0,1,0,18,4,1,0,0,0,1,0,1,0,0,0,0,0,1,0,0,0
9688.76,1178.05,0,0,0,1,1,20,1,1,0,0,0,1,0,0,1,0,0,0,0,0,0,0,1
9031.49,1527.85,0,0,0,1,0,9,1,1,0,0,0,1,0,0,1,0,0,0,0,0,0,0,1
5120.5,3890.23,0,1,0,1,0,1,5,1,0,0,0,1,0,1,0,0,0,0,0,0,1,0,0
9056.89,2238.36,0,1,0,1,0,22,5,1,0,0,0,1,0,0,0,1,0,0,0,0,1,0,0
4043.64,4966.74,0,0,0,0,0,9,3,1,0,0,0,1,0,1,0,0,0,1,0,0,0,0,0
2304.98,2249.94,0,0,0,0,1,6,6,1,0,0,0,0,1,0,1,0,0,0,1,0,0,0,0
2327.55,2342.75,0,0,0,0,0,8,5,1,0,0,1,0,0,0,1,0,0,0,0,0,1,0,0
6623.49,2677.89,0,0,0,0,0,23,1,1,0,0,1,0,0,0,1,0,0,0,0,0,0,0,1
5011.2,4310.63,0,1,0,1,1,3,1,1,0,0,0,1,0,1,0,0,0,0,0,0,0,0,1
6589.85,3229.17,0,1,0,1,0,9,5,1,0,0,0,1,0,1,0,0,0,0,0,0,1,0,0
6861.07,4428.98,1,0,0,0,0,16,4,1,0,0,0,0,1,0,0,0,1,0,0,1,0,0,0
224.21,2708.83,0,1,0,0,0,18,6,1,0,0,0,1,0,0,0,1,0,0,1,0,0,0,0
541.34,3433.12,0,0,0,1,0,12,5,1,0,0,0,0,1,0,0,0,1,0,0,0,1,0,0
5327.24,1018.48,0,1,0,1,0,9,2,1,0,0,1,0,0,0,1,0,0,0,0,0,0,1,0
1911.16,3302.19,0,1,1,0,1,0,2,1,0,0,1,0,0,0,0,0,1,0,0,0,0,1,0
6325.71,1322.09,0,1,0,1,0,19,3,1,0,0,0,1,0,0,1,0,0,1,0,0,0,0,0
5522.31,1772.06,0,1,0,1,0,18,1,1,0,0,0,0,1,0,0,1,0,0,0,0,0,0,1
5858.02,4990.15,0,1,0,1,0,18,5,1,0,0,0,0,1,0,0,0,1,0,0,0,1,0,0
3025.25,3548.72,0,1,0,0,0,13,1,1,0,0,1,0,0,0,1,0,0,0,0,0,0,0,1
6398.8,4477.02,0,1,0,1,0,2,4,1,0,0,1,0,0,0,0,0,1,0,0,1,0,0,0
8295.1,1229.3,0,1,0,1,0,2,4,1,0,0,0,0,1,1,0,0,0,0,0,1,0,0,0
9980.71,2538.24,0,1,0,1,0,22,3,1,0,0,0,0,1,1,0,0,0,1,0,0,0,0,0
8384.61,4449.76,0,1,0,1,0,5,4,1,0,0,1,0,0,0,0,1,0,0,0,1,0,0,0
5575.43,2643.14,0,0,0,1,1,0,1,1,0,0,0,0,1,0,0,1,0,0,0,0,0,0,1
1935.1,2014.52,0,1,0,1,0,6,6,1,0,0,1,0,0,0,0,0,1,0,1,0,0,0,0
6814.78,2923.95,0,1,0,0,0,3,3,1,0,0,0,0,1,0,0,1,0,1,0,0,0,0,0
9376.6,2883.76,0,1,0,0,0,18,5,1,0,0,0,1,0,0,0,1,0,0,0,0,1,0,0
2119.45,4962.74,0,0,0,0,0,22,2,1,0,0,1,0,0,1,0,0,0,0,0,0,0,1,0
2560.7,2418.02,0,1,0,1,0,0,6,1,0,0,0,0,1,0,0,0,1,0,1,0,0,0,0
1490.94,4829.39,0,1,0,1,1,16,2,1,0,0,1,0,0,1,0,0,0,0,0,0,0,1,0
7367.48,4648.13,0,1,0,1,0,3,6,1,0,0,0,0,1,1,0,0,0,0,1,0,0,0,0
4066.21,2798.04,0,1,0,1,0,21,2,1,0,0,0,1,0,1,0,0,0,0,0,0,0,1,0
627.89,4779.92,0,0,0,1,1,9,5,1,0,0,0,1,0,0,0,0,1,0,0,0,1,0,0
8749.62,3915.51,0,1,0,1,0,15,5,1,0,0,0,1,0,0,0,0,1,0,0,0,1,0,0
5577.16,4540.04,1,0,0,0,0,1,6,1,0,0,1,0,0,0,0,0,1,0,1,0,0,0,0
3311.61,4567.08,0,1,0,0,1,0,4,1,0,0,0,1,0,1,0,0,0,0,0,1,0,0,0
3440.49,1341.84,0,1,0,0,1,6,1,1,0,0,1,0,0,0,0,1,0,0,0,0,0,0,1
2903.22,4587.3,0,1,1,0,0,0,2,1,0,0,0,1,0,0,0,0,1,0,0,0,0,1,0
4555.35,2958.32,0,1,0,0,1,12,3,1,0,0,1,0,0,0,0,1,0,1,0,0,0,0,0
3371.08,3548.14,0,0,0,1,0,4,2,1,0,0,0,1,0,1,0,0,0,0,0,0,0,1,0
5479.92,2202.07,0,1,0,0,0,16,2,1,0,0,0,0,1,0,1,0,0,0,0,0,0,1,0
7735.4,3582.08,0,1,0,1,0,16,3,1,0,0,0,0,1,0,0,0,1,1,0,0,0,0,0
6744.94,1108.31,0,1,0,0,1,2,2,1,0,0,1,0,0,0,0,1,0,0,0,0,0,1,0
2945.27,2484.72,1,1,0,0,0,5,5,1,0,0,0,1,0,0,0,0,1,0,0,0,1,0,0
5287.88,3514.36,0,1,0,1,0,9,3,1,0,0,0,1,0,1,0,0,0,1,0,0,0,0,0
8401.42,1787.49,0,1,0,1,0,22,6,1,0,0,0,0,1,0,0,0,1,0,1,0,0,0,0
682.99,3690.49,0,1,1,0,0,9,5,1,0,0,0,1,0,1,0,0,0,0,0,0,1,0,0
783.89,4315.53,0,0,0,1,0,4,1,1,0,0,0,1,0,0,1,0,0,0,0,0,0,0,1
5562.14,1149.35,0,1,0,0,0,22,5,1,0,0,1,0,0,1,0,0,0,0,0,0,1,0,0
6391.51,3415.8,0,0,0,1,0,11,6,1,0,0,0,0,1,0,1,0,0,0,1,0,0,0,0
2114.92,3322.51,0,1,0,0,0,12,2,1,0,0,0,1,0,0,1,0,0,0,0,0,0,1,0
7452.46,4128.34,1,1,0,1,0,5,3,1,0,0,0,1,0,0,1,0,0,1,0,0,0,0,0
6462.99,3790.04,0,0,0,1,0,7,5,1,0,0,1,0,0,0,0,1,0,0,0,0,1,0,0
9232.97,2818.48,0,0,0,1,0,13,5,1,0,0,1,0,0,1,0,0,0,0,0,0,1,0,0
1690.37,2418.09,0,1,0,1,0,6,6,1,0,0,1,0,0,0,1,0,0,0,1,0,0,0,0
7513.99,4942.6,0,1,0,1,0,14,2,1,0,0,1,0,0,1,0,0,0,0,0,0,0,1,0
837.35,3007.11,0,1,0,1,0,9,2,1,0,0,0,1,0,0,0,0,1,0,0,0,0,1,0
5653.36,2631.72,0,1,0,0,0,10,5,1,0,0,0,1,0,1,0,0,0,0,0,0,1,0,0
5519.4,4972.0,0,1,0,1,1,23,3,1,0,0,0,1,0,1,0,0,0,1,0,0,0,0,0
3884.46,1722.01,0,1,0,0,0,18,3,1,0,0,1,0,0,1,0,0,0,1,0,0,0,0,0
8445.87,1744.53,0,1,0,0,0,18,5,1,0,0,0,1,0,1,0,0,0,0,0,0,1,0,0
44.7,4905.89,0,1,0,0,0,21,5,1,0,0,0,0,1,0,0,1,0,0,0,0,1,0,0
5202.27,3630.76,0,1,0,1,0,1,6,1,0,0,0,0,1,0,1,0,0,0,1,0,0,0,0
2172.32,3078.96,0,1,0,0,1,23,3,1,0,0,0,1,0,0,1,0,0,1,0,0,0,0,0
7435.24,1271.1,0,1,0,1,1,2,6,1,0,0,1,0,0,0,1,0,0,0,1,0,0,0,0
431.63,2423.44,0,0,0,1,0,5,1,1,0,0,0,0,1,0,0,0,1,0,0,0,0,0,1
8315.72,2733.34,1,1,0,0,0,18,1,1,0,0,0,1,0,0,0,0,1,0,0,0,0,0,1
8381.08,3045.62,0,0,0,1,1,1,2,1,0,0,0,0,1,1,0,0,0,0,0,0,0,1,0
8328.83,2746.27,0,1,0,0,1,21,6,1,0,0,0,0,1,0,0,1,0,0,1,0,0,0,0
1526.53,2752.44,0,1,0,1,0,12,3,1,0,0,0,0,1,0,0,1,0,1,0,0,0,0,0
6304.43,4979.34,0,0,0,1,1,23,5,1,0,0,0,0,1,1,0,0,0,0,0,0,1,0,0
144.66,4895.96,1,1,0,1,0,2,3,1,0,0,0,1,0,1,0,0,0,1,0,0,0,0,0
8479.78,1344.79,0,1,0,1,0,20,2,1,0,0,0,0,1,0,1,0,0,0,0,0,0,1,0
7230.03,1674.49,0,1,0,0,0,9,1,1,0,0,0,1,0,0,0,0,1,0,0,0,0,0,1
5312.01,4766.44,0,1,0,1,0,7,1,1,0,0,0,0,1,0,0,0,1,0,0,0,0,0,1
7306.18,2276.0,1,1,1,0,0,0,1,1,0,0,0,0,1,0,0,0,1,0,0,0,0,0,1
944.15,3446.16,0,1,0,1,0,10,6,1,0,0,0,0,1,0,0,0,1,0,1,0,0,0,0
5287.03,4191.45,0,1,0,1,0,9,1,1,0,0,0,1,0,1,0,0,0,0,0,0,0,0,1
2913.47,2883.5,0,1,0,1,0,17,6,1,0,0,0,0,1,1,0,0,0,0,1,0,0,0,0
9726.22,1066.48,0,1,0,1,0,18,3,1,0,0,0,0,1,0,0,0,1,1,0,0,0,0,0
8571.32,4312.3,0,1,0,1,0,4,5,1,0,0,1,0,0,0,1,0,0,0,0,0,1,0,0
7333.02,4024.96,1,1,0,1,0,17,4,1,0,0,0,0,1,0,1,0,0,0,0,1,0,0,0
9337.54,1165.73,0,0,0,1,0,6,1,1,0,0,1,0,0,0,1,0,0,0,0,0,0,0,1
3469.09,4589.49,0,1,0,1,1,16,4,1,0,0,0,1,0,0,0,0,1,0,0,1,0,0,0
9008.9,4428.05,1,1,0,0,0,17,2,1,0,0,0,0,1,0,1,0,0,0,0,0,0,1,0
3253.06,2100.18,0,0,0,1,1,13,5,1,0,0,0,0,1,1,0,0,0,0,0,0,1,0,0
7328.23,1320.56,0,0,1,1,1,15,4,1,0,0,1,0,0,0,0,0,1,0,0,1,0,0,0
7364.43,2612.69,0,1,0,1,0,8,2,1,0,0,1,0,0,0,1,0,0,0,0,0,0,1,0
184.48,4499.61,0,0,0,0,0,16,4,1,0,0,0,0,1,1,0,0,0,0,0,1,0,0,0
3611.24,2929.65,0,1,0,0,0,18,3,1,0,0,0,1,0,0,0,0,1,1,0,0,0,0,0
195.31,2126.31,0,0,0,1,0,23,3,1,0,0,1,0,0,1,0,0,0,1,0,0,0,0,0
9970.92,1927.06,0,0,1,1,0,9,3,1,0,0,0,0,1,0,1,0,0,1,0,0,0,0,0
1222.85,2420.14,0,1,0,1,0,23,3,1,0,0,1,0,0,0,0,1,0,1,0,0,0,0,0
5428.57,4975.8,0,1,0,1,0,12,5,1,0,0,0,1,0,0,1,0,0,0,0,0,1,0,0
7905.77,4513.7,0,0,0,1,0,21,4,1,0,0,1,0,0,1,0,0,0,0,0,1,0,0,0
2013.43,3188.17,0,1,0,1,0,23,4,1,0,0,0,0,1,0,0,1,0,0,0,1,0,0,0
4851.04,4233.66,0,1,0,1,0,16,4,1,0,0,1,0,0,0,0,1,0,0,0,1,0,0,0
6074.68,2265.09,0,1,0,1,0,16,6,1,0,0,0,1,0,0,0,0,1,0,1,0,0,0,0
1602.89,3460.84,1,0,0,1,0,23,6,1,0,0,0,0,1,0,0,1,0,0,1,0,0,0,0
7785.78,4491.0,1,1,0,0,1,17,4,1,0,0,0,0,1,0,0,0,1,0,0,1,0,0,0
2994.07,2470.75,0,1,0,1,0,14,6,1,0,0,0,0,1,0,0,1,0,0,1,0,0,0,0
2111.02,4201.59,0,0,0,1,0,23,5,1,0,0,0,0,1,0,0,1,0,0,0,0,1,0,0
5583.33,3457.29,1,1,0,1,1,4,3,1,0,0,0,1,0,0,0,0,1,1,0,0,0,0,0
4103.73,3461.43,0,1,1,1,0,8,1,1,0,0,0,0,1,1,0,0,0,0,0,0,0,0,1
9202.94,1164.39,0,1,0,1,0,19,2,1,0,0,0,1,0,0,0,0,1,0,0,0,0,1,0
8800.75,4597.04,0,1,0,1,0,0,6,1,0,0,0,1,0,0,0,1,0,0,1,0,0,0,0
4834.02,4104.58,0,1,0,0,0,19,5,1,0,0,1,0,0,0,1,0,0,0,0,0,1,0,0
3593.28,1145.89,0,1,0,1,0,15,3,1,0,0,1,0,0,0,0,0,1,1,0,0,0,0,0
3255.85,3442.99,0,0,0,0,1,9,2,1,0,0,0,0,1,0,0,0,1,0,0,0,0,1,0
2676.37,3983.61,0,1,0,1,0,11,2,1,0,0,0,0,1,0,0,1,0,0,0,0,0,1,0
5445.93,4180.49,1,1,0,1,0,11,6,1,0,0,0,1,0,0,0,1,0,0,1,0,0,0,0
8049.98,1354.19,0,0,0,0,0,0,1,1,0,0,1,0,0,0,1,0,0,0,0,0,0,0,1
3108.26,3559.76,0,0,0,0,0,13,1,1,0,0,0,0,1,0,0,1,0,0,0,0,0,0,1
1901.75,1931.9,0,1,0,1,1,11,1,1,0,0,0,0,1,0,0,0,1,0,0,0,0,0,1
4755.36,2805.75,0,1,0,1,0,4,1,1,0,0,0,1,0,0,0,0,1,0,0,0,0,0,1
691.28,3105.82,0,1,0,1,0,5,3,1,0,0,1,0,0,0,0,0,1,1,0,0,0,0,0
7013.09,1109.38,0,1,0,1,0,14,1,1,0,0,0,0,1,1,0,0,0,0,0,0,0,0,1
5184.06,2198.16,0,1,0,1,0,18,6,1,0,0,0,0,1,0,0,0,1,0,1,0,0,0,0
4964.25,4189.77,0,1,0,0,1,22,1,1,0,0,0,0,1,1,0,0,0,0,0,0,0,0,1
3005.15,4369.4,0,0,0,1,0,12,6,1,0,0,0,0,1,0,0,1,0,0,1,0,0,0,0
9046.83,2320.04,0,1,0,0,0,8,1,1,0,0,0,0,1,1,0,0,0,0,0,0,0,0,1
905.77,2767.19,0,1,0,1,0,1,1,1,0,0,0,0,1,0,0,0,1,0,0,0,0,0,1
8698.37,4324.78,0,1,0,0,0,23,6,1,0,0,1,0,0,0,0,1,0,0,1,0,0,0,0
3767.68,1803.15,0,1,0,1,0,15,3,1,0,0,0,1,0,1,0,0,0,1,0,0,0,0,0
8806.35,3923.9,0,0,0,1,0,1,3,1,0,0,0,1,0,0,0,1,0,1,0,0,0,0,0
7287.89,2629.29,0,1,0,0,0,22,6,1,0,0,0,1,0,0,0,1,0,0,1,0,0,0,0
1042.6,4948.42,0,1,0,1,0,13,1,1,0,0,0,0,1,1,0,0,0,0,0,0,0,0,1
8315.53,3407.13,1,1,0,0,1,21,4,1,0,0,0,1,0,0,0,1,0,0,0,1,0,0,0
6822.09,1592.29,1,1,0,1,0,14,3,1,0,0,1,0,0,0,0,1,0,1,0,0,0,0,0
323.99,1687.46,0,0,0,0,0,5,6,1,0,0,0,0,1,0,0,0,1,0,1,0,0,0,0
1337.89,1109.23,0,1,0,0,0,16,5,1,0,0,1,0,0,0,1,0,0,0,0,0,1,0,0
6356.64,3859.31,0,1,0,0,0,10,4,1,0,0,0,0,1,0,1,0,0,0,0,1,0,0,0
6626.34,2773.33,0,0,0,1,0,4,5,1,0,0,0,0,1,0,0,1,0,0,0,0,1,0,0
7466.77,1043.88,0,1,0,1,0,1,5,1,0,0,0,1,0,1,0,0,0,0,0,0,1,0,0
7202.73,1405.68,0,1,0,0,1,20,2,1,0,0,1,0,0,0,1,0,0,0,0,0,0,1,0
6595.54,2157.68,0,1,0,1,0,21,6,1,0,0,0,1,0,1,0,0,0,0,1,0,0,0,0
7662.62,2696.47,0,1,0,0,0,22,2,1,0,0,0,0,1,0,1,0,0,0,0,0,0,1,0
5751.28,4753.79,0,1,0,0,0,12,5,1,0,0,1,0,0,0,0,0,1,0,0,0,1,0,0
2608.65,3165.17,0,1,0,1,1,13,6,1,0,0,1,0,0,0,0,0,1,0,1,0,0,0,0
9123.85,4576.94,0,1,0,0,0,4,2,1,0,0,0,0,1,1,0,0,0,0,0,0,0,1,0
183.12,2002.12,0,0,0,1,1,10,1,1,0,0,0,1,0,1,0,0,0,0,0,0,0,0,1
3666.25,2328.93,1,1,0,0,0,21,6,1,0,0,0,0,1,0,0,0,1,0,1,0,0,0,0
7288.97,4523.2,0,1,0,1,0,5,3,1,0,0,1,0,0,1,0,0,0,1,0,0,0,0,0
4272.13,2965.45,0,1,0,1,0,17,2,1,0,0,1,0,0,0,0,1,0,0,0,0,0,1,0
249.32,3360.65,0,1,0,1,0,5,1,1,0,0,1,0,0,0,0,0,1,0,0,0,0,0,1
660.74,3296.71,0,1,0,1,0,3,1,1,0,0,0,0,1,0,0,0,1,0,0,0,0,0,1
6486.73,3581.5,0,1,0,1,0,13,6,1,0,0,1,0,0,0,0,0,1,0,1,0,0,0,0
9648.68,3355.81,1,1,0,1,1,11,6,1,0,0,1,0,0,0,0,0,1,0,1,0,0,0,0
5519.08,3777.46,0,0,0,0,0,14,1,1,0,0,0,1,0,0,0,1,0,0,0,0,0,0,1
5068.07,1589.11,0,1,0,1,1,15,1,1,0,0,0,1,0,0,0,0,1,0,0,0,0,0,1
3183.93,3842.52,0,0,0,1,0,3,3,1,0,0,1,0,0,0,0,0,1,1,0,0,0,0,0
2567.65,1602.39,0,0,0,1,0,22,6,1,0,0,0,1,0,1,0,0,0,0,1,0,0,0,0
210.83,2361.67,0,1,0,1,1,23,3,1,0,0,0,0,1,0,0,0,1,1,0,0,0,0,0
2730.28,4325.39,0,0,0,1,0,1,5,1,0,0,0,1,0,0,1,0,0,0,0,0,1,0,0
4491.66,3431.14,0,1,0,0,0,9,6,1,0,0,0,1,0,1,0,0,0,0,1,0,0,0,0
1980.3,4868.66,1,0,0,0,0,13,3,1,0,0,0,1,0,1,0,0,0,1,0,0,0,0,0
874.39,2009.19,0,1,0,0,0,20,5,1,0,0,0,1,0,0,1,0,0,0,0,0,1,0,0
7177.56,4682.97,1,1,0,0,0,3,1,1,0,0,0,0,1,1,0,0,0,0,0,0,0,0,1
8946.31,3567.69,0,1,0,1,1,15,3,1,0,0,0,1,0,0,0,1,0,1,0,0,0,0,0
9367.78,2476.96,0,0,0,1,0,23,6,1,0,0,1,0,0,0,0,0,1,0,1,0,0,0,0
6180.37,4147.16,0,0,0,1,1,9,5,1,0,0,0,1,0,0,0,0,1,0,0,0,1,0,0
528.69,4819.47,0,1,0,0,1,21,5,1,0,0,0,1,0,1,0,0,0,0,0,0,1,0,0
7408.89,4118.24,0,0,0,1,0,3,3,1,0,0,1,0,0,0,0,0,1,1,0,0,0,0,0
1101.84,1025.9,0,1,0,1,0,19,5,1,0,0,0,0,1,1,0,0,0,0,0,0,1,0,0
6697.81,1041.08,0,1,0,0,0,8,6,1,0,0,1,0,0,0,0,0,1,0,1,0,0,0,0
7793.88,1504.67,0,1,0,1,1,2,4,1,0,0,1,0,0,1,0,0,0,0,0,1,0,0,0
7258.92,4402.9,0,1,0,0,0,15,6,1,0,0,1,0,0,1,0,0,0,0,1,0,0,0,0
9518.89,4000.99,0,1,0,1,0,9,2,1,0,0,1,0,0,1,0,0,0,0,0,0,0,1,0
7381.72,3559.09,1,1,0,1,0,14,6,1,0,0,0,1,0,0,0,1,0,0,1,0,0,0,0
6932.4,3778.02,0,1,0,1,0,19,5,1,0,0,0,1,0,1,0,0,0,0,0,0,1,0,0
2618.17,3479.22,0,1,0,0,0,16,1,1,0,0,0,1,0,0,0,1,0,0,0,0,0,0,1
9247.76,2391.54,0,1,0,0,1,17,3,1,0,0,0,1,0,0,0,1,0,1,0,0,0,0,0
1796.26,3881.8,0,1,0,1,0,9,3,1,0,0,0,0,1,0,1,0,0,1,0,0,0,0,0
9049.06,4740.39,0,0,0,0,0,20,3,1,0,0,0,1,0,1,0,0,0,1,0,0,0,0,0
3127.31,3998.68,1,1,0,0,0,7,2,1,0,0,0,1,0,0,0,1,0,0,0,0,0,1,0
1302.51,4469.19,0,1,0,1,0,7,6,1,0,0,0,0,1,0,1,0,0,0,1,0,0,0,0
8267.0,1948.63,0,1,0,1,0,22,5,1,0,0,1,0,0,0,0,0,1,0,0,0,1,0,0
25.95,2397.14,0,1,0,1,0,16,2,1,0,0,0,1,0,0,0,1,0,0,0,0,0,1,0
8321.05,3030.95,0,1,0,1,0,16,5,1,0,0,0,1,0,0,0,1,0,0,0,0,1,0,0
2623.86,2885.97,0,1,0,1,0,9,2,1,0,0,1,0,0,0,0,1,0,0,0,0,0,1,0
8847.33,2863.95,0,1,0,1,0,19,2,1,0,0,0,1,0,0,1,0,0,0,0,0,0,1,0
6915.1,3562.22,0,1,0,1,1,1,3,1,0,0,1,0,0,0,1,0,0,1,0,0,0,0,0
6662.17,4421.56,0,1,0,1,0,10,1,1,0,0,1,0,0,0,0,1,0,0,0,0,0,0,1
3653.83,4548.65,0,1,0,1,0,18,1,1,0,0,1,0,0,1,0,0,0,0,0,0,0,0,1
594.97,1602.01,0,1,0,1,0,1,3,1,0,0,0,1,0,0,1,0,0,1,0,0,0,0,0
8300.9,1360.61,0,0,0,0,0,21,2,1,0,0,1,0,0,0,1,0,0,0,0,0,0,1,0
1709.87,2244.86,0,1,0,0,0,18,6,1,0,0,0,1,0,0,0,0,1,0,1,0,0,0,0
3723.21,3948.91,0,1,0,1,0,12,2,1,0,0,0,0,1,0,0,0,1,0,0,0,0,1,0
6003.95,4173.81,0,1,0,1,0,3,2,1,0,0,1,0,0,0,0,1,0,0,0,0,0,1,0
4823.06,2533.11,0,1,0,1,1,4,4,1,0,0,0,1,0,0,0,0,1,0,0,1,0,0,0
1987.41,2241.79,0,1,0,1,0,22,5,1,0,0,1,0,0,1,0,0,0,0,0,0,1,0,0
1407.02,1521.98,0,1,1,1,0,22,2,1,0,0,0,1,0,0,0,1,0,0,0,0,0,1,0
1233.34,1952.93,0,1,0,0,0,16,4,1,0,0,0,1,0,0,0,1,0,0,0,1,0,0,0
8630.22,1403.1,0,1,1,1,0,9,1,1,0,0,0,0,1,0,1,0,0,0,0,0,0,0,1
316.56,2215.41,0,0,0,1,0,13,5,1,0,0,1,0,0,0,0,1,0,0,0,0,1,0,0
9770.17,3704.49,0,1,0,1,0,9,3,1,0,0,0,1,0,0,0,0,1,1,0,0,0,0,0
1986.09,1515.82,0,1,0,1,1,23,1,1,0,0,0,0,1,0,0,1,0,0,0,0,0,0,1
1104.11,2285.21,0,1,0,1,0,15,1,1,0,0,0,1,0,0,0,1,0,0,0,0,0,0,1
5770.14,3114.56,0,1,0,1,0,7,5,1,0,0,0,1,0,0,0,0,1,0,0,0,1,0,0
800.78,2308.43,0,1,0,1,0,4,4,1,0,0,0,0,1,0,1,0,0,0,0,1,0,0,0
6024.93,2758.3,0,1,0,1,0,6,1,1,0,0,1,0,0,1,0,0,0,0,0,0,0,0,1
8506.42,2987.47,0,1,0,1,1,12,1,1,0,0,0,0,1,0,0,0,1,0,0,0,0,0,1
479.93,4100.04,1,1,0,0,0,7,1,1,0,0,1,0,0,1,0,0,0,0,0,0,0,0,1
7998.89,4372.38,0,0,0,0,0,22,5,1,0,0,0,1,0,1,0,0,0,0,0,0,1,0,0
3945.38,1769.56,0,1,0,1,0,23,1,1,0,0,0,1,0,1,0,0,0,0,0,0,0,0,1
1595.75,2477.34,0,1,0,0,0,18,6,1,0,0,0,0,1,0,0,1,0,0,1,0,0,0,0
1761.79,3300.64,0,1,0,1,0,9,3,1,0,0,0,0,1,1,0,0,0,1,0,0,0,0,0
9187.73,2997.52,0,0,0,0,1,12,3,1,0,0,0,0,1,0,1,0,0,1,0,0,0,0,0
1106.95,1321.67,0,1,0,1,1,5,1,1,0,0,0,1,0,0,1,0,0,0,0,0,0,0,1
8667.96,2379.86,0,0,1,0,1,0,2,1,0,0,1,0,0,0,1,0,0,0,0,0,0,1,0
5442.9,1910.09,0,1,0,1,0,7,4,1,0,0,0,0,1,0,0,1,0,0,0,1,0,0,0
391.52,2669.07,0,0,0,1,0,14,1,1,0,0,1,0,0,0,0,0,1,0,0,0,0,0,1
4645.3,2351.93,0,1,0,0,1,1,2,1,0,0,0,0,1,0,1,0,0,0,0,0,0,1,0
8174.68,3781.53,0,0,0,1,0,10,2,1,0,0,0,0,1,1,0,0,0,0,0,0,0,1,0
7262.3,2605.78,0,1,0,0,0,20,3,1,0,0,0,0,1,0,0,1,0,1,0,0,0,0,0
4888.34,1966.1,1,1,0,1,0,20,4,1,0,0,0,0,1,0,0,1,0,0,0,1,0,0,0
8600.64,3478.6,0,1,0,1,0,2,4,1,0,0,0,1,0,0,1,0,0,0,0,1,0,0,0
1204.53,3907.56,0,1,0,1,1,23,5,1,0,0,0,1,0,1,0,0,0,0,0,0,1,0,0
9099.5,1433.07,0,1,0,1,0,19,5,1,0,0,0,0,1,1,0,0,0,0,0,0,1,0,0
8464.57,2004.94,0,1,0,0,0,2,3,1,0,0,0,1,0,0,1,0,0,1,0,0,0,0,0
7083.06,1835.23,0,1,1,0,1,10,1,1,0,0,0,1,0,1,0,0,0,0,0,0,0,0,1
8179.06,1804.35,0,0,1,1,0,2,5,1,0,0,0,1,0,0,0,1,0,0,0,0,1,0,0
5438.61,4607.93,1,1,0,1,0,0,4,1,0,0,0,1,0,0,0,1,0,0,0,1,0,0,0
6751.95,1504.11,0,1,0,1,0,16,4,1,0,0,1,0,0,0,1,0,0,0,0,1,0,0,0
5606.42,4484.54,0,1,0,1,0,18,2,1,0,0,1,0,0,1,0,0,0,0,0,0,0,1,0
3554.93,2575.62,0,1,0,1,0,12,2,1,0,0,0,1,0,0,0,0,1,0,0,0,0,1,0
5689.04,3563.2,0,0,0,1,0,0,3,1,0,0,1,0,0,0,1,0,0,1,0,0,0,0,0
2575.4,2763.8,0,0,0,0,0,1,2,1,0,0,0,0,1,0,0,1,0,0,0,0,0,1,0
4403.35,3394.98,0,1,0,1,1,13,5,1,0,0,1,0,0,0,1,0,0,0,0,0,1,0,0
2808.47,3206.62,0,1,0,0,1,8,3,1,0,0,0,0,1,0,1,0,0,1,0,0,0,0,0
1229.76,2731.8,0,1,1,1,0,15,2,1,0,0,1,0,0,0,0,1,0,0,0,0,0,1,0
3219.3,2100.1,0,1,0,1,1,2,3,1,0,0,1,0,0,0,0,0,1,1,0,0,0,0,0
8520.02,4723.49,0,1,0,0,0,3,1,1,0,0,0,0,1,0,1,0,0,0,0,0,0,0,1
3811.43,4663.87,0,1,0,1,0,13,5,1,0,0,0,0,1,0,0,0,1,0,0,0,1,0,0
7480.29,1284.46,0,1,0,1,0,4,6,1,0,0,0,1,0,0,0,0,1,0,1,0,0,0,0
1752.8,1894.08,0,0,1,1,0,18,1,1,0,0,1,0,0,0,0,1,0,0,0,0,0,0,1
4244.77,3296.27,0,1,0,1,0,5,2,1,0,0,0,0,1,0,1,0,0,0,0,0,0,1,0
1149.45,4921.8,0,1,0,1,1,16,4,1,0,0,0,1,0,0,1,0,0,0,0,1,0,0,0
1387.07,3909.75,0,1,0,1,0,8,6,1,0,0,0,0,1,0,0,0,1,0,1,0,0,0,0
6174.75,4273.35,0,1,0,1,0,16,2,1,0,0,0,1,0,0,1,0,0,0,0,0,0,1,0
6075.21,2256.89,0,1,0,1,0,3,3,1,0,0,0,1,0,0,0,0,1,1,0,0,0,0,0
2134.51,1875.65,1,0,0,1,0,5,3,1,0,0,0,0,1,0,0,1,0,1,0,0,0,0,0
4744.76,1903.85,0,1,0,1,0,21,3,1,0,0,0,0,1,0,0,1,0,1,0,0,0,0,0
8633.2,2933.13,0,1,0,0,1,21,1,1,0,0,1,0,0,0,0,1,0,0,0,0,0,0,1
1742.84,4433.92,0,1,0,1,0,23,3,1,0,0,1,0,0,0,0,0,1,1,0,0,0,0,0
193.09,1865.48,0,1,1,0,1,22,6,1,0,0,0,1,0,0,1,0,0,0,1,0,0,0,0
6520.3,3281.27,0,1,0,1,0,1,5,1,0,0,0,0,1,0,1,0,0,0,0,0,1,0,0
535.93,4235.18,0,1,0,1,0,10,5,1,0,0,1,0,0,1,0,0,0,0,0,0,1,0,0
9799.42,3001.42,0,1,0,1,1,20,6,1,0,0,0,1,0,1,0,0,0,0,1,0,0,0,0
6096.59,2667.61,0,1,0,0,0,23,6,1,0,0,1,0,0,0,0,1,0,0,1,0,0,0,0
4704.49,2386.13,0,1,0,1,0,20,5,1,0,0,0,1,0,0,1,0,0,0,0,0,1,0,0
4300.5,3401.79,0,1,0,1,0,10,1,1,0,0,1,0,0,0,0,0,1,0,0,0,0,0,1
5731.13,4270.76,0,1,0,1,0,8,1,1,0,0,0,0,1,0,0,0,1,0,0,0,0,0,1
907.15,4984.52,0,0,1,1,0,20,4,1,0,0,0,1,0,0,0,0,1,0,0,1,0,0,0
9300.26,4477.44,0,1,0,0,0,6,5,1,0,0,0,1,0,0,1,0,0,0,0,0,1,0,0
6256.8,2811.0,0,1,0,1,0,15,2,1,0,0,1,0,0,0,1,0,0,0,0,0,0,1,0
1840.6,1316.97,1,1,0,1,0,0,2,1,0,0,1,0,0,0,0,1,0,0,0,0,0,1,0
5626.25,1482.15,0,1,0,1,1,16,4,1,0,0,1,0,0,1,0,0,0,0,0,1,0,0,0
1333.43,1117.3,0,1,0,0,1,6,4,1,0,0,0,0,1,0,1,0,0,0,0,1,0,0,0
176.51,2450.65,0,1,0,0,0,3,5,1,0,0,1,0,0,0,0,0,1,0,0,0,1,0,0
6305.54,2926.21,0,1,0,1,0,12,6,1,0,0,1,0,0,0,1,0,0,0,1,0,0,0,0
6485.18,4282.44,0,1,0,0,0,12,1,1,0,0,0,0,1,1,0,0,0,0,0,0,0,0,1
5837.38,1342.94,0,1,0,1,0,22,2,1,0,0,1,0,0,1,0,0,0,0,0,0,0,1,0
1835.65,1912.48,0,1,0,1,0,14,2,1,0,0,0,0,1,0,0,0,1,0,0,0,0,1,0
6034.7,3042.61,0,1,0,0,0,7,4,1,0,0,0,0,1,0,0,1,0,0,0,1,0,0,0
566.05,4399.11,0,1,0,1,0,8,6,1,0,0,1,0,0,1,0,0,0,0,1,0,0,0,0
6092.77,1350.56,0,1,0,1,0,16,5,1,0,0,0,0,1,1,0,0,0,0,0,0,1,0,0
5540.62,1973.74,1,1,0,0,1,23,4,1,0,0,1,0,0,1,0,0,0,0,0,1,0,0,0
6552.89,3175.62,1,0,0,0,0,8,3,1,0,0,0,0,1,1,0,0,0,1,0,0,0,0,0
8954.86,2297.46,0,1,1,0,0,12,6,1,0,0,0,1,0,1,0,0,0,0,1,0,0,0,0
8503.73,4969.59,0,1,0,1,0,11,1,1,0,0,1,0,0,0,1,0,0,0,0,0,0,0,1
9806.56,2808.53,0,1,1,1,1,14,3,1,0,0,0,1,0,0,0,0,1,1,0,0,0,0,0
9762.43,4645.43,0,1,0,0,0,16,3,1,0,0,0,1,0,0,1,0,0,1,0,0,0,0,0
7723.42,4763.55,0,1,0,1,0,15,5,1,0,0,0,1,0,0,0,1,0,0,0,0,1,0,0
9564.24,2037.73,0,1,0,1,0,10,4,1,0,0,0,1,0,1,0,0,0,0,0,1,0,0,0
8672.97,2306.0,1,1,0,1,0,4,6,1,0,0,1,0,0,0,0,1,0,0,1,0,0,0,0
7276.1,2296.55,1,0,0,0,0,15,4,1,0,0,0,0,1,0,0,1,0,0,0,1,0,0,0
754.77,2745.25,0,1,0,1,0,7,4,1,0,0,1,0,0,0,0,0,1,0,0,1,0,0,0
491.45,1252.6,0,1,0,1,0,6,4,1,0,0,1,0,0,0,1,0,0,0,0,1,0,0,0
8376.16,4229.42,1,1,0,0,0,10,1,1,0,0,0,0,1,0,0,1,0,0,0,0,0,0,1
4897.07,1523.42,0,1,0,1,1,18,5,1,0,0,0,1,0,0,0,1,0,0,0,0,1,0,0
8146.25,4574.66,0,1,0,1,0,21,3,1,0,0,0,0,1,0,0,1,0,1,0,0,0,0,0
3129.87,3306.33,0,1,0,0,0,18,1,1,0,0,0,1,0,0,0,1,0,0,0,0,0,0,1
3977.1,2925.95,0,1,0,0,0,0,2,1,0,0,1,0,0,1,0,0,0,0,0,0,0,1,0
7002.17,3643.15,0,1,0,1,0,0,2,1,0,0,0,0,1,0,0,0,1,0,0,0,0,1,0
9153.35,4732.4,0,1,0,1,1,21,4,1,0,0,0,0,1,0,0,0,1,0,0,1,0,0,0
878.53,2186.67,1,1,1,1,0,15,4,1,0,0,0,1,0,0,0,0,1,0,0,1,0,0,0
8614.92,2080.74,0,0,0,1,0,9,2,1,0,0,0,0,1,0,0,1,0,0,0,0,0,1,0
7930.33,2479.51,1,1,0,1,0,9,1,1,0,0,1,0,0,0,0,1,0,0,0,0,0,0,1
3156.08,2947.23,1,1,0,1,0,3,5,1,0,0,0,0,1,1,0,0,0,0,0,0,1,0,0
3552.81,1302.82,0,0,1,0,0,5,6,1,0,0,0,0,1,0,0,1,0,0,1,0,0,0,0
465.57,3719.95,0,1,0,1,0,10,3,1,0,0,1,0,0,0,1,0,0,1,0,0,0,0,0
158.39,3083.58,0,0,0,1,0,12,6,1,0,0,0,1,0,0,1,0,0,0,1,0,0,0,0
4770.58,3159.67,0,0,0,0,0,15,6,1,0,0,0,0,1,0,0,1,0,0,1,0,0,0,0
956.3,1998.59,0,1,0,0,1,13,2,1,0,0,0,1,0,0,1,0,0,0,0,0,0,1,0
1940.82,4362.4,0,1,0,1,0,16,6,1,0,0,0,0,1,0,1,0,0,0,1,0,0,0,0
8467.83,2592.24,0,1,0,1,1,18,2,1,0,0,1,0,0,0,0,0,1,0,0,0,0,1,0
5710.71,3609.05,0,1,0,1,0,7,4,1,0,0,0,1,0,0,0,1,0,0,0,1,0,0,0
6336.69,1960.24,0,0,0,0,0,10,3,1,0,0,0,0,1,0,0,0,1,1,0,0,0,0,0
1875.61,4265.17,0,1,0,0,0,23,2,1,0,0,0,1,0,0,1,0,0,0,0,0,0,1,0
8286.79,2198.86,0,1,0,1,1,5,6,1,0,0,0,0,1,0,0,0,1,0,1,0,0,0,0
8679.93,4686.75,0,1,0,0,0,2,2,1,0,0,1,0,0,0,1,0,0,0,0,0,0,1,0
5233.75,2819.17,0,1,0,1,0,2,4,1,0,0,1,0,0,0,0,0,1,0,0,1,0,0,0
9125.67,1580.6,1,0,0,1,0,13,4,1,0,0,0,0,1,0,0,1,0,0,0,1,0,0,0
8448.44,3444.78,0,1,0,1,1,15,4,1,0,0,0,0,1,0,1,0,0,0,0,1,0,0,0
7313.51,3226.54,0,1,0,1,0,16,2,1,0,0,0,1,0,0,0,1,0,0,0,0,0,1,0
7341.03,2685.74,0,1,0,1,0,8,2,1,0,0,0,0,1,1,0,0,0,0,0,0,0,1,0
1054.83,4278.84,0,1,0,1,0,2,4,1,0,0,0,1,0,0,1,0,0,0,0,1,0,0,0
2709.09,2685.15,0,0,0,1,0,20,2,1,0,0,0,0,1,0,0,0,1,0,0,0,0,1,0
669.41,1544.89,0,1,0,1,1,7,2,1,0,0,1,0,0,1,0,0,0,0,0,0,0,1,0
87.8,1114.33,0,1,0,1,0,15,6,1,0,0,0,1,0,0,0,1,0,0,1,0,0,0,0
1583.94,4568.65,0,1,0,0,0,22,3,1,0,0,0,1,0,0,0,1,0,1,0,0,0,0,0
8804.99,2866.81,0,0,0,1,1,22,1,1,0,0,1,0,0,0,0,1,0,0,0,0,0,0,1
2399.5,3251.85,0,1,0,1,1,21,4,1,0,0,0,1,0,1,0,0,0,0,0,1,0,0,0
9701.57,1458.96,0,1,0,1,0,10,3,1,0,0,1,0,0,0,1,0,0,1,0,0,0,0,0
5973.31,2957.65,0,1,0,1,0,6,2,1,0,0,1,0,0,0,1,0,0,0,0,0,0,1,0
2373.35,3133.46,0,0,0,1,0,9,6,1,0,0,1,0,0,0,0,1,0,0,1,0,0,0,0
4971.81,2861.01,0,1,0,1,0,10,2,1,0,0,0,0,1,0,0,1,0,0,0,0,0,1,0
2191.73,4816.48,0,1,0,0,0,3,6,1,0,0,1,0,0,0,0,1,0,0,1,0,0,0,0
9839.75,3285.54,1,1,0,1,0,7,6,1,0,0,0,1,0,1,0,0,0,0,1,0,0,0,0
8472.8,4897.55,0,1,0,1,0,10,2,1,0,0,0,0,1,1,0,0,0,0,0,0,0,1,0
263.36,1613.33,0,1,0,1,0,17,6,1,0,0,1,0,0,0,0,1,0,0,1,0,0,0,0
9477.81,4656.76,0,1,0,1,0,8,4,1,0,0,1,0,0,0,0,0,1,0,0,1,0,0,0
7210.93,3211.69,0,1,0,0,1,9,3,1,0,0,1,0,0,0,1,0,0,1,0,0,0,0,0
824.73,2184.55,0,0,1,0,0,7,1,1,0,0,0,1,0,1,0,0,0,0,0,0,0,0,1
6706.71,3982.97,0,1,0,1,0,14,3,1,0,0,0,0,1,0,1,0,0,1,0,0,0,0,0
6469.62,3225.05,0,1,0,1,0,2,6,1,0,0,0,0,1,1,0,0,0,0,1,0,0,0,0
2188.67,3302.71,0,1,0,1,0,17,5,1,0,0,0,0,1,0,0,0,1,0,0,0,1,0,0
7584.71,1687.76,0,1,0,1,0,20,4,1,0,0,0,1,0,1,0,0,0,0,0,1,0,0,0
871.56,3719.76,0,1,0,1,0,3,5,1,0,0,1,0,0,0,1,0,0,0,0,0,1,0,0
4894.96,2176.56,0,1,0,1,0,11,1,1,0,0,0,0,1,0,0,0,1,0,0,0,0,0,1
100.22,2423.06,0,1,0,0,1,6,5,1,0,0,1,0,0,0,0,0,1,0,0,0,1,0,0
9687.41,4626.31,0,1,1,1,0,4,1,1,0,0,0,1,0,0,0,0,1,0,0,0,0,0,1
7515.88,1717.99,0,1,0,1,0,13,4,1,0,0,0,0,1,0,0,0,1,0,0,1,0,0,0
1589.36,4546.58,0,1,0,0,0,21,5,1,0,0,0,1,0,0,1,0,0,0,0,0,1,0,0
3417.4,3001.67,0,1,0,0,0,2,3,1,0,0,0,0,1,0,0,0,1,1,0,0,0,0,0
1606.46,1714.04,0,1,0,0,1,18,4,1,0,0,0,0,1,0,1,0,0,0,0,1,0,0,0
7666.41,4246.4,1,1,0,1,0,20,1,1,0,0,1,0,0,1,0,0,0,0,0,0,0,0,1
589.9,3609.99,0,1,0,1,0,5,3,1,0,0,0,1,0,0,1,0,0,1,0,0,0,0,0
8404.23,2387.28,1,1,0,1,0,4,4,1,0,0,0,0,1,0,0,1,0,0,0,1,0,0,0
9422.02,2202.9,0,1,0,1,0,9,4,1,0,0,0,0,1,0,0,0,1,0,0,1,0,0,0
6766.6,2683.77,0,1,0,1,0,23,1,1,0,0,0,1,0,0,1,0,0,0,0,0,0,0,1
2130.44,1544.85,0,1,0,0,0,0,5,1,0,0,1,0,0,1,0,0,0,0,0,0,1,0,0
3601.54,4237.0,0,0,0,1,0,17,4,1,0,0,0,1,0,0,0,1,0,0,0,1,0,0,0
4772.92,2114.63,0,0,0,1,0,16,5,1,0,0,0,0,1,0,0,1,0,0,0,0,1,0,0
6046.64,4307.47,0,1,0,1,0,5,5,1,0,0,0,1,0,1,0,0,0,0,0,0,1,0,0
6686.96,3925.21,0,1,1,1,1,5,2,1,0,0,1,0,0,0,0,1,0,0,0,0,0,1,0
5542.59,4767.34,0,1,0,1,0,2,3,1,0,0,1,0,0,0,0,1,0,1,0,0,0,0,0
3513.79,1396.57,1,0,0,1,1,7,4,1,0,0,1,0,0,0,1,0,0,0,0,1,0,0,0
8909.28,2396.73,0,1,0,0,0,14,5,1,0,0,1,0,0,0,0,0,1,0,0,0,1,0,0
814.84,3495.54,1,1,0,1,1,21,3,1,0,0,1,0,0,0,1,0,0,1,0,0,0,0,0
4663.09,4434.31,1,1,0,1,0,15,2,1,0,0,1,0,0,0,0,0,1,0,0,0,0,1,0
7755.87,1622.52,0,0,0,1,0,16,5,1,0,0,1,0,0,0,1,0,0,0,0,0,1,0,0
609.67,4445.59,0,1,0,0,0,9,1,1,0,0,0,0,1,1,0,0,0,0,0,0,0,0,1
7053.65,1267.9,0,0,0,0,0,12,3,1,0,0,0,1,0,0,0,0,1,1,0,0,0,0,0
8197.3,2897.43,0,1,0,0,1,0,1,1,0,0,1,0,0,0,0,1,0,0,0,0,0,0,1
6608.65,1337.78,0,1,0,0,0,6,2,1,0,0,0,1,0,0,0,1,0,0,0,0,0,1,0
130.36,1599.48,0,0,0,1,0,9,1,1,0,0,0,1,0,0,1,0,0,0,0,0,0,0,1
1802.19,4099.68,1,0,0,1,0,6,1,1,0,0,0,0,1,0,0,0,1,0,0,0,0,0,1
3421.79,1074.52,0,1,0,1,0,9,1,1,0,0,0,1,0,1,0,0,0,0,0,0,0,0,1
2337.67,3221.46,0,1,0,0,1,22,2,1,0,0,0,1,0,1,0,0,0,0,0,0,0,1,0
9626.56,1393.21,0,0,0,1,0,3,3,1,0,0,1,0,0,0,0,0,1,1,0,0,0,0,0
6516.29,4245.05,0,1,0,1,0,22,5,1,0,0,1,0,0,1,0,0,0,0,0,0,1,0,0
2970.41,4232.67,0,1,0,0,0,8,5,1,0,0,0,1,0,0,1,0,0,0,0,0,1,0,0
9297.05,3811.16,0,1,0,1,0,22,6,1,0,0,1,0,0,1,0,0,0,0,1,0,0,0,0
7406.2,4023.75,0,1,0,1,0,0,6,1,0,0,0,0,1,0,0,1,0,0,1,0,0,0,0
2846.79,3363.11,1,1,0,1,0,4,3,1,0,0,0,1,0,0,0,0,1,1,0,0,0,0,0
3789.44,2941.96,0,0,0,0,1,13,3,1,0,0,0,1,0,0,0,0,1,1,0,0,0,0,0
1995.09,2640.57,0,1,0,1,1,0,4,1,0,0,0,0,1,0,0,1,0,0,0,1,0,0,0
9710.77,3645.27,0,1,1,1,0,13,3,1,0,0,0,0,1,0,0,1,0,1,0,0,0,0,0
5173.45,2531.2,0,1,0,0,0,19,3,1,0,0,0,0,1,0,0,0,1,1,0,0,0,0,0
8960.67,1011.17,0,1,0,1,0,22,2,1,0,0,0,0,1,0,0,0,1,0,0,0,0,1,0
3465.65,1403.0,0,1,0,0,0,14,5,1,0,0,0,1,0,0,0,1,0,0,0,0,1,0,0
8608.56,3607.26,0,1,0,1,1,10,3,1,0,0,1,0,0,1,0,0,0,1,0,0,0,0,0
539.81,2459.69,0,1,0,0,0,10,2,1,0,0,1,0,0,0,1,0,0,0,0,0,0,1,0
9820.92,4958.21,0,1,0,1,0,1,5,1,0,0,1,0,0,0,0,1,0,0,0,0,1,0,0
9120.43,2415.68,0,1,0,1,0,9,3,1,0,0,1,0,0,0,1,0,0,1,0,0,0,0,0
3632.67,1433.7,0,1,1,1,1,16,6,1,0,0,0,0,1,1,0,0,0,0,1,0,0,0,0
7747.45,2313.53,0,1,0,0,0,19,6,1,0,0,1,0,0,0,0,0,1,0,1,0,0,0,0
7522.83,3747.4,0,0,0,1,1,11,1,1,0,0,1,0,0,0,0,0,1,0,0,0,0,0,1
9012.65,3113.1,0,1,0,0,1,18,1,1,0,0,0,1,0,0,0,0,1,0,0,0,0,0,1
3073.24,3441.18,0,1,0,1,0,11,5,1,0,0,0,1,0,0,0,0,1,0,0,0,1,0,0
4655.73,1444.95,0,1,0,0,0,13,4,1,0,0,1,0,0,0,0,0,1,0,0,1,0,0,0
8650.13,4307.93,0,1,0,1,0,18,3,1,0,0,0,0,1,0,0,1,0,1,0,0,0,0,0
7786.02,4609.55,0,1,0,0,0,15,3,1,0,0,1,0,0,0,0,0,1,1,0,0,0,0,0
3935.27,1581.4,0,1,0,0,0,23,5,1,0,0,0,0,1,0,1,0,0,0,0,0,1,0,0
8457.41,3504.55,0,1,0,1,0,12,2,1,0,0,0,1,0,0,0,0,1,0,0,0,0,1,0
470.49,1919.06,0,1,0,1,0,11,5,1,0,0,0,0,1,0,1,0,0,0,0,0,1,0,0
7820.68,1729.09,0,1,0,0,1,4,3,1,0,0,1,0,0,0,1,0,0,1,0,0,0,0,0
2068.45,1818.27,0,1,0,0,0,11,2,1,0,0,0,1,0,0,0,0,1,0,0,0,0,1,0
2861.92,3085.28,0,1,0,0,0,11,5,1,0,0,1,0,0,0,0,0,1,0,0,0,1,0,0
4932.66,4543.6,0,1,0,0,0,18,6,1,0,0,1,0,0,1,0,0,0,0,1,0,0,0,0
4497.9,4274.42,0,1,0,0,0,20,2,1,0,0,0,0,1,0,0,0,1,0,0,0,0,1,0
5206.18,1573.53,0,1,0,1,0,9,1,1,0,0,1,0,0,0,1,0,0,0,0,0,0,0,1
5448.21,3039.68,0,1,0,1,1,10,3,1,0,0,1,0,0,1,0,0,0,1,0,0,0,0,0
3315.95,1603.54,0,1,0,1,0,1,3,1,0,0,0,1,0,0,1,0,0,1,0,0,0,0,0
1753.1,2752.19,0,1,0,0,0,7,4,1,0,0,0,0,1,1,0,0,0,0,0,1,0,0,0
7685.04,3250.1,0,1,0,1,0,23,4,1,0,0,0,0,1,0,1,0,0,0,0,1,0,0,0
4000.36,4246.32,0,1,0,1,0,5,3,1,0,0,0,1,0,0,0,0,1,1,0,0,0,0,0
5058.9,4445.22,0,0,0,1,0,4,6,1,0,0,0,1,0,1,0,0,0,0,1,0,0,0,0
6447.32,1110.8,0,1,0,1,0,12,5,1,0,0,0,0,1,0,1,0,0,0,0,0,1,0,0
9096.47,3756.86,0,0,0,0,0,5,6,1,0,0,0,1,0,0,0,0,1,0,1,0,0,0,0
7075.82,2640.64,0,1,0,1,0,20,3,1,0,0,0,0,1,1,0,0,0,1,0,0,0,0,0
455.55,2979.82,0,1,0,1,0,11,6,1,0,0,0,1,0,0,0,1,0,0,1,0,0,0,0
8385.77,1887.37,0,1,0,1,1,23,5,1,0,0,0,0,1,0,0,0,1,0,0,0,1,0,0
9893.56,1137.08,0,0,0,1,0,12,4,1,0,0,0,0,1,0,1,0,0,0,0,1,0,0,0
4725.38,4341.56,0,1,0,0,0,18,4,1,0,0,0,1,0,0,0,0,1,0,0,1,0,0,0
9695.93,1922.51,0,1,0,1,0,17,6,1,0,0,1,0,0,0,1,0,0,0,1,0,0,0,0
5473.74,4521.19,0,0,0,1,0,22,5,1,0,0,1,0,0,0,1,0,0,0,0,0,1,0,0
4596.7,1278.81,0,1,0,1,0,22,4,1,0,0,0,1,0,0,1,0,0,0,0,1,0,0,0
3314.72,2633.73,1,0,0,1,0,11,4,1,0,0,0,0,1,0,1,0,0,0,0,1,0,0,0
6575.89,3969.38,0,1,0,1,0,17,1,1,0,0,0,1,0,1,0,0,0,0,0,0,0,0,1
2298.97,2026.99,0,1,0,0,0,20,3,1,0,0,1,0,0,0,0,1,0,1,0,0,0,0,0
1050.24,4869.65,0,1,0,1,0,8,2,1,0,0,0,0,1,0,0,0,1,0,0,0,0,1,0
273.34,3549.99,0,0,0,1,0,12,6,1,0,0,0,0,1,0,1,0,0,0,1,0,0,0,0
2924.51,1869.57,1,0,0,1,0,20,2,1,0,0,0,0,1,1,0,0,0,0,0,0,0,1,0
3958.31,4174.45,0,0,0,0,0,19,6,1,0,0,1,0,0,1,0,0,0,0,1,0,0,0,0
5521.21,4938.27,0,1,0,1,0,3,3,1,0,0,1,0,0,0,1,0,0,1,0,0,0,0,0
2928.21,1996.37,0,0,0,1,0,16,2,1,0,0,0,0,1,0,0,0,1,0,0,0,0,1,0
9840.61,4290.02,0,1,0,1,0,8,2,1,0,0,0,0,1,0,1,0,0,0,0,0,0,1,0
2918.16,4909.06,0,0,0,1,0,11,6,1,0,0,1,0,0,1,0,0,0,0,1,0,0,0,0
4410.31,1882.92,0,0,0,1,0,3,6,1,0,0,1,0,0,0,0,0,1,0,1,0,0,0,0
1033.66,1938.12,0,1,0,1,0,20,1,1,0,0,0,0,1,0,0,1,0,0,0,0,0,0,1
2607.0,3868.45,0,0,0,1,0,9,6,1,0,0,0,1,0,0,0,1,0,0,1,0,0,0,0
484.27,4802.64,1,1,0,0,0,18,1,1,0,0,0,1,0,0,0,1,0,0,0,0,0,0,1
5595.53,3781.1,0,1,0,1,0,21,6,1,0,0,0,1,0,0,0,1,0,0,1,0,0,0,0
7510.9,3018.46,0,1,1,0,0,13,4,1,0,0,1,0,0,0,1,0,0,0,0,1,0,0,0
1957.9,1420.92,0,1,0,0,0,21,1,1,0,0,0,1,0,1,0,0,0,0,0,0,0,0,1
3679.74,4697.5,0,1,0,1,0,6,6,1,0,0,0,1,0,1,0,0,0,0,1,0,0,0,0
167.15,1276.4,0,1,0,1,0,17,2,1,0,0,1,0,0,1,0,0,0,0,0,0,0,1,0
8395.38,1846.15,0,1,0,0,0,8,1,1,0,0,0,1,0,0,0,0,1,0,0,0,0,0,1
7799.86,2802.99,1,1,0,1,1,8,4,1,0,0,0,0,1,0,0,1,0,0,0,1,0,0,0
633.48,3002.49,0,1,0,1,0,1,6,1,0,0,1,0,0,0,0,0,1,0,1,0,0,0,0
3649.31,1220.71,1,1,0,1,0,2,1,1,0,0,0,0,1,0,0,1,0,0,0,0,0,0,1
9552.91,1329.19,0,1,0,1,0,12,6,1,0,0,0,1,0,0,0,0,1,0,1,0,0,0,0
3920.88,1500.5,0,1,0,1,0,23,3,1,0,0,0,0,1,1,0,0,0,1,0,0,0,0,0
5262.56,1158.78,0,1,0,1,0,20,5,1,0,0,1,0,0,1,0,0,0,0,0,0,1,0,0
3553.07,4909.79,0,1,0,0,0,20,5,1,0,0,0,1,0,1,0,0,0,0,0,0,1,0,0
5961.72,1951.8,0,1,0,0,0,23,6,1,0,0,1,0,0,0,0,0,1,0,1,0,0,0,0
9781.59,4518.09,0,1,0,1,0,8,5,1,0,0,0,1,0,0,1,0,0,0,0,0,1,0,0
9975.03,4137.34,1,0,0,0,0,20,5,1,0,0,1,0,0,1,0,0,0,0,0,0,1,0,0
7747.38,3823.54,0,1,0,0,0,20,2,1,0,0,1,0,0,1,0,0,0,0,0,0,0,1,0
4043.71,3631.66,0,1,0,1,0,2,1,1,0,0,0,0,1,0,0,1,0,0,0,0,0,0,1
4944.83,2994.47,0,1,0,0,0,17,4,1,0,0,1,0,0,0,0,0,1,0,0,1,0,0,0
3567.96,3255.32,0,1,0,1,0,15,1,1,0,0,1,0,0,0,0,0,1,0,0,0,0,0,1
9855.76,4562.63,0,0,0,1,0,2,4,1,0,0,0,0,1,1,0,0,0,0,0,1,0,0,0
7077.9,4110.1,1,1,0,1,1,10,4,1,0,0,0,1,0,0,1,0,0,0,0,1,0,0,0
4489.87,1923.31,0,1,0,0,0,10,6,1,0,0,0,1,0,0,0,0,1,0,1,0,0,0,0
122.14,1416.92,1,1,0,1,0,17,4,1,0,0,1,0,0,0,1,0,0,0,0,1,0,0,0
5205.31,2174.94,0,0,0,1,0,4,3,1,0,0,0,0,1,0,1,0,0,1,0,0,0,0,0
9839.3,1530.11,0,1,0,1,0,4,2,1,0,0,0,1,0,1,0,0,0,0,0,0,0,1,0
5231.09,4817.85,0,0,0,1,0,9,1,1,0,0,0,0,1,0,1,0,0,0,0,0,0,0,1
1825.08,2530.93,0,1,0,1,0,23,1,1,0,0,1,0,0,0,0,0,1,0,0,0,0,0,1
221.92,1692.91,0,0,0,1,0,19,3,1,0,0,0,0,1,0,1,0,0,1,0,0,0,0,0
3547.68,3489.47,0,1,0,1,0,17,2,1,0,0,1,0,0,0,0,1,0,0,0,0,0,1,0
9182.36,2592.92,0,1,0,1,0,23,1,1,0,0,0,1,0,0,0,0,1,0,0,0,0,0,1
9965.54,1871.85,0,1,0,1,0,19,3,1,0,0,0,1,0,1,0,0,0,1,0,0,0,0,0
9453.73,1230.69,0,0,0,1,0,19,5,1,0,0,0,1,0,0,0,0,1,0,0,0,1,0,0
7294.47,1369.87,0,1,1,1,1,12,1,1,0,0,0,1,0,0,0,0,1,0,0,0,0,0,1
5581.87,3253.27,0,1,0,0,1,23,6,1,0,0,0,0,1,0,1,0,0,0,1,0,0,0,0
5907.27,4001.38,0,1,0,1,0,16,6,1,0,0,0,0,1,0,0,1,0,0,1,0,0,0,0
5390.38,4703.14,0,1,0,1,0,18,4,1,0,0,0,0,1,0,1,0,0,0,0,1,0,0,0
7070.79,3341.74,0,1,0,1,0,5,4,1,0,0,1,0,0,0,1,0,0,0,0,1,0,0,0
4189.31,3610.86,0,1,0,1,1,5,5,1,0,0,0,1,0,0,1,0,0,0,0,0,1,0,0
6692.37,1967.94,0,1,0,0,1,0,2,1,0,0,0,1,0,0,1,0,0,0,0,0,0,1,0
1217.0,2097.45,0,1,1,1,0,8,4,1,0,0,0,1,0,0,1,0,0,0,0,1,0,0,0
2657.69,2670.26,0,1,0,1,0,2,2,1,0,0,0,0,1,0,0,0,1,0,0,0,0,1,0
8360.19,4474.94,0,1,0,1,0,8,4,1,0,0,0,0,1,0,0,1,0,0,0,1,0,0,0
9037.59,2741.4,0,1,0,1,0,13,4,1,0,0,0,1,0,0,0,1,0,0,0,1,0,0,0
5390.54,1958.54,0,1,0,1,0,12,5,1,0,0,1,0,0,0,0,1,0,0,0,0,1,0,0
317.32,4677.99,0,0,0,1,1,12,4,1,0,0,0,0,1,1,0,0,0,0,0,1,0,0,0
9269.81,2645.74,1,1,0,1,1,18,4,1,0,0,0,1,0,0,0,1,0,0,0,1,0,0,0
7020.94,1318.04,0,1,0,1,1,5,6,1,0,0,0,1,0,0,0,0,1,0,1,0,0,0,0
4140.87,3181.9,0,1,0,1,0,14,4,1,0,0,0,1,0,0,1,0,0,0,0,1,0,0,0
5984.19,3505.74,0,0,0,1,0,22,1,1,0,0,1,0,0,0,1,0,0,0,0,0,0,0,1
4298.32,4821.54,0,1,0,1,0,7,1,1,0,0,0,1,0,0,0,0,1,0,0,0,0,0,1
4653.93,4226.39,0,1,1,0,0,6,5,1,0,0,0,0,1,0,1,0,0,0,0,0,1,0,0
8868.21,1404.45,0,1,0,1,0,9,1,1,0,0,1,0,0,0,1,0,0,0,0,0,0,0,1
1611.68,3047.7,0,1,0,1,0,20,4,1,0,0,1,0,0,0,0,1,0,0,0,1,0,0,0
1037.59,2736.46,1,1,0,1,0,11,6,1,0,0,0,1,0,0,0,1,0,0,1,0,0,0,0
28.28,2573.77,0,0,0,1,1,18,2,1,0,0,0,0,1,0,0,1,0,0,0,0,0,1,0
3140.69,1559.25,0,1,0,0,1,13,2,1,0,0,0,0,1,1,0,0,0,0,0,0,0,1,0
1474.99,2501.35,0,1,0,0,0,20,4,1,0,0,0,1,0,0,0,1,0,0,0,1,0,0,0
2200.63,2880.36,1,1,0,0,0,7,2,1,0,0,0,1,0,0,0,1,0,0,0,0,0,1,0
113.38,1875.49,0,1,1,1,0,11,1,1,0,0,0,0,1,0,0,1,0,0,0,0,0,0,1
2272.73,3303.42,0,1,0,1,0,15,6,1,0,0,1,0,0,0,0,1,0,0,1,0,0,0,0
3327.78,1885.13,0,1,0,1,0,6,5,1,0,0,1,0,0,0,0,1,0,0,0,0,1,0,0
316.64,1485.27,0,1,0,0,0,11,5,1,0,0,0,1,0,0,0,0,1,0,0,0,1,0,0
6079.43,4935.94,0,0,0,1,1,15,5,1,0,0,0,1,0,0,0,0,1,0,0,0,1,0,0
5688.43,3753.6,0,1,0,1,1,13,2,1,0,0,0,0,1,0,0,0,1,0,0,0,0,1,0
971.26,3379.19,0,0,0,1,1,12,4,1,0,0,0,0,1,0,1,0,0,0,0,1,0,0,0
5950.5,2310.02,0,0,0,0,0,0,5,1,0,0,0,0,1,0,1,0,0,0,0,0,1,0,0
9986.54,1833.36,0,0,0,1,0,0,2,1,0,0,0,0,1,1,0,0,0,0,0,0,0,1,0
9444.75,1525.98,0,1,0,1,0,12,1,1,0,0,0,1,0,0,1,0,0,0,0,0,0,0,1
27.71,1250.5,1,1,0,0,0,17,6,1,0,0,0,1,0,1,0,0,0,0,1,0,0,0,0
7953.99,3798.85,0,0,0,0,0,10,2,1,0,0,0,0,1,0,0,0,1,0,0,0,0,1,0
3536.7,2104.81,1,1,0,1,1,15,5,1,0,0,0,1,0,0,0,1,0,0,0,0,1,0,0
637.45,2272.5,0,1,0,1,0,20,6,1,0,0,0,1,0,0,0,1,0,0,1,0,0,0,0
2960.54,1643.96,0,1,0,1,1,8,5,1,0,0,0,0,1,1,0,0,0,0,0,0,1,0,0
3218.04,1468.66,0,0,0,1,1,0,1,1,0,0,1,0,0,1,0,0,0,0,0,0,0,0,1
5232.92,2979.98,1,1,0,1,0,23,1,1,0,0,1,0,0,0,0,1,0,0,0,0,0,0,1
6611.18,3910.06,0,1,0,1,1,18,5,1,0,0,0,0,1,1,0,0,0,0,0,0,1,0,0
7490.81,4963.73,0,1,0,1,0,11,2,1,0,0,1,0,0,0,0,1,0,0,0,0,0,1,0
2459.78,2357.99,0,1,0,1,1,12,2,1,0,0,0,1,0,0,0,0,1,0,0,0,0,1,0
3218.38,3655.35,0,1,0,1,0,3,1,1,0,0,1,0,0,1,0,0,0,0,0,0,0,0,1
3084.51,1464.26,1,0,0,0,0,20,2,1,0,0,0,0,1,0,0,0,1,0,0,0,0,1,0
3628.01,3222.71,0,1,0,1,1,20,4,1,0,0,0,0,1,1,0,0,0,0,0,1,0,0,0
9996.56,3072.33,0,1,0,1,0,21,3,1,0,0,1,0,0,0,0,0,1,1,0,0,0,0,0
7779.66,1128.23,0,0,0,1,0,14,6,1,0,0,1,0,0,0,0,0,1,0,1,0,0,0,0
9749.93,2931.95,1,1,0,0,1,0,4,1,0,0,0,1,0,0,1,0,0,0,0,1,0,0,0
6931.42,2981.73,0,1,0,1,0,3,2,1,0,0,1,0,0,0,1,0,0,0,0,0,0,1,0
4063.3,2488.08,1,0,0,1,0,11,5,1,0,0,1,0,0,1,0,0,0,0,0,0,1,0,0
3898.05,3294.19,0,0,0,1,1,23,1,1,0,0,1,0,0,1,0,0,0,0,0,0,0,0,1
4886.32,1182.26,0,0,0,1,0,2,4,1,0,0,0,1,0,0,0,0,1,0,0,1,0,0,0
4169.28,4377.79,1,1,0,1,0,21,6,1,0,0,1,0,0,0,0,0,1,0,1,0,0,0,0
8283.43,3082.05,0,1,0,1,0,5,1,1,0,0,0,1,0,0,0,1,0,0,0,0,0,0,1
4650.56,1128.6,0,1,0,1,0,7,3,1,0,0,0,1,0,0,1,0,0,1,0,0,0,0,0
2956.85,4935.07,0,1,0,0,0,20,6,1,0,0,0,0,1,0,0,0,1,0,1,0,0,0,0
7748.83,2527.01,0,1,0,1,0,16,6,1,0,0,0,0,1,1,0,0,0,0,1,0,0,0,0
8544.35,4946.91,0,1,1,0,1,7,6,1,0,0,0,1,0,0,0,1,0,0,1,0,0,0,0
4204.87,1721.33,1,1,0,1,0,12,6,1,0,0,0,1,0,0,1,0,0,0,1,0,0,0,0
6678.42,1119.89,0,1,0,0,0,5,2,1,0,0,0,1,0,0,0,1,0,0,0,0,0,1,0
588.99,3853.54,0,1,0,1,0,22,5,1,0,0,0,0,1,0,0,0,1,0,0,0,1,0,0
5295.12,4781.7,0,1,0,1,0,2,3,1,0,0,0,1,0,0,0,1,0,1,0,0,0,0,0
450.77,1310.37,0,0,0,1,0,3,5,1,0,0,0,0,1,1,0,0,0,0,0,0,1,0,0
292.88,3942.11,0,1,0,1,0,19,2,1,0,0,0,0,1,1,0,0,0,0,0,0,0,1,0
6129.64,1276.82,0,0,0,0,0,7,5,1,0,0,0,1,0,0,0,0,1,0,0,0,1,0,0
3034.05,4175.63,0,1,0,0,0,0,5,1,0,0,0,1,0,0,0,1,0,0,0,0,1,0,0
7425.63,3325.06,1,1,0,1,0,19,1,1,0,0,0,1,0,0,0,0,1,0,0,0,0,0,1
8960.93,4127.29,0,1,0,1,1,13,2,1,0,0,0,0,1,0,1,0,0,0,0,0,0,1,0
1394.77,2485.93,0,0,0,1,0,14,1,1,0,0,1,0,0,0,0,0,1,0,0,0,0,0,1
7245.5,4621.54,0,1,0,1,0,18,2,1,0,0,0,1,0,0,0,0,1,0,0,0,0,1,0
5145.69,2210.65,0,1,0,1,1,6,3,1,0,0,1,0,0,0,1,0,0,1,0,0,0,0,0
1122.08,2132.81,0,0,0,1,0,13,1,1,0,0,1,0,0,0,0,1,0,0,0,0,0,0,1
6516.27,4842.54,0,1,0,1,1,13,1,1,0,0,1,0,0,1,0,0,0,0,0,0,0,0,1
6095.06,1491.26,0,1,0,1,0,20,1,1,0,0,1,0,0,1,0,0,0,0,0,0,0,0,1
5156.9,3370.23,0,1,0,1,1,18,1,1,0,0,1,0,0,0,0,1,0,0,0,0,0,0,1
9264.79,3296.03,0,1,0,0,0,14,4,1,0,0,0,0,1,0,0,0,1,0,0,1,0,0,0
5211.28,1946.95,0,1,0,1,0,3,3,1,0,0,0,0,1,1,0,0,0,1,0,0,0,0,0
9905.16,2268.32,0,1,0,0,0,13,1,1,0,0,0,0,1,0,0,0,1,0,0,0,0,0,1
5092.78,2146.35,0,1,0,1,0,21,1,1,0,0,1,0,0,0,1,0,0,0,0,0,0,0,1
1159.4,4384.27,0,1,0,0,0,6,5,1,0,0,0,0,1,1,0,0,0,0,0,0,1,0,0
4705.24,2558.21,0,0,0,1,0,0,1,1,0,0,0,1,0,0,0,0,1,0,0,0,0,0,1
1824.11,2434.81,1,1,0,0,0,18,2,1,0,0,1,0,0,0,0,0,1,0,0,0,0,1,0
5971.74,3546.88,0,1,0,1,1,10,6,1,0,0,0,1,0,0,0,0,1,0,1,0,0,0,0
6931.63,2982.03,0,0,0,1,0,23,5,1,0,0,1,0,0,1,0,0,0,0,0,0,1,0,0
4684.88,2703.89,0,0,0,1,0,11,1,1,0,0,1,0,0,0,0,0,1,0,0,0,0,0,1
977.93,3837.68,0,1,0,0,0,17,6,1,0,0,1,0,0,1,0,0,0,0,1,0,0,0,0
4686.95,2650.48,0,0,1,1,0,1,2,1,0,0,1,0,0,1,0,0,0,0,0,0,0,1,0
815.46,1888.63,0,1,0,1,1,18,5,1,0,0,0,1,0,1,0,0,0,0,0,0,1,0,0
6821.58,3967.39,1,0,0,0,0,11,2,1,0,0,1,0,0,1,0,0,0,0,0,0,0,1,0
7903.89,1271.26,1,1,0,1,1,2,6,1,0,0,1,0,0,0,0,1,0,0,1,0,0,0,0
9623.84,4998.71,0,1,0,1,1,4,3,1,0,0,0,0,1,0,1,0,0,1,0,0,0,0,0
1488.87,3386.52,1,1,0,1,1,1,2,1,0,0,1,0,0,0,1,0,0,0,0,0,0,1,0
5324.67,1865.21,0,1,0,0,1,1,2,1,0,0,1,0,0,1,0,0,0,0,0,0,0,1,0
5675.81,1792.73,0,0,0,1,0,21,2,1,0,0,1,0,0,0,0,0,1,0,0,0,0,1,0
9224.84,2094.86,0,0,0,0,0,21,1,1,0,0,1,0,0,1,0,0,0,0,0,0,0,0,1
6273.14,4517.09,0,1,0,1,0,12,3,1,0,0,1,0,0,0,0,0,1,1,0,0,0,0,0
1455.95,4306.75,0,1,0,1,0,15,6,1,0,0,1,0,0,0,0,1,0,0,1,0,0,0,0
4364.08,1578.11,0,1,0,0,0,6,6,1,0,0,0,1,0,0,1,0,0,0,1,0,0,0,0
6547.97,3400.16,0,1,0,1,0,20,1,1,0,0,0,1,0,1,0,0,0,0,0,0,0,0,1
7003.14,4643.61,0,1,0,0,1,7,6,1,0,0,1,0,0,0,0,1,0,0,1,0,0,0,0
8630.88,3932.54,0,0,0,0,0,11,2,1,0,0,0,1,0,1,0,0,0,0,0,0,0,1,0
1805.89,3349.83,0,1,0,1,0,22,5,1,0,0,0,0,1,1,0,0,0,0,0,0,1,0,0
9515.47,1834.52,0,0,0,1,1,21,2,1,0,0,0,0,1,0,0,1,0,0,0,0,0,1,0
592.33,4774.11,0,1,0,0,0,9,6,1,0,0,1,0,0,0,0,0,1,0,1,0,0,0,0
9837.64,4567.22,0,1,0,1,0,16,5,1,0,0,1,0,0,0,0,0,1,0,0,0,1,0,0
8577.81,2284.9,0,1,0,0,0,22,2,1,0,0,0,1,0,0,0,0,1,0,0,0,0,1,0
6603.07,2990.74,0,1,0,1,0,9,4,1,0,0,0,0,1,1,0,0,0,0,0,1,0,0,0
7350.22,1327.36,0,1,0,1,0,18,4,1,0,0,1,0,0,0,0,0,1,0,0,1,0,0,0
727.85,3525.82,0,1,0,1,1,23,3,1,0,0,0,0,1,0,0,0,1,1,0,0,0,0,0
415.76,1217.52,0,1,0,1,0,12,2,1,0,0,0,1,0,1,0,0,0,0,0,0,0,1,0
1018.56,4624.07,0,1,0,1,0,8,3,1,0,0,1,0,0,0,0,1,0,1,0,0,0,0,0
874.51,4521.57,0,0,0,1,1,21,1,1,0,0,1,0,0,0,1,0,0,0,0,0,0,0,1
5474.26,2125.81,0,1,0,1,0,1,3,1,0,0,1,0,0,0,0,0,1,1,0,0,0,0,0
2155.22,3968.2,0,0,0,1,0,19,6,1,0,0,0,0,1,0,0,1,0,0,1,0,0,0,0
8602.2,2757.43,0,1,0,0,0,8,1,1,0,0,0,1,0,1,0,0,0,0,0,0,0,0,1
4458.04,4381.45,0,1,0,1,0,13,6,1,0,0,0,0,1,1,0,0,0,0,1,0,0,0,0
6955.41,1245.88,0,1,0,0,0,0,6,1,0,0,0,0,1,0,0,0,1,0,1,0,0,0,0
6529.08,3022.83,0,1,0,1,0,16,2,1,0,0,1,0,0,0,0,0,1,0,0,0,0,1,0
3199.21,2589.55,0,1,0,1,0,17,4,1,0,0,0,1,0,0,0,1,0,0,0,1,0,0,0
2432.43,2041.47,0,1,0,1,0,1,4,1,0,0,0,1,0,0,0,0,1,0,0,1,0,0,0
3425.22,1837.12,1,1,0,0,1,15,3,1,0,0,1,0,0,0,0,1,0,1,0,0,0,0,0
7966.79,3706.13,0,1,0,0,0,16,3,1,0,0,0,1,0,1,0,0,0,1,0,0,0,0,0
5863.18,1807.59,0,1,0,0,1,1,2,1,0,0,1,0,0,0,0,1,0,0,0,0,0,1,0
2536.13,3528.78,1,1,0,0,1,19,2,1,0,0,1,0,0,1,0,0,0,0,0,0,0,1,0
8178.65,2558.84,0,1,0,0,0,14,5,1,0,0,0,1,0,0,0,0,1,0,0,0,1,0,0
548.54,1970.45,0,1,0,1,0,12,6,1,0,0,0,1,0,0,1,0,0,0,1,0,0,0,0
6992.13,4134.86,0,1,0,0,1,16,5,1,0,0,0,1,0,0,0,1,0,0,0,0,1,0,0
4391.57,2455.58,0,1,0,1,0,8,3,1,0,0,0,1,0,0,1,0,0,1,0,0,0,0,0
7313.17,1059.79,0,1,0,0,0,23,1,1,0,0,0,0,1,0,0,1,0,0,0,0,0,0,1
9274.69,4404.58,0,1,0,0,0,1,6,1,0,0,1,0,0,0,0,1,0,0,1,0,0,0,0
7500.59,2258.11,0,1,0,0,0,9,5,1,0,0,1,0,0,0,1,0,0,0,0,0,1,0,0
4420.21,4289.25,0,1,0,0,0,14,2,1,0,0,1,0,0,0,1,0,0,0,0,0,0,1,0
1510.61,3185.34,0,1,0,1,0,23,3,1,0,0,1,0,0,0,0,0,1,1,0,0,0,0,0
8063.7,4525.31,0,1,0,1,0,20,6,1,0,0,0,0,1,0,1,0,0,0,1,0,0,0,0
4607.59,2672.27,0,1,0,1,0,2,3,1,0,0,0,1,0,0,1,0,0,1,0,0,0,0,0
754.05,1677.9,0,1,0,1,1,11,6,1,0,0,0,1,0,0,0,0,1,0,1,0,0,0,0
7190.83,1072.03,0,1,0,1,0,11,5,1,0,0,0,1,0,0,1,0,0,0,0,0,1,0,0
2919.23,4114.12,0,1,1,1,1,18,4,1,0,0,1,0,0,0,1,0,0,0,0,1,0,0,0
489.83,4117.11,0,1,0,1,0,20,1,1,0,0,0,0,1,0,0,0,1,0,0,0,0,0,1
9027.61,1782.48,0,1,0,1,0,3,4,1,0,0,0,0,1,0,1,0,0,0,0,1,0,0,0
4831.53,4821.83,0,1,0,1,0,21,3,1,0,0,0,1,0,0,0,1,0,1,0,0,0,0,0
2810.33,4796.36,0,1,0,1,1,22,3,1,0,0,1,0,0,0,0,1,0,1,0,0,0,0,0
7164.15,2462.0,1,1,0,0,0,6,4,1,0,0,0,1,0,0,1,0,0,0,0,1,0,0,0
8859.14,1590.36,0,1,0,1,0,10,6,1,0,0,1,0,0,0,1,0,0,0,1,0,0,0,0
4.07,2135.6,0,1,0,1,1,8,5,1,0,0,0,1,0,0,1,0,0,0,0,0,1,0,0
6878.83,4717.23,0,0,0,0,0,22,6,1,0,0,0,1,0,1,0,0,0,0,1,0,0,0,0
7670.35,3437.75,0,1,1,1,1,19,4,1,0,0,0,0,1,0,1,0,0,0,0,1,0,0,0
2100.06,4657.53,1,1,0,0,0,19,2,1,0,0,1,0,0,0,0,1,0,0,0,0,0,1,0
4896.75,1091.27,0,1,0,0,0,23,5,1,0,0,0,0,1,0,1,0,0,0,0,0,1,0,0
893.77,4963.66,0,1,0,1,0,8,2,1,0,0,0,0,1,1,0,0,0,0,0,0,0,1,0
7467.75,3511.98,0,0,1,1,1,6,1,1,0,0,0,1,0,0,0,0,1,0,0,0,0,0,1
8474.71,1742.92,0,1,0,1,0,18,2,1,0,0,1,0,0,1,0,0,0,0,0,0,0,1,0
1082.76,3027.1,0,1,0,1,0,21,1,1,0,0,1,0,0,1,0,0,0,0,0,0,0,0,1
8164.79,4280.39,0,1,0,1,1,14,6,1,0,0,0,1,0,0,0,1,0,0,1,0,0,0,0
7715.93,1564.35,0,1,0,1,0,1,5,1,0,0,0,1,0,0,1,0,0,0,0,0,1,0,0
3469.79,3434.37,0,0,0,1,0,18,2,1,0,0,0,1,0,0,0,1,0,0,0,0,0,1,0
6903.21,3774.23,0,0,0,0,1,4,5,1,0,0,1,0,0,1,0,0,0,0,0,0,1,0,0
1.48,2651.29,0,0,0,1,0,8,4,1,0,0,0,1,0,1,0,0,0,0,0,1,0,0,0
9318.04,3166.4,0,0,0,1,0,12,3,1,0,0,0,1,0,0,1,0,0,1,0,0,0,0,0
5504.28,4349.37,0,1,0,0,0,16,4,1,0,0,0,0,1,0,0,0,1,0,0,1,0,0,0
6203.77,4807.04,0,0,0,1,0,10,2,1,0,0,0,1,0,0,0,1,0,0,0,0,0,1,0
6646.93,3216.76,0,0,0,0,0,1,6,1,0,0,0,1,0,0,0,0,1,0,1,0,0,0,0
5614.13,3810.49,0,0,0,1,0,2,1,1,0,0,1,0,0,1,0,0,0,0,0,0,0,0,1
8567.78,2291.22,0,1,0,1,0,8,1,1,0,0,0,1,0,0,0,0,1,0,0,0,0,0,1
6097.41,2336.23,0,1,0,1,0,20,6,1,0,0,1,0,0,0,0,1,0,0,1,0,0,0,0
9077.69,4553.62,0,1,0,0,0,23,3,1,0,0,0,0,1,1,0,0,0,1,0,0,0,0,0
5823.73,1394.63,0,1,0,1,0,1,2,1,0,0,0,0,1,1,0,0,0,0,0,0,0,1,0
1712.05,1821.95,0,0,0,0,0,8,4,1,0,0,1,0,0,0,0,0,1,0,0,1,0,0,0
9135.71,2079.58,0,1,0,0,0,8,4,1,0,0,0,1,0,0,1,0,0,0,0,1,0,0,0
6816.59,1377.43,0,1,0,0,0,15,3,1,0,0,1,0,0,0,1,0,0,1,0,0,0,0,0
6992.69,3670.47,0,1,0,1,0,1,6,1,0,0,0,1,0,0,0,1,0,0,1,0,0,0,0
9854.83,4625.09,0,1,0,1,1,3,1,1,0,0,0,1,0,0,1,0,0,0,0,0,0,0,1
752.89,1107.98,0,1,0,0,0,8,4,1,0,0,0,1,0,1,0,0,0,0,0,1,0,0,0
4286.5,2009.18,1,1,0,0,0,16,2,1,0,0,1,0,0,1,0,0,0,0,0,0,0,1,0
2391.71,4682.45,0,0,0,1,1,16,3,1,0,0,0,0,1,0,0,0,1,1,0,0,0,0,0
6304.63,2862.52,0,1,0,1,1,11,5,1,0,0,1,0,0,1,0,0,0,0,0,0,1,0,0
8068.31,4542.52,0,1,0,1,0,16,2,1,0,0,0,1,0,1,0,0,0,0,0,0,0,1,0
9663.14,4776.16,0,0,0,1,1,0,2,1,0,0,1,0,0,0,0,1,0,0,0,0,0,1,0
4546.51,4963.75,1,1,0,1,0,15,5,1,0,0,0,0,1,0,1,0,0,0,0,0,1,0,0
7862.4,2582.86,0,1,0,1,0,3,5,1,0,0,1,0,0,0,1,0,0,0,0,0,1,0,0
9170.6,2371.9,0,1,0,0,0,11,3,1,0,0,0,0,1,0,1,0,0,1,0,0,0,0,0
6833.57,3994.55,0,1,0,1,0,7,3,1,0,0,0,0,1,0,0,1,0,1,0,0,0,0,0
2428.08,3378.24,0,1,0,1,0,11,1,1,0,0,0,1,0,0,1,0,0,0,0,0,0,0,1
6078.93,3636.81,0,1,0,1,0,17,6,1,0,0,0,0,1,0,0,0,1,0,1,0,0,0,0
9699.55,3129.45,0,0,0,1,0,21,4,1,0,0,1,0,0,0,1,0,0,0,0,1,0,0,0
9875.55,3056.57,0,0,0,0,0,17,2,1,0,0,1,0,0,1,0,0,0,0,0,0,0,1,0
6423.96,2259.87,0,1,0,1,0,7,4,1,0,0,0,1,0,0,0,1,0,0,0,1,0,0,0
8869.99,3382.4,0,1,0,0,0,3,6,1,0,0,1,0,0,0,0,0,1,0,1,0,0,0,0
2004.29,2072.86,0,1,0,1,0,6,6,1,0,0,0,1,0,0,0,1,0,0,1,0,0,0,0
2461.54,2422.64,0,0,0,0,0,20,6,1,0,0,1,0,0,0,0,0,1,0,1,0,0,0,0
9528.92,3522.38,0,1,0,0,0,22,4,1,0,0,1,0,0,0,0,0,1,0,0,1,0,0,0
1353.22,3546.5,1,0,0,1,0,15,4,1,0,0,0,0,1,1,0,0,0,0,0,1,0,0,0
1911.87,3308.47,1,1,0,1,0,14,5,1,0,0,0,0,1,0,1,0,0,0,0,0,1,0,0
4206.07,3698.92,0,1,1,1,0,10,6,1,0,0,0,0,1,0,1,0,0,0,1,0,0,0,0
5896.25,2647.65,0,1,0,1,0,6,4,1,0,0,1,0,0,0,0,0,1,0,0,1,0,0,0
6038.57,3377.41,1,1,0,1,1,14,1,1,0,0,0,1,0,0,0,0,1,0,0,0,0,0,1
2920.47,1381.14,0,0,0,1,0,21,3,1,0,0,0,1,0,0,1,0,0,1,0,0,0,0,0
9206.22,2934.9,0,1,0,1,0,1,6,1,0,0,0,1,0,0,0,1,0,0,1,0,0,0,0
9151.08,3344.18,0,1,0,1,0,19,3,1,0,0,0,0,1,0,0,0,1,1,0,0,0,0,0
3921.29,2688.83,0,0,0,1,1,14,3,1,0,0,1,0,0,0,0,0,1,1,0,0,0,0,0
4343.48,1067.86,0,0,0,1,0,4,5,1,0,0,0,0,1,0,0,1,0,0,0,0,1,0,0
7025.27,3804.01,0,1,0,1,0,10,4,1,0,0,1,0,0,0,0,1,0,0,0,1,0,0,0
6630.3,2821.96,0,1,0,1,0,14,1,1,0,0,1,0,0,0,1,0,0,0,0,0,0,0,1
3823.59,1622.77,0,1,0,0,0,0,6,1,0,0,1,0,0,0,1,0,0,0,1,0,0,0,0
4143.03,4890.07,0,0,0,1,0,11,3,1,0,0,0,0,1,0,0,1,0,1,0,0,0,0,0
3481.04,4769.66,0,1,0,0,0,23,3,1,0,0,1,0,0,0,0,1,0,1,0,0,0,0,0
2354.61,1634.75,0,1,0,0,0,21,5,1,0,0,0,0,1,1,0,0,0,0,0,0,1,0,0
4581.93,3828.83,0,0,0,1,0,3,3,1,0,0,0,0,1,1,0,0,0,1,0,0,0,0,0
6864.65,3070.06,0,0,0,1,1,13,1,1,0,0,1,0,0,0,1,0,0,0,0,0,0,0,1
7419.93,2157.19,0,1,0,1,1,4,5,1,0,0,1,0,0,0,0,0,1,0,0,0,1,0,0
7788.96,3737.49,0,1,0,1,0,6,3,1,0,0,1,0,0,0,0,1,0,1,0,0,0,0,0
3747.95,2791.3,0,1,0,1,0,21,2,1,0,0,0,0,1,0,1,0,0,0,0,0,0,1,0
7646.6,4594.03,0,1,0,1,0,12,5,1,0,0,1,0,0,1,0,0,0,0,0,0,1,0,0
66.16,3814.53,1,0,0,1,0,2,4,1,0,0,1,0,0,0,0,0,1,0,0,1,0,0,0
4771.02,3030.34,0,0,0,1,1,14,2,1,0,0,0,1,0,1,0,0,0,0,0,0,0,1,0
7939.25,2807.54,0,1,0,0,0,4,4,1,0,0,0,1,0,1,0,0,0,0,0,1,0,0,0
6300.82,1126.3,0,1,1,1,0,19,3,1,0,0,0,1,0,1,0,0,0,1,0,0,0,0,0
4741.16,1643.42,0,1,0,1,0,20,3,1,0,0,1,0,0,0,0,0,1,1,0,0,0,0,0
6446.78,1180.31,1,1,0,1,0,18,5,1,0,0,0,0,1,1,0,0,0,0,0,0,1,0,0
9069.55,1253.72,0,1,0,1,0,10,6,1,0,0,0,1,0,0,1,0,0,0,1,0,0,0,0
5664.25,1268.37,0,1,0,1,0,13,5,1,0,0,0,0,1,0,0,0,1,0,0,0,1,0,0
7998.06,1056.33,0,1,0,0,0,1,3,1,0,0,0,1,0,0,0,1,0,1,0,0,0,0,0
9807.45,4165.39,0,1,0,1,0,7,1,1,0,0,0,1,0,0,0,1,0,0,0,0,0,0,1
7055.98,2914.29,0,1,0,0,0,0,5,1,0,0,0,0,1,0,0,1,0,0,0,0,1,0,0
5733.68,3996.59,0,1,0,1,0,18,3,1,0,0,0,1,0,0,0,1,0,1,0,0,0,0,0
375.82,1670.9,0,1,0,1,0,23,4,1,0,0,0,0,1,1,0,0,0,0,0,1,0,0,0
3745.4,4364.86,0,1,0,1,0,20,6,1,0,0,1,0,0,1,0,0,0,0,1,0,0,0,0
5654.86,1376.43,1,1,0,1,0,7,1,1,0,0,1,0,0,0,0,1,0,0,0,0,0,0,1
7972.27,2288.25,0,1,0,1,0,23,5,1,0,0,0,0,1,0,0,0,1,0,0,0,1,0,0
4381.61,2482.81,0,1,0,1,1,19,5,1,0,0,0,0,1,1,0,0,0,0,0,0,1,0,0
9600.62,1942.92,0,0,0,1,1,5,4,1,0,0,1,0,0,1,0,0,0,0,0,1,0,0,0
2718.67,1549.21,0,1,0,1,1,23,1,1,0,0,0,0,1,0,0,0,1,0,0,0,0,0,1
7445.93,3512.34,0,0,0,1,0,16,3,1,0,0,1,0,0,0,0,0,1,1,0,0,0,0,0
4190.9,1033.96,0,1,0,0,0,6,4,1,0,0,1,0,0,0,1,0,0,0,0,1,0,0,0
4860.4,4166.55,0,1,1,0,0,0,6,1,0,0,0,0,1,0,0,0,1,0,1,0,0,0,0
8025.22,1169.28,0,1,0,1,0,8,5,1,0,0,0,1,0,0,0,1,0,0,0,0,1,0,0
2962.86,4856.19,0,1,0,1,1,14,5,1,0,0,0,0,1,0,0,1,0,0,0,0,1,0,0
969.02,4473.12,0,1,0,1,0,23,5,1,0,0,1,0,0,0,0,0,1,0,0,0,1,0,0
5203.04,2658.24,1,0,0,1,0,8,6,1,0,0,0,1,0,0,1,0,0,0,1,0,0,0,0
5288.42,1570.83,0,1,0,1,0,15,5,1,0,0,0,1,0,0,1,0,0,0,0,0,1,0,0
7971.88,4482.54,0,1,0,1,0,9,3,1,0,0,1,0,0,0,0,1,0,1,0,0,0,0,0
9683.22,3576.59,0,1,0,0,0,23,4,1,0,0,0,1,0,0,0,1,0,0,0,1,0,0,0
553.95,3019.11,0,1,0,1,1,19,3,1,0,0,0,1,0,0,0,0,1,1,0,0,0,0,0
5917.3,2277.63,0,1,0,1,1,0,5,1,0,0,0,0,1,1,0,0,0,0,0,0,1,0,0
6813.1,3245.13,0,1,0,0,0,20,2,1,0,0,1,0,0,0,1,0,0,0,0,0,0,1,0
9858.03,2660.58,0,0,0,1,0,23,2,1,0,0,0,1,0,0,0,1,0,0,0,0,0,1,0
9425.96,2861.47,0,1,0,0,0,5,3,1,0,0,1,0,0,0,0,0,1,1,0,0,0,0,0
7124.8,4381.81,0,0,0,1,0,23,1,1,0,0,0,0,1,0,0,0,1,0,0,0,0,0,1
5218.37,4809.89,0,0,0,1,0,0,6,1,0,0,0,0,1,0,0,0,1,0,1,0,0,0,0
1616.08,4850.74,0,1,0,0,1,18,3,1,0,0,0,0,1,0,1,0,0,1,0,0,0,0,0
3842.38,4631.74,0,0,0,1,0,14,5,1,0,0,0,1,0,1,0,0,0,0,0,0,1,0,0
5851.64,4209.05,0,0,0,0,0,13,4,1,0,0,0,0,1,0,0,0,1,0,0,1,0,0,0
7252.28,2814.63,0,1,0,1,0,4,6,1,0,0,1,0,0,0,0,0,1,0,1,0,0,0,0
6354.36,1352.97,0,1,0,0,0,15,4,1,0,0,0,0,1,1,0,0,0,0,0,1,0,0,0
7141.51,3522.45,0,1,0,1,0,16,2,1,0,0,0,1,0,0,0,0,1,0,0,0,0,1,0
4292.1,2608.1,0,1,0,0,0,10,2,1,0,0,0,0,1,0,0,1,0,0,0,0,0,1,0
7276.55,3748.22,0,0,0,1,0,0,4,1,0,0,0,1,0,0,1,0,0,0,0,1,0,0,0
1438.27,1883.14,0,1,0,1,0,19,4,1,0,0,1,0,0,1,0,0,0,0,0,1,0,0,0
1626.7,4058.92,0,1,0,0,0,13,1,1,0,0,0,0,1,1,0,0,0,0,0,0,0,0,1
1629.16,1682.63,0,1,0,1,0,23,6,1,0,0,0,0,1,0,1,0,0,0,1,0,0,0,0
8908.76,4234.3,0,1,0,0,0,0,4,1,0,0,1,0,0,0,0,0,1,0,0,1,0,0,0
761.26,4646.83,0,0,0,1,0,4,4,1,0,0,1,0,0,0,1,0,0,0,0,1,0,0,0
8015.28,4601.24,0,1,0,1,1,7,1,1,0,0,0,1,0,0,0,1,0,0,0,0,0,0,1
2336.48,2386.4,0,1,0,1,0,21,1,1,0,0,0,0,1,1,0,0,0,0,0,0,0,0,1
4684.83,2559.25,0,1,0,1,0,3,6,1,0,0,0,0,1,0,0,0,1,0,1,0,0,0,0
9159.65,4352.42,0,0,0,1,1,9,1,1,0,0,0,0,1,0,0,0,1,0,0,0,0,0,1
5859.79,3768.63,0,1,0,1,0,3,4,1,0,0,0,0,1,0,1,0,0,0,0,1,0,0,0
2101.97,3106.72,0,1,0,0,1,5,5,1,0,0,1,0,0,1,0,0,0,0,0,0,1,0,0
2841.62,4842.31,0,1,0,1,1,18,4,1,0,0,0,0,1,0,1,0,0,0,0,1,0,0,0
9204.55,3065.06,1,1,0,0,0,20,1,1,0,0,0,0,1,1,0,0,0,0,0,0,0,0,1
4272.01,1975.27,0,1,0,1,0,22,3,1,0,0,0,0,1,0,1,0,0,1,0,0,0,0,0
5870.27,3719.62,0,0,0,1,0,12,2,1,0,0,0,1,0,0,0,0,1,0,0,0,0,1,0
4599.86,3048.94,1,1,0,1,0,2,4,1,0,0,0,1,0,0,1,0,0,0,0,1,0,0,0
3785.0,1815.73,0,1,0,1,0,22,6,1,0,0,0,1,0,1,0,0,0,0,1,0,0,0,0
2233.57,1609.72,0,1,0,0,0,14,4,1,0,0,1,0,0,0,0,1,0,0,0,1,0,0,0
6862.23,2420.27,0,1,0,0,0,16,3,1,0,0,1,0,0,0,1,0,0,1,0,0,0,0,0
7182.7,4882.56,0,1,0,1,1,15,4,1,0,0,1,0,0,0,0,1,0,0,0,1,0,0,0
2749.58,1583.06,1,1,0,1,1,22,1,1,0,0,0,0,1,0,0,0,1,0,0,0,0,0,1
7890.32,2885.7,0,0,0,1,0,22,3,1,0,0,0,0,1,0,1,0,0,1,0,0,0,0,0
8545.5,2307.71,0,1,0,1,0,21,5,1,0,0,1,0,0,0,0,1,0,0,0,0,1,0,0
9206.83,4772.08,0,1,0,1,0,23,1,1,0,0,0,1,0,0,1,0,0,0,0,0,0,0,1
1612.96,2509.97,0,1,0,1,0,5,3,1,0,0,0,0,1,0,1,0,0,1,0,0,0,0,0
3039.93,1905.02,0,0,0,1,1,4,2,1,0,0,0,1,0,0,0,0,1,0,0,0,0,1,0
8603.67,2912.88,1,1,0,1,0,22,3,1,0,0,0,0,1,1,0,0,0,1,0,0,0,0,0
1986.2,1614.75,0,1,0,1,0,19,2,1,0,0,0,0,1,1,0,0,0,0,0,0,0,1,0
35.68,2517.76,0,1,0,1,1,20,2,1,0,0,0,1,0,0,1,0,0,0,0,0,0,1,0
8708.4,3929.85,1,1,0,0,0,20,2,1,0,0,1,0,0,0,0,0,1,0,0,0,0,1,0
3265.17,3397.37,0,1,0,1,0,23,4,1,0,0,0,1,0,0,1,0,0,0,0,1,0,0,0
4145.56,1043.78,1,1,0,1,1,11,5,1,0,0,1,0,0,0,0,0,1,0,0,0,1,0,0
4463.89,2991.67,1,1,0,1,1,5,3,1,0,0,1,0,0,1,0,0,0,1,0,0,0,0,0
8482.9,4252.58,1,1,0,1,0,6,5,1,0,0,0,0,1,0,0,0,1,0,0,0,1,0,0
3379.58,3251.2,0,0,0,1,1,19,2,1,0,0,0,0,1,0,1,0,0,0,0,0,0,1,0
8922.91,2881.6,0,1,0,1,0,1,1,1,0,0,0,0,1,0,0,1,0,0,0,0,0,0,1
6169.77,2660.3,0,1,0,1,0,18,2,1,0,0,1,0,0,0,0,1,0,0,0,0,0,1,0
5273.34,3146.62,1,1,0,0,1,0,6,1,0,0,1,0,0,0,1,0,0,0,1,0,0,0,0
3256.82,1295.9,0,1,0,1,0,17,1,1,0,0,0,1,0,0,0,1,0,0,0,0,0,0,1
2437.87,4198.67,1,1,0,0,0,14,1,1,0,0,0,0,1,0,1,0,0,0,0,0,0,0,1
6240.96,4426.19,1,1,1,1,0,6,4,1,0,0,0,0,1,0,1,0,0,0,0,1,0,0,0
4469.49,3369.29,0,1,0,1,0,3,6,1,0,0,1,0,0,1,0,0,0,0,1,0,0,0,0
9105.25,4915.98,0,1,0,1,1,9,4,1,0,0,0,0,1,1,0,0,0,0,0,1,0,0,0
4916.9,3220.9,0,0,0,0,0,2,3,1,0,0,1,0,0,1,0,0,0,1,0,0,0,0,0
5118.44,1108.66,0,1,0,1,0,21,2,1,0,0,0,1,0,0,1,0,0,0,0,0,0,1,0
4167.82,2855.42,0,1,0,1,0,19,1,1,0,0,0,1,0,0,0,0,1,0,0,0,0,0,1
7892.84,2599.53,1,1,0,0,0,13,4,1,0,0,0,0,1,0,1,0,0,0,0,1,0,0,0
4248.97,1776.37,0,1,0,0,0,9,3,1,0,0,0,1,0,1,0,0,0,1,0,0,0,0,0
2694.15,3137.79,0,1,0,1,0,1,6,1,0,0,0,0,1,1,0,0,0,0,1,0,0,0,0
8620.45,2819.14,0,1,0,1,0,10,1,1,0,0,0,0,1,0,0,1,0,0,0,0,0,0,1
5968.69,1684.63,0,1,0,1,1,11,5,1,0,0,1,0,0,1,0,0,0,0,0,0,1,0,0
5915.51,3024.4,0,1,0,1,0,3,6,1,0,0,1,0,0,0,0,0,1,0,1,0,0,0,0
6108.61,4337.71,0,0,0,1,0,23,2,1,0,0,0,0,1,0,1,0,0,0,0,0,0,1,0
7188.68,3037.02,0,0,0,1,1,20,3,1,0,0,0,1,0,0,0,0,1,1,0,0,0,0,0
3131.37,1869.69,0,1,0,0,0,9,6,1,0,0,0,1,0,0,1,0,0,0,1,0,0,0,0
339.41,3743.55,1,1,0,1,0,19,3,1,0,0,0,0,1,0,0,1,0,1,0,0,0,0,0
8106.12,4479.2,1,1,0,1,0,15,6,1,0,0,0,0,1,0,0,1,0,0,1,0,0,0,0
1289.92,2380.53,0,0,0,0,0,2,2,1,0,0,0,1,0,0,0,0,1,0,0,0,0,1,0
7218.48,1284.27,0,1,0,0,1,14,4,1,0,0,0,1,0,0,0,1,0,0,0,1,0,0,0
824.07,4659.37,0,1,0,1,0,10,4,1,0,0,1,0,0,0,1,0,0,0,0,1,0,0,0
3753.7,3728.88,0,1,0,1,0,21,4,1,0,0,1,0,0,0,0,1,0,0,0,1,0,0,0
631.2,4965.76,0,0,0,0,0,9,3,1,0,0,0,1,0,0,1,0,0,1,0,0,0,0,0
5222.61,3778.18,0,0,0,1,0,6,1,1,0,0,1,0,0,0,1,0,0,0,0,0,0,0,1
6531.7,1496.85,0,1,0,1,0,17,4,1,0,0,1,0,0,0,0,0,1,0,0,1,0,0,0
1715.16,2732.58,1,1,0,1,0,6,3,1,0,0,0,0,1,0,1,0,0,1,0,0,0,0,0
3716.9,1171.45,0,1,0,0,0,10,2,1,0,0,1,0,0,0,0,1,0,0,0,0,0,1,0
9302.46,2365.98,0,0,0,1,0,13,1,1,0,0,1,0,0,0,0,0,1,0,0,0,0,0,1
4424.45,4141.17,0,0,0,1,0,2,4,1,0,0,0,0,1,0,1,0,0,0,0,1,0,0,0
8025.63,3222.51,0,1,0,0,0,20,5,1,0,0,0,1,0,0,1,0,0,0,0,0,1,0,0
9271.92,2835.76,1,1,0,1,0,8,5,1,0,0,1,0,0,0,1,0,0,0,0,0,1,0,0
9743.48,4391.37,0,1,0,1,0,0,3,1,0,0,1,0,0,0,0,0,1,1,0,0,0,0,0
8983.32,1708.42,0,1,0,1,0,12,6,1,0,0,0,1,0,0,1,0,0,0,1,0,0,0,0
3174.74,3154.49,0,1,0,1,1,13,3,1,0,0,1,0,0,0,0,0,1,1,0,0,0,0,0
9625.77,3589.53,0,1,0,1,1,8,5,1,0,0,0,1,0,0,0,1,0,0,0,0,1,0,0
8124.14,4703.06,0,0,0,1,0,15,1,1,0,0,0,0,1,0,0,0,1,0,0,0,0,0,1
8371.92,1654.64,0,1,0,1,1,14,4,1,0,0,0,1,0,1,0,0,0,0,0,1,0,0,0
152.71,3826.75,0,1,0,1,0,15,4,1,0,0,0,1,0,1,0,0,0,0,0,1,0,0,0
9542.43,1183.29,1,1,0,0,0,6,2,1,0,0,0,1,0,0,1,0,0,0,0,0,0,1,0
7781.12,3269.05,0,1,0,1,1,10,3,1,0,0,0,0,1,0,1,0,0,1,0,0,0,0,0
7679.91,3579.95,0,1,0,1,0,18,2,1,0,0,0,1,0,1,0,0,0,0,0,0,0,1,0
816.17,4359.69,0,1,0,1,0,15,3,1,0,0,0,1,0,0,0,1,0,1,0,0,0,0,0
2326.45,2295.33,0,1,0,0,0,14,1,1,0,0,0,0,1,0,0,0,1,0,0,0,0,0,1
9622.65,3786.77,0,0,0,1,0,21,4,1,0,0,1,0,0,1,0,0,0,0,0,1,0,0,0
5007.27,1370.78,0,1,0,1,0,11,3,1,0,0,1,0,0,0,0,0,1,1,0,0,0,0,0
3979.18,1890.22,0,1,0,1,0,11,2,1,0,0,0,1,0,0,0,1,0,0,0,0,0,1,0
8399.57,4093.97,0,1,0,1,0,19,4,1,0,0,0,0,1,0,0,1,0,0,0,1,0,0,0
874.32,4570.61,0,1,0,1,0,6,3,1,0,0,0,0,1,1,0,0,0,1,0,0,0,0,0
4170.0,1065.0,0,1,0,1,0,2,1,1,0,0,0,1,0,0,1,0,0,0,0,0,0,0,1
3757.63,1665.71,0,1,0,1,0,20,5,1,0,0,0,1,0,0,0,1,0,0,0,0,1,0,0
3499.16,1840.65,0,1,0,1,0,18,4,1,0,0,1,0,0,0,0,1,0,0,0,1,0,0,0
3077.61,3077.55,0,1,0,0,0,14,1,1,0,0,1,0,0,0,0,0,1,0,0,0,0,0,1
2101.54,1616.71,0,1,0,0,0,20,4,1,0,0,0,1,0,0,0,0,1,0,0,1,0,0,0
1729.94,4904.26,0,0,0,1,1,16,4,1,0,0,0,0,1,1,0,0,0,0,0,1,0,0,0
6404.42,2551.45,0,0,0,1,0,17,3,1,0,0,0,1,0,1,0,0,0,1,0,0,0,0,0
9194.03,1571.27,0,0,0,1,0,3,6,1,0,0,0,0,1,0,0,0,1,0,1,0,0,0,0
5089.01,4096.93,0,1,0,1,0,13,5,1,0,0,1,0,0,0,0,1,0,0,0,0,1,0,0
2980.45,3247.25,0,1,0,0,1,11,3,1,0,0,0,1,0,0,1,0,0,1,0,0,0,0,0
1592.44,4656.41,0,1,0,1,0,17,3,1,0,0,0,0,1,0,1,0,0,1,0,0,0,0,0
8301.6,4742.39,0,1,0,0,0,8,2,1,0,0,1,0,0,1,0,0,0,0,0,0,0,1,0
9714.95,4423.55,0,0,0,1,0,13,5,1,0,0,0,1,0,0,0,0,1,0,0,0,1,0,0
3492.2,3257.36,0,0,0,1,0,10,2,1,0,0,0,1,0,0,0,1,0,0,0,0,0,1,0
2910.21,1890.4,0,1,0,1,1,19,2,1,0,0,1,0,0,0,1,0,0,0,0,0,0,1,0
6015.33,2714.33,0,0,0,1,0,9,1,1,0,0,0,1,0,0,1,0,0,0,0,0,0,0,1
7753.51,2930.19,0,1,0,1,1,18,4,1,0,0,1,0,0,0,1,0,0,0,0,1,0,0,0
4554.57,4902.1,0,1,0,1,1,1,2,1,0,0,0,0,1,0,0,1,0,0,0,0,0,1,0
6301.1,2010.44,0,1,0,1,1,22,6,1,0,0,0,1,0,0,0,1,0,0,1,0,0,0,0
7165.77,2738.91,0,1,0,1,0,5,5,1,0,0,1,0,0,1,0,0,0,0,0,0,1,0,0
9605.96,3249.38,0,0,0,1,1,20,5,1,0,0,1,0,0,1,0,0,0,0,0,0,1,0,0
1651.21,2564.54,0,1,0,1,0,0,4,1,0,0,0,0,1,0,0,0,1,0,0,1,0,0,0
9973.83,1482.48,0,0,0,1,1,14,5,1,0,0,0,1,0,0,0,0,1,0,0,0,1,0,0
3922.17,4561.77,0,1,0,1,0,20,5,1,0,0,1,0,0,0,0,0,1,0,0,0,1,0,0
7232.28,4204.85,0,1,0,0,0,17,5,1,0,0,1,0,0,0,0,0,1,0,0,0,1,0,0
5724.57,2025.98,0,1,0,1,0,17,4,1,0,0,1,0,0,0,0,0,1,0,0,1,0,0,0
4867.2,2789.91,0,1,0,0,1,6,1,1,0,0,0,1,0,1,0,0,0,0,0,0,0,0,1
6981.06,3941.03,0,1,0,1,0,3,2,1,0,0,0,1,0,0,0,1,0,0,0,0,0,1,0
3958.14,4894.28,1,1,0,0,0,19,2,1,0,0,0,0,1,0,1,0,0,0,0,0,0,1,0
1261.97,1670.05,0,1,0,0,0,15,3,1,0,0,0,0,1,0,0,1,0,1,0,0,0,0,0
4889.44,3551.95,0,1,0,1,1,1,3,1,0,0,0,0,1,1,0,0,0,1,0,0,0,0,0
5219.64,4270.21,0,1,0,1,0,3,2,1,0,0,0,1,0,0,1,0,0,0,0,0,0,1,0
2019.82,1103.61,0,1,0,1,0,7,6,1,0,0,1,0,0,0,1,0,0,0,1,0,0,0,0
9356.26,4243.95,0,1,0,0,0,4,4,1,0,0,0,1,0,0,0,1,0,0,0,1,0,0,0
2275.53,4159.61,0,1,0,1,0,20,2,1,0,0,0,1,0,0,1,0,0,0,0,0,0,1,0
4092.87,4693.93,0,1,1,1,0,22,1,1,0,0,0,1,0,1,0,0,0,0,0,0,0,0,1
1550.14,1337.69,0,1,0,1,0,9,3,1,0,0,0,0,1,0,1,0,0,1,0,0,0,0,0
5358.43,1497.15,0,1,0,1,0,10,4,1,0,0,1,0,0,0,0,1,0,0,0,1,0,0,0
3077.07,3074.73,0,1,0,0,0,3,2,1,0,0,0,1,0,0,0,1,0,0,0,0,0,1,0
4893.24,4486.5,0,1,0,0,0,4,6,1,0,0,0,0,1,0,0,0,1,0,1,0,0,0,0
2246.94,4498.04,1,0,0,0,0,18,2,1,0,0,0,1,0,1,0,0,0,0,0,0,0,1,0
538.7,3800.26,0,1,0,1,0,22,3,1,0,0,1,0,0,0,1,0,0,1,0,0,0,0,0
7792.49,2794.97,0,1,0,1,1,2,2,1,0,0,0,0,1,0,1,0,0,0,0,0,0,1,0
6411.22,1924.54,0,1,0,1,0,10,1,1,0,0,0,1,0,0,1,0,0,0,0,0,0,0,1
3408.05,2898.72,0,0,0,0,0,7,5,1,0,0,0,0,1,0,0,1,0,0,0,0,1,0,0
475.89,1868.26,0,1,0,1,0,17,5,1,0,0,1,0,0,1,0,0,0,0,0,0,1,0,0
8655.89,4092.08,1,1,0,0,0,10,3,1,0,0,1,0,0,0,1,0,0,1,0,0,0,0,0
1698.78,2686.03,0,1,0,0,0,20,1,1,0,0,0,0,1,1,0,0,0,0,0,0,0,0,1
9307.49,3157.45,0,1,0,0,0,15,2,1,0,0,0,1,0,0,1,0,0,0,0,0,0,1,0
4786.48,3723.73,0,1,0,0,0,6,2,1,0,0,1,0,0,0,0,0,1,0,0,0,0,1,0
3404.53,3105.7,0,1,0,1,0,12,2,1,0,0,1,0,0,0,0,0,1,0,0,0,0,1,0
7417.85,4021.23,0,1,0,1,0,22,4,1,0,0,0,1,0,0,0,0,1,0,0,1,0,0,0
8768.52,4144.25,0,0,0,1,0,23,1,1,0,0,0,0,1,0,0,1,0,0,0,0,0,0,1
3707.76,1970.94,0,1,0,1,0,20,5,1,0,0,0,0,1,0,1,0,0,0,0,0,1,0,0
4074.03,2192.56,0,1,0,1,0,21,2,1,0,0,0,1,0,0,0,1,0,0,0,0,0,1,0
4332.15,1237.28,0,0,0,0,1,17,2,1,0,0,1,0,0,0,0,1,0,0,0,0,0,1,0
9223.31,1356.78,0,0,0,1,0,11,5,1,0,0,1,0,0,0,0,1,0,0,0,0,1,0,0
6925.95,4317.9,0,1,0,1,0,3,6,1,0,0,0,1,0,0,0,0,1,0,1,0,0,0,0
2477.21,1856.0,0,1,0,1,1,19,1,1,0,0,0,1,0,1,0,0,0,0,0,0,0,0,1
1850.81,4338.65,1,1,0,1,1,12,6,1,0,0,0,0,1,1,0,0,0,0,1,0,0,0,0
2304.45,4943.51,0,1,0,0,0,7,1,1,0,0,0,0,1,1,0,0,0,0,0,0,0,0,1
2636.38,1971.25,0,1,0,0,0,6,2,1,0,0,0,1,0,0,1,0,0,0,0,0,0,1,0
2302.6,2841.49,0,1,0,0,1,1,4,1,0,0,1,0,0,0,0,1,0,0,0,1,0,0,0
6585.41,3148.25,0,1,1,1,1,19,1,1,0,0,0,0,1,0,0,1,0,0,0,0,0,0,1
1160.22,4771.27,1,0,0,1,0,2,5,1,0,0,0,1,0,0,1,0,0,0,0,0,1,0,0
3874.2,1714.52,0,1,0,1,0,7,2,1,0,0,1,0,0,0,0,1,0,0,0,0,0,1,0
6250.91,4343.92,0,1,0,0,0,13,3,1,0,0,0,0,1,1,0,0,0,1,0,0,0,0,0
2909.31,4831.13,0,1,1,1,0,6,4,1,0,0,0,1,0,0,0,1,0,0,0,1,0,0,0
653.68,3217.67,1,1,0,1,0,10,6,1,0,0,0,1,0,0,1,0,0,0,1,0,0,0,0
819.16,1609.57,1,1,0,1,1,6,5,1,0,0,1,0,0,0,1,0,0,0,0,0,1,0,0
1260.54,2335.22,0,0,0,1,0,5,4,1,0,0,1,0,0,1,0,0,0,0,0,1,0,0,0
8358.59,4836.37,0,1,0,1,1,1,4,1,0,0,0,1,0,0,0,1,0,0,0,1,0,0,0
6578.98,1672.89,0,1,0,1,0,22,2,1,0,0,1,0,0,0,1,0,0,0,0,0,0,1,0
646.16,2950.53,0,1,0,1,0,20,6,1,0,0,0,1,0,0,1,0,0,0,1,0,0,0,0
3911.3,1759.44,0,1,0,1,0,23,6,1,0,0,1,0,0,0,1,0,0,0,1,0,0,0,0
2786.57,4616.5,0,1,0,1,0,1,4,1,0,0,1,0,0,1,0,0,0,0,0,1,0,0,0
5780.82,3361.74,0,1,0,1,0,14,6,1,0,0,0,0,1,0,0,1,0,0,1,0,0,0,0
5228.54,4693.39,0,1,0,1,1,20,3,1,0,0,0,0,1,0,0,0,1,1,0,0,0,0,0
4811.76,4784.68,0,1,0,0,0,5,6,1,0,0,1,0,0,0,0,1,0,0,1,0,0,0,0
3145.81,2955.87,0,1,0,1,0,22,4,1,0,0,0,1,0,1,0,0,0,0,0,1,0,0,0
1378.86,4748.41,0,0,0,0,0,3,4,1,0,0,1,0,0,1,0,0,0,0,0,1,0,0,0
7424.02,1002.83,0,1,0,1,0,14,3,1,0,0,0,0,1,0,1,0,0,1,0,0,0,0,0
8798.69,1768.42,0,1,0,1,0,1,6,1,0,0,0,1,0,0,1,0,0,0,1,0,0,0,0
9441.56,3935.99,0,1,0,0,1,17,3,1,0,0,1,0,0,1,0,0,0,1,0,0,0,0,0
587.13,3105.95,0,1,0,1,0,5,4,1,0,0,1,0,0,0,0,0,1,0,0,1,0,0,0
7399.35,4963.81,0,0,0,1,1,15,1,1,0,0,1,0,0,0,0,0,1,0,0,0,0,0,1
7265.31,4137.13,0,1,0,1,0,7,5,1,0,0,1,0,0,1,0,0,0,0,0,0,1,0,0
9471.15,3656.5,1,1,0,0,0,16,6,1,0,0,0,0,1,0,1,0,0,0,1,0,0,0,0
2529.89,4648.67,0,1,0,0,0,23,6,1,0,0,0,0,1,1,0,0,0,0,1,0,0,0,0
7422.05,2348.8,0,0,0,1,0,21,5,1,0,0,0,0,1,0,1,0,0,0,0,0,1,0,0
547.21,1670.32,0,0,0,1,0,9,6,1,0,0,0,0,1,0,1,0,0,0,1,0,0,0,0
6312.83,3188.32,0,0,0,1,0,8,5,1,0,0,0,1,0,1,0,0,0,0,0,0,1,0,0
3509.13,1953.9,0,1,0,1,0,21,6,1,0,0,0,1,0,0,0,1,0,0,1,0,0,0,0
7689.33,1929.54,0,1,0,1,0,16,1,1,0,0,0,1,0,1,0,0,0,0,0,0,0,0,1
8633.18,2225.2,0,1,0,0,0,12,2,1,0,0,1,0,0,0,0,1,0,0,0,0,0,1,0
3648.85,3700.55,0,0,0,1,1,16,3,1,0,0,0,1,0,0,0,0,1,1,0,0,0,0,0
5256.34,1094.36,1,1,0,1,0,21,4,1,0,0,0,0,1,0,1,0,0,0,0,1,0,0,0
1174.92,4399.95,0,1,1,1,0,2,6,1,0,0,0,0,1,0,0,0,1,0,1,0,0,0,0
4169.65,3448.19,0,1,0,1,1,10,6,1,0,0,1,0,0,0,1,0,0,0,1,0,0,0,0
3608.64,2217.82,0,1,0,1,1,8,4,1,0,0,0,1,0,0,1,0,0,0,0,1,0,0,0
1832.05,1452.42,0,1,0,1,1,4,2,1,0,0,1,0,0,1,0,0,0,0,0,0,0,1,0
8944.89,4160.1,0,1,0,1,1,0,6,1,0,0,1,0,0,0,1,0,0,0,1,0,0,0,0
1481.73,2745.73,0,1,0,1,0,4,5,1,0,0,0,1,0,0,0,0,1,0,0,0,1,0,0
6357.76,2741.22,0,0,0,1,0,11,4,1,0,0,1,0,0,0,1,0,0,0,0,1,0,0,0
8901.54,2880.92,0,0,0,1,0,8,5,1,0,0,0,1,0,0,0,1,0,0,0,0,1,0,0
9119.77,2655.8,0,0,0,0,0,9,5,1,0,0,0,1,0,0,0,1,0,0,0,0,1,0,0
7932.6,3053.18,0,1,0,1,0,23,4,1,0,0,1,0,0,1,0,0,0,0,0,1,0,0,0
1762.24,3522.61,0,1,0,0,0,2,4,1,0,0,0,0,1,1,0,0,0,0,0,1,0,0,0
8174.5,2724.05,0,1,0,0,0,6,3,1,0,0,0,1,0,0,1,0,0,1,0,0,0,0,0
2766.37,4891.21,1,1,0,1,0,20,1,1,0,0,0,0,1,0,0,0,1,0,0,0,0,0,1
9224.06,2590.39,0,1,0,0,0,20,5,1,0,0,0,0,1,1,0,0,0,0,0,0,1,0,0
7091.16,1857.76,1,1,0,1,0,21,2,1,0,0,0,1,0,1,0,0,0,0,0,0,0,1,0
7852.89,4920.42,0,0,0,1,1,8,1,1,0,0,0,0,1,1,0,0,0,0,0,0,0,0,1
851.24,2184.44,0,1,0,1,0,19,5,1,0,0,1,0,0,0,0,1,0,0,0,0,1,0,0
5828.07,3483.23,0,0,1,1,0,10,6,1,0,0,1,0,0,0,0,0,1,0,1,0,0,0,0
8211.6,4314.4,0,0,0,1,0,12,1,1,0,0,0,0,1,1,0,0,0,0,0,0,0,0,1
8616.04,1015.82,0,1,0,1,0,8,4,1,0,0,1,0,0,0,1,0,0,0,0,1,0,0,0
287.29,2131.33,0,0,1,1,0,8,4,1,0,0,0,1,0,1,0,0,0,0,0,1,0,0,0
9391.65,3127.27,0,1,0,1,1,10,6,1,0,0,0,1,0,1,0,0,0,0,1,0,0,0,0
434.34,2823.53,0,1,0,1,0,11,5,1,0,0,0,0,1,0,0,1,0,0,0,0,1,0,0
6145.57,1291.19,0,0,0,1,0,1,6,1,0,0,1,0,0,0,0,1,0,0,1,0,0,0,0
6934.18,2788.23,0,1,0,1,0,16,5,1,0,0,0,0,1,1,0,0,0,0,0,0,1,0,0
1074.35,1423.8,0,1,0,1,0,8,4,1,0,0,1,0,0,0,0,0,1,0,0,1,0,0,0
481.07,1999.48,1,0,0,1,0,5,4,1,0,0,0,1,0,0,0,1,0,0,0,1,0,0,0
7849.34,3995.15,1,1,0,0,0,0,3,1,0,0,1,0,0,1,0,0,0,1,0,0,0,0,0
3847.32,1714.29,0,1,0,0,0,11,1,1,0,0,1,0,0,0,0,0,1,0,0,0,0,0,1
1072.02,3661.12,1,1,0,1,0,0,2,1,0,0,0,0,1,1,0,0,0,0,0,0,0,1,0
7626.92,4891.72,0,1,0,1,0,12,5,1,0,0,0,1,0,0,0,0,1,0,0,0,1,0,0
8491.78,1987.93,0,1,0,1,0,21,3,1,0,0,1,0,0,0,1,0,0,1,0,0,0,0,0
5874.27,2038.19,0,1,0,1,0,1,3,1,0,0,0,1,0,0,0,1,0,1,0,0,0,0,0
1613.21,4812.37,0,1,0,0,1,16,6,1,0,0,1,0,0,0,1,0,0,0,1,0,0,0,0
153.21,3660.56,0,1,0,1,0,11,5,1,0,0,0,1,0,0,0,0,1,0,0,0,1,0,0
7008.32,4080.42,1,1,0,0,0,0,4,1,0,0,1,0,0,0,0,1,0,0,0,1,0,0,0
5501.85,4166.05,0,1,0,1,0,0,5,1,0,0,0,1,0,0,0,1,0,0,0,0,1,0,0
6508.32,3919.43,0,1,0,0,0,16,4,1,0,0,1,0,0,0,1,0,0,0,0,1,0,0,0
8132.03,4907.19,0,1,0,0,0,20,5,1,0,0,0,1,0,0,0,0,1,0,0,0,1,0,0
4342.84,2098.98,0,1,0,0,1,5,1,1,0,0,1,0,0,0,0,1,0,0,0,0,0,0,1
1246.03,3073.48,0,1,0,1,0,19,2,1,0,0,1,0,0,0,0,0,1,0,0,0,0,1,0
9399.89,3656.31,0,0,0,1,0,19,5,1,0,0,0,1,0,0,0,0,1,0,0,0,1,0,0
5453.08,3829.04,0,1,0,1,0,10,3,1,0,0,0,0,1,0,0,1,0,1,0,0,0,0,0
6153.33,1768.62,0,1,0,1,0,20,6,1,0,0,1,0,0,0,0,1,0,0,1,0,0,0,0
9334.18,4502.03,0,1,0,0,0,16,5,1,0,0,1,0,0,0,0,1,0,0,0,0,1,0,0
9315.9,4258.98,0,0,0,1,0,19,6,1,0,0,0,0,1,0,1,0,0,0,1,0,0,0,0
5721.37,2056.67,0,1,0,0,0,6,3,1,0,0,1,0,0,0,0,1,0,1,0,0,0,0,0
2976.82,3175.86,0,1,0,1,0,1,5,1,0,0,0,1,0,0,0,1,0,0,0,0,1,0,0
9971.14,2178.84,1,1,0,1,0,2,3,1,0,0,0,0,1,1,0,0,0,1,0,0,0,0,0
6808.49,2463.55,0,0,0,1,0,10,4,1,0,0,1,0,0,1,0,0,0,0,0,1,0,0,0
4084.96,3134.28,0,0,0,1,0,8,4,1,0,0,0,1,0,0,1,0,0,0,0,1,0,0,0
5598.81,3157.93,0,1,0,0,0,17,1,1,0,0,0,1,0,0,1,0,0,0,0,0,0,0,1
4158.92,3128.24,0,1,0,1,0,0,3,1,0,0,0,0,1,1,0,0,0,1,0,0,0,0,0
8883.16,3177.04,0,1,0,1,0,11,5,1,0,0,0,0,1,0,1,0,0,0,0,0,1,0,0
4825.51,3544.52,0,1,0,1,0,13,2,1,0,0,0,0,1,1,0,0,0,0,0,0,0,1,0
8235.46,1062.83,0,1,0,0,0,22,2,1,0,0,0,1,0,1,0,0,0,0,0,0,0,1,0
8401.92,1559.29,0,1,0,0,0,3,6,1,0,0,1,0,0,0,0,0,1,0,1,0,0,0,0
8243.5,2881.11,0,1,0,1,0,2,2,1,0,0,0,1,0,0,1,0,0,0,0,0,0,1,0
7222.16,3833.56,0,1,0,1,0,15,6,1,0,0,0,1,0,0,0,1,0,0,1,0,0,0,0
8548.92,3037.07,0,1,0,0,0,16,6,1,0,0,0,0,1,1,0,0,0,0,1,0,0,0,0
3872.91,3515.77,0,1,0,1,0,3,2,1,0,0,1,0,0,0,0,0,1,0,0,0,0,1,0
1147.52,4882.78,0,0,0,1,0,7,3,1,0,0,0,1,0,0,0,0,1,1,0,0,0,0,0
8424.7,3920.26,0,1,0,1,0,10,4,1,0,0,0,0,1,1,0,0,0,0,0,1,0,0,0
4982.19,4759.47,0,1,0,1,0,2,6,1,0,0,0,0,1,0,1,0,0,0,1,0,0,0,0
1274.63,1076.02,0,1,0,1,0,4,2,1,0,0,1,0,0,1,0,0,0,0,0,0,0,1,0
1154.01,2788.63,0,1,0,1,0,18,3,1,0,0,1,0,0,0,1,0,0,1,0,0,0,0,0
1593.26,2418.06,0,1,0,0,1,7,3,1,0,0,0,0,1,1,0,0,0,1,0,0,0,0,0
7509.98,3822.1,0,1,0,0,1,13,4,1,0,0,1,0,0,1,0,0,0,0,0,1,0,0,0
7108.86,4717.75,0,1,0,1,0,4,2,1,0,0,1,0,0,0,0,0,1,0,0,0,0,1,0
2038.98,1161.13,0,1,0,1,0,11,5,1,0,0,0,1,0,0,0,1,0,0,0,0,1,0,0
8469.39,1229.22,0,1,0,1,0,17,1,1,0,0,1,0,0,0,0,1,0,0,0,0,0,0,1
2813.67,3691.34,0,0,0,0,0,14,3,1,0,0,0,0,1,0,0,0,1,1,0,0,0,0,0
7930.06,2384.22,0,1,0,1,0,23,6,1,0,0,1,0,0,0,1,0,0,0,1,0,0,0,0
4888.57,1812.08,0,1,0,1,0,19,4,1,0,0,0,1,0,1,0,0,0,0,0,1,0,0,0
7315.76,4818.86,1,1,0,0,1,18,4,1,0,0,1,0,0,0,1,0,0,0,0,1,0,0,0
3814.5,1056.16,0,1,0,1,0,23,6,1,0,0,0,1,0,0,0,1,0,0,1,0,0,0,0
3472.06,2095.92,0,1,0,1,0,22,6,1,0,0,1,0,0,0,1,0,0,0,1,0,0,0,0
8413.75,2326.78,0,1,0,0,0,19,6,1,0,0,1,0,0,1,0,0,0,0,1,0,0,0,0
353.99,4131.13,0,1,0,0,0,16,2,1,0,0,0,0,1,0,0,1,0,0,0,0,0,1,0
9747.39,3246.96,0,1,0,1,0,18,2,1,0,0,0,0,1,0,1,0,0,0,0,0,0,1,0
6482.15,2313.49,0,1,0,1,0,0,5,1,0,0,1,0,0,0,1,0,0,0,0,0,1,0,0
4325.4,1679.01,0,0,0,1,0,17,1,1,0,0,1,0,0,0,1,0,0,0,0,0,0,0,1
6280.92,1871.52,0,1,0,1,0,15,3,1,0,0,0,1,0,0,0,1,0,1,0,0,0,0,0
1228.29,1154.7,0,1,0,0,0,16,5,1,0,0,0,1,0,0,0,1,0,0,0,0,1,0,0
5141.01,4347.46,0,1,0,0,0,10,5,1,0,0,0,0,1,0,1,0,0,0,0,0,1,0,0
9850.97,1468.74,1,1,0,1,1,16,3,1,0,0,1,0,0,0,0,0,1,1,0,0,0,0,0
2353.46,4292.19,0,1,0,0,1,17,3,1,0,0,1,0,0,1,0,0,0,1,0,0,0,0,0
7223.06,1556.71,0,1,0,1,0,9,5,1,0,0,0,1,0,0,0,1,0,0,0,0,1,0,0
4350.28,4623.63,1,0,0,1,0,2,3,1,0,0,1,0,0,0,0,1,0,1,0,0,0,0,0
6524.93,3714.04,0,1,0,1,0,12,1,1,0,0,1,0,0,0,0,1,0,0,0,0,0,0,1
2049.67,2408.13,0,1,0,1,0,9,1,1,0,0,1,0,0,1,0,0,0,0,0,0,0,0,1
4705.18,2570.78,0,1,1,1,0,23,4,1,0,0,0,1,0,0,0,1,0,0,0,1,0,0,0
9800.95,2138.24,0,1,0,1,1,22,4,1,0,0,0,1,0,0,0,0,1,0,0,1,0,0,0
1953.68,1845.16,1,0,0,0,1,23,6,1,0,0,0,1,0,0,0,1,0,0,1,0,0,0,0
6364.81,4644.27,0,1,0,0,0,8,3,1,0,0,1,0,0,0,0,1,0,1,0,0,0,0,0
5756.4,1737.68,0,0,0,1,0,10,5,1,0,0,0,1,0,0,0,0,1,0,0,0,1,0,0
5650.95,1703.79,0,1,0,1,0,22,4,1,0,0,0,0,1,1,0,0,0,0,0,1,0,0,0
6151.62,2441.06,0,0,0,1,0,6,2,1,0,0,0,0,1,1,0,0,0,0,0,0,0,1,0
5022.88,4937.27,0,1,0,0,0,5,1,1,0,0,0,1,0,0,0,1,0,0,0,0,0,0,1
170.29,2859.67,0,1,0,1,0,0,6,1,0,0,0,1,0,1,0,0,0,0,1,0,0,0,0
9001.07,2421.39,0,1,0,1,0,14,5,1,0,0,1,0,0,0,0,0,1,0,0,0,1,0,0
8269.96,4994.2,0,1,0,0,0,20,3,1,0,0,0,1,0,1,0,0,0,1,0,0,0,0,0
1742.5,3960.17,0,1,0,1,0,18,6,1,0,0,0,1,0,0,0,1,0,0,1,0,0,0,0
4133.32,4778.5,0,1,0,1,0,22,4,1,0,0,0,0,1,0,0,0,1,0,0,1,0,0,0
7705.72,1995.69,0,1,0,1,0,19,5,1,0,0,0,0,1,0,0,1,0,0,0,0,1,0,0
9800.64,4016.79,0,1,0,1,1,13,6,1,0,0,0,0,1,0,0,0,1,0,1,0,0,0,0
9511.42,4562.58,0,0,0,1,0,7,5,1,0,0,0,0,1,0,0,0,1,0,0,0,1,0,0
8993.69,3117.45,1,1,0,1,0,11,3,1,0,0,0,1,0,0,0,1,0,1,0,0,0,0,0
1584.58,2695.53,0,1,0,1,1,23,6,1,0,0,0,0,1,0,0,1,0,0,1,0,0,0,0
9144.84,2183.83,0,0,0,1,0,19,1,1,0,0,1,0,0,1,0,0,0,0,0,0,0,0,1
8784.57,3269.1,0,1,0,1,0,6,5,1,0,0,1,0,0,0,1,0,0,0,0,0,1,0,0
3770.12,1768.56,0,1,0,1,0,12,3,1,0,0,0,1,0,1,0,0,0,1,0,0,0,0,0
3945.83,2727.39,0,1,0,0,0,10,4,1,0,0,1,0,0,0,0,1,0,0,0,1,0,0,0
4599.63,3730.17,0,1,0,1,1,16,4,1,0,0,0,0,1,0,0,1,0,0,0,1,0,0,0
6562.1,3609.42,0,1,0,0,0,2,3,1,0,0,0,0,1,1,0,0,0,1,0,0,0,0,0
2609.1,3799.57,0,1,0,1,0,9,6,1,0,0,1,0,0,0,1,0,0,0,1,0,0,0,0
230.46,3346.2,0,0,0,1,0,5,4,1,0,0,0,1,0,0,1,0,0,0,0,1,0,0,0
1413.15,1010.52,0,1,0,0,0,1,2,1,0,0,0,0,1,0,0,1,0,0,0,0,0,1,0
4401.72,1106.94,0,1,0,1,1,14,3,1,0,0,0,0,1,0,1,0,0,1,0,0,0,0,0
2820.74,3321.04,1,1,1,1,1,16,3,1,0,0,1,0,0,0,0,0,1,1,0,0,0,0,0
7645.4,4863.85,1,1,0,1,0,3,4,1,0,0,0,1,0,1,0,0,0,0,0,1,0,0,0
1067.79,1777.8,0,1,0,1,1,7,1,1,0,0,0,1,0,0,1,0,0,0,0,0,0,0,1
9174.73,3869.53,0,1,0,1,0,22,4,1,0,0,1,0,0,0,1,0,0,0,0,1,0,0,0
8953.38,2732.82,1,1,0,0,0,8,2,1,0,0,0,0,1,1,0,0,0,0,0,0,0,1,0
9087.66,1556.38,0,0,0,0,0,23,4,1,0,0,1,0,0,0,0,0,1,0,0,1,0,0,0
7396.36,1133.11,0,1,0,1,0,7,6,1,0,0,1,0,0,0,1,0,0,0,1,0,0,0,0
1070.89,3853.5,0,1,0,1,0,17,2,1,0,0,1,0,0,0,0,0,1,0,0,0,0,1,0
4381.94,1575.75,0,1,0,0,1,12,2,1,0,0,0,0,1,0,0,1,0,0,0,0,0,1,0
1314.92,2193.72,0,1,0,1,0,12,6,1,0,0,0,0,1,0,0,1,0,0,1,0,0,0,0
9877.0,2605.51,0,0,0,1,0,3,6,1,0,0,1,0,0,0,0,0,1,0,1,0,0,0,0
3331.05,3823.49,0,1,0,1,0,9,1,1,0,0,0,1,0,0,0,0,1,0,0,0,0,0,1
5853.72,2550.49,0,1,0,1,1,18,5,1,0,0,1,0,0,1,0,0,0,0,0,0,1,0,0
7794.15,2545.16,0,0,0,0,1,23,4,1,0,0,0,0,1,1,0,0,0,0,0,1,0,0,0
9206.24,4176.94,0,1,0,1,0,6,3,1,0,0,0,1,0,1,0,0,0,1,0,0,0,0,0
7555.72,1027.92,0,1,0,1,1,1,3,1,0,0,0,1,0,0,1,0,0,1,0,0,0,0,0
6745.36,4015.43,0,1,0,1,0,13,3,1,0,0,0,0,1,0,0,1,0,1,0,0,0,0,0
4660.35,3086.72,0,1,0,1,0,2,5,1,0,0,0,0,1,1,0,0,0,0,0,0,1,0,0
6054.4,3166.73,0,1,0,0,0,0,4,1,0,0,1,0,0,0,1,0,0,0,0,1,0,0,0
942.54,2382.23,0,1,0,1,1,20,2,1,0,0,0,0,1,0,1,0,0,0,0,0,0,1,0
8839.34,1369.95,0,1,0,1,0,11,6,1,0,0,0,1,0,0,0,0,1,0,1,0,0,0,0
5438.23,1363.33,0,1,0,1,1,23,2,1,0,0,1,0,0,1,0,0,0,0,0,0,0,1,0
402.31,2363.36,0,1,0,1,1,13,5,1,0,0,1,0,0,0,0,0,1,0,0,0,1,0,0
9199.1,3881.65,0,1,0,1,0,12,3,1,0,0,0,1,0,0,0,0,1,1,0,0,0,0,0
4893.53,4566.59,0,1,0,1,1,22,4,1,0,0,0,0,1,0,1,0,0,0,0,1,0,0,0
8686.02,4248.9,0,1,0,1,0,20,2,1,0,0,1,0,0,0,0,1,0,0,0,0,0,1,0
8569.02,4191.67,0,0,0,0,1,17,3,1,0,0,0,1,0,0,1,0,0,1,0,0,0,0,0
8157.7,1022.93,0,1,0,1,0,18,6,1,0,0,0,1,0,0,1,0,0,0,1,0,0,0,0
614.97,1766.47,1,1,0,0,0,20,2,1,0,0,0,1,0,0,1,0,0,0,0,0,0,1,0
2471.42,4780.35,0,1,0,0,0,14,2,1,0,0,0,0,1,0,0,1,0,0,0,0,0,1,0
8755.6,4480.67,1,1,0,1,0,18,4,1,0,0,0,0,1,1,0,0,0,0,0,1,0,0,0
8990.01,1506.92,0,1,0,0,1,10,4,1,0,0,0,0,1,0,1,0,0,0,0,1,0,0,0
4581.23,3544.67,0,1,0,1,1,20,5,1,0,0,0,0,1,0,1,0,0,0,0,0,1,0,0
4400.97,2732.51,0,1,0,1,0,9,2,1,0,0,0,1,0,1,0,0,0,0,0,0,0,1,0
1752.23,1030.73,0,1,0,0,0,23,2,1,0,0,1,0,0,1,0,0,0,0,0,0,0,1,0
9684.14,4200.61,0,1,0,0,0,21,3,1,0,0,0,1,0,0,1,0,0,1,0,0,0,0,0
2132.17,4772.54,0,1,0,1,0,22,2,1,0,0,1,0,0,0,0,1,0,0,0,0,0,1,0
1910.18,4683.11,0,1,0,1,0,12,2,1,0,0,1,0,0,0,0,0,1,0,0,0,0,1,0
6607.63,2537.11,0,1,0,0,1,17,3,1,0,0,1,0,0,0,0,0,1,1,0,0,0,0,0
2429.2,4151.26,1,1,0,1,1,20,3,1,0,0,0,0,1,0,1,0,0,1,0,0,0,0,0
9387.78,2991.91,0,1,0,1,0,6,3,1,0,0,0,1,0,0,0,1,0,1,0,0,0,0,0
110.06,4919.96,0,1,0,1,0,11,2,1,0,0,1,0,0,1,0,0,0,0,0,0,0,1,0
58.53,4853.14,0,1,0,1,1,12,1,1,0,0,0,1,0,0,0,1,0,0,0,0,0,0,1
5049.26,4093.41,0,0,1,1,0,1,5,1,0,0,0,0,1,0,0,0,1,0,0,0,1,0,0
4881.14,2885.32,0,1,0,1,1,17,4,1,0,0,1,0,0,0,0,1,0,0,0,1,0,0,0
1634.48,4607.75,0,1,0,0,0,23,6,1,0,0,0,0,1,0,1,0,0,0,1,0,0,0,0
4945.7,1895.83,0,1,0,1,0,16,2,1,0,0,0,0,1,0,0,1,0,0,0,0,0,1,0
4117.2,1856.88,0,1,0,0,1,9,2,1,0,0,0,1,0,0,0,0,1,0,0,0,0,1,0
8903.4,3232.94,0,0,0,1,1,16,4,1,0,0,1,0,0,0,1,0,0,0,0,1,0,0,0
93.53,4276.19,0,1,0,0,0,15,5,1,0,0,0,0,1,0,1,0,0,0,0,0,1,0,0
9762.72,1248.41,0,1,0,1,0,1,1,1,0,0,0,1,0,0,0,1,0,0,0,0,0,0,1
6244.3,4138.79,0,1,0,1,0,19,4,1,0,0,1,0,0,0,1,0,0,0,0,1,0,0,0
1519.28,4797.29,0,1,0,1,1,2,1,1,0,0,1,0,0,0,0,1,0,0,0,0,0,0,1
468.55,3183.99,0,0,0,0,0,18,6,1,0,0,0,0,1,0,0,1,0,0,1,0,0,0,0
5381.52,1854.23,0,1,1,1,1,21,1,1,0,0,0,0,1,1,0,0,0,0,0,0,0,0,1
2349.67,3526.69,0,1,1,0,1,3,1,1,0,0,0,0,1,0,0,0,1,0,0,0,0,0,1
3012.35,1787.31,0,1,0,1,0,10,1,1,0,0,0,0,1,1,0,0,0,0,0,0,0,0,1
2452.08,2561.88,0,1,0,1,0,7,4,1,0,0,1,0,0,0,0,0,1,0,0,1,0,0,0
6502.07,3798.52,0,1,0,0,0,4,2,1,0,0,0,0,1,0,0,0,1,0,0,0,0,1,0
5535.74,2525.43,0,1,0,1,0,9,4,1,0,0,0,0,1,0,1,0,0,0,0,1,0,0,0
780.67,2937.47,0,1,0,1,0,10,6,1,0,0,0,0,1,0,0,0,1,0,1,0,0,0,0
5265.74,3181.01,0,1,0,1,0,12,5,1,0,0,1,0,0,0,0,1,0,0,0,0,1,0,0
7912.11,2357.69,0,0,0,0,0,0,1,1,0,0,0,1,0,1,0,0,0,0,0,0,0,0,1
812.86,1305.28,0,0,0,0,0,12,4,1,0,0,0,1,0,0,1,0,0,0,0,1,0,0,0
8897.5,3043.59,0,0,0,1,0,12,6,1,0,0,1,0,0,0,1,0,0,0,1,0,0,0,0
5783.49,2951.25,0,1,0,0,0,14,5,1,0,0,0,1,0,0,0,0,1,0,0,0,1,0,0
9506.29,2705.97,0,1,1,0,0,9,2,1,0,0,1,0,0,1,0,0,0,0,0,0,0,1,0
1482.26,1737.94,0,1,0,1,0,3,4,1,0,0,0,0,1,1,0,0,0,0,0,1,0,0,0
9935.66,1209.19,0,1,0,1,0,19,6,1,0,0,0,1,0,1,0,0,0,0,1,0,0,0,0
6443.08,4306.55,0,1,0,1,0,10,2,1,0,0,1,0,0,0,1,0,0,0,0,0,0,1,0
5675.37,3129.27,0,1,0,1,0,19,6,1,0,0,1,0,0,1,0,0,0,0,1,0,0,0,0
5153.28,4921.17,0,1,0,1,0,19,6,1,0,0,0,0,1,0,0,1,0,0,1,0,0,0,0
237.52,4911.3,0,1,0,1,0,18,2,1,0,0,1,0,0,0,0,1,0,0,0,0,0,1,0
9396.45,3320.3,0,1,0,0,1,5,2,1,0,0,0,1,0,0,0,0,1,0,0,0,0,1,0
6440.3,2960.49,0,1,0,1,0,4,4,1,0,0,0,0,1,0,0,0,1,0,0,1,0,0,0
917.17,1745.8,0,1,0,0,1,23,5,1,0,0,1,0,0,0,0,1,0,0,0,0,1,0,0
210.5,2517.34,0,1,0,0,0,11,5,1,0,0,0,0,1,0,0,0,1,0,0,0,1,0,0
508.79,4141.72,0,1,0,1,0,6,2,1,0,0,1,0,0,0,1,0,0,0,0,0,0,1,0
6094.35,4852.9,0,1,0,1,0,20,3,1,0,0,0,1,0,0,0,1,0,1,0,0,0,0,0
6140.54,3399.31,0,1,0,0,0,13,1,1,0,0,0,1,0,0,1,0,0,0,0,0,0,0,1
4997.17,3467.55,0,1,0,0,0,2,6,1,0,0,0,0,1,1,0,0,0,0,1,0,0,0,0
3068.35,4769.83,0,0,0,0,1,17,6,1,0,0,1,0,0,0,1,0,0,0,1,0,0,0,0
5317.9,1507.77,1,1,0,0,1,16,2,1,0,0,0,0,1,1,0,0,0,0,0,0,0,1,0
5163.5,3447.36,0,1,0,1,0,10,2,1,0,0,0,0,1,0,0,1,0,0,0,0,0,1,0
195.14,3341.71,0,0,0,1,0,0,2,1,0,0,0,1,0,0,0,0,1,0,0,0,0,1,0
2825.41,1820.38,0,1,1,1,0,23,3,1,0,0,0,0,1,0,0,0,1,1,0,0,0,0,0
532.8,4095.26,0,0,0,1,0,4,6,1,0,0,1,0,0,0,0,1,0,0,1,0,0,0,0
9001.65,1476.81,0,1,0,0,0,7,1,1,0,0,0,1,0,0,1,0,0,0,0,0,0,0,1
7252.51,1252.97,0,1,0,1,0,10,3,1,0,0,1,0,0,0,0,1,0,1,0,0,0,0,0
9961.16,2944.54,0,1,0,1,1,7,4,1,0,0,0,0,1,1,0,0,0,0,0,1,0,0,0
3022.41,2198.88,0,1,0,0,1,10,1,1,0,0,0,1,0,0,0,0,1,0,0,0,0,0,1
8784.98,2744.55,0,1,0,1,0,7,6,1,0,0,1,0,0,1,0,0,0,0,1,0,0,0,0
6030.94,1450.36,0,1,0,1,0,15,3,1,0,0,1,0,0,0,0,1,0,1,0,0,0,0,0
4531.8,2809.61,1,1,0,0,1,7,5,1,0,0,0,0,1,0,0,0,1,0,0,0,1,0,0
2226.51,2758.41,0,1,0,1,0,15,6,1,0,0,1,0,0,1,0,0,0,0,1,0,0,0,0
7384.18,4866.19,1,1,0,1,0,14,4,1,0,0,0,0,1,0,0,0,1,0,0,1,0,0,0
9041.5,3890.28,0,1,0,1,0,0,3,1,0,0,0,0,1,0,0,0,1,1,0,0,0,0,0
2353.85,4681.89,0,1,0,1,0,23,5,1,0,0,0,0,1,0,0,1,0,0,0,0,1,0,0
1754.73,4124.94,0,1,0,0,0,15,4,1,0,0,0,0,1,1,0,0,0,0,0,1,0,0,0
6962.52,4151.37,0,1,0,1,0,21,5,1,0,0,0,1,0,0,0,1,0,0,0,0,1,0,0
9769.75,4462.91,0,1,0,1,1,4,2,1,0,0,1,0,0,0,1,0,0,0,0,0,0,1,0
7499.8,2023.57,0,1,0,0,0,22,5,1,0,0,1,0,0,1,0,0,0,0,0,0,1,0,0
2846.52,2706.86,1,0,1,1,0,22,4,1,0,0,0,1,0,0,0,1,0,0,0,1,0,0,0
4200.13,4500.84,0,1,0,0,0,13,4,1,0,0,0,0,1,0,0,1,0,0,0,1,0,0,0
3843.79,1267.68,0,1,0,0,0,19,3,1,0,0,0,0,1,0,1,0,0,1,0,0,0,0,0
8521.1,1220.5,0,1,0,0,1,6,4,1,0,0,0,0,1,0,0,1,0,0,0,1,0,0,0
7713.94,3591.8,0,1,0,0,0,0,6,1,0,0,0,0,1,0,1,0,0,0,1,0,0,0,0
5890.17,4638.24,0,1,0,0,0,11,6,1,0,0,0,1,0,1,0,0,0,0,1,0,0,0,0
2750.32,4176.81,0,1,0,1,0,19,2,1,0,0,1,0,0,0,1,0,0,0,0,0,0,1,0
9379.95,4196.05,0,1,0,0,0,6,2,1,0,0,0,0,1,0,1,0,0,0,0,0,0,1,0
6533.5,2439.9,0,1,0,1,0,3,4,1,0,0,0,0,1,0,0,1,0,0,0,1,0,0,0
9704.8,3366.8,0,0,0,0,0,10,1,1,0,0,0,0,1,0,0,0,1,0,0,0,0,0,1
5801.59,4085.95,0,1,0,1,0,8,6,1,0,0,1,0,0,0,0,1,0,0,1,0,0,0,0
8212.11,4174.96,0,1,0,1,0,4,2,1,0,0,1,0,0,0,0,0,1,0,0,0,0,1,0
8131.24,3322.33,0,1,1,0,1,17,5,1,0,0,0,1,0,1,0,0,0,0,0,0,1,0,0
3373.95,4201.53,0,1,0,0,0,18,6,1,0,0,1,0,0,0,0,0,1,0,1,0,0,0,0
9640.24,1107.76,0,1,0,1,0,21,6,1,0,0,1,0,0,0,1,0,0,0,1,0,0,0,0
220.39,4770.37,0,1,0,1,0,1,1,1,0,0,0,0,1,0,0,0,1,0,0,0,0,0,1
7687.34,4482.31,0,1,0,1,0,6,6,1,0,0,1,0,0,0,0,0,1,0,1,0,0,0,0
9655.61,1207.79,0,1,0,1,1,8,3,1,0,0,0,0,1,0,1,0,0,1,0,0,0,0,0
3389.74,2677.3,0,0,0,1,0,12,3,1,0,0,0,1,0,0,0,0,1,1,0,0,0,0,0
6481.46,4677.91,1,1,0,1,0,6,2,1,0,0,0,0,1,0,0,0,1,0,0,0,0,1,0
5622.67,3051.18,0,1,0,1,0,9,6,1,0,0,0,1,0,1,0,0,0,0,1,0,0,0,0
7615.31,1365.8,0,1,0,0,0,19,2,1,0,0,1,0,0,1,0,0,0,0,0,0,0,1,0
8661.91,4866.08,0,1,0,1,0,8,2,1,0,0,0,1,0,1,0,0,0,0,0,0,0,1,0
6030.84,2433.97,0,0,0,0,0,12,6,1,0,0,0,0,1,0,1,0,0,0,1,0,0,0,0
8159.23,3064.99,0,0,0,1,0,6,3,1,0,0,1,0,0,1,0,0,0,1,0,0,0,0,0
3123.54,3527.82,0,1,0,1,0,0,6,1,0,0,1,0,0,1,0,0,0,0,1,0,0,0,0
2286.64,4329.75,0,1,0,1,0,20,5,1,0,0,0,0,1,0,1,0,0,0,0,0,1,0,0
4307.25,4492.49,1,1,0,1,0,8,5,1,0,0,1,0,0,0,1,0,0,0,0,0,1,0,0
6777.69,3612.36,0,1,0,1,0,16,3,1,0,0,0,0,1,0,1,0,0,1,0,0,0,0,0
1873.28,4793.67,0,1,0,1,1,8,1,1,0,0,0,1,0,0,1,0,0,0,0,0,0,0,1
6803.84,1876.07,0,1,0,0,1,18,1,1,0,0,0,1,0,1,0,0,0,0,0,0,0,0,1
3941.54,4619.34,0,0,0,1,0,14,6,1,0,0,1,0,0,0,0,1,0,0,1,0,0,0,0
7955.96,1760.37,0,0,0,1,0,1,4,1,0,0,0,0,1,0,0,0,1,0,0,1,0,0,0
369.32,4577.76,0,1,0,1,0,7,6,1,0,0,0,0,1,1,0,0,0,0,1,0,0,0,0
6680.16,1863.54,0,1,0,0,1,10,1,1,0,0,0,1,0,0,0,1,0,0,0,0,0,0,1
6498.57,3877.0,0,1,0,0,1,21,4,1,0,0,0,0,1,1,0,0,0,0,0,1,0,0,0
9409.41,4267.83,1,1,0,1,0,3,5,1,0,0,1,0,0,1,0,0,0,0,0,0,1,0,0
7133.96,2562.11,0,1,0,1,0,4,5,1,0,0,1,0,0,0,1,0,0,0,0,0,1,0,0
7963.22,1453.99,0,0,0,1,0,20,3,1,0,0,0,1,0,0,0,1,0,1,0,0,0,0,0
9046.01,2450.05,0,1,0,0,0,19,2,1,0,0,0,0,1,1,0,0,0,0,0,0,0,1,0
6750.84,1246.49,0,1,0,1,0,4,1,1,0,0,1,0,0,0,0,0,1,0,0,0,0,0,1
2902.25,3637.23,0,1,0,1,1,5,5,1,0,0,1,0,0,0,1,0,0,0,0,0,1,0,0
8697.87,3788.68,0,1,0,0,0,1,4,1,0,0,1,0,0,0,0,0,1,0,0,1,0,0,0
7476.03,2073.31,0,1,0,0,0,13,5,1,0,0,0,0,1,0,0,1,0,0,0,0,1,0,0
4244.95,3606.38,0,1,0,1,0,18,6,1,0,0,0,1,0,1,0,0,0,0,1,0,0,0,0
7105.58,1234.04,0,1,0,1,0,18,3,1,0,0,0,1,0,0,0,0,1,1,0,0,0,0,0
8677.02,1126.13,1,1,0,1,0,7,2,1,0,0,1,0,0,0,0,1,0,0,0,0,0,1,0
9756.55,2632.03,0,1,0,1,0,1,2,1,0,0,0,1,0,0,1,0,0,0,0,0,0,1,0
9523.56,2937.77,0,1,0,1,0,14,1,1,0,0,1,0,0,0,0,0,1,0,0,0,0,0,1
3253.95,1074.44,0,1,0,1,0,1,1,1,0,0,1,0,0,0,0,1,0,0,0,0,0,0,1
4217.52,3359.66,0,1,0,0,1,1,5,1,0,0,0,0,1,0,0,1,0,0,0,0,1,0,0
1096.26,4331.02,0,1,0,1,0,7,1,1,0,0,1,0,0,0,0,0,1,0,0,0,0,0,1
2476.2,2642.04,0,0,0,0,0,12,5,1,0,0,1,0,0,1,0,0,0,0,0,0,1,0,0
8824.33,3988.2,0,1,0,1,0,17,3,1,0,0,0,0,1,0,0,1,0,1,0,0,0,0,0
3609.14,1604.5,1,1,0,0,0,4,5,1,0,0,0,0,1,0,0,0,1,0,0,0,1,0,0
6205.91,3118.34,0,1,0,1,0,14,2,1,0,0,0,1,0,0,1,0,0,0,0,0,0,1,0
6659.99,4156.62,0,0,0,1,0,9,3,1,0,0,0,0,1,0,0,0,1,1,0,0,0,0,0
7818.51,3728.16,0,1,0,1,0,9,1,1,0,0,1,0,0,0,0,0,1,0,0,0,0,0,1
1828.82,4118.61,0,1,0,1,1,21,2,1,0,0,0,0,1,0,0,1,0,0,0,0,0,1,0
3048.83,3884.54,0,0,0,1,0,5,5,1,0,0,0,0,1,0,1,0,0,0,0,0,1,0,0
4483.92,1484.11,0,1,0,0,0,11,3,1,0,0,0,1,0,1,0,0,0,1,0,0,0,0,0
3649.05,1410.67,0,1,0,1,1,20,6,1,0,0,0,0,1,0,0,0,1,0,1,0,0,0,0
9829.07,4902.17,0,1,0,1,1,14,2,1,0,0,1,0,0,0,1,0,0,0,0,0,0,1,0
8349.57,2929.23,0,1,0,0,0,2,5,1,0,0,1,0,0,0,1,0,0,0,0,0,1,0,0
4797.39,3929.58,0,1,0,1,1,3,5,1,0,0,1,0,0,0,0,0,1,0,0,0,1,0,0
8792.81,3726.14,0,1,0,1,0,19,5,1,0,0,0,0,1,0,0,1,0,0,0,0,1,0,0
3477.18,1177.18,0,1,0,1,0,22,1,1,0,0,0,0,1,1,0,0,0,0,0,0,0,0,1
7858.5,2986.59,0,1,0,1,0,18,4,1,0,0,1,0,0,0,0,1,0,0,0,1,0,0,0
2237.53,3085.49,0,0,0,0,1,6,2,1,0,0,0,0,1,1,0,0,0,0,0,0,0,1,0
7723.45,4234.36,1,1,0,1,0,17,3,1,0,0,0,1,0,0,1,0,0,1,0,0,0,0,0
4565.08,4848.72,0,1,0,0,0,10,6,1,0,0,0,1,0,0,1,0,0,0,1,0,0,0,0
1075.89,2157.72,0,1,0,0,0,23,6,1,0,0,0,1,0,0,0,1,0,0,1,0,0,0,0
2733.35,1235.4,1,1,0,1,0,5,6,1,0,0,0,1,0,1,0,0,0,0,1,0,0,0,0
4023.34,2901.22,0,0,1,1,0,7,4,1,0,0,1,0,0,0,0,0,1,0,0,1,0,0,0
7493.18,1119.39,0,1,1,0,0,17,6,1,0,0,0,0,1,0,0,1,0,0,1,0,0,0,0
730.75,2541.68,0,1,0,0,0,22,4,1,0,0,0,1,0,1,0,0,0,0,0,1,0,0,0
6595.81,2093.04,0,1,0,1,1,5,2,1,0,0,1,0,0,0,0,0,1,0,0,0,0,1,0
7160.42,1971.9,0,1,0,1,0,6,1,1,0,0,0,1,0,0,0,0,1,0,0,0,0,0,1
6539.56,1006.44,0,1,0,1,0,14,3,1,0,0,0,0,1,1,0,0,0,1,0,0,0,0,0
7606.94,2002.51,0,0,0,1,1,2,4,1,0,0,0,1,0,0,1,0,0,0,0,1,0,0,0
1782.51,2279.67,0,1,0,0,0,22,2,1,0,0,0,1,0,0,0,1,0,0,0,0,0,1,0
5871.45,4644.15,0,1,0,1,0,18,3,1,0,0,0,1,0,0,0,0,1,1,0,0,0,0,0
9411.51,1353.03,0,1,0,1,0,13,3,1,0,0,0,1,0,0,1,0,0,1,0,0,0,0,0
6108.23,4067.96,0,1,0,1,0,8,1,1,0,0,0,0,1,1,0,0,0,0,0,0,0,0,1
6113.75,3899.45,0,0,1,1,0,6,3,1,0,0,1,0,0,0,0,1,0,1,0,0,0,0,0
7364.66,2305.01,0,1,1,1,0,1,4,1,0,0,0,1,0,0,0,0,1,0,0,1,0,0,0
3332.71,4627.93,0,1,0,1,1,13,2,1,0,0,1,0,0,0,1,0,0,0,0,0,0,1,0
7005.06,3621.24,0,0,0,1,0,9,4,1,0,0,0,0,1,1,0,0,0,0,0,1,0,0,0
9162.42,1387.99,1,0,0,1,0,6,4,1,0,0,0,0,1,0,1,0,0,0,0,1,0,0,0
109.94,1816.05,0,1,0,1,0,22,1,1,0,0,0,1,0,0,0,0,1,0,0,0,0,0,1
8701.26,2604.53,0,1,0,1,0,14,1,1,0,0,1,0,0,0,0,1,0,0,0,0,0,0,1
2186.96,4869.18,0,0,0,0,0,16,5,1,0,0,0,1,0,0,0,1,0,0,0,0,1,0,0
4559.78,2057.69,0,1,0,1,1,20,5,1,0,0,0,0,1,0,0,0,1,0,0,0,1,0,0
8523.63,2712.86,0,1,0,0,0,15,2,1,0,0,0,1,0,0,0,1,0,0,0,0,0,1,0
8239.3,3242.69,0,1,0,1,0,13,1,1,0,0,0,1,0,0,0,1,0,0,0,0,0,0,1
8919.38,2422.07,1,1,0,1,1,19,6,1,0,0,1,0,0,0,1,0,0,0,1,0,0,0,0
9404.23,3803.9,0,1,0,0,0,21,4,1,0,0,0,0,1,1,0,0,0,0,0,1,0,0,0
4472.12,3643.57,0,0,0,1,0,14,6,1,0,0,0,1,0,0,0,0,1,0,1,0,0,0,0
6563.98,1241.63,0,0,0,0,0,20,5,1,0,0,0,1,0,0,0,0,1,0,0,0,1,0,0
3905.39,2714.99,0,1,0,1,1,22,6,1,0,0,0,1,0,0,1,0,0,0,1,0,0,0,0
3507.82,4124.33,0,1,0,0,0,11,3,1,0,0,1,0,0,0,1,0,0,1,0,0,0,0,0
4316.52,3559.65,0,0,0,1,0,5,6,1,0,0,0,0,1,1,0,0,0,0,1,0,0,0,0
7431.02,2840.75,0,1,0,1,0,19,2,1,0,0,0,1,0,0,0,1,0,0,0,0,0,1,0
5014.91,3919.48,0,1,0,1,0,22,4,1,0,0,0,1,0,0,0,0,1,0,0,1,0,0,0
8140.78,3681.95,0,1,0,0,1,18,6,1,0,0,0,1,0,0,0,0,1,0,1,0,0,0,0
7452.44,4350.44,0,1,0,1,0,4,3,1,0,0,0,0,1,1,0,0,0,1,0,0,0,0,0
205.76,1203.98,0,1,0,1,0,6,1,1,0,0,1,0,0,0,1,0,0,0,0,0,0,0,1
6302.75,3141.12,0,1,0,0,1,22,5,1,0,0,1,0,0,0,1,0,0,0,0,0,1,0,0
4366.27,3641.29,0,1,0,0,0,18,4,1,0,0,0,1,0,0,0,1,0,0,0,1,0,0,0
4566.83,3701.76,0,0,0,1,0,19,6,1,0,0,0,1,0,1,0,0,0,0,1,0,0,0,0
8183.91,4689.75,0,1,0,1,0,8,6,1,0,0,1,0,0,0,0,0,1,0,1,0,0,0,0
5476.53,2646.47,0,1,0,1,0,16,1,1,0,0,1,0,0,0,0,1,0,0,0,0,0,0,1
8856.33,4180.46,0,1,0,1,0,15,6,1,0,0,1,0,0,0,0,1,0,0,1,0,0,0,0
7128.34,4144.14,0,1,0,1,0,1,5,1,0,0,0,1,0,1,0,0,0,0,0,0,1,0,0
5528.85,2075.45,0,1,0,1,0,11,4,1,0,0,0,1,0,0,0,1,0,0,0,1,0,0,0
7545.63,2073.19,1,1,0,0,1,16,4,1,0,0,1,0,0,0,0,0,1,0,0,1,0,0,0
384.45,4771.38,0,1,0,1,0,11,2,1,0,0,1,0,0,0,0,0,1,0,0,0,0,1,0
271.81,2297.61,0,0,0,0,0,14,2,1,0,0,0,0,1,0,0,0,1,0,0,0,0,1,0
834.41,2657.61,0,1,0,0,1,11,4,1,0,0,0,1,0,0,1,0,0,0,0,1,0,0,0
4376.22,3415.81,0,0,0,0,0,7,5,1,0,0,0,0,1,0,0,1,0,0,0,0,1,0,0
2355.27,2266.28,0,1,0,1,0,12,1,1,0,0,1,0,0,0,0,1,0,0,0,0,0,0,1
9842.63,3647.2,0,0,0,1,0,11,6,1,0,0,0,1,0,0,0,0,1,0,1,0,0,0,0
5423.36,2157.77,0,1,0,1,0,20,3,1,0,0,0,1,0,0,1,0,0,1,0,0,0,0,0
6624.5,3109.32,0,1,0,1,1,23,3,1,0,0,0,0,1,1,0,0,0,1,0,0,0,0,0
2788.92,3238.35,0,1,0,1,0,23,5,1,0,0,0,0,1,0,0,0,1,0,0,0,1,0,0
3218.65,4202.26,0,1,0,1,1,2,6,1,0,0,0,0,1,1,0,0,0,0,1,0,0,0,0
3355.28,4440.28,0,1,0,1,1,13,4,1,0,0,0,0,1,0,0,0,1,0,0,1,0,0,0
6987.66,3726.38,0,1,0,0,1,14,2,1,0,0,0,1,0,1,0,0,0,0,0,0,0,1,0
4737.59,2080.05,0,0,0,1,0,2,3,1,0,0,1,0,0,0,1,0,0,1,0,0,0,0,0
5177.32,2855.43,0,1,1,1,0,2,4,1,0,0,1,0,0,1,0,0,0,0,0,1,0,0,0
5920.44,3251.39,0,1,0,0,0,16,1,1,0,0,1,0,0,0,0,1,0,0,0,0,0,0,1
7688.35,2191.31,0,1,0,0,0,2,5,1,0,0,0,0,1,1,0,0,0,0,0,0,1,0,0
904.61,4760.0,0,1,0,0,0,14,3,1,0,0,1,0,0,0,1,0,0,1,0,0,0,0,0
7768.96,1434.5,1,1,0,1,0,22,2,1,0,0,0,0,1,0,0,1,0,0,0,0,0,1,0
5632.79,4333.82,0,1,0,1,0,0,3,1,0,0,0,0,1,0,0,0,1,1,0,0,0,0,0
6691.29,2705.67,0,1,0,1,0,8,3,1,0,0,1,0,0,1,0,0,0,1,0,0,0,0,0
3276.19,4782.04,1,1,0,1,1,16,2,1,0,0,1,0,0,0,1,0,0,0,0,0,0,1,0
4094.46,3130.17,0,1,0,0,0,21,5,1,0,0,1,0,0,0,1,0,0,0,0,0,1,0,0
2312.43,3918.84,0,0,0,1,0,9,2,1,0,0,0,1,0,1,0,0,0,0,0,0,0,1,0
9793.02,3937.93,0,0,0,1,0,7,2,1,0,0,0,0,1,0,1,0,0,0,0,0,0,1,0
4970.53,3792.01,0,0,0,0,0,4,6,1,0,0,0,1,0,0,0,0,1,0,1,0,0,0,0
9960.77,1197.51,0,0,0,0,1,7,6,1,0,0,1,0,0,0,1,0,0,0,1,0,0,0,0
4898.37,3488.69,0,1,0,1,1,6,5,1,0,0,0,1,0,0,0,0,1,0,0,0,1,0,0
2198.29,4579.24,0,0,0,0,0,3,1,1,0,0,0,1,0,1,0,0,0,0,0,0,0,0,1
5075.02,4374.03,0,1,0,1,0,0,3,1,0,0,1,0,0,0,1,0,0,1,0,0,0,0,0
396.92,4659.79,0,1,0,1,0,0,3,1,0,0,1,0,0,1,0,0,0,1,0,0,0,0,0
9047.79,2777.55,0,0,0,0,1,19,5,1,0,0,0,0,1,0,0,1,0,0,0,0,1,0,0
8185.68,2818.4,0,0,0,0,0,16,3,1,0,0,0,0,1,0,0,1,0,1,0,0,0,0,0
7258.48,4232.75,0,1,0,0,0,23,3,1,0,0,0,1,0,1,0,0,0,1,0,0,0,0,0
6098.66,2213.88,0,1,0,1,0,23,1,1,0,0,1,0,0,1,0,0,0,0,0,0,0,0,1
5798.76,4060.3,0,1,0,1,0,22,6,1,0,0,0,0,1,0,0,0,1,0,1,0,0,0,0
9967.29,3017.6,0,0,0,1,1,16,3,1,0,0,0,0,1,0,0,0,1,1,0,0,0,0,0
2780.7,2057.32,0,1,0,1,1,8,5,1,0,0,0,1,0,0,0,1,0,0,0,0,1,0,0
7797.06,3574.73,0,1,0,1,0,0,3,1,0,0,0,1,0,0,1,0,0,1,0,0,0,0,0
5814.47,2183.18,1,1,0,1,0,1,3,1,0,0,0,1,0,0,0,1,0,1,0,0,0,0,0
9758.83,3687.11,0,0,1,0,1,21,5,1,0,0,1,0,0,0,1,0,0,0,0,0,1,0,0
8278.2,3277.23,0,1,0,1,0,20,1,1,0,0,0,0,1,0,0,0,1,0,0,0,0,0,1
9985.25,3888.78,0,1,0,0,0,17,1,1,0,0,0,0,1,0,0,0,1,0,0,0,0,0,1
5883.66,3396.24,0,1,0,1,0,1,4,1,0,0,0,0,1,0,0,0,1,0,0,1,0,0,0
2046.24,4033.14,0,1,0,1,1,13,6,1,0,0,0,1,0,0,1,0,0,0,1,0,0,0,0
5037.37,4984.84,0,1,0,1,0,6,4,1,0,0,1,0,0,0,0,0,1,0,0,1,0,0,0
7111.4,2871.07,0,1,0,1,0,14,4,1,0,0,0,1,0,0,1,0,0,0,0,1,0,0,0
7743.83,3393.0,0,1,0,1,0,13,3,1,0,0,0,1,0,0,1,0,0,1,0,0,0,0,0
6.1,1407.56,0,1,0,1,0,9,3,1,0,0,1,0,0,0,1,0,0,1,0,0,0,0,0
5050.77,4801.64,0,1,0,0,1,15,5,1,0,0,1,0,0,0,1,0,0,0,0,0,1,0,0
2353.11,3385.35,0,0,1,0,0,9,2,1,0,0,0,1,0,0,0,0,1,0,0,0,0,1,0
8749.24,1411.21,0,1,1,0,0,19,2,1,0,0,1,0,0,0,0,0,1,0,0,0,0,1,0
1529.9,2600.05,0,1,0,1,1,10,5,1,0,0,0,1,0,0,0,1,0,0,0,0,1,0,0
6664.9,1325.17,0,1,0,0,0,5,2,1,0,0,0,0,1,0,0,0,1,0,0,0,0,1,0
2661.36,2988.8,1,1,0,0,0,3,1,1,0,0,1,0,0,0,1,0,0,0,0,0,0,0,1
3566.06,2108.21,0,0,0,1,0,4,5,1,0,0,0,0,1,1,0,0,0,0,0,0,1,0,0
9405.65,2361.12,0,1,0,1,0,17,4,1,0,0,1,0,0,0,1,0,0,0,0,1,0,0,0
2405.24,1276.31,0,1,1,1,0,18,3,1,0,0,0,1,0,1,0,0,0,1,0,0,0,0,0
950.93,4049.63,0,1,0,1,0,19,5,1,0,0,0,1,0,0,1,0,0,0,0,0,1,0,0
693.78,4364.51,0,0,0,0,0,20,4,1,0,0,0,1,0,1,0,0,0,0,0,1,0,0,0
5046.65,1560.54,0,0,0,0,0,11,1,1,0,0,0,1,0,1,0,0,0,0,0,0,0,0,1
6417.47,4002.61,0,1,0,0,1,17,5,1,0,0,0,1,0,0,0,1,0,0,0,0,1,0,0
3273.61,1514.28,0,1,0,1,0,10,6,1,0,0,0,1,0,1,0,0,0,0,1,0,0,0,0
6902.91,1342.17,0,1,0,1,0,0,2,1,0,0,1,0,0,0,0,1,0,0,0,0,0,1,0
611.28,1456.37,0,0,0,1,0,10,3,1,0,0,1,0,0,0,1,0,0,1,0,0,0,0,0
8573.49,1127.14,0,1,0,1,0,6,3,1,0,0,0,0,1,0,1,0,0,1,0,0,0,0,0
8165.86,2504.3,0,1,0,0,0,19,5,1,0,0,1,0,0,1,0,0,0,0,0,0,1,0,0
9854.98,4811.69,0,1,0,0,0,21,2,1,0,0,1,0,0,0,1,0,0,0,0,0,0,1,0
9365.11,4597.02,0,1,0,1,0,13,3,1,0,0,0,0,1,0,0,0,1,1,0,0,0,0,0
3562.62,2327.63,0,0,0,1,0,15,2,1,0,0,0,0,1,0,0,0,1,0,0,0,0,1,0
3993.35,4178.59,0,0,1,1,0,14,3,1,0,0,0,1,0,0,0,0,1,1,0,0,0,0,0
7459.9,4298.34,0,1,0,1,0,2,3,1,0,0,0,0,1,0,1,0,0,1,0,0,0,0,0
1341.69,1608.23,0,1,0,1,0,10,1,1,0,0,0,0,1,0,0,0,1,0,0,0,0,0,1
3140.83,1917.82,1,1,0,1,0,22,1,1,0,0,1,0,0,0,0,1,0,0,0,0,0,0,1
1186.29,3761.98,0,1,0,0,1,12,5,1,0,0,0,1,0,0,1,0,0,0,0,0,1,0,0
4549.41,2056.12,0,1,0,1,0,21,1,1,0,0,0,0,1,0,0,0,1,0,0,0,0,0,1
5520.49,4752.61,1,1,0,1,1,17,3,1,0,0,0,1,0,0,1,0,0,1,0,0,0,0,0
2112.39,1922.85,0,1,0,0,0,20,1,1,0,0,0,1,0,0,0,0,1,0,0,0,0,0,1
267.29,4196.58,0,1,0,1,1,8,1,1,0,0,0,0,1,0,0,1,0,0,0,0,0,0,1
7193.84,4032.4,0,1,0,1,0,8,3,1,0,0,0,0,1,1,0,0,0,1,0,0,0,0,0
201.03,3015.03,0,1,0,1,0,9,2,1,0,0,0,0,1,0,0,1,0,0,0,0,0,1,0
9734.05,2053.1,0,1,0,1,0,21,6,1,0,0,0,0,1,1,0,0,0,0,1,0,0,0,0
2216.85,1135.44,0,1,0,0,0,16,3,1,0,0,0,1,0,0,0,0,1,1,0,0,0,0,0
6639.34,4313.53,0,1,0,1,0,11,2,1,0,0,1,0,0,0,0,1,0,0,0,0,0,1,0
4348.08,2511.02,0,0,0,1,0,9,1,1,0,0,0,1,0,1,0,0,0,0,0,0,0,0,1
597.68,2360.44,0,1,0,0,0,21,3,1,0,0,0,1,0,0,0,1,0,1,0,0,0,0,0
4722.36,1177.97,0,0,0,1,0,6,2,1,0,0,0,1,0,0,1,0,0,0,0,0,0,1,0
5168.09,1605.32,0,0,0,0,0,5,2,1,0,0,0,0,1,1,0,0,0,0,0,0,0,1,0
8546.98,2471.66,0,1,0,0,0,4,6,1,0,0,0,0,1,0,0,0,1,0,1,0,0,0,0
7323.76,3763.32,0,0,0,0,0,23,5,1,0,0,1,0,0,0,1,0,0,0,0,0,1,0,0
793.95,1829.31,0,1,0,0,0,14,2,1,0,0,1,0,0,0,0,0,1,0,0,0,0,1,0
2092.42,1654.44,0,1,1,0,0,21,2,1,0,0,1,0,0,0,0,0,1,0,0,0,0,1,0
3119.56,2049.19,0,1,0,1,0,10,4,1,0,0,0,1,0,0,1,0,0,0,0,1,0,0,0
1164.96,2133.73,0,0,0,0,0,1,5,1,0,0,1,0,0,1,0,0,0,0,0,0,1,0,0
4569.53,2639.93,0,1,0,1,0,19,4,1,0,0,0,1,0,0,1,0,0,0,0,1,0,0,0
9843.11,2443.74,0,1,0,0,0,17,3,1,0,0,0,0,1,0,0,0,1,1,0,0,0,0,0
5146.61,1295.69,0,1,0,1,0,23,4,1,0,0,0,1,0,0,0,1,0,0,0,1,0,0,0
7419.08,3471.65,0,1,0,0,1,6,3,1,0,0,0,0,1,1,0,0,0,1,0,0,0,0,0
6829.7,1521.85,0,1,0,1,0,8,6,1,0,0,0,0,1,0,0,1,0,0,1,0,0,0,0
8499.26,4473.72,0,0,0,1,0,19,6,1,0,0,1,0,0,1,0,0,0,0,1,0,0,0,0
2158.02,4438.06,0,1,0,0,0,0,4,1,0,0,0,0,1,1,0,0,0,0,0,1,0,0,0
7538.51,1289.55,0,1,0,1,0,11,2,1,0,0,1,0,0,0,0,1,0,0,0,0,0,1,0
8813.67,2652.4,0,1,0,0,0,6,3,1,0,0,1,0,0,0,0,0,1,1,0,0,0,0,0
1715.93,2907.53,0,0,0,0,0,7,1,1,0,0,1,0,0,0,1,0,0,0,0,0,0,0,1
3468.68,4983.47,0,1,0,1,0,20,3,1,0,0,0,1,0,0,0,1,0,1,0,0,0,0,0
9701.05,2005.04,0,1,0,1,1,21,6,1,0,0,1,0,0,0,0,0,1,0,1,0,0,0,0
7808.1,3543.8,0,1,0,1,0,4,1,1,0,0,1,0,0,0,0,1,0,0,0,0,0,0,1
2826.63,2828.35,0,1,0,1,0,15,6,1,0,0,0,0,1,0,1,0,0,0,1,0,0,0,0
5639.85,4074.37,0,1,0,0,0,5,4,1,0,0,0,1,0,0,1,0,0,0,0,1,0,0,0
4043.86,1993.75,0,1,0,0,0,23,4,1,0,0,1,0,0,1,0,0,0,0,0,1,0,0,0
4900.16,3723.68,0,1,0,0,0,13,1,1,0,0,1,0,0,0,0,1,0,0,0,0,0,0,1
3552.31,1519.57,0,0,0,1,0,0,6,1,0,0,1,0,0,0,0,1,0,0,1,0,0,0,0
2794.03,1060.51,0,1,0,1,1,22,4,1,0,0,0,0,1,1,0,0,0,0,0,1,0,0,0
6747.96,1072.89,1,1,0,0,0,18,1,1,0,0,0,0,1,0,0,0,1,0,0,0,0,0,1
7785.64,2970.76,0,1,0,1,1,4,1,1,0,0,0,0,1,0,0,0,1,0,0,0,0,0,1
8739.7,4082.93,0,1,0,1,0,1,2,1,0,0,1,0,0,1,0,0,0,0,0,0,0,1,0
1554.14,3310.51,0,1,0,1,0,21,2,1,0,0,1,0,0,0,0,0,1,0,0,0,0,1,0
8228.73,1145.29,1,0,0,1,0,11,1,1,0,0,1,0,0,0,0,0,1,0,0,0,0,0,1
2548.75,3208.31,0,1,0,1,0,7,4,1,0,0,1,0,0,0,0,0,1,0,0,1,0,0,0
4273.94,1453.02,0,1,0,0,0,1,2,1,0,0,1,0,0,1,0,0,0,0,0,0,0,1,0
9014.54,4861.59,0,0,0,1,0,16,1,1,0,0,0,0,1,0,1,0,0,0,0,0,0,0,1
4545.58,2410.29,0,1,0,0,0,9,3,1,0,0,1,0,0,1,0,0,0,1,0,0,0,0,0
1971.44,3013.66,0,0,0,1,1,19,2,1,0,0,0,1,0,0,0,1,0,0,0,0,0,1,0
1599.53,2354.96,0,1,0,0,0,20,3,1,0,0,1,0,0,0,0,1,0,1,0,0,0,0,0
4730.36,2868.37,0,0,0,0,0,18,6,1,0,0,0,0,1,0,0,1,0,0,1,0,0,0,0
7626.96,4833.84,0,1,0,0,0,5,6,1,0,0,1,0,0,0,0,0,1,0,1,0,0,0,0
9972.05,2042.11,0,1,0,1,0,2,4,1,0,0,0,1,0,0,0,1,0,0,0,1,0,0,0
7874.3,3872.33,0,1,0,1,1,12,3,1,0,0,1,0,0,0,0,0,1,1,0,0,0,0,0
8770.24,4021.15,0,1,1,1,0,16,6,1,0,0,0,1,0,0,0,0,1,0,1,0,0,0,0
7478.58,1762.44,0,1,0,1,0,4,1,1,0,0,0,1,0,0,0,0,1,0,0,0,0,0,1
8954.46,3916.59,0,1,0,1,0,8,5,1,0,0,0,0,1,0,0,1,0,0,0,0,1,0,0
763.86,3591.98,0,1,0,1,0,1,1,1,0,0,0,1,0,0,0,1,0,0,0,0,0,0,1
9299.39,2164.17,0,0,0,0,0,18,4,1,0,0,1,0,0,0,0,1,0,0,0,1,0,0,0
3964.67,3090.75,0,1,0,1,0,23,3,1,0,0,0,1,0,0,0,0,1,1,0,0,0,0,0
9216.22,3359.93,1,1,1,1,0,2,2,1,0,0,1,0,0,0,0,0,1,0,0,0,0,1,0
758.25,4346.22,0,1,0,1,0,11,5,1,0,0,1,0,0,0,1,0,0,0,0,0,1,0,0
7152.71,1499.31,0,1,0,0,1,22,5,1,0,0,1,0,0,0,1,0,0,0,0,0,1,0,0
7357.15,4887.9,0,0,0,1,1,13,6,1,0,0,1,0,0,1,0,0,0,0,1,0,0,0,0
9969.11,4076.63,0,1,0,0,1,9,4,1,0,0,0,0,1,1,0,0,0,0,0,1,0,0,0
7688.78,3139.9,0,0,0,1,0,11,2,1,0,0,1,0,0,0,0,0,1,0,0,0,0,1,0
3826.35,4104.91,1,1,0,0,0,15,3,1,0,0,0,0,1,1,0,0,0,1,0,0,0,0,0
5572.93,3932.64,1,1,0,0,1,16,4,1,0,0,0,1,0,0,1,0,0,0,0,1,0,0,0
3666.14,2840.52,0,1,0,0,1,5,3,1,0,0,1,0,0,0,1,0,0,1,0,0,0,0,0
1960.99,2344.21,0,0,0,1,1,6,2,1,0,0,0,1,0,0,0,0,1,0,0,0,0,1,0
2485.77,4954.41,0,0,0,1,0,21,5,1,0,0,0,0,1,1,0,0,0,0,0,0,1,0,0
2220.88,4537.53,0,1,0,0,0,3,6,1,0,0,1,0,0,0,0,0,1,0,1,0,0,0,0
5488.6,4803.68,0,1,0,1,0,6,6,1,0,0,1,0,0,1,0,0,0,0,1,0,0,0,0
9061.7,1193.89,0,1,0,1,1,11,4,1,0,0,0,0,1,0,0,0,1,0,0,1,0,0,0
9127.35,4260.9,0,1,0,1,0,18,5,1,0,0,0,1,0,0,1,0,0,0,0,0,1,0,0
548.58,4564.91,0,1,0,0,0,10,4,1,0,0,0,0,1,0,0,1,0,0,0,1,0,0,0
799.91,2907.57,0,0,0,1,0,21,1,1,0,0,0,1,0,1,0,0,0,0,0,0,0,0,1
2451.95,4563.74,0,0,0,0,0,8,1,1,0,0,0,1,0,0,0,0,1,0,0,0,0,0,1
2551.34,1403.51,0,0,0,0,0,14,6,1,0,0,0,1,0,0,1,0,0,0,1,0,0,0,0
949.8,1241.9,0,1,0,1,0,23,2,1,0,0,1,0,0,0,1,0,0,0,0,0,0,1,0
3885.24,2166.23,0,1,0,1,0,15,4,1,0,0,0,0,1,0,1,0,0,0,0,1,0,0,0
5877.67,1104.97,0,0,0,1,0,3,1,1,0,0,1,0,0,0,0,1,0,0,0,0,0,0,1
5782.04,3735.96,0,1,0,1,0,7,5,1,0,0,0,0,1,0,0,0,1,0,0,0,1,0,0
5434.75,4707.88,0,1,0,1,1,7,2,1,0,0,0,1,0,0,0,1,0,0,0,0,0,1,0
3387.38,2180.23,0,1,0,1,0,6,2,1,0,0,1,0,0,0,0,0,1,0,0,0,0,1,0
7064.85,3638.42,0,1,0,1,0,8,3,1,0,0,1,0,0,0,1,0,0,1,0,0,0,0,0
8265.01,2872.19,0,1,0,1,0,17,5,1,0,0,1,0,0,0,0,0,1,0,0,0,1,0,0
3463.4,2020.23,0,1,0,0,0,5,4,1,0,0,0,1,0,0,1,0,0,0,0,1,0,0,0
856.27,4674.25,0,0,1,1,0,8,1,1,0,0,0,0,1,0,0,0,1,0,0,0,0,0,1
2964.01,4831.65,0,1,0,1,0,15,1,1,0,0,0,1,0,1,0,0,0,0,0,0,0,0,1
1374.55,1539.02,1,1,0,1,0,16,5,1,0,0,1,0,0,0,0,1,0,0,0,0,1,0,0
4674.12,4067.89,0,1,0,1,0,17,3,1,0,0,1,0,0,0,0,1,0,1,0,0,0,0,0
1560.2,1755.27,1,1,0,0,1,18,1,1,0,0,0,1,0,0,0,1,0,0,0,0,0,0,1
4628.98,2952.89,0,1,0,1,0,11,5,1,0,0,1,0,0,1,0,0,0,0,0,0,1,0,0
2210.81,2443.94,0,1,0,1,0,8,5,1,0,0,1,0,0,1,0,0,0,0,0,0,1,0,0
7387.57,1975.95,0,1,0,1,0,8,2,1,0,0,0,0,1,0,1,0,0,0,0,0,0,1,0
276.65,3703.24,0,1,0,1,0,20,1,1,0,0,0,0,1,0,1,0,0,0,0,0,0,0,1
5547.91,4421.58,0,1,0,0,1,18,4,1,0,0,0,0,1,0,0,1,0,0,0,1,0,0,0
1695.71,4124.68,0,1,0,0,0,8,6,1,0,0,0,0,1,1,0,0,0,0,1,0,0,0,0
10.92,3889.13,0,1,0,1,1,8,3,1,0,0,0,0,1,1,0,0,0,1,0,0,0,0,0
8692.13,1265.03,0,1,0,1,0,3,4,1,0,0,0,0,1,0,0,1,0,0,0,1,0,0,0
6715.61,1389.71,0,1,0,1,0,8,6,1,0,0,1,0,0,0,0,0,1,0,1,0,0,0,0
990.33,2859.32,0,0,0,1,0,10,4,1,0,0,1,0,0,0,1,0,0,0,0,1,0,0,0
6641.06,3223.05,0,1,0,1,0,13,2,1,0,0,0,0,1,0,1,0,0,0,0,0,0,1,0
6116.86,3893.55,0,1,0,1,1,17,5,1,0,0,0,1,0,0,0,0,1,0,0,0,1,0,0
4734.09,2423.42,0,1,0,1,0,10,2,1,0,0,0,0,1,0,0,1,0,0,0,0,0,1,0
4193.16,1091.7,1,1,0,0,1,16,4,1,0,0,1,0,0,1,0,0,0,0,0,1,0,0,0
8870.81,1144.41,0,1,0,1,0,21,2,1,0,0,0,1,0,0,1,0,0,0,0,0,0,1,0
2452.24,4419.32,0,1,0,1,0,23,6,1,0,0,0,1,0,1,0,0,0,0,1,0,0,0,0
3983.7,1514.21,0,1,0,1,0,21,4,1,0,0,0,1,0,0,0,1,0,0,0,1,0,0,0
3291.83,4747.58,0,1,0,1,0,18,6,1,0,0,1,0,0,0,0,1,0,0,1,0,0,0,0
7712.24,2330.51,0,1,0,1,0,17,6,1,0,0,0,1,0,0,1,0,0,0,1,0,0,0,0
9164.74,3334.61,1,1,0,1,0,13,4,1,0,0,1,0,0,0,0,1,0,0,0,1,0,0,0
8497.97,1674.47,0,1,0,0,0,18,6,1,0,0,1,0,0,0,0,1,0,0,1,0,0,0,0
7977.24,2816.15,1,1,0,1,0,20,1,1,0,0,0,0,1,1,0,0,0,0,0,0,0,0,1
9867.91,4503.24,0,1,0,0,1,15,3,1,0,0,1,0,0,0,0,0,1,1,0,0,0,0,0
6971.75,4936.53,0,1,0,0,0,14,5,1,0,0,0,1,0,0,0,1,0,0,0,0,1,0,0
7510.79,4066.17,0,1,0,1,0,21,3,1,0,0,1,0,0,0,1,0,0,1,0,0,0,0,0
9828.04,4058.47,0,0,0,1,0,18,5,1,0,0,1,0,0,0,1,0,0,0,0,0,1,0,0
70.9,4541.25,0,1,0,0,0,10,2,1,0,0,0,0,1,1,0,0,0,0,0,0,0,1,0
6340.85,1979.57,0,1,0,1,0,4,3,1,0,0,0,0,1,0,0,1,0,1,0,0,0,0,0
7389.98,3945.07,0,1,0,1,1,22,6,1,0,0,1,0,0,0,0,0,1,0,1,0,0,0,0
9178.35,3233.35,0,1,0,0,0,23,3,1,0,0,1,0,0,0,0,1,0,1,0,0,0,0,0
8838.56,2046.73,1,1,0,1,0,3,4,1,0,0,1,0,0,0,1,0,0,0,0,1,0,0,0
8419.76,1221.89,0,1,0,0,0,20,6,1,0,0,0,0,1,1,0,0,0,0,1,0,0,0,0
9457.97,1803.28,0,0,0,1,1,15,4,1,0,0,0,0,1,0,0,1,0,0,0,1,0,0,0
5374.25,3600.76,1,1,1,0,0,3,5,1,0,0,0,1,0,0,0,0,1,0,0,0,1,0,0
70.19,3279.39,0,1,0,1,0,12,2,1,0,0,0,1,0,1,0,0,0,0,0,0,0,1,0
111.53,1277.08,0,1,0,1,0,0,3,1,0,0,0,1,0,1,0,0,0,1,0,0,0,0,0
5446.85,3249.25,0,1,1,1,0,2,2,1,0,0,0,1,0,0,1,0,0,0,0,0,0,1,0
4353.29,2562.6,0,0,0,1,0,6,6,1,0,0,0,0,1,0,1,0,0,0,1,0,0,0,0
4513.0,1059.73,0,1,0,0,0,20,6,1,0,0,0,0,1,0,0,0,1,0,1,0,0,0,0
4004.65,4637.97,0,1,0,0,1,11,1,1,0,0,1,0,0,0,1,0,0,0,0,0,0,0,1
9177.34,2033.5,0,1,0,1,0,14,4,1,0,0,0,1,0,0,0,1,0,0,0,1,0,0,0
3592.34,3213.58,0,1,0,1,0,3,4,1,0,0,1,0,0,0,0,1,0,0,0,1,0,0,0
8562.41,3356.58,0,1,0,0,1,19,4,1,0,0,1,0,0,1,0,0,0,0,0,1,0,0,0
9028.75,2995.24,0,1,0,1,0,7,1,1,0,0,0,0,1,0,0,0,1,0,0,0,0,0,1
4995.52,1958.33,0,0,0,0,1,8,4,1,0,0,1,0,0,0,1,0,0,0,0,1,0,0,0
4469.93,2629.47,0,0,0,1,1,0,4,1,0,0,1,0,0,1,0,0,0,0,0,1,0,0,0
7610.45,2161.32,0,0,0,1,0,16,3,1,0,0,0,0,1,1,0,0,0,1,0,0,0,0,0
7080.01,2734.23,0,0,0,1,0,21,6,1,0,0,0,0,1,0,0,0,1,0,1,0,0,0,0
3286.02,1330.64,0,1,0,1,0,1,5,1,0,0,0,0,1,0,1,0,0,0,0,0,1,0,0
1026.38,1663.79,1,1,0,1,0,15,3,1,0,0,0,0,1,0,0,0,1,1,0,0,0,0,0
2649.26,1550.07,0,1,0,1,0,10,2,1,0,0,0,1,0,0,0,0,1,0,0,0,0,1,0
1311.15,3380.01,0,1,0,1,1,23,3,1,0,0,0,1,0,0,1,0,0,1,0,0,0,0,0
2948.03,3623.58,0,0,1,0,0,19,1,1,0,0,0,1,0,0,0,1,0,0,0,0,0,0,1
2618.95,4655.82,0,1,0,0,1,20,2,1,0,0,1,0,0,1,0,0,0,0,0,0,0,1,0
6377.48,2048.65,0,1,1,1,0,13,4,1,0,0,0,1,0,1,0,0,0,0,0,1,0,0,0
9545.01,2573.96,0,1,0,0,0,19,6,1,0,0,0,0,1,0,0,1,0,0,1,0,0,0,0
6857.75,3489.72,0,0,0,1,0,17,2,1,0,0,0,1,0,0,0,0,1,0,0,0,0,1,0
9266.57,4887.02,0,1,0,1,0,23,2,1,0,0,0,0,1,0,0,1,0,0,0,0,0,1,0
7841.54,2566.07,0,1,0,1,0,15,2,1,0,0,0,1,0,1,0,0,0,0,0,0,0,1,0
7279.05,2158.46,1,1,0,1,1,16,3,1,0,0,0,1,0,0,1,0,0,1,0,0,0,0,0
4141.21,2551.18,0,1,0,0,1,23,4,1,0,0,0,0,1,0,1,0,0,0,0,1,0,0,0
3248.62,2237.2,1,0,0,1,0,3,2,1,0,0,0,0,1,0,0,1,0,0,0,0,0,1,0
8462.93,1340.36,0,1,0,1,0,21,4,1,0,0,1,0,0,1,0,0,0,0,0,1,0,0,0
9054.03,2383.94,1,1,0,0,0,4,2,1,0,0,1,0,0,0,0,1,0,0,0,0,0,1,0
4519.37,3341.3,0,0,0,1,0,3,3,1,0,0,1,0,0,0,0,1,0,1,0,0,0,0,0
91.62,1731.17,1,0,0,0,1,14,4,1,0,0,0,1,0,1,0,0,0,0,0,1,0,0,0
7925.52,4334.65,0,1,0,1,0,8,1,1,0,0,0,1,0,0,1,0,0,0,0,0,0,0,1
2851.4,3941.44,0,1,1,1,1,13,3,1,0,0,0,0,1,1,0,0,0,1,0,0,0,0,0
99.87,3234.34,0,1,0,0,0,22,6,1,0,0,0,0,1,0,0,1,0,0,1,0,0,0,0
8050.08,3949.98,0,1,0,0,0,5,3,1,0,0,1,0,0,0,0,1,0,1,0,0,0,0,0
5174.62,2266.66,0,1,0,1,0,23,2,1,0,0,0,0,1,0,1,0,0,0,0,0,0,1,0
6852.42,1800.54,1,1,0,1,0,5,1,1,0,0,0,1,0,0,0,1,0,0,0,0,0,0,1
9146.98,4369.09,1,1,0,1,0,16,6,1,0,0,0,0,1,0,0,1,0,0,1,0,0,0,0
5412.2,4275.17,1,0,0,0,1,11,3,1,0,0,0,0,1,0,1,0,0,1,0,0,0,0,0
5032.44,3943.82,0,0,0,0,0,4,5,1,0,0,0,0,1,1,0,0,0,0,0,0,1,0,0
2907.33,2025.23,0,0,0,0,1,16,2,1,0,0,0,0,1,0,0,0,1,0,0,0,0,1,0
3052.63,2374.63,0,1,0,0,0,12,3,1,0,0,0,0,1,1,0,0,0,1,0,0,0,0,0
7965.62,2522.3,0,1,0,1,1,10,5,1,0,0,1,0,0,0,0,0,1,0,0,0,1,0,0
4490.84,1736.95,0,1,0,0,1,15,1,1,0,0,1,0,0,1,0,0,0,0,0,0,0,0,1
1636.1,4040.15,0,0,0,1,0,23,3,1,0,0,0,1,0,0,1,0,0,1,0,0,0,0,0
946.19,1738.79,0,0,0,1,1,1,2,1,0,0,1,0,0,0,1,0,0,0,0,0,0,1,0
4729.73,1887.0,0,1,0,1,0,2,4,1,0,0,0,0,1,0,1,0,0,0,0,1,0,0,0
4650.09,1192.7,0,1,1,1,0,9,2,1,0,0,1,0,0,0,0,0,1,0,0,0,0,1,0
6534.93,3653.4,0,1,0,1,0,8,5,1,0,0,0,1,0,1,0,0,0,0,0,0,1,0,0
4711.2,4715.99,0,1,0,0,0,21,1,1,0,0,1,0,0,0,1,0,0,0,0,0,0,0,1
1435.61,2935.06,0,0,0,1,0,2,1,1,0,0,0,1,0,0,0,0,1,0,0,0,0,0,1
5078.52,4591.19,0,0,0,1,0,6,3,1,0,0,0,1,0,0,1,0,0,1,0,0,0,0,0
9067.99,4364.0,0,1,1,0,0,2,1,1,0,0,0,1,0,0,0,1,0,0,0,0,0,0,1
1595.25,4178.81,0,1,0,1,1,5,1,1,0,0,0,0,1,0,0,1,0,0,0,0,0,0,1
6897.86,1670.56,0,1,0,0,0,8,2,1,0,0,0,1,0,0,1,0,0,0,0,0,0,1,0
5939.0,2509.28,1,1,0,0,0,17,5,1,0,0,1,0,0,0,0,0,1,0,0,0,1,0,0
7486.11,3655.36,0,0,0,1,0,9,2,1,0,0,1,0,0,0,0,1,0,0,0,0,0,1,0
1506.85,2377.43,0,1,0,0,1,2,4,1,0,0,1,0,0,0,1,0,0,0,0,1,0,0,0
9416.11,3843.56,0,0,0,1,1,12,3,1,0,0,0,1,0,0,1,0,0,1,0,0,0,0,0
6210.04,2149.16,0,1,0,1,1,10,2,1,0,0,0,1,0,0,0,0,1,0,0,0,0,1,0
8470.86,2570.46,0,1,0,1,0,11,3,1,0,0,0,0,1,0,0,0,1,1,0,0,0,0,0
2466.82,3926.05,1,1,0,0,1,21,6,1,0,0,0,1,0,0,0,1,0,0,1,0,0,0,0
7394.39,1471.54,1,1,0,1,0,9,1,1,0,0,1,0,0,0,1,0,0,0,0,0,0,0,1
7810.53,4147.12,0,1,0,1,0,9,4,1,0,0,0,0,1,0,0,1,0,0,0,1,0,0,0
3974.96,3850.29,0,1,0,1,0,1,3,1,0,0,1,0,0,1,0,0,0,1,0,0,0,0,0
3840.15,2798.51,0,1,0,1,0,12,5,1,0,0,0,0,1,0,1,0,0,0,0,0,1,0,0
6578.3,2750.1,0,1,0,0,1,0,5,1,0,0,0,1,0,0,0,0,1,0,0,0,1,0,0
934.98,4626.66,0,1,0,1,0,4,6,1,0,0,0,0,1,1,0,0,0,0,1,0,0,0,0
7356.51,3865.09,0,1,0,1,0,12,5,1,0,0,0,1,0,0,0,0,1,0,0,0,1,0,0
429.82,3480.66,0,1,0,1,0,10,1,1,0,0,0,1,0,0,0,0,1,0,0,0,0,0,1
1906.71,4456.71,0,0,0,1,0,0,3,1,0,0,1,0,0,1,0,0,0,1,0,0,0,0,0
6641.77,2326.45,0,1,0,1,0,22,3,1,0,0,0,1,0,0,0,1,0,1,0,0,0,0,0
984.14,2146.8,0,1,0,1,0,5,1,1,0,0,0,1,0,1,0,0,0,0,0,0,0,0,1
9718.45,1839.24,0,1,0,1,1,10,1,1,0,0,0,1,0,0,1,0,0,0,0,0,0,0,1
8684.09,3080.93,0,0,0,1,0,6,3,1,0,0,1,0,0,0,0,1,0,1,0,0,0,0,0
6263.4,4952.38,0,1,0,0,0,16,3,1,0,0,0,1,0,0,0,1,0,1,0,0,0,0,0
8190.76,4713.83,0,1,0,1,0,1,2,1,0,0,1,0,0,0,1,0,0,0,0,0,0,1,0
8875.91,2821.22,0,1,0,1,0,23,4,1,0,0,0,0,1,0,1,0,0,0,0,1,0,0,0
2595.5,1445.36,0,1,0,1,0,1,2,1,0,0,1,0,0,0,0,0,1,0,0,0,0,1,0
8494.27,4498.37,0,0,0,1,1,18,1,1,0,0,1,0,0,1,0,0,0,0,0,0,0,0,1
1948.74,4690.41,0,1,0,1,0,2,1,1,0,0,0,1,0,0,1,0,0,0,0,0,0,0,1
4134.01,1685.47,0,0,0,1,1,14,5,1,0,0,1,0,0,1,0,0,0,0,0,0,1,0,0
5583.04,4533.83,0,1,0,1,1,8,3,1,0,0,0,0,1,0,0,1,0,1,0,0,0,0,0
7139.2,2785.12,0,1,0,1,0,7,6,1,0,0,1,0,0,0,1,0,0,0,1,0,0,0,0
302.38,1046.66,0,1,0,1,0,13,3,1,0,0,0,1,0,0,0,1,0,1,0,0,0,0,0
2905.8,4772.5,0,0,0,0,0,17,1,1,0,0,0,0,1,0,0,0,1,0,0,0,0,0,1
6085.58,1171.21,0,0,0,1,0,16,3,1,0,0,0,1,0,0,0,0,1,1,0,0,0,0,0
3574.33,1138.43,0,1,0,1,0,15,3,1,0,0,0,1,0,0,1,0,0,1,0,0,0,0,0
7750.48,4853.91,0,1,0,1,0,4,5,1,0,0,1,0,0,0,1,0,0,0,0,0,1,0,0
6516.87,1858.35,0,0,0,1,0,15,2,1,0,0,0,1,0,0,1,0,0,0,0,0,0,1,0
2344.78,3222.52,0,0,0,1,0,23,3,1,0,0,0,0,1,0,0,1,0,1,0,0,0,0,0
1460.14,4770.8,0,1,0,0,0,7,4,1,0,0,0,0,1,0,1,0,0,0,0,1,0,0,0
6290.84,4760.04,0,1,0,0,0,0,2,1,0,0,0,0,1,0,0,0,1,0,0,0,0,1,0
4505.22,1696.46,0,0,1,1,0,9,1,1,0,0,0,0,1,0,1,0,0,0,0,0,0,0,1
1690.4,3054.18,0,1,0,1,0,10,6,1,0,0,1,0,0,0,1,0,0,0,1,0,0,0,0
3264.42,1027.81,0,1,0,1,0,5,3,1,0,0,0,0,1,0,0,1,0,1,0,0,0,0,0
3031.16,1361.53,0,1,0,1,0,12,1,1,0,0,1,0,0,1,0,0,0,0,0,0,0,0,1
1082.21,4792.59,0,1,0,1,0,17,1,1,0,0,0,1,0,0,0,0,1,0,0,0,0,0,1
5469.54,2660.64,0,0,0,0,0,9,6,1,0,0,0,1,0,1,0,0,0,0,1,0,0,0,0
7636.72,1600.76,0,1,0,1,0,20,1,1,0,0,1,0,0,0,0,1,0,0,0,0,0,0,1
5755.09,3525.62,1,1,0,1,0,2,3,1,0,0,0,1,0,0,1,0,0,1,0,0,0,0,0
8263.09,1693.32,0,1,0,1,0,15,6,1,0,0,0,1,0,0,1,0,0,0,1,0,0,0,0
1276.56,4920.57,0,0,0,1,1,9,4,1,0,0,0,0,1,0,0,0,1,0,0,1,0,0,0
4356.68,3683.4,0,1,1,0,0,15,6,1,0,0,0,1,0,0,1,0,0,0,1,0,0,0,0
6094.54,2474.71,1,1,0,1,0,11,1,1,0,0,0,1,0,0,0,1,0,0,0,0,0,0,1
6760.34,2524.6,0,1,0,1,1,9,6,1,0,0,1,0,0,1,0,0,0,0,1,0,0,0,0
6958.17,4667.74,0,1,0,1,0,21,1,1,0,0,0,0,1,0,0,0,1,0,0,0,0,0,1
7289.93,4580.1,1,0,0,1,0,7,2,1,0,0,0,1,0,0,1,0,0,0,0,0,0,1,0
6514.65,4799.93,0,1,0,1,0,7,4,1,0,0,0,1,0,0,1,0,0,0,0,1,0,0,0
943.19,2814.59,0,1,0,0,0,2,4,1,0,0,1,0,0,1,0,0,0,0,0,1,0,0,0
6953.36,4403.0,0,1,0,1,0,4,6,1,0,0,0,1,0,1,0,0,0,0,1,0,0,0,0
7248.1,2939.34,0,1,0,1,1,5,1,1,0,0,0,0,1,0,1,0,0,0,0,0,0,0,1
9934.81,3531.88,1,1,0,1,1,3,6,1,0,0,0,0,1,0,1,0,0,0,1,0,0,0,0
6933.93,3029.63,0,0,0,1,0,12,2,1,0,0,0,0,1,0,0,1,0,0,0,0,0,1,0
6868.62,3432.9,0,1,0,0,0,8,3,1,0,0,1,0,0,1,0,0,0,1,0,0,0,0,0
5148.62,3037.88,0,0,0,1,0,4,2,1,0,0,0,0,1,1,0,0,0,0,0,0,0,1,0
8679.36,1619.37,0,1,0,1,0,3,3,1,0,0,0,0,1,1,0,0,0,1,0,0,0,0,0
9968.35,1433.54,0,1,0,0,0,2,6,1,0,0,0,0,1,0,0,1,0,0,1,0,0,0,0
7790.67,4764.38,0,1,0,0,1,15,6,1,0,0,0,0,1,1,0,0,0,0,1,0,0,0,0
6125.39,3038.94,0,0,0,1,0,14,5,1,0,0,0,0,1,0,0,1,0,0,0,0,1,0,0
790.47,4767.41,0,1,0,1,1,11,5,1,0,0,0,0,1,0,0,0,1,0,0,0,1,0,0
7267.66,3743.27,0,1,0,1,0,21,4,1,0,0,1,0,0,0,0,0,1,0,0,1,0,0,0
7085.91,1355.89,0,1,0,1,0,6,6,1,0,0,0,0,1,0,0,1,0,0,1,0,0,0,0
7755.91,1806.25,0,1,0,1,1,18,4,1,0,0,0,1,0,0,0,0,1,0,0,1,0,0,0
1246.43,4070.96,0,1,0,1,0,8,1,1,0,0,1,0,0,1,0,0,0,0,0,0,0,0,1
6537.67,1711.28,0,1,0,1,0,9,2,1,0,0,0,1,0,1,0,0,0,0,0,0,0,1,0
2957.94,1030.89,0,1,0,1,1,8,3,1,0,0,0,1,0,0,0,1,0,1,0,0,0,0,0
7602.95,1447.07,0,1,0,1,0,1,1,1,0,0,0,0,1,0,1,0,0,0,0,0,0,0,1
2404.5,2906.96,0,1,0,1,0,21,2,1,0,0,0,1,0,1,0,0,0,0,0,0,0,1,0
6840.1,1653.05,0,0,0,1,0,13,3,1,0,0,0,1,0,0,1,0,0,1,0,0,0,0,0
2950.63,1180.06,0,1,0,1,0,9,4,1,0,0,0,1,0,0,1,0,0,0,0,1,0,0,0
90.93,3974.37,0,1,0,1,0,22,2,1,0,0,0,0,1,0,1,0,0,0,0,0,0,1,0
6333.95,4888.45,0,1,0,1,0,9,6,1,0,0,0,0,1,0,0,0,1,0,1,0,0,0,0
1133.58,4913.93,0,1,0,1,0,16,2,1,0,0,0,0,1,0,0,0,1,0,0,0,0,1,0
6593.26,4599.93,0,1,0,1,1,7,2,1,0,0,1,0,0,0,0,1,0,0,0,0,0,1,0
9256.17,1076.74,0,1,0,1,0,3,1,1,0,0,0,0,1,0,0,0,1,0,0,0,0,0,1
9692.49,1960.43,0,1,0,1,0,22,2,1,0,0,0,0,1,0,1,0,0,0,0,0,0,1,0
2359.99,1550.77,0,1,1,0,0,3,6,1,0,0,0,1,0,0,1,0,0,0,1,0,0,0,0
8092.72,3560.84,0,1,0,1,0,6,1,1,0,0,0,0,1,0,0,0,1,0,0,0,0,0,1
3536.18,4398.32,0,0,0,1,0,13,1,1,0,0,0,1,0,0,0,0,1,0,0,0,0,0,1
9004.67,3287.61,0,1,0,1,0,8,3,1,0,0,0,0,1,0,1,0,0,1,0,0,0,0,0
7875.11,2386.69,1,1,0,1,0,2,6,1,0,0,0,0,1,0,0,1,0,0,1,0,0,0,0
740.14,4647.63,0,1,0,1,0,20,3,1,0,0,0,0,1,0,1,0,0,1,0,0,0,0,0
4071.96,3020.73,0,1,0,0,0,20,3,1,0,0,0,0,1,0,0,1,0,1,0,0,0,0,0
3373.84,1698.74,0,1,0,0,1,4,5,1,0,0,0,0,1,1,0,0,0,0,0,0,1,0,0
7852.03,3133.49,0,0,0,0,0,17,3,1,0,0,0,0,1,0,1,0,0,1,0,0,0,0,0
4103.45,1072.52,0,1,0,1,1,4,1,1,0,0,0,0,1,0,0,0,1,0,0,0,0,0,1
6846.2,1154.06,0,1,0,1,1,17,2,1,0,0,0,1,0,0,0,0,1,0,0,0,0,1,0
6024.75,3510.37,0,1,0,1,0,8,1,1,0,0,1,0,0,0,1,0,0,0,0,0,0,0,1
9756.41,3893.08,0,1,0,1,0,2,6,1,0,0,1,0,0,0,0,1,0,0,1,0,0,0,0
9377.91,1553.28,0,1,0,1,0,11,1,1,0,0,0,0,1,0,0,0,1,0,0,0,0,0,1
4277.57,3133.66,0,1,0,0,0,12,5,1,0,0,1,0,0,1,0,0,0,0,0,0,1,0,0
7236.06,4090.53,0,1,0,0,1,13,6,1,0,0,0,1,0,0,0,0,1,0,1,0,0,0,0
8294.77,4529.35,0,1,0,1,0,2,1,1,0,0,0,1,0,0,0,1,0,0,0,0,0,0,1
8988.96,2896.08,0,1,0,1,1,7,5,1,0,0,0,1,0,0,1,0,0,0,0,0,1,0,0
682.27,1488.66,0,1,0,0,0,3,1,1,0,0,1,0,0,0,0,0,1,0,0,0,0,0,1
3021.49,1276.76,0,1,0,0,0,14,3,1,0,0,1,0,0,0,1,0,0,1,0,0,0,0,0
3202.98,4426.33,0,1,0,1,0,9,3,1,0,0,1,0,0,0,1,0,0,1,0,0,0,0,0
4345.03,1310.5,0,1,0,1,1,9,3,1,0,0,0,0,1,1,0,0,0,1,0,0,0,0,0
1693.48,4271.19,0,1,0,1,1,21,2,1,0,0,0,1,0,1,0,0,0,0,0,0,0,1,0
4962.56,2747.55,0,1,0,1,0,7,1,1,0,0,0,1,0,0,1,0,0,0,0,0,0,0,1
6632.48,2745.75,0,1,0,1,1,21,3,1,0,0,0,0,1,0,0,1,0,1,0,0,0,0,0
4974.14,3074.36,0,1,0,1,1,2,3,1,0,0,1,0,0,1,0,0,0,1,0,0,0,0,0
6658.27,1543.13,0,1,0,0,0,16,4,1,0,0,0,1,0,0,0,0,1,0,0,1,0,0,0
665.35,3970.18,0,1,0,1,0,9,1,1,0,0,1,0,0,1,0,0,0,0,0,0,0,0,1
8760.0,2200.02,0,0,0,1,0,22,4,1,0,0,0,0,1,0,1,0,0,0,0,1,0,0,0
9390.75,3391.12,0,1,0,1,0,9,5,1,0,0,1,0,0,1,0,0,0,0,0,0,1,0,0
6179.46,1021.34,0,1,0,1,0,18,5,1,0,0,0,0,1,0,0,1,0,0,0,0,1,0,0
8814.03,2126.07,0,1,1,1,0,10,6,1,0,0,1,0,0,1,0,0,0,0,1,0,0,0,0
1315.33,1161.92,0,1,0,1,0,0,5,1,0,0,0,0,1,0,0,1,0,0,0,0,1,0,0
7974.69,2254.44,0,1,0,1,0,16,1,1,0,0,0,1,0,0,0,0,1,0,0,0,0,0,1
1192.36,1504.74,0,1,0,1,1,17,3,1,0,0,0,0,1,1,0,0,0,1,0,0,0,0,0
4080.69,1280.17,0,1,0,1,0,14,3,1,0,0,1,0,0,0,0,0,1,1,0,0,0,0,0
3238.86,4391.91,0,0,0,1,0,8,3,1,0,0,0,1,0,0,1,0,0,1,0,0,0,0,0
5856.33,2459.6,1,1,0,1,1,9,6,1,0,0,1,0,0,0,0,0,1,0,1,0,0,0,0
3015.84,4301.34,0,1,0,1,0,11,4,1,0,0,1,0,0,1,0,0,0,0,0,1,0,0,0
6373.5,4570.64,0,1,0,1,0,11,6,1,0,0,0,0,1,1,0,0,0,0,1,0,0,0,0
3674.51,3024.21,0,1,0,1,0,11,1,1,0,0,0,0,1,0,0,1,0,0,0,0,0,0,1
8608.04,3271.33,0,1,0,0,1,3,5,1,0,0,1,0,0,1,0,0,0,0,0,0,1,0,0
6339.2,3586.23,0,1,0,0,0,5,5,1,0,0,0,0,1,0,1,0,0,0,0,0,1,0,0
2153.77,3578.83,0,0,0,1,0,21,3,1,0,0,1,0,0,0,0,1,0,1,0,0,0,0,0
3361.96,3120.7,1,1,0,0,1,4,6,1,0,0,0,0,1,1,0,0,0,0,1,0,0,0,0
8474.36,3377.4,0,1,0,1,0,17,6,1,0,0,0,0,1,1,0,0,0,0,1,0,0,0,0
3865.41,2764.41,0,1,0,0,1,3,6,1,0,0,1,0,0,1,0,0,0,0,1,0,0,0,0
5358.45,4664.58,0,0,0,0,1,1,3,1,0,0,0,1,0,1,0,0,0,1,0,0,0,0,0
6489.77,3885.21,0,0,0,1,0,14,6,1,0,0,0,0,1,0,1,0,0,0,1,0,0,0,0
3478.75,2259.69,0,1,0,1,0,10,5,1,0,0,1,0,0,1,0,0,0,0,0,0,1,0,0
2940.49,2340.1,0,0,0,1,0,15,6,1,0,0,0,1,0,0,0,1,0,0,1,0,0,0,0
4753.07,2820.91,0,1,0,0,0,19,2,1,0,0,0,0,1,1,0,0,0,0,0,0,0,1,0
2149.59,1126.62,0,0,0,0,1,22,2,1,0,0,0,0,1,0,0,1,0,0,0,0,0,1,0
2842.82,4965.52,0,1,0,1,0,4,3,1,0,0,1,0,0,0,0,1,0,1,0,0,0,0,0
621.72,2871.37,0,1,0,1,0,12,1,1,0,0,0,0,1,1,0,0,0,0,0,0,0,0,1
3040.4,4100.24,0,1,0,1,1,20,2,1,0,0,1,0,0,0,1,0,0,0,0,0,0,1,0
3207.72,1632.74,1,0,0,0,0,5,3,1,0,0,1,0,0,1,0,0,0,1,0,0,0,0,0
9618.37,3436.85,0,0,0,1,0,8,3,1,0,0,0,0,1,1,0,0,0,1,0,0,0,0,0
5897.7,2526.83,1,1,0,0,0,3,6,1,0,0,0,1,0,0,0,1,0,0,1,0,0,0,0
7874.04,4559.71,0,1,0,1,0,14,3,1,0,0,0,0,1,0,0,0,1,1,0,0,0,0,0
454.73,4730.16,0,1,0,1,1,7,1,1,0,0,0,1,0,0,0,0,1,0,0,0,0,0,1
1066.26,3499.27,0,1,1,0,0,15,5,1,0,0,0,0,1,0,1,0,0,0,0,0,1,0,0
8145.56,1243.75,0,1,0,0,0,14,2,1,0,0,0,1,0,0,0,1,0,0,0,0,0,1,0
6235.87,2866.43,0,1,0,0,0,3,2,1,0,0,0,0,1,0,1,0,0,0,0,0,0,1,0
1910.63,1067.72,0,1,0,0,0,11,5,1,0,0,0,1,0,1,0,0,0,0,0,0,1,0,0
4048.55,3072.05,0,1,0,1,1,18,2,1,0,0,0,1,0,1,0,0,0,0,0,0,0,1,0
5387.19,3005.67,0,1,1,1,0,11,1,1,0,0,0,0,1,0,1,0,0,0,0,0,0,0,1
8436.25,2669.05,0,0,0,0,0,3,2,1,0,0,0,0,1,0,0,1,0,0,0,0,0,1,0
605.06,2348.03,0,1,0,1,1,13,1,1,0,0,1,0,0,1,0,0,0,0,0,0,0,0,1
5967.63,3315.86,0,1,0,0,0,16,6,1,0,0,0,1,0,0,0,1,0,0,1,0,0,0,0
7170.64,1707.16,0,1,0,1,0,15,1,1,0,0,0,0,1,1,0,0,0,0,0,0,0,0,1
9778.94,1105.3,0,0,0,0,0,6,1,1,0,0,1,0,0,1,0,0,0,0,0,0,0,0,1
8071.79,4146.78,0,1,1,1,0,1,6,1,0,0,0,0,1,0,1,0,0,0,1,0,0,0,0
2763.0,4142.37,0,1,0,0,0,7,6,1,0,0,0,1,0,0,1,0,0,0,1,0,0,0,0
7096.08,3317.61,0,1,0,1,0,22,5,1,0,0,0,0,1,0,0,1,0,0,0,0,1,0,0
7633.02,4320.35,0,1,0,0,0,0,6,1,0,0,0,0,1,0,0,0,1,0,1,0,0,0,0
7297.63,3051.78,0,1,0,1,0,7,3,1,0,0,1,0,0,0,0,0,1,1,0,0,0,0,0
8201.62,1026.19,0,1,0,0,0,19,6,1,0,0,0,0,1,0,0,0,1,0,1,0,0,0,0
9037.4,1593.11,1,1,0,1,0,4,5,1,0,0,1,0,0,1,0,0,0,0,0,0,1,0,0
985.2,2838.28,0,1,0,1,1,4,4,1,0,0,0,1,0,0,0,0,1,0,0,1,0,0,0
1048.53,4449.1,0,0,0,1,0,17,6,1,0,0,0,1,0,0,1,0,0,0,1,0,0,0,0
7964.2,1902.33,0,1,0,1,0,21,3,1,0,0,0,0,1,0,0,0,1,1,0,0,0,0,0
2524.47,1136.18,0,1,0,1,0,16,4,1,0,0,1,0,0,0,0,0,1,0,0,1,0,0,0
586.36,2650.01,0,0,0,0,0,17,5,1,0,0,0,1,0,0,0,0,1,0,0,0,1,0,0
4012.89,1266.89,0,1,0,0,1,1,6,1,0,0,0,0,1,0,0,0,1,0,1,0,0,0,0
8198.95,3201.71,0,1,0,1,0,8,1,1,0,0,0,0,1,0,0,0,1,0,0,0,0,0,1
1266.52,1222.48,0,0,0,1,0,15,1,1,0,0,0,0,1,0,0,1,0,0,0,0,0,0,1
6718.75,1066.51,1,0,0,1,0,20,4,1,0,0,0,0,1,0,1,0,0,0,0,1,0,0,0
37.16,4772.99,0,1,0,1,0,3,2,1,0,0,0,0,1,0,0,0,1,0,0,0,0,1,0
1098.26,3661.18,1,1,0,0,0,2,3,1,0,0,1,0,0,1,0,0,0,1,0,0,0,0,0
3509.15,1477.95,1,1,0,1,0,11,6,1,0,0,0,0,1,0,0,1,0,0,1,0,0,0,0
836.94,3224.84,0,1,0,1,1,3,5,1,0,0,0,0,1,1,0,0,0,0,0,0,1,0,0
8459.17,2033.53,0,0,0,1,0,16,6,1,0,0,0,0,1,0,1,0,0,0,1,0,0,0,0
8640.84,4044.34,0,1,0,1,0,8,4,1,0,0,0,0,1,0,0,0,1,0,0,1,0,0,0
7555.95,4256.8,0,1,0,1,0,8,4,1,0,0,0,0,1,0,1,0,0,0,0,1,0,0,0
2425.55,3030.43,1,1,0,1,0,3,2,1,0,0,0,0,1,0,0,0,1,0,0,0,0,1,0
5232.95,2637.98,0,1,0,0,1,8,1,1,0,0,0,0,1,0,0,0,1,0,0,0,0,0,1
1842.7,2268.78,0,1,0,1,0,15,5,1,0,0,0,1,0,1,0,0,0,0,0,0,1,0,0
2813.5,1131.36,0,0,0,0,1,18,6,1,0,0,0,1,0,0,1,0,0,0,1,0,0,0,0
5160.54,3242.9,0,1,0,1,0,21,1,1,0,0,0,0,1,0,0,0,1,0,0,0,0,0,1
7350.4,3035.71,0,1,0,1,1,20,4,1,0,0,1,0,0,0,1,0,0,0,0,1,0,0,0
947.45,1852.1,0,0,0,0,0,5,3,1,0,0,0,0,1,0,0,0,1,1,0,0,0,0,0
2967.67,3128.21,0,1,0,1,0,5,3,1,0,0,1,0,0,0,1,0,0,1,0,0,0,0,0
9266.29,2870.53,0,1,0,0,0,19,1,1,0,0,1,0,0,0,1,0,0,0,0,0,0,0,1
4291.8,2042.72,0,1,0,1,0,17,1,1,0,0,1,0,0,0,0,0,1,0,0,0,0,0,1
9388.76,3972.39,0,1,0,0,0,0,2,1,0,0,1,0,0,0,1,0,0,0,0,0,0,1,0
9914.01,1983.52,0,1,0,1,0,1,1,1,0,0,1,0,0,0,0,0,1,0,0,0,0,0,1
5267.07,2804.16,1,0,0,0,0,8,2,1,0,0,0,1,0,0,0,0,1,0,0,0,0,1,0
2881.15,3133.68,1,1,0,0,1,17,3,1,0,0,0,0,1,0,0,0,1,1,0,0,0,0,0
7907.98,4245.4,0,1,0,1,0,8,3,1,0,0,0,1,0,0,0,1,0,1,0,0,0,0,0
1593.95,2682.2,0,1,0,1,1,19,6,1,0,0,0,1,0,0,0,0,1,0,1,0,0,0,0
2521.22,1828.0,0,0,0,1,0,18,2,1,0,0,0,0,1,0,1,0,0,0,0,0,0,1,0
7849.01,1059.27,0,0,1,0,1,7,4,1,0,0,0,1,0,0,0,1,0,0,0,1,0,0,0
4337.03,2008.24,1,0,0,1,0,5,2,1,0,0,0,0,1,0,0,0,1,0,0,0,0,1,0
2016.18,4002.1,0,1,0,1,0,22,6,1,0,0,0,0,1,0,1,0,0,0,1,0,0,0,0
6511.61,4281.89,1,0,0,1,0,13,2,1,0,0,0,0,1,0,1,0,0,0,0,0,0,1,0
7327.89,3402.76,0,1,0,1,0,13,3,1,0,0,0,0,1,0,1,0,0,1,0,0,0,0,0
1251.59,4793.31,0,1,0,1,0,15,6,1,0,0,1,0,0,0,0,1,0,0,1,0,0,0,0
2770.53,3088.72,0,1,0,0,0,16,1,1,0,0,1,0,0,1,0,0,0,0,0,0,0,0,1
2213.55,2917.3,0,0,0,1,1,18,2,1,0,0,0,1,0,1,0,0,0,0,0,0,0,1,0
3799.17,4331.35,0,0,0,0,0,17,4,1,0,0,0,0,1,0,0,1,0,0,0,1,0,0,0
7634.69,1667.98,0,1,0,1,0,14,6,1,0,0,0,0,1,0,0,0,1,0,1,0,0,0,0
7137.37,1060.56,0,1,0,1,0,7,2,1,0,0,0,0,1,1,0,0,0,0,0,0,0,1,0
6625.58,4527.19,0,1,0,0,1,4,3,1,0,0,0,0,1,1,0,0,0,1,0,0,0,0,0
63.85,3136.45,0,0,0,1,0,4,1,1,0,0,1,0,0,0,1,0,0,0,0,0,0,0,1
1422.29,3979.59,0,1,0,1,0,3,2,1,0,0,1,0,0,0,1,0,0,0,0,0,0,1,0
2233.75,3515.69,0,1,0,1,0,1,3,1,0,0,1,0,0,0,0,0,1,1,0,0,0,0,0
2720.29,3655.55,0,1,0,1,0,4,6,1,0,0,0,1,0,1,0,0,0,0,1,0,0,0,0
1465.12,3349.35,0,1,0,1,0,12,2,1,0,0,0,0,1,0,1,0,0,0,0,0,0,1,0
4103.75,3900.8,0,1,0,1,0,0,4,1,0,0,1,0,0,0,0,1,0,0,0,1,0,0,0
752.73,1453.97,0,1,0,0,1,12,4,1,0,0,1,0,0,0,0,0,1,0,0,1,0,0,0
7500.47,2003.7,0,1,0,1,0,19,6,1,0,0,0,0,1,0,1,0,0,0,1,0,0,0,0
7877.42,2916.54,0,1,0,1,0,4,6,1,0,0,1,0,0,0,1,0,0,0,1,0,0,0,0
5743.09,3865.84,0,1,0,1,0,8,6,1,0,0,0,0,1,0,1,0,0,0,1,0,0,0,0
897.96,2233.99,0,1,0,0,0,16,5,1,0,0,0,0,1,0,0,1,0,0,0,0,1,0,0
8900.94,4228.88,1,1,0,1,0,13,2,1,0,0,1,0,0,0,0,1,0,0,0,0,0,1,0
9656.39,1261.36,0,0,0,1,0,7,4,1,0,0,0,1,0,0,1,0,0,0,0,1,0,0,0
2024.43,4163.6,0,0,0,1,0,21,6,1,0,0,0,0,1,0,0,0,1,0,1,0,0,0,0
7046.69,3796.24,0,1,0,1,0,9,2,1,0,0,0,1,0,0,1,0,0,0,0,0,0,1,0
8419.54,1261.05,0,1,0,0,0,23,3,1,0,0,1,0,0,1,0,0,0,1,0,0,0,0,0
5398.9,1126.54,0,1,0,1,0,8,4,1,0,0,0,0,1,0,1,0,0,0,0,1,0,0,0
3233.91,4359.62,0,0,0,0,0,1,5,1,0,0,0,0,1,0,0,1,0,0,0,0,1,0,0
4786.11,1579.18,0,1,0,1,0,2,1,1,0,0,1,0,0,1,0,0,0,0,0,0,0,0,1
5123.18,2013.21,0,0,0,1,0,4,2,1,0,0,0,1,0,0,0,1,0,0,0,0,0,1,0
4006.97,4585.16,0,1,0,0,1,19,2,1,0,0,1,0,0,0,0,0,1,0,0,0,0,1,0
9298.5,2371.5,0,1,0,1,0,12,5,1,0,0,1,0,0,0,0,0,1,0,0,0,1,0,0
7439.09,3121.74,0,0,0,1,0,11,4,1,0,0,1,0,0,0,1,0,0,0,0,1,0,0,0
2413.78,1124.06,0,0,0,0,0,14,3,1,0,0,0,1,0,0,0,0,1,1,0,0,0,0,0
5855.99,3276.05,0,1,1,1,0,22,5,1,0,0,0,0,1,1,0,0,0,0,0,0,1,0,0
6887.2,3854.1,0,1,0,1,0,6,4,1,0,0,0,0,1,0,0,1,0,0,0,1,0,0,0
1402.42,3260.43,1,1,0,1,0,20,1,1,0,0,1,0,0,0,1,0,0,0,0,0,0,0,1
3584.9,4234.72,0,1,0,1,0,16,2,1,0,0,1,0,0,0,0,0,1,0,0,0,0,1,0
9055.58,4106.22,0,1,0,0,0,8,4,1,0,0,0,1,0,0,0,1,0,0,0,1,0,0,0
5672.16,2916.44,0,1,0,1,0,8,4,1,0,0,1,0,0,0,0,1,0,0,0,1,0,0,0
2170.76,3580.43,0,1,0,1,1,9,4,1,0,0,0,1,0,0,0,0,1,0,0,1,0,0,0
1228.73,2106.55,0,0,0,0,1,18,5,1,0,0,0,1,0,0,1,0,0,0,0,0,1,0,0
5182.75,2434.49,1,1,0,0,0,23,3,1,0,0,0,1,0,0,0,1,0,1,0,0,0,0,0
5477.31,3487.54,0,0,0,1,0,4,6,1,0,0,1,0,0,0,1,0,0,0,1,0,0,0,0
3344.81,3641.65,0,1,0,1,1,6,3,1,0,0,0,0,1,0,0,1,0,1,0,0,0,0,0
6304.53,1341.43,0,0,0,1,0,19,6,1,0,0,0,1,0,0,1,0,0,0,1,0,0,0,0
687.78,4276.96,0,0,0,1,0,9,5,1,0,0,0,0,1,0,1,0,0,0,0,0,1,0,0
1452.25,3548.69,0,1,0,0,0,14,1,1,0,0,0,1,0,0,0,0,1,0,0,0,0,0,1
5463.19,2309.41,0,1,0,1,1,21,5,1,0,0,1,0,0,0,0,1,0,0,0,0,1,0,0
619.1,1905.44,1,0,0,1,0,21,2,1,0,0,0,1,0,0,0,0,1,0,0,0,0,1,0
8809.21,3412.34,0,1,0,1,0,0,1,1,0,0,0,1,0,1,0,0,0,0,0,0,0,0,1
1422.32,3783.55,0,1,0,0,0,22,5,1,0,0,0,0,1,0,1,0,0,0,0,0,1,0,0
6739.52,4713.62,1,1,0,1,0,1,5,1,0,0,1,0,0,0,0,1,0,0,0,0,1,0,0
3912.64,1739.97,1,0,0,1,0,5,2,1,0,0,0,1,0,0,0,0,1,0,0,0,0,1,0
3998.48,3011.67,0,1,0,1,0,6,3,1,0,0,1,0,0,1,0,0,0,1,0,0,0,0,0
7649.13,4820.72,0,1,0,1,0,3,6,1,0,0,0,0,1,0,1,0,0,0,1,0,0,0,0
4995.12,4638.13,0,1,0,0,0,1,1,1,0,0,1,0,0,0,0,1,0,0,0,0,0,0,1
7256.83,2911.58,0,1,1,0,1,14,2,1,0,0,1,0,0,0,0,0,1,0,0,0,0,1,0
5052.41,3208.16,0,1,1,0,1,12,4,1,0,0,0,0,1,0,0,1,0,0,0,1,0,0,0
5929.46,4666.01,0,1,0,1,0,13,3,1,0,0,0,1,0,0,1,0,0,1,0,0,0,0,0
7607.39,1128.5,0,1,0,1,0,1,2,1,0,0,0,1,0,1,0,0,0,0,0,0,0,1,0
6073.48,4904.8,0,1,0,1,0,18,5,1,0,0,1,0,0,0,1,0,0,0,0,0,1,0,0
6156.54,4907.98,0,1,0,1,0,7,1,1,0,0,0,1,0,0,0,1,0,0,0,0,0,0,1
7892.41,4777.46,0,1,0,1,0,10,2,1,0,0,0,0,1,0,1,0,0,0,0,0,0,1,0
9490.92,4862.02,0,1,0,1,0,2,3,1,0,0,1,0,0,0,0,0,1,1,0,0,0,0,0
3767.78,2216.27,0,1,0,1,0,13,3,1,0,0,1,0,0,0,0,1,0,1,0,0,0,0,0
5771.59,1148.27,0,1,0,1,0,22,3,1,0,0,0,1,0,0,0,1,0,1,0,0,0,0,0
863.65,2137.38,0,1,0,0,0,19,6,1,0,0,0,1,0,0,0,1,0,0,1,0,0,0,0
3588.68,2382.66,1,0,1,1,0,12,5,1,0,0,0,1,0,1,0,0,0,0,0,0,1,0,0
4121.08,2409.86,0,1,0,1,0,14,3,1,0,0,1,0,0,1,0,0,0,1,0,0,0,0,0
8352.54,3721.84,0,1,0,1,0,21,6,1,0,0,0,1,0,0,0,1,0,0,1,0,0,0,0
5134.41,4454.47,0,0,0,1,0,21,5,1,0,0,1,0,0,1,0,0,0,0,0,0,1,0,0
7310.93,1887.95,0,1,0,0,1,13,3,1,0,0,0,1,0,1,0,0,0,1,0,0,0,0,0
191.05,2789.13,0,1,0,1,0,15,4,1,0,0,1,0,0,0,0,0,1,0,0,1,0,0,0
4645.46,2514.05,0,1,0,0,0,18,2,1,0,0,1,0,0,1,0,0,0,0,0,0,0,1,0
9013.28,4058.41,0,1,0,1,1,2,3,1,0,0,1,0,0,1,0,0,0,1,0,0,0,0,0
2243.91,2271.58,0,1,0,0,0,9,6,1,0,0,0,1,0,1,0,0,0,0,1,0,0,0,0
316.19,1224.86,0,1,0,1,0,1,1,1,0,0,0,1,0,0,0,1,0,0,0,0,0,0,1
4334.65,2335.21,1,1,0,1,0,21,3,1,0,0,0,0,1,0,0,1,0,1,0,0,0,0,0
7044.61,2415.88,0,1,0,1,0,20,5,1,0,0,1,0,0,1,0,0,0,0,0,0,1,0,0
4545.18,4289.55,0,1,0,1,0,15,1,1,0,0,0,1,0,0,0,0,1,0,0,0,0,0,1
4600.32,3191.58,0,0,0,0,0,2,2,1,0,0,0,0,1,1,0,0,0,0,0,0,0,1,0
6698.38,3094.06,0,1,0,0,0,2,6,1,0,0,0,0,1,0,0,0,1,0,1,0,0,0,0
2544.63,3395.32,0,1,0,1,0,8,1,1,0,0,0,1,0,0,1,0,0,0,0,0,0,0,1
7519.15,3245.82,1,0,0,1,0,18,6,1,0,0,1,0,0,0,0,0,1,0,1,0,0,0,0
1531.98,3726.6,0,1,0,1,0,17,1,1,0,0,0,0,1,1,0,0,0,0,0,0,0,0,1
3958.11,4615.58,0,1,0,1,1,18,2,1,0,0,0,0,1,0,0,0,1,0,0,0,0,1,0
6560.43,4505.41,0,0,0,1,0,14,3,1,0,0,1,0,0,0,0,0,1,1,0,0,0,0,0
8283.86,2981.28,0,0,0,1,0,0,6,1,0,0,0,1,0,0,0,0,1,0,1,0,0,0,0
7915.52,4387.14,0,1,0,1,0,7,3,1,0,0,1,0,0,0,1,0,0,1,0,0,0,0,0
7217.13,4452.11,0,0,0,1,0,21,3,1,0,0,1,0,0,1,0,0,0,1,0,0,0,0,0
3591.6,4158.2,0,1,0,1,0,17,4,1,0,0,0,1,0,0,0,0,1,0,0,1,0,0,0
1223.92,1168.22,0,1,0,1,0,15,6,1,0,0,0,0,1,1,0,0,0,0,1,0,0,0,0
2169.13,3648.21,0,1,0,1,0,17,1,1,0,0,1,0,0,0,1,0,0,0,0,0,0,0,1
8648.47,2252.85,1,1,0,1,0,23,5,1,0,0,0,0,1,0,0,1,0,0,0,0,1,0,0
8573.46,4493.12,1,1,0,1,0,2,4,1,0,0,0,0,1,1,0,0,0,0,0,1,0,0,0
9515.66,2135.85,0,1,0,1,1,7,1,1,0,0,0,0,1,0,0,1,0,0,0,0,0,0,1
760.81,4674.5,0,1,0,1,1,11,5,1,0,0,0,1,0,0,1,0,0,0,0,0,1,0,0
5368.55,3460.48,0,1,0,1,0,0,2,1,0,0,0,0,1,0,1,0,0,0,0,0,0,1,0
6487.18,3580.22,0,1,0,1,0,4,2,1,0,0,1,0,0,0,0,1,0,0,0,0,0,1,0
7106.86,4550.94,0,0,0,1,0,9,3,1,0,0,1,0,0,1,0,0,0,1,0,0,0,0,0
6438.99,4941.61,0,1,0,1,0,0,5,1,0,0,1,0,0,0,0,1,0,0,0,0,1,0,0
7700.34,2236.03,1,1,0,0,0,17,2,1,0,0,0,1,0,0,1,0,0,0,0,0,0,1,0
3595.36,1355.44,0,1,0,0,0,1,5,1,0,0,1,0,0,0,1,0,0,0,0,0,1,0,0
1795.15,3893.39,0,1,0,0,0,2,2,1,0,0,0,1,0,1,0,0,0,0,0,0,0,1,0
2046.63,1280.72,0,1,0,1,0,1,6,1,0,0,0,0,1,1,0,0,0,0,1,0,0,0,0
120.77,3135.47,0,1,0,1,0,15,2,1,0,0,0,0,1,0,0,0,1,0,0,0,0,1,0
3503.87,2381.01,0,1,0,0,0,7,2,1,0,0,0,1,0,0,0,1,0,0,0,0,0,1,0
918.35,2559.96,1,1,0,0,1,13,1,1,0,0,0,1,0,1,0,0,0,0,0,0,0,0,1
3215.57,1941.94,0,1,0,1,1,15,5,1,0,0,0,1,0,1,0,0,0,0,0,0,1,0,0
6282.47,3797.36,0,1,0,1,0,7,3,1,0,0,0,0,1,0,0,1,0,1,0,0,0,0,0
8944.89,3287.61,0,0,0,1,0,20,6,1,0,0,0,1,0,0,1,0,0,0,1,0,0,0,0
8396.21,4809.78,1,1,0,1,1,17,3,1,0,0,0,0,1,0,0,1,0,1,0,0,0,0,0
2527.49,2422.15,0,1,0,1,0,18,6,1,0,0,0,0,1,0,0,1,0,0,1,0,0,0,0
1341.7,2577.18,0,0,0,1,0,10,2,1,0,0,1,0,0,0,1,0,0,0,0,0,0,1,0
1931.53,1660.04,1,1,0,0,0,17,1,1,0,0,0,0,1,0,0,1,0,0,0,0,0,0,1
9709.9,3446.65,0,1,0,0,0,5,6,1,0,0,0,1,0,1,0,0,0,0,1,0,0,0,0
5495.2,1379.81,0,1,0,1,0,20,2,1,0,0,0,1,0,0,0,1,0,0,0,0,0,1,0
1825.84,4872.67,1,1,0,1,1,1,2,1,0,0,0,1,0,1,0,0,0,0,0,0,0,1,0
8407.62,4640.27,0,1,0,1,0,8,1,1,0,0,0,0,1,0,1,0,0,0,0,0,0,0,1
3952.52,3798.76,1,1,0,1,0,18,3,1,0,0,0,0,1,0,0,1,0,1,0,0,0,0,0
8992.32,2269.15,0,1,0,1,0,5,2,1,0,0,1,0,0,0,0,0,1,0,0,0,0,1,0
2607.51,2424.6,0,1,0,1,0,11,5,1,0,0,1,0,0,0,0,1,0,0,0,0,1,0,0
3932.82,1348.51,0,1,0,1,0,11,5,1,0,0,0,1,0,0,0,1,0,0,0,0,1,0,0
5049.97,1988.11,0,1,0,1,0,10,6,1,0,0,0,0,1,1,0,0,0,0,1,0,0,0,0
8926.26,2412.09,0,1,0,0,0,13,2,1,0,0,0,1,0,1,0,0,0,0,0,0,0,1,0
8687.71,2791.71,0,1,0,1,1,2,6,1,0,0,0,1,0,0,0,0,1,0,1,0,0,0,0
5743.98,2857.08,0,1,0,0,0,12,4,1,0,0,0,1,0,0,0,0,1,0,0,1,0,0,0
2218.53,4540.43,0,1,0,1,0,21,5,1,0,0,1,0,0,0,1,0,0,0,0,0,1,0,0
4034.17,2799.28,0,0,0,0,0,21,1,1,0,0,0,1,0,0,1,0,0,0,0,0,0,0,1
9756.36,4829.71,0,1,0,0,0,10,1,1,0,0,1,0,0,0,0,1,0,0,0,0,0,0,1
6078.12,1335.25,0,0,1,1,0,7,5,1,0,0,0,0,1,1,0,0,0,0,0,0,1,0,0
7811.2,1843.91,0,1,0,1,1,19,5,1,0,0,0,1,0,0,0,1,0,0,0,0,1,0,0
4499.2,2551.95,1,0,0,0,0,17,2,1,0,0,1,0,0,1,0,0,0,0,0,0,0,1,0
5320.54,4552.62,0,1,0,0,1,16,1,1,0,0,0,0,1,0,1,0,0,0,0,0,0,0,1
4290.11,1488.85,0,1,0,1,0,21,3,1,0,0,1,0,0,1,0,0,0,1,0,0,0,0,0
7029.51,2420.26,0,1,0,0,0,22,3,1,0,0,0,1,0,1,0,0,0,1,0,0,0,0,0
8514.86,1448.69,0,1,0,1,0,11,2,1,0,0,0,0,1,0,1,0,0,0,0,0,0,1,0
5074.13,4095.98,0,1,0,1,0,22,2,1,0,0,0,0,1,0,1,0,0,0,0,0,0,1,0
4809.19,2129.87,0,1,0,0,0,3,6,1,0,0,0,0,1,1,0,0,0,0,1,0,0,0,0
3403.52,2737.52,0,1,0,1,0,16,6,1,0,0,1,0,0,0,0,0,1,0,1,0,0,0,0
1771.79,4269.73,0,1,0,1,0,13,3,1,0,0,1,0,0,1,0,0,0,1,0,0,0,0,0
9392.54,1671.37,0,0,0,0,0,9,3,1,0,0,1,0,0,0,1,0,0,1,0,0,0,0,0
3161.48,4788.65,0,1,0,1,1,2,3,1,0,0,0,0,1,0,0,0,1,1,0,0,0,0,0
8007.11,2575.72,0,1,0,1,0,3,2,1,0,0,0,1,0,0,0,0,1,0,0,0,0,1,0
7153.75,2321.61,1,0,0,1,0,15,5,1,0,0,0,1,0,0,0,1,0,0,0,0,1,0,0
7909.39,1763.03,0,0,0,1,0,20,5,1,0,0,0,0,1,0,1,0,0,0,0,0,1,0,0
9367.74,2870.05,0,1,0,1,0,0,3,1,0,0,0,1,0,0,0,1,0,1,0,0,0,0,0
6234.08,4922.79,0,1,0,0,0,5,6,1,0,0,0,0,1,0,1,0,0,0,1,0,0,0,0
8979.61,2963.94,0,1,1,1,0,10,6,1,0,0,0,1,0,0,0,0,1,0,1,0,0,0,0
1677.81,2808.54,0,1,0,0,1,10,2,1,0,0,0,1,0,0,0,0,1,0,0,0,0,1,0
6267.5,1030.51,0,0,0,1,1,6,6,1,0,0,0,1,0,0,1,0,0,0,1,0,0,0,0
7722.98,2150.69,0,1,0,1,1,0,5,1,0,0,1,0,0,0,0,0,1,0,0,0,1,0,0
2717.14,1911.63,0,1,0,1,0,2,4,1,0,0,1,0,0,0,1,0,0,0,0,1,0,0,0
7407.8,1155.9,0,0,0,0,0,5,6,1,0,0,0,0,1,1,0,0,0,0,1,0,0,0,0
7784.99,2784.13,0,1,0,1,0,13,4,1,0,0,1,0,0,0,1,0,0,0,0,1,0,0,0
8312.05,1542.44,0,1,0,1,1,9,1,1,0,0,0,0,1,0,1,0,0,0,0,0,0,0,1
3129.52,3011.92,1,1,0,1,0,13,6,1,0,0,1,0,0,1,0,0,0,0,1,0,0,0,0
6816.38,2818.58,0,1,0,0,0,20,5,1,0,0,0,1,0,0,0,0,1,0,0,0,1,0,0
3043.23,1890.85,0,1,1,0,1,14,5,1,0,0,1,0,0,0,0,0,1,0,0,0,1,0,0
7390.66,4193.37,0,1,0,1,0,13,6,1,0,0,1,0,0,0,0,0,1,0,1,0,0,0,0
4630.27,4707.25,0,1,0,1,0,5,4,1,0,0,1,0,0,0,0,1,0,0,0,1,0,0,0
5975.85,1536.24,0,1,0,1,0,17,4,1,0,0,0,0,1,0,0,1,0,0,0,1,0,0,0
4158.98,1389.49,0,1,0,1,0,15,3,1,0,0,0,0,1,0,1,0,0,1,0,0,0,0,0
1620.67,2379.19,0,1,0,1,0,6,2,1,0,0,0,1,0,0,1,0,0,0,0,0,0,1,0
1781.12,3441.76,0,0,0,1,0,10,1,1,0,0,0,1,0,0,1,0,0,0,0,0,0,0,1
776.61,3527.95,0,1,0,0,0,7,2,1,0,0,0,1,0,1,0,0,0,0,0,0,0,1,0
6181.11,3499.85,0,0,0,1,0,19,1,1,0,0,1,0,0,1,0,0,0,0,0,0,0,0,1
8486.54,3302.85,0,1,0,0,0,2,1,1,0,0,0,1,0,0,0,1,0,0,0,0,0,0,1
209.35,2543.13,0,0,0,0,0,5,3,1,0,0,0,0,1,1,0,0,0,1,0,0,0,0,0
663.33,4128.01,0,0,0,1,1,7,6,1,0,0,0,1,0,0,1,0,0,0,1,0,0,0,0
4575.21,4812.86,0,1,0,1,0,2,2,1,0,0,0,1,0,1,0,0,0,0,0,0,0,1,0
7377.47,3358.5,0,1,1,1,0,4,3,1,0,0,0,1,0,0,1,0,0,1,0,0,0,0,0
1577.92,1877.71,0,1,0,1,1,17,2,1,0,0,0,1,0,0,0,0,1,0,0,0,0,1,0
2717.24,3247.1,0,1,0,0,0,12,1,1,0,0,0,1,0,0,0,0,1,0,0,0,0,0,1
2320.83,4022.16,1,0,0,0,0,11,5,1,0,0,0,0,1,0,0,1,0,0,0,0,1,0,0
3991.11,4318.74,0,1,0,0,1,5,6,1,0,0,1,0,0,0,1,0,0,0,1,0,0,0,0
2250.76,3873.0,0,1,0,1,0,0,2,1,0,0,0,1,0,0,0,0,1,0,0,0,0,1,0
3526.63,4562.0,0,1,0,1,0,7,1,1,0,0,1,0,0,0,1,0,0,0,0,0,0,0,1
7285.7,4808.08,0,1,0,1,0,0,3,1,0,0,0,1,0,1,0,0,0,1,0,0,0,0,0
6110.48,2968.04,0,1,0,0,0,19,5,1,0,0,1,0,0,0,0,0,1,0,0,0,1,0,0
812.74,3163.87,0,0,1,1,1,19,1,1,0,0,0,0,1,1,0,0,0,0,0,0,0,0,1
6377.82,2350.06,0,1,0,1,0,11,4,1,0,0,1,0,0,0,1,0,0,0,0,1,0,0,0
4771.29,3635.56,0,1,0,0,0,3,3,1,0,0,0,1,0,0,0,1,0,1,0,0,0,0,0
9345.72,3382.61,0,1,0,1,0,16,4,1,0,0,1,0,0,0,0,0,1,0,0,1,0,0,0
2893.75,1714.85,0,1,0,1,0,2,6,1,0,0,1,0,0,0,0,1,0,0,1,0,0,0,0
7261.94,3777.43,0,1,0,1,0,5,2,1,0,0,0,1,0,0,0,0,1,0,0,0,0,1,0
7308.88,4220.08,0,1,0,1,0,10,6,1,0,0,1,0,0,0,0,0,1,0,1,0,0,0,0
2215.79,1724.18,0,1,0,1,0,2,5,1,0,0,0,1,0,0,0,0,1,0,0,0,1,0,0
9032.33,1656.86,1,1,0,0,0,10,6,1,0,0,0,0,1,0,0,1,0,0,1,0,0,0,0
4912.34,3556.33,0,0,0,1,0,13,5,1,0,0,0,1,0,0,0,0,1,0,0,0,1,0,0
6789.15,1464.7,0,1,0,0,0,17,5,1,0,0,0,0,1,1,0,0,0,0,0,0,1,0,0
1459.41,4238.27,0,1,0,1,0,1,3,1,0,0,1,0,0,0,1,0,0,1,0,0,0,0,0
2578.78,3571.88,0,1,0,0,0,22,4,1,0,0,0,1,0,0,0,0,1,0,0,1,0,0,0
5861.49,1129.62,0,1,1,0,1,2,5,1,0,0,1,0,0,0,0,0,1,0,0,0,1,0,0
3190.95,4081.64,0,1,0,0,1,18,4,1,0,0,0,0,1,1,0,0,0,0,0,1,0,0,0
4997.43,3039.6,0,1,0,1,0,4,5,1,0,0,0,0,1,0,0,1,0,0,0,0,1,0,0
3740.68,2984.62,0,1,0,1,0,23,1,1,0,0,1,0,0,0,0,1,0,0,0,0,0,0,1
6405.9,2247.57,1,1,0,0,1,22,3,1,0,0,0,1,0,1,0,0,0,1,0,0,0,0,0
4871.97,2133.89,0,1,0,1,1,6,6,1,0,0,0,1,0,0,0,0,1,0,1,0,0,0,0
47.09,3001.25,0,1,0,1,1,21,1,1,0,0,0,1,0,1,0,0,0,0,0,0,0,0,1
6497.16,1012.59,0,1,0,1,0,9,4,1,0,0,0,1,0,1,0,0,0,0,0,1,0,0,0
4221.79,4180.44,0,0,1,1,0,10,2,1,0,0,0,0,1,0,1,0,0,0,0,0,0,1,0
3417.64,4136.04,1,1,0,1,0,9,2,1,0,0,0,1,0,0,1,0,0,0,0,0,0,1,0
942.37,3942.23,0,1,0,1,0,1,3,1,0,0,1,0,0,0,0,0,1,1,0,0,0,0,0
2204.48,3410.06,0,0,0,1,0,21,6,1,0,0,0,0,1,1,0,0,0,0,1,0,0,0,0
2238.5,2182.31,0,1,0,1,0,22,4,1,0,0,1,0,0,0,0,1,0,0,0,1,0,0,0
9353.76,3631.93,0,1,0,1,1,10,1,1,0,0,1,0,0,0,0,1,0,0,0,0,0,0,1
4325.7,1516.59,0,1,0,0,0,3,6,1,0,0,1,0,0,0,1,0,0,0,1,0,0,0,0
421.62,2053.59,0,1,0,1,1,13,4,1,0,0,0,0,1,0,0,1,0,0,0,1,0,0,0
1389.03,1180.78,0,1,0,1,0,4,3,1,0,0,0,1,0,1,0,0,0,1,0,0,0,0,0
791.25,4437.9,0,1,0,1,0,4,5,1,0,0,1,0,0,0,1,0,0,0,0,0,1,0,0
5889.11,4313.41,0,1,0,1,0,20,2,1,0,0,1,0,0,0,1,0,0,0,0,0,0,1,0
1867.03,2803.4,0,1,0,1,0,18,6,1,0,0,0,1,0,0,0,0,1,0,1,0,0,0,0
4986.08,2750.41,0,0,0,0,0,11,5,1,0,0,0,1,0,0,1,0,0,0,0,0,1,0,0
3701.25,4703.96,0,1,0,0,1,4,1,1,0,0,0,1,0,0,1,0,0,0,0,0,0,0,1
8038.96,3700.61,0,1,0,1,0,22,4,1,0,0,0,1,0,0,0,1,0,0,0,1,0,0,0
3205.58,3837.24,0,0,0,1,1,3,2,1,0,0,1,0,0,0,1,0,0,0,0,0,0,1,0
4583.2,2437.01,0,0,0,0,1,19,5,1,0,0,0,0,1,0,1,0,0,0,0,0,1,0,0
7213.13,2166.55,0,1,0,0,0,16,4,1,0,0,0,1,0,0,0,0,1,0,0,1,0,0,0
4334.08,1457.49,0,1,0,1,0,23,4,1,0,0,0,1,0,0,0,0,1,0,0,1,0,0,0
7932.36,1290.09,0,1,0,1,0,14,3,1,0,0,1,0,0,0,1,0,0,1,0,0,0,0,0
6617.18,4622.09,0,1,0,1,0,16,2,1,0,0,0,1,0,0,0,1,0,0,0,0,0,1,0
4105.88,4625.43,0,1,0,0,0,6,2,1,0,0,1,0,0,1,0,0,0,0,0,0,0,1,0
5040.32,1908.07,0,0,0,1,0,0,4,1,0,0,1,0,0,0,0,1,0,0,0,1,0,0,0
9672.07,1149.51,0,0,0,0,0,15,6,1,0,0,1,0,0,1,0,0,0,0,1,0,0,0,0
6616.45,2385.8,0,1,0,1,0,5,6,1,0,0,1,0,0,0,0,0,1,0,1,0,0,0,0
9050.05,4807.57,0,1,0,1,0,16,1,1,0,0,0,1,0,0,1,0,0,0,0,0,0,0,1
1788.41,2220.23,0,0,0,0,0,12,3,1,0,0,0,0,1,0,0,1,0,1,0,0,0,0,0
4832.88,4460.95,0,1,1,0,1,4,3,1,0,0,0,1,0,0,0,1,0,1,0,0,0,0,0
9086.71,4265.46,0,1,0,0,0,12,1,1,0,0,0,0,1,1,0,0,0,0,0,0,0,0,1
3226.8,4777.66,0,1,0,1,0,6,1,1,0,0,0,1,0,1,0,0,0,0,0,0,0,0,1
9676.67,2986.83,0,1,0,1,0,2,5,1,0,0,1,0,0,0,1,0,0,0,0,0,1,0,0
971.68,4687.82,0,0,0,1,1,1,3,1,0,0,0,1,0,0,1,0,0,1,0,0,0,0,0
9026.81,3967.3,0,0,1,1,0,23,1,1,0,0,1,0,0,0,0,0,1,0,0,0,0,0,1
4452.68,4471.95,0,1,0,0,0,16,2,1,0,0,0,1,0,0,1,0,0,0,0,0,0,1,0
738.37,3933.39,0,1,0,1,0,17,1,1,0,0,1,0,0,0,0,1,0,0,0,0,0,0,1
8795.34,2844.75,0,1,0,1,0,20,6,1,0,0,0,0,1,0,0,1,0,0,1,0,0,0,0
2520.15,4676.26,0,1,0,1,0,9,2,1,0,0,1,0,0,0,0,1,0,0,0,0,0,1,0
223.48,4202.17,0,1,0,1,0,16,4,1,0,0,0,1,0,1,0,0,0,0,0,1,0,0,0
1358.94,3564.6,0,1,0,0,0,19,2,1,0,0,1,0,0,0,1,0,0,0,0,0,0,1,0
6591.49,2932.14,1,0,0,0,0,1,3,1,0,0,0,0,1,0,1,0,0,1,0,0,0,0,0
9778.14,1378.52,0,1,0,1,0,12,1,1,0,0,0,0,1,1,0,0,0,0,0,0,0,0,1
1115.51,4261.9,0,1,0,1,0,14,6,1,0,0,0,1,0,0,0,1,0,0,1,0,0,0,0
4620.02,2665.47,0,1,0,1,0,17,6,1,0,0,1,0,0,1,0,0,0,0,1,0,0,0,0
1807.18,2437.71,0,1,0,1,1,1,3,1,0,0,0,1,0,0,0,0,1,1,0,0,0,0,0
7450.62,1922.57,1,1,0,1,1,5,1,1,0,0,1,0,0,0,0,1,0,0,0,0,0,0,1
1181.47,3166.52,0,1,0,1,0,21,5,1,0,0,0,0,1,0,0,1,0,0,0,0,1,0,0
2399.18,4319.49,0,1,0,1,0,16,1,1,0,0,0,1,0,0,0,0,1,0,0,0,0,0,1
1964.86,2158.4,0,1,0,1,0,7,5,1,0,0,0,0,1,0,0,1,0,0,0,0,1,0,0
5525.65,4682.64,0,0,0,1,0,1,1,1,0,0,1,0,0,0,0,1,0,0,0,0,0,0,1
8731.97,2587.78,0,1,0,1,0,7,1,1,0,0,0,0,1,0,1,0,0,0,0,0,0,0,1
5111.39,4877.66,0,1,0,0,1,18,1,1,0,0,1,0,0,0,0,1,0,0,0,0,0,0,1
583.38,3706.52,0,1,0,1,0,18,1,1,0,0,0,1,0,0,0,1,0,0,0,0,0,0,1
5634.33,2468.86,0,1,0,1,0,23,3,1,0,0,1,0,0,1,0,0,0,1,0,0,0,0,0
7975.41,4934.53,0,1,0,1,1,2,1,1,0,0,1,0,0,0,0,0,1,0,0,0,0,0,1
1322.43,3377.24,0,1,0,1,0,3,4,1,0,0,0,1,0,0,0,1,0,0,0,1,0,0,0
728.04,4074.58,0,1,0,0,0,18,5,1,0,0,0,1,0,1,0,0,0,0,0,0,1,0,0
1878.89,2807.17,0,1,0,1,0,0,5,1,0,0,0,0,1,0,0,1,0,0,0,0,1,0,0
7461.12,1477.17,0,1,0,1,0,23,4,1,0,0,1,0,0,1,0,0,0,0,0,1,0,0,0
5917.21,4856.13,0,1,0,0,0,2,3,1,0,0,1,0,0,1,0,0,0,1,0,0,0,0,0
5406.41,2286.91,0,1,1,0,0,8,1,1,0,0,0,0,1,0,0,0,1,0,0,0,0,0,1
2495.55,4671.67,0,1,0,1,0,14,2,1,0,0,1,0,0,1,0,0,0,0,0,0,0,1,0
3323.03,4630.23,0,1,0,1,0,5,2,1,0,0,1,0,0,0,1,0,0,0,0,0,0,1,0
9658.88,1380.0,0,0,0,1,0,0,4,1,0,0,0,1,0,0,0,1,0,0,0,1,0,0,0
2407.01,1458.81,0,1,0,0,0,3,4,1,0,0,0,1,0,0,1,0,0,0,0,1,0,0,0
9016.55,3448.19,0,1,0,1,0,15,1,1,0,0,0,1,0,0,1,0,0,0,0,0,0,0,1
5805.73,1143.56,0,1,0,1,0,5,5,1,0,0,0,0,1,0,0,0,1,0,0,0,1,0,0
1233.84,2684.65,0,1,0,1,0,20,2,1,0,0,0,1,0,0,1,0,0,0,0,0,0,1,0
4673.66,3111.16,0,0,0,1,0,1,5,1,0,0,0,0,1,0,0,0,1,0,0,0,1,0,0
9485.54,1787.16,0,1,0,1,0,11,1,1,0,0,0,1,0,0,0,1,0,0,0,0,0,0,1
4186.24,4080.68,0,0,0,1,0,22,3,1,0,0,1,0,0,0,0,1,0,1,0,0,0,0,0
8634.0,2726.32,0,1,0,1,0,16,3,1,0,0,1,0,0,0,0,0,1,1,0,0,0,0,0
2565.03,2692.58,0,1,0,0,0,7,6,1,0,0,0,1,0,1,0,0,0,0,1,0,0,0,0
5709.65,1937.4,0,1,0,1,0,19,5,1,0,0,0,1,0,0,0,0,1,0,0,0,1,0,0
8438.68,4551.2,0,1,0,1,0,15,1,1,0,0,0,0,1,0,0,0,1,0,0,0,0,0,1
9206.96,1044.89,0,1,0,1,1,1,2,1,0,0,1,0,0,0,1,0,0,0,0,0,0,1,0
4858.75,1027.57,0,0,0,1,0,3,6,1,0,0,0,1,0,0,0,1,0,0,1,0,0,0,0
6397.24,4981.82,0,1,0,1,0,12,6,1,0,0,0,1,0,0,0,1,0,0,1,0,0,0,0
30.8,1084.34,0,1,0,1,1,11,4,1,0,0,1,0,0,0,0,1,0,0,0,1,0,0,0
2532.98,1620.57,0,1,0,1,0,20,3,1,0,0,0,1,0,0,0,0,1,1,0,0,0,0,0
2787.84,4531.69,0,1,0,1,0,6,6,1,0,0,1,0,0,0,0,0,1,0,1,0,0,0,0
935.84,3462.89,0,1,0,1,0,6,1,1,0,0,0,1,0,0,0,1,0,0,0,0,0,0,1
2797.67,3499.98,0,1,0,1,0,18,3,1,0,0,1,0,0,0,0,0,1,1,0,0,0,0,0
3211.9,2902.91,0,1,0,1,0,2,2,1,0,0,0,0,1,0,0,1,0,0,0,0,0,1,0
9687.69,1602.41,0,1,0,1,0,10,5,1,0,0,0,1,0,0,1,0,0,0,0,0,1,0,0
6686.36,2468.49,0,1,0,0,0,18,3,1,0,0,0,1,0,0,1,0,0,1,0,0,0,0,0
4260.62,3871.67,1,1,0,0,0,18,1,1,0,0,0,1,0,0,0,0,1,0,0,0,0,0,1
9880.56,2941.45,0,0,0,1,1,13,2,1,0,0,0,0,1,1,0,0,0,0,0,0,0,1,0
1533.17,3919.23,0,1,0,1,0,21,2,1,0,0,0,1,0,0,0,1,0,0,0,0,0,1,0
4761.04,1029.01,1,1,0,1,0,22,2,1,0,0,0,1,0,0,1,0,0,0,0,0,0,1,0
6470.98,3623.06,0,0,0,1,1,17,3,1,0,0,1,0,0,1,0,0,0,1,0,0,0,0,0
556.75,3371.79,0,1,0,1,0,22,1,1,0,0,0,1,0,0,1,0,0,0,0,0,0,0,1
7170.27,4897.56,0,0,0,1,0,11,6,1,0,0,0,1,0,0,0,1,0,0,1,0,0,0,0
999.57,4628.07,0,1,0,1,1,19,2,1,0,0,1,0,0,0,0,1,0,0,0,0,0,1,0
1403.68,3401.3,0,1,0,1,0,21,1,1,0,0,0,0,1,0,1,0,0,0,0,0,0,0,1
1597.74,3304.8,0,1,0,1,0,21,2,1,0,0,0,0,1,0,0,0,1,0,0,0,0,1,0
9288.97,1370.28,0,1,0,1,0,18,1,1,0,0,1,0,0,0,0,1,0,0,0,0,0,0,1
6832.67,4764.26,0,0,0,1,0,23,5,1,0,0,0,0,1,1,0,0,0,0,0,0,1,0,0
6554.62,3827.58,0,1,0,0,0,8,2,1,0,0,0,0,1,1,0,0,0,0,0,0,0,1,0
5555.38,3008.86,0,1,0,0,0,12,6,1,0,0,0,1,0,0,0,0,1,0,1,0,0,0,0
2928.77,4429.8,0,1,0,1,0,2,6,1,0,0,0,1,0,0,1,0,0,0,1,0,0,0,0
6209.28,3922.8,1,0,0,0,0,6,2,1,0,0,0,1,0,0,0,1,0,0,0,0,0,1,0
4102.09,3254.28,0,0,0,1,0,5,1,1,0,0,0,0,1,0,0,1,0,0,0,0,0,0,1
1455.02,3156.5,0,1,0,1,0,23,6,1,0,0,0,1,0,0,0,0,1,0,1,0,0,0,0
6896.28,4705.13,0,0,0,0,0,15,2,1,0,0,0,0,1,0,0,1,0,0,0,0,0,1,0
1296.69,4196.4,0,0,0,1,0,22,2,1,0,0,0,1,0,0,0,1,0,0,0,0,0,1,0
1907.5,2612.34,0,1,0,1,1,7,1,1,0,0,0,0,1,1,0,0,0,0,0,0,0,0,1
8177.18,3515.31,0,1,0,0,1,6,3,1,0,0,1,0,0,1,0,0,0,1,0,0,0,0,0
6601.51,1785.44,0,1,0,1,0,8,5,1,0,0,1,0,0,0,1,0,0,0,0,0,1,0,0
6310.28,4733.03,0,1,0,1,0,16,2,1,0,0,0,1,0,1,0,0,0,0,0,0,0,1,0
4182.61,3781.01,0,1,0,1,0,6,4,1,0,0,0,0,1,0,1,0,0,0,0,1,0,0,0
3963.41,4840.11,0,0,0,1,0,11,1,1,0,0,1,0,0,1,0,0,0,0,0,0,0,0,1
6902.94,2167.85,0,1,0,1,0,0,2,1,0,0,1,0,0,0,1,0,0,0,0,0,0,1,0
7400.32,2260.71,0,1,0,1,0,16,2,1,0,0,0,1,0,0,0,1,0,0,0,0,0,1,0
5102.62,4328.44,0,1,0,1,0,8,2,1,0,0,0,1,0,0,0,1,0,0,0,0,0,1,0
9692.72,2047.33,0,1,0,0,0,22,2,1,0,0,0,0,1,1,0,0,0,0,0,0,0,1,0
9557.04,2430.59,0,1,0,1,0,4,5,1,0,0,1,0,0,0,0,1,0,0,0,0,1,0,0
4124.88,4537.21,0,1,0,0,1,13,3,1,0,0,0,0,1,0,1,0,0,1,0,0,0,0,0
8206.4,3071.01,0,1,0,1,0,2,4,1,0,0,0,0,1,0,0,0,1,0,0,1,0,0,0
5433.14,2201.55,0,0,0,1,0,4,6,1,0,0,0,1,0,0,0,0,1,0,1,0,0,0,0
5118.05,2637.31,0,1,0,0,0,4,4,1,0,0,0,0,1,0,0,1,0,0,0,1,0,0,0
550.59,3847.65,0,0,0,1,0,19,5,1,0,0,0,0,1,0,0,1,0,0,0,0,1,0,0
5740.17,1634.66,0,0,0,1,0,21,6,1,0,0,1,0,0,1,0,0,0,0,1,0,0,0,0
9005.88,4848.64,0,1,0,1,0,23,4,1,0,0,0,0,1,1,0,0,0,0,0,1,0,0,0
7801.56,2971.68,0,1,0,1,0,3,2,1,0,0,1,0,0,0,1,0,0,0,0,0,0,1,0
7863.39,4059.69,0,1,0,1,1,2,1,1,0,0,1,0,0,0,1,0,0,0,0,0,0,0,1
1600.13,3807.87,0,0,0,1,0,17,3,1,0,0,0,0,1,0,0,0,1,1,0,0,0,0,0
3585.14,3722.95,1,1,0,1,0,5,2,1,0,0,0,0,1,0,1,0,0,0,0,0,0,1,0
2332.82,2680.2,0,1,0,1,1,5,1,1,0,0,1,0,0,0,0,1,0,0,0,0,0,0,1
3159.84,1169.39,1,1,0,1,0,8,5,1,0,0,0,0,1,0,0,1,0,0,0,0,1,0,0
5795.81,3965.79,0,0,0,0,0,6,3,1,0,0,1,0,0,1,0,0,0,1,0,0,0,0,0
3648.47,4815.11,0,1,0,1,0,7,2,1,0,0,0,0,1,0,0,1,0,0,0,0,0,1,0
5607.42,3020.11,0,1,0,0,0,6,1,1,0,0,1,0,0,0,1,0,0,0,0,0,0,0,1
4385.57,4815.33,0,1,0,1,0,7,3,1,0,0,1,0,0,0,1,0,0,1,0,0,0,0,0
2866.87,3139.6,0,1,1,1,0,21,4,1,0,0,0,1,0,1,0,0,0,0,0,1,0,0,0
954.94,1669.48,0,0,0,0,0,4,2,1,0,0,0,0,1,0,1,0,0,0,0,0,0,1,0
8918.49,1957.86,0,1,0,0,1,10,3,1,0,0,1,0,0,1,0,0,0,1,0,0,0,0,0
114.72,4458.87,0,1,0,0,0,1,4,1,0,0,1,0,0,0,0,1,0,0,0,1,0,0,0
17.52,3486.12,0,1,0,1,1,9,2,1,0,0,0,0,1,1,0,0,0,0,0,0,0,1,0
8268.15,2657.57,0,0,0,0,0,5,3,1,0,0,0,0,1,0,1,0,0,1,0,0,0,0,0
9968.11,4197.55,0,1,0,0,0,22,1,1,0,0,0,0,1,0,1,0,0,0,0,0,0,0,1
7271.3,3566.84,0,0,0,1,1,2,5,1,0,0,0,1,0,0,0,0,1,0,0,0,1,0,0
153.72,4489.14,0,1,0,0,0,17,1,1,0,0,0,0,1,1,0,0,0,0,0,0,0,0,1
2267.68,4883.77,0,1,0,0,0,4,2,1,0,0,0,1,0,0,1,0,0,0,0,0,0,1,0
9718.26,3604.95,0,1,0,0,1,5,3,1,0,0,0,0,1,0,0,0,1,1,0,0,0,0,0
8086.23,4882.89,0,1,0,0,0,9,1,1,0,0,0,1,0,0,0,1,0,0,0,0,0,0,1
5668.43,2881.54,0,0,0,1,0,23,5,1,0,0,0,0,1,0,0,1,0,0,0,0,1,0,0
2369.37,4359.94,0,1,0,0,0,17,5,1,0,0,0,1,0,0,0,1,0,0,0,0,1,0,0
144.69,4625.78,0,1,0,1,0,5,6,1,0,0,1,0,0,0,0,1,0,0,1,0,0,0,0
209.59,1180.69,0,1,0,1,0,8,4,1,0,0,0,1,0,0,0,1,0,0,0,1,0,0,0
6120.2,4460.37,0,0,0,1,0,19,6,1,0,0,0,1,0,1,0,0,0,0,1,0,0,0,0
219.3,2634.76,0,0,0,1,0,18,1,1,0,0,1,0,0,0,0,1,0,0,0,0,0,0,1
9936.31,2592.92,0,1,0,1,0,23,5,1,0,0,0,0,1,0,1,0,0,0,0,0,1,0,0
1834.65,4126.44,0,1,0,1,0,15,6,1,0,0,1,0,0,0,1,0,0,0,1,0,0,0,0
7107.36,1985.33,0,1,0,1,1,19,1,1,0,0,1,0,0,0,0,1,0,0,0,0,0,0,1
1551.44,1126.12,0,1,0,1,0,16,2,1,0,0,1,0,0,0,0,1,0,0,0,0,0,1,0
5401.39,2084.62,0,1,0,1,0,13,1,1,0,0,0,1,0,0,0,0,1,0,0,0,0,0,1
807.03,3593.76,0,1,0,1,0,9,2,1,0,0,1,0,0,1,0,0,0,0,0,0,0,1,0
7668.02,4813.72,0,1,0,1,1,19,5,1,0,0,0,0,1,0,1,0,0,0,0,0,1,0,0
5849.63,2582.89,0,1,1,0,0,3,5,1,0,0,0,1,0,0,1,0,0,0,0,0,1,0,0
862.58,4190.17,0,1,0,0,0,2,4,1,0,0,0,1,0,0,1,0,0,0,0,1,0,0,0
8486.01,1802.15,0,1,0,1,0,15,6,1,0,0,1,0,0,0,1,0,0,0,1,0,0,0,0
5470.64,4407.65,0,1,0,0,0,11,4,1,0,0,0,1,0,0,0,1,0,0,0,1,0,0,0
9216.0,4061.73,0,1,0,1,0,16,5,1,0,0,0,0,1,0,0,1,0,0,0,0,1,0,0
9166.32,2792.58,0,1,0,0,0,6,2,1,0,0,0,1,0,1,0,0,0,0,0,0,0,1,0
9205.16,4579.46,0,1,0,1,0,19,4,1,0,0,1,0,0,0,0,0,1,0,0,1,0,0,0
778.77,1151.47,0,1,0,1,0,4,1,1,0,0,1,0,0,0,0,1,0,0,0,0,0,0,1
1210.46,4143.6,0,1,0,0,0,20,3,1,0,0,1,0,0,0,1,0,0,1,0,0,0,0,0
9877.07,1140.81,0,1,1,1,0,17,5,1,0,0,0,1,0,0,0,0,1,0,0,0,1,0,0
4876.52,4459.98,0,1,0,0,0,6,3,1,0,0,1,0,0,0,1,0,0,1,0,0,0,0,0
2382.9,1707.12,0,1,0,0,0,6,6,1,0,0,0,1,0,1,0,0,0,0,1,0,0,0,0
7696.88,1153.13,0,1,0,0,0,21,5,1,0,0,1,0,0,0,0,1,0,0,0,0,1,0,0
2643.59,2235.14,1,1,0,0,0,7,5,1,0,0,1,0,0,1,0,0,0,0,0,0,1,0,0
7272.43,1714.95,0,1,0,1,1,7,5,1,0,0,1,0,0,0,1,0,0,0,0,0,1,0,0
8373.02,3607.3,0,1,0,0,0,19,1,1,0,0,0,0,1,0,0,1,0,0,0,0,0,0,1
7842.85,2889.45,0,1,0,1,0,14,2,1,0,0,0,0,1,0,0,1,0,0,0,0,0,1,0
2741.2,1518.97,0,1,0,1,0,16,4,1,0,0,1,0,0,0,0,1,0,0,0,1,0,0,0
4016.78,4664.55,0,0,0,1,0,22,4,1,0,0,1,0,0,0,0,1,0,0,0,1,0,0,0
4133.1,2471.18,0,1,0,0,0,3,6,1,0,0,0,1,0,1,0,0,0,0,1,0,0,0,0
4913.24,2131.37,0,1,0,0,0,11,1,1,0,0,0,1,0,0,0,1,0,0,0,0,0,0,1
1674.56,3792.22,0,1,0,1,0,18,4,1,0,0,0,0,1,0,0,0,1,0,0,1,0,0,0
4525.25,2574.0,0,1,0,0,0,7,6,1,0,0,0,1,0,0,0,1,0,0,1,0,0,0,0
5108.32,1582.02,0,1,0,0,0,18,2,1,0,0,0,1,0,0,1,0,0,0,0,0,0,1,0
5317.56,3329.5,0,1,0,1,0,22,2,1,0,0,0,1,0,1,0,0,0,0,0,0,0,1,0
8199.18,1121.45,0,1,0,1,0,3,1,1,0,0,0,1,0,0,0,0,1,0,0,0,0,0,1
5173.83,3508.7,0,1,0,0,0,0,3,1,0,0,0,0,1,0,1,0,0,1,0,0,0,0,0
2308.61,4470.22,0,1,1,1,0,20,3,1,0,0,0,0,1,0,0,1,0,1,0,0,0,0,0
6631.62,2048.07,0,1,0,0,0,20,3,1,0,0,0,1,0,0,1,0,0,1,0,0,0,0,0
7973.34,4409.28,0,1,0,1,0,15,2,1,0,0,0,1,0,1,0,0,0,0,0,0,0,1,0
3194.4,1980.16,0,1,0,1,0,16,1,1,0,0,0,0,1,1,0,0,0,0,0,0,0,0,1
6453.41,1809.84,0,1,0,1,0,11,3,1,0,0,1,0,0,0,0,1,0,1,0,0,0,0,0
1470.23,3861.54,0,1,0,1,0,15,6,1,0,0,0,1,0,0,0,0,1,0,1,0,0,0,0
3419.92,1262.04,0,1,0,1,0,2,4,1,0,0,1,0,0,1,0,0,0,0,0,1,0,0,0
9092.33,1162.54,1,1,0,0,0,8,4,1,0,0,0,1,0,1,0,0,0,0,0,1,0,0,0
9113.17,2823.93,0,0,0,1,0,14,2,1,0,0,0,0,1,0,0,0,1,0,0,0,0,1,0
5753.67,1136.37,0,0,0,1,0,22,3,1,0,0,0,1,0,0,0,1,0,1,0,0,0,0,0
7023.81,2986.72,0,1,1,1,1,21,1,1,0,0,1,0,0,0,1,0,0,0,0,0,0,0,1
8540.3,3597.71,0,1,0,0,0,22,5,1,0,0,0,0,1,0,0,1,0,0,0,0,1,0,0
9585.57,1912.84,0,0,0,1,0,4,5,1,0,0,0,1,0,0,0,1,0,0,0,0,1,0,0
4899.37,4595.49,0,1,0,0,0,12,2,1,0,0,0,1,0,0,1,0,0,0,0,0,0,1,0
5616.2,1801.11,0,1,0,1,0,2,3,1,0,0,0,0,1,0,1,0,0,1,0,0,0,0,0
4157.0,1949.98,0,1,0,1,0,0,5,1,0,0,0,1,0,0,0,1,0,0,0,0,1,0,0
720.75,4652.24,0,1,0,1,0,20,5,1,0,0,0,0,1,0,0,0,1,0,0,0,1,0,0
4228.61,3750.17,0,1,0,0,0,8,4,1,0,0,0,1,0,0,1,0,0,0,0,1,0,0,0
7906.48,3114.55,0,1,0,0,0,10,6,1,0,0,0,0,1,1,0,0,0,0,1,0,0,0,0
8049.05,2320.62,0,1,0,1,0,19,3,1,0,0,0,1,0,0,0,1,0,1,0,0,0,0,0
8923.88,4076.32,1,1,0,1,0,17,5,1,0,0,0,0,1,1,0,0,0,0,0,0,1,0,0
515.62,3353.36,0,1,0,1,0,9,1,1,0,0,0,0,1,1,0,0,0,0,0,0,0,0,1
5272.02,2367.71,1,1,1,1,1,6,1,1,0,0,0,1,0,0,1,0,0,0,0,0,0,0,1
1075.14,4303.89,0,1,0,1,0,10,6,1,0,0,0,0,1,0,0,0,1,0,1,0,0,0,0
2008.22,4178.34,0,1,0,0,1,21,1,1,0,0,0,1,0,1,0,0,0,0,0,0,0,0,1
9002.26,4763.43,0,1,0,1,0,5,6,1,0,0,0,1,0,0,0,1,0,0,1,0,0,0,0
4968.42,4979.5,0,1,0,1,0,1,6,1,0,0,0,1,0,0,1,0,0,0,1,0,0,0,0
7585.69,1046.13,0,1,0,0,0,10,4,1,0,0,0,0,1,1,0,0,0,0,0,1,0,0,0
644.78,2280.48,0,0,0,0,0,14,4,1,0,0,0,1,0,0,0,1,0,0,0,1,0,0,0
4168.85,1770.59,0,1,0,1,0,8,1,1,0,0,0,0,1,0,0,1,0,0,0,0,0,0,1
6742.73,1854.43,0,1,0,0,0,11,2,1,0,0,1,0,0,0,0,1,0,0,0,0,0,1,0
1334.93,4459.26,0,1,0,1,0,11,3,1,0,0,1,0,0,1,0,0,0,1,0,0,0,0,0
3258.85,4899.72,0,1,0,1,0,23,6,1,0,0,1,0,0,0,0,0,1,0,1,0,0,0,0
646.41,4760.27,0,1,0,1,0,17,6,1,0,0,0,1,0,1,0,0,0,0,1,0,0,0,0
6513.75,3785.88,0,1,0,1,1,20,2,1,0,0,0,0,1,0,0,0,1,0,0,0,0,1,0
9708.94,3219.83,0,1,0,0,0,0,5,1,0,0,0,1,0,0,0,0,1,0,0,0,1,0,0
8270.63,3552.01,0,1,0,1,0,8,2,1,0,0,0,0,1,0,1,0,0,0,0,0,0,1,0
9746.26,4422.71,0,1,0,0,0,4,3,1,0,0,1,0,0,0,1,0,0,1,0,0,0,0,0
8456.2,1028.14,0,0,0,0,0,21,6,1,0,0,1,0,0,0,0,0,1,0,1,0,0,0,0
8552.1,2713.02,0,0,0,0,0,17,5,1,0,0,1,0,0,1,0,0,0,0,0,0,1,0,0
5772.19,3026.29,0,1,0,0,0,20,6,1,0,0,0,1,0,0,0,0,1,0,1,0,0,0,0
5183.0,4693.84,0,1,0,1,0,0,1,1,0,0,0,1,0,0,0,0,1,0,0,0,0,0,1
4063.14,1688.3,0,1,0,0,0,18,3,1,0,0,0,0,1,0,0,0,1,1,0,0,0,0,0
8181.13,3977.42,0,1,0,1,0,9,2,1,0,0,0,0,1,0,0,1,0,0,0,0,0,1,0
1821.49,4696.06,1,1,0,0,0,23,6,1,0,0,1,0,0,0,0,0,1,0,1,0,0,0,0
563.19,4056.06,0,1,0,1,0,15,3,1,0,0,0,1,0,0,0,1,0,1,0,0,0,0,0
9478.99,1041.15,0,1,0,1,0,14,2,1,0,0,0,1,0,0,0,0,1,0,0,0,0,1,0
38.78,3637.78,0,1,0,1,0,22,2,1,0,0,0,0,1,1,0,0,0,0,0,0,0,1,0
9768.32,1838.13,0,1,0,1,0,13,1,1,0,0,0,0,1,0,1,0,0,0,0,0,0,0,1
7288.8,3420.5,0,1,0,1,0,15,4,1,0,0,0,1,0,0,1,0,0,0,0,1,0,0,0
3285.66,3284.65,0,1,0,1,1,19,3,1,0,0,0,1,0,0,0,1,0,1,0,0,0,0,0
6978.5,4828.19,0,1,0,0,0,2,2,1,0,0,0,0,1,0,0,0,1,0,0,0,0,1,0
8178.93,1761.15,0,0,0,0,0,19,6,1,0,0,0,1,0,1,0,0,0,0,1,0,0,0,0
2454.38,1202.03,0,1,0,1,0,14,2,1,0,0,0,1,0,0,0,1,0,0,0,0,0,1,0
7709.19,3445.11,0,1,1,1,0,15,3,1,0,0,1,0,0,1,0,0,0,1,0,0,0,0,0
8043.89,2375.75,1,0,1,0,0,22,2,1,0,0,0,1,0,0,0,0,1,0,0,0,0,1,0
2494.3,4000.86,0,1,0,0,0,14,1,1,0,0,0,1,0,0,1,0,0,0,0,0,0,0,1
420.22,4972.86,0,1,0,1,0,13,3,1,0,0,0,1,0,0,0,0,1,1,0,0,0,0,0
2042.02,2605.46,0,0,1,0,0,23,1,1,0,0,0,0,1,0,0,0,1,0,0,0,0,0,1
2007.26,1607.39,0,1,0,1,0,12,6,1,0,0,1,0,0,0,0,0,1,0,1,0,0,0,0
653.34,3216.45,0,1,0,1,0,6,1,1,0,0,0,0,1,0,1,0,0,0,0,0,0,0,1
7260.35,2384.71,0,1,0,1,0,6,6,1,0,0,1,0,0,0,1,0,0,0,1,0,0,0,0
3800.37,4178.72,0,1,0,1,0,23,1,1,0,0,1,0,0,0,0,1,0,0,0,0,0,0,1
8843.98,3137.37,0,1,1,0,1,7,4,1,0,0,0,1,0,0,0,1,0,0,0,1,0,0,0
2522.46,4632.74,0,1,0,1,0,13,5,1,0,0,1,0,0,0,0,1,0,0,0,0,1,0,0
4532.87,4352.69,1,1,0,0,0,20,4,1,0,0,1,0,0,0,1,0,0,0,0,1,0,0,0
6390.54,4656.47,0,1,0,1,0,11,3,1,0,0,0,1,0,0,1,0,0,1,0,0,0,0,0
8774.77,2196.22,0,1,0,1,0,3,5,1,0,0,0,1,0,0,0,0,1,0,0,0,1,0,0
5246.69,4611.06,1,1,0,1,0,17,1,1,0,0,1,0,0,0,0,0,1,0,0,0,0,0,1
3735.87,4465.72,0,1,0,1,0,3,4,1,0,0,0,0,1,1,0,0,0,0,0,1,0,0,0
8670.28,3508.04,0,1,0,0,0,7,4,1,0,0,1,0,0,1,0,0,0,0,0,1,0,0,0
3103.15,4641.76,0,1,0,0,0,12,4,1,0,0,0,0,1,0,0,1,0,0,0,1,0,0,0
795.16,1216.95,1,1,0,1,0,12,2,1,0,0,0,0,1,0,0,0,1,0,0,0,0,1,0
4450.98,4142.52,0,1,0,1,0,20,3,1,0,0,1,0,0,0,0,0,1,1,0,0,0,0,0
7851.15,1582.05,0,0,0,1,0,20,5,1,0,0,0,0,1,1,0,0,0,0,0,0,1,0,0
308.78,2363.63,1,1,0,1,0,22,3,1,0,0,1,0,0,0,0,1,0,1,0,0,0,0,0
5859.24,3918.34,0,1,0,1,0,7,5,1,0,0,0,0,1,0,0,0,1,0,0,0,1,0,0
5945.05,1838.74,0,1,0,1,0,20,3,1,0,0,0,0,1,1,0,0,0,1,0,0,0,0,0
9285.49,1924.82,0,1,0,1,0,8,4,1,0,0,1,0,0,0,0,1,0,0,0,1,0,0,0
2865.36,1848.19,0,1,0,1,0,17,2,1,0,0,0,1,0,0,0,1,0,0,0,0,0,1,0
2789.09,2824.95,0,0,0,0,1,20,2,1,0,0,0,1,0,0,0,1,0,0,0,0,0,1,0
4405.4,1323.94,0,1,0,0,0,16,2,1,0,0,1,0,0,1,0,0,0,0,0,0,0,1,0
3569.79,4546.09,0,1,0,1,0,4,6,1,0,0,1,0,0,0,0,0,1,0,1,0,0,0,0
7363.72,3918.9,0,1,0,1,0,1,1,1,0,0,0,1,0,1,0,0,0,0,0,0,0,0,1
6417.88,3054.04,0,1,0,1,0,9,5,1,0,0,0,1,0,0,0,0,1,0,0,0,1,0,0
7589.45,1336.84,0,0,0,1,0,3,5,1,0,0,0,0,1,0,0,0,1,0,0,0,1,0,0
8200.6,1497.31,0,1,0,1,1,1,4,1,0,0,0,0,1,0,0,0,1,0,0,1,0,0,0
9229.89,1393.87,0,0,0,1,0,19,1,1,0,0,0,0,1,0,1,0,0,0,0,0,0,0,1
4309.94,1059.0,0,1,0,1,0,12,4,1,0,0,0,1,0,0,1,0,0,0,0,1,0,0,0
9846.99,3668.36,0,1,0,1,1,11,1,1,0,0,1,0,0,0,1,0,0,0,0,0,0,0,1
2157.39,3040.6,0,1,0,1,0,10,2,1,0,0,0,0,1,0,0,1,0,0,0,0,0,1,0
7143.94,2528.26,1,1,0,1,1,16,5,1,0,0,1,0,0,0,0,0,1,0,0,0,1,0,0
5340.56,2390.13,0,1,0,1,0,4,1,1,0,0,0,1,0,0,0,1,0,0,0,0,0,0,1
8169.19,2845.55,0,0,0,0,1,20,6,1,0,0,0,0,1,1,0,0,0,0,1,0,0,0,0
4768.23,2899.84,0,1,0,0,1,2,1,1,0,0,0,1,0,0,0,0,1,0,0,0,0,0,1
7839.6,1556.31,0,1,0,1,0,23,5,1,0,0,1,0,0,0,1,0,0,0,0,0,1,0,0
9301.76,3126.14,1,1,0,1,0,14,2,1,0,0,0,0,1,1,0,0,0,0,0,0,0,1,0
7323.21,1192.11,0,1,0,1,0,14,2,1,0,0,1,0,0,0,1,0,0,0,0,0,0,1,0
7761.17,4754.59,0,0,0,1,0,18,1,1,0,0,1,0,0,1,0,0,0,0,0,0,0,0,1
672.69,3856.87,0,0,0,1,1,17,5,1,0,0,0,0,1,0,0,0,1,0,0,0,1,0,0
2050.37,1037.83,1,1,0,1,0,17,1,1,0,0,0,0,1,0,0,0,1,0,0,0,0,0,1
9743.06,2155.33,0,1,0,0,0,13,4,1,0,0,0,1,0,0,0,1,0,0,0,1,0,0,0
6932.18,4930.89,0,1,0,1,0,19,5,1,0,0,0,0,1,0,1,0,0,0,0,0,1,0,0
5614.93,1193.83,0,1,0,1,0,11,6,1,0,0,0,0,1,0,1,0,0,0,1,0,0,0,0
3670.4,1586.9,0,1,0,1,0,12,2,1,0,0,0,0,1,0,0,0,1,0,0,0,0,1,0
444.85,2908.46,0,0,0,1,0,9,3,1,0,0,0,0,1,0,0,1,0,1,0,0,0,0,0
3691.99,2413.8,0,0,0,1,0,22,2,1,0,0,0,0,1,0,0,1,0,0,0,0,0,1,0
4989.63,4940.92,0,0,0,1,0,2,5,1,0,0,0,1,0,0,1,0,0,0,0,0,1,0,0
2115.38,3158.37,0,0,1,1,0,15,2,1,0,0,1,0,0,0,0,0,1,0,0,0,0,1,0
1732.19,4764.78,0,1,0,1,1,10,6,1,0,0,0,1,0,0,1,0,0,0,1,0,0,0,0
5084.66,2507.28,0,0,0,1,0,5,5,1,0,0,1,0,0,0,0,0,1,0,0,0,1,0,0
5859.46,2088.37,0,1,0,0,0,12,2,1,0,0,0,0,1,0,1,0,0,0,0,0,0,1,0
2399.94,2153.68,0,1,0,1,0,22,5,1,0,0,0,1,0,0,0,0,1,0,0,0,1,0,0
5874.31,3546.39,0,0,1,0,0,5,1,1,0,0,1,0,0,0,0,1,0,0,0,0,0,0,1
9003.5,3416.06,0,1,0,1,0,20,1,1,0,0,1,0,0,0,0,1,0,0,0,0,0,0,1
4732.26,3214.4,0,1,0,1,0,17,2,1,0,0,0,0,1,0,1,0,0,0,0,0,0,1,0
8574.04,1756.28,0,1,0,1,0,3,6,1,0,0,0,0,1,0,0,1,0,0,1,0,0,0,0
9272.79,2053.78,0,1,0,1,0,22,5,1,0,0,1,0,0,0,1,0,0,0,0,0,1,0,0
924.85,2156.47,0,1,0,1,0,15,6,1,0,0,0,1,0,0,0,1,0,0,1,0,0,0,0
959.02,4464.94,0,1,0,1,0,16,3,1,0,0,1,0,0,0,1,0,0,1,0,0,0,0,0
4760.97,4269.33,1,1,0,1,1,15,2,1,0,0,0,1,0,0,0,1,0,0,0,0,0,1,0
5881.44,1820.11,1,0,0,1,1,3,4,1,0,0,0,1,0,0,0,0,1,0,0,1,0,0,0
4259.41,1585.7,0,1,0,0,0,22,5,1,0,0,1,0,0,0,0,1,0,0,0,0,1,0,0
3265.18,1408.56,0,1,0,1,0,14,4,1,0,0,0,1,0,0,0,0,1,0,0,1,0,0,0
6410.3,1270.55,1,1,0,1,0,21,3,1,0,0,1,0,0,0,0,1,0,1,0,0,0,0,0
21.81,4938.48,0,1,0,1,0,11,1,1,0,0,1,0,0,0,0,1,0,0,0,0,0,0,1
9680.76,4245.17,0,1,0,1,0,2,2,1,0,0,0,0,1,0,0,0,1,0,0,0,0,1,0
2321.56,1067.71,0,0,0,1,0,2,4,1,0,0,1,0,0,1,0,0,0,0,0,1,0,0,0
9171.07,1026.5,0,1,0,0,0,4,3,1,0,0,1,0,0,0,1,0,0,1,0,0,0,0,0
1091.04,3759.68,0,1,0,1,0,15,6,1,0,0,0,0,1,1,0,0,0,0,1,0,0,0,0
2381.63,2245.09,0,1,0,0,0,13,2,1,0,0,0,0,1,0,0,1,0,0,0,0,0,1,0
2349.5,1395.81,0,1,0,1,0,12,4,1,0,0,0,1,0,0,1,0,0,0,0,1,0,0,0
9961.53,2856.06,0,1,1,0,0,6,4,1,0,0,0,1,0,0,1,0,0,0,0,1,0,0,0
47.0,1075.35,0,1,0,0,0,3,6,1,0,0,0,0,1,0,1,0,0,0,1,0,0,0,0
6396.74,2699.52,0,1,0,1,1,5,5,1,0,0,0,0,1,0,1,0,0,0,0,0,1,0,0
8697.0,1950.31,0,1,0,1,1,17,5,1,0,0,0,0,1,0,0,0,1,0,0,0,1,0,0
6723.06,2059.51,1,1,0,0,1,13,4,1,0,0,1,0,0,1,0,0,0,0,0,1,0,0,0
3627.98,2144.92,0,0,0,0,1,4,1,1,0,0,1,0,0,1,0,0,0,0,0,0,0,0,1
9583.14,2230.81,0,1,0,1,0,5,5,1,0,0,1,0,0,0,0,0,1,0,0,0,1,0,0
8935.31,1080.17,0,1,0,1,0,8,1,1,0,0,0,0,1,1,0,0,0,0,0,0,0,0,1
4340.12,3280.82,1,1,0,0,0,15,3,1,0,0,0,1,0,0,0,1,0,1,0,0,0,0,0
5733.71,3191.56,0,1,0,1,0,15,3,1,0,0,0,1,0,0,1,0,0,1,0,0,0,0,0
9675.22,3603.23,0,1,0,1,0,11,5,1,0,0,1,0,0,0,0,1,0,0,0,0,1,0,0
9825.62,1639.66,0,0,0,0,0,17,5,1,0,0,1,0,0,0,0,1,0,0,0,0,1,0,0
4498.78,4979.27,0,0,0,1,0,8,2,1,0,0,0,0,1,1,0,0,0,0,0,0,0,1,0
8473.65,1543.29,0,1,1,0,0,15,5,1,0,0,0,0,1,0,0,0,1,0,0,0,1,0,0
3020.5,4246.22,0,1,0,1,0,2,6,1,0,0,0,1,0,0,0,0,1,0,1,0,0,0,0
3718.76,1881.44,0,1,0,0,0,18,1,1,0,0,0,1,0,0,0,1,0,0,0,0,0,0,1
1649.05,2756.15,0,1,0,0,0,21,3,1,0,0,0,0,1,0,1,0,0,1,0,0,0,0,0
2092.64,2296.81,0,1,0,1,0,10,6,1,0,0,0,1,0,0,0,1,0,0,1,0,0,0,0
6569.08,2230.84,0,1,0,1,0,18,3,1,0,0,0,1,0,0,1,0,0,1,0,0,0,0,0
5108.31,2946.05,0,0,0,1,0,17,3,1,0,0,1,0,0,0,1,0,0,1,0,0,0,0,0
2312.09,1958.51,0,1,0,1,0,18,1,1,0,0,0,0,1,0,0,1,0,0,0,0,0,0,1
4029.69,3187.42,0,1,0,0,0,14,1,1,0,0,0,0,1,0,0,1,0,0,0,0,0,0,1
3732.46,2002.73,0,0,0,1,0,10,6,1,0,0,0,0,1,1,0,0,0,0,1,0,0,0,0
9873.61,4891.67,0,0,0,0,1,13,5,1,0,0,1,0,0,0,1,0,0,0,0,0,1,0,0
8535.8,1957.64,0,1,0,1,1,17,6,1,0,0,0,0,1,0,0,1,0,0,1,0,0,0,0
3880.28,4058.49,1,1,0,0,0,6,2,1,0,0,0,1,0,1,0,0,0,0,0,0,0,1,0
9139.25,2878.87,0,1,0,1,1,18,2,1,0,0,1,0,0,0,1,0,0,0,0,0,0,1,0
3427.01,1151.68,0,1,0,0,0,8,6,1,0,0,1,0,0,0,0,1,0,0,1,0,0,0,0
6679.35,1610.81,0,1,0,1,0,18,5,1,0,0,0,0,1,0,1,0,0,0,0,0,1,0,0
9666.53,4714.24,0,0,0,0,1,18,5,1,0,0,0,1,0,0,1,0,0,0,0,0,1,0,0
3903.4,4281.14,0,1,0,1,0,21,3,1,0,0,0,0,1,0,0,0,1,1,0,0,0,0,0
6799.17,1576.59,0,1,1,0,0,23,3,1,0,0,0,1,0,1,0,0,0,1,0,0,0,0,0
2959.94,1204.2,0,1,0,0,0,8,4,1,0,0,0,0,1,0,0,0,1,0,0,1,0,0,0
2663.86,1610.84,0,1,0,1,0,21,3,1,0,0,0,1,0,0,0,0,1,1,0,0,0,0,0
5741.99,3335.72,0,0,1,1,0,22,5,1,0,0,0,1,0,0,0,0,1,0,0,0,1,0,0
9792.67,3534.27,0,1,0,0,0,10,2,1,0,0,0,1,0,0,0,1,0,0,0,0,0,1,0
4531.89,2515.66,1,1,1,1,0,3,2,1,0,0,1,0,0,0,0,0,1,0,0,0,0,1,0
9376.43,2123.55,0,0,0,0,0,7,1,1,0,0,0,0,1,0,0,0,1,0,0,0,0,0,1
9143.72,1827.64,0,1,0,0,0,5,4,1,0,0,0,0,1,0,1,0,0,0,0,1,0,0,0
2538.37,2755.49,0,0,0,0,0,5,6,1,0,0,0,0,1,0,0,0,1,0,1,0,0,0,0
4018.79,1090.24,0,1,0,1,0,1,5,1,0,0,1,0,0,0,1,0,0,0,0,0,1,0,0
6433.38,1034.82,0,1,0,1,0,17,1,1,0,0,0,1,0,1,0,0,0,0,0,0,0,0,1
5180.94,4191.07,0,1,0,1,0,8,1,1,0,0,1,0,0,0,1,0,0,0,0,0,0,0,1
960.49,3121.43,0,1,0,1,0,12,4,1,0,0,1,0,0,0,0,1,0,0,0,1,0,0,0
9936.99,4124.85,0,1,0,0,0,22,1,1,0,0,0,1,0,0,0,0,1,0,0,0,0,0,1
7526.79,1455.71,1,1,0,0,1,14,2,1,0,0,0,0,1,0,0,1,0,0,0,0,0,1,0
4377.5,4261.33,0,1,0,0,1,1,5,1,0,0,1,0,0,1,0,0,0,0,0,0,1,0,0
6182.07,4690.95,0,1,0,1,1,2,4,1,0,0,0,1,0,0,0,1,0,0,0,1,0,0,0
876.64,3133.49,1,1,0,1,0,2,1,1,0,0,0,1,0,0,1,0,0,0,0,0,0,0,1
4953.52,1421.75,0,1,0,1,0,20,2,1,0,0,0,0,1,0,0,0,1,0,0,0,0,1,0
9308.39,1493.0,0,1,0,1,1,19,5,1,0,0,0,1,0,0,1,0,0,0,0,0,1,0,0
8966.11,1776.73,0,0,0,1,0,1,2,1,0,0,0,1,0,0,0,1,0,0,0,0,0,1,0
3374.47,1741.04,0,0,0,1,0,13,6,1,0,0,0,1,0,0,1,0,0,0,1,0,0,0,0
5314.15,4779.48,0,1,0,1,0,17,5,1,0,0,0,0,1,0,0,1,0,0,0,0,1,0,0
6974.14,4201.18,0,0,0,1,0,11,2,1,0,0,0,0,1,0,0,1,0,0,0,0,0,1,0
3400.75,2272.57,0,1,0,1,1,21,2,1,0,0,0,1,0,0,0,1,0,0,0,0,0,1,0
649.73,4266.31,0,0,0,1,0,6,4,1,0,0,0,1,0,0,0,1,0,0,0,1,0,0,0
5054.91,4088.54,0,0,0,1,0,1,4,1,0,0,0,0,1,1,0,0,0,0,0,1,0,0,0
6016.76,2421.06,0,1,0,0,0,18,4,1,0,0,0,0,1,0,0,0,1,0,0,1,0,0,0
59.41,1119.94,0,1,0,1,1,9,3,1,0,0,0,0,1,0,1,0,0,1,0,0,0,0,0
956.66,1034.98,0,1,0,1,1,3,2,1,0,0,1,0,0,0,1,0,0,0,0,0,0,1,0
2073.7,2302.49,0,1,0,1,0,16,6,1,0,0,0,0,1,0,1,0,0,0,1,0,0,0,0
3481.17,1181.58,0,1,0,1,1,14,2,1,0,0,0,1,0,0,0,1,0,0,0,0,0,1,0
5410.97,1484.38,0,1,0,1,0,8,3,1,0,0,0,0,1,0,0,1,0,1,0,0,0,0,0
2939.14,2017.76,0,1,0,1,0,18,2,1,0,0,0,1,0,0,0,0,1,0,0,0,0,1,0
2762.56,1716.09,1,1,0,1,0,5,4,1,0,0,0,1,0,0,0,0,1,0,0,1,0,0,0
8693.62,1579.09,0,0,0,0,0,1,3,1,0,0,0,1,0,0,0,0,1,1,0,0,0,0,0
1451.36,2048.57,0,1,1,0,0,16,4,1,0,0,0,0,1,0,1,0,0,0,0,1,0,0,0
4955.11,3947.57,0,0,0,0,1,13,4,1,0,0,0,0,1,0,0,0,1,0,0,1,0,0,0
9528.29,2777.74,0,0,0,1,1,12,1,1,0,0,0,0,1,0,0,1,0,0,0,0,0,0,1
6250.51,3652.8,0,1,0,1,0,0,5,1,0,0,0,0,1,0,0,0,1,0,0,0,1,0,0
7172.34,4715.04,0,1,0,1,0,7,6,1,0,0,0,0,1,1,0,0,0,0,1,0,0,0,0
4312.94,1005.42,0,1,0,0,0,23,3,1,0,0,1,0,0,0,0,1,0,1,0,0,0,0,0
200.3,4805.0,0,1,0,1,1,14,4,1,0,0,0,0,1,1,0,0,0,0,0,1,0,0,0
6461.66,2116.56,0,1,0,1,0,10,3,1,0,0,1,0,0,0,0,0,1,1,0,0,0,0,0
6319.61,2150.03,0,1,0,1,0,19,6,1,0,0,0,1,0,1,0,0,0,0,1,0,0,0,0
1105.17,3517.64,0,1,0,0,0,20,4,1,0,0,0,1,0,0,0,1,0,0,0,1,0,0,0
4622.13,2443.42,0,1,0,1,1,1,3,1,0,0,0,1,0,0,1,0,0,1,0,0,0,0,0
9153.37,1321.83,0,1,0,0,0,3,1,1,0,0,0,1,0,0,0,1,0,0,0,0,0,0,1
2051.64,3845.79,0,1,0,1,0,11,5,1,0,0,1,0,0,0,0,1,0,0,0,0,1,0,0
4611.53,1732.75,0,1,0,1,0,23,1,1,0,0,1,0,0,0,0,1,0,0,0,0,0,0,1
4611.57,4717.49,1,1,0,0,0,3,1,1,0,0,0,1,0,1,0,0,0,0,0,0,0,0,1
8107.8,4951.45,0,1,0,1,1,7,2,1,0,0,0,0,1,0,0,1,0,0,0,0,0,1,0
8245.93,1724.89,0,1,0,1,0,19,4,1,0,0,0,1,0,0,0,1,0,0,0,1,0,0,0
7592.93,4014.74,0,0,0,1,0,9,2,1,0,0,0,1,0,0,0,1,0,0,0,0,0,1,0
3655.18,4967.29,0,1,0,1,0,18,1,1,0,0,1,0,0,0,0,0,1,0,0,0,0,0,1
721.3,4821.23,0,1,0,1,0,9,3,1,0,0,0,1,0,1,0,0,0,1,0,0,0,0,0
3495.48,3259.66,0,1,0,0,0,2,2,1,0,0,1,0,0,0,0,0,1,0,0,0,0,1,0
6798.23,2248.11,1,0,1,0,0,22,4,1,0,0,1,0,0,0,0,1,0,0,0,1,0,0,0
7027.76,1046.65,0,1,0,1,0,16,5,1,0,0,0,1,0,0,0,0,1,0,0,0,1,0,0
9650.04,4592.94,0,1,0,0,0,19,1,1,0,0,0,0,1,0,1,0,0,0,0,0,0,0,1
4536.96,1142.38,0,1,0,0,0,1,2,1,0,0,1,0,0,0,0,1,0,0,0,0,0,1,0
6324.72,3305.69,0,1,0,1,0,23,3,1,0,0,1,0,0,0,0,0,1,1,0,0,0,0,0
5392.37,1744.6,0,1,0,1,0,20,1,1,0,0,1,0,0,0,0,1,0,0,0,0,0,0,1
1507.03,1967.93,0,1,0,1,0,5,6,1,0,0,0,1,0,0,1,0,0,0,1,0,0,0,0
4612.56,1093.41,0,1,0,1,0,13,3,1,0,0,0,1,0,0,0,1,0,1,0,0,0,0,0
5448.81,1147.63,0,1,0,0,0,22,6,1,0,0,1,0,0,0,0,1,0,0,1,0,0,0,0
9507.55,2400.82,0,0,0,0,0,8,1,1,0,0,0,0,1,0,0,0,1,0,0,0,0,0,1
3666.02,4510.24,0,1,0,1,0,19,1,1,0,0,0,1,0,0,0,1,0,0,0,0,0,0,1
9801.01,3263.33,0,1,0,1,0,13,1,1,0,0,0,0,1,0,1,0,0,0,0,0,0,0,1
5423.46,3153.23,1,1,0,0,0,17,2,1,0,0,0,0,1,0,1,0,0,0,0,0,0,1,0
2425.45,3481.21,0,1,0,1,0,19,4,1,0,0,0,1,0,0,0,0,1,0,0,1,0,0,0
1917.45,3141.33,1,0,0,1,0,4,3,1,0,0,1,0,0,0,0,1,0,1,0,0,0,0,0
1417.81,2216.98,0,0,0,1,1,3,2,1,0,0,0,0,1,1,0,0,0,0,0,0,0,1,0
4529.88,4519.88,0,1,0,1,0,3,4,1,0,0,1,0,0,0,0,1,0,0,0,1,0,0,0
220.24,2902.41,0,0,0,1,0,11,4,1,0,0,0,0,1,1,0,0,0,0,0,1,0,0,0
4451.01,4010.61,0,0,0,1,1,18,3,1,0,0,1,0,0,0,0,1,0,1,0,0,0,0,0
9884.06,4648.18,0,0,0,1,0,18,4,1,0,0,0,1,0,0,1,0,0,0,0,1,0,0,0
6701.4,1014.91,0,0,0,0,1,6,4,1,0,0,0,0,1,0,1,0,0,0,0,1,0,0,0
7598.1,2912.55,0,1,0,1,1,15,2,1,0,0,0,0,1,0,0,1,0,0,0,0,0,1,0
1190.93,3418.46,0,1,0,0,1,9,3,1,0,0,0,0,1,0,0,1,0,1,0,0,0,0,0
4731.54,3009.57,0,1,0,0,0,17,1,1,0,0,1,0,0,0,1,0,0,0,0,0,0,0,1
2862.94,4609.66,0,1,0,0,1,2,1,1,0,0,0,0,1,0,0,1,0,0,0,0,0,0,1
8941.08,4760.19,0,1,0,1,0,20,2,1,0,0,0,0,1,0,0,1,0,0,0,0,0,1,0
1813.74,1537.16,0,1,0,0,0,22,4,1,0,0,1,0,0,0,0,0,1,0,0,1,0,0,0
4587.87,2209.85,0,1,0,1,0,21,5,1,0,0,1,0,0,0,0,0,1,0,0,0,1,0,0
5880.89,2055.52,0,1,0,1,1,1,1,1,0,0,0,1,0,0,0,0,1,0,0,0,0,0,1
5140.9,2987.07,1,0,0,1,1,8,3,1,0,0,1,0,0,1,0,0,0,1,0,0,0,0,0
8302.61,2528.42,1,0,0,1,0,15,2,1,0,0,0,0,1,0,1,0,0,0,0,0,0,1,0
2315.3,2436.86,0,1,0,0,0,2,2,1,0,0,0,0,1,0,0,1,0,0,0,0,0,1,0
3774.53,3135.6,0,1,0,1,0,3,5,1,0,0,0,1,0,0,1,0,0,0,0,0,1,0,0
7921.05,2960.27,0,0,0,1,0,5,4,1,0,0,0,1,0,0,0,1,0,0,0,1,0,0,0
5281.19,2861.5,0,1,0,1,0,17,5,1,0,0,0,0,1,0,0,1,0,0,0,0,1,0,0
4021.77,1452.86,0,1,0,1,1,0,1,1,0,0,1,0,0,0,1,0,0,0,0,0,0,0,1
295.4,3157.06,0,1,0,1,0,7,2,1,0,0,0,0,1,1,0,0,0,0,0,0,0,1,0
7534.1,1235.84,0,1,0,0,0,4,6,1,0,0,0,1,0,1,0,0,0,0,1,0,0,0,0
9721.85,3465.4,0,1,0,1,0,8,4,1,0,0,0,0,1,1,0,0,0,0,0,1,0,0,0
6203.25,3493.75,0,1,0,1,0,1,1,1,0,0,0,0,1,1,0,0,0,0,0,0,0,0,1
8565.56,2042.36,0,1,0,1,1,5,1,1,0,0,0,0,1,0,0,0,1,0,0,0,0,0,1
5169.24,1541.25,0,1,0,0,0,22,6,1,0,0,0,1,0,0,1,0,0,0,1,0,0,0,0
2317.58,4193.1,0,0,0,1,0,23,2,1,0,0,0,1,0,1,0,0,0,0,0,0,0,1,0
145.41,4081.53,0,1,1,1,0,22,6,1,0,0,0,1,0,1,0,0,0,0,1,0,0,0,0
6534.33,4784.03,0,1,0,0,0,8,4,1,0,0,1,0,0,1,0,0,0,0,0,1,0,0,0
4931.6,2785.24,0,1,0,1,0,3,2,1,0,0,0,1,0,1,0,0,0,0,0,0,0,1,0
7821.2,2262.21,0,1,0,0,0,22,1,1,0,0,1,0,0,0,0,0,1,0,0,0,0,0,1
6947.13,2210.43,0,1,0,0,0,18,2,1,0,0,1,0,0,0,0,1,0,0,0,0,0,1,0
9879.54,1720.73,0,1,0,1,1,4,4,1,0,0,0,1,0,1,0,0,0,0,0,1,0,0,0
5103.62,2398.93,1,0,0,1,0,18,2,1,0,0,1,0,0,0,0,0,1,0,0,0,0,1,0
4272.32,1511.19,0,1,0,1,0,0,3,1,0,0,1,0,0,0,0,0,1,1,0,0,0,0,0
2868.11,4488.14,0,0,1,1,1,2,5,1,0,0,0,0,1,0,0,0,1,0,0,0,1,0,0
4769.14,2387.52,0,0,0,1,1,6,1,1,0,0,1,0,0,0,0,1,0,0,0,0,0,0,1
8728.84,3189.12,0,0,0,0,0,3,6,1,0,0,1,0,0,0,1,0,0,0,1,0,0,0,0
425.35,1266.33,0,1,0,1,0,11,1,1,0,0,0,1,0,1,0,0,0,0,0,0,0,0,1
9779.02,2122.94,0,0,0,1,0,5,1,1,0,0,0,0,1,0,0,1,0,0,0,0,0,0,1
9933.08,1894.17,0,1,0,0,0,5,1,1,0,0,1,0,0,0,0,0,1,0,0,0,0,0,1
5978.62,4547.85,0,1,0,0,0,7,6,1,0,0,1,0,0,0,0,1,0,0,1,0,0,0,0
3316.11,1720.06,0,1,0,1,0,1,3,1,0,0,1,0,0,0,1,0,0,1,0,0,0,0,0
2231.27,4182.11,1,1,0,1,0,19,2,1,0,0,0,1,0,0,0,0,1,0,0,0,0,1,0
2765.63,2130.67,0,0,0,0,0,1,5,1,0,0,0,1,0,0,1,0,0,0,0,0,1,0,0
502.0,1844.65,0,1,0,0,0,2,3,1,0,0,0,0,1,0,1,0,0,1,0,0,0,0,0
4751.63,1038.64,0,1,0,0,0,10,3,1,0,0,1,0,0,0,0,0,1,1,0,0,0,0,0
574.19,2166.25,0,1,0,1,1,4,2,1,0,0,0,0,1,1,0,0,0,0,0,0,0,1,0
7185.02,1281.15,0,1,0,1,0,22,5,1,0,0,0,1,0,0,1,0,0,0,0,0,1,0,0
3719.92,2448.53,0,0,0,0,1,14,2,1,0,0,1,0,0,0,0,0,1,0,0,0,0,1,0
1994.45,1211.62,0,0,0,0,0,14,3,1,0,0,1,0,0,0,0,1,0,1,0,0,0,0,0
5448.99,1256.91,1,1,0,1,0,13,2,1,0,0,0,0,1,0,0,1,0,0,0,0,0,1,0
9737.62,2418.18,0,1,0,1,0,20,4,1,0,0,1,0,0,0,1,0,0,0,0,1,0,0,0
6951.62,2792.01,0,1,0,0,0,16,1,1,0,0,0,1,0,0,0,0,1,0,0,0,0,0,1
4917.98,2329.65,0,1,0,1,0,2,3,1,0,0,0,0,1,0,1,0,0,1,0,0,0,0,0
7769.37,1094.78,1,1,0,0,1,10,2,1,0,0,0,0,1,1,0,0,0,0,0,0,0,1,0
7375.03,1712.37,0,0,0,0,0,3,6,1,0,0,1,0,0,0,0,1,0,0,1,0,0,0,0
8917.46,4756.2,0,0,0,1,0,9,1,1,0,0,0,1,0,1,0,0,0,0,0,0,0,0,1
2047.48,3286.94,0,1,0,1,0,18,2,1,0,0,1,0,0,0,1,0,0,0,0,0,0,1,0
8588.92,4415.94,1,1,0,0,0,21,4,1,0,0,0,0,1,1,0,0,0,0,0,1,0,0,0
3010.96,1205.32,0,1,0,1,0,16,4,1,0,0,0,0,1,1,0,0,0,0,0,1,0,0,0
9410.05,1030.29,0,0,0,1,0,0,4,1,0,0,0,1,0,0,1,0,0,0,0,1,0,0,0
2811.37,4127.01,0,1,0,1,0,15,5,1,0,0,0,0,1,0,1,0,0,0,0,0,1,0,0
9268.56,2537.92,0,1,0,1,0,2,4,1,0,0,0,1,0,0,1,0,0,0,0,1,0,0,0
9637.94,2476.57,0,1,0,1,0,19,5,1,0,0,1,0,0,1,0,0,0,0,0,0,1,0,0
1455.77,1952.87,0,1,0,1,1,19,5,1,0,0,0,1,0,0,0,0,1,0,0,0,1,0,0
9745.02,1642.18,0,1,0,0,0,23,2,1,0,0,1,0,0,0,0,0,1,0,0,0,0,1,0
858.14,4313.82,0,1,0,1,0,12,3,1,0,0,1,0,0,0,0,0,1,1,0,0,0,0,0
2186.46,1245.63,0,1,0,1,0,8,6,1,0,0,0,0,1,1,0,0,0,0,1,0,0,0,0
4442.24,2993.42,0,1,0,1,0,11,4,1,0,0,1,0,0,0,0,1,0,0,0,1,0,0,0
9935.98,2441.73,0,1,0,0,0,10,3,1,0,0,0,0,1,0,0,1,0,1,0,0,0,0,0
4886.14,2101.67,0,1,1,1,0,20,6,1,0,0,0,1,0,0,1,0,0,0,1,0,0,0,0
5504.54,4042.97,0,1,0,1,0,15,5,1,0,0,0,1,0,0,0,0,1,0,0,0,1,0,0
6944.56,4515.81,0,1,0,1,0,21,5,1,0,0,1,0,0,0,0,1,0,0,0,0,1,0,0
9682.97,1779.96,0,1,0,0,1,0,5,1,0,0,0,1,0,0,0,0,1,0,0,0,1,0,0
7833.73,1308.04,0,1,0,1,0,9,3,1,0,0,1,0,0,1,0,0,0,1,0,0,0,0,0
2242.32,2500.21,0,0,0,1,0,22,1,1,0,0,0,1,0,0,1,0,0,0,0,0,0,0,1
3030.61,2760.53,0,1,0,0,0,12,6,1,0,0,1,0,0,0,1,0,0,0,1,0,0,0,0
977.18,1212.54,0,1,0,1,0,11,4,1,0,0,1,0,0,0,1,0,0,0,0,1,0,0,0
6444.88,2880.14,0,1,0,1,0,1,1,1,0,0,0,1,0,0,1,0,0,0,0,0,0,0,1
1808.22,4804.58,0,1,0,0,0,3,4,1,0,0,0,1,0,0,1,0,0,0,0,1,0,0,0
2574.79,2542.52,0,0,0,0,1,18,1,1,0,0,0,1,0,0,1,0,0,0,0,0,0,0,1
8881.25,4600.04,0,0,0,1,0,13,5,1,0,0,0,1,0,0,1,0,0,0,0,0,1,0,0
3268.23,4394.3,0,0,0,1,0,10,3,1,0,0,1,0,0,0,0,0,1,1,0,0,0,0,0
5666.9,2746.29,0,1,0,1,0,12,2,1,0,0,1,0,0,0,0,1,0,0,0,0,0,1,0
3976.26,3826.05,0,1,0,1,0,1,1,1,0,0,0,1,0,0,0,0,1,0,0,0,0,0,1
741.24,1836.24,0,1,1,0,0,15,5,1,0,0,0,1,0,0,0,0,1,0,0,0,1,0,0
3629.28,1540.44,0,1,1,1,0,7,5,1,0,0,0,0,1,0,0,1,0,0,0,0,1,0,0
4081.27,1008.47,0,1,0,1,0,11,5,1,0,0,1,0,0,0,0,0,1,0,0,0,1,0,0
8957.12,1293.3,0,1,0,0,0,12,6,1,0,0,1,0,0,0,1,0,0,0,1,0,0,0,0
3245.18,3513.3,0,0,0,0,0,21,3,1,0,0,0,1,0,0,0,0,1,1,0,0,0,0,0
3793.03,4541.63,0,1,0,1,0,0,2,1,0,0,0,0,1,0,1,0,0,0,0,0,0,1,0
7829.18,4911.36,0,0,0,1,1,6,3,1,0,0,0,1,0,0,0,1,0,1,0,0,0,0,0
7589.81,2929.88,0,1,0,1,0,10,4,1,0,0,1,0,0,0,0,0,1,0,0,1,0,0,0
7983.05,1561.97,0,0,0,0,0,12,5,1,0,0,1,0,0,1,0,0,0,0,0,0,1,0,0
9537.75,1000.58,0,1,0,1,0,20,6,1,0,0,0,0,1,0,0,0,1,0,1,0,0,0,0
7955.78,4939.56,0,1,0,1,0,5,4,1,0,0,0,1,0,0,0,1,0,0,0,1,0,0,0
4076.67,4271.32,0,1,0,1,0,5,1,1,0,0,0,0,1,1,0,0,0,0,0,0,0,0,1
8215.26,3094.68,0,0,0,0,0,13,3,1,0,0,0,1,0,0,1,0,0,1,0,0,0,0,0
5087.24,1982.39,0,1,0,0,0,18,1,1,0,0,0,0,1,1,0,0,0,0,0,0,0,0,1
2777.86,3070.86,0,1,0,1,1,11,1,1,0,0,0,1,0,0,1,0,0,0,0,0,0,0,1
3029.87,4354.19,0,0,0,0,0,3,4,1,0,0,0,1,0,0,0,1,0,0,0,1,0,0,0
2239.2,3223.95,0,1,1,1,0,4,6,1,0,0,0,1,0,0,1,0,0,0,1,0,0,0,0
1450.78,4982.04,0,0,0,1,0,11,5,1,0,0,1,0,0,0,0,1,0,0,0,0,1,0,0
1845.72,1426.9,0,1,0,0,0,2,4,1,0,0,0,1,0,0,0,0,1,0,0,1,0,0,0
632.72,4930.11,0,1,0,0,0,13,5,1,0,0,1,0,0,1,0,0,0,0,0,0,1,0,0
8884.62,3338.58,0,1,0,1,0,11,5,1,0,0,0,0,1,1,0,0,0,0,0,0,1,0,0
9310.15,3271.79,0,1,0,1,0,17,1,1,0,0,0,1,0,1,0,0,0,0,0,0,0,0,1
5868.12,2436.59,0,1,0,0,0,6,6,1,0,0,1,0,0,0,1,0,0,0,1,0,0,0,0
8405.06,1163.62,0,1,0,1,0,23,4,1,0,0,0,0,1,0,0,1,0,0,0,1,0,0,0
1836.53,4041.78,0,0,0,1,0,7,5,1,0,0,0,1,0,0,0,0,1,0,0,0,1,0,0
9016.84,2103.47,0,0,0,0,0,6,5,1,0,0,0,0,1,0,0,1,0,0,0,0,1,0,0
5064.11,2400.16,1,0,0,1,0,15,1,1,0,0,1,0,0,1,0,0,0,0,0,0,0,0,1
672.58,3134.82,1,1,0,1,0,19,2,1,0,0,1,0,0,0,1,0,0,0,0,0,0,1,0
1413.99,1227.85,0,1,0,0,0,8,1,1,0,0,0,1,0,0,0,0,1,0,0,0,0,0,1
3090.46,1043.16,0,1,0,0,0,1,6,1,0,0,1,0,0,0,0,0,1,0,1,0,0,0,0
436.53,1419.76,0,1,0,1,0,22,6,1,0,0,1,0,0,0,1,0,0,0,1,0,0,0,0
3093.62,3941.4,1,0,0,1,0,15,4,1,0,0,0,0,1,0,0,1,0,0,0,1,0,0,0
600.24,1762.17,0,1,0,1,0,8,5,1,0,0,0,1,0,0,1,0,0,0,0,0,1,0,0
2361.04,3057.1,0,1,0,0,0,9,2,1,0,0,0,1,0,1,0,0,0,0,0,0,0,1,0
2657.43,1743.61,0,1,0,1,0,15,1,1,0,0,0,1,0,1,0,0,0,0,0,0,0,0,1
9943.7,2138.96,0,1,0,0,1,1,4,1,0,0,0,0,1,1,0,0,0,0,0,1,0,0,0
2356.23,1151.68,0,1,0,1,0,9,1,1,0,0,1,0,0,0,0,0,1,0,0,0,0,0,1
2392.63,2465.85,0,1,0,0,1,13,5,1,0,0,0,1,0,1,0,0,0,0,0,0,1,0,0
6868.2,1545.45,1,1,0,1,0,7,3,1,0,0,0,1,0,0,0,1,0,1,0,0,0,0,0
8593.72,3232.49,0,1,0,0,0,7,1,1,0,0,0,0,1,0,0,0,1,0,0,0,0,0,1
3871.17,4344.82,0,0,0,1,0,2,1,1,0,0,0,0,1,0,0,1,0,0,0,0,0,0,1
8756.3,4513.48,0,1,0,0,0,6,4,1,0,0,0,1,0,0,0,0,1,0,0,1,0,0,0
3402.08,4733.47,0,1,0,1,1,16,2,1,0,0,0,1,0,0,0,1,0,0,0,0,0,1,0
1970.96,1495.58,0,1,0,1,0,15,5,1,0,0,0,0,1,1,0,0,0,0,0,0,1,0,0
3297.06,3065.81,0,1,0,1,1,3,4,1,0,0,0,0,1,0,0,0,1,0,0,1,0,0,0
6093.95,1459.04,0,1,0,1,0,15,1,1,0,0,0,0,1,0,0,1,0,0,0,0,0,0,1
3672.06,2225.84,0,1,0,1,0,18,3,1,0,0,0,0,1,0,0,0,1,1,0,0,0,0,0
6729.27,1925.3,0,1,0,0,1,8,4,1,0,0,1,0,0,0,0,0,1,0,0,1,0,0,0
2370.12,1049.81,0,1,0,1,1,17,6,1,0,0,1,0,0,1,0,0,0,0,1,0,0,0,0
7010.23,4727.32,0,0,0,1,0,2,5,1,0,0,0,1,0,0,0,0,1,0,0,0,1,0,0
3475.04,4126.81,0,1,0,1,0,19,2,1,0,0,1,0,0,0,1,0,0,0,0,0,0,1,0
4559.23,3075.96,0,1,0,0,0,0,4,1,0,0,0,0,1,0,0,1,0,0,0,1,0,0,0
5577.89,2379.49,0,1,0,0,0,13,3,1,0,0,0,1,0,0,1,0,0,1,0,0,0,0,0
6862.56,2646.38,0,1,0,0,0,9,4,1,0,0,0,0,1,0,0,0,1,0,0,1,0,0,0
2387.9,1820.76,0,0,0,0,0,16,2,1,0,0,1,0,0,0,0,1,0,0,0,0,0,1,0
8359.62,4872.8,1,0,0,0,0,9,3,1,0,0,0,0,1,0,1,0,0,1,0,0,0,0,0
7218.71,2141.92,0,1,0,0,0,3,2,1,0,0,0,1,0,0,1,0,0,0,0,0,0,1,0
2341.75,1298.82,0,1,0,0,0,2,6,1,0,0,1,0,0,1,0,0,0,0,1,0,0,0,0
9749.77,3257.81,0,1,0,1,1,15,5,1,0,0,0,1,0,0,1,0,0,0,0,0,1,0,0
6648.31,3995.15,0,1,0,1,0,19,6,1,0,0,1,0,0,0,0,0,1,0,1,0,0,0,0
4524.82,4885.55,0,0,0,1,0,2,2,1,0,0,0,0,1,0,0,1,0,0,0,0,0,1,0
1576.12,3486.01,0,1,0,1,0,12,2,1,0,0,0,1,0,0,0,0,1,0,0,0,0,1,0
5332.68,1737.63,0,1,0,0,0,21,2,1,0,0,1,0,0,0,1,0,0,0,0,0,0,1,0
1648.59,2564.39,0,1,0,1,0,0,4,1,0,0,1,0,0,0,0,0,1,0,0,1,0,0,0
4295.49,2266.62,0,1,0,1,0,22,1,1,0,0,1,0,0,0,1,0,0,0,0,0,0,0,1
4087.72,1078.12,1,0,0,0,0,9,2,1,0,0,1,0,0,1,0,0,0,0,0,0,0,1,0
7199.68,2568.71,0,1,0,1,0,21,5,1,0,0,0,0,1,0,0,0,1,0,0,0,1,0,0
1924.64,4198.48,0,1,0,0,1,12,3,1,0,0,0,0,1,0,0,0,1,1,0,0,0,0,0
8218.89,2621.28,0,1,0,1,0,3,6,1,0,0,1,0,0,1,0,0,0,0,1,0,0,0,0
3262.0,4407.12,0,1,0,1,0,19,3,1,0,0,0,0,1,0,0,0,1,1,0,0,0,0,0
4440.44,3971.7,0,1,0,1,0,19,2,1,0,0,0,0,1,0,1,0,0,0,0,0,0,1,0
7723.64,3877.41,0,0,0,1,0,18,5,1,0,0,1,0,0,1,0,0,0,0,0,0,1,0,0
6254.3,2524.19,0,1,1,1,0,12,1,1,0,0,0,0,1,0,0,0,1,0,0,0,0,0,1
3080.95,1213.42,0,1,0,0,0,11,3,1,0,0,0,1,0,0,1,0,0,1,0,0,0,0,0
3862.64,4529.75,0,1,0,1,0,13,4,1,0,0,0,1,0,0,1,0,0,0,0,1,0,0,0
3058.56,3553.15,0,1,0,0,0,1,3,1,0,0,0,0,1,0,0,1,0,1,0,0,0,0,0
5948.11,1362.08,0,1,1,1,0,2,1,1,0,0,1,0,0,0,0,1,0,0,0,0,0,0,1
3326.91,1326.25,0,1,0,1,1,0,4,1,0,0,0,1,0,0,0,1,0,0,0,1,0,0,0
7257.25,3457.1,0,1,0,1,1,3,1,1,0,0,0,0,1,1,0,0,0,0,0,0,0,0,1
5798.29,2688.84,1,1,0,1,0,4,3,1,0,0,0,0,1,0,1,0,0,1,0,0,0,0,0
1457.92,1762.87,0,1,0,1,0,18,3,1,0,0,1,0,0,1,0,0,0,1,0,0,0,0,0
3103.38,1957.73,1,1,0,1,0,20,4,1,0,0,1,0,0,1,0,0,0,0,0,1,0,0,0
2215.25,2542.93,0,1,0,1,1,23,5,1,0,0,0,0,1,1,0,0,0,0,0,0,1,0,0
3903.74,4000.84,0,0,0,1,0,9,2,1,0,0,1,0,0,1,0,0,0,0,0,0,0,1,0
5160.32,1787.88,1,0,0,1,1,12,3,1,0,0,0,1,0,1,0,0,0,1,0,0,0,0,0
5068.12,3809.16,0,1,0,1,0,1,2,1,0,0,0,1,0,0,0,0,1,0,0,0,0,1,0
7545.48,1716.16,0,1,0,0,0,13,3,1,0,0,0,0,1,0,0,1,0,1,0,0,0,0,0
1892.53,4054.93,0,1,0,0,0,3,5,1,0,0,0,0,1,1,0,0,0,0,0,0,1,0,0
9464.78,4601.01,1,1,0,0,0,7,1,1,0,0,1,0,0,0,0,0,1,0,0,0,0,0,1
3429.11,2771.15,0,1,0,1,1,17,4,1,0,0,0,1,0,0,0,0,1,0,0,1,0,0,0
3003.19,3565.3,0,1,0,1,1,5,1,1,0,0,1,0,0,0,1,0,0,0,0,0,0,0,1
6852.1,2065.41,0,1,0,1,0,7,5,1,0,0,0,0,1,1,0,0,0,0,0,0,1,0,0
8055.36,4710.56,0,1,0,1,0,0,3,1,0,0,0,0,1,0,0,1,0,1,0,0,0,0,0
3785.34,2703.5,0,1,1,1,0,8,3,1,0,0,0,0,1,0,1,0,0,1,0,0,0,0,0
7468.72,2986.79,0,0,0,0,0,16,2,1,0,0,0,0,1,1,0,0,0,0,0,0,0,1,0
8837.48,2045.87,0,1,0,0,0,21,5,1,0,0,0,0,1,0,1,0,0,0,0,0,1,0,0
7668.27,1776.05,0,1,0,1,1,8,3,1,0,0,0,0,1,0,0,1,0,1,0,0,0,0,0
342.93,1909.71,0,1,0,1,0,9,1,1,0,0,1,0,0,0,0,1,0,0,0,0,0,0,1
8273.86,2903.32,1,1,0,1,0,5,2,1,0,0,1,0,0,1,0,0,0,0,0,0,0,1,0
7745.04,1550.44,0,1,0,1,0,0,5,1,0,0,1,0,0,0,0,1,0,0,0,0,1,0,0
6693.23,2551.52,0,1,0,0,0,22,4,1,0,0,0,1,0,0,0,1,0,0,0,1,0,0,0
7600.46,2528.14,1,1,0,1,0,0,6,1,0,0,1,0,0,0,0,1,0,0,1,0,0,0,0
9794.27,2732.6,0,1,0,1,0,23,4,1,0,0,0,0,1,1,0,0,0,0,0,1,0,0,0
4311.7,2688.0,0,0,0,1,0,14,2,1,0,0,1,0,0,0,1,0,0,0,0,0,0,1,0
673.17,2097.68,0,1,0,1,1,20,1,1,0,0,1,0,0,0,1,0,0,0,0,0,0,0,1
4609.44,2467.22,0,1,0,0,1,3,3,1,0,0,0,1,0,0,1,0,0,1,0,0,0,0,0
465.29,4609.46,1,0,0,1,0,18,5,1,0,0,0,0,1,0,1,0,0,0,0,0,1,0,0
2943.21,1149.89,0,1,0,1,0,10,6,1,0,0,0,1,0,0,1,0,0,0,1,0,0,0,0
5869.21,1351.14,0,0,0,1,1,0,6,1,0,0,0,1,0,0,1,0,0,0,1,0,0,0,0
3096.92,4715.38,0,1,0,0,0,9,4,1,0,0,0,1,0,0,1,0,0,0,0,1,0,0,0
6854.27,2084.0,0,1,0,1,1,9,6,1,0,0,1,0,0,0,0,1,0,0,1,0,0,0,0
8220.04,2216.7,0,0,0,0,0,10,6,1,0,0,0,0,1,0,1,0,0,0,1,0,0,0,0
4204.97,2376.33,0,1,0,1,0,4,3,1,0,0,0,0,1,0,0,1,0,1,0,0,0,0,0
9001.48,1413.51,0,1,0,0,1,20,2,1,0,0,0,1,0,0,0,0,1,0,0,0,0,1,0
799.31,4075.93,0,1,0,1,1,11,2,1,0,0,0,0,1,1,0,0,0,0,0,0,0,1,0
8401.29,1652.67,0,1,0,1,0,0,2,1,0,0,0,0,1,0,0,1,0,0,0,0,0,1,0
8285.9,3807.02,0,1,0,1,1,12,2,1,0,0,0,1,0,1,0,0,0,0,0,0,0,1,0
3220.62,1930.03,0,1,0,0,0,23,5,1,0,0,1,0,0,1,0,0,0,0,0,0,1,0,0
2987.85,3728.44,0,1,0,0,0,9,3,1,0,0,0,1,0,0,0,0,1,1,0,0,0,0,0
3051.64,4887.49,0,0,0,1,1,15,2,1,0,0,0,1,0,0,1,0,0,0,0,0,0,1,0
8114.13,3038.79,0,1,0,1,0,0,4,1,0,0,1,0,0,0,0,0,1,0,0,1,0,0,0
8316.7,2275.65,0,0,1,1,0,10,2,1,0,0,1,0,0,0,0,1,0,0,0,0,0,1,0
3297.89,2511.9,0,1,0,1,0,19,4,1,0,0,1,0,0,0,0,1,0,0,0,1,0,0,0
5926.31,2535.7,0,0,0,0,0,21,1,1,0,0,1,0,0,0,0,1,0,0,0,0,0,0,1
1390.19,1501.33,0,1,0,1,0,5,2,1,0,0,0,1,0,1,0,0,0,0,0,0,0,1,0
4688.32,4275.18,0,1,0,1,0,10,1,1,0,0,1,0,0,0,1,0,0,0,0,0,0,0,1
9987.93,2516.93,1,1,0,0,1,7,1,1,0,0,0,0,1,0,1,0,0,0,0,0,0,0,1
1589.23,3871.58,1,0,0,1,0,3,3,1,0,0,0,1,0,0,1,0,0,1,0,0,0,0,0
9475.68,2081.52,0,1,1,1,0,5,1,1,0,0,0,1,0,0,0,0,1,0,0,0,0,0,1
8242.72,2425.61,0,1,0,1,0,22,2,1,0,0,1,0,0,0,0,0,1,0,0,0,0,1,0
9722.17,4547.62,0,1,0,0,0,0,6,1,0,0,1,0,0,0,0,1,0,0,1,0,0,0,0
1796.61,2699.81,0,1,0,0,0,13,3,1,0,0,0,0,1,0,1,0,0,1,0,0,0,0,0
2135.97,2412.74,1,1,0,1,0,23,3,1,0,0,1,0,0,0,1,0,0,1,0,0,0,0,0
169.65,2254.64,0,1,0,1,1,9,3,1,0,0,0,1,0,0,0,0,1,1,0,0,0,0,0
7247.29,4571.74,0,1,0,1,1,22,3,1,0,0,1,0,0,1,0,0,0,1,0,0,0,0,0
6441.3,2691.36,0,1,0,1,0,15,3,1,0,0,0,0,1,0,1,0,0,1,0,0,0,0,0
1781.48,4508.54,0,1,0,1,1,1,5,1,0,0,0,1,0,0,0,1,0,0,0,0,1,0,0
7911.66,2201.16,0,1,0,0,0,18,4,1,0,0,0,1,0,0,1,0,0,0,0,1,0,0,0
2992.66,4913.21,0,1,0,1,0,15,1,1,0,0,1,0,0,0,0,0,1,0,0,0,0,0,1
1350.82,3011.2,0,1,0,0,0,7,2,1,0,0,0,0,1,0,1,0,0,0,0,0,0,1,0
4226.2,1658.48,0,0,0,0,0,23,6,1,0,0,0,0,1,0,0,1,0,0,1,0,0,0,0
910.61,2696.28,0,1,0,1,0,4,2,1,0,0,1,0,0,1,0,0,0,0,0,0,0,1,0
2633.17,3727.07,0,0,0,1,0,9,6,1,0,0,0,1,0,1,0,0,0,0,1,0,0,0,0
3713.96,4551.32,1,1,0,0,0,15,5,1,0,0,0,1,0,0,0,1,0,0,0,0,1,0,0
8518.79,1508.34,0,1,0,1,0,15,6,1,0,0,0,1,0,0,0,1,0,0,1,0,0,0,0
7925.69,3233.78,0,0,0,1,0,3,6,1,0,0,1,0,0,0,1,0,0,0,1,0,0,0,0
4428.1,3130.59,0,0,0,1,1,7,5,1,0,0,0,1,0,0,1,0,0,0,0,0,1,0,0
7246.03,2313.47,1,1,0,1,0,15,5,1,0,0,0,1,0,0,0,0,1,0,0,0,1,0,0
5686.93,2634.32,1,1,0,1,0,14,4,1,0,0,1,0,0,1,0,0,0,0,0,1,0,0,0
3409.08,2218.43,0,1,0,1,0,3,3,1,0,0,0,1,0,1,0,0,0,1,0,0,0,0,0
7259.02,2209.59,0,1,1,1,0,12,6,1,0,0,1,0,0,0,0,1,0,0,1,0,0,0,0
6835.31,3133.5,0,0,0,0,0,19,5,1,0,0,0,0,1,0,0,0,1,0,0,0,1,0,0
6191.33,1240.21,0,1,0,1,0,15,4,1,0,0,0,0,1,0,1,0,0,0,0,1,0,0,0
6179.94,2925.28,0,1,0,0,0,3,2,1,0,0,1,0,0,0,0,1,0,0,0,0,0,1,0
6830.14,2297.21,0,1,0,1,0,19,6,1,0,0,1,0,0,0,0,1,0,0,1,0,0,0,0
3846.07,2857.51,0,1,0,1,0,14,1,1,0,0,1,0,0,0,0,1,0,0,0,0,0,0,1
8690.89,4899.94,0,1,0,1,0,9,4,1,0,0,0,1,0,1,0,0,0,0,0,1,0,0,0
1623.92,3965.04,0,1,0,0,0,4,3,1,0,0,0,1,0,0,1,0,0,1,0,0,0,0,0
8838.97,4445.92,0,1,0,1,1,15,2,1,0,0,1,0,0,0,1,0,0,0,0,0,0,1,0
3423.48,2485.92,0,0,0,0,0,13,1,1,0,0,1,0,0,0,0,1,0,0,0,0,0,0,1
1251.19,3823.32,0,1,1,0,1,12,5,1,0,0,0,1,0,0,0,1,0,0,0,0,1,0,0
6000.67,2852.6,0,0,0,1,0,0,5,1,0,0,0,1,0,0,0,0,1,0,0,0,1,0,0
3760.49,3388.4,0,0,0,0,0,21,4,1,0,0,1,0,0,0,1,0,0,0,0,1,0,0,0
8155.18,2751.9,0,1,0,1,0,7,4,1,0,0,0,1,0,0,0,1,0,0,0,1,0,0,0
4308.42,1526.84,0,1,0,1,0,18,1,1,0,0,0,1,0,0,0,0,1,0,0,0,0,0,1
6685.96,4789.38,0,1,0,1,0,16,1,1,0,0,0,0,1,0,0,1,0,0,0,0,0,0,1
3083.27,3825.46,0,1,0,1,0,8,2,1,0,0,1,0,0,1,0,0,0,0,0,0,0,1,0
2095.31,3402.43,0,1,0,1,0,12,6,1,0,0,1,0,0,0,0,1,0,0,1,0,0,0,0
3881.1,3243.14,0,1,0,0,0,16,2,1,0,0,0,1,0,1,0,0,0,0,0,0,0,1,0
6068.47,3891.55,0,1,0,1,0,9,6,1,0,0,0,0,1,0,1,0,0,0,1,0,0,0,0
6569.81,3130.19,0,1,0,1,1,13,2,1,0,0,1,0,0,0,0,1,0,0,0,0,0,1,0
5782.49,1863.66,0,1,0,1,0,6,3,1,0,0,1,0,0,0,1,0,0,1,0,0,0,0,0
9880.57,1029.24,1,1,0,1,0,1,4,1,0,0,0,1,0,0,1,0,0,0,0,1,0,0,0
6911.21,2532.33,0,1,0,0,0,0,2,1,0,0,1,0,0,0,1,0,0,0,0,0,0,1,0
9315.26,3254.45,1,1,0,1,1,20,1,1,0,0,0,1,0,1,0,0,0,0,0,0,0,0,1
1180.21,2487.01,0,1,0,0,0,4,4,1,0,0,0,0,1,0,1,0,0,0,0,1,0,0,0
614.67,3133.25,0,1,0,1,0,11,2,1,0,0,0,0,1,0,1,0,0,0,0,0,0,1,0
3110.64,3659.51,0,1,0,0,0,1,3,1,0,0,1,0,0,1,0,0,0,1,0,0,0,0,0
1366.75,4239.43,0,1,0,1,0,18,6,1,0,0,0,1,0,0,0,1,0,0,1,0,0,0,0
5259.16,2194.57,0,0,0,1,1,9,6,1,0,0,0,0,1,0,1,0,0,0,1,0,0,0,0
5190.29,3532.72,0,1,0,1,0,3,1,1,0,0,1,0,0,0,0,0,1,0,0,0,0,0,1
5750.9,4567.11,1,1,0,0,0,6,4,1,0,0,1,0,0,1,0,0,0,0,0,1,0,0,0
7452.53,1609.72,0,1,0,1,1,3,4,1,0,0,1,0,0,1,0,0,0,0,0,1,0,0,0
9713.33,3761.98,0,1,0,1,0,18,3,1,0,0,0,1,0,0,0,1,0,1,0,0,0,0,0
8782.71,4657.82,0,0,0,1,1,14,2,1,0,0,0,1,0,0,0,0,1,0,0,0,0,1,0
1184.55,3685.36,0,1,0,0,0,20,3,1,0,0,0,0,1,1,0,0,0,1,0,0,0,0,0
3385.8,1370.35,0,1,0,1,1,18,2,1,0,0,0,1,0,0,0,1,0,0,0,0,0,1,0
2558.97,2132.54,0,1,0,1,0,17,4,1,0,0,0,1,0,0,1,0,0,0,0,1,0,0,0
1769.0,1757.92,0,1,0,0,0,8,6,1,0,0,1,0,0,0,1,0,0,0,1,0,0,0,0
5447.7,4649.44,0,0,0,0,0,19,3,1,0,0,1,0,0,1,0,0,0,1,0,0,0,0,0
5533.09,4968.19,0,1,0,1,0,9,1,1,0,0,0,0,1,0,0,1,0,0,0,0,0,0,1
2273.22,2731.36,0,1,0,1,0,14,1,1,0,0,1,0,0,0,1,0,0,0,0,0,0,0,1
7119.26,4584.78,0,1,0,1,0,5,4,1,0,0,1,0,0,0,1,0,0,0,0,1,0,0,0
7329.41,1540.29,0,1,0,0,1,7,3,1,0,0,1,0,0,0,0,1,0,1,0,0,0,0,0
210.78,1013.75,1,1,0,1,1,4,6,1,0,0,0,1,0,0,1,0,0,0,1,0,0,0,0
3958.18,3273.47,0,1,0,0,0,23,6,1,0,0,1,0,0,0,1,0,0,0,1,0,0,0,0
8901.52,4949.54,0,1,0,0,0,4,1,1,0,0,0,0,1,0,0,0,1,0,0,0,0,0,1
5203.67,3249.41,0,1,0,1,0,12,6,1,0,0,0,0,1,0,0,1,0,0,1,0,0,0,0
3476.93,4922.04,0,1,0,1,1,18,3,1,0,0,1,0,0,0,1,0,0,1,0,0,0,0,0
2537.51,2802.99,0,0,0,1,1,19,5,1,0,0,1,0,0,0,0,0,1,0,0,0,1,0,0
2434.3,2528.16,0,0,0,1,0,19,5,1,0,0,0,0,1,0,1,0,0,0,0,0,1,0,0
998.58,4718.31,0,1,0,0,1,5,6,1,0,0,0,1,0,0,0,1,0,0,1,0,0,0,0
8172.45,1195.24,0,1,0,0,1,2,4,1,0,0,1,0,0,0,0,1,0,0,0,1,0,0,0
867.49,2307.15,0,1,0,0,0,10,6,1,0,0,0,0,1,0,1,0,0,0,1,0,0,0,0
2923.66,2773.99,0,0,0,0,0,1,3,1,0,0,0,1,0,1,0,0,0,1,0,0,0,0,0
457.71,1347.74,0,0,0,1,0,7,1,1,0,0,0,0,1,0,0,0,1,0,0,0,0,0,1
7814.08,3068.38,0,1,0,0,0,9,6,1,0,0,0,1,0,0,1,0,0,0,1,0,0,0,0
393.8,2501.21,0,1,0,1,0,2,6,1,0,0,0,0,1,1,0,0,0,0,1,0,0,0,0
3083.7,2747.92,0,1,0,0,0,3,4,1,0,0,0,0,1,0,0,0,1,0,0,1,0,0,0
5733.4,3745.32,0,1,0,1,0,4,4,1,0,0,0,1,0,0,0,0,1,0,0,1,0,0,0
4096.2,1281.41,0,1,0,1,1,10,3,1,0,0,1,0,0,1,0,0,0,1,0,0,0,0,0
2823.43,4847.17,0,1,0,1,0,3,5,1,0,0,0,0,1,0,0,0,1,0,0,0,1,0,0
2752.62,3089.74,0,0,0,1,0,8,2,1,0,0,1,0,0,0,0,0,1,0,0,0,0,1,0
7978.11,4355.24,0,1,1,1,0,22,4,1,0,0,0,0,1,0,1,0,0,0,0,1,0,0,0
9739.81,2273.98,0,0,0,1,0,15,4,1,0,0,0,1,0,1,0,0,0,0,0,1,0,0,0
3481.06,2254.07,0,0,0,1,1,15,1,1,0,0,1,0,0,0,1,0,0,0,0,0,0,0,1
392.42,4615.26,0,1,0,1,0,13,2,1,0,0,0,1,0,0,1,0,0,0,0,0,0,1,0
366.62,1469.91,0,0,0,0,0,22,3,1,0,0,0,1,0,0,0,0,1,1,0,0,0,0,0
7592.37,1415.11,0,1,0,1,0,14,4,1,0,0,1,0,0,1,0,0,0,0,0,1,0,0,0
5524.15,3788.34,0,1,0,1,1,9,1,1,0,0,1,0,0,0,0,1,0,0,0,0,0,0,1
7836.14,2864.11,0,1,0,0,0,10,3,1,0,0,1,0,0,1,0,0,0,1,0,0,0,0,0
6975.27,3869.26,0,1,0,0,0,3,6,1,0,0,0,1,0,0,0,0,1,0,1,0,0,0,0
9075.16,2731.61,0,0,0,0,0,22,5,1,0,0,0,1,0,0,0,1,0,0,0,0,1,0,0
8858.36,1846.97,0,1,0,1,0,12,1,1,0,0,0,1,0,0,1,0,0,0,0,0,0,0,1
7883.49,3860.98,1,1,0,1,1,14,4,1,0,0,1,0,0,0,0,1,0,0,0,1,0,0,0
4752.42,1156.22,0,1,0,0,0,2,6,1,0,0,0,0,1,0,0,1,0,0,1,0,0,0,0
3081.96,2791.85,0,1,0,1,0,17,4,1,0,0,1,0,0,1,0,0,0,0,0,1,0,0,0
5070.76,2834.61,0,0,0,1,0,14,2,1,0,0,0,0,1,0,1,0,0,0,0,0,0,1,0
5021.21,1311.71,0,1,0,1,0,21,1,1,0,0,0,1,0,1,0,0,0,0,0,0,0,0,1
6103.15,1966.53,1,1,1,1,0,17,1,1,0,0,0,0,1,0,0,1,0,0,0,0,0,0,1
1861.79,2039.89,0,1,0,1,0,20,6,1,0,0,1,0,0,0,0,0,1,0,1,0,0,0,0
6556.54,4571.96,0,1,0,1,0,13,4,1,0,0,1,0,0,0,0,0,1,0,0,1,0,0,0
4566.55,3050.56,0,1,0,0,1,12,5,1,0,0,1,0,0,0,0,1,0,0,0,0,1,0,0
6202.43,3683.05,0,1,0,1,1,2,2,1,0,0,0,0,1,0,0,0,1,0,0,0,0,1,0
2396.81,1219.64,0,1,0,1,0,21,6,1,0,0,1,0,0,0,0,0,1,0,1,0,0,0,0
4344.51,1413.92,0,1,0,0,1,15,2,1,0,0,0,0,1,1,0,0,0,0,0,0,0,1,0
2102.8,3253.48,0,1,0,1,0,16,6,1,0,0,0,1,0,0,1,0,0,0,1,0,0,0,0
8753.18,4340.47,0,1,0,1,0,1,2,1,0,0,0,0,1,0,0,0,1,0,0,0,0,1,0
4880.12,1211.92,0,1,0,1,0,10,2,1,0,0,0,1,0,0,1,0,0,0,0,0,0,1,0
2250.59,4933.89,0,0,0,1,1,15,3,1,0,0,0,0,1,0,1,0,0,1,0,0,0,0,0
413.05,4541.77,0,1,0,0,0,8,3,1,0,0,0,1,0,1,0,0,0,1,0,0,0,0,0
6757.71,4492.58,0,1,0,0,1,21,2,1,0,0,1,0,0,0,0,1,0,0,0,0,0,1,0
2147.23,1034.7,0,1,0,1,0,3,4,1,0,0,0,0,1,0,0,0,1,0,0,1,0,0,0
9895.83,2625.57,0,1,0,1,0,2,3,1,0,0,0,1,0,0,0,0,1,1,0,0,0,0,0
5337.47,4183.06,0,1,1,1,0,12,5,1,0,0,1,0,0,1,0,0,0,0,0,0,1,0,0
2890.48,4034.42,0,1,0,1,1,4,4,1,0,0,1,0,0,1,0,0,0,0,0,1,0,0,0
6577.12,2382.56,0,1,0,1,1,23,4,1,0,0,0,1,0,0,0,1,0,0,0,1,0,0,0
2752.92,4510.56,0,1,0,1,1,6,5,1,0,0,0,1,0,0,1,0,0,0,0,0,1,0,0
8202.92,3544.24,0,1,0,1,0,1,5,1,0,0,0,0,1,0,0,1,0,0,0,0,1,0,0
3083.05,4975.8,0,1,0,1,0,16,4,1,0,0,0,1,0,0,0,0,1,0,0,1,0,0,0
9882.49,2338.9,0,1,0,0,0,12,5,1,0,0,0,1,0,1,0,0,0,0,0,0,1,0,0
6051.84,3574.19,0,1,0,0,1,17,1,1,0,0,1,0,0,1,0,0,0,0,0,0,0,0,1
8444.27,2697.96,0,1,0,1,1,8,2,1,0,0,0,1,0,0,1,0,0,0,0,0,0,1,0
729.08,3590.22,0,1,0,1,1,20,4,1,0,0,0,1,0,0,0,0,1,0,0,1,0,0,0
3483.65,2039.08,0,1,1,1,0,13,6,1,0,0,0,1,0,1,0,0,0,0,1,0,0,0,0
7375.13,2529.91,0,1,0,0,1,7,4,1,0,0,1,0,0,1,0,0,0,0,0,1,0,0,0
6550.94,4728.92,0,0,0,1,0,9,1,1,0,0,1,0,0,1,0,0,0,0,0,0,0,0,1
1943.24,2156.24,0,1,0,1,0,20,1,1,0,0,1,0,0,1,0,0,0,0,0,0,0,0,1
3562.67,3482.81,0,1,0,1,0,2,2,1,0,0,1,0,0,0,0,0,1,0,0,0,0,1,0
2635.17,4674.35,0,1,0,1,0,14,1,1,0,0,0,0,1,0,1,0,0,0,0,0,0,0,1
6134.09,2924.08,0,1,0,0,0,2,1,1,0,0,1,0,0,0,0,1,0,0,0,0,0,0,1
3446.34,3780.37,0,0,0,1,1,5,6,1,0,0,1,0,0,0,0,1,0,0,1,0,0,0,0
3091.23,3992.19,0,1,0,0,0,3,3,1,0,0,0,0,1,0,1,0,0,1,0,0,0,0,0
2074.57,3176.44,0,1,0,1,0,19,4,1,0,0,0,0,1,0,1,0,0,0,0,1,0,0,0
4090.86,2515.64,0,1,0,0,0,18,4,1,0,0,0,0,1,0,0,0,1,0,0,1,0,0,0
1955.83,4233.7,0,1,0,1,0,21,5,1,0,0,0,1,0,0,0,1,0,0,0,0,1,0,0
9625.73,3216.47,1,1,0,0,0,5,6,1,0,0,1,0,0,0,1,0,0,0,1,0,0,0,0
1545.86,1464.55,0,1,0,1,0,7,6,1,0,0,0,1,0,1,0,0,0,0,1,0,0,0,0
9133.13,4498.18,0,1,0,1,1,3,5,1,0,0,0,0,1,0,0,0,1,0,0,0,1,0,0
4285.3,2189.78,0,0,0,1,0,13,1,1,0,0,0,0,1,0,1,0,0,0,0,0,0,0,1
3779.28,2973.77,0,0,0,1,0,2,3,1,0,0,0,0,1,0,0,1,0,1,0,0,0,0,0
2313.97,1855.23,0,1,0,1,0,11,6,1,0,0,0,0,1,1,0,0,0,0,1,0,0,0,0
6357.93,2970.64,0,1,0,1,0,17,4,1,0,0,0,1,0,0,1,0,0,0,0,1,0,0,0
6855.59,1517.01,0,0,0,1,1,12,1,1,0,0,0,0,1,0,0,1,0,0,0,0,0,0,1
4676.24,3265.05,0,1,0,1,0,1,6,1,0,0,1,0,0,0,0,0,1,0,1,0,0,0,0
558.01,3091.12,1,1,0,1,0,15,5,1,0,0,1,0,0,0,0,1,0,0,0,0,1,0,0
9185.18,4273.66,0,1,0,1,0,5,4,1,0,0,1,0,0,0,0,1,0,0,0,1,0,0,0
9803.31,3239.6,0,1,0,1,0,20,1,1,0,0,0,1,0,0,0,1,0,0,0,0,0,0,1
4311.0,2634.98,0,1,0,0,0,7,6,1,0,0,0,0,1,0,0,0,1,0,1,0,0,0,0
6136.99,2865.34,0,1,0,1,0,15,5,1,0,0,0,1,0,0,1,0,0,0,0,0,1,0,0
4503.54,3418.94,0,1,0,0,0,0,5,1,0,0,1,0,0,0,1,0,0,0,0,0,1,0,0
3219.47,4358.31,0,1,0,0,1,15,3,1,0,0,0,0,1,1,0,0,0,1,0,0,0,0,0
774.11,1166.92,0,1,0,0,0,12,1,1,0,0,0,1,0,0,1,0,0,0,0,0,0,0,1
4561.22,4706.38,0,1,0,1,0,1,2,1,0,0,0,0,1,0,0,0,1,0,0,0,0,1,0
8184.03,1335.53,0,1,0,0,0,3,4,1,0,0,0,0,1,0,0,1,0,0,0,1,0,0,0
171.3,2378.8,0,0,0,1,0,13,6,1,0,0,0,1,0,0,0,0,1,0,1,0,0,0,0
5821.49,2344.72,0,1,0,0,0,14,4,1,0,0,1,0,0,0,0,1,0,0,0,1,0,0,0
8807.84,3126.99,0,1,0,1,0,16,1,1,0,0,0,1,0,0,1,0,0,0,0,0,0,0,1
2176.28,2418.65,0,1,0,1,1,19,6,1,0,0,0,1,0,1,0,0,0,0,1,0,0,0,0
1833.38,1877.08,0,1,0,1,0,20,6,1,0,0,1,0,0,1,0,0,0,0,1,0,0,0,0
7722.99,1973.7,0,1,0,0,1,14,6,1,0,0,0,1,0,0,1,0,0,0,1,0,0,0,0
2551.61,4941.18,0,1,0,1,0,16,6,1,0,0,0,0,1,0,0,1,0,0,1,0,0,0,0
1920.65,4346.57,0,1,0,1,0,8,1,1,0,0,1,0,0,0,1,0,0,0,0,0,0,0,1
3780.51,4221.89,0,1,0,0,0,16,3,1,0,0,0,1,0,0,0,0,1,1,0,0,0,0,0
3925.63,2677.08,0,0,0,1,1,14,3,1,0,0,0,0,1,0,1,0,0,1,0,0,0,0,0
8741.14,4744.73,0,0,0,0,0,14,2,1,0,0,1,0,0,0,1,0,0,0,0,0,0,1,0
6184.82,1250.87,0,1,0,1,0,6,2,1,0,0,0,1,0,0,0,1,0,0,0,0,0,1,0
4060.21,1501.25,0,1,0,1,0,20,4,1,0,0,1,0,0,0,1,0,0,0,0,1,0,0,0
5344.35,1986.88,0,1,0,1,1,18,4,1,0,0,0,0,1,0,0,0,1,0,0,1,0,0,0
9539.7,3566.78,0,1,0,0,1,14,4,1,0,0,0,0,1,0,1,0,0,0,0,1,0,0,0
1133.03,1667.42,0,1,0,1,0,19,6,1,0,0,1,0,0,0,0,0,1,0,1,0,0,0,0
2077.95,2344.0,0,1,0,0,0,20,6,1,0,0,0,0,1,0,1,0,0,0,1,0,0,0,0
9625.32,1708.87,0,1,0,1,0,8,4,1,0,0,0,0,1,0,0,1,0,0,0,1,0,0,0
9573.29,4198.66,0,1,0,1,1,11,2,1,0,0,1,0,0,1,0,0,0,0,0,0,0,1,0
1772.48,4636.74,0,0,0,0,1,0,2,1,0,0,1,0,0,1,0,0,0,0,0,0,0,1,0
1451.94,4401.64,0,1,0,0,0,11,3,1,0,0,0,1,0,0,0,0,1,1,0,0,0,0,0
4211.43,1109.28,1,1,0,0,0,16,2,1,0,0,0,1,0,0,1,0,0,0,0,0,0,1,0
498.13,2268.82,0,1,0,1,1,11,6,1,0,0,1,0,0,0,0,1,0,0,1,0,0,0,0
6549.38,3550.33,0,1,0,1,1,1,5,1,0,0,0,0,1,0,1,0,0,0,0,0,1,0,0
775.88,1002.78,0,1,0,1,0,18,3,1,0,0,0,0,1,0,0,1,0,1,0,0,0,0,0
581.24,3985.44,0,1,0,1,1,2,2,1,0,0,1,0,0,0,0,1,0,0,0,0,0,1,0
4852.38,4475.13,0,1,0,1,0,6,6,1,0,0,1,0,0,0,1,0,0,0,1,0,0,0,0
9577.91,1310.32,1,1,0,0,1,22,6,1,0,0,1,0,0,0,1,0,0,0,1,0,0,0,0
4268.53,2724.89,0,1,0,1,0,22,4,1,0,0,0,0,1,1,0,0,0,0,0,1,0,0,0
3565.46,2211.29,0,1,0,1,0,8,1,1,0,0,0,1,0,0,1,0,0,0,0,0,0,0,1
9979.57,4787.76,0,1,0,0,1,17,2,1,0,0,0,1,0,1,0,0,0,0,0,0,0,1,0
5320.16,2298.94,0,1,0,1,0,17,2,1,0,0,0,0,1,0,0,0,1,0,0,0,0,1,0
3753.04,3323.75,0,1,0,0,0,1,6,1,0,0,0,1,0,1,0,0,0,0,1,0,0,0,0
3859.22,1036.24,0,1,0,1,0,21,5,1,0,0,1,0,0,1,0,0,0,0,0,0,1,0,0
1950.4,4346.41,1,1,0,1,0,15,3,1,0,0,1,0,0,0,0,1,0,1,0,0,0,0,0
5122.72,1117.15,0,1,0,1,0,13,6,1,0,0,0,0,1,0,0,1,0,0,1,0,0,0,0
4389.11,3276.93,0,1,1,1,1,8,1,1,0,0,0,0,1,1,0,0,0,0,0,0,0,0,1
2708.68,3962.85,0,1,0,1,1,21,6,1,0,0,1,0,0,0,0,0,1,0,1,0,0,0,0
1606.24,2586.5,0,1,0,1,0,3,4,1,0,0,1,0,0,0,0,1,0,0,0,1,0,0,0
3113.08,1126.67,0,1,0,1,0,3,1,1,0,0,0,0,1,0,0,0,1,0,0,0,0,0,1
5087.32,4602.88,0,0,0,1,0,2,6,1,0,0,0,0,1,1,0,0,0,0,1,0,0,0,0
584.27,2464.3,0,1,0,0,0,13,5,1,0,0,1,0,0,0,1,0,0,0,0,0,1,0,0
1538.29,2864.64,0,1,0,1,0,4,5,1,0,0,1,0,0,1,0,0,0,0,0,0,1,0,0
9476.63,4252.32,0,1,0,1,0,5,4,1,0,0,0,1,0,0,1,0,0,0,0,1,0,0,0
5429.01,3642.68,0,0,0,1,0,21,6,1,0,0,0,1,0,0,0,1,0,0,1,0,0,0,0
635.43,2301.48,0,1,0,1,0,3,4,1,0,0,1,0,0,0,0,1,0,0,0,1,0,0,0
6931.18,3162.56,0,1,0,1,0,18,4,1,0,0,0,0,1,0,0,1,0,0,0,1,0,0,0
618.97,1375.86,0,1,0,1,0,0,3,1,0,0,0,1,0,0,0,1,0,1,0,0,0,0,0
7389.0,2924.68,0,1,0,1,0,21,2,1,0,0,0,1,0,1,0,0,0,0,0,0,0,1,0
7499.88,2713.12,0,1,0,1,0,12,4,1,0,0,1,0,0,1,0,0,0,0,0,1,0,0,0
6511.14,4039.79,0,1,0,0,1,13,6,1,0,0,0,0,1,0,0,1,0,0,1,0,0,0,0
7322.31,4199.99,0,1,0,1,0,11,1,1,0,0,0,0,1,0,0,0,1,0,0,0,0,0,1
880.57,4489.01,1,1,0,0,0,0,1,1,0,0,1,0,0,0,1,0,0,0,0,0,0,0,1
7268.08,4428.95,0,1,0,1,1,22,6,1,0,0,0,0,1,0,0,1,0,0,1,0,0,0,0
1367.75,4993.39,0,1,0,1,0,15,6,1,0,0,1,0,0,0,0,1,0,0,1,0,0,0,0
3395.72,3829.83,1,1,0,0,0,19,2,1,0,0,0,0,1,0,0,1,0,0,0,0,0,1,0
9427.51,3482.92,0,1,0,0,0,15,5,1,0,0,1,0,0,0,0,0,1,0,0,0,1,0,0
5029.25,1588.71,0,1,1,1,0,0,5,1,0,0,0,0,1,0,0,1,0,0,0,0,1,0,0
9674.3,2872.64,0,1,0,0,0,8,4,1,0,0,1,0,0,0,1,0,0,0,0,1,0,0,0
890.14,2721.82,0,1,0,1,0,19,6,1,0,0,1,0,0,0,1,0,0,0,1,0,0,0,0
4776.09,3938.4,0,1,0,0,0,13,2,1,0,0,0,0,1,1,0,0,0,0,0,0,0,1,0
624.96,2098.71,1,1,0,1,0,11,1,1,0,0,1,0,0,0,0,0,1,0,0,0,0,0,1
6302.47,4483.39,0,0,0,0,0,7,5,1,0,0,0,1,0,1,0,0,0,0,0,0,1,0,0
787.99,1879.26,0,1,0,1,0,0,5,1,0,0,0,0,1,0,0,0,1,0,0,0,1,0,0
1754.5,2934.3,0,1,0,1,0,20,2,1,0,0,1,0,0,0,0,0,1,0,0,0,0,1,0
2589.04,4777.39,0,1,0,1,0,19,5,1,0,0,0,0,1,0,1,0,0,0,0,0,1,0,0
7487.69,2375.92,0,1,0,1,1,6,2,1,0,0,0,0,1,0,0,1,0,0,0,0,0,1,0
1640.46,3911.83,0,1,0,1,1,9,3,1,0,0,1,0,0,0,1,0,0,1,0,0,0,0,0
8466.47,2342.48,0,1,0,0,0,12,4,1,0,0,0,1,0,1,0,0,0,0,0,1,0,0,0
1319.91,3057.59,0,1,0,1,0,8,6,1,0,0,0,0,1,0,0,0,1,0,1,0,0,0,0
353.41,4102.55,0,1,0,0,0,3,5,1,0,0,0,1,0,1,0,0,0,0,0,0,1,0,0
3951.06,4258.31,0,1,0,0,0,14,3,1,0,0,0,1,0,0,1,0,0,1,0,0,0,0,0
9794.44,4369.96,0,1,0,0,0,20,1,1,0,0,1,0,0,0,0,0,1,0,0,0,0,0,1
1104.31,1398.2,0,1,0,1,1,2,4,1,0,0,1,0,0,0,0,1,0,0,0,1,0,0,0
1018.08,4419.53,0,1,0,1,0,23,4,1,0,0,0,0,1,0,0,0,1,0,0,1,0,0,0
7511.91,1585.51,0,1,0,1,0,3,3,1,0,0,1,0,0,1,0,0,0,1,0,0,0,0,0
3122.3,2091.25,0,1,0,1,1,5,3,1,0,0,0,0,1,1,0,0,0,1,0,0,0,0,0
7173.1,4884.36,0,1,0,1,0,3,5,1,0,0,0,0,1,1,0,0,0,0,0,0,1,0,0
2000.91,1576.88,0,1,0,1,0,8,3,1,0,0,0,1,0,1,0,0,0,1,0,0,0,0,0
4601.26,2004.33,0,1,0,1,1,15,5,1,0,0,1,0,0,0,0,0,1,0,0,0,1,0,0
2653.63,2343.13,0,1,0,1,0,0,2,1,0,0,1,0,0,0,0,0,1,0,0,0,0,1,0
4515.83,4224.79,0,1,0,1,0,15,1,1,0,0,0,0,1,0,1,0,0,0,0,0,0,0,1
7691.2,2283.52,0,1,0,1,0,11,1,1,0,0,0,1,0,0,1,0,0,0,0,0,0,0,1
7620.34,4303.91,0,1,0,0,0,18,5,1,0,0,1,0,0,0,0,0,1,0,0,0,1,0,0
5158.21,1822.37,0,1,0,1,0,21,3,1,0,0,0,1,0,0,1,0,0,1,0,0,0,0,0
9283.79,3404.07,0,1,0,1,0,17,4,1,0,0,0,1,0,0,0,0,1,0,0,1,0,0,0
2638.58,4838.91,0,1,1,1,0,5,4,1,0,0,0,0,1,0,0,1,0,0,0,1,0,0,0
2403.87,1164.09,0,1,0,1,0,23,5,1,0,0,1,0,0,0,0,0,1,0,0,0,1,0,0
6138.45,4634.24,0,1,0,1,0,14,3,1,0,0,1,0,0,0,1,0,0,1,0,0,0,0,0
6213.35,1659.36,1,1,0,1,0,17,6,1,0,0,1,0,0,0,0,1,0,0,1,0,0,0,0
466.35,3323.87,0,1,0,0,0,20,6,1,0,0,0,1,0,0,1,0,0,0,1,0,0,0,0
6078.17,1195.21,0,1,0,1,1,17,6,1,0,0,1,0,0,0,0,0,1,0,1,0,0,0,0
3744.99,3285.19,0,1,0,0,0,3,5,1,0,0,0,0,1,0,1,0,0,0,0,0,1,0,0
7474.68,3460.04,0,1,0,0,0,17,5,1,0,0,0,1,0,0,0,0,1,0,0,0,1,0,0
8081.25,4230.67,0,0,0,0,0,1,4,1,0,0,1,0,0,0,1,0,0,0,0,1,0,0,0
5521.99,2664.36,0,1,0,1,0,8,2,1,0,0,0,1,0,0,1,0,0,0,0,0,0,1,0
18.05,4663.0,0,1,0,1,0,4,1,1,0,0,0,1,0,0,0,0,1,0,0,0,0,0,1
6364.02,2481.61,0,1,0,1,1,16,5,1,0,0,0,1,0,0,0,1,0,0,0,0,1,0,0
7489.06,1366.36,0,0,0,1,0,9,4,1,0,0,0,0,1,0,0,0,1,0,0,1,0,0,0
2490.58,2547.03,0,0,0,0,1,13,2,1,0,0,1,0,0,0,0,0,1,0,0,0,0,1,0
4647.0,2225.06,0,0,0,1,1,18,4,1,0,0,1,0,0,0,0,0,1,0,0,1,0,0,0
9657.3,2785.73,0,1,0,1,0,14,6,1,0,0,0,1,0,1,0,0,0,0,1,0,0,0,0
2981.86,1798.29,0,0,0,1,1,13,6,1,0,0,1,0,0,1,0,0,0,0,1,0,0,0,0
2232.31,2481.36,0,1,0,1,0,2,3,1,0,0,0,1,0,0,1,0,0,1,0,0,0,0,0
2109.34,4544.97,0,1,0,1,0,13,2,1,0,0,0,1,0,1,0,0,0,0,0,0,0,1,0
5588.45,3609.82,0,1,0,1,0,19,3,1,0,0,0,1,0,0,0,1,0,1,0,0,0,0,0
9497.92,1792.48,0,0,0,0,1,19,1,1,0,0,0,0,1,0,0,0,1,0,0,0,0,0,1
6087.29,1211.5,0,1,0,0,1,1,1,1,0,0,1,0,0,0,0,1,0,0,0,0,0,0,1
3033.93,1866.63,0,1,0,0,0,13,5,1,0,0,0,1,0,0,0,0,1,0,0,0,1,0,0
6386.06,2636.67,0,0,0,1,0,10,4,1,0,0,1,0,0,0,0,1,0,0,0,1,0,0,0
6248.8,2468.53,0,1,0,1,1,5,6,1,0,0,0,0,1,1,0,0,0,0,1,0,0,0,0
5969.65,4393.95,0,1,0,1,1,9,1,1,0,0,0,0,1,0,0,0,1,0,0,0,0,0,1
1595.1,3343.9,0,1,0,1,0,1,6,1,0,0,0,1,0,1,0,0,0,0,1,0,0,0,0
6346.03,4369.95,1,0,0,1,0,8,5,1,0,0,0,0,1,1,0,0,0,0,0,0,1,0,0
4302.21,4995.51,0,1,1,1,1,14,4,1,0,0,0,0,1,0,0,0,1,0,0,1,0,0,0
186.9,2161.37,0,1,0,1,0,19,4,1,0,0,0,0,1,0,0,1,0,0,0,1,0,0,0
5398.11,2909.82,0,1,0,0,0,6,1,1,0,0,0,0,1,0,1,0,0,0,0,0,0,0,1
9892.68,3822.21,0,0,0,1,0,19,1,1,0,0,0,0,1,1,0,0,0,0,0,0,0,0,1
3498.05,3047.01,0,1,0,1,1,6,1,1,0,0,0,0,1,1,0,0,0,0,0,0,0,0,1
9655.63,2307.29,1,0,0,0,1,11,6,1,0,0,1,0,0,0,0,0,1,0,1,0,0,0,0
962.96,4264.82,0,1,0,0,0,16,3,1,0,0,0,0,1,0,0,0,1,1,0,0,0,0,0
7324.77,4569.71,0,1,0,1,0,22,1,1,0,0,1,0,0,0,0,1,0,0,0,0,0,0,1
1144.19,2112.93,0,1,0,1,0,18,2,1,0,0,0,1,0,1,0,0,0,0,0,0,0,1,0
2736.44,2125.83,0,1,0,0,0,23,1,1,0,0,0,0,1,0,1,0,0,0,0,0,0,0,1
5708.84,3269.79,0,1,0,1,0,5,6,1,0,0,0,0,1,1,0,0,0,0,1,0,0,0,0
5928.2,4265.55,0,1,0,1,0,15,4,1,0,0,1,0,0,0,0,1,0,0,0,1,0,0,0
7752.34,3079.7,0,1,0,1,0,3,3,1,0,0,0,0,1,0,1,0,0,1,0,0,0,0,0
6153.5,1240.2,0,0,0,1,0,5,3,1,0,0,1,0,0,0,0,0,1,1,0,0,0,0,0
5936.55,2180.02,0,1,0,1,0,1,6,1,0,0,1,0,0,0,0,0,1,0,1,0,0,0,0
9123.62,3011.4,0,0,0,0,0,17,4,1,0,0,0,0,1,0,0,0,1,0,0,1,0,0,0
4522.16,3946.74,0,1,0,1,1,2,1,1,0,0,0,1,0,0,0,1,0,0,0,0,0,0,1
2253.43,4099.78,0,1,0,1,1,12,1,1,0,0,0,1,0,0,0,0,1,0,0,0,0,0,1
1618.72,4009.22,0,1,0,1,0,19,3,1,0,0,0,1,0,0,1,0,0,1,0,0,0,0,0
4000.55,1379.29,0,1,0,0,0,21,1,1,0,0,1,0,0,0,0,0,1,0,0,0,0,0,1
7127.81,3464.0,0,1,0,1,0,5,3,1,0,0,1,0,0,0,0,1,0,1,0,0,0,0,0
426.39,2701.73,0,1,0,1,0,3,3,1,0,0,0,0,1,1,0,0,0,1,0,0,0,0,0
1291.4,2254.1,0,1,0,1,0,19,6,1,0,0,1,0,0,1,0,0,0,0,1,0,0,0,0
1062.03,4310.43,0,1,0,1,1,19,6,1,0,0,0,1,0,0,1,0,0,0,1,0,0,0,0
5852.92,2433.5,0,1,0,0,0,8,3,1,0,0,0,0,1,0,0,1,0,1,0,0,0,0,0
2429.4,1730.06,0,1,0,0,0,7,3,1,0,0,0,1,0,0,0,0,1,1,0,0,0,0,0
1663.43,3782.95,0,0,1,1,0,19,5,1,0,0,0,0,1,0,0,0,1,0,0,0,1,0,0
5928.11,1542.03,0,1,0,1,1,23,3,1,0,0,0,1,0,1,0,0,0,1,0,0,0,0,0
7613.34,2175.53,0,1,0,1,0,6,3,1,0,0,0,0,1,0,0,0,1,1,0,0,0,0,0
3322.22,2777.8,0,1,1,1,0,4,6,1,0,0,0,1,0,1,0,0,0,0,1,0,0,0,0
5782.47,1566.69,0,1,0,1,0,15,3,1,0,0,1,0,0,1,0,0,0,1,0,0,0,0,0
982.15,2149.3,0,1,0,1,0,13,2,1,0,0,0,1,0,0,0,0,1,0,0,0,0,1,0
9351.98,3566.44,0,0,0,1,0,23,4,1,0,0,0,0,1,1,0,0,0,0,0,1,0,0,0
3369.62,3229.62,0,1,0,1,0,23,5,1,0,0,0,1,0,1,0,0,0,0,0,0,1,0,0
9975.06,4377.12,0,0,0,1,0,8,5,1,0,0,1,0,0,0,0,1,0,0,0,0,1,0,0
9785.9,1563.56,0,1,0,1,0,10,3,1,0,0,0,0,1,0,0,0,1,1,0,0,0,0,0
7788.46,4455.45,0,1,1,1,0,10,2,1,0,0,1,0,0,0,0,1,0,0,0,0,0,1,0
201.65,1302.48,0,1,0,1,0,11,6,1,0,0,0,1,0,0,0,0,1,0,1,0,0,0,0
5435.21,3973.68,0,1,0,1,0,3,3,1,0,0,0,0,1,0,0,0,1,1,0,0,0,0,0
869.28,1827.58,0,1,0,1,1,22,2,1,0,0,0,1,0,0,0,0,1,0,0,0,0,1,0
8951.49,4612.38,0,1,0,1,1,22,6,1,0,0,0,0,1,0,0,0,1,0,1,0,0,0,0
7896.57,1166.24,0,0,0,0,0,19,4,1,0,0,1,0,0,0,1,0,0,0,0,1,0,0,0
9723.43,3320.97,0,1,0,1,0,13,2,1,0,0,1,0,0,0,1,0,0,0,0,0,0,1,0
6084.22,1051.3,0,1,0,1,1,18,2,1,0,0,1,0,0,1,0,0,0,0,0,0,0,1,0
5222.21,3944.16,0,1,0,1,0,18,1,1,0,0,0,1,0,0,0,1,0,0,0,0,0,0,1
5190.22,1134.96,0,1,1,1,0,7,4,1,0,0,0,0,1,0,0,1,0,0,0,1,0,0,0
3865.1,3908.62,0,0,0,1,0,2,6,1,0,0,1,0,0,1,0,0,0,0,1,0,0,0,0
4687.43,4234.1,0,0,0,1,0,8,6,1,0,0,0,1,0,0,0,1,0,0,1,0,0,0,0
6354.49,4582.11,0,1,0,1,0,10,1,1,0,0,0,1,0,0,1,0,0,0,0,0,0,0,1
9329.54,2437.67,0,1,0,1,0,11,3,1,0,0,0,0,1,0,0,1,0,1,0,0,0,0,0
5959.25,3170.09,0,1,0,1,0,1,4,1,0,0,1,0,0,0,0,0,1,0,0,1,0,0,0
8571.3,3934.11,0,1,0,0,0,23,3,1,0,0,0,1,0,0,0,0,1,1,0,0,0,0,0
8627.94,4282.94,0,1,0,1,0,7,4,1,0,0,1,0,0,0,0,0,1,0,0,1,0,0,0
5188.81,4131.37,0,1,0,1,0,17,2,1,0,0,0,0,1,0,0,0,1,0,0,0,0,1,0
3475.35,4391.21,0,1,0,1,0,15,3,1,0,0,1,0,0,1,0,0,0,1,0,0,0,0,0
6396.1,4590.57,1,0,0,1,0,9,1,1,0,0,1,0,0,1,0,0,0,0,0,0,0,0,1
4459.33,3601.27,0,1,0,1,0,2,1,1,0,0,0,1,0,0,1,0,0,0,0,0,0,0,1
815.33,1695.91,1,1,0,0,0,3,2,1,0,0,0,1,0,0,1,0,0,0,0,0,0,1,0
3778.71,4333.92,1,0,0,1,0,22,4,1,0,0,0,0,1,0,1,0,0,0,0,1,0,0,0
9940.73,2853.15,0,1,0,1,0,14,3,1,0,0,0,0,1,1,0,0,0,1,0,0,0,0,0
486.07,1202.58,0,1,0,1,0,5,5,1,0,0,0,0,1,0,0,1,0,0,0,0,1,0,0
6966.97,3504.33,0,0,1,1,0,5,4,1,0,0,0,1,0,0,0,0,1,0,0,1,0,0,0
8412.05,3909.88,0,1,0,1,0,1,6,1,0,0,0,0,1,0,0,1,0,0,1,0,0,0,0
6487.61,2831.43,0,1,0,1,1,19,2,1,0,0,0,0,1,0,0,0,1,0,0,0,0,1,0
5697.91,3026.68,0,0,0,1,0,17,2,1,0,0,0,1,0,0,1,0,0,0,0,0,0,1,0
7075.84,3199.91,0,1,0,1,0,17,5,1,0,0,0,0,1,0,0,0,1,0,0,0,1,0,0
4294.0,2010.0,0,0,0,1,0,17,4,1,0,0,0,1,0,0,0,1,0,0,0,1,0,0,0
914.53,2495.94,0,1,0,0,1,20,4,1,0,0,0,0,1,0,0,1,0,0,0,1,0,0,0
9623.76,4227.54,0,1,0,1,1,17,6,1,0,0,0,1,0,0,1,0,0,0,1,0,0,0,0
4323.58,1119.65,1,0,0,1,0,23,5,1,0,0,1,0,0,0,1,0,0,0,0,0,1,0,0
6654.23,3227.59,0,1,0,0,0,0,5,1,0,0,0,1,0,0,0,1,0,0,0,0,1,0,0
5313.57,1127.13,0,1,1,1,0,8,5,1,0,0,0,1,0,0,1,0,0,0,0,0,1,0,0
547.68,1806.55,0,0,0,1,0,3,6,1,0,0,0,1,0,1,0,0,0,0,1,0,0,0,0
9527.51,2491.58,0,1,0,1,0,22,5,1,0,0,0,0,1,0,1,0,0,0,0,0,1,0,0
7925.58,1745.75,0,1,0,1,0,15,2,1,0,0,0,1,0,0,0,1,0,0,0,0,0,1,0
1491.83,4394.05,0,1,0,1,0,23,3,1,0,0,0,1,0,1,0,0,0,1,0,0,0,0,0
9816.51,4480.82,0,1,0,1,0,21,4,1,0,0,0,0,1,0,0,1,0,0,0,1,0,0,0
7369.28,1612.05,0,0,0,0,0,10,6,1,0,0,1,0,0,1,0,0,0,0,1,0,0,0,0
4723.74,4569.34,0,1,0,1,0,20,4,1,0,0,0,1,0,0,1,0,0,0,0,1,0,0,0
6114.09,1919.96,0,1,0,1,0,22,4,1,0,0,0,0,1,0,1,0,0,0,0,1,0,0,0
1068.26,1048.55,0,1,0,1,1,17,1,1,0,0,1,0,0,0,0,1,0,0,0,0,0,0,1
5604.55,3947.36,0,1,0,1,0,5,2,1,0,0,0,1,0,1,0,0,0,0,0,0,0,1,0
737.54,3072.94,0,1,0,1,0,5,2,1,0,0,1,0,0,0,0,1,0,0,0,0,0,1,0
5449.01,2993.56,0,1,0,1,1,1,3,1,0,0,0,1,0,0,0,0,1,1,0,0,0,0,0
5527.4,1010.81,0,1,0,1,0,17,5,1,0,0,0,1,0,0,1,0,0,0,0,0,1,0,0
8744.51,4914.15,0,0,0,1,0,18,5,1,0,0,1,0,0,0,0,1,0,0,0,0,1,0,0
7250.85,4330.29,0,1,0,0,1,23,3,1,0,0,1,0,0,0,0,1,0,1,0,0,0,0,0
2496.27,4869.76,0,1,0,1,0,17,4,1,0,0,1,0,0,0,0,0,1,0,0,1,0,0,0
8884.37,1974.69,0,1,0,1,0,17,1,1,0,0,0,1,0,0,0,0,1,0,0,0,0,0,1
5732.85,3414.7,0,1,1,1,0,10,6,1,0,0,0,1,0,1,0,0,0,0,1,0,0,0,0
6064.19,3986.97,0,1,0,1,0,4,5,1,0,0,0,0,1,0,0,0,1,0,0,0,1,0,0
1690.64,4213.34,0,0,0,0,0,20,2,1,0,0,0,0,1,1,0,0,0,0,0,0,0,1,0
8577.88,4126.92,0,1,0,1,0,21,2,1,0,0,0,0,1,0,0,1,0,0,0,0,0,1,0
9309.72,3289.31,0,1,0,1,0,14,2,1,0,0,0,1,0,0,0,0,1,0,0,0,0,1,0
7750.13,1126.4,0,1,0,1,0,14,3,1,0,0,1,0,0,1,0,0,0,1,0,0,0,0,0
9407.58,4975.91,0,1,0,1,1,8,3,1,0,0,0,0,1,0,0,1,0,1,0,0,0,0,0
3023.7,1459.49,0,1,0,0,0,7,4,1,0,0,0,1,0,1,0,0,0,0,0,1,0,0,0
8611.33,1723.29,1,1,0,1,0,11,6,1,0,0,1,0,0,0,0,1,0,0,1,0,0,0,0
4889.44,4297.74,0,1,0,0,1,21,3,1,0,0,0,0,1,1,0,0,0,1,0,0,0,0,0
1640.01,1402.3,1,1,0,1,0,20,2,1,0,0,1,0,0,0,1,0,0,0,0,0,0,1,0
6688.34,1853.41,0,1,0,1,0,2,2,1,0,0,1,0,0,0,0,1,0,0,0,0,0,1,0
6841.52,1081.21,0,0,0,1,0,21,6,1,0,0,0,0,1,0,0,1,0,0,1,0,0,0,0
2869.96,1626.68,0,0,1,1,0,0,1,1,0,0,0,0,1,1,0,0,0,0,0,0,0,0,1
275.91,3635.84,0,0,0,0,0,22,2,1,0,0,0,1,0,0,0,1,0,0,0,0,0,1,0
1999.27,2442.14,0,1,0,1,0,1,3,1,0,0,1,0,0,1,0,0,0,1,0,0,0,0,0
3998.38,1540.54,1,1,0,1,0,13,3,1,0,0,0,0,1,0,0,1,0,1,0,0,0,0,0
1676.46,2055.99,0,0,0,1,0,19,4,1,0,0,0,0,1,0,0,0,1,0,0,1,0,0,0
1941.11,4014.71,0,1,0,0,1,21,2,1,0,0,1,0,0,0,0,0,1,0,0,0,0,1,0
3914.52,3227.39,0,0,0,1,0,23,5,1,0,0,1,0,0,1,0,0,0,0,0,0,1,0,0
9617.9,2904.17,0,1,0,0,0,21,4,1,0,0,1,0,0,0,1,0,0,0,0,1,0,0,0
7642.67,1186.63,0,1,0,0,0,22,2,1,0,0,0,0,1,0,0,0,1,0,0,0,0,1,0
3198.16,3046.9,1,1,0,1,1,10,3,1,0,0,0,0,1,0,0,0,1,1,0,0,0,0,0
9516.09,2926.11,0,0,1,0,0,10,6,1,0,0,0,1,0,0,0,1,0,0,1,0,0,0,0
6456.82,2771.48,0,1,0,1,0,9,2,1,0,0,1,0,0,0,1,0,0,0,0,0,0,1,0
4555.04,2949.97,0,1,0,1,0,17,3,1,0,0,0,0,1,0,1,0,0,1,0,0,0,0,0
4683.53,1297.19,0,1,0,0,1,8,3,1,0,0,0,0,1,0,1,0,0,1,0,0,0,0,0
4108.03,4732.04,0,1,0,1,0,14,4,1,0,0,1,0,0,0,1,0,0,0,0,1,0,0,0
2330.69,2224.53,0,0,0,1,0,11,4,1,0,0,0,0,1,0,1,0,0,0,0,1,0,0,0
3866.94,3610.06,0,1,0,1,0,2,1,1,0,0,1,0,0,0,1,0,0,0,0,0,0,0,1
5279.44,2435.94,0,1,0,1,0,3,2,1,0,0,0,0,1,0,0,0,1,0,0,0,0,1,0
5280.75,2311.74,0,1,0,0,0,3,4,1,0,0,1,0,0,1,0,0,0,0,0,1,0,0,0
7617.61,3899.99,0,1,0,1,0,11,6,1,0,0,1,0,0,1,0,0,0,0,1,0,0,0,0
3588.62,2675.1,0,1,0,1,1,17,2,1,0,0,0,0,1,0,1,0,0,0,0,0,0,1,0
7168.26,3463.5,0,1,0,1,0,10,5,1,0,0,1,0,0,0,0,1,0,0,0,0,1,0,0
5781.34,2096.9,0,1,0,1,1,17,6,1,0,0,0,1,0,0,0,0,1,0,1,0,0,0,0
9618.49,2061.86,0,1,0,0,0,23,5,1,0,0,0,1,0,0,0,1,0,0,0,0,1,0,0
3853.46,1796.25,0,1,0,0,0,14,6,1,0,0,1,0,0,0,0,0,1,0,1,0,0,0,0
9012.26,2203.65,0,1,0,0,0,16,3,1,0,0,0,1,0,0,0,0,1,1,0,0,0,0,0
8206.6,1259.61,0,1,0,0,0,22,2,1,0,0,0,0,1,0,0,0,1,0,0,0,0,1,0
6377.01,1311.21,0,1,0,0,1,9,3,1,0,0,0,0,1,0,0,1,0,1,0,0,0,0,0
6545.49,4411.64,0,0,0,1,0,5,3,1,0,0,1,0,0,0,0,1,0,1,0,0,0,0,0
847.41,2119.48,0,1,0,1,0,18,4,1,0,0,0,0,1,0,1,0,0,0,0,1,0,0,0
9502.3,3153.33,0,1,0,1,0,10,1,1,0,0,0,0,1,0,0,0,1,0,0,0,0,0,1
1070.25,2985.71,0,1,0,1,0,2,5,1,0,0,0,1,0,1,0,0,0,0,0,0,1,0,0
5632.77,3536.76,0,0,0,1,0,0,3,1,0,0,0,0,1,0,0,0,1,1,0,0,0,0,0
3301.38,3591.77,0,1,0,0,0,4,5,1,0,0,0,0,1,1,0,0,0,0,0,0,1,0,0
4299.09,2467.14,0,1,0,0,0,17,2,1,0,0,0,1,0,0,1,0,0,0,0,0,0,1,0
6102.22,1533.72,1,1,0,1,0,11,3,1,0,0,1,0,0,0,1,0,0,1,0,0,0,0,0
9088.6,1709.65,0,1,0,1,0,21,1,1,0,0,1,0,0,0,1,0,0,0,0,0,0,0,1
4576.21,2437.3,0,1,0,0,0,2,3,1,0,0,0,1,0,0,0,0,1,1,0,0,0,0,0
9877.31,3240.44,0,0,0,0,1,11,1,1,0,0,0,1,0,0,0,0,1,0,0,0,0,0,1
5928.53,3456.99,0,1,0,1,1,15,4,1,0,0,0,0,1,1,0,0,0,0,0,1,0,0,0
1606.38,4729.42,0,0,0,1,0,19,4,1,0,0,0,0,1,1,0,0,0,0,0,1,0,0,0
1900.9,2220.88,0,1,0,0,0,21,6,1,0,0,1,0,0,0,0,1,0,0,1,0,0,0,0
7161.39,1437.18,0,1,0,1,0,22,1,1,0,0,1,0,0,1,0,0,0,0,0,0,0,0,1
504.93,3150.63,0,1,0,0,1,4,1,1,0,0,0,1,0,0,1,0,0,0,0,0,0,0,1
4803.94,1266.39,0,1,0,1,1,6,3,1,0,0,0,0,1,0,0,0,1,1,0,0,0,0,0
1483.04,1662.48,0,0,0,0,0,2,6,1,0,0,0,1,0,0,0,1,0,0,1,0,0,0,0
4332.75,3216.54,0,1,0,1,0,21,4,1,0,0,1,0,0,0,0,0,1,0,0,1,0,0,0
7499.42,4697.89,0,1,0,1,0,20,3,1,0,0,1,0,0,0,1,0,0,1,0,0,0,0,0
4588.67,1782.19,0,1,0,1,0,19,4,1,0,0,0,1,0,0,1,0,0,0,0,1,0,0,0
1635.35,2449.99,0,1,0,1,0,23,1,1,0,0,0,0,1,0,1,0,0,0,0,0,0,0,1
2520.0,2771.42,0,1,0,1,0,11,2,1,0,0,0,0,1,0,0,1,0,0,0,0,0,1,0
3676.03,4814.0,0,1,0,1,1,12,3,1,0,0,0,1,0,0,0,0,1,1,0,0,0,0,0
696.54,3942.46,0,1,0,1,0,18,3,1,0,0,1,0,0,1,0,0,0,1,0,0,0,0,0
5843.79,2328.61,0,1,0,1,0,1,3,1,0,0,0,1,0,0,0,0,1,1,0,0,0,0,0
6075.73,2085.47,1,1,0,1,0,5,5,1,0,0,0,1,0,0,0,0,1,0,0,0,1,0,0
622.46,3074.02,0,1,0,1,0,13,6,1,0,0,0,0,1,0,0,1,0,0,1,0,0,0,0
4023.71,2525.51,0,0,0,0,0,0,6,1,0,0,1,0,0,1,0,0,0,0,1,0,0,0,0
4140.59,3467.19,0,1,1,1,0,10,6,1,0,0,1,0,0,1,0,0,0,0,1,0,0,0,0
3338.86,3139.02,0,0,0,1,0,11,6,1,0,0,0,0,1,0,0,0,1,0,1,0,0,0,0
5577.84,1135.06,0,0,0,0,1,19,1,1,0,0,1,0,0,0,1,0,0,0,0,0,0,0,1
3460.23,1297.9,0,1,0,1,0,0,6,1,0,0,1,0,0,0,0,0,1,0,1,0,0,0,0
4164.68,1536.2,0,1,0,1,0,2,5,1,0,0,0,0,1,0,0,1,0,0,0,0,1,0,0
7975.44,3603.0,0,0,0,1,1,6,4,1,0,0,1,0,0,0,1,0,0,0,0,1,0,0,0
1621.93,4909.0,0,1,0,1,0,14,3,1,0,0,1,0,0,0,0,1,0,1,0,0,0,0,0
6191.53,2810.48,0,1,0,0,1,12,6,1,0,0,0,1,0,0,1,0,0,0,1,0,0,0,0
5056.44,1597.58,1,0,0,1,0,0,3,1,0,0,1,0,0,0,1,0,0,1,0,0,0,0,0
3051.41,3440.18,0,1,0,0,0,8,3,1,0,0,0,1,0,0,1,0,0,1,0,0,0,0,0
7275.62,3501.64,0,0,0,1,0,20,3,1,0,0,0,1,0,1,0,0,0,1,0,0,0,0,0
5512.33,4023.02,0,1,0,1,0,8,2,1,0,0,0,1,0,0,1,0,0,0,0,0,0,1,0
4774.14,3839.32,0,0,0,1,0,12,4,1,0,0,0,0,1,1,0,0,0,0,0,1,0,0,0
6677.03,3751.37,0,0,0,1,0,4,1,1,0,0,0,0,1,0,0,1,0,0,0,0,0,0,1
8023.1,3899.36,0,0,0,1,0,1,4,1,0,0,1,0,0,0,1,0,0,0,0,1,0,0,0
9726.72,4276.9,0,1,0,1,0,21,6,1,0,0,0,1,0,0,1,0,0,0,1,0,0,0,0
6293.87,4581.83,0,1,0,0,0,9,2,1,0,0,1,0,0,0,1,0,0,0,0,0,0,1,0
8744.53,1013.62,0,0,0,1,0,12,1,1,0,0,1,0,0,0,0,1,0,0,0,0,0,0,1
11.91,3664.88,0,0,0,0,0,19,3,1,0,0,1,0,0,0,0,0,1,1,0,0,0,0,0
5302.83,4764.85,0,0,0,0,0,16,5,1,0,0,1,0,0,0,0,0,1,0,0,0,1,0,0
2147.26,4031.48,0,1,0,1,1,3,5,1,0,0,1,0,0,0,0,1,0,0,0,0,1,0,0
942.83,1325.47,0,0,0,0,0,1,3,1,0,0,0,1,0,0,0,1,0,1,0,0,0,0,0
5320.18,3945.26,0,1,0,0,0,23,3,1,0,0,0,1,0,0,0,1,0,1,0,0,0,0,0
7468.52,2010.39,0,0,0,0,0,3,4,1,0,0,0,1,0,0,0,0,1,0,0,1,0,0,0
4123.31,1736.22,0,1,0,0,0,21,6,1,0,0,0,1,0,1,0,0,0,0,1,0,0,0,0
6701.4,1812.8,0,1,0,0,0,15,5,1,0,0,0,0,1,0,0,1,0,0,0,0,1,0,0
4897.7,4888.54,0,1,0,0,1,7,4,1,0,0,0,1,0,0,0,0,1,0,0,1,0,0,0
4371.42,3636.45,0,1,0,1,0,22,4,1,0,0,0,1,0,1,0,0,0,0,0,1,0,0,0
2903.28,4911.42,1,1,0,0,0,13,5,1,0,0,0,1,0,0,1,0,0,0,0,0,1,0,0
3826.55,4388.78,0,0,0,1,0,9,3,1,0,0,0,0,1,0,1,0,0,1,0,0,0,0,0
3498.61,4699.58,0,1,0,0,0,22,6,1,0,0,1,0,0,0,0,1,0,0,1,0,0,0,0
6462.23,3219.76,0,1,0,0,0,1,2,1,0,0,0,0,1,1,0,0,0,0,0,0,0,1,0
1161.07,2394.96,0,1,0,1,1,20,6,1,0,0,0,1,0,0,0,0,1,0,1,0,0,0,0
927.27,3954.14,0,1,0,0,0,2,2,1,0,0,0,1,0,0,1,0,0,0,0,0,0,1,0
6600.47,1072.26,1,0,0,0,1,17,2,1,0,0,0,0,1,0,1,0,0,0,0,0,0,1,0
5463.43,3575.0,0,1,0,1,0,1,3,1,0,0,1,0,0,0,0,0,1,1,0,0,0,0,0
4302.57,4825.94,0,1,0,0,0,1,1,1,0,0,0,0,1,0,1,0,0,0,0,0,0,0,1
1525.28,4383.45,0,0,0,1,1,11,3,1,0,0,0,0,1,0,1,0,0,1,0,0,0,0,0
4110.86,1757.86,0,1,0,1,0,1,6,1,0,0,0,1,0,0,0,1,0,0,1,0,0,0,0
7897.53,1512.17,0,1,0,1,0,18,6,1,0,0,0,0,1,1,0,0,0,0,1,0,0,0,0
8896.32,4305.92,0,0,0,0,0,15,5,1,0,0,0,0,1,1,0,0,0,0,0,0,1,0,0
7026.06,1213.56,0,1,0,1,0,12,4,1,0,0,0,0,1,1,0,0,0,0,0,1,0,0,0
600.06,4981.22,0,1,0,1,0,17,2,1,0,0,0,0,1,1,0,0,0,0,0,0,0,1,0
6704.43,2869.6,0,0,0,1,1,4,5,1,0,0,0,0,1,0,0,0,1,0,0,0,1,0,0
2410.61,4710.37,0,1,0,1,1,14,3,1,0,0,0,0,1,1,0,0,0,1,0,0,0,0,0
3153.2,4245.11,1,1,0,0,0,9,2,1,0,0,0,1,0,0,0,1,0,0,0,0,0,1,0
1959.54,3789.49,0,1,1,1,0,7,3,1,0,0,0,1,0,0,0,0,1,1,0,0,0,0,0
7757.78,1823.03,0,1,0,1,0,13,3,1,0,0,0,1,0,0,0,1,0,1,0,0,0,0,0
6486.37,1342.61,0,0,0,0,0,22,3,1,0,0,0,1,0,0,1,0,0,1,0,0,0,0,0
6118.74,3622.67,0,1,0,1,0,18,3,1,0,0,0,0,1,1,0,0,0,1,0,0,0,0,0
6680.06,1758.96,0,1,0,0,0,2,1,1,0,0,0,0,1,1,0,0,0,0,0,0,0,0,1
2368.49,4314.85,0,0,0,1,1,13,4,1,0,0,0,0,1,0,0,0,1,0,0,1,0,0,0
4447.0,1268.37,0,1,0,1,0,23,5,1,0,0,0,0,1,1,0,0,0,0,0,0,1,0,0
6332.9,3095.42,0,1,0,1,0,8,3,1,0,0,0,1,0,0,0,1,0,1,0,0,0,0,0
6366.3,2688.19,0,1,0,1,0,8,5,1,0,0,0,1,0,0,0,0,1,0,0,0,1,0,0
7918.73,4699.45,0,1,0,1,0,14,6,1,0,0,0,0,1,1,0,0,0,0,1,0,0,0,0
2871.75,4594.01,0,0,0,0,0,9,3,1,0,0,0,0,1,0,0,1,0,1,0,0,0,0,0
7703.59,3881.2,1,1,0,1,0,19,2,1,0,0,0,0,1,0,1,0,0,0,0,0,0,1,0
4402.4,4021.27,0,0,0,1,0,18,5,1,0,0,0,0,1,1,0,0,0,0,0,0,1,0,0
6702.06,3826.13,0,1,0,1,0,11,6,1,0,0,1,0,0,1,0,0,0,0,1,0,0,0,0
4557.74,3699.2,0,0,0,0,0,10,5,1,0,0,1,0,0,1,0,0,0,0,0,0,1,0,0
9486.15,4987.78,0,1,0,0,0,8,2,1,0,0,1,0,0,0,1,0,0,0,0,0,0,1,0
1793.84,3944.27,0,1,0,1,0,21,3,1,0,0,1,0,0,1,0,0,0,1,0,0,0,0,0
6750.38,4782.33,1,0,0,1,0,23,3,1,0,0,0,0,1,0,1,0,0,1,0,0,0,0,0
5765.77,2748.9,0,1,0,1,1,3,3,1,0,0,0,0,1,0,0,1,0,1,0,0,0,0,0
1728.14,4992.5,0,0,0,1,1,22,3,1,0,0,0,0,1,0,0,0,1,1,0,0,0,0,0
661.0,3457.86,0,1,0,1,1,13,2,1,0,0,1,0,0,0,0,1,0,0,0,0,0,1,0
7991.64,4619.72,0,1,0,1,0,11,3,1,0,0,1,0,0,0,0,1,0,1,0,0,0,0,0
1575.36,1363.7,0,0,0,1,0,18,2,1,0,0,0,0,1,0,0,0,1,0,0,0,0,1,0
1865.88,3442.2,0,0,0,0,0,9,6,1,0,0,1,0,0,0,0,0,1,0,1,0,0,0,0
9784.36,4971.19,0,1,0,1,0,8,3,1,0,0,0,1,0,1,0,0,0,1,0,0,0,0,0
7172.89,1266.25,0,1,0,0,0,2,1,1,0,0,1,0,0,0,1,0,0,0,0,0,0,0,1
2505.62,4788.2,0,1,0,1,0,8,1,1,0,0,1,0,0,1,0,0,0,0,0,0,0,0,1
5909.9,1583.6,0,1,0,1,0,20,5,1,0,0,1,0,0,0,0,1,0,0,0,0,1,0,0
5341.58,4984.48,1,1,0,1,0,18,2,1,0,0,1,0,0,0,1,0,0,0,0,0,0,1,0
8444.89,2155.76,0,1,0,1,0,20,2,1,0,0,0,0,1,1,0,0,0,0,0,0,0,1,0
7293.48,4174.57,0,1,0,1,1,7,6,1,0,0,0,1,0,0,0,0,1,0,1,0,0,0,0
8317.38,1110.84,0,0,0,0,0,8,3,1,0,0,0,0,1,0,0,0,1,1,0,0,0,0,0
2115.85,2147.18,0,1,0,0,0,14,5,1,0,0,1,0,0,1,0,0,0,0,0,0,1,0,0
6402.55,3412.79,0,1,0,1,0,5,1,1,0,0,1,0,0,0,1,0,0,0,0,0,0,0,1
403.37,1909.02,0,0,0,1,1,7,4,1,0,0,1,0,0,0,0,1,0,0,0,1,0,0,0
690.34,4042.98,0,1,0,1,1,17,4,1,0,0,1,0,0,0,1,0,0,0,0,1,0,0,0
7135.56,3702.65,1,1,0,0,0,6,4,1,0,0,1,0,0,1,0,0,0,0,0,1,0,0,0
245.18,4963.53,0,0,0,1,0,18,4,1,0,0,0,1,0,0,0,0,1,0,0,1,0,0,0
5798.07,3337.29,0,1,0,0,0,17,5,1,0,0,0,0,1,0,0,0,1,0,0,0,1,0,0
8404.21,4072.47,0,1,0,1,0,20,4,1,0,0,1,0,0,0,0,1,0,0,0,1,0,0,0
3800.04,1298.1,0,1,0,1,0,16,3,1,0,0,0,1,0,0,0,0,1,1,0,0,0,0,0
449.36,1171.97,0,1,0,1,0,16,1,1,0,0,0,0,1,0,0,1,0,0,0,0,0,0,1
7138.76,3326.59,0,1,0,0,0,22,2,1,0,0,0,0,1,0,0,1,0,0,0,0,0,1,0
9296.93,4941.41,0,1,0,1,0,17,3,1,0,0,0,0,1,0,1,0,0,1,0,0,0,0,0
7172.0,2075.17,0,1,0,0,1,0,6,1,0,0,1,0,0,0,1,0,0,0,1,0,0,0,0
5784.89,1006.85,0,1,0,1,1,6,2,1,0,0,1,0,0,1,0,0,0,0,0,0,0,1,0
2301.06,2363.66,0,1,0,1,0,7,1,1,0,0,0,1,0,1,0,0,0,0,0,0,0,0,1
154.74,3956.34,0,1,0,0,1,14,5,1,0,0,0,1,0,0,0,1,0,0,0,0,1,0,0
6947.03,4209.09,0,1,0,1,0,17,5,1,0,0,0,0,1,1,0,0,0,0,0,0,1,0,0
2311.03,4124.27,0,1,0,1,1,0,1,1,0,0,1,0,0,0,0,0,1,0,0,0,0,0,1
8581.77,1323.69,0,1,0,0,1,12,2,1,0,0,0,0,1,0,0,1,0,0,0,0,0,1,0
4664.17,4083.32,0,1,0,1,1,22,4,1,0,0,0,0,1,0,0,1,0,0,0,1,0,0,0
5306.83,1326.62,0,0,0,1,0,2,1,1,0,0,0,1,0,1,0,0,0,0,0,0,0,0,1
7539.61,4948.66,0,1,0,0,0,0,4,1,0,0,1,0,0,0,1,0,0,0,0,1,0,0,0
7794.53,2481.92,0,1,1,1,1,0,5,1,0,0,0,1,0,0,0,1,0,0,0,0,1,0,0
6426.87,3773.96,0,1,0,1,0,13,2,1,0,0,1,0,0,0,0,1,0,0,0,0,0,1,0
9384.38,2938.07,0,1,0,1,1,9,3,1,0,0,0,0,1,0,1,0,0,1,0,0,0,0,0
9823.0,1962.59,0,1,1,1,1,13,1,1,0,0,0,0,1,0,1,0,0,0,0,0,0,0,1
9468.91,3443.42,1,0,0,1,0,7,6,1,0,0,0,0,1,0,0,1,0,0,1,0,0,0,0
8241.97,1063.69,0,1,0,1,0,7,5,1,0,0,1,0,0,1,0,0,0,0,0,0,1,0,0
7056.55,3020.63,0,1,0,1,0,15,2,1,0,0,0,0,1,0,0,1,0,0,0,0,0,1,0
6633.6,1156.16,0,1,0,0,0,20,3,1,0,0,1,0,0,0,0,1,0,1,0,0,0,0,0
1038.4,3271.21,0,1,0,1,0,11,2,1,0,0,1,0,0,0,0,1,0,0,0,0,0,1,0
2715.57,2829.16,0,1,0,1,0,4,3,1,0,0,0,1,0,1,0,0,0,1,0,0,0,0,0
57.88,4578.91,0,1,0,1,0,7,3,1,0,0,0,0,1,0,1,0,0,1,0,0,0,0,0
1374.96,4864.01,0,1,0,0,0,12,2,1,0,0,0,1,0,0,0,1,0,0,0,0,0,1,0
4392.86,3604.4,0,1,0,1,0,0,1,1,0,0,1,0,0,0,1,0,0,0,0,0,0,0,1
1466.22,1740.75,0,1,1,0,0,0,3,1,0,0,0,0,1,0,0,1,0,1,0,0,0,0,0
9016.73,3094.26,0,1,0,1,0,22,1,1,0,0,0,0,1,1,0,0,0,0,0,0,0,0,1
8057.19,1006.51,0,1,0,0,0,6,6,1,0,0,1,0,0,0,0,1,0,0,1,0,0,0,0
717.05,4072.27,0,1,0,1,0,13,3,1,0,0,0,0,1,0,0,1,0,1,0,0,0,0,0
2489.89,1164.66,1,0,0,1,0,9,6,1,0,0,1,0,0,0,1,0,0,0,1,0,0,0,0
8190.9,4230.27,0,1,0,0,0,0,1,1,0,0,0,0,1,0,0,1,0,0,0,0,0,0,1
8030.66,2058.71,0,1,0,0,1,13,5,1,0,0,0,0,1,0,0,1,0,0,0,0,1,0,0
9454.56,2000.12,0,1,0,1,0,9,2,1,0,0,1,0,0,0,0,1,0,0,0,0,0,1,0
9975.48,1358.72,0,1,0,1,0,10,6,1,0,0,0,1,0,0,1,0,0,0,1,0,0,0,0
9762.72,3743.06,0,0,0,1,0,0,5,1,0,0,1,0,0,0,0,0,1,0,0,0,1,0,0
4101.97,2463.97,0,1,0,1,0,3,2,1,0,0,0,0,1,0,1,0,0,0,0,0,0,1,0
2504.03,1359.62,1,1,0,0,0,21,5,1,0,0,1,0,0,0,0,1,0,0,0,0,1,0,0
7584.34,2284.04,0,1,0,1,0,19,2,1,0,0,1,0,0,0,0,0,1,0,0,0,0,1,0
2993.43,4688.44,0,1,0,0,0,23,4,1,0,0,1,0,0,0,1,0,0,0,0,1,0,0,0
8064.2,1139.78,0,1,0,1,0,16,4,1,0,0,0,0,1,0,1,0,0,0,0,1,0,0,0
5340.01,3676.22,0,1,0,1,1,10,1,1,0,0,0,1,0,0,0,0,1,0,0,0,0,0,1
7939.48,3004.02,0,1,0,1,0,16,1,1,0,0,0,1,0,0,0,0,1,0,0,0,0,0,1
2759.52,3390.58,0,1,0,1,0,7,6,1,0,0,0,0,1,0,0,0,1,0,1,0,0,0,0
5080.77,2566.58,0,1,0,0,0,7,1,1,0,0,0,1,0,0,0,0,1,0,0,0,0,0,1
5640.67,2926.17,0,1,0,1,0,16,2,1,0,0,1,0,0,1,0,0,0,0,0,0,0,1,0
9431.14,4037.19,0,1,0,1,0,6,3,1,0,0,1,0,0,1,0,0,0,1,0,0,0,0,0
2666.71,2932.71,0,1,0,0,0,23,2,1,0,0,0,1,0,1,0,0,0,0,0,0,0,1,0
9366.95,2505.16,1,1,0,0,1,16,4,1,0,0,0,1,0,0,0,0,1,0,0,1,0,0,0
8048.78,2103.02,0,0,0,1,0,0,5,1,0,0,0,1,0,0,0,1,0,0,0,0,1,0,0
7309.21,2802.0,0,1,0,1,0,6,4,1,0,0,1,0,0,0,0,1,0,0,0,1,0,0,0
7868.92,3302.88,0,0,0,0,0,16,4,1,0,0,1,0,0,0,0,1,0,0,0,1,0,0,0
6054.65,2497.93,0,1,0,1,0,17,6,1,0,0,0,0,1,0,1,0,0,0,1,0,0,0,0
2441.56,4603.95,1,1,1,1,0,20,1,1,0,0,0,0,1,0,0,1,0,0,0,0,0,0,1
1895.76,4983.78,0,1,0,1,0,1,3,1,0,0,1,0,0,1,0,0,0,1,0,0,0,0,0
8663.55,1816.47,0,1,0,1,0,0,3,1,0,0,1,0,0,0,0,0,1,1,0,0,0,0,0
7251.67,3577.06,0,1,0,0,0,17,3,1,0,0,0,0,1,0,1,0,0,1,0,0,0,0,0
2132.83,1824.61,0,1,0,0,1,23,1,1,0,0,0,0,1,1,0,0,0,0,0,0,0,0,1
6151.32,3164.2,0,1,0,1,0,21,1,1,0,0,1,0,0,0,0,1,0,0,0,0,0,0,1
4476.02,2573.17,0,0,0,1,1,5,6,1,0,0,0,1,0,0,0,0,1,0,1,0,0,0,0
1587.39,1981.65,0,1,0,1,0,21,6,1,0,0,1,0,0,0,0,1,0,0,1,0,0,0,0
5319.04,2368.31,1,1,0,1,0,17,2,1,0,0,0,1,0,1,0,0,0,0,0,0,0,1,0
2815.91,1493.36,1,0,0,1,1,12,2,1,0,0,1,0,0,1,0,0,0,0,0,0,0,1,0
963.34,1317.96,0,1,0,1,0,22,1,1,0,0,0,0,1,1,0,0,0,0,0,0,0,0,1
4670.12,2800.5,0,1,0,1,0,2,5,1,0,0,0,0,1,0,0,1,0,0,0,0,1,0,0
5901.5,4261.04,0,1,0,1,0,10,4,1,0,0,0,0,1,0,0,0,1,0,0,1,0,0,0
470.02,3731.6,0,1,0,1,1,18,3,1,0,0,1,0,0,0,0,0,1,1,0,0,0,0,0
4021.53,3381.33,0,1,0,1,0,2,5,1,0,0,1,0,0,0,1,0,0,0,0,0,1,0,0
2577.36,2682.02,0,1,0,1,0,9,5,1,0,0,1,0,0,0,1,0,0,0,0,0,1,0,0
307.48,2874.21,0,0,0,0,1,9,3,1,0,0,0,1,0,0,1,0,0,1,0,0,0,0,0
1257.5,1085.99,0,1,0,1,0,23,2,1,0,0,1,0,0,1,0,0,0,0,0,0,0,1,0
1391.2,4760.56,1,1,0,1,1,21,6,1,0,0,0,1,0,0,0,0,1,0,1,0,0,0,0
1829.56,2243.45,0,1,0,1,0,12,2,1,0,0,0,1,0,0,0,1,0,0,0,0,0,1,0
8033.97,4657.82,0,0,0,1,0,20,5,1,0,0,0,1,0,0,0,0,1,0,0,0,1,0,0
4395.48,3865.0,0,0,0,1,0,8,4,1,0,0,0,0,1,0,0,1,0,0,0,1,0,0,0
1471.71,3246.88,0,1,0,0,0,1,4,1,0,0,0,1,0,0,1,0,0,0,0,1,0,0,0
1003.87,2780.86,0,1,0,1,0,14,5,1,0,0,0,1,0,1,0,0,0,0,0,0,1,0,0
2980.11,2291.87,0,1,0,1,1,18,5,1,0,0,0,0,1,1,0,0,0,0,0,0,1,0,0
7980.36,3553.22,0,0,0,1,0,21,1,1,0,0,0,1,0,0,1,0,0,0,0,0,0,0,1
3645.23,4880.9,0,1,0,0,0,20,2,1,0,0,1,0,0,1,0,0,0,0,0,0,0,1,0
1599.81,4217.3,0,0,0,1,0,12,1,1,0,0,1,0,0,0,1,0,0,0,0,0,0,0,1
4041.76,2564.52,0,1,0,1,0,4,6,1,0,0,0,0,1,0,0,0,1,0,1,0,0,0,0
5553.56,2928.7,0,1,0,0,0,7,1,1,0,0,0,0,1,0,0,1,0,0,0,0,0,0,1
296.81,2873.82,0,0,0,1,0,5,4,1,0,0,0,1,0,1,0,0,0,0,0,1,0,0,0
6276.79,2038.18,0,1,0,1,0,2,1,1,0,0,0,1,0,0,1,0,0,0,0,0,0,0,1
3951.61,4389.15,1,0,0,1,0,1,2,1,0,0,0,1,0,0,0,1,0,0,0,0,0,1,0
98.25,3771.33,0,1,0,1,0,13,5,1,0,0,0,0,1,0,1,0,0,0,0,0,1,0,0
6739.22,3390.14,0,1,0,1,0,12,1,1,0,0,0,1,0,1,0,0,0,0,0,0,0,0,1
7124.16,2733.2,0,1,0,1,0,7,6,1,0,0,1,0,0,0,0,1,0,0,1,0,0,0,0
6288.77,1956.0,1,0,0,1,0,18,1,1,0,0,1,0,0,1,0,0,0,0,0,0,0,0,1
3419.96,3559.22,0,1,0,0,1,20,2,1,0,0,0,1,0,0,0,1,0,0,0,0,0,1,0
5296.52,1947.06,0,1,0,0,0,14,4,1,0,0,0,0,1,0,0,1,0,0,0,1,0,0,0
3872.19,1035.22,0,1,0,0,0,3,1,1,0,0,1,0,0,0,1,0,0,0,0,0,0,0,1
7006.52,1266.55,0,1,0,1,0,16,6,1,0,0,0,0,1,0,0,1,0,0,1,0,0,0,0
5836.22,3776.04,0,1,0,1,0,18,1,1,0,0,1,0,0,0,0,0,1,0,0,0,0,0,1
818.91,2510.19,0,1,0,1,0,10,2,1,0,0,0,1,0,1,0,0,0,0,0,0,0,1,0
6431.29,1825.63,0,1,0,0,1,5,5,1,0,0,0,1,0,0,1,0,0,0,0,0,1,0,0
6872.7,1951.47,0,1,0,1,0,12,2,1,0,0,0,0,1,0,0,1,0,0,0,0,0,1,0
3707.65,2977.88,0,1,0,1,0,5,3,1,0,0,0,1,0,0,0,0,1,1,0,0,0,0,0
8757.98,4621.79,0,1,0,1,0,10,1,1,0,0,0,0,1,0,0,0,1,0,0,0,0,0,1
8430.3,2075.18,0,1,0,1,0,4,6,1,0,0,0,0,1,0,0,0,1,0,1,0,0,0,0
1752.49,3621.82,0,1,0,1,1,2,2,1,0,0,1,0,0,0,1,0,0,0,0,0,0,1,0
9042.76,4302.36,0,1,0,0,0,11,6,1,0,0,1,0,0,0,0,1,0,0,1,0,0,0,0
4409.28,2954.74,0,1,0,1,0,9,6,1,0,0,0,1,0,0,0,1,0,0,1,0,0,0,0
7237.77,1108.13,0,0,0,0,0,22,4,1,0,0,0,0,1,0,0,0,1,0,0,1,0,0,0
8141.16,4184.68,0,1,0,1,0,6,5,1,0,0,1,0,0,0,1,0,0,0,0,0,1,0,0
5051.62,4517.47,0,1,0,0,0,5,5,1,0,0,0,1,0,1,0,0,0,0,0,0,1,0,0
3991.62,1124.17,0,1,0,1,0,20,1,1,0,0,0,1,0,0,0,1,0,0,0,0,0,0,1
9154.6,1464.81,0,1,0,1,0,5,6,1,0,0,1,0,0,0,0,1,0,0,1,0,0,0,0
2309.3,1348.12,0,1,1,1,0,21,5,1,0,0,0,1,0,1,0,0,0,0,0,0,1,0,0
2570.44,1884.72,0,0,0,1,0,10,5,1,0,0,1,0,0,0,0,1,0,0,0,0,1,0,0
3616.84,2984.02,0,1,0,1,0,22,4,1,0,0,0,0,1,1,0,0,0,0,0,1,0,0,0
8594.8,1133.37,0,1,0,1,0,1,4,1,0,0,0,1,0,1,0,0,0,0,0,1,0,0,0
9387.94,1676.12,0,1,0,1,0,6,4,1,0,0,0,0,1,0,0,1,0,0,0,1,0,0,0
2201.46,2629.01,0,1,0,1,0,2,3,1,0,0,1,0,0,0,0,0,1,1,0,0,0,0,0
8638.84,3532.28,0,1,0,0,0,5,3,1,0,0,0,0,1,0,0,1,0,1,0,0,0,0,0
2582.77,4638.34,0,1,0,0,0,16,2,1,0,0,1,0,0,0,0,0,1,0,0,0,0,1,0
9706.44,4319.47,0,0,0,1,1,18,1,1,0,0,0,1,0,0,0,1,0,0,0,0,0,0,1
5974.48,1215.65,0,1,0,0,0,5,5,1,0,0,0,1,0,0,1,0,0,0,0,0,1,0,0
71.86,4867.7,1,1,0,1,1,10,1,1,0,0,0,1,0,0,0,0,1,0,0,0,0,0,1
342.26,2068.09,1,1,0,1,0,10,1,1,0,0,0,0,1,1,0,0,0,0,0,0,0,0,1
1475.7,2454.15,0,0,0,0,1,21,5,1,0,0,0,0,1,0,0,0,1,0,0,0,1,0,0
1876.54,1298.07,0,1,1,1,1,3,3,1,0,0,0,0,1,0,0,0,1,1,0,0,0,0,0
7676.42,4744.19,0,1,0,1,0,7,2,1,0,0,1,0,0,0,0,1,0,0,0,0,0,1,0
2228.44,3183.67,0,1,0,0,0,7,3,1,0,0,0,1,0,0,1,0,0,1,0,0,0,0,0
9691.45,3065.24,0,1,0,1,0,15,6,1,0,0,0,0,1,1,0,0,0,0,1,0,0,0,0
6361.48,1060.79,0,1,0,1,0,19,5,1,0,0,1,0,0,0,1,0,0,0,0,0,1,0,0
6925.48,1013.75,0,1,1,1,0,5,1,1,0,0,0,0,1,0,0,0,1,0,0,0,0,0,1
2178.95,3728.86,1,1,0,1,0,6,4,1,0,0,1,0,0,0,1,0,0,0,0,1,0,0,0
8927.17,2929.12,0,1,0,1,0,1,1,1,0,0,0,1,0,0,1,0,0,0,0,0,0,0,1
6678.48,3030.29,0,1,0,0,0,21,5,1,0,0,0,0,1,0,1,0,0,0,0,0,1,0,0
8644.19,3600.92,0,0,0,1,0,2,3,1,0,0,0,1,0,0,0,0,1,1,0,0,0,0,0
9564.85,1583.77,0,0,0,1,0,12,4,1,0,0,0,0,1,0,1,0,0,0,0,1,0,0,0
1257.28,4993.38,0,1,0,0,0,16,6,1,0,0,1,0,0,0,1,0,0,0,1,0,0,0,0
966.78,1323.08,0,0,0,1,0,3,3,1,0,0,0,1,0,0,0,1,0,1,0,0,0,0,0
8034.27,2071.52,0,1,0,0,0,17,2,1,0,0,0,0,1,1,0,0,0,0,0,0,0,1,0
8661.39,3775.4,0,1,0,0,0,10,2,1,0,0,0,0,1,0,0,0,1,0,0,0,0,1,0
5838.03,3063.67,0,1,0,0,0,13,1,1,0,0,0,1,0,0,1,0,0,0,0,0,0,0,1
3660.64,1386.3,0,1,0,1,0,3,2,1,0,0,1,0,0,0,1,0,0,0,0,0,0,1,0
6526.64,4099.39,0,1,0,1,1,23,4,1,0,0,0,1,0,0,0,1,0,0,0,1,0,0,0
3057.34,4881.73,1,1,0,1,0,18,6,1,0,0,0,0,1,1,0,0,0,0,1,0,0,0,0
2384.62,2892.3,0,1,0,0,0,3,4,1,0,0,0,1,0,0,0,0,1,0,0,1,0,0,0
4881.96,2012.47,0,0,0,1,1,1,4,1,0,0,0,1,0,0,1,0,0,0,0,1,0,0,0
2162.32,1427.31,0,1,0,1,0,5,3,1,0,0,1,0,0,0,0,0,1,1,0,0,0,0,0
4837.55,1820.91,0,1,1,0,0,17,5,1,0,0,1,0,0,0,1,0,0,0,0,0,1,0,0
9566.11,2244.91,1,0,0,1,0,4,2,1,0,0,0,1,0,0,1,0,0,0,0,0,0,1,0
8398.0,1751.87,0,1,0,1,1,6,2,1,0,0,1,0,0,0,0,0,1,0,0,0,0,1,0
9416.37,3737.92,0,1,0,1,0,23,4,1,0,0,1,0,0,0,0,0,1,0,0,1,0,0,0
8063.48,1091.77,0,1,0,0,0,11,1,1,0,0,0,0,1,0,1,0,0,0,0,0,0,0,1
3548.15,2636.44,0,1,0,1,0,2,3,1,0,0,1,0,0,0,0,0,1,1,0,0,0,0,0
8120.64,2496.58,0,1,0,0,1,6,4,1,0,0,0,1,0,1,0,0,0,0,0,1,0,0,0
9229.23,4511.99,0,1,0,0,0,19,4,1,0,0,0,1,0,0,0,0,1,0,0,1,0,0,0
9470.41,2091.12,0,1,0,1,0,9,2,1,0,0,0,0,1,0,0,0,1,0,0,0,0,1,0
6832.3,3329.62,0,1,0,0,1,19,3,1,0,0,0,0,1,0,0,0,1,1,0,0,0,0,0
2114.46,1018.72,0,1,0,0,1,20,5,1,0,0,0,0,1,0,0,0,1,0,0,0,1,0,0
398.25,4667.8,0,1,1,1,0,6,1,1,0,0,0,1,0,0,1,0,0,0,0,0,0,0,1
1472.86,3546.65,0,1,0,0,0,2,3,1,0,0,0,1,0,0,0,1,0,1,0,0,0,0,0
9655.5,4174.53,0,1,0,1,0,14,6,1,0,0,1,0,0,0,1,0,0,0,1,0,0,0,0
4621.51,3277.4,0,1,0,1,0,1,2,1,0,0,0,0,1,0,1,0,0,0,0,0,0,1,0
8550.01,4262.11,0,1,1,0,0,15,4,1,0,0,1,0,0,1,0,0,0,0,0,1,0,0,0
4650.98,1337.56,1,1,0,1,0,3,2,1,0,0,1,0,0,0,1,0,0,0,0,0,0,1,0
6608.52,3841.97,0,1,0,1,0,19,2,1,0,0,0,1,0,0,1,0,0,0,0,0,0,1,0
242.38,1595.22,0,1,0,1,0,21,3,1,0,0,1,0,0,1,0,0,0,1,0,0,0,0,0
2499.4,3305.94,0,1,0,1,0,23,5,1,0,0,0,0,1,1,0,0,0,0,0,0,1,0,0
4363.26,4942.89,0,0,0,1,1,14,2,1,0,0,0,0,1,0,0,0,1,0,0,0,0,1,0
6306.68,1722.05,1,1,0,0,0,12,3,1,0,0,0,1,0,0,1,0,0,1,0,0,0,0,0
1716.04,2024.68,0,1,0,0,0,23,5,1,0,0,0,1,0,1,0,0,0,0,0,0,1,0,0
7645.75,1845.25,0,1,0,1,0,8,2,1,0,0,0,1,0,0,1,0,0,0,0,0,0,1,0
3644.68,2648.83,0,1,0,0,0,5,1,1,0,0,0,0,1,0,1,0,0,0,0,0,0,0,1
8174.54,2954.15,0,1,0,0,0,18,2,1,0,0,0,1,0,0,1,0,0,0,0,0,0,1,0
980.59,1640.22,0,0,0,1,0,20,5,1,0,0,0,0,1,0,0,0,1,0,0,0,1,0,0
6797.89,1111.32,0,1,0,0,0,22,4,1,0,0,1,0,0,0,0,0,1,0,0,1,0,0,0
2933.99,2366.49,0,0,0,0,1,0,4,1,0,0,0,1,0,0,1,0,0,0,0,1,0,0,0
7954.04,2528.11,0,1,0,1,0,15,4,1,0,0,0,1,0,0,0,1,0,0,0,1,0,0,0
4022.3,2531.42,0,1,0,1,0,18,5,1,0,0,0,1,0,0,1,0,0,0,0,0,1,0,0
6653.83,3659.93,0,1,0,1,0,18,6,1,0,0,0,0,1,0,0,0,1,0,1,0,0,0,0
9343.12,2794.98,0,1,0,1,0,15,2,1,0,0,1,0,0,1,0,0,0,0,0,0,0,1,0
207.25,1431.44,0,1,0,0,0,15,4,1,0,0,0,1,0,0,1,0,0,0,0,1,0,0,0
112.16,4729.41,0,0,0,1,0,22,1,1,0,0,1,0,0,0,0,0,1,0,0,0,0,0,1
7703.02,3802.63,0,1,0,1,1,13,1,1,0,0,0,1,0,1,0,0,0,0,0,0,0,0,1
6464.28,1851.44,0,1,0,1,0,16,1,1,0,0,0,0,1,0,0,0,1,0,0,0,0,0,1
2930.5,4740.42,0,1,0,0,1,12,3,1,0,0,1,0,0,0,0,1,0,1,0,0,0,0,0
4944.47,4966.31,0,1,0,1,0,22,3,1,0,0,1,0,0,0,0,0,1,1,0,0,0,0,0
420.31,1789.69,0,1,0,1,1,16,4,1,0,0,0,1,0,0,1,0,0,0,0,1,0,0,0
1925.26,2522.08,0,0,0,1,0,8,4,1,0,0,1,0,0,1,0,0,0,0,0,1,0,0,0
4245.54,1275.73,0,1,0,1,0,21,1,1,0,0,0,0,1,0,1,0,0,0,0,0,0,0,1
8340.61,2929.82,0,1,0,1,1,10,5,1,0,0,1,0,0,0,1,0,0,0,0,0,1,0,0
4797.19,4150.79,0,1,0,1,0,3,4,1,0,0,1,0,0,0,0,1,0,0,0,1,0,0,0
5864.04,4616.06,0,1,0,1,1,23,1,1,0,0,1,0,0,0,0,0,1,0,0,0,0,0,1
8737.66,3181.01,0,0,1,1,0,23,5,1,0,0,1,0,0,0,0,1,0,0,0,0,1,0,0
3088.88,2304.06,0,1,0,0,0,11,5,1,0,0,0,1,0,0,0,0,1,0,0,0,1,0,0
7007.29,3299.17,0,1,0,0,1,4,4,1,0,0,0,1,0,0,0,1,0,0,0,1,0,0,0
8616.81,1462.05,0,1,0,1,1,23,6,1,0,0,1,0,0,0,0,0,1,0,1,0,0,0,0
2026.95,4341.16,0,1,0,1,0,15,2,1,0,0,1,0,0,1,0,0,0,0,0,0,0,1,0
3565.43,3082.77,0,1,0,1,0,16,5,1,0,0,0,0,1,0,1,0,0,0,0,0,1,0,0
9798.12,4929.73,0,1,0,1,0,19,4,1,0,0,0,1,0,0,0,0,1,0,0,1,0,0,0
9832.2,2603.9,0,0,0,1,0,8,6,1,0,0,0,1,0,1,0,0,0,0,1,0,0,0,0
2233.08,3614.17,0,1,0,0,0,21,2,1,0,0,0,1,0,0,0,0,1,0,0,0,0,1,0
665.39,2359.72,0,1,0,0,0,15,5,1,0,0,1,0,0,0,0,0,1,0,0,0,1,0,0
2709.95,1590.62,1,1,0,1,0,22,6,1,0,0,0,1,0,0,1,0,0,0,1,0,0,0,0
3977.92,4018.91,0,1,0,0,0,23,3,1,0,0,0,0,1,0,1,0,0,1,0,0,0,0,0
4410.62,3689.81,0,1,0,1,0,9,2,1,0,0,0,0,1,1,0,0,0,0,0,0,0,1,0
6188.44,4121.67,0,0,0,0,0,12,3,1,0,0,0,0,1,0,1,0,0,1,0,0,0,0,0
8995.13,4920.45,0,1,0,1,0,11,1,1,0,0,0,0,1,0,1,0,0,0,0,0,0,0,1
3304.15,4973.64,0,0,0,1,0,22,4,1,0,0,0,0,1,1,0,0,0,0,0,1,0,0,0
8500.0,4715.98,0,1,0,1,0,2,1,1,0,0,0,1,0,0,1,0,0,0,0,0,0,0,1
935.7,4579.36,0,1,0,0,0,8,2,1,0,0,1,0,0,1,0,0,0,0,0,0,0,1,0
419.71,2206.02,0,1,0,0,1,15,5,1,0,0,1,0,0,1,0,0,0,0,0,0,1,0,0
5040.95,2873.83,0,1,0,0,0,0,6,1,0,0,1,0,0,0,1,0,0,0,1,0,0,0,0
597.56,1187.19,0,1,0,0,1,3,1,1,0,0,1,0,0,0,0,0,1,0,0,0,0,0,1
3925.51,3736.81,0,1,1,0,0,5,2,1,0,0,0,1,0,0,1,0,0,0,0,0,0,1,0
8967.88,3184.18,0,1,0,1,0,18,5,1,0,0,0,1,0,0,1,0,0,0,0,0,1,0,0
2415.59,3827.86,0,1,0,1,0,3,5,1,0,0,0,1,0,0,0,0,1,0,0,0,1,0,0
7060.05,3723.28,0,1,0,0,0,21,4,1,0,0,0,0,1,0,1,0,0,0,0,1,0,0,0
3024.35,2087.68,1,0,0,1,0,16,2,1,0,0,1,0,0,0,1,0,0,0,0,0,0,1,0
450.16,2844.25,0,1,0,0,0,3,6,1,0,0,0,1,0,0,0,0,1,0,1,0,0,0,0
5567.35,1420.36,0,1,0,0,0,14,3,1,0,0,0,1,0,1,0,0,0,1,0,0,0,0,0
8348.7,1338.07,0,1,0,1,0,22,4,1,0,0,0,1,0,0,0,0,1,0,0,1,0,0,0
4095.28,2840.17,0,1,0,1,0,5,1,1,0,0,1,0,0,0,0,0,1,0,0,0,0,0,1
6173.32,3223.23,1,1,0,1,1,15,1,1,0,0,1,0,0,0,0,1,0,0,0,0,0,0,1
9000.34,2275.1,0,0,0,0,0,0,4,1,0,0,0,0,1,0,0,1,0,0,0,1,0,0,0
7897.16,1246.33,0,1,0,0,1,14,4,1,0,0,0,0,1,1,0,0,0,0,0,1,0,0,0
1939.57,3646.28,0,1,0,1,0,9,2,1,0,0,0,0,1,0,1,0,0,0,0,0,0,1,0
7334.11,3709.54,1,1,0,1,0,2,1,1,0,0,1,0,0,1,0,0,0,0,0,0,0,0,1
5019.43,2282.88,0,1,0,1,1,4,5,1,0,0,0,0,1,0,1,0,0,0,0,0,1,0,0
7459.92,1003.24,0,1,0,1,0,13,5,1,0,0,0,0,1,0,0,1,0,0,0,0,1,0,0
4945.66,3543.28,0,1,0,1,0,7,6,1,0,0,0,1,0,0,0,0,1,0,1,0,0,0,0
1280.45,1282.08,0,1,0,0,0,6,4,1,0,0,1,0,0,0,0,0,1,0,0,1,0,0,0
5699.52,1893.7,0,1,0,0,0,21,3,1,0,0,0,0,1,1,0,0,0,1,0,0,0,0,0
4921.85,1991.41,0,1,0,1,0,19,2,1,0,0,0,0,1,0,0,0,1,0,0,0,0,1,0
5179.7,2054.11,0,1,0,1,0,11,1,1,0,0,1,0,0,0,0,0,1,0,0,0,0,0,1
8789.15,3466.67,0,1,0,1,0,9,1,1,0,0,0,0,1,0,0,1,0,0,0,0,0,0,1
8948.48,1316.7,0,1,0,1,1,17,1,1,0,0,1,0,0,0,0,1,0,0,0,0,0,0,1
4535.92,3581.08,0,1,0,1,0,19,3,1,0,0,1,0,0,1,0,0,0,1,0,0,0,0,0
4557.86,2939.19,0,1,0,0,0,2,1,1,0,0,1,0,0,0,1,0,0,0,0,0,0,0,1
5152.35,2395.04,0,1,0,1,0,12,3,1,0,0,0,0,1,1,0,0,0,1,0,0,0,0,0
5196.37,3416.75,0,1,0,1,0,8,6,1,0,0,0,0,1,0,0,1,0,0,1,0,0,0,0
9503.92,4493.91,0,1,0,1,0,20,2,1,0,0,0,0,1,0,0,0,1,0,0,0,0,1,0
6494.36,3175.84,0,1,0,1,0,12,6,1,0,0,1,0,0,0,1,0,0,0,1,0,0,0,0
2775.29,1624.48,0,1,0,1,0,17,6,1,0,0,0,0,1,0,0,1,0,0,1,0,0,0,0
5315.84,3231.06,0,1,0,1,0,8,3,1,0,0,0,1,0,0,0,1,0,1,0,0,0,0,0
6272.61,2814.65,0,1,0,0,0,6,1,1,0,0,1,0,0,0,1,0,0,0,0,0,0,0,1
6398.08,4762.28,0,1,0,0,0,8,6,1,0,0,0,0,1,0,1,0,0,0,1,0,0,0,0
5852.96,3373.5,0,1,0,1,0,23,4,1,0,0,1,0,0,1,0,0,0,0,0,1,0,0,0
1778.18,1140.87,0,0,0,1,0,19,1,1,0,0,0,0,1,0,1,0,0,0,0,0,0,0,1
336.9,1482.91,0,1,0,1,1,16,1,1,0,0,1,0,0,0,1,0,0,0,0,0,0,0,1
3379.09,3129.64,0,1,0,1,0,15,2,1,0,0,0,1,0,0,0,0,1,0,0,0,0,1,0
4275.79,4180.83,0,1,0,1,0,1,5,1,0,0,1,0,0,1,0,0,0,0,0,0,1,0,0
618.98,1382.42,1,0,0,0,0,4,3,1,0,0,1,0,0,0,1,0,0,1,0,0,0,0,0
8149.86,3261.75,0,1,0,1,0,17,3,1,0,0,1,0,0,1,0,0,0,1,0,0,0,0,0
3441.43,2810.48,1,1,0,1,0,11,6,1,0,0,0,0,1,0,1,0,0,0,1,0,0,0,0
9136.41,2451.55,0,0,0,1,0,17,3,1,0,0,1,0,0,0,0,1,0,1,0,0,0,0,0
1544.95,1328.36,0,1,0,0,1,17,3,1,0,0,0,0,1,0,0,1,0,1,0,0,0,0,0
570.29,4518.58,0,1,0,1,0,6,2,1,0,0,1,0,0,1,0,0,0,0,0,0,0,1,0
4823.68,4052.87,0,1,0,1,1,8,2,1,0,0,0,0,1,0,0,1,0,0,0,0,0,1,0
1892.1,4683.56,0,1,0,1,0,1,3,1,0,0,0,0,1,0,0,1,0,1,0,0,0,0,0
9374.06,1670.64,0,1,0,1,1,6,6,1,0,0,0,0,1,0,1,0,0,0,1,0,0,0,0
104.02,3289.81,0,1,0,1,1,2,1,1,0,0,0,0,1,0,0,0,1,0,0,0,0,0,1
4126.78,1077.1,0,1,0,1,0,15,3,1,0,0,1,0,0,0,1,0,0,1,0,0,0,0,0
9267.55,1710.77,0,0,0,0,0,4,5,1,0,0,1,0,0,0,0,0,1,0,0,0,1,0,0
3844.8,4156.21,0,1,0,1,0,22,6,1,0,0,0,0,1,1,0,0,0,0,1,0,0,0,0
932.0,2147.79,0,1,0,0,0,0,4,1,0,0,0,0,1,0,0,0,1,0,0,1,0,0,0
3029.65,1788.99,0,1,0,1,0,19,1,1,0,0,0,0,1,1,0,0,0,0,0,0,0,0,1
4980.61,3169.0,0,1,0,1,0,17,2,1,0,0,0,1,0,0,0,0,1,0,0,0,0,1,0
1852.33,3621.88,0,1,0,1,0,10,2,1,0,0,0,1,0,0,0,1,0,0,0,0,0,1,0
4666.15,3441.39,0,1,0,1,0,8,6,1,0,0,1,0,0,0,0,1,0,0,1,0,0,0,0
8363.6,1396.61,0,1,0,1,0,15,4,1,0,0,0,1,0,1,0,0,0,0,0,1,0,0,0
8726.31,4721.59,0,1,0,1,1,17,3,1,0,0,0,1,0,0,0,0,1,1,0,0,0,0,0
493.56,1708.78,0,1,0,1,0,5,6,1,0,0,0,0,1,0,0,1,0,0,1,0,0,0,0
1609.87,4701.53,0,1,0,1,1,16,3,1,0,0,0,0,1,1,0,0,0,1,0,0,0,0,0
2753.63,2934.91,0,0,0,1,0,4,5,1,0,0,0,1,0,0,0,0,1,0,0,0,1,0,0
5949.06,1411.82,0,0,0,0,1,6,1,1,0,0,0,1,0,0,0,1,0,0,0,0,0,0,1
3610.59,1594.49,0,1,0,1,0,21,6,1,0,0,0,1,0,0,1,0,0,0,1,0,0,0,0
8440.57,2723.27,0,1,0,1,1,8,4,1,0,0,0,0,1,0,0,0,1,0,0,1,0,0,0
7167.0,4992.14,0,1,0,1,1,19,4,1,0,0,1,0,0,1,0,0,0,0,0,1,0,0,0
1005.46,4543.42,0,0,0,0,0,12,2,1,0,0,0,1,0,0,1,0,0,0,0,0,0,1,0
6245.95,4920.92,0,0,0,1,0,17,5,1,0,0,1,0,0,0,1,0,0,0,0,0,1,0,0
1131.01,2819.33,0,1,0,1,0,18,2,1,0,0,1,0,0,1,0,0,0,0,0,0,0,1,0
2551.1,3719.04,0,1,0,0,0,22,5,1,0,0,0,1,0,0,1,0,0,0,0,0,1,0,0
1779.53,3076.78,0,0,0,1,0,23,5,1,0,0,1,0,0,1,0,0,0,0,0,0,1,0,0
1731.45,1118.29,0,0,0,1,0,22,5,1,0,0,0,0,1,0,0,1,0,0,0,0,1,0,0
6164.34,1567.35,0,1,0,1,0,9,2,1,0,0,0,1,0,1,0,0,0,0,0,0,0,1,0
5636.49,2141.42,0,0,0,1,0,7,2,1,0,0,0,1,0,0,1,0,0,0,0,0,0,1,0
1761.11,2252.48,0,1,0,0,1,6,6,1,0,0,0,1,0,0,1,0,0,0,1,0,0,0,0
9901.74,3779.42,0,0,1,1,0,14,6,1,0,0,0,1,0,0,0,0,1,0,1,0,0,0,0
4218.95,3883.09,0,1,0,1,0,11,5,1,0,0,0,0,1,0,1,0,0,0,0,0,1,0,0
971.6,2802.06,0,1,0,1,0,20,6,1,0,0,0,0,1,0,0,1,0,0,1,0,0,0,0
1206.57,2516.02,0,1,0,1,0,21,5,1,0,0,1,0,0,1,0,0,0,0,0,0,1,0,0
5839.35,1708.35,1,1,0,1,0,10,6,1,0,0,0,1,0,1,0,0,0,0,1,0,0,0,0
9790.71,1163.77,0,0,0,1,0,5,4,1,0,0,0,1,0,0,1,0,0,0,0,1,0,0,0
5719.94,3341.37,0,0,0,1,0,14,2,1,0,0,1,0,0,0,0,1,0,0,0,0,0,1,0
9490.47,2392.05,0,1,0,1,0,13,6,1,0,0,0,0,1,1,0,0,0,0,1,0,0,0,0
4441.88,2906.93,0,1,0,1,0,10,1,1,0,0,0,1,0,0,0,0,1,0,0,0,0,0,1
4358.98,4603.36,0,1,0,1,0,10,5,1,0,0,1,0,0,0,0,1,0,0,0,0,1,0,0
5000.57,3670.75,0,1,0,0,0,10,3,1,0,0,0,0,1,0,0,0,1,1,0,0,0,0,0
6974.56,4115.07,0,1,0,1,0,0,2,1,0,0,1,0,0,0,0,0,1,0,0,0,0,1,0
3676.79,1719.62,0,1,0,1,0,9,2,1,0,0,1,0,0,1,0,0,0,0,0,0,0,1,0
8639.0,1006.25,0,1,0,1,0,13,5,1,0,0,0,0,1,0,0,1,0,0,0,0,1,0,0
293.78,1541.26,0,1,0,1,0,23,6,1,0,0,0,1,0,0,1,0,0,0,1,0,0,0,0
4398.2,4072.33,0,1,0,1,0,7,1,1,0,0,0,0,1,1,0,0,0,0,0,0,0,0,1
5110.41,2775.33,1,1,0,1,1,0,1,1,0,0,0,1,0,0,0,0,1,0,0,0,0,0,1
6070.72,1855.64,0,1,0,1,0,15,2,1,0,0,0,0,1,1,0,0,0,0,0,0,0,1,0
2761.44,4847.5,1,1,0,0,1,11,6,1,0,0,0,1,0,1,0,0,0,0,1,0,0,0,0
4275.37,2946.83,0,1,0,1,1,21,2,1,0,0,0,1,0,0,0,0,1,0,0,0,0,1,0
4845.89,2475.79,0,0,0,1,0,5,5,1,0,0,1,0,0,1,0,0,0,0,0,0,1,0,0
6869.41,4908.6,0,1,0,1,0,16,2,1,0,0,1,0,0,0,1,0,0,0,0,0,0,1,0
7735.67,1534.33,0,1,0,1,1,5,2,1,0,0,0,1,0,0,0,0,1,0,0,0,0,1,0
7378.54,3398.2,0,1,0,1,0,15,5,1,0,0,0,0,1,0,0,1,0,0,0,0,1,0,0
3416.49,3996.05,0,1,0,1,0,4,1,1,0,0,0,1,0,0,0,0,1,0,0,0,0,0,1
9994.51,4763.06,1,1,0,0,0,15,3,1,0,0,0,0,1,0,1,0,0,1,0,0,0,0,0
8486.8,4336.0,0,0,0,1,0,12,1,1,0,0,0,1,0,0,0,1,0,0,0,0,0,0,1
2600.97,2157.64,0,1,0,1,0,19,3,1,0,0,0,0,1,0,0,0,1,1,0,0,0,0,0
1951.86,2041.6,0,0,0,0,0,9,2,1,0,0,1,0,0,0,0,0,1,0,0,0,0,1,0
3140.9,1390.69,0,1,0,0,0,0,5,1,0,0,0,0,1,1,0,0,0,0,0,0,1,0,0
4524.0,1669.68,0,1,0,1,0,16,3,1,0,0,1,0,0,0,0,1,0,1,0,0,0,0,0
8508.14,3920.34,1,1,0,1,0,4,3,1,0,0,0,0,1,0,1,0,0,1,0,0,0,0,0
7783.84,2156.99,0,1,1,1,0,20,4,1,0,0,1,0,0,0,1,0,0,0,0,1,0,0,0
8512.61,2767.51,0,1,1,1,1,16,4,1,0,0,0,0,1,0,0,0,1,0,0,1,0,0,0
2720.3,3761.28,0,1,0,1,0,8,3,1,0,0,0,1,0,1,0,0,0,1,0,0,0,0,0
5935.02,3659.8,0,1,0,0,0,21,4,1,0,0,0,0,1,0,1,0,0,0,0,1,0,0,0
2833.21,4172.63,0,1,0,1,1,15,6,1,0,0,1,0,0,1,0,0,0,0,1,0,0,0,0
1091.12,1233.25,0,0,0,1,0,17,3,1,0,0,1,0,0,0,0,1,0,1,0,0,0,0,0
6842.29,3288.49,0,1,0,1,0,16,5,1,0,0,0,0,1,1,0,0,0,0,0,0,1,0,0
1430.83,4568.77,0,1,0,1,0,16,2,1,0,0,0,1,0,1,0,0,0,0,0,0,0,1,0
6677.31,2492.5,0,1,0,1,1,22,2,1,0,0,0,0,1,0,0,0,1,0,0,0,0,1,0
6480.0,1765.93,0,1,0,1,0,8,3,1,0,0,0,0,1,0,1,0,0,1,0,0,0,0,0
8102.67,1275.3,0,1,0,1,1,1,3,1,0,0,1,0,0,0,0,1,0,1,0,0,0,0,0
1396.41,4759.11,0,1,0,1,0,1,3,1,0,0,0,1,0,0,1,0,0,1,0,0,0,0,0
7835.02,1015.19,0,1,0,0,0,12,1,1,0,0,0,1,0,0,0,1,0,0,0,0,0,0,1
9992.77,4168.03,0,1,0,0,0,2,4,1,0,0,0,1,0,0,0,1,0,0,0,1,0,0,0
8510.57,2057.92,0,1,0,0,0,11,6,1,0,0,0,1,0,0,1,0,0,0,1,0,0,0,0
7518.37,1969.78,0,0,0,1,0,2,6,1,0,0,0,0,1,0,0,1,0,0,1,0,0,0,0
6621.99,1630.16,0,1,0,1,0,1,5,1,0,0,0,1,0,0,1,0,0,0,0,0,1,0,0
4218.39,1775.12,0,1,0,1,0,7,5,1,0,0,0,1,0,1,0,0,0,0,0,0,1,0,0
7305.27,3056.21,0,1,0,0,0,15,1,1,0,0,0,1,0,0,0,1,0,0,0,0,0,0,1
7242.06,4501.99,0,1,0,1,1,17,4,1,0,0,1,0,0,0,1,0,0,0,0,1,0,0,0
6315.35,2470.08,0,1,0,1,0,0,2,1,0,0,1,0,0,1,0,0,0,0,0,0,0,1,0
7962.99,3982.26,0,1,0,1,1,20,3,1,0,0,1,0,0,1,0,0,0,1,0,0,0,0,0
4488.19,1986.61,1,1,0,0,0,22,5,1,0,0,0,1,0,1,0,0,0,0,0,0,1,0,0
1213.41,4616.47,0,1,0,0,0,14,4,1,0,0,0,0,1,1,0,0,0,0,0,1,0,0,0
5591.12,4655.71,0,0,0,1,1,7,3,1,0,0,0,0,1,0,0,1,0,1,0,0,0,0,0
2651.17,1433.03,0,1,0,1,0,1,6,1,0,0,1,0,0,0,1,0,0,0,1,0,0,0,0
3844.95,4355.27,0,1,0,1,0,8,4,1,0,0,1,0,0,0,1,0,0,0,0,1,0,0,0
175.13,3807.57,0,1,0,1,0,19,5,1,0,0,0,1,0,1,0,0,0,0,0,0,1,0,0
3828.52,2575.36,0,0,0,0,0,8,4,1,0,0,1,0,0,0,0,0,1,0,0,1,0,0,0
8088.2,4339.1,0,1,0,1,0,17,1,1,0,0,1,0,0,0,0,0,1,0,0,0,0,0,1
5427.68,4613.93,0,1,0,0,0,5,6,1,0,0,1,0,0,0,0,0,1,0,1,0,0,0,0
99.0,2985.51,1,1,0,1,0,10,3,1,0,0,1,0,0,0,0,0,1,1,0,0,0,0,0
4698.97,3035.18,0,0,0,1,0,18,2,1,0,0,0,0,1,1,0,0,0,0,0,0,0,1,0
2915.23,3817.11,0,0,0,1,0,22,2,1,0,0,0,1,0,0,0,0,1,0,0,0,0,1,0
4776.03,1976.88,1,0,0,0,1,22,6,1,0,0,0,0,1,0,0,0,1,0,1,0,0,0,0
4047.52,1307.16,0,1,0,0,0,22,1,1,0,0,1,0,0,1,0,0,0,0,0,0,0,0,1
9319.86,3114.72,0,0,0,1,0,22,3,1,0,0,0,1,0,0,1,0,0,1,0,0,0,0,0
412.73,2281.61,1,0,0,1,0,16,4,1,0,0,0,1,0,0,1,0,0,0,0,1,0,0,0
6836.2,1491.56,0,1,0,1,1,8,6,1,0,0,0,0,1,0,0,1,0,0,1,0,0,0,0
8510.41,1560.5,0,1,0,1,0,0,6,1,0,0,0,0,1,0,1,0,0,0,1,0,0,0,0
9592.43,1852.04,0,0,1,1,1,6,5,1,0,0,1,0,0,0,0,1,0,0,0,0,1,0,0
1777.18,2351.14,0,0,0,0,0,17,3,1,0,0,0,0,1,0,0,1,0,1,0,0,0,0,0
5313.52,2747.35,0,1,0,1,0,5,1,1,0,0,1,0,0,0,0,1,0,0,0,0,0,0,1
436.85,4826.27,1,1,0,1,0,8,3,1,0,0,1,0,0,0,1,0,0,1,0,0,0,0,0
4992.34,2940.93,1,1,0,0,0,9,1,1,0,0,1,0,0,1,0,0,0,0,0,0,0,0,1
1255.46,4653.62,0,1,0,1,1,3,3,1,0,0,0,1,0,1,0,0,0,1,0,0,0,0,0
8379.13,3185.01,0,1,0,1,0,0,4,1,0,0,0,1,0,0,1,0,0,0,0,1,0,0,0
1139.59,1632.34,0,0,0,1,0,14,5,1,0,0,0,0,1,0,0,1,0,0,0,0,1,0,0
5133.37,4371.73,0,1,0,1,0,17,6,1,0,0,0,0,1,0,0,0,1,0,1,0,0,0,0
5211.44,1065.92,0,1,0,1,0,13,2,1,0,0,0,1,0,1,0,0,0,0,0,0,0,1,0
9716.53,3254.95,0,0,1,1,0,16,6,1,0,0,0,0,1,0,0,0,1,0,1,0,0,0,0
6550.15,2367.25,1,1,0,1,1,17,5,1,0,0,1,0,0,0,0,0,1,0,0,0,1,0,0
2879.12,2752.95,0,1,0,0,0,7,2,1,0,0,1,0,0,0,0,0,1,0,0,0,0,1,0
2408.75,4189.83,1,1,0,1,0,14,6,1,0,0,0,1,0,0,1,0,0,0,1,0,0,0,0
1283.35,1021.83,0,1,0,1,0,1,6,1,0,0,0,0,1,0,0,1,0,0,1,0,0,0,0
7565.39,1729.32,0,1,0,1,0,1,2,1,0,0,0,0,1,0,1,0,0,0,0,0,0,1,0
6907.88,4250.67,0,1,0,1,0,13,2,1,0,0,0,1,0,0,0,1,0,0,0,0,0,1,0
6099.16,3181.93,0,0,0,0,0,18,6,1,0,0,1,0,0,0,0,1,0,0,1,0,0,0,0
409.36,2033.26,0,1,0,1,0,1,3,1,0,0,1,0,0,0,0,0,1,1,0,0,0,0,0
7628.53,2991.04,0,1,0,0,0,10,5,1,0,0,0,0,1,0,0,0,1,0,0,0,1,0,0
6419.23,2611.65,0,1,0,1,0,12,5,1,0,0,0,1,0,1,0,0,0,0,0,0,1,0,0
9638.92,4074.8,0,1,0,1,1,18,3,1,0,0,0,1,0,0,1,0,0,1,0,0,0,0,0
5872.43,4026.15,0,1,1,1,0,18,3,1,0,0,1,0,0,1,0,0,0,1,0,0,0,0,0
3040.22,2852.47,0,0,0,1,0,9,1,1,0,0,1,0,0,0,0,1,0,0,0,0,0,0,1
3815.82,2103.6,0,1,0,1,0,18,3,1,0,0,0,0,1,0,1,0,0,1,0,0,0,0,0
1759.23,1048.26,0,1,0,0,0,23,2,1,0,0,0,1,0,0,1,0,0,0,0,0,0,1,0
7229.42,2890.3,0,1,0,1,0,16,3,1,0,0,0,0,1,1,0,0,0,1,0,0,0,0,0
7077.51,3370.19,0,0,0,1,1,18,4,1,0,0,0,0,1,0,1,0,0,0,0,1,0,0,0
2007.3,3421.82,0,1,0,1,0,19,6,1,0,0,0,1,0,0,0,0,1,0,1,0,0,0,0
1585.73,4471.91,0,1,0,0,0,1,2,1,0,0,0,1,0,0,0,0,1,0,0,0,0,1,0
770.97,2869.68,0,1,0,0,0,12,1,1,0,0,1,0,0,0,0,0,1,0,0,0,0,0,1
9119.85,3881.77,0,1,1,0,0,7,4,1,0,0,0,1,0,0,0,1,0,0,0,1,0,0,0
2331.47,1508.79,0,1,0,1,1,12,5,1,0,0,0,0,1,1,0,0,0,0,0,0,1,0,0
3442.29,4056.0,0,1,0,1,0,20,4,1,0,0,0,0,1,0,0,0,1,0,0,1,0,0,0
2805.76,2780.62,1,1,0,0,0,2,5,1,0,0,0,1,0,0,0,1,0,0,0,0,1,0,0
4136.83,3777.49,1,1,0,1,0,0,5,1,0,0,0,0,1,0,0,1,0,0,0,0,1,0,0
7140.77,4340.61,0,1,0,1,1,15,2,1,0,0,0,1,0,1,0,0,0,0,0,0,0,1,0
8706.09,2015.93,0,1,0,1,1,3,2,1,0,0,1,0,0,0,0,0,1,0,0,0,0,1,0
1826.8,3666.42,1,0,0,1,0,4,1,1,0,0,1,0,0,0,1,0,0,0,0,0,0,0,1
6864.44,1492.99,0,1,0,1,0,9,4,1,0,0,0,1,0,0,0,1,0,0,0,1,0,0,0
3526.27,1446.55,0,1,0,1,0,5,6,1,0,0,0,0,1,0,1,0,0,0,1,0,0,0,0
9805.29,2134.36,0,0,0,1,1,22,6,1,0,0,0,1,0,0,0,1,0,0,1,0,0,0,0
2989.89,1523.72,0,1,0,1,0,13,3,1,0,0,0,1,0,0,0,0,1,1,0,0,0,0,0
72.92,2811.69,1,1,0,0,0,4,5,1,0,0,1,0,0,0,0,1,0,0,0,0,1,0,0
5156.88,4470.39,0,1,0,1,0,10,5,1,0,0,0,1,0,0,0,1,0,0,0,0,1,0,0
1508.16,1297.44,0,1,0,1,0,2,5,1,0,0,1,0,0,1,0,0,0,0,0,0,1,0,0
445.9,2453.49,0,1,0,1,0,6,2,1,0,0,1,0,0,1,0,0,0,0,0,0,0,1,0
6982.99,1831.18,0,1,0,1,1,15,1,1,0,0,0,1,0,0,1,0,0,0,0,0,0,0,1
7322.86,2835.03,0,1,0,1,0,21,4,1,0,0,0,1,0,1,0,0,0,0,0,1,0,0,0
4607.53,3537.11,0,0,0,0,0,8,3,1,0,0,0,1,0,1,0,0,0,1,0,0,0,0,0
6769.18,4411.79,0,1,0,1,1,21,1,1,0,0,0,1,0,0,1,0,0,0,0,0,0,0,1
5382.86,1094.12,0,1,0,1,0,5,4,1,0,0,1,0,0,0,1,0,0,0,0,1,0,0,0
6298.38,3272.72,0,1,0,0,0,6,5,1,0,0,0,1,0,1,0,0,0,0,0,0,1,0,0
5967.44,3759.52,0,1,0,0,0,2,4,1,0,0,1,0,0,0,0,0,1,0,0,1,0,0,0
6658.56,1539.39,0,1,0,1,0,6,6,1,0,0,1,0,0,0,0,1,0,0,1,0,0,0,0
1997.11,4750.4,0,0,0,0,0,19,4,1,0,0,0,0,1,0,0,0,1,0,0,1,0,0,0
2687.8,1323.8,1,1,0,1,0,11,5,1,0,0,1,0,0,0,0,0,1,0,0,0,1,0,0
4400.19,2280.79,0,1,0,1,1,13,4,1,0,0,0,0,1,1,0,0,0,0,0,1,0,0,0
4461.83,1954.03,0,1,0,1,0,5,4,1,0,0,0,1,0,0,0,0,1,0,0,1,0,0,0
7744.34,1271.2,0,1,0,1,0,18,2,1,0,0,0,0,1,0,0,1,0,0,0,0,0,1,0
3674.57,3799.94,0,1,0,1,0,15,1,1,0,0,0,1,0,0,0,0,1,0,0,0,0,0,1
1625.89,3045.1,0,1,0,1,0,11,6,1,0,0,1,0,0,0,1,0,0,0,1,0,0,0,0
2515.41,2708.5,1,1,0,1,1,17,2,1,0,0,0,0,1,0,0,0,1,0,0,0,0,1,0
2148.12,1797.77,0,1,0,1,0,20,5,1,0,0,0,1,0,1,0,0,0,0,0,0,1,0,0
7316.87,2771.46,0,1,0,1,0,13,6,1,0,0,0,1,0,0,0,0,1,0,1,0,0,0,0
4703.93,4604.96,0,0,0,1,0,18,1,1,0,0,0,0,1,0,0,0,1,0,0,0,0,0,1
7086.6,2420.81,0,1,0,1,0,21,3,1,0,0,0,0,1,0,1,0,0,1,0,0,0,0,0
4162.78,3035.03,0,1,0,1,0,18,1,1,0,0,0,1,0,1,0,0,0,0,0,0,0,0,1
8897.47,4714.7,0,1,0,0,0,0,2,1,0,0,0,1,0,0,0,1,0,0,0,0,0,1,0
9835.22,3764.9,0,1,0,1,0,5,2,1,0,0,1,0,0,1,0,0,0,0,0,0,0,1,0
6698.76,1167.43,0,1,0,1,0,17,3,1,0,0,0,1,0,1,0,0,0,1,0,0,0,0,0
8638.26,2329.47,0,1,0,1,0,10,2,1,0,0,0,0,1,0,0,0,1,0,0,0,0,1,0
5079.82,4905.54,0,1,0,1,0,2,4,1,0,0,0,1,0,1,0,0,0,0,0,1,0,0,0
9346.27,4460.72,0,1,0,0,1,15,4,1,0,0,0,1,0,1,0,0,0,0,0,1,0,0,0
8316.03,4530.74,0,1,0,1,0,9,6,1,0,0,0,0,1,0,0,1,0,0,1,0,0,0,0
9917.79,4736.19,0,1,0,0,0,11,4,1,0,0,1,0,0,0,0,0,1,0,0,1,0,0,0
6231.31,3534.21,0,1,0,1,0,13,6,1,0,0,0,1,0,0,0,1,0,0,1,0,0,0,0
7792.29,4121.14,0,1,0,0,0,11,6,1,0,0,0,0,1,0,0,1,0,0,1,0,0,0,0
5429.14,3614.05,0,0,0,1,0,0,1,1,0,0,0,0,1,1,0,0,0,0,0,0,0,0,1
2591.94,3113.58,0,0,0,1,0,8,4,1,0,0,0,0,1,0,0,1,0,0,0,1,0,0,0
3548.2,3079.36,0,1,0,1,0,19,2,1,0,0,0,0,1,0,1,0,0,0,0,0,0,1,0
8940.16,1051.88,0,1,0,1,1,7,2,1,0,0,1,0,0,0,0,1,0,0,0,0,0,1,0
560.42,1927.41,1,1,0,0,0,7,1,1,0,0,0,0,1,1,0,0,0,0,0,0,0,0,1
5915.21,1116.04,1,1,0,1,1,10,3,1,0,0,0,1,0,1,0,0,0,1,0,0,0,0,0
3725.47,2799.0,0,1,0,1,0,23,4,1,0,0,1,0,0,0,0,0,1,0,0,1,0,0,0
3867.54,3885.31,1,1,0,1,1,8,4,1,0,0,0,0,1,1,0,0,0,0,0,1,0,0,0
8845.83,4752.89,1,0,0,1,0,5,1,1,0,0,0,1,0,1,0,0,0,0,0,0,0,0,1
8538.37,1054.33,0,1,0,1,0,14,1,1,0,0,1,0,0,0,1,0,0,0,0,0,0,0,1
5988.82,2962.78,0,1,0,1,0,15,6,1,0,0,0,1,0,1,0,0,0,0,1,0,0,0,0
2729.92,3799.4,0,1,1,0,0,8,2,1,0,0,1,0,0,0,0,0,1,0,0,0,0,1,0
4755.09,3668.8,0,1,1,1,1,11,2,1,0,0,0,0,1,0,0,1,0,0,0,0,0,1,0
4083.53,4011.54,0,0,0,0,0,9,1,1,0,0,0,1,0,1,0,0,0,0,0,0,0,0,1
3536.83,4380.98,0,1,0,1,0,2,3,1,0,0,0,0,1,0,0,0,1,1,0,0,0,0,0
1028.75,4656.65,0,1,0,1,0,20,5,1,0,0,1,0,0,1,0,0,0,0,0,0,1,0,0
5431.6,1721.61,0,1,0,0,1,22,4,1,0,0,0,0,1,0,0,1,0,0,0,1,0,0,0
3019.01,4820.47,0,1,0,1,0,19,6,1,0,0,0,0,1,0,0,1,0,0,1,0,0,0,0
6608.42,4223.43,0,1,0,1,1,6,5,1,0,0,0,1,0,1,0,0,0,0,0,0,1,0,0
3192.72,4599.65,0,1,0,1,0,11,3,1,0,0,0,0,1,1,0,0,0,1,0,0,0,0,0
4312.2,2372.96,0,1,0,0,1,15,1,1,0,0,0,0,1,0,0,0,1,0,0,0,0,0,1
524.55,4994.29,0,1,0,1,1,0,5,1,0,0,0,0,1,0,0,1,0,0,0,0,1,0,0
9925.39,1048.79,1,1,0,1,0,5,1,1,0,0,1,0,0,1,0,0,0,0,0,0,0,0,1
5076.6,4482.77,0,1,0,1,0,1,2,1,0,0,0,1,0,1,0,0,0,0,0,0,0,1,0
243.35,3715.76,0,1,0,0,1,9,2,1,0,0,0,1,0,1,0,0,0,0,0,0,0,1,0
5412.77,1551.1,0,1,0,0,0,15,6,1,0,0,0,0,1,1,0,0,0,0,1,0,0,0,0
8703.67,4325.02,0,1,0,1,0,13,4,1,0,0,0,1,0,0,0,0,1,0,0,1,0,0,0
7725.75,4173.02,0,1,0,0,0,18,2,1,0,0,1,0,0,0,1,0,0,0,0,0,0,1,0
7009.37,3158.11,1,1,0,1,0,18,4,1,0,0,1,0,0,0,0,0,1,0,0,1,0,0,0
1395.51,3534.83,0,1,0,1,0,4,6,1,0,0,0,0,1,0,0,1,0,0,1,0,0,0,0
6577.71,1509.52,0,1,0,1,0,20,3,1,0,0,0,0,1,0,0,1,0,1,0,0,0,0,0
7663.22,2832.33,0,1,1,1,0,17,4,1,0,0,1,0,0,0,1,0,0,0,0,1,0,0,0
5724.62,1158.43,0,1,0,1,0,12,6,1,0,0,1,0,0,0,0,0,1,0,1,0,0,0,0
8927.6,3309.0,0,1,1,1,1,5,4,1,0,0,1,0,0,0,1,0,0,0,0,1,0,0,0
2770.62,2806.94,0,1,0,1,1,14,4,1,0,0,0,0,1,0,1,0,0,0,0,1,0,0,0
2422.2,1342.17,0,1,1,0,0,17,1,1,0,0,1,0,0,0,0,1,0,0,0,0,0,0,1
8695.83,2647.56,0,1,0,0,0,21,6,1,0,0,0,0,1,0,0,0,1,0,1,0,0,0,0
6254.36,2751.5,0,0,1,1,0,15,4,1,0,0,1,0,0,1,0,0,0,0,0,1,0,0,0
15.47,3950.38,0,1,0,0,0,21,4,1,0,0,1,0,0,1,0,0,0,0,0,1,0,0,0
3531.96,1213.81,0,0,1,1,1,16,1,1,0,0,0,1,0,0,1,0,0,0,0,0,0,0,1
8578.7,3455.72,1,1,0,1,0,18,3,1,0,0,1,0,0,0,0,0,1,1,0,0,0,0,0
274.17,3051.5,0,1,0,1,1,21,2,1,0,0,0,0,1,1,0,0,0,0,0,0,0,1,0
33.48,2099.65,0,1,0,1,0,11,6,1,0,0,1,0,0,1,0,0,0,0,1,0,0,0,0
2813.31,3977.66,0,1,1,1,1,21,6,1,0,0,0,1,0,0,0,0,1,0,1,0,0,0,0
9140.09,3251.82,0,1,0,1,0,9,6,1,0,0,1,0,0,1,0,0,0,0,1,0,0,0,0
9014.87,3081.33,0,1,0,1,0,8,4,1,0,0,1,0,0,0,0,1,0,0,0,1,0,0,0
5188.1,4809.4,0,1,0,1,0,1,4,1,0,0,1,0,0,1,0,0,0,0,0,1,0,0,0
5532.82,4258.36,0,0,0,0,0,15,2,1,0,0,0,0,1,0,0,1,0,0,0,0,0,1,0
3320.75,1825.72,0,1,0,1,0,16,6,1,0,0,1,0,0,0,1,0,0,0,1,0,0,0,0
2438.12,2551.87,0,1,0,0,0,4,6,1,0,0,1,0,0,0,0,0,1,0,1,0,0,0,0
8152.4,3651.56,0,1,0,1,0,17,1,1,0,0,1,0,0,0,0,1,0,0,0,0,0,0,1
1063.84,3200.36,0,1,0,1,0,15,1,1,0,0,0,1,0,1,0,0,0,0,0,0,0,0,1
4874.06,2722.8,0,1,1,0,0,12,2,1,0,0,0,0,1,0,0,1,0,0,0,0,0,1,0
6344.34,4925.34,1,1,0,1,0,19,3,1,0,0,0,0,1,1,0,0,0,1,0,0,0,0,0
1037.7,1663.72,0,1,0,1,0,5,3,1,0,0,0,1,0,1,0,0,0,1,0,0,0,0,0
5196.55,2354.19,0,1,0,0,0,8,4,1,0,0,0,0,1,0,0,1,0,0,0,1,0,0,0
5775.64,2584.97,0,0,0,0,0,6,4,1,0,0,0,1,0,1,0,0,0,0,0,1,0,0,0
7425.22,1273.43,0,1,0,0,1,21,3,1,0,0,1,0,0,0,0,1,0,1,0,0,0,0,0
2349.13,2871.79,0,0,0,1,0,5,4,1,0,0,0,0,1,0,1,0,0,0,0,1,0,0,0
2933.98,3098.36,0,1,0,1,1,10,1,1,0,0,1,0,0,0,1,0,0,0,0,0,0,0,1
5695.64,2058.39,0,1,0,0,0,0,3,1,0,0,1,0,0,0,1,0,0,1,0,0,0,0,0
9831.28,4847.48,0,1,0,1,1,14,2,1,0,0,0,0,1,0,1,0,0,0,0,0,0,1,0
2175.71,3141.32,0,1,1,1,0,0,6,1,0,0,1,0,0,1,0,0,0,0,1,0,0,0,0
9859.05,3327.11,1,1,0,1,1,17,6,1,0,0,1,0,0,0,0,0,1,0,1,0,0,0,0
7143.71,4575.28,0,1,0,1,0,9,4,1,0,0,0,1,0,0,0,0,1,0,0,1,0,0,0
8260.99,2096.97,0,1,0,1,0,11,3,1,0,0,0,0,1,0,0,1,0,1,0,0,0,0,0
897.32,3536.77,0,1,0,1,0,7,4,1,0,0,1,0,0,0,1,0,0,0,0,1,0,0,0
3004.9,2796.96,1,1,0,0,0,18,6,1,0,0,0,1,0,0,1,0,0,0,1,0,0,0,0
578.31,2485.81,0,1,0,1,0,17,6,1,0,0,0,0,1,0,0,1,0,0,1,0,0,0,0
3716.1,2509.02,0,1,0,1,0,2,3,1,0,0,1,0,0,0,0,0,1,1,0,0,0,0,0
9812.92,1096.13,1,0,1,1,0,16,3,1,0,0,1,0,0,0,0,0,1,1,0,0,0,0,0
1053.63,4284.49,0,1,0,0,0,23,3,1,0,0,1,0,0,0,1,0,0,1,0,0,0,0,0
5624.17,3342.59,0,1,0,0,0,22,2,1,0,0,1,0,0,0,1,0,0,0,0,0,0,1,0
61.7,4730.65,0,1,0,1,0,15,4,1,0,0,1,0,0,0,0,0,1,0,0,1,0,0,0
7127.12,4381.86,0,1,0,0,0,19,2,1,0,0,0,0,1,0,1,0,0,0,0,0,0,1,0
1972.73,4939.56,0,1,0,1,1,3,1,1,0,0,0,0,1,0,1,0,0,0,0,0,0,0,1
1296.72,1135.4,1,0,0,0,0,6,6,1,0,0,0,1,0,0,1,0,0,0,1,0,0,0,0
3370.84,3593.59,0,1,0,0,0,3,5,1,0,0,0,1,0,0,0,0,1,0,0,0,1,0,0
7710.67,4818.5,1,1,0,1,0,23,6,1,0,0,0,1,0,0,1,0,0,0,1,0,0,0,0
1067.02,4074.08,0,0,0,1,1,12,2,1,0,0,0,0,1,0,1,0,0,0,0,0,0,1,0
2299.16,2269.11,0,1,0,0,1,12,6,1,0,0,0,0,1,0,1,0,0,0,1,0,0,0,0
85.64,1450.17,0,1,0,0,0,5,4,1,0,0,0,0,1,1,0,0,0,0,0,1,0,0,0
9684.18,3673.06,0,0,0,0,0,14,3,1,0,0,1,0,0,0,0,1,0,1,0,0,0,0,0
5921.86,3633.53,0,0,0,1,0,1,6,1,0,0,0,0,1,0,0,1,0,0,1,0,0,0,0
7199.28,2169.16,1,1,0,0,1,18,5,1,0,0,0,0,1,0,1,0,0,0,0,0,1,0,0
6514.18,4222.65,0,1,0,1,0,5,5,1,0,0,1,0,0,0,0,0,1,0,0,0,1,0,0
1444.5,3528.42,0,1,0,0,0,6,4,1,0,0,0,1,0,0,0,1,0,0,0,1,0,0,0
5949.8,2658.93,0,1,0,1,1,0,3,1,0,0,0,1,0,0,1,0,0,1,0,0,0,0,0
1315.02,2863.14,0,1,0,1,0,16,5,1,0,0,0,1,0,0,1,0,0,0,0,0,1,0,0
4012.96,1990.87,0,0,0,1,1,21,4,1,0,0,1,0,0,0,0,1,0,0,0,1,0,0,0
5690.06,3154.47,0,1,0,1,0,18,3,1,0,0,1,0,0,1,0,0,0,1,0,0,0,0,0
5589.25,3008.23,0,1,0,1,0,9,3,1,0,0,1,0,0,1,0,0,0,1,0,0,0,0,0
1191.62,4773.14,1,1,0,1,0,1,4,1,0,0,0,0,1,0,0,1,0,0,0,1,0,0,0
345.33,3037.26,0,1,0,1,0,16,4,1,0,0,0,1,0,0,1,0,0,0,0,1,0,0,0
7982.54,4109.97,0,1,0,0,0,1,4,1,0,0,1,0,0,1,0,0,0,0,0,1,0,0,0
7259.5,3456.83,0,1,0,1,0,21,2,1,0,0,1,0,0,0,0,0,1,0,0,0,0,1,0
819.11,1900.9,0,1,0,1,0,1,6,1,0,0,0,1,0,0,0,1,0,0,1,0,0,0,0
1275.03,1198.2,0,0,0,0,0,12,5,1,0,0,0,1,0,1,0,0,0,0,0,0,1,0,0
8925.95,3807.72,0,1,0,1,1,19,1,1,0,0,0,0,1,1,0,0,0,0,0,0,0,0,1
7691.52,4209.4,0,1,0,0,0,14,1,1,0,0,0,1,0,0,0,1,0,0,0,0,0,0,1
9961.61,4499.59,0,1,0,0,0,7,2,1,0,0,1,0,0,0,1,0,0,0,0,0,0,1,0
2540.62,3734.9,0,1,0,1,0,21,3,1,0,0,0,0,1,0,0,1,0,1,0,0,0,0,0
4878.54,2737.11,0,1,1,1,0,11,5,1,0,0,0,1,0,0,0,0,1,0,0,0,1,0,0
2365.36,2970.23,0,1,0,1,0,21,5,1,0,0,0,0,1,0,1,0,0,0,0,0,1,0,0
6228.38,4041.4,0,1,0,0,0,23,4,1,0,0,1,0,0,1,0,0,0,0,0,1,0,0,0
1155.03,1712.47,0,1,0,1,0,2,5,1,0,0,1,0,0,0,1,0,0,0,0,0,1,0,0
1273.3,2810.83,0,1,0,0,1,18,5,1,0,0,1,0,0,0,0,1,0,0,0,0,1,0,0
719.81,1215.77,0,1,0,1,0,9,4,1,0,0,1,0,0,0,1,0,0,0,0,1,0,0,0
6936.17,1421.09,1,1,0,1,1,18,5,1,0,0,0,0,1,1,0,0,0,0,0,0,1,0,0
4941.23,1923.18,1,1,0,1,0,8,1,1,0,0,0,0,1,1,0,0,0,0,0,0,0,0,1
6177.69,3520.18,0,0,0,0,1,12,4,1,0,0,1,0,0,1,0,0,0,0,0,1,0,0,0
8793.13,4680.39,0,1,0,1,0,15,1,1,0,0,0,0,1,1,0,0,0,0,0,0,0,0,1
7403.54,2459.71,0,1,0,1,0,19,1,1,0,0,1,0,0,0,0,1,0,0,0,0,0,0,1
4617.77,3001.39,0,0,0,0,1,21,6,1,0,0,1,0,0,0,0,1,0,0,1,0,0,0,0
9843.58,3282.07,0,1,0,0,1,15,4,1,0,0,0,1,0,0,0,0,1,0,0,1,0,0,0
4563.1,2138.3,0,1,0,0,1,17,1,1,0,0,0,0,1,0,0,1,0,0,0,0,0,0,1
1125.39,3759.12,0,1,0,1,0,17,2,1,0,0,0,1,0,1,0,0,0,0,0,0,0,1,0
9926.55,1849.59,0,1,0,1,0,14,5,1,0,0,1,0,0,0,0,0,1,0,0,0,1,0,0
229.18,1757.27,0,1,0,1,0,12,1,1,0,0,0,1,0,0,1,0,0,0,0,0,0,0,1
5499.29,1823.26,0,1,0,1,1,22,5,1,0,0,1,0,0,0,0,1,0,0,0,0,1,0,0
3091.65,2917.13,0,1,0,0,0,20,6,1,0,0,1,0,0,0,0,1,0,0,1,0,0,0,0
5036.02,2000.84,0,1,1,1,1,3,3,1,0,0,1,0,0,0,0,0,1,1,0,0,0,0,0
5587.57,2732.75,0,0,0,1,0,19,5,1,0,0,0,0,1,0,0,1,0,0,0,0,1,0,0
2401.72,2507.53,0,1,0,0,0,2,3,1,0,0,1,0,0,0,0,1,0,1,0,0,0,0,0
5569.03,4323.98,0,1,0,1,0,15,4,1,0,0,1,0,0,0,0,1,0,0,0,1,0,0,0
7560.86,1876.24,0,0,0,1,1,4,6,1,0,0,0,0,1,1,0,0,0,0,1,0,0,0,0
2665.83,2224.39,0,1,0,0,0,17,1,1,0,0,0,0,1,0,0,0,1,0,0,0,0,0,1
3834.88,4809.53,0,1,0,1,0,3,3,1,0,0,1,0,0,0,0,0,1,1,0,0,0,0,0
2683.16,1978.54,0,0,0,1,0,18,2,1,0,0,0,0,1,1,0,0,0,0,0,0,0,1,0
8205.78,4187.58,0,1,0,0,1,9,5,1,0,0,1,0,0,0,0,0,1,0,0,0,1,0,0
7250.1,1566.3,0,0,0,0,0,1,1,1,0,0,0,1,0,0,1,0,0,0,0,0,0,0,1
8712.09,3346.88,0,1,0,1,0,13,3,1,0,0,0,0,1,0,0,1,0,1,0,0,0,0,0
1701.33,1367.94,0,1,0,1,1,20,6,1,0,0,0,1,0,1,0,0,0,0,1,0,0,0,0
736.72,2639.97,0,1,0,0,1,8,4,1,0,0,1,0,0,0,1,0,0,0,0,1,0,0,0
1194.72,4822.53,0,1,0,1,0,2,6,1,0,0,0,0,1,1,0,0,0,0,1,0,0,0,0
1611.02,3570.53,0,1,0,1,0,7,1,1,0,0,0,0,1,1,0,0,0,0,0,0,0,0,1
5331.29,1830.63,0,0,0,0,1,11,6,1,0,0,1,0,0,0,0,0,1,0,1,0,0,0,0
9709.15,4235.39,0,1,0,0,1,3,4,1,0,0,0,0,1,0,1,0,0,0,0,1,0,0,0
3573.0,3617.96,0,1,0,0,1,18,3,1,0,0,0,0,1,0,1,0,0,1,0,0,0,0,0
9585.12,4710.87,0,1,0,1,0,6,6,1,0,0,0,0,1,1,0,0,0,0,1,0,0,0,0
382.97,1915.03,0,1,0,1,0,22,3,1,0,0,0,1,0,1,0,0,0,1,0,0,0,0,0
9268.8,1485.08,1,1,0,1,0,1,3,1,0,0,1,0,0,0,1,0,0,1,0,0,0,0,0
1812.34,3539.65,0,0,0,0,0,1,2,1,0,0,1,0,0,1,0,0,0,0,0,0,0,1,0
9124.84,4654.36,0,1,0,1,0,14,3,1,0,0,1,0,0,0,0,0,1,1,0,0,0,0,0
563.22,4111.05,0,1,0,1,0,6,5,1,0,0,0,0,1,0,0,0,1,0,0,0,1,0,0
9482.25,2644.49,0,0,0,1,0,0,1,1,0,0,0,0,1,0,0,0,1,0,0,0,0,0,1
2008.78,2726.82,1,1,0,1,1,1,2,1,0,0,0,0,1,1,0,0,0,0,0,0,0,1,0
3027.84,2330.38,0,1,0,0,0,0,2,1,0,0,1,0,0,0,0,1,0,0,0,0,0,1,0
4909.93,4669.32,0,1,0,1,0,9,4,1,0,0,0,1,0,0,1,0,0,0,0,1,0,0,0
3807.83,4246.59,1,0,0,0,0,14,1,1,0,0,1,0,0,0,0,0,1,0,0,0,0,0,1
6675.61,2069.59,0,1,0,0,0,9,1,1,0,0,1,0,0,0,0,1,0,0,0,0,0,0,1
9748.1,2282.78,0,1,0,1,0,4,2,1,0,0,0,1,0,0,0,1,0,0,0,0,0,1,0
6064.66,3959.13,0,1,0,1,1,17,3,1,0,0,0,0,1,0,0,0,1,1,0,0,0,0,0
7215.13,2696.62,0,1,0,1,0,13,1,1,0,0,0,0,1,0,0,0,1,0,0,0,0,0,1
880.96,3438.88,0,1,0,1,1,5,6,1,0,0,1,0,0,0,0,1,0,0,1,0,0,0,0
6278.5,1621.86,0,1,0,1,0,18,3,1,0,0,0,1,0,0,0,0,1,1,0,0,0,0,0
4539.04,4306.39,1,1,0,1,0,7,2,1,0,0,1,0,0,0,0,1,0,0,0,0,0,1,0
8857.94,3225.46,0,1,0,1,0,19,5,1,0,0,1,0,0,0,0,1,0,0,0,0,1,0,0
3882.72,4302.94,1,1,0,1,1,20,5,1,0,0,0,1,0,1,0,0,0,0,0,0,1,0,0
6794.86,3859.42,0,1,0,1,1,3,2,1,0,0,0,1,0,0,0,1,0,0,0,0,0,1,0
2282.31,2716.01,0,0,0,0,0,15,2,1,0,0,0,0,1,1,0,0,0,0,0,0,0,1,0
2594.47,3722.26,0,1,0,0,1,20,5,1,0,0,1,0,0,1,0,0,0,0,0,0,1,0,0
3761.85,1239.41,0,1,0,0,0,19,6,1,0,0,0,1,0,0,0,0,1,0,1,0,0,0,0
3041.33,2744.64,0,0,1,1,0,21,4,1,0,0,0,1,0,0,1,0,0,0,0,1,0,0,0
2539.53,2743.34,0,1,0,1,1,10,3,1,0,0,0,1,0,0,0,0,1,1,0,0,0,0,0
497.64,2682.58,0,0,0,0,0,23,3,1,0,0,0,1,0,0,1,0,0,1,0,0,0,0,0
8367.63,1470.32,0,1,1,1,0,17,1,1,0,0,1,0,0,0,0,1,0,0,0,0,0,0,1
643.95,2947.89,0,1,0,1,0,3,3,1,0,0,1,0,0,0,0,0,1,1,0,0,0,0,0
8873.77,4046.82,0,1,0,0,1,14,4,1,0,0,1,0,0,0,0,0,1,0,0,1,0,0,0
1255.53,2292.15,1,1,0,1,0,23,4,1,0,0,0,1,0,0,0,0,1,0,0,1,0,0,0
653.55,4274.35,0,1,0,1,0,6,2,1,0,0,0,0,1,0,0,0,1,0,0,0,0,1,0
5630.48,3341.88,0,1,0,1,0,23,2,1,0,0,0,1,0,0,0,1,0,0,0,0,0,1,0
5024.92,3896.5,0,1,0,1,1,1,3,1,0,0,1,0,0,0,1,0,0,1,0,0,0,0,0
4912.85,4590.8,1,1,0,1,0,14,2,1,0,0,1,0,0,0,1,0,0,0,0,0,0,1,0
5745.47,2928.95,1,1,0,1,1,6,6,1,0,0,1,0,0,1,0,0,0,0,1,0,0,0,0
2871.28,4379.69,0,1,0,1,0,18,3,1,0,0,0,0,1,1,0,0,0,1,0,0,0,0,0
6629.83,1561.5,0,1,0,0,1,22,4,1,0,0,0,0,1,1,0,0,0,0,0,1,0,0,0
5024.52,4113.64,0,1,0,1,0,22,5,1,0,0,1,0,0,0,0,0,1,0,0,0,1,0,0
3348.1,4334.76,0,1,0,0,0,7,2,1,0,0,0,1,0,0,1,0,0,0,0,0,0,1,0
8265.18,4613.6,0,1,0,1,0,13,4,1,0,0,1,0,0,0,0,0,1,0,0,1,0,0,0
7277.48,1324.05,0,0,0,0,0,3,5,1,0,0,1,0,0,0,1,0,0,0,0,0,1,0,0
3936.71,1467.87,0,0,0,0,0,13,3,1,0,0,0,0,1,0,0,1,0,1,0,0,0,0,0
8476.33,1090.49,0,1,0,0,1,16,6,1,0,0,0,0,1,0,1,0,0,0,1,0,0,0,0
9202.66,3023.19,1,1,0,1,0,13,6,1,0,0,0,0,1,1,0,0,0,0,1,0,0,0,0
5369.13,1771.45,0,0,0,0,0,6,5,1,0,0,0,0,1,0,0,1,0,0,0,0,1,0,0
2150.31,3271.09,0,1,0,1,1,9,5,1,0,0,1,0,0,0,1,0,0,0,0,0,1,0,0
9158.01,4569.13,0,0,0,1,0,3,3,1,0,0,0,1,0,1,0,0,0,1,0,0,0,0,0
1895.61,2308.1,0,1,0,1,1,11,5,1,0,0,1,0,0,0,0,1,0,0,0,0,1,0,0
485.18,1021.39,0,0,0,1,0,10,3,1,0,0,1,0,0,0,0,1,0,1,0,0,0,0,0
3275.54,4559.47,0,1,0,1,0,4,6,1,0,0,0,1,0,0,0,1,0,0,1,0,0,0,0
7269.94,3487.53,0,1,0,1,0,2,4,1,0,0,1,0,0,1,0,0,0,0,0,1,0,0,0
9232.82,1806.01,1,1,1,1,0,21,3,1,0,0,0,1,0,0,0,0,1,1,0,0,0,0,0
6373.22,3769.44,0,0,0,0,0,21,6,1,0,0,0,0,1,1,0,0,0,0,1,0,0,0,0
9518.43,3531.28,0,1,0,1,0,20,1,1,0,0,0,0,1,0,1,0,0,0,0,0,0,0,1
924.62,2520.49,0,1,0,0,0,6,3,1,0,0,0,0,1,0,0,0,1,1,0,0,0,0,0
608.48,1848.58,0,1,0,1,0,22,5,1,0,0,0,1,0,0,0,1,0,0,0,0,1,0,0
6042.32,4969.7,0,1,0,1,0,9,1,1,0,0,1,0,0,1,0,0,0,0,0,0,0,0,1
9661.2,3572.08,0,1,0,1,0,6,1,1,0,0,0,0,1,0,0,0,1,0,0,0,0,0,1
5027.71,1006.99,0,1,1,1,0,23,3,1,0,0,0,0,1,1,0,0,0,1,0,0,0,0,0
516.1,1502.37,0,1,0,1,1,22,5,1,0,0,1,0,0,1,0,0,0,0,0,0,1,0,0
2212.97,1989.66,0,1,0,0,1,6,1,1,0,0,0,0,1,0,1,0,0,0,0,0,0,0,1
2448.68,4252.55,0,1,0,1,0,20,1,1,0,0,0,0,1,1,0,0,0,0,0,0,0,0,1
3379.23,2898.6,0,0,0,0,0,19,6,1,0,0,0,1,0,0,0,1,0,0,1,0,0,0,0
436.99,1240.5,0,1,0,0,1,5,1,1,0,0,1,0,0,0,0,0,1,0,0,0,0,0,1
9049.02,2060.37,0,1,0,1,0,1,5,1,0,0,0,1,0,0,0,1,0,0,0,0,1,0,0
5156.12,4922.86,0,1,0,1,0,23,4,1,0,0,0,0,1,0,1,0,0,0,0,1,0,0,0
6709.64,4071.48,0,1,0,0,0,21,3,1,0,0,0,0,1,0,1,0,0,1,0,0,0,0,0
672.66,1018.64,1,1,0,0,1,10,4,1,0,0,1,0,0,0,1,0,0,0,0,1,0,0,0
542.1,4354.8,0,1,0,1,1,15,2,1,0,0,0,0,1,0,1,0,0,0,0,0,0,1,0
5865.09,1769.07,0,1,0,1,0,6,5,1,0,0,0,1,0,0,0,0,1,0,0,0,1,0,0
8873.07,2323.1,0,0,0,0,0,5,4,1,0,0,0,1,0,0,1,0,0,0,0,1,0,0,0
5285.29,1473.55,0,1,0,0,0,10,2,1,0,0,1,0,0,0,0,1,0,0,0,0,0,1,0
8778.31,1042.32,0,1,0,1,0,23,6,1,0,0,1,0,0,1,0,0,0,0,1,0,0,0,0
8110.1,3016.05,0,1,0,1,0,2,4,1,0,0,0,0,1,0,0,1,0,0,0,1,0,0,0
759.46,2143.94,0,1,0,1,0,7,2,1,0,0,1,0,0,1,0,0,0,0,0,0,0,1,0
2020.37,2440.66,0,0,0,0,0,1,3,1,0,0,1,0,0,0,0,0,1,1,0,0,0,0,0
6577.45,1675.98,0,0,1,1,0,9,1,1,0,0,0,0,1,0,0,0,1,0,0,0,0,0,1
4435.57,4225.81,0,0,0,1,0,22,6,1,0,0,0,0,1,0,1,0,0,0,1,0,0,0,0
2907.71,1693.94,0,0,0,1,0,17,6,1,0,0,0,1,0,1,0,0,0,0,1,0,0,0,0
4186.92,3069.19,0,1,0,1,0,9,3,1,0,0,0,1,0,1,0,0,0,1,0,0,0,0,0
4452.55,2877.53,0,1,0,1,0,19,2,1,0,0,1,0,0,0,1,0,0,0,0,0,0,1,0
9105.61,4678.91,1,1,0,1,0,21,6,1,0,0,0,0,1,0,0,1,0,0,1,0,0,0,0
1035.48,4950.93,0,1,0,1,1,1,6,1,0,0,1,0,0,0,0,1,0,0,1,0,0,0,0
2798.03,4623.03,0,0,0,1,0,13,4,1,0,0,0,1,0,0,0,1,0,0,0,1,0,0,0
5376.11,3934.11,0,0,0,1,0,23,1,1,0,0,1,0,0,0,0,0,1,0,0,0,0,0,1
6983.17,2722.79,0,1,1,1,1,17,6,1,0,0,0,1,0,1,0,0,0,0,1,0,0,0,0
6306.74,1522.21,0,1,0,1,0,19,5,1,0,0,0,1,0,0,0,0,1,0,0,0,1,0,0
9416.49,4479.57,1,1,0,0,0,17,3,1,0,0,1,0,0,1,0,0,0,1,0,0,0,0,0
7956.29,3865.0,0,0,0,0,0,11,2,1,0,0,0,1,0,1,0,0,0,0,0,0,0,1,0
5571.21,1527.19,0,1,1,0,0,8,4,1,0,0,0,1,0,0,1,0,0,0,0,1,0,0,0
2147.61,1352.14,0,1,0,1,0,22,3,1,0,0,0,0,1,0,0,0,1,1,0,0,0,0,0
4509.29,3697.19,0,0,1,1,0,6,3,1,0,0,1,0,0,0,0,1,0,1,0,0,0,0,0
6934.13,4623.67,0,1,0,0,1,13,4,1,0,0,1,0,0,0,0,1,0,0,0,1,0,0,0
8379.78,1855.39,0,1,0,0,0,0,5,1,0,0,1,0,0,0,0,0,1,0,0,0,1,0,0
9597.4,2647.97,0,1,0,0,1,13,6,1,0,0,0,1,0,0,1,0,0,0,1,0,0,0,0
6054.92,4857.74,0,1,0,1,0,11,4,1,0,0,0,1,0,1,0,0,0,0,0,1,0,0,0
5269.67,4783.95,0,1,0,1,0,7,6,1,0,0,0,1,0,0,0,0,1,0,1,0,0,0,0
177.9,3794.79,0,1,0,1,0,9,4,1,0,0,1,0,0,0,0,1,0,0,0,1,0,0,0
721.92,2896.23,0,1,0,0,0,12,1,1,0,0,0,0,1,0,1,0,0,0,0,0,0,0,1
1561.89,2491.55,0,1,0,1,0,19,4,1,0,0,1,0,0,1,0,0,0,0,0,1,0,0,0
548.54,2564.19,0,1,0,0,0,1,6,1,0,0,1,0,0,0,1,0,0,0,1,0,0,0,0
4009.23,3019.52,0,1,0,0,0,19,4,1,0,0,1,0,0,0,0,0,1,0,0,1,0,0,0
3369.45,3750.75,0,1,0,0,0,3,5,1,0,0,0,0,1,0,0,1,0,0,0,0,1,0,0
6373.9,3043.59,0,1,0,1,1,23,5,1,0,0,1,0,0,1,0,0,0,0,0,0,1,0,0
5357.12,1918.88,0,1,0,1,0,11,4,1,0,0,0,0,1,0,1,0,0,0,0,1,0,0,0
5960.11,4012.41,0,1,0,0,0,7,6,1,0,0,0,0,1,0,0,0,1,0,1,0,0,0,0
4720.3,2811.62,0,1,0,1,0,12,1,1,0,0,1,0,0,0,0,0,1,0,0,0,0,0,1
2778.09,3292.46,0,1,0,1,0,22,4,1,0,0,1,0,0,0,0,1,0,0,0,1,0,0,0
9528.3,4104.19,0,1,0,1,0,13,5,1,0,0,1,0,0,0,0,0,1,0,0,0,1,0,0
865.01,2536.05,0,1,0,0,0,14,3,1,0,0,0,1,0,0,1,0,0,1,0,0,0,0,0
9388.97,4719.37,0,1,0,1,0,14,2,1,0,0,0,0,1,0,0,0,1,0,0,0,0,1,0
3113.07,3040.34,0,1,0,0,1,1,2,1,0,0,1,0,0,0,0,0,1,0,0,0,0,1,0
5127.1,3814.98,0,1,0,1,1,19,2,1,0,0,0,0,1,0,1,0,0,0,0,0,0,1,0
1089.31,4020.52,0,1,0,1,0,15,6,1,0,0,0,1,0,0,0,0,1,0,1,0,0,0,0
710.24,2456.96,0,1,0,1,1,9,6,1,0,0,0,1,0,0,0,1,0,0,1,0,0,0,0
4296.02,2032.46,0,0,0,1,0,14,3,1,0,0,1,0,0,1,0,0,0,1,0,0,0,0,0
7417.23,4693.43,1,1,0,0,0,13,1,1,0,0,0,0,1,1,0,0,0,0,0,0,0,0,1
2694.38,2253.96,1,1,0,0,0,6,2,1,0,0,0,1,0,0,0,0,1,0,0,0,0,1,0
5623.92,1438.11,1,0,0,0,0,15,1,1,0,0,0,1,0,0,0,1,0,0,0,0,0,0,1
2787.22,2983.02,0,1,0,0,0,16,2,1,0,0,0,0,1,0,0,0,1,0,0,0,0,1,0
3886.74,4298.72,1,1,0,0,0,18,3,1,0,0,0,1,0,0,0,0,1,1,0,0,0,0,0
9064.56,2128.1,0,1,0,0,0,18,3,1,0,0,0,0,1,0,0,0,1,1,0,0,0,0,0
8558.54,2975.04,0,0,0,1,0,7,1,1,0,0,1,0,0,0,0,0,1,0,0,0,0,0,1
5160.66,2446.17,0,0,0,1,0,7,2,1,0,0,0,0,1,1,0,0,0,0,0,0,0,1,0
2381.82,1098.64,1,1,0,1,0,4,4,1,0,0,1,0,0,0,0,0,1,0,0,1,0,0,0
1932.65,1550.3,0,1,0,1,1,16,1,1,0,0,0,0,1,0,0,0,1,0,0,0,0,0,1
9540.92,4188.06,0,1,0,1,1,7,4,1,0,0,0,1,0,0,0,0,1,0,0,1,0,0,0
2027.96,4738.08,0,1,0,1,0,9,4,1,0,0,1,0,0,1,0,0,0,0,0,1,0,0,0
8081.87,1017.15,0,0,0,1,0,21,3,1,0,0,0,0,1,0,0,1,0,1,0,0,0,0,0
3690.33,4444.76,0,1,0,1,1,15,3,1,0,0,1,0,0,0,0,1,0,1,0,0,0,0,0
9856.61,3895.49,0,1,0,1,0,20,1,1,0,0,0,0,1,0,0,1,0,0,0,0,0,0,1
3682.19,3739.48,0,1,0,1,0,5,4,1,0,0,0,0,1,0,0,1,0,0,0,1,0,0,0
3515.81,2720.13,0,1,0,1,0,21,4,1,0,0,1,0,0,0,0,1,0,0,0,1,0,0,0
6375.0,2326.3,0,1,0,1,1,1,5,1,0,0,1,0,0,0,1,0,0,0,0,0,1,0,0
9615.21,2642.54,0,1,0,1,0,1,1,1,0,0,1,0,0,0,0,0,1,0,0,0,0,0,1
9762.12,3405.86,1,0,0,1,0,0,2,1,0,0,0,1,0,0,0,0,1,0,0,0,0,1,0
7072.35,4786.98,0,1,0,1,0,0,6,1,0,0,0,0,1,0,0,1,0,0,1,0,0,0,0
7546.31,1827.89,0,1,0,1,0,6,6,1,0,0,0,0,1,0,1,0,0,0,1,0,0,0,0
5634.46,4894.71,0,1,0,1,0,18,4,1,0,0,1,0,0,1,0,0,0,0,0,1,0,0,0
7558.0,1931.48,1,0,0,1,0,17,3,1,0,0,0,0,1,0,1,0,0,1,0,0,0,0,0
8597.94,4383.08,0,1,0,1,1,11,4,1,0,0,0,0,1,0,0,0,1,0,0,1,0,0,0
4861.47,3640.12,0,0,0,1,0,3,5,1,0,0,0,0,1,0,0,1,0,0,0,0,1,0,0
6199.0,3980.16,1,1,0,0,1,11,5,1,0,0,1,0,0,0,1,0,0,0,0,0,1,0,0
5373.63,4326.33,0,1,0,1,1,10,2,1,0,0,0,0,1,1,0,0,0,0,0,0,0,1,0
5625.14,1047.03,0,0,0,1,0,11,5,1,0,0,0,0,1,0,0,1,0,0,0,0,1,0,0
8900.59,3896.74,0,0,0,1,0,21,5,1,0,0,0,1,0,1,0,0,0,0,0,0,1,0,0
3556.81,4982.75,0,1,0,1,0,11,2,1,0,0,0,1,0,0,0,1,0,0,0,0,0,1,0
2082.63,2978.43,1,1,0,0,0,4,3,1,0,0,1,0,0,0,0,0,1,1,0,0,0,0,0
4563.34,3167.53,0,1,0,1,0,6,3,1,0,0,0,0,1,0,0,1,0,1,0,0,0,0,0
2081.64,1423.94,0,0,0,1,0,16,6,1,0,0,0,0,1,0,0,1,0,0,1,0,0,0,0
4984.51,2363.07,0,1,0,0,0,7,4,1,0,0,0,1,0,0,0,1,0,0,0,1,0,0,0
9035.18,3450.03,0,1,0,0,0,1,4,1,0,0,1,0,0,0,0,1,0,0,0,1,0,0,0
6174.72,1479.89,0,1,0,1,0,0,4,1,0,0,1,0,0,0,1,0,0,0,0,1,0,0,0
8554.47,2333.43,1,1,1,1,1,21,5,1,0,0,0,0,1,0,1,0,0,0,0,0,1,0,0
1662.74,2391.62,0,1,0,1,0,10,4,1,0,0,0,1,0,0,1,0,0,0,0,1,0,0,0
9008.84,4251.54,0,1,0,0,0,14,3,1,0,0,0,1,0,0,0,1,0,1,0,0,0,0,0
6018.27,3150.6,0,1,0,1,0,4,4,1,0,0,0,1,0,1,0,0,0,0,0,1,0,0,0
318.57,3217.8,0,1,0,1,0,20,5,1,0,0,0,0,1,0,1,0,0,0,0,0,1,0,0
6331.56,2129.16,0,0,0,0,0,19,1,1,0,0,0,0,1,0,0,0,1,0,0,0,0,0,1
9514.02,2253.71,0,1,0,0,0,15,1,1,0,0,0,0,1,0,1,0,0,0,0,0,0,0,1
792.59,2804.8,1,0,0,1,0,13,1,1,0,0,0,1,0,0,1,0,0,0,0,0,0,0,1
5824.98,4267.59,0,1,0,1,0,8,6,1,0,0,1,0,0,0,0,0,1,0,1,0,0,0,0
9154.87,2267.76,0,1,0,0,0,15,5,1,0,0,0,0,1,0,0,0,1,0,0,0,1,0,0
97.94,2285.98,0,1,0,0,1,12,3,1,0,0,0,0,1,1,0,0,0,1,0,0,0,0,0
6309.5,3276.18,1,1,0,0,0,18,5,1,0,0,1,0,0,0,0,1,0,0,0,0,1,0,0
4749.55,4359.12,0,0,0,0,1,15,5,1,0,0,1,0,0,0,0,0,1,0,0,0,1,0,0
3470.55,3015.54,0,1,0,0,1,21,1,1,0,0,0,1,0,1,0,0,0,0,0,0,0,0,1
6275.74,1513.54,1,1,0,0,0,10,4,1,0,0,0,0,1,0,0,1,0,0,0,1,0,0,0
527.97,4661.36,0,0,0,1,0,3,4,1,0,0,0,1,0,0,0,0,1,0,0,1,0,0,0
7530.88,2884.35,0,1,0,1,1,6,2,1,0,0,0,0,1,1,0,0,0,0,0,0,0,1,0
45.79,4095.21,0,1,0,0,0,6,6,1,0,0,0,1,0,1,0,0,0,0,1,0,0,0,0
3070.05,1173.3,0,1,0,0,0,13,6,1,0,0,0,1,0,0,1,0,0,0,1,0,0,0,0
5040.08,4344.88,1,1,0,1,0,4,6,1,0,0,1,0,0,0,0,0,1,0,1,0,0,0,0
3770.85,1233.35,0,1,0,1,1,19,5,1,0,0,0,0,1,0,0,1,0,0,0,0,1,0,0
3075.45,4870.33,0,1,0,0,0,21,5,1,0,0,1,0,0,1,0,0,0,0,0,0,1,0,0
8308.52,4561.74,0,1,0,0,0,1,6,1,0,0,1,0,0,0,1,0,0,0,1,0,0,0,0
9348.39,2066.36,0,1,0,0,0,5,5,1,0,0,1,0,0,1,0,0,0,0,0,0,1,0,0
8737.25,1894.14,0,1,0,1,0,2,2,1,0,0,0,0,1,0,0,1,0,0,0,0,0,1,0
5224.79,4133.44,0,0,0,1,0,10,2,1,0,0,0,1,0,1,0,0,0,0,0,0,0,1,0
8841.76,1606.56,0,1,0,0,0,0,2,1,0,0,0,1,0,0,1,0,0,0,0,0,0,1,0
9208.69,4473.16,0,0,0,0,0,4,6,1,0,0,0,0,1,0,0,1,0,0,1,0,0,0,0
4092.97,1127.65,0,0,0,1,0,18,6,1,0,0,0,0,1,0,0,0,1,0,1,0,0,0,0
2835.18,3606.46,0,0,0,0,0,20,2,1,0,0,0,1,0,0,1,0,0,0,0,0,0,1,0
983.55,2040.26,0,1,0,1,0,21,1,1,0,0,0,1,0,0,0,1,0,0,0,0,0,0,1
4791.44,4370.32,0,1,0,1,0,0,5,1,0,0,1,0,0,1,0,0,0,0,0,0,1,0,0
9463.02,2508.24,0,1,0,1,0,6,1,1,0,0,0,1,0,0,1,0,0,0,0,0,0,0,1
5609.51,2730.76,0,1,0,1,0,22,6,1,0,0,1,0,0,0,0,1,0,0,1,0,0,0,0
6675.95,1582.21,0,1,0,1,1,18,5,1,0,0,0,1,0,0,0,1,0,0,0,0,1,0,0
1129.73,3505.01,0,1,0,1,0,14,2,1,0,0,0,1,0,0,1,0,0,0,0,0,0,1,0
1436.05,2882.63,0,0,0,1,0,7,3,1,0,0,0,1,0,0,0,1,0,1,0,0,0,0,0
4645.27,1034.77,0,0,1,1,0,11,6,1,0,0,1,0,0,0,0,1,0,0,1,0,0,0,0
9512.7,3923.42,0,1,0,1,0,22,2,1,0,0,1,0,0,1,0,0,0,0,0,0,0,1,0
3608.49,1512.28,0,1,0,1,0,6,4,1,0,0,0,1,0,0,0,0,1,0,0,1,0,0,0
8774.96,3104.56,0,1,0,0,1,7,5,1,0,0,1,0,0,0,0,0,1,0,0,0,1,0,0
1203.77,3156.32,1,1,0,1,0,19,2,1,0,0,1,0,0,0,1,0,0,0,0,0,0,1,0
6170.56,2197.54,0,1,0,1,0,11,2,1,0,0,1,0,0,0,1,0,0,0,0,0,0,1,0
6006.53,1914.54,1,1,0,1,0,18,5,1,0,0,1,0,0,0,0,1,0,0,0,0,1,0,0
8598.89,2245.4,0,1,0,0,0,17,1,1,0,0,0,0,1,0,0,0,1,0,0,0,0,0,1
34.16,2592.04,0,0,0,0,0,13,2,1,0,0,1,0,0,1,0,0,0,0,0,0,0,1,0
1900.13,4737.1,0,1,0,1,0,23,1,1,0,0,0,1,0,1,0,0,0,0,0,0,0,0,1
2197.66,3676.8,0,1,0,1,1,17,2,1,0,0,1,0,0,0,0,0,1,0,0,0,0,1,0
9499.71,4861.7,0,1,0,1,0,1,6,1,0,0,0,1,0,0,1,0,0,0,1,0,0,0,0
1537.78,1339.89,0,1,0,1,0,9,3,1,0,0,1,0,0,0,0,0,1,1,0,0,0,0,0
370.59,1181.94,0,0,0,1,0,2,4,1,0,0,0,1,0,0,1,0,0,0,0,1,0,0,0
5345.08,1233.7,1,1,0,1,0,20,2,1,0,0,0,0,1,1,0,0,0,0,0,0,0,1,0
5286.06,4436.84,0,1,0,1,1,14,6,1,0,0,0,1,0,0,0,1,0,0,1,0,0,0,0
8440.63,4337.25,1,1,0,1,1,23,4,1,0,0,1,0,0,0,0,1,0,0,0,1,0,0,0
9488.65,2752.1,0,1,0,1,1,19,6,1,0,0,1,0,0,1,0,0,0,0,1,0,0,0,0
5385.92,2741.93,0,1,0,0,1,16,3,1,0,0,0,1,0,0,0,0,1,1,0,0,0,0,0
9300.01,2709.77,0,1,0,1,0,17,3,1,0,0,0,0,1,0,0,0,1,1,0,0,0,0,0
7251.87,4777.93,0,1,0,0,0,13,6,1,0,0,1,0,0,0,0,0,1,0,1,0,0,0,0
2646.33,2047.44,0,1,0,1,0,0,5,1,0,0,1,0,0,0,0,0,1,0,0,0,1,0,0
9284.28,3873.48,0,1,0,1,0,19,4,1,0,0,0,1,0,0,0,0,1,0,0,1,0,0,0
6674.76,1439.65,0,1,0,1,0,16,5,1,0,0,0,1,0,0,1,0,0,0,0,0,1,0,0
4141.55,2046.11,0,0,0,1,0,18,1,1,0,0,0,0,1,0,0,0,1,0,0,0,0,0,1
6802.74,3393.43,0,1,0,1,1,7,4,1,0,0,0,1,0,0,0,0,1,0,0,1,0,0,0
4013.73,3390.58,0,1,1,1,0,23,6,1,0,0,1,0,0,0,0,0,1,0,1,0,0,0,0
1142.72,3214.44,0,0,0,0,0,11,1,1,0,0,0,1,0,0,0,1,0,0,0,0,0,0,1
7190.07,1493.99,0,1,0,1,0,18,5,1,0,0,0,0,1,0,0,1,0,0,0,0,1,0,0
8241.05,4018.78,0,1,1,1,0,20,5,1,0,0,0,0,1,0,0,0,1,0,0,0,1,0,0
7288.33,3844.49,0,1,0,0,0,15,1,1,0,0,1,0,0,0,0,0,1,0,0,0,0,0,1
2291.92,3723.76,0,1,0,1,0,12,5,1,0,0,0,1,0,0,1,0,0,0,0,0,1,0,0
9566.39,1517.28,0,1,0,0,0,7,3,1,0,0,1,0,0,0,0,1,0,1,0,0,0,0,0
253.52,1883.45,0,1,1,1,0,13,6,1,0,0,0,0,1,1,0,0,0,0,1,0,0,0,0
3327.52,4643.03,0,0,0,0,0,5,2,1,0,0,0,0,1,0,0,1,0,0,0,0,0,1,0
2601.66,2930.52,0,1,0,0,0,1,2,1,0,0,0,1,0,0,0,0,1,0,0,0,0,1,0
482.21,2671.8,1,1,0,1,0,4,6,1,0,0,0,1,0,0,0,1,0,0,1,0,0,0,0
4057.89,4490.16,1,0,0,0,0,23,1,1,0,0,1,0,0,0,0,0,1,0,0,0,0,0,1
6231.53,2179.46,0,1,0,1,1,8,4,1,0,0,0,0,1,0,0,1,0,0,0,1,0,0,0
8825.65,4304.38,1,1,0,1,0,2,1,1,0,0,1,0,0,0,0,1,0,0,0,0,0,0,1
9896.91,2765.98,0,0,0,1,0,3,2,1,0,0,1,0,0,0,0,1,0,0,0,0,0,1,0
8081.09,3486.02,0,1,0,0,0,16,6,1,0,0,1,0,0,0,0,0,1,0,1,0,0,0,0
4687.34,2459.32,0,1,0,1,0,6,2,1,0,0,0,0,1,1,0,0,0,0,0,0,0,1,0
7237.32,4665.45,1,0,0,0,0,13,5,1,0,0,0,1,0,0,0,0,1,0,0,0,1,0,0
8436.39,1424.84,0,0,0,1,0,6,5,1,0,0,0,0,1,1,0,0,0,0,0,0,1,0,0
4653.61,1868.63,1,1,0,1,1,1,1,1,0,0,1,0,0,1,0,0,0,0,0,0,0,0,1
7850.76,1810.45,0,1,0,1,0,11,2,1,0,0,0,0,1,1,0,0,0,0,0,0,0,1,0
4827.04,2041.05,0,1,0,0,0,18,5,1,0,0,1,0,0,1,0,0,0,0,0,0,1,0,0
3865.57,2817.62,0,1,0,1,0,18,2,1,0,0,1,0,0,1,0,0,0,0,0,0,0,1,0
5261.38,1467.35,0,1,0,0,1,6,4,1,0,0,0,1,0,0,1,0,0,0,0,1,0,0,0
6758.87,1155.41,0,0,0,1,0,12,5,1,0,0,1,0,0,1,0,0,0,0,0,0,1,0,0
7269.09,3263.76,0,1,0,0,0,15,4,1,0,0,0,0,1,0,1,0,0,0,0,1,0,0,0
3568.01,3008.47,0,1,0,0,0,12,1,1,0,0,0,1,0,0,0,0,1,0,0,0,0,0,1
5713.63,2362.64,0,1,0,1,0,5,2,1,0,0,0,1,0,0,0,0,1,0,0,0,0,1,0
9098.8,1682.81,1,1,0,0,1,14,5,1,0,0,0,1,0,0,1,0,0,0,0,0,1,0,0
9763.15,1469.47,0,1,0,1,0,10,6,1,0,0,0,1,0,0,0,1,0,0,1,0,0,0,0
2273.25,4556.09,0,1,0,1,1,12,6,1,0,0,0,1,0,1,0,0,0,0,1,0,0,0,0
1929.12,2737.97,1,0,0,1,0,21,3,1,0,0,0,0,1,0,1,0,0,1,0,0,0,0,0
6767.18,4809.94,0,0,1,1,0,19,4,1,0,0,1,0,0,0,0,0,1,0,0,1,0,0,0
4147.42,2301.15,0,0,0,0,1,17,1,1,0,0,1,0,0,0,0,0,1,0,0,0,0,0,1
243.2,3450.68,0,0,0,1,0,3,6,1,0,0,1,0,0,0,0,0,1,0,1,0,0,0,0
3469.27,3269.97,0,0,0,0,1,2,3,1,0,0,1,0,0,0,0,0,1,1,0,0,0,0,0
8067.64,1650.22,0,1,0,1,0,17,1,1,0,0,0,1,0,0,1,0,0,0,0,0,0,0,1
7974.47,2975.22,0,1,0,0,0,5,4,1,0,0,1,0,0,0,0,1,0,0,0,1,0,0,0
4947.36,2938.77,0,1,0,0,0,19,2,1,0,0,1,0,0,0,0,0,1,0,0,0,0,1,0
4726.31,3025.59,0,1,0,1,0,7,2,1,0,0,0,1,0,0,0,1,0,0,0,0,0,1,0
5795.49,2207.8,0,1,0,1,0,8,1,1,0,0,0,1,0,1,0,0,0,0,0,0,0,0,1
2194.75,1971.6,0,1,0,1,0,22,6,1,0,0,0,1,0,0,0,1,0,0,1,0,0,0,0
5260.91,2641.99,0,1,0,1,0,15,3,1,0,0,1,0,0,0,0,0,1,1,0,0,0,0,0
111.45,4691.02,0,1,0,0,0,21,5,1,0,0,0,1,0,0,1,0,0,0,0,0,1,0,0
4756.12,3277.56,1,1,0,1,1,16,5,1,0,0,0,1,0,1,0,0,0,0,0,0,1,0,0
3361.17,2874.48,0,0,0,1,1,8,2,1,0,0,0,0,1,0,1,0,0,0,0,0,0,1,0
6749.02,1782.0,0,1,0,0,0,3,4,1,0,0,0,0,1,0,1,0,0,0,0,1,0,0,0
6383.9,4704.45,0,0,0,0,0,13,6,1,0,0,1,0,0,0,0,1,0,0,1,0,0,0,0
3808.98,3638.73,0,1,0,1,0,19,3,1,0,0,0,1,0,0,0,1,0,1,0,0,0,0,0
73.72,4954.32,0,0,0,0,0,9,1,1,0,0,1,0,0,0,0,1,0,0,0,0,0,0,1
2523.48,1675.2,0,1,0,1,0,1,2,1,0,0,0,0,1,0,0,0,1,0,0,0,0,1,0
6333.85,2561.44,0,0,0,1,0,12,3,1,0,0,0,0,1,1,0,0,0,1,0,0,0,0,0
724.66,2330.75,0,1,0,1,1,7,6,1,0,0,0,1,0,0,0,1,0,0,1,0,0,0,0
1077.32,2328.74,0,1,0,1,0,12,4,1,0,0,1,0,0,0,0,0,1,0,0,1,0,0,0
6470.7,1131.59,0,1,0,1,0,7,6,1,0,0,0,0,1,0,1,0,0,0,1,0,0,0,0
7557.92,3152.11,0,1,0,0,0,9,1,1,0,0,0,1,0,1,0,0,0,0,0,0,0,0,1
3216.18,3435.26,0,1,0,1,1,19,2,1,0,0,1,0,0,0,1,0,0,0,0,0,0,1,0
4897.24,1188.66,0,1,0,1,1,23,1,1,0,0,0,1,0,0,0,1,0,0,0,0,0,0,1
9457.17,4519.32,0,1,0,1,0,6,6,1,0,0,0,1,0,1,0,0,0,0,1,0,0,0,0
9455.49,1805.61,0,0,0,1,0,22,4,1,0,0,0,0,1,0,0,0,1,0,0,1,0,0,0
3075.72,1590.5,1,0,0,1,0,4,3,1,0,0,1,0,0,1,0,0,0,1,0,0,0,0,0
8100.07,1720.85,0,1,0,1,0,12,5,1,0,0,0,0,1,1,0,0,0,0,0,0,1,0,0
5939.85,2686.75,0,1,0,1,0,14,5,1,0,0,1,0,0,1,0,0,0,0,0,0,1,0,0
9754.87,1329.5,0,1,0,1,0,12,1,1,0,0,1,0,0,0,0,1,0,0,0,0,0,0,1
4776.66,4295.41,0,1,0,1,1,13,1,1,0,0,0,1,0,0,1,0,0,0,0,0,0,0,1
7747.29,3719.96,1,1,0,1,0,19,5,1,0,0,0,1,0,0,1,0,0,0,0,0,1,0,0
7681.6,2888.7,0,1,0,1,0,5,3,1,0,0,1,0,0,0,0,1,0,1,0,0,0,0,0
4974.83,3002.47,0,1,0,0,0,10,6,1,0,0,0,1,0,0,0,1,0,0,1,0,0,0,0
7956.51,2624.07,0,1,0,1,1,23,3,1,0,0,0,0,1,0,1,0,0,1,0,0,0,0,0
2611.14,3862.45,0,0,0,1,1,6,2,1,0,0,1,0,0,0,0,1,0,0,0,0,0,1,0
1223.41,4812.76,0,0,0,0,0,18,1,1,0,0,0,0,1,0,0,1,0,0,0,0,0,0,1
4252.21,3213.98,0,1,0,1,0,3,2,1,0,0,0,1,0,0,0,1,0,0,0,0,0,1,0
9436.36,3253.6,0,1,0,1,0,10,3,1,0,0,1,0,0,0,0,1,0,1,0,0,0,0,0
5007.95,3089.2,0,1,0,1,0,13,3,1,0,0,0,1,0,0,1,0,0,1,0,0,0,0,0
6352.96,4640.48,0,1,0,1,1,12,4,1,0,0,0,0,1,0,0,0,1,0,0,1,0,0,0
6242.0,3543.3,0,0,0,1,0,6,3,1,0,0,1,0,0,0,0,0,1,1,0,0,0,0,0
1326.6,4497.95,0,1,0,1,0,5,2,1,0,0,0,1,0,0,1,0,0,0,0,0,0,1,0
3903.58,3337.73,0,1,0,1,1,1,6,1,0,0,0,0,1,1,0,0,0,0,1,0,0,0,0
7069.68,3792.87,0,1,0,1,0,2,4,1,0,0,0,0,1,1,0,0,0,0,0,1,0,0,0
9719.93,3622.58,0,1,0,0,0,17,1,1,0,0,0,1,0,0,0,0,1,0,0,0,0,0,1
1681.01,2762.83,0,1,0,1,0,7,3,1,0,0,1,0,0,0,1,0,0,1,0,0,0,0,0
4105.01,1548.97,1,0,0,0,1,13,5,1,0,0,0,1,0,0,0,0,1,0,0,0,1,0,0
951.84,2687.59,0,1,0,0,1,0,3,1,0,0,1,0,0,1,0,0,0,1,0,0,0,0,0
2424.52,4488.04,0,1,0,1,0,20,1,1,0,0,0,0,1,0,0,0,1,0,0,0,0,0,1
3768.22,3623.48,0,1,0,0,0,15,5,1,0,0,0,0,1,0,0,0,1,0,0,0,1,0,0
5406.89,4774.17,0,1,1,1,0,3,6,1,0,0,0,0,1,0,0,0,1,0,1,0,0,0,0
2306.44,2114.86,1,1,0,1,0,14,4,1,0,0,0,1,0,1,0,0,0,0,0,1,0,0,0
2276.4,2887.15,0,1,0,0,1,11,5,1,0,0,0,1,0,1,0,0,0,0,0,0,1,0,0
7778.52,3973.27,0,1,0,1,0,17,6,1,0,0,0,1,0,0,1,0,0,0,1,0,0,0,0
9626.45,1529.84,0,1,0,1,0,6,4,1,0,0,0,0,1,0,0,1,0,0,0,1,0,0,0
3236.81,1393.63,0,1,0,0,0,23,3,1,0,0,1,0,0,1,0,0,0,1,0,0,0,0,0
6880.23,4011.17,0,1,1,1,0,0,6,1,0,0,0,1,0,0,0,1,0,0,1,0,0,0,0
2581.55,3661.07,0,1,0,0,0,0,3,1,0,0,0,1,0,0,0,0,1,1,0,0,0,0,0
9279.59,2923.58,0,0,0,1,0,1,2,1,0,0,0,1,0,0,0,1,0,0,0,0,0,1,0
6729.35,1266.99,0,0,0,1,0,14,3,1,0,0,0,0,1,0,1,0,0,1,0,0,0,0,0
8026.97,3510.41,0,1,0,1,1,11,3,1,0,0,1,0,0,0,0,0,1,1,0,0,0,0,0
494.49,3673.93,0,1,0,1,0,17,5,1,0,0,1,0,0,0,1,0,0,0,0,0,1,0,0
5985.46,2202.05,0,1,0,0,0,5,3,1,0,0,1,0,0,0,0,1,0,1,0,0,0,0,0
5276.6,1359.38,0,1,0,0,0,18,3,1,0,0,0,1,0,0,0,0,1,1,0,0,0,0,0
2930.68,3016.63,0,1,0,1,0,15,6,1,0,0,0,1,0,1,0,0,0,0,1,0,0,0,0
2625.04,2945.21,0,1,0,1,0,19,5,1,0,0,1,0,0,0,0,1,0,0,0,0,1,0,0
5800.67,2180.19,0,1,0,0,0,21,2,1,0,0,0,0,1,0,0,1,0,0,0,0,0,1,0
7065.15,3255.19,0,1,0,0,0,18,4,1,0,0,1,0,0,0,0,0,1,0,0,1,0,0,0
332.69,3434.24,1,1,0,1,0,12,6,1,0,0,0,1,0,0,0,0,1,0,1,0,0,0,0
5674.45,4690.39,0,0,0,1,0,1,6,1,0,0,1,0,0,0,1,0,0,0,1,0,0,0,0
1705.42,4095.37,1,1,0,1,0,4,5,1,0,0,1,0,0,1,0,0,0,0,0,0,1,0,0
1404.49,4236.57,0,1,0,1,0,1,3,1,0,0,1,0,0,0,0,1,0,1,0,0,0,0,0
6231.57,1742.65,0,0,0,0,0,11,6,1,0,0,0,0,1,1,0,0,0,0,1,0,0,0,0
3109.39,2832.61,1,1,0,1,1,2,5,1,0,0,0,1,0,1,0,0,0,0,0,0,1,0,0
4409.36,1831.06,0,1,0,1,0,8,5,1,0,0,0,1,0,1,0,0,0,0,0,0,1,0,0
3600.63,1748.39,0,1,0,1,1,7,5,1,0,0,1,0,0,0,0,0,1,0,0,0,1,0,0
6483.71,3021.78,0,1,0,1,0,12,1,1,0,0,0,1,0,1,0,0,0,0,0,0,0,0,1
4701.73,2120.37,0,1,1,1,1,16,2,1,0,0,0,0,1,0,1,0,0,0,0,0,0,1,0
9634.62,1858.34,0,0,0,1,0,20,2,1,0,0,1,0,0,1,0,0,0,0,0,0,0,1,0
3524.48,3902.62,0,1,0,0,0,5,4,1,0,0,0,0,1,0,0,0,1,0,0,1,0,0,0
7403.1,1135.61,0,1,0,1,0,17,1,1,0,0,1,0,0,0,0,0,1,0,0,0,0,0,1
2573.67,4008.48,0,1,0,1,0,2,6,1,0,0,1,0,0,1,0,0,0,0,1,0,0,0,0
5088.02,4594.64,0,1,0,1,1,5,1,1,0,0,1,0,0,0,1,0,0,0,0,0,0,0,1
5526.14,3819.03,0,1,0,1,1,3,4,1,0,0,0,0,1,0,0,1,0,0,0,1,0,0,0
3291.76,1772.48,0,1,0,1,0,10,6,1,0,0,0,1,0,0,0,1,0,0,1,0,0,0,0
4718.33,3943.7,0,1,0,1,0,0,5,1,0,0,0,1,0,0,1,0,0,0,0,0,1,0,0
2793.51,3008.06,0,1,0,1,0,6,6,1,0,0,0,1,0,0,0,0,1,0,1,0,0,0,0
61.0,3551.9,0,1,0,1,0,17,2,1,0,0,0,1,0,1,0,0,0,0,0,0,0,1,0
2157.27,2570.79,0,1,0,0,0,10,2,1,0,0,0,0,1,0,0,1,0,0,0,0,0,1,0
7000.94,1761.25,0,1,0,1,0,19,2,1,0,0,0,1,0,0,0,1,0,0,0,0,0,1,0
7709.86,1091.1,0,1,0,0,1,14,2,1,0,0,0,1,0,1,0,0,0,0,0,0,0,1,0
2802.75,3964.72,0,1,0,0,0,17,6,1,0,0,1,0,0,0,0,1,0,0,1,0,0,0,0
4081.02,2706.69,0,1,0,1,0,2,1,1,0,0,0,0,1,0,0,1,0,0,0,0,0,0,1
374.62,1968.49,0,1,0,1,0,13,6,1,0,0,1,0,0,0,0,0,1,0,1,0,0,0,0
2371.39,3491.62,0,1,0,1,0,20,3,1,0,0,0,1,0,0,0,1,0,1,0,0,0,0,0
7792.41,4170.21,0,1,0,0,0,1,6,1,0,0,1,0,0,0,0,1,0,0,1,0,0,0,0
6060.26,3115.33,1,1,0,0,1,17,5,1,0,0,0,1,0,0,0,0,1,0,0,0,1,0,0
2058.5,4045.47,0,1,0,1,0,23,5,1,0,0,1,0,0,0,0,1,0,0,0,0,1,0,0
2575.16,2354.31,0,1,0,0,0,22,3,1,0,0,0,0,1,0,0,0,1,1,0,0,0,0,0
8168.2,3612.17,0,0,0,1,0,11,4,1,0,0,1,0,0,1,0,0,0,0,0,1,0,0,0
2091.63,3464.27,0,1,0,1,0,4,3,1,0,0,1,0,0,0,0,1,0,1,0,0,0,0,0
3342.24,1693.2,0,1,0,1,1,22,2,1,0,0,1,0,0,0,0,1,0,0,0,0,0,1,0
6643.92,3953.69,0,1,0,1,1,13,1,1,0,0,1,0,0,0,1,0,0,0,0,0,0,0,1
5611.56,4040.9,1,1,0,0,0,22,5,1,0,0,0,1,0,0,1,0,0,0,0,0,1,0,0
4609.24,3626.76,0,1,0,0,0,1,4,1,0,0,1,0,0,0,1,0,0,0,0,1,0,0,0
8997.51,2518.09,0,0,0,0,0,13,3,1,0,0,0,0,1,0,0,0,1,1,0,0,0,0,0
2197.88,3184.75,0,1,0,1,0,10,3,1,0,0,1,0,0,0,0,1,0,1,0,0,0,0,0
7414.46,2752.93,0,1,0,1,0,18,6,1,0,0,0,0,1,0,0,1,0,0,1,0,0,0,0
1591.48,1011.86,0,1,0,1,0,10,4,1,0,0,1,0,0,0,1,0,0,0,0,1,0,0,0
6157.72,1045.2,0,1,0,1,0,6,6,1,0,0,0,1,0,0,0,0,1,0,1,0,0,0,0
8706.37,1787.68,0,1,0,1,0,18,3,1,0,0,0,0,1,0,1,0,0,1,0,0,0,0,0
4579.56,4652.06,0,1,0,1,0,12,3,1,0,0,0,0,1,0,0,1,0,1,0,0,0,0,0
7243.22,3525.56,1,1,0,1,0,7,5,1,0,0,1,0,0,0,0,0,1,0,0,0,1,0,0
8204.11,2559.46,0,1,0,1,0,0,5,1,0,0,0,1,0,0,1,0,0,0,0,0,1,0,0
1361.13,3428.39,0,1,0,1,0,10,6,1,0,0,0,1,0,0,0,1,0,0,1,0,0,0,0
7058.56,1255.57,0,1,0,0,0,4,6,1,0,0,0,0,1,0,1,0,0,0,1,0,0,0,0
9198.49,1417.44,0,1,0,1,0,11,4,1,0,0,1,0,0,1,0,0,0,0,0,1,0,0,0
5764.13,1323.69,0,1,0,0,1,4,3,1,0,0,0,1,0,0,0,0,1,1,0,0,0,0,0
1862.04,4268.21,0,1,0,0,0,10,1,1,0,0,0,1,0,1,0,0,0,0,0,0,0,0,1
1270.3,4999.57,1,0,0,1,0,1,2,1,0,0,0,1,0,1,0,0,0,0,0,0,0,1,0
2598.09,1894.26,0,1,0,0,1,19,5,1,0,0,1,0,0,0,0,0,1,0,0,0,1,0,0
1036.03,2930.73,0,1,0,1,0,21,4,1,0,0,1,0,0,1,0,0,0,0,0,1,0,0,0
5134.43,1530.55,1,1,0,1,0,10,3,1,0,0,0,0,1,0,1,0,0,1,0,0,0,0,0
697.98,4527.08,0,1,0,1,0,6,2,1,0,0,1,0,0,0,0,1,0,0,0,0,0,1,0
2234.82,1623.36,0,1,0,0,0,12,3,1,0,0,0,1,0,0,0,0,1,1,0,0,0,0,0
4399.66,3099.64,0,1,0,1,1,18,2,1,0,0,0,0,1,0,1,0,0,0,0,0,0,1,0
4739.67,3325.38,0,1,0,1,0,3,5,1,0,0,1,0,0,0,0,1,0,0,0,0,1,0,0
5654.42,2922.47,0,1,0,1,0,12,1,1,0,0,0,1,0,1,0,0,0,0,0,0,0,0,1
7056.44,1244.1,0,1,0,1,1,17,4,1,0,0,0,1,0,0,0,0,1,0,0,1,0,0,0
473.24,3741.53,0,1,0,0,0,12,3,1,0,0,0,0,1,1,0,0,0,1,0,0,0,0,0
807.13,4542.94,0,1,0,1,0,19,2,1,0,0,0,0,1,0,0,1,0,0,0,0,0,1,0
609.53,1360.15,0,0,0,1,0,18,2,1,0,0,1,0,0,0,0,0,1,0,0,0,0,1,0
4232.08,3912.23,1,1,0,1,0,1,2,1,0,0,1,0,0,0,1,0,0,0,0,0,0,1,0
419.44,4284.56,0,1,0,1,0,14,1,1,0,0,0,0,1,1,0,0,0,0,0,0,0,0,1
7461.07,1652.84,0,1,0,1,0,16,4,1,0,0,0,0,1,0,1,0,0,0,0,1,0,0,0
2230.78,4976.36,0,1,0,1,0,5,3,1,0,0,0,1,0,0,1,0,0,1,0,0,0,0,0
9392.19,2192.19,0,0,0,1,0,23,5,1,0,0,1,0,0,0,1,0,0,0,0,0,1,0,0
4864.55,2239.2,0,1,1,1,1,16,2,1,0,0,0,1,0,0,0,0,1,0,0,0,0,1,0
4463.81,3269.41,0,1,0,1,1,19,5,1,0,0,0,0,1,1,0,0,0,0,0,0,1,0,0
7805.61,4276.2,0,1,0,1,1,7,1,1,0,0,0,0,1,0,1,0,0,0,0,0,0,0,1
7131.83,2834.68,0,1,0,1,0,8,1,1,0,0,0,0,1,0,0,1,0,0,0,0,0,0,1
6073.48,3183.4,0,1,0,1,0,19,4,1,0,0,1,0,0,0,0,0,1,0,0,1,0,0,0
9351.53,3467.9,0,1,1,1,1,17,5,1,0,0,0,0,1,0,1,0,0,0,0,0,1,0,0
4223.17,4170.31,0,1,0,0,0,14,6,1,0,0,0,0,1,0,1,0,0,0,1,0,0,0,0
8085.51,3587.04,0,1,0,1,0,13,5,1,0,0,1,0,0,1,0,0,0,0,0,0,1,0,0
3801.55,1676.55,1,1,0,1,0,12,3,1,0,0,0,0,1,0,1,0,0,1,0,0,0,0,0
8383.62,3400.58,1,1,0,1,0,5,5,1,0,0,1,0,0,0,1,0,0,0,0,0,1,0,0
2595.49,1851.43,0,1,0,1,0,14,2,1,0,0,0,0,1,0,1,0,0,0,0,0,0,1,0
2893.38,2743.85,0,1,0,1,0,15,3,1,0,0,1,0,0,1,0,0,0,1,0,0,0,0,0
6779.02,4463.05,0,1,0,1,0,13,6,1,0,0,1,0,0,0,1,0,0,0,1,0,0,0,0
2127.92,1495.11,0,0,0,1,0,19,6,1,0,0,1,0,0,0,0,1,0,0,1,0,0,0,0
2292.31,2447.62,0,1,0,1,0,11,2,1,0,0,1,0,0,0,0,0,1,0,0,0,0,1,0
3053.32,3246.27,0,1,0,1,0,20,5,1,0,0,0,1,0,0,1,0,0,0,0,0,1,0,0
6789.61,4482.91,0,0,0,1,1,13,2,1,0,0,1,0,0,1,0,0,0,0,0,0,0,1,0
8893.99,4115.75,0,0,0,1,0,8,1,1,0,0,1,0,0,0,0,1,0,0,0,0,0,0,1
6746.0,2695.94,0,0,0,1,0,14,6,1,0,0,1,0,0,0,0,0,1,0,1,0,0,0,0
8278.31,2997.23,0,1,0,0,1,1,4,1,0,0,1,0,0,1,0,0,0,0,0,1,0,0,0
5436.06,4384.72,0,1,0,1,0,5,4,1,0,0,0,0,1,1,0,0,0,0,0,1,0,0,0
690.16,4508.02,0,0,0,0,0,4,1,1,0,0,0,0,1,0,0,0,1,0,0,0,0,0,1
1005.56,3114.25,0,1,0,0,0,16,4,1,0,0,1,0,0,0,0,0,1,0,0,1,0,0,0
5544.37,1796.52,0,0,0,1,0,7,5,1,0,0,1,0,0,1,0,0,0,0,0,0,1,0,0
3278.68,2992.56,0,1,0,0,0,0,3,1,0,0,0,1,0,0,0,1,0,1,0,0,0,0,0
2206.46,4707.21,0,1,0,1,0,3,4,1,0,0,1,0,0,0,0,1,0,0,0,1,0,0,0
4663.1,3442.39,0,0,0,1,1,6,3,1,0,0,1,0,0,0,0,1,0,1,0,0,0,0,0
6665.3,4092.88,0,1,0,1,0,14,5,1,0,0,1,0,0,0,0,0,1,0,0,0,1,0,0
3850.53,1074.82,0,1,0,1,0,1,3,1,0,0,0,0,1,0,1,0,0,1,0,0,0,0,0
8025.62,3537.45,0,0,0,1,0,5,5,1,0,0,1,0,0,1,0,0,0,0,0,0,1,0,0
7385.49,3393.93,0,1,0,0,0,21,5,1,0,0,1,0,0,0,0,1,0,0,0,0,1,0,0
7349.41,2888.16,0,1,0,1,0,16,6,1,0,0,0,1,0,0,1,0,0,0,1,0,0,0,0
9851.91,3716.28,1,1,0,1,1,21,1,1,0,0,0,0,1,0,0,0,1,0,0,0,0,0,1
2953.0,4453.42,0,1,0,1,0,14,2,1,0,0,0,1,0,1,0,0,0,0,0,0,0,1,0
6447.61,4716.94,0,0,0,0,1,9,3,1,0,0,1,0,0,0,1,0,0,1,0,0,0,0,0
8554.93,2027.19,0,0,0,1,0,15,4,1,0,0,0,1,0,1,0,0,0,0,0,1,0,0,0
5795.66,3019.29,0,1,0,1,0,19,1,1,0,0,1,0,0,0,0,0,1,0,0,0,0,0,1
7895.23,2205.86,0,1,0,1,0,4,4,1,0,0,1,0,0,0,0,0,1,0,0,1,0,0,0
4145.11,2674.5,0,1,0,1,0,18,3,1,0,0,0,0,1,0,0,1,0,1,0,0,0,0,0
5905.32,2995.29,0,1,0,0,0,8,4,1,0,0,0,1,0,1,0,0,0,0,0,1,0,0,0
557.61,4141.16,0,1,0,1,0,18,1,1,0,0,1,0,0,1,0,0,0,0,0,0,0,0,1
9857.69,4663.96,0,1,0,1,1,15,6,1,0,0,0,1,0,0,1,0,0,0,1,0,0,0,0
8000.38,3349.45,0,1,0,1,0,13,6,1,0,0,0,0,1,1,0,0,0,0,1,0,0,0,0
8688.22,4969.26,0,1,0,1,0,12,3,1,0,0,1,0,0,1,0,0,0,1,0,0,0,0,0
6943.25,3267.65,0,1,0,1,1,22,4,1,0,0,0,0,1,0,1,0,0,0,0,1,0,0,0
1861.31,4225.31,0,1,0,1,0,9,4,1,0,0,0,1,0,0,0,1,0,0,0,1,0,0,0
311.25,1555.4,1,1,0,0,1,21,3,1,0,0,0,1,0,1,0,0,0,1,0,0,0,0,0
8646.7,1030.81,0,1,0,1,0,16,5,1,0,0,0,1,0,0,1,0,0,0,0,0,1,0,0
3963.91,1108.15,1,1,0,1,1,15,2,1,0,0,1,0,0,0,0,0,1,0,0,0,0,1,0
2639.38,4568.04,0,1,0,0,0,22,5,1,0,0,1,0,0,0,0,1,0,0,0,0,1,0,0
5617.17,1298.95,0,1,0,1,0,14,5,1,0,0,1,0,0,0,1,0,0,0,0,0,1,0,0
4209.56,3451.59,0,1,0,0,1,0,4,1,0,0,0,0,1,1,0,0,0,0,0,1,0,0,0
6517.01,3305.12,0,1,0,1,0,18,6,1,0,0,0,1,0,0,0,1,0,0,1,0,0,0,0
4838.45,4122.66,0,1,0,1,0,1,6,1,0,0,0,1,0,0,0,1,0,0,1,0,0,0,0
6972.63,2253.86,0,1,0,0,0,13,5,1,0,0,0,1,0,0,0,1,0,0,0,0,1,0,0
8534.38,2413.04,1,1,0,1,0,21,1,1,0,0,0,0,1,0,0,0,1,0,0,0,0,0,1
1956.37,2413.47,0,1,0,1,1,9,1,1,0,0,1,0,0,0,1,0,0,0,0,0,0,0,1
3295.0,1673.7,0,0,0,1,0,3,4,1,0,0,0,0,1,0,0,1,0,0,0,1,0,0,0
4368.72,1831.58,0,0,0,1,0,3,5,1,0,0,0,1,0,1,0,0,0,0,0,0,1,0,0
9620.62,1790.26,0,1,0,1,0,15,6,1,0,0,0,1,0,1,0,0,0,0,1,0,0,0,0
3653.97,1583.05,0,1,0,1,0,10,5,1,0,0,0,0,1,1,0,0,0,0,0,0,1,0,0
3811.62,4083.91,0,1,0,1,0,6,4,1,0,0,1,0,0,0,0,1,0,0,0,1,0,0,0
6535.07,3439.49,1,0,0,1,0,23,1,1,0,0,1,0,0,1,0,0,0,0,0,0,0,0,1
4192.58,3277.12,0,1,0,1,0,15,5,1,0,0,0,1,0,0,0,1,0,0,0,0,1,0,0
9512.29,3706.31,0,1,0,1,0,11,5,1,0,0,0,0,1,0,1,0,0,0,0,0,1,0,0
8944.79,2379.46,0,1,0,1,0,7,3,1,0,0,1,0,0,0,0,1,0,1,0,0,0,0,0
5134.57,3920.49,0,1,0,1,0,13,3,1,0,0,0,0,1,0,0,1,0,1,0,0,0,0,0
6448.11,2094.1,0,1,0,1,1,18,5,1,0,0,0,1,0,0,1,0,0,0,0,0,1,0,0
581.25,4270.78,0,0,0,1,0,2,5,1,0,0,0,1,0,1,0,0,0,0,0,0,1,0,0
6957.61,3461.97,1,1,0,1,0,18,1,1,0,0,0,1,0,0,0,1,0,0,0,0,0,0,1
7072.3,4286.6,0,1,0,1,0,3,1,1,0,0,0,1,0,0,1,0,0,0,0,0,0,0,1
3592.63,1218.66,0,0,0,1,0,22,5,1,0,0,1,0,0,0,0,0,1,0,0,0,1,0,0
2197.61,4372.95,0,1,0,1,0,9,1,1,0,0,0,1,0,0,1,0,0,0,0,0,0,0,1
9150.87,1405.71,0,1,0,1,1,21,6,1,0,0,1,0,0,0,0,0,1,0,1,0,0,0,0
4267.62,3674.42,0,0,0,1,0,4,2,1,0,0,1,0,0,0,1,0,0,0,0,0,0,1,0
6537.41,1911.76,0,1,0,1,0,18,5,1,0,0,0,0,1,0,0,1,0,0,0,0,1,0,0
334.25,1186.79,0,1,0,1,0,4,4,1,0,0,0,1,0,1,0,0,0,0,0,1,0,0,0
4141.26,2037.44,0,1,0,1,0,18,1,1,0,0,1,0,0,0,0,1,0,0,0,0,0,0,1
8172.77,2613.25,0,1,0,1,0,11,3,1,0,0,0,0,1,0,0,1,0,1,0,0,0,0,0
3876.37,1575.72,0,1,0,1,0,0,5,1,0,0,0,0,1,0,0,0,1,0,0,0,1,0,0
6032.01,1398.55,0,1,0,1,1,6,1,1,0,0,0,1,0,1,0,0,0,0,0,0,0,0,1
2099.35,4975.01,0,1,0,1,0,17,1,1,0,0,0,1,0,1,0,0,0,0,0,0,0,0,1
4165.84,1317.31,0,0,0,1,0,22,2,1,0,0,0,0,1,0,0,1,0,0,0,0,0,1,0
9276.45,1762.07,0,1,0,0,0,7,6,1,0,0,1,0,0,0,1,0,0,0,1,0,0,0,0
5664.95,2011.33,0,1,0,1,0,11,1,1,0,0,0,1,0,0,1,0,0,0,0,0,0,0,1
9019.41,2268.52,0,1,0,1,0,22,5,1,0,0,0,0,1,1,0,0,0,0,0,0,1,0,0
9020.29,1525.07,0,1,0,1,0,13,5,1,0,0,0,0,1,0,0,1,0,0,0,0,1,0,0
9441.53,4358.97,0,1,1,1,0,23,5,1,0,0,1,0,0,0,0,1,0,0,0,0,1,0,0
8954.02,4698.63,0,1,0,1,1,23,6,1,0,0,1,0,0,0,0,0,1,0,1,0,0,0,0
33.81,3195.85,0,1,0,0,0,12,4,1,0,0,0,0,1,1,0,0,0,0,0,1,0,0,0
9340.21,3268.14,0,1,1,1,0,7,1,1,0,0,1,0,0,0,1,0,0,0,0,0,0,0,1
1375.46,4975.13,0,1,0,0,0,17,2,1,0,0,0,1,0,0,1,0,0,0,0,0,0,1,0
400.22,4535.21,0,1,0,1,0,0,4,1,0,0,0,0,1,1,0,0,0,0,0,1,0,0,0
554.83,2629.73,0,0,0,1,1,1,2,1,0,0,1,0,0,0,0,0,1,0,0,0,0,1,0
3489.81,4035.58,0,1,0,1,0,10,4,1,0,0,1,0,0,0,1,0,0,0,0,1,0,0,0
6208.42,2061.1,0,1,0,1,0,17,6,1,0,0,1,0,0,1,0,0,0,0,1,0,0,0,0
4023.71,1207.48,0,1,0,1,0,3,3,1,0,0,1,0,0,0,0,1,0,1,0,0,0,0,0
256.52,1088.63,0,1,0,0,0,16,5,1,0,0,0,0,1,1,0,0,0,0,0,0,1,0,0
4765.35,3155.77,0,1,0,1,0,5,2,1,0,0,1,0,0,1,0,0,0,0,0,0,0,1,0
4421.87,2998.87,0,1,0,1,0,21,4,1,0,0,0,1,0,1,0,0,0,0,0,1,0,0,0
7568.74,1602.86,0,0,0,0,0,13,4,1,0,0,0,1,0,0,0,1,0,0,0,1,0,0,0
2796.85,4412.66,0,1,0,1,1,0,5,1,0,0,0,0,1,1,0,0,0,0,0,0,1,0,0
2176.09,3331.67,0,1,0,1,1,14,4,1,0,0,0,0,1,0,0,1,0,0,0,1,0,0,0
2560.13,2526.1,0,1,0,1,0,12,2,1,0,0,0,1,0,0,1,0,0,0,0,0,0,1,0
3038.09,3023.49,0,1,0,1,0,10,4,1,0,0,0,1,0,0,0,0,1,0,0,1,0,0,0
5992.05,1389.65,1,1,0,0,0,21,4,1,0,0,0,0,1,0,0,1,0,0,0,1,0,0,0
4715.78,4599.5,0,1,0,0,0,20,4,1,0,0,0,1,0,0,0,0,1,0,0,1,0,0,0
3369.61,2162.19,0,1,0,1,0,12,4,1,0,0,0,1,0,0,0,0,1,0,0,1,0,0,0
3743.77,1698.42,0,1,0,1,0,7,3,1,0,0,0,0,1,0,1,0,0,1,0,0,0,0,0
3709.87,2703.83,0,1,0,0,0,7,4,1,0,0,0,0,1,0,0,1,0,0,0,1,0,0,0
9724.09,2124.69,0,1,0,0,1,9,1,1,0,0,1,0,0,0,1,0,0,0,0,0,0,0,1
2330.74,2230.58,0,0,0,0,0,17,6,1,0,0,1,0,0,0,0,1,0,0,1,0,0,0,0
8180.8,4297.87,0,0,0,1,0,6,4,1,0,0,0,1,0,0,0,0,1,0,0,1,0,0,0
7082.4,3188.06,0,1,0,1,0,1,4,1,0,0,0,0,1,0,0,0,1,0,0,1,0,0,0
56.69,4727.08,0,1,0,0,0,7,5,1,0,0,1,0,0,1,0,0,0,0,0,0,1,0,0
9931.77,4801.46,0,1,0,1,0,8,4,1,0,0,0,1,0,0,0,1,0,0,0,1,0,0,0
7564.64,4966.19,0,1,0,1,0,2,3,1,0,0,0,1,0,0,0,0,1,1,0,0,0,0,0
6824.81,1526.11,0,0,0,1,0,19,1,1,0,0,0,1,0,0,0,1,0,0,0,0,0,0,1
4053.84,4587.4,0,1,0,1,0,22,2,1,0,0,0,1,0,0,1,0,0,0,0,0,0,1,0
5552.48,2178.42,1,1,0,1,0,1,6,1,0,0,0,0,1,0,1,0,0,0,1,0,0,0,0
2533.46,3517.01,0,0,0,1,0,11,6,1,0,0,0,1,0,0,0,1,0,0,1,0,0,0,0
355.8,4511.32,1,1,0,1,0,0,2,1,0,0,1,0,0,0,0,0,1,0,0,0,0,1,0
8360.38,1371.5,0,1,0,1,0,20,2,1,0,0,0,0,1,0,1,0,0,0,0,0,0,1,0
8964.95,1607.4,1,1,0,0,1,12,6,1,0,0,0,1,0,0,0,0,1,0,1,0,0,0,0
1625.54,3932.71,0,1,0,1,0,13,6,1,0,0,1,0,0,0,0,1,0,0,1,0,0,0,0
7870.77,2387.05,0,1,0,1,1,19,1,1,0,0,1,0,0,1,0,0,0,0,0,0,0,0,1
7411.79,3620.16,0,0,0,1,0,4,3,1,0,0,0,0,1,0,0,0,1,1,0,0,0,0,0
1784.57,1456.02,0,1,1,1,0,12,6,1,0,0,0,0,1,0,1,0,0,0,1,0,0,0,0
4218.87,4889.59,0,1,0,0,0,18,6,1,0,0,0,0,1,0,0,1,0,0,1,0,0,0,0
4228.16,3005.02,0,1,0,1,1,5,5,1,0,0,1,0,0,1,0,0,0,0,0,0,1,0,0
7599.88,4482.17,0,1,1,1,0,15,2,1,0,0,1,0,0,0,1,0,0,0,0,0,0,1,0
8376.77,3699.83,0,0,0,1,1,12,2,1,0,0,0,1,0,0,0,1,0,0,0,0,0,1,0
948.66,4806.95,0,1,0,1,0,17,2,1,0,0,0,0,1,0,0,1,0,0,0,0,0,1,0
5630.13,3282.0,0,1,0,1,0,21,6,1,0,0,0,0,1,0,0,0,1,0,1,0,0,0,0
7617.72,2225.55,0,1,0,1,1,11,4,1,0,0,0,0,1,1,0,0,0,0,0,1,0,0,0
7862.12,3454.07,0,1,0,1,0,7,5,1,0,0,0,0,1,0,0,1,0,0,0,0,1,0,0
1480.79,4987.54,0,1,0,1,0,13,5,1,0,0,1,0,0,1,0,0,0,0,0,0,1,0,0
5255.53,4261.4,0,1,0,1,0,4,5,1,0,0,0,0,1,1,0,0,0,0,0,0,1,0,0
8575.73,2819.84,0,1,1,0,0,19,3,1,0,0,1,0,0,0,0,0,1,1,0,0,0,0,0
3185.87,4266.09,0,1,0,1,0,8,5,1,0,0,1,0,0,0,0,1,0,0,0,0,1,0,0
4251.74,3811.33,0,1,0,0,0,19,4,1,0,0,0,0,1,0,0,1,0,0,0,1,0,0,0
8043.78,4754.88,0,1,0,1,0,17,3,1,0,0,1,0,0,0,0,0,1,1,0,0,0,0,0
894.11,2459.18,0,1,0,0,1,17,5,1,0,0,1,0,0,0,0,0,1,0,0,0,1,0,0
8595.07,1161.54,0,1,0,1,0,16,4,1,0,0,0,0,1,0,0,1,0,0,0,1,0,0,0
3112.26,1345.7,0,1,1,1,0,10,4,1,0,0,0,0,1,0,0,0,1,0,0,1,0,0,0
15.5,4069.66,0,1,0,1,1,3,3,1,0,0,0,1,0,0,0,1,0,1,0,0,0,0,0
2342.36,3765.07,1,0,0,1,0,1,1,1,0,0,1,0,0,0,1,0,0,0,0,0,0,0,1
895.92,3933.51,0,1,0,0,0,9,4,1,0,0,1,0,0,1,0,0,0,0,0,1,0,0,0
924.76,3670.83,0,1,0,1,0,1,4,1,0,0,0,1,0,1,0,0,0,0,0,1,0,0,0
6928.66,2828.43,0,1,0,1,0,16,4,1,0,0,0,1,0,0,0,0,1,0,0,1,0,0,0
2140.55,1272.35,0,1,0,1,0,7,3,1,0,0,0,0,1,0,1,0,0,1,0,0,0,0,0
9347.49,4342.21,1,1,0,0,0,9,2,1,0,0,0,1,0,1,0,0,0,0,0,0,0,1,0
5164.93,1723.14,0,1,0,1,0,17,5,1,0,0,0,0,1,0,0,1,0,0,0,0,1,0,0
4601.52,4959.47,0,1,0,1,0,10,2,1,0,0,0,0,1,1,0,0,0,0,0,0,0,1,0
4343.4,1821.62,1,1,0,1,1,7,1,1,0,0,0,0,1,1,0,0,0,0,0,0,0,0,1
6926.18,1334.91,0,1,0,1,0,1,2,1,0,0,1,0,0,1,0,0,0,0,0,0,0,1,0
4523.18,2502.22,0,0,0,1,0,18,4,1,0,0,1,0,0,0,0,1,0,0,0,1,0,0,0
1286.87,2301.78,1,1,0,1,0,5,1,1,0,0,0,0,1,0,0,0,1,0,0,0,0,0,1
8801.84,4906.51,0,1,0,0,0,18,5,1,0,0,0,1,0,0,0,1,0,0,0,0,1,0,0
4284.53,2578.24,0,1,0,1,0,12,3,1,0,0,1,0,0,0,0,0,1,1,0,0,0,0,0
740.97,1186.43,0,1,0,0,0,12,3,1,0,0,1,0,0,1,0,0,0,1,0,0,0,0,0
5294.13,4948.36,0,0,0,0,0,12,5,1,0,0,0,1,0,1,0,0,0,0,0,0,1,0,0
6473.82,4145.88,0,1,1,1,0,1,6,1,0,0,1,0,0,0,1,0,0,0,1,0,0,0,0
2756.55,4991.77,0,1,0,1,0,21,6,1,0,0,0,1,0,1,0,0,0,0,1,0,0,0,0
8003.6,2270.15,0,1,0,0,0,21,6,1,0,0,0,1,0,0,0,1,0,0,1,0,0,0,0
6698.09,1470.95,0,1,0,1,0,18,6,1,0,0,1,0,0,1,0,0,0,0,1,0,0,0,0
6503.76,2590.78,0,1,0,1,0,12,5,1,0,0,0,1,0,0,1,0,0,0,0,0,1,0,0
4208.83,1559.78,0,0,0,1,0,16,5,1,0,0,0,1,0,0,0,1,0,0,0,0,1,0,0
9619.19,1587.37,0,0,0,1,0,7,4,1,0,0,0,0,1,0,1,0,0,0,0,1,0,0,0
2742.62,4610.69,0,0,0,1,1,16,5,1,0,0,0,0,1,0,1,0,0,0,0,0,1,0,0
5777.48,4975.62,0,0,0,1,0,0,5,1,0,0,1,0,0,0,0,1,0,0,0,0,1,0,0
3091.24,4977.71,0,1,0,1,0,3,4,1,0,0,0,1,0,0,0,0,1,0,0,1,0,0,0
7448.3,2753.81,0,1,0,0,0,13,4,1,0,0,1,0,0,0,0,0,1,0,0,1,0,0,0
478.87,1957.17,0,1,0,1,0,15,4,1,0,0,1,0,0,0,0,0,1,0,0,1,0,0,0
459.89,1688.14,0,1,0,0,0,11,4,1,0,0,0,0,1,0,0,0,1,0,0,1,0,0,0
8108.8,2528.44,0,0,0,1,0,17,5,1,0,0,0,1,0,0,1,0,0,0,0,0,1,0,0
4343.25,3395.78,0,1,0,1,1,21,4,1,0,0,1,0,0,0,1,0,0,0,0,1,0,0,0
3412.46,3974.35,0,1,0,1,0,5,2,1,0,0,1,0,0,0,0,1,0,0,0,0,0,1,0
6075.66,3065.45,0,1,0,0,0,12,2,1,0,0,0,0,1,0,0,1,0,0,0,0,0,1,0
7019.29,4370.96,0,0,0,1,1,0,2,1,0,0,0,0,1,0,0,0,1,0,0,0,0,1,0
2012.81,4678.67,0,0,0,1,0,17,2,1,0,0,0,0,1,0,0,0,1,0,0,0,0,1,0
1855.13,4542.67,0,1,0,1,0,20,3,1,0,0,1,0,0,0,0,0,1,1,0,0,0,0,0
9581.55,2476.82,0,1,0,1,0,16,1,1,0,0,0,1,0,0,0,0,1,0,0,0,0,0,1
5897.05,4802.19,0,0,0,0,0,1,2,1,0,0,0,0,1,0,0,0,1,0,0,0,0,1,0
3901.77,4692.29,0,0,0,1,0,15,3,1,0,0,0,0,1,0,1,0,0,1,0,0,0,0,0
8014.62,2646.62,1,1,0,1,0,16,2,1,0,0,0,1,0,0,1,0,0,0,0,0,0,1,0
5252.06,2685.24,0,1,0,1,0,19,4,1,0,0,1,0,0,0,1,0,0,0,0,1,0,0,0
2417.39,1312.17,0,1,0,1,0,21,3,1,0,0,1,0,0,0,1,0,0,1,0,0,0,0,0
2068.15,4747.98,0,1,0,0,0,6,4,1,0,0,0,1,0,0,0,0,1,0,0,1,0,0,0
3969.2,1353.84,1,1,0,1,1,23,6,1,0,0,0,0,1,0,1,0,0,0,1,0,0,0,0
8599.1,2964.57,1,1,0,1,0,15,2,1,0,0,0,1,0,0,0,0,1,0,0,0,0,1,0
615.42,3885.66,0,1,0,1,0,17,3,1,0,0,1,0,0,0,1,0,0,1,0,0,0,0,0
2186.04,4518.66,0,1,1,1,0,9,6,1,0,0,1,0,0,0,1,0,0,0,1,0,0,0,0
8931.63,3284.0,0,1,0,1,1,18,2,1,0,0,0,0,1,1,0,0,0,0,0,0,0,1,0
1218.22,3730.31,1,1,0,1,0,18,6,1,0,0,0,0,1,0,0,0,1,0,1,0,0,0,0
6296.63,3840.52,0,1,0,1,0,1,4,1,0,0,0,1,0,0,0,0,1,0,0,1,0,0,0
2135.9,1063.88,0,1,0,1,0,9,4,1,0,0,1,0,0,0,1,0,0,0,0,1,0,0,0
6059.06,4769.94,0,1,0,1,0,23,1,1,0,0,1,0,0,0,0,1,0,0,0,0,0,0,1
3831.66,2439.69,0,1,1,1,0,15,6,1,0,0,0,1,0,0,0,0,1,0,1,0,0,0,0
1017.67,1710.09,0,1,0,1,0,20,3,1,0,0,0,0,1,0,1,0,0,1,0,0,0,0,0
5825.17,2893.35,0,1,0,1,0,8,2,1,0,0,1,0,0,0,0,0,1,0,0,0,0,1,0
6830.74,3933.94,0,1,0,1,1,9,5,1,0,0,1,0,0,0,0,0,1,0,0,0,1,0,0
6803.05,4309.36,0,1,0,0,0,22,1,1,0,0,0,0,1,0,0,1,0,0,0,0,0,0,1
6370.71,3878.45,1,1,0,1,0,12,3,1,0,0,1,0,0,0,0,1,0,1,0,0,0,0,0
5002.75,2600.54,0,1,0,0,0,22,3,1,0,0,0,0,1,1,0,0,0,1,0,0,0,0,0
5195.21,3726.2,0,1,0,1,1,10,5,1,0,0,0,1,0,0,0,1,0,0,0,0,1,0,0
6356.77,2727.49,0,1,0,1,0,8,4,1,0,0,0,0,1,0,1,0,0,0,0,1,0,0,0
6902.9,4947.47,0,1,0,1,0,22,4,1,0,0,0,0,1,0,0,1,0,0,0,1,0,0,0
6549.11,4985.86,0,0,0,0,0,23,1,1,0,0,0,1,0,1,0,0,0,0,0,0,0,0,1
5869.87,1999.18,1,1,0,0,0,15,5,1,0,0,1,0,0,0,1,0,0,0,0,0,1,0,0
1559.23,2933.31,0,1,0,0,0,14,6,1,0,0,1,0,0,0,0,1,0,0,1,0,0,0,0
2106.95,3306.07,0,0,0,1,0,18,6,1,0,0,0,0,1,1,0,0,0,0,1,0,0,0,0
2602.98,3544.96,0,1,0,1,1,12,1,1,0,0,0,0,1,1,0,0,0,0,0,0,0,0,1
9196.7,2735.69,0,1,0,0,0,13,4,1,0,0,0,1,0,0,0,1,0,0,0,1,0,0,0
7594.19,3097.18,0,1,0,1,1,14,5,1,0,0,0,1,0,0,0,1,0,0,0,0,1,0,0
5529.12,3217.06,0,1,0,1,0,9,5,1,0,0,1,0,0,1,0,0,0,0,0,0,1,0,0
2521.32,2551.79,0,0,0,1,0,23,4,1,0,0,1,0,0,0,1,0,0,0,0,1,0,0,0
1109.8,2281.76,0,1,0,1,0,1,6,1,0,0,0,1,0,0,1,0,0,0,1,0,0,0,0
8987.69,3538.48,0,1,0,0,0,20,1,1,0,0,0,0,1,0,1,0,0,0,0,0,0,0,1
8926.77,2768.16,0,1,0,1,1,13,6,1,0,0,0,1,0,1,0,0,0,0,1,0,0,0,0
1107.85,4888.6,0,1,0,1,0,14,6,1,0,0,1,0,0,1,0,0,0,0,1,0,0,0,0
7972.37,2502.76,0,1,0,0,1,5,5,1,0,0,0,0,1,0,1,0,0,0,0,0,1,0,0
4467.0,1783.37,0,1,0,1,1,9,2,1,0,0,0,1,0,1,0,0,0,0,0,0,0,1,0
3240.35,2706.55,0,0,0,1,0,17,3,1,0,0,1,0,0,0,0,1,0,1,0,0,0,0,0
7391.31,3627.7,0,1,0,1,0,6,1,1,0,0,0,0,1,0,0,0,1,0,0,0,0,0,1
6143.68,2767.22,0,1,0,1,1,0,2,1,0,0,0,0,1,1,0,0,0,0,0,0,0,1,0
7800.52,2142.74,0,1,0,0,1,21,3,1,0,0,0,0,1,0,0,1,0,1,0,0,0,0,0
744.21,2980.93,0,0,0,1,0,16,4,1,0,0,0,0,1,0,1,0,0,0,0,1,0,0,0
3186.55,2787.99,0,1,0,1,0,11,6,1,0,0,0,0,1,0,1,0,0,0,1,0,0,0,0
3193.85,4776.55,0,1,0,1,0,14,1,1,0,0,0,1,0,1,0,0,0,0,0,0,0,0,1
3298.2,1075.59,1,1,0,1,0,21,3,1,0,0,0,0,1,0,0,0,1,1,0,0,0,0,0
5025.3,2579.82,0,1,0,1,0,2,2,1,0,0,0,1,0,0,0,1,0,0,0,0,0,1,0
2830.86,2363.96,0,1,0,1,1,7,1,1,0,0,0,0,1,0,0,1,0,0,0,0,0,0,1
4444.39,1893.78,0,1,0,1,0,22,6,1,0,0,1,0,0,0,1,0,0,0,1,0,0,0,0
3678.41,3184.98,0,0,0,1,0,3,3,1,0,0,0,0,1,0,0,0,1,1,0,0,0,0,0
7353.23,3456.24,0,1,0,0,1,4,2,1,0,0,0,1,0,0,1,0,0,0,0,0,0,1,0
6035.4,1040.83,0,1,0,0,0,15,3,1,0,0,1,0,0,0,0,0,1,1,0,0,0,0,0
6536.64,3704.64,0,1,0,0,0,3,3,1,0,0,1,0,0,0,0,1,0,1,0,0,0,0,0
2106.63,2530.67,0,1,0,1,0,16,5,1,0,0,0,1,0,0,1,0,0,0,0,0,1,0,0
3255.7,4692.11,0,0,0,1,1,17,5,1,0,0,1,0,0,0,1,0,0,0,0,0,1,0,0
212.63,3974.06,0,1,0,1,0,17,3,1,0,0,0,1,0,0,1,0,0,1,0,0,0,0,0
1084.64,3055.23,0,1,0,1,0,2,2,1,0,0,0,0,1,0,0,0,1,0,0,0,0,1,0
2651.28,4806.02,0,0,0,1,1,18,4,1,0,0,0,0,1,0,0,1,0,0,0,1,0,0,0
655.57,3749.62,1,1,0,1,0,19,2,1,0,0,0,1,0,0,0,0,1,0,0,0,0,1,0
6026.72,4232.25,0,1,0,1,0,18,4,1,0,0,0,0,1,0,1,0,0,0,0,1,0,0,0
9981.3,4825.46,0,1,0,0,1,13,5,1,0,0,1,0,0,1,0,0,0,0,0,0,1,0,0
1009.05,4561.35,0,1,0,0,0,20,6,1,0,0,0,0,1,1,0,0,0,0,1,0,0,0,0
8212.48,1282.69,1,1,0,1,0,7,5,1,0,0,0,0,1,0,0,1,0,0,0,0,1,0,0
1189.04,1840.87,0,1,0,1,1,11,2,1,0,0,1,0,0,0,0,1,0,0,0,0,0,1,0
6699.47,3518.31,0,1,0,0,0,17,5,1,0,0,1,0,0,0,0,1,0,0,0,0,1,0,0
6431.93,1643.67,0,0,0,1,0,9,5,1,0,0,0,0,1,1,0,0,0,0,0,0,1,0,0
9027.27,2858.99,0,1,0,0,0,12,3,1,0,0,0,0,1,1,0,0,0,1,0,0,0,0,0
1140.34,2920.71,0,0,0,0,0,11,2,1,0,0,0,0,1,0,1,0,0,0,0,0,0,1,0
3155.13,2852.35,0,1,0,1,0,8,4,1,0,0,0,1,0,0,0,1,0,0,0,1,0,0,0
908.71,4290.01,0,0,0,1,0,18,6,1,0,0,0,1,0,0,0,0,1,0,1,0,0,0,0
4074.43,2957.78,0,1,0,1,0,16,1,1,0,0,0,0,1,0,0,1,0,0,0,0,0,0,1
9116.02,4474.82,0,0,0,1,0,12,1,1,0,0,0,0,1,0,0,1,0,0,0,0,0,0,1
7815.45,4094.32,0,1,0,1,0,7,4,1,0,0,1,0,0,0,1,0,0,0,0,1,0,0,0
7229.28,3569.81,0,1,0,0,0,8,1,1,0,0,0,0,1,0,1,0,0,0,0,0,0,0,1
5330.74,3311.99,0,1,0,0,0,10,3,1,0,0,0,0,1,0,0,1,0,1,0,0,0,0,0
8834.97,1928.95,0,1,0,1,0,0,6,1,0,0,0,1,0,0,1,0,0,0,1,0,0,0,0
4494.97,4072.25,0,1,0,1,0,5,5,1,0,0,0,1,0,0,0,0,1,0,0,0,1,0,0
1497.71,4217.78,0,1,0,1,0,9,6,1,0,0,0,1,0,1,0,0,0,0,1,0,0,0,0
8376.01,2957.55,0,1,0,1,0,6,3,1,0,0,1,0,0,0,0,0,1,1,0,0,0,0,0
2797.1,1881.51,0,1,0,0,0,21,1,1,0,0,0,0,1,1,0,0,0,0,0,0,0,0,1
537.28,4040.42,0,1,1,0,0,1,5,1,0,0,0,1,0,0,1,0,0,0,0,0,1,0,0
1261.25,4200.51,0,1,0,1,0,13,2,1,0,0,1,0,0,1,0,0,0,0,0,0,0,1,0
6090.98,3268.49,0,1,0,1,0,1,2,1,0,0,0,0,1,0,0,0,1,0,0,0,0,1,0
6071.21,3788.63,0,1,0,1,1,3,2,1,0,0,0,0,1,1,0,0,0,0,0,0,0,1,0
2602.57,4094.68,0,1,0,1,0,17,4,1,0,0,1,0,0,0,0,0,1,0,0,1,0,0,0
7272.07,2166.32,0,1,0,0,0,15,6,1,0,0,0,0,1,1,0,0,0,0,1,0,0,0,0
7736.63,2130.88,0,1,1,0,0,2,2,1,0,0,1,0,0,0,1,0,0,0,0,0,0,1,0
9205.11,3831.96,0,1,0,1,0,7,6,1,0,0,1,0,0,0,0,1,0,0,1,0,0,0,0
5849.79,3049.63,0,1,0,0,0,8,1,1,0,0,0,1,0,1,0,0,0,0,0,0,0,0,1
7794.45,3049.28,0,1,0,1,0,19,5,1,0,0,1,0,0,0,0,0,1,0,0,0,1,0,0
7531.24,4834.88,0,0,0,0,0,11,3,1,0,0,0,1,0,0,1,0,0,1,0,0,0,0,0
2578.83,4197.38,0,1,0,1,0,19,4,1,0,0,0,0,1,1,0,0,0,0,0,1,0,0,0
3102.95,2024.13,0,1,0,1,0,6,2,1,0,0,0,1,0,0,1,0,0,0,0,0,0,1,0
4785.35,2625.51,0,1,0,0,1,21,6,1,0,0,1,0,0,0,0,1,0,0,1,0,0,0,0
191.37,4320.09,0,1,0,0,0,6,3,1,0,0,0,1,0,0,0,0,1,1,0,0,0,0,0
2974.68,1292.88,0,1,1,1,0,17,1,1,0,0,0,0,1,0,0,1,0,0,0,0,0,0,1
4739.35,2284.18,0,1,0,1,0,15,6,1,0,0,0,1,0,0,1,0,0,0,1,0,0,0,0
1081.58,2358.85,0,1,0,1,0,16,3,1,0,0,0,0,1,0,0,1,0,1,0,0,0,0,0
1263.63,2560.99,0,1,0,1,0,8,4,1,0,0,1,0,0,0,1,0,0,0,0,1,0,0,0
4632.9,2036.55,0,0,0,1,0,16,2,1,0,0,0,1,0,0,0,1,0,0,0,0,0,1,0
7309.92,3567.6,0,0,0,1,0,9,4,1,0,0,0,0,1,0,0,0,1,0,0,1,0,0,0
8337.66,2580.21,0,1,0,1,0,12,2,1,0,0,0,0,1,1,0,0,0,0,0,0,0,1,0
5463.59,3169.02,0,1,0,1,0,18,5,1,0,0,0,1,0,0,0,1,0,0,0,0,1,0,0
4748.02,2090.37,0,1,0,1,1,19,3,1,0,0,0,1,0,0,0,0,1,1,0,0,0,0,0
3843.42,4445.25,0,1,0,0,0,11,3,1,0,0,0,1,0,1,0,0,0,1,0,0,0,0,0
1930.3,1823.09,0,1,0,0,0,12,5,1,0,0,0,1,0,0,1,0,0,0,0,0,1,0,0
1466.47,4509.27,0,0,0,1,0,21,2,1,0,0,0,1,0,1,0,0,0,0,0,0,0,1,0
7919.17,1716.36,0,0,0,0,0,1,4,1,0,0,0,0,1,0,1,0,0,0,0,1,0,0,0
4650.6,2480.52,0,1,0,1,1,1,1,1,0,0,1,0,0,0,0,0,1,0,0,0,0,0,1
7903.41,4116.65,0,1,0,1,1,3,1,1,0,0,0,0,1,0,0,0,1,0,0,0,0,0,1
7041.13,2970.62,0,1,0,0,0,7,5,1,0,0,0,1,0,1,0,0,0,0,0,0,1,0,0
1939.77,1948.79,1,1,0,1,0,22,3,1,0,0,0,1,0,1,0,0,0,1,0,0,0,0,0
5103.56,3653.7,0,1,0,1,0,2,2,1,0,0,1,0,0,0,1,0,0,0,0,0,0,1,0
4440.72,1510.69,0,1,0,0,0,0,4,1,0,0,0,1,0,0,0,1,0,0,0,1,0,0,0
4239.31,1861.19,1,1,0,1,0,1,3,1,0,0,1,0,0,1,0,0,0,1,0,0,0,0,0
5426.17,2026.93,0,1,0,1,0,23,5,1,0,0,0,1,0,0,0,1,0,0,0,0,1,0,0
9820.84,3337.82,1,0,0,1,0,15,1,1,0,0,0,0,1,0,1,0,0,0,0,0,0,0,1
8129.19,3208.96,0,1,0,1,0,14,1,1,0,0,1,0,0,0,0,1,0,0,0,0,0,0,1
9037.22,3078.16,0,1,0,1,0,6,4,1,0,0,0,0,1,1,0,0,0,0,0,1,0,0,0
297.37,1389.63,1,1,0,0,0,8,1,1,0,0,0,1,0,0,0,0,1,0,0,0,0,0,1
1404.22,4120.45,0,1,1,0,0,11,1,1,0,0,0,0,1,1,0,0,0,0,0,0,0,0,1
848.55,1527.14,1,1,0,1,0,21,4,1,0,0,0,0,1,0,0,1,0,0,0,1,0,0,0
2633.05,4755.0,1,1,0,0,0,0,1,1,0,0,0,0,1,1,0,0,0,0,0,0,0,0,1
4419.48,1260.86,0,1,0,1,0,12,4,1,0,0,1,0,0,1,0,0,0,0,0,1,0,0,0
6420.89,4519.85,0,1,0,1,0,11,6,1,0,0,1,0,0,0,0,0,1,0,1,0,0,0,0
5008.81,2191.1,0,1,0,0,1,3,3,1,0,0,1,0,0,0,0,1,0,1,0,0,0,0,0
9031.94,3799.32,0,1,0,1,0,18,4,1,0,0,0,0,1,0,0,1,0,0,0,1,0,0,0
9398.62,2332.87,0,1,0,1,0,16,2,1,0,0,0,0,1,0,0,1,0,0,0,0,0,1,0
1636.05,3880.06,0,1,0,1,0,14,4,1,0,0,0,1,0,0,0,1,0,0,0,1,0,0,0
8529.28,2924.59,0,0,0,0,0,5,5,1,0,0,1,0,0,0,0,0,1,0,0,0,1,0,0
4817.74,3107.1,0,1,0,1,0,14,5,1,0,0,0,1,0,0,1,0,0,0,0,0,1,0,0
4533.84,3865.74,0,1,0,1,0,22,3,1,0,0,0,0,1,0,1,0,0,1,0,0,0,0,0
7849.61,1534.28,0,1,0,1,0,11,5,1,0,0,1,0,0,0,0,0,1,0,0,0,1,0,0
932.31,2065.38,1,1,0,1,0,20,6,1,0,0,0,1,0,0,0,1,0,0,1,0,0,0,0
8825.05,4362.98,0,0,0,1,0,4,5,1,0,0,0,0,1,1,0,0,0,0,0,0,1,0,0
6708.96,4159.25,0,1,0,1,1,1,4,1,0,0,0,0,1,0,0,1,0,0,0,1,0,0,0
8752.74,4961.19,0,1,0,1,0,2,5,1,0,0,0,0,1,0,1,0,0,0,0,0,1,0,0
9944.78,1091.83,0,0,0,0,0,11,5,1,0,0,1,0,0,1,0,0,0,0,0,0,1,0,0
5180.53,1568.74,0,1,0,1,0,23,1,1,0,0,1,0,0,0,1,0,0,0,0,0,0,0,1
933.53,2349.26,0,1,0,1,0,21,3,1,0,0,0,1,0,0,0,1,0,1,0,0,0,0,0
1666.07,3773.59,0,1,1,1,0,16,4,1,0,0,0,0,1,0,1,0,0,0,0,1,0,0,0
3236.86,2262.18,0,1,0,1,0,12,4,1,0,0,1,0,0,0,0,0,1,0,0,1,0,0,0
1036.43,2383.86,0,1,0,1,0,5,3,1,0,0,1,0,0,0,0,0,1,1,0,0,0,0,0
8153.6,1909.75,0,1,0,0,0,16,1,1,0,0,0,0,1,0,0,1,0,0,0,0,0,0,1
2969.38,4638.37,0,1,0,0,0,17,6,1,0,0,0,0,1,1,0,0,0,0,1,0,0,0,0
9758.89,3190.22,0,1,0,1,0,0,3,1,0,0,0,1,0,1,0,0,0,1,0,0,0,0,0
7026.21,1638.74,0,1,0,1,0,11,6,1,0,0,0,1,0,1,0,0,0,0,1,0,0,0,0
1735.13,3328.84,0,0,1,1,0,11,3,1,0,0,0,1,0,0,0,0,1,1,0,0,0,0,0
4760.95,1638.03,0,1,0,1,1,23,6,1,0,0,1,0,0,1,0,0,0,0,1,0,0,0,0
4669.38,2087.39,0,1,0,1,0,22,3,1,0,0,1,0,0,0,1,0,0,1,0,0,0,0,0
4925.62,3784.41,0,0,0,0,0,19,4,1,0,0,1,0,0,0,1,0,0,0,0,1,0,0,0
5357.38,4032.72,0,1,0,1,0,1,4,1,0,0,1,0,0,1,0,0,0,0,0,1,0,0,0
312.7,2732.34,0,1,0,1,0,5,2,1,0,0,1,0,0,1,0,0,0,0,0,0,0,1,0
6863.32,1668.69,0,1,0,1,0,10,6,1,0,0,0,0,1,0,0,0,1,0,1,0,0,0,0
4872.43,1846.13,0,1,0,1,1,21,1,1,0,0,0,1,0,0,0,1,0,0,0,0,0,0,1
7909.86,3158.42,0,1,0,1,1,23,4,1,0,0,0,1,0,0,0,0,1,0,0,1,0,0,0
8153.68,3355.76,0,1,0,1,1,1,4,1,0,0,0,1,0,0,0,0,1,0,0,1,0,0,0
2306.12,4474.54,0,0,0,1,0,4,4,1,0,0,0,1,0,0,0,1,0,0,0,1,0,0,0
485.18,2072.55,0,1,0,1,0,9,2,1,0,0,0,0,1,0,1,0,0,0,0,0,0,1,0
7032.64,3447.97,0,1,0,1,0,19,5,1,0,0,1,0,0,0,0,1,0,0,0,0,1,0,0
9777.65,1010.6,0,1,0,1,0,9,4,1,0,0,1,0,0,1,0,0,0,0,0,1,0,0,0
4467.13,2884.98,1,0,0,1,0,21,4,1,0,0,1,0,0,0,1,0,0,0,0,1,0,0,0
2596.87,2592.42,0,1,0,1,0,20,4,1,0,0,0,1,0,0,1,0,0,0,0,1,0,0,0
1567.56,1480.6,0,1,0,1,0,7,5,1,0,0,0,1,0,1,0,0,0,0,0,0,1,0,0
2875.17,4564.95,0,0,0,0,0,17,6,1,0,0,0,0,1,0,0,1,0,0,1,0,0,0,0
3279.87,1432.24,0,1,0,0,0,22,1,1,0,0,0,0,1,1,0,0,0,0,0,0,0,0,1
4239.32,2061.81,0,0,0,0,0,8,2,1,0,0,1,0,0,0,1,0,0,0,0,0,0,1,0
6554.42,3935.96,0,1,0,1,0,12,6,1,0,0,1,0,0,0,0,1,0,0,1,0,0,0,0
2732.36,1722.93,0,1,0,1,0,21,1,1,0,0,1,0,0,0,1,0,0,0,0,0,0,0,1
510.72,1307.09,0,1,0,1,1,18,5,1,0,0,1,0,0,0,1,0,0,0,0,0,1,0,0
3733.41,4877.41,1,1,0,0,0,2,3,1,0,0,1,0,0,1,0,0,0,1,0,0,0,0,0
8556.44,2174.15,0,1,0,0,0,15,5,1,0,0,1,0,0,0,0,0,1,0,0,0,1,0,0
4984.02,1242.77,1,1,0,1,0,14,4,1,0,0,0,1,0,1,0,0,0,0,0,1,0,0,0
9647.87,1564.16,0,1,0,1,1,23,6,1,0,0,0,0,1,0,1,0,0,0,1,0,0,0,0
5036.71,1889.82,0,1,0,1,1,0,4,1,0,0,0,0,1,0,0,1,0,0,0,1,0,0,0
2759.71,4833.56,0,0,0,0,0,0,4,1,0,0,0,1,0,0,0,1,0,0,0,1,0,0,0
1933.95,1064.38,1,1,1,1,1,15,6,1,0,0,1,0,0,0,0,0,1,0,1,0,0,0,0
6945.55,4171.17,0,0,1,1,0,5,3,1,0,0,1,0,0,1,0,0,0,1,0,0,0,0,0
5364.28,4123.66,1,1,0,0,1,15,6,1,0,0,1,0,0,0,1,0,0,0,1,0,0,0,0
6040.39,2998.53,0,1,0,0,0,20,4,1,0,0,0,0,1,0,0,1,0,0,0,1,0,0,0
7551.51,4731.6,0,1,0,1,0,13,2,1,0,0,0,0,1,1,0,0,0,0,0,0,0,1,0
7259.31,1053.73,0,1,0,1,0,22,3,1,0,0,1,0,0,0,0,1,0,1,0,0,0,0,0
434.59,2980.82,0,1,0,0,0,12,2,1,0,0,1,0,0,0,1,0,0,0,0,0,0,1,0
8025.92,2013.84,0,1,0,0,0,1,2,1,0,0,0,1,0,1,0,0,0,0,0,0,0,1,0
5327.5,4047.72,0,1,0,1,0,7,3,1,0,0,1,0,0,0,1,0,0,1,0,0,0,0,0
3917.69,1692.98,0,0,1,1,0,21,5,1,0,0,0,1,0,0,0,0,1,0,0,0,1,0,0
5375.66,4500.3,0,0,0,0,0,6,3,1,0,0,1,0,0,0,1,0,0,1,0,0,0,0,0
6124.9,2621.9,0,1,0,1,0,12,1,1,0,0,1,0,0,0,1,0,0,0,0,0,0,0,1
1495.91,1543.47,1,1,0,1,0,1,1,1,0,0,1,0,0,1,0,0,0,0,0,0,0,0,1
4174.74,1139.0,0,1,0,1,0,17,6,1,0,0,0,1,0,0,1,0,0,0,1,0,0,0,0
3356.53,3757.81,0,1,0,0,0,1,2,1,0,0,0,1,0,0,1,0,0,0,0,0,0,1,0
3504.74,4713.83,1,1,0,1,0,21,4,1,0,0,0,1,0,1,0,0,0,0,0,1,0,0,0
914.26,4879.48,0,1,0,1,0,1,4,1,0,0,0,0,1,0,0,1,0,0,0,1,0,0,0
1599.28,4497.32,0,1,0,1,0,3,4,1,0,0,0,0,1,1,0,0,0,0,0,1,0,0,0
1619.16,2558.14,0,0,0,0,0,5,3,1,0,0,1,0,0,0,0,1,0,1,0,0,0,0,0
3732.87,4623.44,0,1,0,1,0,2,5,1,0,0,0,1,0,0,0,1,0,0,0,0,1,0,0
8945.02,3574.71,0,1,0,1,1,3,4,1,0,0,0,1,0,1,0,0,0,0,0,1,0,0,0
2061.07,1253.27,0,1,0,0,0,13,3,1,0,0,1,0,0,0,0,1,0,1,0,0,0,0,0
4162.51,1683.46,0,0,0,1,0,12,1,1,0,0,1,0,0,0,0,0,1,0,0,0,0,0,1
3116.78,2540.34,0,1,0,1,0,10,2,1,0,0,1,0,0,1,0,0,0,0,0,0,0,1,0
7874.05,2224.91,0,1,0,0,0,13,5,1,0,0,1,0,0,0,0,0,1,0,0,0,1,0,0
502.21,2343.8,0,1,0,1,1,18,4,1,0,0,0,1,0,1,0,0,0,0,0,1,0,0,0
1966.24,3939.89,0,1,0,1,0,2,2,1,0,0,0,0,1,0,1,0,0,0,0,0,0,1,0
2107.2,1235.52,1,1,0,1,0,15,4,1,0,0,0,1,0,0,0,1,0,0,0,1,0,0,0
9929.64,3423.15,0,1,0,1,0,5,5,1,0,0,0,0,1,0,0,0,1,0,0,0,1,0,0
5708.18,2346.56,0,1,0,0,0,5,5,1,0,0,1,0,0,0,0,0,1,0,0,0,1,0,0
1390.44,4529.63,0,0,0,1,0,16,1,1,0,0,0,0,1,0,1,0,0,0,0,0,0,0,1
2722.72,1228.67,0,1,0,1,0,12,3,1,0,0,0,1,0,0,0,1,0,1,0,0,0,0,0
1679.05,4886.68,0,1,0,0,0,6,4,1,0,0,0,1,0,1,0,0,0,0,0,1,0,0,0
1246.92,1323.71,0,1,0,1,0,16,3,1,0,0,0,1,0,1,0,0,0,1,0,0,0,0,0
7972.02,2737.89,0,1,0,1,0,21,6,1,0,0,0,1,0,1,0,0,0,0,1,0,0,0,0
4958.03,4428.28,1,0,0,0,0,1,1,1,0,0,0,1,0,1,0,0,0,0,0,0,0,0,1
6312.47,2287.59,0,1,0,1,0,18,2,1,0,0,0,1,0,0,0,0,1,0,0,0,0,1,0
3313.18,4400.35,0,0,0,1,0,7,2,1,0,0,1,0,0,0,0,1,0,0,0,0,0,1,0
5537.4,4852.67,0,1,0,0,0,2,1,1,0,0,0,0,1,0,1,0,0,0,0,0,0,0,1
2576.43,1490.98,1,1,0,1,0,21,4,1,0,0,1,0,0,0,1,0,0,0,0,1,0,0,0
3081.05,2908.94,1,0,0,0,0,10,5,1,0,0,0,0,1,0,1,0,0,0,0,0,1,0,0
6522.73,1923.18,0,0,0,1,0,8,4,1,0,0,0,0,1,0,0,1,0,0,0,1,0,0,0
1504.35,4068.13,0,1,0,1,0,14,1,1,0,0,0,0,1,0,0,0,1,0,0,0,0,0,1
6172.6,1431.96,1,1,0,1,0,2,3,1,0,0,0,1,0,0,0,1,0,1,0,0,0,0,0
8522.5,4099.0,0,0,0,1,0,11,3,1,0,0,0,1,0,0,0,1,0,1,0,0,0,0,0
1205.11,3701.68,0,1,0,1,0,23,1,1,0,0,0,1,0,0,0,1,0,0,0,0,0,0,1
8974.72,3525.37,0,1,0,1,0,19,4,1,0,0,0,0,1,0,1,0,0,0,0,1,0,0,0
795.38,2737.24,0,1,0,0,0,16,5,1,0,0,0,0,1,0,0,0,1,0,0,0,1,0,0
3489.74,3006.3,1,1,0,1,0,9,1,1,0,0,0,0,1,0,0,0,1,0,0,0,0,0,1
6105.48,1401.63,0,1,0,1,0,17,4,1,0,0,1,0,0,0,0,1,0,0,0,1,0,0,0
5594.59,2079.55,0,1,0,1,0,8,2,1,0,0,0,1,0,0,0,0,1,0,0,0,0,1,0
964.81,4653.56,0,1,0,1,0,14,6,1,0,0,0,1,0,0,0,0,1,0,1,0,0,0,0
7989.33,2767.89,0,1,0,0,0,19,4,1,0,0,0,1,0,0,0,0,1,0,0,1,0,0,0
9731.56,2611.43,0,1,1,1,0,19,2,1,0,0,1,0,0,1,0,0,0,0,0,0,0,1,0
1813.1,1189.34,0,1,0,1,1,5,6,1,0,0,1,0,0,0,1,0,0,0,1,0,0,0,0
8951.41,4537.26,0,1,0,0,0,8,6,1,0,0,1,0,0,0,0,0,1,0,1,0,0,0,0
5568.54,4013.63,0,1,0,0,0,14,5,1,0,0,0,0,1,0,1,0,0,0,0,0,1,0,0
9359.4,1366.6,0,1,0,1,0,15,5,1,0,0,1,0,0,1,0,0,0,0,0,0,1,0,0
1761.68,1600.76,0,1,0,1,0,1,6,1,0,0,0,0,1,0,0,1,0,0,1,0,0,0,0
7920.42,1494.65,0,0,0,0,0,4,4,1,0,0,0,0,1,0,0,1,0,0,0,1,0,0,0
598.76,3612.78,0,0,0,0,0,7,2,1,0,0,0,1,0,0,0,1,0,0,0,0,0,1,0
8832.08,1635.63,0,0,0,0,0,7,5,1,0,0,0,1,0,0,1,0,0,0,0,0,1,0,0
6741.92,4980.4,0,1,0,1,0,10,6,1,0,0,1,0,0,0,0,0,1,0,1,0,0,0,0
3703.18,3294.64,0,1,0,1,0,4,5,1,0,0,0,0,1,1,0,0,0,0,0,0,1,0,0
1905.48,4480.55,0,1,0,0,0,1,4,1,0,0,0,0,1,0,0,0,1,0,0,1,0,0,0
8165.51,3920.24,0,1,0,1,1,3,5,1,0,0,0,0,1,0,1,0,0,0,0,0,1,0,0
6032.81,1097.94,0,0,0,0,0,1,4,1,0,0,0,1,0,0,0,1,0,0,0,1,0,0,0
3604.8,2684.52,0,1,0,0,0,2,1,1,0,0,0,1,0,1,0,0,0,0,0,0,0,0,1
4438.91,2446.49,0,1,0,0,0,12,6,1,0,0,0,1,0,0,0,0,1,0,1,0,0,0,0
8265.6,4808.75,0,1,1,1,1,7,5,1,0,0,0,1,0,0,0,0,1,0,0,0,1,0,0
3389.93,2353.42,0,1,0,1,0,15,6,1,0,0,0,1,0,0,0,1,0,0,1,0,0,0,0
897.24,3749.73,0,1,0,1,0,22,5,1,0,0,0,1,0,0,0,0,1,0,0,0,1,0,0
9112.91,3357.92,0,1,0,0,0,14,6,1,0,0,1,0,0,0,0,0,1,0,1,0,0,0,0
3874.05,3946.56,0,0,0,0,0,22,1,1,0,0,1,0,0,0,0,1,0,0,0,0,0,0,1
3484.53,1245.09,0,1,0,0,0,6,1,1,0,0,1,0,0,0,1,0,0,0,0,0,0,0,1
2044.79,4723.15,0,1,0,1,0,13,6,1,0,0,1,0,0,0,1,0,0,0,1,0,0,0,0
8974.33,4972.03,0,0,1,1,0,0,3,1,0,0,0,0,1,1,0,0,0,1,0,0,0,0,0
2175.84,3217.47,0,1,0,1,1,21,5,1,0,0,0,1,0,0,0,0,1,0,0,0,1,0,0
6367.09,1657.31,0,1,0,1,1,19,2,1,0,0,0,1,0,0,1,0,0,0,0,0,0,1,0
8807.77,4477.75,0,0,0,1,0,2,1,1,0,0,1,0,0,0,0,1,0,0,0,0,0,0,1
350.1,3589.28,0,0,0,1,0,12,6,1,0,0,0,0,1,0,1,0,0,0,1,0,0,0,0
8288.09,3495.75,0,1,0,1,0,17,3,1,0,0,1,0,0,0,0,0,1,1,0,0,0,0,0
4106.58,4539.65,0,1,0,1,1,0,5,1,0,0,0,1,0,1,0,0,0,0,0,0,1,0,0
6580.09,3925.9,0,1,0,1,0,0,3,1,0,0,1,0,0,1,0,0,0,1,0,0,0,0,0
3724.67,4679.06,0,1,0,1,0,18,5,1,0,0,0,0,1,0,1,0,0,0,0,0,1,0,0
6955.47,4830.34,0,1,0,1,0,2,5,1,0,0,0,1,0,0,0,1,0,0,0,0,1,0,0
2543.69,2379.52,0,1,0,1,0,2,5,1,0,0,0,0,1,0,0,1,0,0,0,0,1,0,0
220.28,1791.65,0,0,0,1,1,0,5,1,0,0,1,0,0,0,0,0,1,0,0,0,1,0,0
9477.93,2541.82,0,1,0,1,0,18,5,1,0,0,0,1,0,0,1,0,0,0,0,0,1,0,0
164.66,4870.03,0,0,0,1,0,15,2,1,0,0,0,0,1,0,0,1,0,0,0,0,0,1,0
8241.17,1765.62,0,1,0,1,0,23,1,1,0,0,0,0,1,0,0,1,0,0,0,0,0,0,1
1692.21,3364.43,0,1,0,1,1,4,5,1,0,0,0,0,1,0,0,1,0,0,0,0,1,0,0
3922.81,1337.0,0,1,0,1,0,23,6,1,0,0,0,1,0,0,1,0,0,0,1,0,0,0,0
8225.1,4329.94,0,0,0,1,0,6,4,1,0,0,0,1,0,0,0,0,1,0,0,1,0,0,0
2060.12,3672.83,0,0,0,1,1,14,5,1,0,0,1,0,0,0,0,1,0,0,0,0,1,0,0
8657.21,3088.44,1,0,0,1,0,17,1,1,0,0,1,0,0,1,0,0,0,0,0,0,0,0,1
4978.09,3519.97,0,1,0,1,0,19,1,1,0,0,0,1,0,0,1,0,0,0,0,0,0,0,1
3662.17,1468.2,0,1,0,1,0,5,2,1,0,0,0,0,1,0,1,0,0,0,0,0,0,1,0
6624.72,4445.76,0,1,0,1,0,12,6,1,0,0,0,1,0,0,1,0,0,0,1,0,0,0,0
3414.56,2360.56,0,1,0,1,0,2,3,1,0,0,0,1,0,0,0,1,0,1,0,0,0,0,0
3473.54,1676.49,0,1,0,1,0,0,3,1,0,0,0,1,0,0,0,0,1,1,0,0,0,0,0
7335.53,1059.18,0,1,0,0,0,15,6,1,0,0,0,1,0,0,0,0,1,0,1,0,0,0,0
3099.01,1242.81,0,1,0,1,1,12,2,1,0,0,1,0,0,1,0,0,0,0,0,0,0,1,0
2008.53,3686.58,0,1,0,1,1,23,5,1,0,0,1,0,0,1,0,0,0,0,0,0,1,0,0
8076.65,3873.87,0,1,0,0,0,1,1,1,0,0,0,0,1,0,0,0,1,0,0,0,0,0,1
8053.9,1595.5,0,0,0,0,0,13,3,1,0,0,0,1,0,0,0,0,1,1,0,0,0,0,0
4976.36,3422.87,0,0,1,1,0,1,3,1,0,0,0,1,0,0,0,0,1,1,0,0,0,0,0
5267.03,2932.06,0,0,0,0,0,21,4,1,0,0,1,0,0,0,1,0,0,0,0,1,0,0,0
6961.07,4748.76,0,1,0,1,1,19,2,1,0,0,1,0,0,0,1,0,0,0,0,0,0,1,0
5093.23,3660.81,0,1,0,1,0,23,4,1,0,0,0,1,0,0,0,0,1,0,0,1,0,0,0
4170.98,3081.32,0,1,0,0,0,5,2,1,0,0,1,0,0,1,0,0,0,0,0,0,0,1,0
9948.95,2135.11,0,0,0,0,0,3,4,1,0,0,0,1,0,0,0,0,1,0,0,1,0,0,0
1477.26,2847.18,1,1,0,0,1,13,4,1,0,0,0,0,1,1,0,0,0,0,0,1,0,0,0
5927.69,1988.41,0,1,0,0,0,11,5,1,0,0,0,0,1,0,1,0,0,0,0,0,1,0,0
8858.74,3713.55,0,1,1,0,0,2,4,1,0,0,0,0,1,0,0,0,1,0,0,1,0,0,0
6872.46,3376.33,0,1,0,1,0,10,3,1,0,0,0,1,0,1,0,0,0,1,0,0,0,0,0
8809.35,2185.11,0,1,0,0,0,0,2,1,0,0,1,0,0,0,0,0,1,0,0,0,0,1,0
3364.01,1048.28,0,1,0,1,1,3,2,1,0,0,0,0,1,0,1,0,0,0,0,0,0,1,0
2720.66,4931.14,1,1,0,0,0,8,4,1,0,0,0,1,0,0,1,0,0,0,0,1,0,0,0
8512.87,1211.96,0,0,0,1,1,23,2,1,0,0,0,0,1,0,1,0,0,0,0,0,0,1,0
3941.75,3188.05,0,1,0,1,0,4,2,1,0,0,0,0,1,0,0,1,0,0,0,0,0,1,0
7097.11,4408.07,0,1,0,1,1,3,3,1,0,0,1,0,0,0,1,0,0,1,0,0,0,0,0
1478.34,3484.3,0,0,0,1,0,8,1,1,0,0,0,1,0,0,0,0,1,0,0,0,0,0,1
7558.63,3347.72,0,1,0,1,0,14,6,1,0,0,1,0,0,1,0,0,0,0,1,0,0,0,0
5490.28,3860.4,0,1,0,1,0,9,6,1,0,0,1,0,0,0,0,0,1,0,1,0,0,0,0
2686.85,2232.5,0,0,0,0,0,9,4,1,0,0,1,0,0,0,0,0,1,0,0,1,0,0,0
4945.55,2558.56,0,1,0,0,0,7,3,1,0,0,0,0,1,0,0,1,0,1,0,0,0,0,0
6969.74,1338.1,0,1,0,1,0,14,2,1,0,0,0,0,1,0,0,0,1,0,0,0,0,1,0
119.85,1018.79,0,0,0,1,1,19,2,1,0,0,0,0,1,0,0,1,0,0,0,0,0,1,0
6375.03,2058.23,0,0,0,1,1,10,4,1,0,0,0,1,0,0,0,0,1,0,0,1,0,0,0
5416.37,4256.93,0,0,0,1,0,3,1,1,0,0,1,0,0,0,0,1,0,0,0,0,0,0,1
2203.64,3446.41,0,1,0,0,0,21,1,1,0,0,0,0,1,0,1,0,0,0,0,0,0,0,1
7530.06,1557.67,0,1,0,1,0,2,2,1,0,0,1,0,0,0,0,1,0,0,0,0,0,1,0
3035.31,2705.87,0,1,0,0,0,6,5,1,0,0,1,0,0,0,0,1,0,0,0,0,1,0,0
2769.33,1078.12,0,1,0,0,0,4,6,1,0,0,1,0,0,0,0,0,1,0,1,0,0,0,0
4712.71,4209.05,0,1,0,0,1,19,4,1,0,0,1,0,0,0,1,0,0,0,0,1,0,0,0
6761.82,2844.23,0,1,0,0,1,9,4,1,0,0,1,0,0,0,0,1,0,0,0,1,0,0,0
9288.53,2107.56,0,1,0,1,0,4,4,1,0,0,0,0,1,0,0,0,1,0,0,1,0,0,0
1414.43,4072.53,0,1,0,0,1,2,4,1,0,0,0,1,0,1,0,0,0,0,0,1,0,0,0
3965.28,4881.4,0,1,0,1,0,7,4,1,0,0,0,1,0,0,0,0,1,0,0,1,0,0,0
670.83,2612.85,1,0,0,1,0,20,3,1,0,0,0,1,0,0,0,0,1,1,0,0,0,0,0
7585.75,4061.75,0,1,0,1,0,3,2,1,0,0,0,1,0,1,0,0,0,0,0,0,0,1,0
4477.88,2285.08,0,1,0,1,0,23,5,1,0,0,1,0,0,0,0,1,0,0,0,0,1,0,0
7069.58,4032.13,0,1,0,0,0,7,2,1,0,0,0,0,1,0,0,0,1,0,0,0,0,1,0
3222.62,4860.43,0,0,0,0,0,17,2,1,0,0,0,0,1,0,0,0,1,0,0,0,0,1,0
8443.33,3601.41,0,1,0,1,0,14,4,1,0,0,1,0,0,0,0,0,1,0,0,1,0,0,0
5348.75,1955.78,0,1,0,0,0,21,5,1,0,0,1,0,0,0,1,0,0,0,0,0,1,0,0
9436.13,3760.51,0,1,0,0,0,7,6,1,0,0,0,0,1,0,0,1,0,0,1,0,0,0,0
789.07,4378.44,0,0,0,1,0,22,2,1,0,0,0,0,1,0,1,0,0,0,0,0,0,1,0
5143.25,2614.85,0,1,0,1,0,13,4,1,0,0,0,1,0,0,0,1,0,0,0,1,0,0,0
7664.79,3488.03,0,1,0,1,1,18,4,1,0,0,0,1,0,1,0,0,0,0,0,1,0,0,0
6001.93,2010.19,0,1,0,0,0,16,2,1,0,0,0,1,0,0,0,0,1,0,0,0,0,1,0
232.92,2818.26,0,1,0,1,0,23,4,1,0,0,0,0,1,0,1,0,0,0,0,1,0,0,0
9723.41,1663.36,0,1,0,0,0,21,3,1,0,0,0,1,0,1,0,0,0,1,0,0,0,0,0
2983.34,4342.15,0,1,0,0,0,3,1,1,0,0,0,0,1,0,0,1,0,0,0,0,0,0,1
2493.53,1386.84,0,1,0,1,0,11,2,1,0,0,0,0,1,0,0,1,0,0,0,0,0,1,0
4857.11,1223.36,0,1,0,0,0,16,6,1,0,0,1,0,0,1,0,0,0,0,1,0,0,0,0
5422.04,3137.59,0,1,0,1,0,0,1,1,0,0,0,0,1,0,0,1,0,0,0,0,0,0,1
7663.12,3329.91,1,1,0,1,0,22,4,1,0,0,1,0,0,0,0,0,1,0,0,1,0,0,0
3933.34,4673.06,0,1,0,0,0,10,4,1,0,0,1,0,0,0,0,1,0,0,0,1,0,0,0
4400.16,1813.13,0,1,0,1,0,14,6,1,0,0,0,0,1,0,0,1,0,0,1,0,0,0,0
5350.06,4112.01,0,1,0,1,1,18,2,1,0,0,0,0,1,1,0,0,0,0,0,0,0,1,0
3944.48,3576.28,0,1,0,0,0,13,2,1,0,0,0,1,0,0,0,1,0,0,0,0,0,1,0
9145.57,3966.69,1,0,0,0,0,16,4,1,0,0,0,0,1,0,0,1,0,0,0,1,0,0,0
8512.67,1629.8,1,1,0,1,0,22,5,1,0,0,0,1,0,1,0,0,0,0,0,0,1,0,0
4550.28,2785.83,0,1,0,1,0,11,2,1,0,0,0,1,0,0,0,0,1,0,0,0,0,1,0
2.95,2424.32,0,0,0,1,0,20,5,1,0,0,0,0,1,1,0,0,0,0,0,0,1,0,0
9009.44,3798.22,0,1,0,1,0,4,4,1,0,0,0,1,0,0,0,0,1,0,0,1,0,0,0
1244.24,3374.14,0,1,0,1,0,20,4,1,0,0,1,0,0,0,0,0,1,0,0,1,0,0,0
2445.88,4870.14,0,1,0,1,1,9,6,1,0,0,1,0,0,0,1,0,0,0,1,0,0,0,0
1524.46,1554.96,0,1,0,1,1,15,6,1,0,0,0,0,1,1,0,0,0,0,1,0,0,0,0
1798.98,2894.31,0,1,0,1,1,19,3,1,0,0,0,0,1,1,0,0,0,1,0,0,0,0,0
8028.97,3775.4,0,1,0,1,1,20,6,1,0,0,0,0,1,1,0,0,0,0,1,0,0,0,0
5795.43,2475.14,1,1,0,1,1,13,5,1,0,0,1,0,0,0,0,1,0,0,0,0,1,0,0
9561.0,4692.77,0,1,0,0,0,23,6,1,0,0,0,1,0,0,0,0,1,0,1,0,0,0,0
2315.3,4410.24,0,1,0,1,0,19,3,1,0,0,1,0,0,0,0,0,1,1,0,0,0,0,0
4856.86,4491.71,0,0,0,0,0,2,6,1,0,0,0,1,0,0,0,0,1,0,1,0,0,0,0
9774.31,3436.17,0,1,0,1,0,2,5,1,0,0,0,1,0,1,0,0,0,0,0,0,1,0,0
8264.61,2886.73,0,1,0,0,1,17,1,1,0,0,0,0,1,0,0,0,1,0,0,0,0,0,1
7286.43,2471.63,0,1,0,1,0,17,3,1,0,0,0,0,1,0,0,0,1,1,0,0,0,0,0
1890.56,1478.78,0,1,0,1,0,7,6,1,0,0,0,0,1,0,0,0,1,0,1,0,0,0,0
7694.28,4792.95,0,1,0,0,0,22,1,1,0,0,1,0,0,0,0,0,1,0,0,0,0,0,1
3476.3,2054.5,0,1,0,1,0,17,1,1,0,0,1,0,0,0,1,0,0,0,0,0,0,0,1
5305.84,4208.32,0,0,0,1,0,0,5,1,0,0,1,0,0,0,1,0,0,0,0,0,1,0,0
6092.0,1047.6,0,1,0,0,0,16,5,1,0,0,0,0,1,1,0,0,0,0,0,0,1,0,0
6094.03,2525.99,0,0,0,0,0,21,5,1,0,0,0,0,1,0,1,0,0,0,0,0,1,0,0
7265.51,3284.42,1,1,0,1,0,6,1,1,0,0,0,1,0,0,0,1,0,0,0,0,0,0,1
6617.36,2257.52,0,1,0,0,0,10,2,1,0,0,0,1,0,0,1,0,0,0,0,0,0,1,0
684.64,1775.58,0,1,0,1,0,18,6,1,0,0,0,0,1,0,0,1,0,0,1,0,0,0,0
4574.01,1285.8,0,0,0,1,1,12,2,1,0,0,1,0,0,1,0,0,0,0,0,0,0,1,0
6640.55,4956.43,0,0,0,0,0,4,1,1,0,0,0,0,1,0,0,1,0,0,0,0,0,0,1
2960.63,4545.64,0,1,0,1,1,7,2,1,0,0,1,0,0,0,0,0,1,0,0,0,0,1,0
3131.25,2249.41,0,0,0,1,1,16,1,1,0,0,0,0,1,0,0,1,0,0,0,0,0,0,1
1246.55,1063.17,0,1,0,1,0,0,5,1,0,0,0,0,1,0,1,0,0,0,0,0,1,0,0
4186.73,3162.3,0,1,0,1,0,15,1,1,0,0,0,1,0,0,0,1,0,0,0,0,0,0,1
9868.32,2285.96,0,0,0,0,1,18,1,1,0,0,1,0,0,0,0,0,1,0,0,0,0,0,1
2853.91,1463.01,0,1,0,1,0,17,6,1,0,0,1,0,0,0,0,0,1,0,1,0,0,0,0
5314.84,4161.23,0,0,0,1,1,14,3,1,0,0,0,0,1,0,0,0,1,1,0,0,0,0,0
7432.63,2352.7,0,1,0,1,0,14,3,1,0,0,0,1,0,0,1,0,0,1,0,0,0,0,0
135.96,4891.41,0,1,0,1,0,0,4,1,0,0,0,0,1,1,0,0,0,0,0,1,0,0,0
9004.5,3824.73,0,1,0,1,0,22,5,1,0,0,0,0,1,0,0,1,0,0,0,0,1,0,0
3866.12,4358.88,0,1,0,1,0,21,1,1,0,0,1,0,0,1,0,0,0,0,0,0,0,0,1
8691.29,3487.13,0,1,0,1,0,17,3,1,0,0,0,0,1,1,0,0,0,1,0,0,0,0,0
390.44,3246.81,1,1,0,0,0,13,3,1,0,0,0,1,0,0,0,0,1,1,0,0,0,0,0
1457.49,2712.14,1,0,0,0,0,5,4,1,0,0,0,0,1,0,0,1,0,0,0,1,0,0,0
3225.97,1332.47,0,1,0,1,1,8,5,1,0,0,0,1,0,1,0,0,0,0,0,0,1,0,0
3455.27,3949.62,0,1,0,1,0,1,1,1,0,0,1,0,0,0,1,0,0,0,0,0,0,0,1
8478.09,2359.37,0,0,0,1,0,8,4,1,0,0,1,0,0,0,1,0,0,0,0,1,0,0,0
113.0,1786.73,0,1,0,1,0,15,4,1,0,0,0,0,1,0,1,0,0,0,0,1,0,0,0
6411.48,1457.65,0,1,0,0,1,5,3,1,0,0,0,1,0,0,1,0,0,1,0,0,0,0,0
1313.99,1313.38,0,1,0,0,1,7,5,1,0,0,1,0,0,0,1,0,0,0,0,0,1,0,0
8232.33,2901.67,0,1,0,0,1,2,5,1,0,0,0,1,0,0,0,0,1,0,0,0,1,0,0
7785.95,4347.94,0,1,0,0,0,1,4,1,0,0,1,0,0,1,0,0,0,0,0,1,0,0,0
4999.71,1514.85,0,1,0,1,0,2,5,1,0,0,1,0,0,0,0,1,0,0,0,0,1,0,0
2127.66,3058.94,0,1,0,1,0,16,3,1,0,0,0,1,0,0,0,0,1,1,0,0,0,0,0
6345.32,2516.43,0,1,0,1,0,6,1,1,0,0,0,1,0,1,0,0,0,0,0,0,0,0,1
1563.43,3159.67,0,1,0,1,0,1,6,1,0,0,0,1,0,0,1,0,0,0,1,0,0,0,0
1901.05,1232.14,0,1,0,1,0,21,2,1,0,0,1,0,0,0,0,1,0,0,0,0,0,1,0
6267.27,3140.54,0,1,1,1,0,6,6,1,0,0,0,1,0,0,1,0,0,0,1,0,0,0,0
9912.29,3199.86,1,1,0,1,0,21,6,1,0,0,0,0,1,0,1,0,0,0,1,0,0,0,0
8910.72,4480.33,0,1,0,1,0,22,6,1,0,0,0,1,0,0,0,1,0,0,1,0,0,0,0
5931.48,1798.02,0,1,0,0,0,3,3,1,0,0,1,0,0,1,0,0,0,1,0,0,0,0,0
5385.83,4258.96,0,1,0,1,0,1,1,1,0,0,0,1,0,0,0,1,0,0,0,0,0,0,1
9983.85,4005.68,0,1,0,0,0,6,2,1,0,0,0,1,0,0,0,0,1,0,0,0,0,1,0
5474.42,4657.85,0,1,0,0,0,22,2,1,0,0,0,1,0,0,1,0,0,0,0,0,0,1,0
4201.75,4651.73,1,1,0,1,0,20,3,1,0,0,0,0,1,0,0,0,1,1,0,0,0,0,0
9095.65,4064.56,0,1,0,1,0,13,6,1,0,0,1,0,0,0,0,0,1,0,1,0,0,0,0
2342.61,4701.02,1,1,0,1,0,10,2,1,0,0,0,0,1,0,0,0,1,0,0,0,0,1,0
976.16,2035.82,0,1,0,1,0,0,6,1,0,0,0,0,1,0,1,0,0,0,1,0,0,0,0
6341.27,1622.52,0,1,0,1,0,4,1,1,0,0,1,0,0,0,1,0,0,0,0,0,0,0,1
959.4,2121.48,0,1,0,0,0,0,3,1,0,0,1,0,0,1,0,0,0,1,0,0,0,0,0
3732.11,4359.48,0,1,0,0,0,16,2,1,0,0,0,1,0,1,0,0,0,0,0,0,0,1,0
4236.35,2254.09,0,0,0,1,1,8,6,1,0,0,1,0,0,0,0,1,0,0,1,0,0,0,0
5475.83,4274.6,0,1,0,1,0,11,6,1,0,0,0,1,0,0,0,1,0,0,1,0,0,0,0
9916.6,2487.89,1,1,0,0,1,21,3,1,0,0,0,0,1,0,1,0,0,1,0,0,0,0,0
2210.6,4198.02,0,1,0,1,0,18,1,1,0,0,0,1,0,0,0,1,0,0,0,0,0,0,1
3758.19,4388.7,0,0,0,0,1,6,5,1,0,0,1,0,0,0,0,0,1,0,0,0,1,0,0
1323.27,3711.49,0,0,0,0,0,19,1,1,0,0,0,1,0,1,0,0,0,0,0,0,0,0,1
6076.53,4918.31,0,1,0,1,0,21,5,1,0,0,0,0,1,0,1,0,0,0,0,0,1,0,0
7277.0,3921.28,0,1,0,0,0,16,6,1,0,0,1,0,0,1,0,0,0,0,1,0,0,0,0
4821.29,1980.55,0,1,0,0,0,9,6,1,0,0,1,0,0,0,0,1,0,0,1,0,0,0,0
2459.07,4937.65,0,1,0,0,0,12,4,1,0,0,0,1,0,1,0,0,0,0,0,1,0,0,0
6209.26,3735.25,0,0,0,1,0,1,5,1,0,0,0,1,0,1,0,0,0,0,0,0,1,0,0
5392.04,2742.96,0,1,0,1,0,18,2,1,0,0,0,1,0,0,0,1,0,0,0,0,0,1,0
1712.69,2967.71,0,0,0,0,1,3,2,1,0,0,0,0,1,1,0,0,0,0,0,0,0,1,0
4057.41,4064.49,0,0,0,1,0,20,6,1,0,0,0,0,1,0,1,0,0,0,1,0,0,0,0
4352.54,4012.95,0,1,0,1,0,14,6,1,0,0,1,0,0,0,0,0,1,0,1,0,0,0,0
9826.19,4364.42,0,1,0,1,0,13,4,1,0,0,1,0,0,1,0,0,0,0,0,1,0,0,0
8493.01,1962.87,0,0,0,0,0,8,1,1,0,0,0,0,1,0,1,0,0,0,0,0,0,0,1
7343.97,4792.26,1,1,0,0,0,23,3,1,0,0,0,1,0,0,0,0,1,1,0,0,0,0,0
8887.88,2046.04,0,1,0,1,1,2,6,1,0,0,0,1,0,0,1,0,0,0,1,0,0,0,0
7355.11,2921.93,0,1,0,1,1,7,5,1,0,0,0,0,1,0,1,0,0,0,0,0,1,0,0
9034.12,1845.49,0,0,0,1,0,10,5,1,0,0,0,1,0,0,0,0,1,0,0,0,1,0,0
546.48,2737.15,0,1,0,1,1,14,6,1,0,0,0,0,1,0,0,1,0,0,1,0,0,0,0
4561.21,3599.55,1,1,0,1,0,0,4,1,0,0,0,1,0,0,1,0,0,0,0,1,0,0,0
7469.24,2967.37,0,1,0,1,0,17,6,1,0,0,0,1,0,0,0,1,0,0,1,0,0,0,0
5833.37,1994.07,0,1,0,1,0,20,4,1,0,0,1,0,0,0,0,1,0,0,0,1,0,0,0
1752.49,2548.09,0,0,0,1,0,1,3,1,0,0,0,1,0,1,0,0,0,1,0,0,0,0,0
3405.58,3377.93,0,1,0,0,0,3,2,1,0,0,0,1,0,0,0,1,0,0,0,0,0,1,0
3178.43,4591.05,0,1,0,0,0,14,4,1,0,0,0,0,1,0,1,0,0,0,0,1,0,0,0
2614.21,2694.85,0,1,0,1,1,2,6,1,0,0,0,0,1,0,1,0,0,0,1,0,0,0,0
3432.01,3299.47,0,1,0,1,0,13,4,1,0,0,0,0,1,0,0,0,1,0,0,1,0,0,0
5149.02,4643.4,0,0,0,0,0,0,1,1,0,0,0,0,1,0,0,1,0,0,0,0,0,0,1
8548.84,4364.25,0,1,0,1,0,4,2,1,0,0,0,1,0,0,0,0,1,0,0,0,0,1,0
7420.58,1741.39,0,1,0,1,0,15,1,1,0,0,0,0,1,0,1,0,0,0,0,0,0,0,1
8352.66,2446.97,1,1,1,0,0,10,5,1,0,0,1,0,0,0,0,0,1,0,0,0,1,0,0
8836.15,4154.99,0,1,0,1,0,0,3,1,0,0,0,0,1,1,0,0,0,1,0,0,0,0,0
4162.09,3924.13,0,1,0,0,0,18,6,1,0,0,0,1,0,0,0,0,1,0,1,0,0,0,0
3460.92,4068.9,0,1,0,1,0,3,4,1,0,0,1,0,0,1,0,0,0,0,0,1,0,0,0
577.18,1637.89,0,1,1,1,1,4,1,1,0,0,0,1,0,1,0,0,0,0,0,0,0,0,1
9304.99,2840.35,0,1,0,1,0,0,5,1,0,0,1,0,0,0,0,1,0,0,0,0,1,0,0
659.16,3780.79,0,0,0,0,0,12,6,1,0,0,1,0,0,0,1,0,0,0,1,0,0,0,0
7411.61,2623.54,0,1,0,1,0,10,1,1,0,0,1,0,0,1,0,0,0,0,0,0,0,0,1
3781.7,3257.95,0,1,0,0,0,13,1,1,0,0,0,1,0,0,1,0,0,0,0,0,0,0,1
9487.86,4038.67,0,1,0,1,0,3,2,1,0,0,1,0,0,0,0,0,1,0,0,0,0,1,0
4196.6,3014.54,0,0,0,1,1,22,1,1,0,0,0,1,0,0,0,0,1,0,0,0,0,0,1
8166.27,3440.91,1,1,0,1,0,22,6,1,0,0,1,0,0,0,0,0,1,0,1,0,0,0,0
2827.27,2372.52,0,1,0,1,0,17,3,1,0,0,0,0,1,0,0,0,1,1,0,0,0,0,0
2991.59,2460.28,1,1,1,0,0,3,4,1,0,0,0,0,1,0,0,0,1,0,0,1,0,0,0
5955.6,1750.59,0,1,0,1,0,16,3,1,0,0,1,0,0,0,0,1,0,1,0,0,0,0,0
9979.83,4967.29,0,1,0,1,0,14,6,1,0,0,1,0,0,0,0,1,0,0,1,0,0,0,0
5176.21,3428.16,0,1,0,1,0,20,2,1,0,0,0,0,1,1,0,0,0,0,0,0,0,1,0
9363.15,1777.68,0,1,0,0,0,14,5,1,0,0,0,0,1,0,1,0,0,0,0,0,1,0,0
7862.71,1657.56,0,0,0,1,1,16,3,1,0,0,0,1,0,0,0,0,1,1,0,0,0,0,0
7958.85,1914.25,0,1,0,1,0,3,3,1,0,0,0,0,1,0,1,0,0,1,0,0,0,0,0
4360.16,3871.18,0,0,0,0,0,13,5,1,0,0,0,1,0,0,0,0,1,0,0,0,1,0,0
3866.04,2995.26,0,1,0,0,0,13,4,1,0,0,1,0,0,1,0,0,0,0,0,1,0,0,0
1920.03,3142.22,0,1,0,1,0,7,3,1,0,0,0,1,0,0,0,1,0,1,0,0,0,0,0
9639.45,3784.23,0,1,0,1,0,15,2,1,0,0,1,0,0,1,0,0,0,0,0,0,0,1,0
9593.98,3915.88,1,0,0,0,1,6,3,1,0,0,0,1,0,0,1,0,0,1,0,0,0,0,0
7470.93,3986.55,0,1,0,1,0,21,2,1,0,0,0,1,0,0,1,0,0,0,0,0,0,1,0
2963.23,1319.0,1,0,0,0,1,16,5,1,0,0,0,1,0,0,0,0,1,0,0,0,1,0,0
2452.55,4329.64,0,1,0,1,0,8,3,1,0,0,1,0,0,0,0,1,0,1,0,0,0,0,0
9886.11,1697.51,0,1,0,0,0,21,5,1,0,0,1,0,0,0,1,0,0,0,0,0,1,0,0
666.36,3539.33,0,1,0,1,1,19,1,1,0,0,0,1,0,1,0,0,0,0,0,0,0,0,1
8435.8,1901.93,0,1,0,0,1,1,2,1,0,0,1,0,0,1,0,0,0,0,0,0,0,1,0
3555.22,4304.66,0,1,0,1,0,9,3,1,0,0,0,1,0,0,0,0,1,1,0,0,0,0,0
4189.28,4060.52,0,1,0,1,0,10,1,1,0,0,1,0,0,0,0,0,1,0,0,0,0,0,1
8319.94,1700.95,0,1,0,1,0,23,1,1,0,0,0,1,0,0,0,1,0,0,0,0,0,0,1
906.94,3201.1,1,1,0,1,0,10,5,1,0,0,0,0,1,0,0,0,1,0,0,0,1,0,0
3542.34,3886.77,0,1,0,1,0,20,3,1,0,0,0,0,1,1,0,0,0,1,0,0,0,0,0
9520.29,1677.0,1,1,0,1,0,20,4,1,0,0,0,1,0,0,0,0,1,0,0,1,0,0,0
6990.96,1585.49,0,1,0,1,0,17,4,1,0,0,1,0,0,1,0,0,0,0,0,1,0,0,0
7549.64,2503.0,0,1,1,1,0,9,2,1,0,0,0,1,0,0,1,0,0,0,0,0,0,1,0
7575.3,4674.34,0,1,0,0,0,16,1,1,0,0,0,0,1,0,0,0,1,0,0,0,0,0,1
606.64,1271.11,0,1,0,1,0,12,2,1,0,0,0,0,1,0,0,1,0,0,0,0,0,1,0
2032.87,2435.49,0,1,0,1,1,5,3,1,0,0,0,1,0,0,0,1,0,1,0,0,0,0,0
4913.14,4225.37,0,0,0,1,0,5,4,1,0,0,0,0,1,0,0,1,0,0,0,1,0,0,0
3682.13,2376.98,0,1,0,1,0,14,5,1,0,0,0,1,0,0,0,0,1,0,0,0,1,0,0
4109.71,1220.39,0,0,0,1,0,20,2,1,0,0,0,0,1,0,1,0,0,0,0,0,0,1,0
7814.69,3530.42,1,1,0,1,0,16,6,1,0,0,1,0,0,0,1,0,0,0,1,0,0,0,0
147.78,4831.57,0,1,0,0,0,7,2,1,0,0,1,0,0,0,0,1,0,0,0,0,0,1,0
6605.26,3318.61,1,1,0,1,0,2,5,1,0,0,1,0,0,0,1,0,0,0,0,0,1,0,0
2.1,4257.69,0,1,0,0,0,0,1,1,0,0,0,1,0,1,0,0,0,0,0,0,0,0,1
631.52,1056.76,0,1,0,1,0,20,3,1,0,0,0,1,0,0,0,0,1,1,0,0,0,0,0
4083.45,3642.14,0,1,0,1,0,10,1,1,0,0,1,0,0,0,1,0,0,0,0,0,0,0,1
8409.64,1603.95,0,1,0,0,0,15,2,1,0,0,1,0,0,0,1,0,0,0,0,0,0,1,0
1450.81,3794.22,0,1,0,0,0,10,1,1,0,0,1,0,0,0,1,0,0,0,0,0,0,0,1
5546.66,3280.41,0,1,0,1,0,18,4,1,0,0,0,0,1,0,0,1,0,0,0,1,0,0,0
6785.37,1886.63,0,1,0,1,0,10,2,1,0,0,1,0,0,0,0,0,1,0,0,0,0,1,0
2296.1,3340.11,0,1,1,1,0,14,1,1,0,0,0,0,1,0,1,0,0,0,0,0,0,0,1
5123.79,3704.65,0,1,0,0,1,21,2,1,0,0,1,0,0,0,0,0,1,0,0,0,0,1,0
9114.16,4608.55,1,1,0,1,0,11,1,1,0,0,0,1,0,0,1,0,0,0,0,0,0,0,1
5122.77,4555.39,0,0,0,1,0,10,1,1,0,0,1,0,0,1,0,0,0,0,0,0,0,0,1
1574.07,4745.69,0,1,0,0,0,21,5,1,0,0,0,0,1,0,0,0,1,0,0,0,1,0,0
6278.52,4364.82,0,1,0,1,1,15,2,1,0,0,1,0,0,0,0,0,1,0,0,0,0,1,0
5922.41,3163.33,0,1,0,1,1,1,3,1,0,0,0,0,1,0,0,0,1,1,0,0,0,0,0
270.52,4396.6,0,1,0,0,1,21,5,1,0,0,1,0,0,1,0,0,0,0,0,0,1,0,0
906.85,3888.9,0,0,0,0,0,15,5,1,0,0,0,0,1,0,0,1,0,0,0,0,1,0,0
1568.66,3951.69,0,1,0,0,0,12,5,1,0,0,0,0,1,0,1,0,0,0,0,0,1,0,0
1363.75,1618.11,0,1,0,1,0,17,6,1,0,0,1,0,0,0,0,1,0,0,1,0,0,0,0
2595.4,1718.53,0,1,0,1,1,17,3,1,0,0,1,0,0,0,0,0,1,1,0,0,0,0,0
4541.6,1721.15,0,1,0,1,0,11,1,1,0,0,0,1,0,0,0,1,0,0,0,0,0,0,1
3717.79,1836.67,0,0,0,1,0,14,1,1,0,0,0,1,0,0,0,0,1,0,0,0,0,0,1
8906.61,2672.11,0,1,0,1,0,17,4,1,0,0,0,1,0,0,1,0,0,0,0,1,0,0,0
6121.48,2261.61,0,0,0,0,1,21,3,1,0,0,0,0,1,0,0,1,0,1,0,0,0,0,0
8761.57,1196.39,0,1,0,0,0,10,5,1,0,0,0,0,1,0,1,0,0,0,0,0,1,0,0
5270.87,3896.22,0,1,0,1,0,22,5,1,0,0,0,1,0,0,1,0,0,0,0,0,1,0,0
899.61,2612.95,0,1,0,0,0,6,2,1,0,0,0,1,0,0,0,1,0,0,0,0,0,1,0
4633.41,1311.81,0,0,0,1,1,4,4,1,0,0,1,0,0,1,0,0,0,0,0,1,0,0,0
8220.5,4156.24,0,1,0,1,1,8,4,1,0,0,0,1,0,1,0,0,0,0,0,1,0,0,0
1941.84,1078.19,0,0,0,0,0,10,6,1,0,0,0,0,1,1,0,0,0,0,1,0,0,0,0
913.05,3239.44,0,1,0,1,1,8,4,1,0,0,1,0,0,0,0,1,0,0,0,1,0,0,0
3295.02,4028.72,0,1,0,1,1,12,1,1,0,0,0,1,0,0,0,1,0,0,0,0,0,0,1
3889.59,2490.35,0,1,0,1,0,9,6,1,0,0,0,1,0,0,0,1,0,0,1,0,0,0,0
3063.27,3296.29,0,1,1,1,0,16,3,1,0,0,0,1,0,0,0,1,0,1,0,0,0,0,0
1353.27,1202.75,0,1,0,1,0,3,5,1,0,0,1,0,0,1,0,0,0,0,0,0,1,0,0
2509.15,1948.2,0,1,0,1,0,0,1,1,0,0,1,0,0,1,0,0,0,0,0,0,0,0,1
6823.14,3654.34,0,1,0,1,0,4,4,1,0,0,1,0,0,0,0,1,0,0,0,1,0,0,0
3859.9,4161.44,0,1,1,0,0,14,5,1,0,0,0,1,0,0,1,0,0,0,0,0,1,0,0
6325.86,1457.38,0,1,0,0,0,2,3,1,0,0,1,0,0,0,1,0,0,1,0,0,0,0,0
5363.5,4864.98,0,0,0,0,0,17,6,1,0,0,1,0,0,0,1,0,0,0,1,0,0,0,0
5490.98,2578.07,0,0,0,1,1,8,2,1,0,0,1,0,0,0,0,1,0,0,0,0,0,1,0
2486.25,4698.36,0,1,0,1,0,15,6,1,0,0,1,0,0,1,0,0,0,0,1,0,0,0,0
5215.91,3158.79,0,0,0,1,0,13,5,1,0,0,0,0,1,0,0,1,0,0,0,0,1,0,0
236.92,3576.21,0,1,0,1,0,1,1,1,0,0,0,1,0,0,0,0,1,0,0,0,0,0,1
4318.01,1703.69,0,1,0,1,0,1,4,1,0,0,1,0,0,1,0,0,0,0,0,1,0,0,0
5726.66,4538.93,0,1,0,0,0,19,1,1,0,0,0,0,1,1,0,0,0,0,0,0,0,0,1
1820.77,1349.87,0,0,0,1,0,13,4,1,0,0,0,0,1,0,1,0,0,0,0,1,0,0,0
2566.33,4949.72,0,1,0,1,0,10,1,1,0,0,0,1,0,0,1,0,0,0,0,0,0,0,1
2196.09,2567.87,0,1,0,1,0,10,4,1,0,0,0,1,0,0,1,0,0,0,0,1,0,0,0
706.51,1657.58,0,1,0,1,0,12,4,1,0,0,1,0,0,0,0,1,0,0,0,1,0,0,0
3479.23,3422.96,0,1,0,0,1,6,1,1,0,0,0,1,0,0,0,0,1,0,0,0,0,0,1
9789.68,4462.8,0,1,0,1,0,0,3,1,0,0,0,1,0,0,1,0,0,1,0,0,0,0,0
3539.45,2588.38,0,0,0,1,0,23,6,1,0,0,0,1,0,0,0,1,0,0,1,0,0,0,0
4605.91,1034.37,0,0,0,1,0,3,6,1,0,0,0,1,0,0,0,0,1,0,1,0,0,0,0
6531.22,4489.05,0,1,0,0,1,12,4,1,0,0,1,0,0,0,0,1,0,0,0,1,0,0,0
6485.33,3325.29,0,1,0,1,0,22,4,1,0,0,0,0,1,1,0,0,0,0,0,1,0,0,0
9499.0,1371.47,0,1,0,1,0,17,6,1,0,0,0,1,0,1,0,0,0,0,1,0,0,0,0
8575.78,4624.14,0,1,0,1,0,13,2,1,0,0,0,0,1,0,0,0,1,0,0,0,0,1,0
7939.71,4092.86,0,1,0,1,0,14,1,1,0,0,0,0,1,0,1,0,0,0,0,0,0,0,1
9516.32,3130.58,0,1,1,1,0,0,1,1,0,0,0,0,1,0,0,0,1,0,0,0,0,0,1
2308.42,2787.08,0,1,0,1,0,2,5,1,0,0,0,1,0,0,0,1,0,0,0,0,1,0,0
6170.92,3823.61,1,1,0,1,0,15,1,1,0,0,0,1,0,1,0,0,0,0,0,0,0,0,1
8872.08,2448.63,1,1,0,1,0,23,2,1,0,0,1,0,0,0,1,0,0,0,0,0,0,1,0
6241.76,3619.4,0,0,0,0,1,9,3,1,0,0,0,1,0,0,0,1,0,1,0,0,0,0,0
9774.23,1603.63,0,1,0,0,0,8,2,1,0,0,0,1,0,0,0,1,0,0,0,0,0,1,0
1004.43,1569.73,0,1,0,1,1,19,2,1,0,0,0,1,0,1,0,0,0,0,0,0,0,1,0
4393.87,2244.24,0,1,0,1,0,15,3,1,0,0,0,0,1,0,1,0,0,1,0,0,0,0,0
9773.65,4543.23,0,0,0,1,0,3,1,1,0,0,1,0,0,0,0,0,1,0,0,0,0,0,1
3796.3,4401.31,0,0,0,1,0,21,1,1,0,0,0,0,1,1,0,0,0,0,0,0,0,0,1
7395.82,2968.44,0,1,0,1,0,10,1,1,0,0,1,0,0,1,0,0,0,0,0,0,0,0,1
305.0,3341.9,0,1,0,1,0,22,2,1,0,0,0,1,0,0,1,0,0,0,0,0,0,1,0
6948.68,3510.39,0,0,0,1,1,2,6,1,0,0,0,1,0,0,0,0,1,0,1,0,0,0,0
9346.33,2492.77,0,1,0,1,0,2,4,1,0,0,0,0,1,1,0,0,0,0,0,1,0,0,0
3827.68,3805.3,0,1,0,1,0,3,6,1,0,0,0,0,1,0,0,0,1,0,1,0,0,0,0
213.98,3432.59,0,1,0,1,0,1,5,1,0,0,0,0,1,1,0,0,0,0,0,0,1,0,0
280.07,2417.43,0,1,0,1,0,0,1,1,0,0,1,0,0,0,0,0,1,0,0,0,0,0,1
8920.34,2135.49,0,1,0,0,0,3,6,1,0,0,0,0,1,0,0,0,1,0,1,0,0,0,0
7225.44,4923.03,0,1,0,0,0,13,6,1,0,0,0,1,0,0,0,1,0,0,1,0,0,0,0
1067.76,2137.18,0,0,0,1,0,0,3,1,0,0,1,0,0,1,0,0,0,1,0,0,0,0,0
546.85,1696.21,0,1,0,1,0,22,5,1,0,0,1,0,0,0,0,1,0,0,0,0,1,0,0
8048.45,4338.39,0,1,0,1,1,14,6,1,0,0,0,1,0,1,0,0,0,0,1,0,0,0,0
8098.8,4243.35,0,1,0,1,0,19,6,1,0,0,0,0,1,0,0,1,0,0,1,0,0,0,0
1206.1,1955.03,0,1,0,0,1,20,5,1,0,0,0,0,1,0,0,1,0,0,0,0,1,0,0
3015.9,4394.78,0,0,0,0,1,22,1,1,0,0,0,1,0,0,0,1,0,0,0,0,0,0,1
7800.48,4646.65,1,1,0,1,0,20,3,1,0,0,0,1,0,0,0,1,0,1,0,0,0,0,0
5254.6,2326.99,0,1,0,1,0,19,3,1,0,0,0,1,0,0,0,1,0,1,0,0,0,0,0
9565.89,2314.27,0,0,0,1,0,9,6,1,0,0,0,1,0,1,0,0,0,0,1,0,0,0,0
4811.15,1523.79,0,0,0,1,0,19,5,1,0,0,1,0,0,0,1,0,0,0,0,0,1,0,0
6769.9,3443.3,0,1,0,0,0,12,1,1,0,0,1,0,0,0,0,1,0,0,0,0,0,0,1
5098.32,3775.94,0,1,0,1,1,11,6,1,0,0,0,0,1,0,1,0,0,0,1,0,0,0,0
9429.71,1293.56,0,0,0,1,0,12,5,1,0,0,1,0,0,0,0,1,0,0,0,0,1,0,0
3987.19,1835.62,0,1,0,1,0,8,4,1,0,0,1,0,0,1,0,0,0,0,0,1,0,0,0
2298.73,2081.67,0,1,0,1,0,12,5,1,0,0,1,0,0,0,0,0,1,0,0,0,1,0,0
3267.01,2784.25,0,1,0,1,1,6,1,1,0,0,0,1,0,0,1,0,0,0,0,0,0,0,1
8527.9,4294.76,0,0,0,1,1,19,5,1,0,0,1,0,0,0,1,0,0,0,0,0,1,0,0
4979.89,1896.95,0,1,0,0,0,1,5,1,0,0,0,0,1,1,0,0,0,0,0,0,1,0,0
3543.17,4230.35,0,1,0,0,0,13,2,1,0,0,1,0,0,0,0,0,1,0,0,0,0,1,0
5443.06,4559.35,1,1,0,1,0,15,6,1,0,0,0,1,0,0,1,0,0,0,1,0,0,0,0
1333.16,1802.15,0,1,0,1,1,13,5,1,0,0,1,0,0,1,0,0,0,0,0,0,1,0,0
54.59,4971.52,0,1,0,1,0,6,2,1,0,0,0,0,1,0,0,1,0,0,0,0,0,1,0
2806.57,3067.02,0,1,0,1,0,10,5,1,0,0,1,0,0,0,1,0,0,0,0,0,1,0,0
6050.45,3207.27,0,1,0,1,0,3,4,1,0,0,0,0,1,0,0,0,1,0,0,1,0,0,0
7117.1,3464.3,0,1,0,1,0,18,4,1,0,0,0,1,0,0,1,0,0,0,0,1,0,0,0
8266.28,4211.21,0,1,0,1,0,19,1,1,0,0,0,0,1,0,0,1,0,0,0,0,0,0,1
9266.71,3613.02,0,1,0,1,0,10,4,1,0,0,0,0,1,0,0,0,1,0,0,1,0,0,0
4121.71,3939.43,0,1,0,1,0,3,4,1,0,0,0,1,0,0,0,1,0,0,0,1,0,0,0
7405.43,2758.83,0,1,0,0,0,0,3,1,0,0,0,0,1,0,0,0,1,1,0,0,0,0,0
747.65,3359.84,0,1,0,1,0,2,6,1,0,0,1,0,0,0,0,1,0,0,1,0,0,0,0
576.24,1988.39,1,1,0,1,0,14,4,1,0,0,1,0,0,0,0,0,1,0,0,1,0,0,0
1248.86,2452.97,0,1,0,1,0,4,4,1,0,0,0,0,1,0,0,0,1,0,0,1,0,0,0
4486.24,3526.32,0,1,0,1,0,12,2,1,0,0,1,0,0,0,0,1,0,0,0,0,0,1,0
2113.6,1164.04,0,1,0,1,0,13,3,1,0,0,1,0,0,0,1,0,0,1,0,0,0,0,0
2869.96,3314.53,0,1,0,0,1,17,2,1,0,0,0,1,0,1,0,0,0,0,0,0,0,1,0
6479.15,3202.89,0,1,1,1,0,4,6,1,0,0,0,0,1,0,1,0,0,0,1,0,0,0,0
3585.86,1746.79,0,1,0,1,0,0,3,1,0,0,1,0,0,1,0,0,0,1,0,0,0,0,0
5574.16,4733.91,0,0,0,0,0,22,4,1,0,0,0,0,1,0,0,1,0,0,0,1,0,0,0
4124.63,1334.76,1,1,0,1,0,15,4,1,0,0,0,0,1,0,1,0,0,0,0,1,0,0,0
1690.52,1206.09,0,0,0,1,0,20,3,1,0,0,1,0,0,0,0,1,0,1,0,0,0,0,0
741.13,4444.91,0,1,0,1,0,2,5,1,0,0,0,1,0,1,0,0,0,0,0,0,1,0,0
2363.08,4361.22,0,0,0,1,0,18,2,1,0,0,0,1,0,0,0,0,1,0,0,0,0,1,0
577.95,2584.96,0,1,0,1,0,6,3,1,0,0,0,0,1,0,0,1,0,1,0,0,0,0,0
6186.5,4901.58,0,1,0,0,0,17,5,1,0,0,0,1,0,0,1,0,0,0,0,0,1,0,0
7957.38,4901.87,0,1,0,1,0,22,3,1,0,0,1,0,0,0,0,1,0,1,0,0,0,0,0
3398.07,1499.91,0,1,0,1,0,22,5,1,0,0,1,0,0,0,0,1,0,0,0,0,1,0,0
3871.72,2917.89,0,1,0,0,0,19,4,1,0,0,0,1,0,0,0,1,0,0,0,1,0,0,0
8162.09,1213.47,0,0,0,1,0,21,2,1,0,0,0,1,0,1,0,0,0,0,0,0,0,1,0
2226.91,2431.03,0,1,0,1,0,5,6,1,0,0,0,0,1,0,1,0,0,0,1,0,0,0,0
1192.48,1286.67,0,1,0,0,1,4,2,1,0,0,0,1,0,0,1,0,0,0,0,0,0,1,0
5011.68,1643.13,1,1,0,1,1,5,6,1,0,0,0,0,1,1,0,0,0,0,1,0,0,0,0
6462.26,4570.71,0,1,0,0,1,4,4,1,0,0,1,0,0,0,1,0,0,0,0,1,0,0,0
5996.94,4377.34,0,1,0,0,0,22,4,1,0,0,0,1,0,0,1,0,0,0,0,1,0,0,0
7139.02,4431.73,0,0,0,1,1,6,4,1,0,0,0,0,1,0,0,1,0,0,0,1,0,0,0
568.46,1130.62,0,0,0,0,0,1,6,1,0,0,0,0,1,1,0,0,0,0,1,0,0,0,0
4282.59,3276.75,1,1,0,1,1,17,1,1,0,0,0,0,1,1,0,0,0,0,0,0,0,0,1
2386.47,4096.32,0,0,0,0,0,10,5,1,0,0,0,0,1,1,0,0,0,0,0,0,1,0,0
7591.45,3766.62,0,1,0,0,0,14,6,1,0,0,1,0,0,0,0,0,1,0,1,0,0,0,0
8727.43,3002.42,0,1,0,1,1,0,6,1,0,0,0,1,0,0,1,0,0,0,1,0,0,0,0
2814.08,1486.97,0,1,0,0,0,6,4,1,0,0,0,0,1,0,0,1,0,0,0,1,0,0,0
953.09,4095.84,0,1,0,1,0,4,2,1,0,0,0,1,0,0,0,1,0,0,0,0,0,1,0
2535.03,4559.57,0,1,0,0,0,0,5,1,0,0,0,1,0,0,0,1,0,0,0,0,1,0,0
1040.98,2073.55,0,1,0,0,0,9,1,1,0,0,1,0,0,0,0,1,0,0,0,0,0,0,1
3224.9,3158.38,0,1,0,0,0,10,2,1,0,0,0,1,0,0,1,0,0,0,0,0,0,1,0
5382.45,2961.65,1,1,0,1,0,22,2,1,0,0,1,0,0,1,0,0,0,0,0,0,0,1,0
9736.84,3932.63,0,1,0,1,0,10,2,1,0,0,1,0,0,1,0,0,0,0,0,0,0,1,0
3994.3,4704.19,0,1,0,1,0,9,1,1,0,0,0,0,1,0,0,0,1,0,0,0,0,0,1
2201.18,2812.44,0,0,0,1,0,23,5,1,0,0,1,0,0,0,0,1,0,0,0,0,1,0,0
1668.85,2849.97,0,1,0,1,0,10,6,1,0,0,0,0,1,0,0,0,1,0,1,0,0,0,0
1731.22,1904.35,0,1,0,1,0,6,2,1,0,0,1,0,0,0,1,0,0,0,0,0,0,1,0
1926.78,1716.97,0,1,0,0,0,14,3,1,0,0,1,0,0,0,0,0,1,1,0,0,0,0,0
7622.91,1154.37,0,1,0,0,0,9,3,1,0,0,0,1,0,0,1,0,0,1,0,0,0,0,0
611.22,4270.32,0,1,0,1,0,5,4,1,0,0,0,0,1,0,0,0,1,0,0,1,0,0,0
9974.03,2609.52,0,1,0,0,0,10,6,1,0,0,0,1,0,0,1,0,0,0,1,0,0,0,0
5227.34,1292.92,0,1,1,1,0,20,3,1,0,0,1,0,0,0,1,0,0,1,0,0,0,0,0
5443.17,3204.57,0,1,0,1,0,23,4,1,0,0,0,0,1,0,0,0,1,0,0,1,0,0,0
3576.28,2341.4,0,1,0,1,0,12,1,1,0,0,1,0,0,1,0,0,0,0,0,0,0,0,1
6902.86,4885.88,0,1,0,0,0,11,5,1,0,0,1,0,0,0,0,0,1,0,0,0,1,0,0
4715.09,2791.21,0,1,0,1,0,6,3,1,0,0,0,1,0,1,0,0,0,1,0,0,0,0,0
3291.28,1411.15,0,1,0,0,0,13,4,1,0,0,0,0,1,1,0,0,0,0,0,1,0,0,0
2652.12,3552.98,0,1,0,1,1,0,2,1,0,0,0,0,1,0,0,0,1,0,0,0,0,1,0
9256.59,4173.74,0,1,0,1,0,8,4,1,0,0,0,0,1,0,0,1,0,0,0,1,0,0,0
2910.6,3325.23,0,1,0,0,1,9,5,1,0,0,1,0,0,1,0,0,0,0,0,0,1,0,0
4364.5,4099.29,0,1,0,1,0,4,6,1,0,0,0,0,1,0,0,1,0,0,1,0,0,0,0
3504.06,2198.85,0,1,0,1,0,23,1,1,0,0,1,0,0,0,1,0,0,0,0,0,0,0,1
862.7,3125.08,0,1,0,1,1,4,3,1,0,0,1,0,0,0,1,0,0,1,0,0,0,0,0
1860.16,4308.1,0,0,0,1,1,16,3,1,0,0,1,0,0,0,1,0,0,1,0,0,0,0,0
1895.83,1300.69,0,0,0,0,0,9,5,1,0,0,0,0,1,1,0,0,0,0,0,0,1,0,0
6936.8,2037.74,0,1,0,1,0,10,1,1,0,0,0,1,0,1,0,0,0,0,0,0,0,0,1
4066.45,3507.56,1,1,0,0,0,9,4,1,0,0,1,0,0,0,1,0,0,0,0,1,0,0,0
7819.89,3024.17,0,1,0,0,0,3,6,1,0,0,0,1,0,0,0,0,1,0,1,0,0,0,0
7089.8,4078.51,0,0,0,1,0,6,6,1,0,0,0,0,1,0,0,0,1,0,1,0,0,0,0
1921.31,1712.62,0,1,0,0,0,4,1,1,0,0,0,0,1,0,1,0,0,0,0,0,0,0,1
5629.61,4389.33,0,1,0,0,0,6,6,1,0,0,0,0,1,0,0,1,0,0,1,0,0,0,0
7429.35,3474.21,0,1,0,0,0,11,4,1,0,0,0,0,1,0,1,0,0,0,0,1,0,0,0
6330.8,1813.25,0,1,0,1,1,6,3,1,0,0,0,0,1,1,0,0,0,1,0,0,0,0,0
6000.57,1226.0,1,1,0,0,0,23,2,1,0,0,0,1,0,0,0,1,0,0,0,0,0,1,0
7396.37,4927.85,0,1,1,1,0,10,4,1,0,0,0,0,1,0,0,0,1,0,0,1,0,0,0
568.75,2775.86,0,1,0,1,0,3,4,1,0,0,0,0,1,0,0,0,1,0,0,1,0,0,0
7314.49,2070.33,0,1,0,1,0,7,3,1,0,0,0,0,1,0,0,1,0,1,0,0,0,0,0
2727.28,1721.16,0,1,0,1,0,10,6,1,0,0,0,0,1,0,0,1,0,0,1,0,0,0,0
5719.15,1976.82,1,1,0,1,0,1,1,1,0,0,0,0,1,1,0,0,0,0,0,0,0,0,1
2423.81,2958.95,1,1,0,1,0,0,6,1,0,0,1,0,0,0,1,0,0,0,1,0,0,0,0
8388.34,4411.62,0,1,0,0,0,1,6,1,0,0,1,0,0,0,0,1,0,0,1,0,0,0,0
4806.11,1833.94,0,1,0,1,0,6,2,1,0,0,0,1,0,0,0,1,0,0,0,0,0,1,0
6429.77,2472.78,0,1,1,1,0,16,3,1,0,0,0,0,1,0,0,0,1,1,0,0,0,0,0
7941.03,4189.12,0,0,1,1,0,6,4,1,0,0,0,1,0,0,0,0,1,0,0,1,0,0,0
8953.26,3657.59,1,1,0,1,1,8,4,1,0,0,0,1,0,0,1,0,0,0,0,1,0,0,0
7320.89,1114.82,0,1,0,1,0,15,4,1,0,0,0,0,1,0,0,1,0,0,0,1,0,0,0
1488.54,2001.22,0,0,0,1,0,12,6,1,0,0,0,0,1,0,0,0,1,0,1,0,0,0,0
8545.47,1509.6,0,0,0,0,0,6,6,1,0,0,1,0,0,0,1,0,0,0,1,0,0,0,0
6186.16,1165.18,0,1,0,1,1,9,6,1,0,0,0,0,1,0,0,0,1,0,1,0,0,0,0
6094.89,4788.75,0,1,0,1,0,13,1,1,0,0,1,0,0,0,0,0,1,0,0,0,0,0,1
9213.48,3483.98,0,1,1,0,0,15,3,1,0,0,0,1,0,0,0,0,1,1,0,0,0,0,0
2489.07,3167.11,0,1,0,0,1,14,5,1,0,0,0,1,0,1,0,0,0,0,0,0,1,0,0
2396.64,4440.32,0,0,0,1,0,7,5,1,0,0,1,0,0,1,0,0,0,0,0,0,1,0,0
5132.42,3365.9,0,0,0,1,0,2,1,1,0,0,1,0,0,0,0,1,0,0,0,0,0,0,1
7508.88,3310.75,0,1,0,1,0,21,5,1,0,0,0,0,1,0,1,0,0,0,0,0,1,0,0
4472.96,1807.59,0,1,0,1,0,19,3,1,0,0,1,0,0,0,1,0,0,1,0,0,0,0,0
6339.28,3481.55,0,1,0,1,0,17,5,1,0,0,1,0,0,1,0,0,0,0,0,0,1,0,0
4525.79,3672.01,0,1,0,0,0,7,2,1,0,0,0,0,1,0,1,0,0,0,0,0,0,1,0
6104.26,4525.48,0,1,0,1,0,21,5,1,0,0,0,1,0,0,0,1,0,0,0,0,1,0,0
8222.8,2701.37,1,1,0,1,0,9,3,1,0,0,1,0,0,0,1,0,0,1,0,0,0,0,0
1805.59,1815.7,0,1,0,1,0,4,2,1,0,0,0,0,1,0,1,0,0,0,0,0,0,1,0
6954.09,3277.09,0,1,0,0,0,3,3,1,0,0,0,0,1,1,0,0,0,1,0,0,0,0,0
7874.47,4890.23,0,1,1,1,0,3,6,1,0,0,1,0,0,1,0,0,0,0,1,0,0,0,0
4471.67,1301.22,0,1,0,1,0,4,4,1,0,0,0,1,0,0,1,0,0,0,0,1,0,0,0
3233.01,1013.89,0,0,0,0,0,1,2,1,0,0,0,0,1,0,1,0,0,0,0,0,0,1,0
136.43,1143.66,1,1,0,0,0,7,4,1,0,0,1,0,0,0,0,1,0,0,0,1,0,0,0
7971.25,4325.39,0,1,0,0,0,10,3,1,0,0,0,1,0,0,0,1,0,1,0,0,0,0,0
3280.06,1004.49,0,1,0,1,1,21,2,1,0,0,1,0,0,0,0,1,0,0,0,0,0,1,0
3573.74,1886.21,0,1,0,1,0,2,6,1,0,0,0,0,1,0,0,0,1,0,1,0,0,0,0
3360.73,4926.12,0,1,0,0,0,13,6,1,0,0,0,0,1,0,0,0,1,0,1,0,0,0,0
4987.89,3983.3,0,1,0,1,1,10,1,1,0,0,0,0,1,0,0,0,1,0,0,0,0,0,1
7025.29,1875.21,0,1,0,0,0,1,6,1,0,0,1,0,0,0,1,0,0,0,1,0,0,0,0
7718.86,1887.59,0,1,0,1,1,0,4,1,0,0,0,0,1,0,0,1,0,0,0,1,0,0,0
3926.31,2833.38,0,1,0,1,0,18,1,1,0,0,1,0,0,0,0,0,1,0,0,0,0,0,1
6631.36,1303.94,0,1,0,0,1,8,5,1,0,0,0,1,0,1,0,0,0,0,0,0,1,0,0
7207.12,3612.25,1,1,0,1,1,6,3,1,0,0,0,1,0,1,0,0,0,1,0,0,0,0,0
2969.88,2986.4,0,1,0,1,0,9,5,1,0,0,0,1,0,0,1,0,0,0,0,0,1,0,0
967.12,2677.05,0,1,0,0,0,20,2,1,0,0,0,1,0,1,0,0,0,0,0,0,0,1,0
8946.76,2961.11,0,1,0,1,0,9,6,1,0,0,0,0,1,0,1,0,0,0,1,0,0,0,0
6771.48,2087.44,0,1,0,0,0,11,2,1,0,0,0,0,1,1,0,0,0,0,0,0,0,1,0
6481.46,1854.19,0,1,0,1,0,3,6,1,0,0,1,0,0,0,0,0,1,0,1,0,0,0,0
589.97,1274.18,0,1,0,1,0,20,3,1,0,0,0,1,0,0,0,0,1,1,0,0,0,0,0
8178.91,3501.94,0,1,0,1,0,23,6,1,0,0,0,1,0,0,1,0,0,0,1,0,0,0,0
5660.98,2976.29,0,0,0,1,0,16,6,1,0,0,1,0,0,0,1,0,0,0,1,0,0,0,0
8479.0,3844.24,0,0,0,1,1,12,4,1,0,0,1,0,0,1,0,0,0,0,0,1,0,0,0
9745.64,4577.53,0,1,0,1,1,19,5,1,0,0,1,0,0,0,0,1,0,0,0,0,1,0,0
9571.05,4972.15,0,1,0,1,0,10,6,1,0,0,1,0,0,1,0,0,0,0,1,0,0,0,0
8561.04,1909.79,0,1,0,1,1,10,2,1,0,0,0,1,0,1,0,0,0,0,0,0,0,1,0
110.46,1671.8,0,1,0,1,1,23,5,1,0,0,0,0,1,0,1,0,0,0,0,0,1,0,0
8857.39,4648.43,0,1,0,0,0,8,5,1,0,0,0,1,0,0,0,1,0,0,0,0,1,0,0
751.55,2606.35,0,1,0,1,0,7,1,1,0,0,1,0,0,0,0,1,0,0,0,0,0,0,1
8512.09,4213.75,0,1,0,1,0,2,6,1,0,0,0,0,1,0,1,0,0,0,1,0,0,0,0
2802.46,1541.32,0,1,0,1,0,18,5,1,0,0,0,1,0,0,0,0,1,0,0,0,1,0,0
6101.07,2179.35,0,0,0,1,0,18,2,1,0,0,1,0,0,0,1,0,0,0,0,0,0,1,0
381.64,1044.28,0,1,0,0,0,0,4,1,0,0,0,0,1,0,1,0,0,0,0,1,0,0,0
7712.05,4959.53,0,0,0,0,0,17,5,1,0,0,0,0,1,0,1,0,0,0,0,0,1,0,0
1117.95,1022.57,0,1,0,1,0,17,5,1,0,0,1,0,0,0,0,1,0,0,0,0,1,0,0
4107.47,1686.6,1,0,0,1,1,8,4,1,0,0,0,0,1,0,1,0,0,0,0,1,0,0,0
8174.64,3230.04,0,1,0,1,0,1,2,1,0,0,0,1,0,0,0,1,0,0,0,0,0,1,0
6953.79,4401.5,0,1,0,1,0,1,1,1,0,0,0,1,0,0,1,0,0,0,0,0,0,0,1
61.42,4176.26,0,1,0,1,0,17,3,1,0,0,0,1,0,0,0,0,1,1,0,0,0,0,0
4030.92,2012.64,0,1,0,1,0,9,5,1,0,0,0,0,1,0,0,0,1,0,0,0,1,0,0
420.23,4520.96,1,1,0,0,0,7,6,1,0,0,0,0,1,1,0,0,0,0,1,0,0,0,0
6735.33,1278.52,0,1,0,1,0,23,4,1,0,0,1,0,0,1,0,0,0,0,0,1,0,0,0
9689.52,2327.36,0,1,0,0,0,18,2,1,0,0,1,0,0,0,0,1,0,0,0,0,0,1,0
6552.96,2052.11,0,1,1,1,0,19,2,1,0,0,0,0,1,0,0,0,1,0,0,0,0,1,0
2244.5,3623.42,0,1,0,1,0,11,6,1,0,0,0,1,0,0,0,1,0,0,1,0,0,0,0
3552.98,1153.05,0,1,0,1,0,9,6,1,0,0,0,0,1,0,1,0,0,0,1,0,0,0,0
9766.53,4417.4,1,1,0,1,0,6,5,1,0,0,0,1,0,0,1,0,0,0,0,0,1,0,0
2241.3,4845.44,1,1,0,0,0,17,2,1,0,0,1,0,0,0,0,1,0,0,0,0,0,1,0
5615.73,1945.04,0,1,0,1,0,22,2,1,0,0,0,0,1,1,0,0,0,0,0,0,0,1,0
4005.14,4607.88,0,1,0,1,0,9,5,1,0,0,0,0,1,0,0,1,0,0,0,0,1,0,0
7683.38,4624.98,0,1,0,1,1,22,5,1,0,0,0,0,1,0,0,1,0,0,0,0,1,0,0
8674.03,3505.49,0,1,0,1,0,0,5,1,0,0,0,1,0,1,0,0,0,0,0,0,1,0,0
3409.03,3027.95,0,0,1,1,0,10,2,1,0,0,1,0,0,0,1,0,0,0,0,0,0,1,0
6604.3,4098.76,0,1,0,0,0,11,2,1,0,0,0,1,0,1,0,0,0,0,0,0,0,1,0
5490.93,3072.15,0,0,0,1,0,13,5,1,0,0,1,0,0,0,0,0,1,0,0,0,1,0,0
2785.17,3977.07,0,1,0,0,0,18,1,1,0,0,0,1,0,1,0,0,0,0,0,0,0,0,1
2720.14,1371.18,0,1,0,1,0,19,3,1,0,0,1,0,0,0,0,0,1,1,0,0,0,0,0
5386.78,2140.77,0,1,1,0,0,0,3,1,0,0,0,1,0,0,0,0,1,1,0,0,0,0,0
1540.87,2577.35,1,0,0,1,0,17,5,1,0,0,0,0,1,1,0,0,0,0,0,0,1,0,0
8108.29,1820.2,0,0,0,0,0,3,2,1,0,0,0,1,0,1,0,0,0,0,0,0,0,1,0
690.98,1921.53,1,1,0,1,0,1,5,1,0,0,0,0,1,1,0,0,0,0,0,0,1,0,0
946.65,4046.72,0,1,0,1,0,21,1,1,0,0,0,0,1,0,0,1,0,0,0,0,0,0,1
3422.92,1694.28,1,1,0,1,0,4,4,1,0,0,0,0,1,1,0,0,0,0,0,1,0,0,0
1181.8,1448.56,0,0,0,0,1,4,2,1,0,0,0,1,0,0,0,0,1,0,0,0,0,1,0
4757.52,2121.48,0,1,0,1,1,21,5,1,0,0,0,0,1,0,0,0,1,0,0,0,1,0,0
3997.36,1640.2,0,1,0,0,1,10,5,1,0,0,0,1,0,0,0,0,1,0,0,0,1,0,0
7218.38,1812.39,1,0,0,0,0,3,2,1,0,0,1,0,0,1,0,0,0,0,0,0,0,1,0
9530.09,4131.88,0,1,0,0,0,23,4,1,0,0,0,1,0,0,1,0,0,0,0,1,0,0,0
7535.83,2764.25,0,1,0,1,0,8,6,1,0,0,0,1,0,0,1,0,0,0,1,0,0,0,0
1795.31,2736.37,0,0,0,1,0,13,5,1,0,0,0,1,0,0,0,0,1,0,0,0,1,0,0
9355.28,3099.43,0,0,0,1,0,2,3,1,0,0,1,0,0,0,0,0,1,1,0,0,0,0,0
3921.94,1356.45,0,0,0,0,1,12,3,1,0,0,1,0,0,0,0,1,0,1,0,0,0,0,0
4742.42,4948.71,0,1,0,1,0,19,6,1,0,0,1,0,0,1,0,0,0,0,1,0,0,0,0
4216.34,4388.48,0,1,0,1,0,23,5,1,0,0,0,0,1,1,0,0,0,0,0,0,1,0,0
2806.19,2171.05,0,1,0,1,0,10,4,1,0,0,0,1,0,0,0,0,1,0,0,1,0,0,0
8950.55,1227.0,0,0,0,1,0,15,6,1,0,0,0,1,0,0,0,1,0,0,1,0,0,0,0
3323.06,3469.29,0,1,0,0,1,15,6,1,0,0,0,0,1,0,0,0,1,0,1,0,0,0,0
5786.39,3368.44,1,0,0,1,0,20,1,1,0,0,0,0,1,0,0,1,0,0,0,0,0,0,1
2401.1,2239.76,0,0,0,0,0,0,6,1,0,0,0,1,0,0,0,0,1,0,1,0,0,0,0
7973.96,2362.37,0,1,0,1,0,22,5,1,0,0,0,0,1,0,0,0,1,0,0,0,1,0,0
7742.21,3103.08,1,1,0,0,0,17,1,1,0,0,0,0,1,1,0,0,0,0,0,0,0,0,1
2963.83,4516.71,0,1,0,1,0,21,4,1,0,0,1,0,0,0,0,1,0,0,0,1,0,0,0
6815.86,1436.86,0,1,0,1,0,5,2,1,0,0,0,0,1,0,1,0,0,0,0,0,0,1,0
7039.03,3039.29,0,1,0,0,0,4,4,1,0,0,0,0,1,0,0,1,0,0,0,1,0,0,0
5625.55,2748.01,0,0,0,1,0,14,6,1,0,0,0,1,0,0,0,1,0,0,1,0,0,0,0
6006.38,2865.57,1,0,0,0,0,3,6,1,0,0,0,0,1,1,0,0,0,0,1,0,0,0,0
5744.97,4639.02,0,1,0,0,0,11,4,1,0,0,0,0,1,0,1,0,0,0,0,1,0,0,0
819.56,3177.38,0,1,0,0,0,6,1,1,0,0,0,0,1,0,1,0,0,0,0,0,0,0,1
6702.98,3779.7,0,1,0,1,1,1,3,1,0,0,1,0,0,1,0,0,0,1,0,0,0,0,0
4698.28,4650.67,0,1,0,1,0,20,6,1,0,0,0,1,0,0,0,0,1,0,1,0,0,0,0
4385.13,2209.63,0,1,0,0,1,8,4,1,0,0,1,0,0,0,0,1,0,0,0,1,0,0,0
8600.13,2434.8,0,0,0,0,0,17,4,1,0,0,0,0,1,0,0,1,0,0,0,1,0,0,0
233.24,1906.3,0,1,0,1,0,22,3,1,0,0,0,1,0,0,0,0,1,1,0,0,0,0,0
2513.9,3607.42,0,1,0,0,1,12,6,1,0,0,0,1,0,0,1,0,0,0,1,0,0,0,0
1214.91,2015.15,0,0,0,0,0,18,4,1,0,0,0,0,1,0,0,0,1,0,0,1,0,0,0
354.38,1938.71,0,1,0,0,0,23,5,1,0,0,1,0,0,0,1,0,0,0,0,0,1,0,0
2757.49,4946.99,0,1,0,1,0,7,5,1,0,0,0,0,1,0,0,0,1,0,0,0,1,0,0
9884.77,3789.38,0,1,0,1,0,10,6,1,0,0,1,0,0,0,0,0,1,0,1,0,0,0,0
2703.02,4257.5,0,1,0,0,0,17,4,1,0,0,0,0,1,0,1,0,0,0,0,1,0,0,0
6637.39,4875.23,0,1,0,1,0,21,3,1,0,0,0,1,0,0,0,1,0,1,0,0,0,0,0
1183.87,4884.23,0,1,0,1,0,7,3,1,0,0,0,1,0,0,0,0,1,1,0,0,0,0,0
6018.87,2332.42,0,1,0,0,0,7,1,1,0,0,1,0,0,0,1,0,0,0,0,0,0,0,1
9844.83,3075.03,1,1,0,0,1,22,1,1,0,0,0,0,1,0,0,1,0,0,0,0,0,0,1
2919.08,4693.61,0,1,0,1,0,7,2,1,0,0,1,0,0,0,0,1,0,0,0,0,0,1,0
8480.91,1102.53,1,0,0,1,0,16,2,1,0,0,0,1,0,0,0,1,0,0,0,0,0,1,0
9975.72,4664.74,0,1,0,1,1,2,2,1,0,0,0,1,0,0,1,0,0,0,0,0,0,1,0
5885.95,4432.0,0,1,0,1,0,5,3,1,0,0,1,0,0,0,1,0,0,1,0,0,0,0,0
3094.7,2871.94,0,1,0,1,0,2,4,1,0,0,1,0,0,0,0,0,1,0,0,1,0,0,0
6735.64,3067.69,0,0,0,1,0,4,5,1,0,0,1,0,0,0,0,0,1,0,0,0,1,0,0
8448.64,1190.65,0,0,0,1,0,20,6,1,0,0,1,0,0,0,0,0,1,0,1,0,0,0,0
1714.33,3223.1,0,0,0,1,0,22,5,1,0,0,1,0,0,0,0,0,1,0,0,0,1,0,0
4525.71,1492.43,0,1,0,0,0,23,3,1,0,0,0,0,1,0,1,0,0,1,0,0,0,0,0
3192.56,2055.72,0,1,0,1,0,12,4,1,0,0,1,0,0,0,1,0,0,0,0,1,0,0,0
2834.31,4216.17,0,1,0,1,0,22,5,1,0,0,1,0,0,1,0,0,0,0,0,0,1,0,0
8608.35,3018.7,0,1,0,1,0,6,5,1,0,0,0,1,0,0,0,0,1,0,0,0,1,0,0
4217.12,4007.54,0,1,0,0,0,3,6,1,0,0,0,1,0,0,1,0,0,0,1,0,0,0,0
3391.42,4727.2,0,1,0,1,1,18,5,1,0,0,0,0,1,1,0,0,0,0,0,0,1,0,0
6035.5,1684.63,0,1,0,1,0,20,6,1,0,0,1,0,0,0,0,0,1,0,1,0,0,0,0
2194.8,2038.04,0,1,0,1,0,22,6,1,0,0,1,0,0,1,0,0,0,0,1,0,0,0,0
2299.71,3347.94,0,1,0,1,0,18,4,1,0,0,0,1,0,0,0,0,1,0,0,1,0,0,0
5203.37,4798.36,0,1,0,0,0,3,5,1,0,0,0,1,0,0,0,0,1,0,0,0,1,0,0
4093.32,4117.2,0,1,0,1,0,22,2,1,0,0,0,1,0,0,0,1,0,0,0,0,0,1,0
2950.53,3557.27,0,1,0,1,0,23,1,1,0,0,1,0,0,0,1,0,0,0,0,0,0,0,1
540.46,3716.69,0,0,0,0,0,19,5,1,0,0,1,0,0,1,0,0,0,0,0,0,1,0,0
5208.22,2730.5,0,1,0,1,0,0,3,1,0,0,0,0,1,0,0,0,1,1,0,0,0,0,0
8166.28,2614.9,0,0,0,1,0,22,3,1,0,0,0,1,0,0,1,0,0,1,0,0,0,0,0
8513.92,4947.33,0,0,0,0,0,2,6,1,0,0,0,1,0,1,0,0,0,0,1,0,0,0,0
2355.16,4425.55,1,1,0,1,0,0,2,1,0,0,0,1,0,0,0,1,0,0,0,0,0,1,0
5996.81,4043.61,0,0,0,1,0,15,3,1,0,0,0,1,0,0,1,0,0,1,0,0,0,0,0
8558.96,3878.87,0,1,0,1,0,15,6,1,0,0,0,1,0,1,0,0,0,0,1,0,0,0,0
4087.85,3268.45,0,0,0,0,1,2,2,1,0,0,1,0,0,0,0,0,1,0,0,0,0,1,0
9321.44,2316.39,0,1,0,1,0,12,5,1,0,0,1,0,0,0,0,1,0,0,0,0,1,0,0
9029.88,2731.41,0,1,1,1,1,21,1,1,0,0,0,1,0,0,1,0,0,0,0,0,0,0,1
2082.13,1235.43,0,1,0,1,0,16,6,1,0,0,0,1,0,0,0,0,1,0,1,0,0,0,0
2590.39,1357.24,0,0,0,1,0,21,4,1,0,0,1,0,0,0,0,1,0,0,0,1,0,0,0
1805.24,2537.85,0,1,0,1,1,19,1,1,0,0,1,0,0,0,0,1,0,0,0,0,0,0,1
1961.35,1462.82,0,1,0,1,0,19,1,1,0,0,0,0,1,1,0,0,0,0,0,0,0,0,1
9078.71,2592.3,1,1,0,1,0,15,5,1,0,0,1,0,0,0,0,0,1,0,0,0,1,0,0
9311.45,1853.67,0,1,0,1,0,15,2,1,0,0,0,0,1,0,0,0,1,0,0,0,0,1,0
519.92,2400.12,0,1,0,1,1,23,5,1,0,0,0,1,0,0,1,0,0,0,0,0,1,0,0
5936.44,2516.98,0,1,0,1,1,9,1,1,0,0,0,1,0,0,1,0,0,0,0,0,0,0,1
5642.75,4177.27,0,1,0,1,0,11,4,1,0,0,0,1,0,0,1,0,0,0,0,1,0,0,0
3906.09,3742.52,0,1,0,0,1,5,6,1,0,0,1,0,0,0,1,0,0,0,1,0,0,0,0
6317.34,4259.61,0,1,0,1,0,18,6,1,0,0,1,0,0,0,0,1,0,0,1,0,0,0,0
9473.73,2459.55,0,1,0,1,0,7,2,1,0,0,0,1,0,0,1,0,0,0,0,0,0,1,0
1703.38,4303.34,0,1,0,1,0,11,3,1,0,0,0,1,0,0,0,0,1,1,0,0,0,0,0
1204.99,4798.61,1,1,0,1,0,3,1,1,0,0,0,0,1,0,0,1,0,0,0,0,0,0,1
334.87,2109.75,0,1,0,1,0,1,5,1,0,0,1,0,0,0,1,0,0,0,0,0,1,0,0
3638.97,3874.79,0,1,0,1,0,22,5,1,0,0,1,0,0,0,1,0,0,0,0,0,1,0,0
3376.95,1230.25,0,0,0,1,1,2,4,1,0,0,0,0,1,1,0,0,0,0,0,1,0,0,0
4308.77,3084.19,0,1,1,1,0,6,2,1,0,0,0,1,0,0,0,1,0,0,0,0,0,1,0
5033.6,1625.36,0,1,0,1,0,9,6,1,0,0,0,1,0,0,0,0,1,0,1,0,0,0,0
7578.48,4331.84,0,1,0,1,1,21,6,1,0,0,1,0,0,0,1,0,0,0,1,0,0,0,0
3921.74,2657.15,0,0,0,1,0,10,5,1,0,0,1,0,0,0,0,1,0,0,0,0,1,0,0
3306.8,3417.23,0,0,0,0,1,19,1,1,0,0,0,1,0,0,0,0,1,0,0,0,0,0,1
8268.96,3328.75,0,1,0,0,0,9,5,1,0,0,0,0,1,0,1,0,0,0,0,0,1,0,0
8498.12,1417.13,0,1,0,0,0,8,3,1,0,0,0,0,1,0,1,0,0,1,0,0,0,0,0
2328.43,1400.57,0,1,0,0,0,6,2,1,0,0,0,0,1,1,0,0,0,0,0,0,0,1,0
3147.4,3286.11,1,1,0,0,0,6,4,1,0,0,1,0,0,1,0,0,0,0,0,1,0,0,0
8251.34,2259.92,0,1,0,1,0,22,2,1,0,0,0,0,1,0,0,1,0,0,0,0,0,1,0
795.0,1445.64,0,1,0,0,0,8,1,1,0,0,1,0,0,1,0,0,0,0,0,0,0,0,1
3259.14,2240.01,0,1,0,0,0,17,5,1,0,0,1,0,0,1,0,0,0,0,0,0,1,0,0
4484.05,1762.6,0,1,0,1,0,3,5,1,0,0,0,1,0,0,0,1,0,0,0,0,1,0,0
1871.53,1158.65,0,1,0,0,1,14,5,1,0,0,0,1,0,0,1,0,0,0,0,0,1,0,0
1799.96,2519.34,0,1,0,0,0,8,6,1,0,0,0,0,1,0,0,0,1,0,1,0,0,0,0
4249.2,3722.97,1,1,0,1,0,14,1,1,0,0,0,0,1,0,0,1,0,0,0,0,0,0,1
7545.46,1452.98,0,0,0,1,0,14,6,1,0,0,1,0,0,0,0,1,0,0,1,0,0,0,0
8402.49,3340.55,1,1,0,1,0,22,1,1,0,0,0,1,0,0,0,0,1,0,0,0,0,0,1
9792.37,1606.59,0,1,0,1,0,20,5,1,0,0,0,1,0,1,0,0,0,0,0,0,1,0,0
740.77,1273.53,0,1,0,1,1,3,1,1,0,0,1,0,0,0,0,1,0,0,0,0,0,0,1
2167.61,1368.9,0,1,0,1,1,4,6,1,0,0,0,0,1,0,1,0,0,0,1,0,0,0,0
7566.54,1839.23,0,1,1,0,0,14,3,1,0,0,0,0,1,0,0,1,0,1,0,0,0,0,0
5406.45,2862.44,0,1,0,1,1,9,4,1,0,0,1,0,0,0,0,0,1,0,0,1,0,0,0
3277.47,2778.0,0,1,0,1,0,3,6,1,0,0,0,1,0,0,1,0,0,0,1,0,0,0,0
2056.69,2905.8,0,1,0,1,0,5,1,1,0,0,1,0,0,0,0,1,0,0,0,0,0,0,1
2805.5,2503.52,0,0,1,1,0,1,3,1,0,0,1,0,0,0,1,0,0,1,0,0,0,0,0
4293.46,4520.72,0,1,0,1,0,18,6,1,0,0,0,0,1,0,0,0,1,0,1,0,0,0,0
1772.34,4538.34,1,1,0,0,0,18,4,1,0,0,0,1,0,0,0,1,0,0,0,1,0,0,0
9642.3,3631.62,0,0,0,1,0,20,4,1,0,0,0,0,1,0,0,1,0,0,0,1,0,0,0
1076.78,2296.19,0,1,0,1,0,1,3,1,0,0,0,0,1,0,0,0,1,1,0,0,0,0,0
9855.79,1740.1,0,1,0,1,0,23,6,1,0,0,0,1,0,0,1,0,0,0,1,0,0,0,0
8419.09,3790.93,0,0,0,1,1,13,3,1,0,0,0,0,1,0,1,0,0,1,0,0,0,0,0
4232.09,4986.16,0,1,0,1,0,17,6,1,0,0,1,0,0,0,0,0,1,0,1,0,0,0,0
7398.42,4277.31,0,1,0,1,1,10,4,1,0,0,1,0,0,0,1,0,0,0,0,1,0,0,0
6715.48,2311.16,0,1,0,0,0,9,5,1,0,0,0,1,0,0,1,0,0,0,0,0,1,0,0
2133.66,1767.31,0,0,0,1,0,13,5,1,0,0,1,0,0,0,0,1,0,0,0,0,1,0,0
3391.36,4270.57,0,0,0,1,0,16,6,1,0,0,1,0,0,0,1,0,0,0,1,0,0,0,0
5131.71,2608.96,0,1,0,0,1,5,1,1,0,0,1,0,0,0,0,0,1,0,0,0,0,0,1
6378.8,3339.88,0,1,0,0,1,22,4,1,0,0,1,0,0,0,1,0,0,0,0,1,0,0,0
5429.41,1170.02,0,1,0,1,0,21,5,1,0,0,0,0,1,0,0,1,0,0,0,0,1,0,0
4730.4,4225.53,0,1,0,1,0,23,1,1,0,0,1,0,0,0,1,0,0,0,0,0,0,0,1
4432.08,1809.04,0,1,0,1,1,0,1,1,0,0,0,1,0,0,0,0,1,0,0,0,0,0,1
4983.15,4054.06,0,0,0,1,0,21,4,1,0,0,0,0,1,1,0,0,0,0,0,1,0,0,0
4344.08,3641.23,0,1,0,1,0,15,6,1,0,0,1,0,0,1,0,0,0,0,1,0,0,0,0
5413.76,2649.98,0,0,0,0,1,18,4,1,0,0,1,0,0,1,0,0,0,0,0,1,0,0,0
8879.97,3134.05,0,1,0,1,1,20,4,1,0,0,0,1,0,1,0,0,0,0,0,1,0,0,0
6328.66,3150.52,0,1,0,1,0,22,3,1,0,0,0,0,1,0,0,1,0,1,0,0,0,0,0
7226.49,1901.0,0,1,0,0,0,10,1,1,0,0,1,0,0,0,1,0,0,0,0,0,0,0,1
5975.23,1516.98,1,1,1,0,0,17,2,1,0,0,0,1,0,0,0,1,0,0,0,0,0,1,0
6430.53,4240.34,0,0,0,0,0,5,4,1,0,0,0,0,1,1,0,0,0,0,0,1,0,0,0
5783.92,3760.37,0,0,0,1,0,0,4,1,0,0,0,0,1,0,1,0,0,0,0,1,0,0,0
269.64,3485.44,0,1,0,1,1,6,6,1,0,0,1,0,0,1,0,0,0,0,1,0,0,0,0
9995.98,2113.44,0,1,0,1,0,15,5,1,0,0,0,1,0,1,0,0,0,0,0,0,1,0,0
337.06,2608.42,0,0,0,1,0,16,1,1,0,0,0,1,0,0,0,0,1,0,0,0,0,0,1
3952.08,1589.06,0,1,0,1,0,18,2,1,0,0,1,0,0,0,0,1,0,0,0,0,0,1,0
1052.05,4017.66,0,1,0,1,0,12,2,1,0,0,1,0,0,1,0,0,0,0,0,0,0,1,0
970.19,1060.25,0,0,0,1,0,7,5,1,0,0,1,0,0,1,0,0,0,0,0,0,1,0,0
7935.48,1011.52,0,1,0,1,0,16,1,1,0,0,0,1,0,0,0,1,0,0,0,0,0,0,1
4259.83,3083.83,0,1,0,1,0,12,3,1,0,0,0,0,1,1,0,0,0,1,0,0,0,0,0
8011.59,2376.93,0,1,0,1,0,21,3,1,0,0,1,0,0,1,0,0,0,1,0,0,0,0,0
2728.59,1575.37,0,1,0,1,0,1,6,1,0,0,1,0,0,0,1,0,0,0,1,0,0,0,0
2565.37,3892.18,1,1,0,1,1,14,5,1,0,0,0,0,1,0,0,1,0,0,0,0,1,0,0
2513.06,4728.3,0,1,0,0,1,11,3,1,0,0,0,0,1,0,0,1,0,1,0,0,0,0,0
6161.84,2122.69,0,1,0,1,0,4,4,1,0,0,0,1,0,0,0,0,1,0,0,1,0,0,0
8150.18,3410.65,0,1,0,0,0,21,4,1,0,0,1,0,0,0,1,0,0,0,0,1,0,0,0
4523.16,3979.42,0,1,0,1,0,8,3,1,0,0,0,1,0,0,0,1,0,1,0,0,0,0,0
3793.11,3463.22,0,0,0,0,0,17,3,1,0,0,0,0,1,1,0,0,0,1,0,0,0,0,0
9735.82,2531.88,0,1,0,1,0,8,5,1,0,0,1,0,0,0,0,1,0,0,0,0,1,0,0
1168.42,3222.49,0,1,0,0,0,0,2,1,0,0,0,1,0,0,0,1,0,0,0,0,0,1,0
4866.84,3898.4,1,0,0,1,1,21,2,1,0,0,0,1,0,1,0,0,0,0,0,0,0,1,0
4085.47,4772.77,0,0,0,0,0,19,4,1,0,0,0,0,1,0,1,0,0,0,0,1,0,0,0
982.17,4089.39,0,1,1,0,0,13,2,1,0,0,1,0,0,0,0,1,0,0,0,0,0,1,0
2682.74,2260.3,0,1,0,0,0,4,6,1,0,0,0,1,0,0,0,0,1,0,1,0,0,0,0
285.38,3687.32,0,1,0,0,0,19,3,1,0,0,0,1,0,0,0,1,0,1,0,0,0,0,0
8769.67,4664.9,0,1,1,0,0,7,3,1,0,0,0,0,1,0,0,1,0,1,0,0,0,0,0
6078.89,3075.91,0,1,0,0,0,18,6,1,0,0,1,0,0,1,0,0,0,0,1,0,0,0,0
8150.37,1382.36,0,1,0,0,1,14,5,1,0,0,0,0,1,0,1,0,0,0,0,0,1,0,0
5216.02,3564.69,0,1,0,1,0,4,3,1,0,0,0,1,0,0,0,0,1,1,0,0,0,0,0
5995.5,3419.89,0,1,0,0,0,13,2,1,0,0,1,0,0,0,0,0,1,0,0,0,0,1,0
7008.84,1537.73,0,0,0,0,0,4,2,1,0,0,0,0,1,0,1,0,0,0,0,0,0,1,0
9080.21,1958.25,0,1,0,0,1,5,1,1,0,0,1,0,0,0,0,1,0,0,0,0,0,0,1
918.43,3687.68,0,1,0,1,0,8,2,1,0,0,1,0,0,0,0,0,1,0,0,0,0,1,0
3310.15,4894.63,1,1,0,0,0,20,5,1,0,0,1,0,0,1,0,0,0,0,0,0,1,0,0
7090.55,1695.12,0,1,0,1,0,13,3,1,0,0,0,1,0,0,0,1,0,1,0,0,0,0,0
9583.55,3456.34,0,0,0,0,0,17,2,1,0,0,1,0,0,0,0,0,1,0,0,0,0,1,0
9808.09,2895.4,0,0,0,1,1,3,3,1,0,0,0,0,1,1,0,0,0,1,0,0,0,0,0
6381.39,2358.72,0,1,0,1,0,7,4,1,0,0,1,0,0,0,1,0,0,0,0,1,0,0,0
1936.79,4656.82,0,1,0,1,0,0,4,1,0,0,1,0,0,0,1,0,0,0,0,1,0,0,0
1192.97,4748.98,0,1,0,0,0,6,5,1,0,0,0,1,0,0,1,0,0,0,0,0,1,0,0
9460.49,1653.27,0,1,0,1,1,7,4,1,0,0,0,0,1,0,1,0,0,0,0,1,0,0,0
4339.84,3825.26,0,0,1,1,0,23,3,1,0,0,1,0,0,1,0,0,0,1,0,0,0,0,0
1948.97,4096.19,0,1,0,1,0,7,4,1,0,0,0,1,0,1,0,0,0,0,0,1,0,0,0
9338.99,4693.04,0,1,0,1,0,9,5,1,0,0,0,1,0,0,0,1,0,0,0,0,1,0,0
1046.14,1292.55,0,1,0,1,0,10,6,1,0,0,1,0,0,0,1,0,0,0,1,0,0,0,0
7295.98,4727.67,0,1,0,0,0,4,1,1,0,0,1,0,0,0,1,0,0,0,0,0,0,0,1
6253.01,1985.43,0,0,0,0,1,6,1,1,0,0,1,0,0,0,1,0,0,0,0,0,0,0,1
878.26,4432.85,0,1,0,0,0,20,6,1,0,0,0,1,0,1,0,0,0,0,1,0,0,0,0
3388.15,4312.81,0,1,0,1,0,1,5,1,0,0,1,0,0,0,1,0,0,0,0,0,1,0,0
1500.16,4174.44,0,1,1,0,1,14,5,1,0,0,0,1,0,1,0,0,0,0,0,0,1,0,0
6045.38,2175.03,0,1,0,1,0,3,2,1,0,0,0,0,1,0,0,1,0,0,0,0,0,1,0
4771.65,4038.91,0,0,0,1,0,18,2,1,0,0,1,0,0,0,1,0,0,0,0,0,0,1,0
43.75,2047.27,0,1,0,1,0,3,6,1,0,0,0,0,1,0,0,1,0,0,1,0,0,0,0
9757.13,2239.05,0,1,0,1,1,15,6,1,0,0,0,0,1,1,0,0,0,0,1,0,0,0,0
3496.5,4268.64,0,1,0,0,0,11,4,1,0,0,0,0,1,0,0,1,0,0,0,1,0,0,0
2582.79,3337.3,1,1,0,1,0,2,6,1,0,0,0,1,0,0,0,0,1,0,1,0,0,0,0
2225.21,2205.48,0,1,0,1,1,7,1,1,0,0,0,1,0,0,0,1,0,0,0,0,0,0,1
1589.0,3798.27,0,1,0,1,0,11,6,1,0,0,0,1,0,1,0,0,0,0,1,0,0,0,0
9991.37,4430.46,0,1,1,1,0,19,5,1,0,0,0,1,0,0,0,1,0,0,0,0,1,0,0
2951.8,3230.36,0,1,0,1,1,11,3,1,0,0,0,0,1,0,0,1,0,1,0,0,0,0,0
4055.73,1874.77,0,1,0,1,0,12,6,1,0,0,0,1,0,1,0,0,0,0,1,0,0,0,0
8713.69,3318.99,0,1,0,1,0,1,5,1,0,0,0,0,1,1,0,0,0,0,0,0,1,0,0
6419.23,3342.32,0,1,0,1,0,14,6,1,0,0,0,0,1,0,1,0,0,0,1,0,0,0,0
3687.58,3523.61,0,1,0,1,0,7,6,1,0,0,0,1,0,0,0,1,0,0,1,0,0,0,0
8983.39,4123.12,0,1,0,1,1,4,6,1,0,0,0,0,1,0,1,0,0,0,1,0,0,0,0
7497.49,4923.28,1,1,1,0,1,23,6,1,0,0,0,1,0,0,0,0,1,0,1,0,0,0,0
2279.78,1439.71,0,1,1,0,0,17,4,1,0,0,0,0,1,0,0,0,1,0,0,1,0,0,0
6437.75,1766.51,0,1,0,1,1,5,2,1,0,0,1,0,0,1,0,0,0,0,0,0,0,1,0
9224.06,4259.84,0,0,0,1,0,0,2,1,0,0,0,1,0,0,1,0,0,0,0,0,0,1,0
4965.11,3115.77,0,1,0,1,0,1,4,1,0,0,0,0,1,0,0,0,1,0,0,1,0,0,0
7336.39,3982.49,0,1,1,1,0,9,2,1,0,0,0,1,0,0,0,1,0,0,0,0,0,1,0
9711.07,2663.98,0,1,0,1,0,21,5,1,0,0,0,0,1,1,0,0,0,0,0,0,1,0,0
6904.45,4355.42,0,0,0,1,0,6,3,1,0,0,0,1,0,0,0,1,0,1,0,0,0,0,0
1025.28,2684.67,0,1,0,1,0,15,6,1,0,0,1,0,0,0,1,0,0,0,1,0,0,0,0
2446.35,4786.75,0,1,0,1,1,21,6,1,0,0,1,0,0,0,1,0,0,0,1,0,0,0,0
5951.37,2564.15,0,1,0,1,0,0,3,1,0,0,0,1,0,0,0,0,1,1,0,0,0,0,0
2756.28,2125.59,0,0,0,1,1,8,2,1,0,0,0,1,0,0,1,0,0,0,0,0,0,1,0
9575.46,1408.1,0,1,0,1,0,11,3,1,0,0,0,0,1,0,0,0,1,1,0,0,0,0,0
4054.11,4394.01,0,1,1,1,0,13,4,1,0,0,0,0,1,0,0,0,1,0,0,1,0,0,0
4572.85,4797.45,0,1,0,1,0,14,1,1,0,0,0,1,0,1,0,0,0,0,0,0,0,0,1
7016.32,4577.16,0,1,0,1,0,18,6,1,0,0,1,0,0,0,0,0,1,0,1,0,0,0,0
5242.97,4039.8,1,1,0,1,1,17,5,1,0,0,1,0,0,0,1,0,0,0,0,0,1,0,0
3822.08,2729.15,0,1,0,0,0,4,3,1,0,0,0,1,0,0,1,0,0,1,0,0,0,0,0
767.3,2231.98,0,0,0,1,0,22,5,1,0,0,0,0,1,1,0,0,0,0,0,0,1,0,0
5964.86,2138.27,0,1,0,1,0,20,5,1,0,0,0,1,0,0,1,0,0,0,0,0,1,0,0
8675.93,4038.25,0,1,0,0,0,14,2,1,0,0,0,1,0,1,0,0,0,0,0,0,0,1,0
6857.94,2379.46,0,1,0,1,0,19,1,1,0,0,1,0,0,1,0,0,0,0,0,0,0,0,1
3815.57,4140.47,0,1,0,1,0,8,1,1,0,0,1,0,0,1,0,0,0,0,0,0,0,0,1
1278.13,4929.11,0,1,0,0,1,16,4,1,0,0,0,0,1,1,0,0,0,0,0,1,0,0,0
8163.57,1755.38,0,1,1,1,1,17,5,1,0,0,0,0,1,1,0,0,0,0,0,0,1,0,0
9417.54,1456.45,1,1,0,0,1,12,5,1,0,0,0,1,0,0,0,0,1,0,0,0,1,0,0
3883.34,1477.82,0,1,0,1,0,1,1,1,0,0,0,1,0,0,1,0,0,0,0,0,0,0,1
7286.69,1235.99,0,1,0,1,0,8,5,1,0,0,0,1,0,1,0,0,0,0,0,0,1,0,0
4108.22,3763.71,0,1,0,1,0,22,4,1,0,0,0,1,0,0,0,1,0,0,0,1,0,0,0
5023.17,3371.93,0,1,0,1,0,22,6,1,0,0,1,0,0,0,0,1,0,0,1,0,0,0,0
8364.93,3257.91,0,1,0,1,0,9,1,1,0,0,0,0,1,0,0,1,0,0,0,0,0,0,1
835.16,3326.44,0,1,0,1,0,8,3,1,0,0,0,0,1,0,1,0,0,1,0,0,0,0,0
5303.82,1278.16,0,1,0,1,0,22,5,1,0,0,0,0,1,0,1,0,0,0,0,0,1,0,0
2146.99,2165.01,0,1,0,1,0,1,2,1,0,0,0,0,1,0,0,0,1,0,0,0,0,1,0
3398.72,2063.39,0,1,0,0,0,0,2,1,0,0,1,0,0,1,0,0,0,0,0,0,0,1,0
6444.64,2916.1,0,1,0,1,0,22,6,1,0,0,0,1,0,0,0,0,1,0,1,0,0,0,0
273.26,4515.99,0,1,1,1,0,22,5,1,0,0,0,0,1,0,0,0,1,0,0,0,1,0,0
5938.66,4888.65,1,1,0,0,0,2,6,1,0,0,0,0,1,1,0,0,0,0,1,0,0,0,0
2835.14,3448.19,0,1,0,0,0,13,6,1,0,0,0,1,0,0,0,0,1,0,1,0,0,0,0
6695.17,1987.17,0,0,0,1,0,23,4,1,0,0,1,0,0,1,0,0,0,0,0,1,0,0,0
1416.67,2522.74,0,1,0,1,0,22,5,1,0,0,1,0,0,1,0,0,0,0,0,0,1,0,0
7358.38,2301.65,0,1,0,0,0,8,2,1,0,0,0,0,1,1,0,0,0,0,0,0,0,1,0
6456.75,1816.27,0,1,1,1,0,20,6,1,0,0,0,0,1,0,0,1,0,0,1,0,0,0,0
9712.45,4914.02,1,1,0,1,0,20,5,1,0,0,0,0,1,0,1,0,0,0,0,0,1,0,0
9112.44,1526.24,0,1,0,1,0,14,6,1,0,0,1,0,0,1,0,0,0,0,1,0,0,0,0
2833.75,3265.68,0,1,0,0,1,7,3,1,0,0,0,0,1,1,0,0,0,1,0,0,0,0,0
274.14,4194.7,0,1,0,0,0,8,1,1,0,0,0,1,0,0,0,0,1,0,0,0,0,0,1
6554.03,4758.32,0,1,0,0,0,0,1,1,0,0,1,0,0,0,0,1,0,0,0,0,0,0,1
6029.27,1803.81,0,1,0,1,0,6,2,1,0,0,1,0,0,0,0,0,1,0,0,0,0,1,0
275.26,1769.09,0,1,0,1,0,16,6,1,0,0,0,1,0,0,0,0,1,0,1,0,0,0,0
1227.65,2988.81,0,1,0,1,0,12,1,1,0,0,0,1,0,0,0,1,0,0,0,0,0,0,1
5847.43,2537.39,0,1,0,0,0,1,6,1,0,0,1,0,0,0,0,0,1,0,1,0,0,0,0
9118.36,1997.34,0,1,0,1,0,22,3,1,0,0,0,0,1,0,0,0,1,1,0,0,0,0,0
9065.1,1377.58,0,1,0,1,0,18,5,1,0,0,1,0,0,1,0,0,0,0,0,0,1,0,0
1515.7,2458.58,0,1,0,0,0,16,3,1,0,0,0,0,1,0,0,1,0,1,0,0,0,0,0
3846.35,2126.28,0,1,0,0,0,16,4,1,0,0,0,1,0,0,0,1,0,0,0,1,0,0,0
432.99,1688.09,0,0,0,0,0,18,1,1,0,0,0,0,1,0,0,1,0,0,0,0,0,0,1
4693.25,2472.64,0,0,0,1,1,7,1,1,0,0,0,1,0,0,0,0,1,0,0,0,0,0,1
7531.08,1326.53,0,1,0,1,0,11,6,1,0,0,0,0,1,0,1,0,0,0,1,0,0,0,0
7899.94,4668.46,0,1,0,0,0,13,3,1,0,0,0,0,1,0,0,0,1,1,0,0,0,0,0
4990.4,3396.01,0,1,0,1,1,3,3,1,0,0,0,1,0,0,1,0,0,1,0,0,0,0,0
959.6,2916.98,0,1,0,0,0,22,2,1,0,0,0,0,1,0,0,1,0,0,0,0,0,1,0
3814.26,1518.66,0,1,0,0,1,9,3,1,0,0,1,0,0,0,0,0,1,1,0,0,0,0,0
9321.09,4109.76,0,1,0,1,0,16,3,1,0,0,0,0,1,0,1,0,0,1,0,0,0,0,0
2296.9,1301.63,1,1,0,1,0,17,4,1,0,0,1,0,0,0,0,1,0,0,0,1,0,0,0
3198.22,4940.37,0,1,0,1,0,22,6,1,0,0,0,1,0,0,0,0,1,0,1,0,0,0,0
7468.52,4370.97,0,0,0,1,0,1,5,1,0,0,0,0,1,0,0,1,0,0,0,0,1,0,0
7336.07,2883.89,0,0,0,1,0,8,5,1,0,0,0,0,1,0,1,0,0,0,0,0,1,0,0
9122.11,3687.24,0,1,0,1,0,7,4,1,0,0,1,0,0,0,0,1,0,0,0,1,0,0,0
3881.8,1355.69,0,1,0,0,0,2,6,1,0,0,1,0,0,0,1,0,0,0,1,0,0,0,0
5146.47,2954.13,0,0,1,0,0,4,5,1,0,0,0,1,0,0,0,0,1,0,0,0,1,0,0
4674.46,4278.27,1,1,0,0,0,15,1,1,0,0,1,0,0,0,1,0,0,0,0,0,0,0,1
9277.59,1312.78,0,1,0,0,0,0,3,1,0,0,1,0,0,0,0,1,0,1,0,0,0,0,0
7693.54,1868.15,0,1,0,0,0,23,4,1,0,0,1,0,0,0,0,1,0,0,0,1,0,0,0
8314.59,4109.2,0,1,0,0,1,17,6,1,0,0,0,0,1,0,1,0,0,0,1,0,0,0,0
1331.85,2833.64,0,1,0,1,0,19,6,1,0,0,0,0,1,1,0,0,0,0,1,0,0,0,0
7918.68,3659.82,0,1,0,1,0,17,5,1,0,0,0,0,1,0,0,1,0,0,0,0,1,0,0
4330.35,4272.58,0,0,0,1,0,22,3,1,0,0,0,0,1,0,0,1,0,1,0,0,0,0,0
234.36,1581.82,0,1,0,1,0,4,3,1,0,0,0,0,1,1,0,0,0,1,0,0,0,0,0
601.82,2874.21,0,1,0,1,0,12,6,1,0,0,1,0,0,0,1,0,0,0,1,0,0,0,0
6779.4,3250.38,0,0,0,0,0,5,4,1,0,0,1,0,0,0,0,1,0,0,0,1,0,0,0
3720.75,3459.95,0,0,0,1,0,13,2,1,0,0,0,0,1,0,0,1,0,0,0,0,0,1,0
8681.29,4391.07,0,1,0,1,0,20,3,1,0,0,0,0,1,1,0,0,0,1,0,0,0,0,0
7343.0,2905.46,0,1,0,0,1,13,4,1,0,0,0,1,0,0,0,0,1,0,0,1,0,0,0
217.78,2268.93,0,1,0,1,0,3,4,1,0,0,0,1,0,0,1,0,0,0,0,1,0,0,0
6869.2,4209.57,0,1,0,1,0,5,3,1,0,0,1,0,0,0,0,1,0,1,0,0,0,0,0
1924.33,4587.5,0,1,0,0,0,13,4,1,0,0,0,1,0,0,0,0,1,0,0,1,0,0,0
4226.4,2434.69,1,0,0,0,0,11,4,1,0,0,1,0,0,0,0,1,0,0,0,1,0,0,0
6247.73,3905.36,0,1,0,1,1,18,6,1,0,0,0,1,0,0,0,1,0,0,1,0,0,0,0
8727.31,1847.64,0,1,0,0,1,4,4,1,0,0,0,0,1,0,0,0,1,0,0,1,0,0,0
4561.52,1360.32,1,1,0,1,0,17,2,1,0,0,0,0,1,1,0,0,0,0,0,0,0,1,0
8085.1,2506.14,0,0,0,1,0,17,2,1,0,0,1,0,0,0,1,0,0,0,0,0,0,1,0
7829.87,2627.84,0,1,0,1,1,21,1,1,0,0,1,0,0,1,0,0,0,0,0,0,0,0,1
4145.97,1456.05,0,1,0,1,0,4,1,1,0,0,1,0,0,0,0,1,0,0,0,0,0,0,1
5010.3,1409.05,0,1,0,0,0,17,5,1,0,0,1,0,0,1,0,0,0,0,0,0,1,0,0
7005.15,3824.87,0,1,0,1,1,14,4,1,0,0,0,1,0,0,0,1,0,0,0,1,0,0,0
312.45,3875.26,0,1,0,1,0,0,3,1,0,0,0,0,1,0,0,1,0,1,0,0,0,0,0
8908.22,1289.99,0,1,0,1,0,12,5,1,0,0,0,1,0,0,0,0,1,0,0,0,1,0,0
7698.39,3027.01,0,1,0,1,0,13,3,1,0,0,0,0,1,0,0,0,1,1,0,0,0,0,0
2494.91,3238.69,0,0,0,1,0,12,1,1,0,0,0,0,1,1,0,0,0,0,0,0,0,0,1
9811.82,2994.37,0,1,0,1,0,16,3,1,0,0,0,1,0,0,0,0,1,1,0,0,0,0,0
1794.72,4916.76,0,1,0,0,0,13,2,1,0,0,1,0,0,0,0,1,0,0,0,0,0,1,0
9140.95,2830.89,1,1,0,1,0,16,5,1,0,0,0,1,0,1,0,0,0,0,0,0,1,0,0
3245.41,3181.08,0,1,0,1,0,19,5,1,0,0,0,1,0,0,0,0,1,0,0,0,1,0,0
7631.7,2240.68,0,1,0,1,0,3,4,1,0,0,0,1,0,1,0,0,0,0,0,1,0,0,0
4564.31,2009.07,0,1,0,0,0,2,6,1,0,0,0,0,1,0,1,0,0,0,1,0,0,0,0
7364.94,4275.81,0,1,0,0,0,12,1,1,0,0,1,0,0,1,0,0,0,0,0,0,0,0,1
1558.67,4711.7,0,0,0,1,1,21,2,1,0,0,0,0,1,0,1,0,0,0,0,0,0,1,0
2695.8,2287.0,0,1,0,1,0,18,1,1,0,0,0,1,0,0,0,1,0,0,0,0,0,0,1
999.48,4390.87,0,1,0,0,0,17,2,1,0,0,0,1,0,1,0,0,0,0,0,0,0,1,0
8651.57,2686.94,0,1,0,1,0,18,2,1,0,0,0,0,1,0,0,1,0,0,0,0,0,1,0
2963.63,3098.06,0,1,0,1,0,4,3,1,0,0,0,0,1,0,0,1,0,1,0,0,0,0,0
6945.07,1712.51,0,1,0,1,1,19,5,1,0,0,1,0,0,1,0,0,0,0,0,0,1,0,0
8202.39,3337.68,0,1,0,1,0,10,5,1,0,0,0,1,0,0,0,0,1,0,0,0,1,0,0
9014.28,4810.61,0,1,0,0,0,0,5,1,0,0,0,0,1,0,0,0,1,0,0,0,1,0,0
1063.86,1202.24,0,1,0,1,1,10,3,1,0,0,0,0,1,1,0,0,0,1,0,0,0,0,0
8930.26,2045.15,0,1,0,1,1,1,3,1,0,0,0,0,1,0,1,0,0,1,0,0,0,0,0
1973.33,3777.52,0,0,0,1,0,23,2,1,0,0,0,0,1,0,0,1,0,0,0,0,0,1,0
7369.28,2074.78,0,1,0,0,0,21,6,1,0,0,0,1,0,0,1,0,0,0,1,0,0,0,0
7288.76,2471.88,0,1,0,1,0,18,5,1,0,0,1,0,0,0,0,1,0,0,0,0,1,0,0
86.02,2160.37,0,1,1,1,0,12,6,1,0,0,0,0,1,1,0,0,0,0,1,0,0,0,0
2207.02,4869.88,1,1,0,0,0,3,6,1,0,0,0,0,1,1,0,0,0,0,1,0,0,0,0
4919.59,2948.49,0,1,0,1,0,7,4,1,0,0,1,0,0,0,0,0,1,0,0,1,0,0,0
4200.93,1535.4,0,1,0,1,0,21,4,1,0,0,0,1,0,0,0,1,0,0,0,1,0,0,0
9185.82,1489.15,0,0,0,1,0,17,6,1,0,0,0,0,1,0,0,1,0,0,1,0,0,0,0
3598.05,2241.39,0,1,0,1,1,21,5,1,0,0,1,0,0,0,1,0,0,0,0,0,1,0,0
9369.9,2603.94,0,1,0,1,0,16,5,1,0,0,1,0,0,1,0,0,0,0,0,0,1,0,0
4594.83,2155.46,0,1,0,1,0,22,3,1,0,0,0,1,0,0,0,1,0,1,0,0,0,0,0
9643.56,3202.17,0,1,0,1,0,9,2,1,0,0,1,0,0,1,0,0,0,0,0,0,0,1,0
7373.81,4487.19,0,1,0,1,0,23,2,1,0,0,0,1,0,0,0,1,0,0,0,0,0,1,0
8293.52,4152.69,0,1,0,1,0,20,3,1,0,0,1,0,0,0,1,0,0,1,0,0,0,0,0
1049.66,3315.95,1,1,0,1,1,14,3,1,0,0,0,0,1,0,0,0,1,1,0,0,0,0,0
5861.83,3897.0,0,1,0,1,1,12,2,1,0,0,0,1,0,0,0,1,0,0,0,0,0,1,0
1427.86,3649.7,1,1,0,0,0,19,1,1,0,0,1,0,0,1,0,0,0,0,0,0,0,0,1
2976.91,1263.86,0,0,0,0,0,10,4,1,0,0,0,0,1,0,1,0,0,0,0,1,0,0,0
6236.03,3538.8,0,1,0,1,0,21,6,1,0,0,1,0,0,1,0,0,0,0,1,0,0,0,0
7262.53,4488.28,0,1,0,0,1,21,5,1,0,0,0,0,1,0,0,1,0,0,0,0,1,0,0
392.8,4320.14,0,0,0,1,0,15,4,1,0,0,0,1,0,0,0,0,1,0,0,1,0,0,0
5309.91,2880.2,0,1,0,1,0,13,4,1,0,0,0,0,1,0,1,0,0,0,0,1,0,0,0
5653.57,2303.59,0,1,0,1,0,20,1,1,0,0,1,0,0,0,0,0,1,0,0,0,0,0,1
789.2,2511.3,0,1,1,1,0,0,2,1,0,0,0,0,1,0,0,0,1,0,0,0,0,1,0
5007.38,3263.2,0,1,0,1,0,8,2,1,0,0,0,0,1,1,0,0,0,0,0,0,0,1,0
7138.71,2638.45,0,1,0,1,0,15,2,1,0,0,0,1,0,1,0,0,0,0,0,0,0,1,0
533.22,2393.91,0,1,0,1,0,23,2,1,0,0,0,0,1,0,1,0,0,0,0,0,0,1,0
7602.92,1474.46,0,1,0,1,1,22,3,1,0,0,0,0,1,0,0,0,1,1,0,0,0,0,0
5764.69,1424.66,0,1,0,0,0,16,1,1,0,0,1,0,0,0,0,1,0,0,0,0,0,0,1
8332.44,1117.49,0,1,0,1,1,0,2,1,0,0,1,0,0,0,0,1,0,0,0,0,0,1,0
2181.41,4975.57,0,1,0,1,0,17,3,1,0,0,0,1,0,0,0,1,0,1,0,0,0,0,0
8332.9,2450.64,0,1,0,0,0,13,4,1,0,0,0,1,0,0,0,1,0,0,0,1,0,0,0
946.52,1290.65,0,1,0,1,0,4,2,1,0,0,0,1,0,1,0,0,0,0,0,0,0,1,0
4038.89,3270.59,0,1,0,1,0,17,6,1,0,0,1,0,0,0,0,0,1,0,1,0,0,0,0
1995.65,3700.2,1,0,0,0,0,13,6,1,0,0,0,0,1,0,0,0,1,0,1,0,0,0,0
8760.33,3723.11,0,0,0,0,0,8,1,1,0,0,0,1,0,0,1,0,0,0,0,0,0,0,1
7049.49,4877.65,0,1,0,1,0,18,4,1,0,0,1,0,0,0,0,1,0,0,0,1,0,0,0
254.59,1852.95,0,1,0,0,1,21,5,1,0,0,1,0,0,0,0,0,1,0,0,0,1,0,0
96.22,4578.92,0,1,0,0,1,17,3,1,0,0,0,1,0,1,0,0,0,1,0,0,0,0,0
2913.2,4624.75,0,1,0,1,0,15,1,1,0,0,1,0,0,0,1,0,0,0,0,0,0,0,1
1433.69,2831.05,0,1,0,1,0,2,3,1,0,0,0,0,1,0,0,1,0,1,0,0,0,0,0
6303.41,4811.2,0,0,0,1,0,4,4,1,0,0,1,0,0,0,1,0,0,0,0,1,0,0,0
6638.31,1807.04,0,1,0,1,0,10,3,1,0,0,1,0,0,0,0,0,1,1,0,0,0,0,0
9419.57,2358.03,0,1,0,0,1,18,1,1,0,0,0,0,1,1,0,0,0,0,0,0,0,0,1
9520.45,4037.6,1,1,0,1,0,10,1,1,0,0,0,1,0,0,0,0,1,0,0,0,0,0,1
6589.31,4780.42,0,1,0,1,0,7,2,1,0,0,1,0,0,0,1,0,0,0,0,0,0,1,0
57.75,1311.62,0,1,1,1,0,8,2,1,0,0,0,0,1,1,0,0,0,0,0,0,0,1,0
3590.62,3690.91,0,1,0,1,1,18,5,1,0,0,0,1,0,0,0,0,1,0,0,0,1,0,0
5131.9,4772.68,0,1,1,1,0,1,1,1,0,0,0,0,1,0,0,0,1,0,0,0,0,0,1
4992.3,1411.8,0,1,0,0,0,18,4,1,0,0,1,0,0,1,0,0,0,0,0,1,0,0,0
6033.8,1732.28,0,1,0,1,0,9,4,1,0,0,0,0,1,0,0,0,1,0,0,1,0,0,0
9605.55,3709.11,0,0,0,1,0,15,3,1,0,0,0,1,0,0,0,1,0,1,0,0,0,0,0
8852.04,3528.56,0,0,0,1,0,18,2,1,0,0,0,1,0,0,0,0,1,0,0,0,0,1,0
1089.97,2193.73,0,1,0,0,0,7,4,1,0,0,0,1,0,0,1,0,0,0,0,1,0,0,0
2660.54,4746.23,1,1,1,1,0,3,4,1,0,0,0,0,1,0,0,0,1,0,0,1,0,0,0
8331.26,2546.46,0,1,0,1,0,8,6,1,0,0,0,0,1,1,0,0,0,0,1,0,0,0,0
8243.24,2365.46,1,1,0,0,0,4,3,1,0,0,0,1,0,0,0,1,0,1,0,0,0,0,0
2754.43,4364.99,0,1,0,1,1,12,1,1,0,0,0,1,0,0,0,0,1,0,0,0,0,0,1
7306.15,3246.65,0,1,0,1,0,9,1,1,0,0,0,1,0,0,0,0,1,0,0,0,0,0,1
6720.7,2768.17,0,0,0,1,0,20,6,1,0,0,1,0,0,0,1,0,0,0,1,0,0,0,0
4735.77,3179.0,0,1,0,1,0,19,3,1,0,0,1,0,0,0,1,0,0,1,0,0,0,0,0
2015.35,3867.72,0,1,0,1,0,6,2,1,0,0,1,0,0,0,0,0,1,0,0,0,0,1,0
8886.54,1333.58,0,1,0,1,0,23,5,1,0,0,0,1,0,0,1,0,0,0,0,0,1,0,0
6778.83,2334.61,0,0,0,1,0,9,1,1,0,0,1,0,0,0,0,0,1,0,0,0,0,0,1
1690.76,4442.06,0,1,0,1,0,15,6,1,0,0,0,1,0,1,0,0,0,0,1,0,0,0,0
7048.32,3930.06,0,1,0,0,0,10,2,1,0,0,0,0,1,0,0,0,1,0,0,0,0,1,0
7414.6,1294.92,0,1,0,1,0,7,6,1,0,0,0,1,0,1,0,0,0,0,1,0,0,0,0
8868.92,2841.1,0,1,0,0,0,19,4,1,0,0,0,1,0,0,0,1,0,0,0,1,0,0,0
2229.17,2231.82,0,1,0,1,0,19,1,1,0,0,1,0,0,1,0,0,0,0,0,0,0,0,1
9887.55,4171.68,0,1,0,1,0,23,5,1,0,0,0,0,1,0,0,1,0,0,0,0,1,0,0
1534.78,1575.25,0,1,0,1,0,16,2,1,0,0,0,0,1,0,0,1,0,0,0,0,0,1,0
6007.29,1579.59,0,1,0,1,1,12,5,1,0,0,0,0,1,0,0,1,0,0,0,0,1,0,0
6572.11,3966.4,0,1,0,1,0,23,4,1,0,0,1,0,0,0,1,0,0,0,0,1,0,0,0
4190.11,4948.58,0,1,0,1,0,0,1,1,0,0,1,0,0,0,0,0,1,0,0,0,0,0,1
4750.9,2560.02,0,1,0,0,0,22,5,1,0,0,1,0,0,1,0,0,0,0,0,0,1,0,0
8909.21,4453.99,0,1,0,1,0,13,5,1,0,0,1,0,0,0,0,1,0,0,0,0,1,0,0
6453.1,2592.41,0,1,0,0,1,6,4,1,0,0,1,0,0,1,0,0,0,0,0,1,0,0,0
4970.51,3627.11,1,0,0,1,0,11,5,1,0,0,0,1,0,0,0,1,0,0,0,0,1,0,0
1284.37,2946.9,0,1,0,1,1,0,2,1,0,0,0,0,1,0,1,0,0,0,0,0,0,1,0
74.37,3972.96,0,1,0,1,1,11,3,1,0,0,1,0,0,0,0,1,0,1,0,0,0,0,0
1250.56,1228.83,0,1,0,1,0,13,4,1,0,0,0,0,1,0,0,1,0,0,0,1,0,0,0
9561.89,3198.02,0,1,0,1,0,2,6,1,0,0,1,0,0,0,0,0,1,0,1,0,0,0,0
7641.1,4993.46,0,1,0,0,0,6,2,1,0,0,0,1,0,1,0,0,0,0,0,0,0,1,0
9671.2,4006.35,0,1,0,0,1,7,3,1,0,0,0,0,1,0,0,0,1,1,0,0,0,0,0
358.05,1920.93,0,1,0,1,1,21,6,1,0,0,1,0,0,0,1,0,0,0,1,0,0,0,0
6802.52,2222.76,0,1,0,1,1,11,6,1,0,0,0,1,0,1,0,0,0,0,1,0,0,0,0
443.89,3756.69,0,1,0,1,1,1,4,1,0,0,0,1,0,0,1,0,0,0,0,1,0,0,0
7820.78,1595.63,0,1,0,0,0,19,4,1,0,0,0,0,1,0,0,1,0,0,0,1,0,0,0
3810.12,1028.36,0,1,0,1,0,10,5,1,0,0,1,0,0,0,1,0,0,0,0,0,1,0,0
958.56,4091.4,0,1,0,1,0,11,5,1,0,0,0,1,0,1,0,0,0,0,0,0,1,0,0
5680.9,3397.92,0,1,1,1,0,22,1,1,0,0,0,1,0,1,0,0,0,0,0,0,0,0,1
2801.92,3691.59,0,0,0,1,0,21,4,1,0,0,0,1,0,1,0,0,0,0,0,1,0,0,0
6596.08,1088.36,0,1,0,0,0,15,1,1,0,0,0,0,1,0,0,0,1,0,0,0,0,0,1
6582.09,2514.62,0,0,0,1,0,1,5,1,0,0,0,0,1,0,0,1,0,0,0,0,1,0,0
7050.37,3127.04,0,1,0,1,0,2,3,1,0,0,1,0,0,1,0,0,0,1,0,0,0,0,0
9924.66,3791.32,1,0,0,1,0,21,5,1,0,0,1,0,0,0,1,0,0,0,0,0,1,0,0
3867.59,4378.31,0,1,0,0,0,2,4,1,0,0,0,0,1,0,1,0,0,0,0,1,0,0,0
4653.69,2146.17,0,0,0,0,0,8,2,1,0,0,0,0,1,0,1,0,0,0,0,0,0,1,0
8046.31,4627.91,0,1,0,1,0,16,6,1,0,0,0,0,1,1,0,0,0,0,1,0,0,0,0
5784.12,3688.57,0,1,0,1,0,3,4,1,0,0,0,1,0,1,0,0,0,0,0,1,0,0,0
373.53,2594.12,0,1,0,0,0,12,5,1,0,0,0,0,1,0,1,0,0,0,0,0,1,0,0
8430.94,3647.41,0,1,0,1,0,18,4,1,0,0,1,0,0,0,1,0,0,0,0,1,0,0,0
515.94,3644.4,0,0,0,0,1,20,4,1,0,0,0,1,0,0,0,1,0,0,0,1,0,0,0
1709.03,1854.47,0,1,0,0,0,11,3,1,0,0,0,0,1,1,0,0,0,1,0,0,0,0,0
1021.7,1024.67,0,1,0,0,1,15,5,1,0,0,1,0,0,0,1,0,0,0,0,0,1,0,0
780.19,1490.45,0,1,0,1,0,18,4,1,0,0,0,0,1,1,0,0,0,0,0,1,0,0,0
257.82,4819.79,0,1,0,1,0,19,3,1,0,0,1,0,0,0,0,1,0,1,0,0,0,0,0
551.22,4433.27,0,1,0,0,0,23,6,1,0,0,0,1,0,0,0,0,1,0,1,0,0,0,0
4424.95,1689.52,0,1,0,1,1,19,2,1,0,0,0,1,0,1,0,0,0,0,0,0,0,1,0
2529.27,3637.96,0,0,0,1,0,14,6,1,0,0,1,0,0,1,0,0,0,0,1,0,0,0,0
1266.24,4664.69,0,1,0,1,0,3,1,1,0,0,1,0,0,0,0,1,0,0,0,0,0,0,1
6587.4,4664.23,0,1,0,0,0,14,3,1,0,0,0,1,0,1,0,0,0,1,0,0,0,0,0
2261.89,3257.67,0,1,1,0,0,0,5,1,0,0,0,1,0,0,1,0,0,0,0,0,1,0,0
190.47,3894.0,0,1,1,1,0,4,4,1,0,0,1,0,0,0,0,1,0,0,0,1,0,0,0
4184.78,2576.25,0,1,0,1,0,3,6,1,0,0,1,0,0,0,0,0,1,0,1,0,0,0,0
3105.02,1288.5,0,1,0,1,0,21,4,1,0,0,0,0,1,0,0,1,0,0,0,1,0,0,0
3186.73,3115.01,0,1,0,0,0,2,2,1,0,0,0,0,1,0,1,0,0,0,0,0,0,1,0
4453.26,2272.64,0,1,0,0,0,15,5,1,0,0,0,1,0,1,0,0,0,0,0,0,1,0,0
6689.47,2627.89,0,1,0,1,1,9,2,1,0,0,0,1,0,0,0,1,0,0,0,0,0,1,0
6165.17,1695.42,0,1,0,0,0,2,6,1,0,0,0,0,1,0,1,0,0,0,1,0,0,0,0
9372.68,3940.41,0,1,0,1,0,9,2,1,0,0,0,0,1,0,1,0,0,0,0,0,0,1,0
5177.65,4793.05,0,1,0,1,0,3,1,1,0,0,0,1,0,0,1,0,0,0,0,0,0,0,1
4726.23,3802.98,0,1,0,1,0,16,4,1,0,0,0,1,0,0,0,1,0,0,0,1,0,0,0
2134.93,2969.14,0,1,0,1,0,21,6,1,0,0,1,0,0,0,0,1,0,0,1,0,0,0,0
7554.06,2677.36,0,1,0,1,1,17,2,1,0,0,1,0,0,0,0,1,0,0,0,0,0,1,0
1408.62,3203.93,1,0,0,1,1,12,5,1,0,0,0,1,0,0,0,0,1,0,0,0,1,0,0
4911.84,3605.14,0,1,0,1,0,6,3,1,0,0,0,0,1,0,1,0,0,1,0,0,0,0,0
4213.8,1506.92,0,1,0,0,1,2,5,1,0,0,1,0,0,0,0,1,0,0,0,0,1,0,0
6583.35,4162.62,0,1,1,0,0,8,4,1,0,0,0,1,0,0,0,1,0,0,0,1,0,0,0
9176.3,1021.61,0,1,0,1,0,17,3,1,0,0,0,0,1,1,0,0,0,1,0,0,0,0,0
9466.01,4380.33,0,1,1,1,0,9,3,1,0,0,0,0,1,1,0,0,0,1,0,0,0,0,0
1678.82,3009.21,0,0,0,1,1,2,6,1,0,0,0,1,0,0,0,1,0,0,1,0,0,0,0
2618.91,2738.39,0,1,0,1,0,17,2,1,0,0,1,0,0,0,0,1,0,0,0,0,0,1,0
8116.54,1483.6,0,1,0,1,1,6,4,1,0,0,1,0,0,0,0,0,1,0,0,1,0,0,0
5183.28,3336.83,0,1,0,1,0,4,4,1,0,0,0,1,0,1,0,0,0,0,0,1,0,0,0
4530.89,1356.05,0,1,0,1,0,10,5,1,0,0,0,0,1,0,0,0,1,0,0,0,1,0,0
7106.54,4463.85,1,1,0,1,0,3,3,1,0,0,1,0,0,0,0,1,0,1,0,0,0,0,0
6019.65,2209.13,0,1,0,0,0,5,4,1,0,0,0,1,0,0,0,0,1,0,0,1,0,0,0
9707.17,1690.17,0,1,0,1,0,3,4,1,0,0,1,0,0,0,1,0,0,0,0,1,0,0,0
5840.16,2004.73,1,1,0,1,0,1,4,1,0,0,0,1,0,0,0,0,1,0,0,1,0,0,0
4660.27,3132.64,0,0,0,1,1,16,6,1,0,0,1,0,0,1,0,0,0,0,1,0,0,0,0
5428.63,3239.83,0,0,0,1,0,8,3,1,0,0,1,0,0,1,0,0,0,1,0,0,0,0,0
8085.59,2353.77,0,1,0,0,1,11,1,1,0,0,1,0,0,1,0,0,0,0,0,0,0,0,1
6127.14,4153.43,0,0,0,1,0,6,4,1,0,0,0,1,0,1,0,0,0,0,0,1,0,0,0
6470.83,2511.7,0,1,0,1,0,1,2,1,0,0,0,1,0,0,0,1,0,0,0,0,0,1,0
9714.42,2750.13,0,1,1,0,0,0,1,1,0,0,0,0,1,1,0,0,0,0,0,0,0,0,1
6184.34,1520.26,0,1,0,0,1,12,4,1,0,0,1,0,0,0,0,1,0,0,0,1,0,0,0
3803.47,1542.45,0,0,1,1,0,12,6,1,0,0,1,0,0,0,1,0,0,0,1,0,0,0,0
6913.57,1404.9,0,0,0,1,0,13,4,1,0,0,0,1,0,1,0,0,0,0,0,1,0,0,0
6594.93,1586.17,0,1,0,1,1,19,1,1,0,0,1,0,0,0,1,0,0,0,0,0,0,0,1
139.46,4600.77,0,1,0,0,0,3,2,1,0,0,0,1,0,0,1,0,0,0,0,0,0,1,0
4673.83,3739.81,1,1,1,0,1,2,3,1,0,0,0,0,1,0,0,1,0,1,0,0,0,0,0
7429.29,3687.84,0,0,0,1,0,7,2,1,0,0,1,0,0,0,0,0,1,0,0,0,0,1,0
4990.92,1583.61,0,1,0,0,0,4,1,1,0,0,0,1,0,1,0,0,0,0,0,0,0,0,1
7796.43,3077.84,0,0,0,1,1,7,3,1,0,0,0,1,0,1,0,0,0,1,0,0,0,0,0
4509.39,2954.62,0,1,0,0,0,4,2,1,0,0,1,0,0,0,0,0,1,0,0,0,0,1,0
9833.23,2150.32,0,1,0,1,0,5,5,1,0,0,0,0,1,1,0,0,0,0,0,0,1,0,0
2929.62,2080.28,0,1,0,0,0,19,1,1,0,0,0,1,0,0,0,1,0,0,0,0,0,0,1
922.13,4049.83,0,0,0,1,0,23,1,1,0,0,1,0,0,0,0,0,1,0,0,0,0,0,1
4300.69,2192.66,0,1,0,0,0,6,5,1,0,0,0,0,1,1,0,0,0,0,0,0,1,0,0
5417.55,3369.97,0,1,0,1,0,22,4,1,0,0,0,1,0,1,0,0,0,0,0,1,0,0,0
3491.59,4677.82,0,1,0,1,1,21,4,1,0,0,0,0,1,0,0,1,0,0,0,1,0,0,0
2423.57,3055.57,0,1,0,0,0,1,2,1,0,0,0,1,0,1,0,0,0,0,0,0,0,1,0
6720.91,3415.89,0,0,0,0,0,4,5,1,0,0,1,0,0,0,0,1,0,0,0,0,1,0,0
3771.87,4500.89,1,1,0,1,0,10,6,1,0,0,1,0,0,0,1,0,0,0,1,0,0,0,0
6314.05,3884.06,0,1,1,1,1,6,3,1,0,0,1,0,0,1,0,0,0,1,0,0,0,0,0
7790.94,1053.97,0,1,0,1,0,10,6,1,0,0,0,0,1,0,0,0,1,0,1,0,0,0,0
7610.27,1579.41,0,0,0,0,1,4,6,1,0,0,0,0,1,0,0,1,0,0,1,0,0,0,0
3753.72,2076.16,0,1,0,1,0,13,3,1,0,0,1,0,0,0,0,1,0,1,0,0,0,0,0
5679.41,2721.6,0,1,0,1,0,8,5,1,0,0,0,1,0,1,0,0,0,0,0,0,1,0,0
4497.13,2104.28,0,1,0,1,1,14,6,1,0,0,0,0,1,0,0,1,0,0,1,0,0,0,0
8708.18,2845.45,0,1,0,0,1,18,3,1,0,0,0,0,1,0,1,0,0,1,0,0,0,0,0
8787.71,4135.23,0,1,1,1,0,20,4,1,0,0,0,1,0,0,0,1,0,0,0,1,0,0,0
3438.07,4891.83,0,1,0,1,0,18,5,1,0,0,0,1,0,0,1,0,0,0,0,0,1,0,0
918.28,3517.33,0,1,0,1,0,15,4,1,0,0,1,0,0,0,0,0,1,0,0,1,0,0,0
1676.66,4480.56,0,1,0,1,0,23,1,1,0,0,0,0,1,0,0,1,0,0,0,0,0,0,1
3670.65,2374.89,0,1,0,1,0,2,5,1,0,0,0,1,0,0,0,0,1,0,0,0,1,0,0
5642.94,1547.43,0,1,0,1,0,9,3,1,0,0,0,1,0,0,1,0,0,1,0,0,0,0,0
6568.21,4331.92,0,1,0,0,0,15,3,1,0,0,1,0,0,0,0,1,0,1,0,0,0,0,0
3314.38,4086.69,0,1,0,1,0,5,6,1,0,0,1,0,0,0,1,0,0,0,1,0,0,0,0
6675.32,1944.8,0,1,0,1,1,9,6,1,0,0,0,0,1,0,1,0,0,0,1,0,0,0,0
9377.46,3154.32,0,1,0,1,0,3,6,1,0,0,0,1,0,0,0,0,1,0,1,0,0,0,0
6520.49,4975.28,0,1,0,0,0,6,3,1,0,0,1,0,0,0,0,0,1,1,0,0,0,0,0
1586.49,4887.46,0,1,0,1,0,15,6,1,0,0,0,0,1,0,0,0,1,0,1,0,0,0,0
5797.11,2808.74,0,1,0,1,0,23,2,1,0,0,1,0,0,0,1,0,0,0,0,0,0,1,0
5419.41,2134.51,0,0,0,1,1,14,4,1,0,0,0,0,1,0,1,0,0,0,0,1,0,0,0
8707.13,2174.37,0,0,0,1,0,21,2,1,0,0,0,1,0,0,0,0,1,0,0,0,0,1,0
3503.68,4512.44,0,0,0,1,0,16,6,1,0,0,1,0,0,0,1,0,0,0,1,0,0,0,0
4230.03,3675.96,0,1,0,1,0,21,2,1,0,0,0,0,1,0,0,0,1,0,0,0,0,1,0
5986.99,3397.36,0,1,0,0,0,1,6,1,0,0,0,0,1,1,0,0,0,0,1,0,0,0,0
5244.73,2071.64,1,1,0,0,0,16,3,1,0,0,0,1,0,0,0,1,0,1,0,0,0,0,0
7190.45,2625.58,0,1,0,1,0,3,5,1,0,0,1,0,0,1,0,0,0,0,0,0,1,0,0
404.85,3230.88,1,1,0,1,0,9,4,1,0,0,0,0,1,0,1,0,0,0,0,1,0,0,0
5635.6,3084.5,1,1,0,1,0,18,4,1,0,0,0,0,1,0,0,1,0,0,0,1,0,0,0
1217.6,1210.68,0,1,0,0,1,2,6,1,0,0,0,0,1,0,1,0,0,0,1,0,0,0,0
3152.77,2947.1,0,1,1,1,0,2,3,1,0,0,0,0,1,0,1,0,0,1,0,0,0,0,0
6616.61,3442.08,0,1,0,1,0,22,4,1,0,0,1,0,0,0,0,1,0,0,0,1,0,0,0
1574.98,4150.53,0,1,0,1,0,18,6,1,0,0,1,0,0,0,1,0,0,0,1,0,0,0,0
3089.11,1514.44,0,1,0,1,0,2,5,1,0,0,0,0,1,0,1,0,0,0,0,0,1,0,0
7030.36,4298.34,0,1,0,0,0,19,3,1,0,0,1,0,0,0,1,0,0,1,0,0,0,0,0
6508.4,1371.7,0,0,0,0,0,20,1,1,0,0,1,0,0,0,0,0,1,0,0,0,0,0,1
911.31,2997.44,0,0,0,1,0,12,6,1,0,0,0,1,0,0,1,0,0,0,1,0,0,0,0
5773.11,1339.44,0,1,0,1,0,3,5,1,0,0,0,1,0,0,0,1,0,0,0,0,1,0,0
1473.4,4269.52,0,0,0,0,0,9,4,1,0,0,0,0,1,1,0,0,0,0,0,1,0,0,0
2523.46,2855.03,0,1,0,1,0,9,5,1,0,0,0,1,0,0,0,1,0,0,0,0,1,0,0
4592.65,3482.32,0,1,0,0,0,17,6,1,0,0,1,0,0,0,0,1,0,0,1,0,0,0,0
1094.36,2995.55,0,1,0,1,0,17,3,1,0,0,0,0,1,1,0,0,0,1,0,0,0,0,0
9936.48,2844.48,0,1,0,1,0,11,6,1,0,0,0,1,0,0,1,0,0,0,1,0,0,0,0
1654.53,1730.62,0,1,0,1,1,14,4,1,0,0,0,0,1,1,0,0,0,0,0,1,0,0,0
7813.34,4773.88,0,1,0,0,0,1,6,1,0,0,0,0,1,1,0,0,0,0,1,0,0,0,0
8298.56,3914.62,0,1,0,1,0,9,2,1,0,0,0,1,0,0,0,0,1,0,0,0,0,1,0
9944.65,3267.19,0,1,0,0,0,14,1,1,0,0,1,0,0,0,0,0,1,0,0,0,0,0,1
4287.1,1823.44,0,1,0,0,0,19,4,1,0,0,1,0,0,0,0,1,0,0,0,1,0,0,0
8741.07,2601.8,1,0,0,0,0,9,4,1,0,0,0,1,0,0,0,1,0,0,0,1,0,0,0
9575.44,2369.24,0,1,0,1,0,22,2,1,0,0,0,1,0,0,0,0,1,0,0,0,0,1,0
1729.77,4022.01,0,1,0,1,0,10,4,1,0,0,0,1,0,1,0,0,0,0,0,1,0,0,0
4794.88,1771.61,0,0,0,1,0,0,4,1,0,0,0,1,0,1,0,0,0,0,0,1,0,0,0
601.05,3669.11,0,1,0,1,0,17,2,1,0,0,0,0,1,1,0,0,0,0,0,0,0,1,0
6207.62,4610.13,0,1,0,1,1,10,6,1,0,0,1,0,0,0,1,0,0,0,1,0,0,0,0
5814.48,4353.7,0,1,1,1,0,10,4,1,0,0,1,0,0,0,0,0,1,0,0,1,0,0,0
2042.06,2357.77,0,1,1,1,0,13,4,1,0,0,0,1,0,0,1,0,0,0,0,1,0,0,0
7979.23,1606.92,0,1,0,0,0,4,4,1,0,0,1,0,0,1,0,0,0,0,0,1,0,0,0
373.65,2450.38,0,1,0,1,1,7,3,1,0,0,1,0,0,0,1,0,0,1,0,0,0,0,0
8062.47,2577.71,0,1,0,1,0,13,3,1,0,0,1,0,0,0,0,1,0,1,0,0,0,0,0
267.43,3149.3,0,1,0,1,0,10,4,1,0,0,0,1,0,0,0,0,1,0,0,1,0,0,0
6568.63,1180.93,0,1,0,1,0,16,3,1,0,0,0,1,0,1,0,0,0,1,0,0,0,0,0
788.62,3043.1,1,1,0,1,0,6,6,1,0,0,1,0,0,0,0,1,0,0,1,0,0,0,0
2513.0,3420.1,0,1,0,1,0,12,6,1,0,0,0,1,0,0,1,0,0,0,1,0,0,0,0
7219.41,4767.62,1,1,0,1,0,6,4,1,0,0,1,0,0,0,0,1,0,0,0,1,0,0,0
2804.77,3898.89,0,1,0,1,0,0,2,1,0,0,0,1,0,1,0,0,0,0,0,0,0,1,0
5112.23,1112.98,0,0,0,1,0,10,3,1,0,0,1,0,0,0,0,0,1,1,0,0,0,0,0
9152.57,1700.69,0,1,0,1,0,3,3,1,0,0,0,1,0,0,0,0,1,1,0,0,0,0,0
497.29,2901.76,0,0,0,1,0,14,3,1,0,0,1,0,0,1,0,0,0,1,0,0,0,0,0
8110.99,4903.7,0,1,0,0,0,4,3,1,0,0,0,1,0,0,0,0,1,1,0,0,0,0,0
653.65,3404.68,0,1,0,0,0,5,1,1,0,0,0,1,0,0,0,1,0,0,0,0,0,0,1
1268.82,4377.03,0,0,0,1,1,16,2,1,0,0,1,0,0,1,0,0,0,0,0,0,0,1,0
1194.07,1415.82,0,1,0,1,0,9,4,1,0,0,0,0,1,0,1,0,0,0,0,1,0,0,0
9941.03,2748.59,0,1,0,1,0,14,6,1,0,0,1,0,0,0,0,0,1,0,1,0,0,0,0
1802.68,1089.36,1,1,1,0,1,15,3,1,0,0,1,0,0,0,1,0,0,1,0,0,0,0,0
8967.72,1993.26,0,1,0,1,0,16,3,1,0,0,0,0,1,0,0,0,1,1,0,0,0,0,0
9909.33,4245.27,0,1,0,1,0,14,1,1,0,0,0,1,0,0,0,0,1,0,0,0,0,0,1
3838.46,3488.76,0,1,0,1,0,4,1,1,0,0,0,0,1,1,0,0,0,0,0,0,0,0,1
6310.85,2128.29,0,1,0,1,0,5,6,1,0,0,1,0,0,1,0,0,0,0,1,0,0,0,0
7791.13,4367.85,0,1,0,0,0,20,2,1,0,0,0,0,1,0,0,1,0,0,0,0,0,1,0
3927.06,3940.65,0,1,1,1,0,5,6,1,0,0,0,1,0,0,1,0,0,0,1,0,0,0,0
1618.98,3006.87,0,1,0,1,0,23,6,1,0,0,1,0,0,0,1,0,0,0,1,0,0,0,0
4338.19,1176.93,0,1,0,1,0,7,2,1,0,0,1,0,0,1,0,0,0,0,0,0,0,1,0
7719.1,4625.35,0,1,0,1,0,7,4,1,0,0,0,1,0,1,0,0,0,0,0,1,0,0,0
7807.85,3676.33,0,0,0,1,0,9,5,1,0,0,0,1,0,0,1,0,0,0,0,0,1,0,0
2306.16,4253.85,0,1,0,0,1,19,6,1,0,0,1,0,0,0,1,0,0,0,1,0,0,0,0
1750.48,4743.48,0,1,0,1,0,23,3,1,0,0,0,1,0,0,0,0,1,1,0,0,0,0,0
9205.69,1553.37,0,1,0,1,1,5,2,1,0,0,0,0,1,0,0,0,1,0,0,0,0,1,0
440.95,4011.35,0,1,0,1,0,9,3,1,0,0,0,0,1,1,0,0,0,1,0,0,0,0,0
7347.65,1618.25,0,0,0,1,1,8,6,1,0,0,0,0,1,0,1,0,0,0,1,0,0,0,0
465.17,3062.54,0,1,0,0,0,5,6,1,0,0,0,0,1,0,0,0,1,0,1,0,0,0,0
8379.16,3908.03,0,1,0,1,0,8,4,1,0,0,0,1,0,0,0,0,1,0,0,1,0,0,0
9054.24,3081.48,0,0,0,0,0,10,6,1,0,0,0,0,1,0,1,0,0,0,1,0,0,0,0
2974.89,2890.19,0,1,0,0,0,17,6,1,0,0,0,0,1,0,1,0,0,0,1,0,0,0,0
740.28,2133.42,0,1,0,1,0,1,3,1,0,0,1,0,0,1,0,0,0,1,0,0,0,0,0
4807.36,4072.13,0,1,1,1,0,3,1,1,0,0,0,1,0,0,1,0,0,0,0,0,0,0,1
2985.33,1357.58,0,1,0,1,0,19,3,1,0,0,0,1,0,1,0,0,0,1,0,0,0,0,0
4171.94,1926.89,1,1,0,1,0,14,6,1,0,0,0,1,0,0,0,0,1,0,1,0,0,0,0
6650.19,1180.73,1,1,0,1,0,19,2,1,0,0,1,0,0,0,0,1,0,0,0,0,0,1,0
2099.05,1708.37,0,1,0,1,1,19,4,1,0,0,1,0,0,0,0,1,0,0,0,1,0,0,0
3570.16,2630.59,0,1,0,1,1,1,5,1,0,0,0,1,0,0,1,0,0,0,0,0,1,0,0
7825.84,1119.13,0,0,0,1,0,20,4,1,0,0,0,0,1,1,0,0,0,0,0,1,0,0,0
6437.98,1907.48,0,1,0,1,0,4,2,1,0,0,1,0,0,0,0,1,0,0,0,0,0,1,0
3263.43,1162.72,0,1,0,1,0,20,5,1,0,0,1,0,0,0,0,0,1,0,0,0,1,0,0
6643.35,4502.96,0,1,0,1,0,6,5,1,0,0,1,0,0,0,0,0,1,0,0,0,1,0,0
7653.36,4559.96,1,1,0,0,0,12,3,1,0,0,0,1,0,1,0,0,0,1,0,0,0,0,0
5925.26,3794.11,0,1,0,1,0,3,1,1,0,0,0,0,1,0,0,1,0,0,0,0,0,0,1
2395.73,3378.03,0,1,0,1,0,14,6,1,0,0,1,0,0,0,0,0,1,0,1,0,0,0,0
3.45,4183.37,0,0,0,1,0,18,2,1,0,0,1,0,0,0,0,0,1,0,0,0,0,1,0
8028.69,2125.8,0,1,0,0,0,16,4,1,0,0,0,1,0,0,1,0,0,0,0,1,0,0,0
8226.51,3968.11,0,1,0,1,0,14,3,1,0,0,0,0,1,0,0,1,0,1,0,0,0,0,0
6976.35,2320.74,0,1,0,1,0,7,4,1,0,0,1,0,0,0,1,0,0,0,0,1,0,0,0
766.73,2771.73,0,1,0,1,0,17,4,1,0,0,0,1,0,0,0,0,1,0,0,1,0,0,0
5852.64,4920.25,1,1,0,1,1,1,2,1,0,0,0,1,0,0,0,0,1,0,0,0,0,1,0
8210.39,4383.34,0,1,0,1,1,19,6,1,0,0,1,0,0,0,0,1,0,0,1,0,0,0,0
3897.29,2674.64,0,1,0,1,0,22,5,1,0,0,0,1,0,0,0,1,0,0,0,0,1,0,0
1980.81,4620.14,0,1,0,1,0,11,1,1,0,0,0,1,0,1,0,0,0,0,0,0,0,0,1
5876.69,1389.13,0,0,0,1,0,17,6,1,0,0,1,0,0,0,0,1,0,0,1,0,0,0,0
8263.24,4611.57,0,1,0,0,1,2,1,1,0,0,0,1,0,1,0,0,0,0,0,0,0,0,1
489.65,4557.13,1,0,0,0,0,16,1,1,0,0,0,0,1,0,1,0,0,0,0,0,0,0,1
5969.92,3587.17,0,1,0,0,0,3,4,1,0,0,0,0,1,0,0,1,0,0,0,1,0,0,0
6432.09,2298.77,0,1,0,0,0,15,2,1,0,0,1,0,0,0,1,0,0,0,0,0,0,1,0
6024.07,4288.77,0,1,0,1,0,10,3,1,0,0,0,0,1,0,1,0,0,1,0,0,0,0,0
6500.69,2088.67,0,0,0,1,0,5,3,1,0,0,0,0,1,1,0,0,0,1,0,0,0,0,0
6314.12,1568.71,0,1,0,1,0,0,1,1,0,0,1,0,0,0,0,0,1,0,0,0,0,0,1
1304.91,3204.78,0,1,0,1,0,7,5,1,0,0,0,1,0,1,0,0,0,0,0,0,1,0,0
2350.13,1515.26,0,1,0,0,0,10,6,1,0,0,0,0,1,1,0,0,0,0,1,0,0,0,0
6190.32,2429.53,1,1,0,1,0,21,1,1,0,0,0,1,0,0,1,0,0,0,0,0,0,0,1
177.91,3319.04,0,0,0,1,0,21,1,1,0,0,1,0,0,0,0,0,1,0,0,0,0,0,1
6347.81,1830.2,0,1,0,0,0,10,5,1,0,0,0,0,1,0,0,1,0,0,0,0,1,0,0
6654.2,2655.1,0,1,0,0,1,4,6,1,0,0,1,0,0,0,0,1,0,0,1,0,0,0,0
2392.51,2232.42,0,1,0,1,1,15,3,1,0,0,0,1,0,0,1,0,0,1,0,0,0,0,0
5981.73,1617.47,0,1,0,1,0,13,4,1,0,0,1,0,0,1,0,0,0,0,0,1,0,0,0
5341.37,3535.37,0,1,0,1,0,10,5,1,0,0,0,0,1,0,0,1,0,0,0,0,1,0,0
2607.65,3400.8,0,1,1,0,1,9,3,1,0,0,1,0,0,1,0,0,0,1,0,0,0,0,0
4630.28,3236.03,0,0,0,0,0,3,6,1,0,0,1,0,0,0,0,0,1,0,1,0,0,0,0
9096.34,4724.73,0,1,0,1,0,14,3,1,0,0,1,0,0,0,0,1,0,1,0,0,0,0,0
4266.6,4706.11,0,1,0,1,0,12,2,1,0,0,0,1,0,0,0,1,0,0,0,0,0,1,0
6298.81,3289.49,0,1,0,0,0,15,1,1,0,0,0,1,0,0,0,1,0,0,0,0,0,0,1
354.47,3954.85,0,1,0,0,0,8,6,1,0,0,0,1,0,0,1,0,0,0,1,0,0,0,0
778.92,4219.77,0,1,0,1,0,14,3,1,0,0,0,1,0,0,0,0,1,1,0,0,0,0,0
814.0,1439.41,0,0,0,1,0,10,4,1,0,0,0,0,1,1,0,0,0,0,0,1,0,0,0
7782.63,4379.82,0,0,0,1,0,4,5,1,0,0,0,1,0,1,0,0,0,0,0,0,1,0,0
3503.22,1020.48,0,1,0,1,0,10,1,1,0,0,0,1,0,0,0,0,1,0,0,0,0,0,1
2276.89,1008.14,0,0,0,0,1,20,5,1,0,0,0,0,1,1,0,0,0,0,0,0,1,0,0
7473.5,2241.23,1,1,0,1,0,21,6,1,0,0,0,1,0,0,1,0,0,0,1,0,0,0,0
1700.43,4171.89,0,1,0,1,0,8,3,1,0,0,1,0,0,1,0,0,0,1,0,0,0,0,0
2465.68,4685.65,0,1,0,1,0,13,6,1,0,0,0,1,0,0,1,0,0,0,1,0,0,0,0
4309.88,2596.86,0,1,0,1,0,15,3,1,0,0,0,0,1,0,1,0,0,1,0,0,0,0,0
3315.05,3524.04,0,1,0,1,0,7,1,1,0,0,1,0,0,0,0,0,1,0,0,0,0,0,1
5854.34,2890.25,1,1,0,1,0,3,3,1,0,0,0,0,1,0,1,0,0,1,0,0,0,0,0
3379.07,2118.76,0,1,0,1,0,1,5,1,0,0,1,0,0,0,0,1,0,0,0,0,1,0,0
3930.12,4471.06,0,1,0,0,0,15,3,1,0,0,1,0,0,0,1,0,0,1,0,0,0,0,0
8629.0,3347.75,0,0,0,0,0,10,3,1,0,0,1,0,0,1,0,0,0,1,0,0,0,0,0
8845.43,3757.45,1,1,0,1,0,7,3,1,0,0,0,0,1,0,0,0,1,1,0,0,0,0,0
8277.28,3468.7,0,1,0,0,0,2,4,1,0,0,1,0,0,1,0,0,0,0,0,1,0,0,0
8648.44,1336.11,0,1,0,0,0,0,1,1,0,0,1,0,0,0,0,1,0,0,0,0,0,0,1
5697.72,4318.22,0,1,0,0,0,3,1,1,0,0,1,0,0,0,1,0,0,0,0,0,0,0,1
6462.69,1153.98,0,1,1,1,0,21,6,1,0,0,1,0,0,0,0,1,0,0,1,0,0,0,0
5572.17,3763.1,0,1,0,1,0,22,5,1,0,0,1,0,0,0,1,0,0,0,0,0,1,0,0
7856.1,1565.24,0,1,1,0,0,10,6,1,0,0,0,1,0,0,0,1,0,0,1,0,0,0,0
5510.45,3189.56,0,1,0,1,1,23,3,1,0,0,0,0,1,0,0,1,0,1,0,0,0,0,0
1111.66,1509.54,0,1,0,1,0,4,6,1,0,0,1,0,0,0,0,1,0,0,1,0,0,0,0
8095.99,4877.82,0,1,0,0,0,4,4,1,0,0,1,0,0,0,0,1,0,0,0,1,0,0,0
7606.09,2729.9,0,0,0,1,0,13,2,1,0,0,1,0,0,0,0,1,0,0,0,0,0,1,0
8203.19,4173.21,0,0,0,1,0,14,4,1,0,0,1,0,0,0,0,1,0,0,0,1,0,0,0
1905.1,4186.32,0,1,0,0,0,17,3,1,0,0,1,0,0,0,1,0,0,1,0,0,0,0,0
2716.9,1485.47,0,1,0,0,1,1,3,1,0,0,0,1,0,1,0,0,0,1,0,0,0,0,0
2958.22,3265.0,0,1,0,0,1,5,1,1,0,0,0,1,0,0,0,0,1,0,0,0,0,0,1
5081.3,4996.52,0,0,0,1,1,0,3,1,0,0,1,0,0,0,0,0,1,1,0,0,0,0,0
1339.64,2528.52,0,0,0,0,0,11,5,1,0,0,1,0,0,1,0,0,0,0,0,0,1,0,0
3854.43,1382.2,0,0,0,1,0,17,4,1,0,0,1,0,0,0,1,0,0,0,0,1,0,0,0
1822.4,4057.54,1,1,0,1,0,13,4,1,0,0,0,0,1,0,1,0,0,0,0,1,0,0,0
2648.36,3376.65,0,1,0,0,0,11,3,1,0,0,0,0,1,0,0,0,1,1,0,0,0,0,0
7064.17,3857.56,0,1,0,0,0,23,6,1,0,0,0,1,0,0,0,0,1,0,1,0,0,0,0
8548.26,3128.2,0,1,0,0,0,0,1,1,0,0,0,1,0,0,0,1,0,0,0,0,0,0,1
230.04,2076.3,0,0,0,1,1,1,5,1,0,0,0,0,1,1,0,0,0,0,0,0,1,0,0
5659.4,2872.27,0,1,0,1,0,19,6,1,0,0,1,0,0,0,0,1,0,0,1,0,0,0,0
361.56,3342.54,0,0,0,0,0,22,3,1,0,0,0,1,0,0,0,1,0,1,0,0,0,0,0
853.41,1950.15,1,1,0,1,0,9,3,1,0,0,1,0,0,0,0,1,0,1,0,0,0,0,0
7051.14,4416.3,0,1,0,1,0,22,3,1,0,0,1,0,0,1,0,0,0,1,0,0,0,0,0
7356.35,2645.82,0,1,0,1,0,5,2,1,0,0,0,1,0,1,0,0,0,0,0,0,0,1,0
8139.99,3860.86,0,1,0,1,1,15,3,1,0,0,0,0,1,1,0,0,0,1,0,0,0,0,0
4742.94,4776.33,0,1,0,0,0,2,4,1,0,0,0,0,1,0,0,1,0,0,0,1,0,0,0
8598.22,2662.01,0,0,1,1,1,19,4,1,0,0,0,0,1,0,1,0,0,0,0,1,0,0,0
1669.22,2845.4,0,1,0,0,0,1,2,1,0,0,1,0,0,1,0,0,0,0,0,0,0,1,0
2497.91,1734.47,0,1,0,1,0,15,1,1,0,0,1,0,0,0,0,1,0,0,0,0,0,0,1
1345.89,2504.42,0,1,0,1,0,21,2,1,0,0,1,0,0,0,1,0,0,0,0,0,0,1,0
7975.58,3116.49,0,1,1,1,1,9,3,1,0,0,0,0,1,0,0,0,1,1,0,0,0,0,0
2287.52,1918.36,0,1,0,1,0,3,6,1,0,0,1,0,0,0,0,1,0,0,1,0,0,0,0
1555.96,1104.56,0,1,0,1,0,21,4,1,0,0,0,1,0,0,0,0,1,0,0,1,0,0,0
6231.48,2031.15,0,1,0,1,0,18,3,1,0,0,1,0,0,0,0,0,1,1,0,0,0,0,0
771.74,3730.3,0,1,1,1,0,4,5,1,0,0,0,1,0,1,0,0,0,0,0,0,1,0,0
449.96,4433.03,0,1,0,1,0,13,5,1,0,0,0,0,1,0,0,1,0,0,0,0,1,0,0
1068.07,1524.14,0,1,0,0,0,12,1,1,0,0,1,0,0,1,0,0,0,0,0,0,0,0,1
3.41,3686.98,0,1,0,0,0,9,4,1,0,0,1,0,0,0,1,0,0,0,0,1,0,0,0
6970.2,2360.04,0,0,0,1,0,3,4,1,0,0,0,0,1,1,0,0,0,0,0,1,0,0,0
5622.79,2204.33,0,1,0,1,0,20,4,1,0,0,1,0,0,0,0,0,1,0,0,1,0,0,0
2099.54,2730.8,0,1,0,1,0,5,2,1,0,0,0,1,0,0,0,0,1,0,0,0,0,1,0
2330.82,4482.75,0,1,0,0,0,12,3,1,0,0,0,0,1,0,0,1,0,1,0,0,0,0,0
8109.88,3322.47,0,1,0,1,0,11,5,1,0,0,0,1,0,0,1,0,0,0,0,0,1,0,0
5018.7,3562.7,0,0,0,1,0,5,1,1,0,0,0,0,1,0,0,0,1,0,0,0,0,0,1
6985.59,1458.0,0,1,0,0,1,3,4,1,0,0,0,1,0,0,0,1,0,0,0,1,0,0,0
4528.1,1482.66,0,1,0,1,0,7,2,1,0,0,0,1,0,0,0,1,0,0,0,0,0,1,0
2377.94,3009.33,0,1,0,1,0,2,3,1,0,0,0,1,0,1,0,0,0,1,0,0,0,0,0
9704.06,3873.31,0,1,0,0,0,12,6,1,0,0,1,0,0,0,0,0,1,0,1,0,0,0,0
5656.91,1782.14,0,1,0,1,0,5,3,1,0,0,1,0,0,1,0,0,0,1,0,0,0,0,0
1310.69,3191.21,0,1,0,1,0,16,5,1,0,0,1,0,0,0,0,0,1,0,0,0,1,0,0
4061.49,4665.74,0,1,0,1,1,13,4,1,0,0,1,0,0,0,0,0,1,0,0,1,0,0,0
3294.04,3050.96,0,0,0,1,0,9,4,1,0,0,1,0,0,0,1,0,0,0,0,1,0,0,0
2141.66,2922.85,0,1,0,1,0,5,4,1,0,0,0,1,0,1,0,0,0,0,0,1,0,0,0
9334.47,3341.13,0,1,0,1,1,22,4,1,0,0,1,0,0,0,0,1,0,0,0,1,0,0,0
8809.32,3769.81,0,1,0,1,0,2,4,1,0,0,0,1,0,1,0,0,0,0,0,1,0,0,0
1992.27,2208.37,0,1,0,1,0,15,3,1,0,0,0,0,1,0,1,0,0,1,0,0,0,0,0
3522.13,2338.41,0,1,0,1,0,6,4,1,0,0,0,1,0,0,0,0,1,0,0,1,0,0,0
7623.39,1626.18,1,1,0,1,0,22,4,1,0,0,1,0,0,1,0,0,0,0,0,1,0,0,0
2085.85,4795.3,0,1,0,1,0,17,3,1,0,0,0,0,1,1,0,0,0,1,0,0,0,0,0
5916.06,1190.07,0,1,0,1,0,21,1,1,0,0,1,0,0,0,1,0,0,0,0,0,0,0,1
6998.24,2843.01,0,1,0,0,1,20,6,1,0,0,0,0,1,0,0,0,1,0,1,0,0,0,0
6540.07,3734.27,0,0,0,1,0,9,2,1,0,0,0,1,0,0,0,0,1,0,0,0,0,1,0
7064.38,3843.12,0,1,0,1,1,18,2,1,0,0,0,0,1,0,0,1,0,0,0,0,0,1,0
7067.29,3505.24,0,1,0,1,0,10,2,1,0,0,1,0,0,0,0,0,1,0,0,0,0,1,0
9648.09,2362.27,0,1,0,1,0,18,1,1,0,0,0,0,1,0,0,0,1,0,0,0,0,0,1
3465.64,1308.87,0,1,0,1,0,1,1,1,0,0,0,1,0,0,0,0,1,0,0,0,0,0,1
8786.03,4728.45,0,1,0,0,1,7,2,1,0,0,0,0,1,0,0,0,1,0,0,0,0,1,0
219.05,1761.83,0,1,0,1,0,19,6,1,0,0,0,1,0,0,0,0,1,0,1,0,0,0,0
2882.74,4634.84,0,1,0,0,1,21,3,1,0,0,0,0,1,0,0,1,0,1,0,0,0,0,0
487.51,1901.89,0,1,0,1,1,20,5,1,0,0,0,1,0,0,0,0,1,0,0,0,1,0,0
6512.39,1282.11,0,0,0,0,1,2,4,1,0,0,0,1,0,1,0,0,0,0,0,1,0,0,0
1008.8,1334.36,0,1,0,0,0,18,2,1,0,0,0,1,0,1,0,0,0,0,0,0,0,1,0
8457.22,2433.62,0,0,0,1,0,7,4,1,0,0,0,1,0,0,0,0,1,0,0,1,0,0,0
6466.27,1607.89,0,1,0,0,0,20,2,1,0,0,1,0,0,1,0,0,0,0,0,0,0,1,0
289.13,2929.79,0,1,0,0,1,6,2,1,0,0,0,1,0,0,0,1,0,0,0,0,0,1,0
7148.06,2815.26,0,1,0,1,0,21,5,1,0,0,1,0,0,1,0,0,0,0,0,0,1,0,0
8620.49,4344.96,1,1,0,1,0,19,1,1,0,0,0,1,0,0,0,1,0,0,0,0,0,0,1
6611.55,3782.98,0,1,0,0,0,7,6,1,0,0,0,0,1,0,0,1,0,0,1,0,0,0,0
306.21,3793.56,0,1,0,1,0,21,1,1,0,0,0,0,1,0,1,0,0,0,0,0,0,0,1
8579.34,3362.88,0,1,0,0,0,3,1,1,0,0,1,0,0,1,0,0,0,0,0,0,0,0,1
7324.91,1189.65,0,1,0,1,0,2,4,1,0,0,0,0,1,1,0,0,0,0,0,1,0,0,0
3785.13,3989.01,0,1,1,1,0,22,5,1,0,0,0,1,0,0,0,0,1,0,0,0,1,0,0
3286.97,2434.2,0,1,0,1,0,2,5,1,0,0,0,0,1,0,0,0,1,0,0,0,1,0,0
4798.72,4344.74,0,1,0,1,0,1,6,1,0,0,1,0,0,0,1,0,0,0,1,0,0,0,0
8671.15,1986.48,0,1,0,1,0,3,6,1,0,0,0,0,1,0,0,0,1,0,1,0,0,0,0
2521.34,3680.44,0,1,0,0,0,4,2,1,0,0,1,0,0,1,0,0,0,0,0,0,0,1,0
1010.54,3415.0,0,0,0,1,0,1,2,1,0,0,0,1,0,0,0,1,0,0,0,0,0,1,0
8646.5,1448.12,0,1,0,0,1,12,4,1,0,0,0,1,0,0,1,0,0,0,0,1,0,0,0
263.87,1545.24,0,1,1,0,0,18,1,1,0,0,0,0,1,0,0,1,0,0,0,0,0,0,1
9110.06,4999.55,0,1,0,1,0,5,1,1,0,0,0,0,1,0,0,0,1,0,0,0,0,0,1
3058.15,2342.01,0,1,0,1,0,15,1,1,0,0,0,0,1,0,0,1,0,0,0,0,0,0,1
5082.72,2629.93,0,1,0,1,0,21,6,1,0,0,0,1,0,0,1,0,0,0,1,0,0,0,0
1323.82,4421.91,1,1,0,1,0,7,1,1,0,0,0,0,1,1,0,0,0,0,0,0,0,0,1
9022.65,3524.13,1,1,0,1,1,18,2,1,0,0,0,1,0,1,0,0,0,0,0,0,0,1,0
7498.61,3716.6,0,0,0,1,1,21,5,1,0,0,1,0,0,0,1,0,0,0,0,0,1,0,0
9241.63,3545.87,0,1,1,1,1,9,6,1,0,0,0,0,1,0,0,1,0,0,1,0,0,0,0
6832.61,2293.61,0,0,0,1,0,7,1,1,0,0,0,0,1,0,1,0,0,0,0,0,0,0,1
1847.75,4316.76,1,1,0,0,0,5,6,1,0,0,1,0,0,1,0,0,0,0,1,0,0,0,0
3083.36,1134.97,0,1,0,1,0,5,4,1,0,0,1,0,0,0,0,1,0,0,0,1,0,0,0
4869.0,2469.82,0,1,0,0,0,10,2,1,0,0,1,0,0,0,0,0,1,0,0,0,0,1,0
6072.97,4818.13,0,1,0,1,0,10,4,1,0,0,1,0,0,1,0,0,0,0,0,1,0,0,0
9264.67,2514.21,0,1,0,1,0,3,5,1,0,0,0,1,0,0,1,0,0,0,0,0,1,0,0
3840.13,1067.14,0,1,0,1,1,6,5,1,0,0,0,0,1,1,0,0,0,0,0,0,1,0,0
7031.02,1768.07,0,1,0,1,0,15,1,1,0,0,0,1,0,0,0,0,1,0,0,0,0,0,1
9610.13,4776.57,0,0,0,0,0,11,5,1,0,0,0,1,0,0,0,1,0,0,0,0,1,0,0
1524.59,4397.0,0,1,0,1,0,23,2,1,0,0,1,0,0,0,1,0,0,0,0,0,0,1,0
8627.23,1781.59,0,1,0,0,0,13,5,1,0,0,0,0,1,1,0,0,0,0,0,0,1,0,0
4207.64,4910.0,0,1,0,1,0,21,6,1,0,0,0,1,0,1,0,0,0,0,1,0,0,0,0
7324.49,1635.52,0,0,0,0,1,19,2,1,0,0,0,1,0,0,1,0,0,0,0,0,0,1,0
2936.09,4969.26,0,1,0,0,0,21,1,1,0,0,1,0,0,0,0,1,0,0,0,0,0,0,1
3340.51,4378.21,0,0,0,1,0,21,3,1,0,0,0,0,1,0,0,0,1,1,0,0,0,0,0
272.31,4650.59,0,1,0,0,0,16,5,1,0,0,0,0,1,0,1,0,0,0,0,0,1,0,0
9714.07,1558.84,0,1,0,1,1,19,4,1,0,0,0,0,1,1,0,0,0,0,0,1,0,0,0
8134.71,2206.97,0,1,0,1,1,13,4,1,0,0,0,1,0,0,0,0,1,0,0,1,0,0,0
940.09,3808.11,0,1,0,1,1,9,3,1,0,0,1,0,0,0,0,1,0,1,0,0,0,0,0
9995.09,3021.02,0,1,0,1,0,5,6,1,0,0,0,0,1,0,1,0,0,0,1,0,0,0,0
6050.64,2166.39,0,1,0,1,0,12,4,1,0,0,0,1,0,0,0,1,0,0,0,1,0,0,0
8537.43,3781.65,0,1,0,0,0,11,5,1,0,0,0,1,0,0,0,0,1,0,0,0,1,0,0
667.54,4118.65,0,1,1,1,0,4,6,1,0,0,0,0,1,0,0,1,0,0,1,0,0,0,0
3895.12,2141.68,0,1,0,1,0,15,2,1,0,0,1,0,0,0,0,0,1,0,0,0,0,1,0
6696.84,1343.31,0,0,0,1,1,14,1,1,0,0,1,0,0,1,0,0,0,0,0,0,0,0,1
1065.23,3297.46,0,1,0,1,0,14,2,1,0,0,0,0,1,0,0,0,1,0,0,0,0,1,0
4889.54,2586.07,0,1,0,1,1,10,4,1,0,0,0,1,0,0,1,0,0,0,0,1,0,0,0
4427.34,4511.13,0,1,0,1,0,14,5,1,0,0,1,0,0,0,0,0,1,0,0,0,1,0,0
2161.19,1180.04,0,1,0,1,0,15,1,1,0,0,0,1,0,0,0,0,1,0,0,0,0,0,1
3003.4,3551.64,0,1,0,1,1,13,2,1,0,0,0,1,0,1,0,0,0,0,0,0,0,1,0
9671.22,1189.93,0,0,0,1,0,20,4,1,0,0,1,0,0,0,0,1,0,0,0,1,0,0,0
2887.2,1453.02,0,1,0,1,1,0,5,1,0,0,0,1,0,1,0,0,0,0,0,0,1,0,0
2135.05,2474.9,0,1,0,1,0,4,5,1,0,0,0,1,0,0,1,0,0,0,0,0,1,0,0
5362.56,1914.49,0,1,0,1,0,4,6,1,0,0,0,0,1,0,0,0,1,0,1,0,0,0,0
6709.91,1647.15,1,1,0,1,0,17,4,1,0,0,1,0,0,1,0,0,0,0,0,1,0,0,0
7251.21,4172.5,0,1,0,1,1,22,5,1,0,0,0,1,0,0,1,0,0,0,0,0,1,0,0
7542.72,1929.0,0,1,0,1,0,16,6,1,0,0,1,0,0,0,0,1,0,0,1,0,0,0,0
369.29,2458.68,0,1,0,1,0,12,5,1,0,0,1,0,0,1,0,0,0,0,0,0,1,0,0
3938.21,4631.54,0,1,0,0,0,19,3,1,0,0,0,1,0,0,0,0,1,1,0,0,0,0,0
7739.81,4142.1,0,1,0,1,0,5,1,1,0,0,1,0,0,1,0,0,0,0,0,0,0,0,1
9048.62,3096.14,0,1,0,1,0,22,5,1,0,0,0,0,1,1,0,0,0,0,0,0,1,0,0
6022.4,1375.58,1,1,0,1,0,20,6,1,0,0,0,0,1,0,0,0,1,0,1,0,0,0,0
524.02,4781.82,0,1,0,0,0,18,5,1,0,0,0,1,0,0,1,0,0,0,0,0,1,0,0
3967.06,3836.44,0,1,0,1,0,22,4,1,0,0,1,0,0,0,0,0,1,0,0,1,0,0,0
743.2,1140.44,0,1,0,1,1,17,5,1,0,0,0,1,0,0,0,1,0,0,0,0,1,0,0
7485.63,4795.25,0,1,0,1,0,9,4,1,0,0,1,0,0,1,0,0,0,0,0,1,0,0,0
635.99,1286.92,0,1,0,1,0,15,3,1,0,0,0,1,0,0,1,0,0,1,0,0,0,0,0
1858.12,3411.98,0,1,0,0,0,19,5,1,0,0,0,1,0,0,0,1,0,0,0,0,1,0,0
4170.17,2575.57,0,1,0,1,0,23,6,1,0,0,1,0,0,0,0,0,1,0,1,0,0,0,0
4627.02,4923.56,0,1,0,0,0,17,5,1,0,0,0,0,1,0,1,0,0,0,0,0,1,0,0
4065.41,4692.27,0,1,0,0,0,0,1,1,0,0,0,1,0,0,1,0,0,0,0,0,0,0,1
4634.5,3395.28,0,0,0,1,0,7,2,1,0,0,0,0,1,0,0,0,1,0,0,0,0,1,0
7132.68,3804.85,0,0,0,1,0,2,4,1,0,0,1,0,0,0,1,0,0,0,0,1,0,0,0
3693.32,4286.53,1,1,0,1,0,5,4,1,0,0,0,1,0,0,0,1,0,0,0,1,0,0,0
5477.96,4281.25,0,1,0,1,1,23,2,1,0,0,1,0,0,0,1,0,0,0,0,0,0,1,0
3034.39,3396.52,0,1,0,1,0,17,6,1,0,0,0,0,1,0,0,1,0,0,1,0,0,0,0
3536.92,2006.66,0,1,0,0,0,1,4,1,0,0,1,0,0,0,1,0,0,0,0,1,0,0,0
6138.38,2250.84,1,1,0,1,0,21,2,1,0,0,0,1,0,1,0,0,0,0,0,0,0,1,0
4905.46,3662.59,0,1,0,1,0,3,4,1,0,0,0,0,1,0,1,0,0,0,0,1,0,0,0
7230.64,3751.4,0,1,0,0,0,3,6,1,0,0,0,1,0,0,0,1,0,0,1,0,0,0,0
5605.83,2485.87,0,1,0,1,0,15,6,1,0,0,0,0,1,1,0,0,0,0,1,0,0,0,0
8035.94,4551.06,0,1,0,1,0,14,5,1,0,0,1,0,0,0,0,0,1,0,0,0,1,0,0
4434.64,2600.26,0,1,0,1,0,21,5,1,0,0,1,0,0,0,0,0,1,0,0,0,1,0,0
4910.85,3794.0,0,1,0,1,1,3,5,1,0,0,0,1,0,0,1,0,0,0,0,0,1,0,0
6700.04,1837.59,0,1,0,1,0,9,2,1,0,0,0,1,0,1,0,0,0,0,0,0,0,1,0
2213.22,2412.33,0,1,0,0,0,17,1,1,0,0,0,1,0,0,1,0,0,0,0,0,0,0,1
3859.91,3184.29,1,1,0,1,0,6,5,1,0,0,0,0,1,0,1,0,0,0,0,0,1,0,0
6248.79,1150.54,0,0,0,1,0,7,3,1,0,0,0,0,1,1,0,0,0,1,0,0,0,0,0
289.73,1167.63,0,1,0,1,0,15,6,1,0,0,0,1,0,0,0,0,1,0,1,0,0,0,0
4370.28,2079.3,0,1,0,1,0,8,2,1,0,0,0,0,1,1,0,0,0,0,0,0,0,1,0
5988.9,4311.08,0,1,0,0,0,23,2,1,0,0,0,0,1,0,0,1,0,0,0,0,0,1,0
9673.79,1866.01,0,0,0,0,0,22,6,1,0,0,1,0,0,1,0,0,0,0,1,0,0,0,0
8770.29,4543.52,0,1,0,0,0,9,4,1,0,0,1,0,0,0,0,0,1,0,0,1,0,0,0
2808.14,3864.25,0,1,0,0,0,1,5,1,0,0,1,0,0,1,0,0,0,0,0,0,1,0,0
5072.59,3755.69,0,1,0,1,0,0,5,1,0,0,0,1,0,0,0,1,0,0,0,0,1,0,0
565.09,3696.47,1,0,0,1,0,7,6,1,0,0,1,0,0,1,0,0,0,0,1,0,0,0,0
2408.3,4905.24,0,1,0,0,0,2,2,1,0,0,1,0,0,0,1,0,0,0,0,0,0,1,0
7748.78,3534.73,0,1,0,1,0,19,3,1,0,0,0,0,1,1,0,0,0,1,0,0,0,0,0
1234.02,3597.1,0,0,0,0,0,0,6,1,0,0,1,0,0,1,0,0,0,0,1,0,0,0,0
2577.65,2813.6,0,1,0,1,0,12,2,1,0,0,0,0,1,0,0,0,1,0,0,0,0,1,0
9440.48,4489.23,0,1,0,1,0,9,2,1,0,0,1,0,0,0,1,0,0,0,0,0,0,1,0
8238.73,1229.62,0,1,0,0,0,19,6,1,0,0,0,1,0,0,1,0,0,0,1,0,0,0,0
7818.5,2377.22,0,0,0,0,0,8,2,1,0,0,0,1,0,0,1,0,0,0,0,0,0,1,0
8645.71,2146.65,0,1,0,1,0,3,3,1,0,0,1,0,0,1,0,0,0,1,0,0,0,0,0
7496.31,2591.83,0,1,0,1,0,23,6,1,0,0,1,0,0,0,0,1,0,0,1,0,0,0,0
1206.74,2919.64,0,1,0,1,0,0,5,1,0,0,1,0,0,0,0,0,1,0,0,0,1,0,0
5166.1,4824.35,0,1,0,1,1,13,3,1,0,0,0,1,0,1,0,0,0,1,0,0,0,0,0
4442.99,4697.94,1,0,0,0,0,21,4,1,0,0,0,0,1,0,0,0,1,0,0,1,0,0,0
3112.2,3445.06,0,1,0,0,0,18,5,1,0,0,0,0,1,1,0,0,0,0,0,0,1,0,0
8340.57,1079.49,0,1,0,1,0,12,3,1,0,0,1,0,0,0,1,0,0,1,0,0,0,0,0
4641.93,3222.54,0,1,0,0,0,8,4,1,0,0,0,1,0,0,0,0,1,0,0,1,0,0,0
603.92,1273.95,0,0,0,1,1,19,6,1,0,0,0,0,1,0,1,0,0,0,1,0,0,0,0
2750.38,2438.92,1,1,0,1,0,1,3,1,0,0,1,0,0,1,0,0,0,1,0,0,0,0,0
2286.98,2217.92,0,1,0,0,1,20,4,1,0,0,0,1,0,0,0,1,0,0,0,1,0,0,0
8874.9,3592.32,0,1,0,1,0,21,2,1,0,0,0,1,0,0,0,0,1,0,0,0,0,1,0
6474.73,1071.52,0,1,0,1,0,6,4,1,0,0,0,0,1,0,1,0,0,0,0,1,0,0,0
5604.2,4154.82,0,1,0,1,0,2,4,1,0,0,0,1,0,1,0,0,0,0,0,1,0,0,0
5066.99,4305.69,1,1,0,1,1,20,1,1,0,0,1,0,0,0,1,0,0,0,0,0,0,0,1
6501.48,1129.4,0,1,0,0,1,4,2,1,0,0,1,0,0,1,0,0,0,0,0,0,0,1,0
7549.0,1327.25,0,1,0,0,0,18,3,1,0,0,0,0,1,0,1,0,0,1,0,0,0,0,0
5544.29,4682.73,0,1,0,1,1,12,1,1,0,0,0,1,0,0,1,0,0,0,0,0,0,0,1
9382.92,3463.93,0,0,0,1,1,12,6,1,0,0,0,0,1,1,0,0,0,0,1,0,0,0,0
9768.36,4841.39,0,1,0,1,0,6,6,1,0,0,0,0,1,0,1,0,0,0,1,0,0,0,0
9953.43,2830.39,1,1,0,1,0,13,1,1,0,0,0,1,0,0,0,0,1,0,0,0,0,0,1
6694.24,1762.54,0,1,0,1,0,0,6,1,0,0,0,0,1,0,0,0,1,0,1,0,0,0,0
9326.27,2480.7,0,1,0,1,1,12,3,1,0,0,0,1,0,1,0,0,0,1,0,0,0,0,0
4045.39,4715.97,0,1,0,0,0,9,2,1,0,0,1,0,0,1,0,0,0,0,0,0,0,1,0
8596.06,1461.23,0,0,0,0,0,17,3,1,0,0,0,0,1,0,1,0,0,1,0,0,0,0,0
9091.83,4568.82,0,1,0,1,0,23,3,1,0,0,0,1,0,1,0,0,0,1,0,0,0,0,0
9041.5,3118.97,1,1,0,0,0,17,4,1,0,0,0,1,0,0,1,0,0,0,0,1,0,0,0
8308.63,1280.21,0,1,0,1,1,11,2,1,0,0,0,1,0,0,0,0,1,0,0,0,0,1,0
4066.59,2599.04,0,1,0,0,0,15,5,1,0,0,0,0,1,0,0,1,0,0,0,0,1,0,0
1589.92,1973.0,0,0,0,1,1,21,6,1,0,0,1,0,0,0,0,1,0,0,1,0,0,0,0
3340.23,3301.12,0,0,0,1,0,21,1,1,0,0,0,0,1,1,0,0,0,0,0,0,0,0,1
7673.12,1609.8,0,0,1,0,1,21,3,1,0,0,1,0,0,0,0,0,1,1,0,0,0,0,0
2329.62,4765.08,0,0,0,1,1,19,4,1,0,0,0,0,1,1,0,0,0,0,0,1,0,0,0
4783.24,1845.11,0,1,0,0,0,12,3,1,0,0,0,0,1,1,0,0,0,1,0,0,0,0,0
5654.43,3531.7,0,1,0,1,0,9,5,1,0,0,0,0,1,0,0,0,1,0,0,0,1,0,0
6038.98,4325.0,0,1,0,1,1,17,1,1,0,0,1,0,0,0,0,1,0,0,0,0,0,0,1
9357.32,3383.59,1,0,0,0,1,8,3,1,0,0,0,1,0,0,1,0,0,1,0,0,0,0,0
6615.27,3622.26,1,1,0,1,0,17,3,1,0,0,0,0,1,0,0,0,1,1,0,0,0,0,0
7863.2,2637.29,0,0,0,0,0,11,1,1,0,0,0,0,1,1,0,0,0,0,0,0,0,0,1
5819.2,1407.36,0,1,0,0,0,14,4,1,0,0,1,0,0,0,0,1,0,0,0,1,0,0,0
8335.97,1525.31,1,1,0,0,0,18,3,1,0,0,0,0,1,0,0,0,1,1,0,0,0,0,0
2637.37,3808.64,0,1,0,0,0,19,3,1,0,0,0,1,0,0,1,0,0,1,0,0,0,0,0
2099.57,4188.97,0,1,0,1,0,18,1,1,0,0,0,1,0,0,1,0,0,0,0,0,0,0,1
9263.27,4369.17,0,1,0,1,0,3,3,1,0,0,1,0,0,0,0,1,0,1,0,0,0,0,0
6935.12,2450.94,0,1,0,1,1,10,5,1,0,0,1,0,0,0,1,0,0,0,0,0,1,0,0
6715.58,4875.42,0,1,1,1,0,13,1,1,0,0,0,1,0,0,0,0,1,0,0,0,0,0,1
4673.49,3566.47,0,0,0,1,1,20,1,1,0,0,0,1,0,0,0,0,1,0,0,0,0,0,1
3767.6,1614.25,0,0,0,1,0,0,1,1,0,0,0,1,0,0,0,1,0,0,0,0,0,0,1
5557.36,1269.35,0,1,0,0,0,3,4,1,0,0,1,0,0,0,0,1,0,0,0,1,0,0,0
1206.54,3179.6,0,1,0,1,0,3,2,1,0,0,0,1,0,0,1,0,0,0,0,0,0,1,0
4547.67,3964.3,0,1,0,0,0,23,3,1,0,0,0,1,0,1,0,0,0,1,0,0,0,0,0
4554.22,1072.26,0,0,0,1,0,14,2,1,0,0,0,1,0,1,0,0,0,0,0,0,0,1,0
5383.83,1090.27,0,1,0,1,0,15,6,1,0,0,0,0,1,0,0,1,0,0,1,0,0,0,0
6347.22,3313.17,0,1,0,1,0,16,2,1,0,0,1,0,0,1,0,0,0,0,0,0,0,1,0
9573.23,4959.52,0,1,0,1,0,11,2,1,0,0,1,0,0,1,0,0,0,0,0,0,0,1,0
6522.04,3950.13,0,1,0,0,0,10,2,1,0,0,1,0,0,0,0,0,1,0,0,0,0,1,0
8837.37,1606.25,0,1,0,1,1,7,6,1,0,0,1,0,0,1,0,0,0,0,1,0,0,0,0
5563.48,1348.82,0,0,0,1,0,21,4,1,0,0,0,0,1,0,0,0,1,0,0,1,0,0,0
6269.65,4257.34,1,1,0,0,0,22,6,1,0,0,0,0,1,1,0,0,0,0,1,0,0,0,0
699.3,4239.11,0,1,0,1,0,7,4,1,0,0,0,0,1,0,0,1,0,0,0,1,0,0,0
1333.5,2827.35,0,1,0,1,0,19,5,1,0,0,0,0,1,0,0,0,1,0,0,0,1,0,0
5797.12,1142.97,0,1,0,0,0,12,1,1,0,0,0,0,1,1,0,0,0,0,0,0,0,0,1
3957.73,4065.03,0,1,0,1,0,17,2,1,0,0,1,0,0,0,1,0,0,0,0,0,0,1,0
7988.31,2647.8,0,0,0,1,0,15,2,1,0,0,1,0,0,0,1,0,0,0,0,0,0,1,0
5432.24,4265.58,1,1,0,1,0,19,1,1,0,0,1,0,0,0,1,0,0,0,0,0,0,0,1
8823.03,1576.42,0,1,0,1,0,6,5,1,0,0,0,0,1,0,0,1,0,0,0,0,1,0,0
9723.34,2853.01,0,0,0,0,0,8,6,1,0,0,0,1,0,0,0,0,1,0,1,0,0,0,0
1477.2,3105.55,0,0,0,1,0,20,2,1,0,0,1,0,0,1,0,0,0,0,0,0,0,1,0
3948.88,2478.49,0,1,0,1,1,21,5,1,0,0,1,0,0,0,0,1,0,0,0,0,1,0,0
6650.15,4959.75,0,0,0,0,0,1,5,1,0,0,0,1,0,0,1,0,0,0,0,0,1,0,0
3055.58,4051.57,0,1,0,1,1,21,4,1,0,0,0,0,1,0,0,0,1,0,0,1,0,0,0
2671.06,4320.59,0,1,0,1,0,17,3,1,0,0,0,1,0,1,0,0,0,1,0,0,0,0,0
8137.57,1964.26,0,1,0,1,0,1,1,1,0,0,0,1,0,1,0,0,0,0,0,0,0,0,1
9803.8,2538.67,1,1,0,1,1,13,2,1,0,0,1,0,0,0,0,0,1,0,0,0,0,1,0
7738.26,1443.1,0,1,0,1,0,16,1,1,0,0,1,0,0,0,0,1,0,0,0,0,0,0,1
5237.24,4993.24,0,1,0,1,0,12,5,1,0,0,0,0,1,0,0,0,1,0,0,0,1,0,0
4425.67,2030.41,0,0,0,1,0,5,6,1,0,0,0,1,0,0,0,1,0,0,1,0,0,0,0
5396.94,1402.33,0,1,0,1,0,4,4,1,0,0,0,0,1,0,1,0,0,0,0,1,0,0,0
4628.93,1820.88,0,1,0,0,0,8,1,1,0,0,0,1,0,0,1,0,0,0,0,0,0,0,1
5029.38,3286.23,0,1,0,0,0,6,2,1,0,0,1,0,0,0,0,1,0,0,0,0,0,1,0
2035.33,2342.67,0,1,0,1,0,15,5,1,0,0,0,1,0,0,0,0,1,0,0,0,1,0,0
9037.52,1655.84,0,1,0,1,0,3,1,1,0,0,0,0,1,0,0,1,0,0,0,0,0,0,1
7545.6,2873.29,0,1,0,1,0,14,1,1,0,0,0,1,0,0,1,0,0,0,0,0,0,0,1
6810.09,3681.87,0,1,0,1,1,6,1,1,0,0,0,0,1,1,0,0,0,0,0,0,0,0,1
9499.3,3659.11,0,1,0,0,0,17,5,1,0,0,0,1,0,0,0,0,1,0,0,0,1,0,0
2844.66,1058.98,0,1,1,1,0,17,2,1,0,0,1,0,0,0,1,0,0,0,0,0,0,1,0
812.51,4021.65,1,1,0,0,1,20,5,1,0,0,1,0,0,0,0,1,0,0,0,0,1,0,0
8261.56,1964.65,0,1,0,0,0,0,2,1,0,0,0,0,1,0,1,0,0,0,0,0,0,1,0
9984.17,4688.7,0,1,0,1,0,2,3,1,0,0,1,0,0,1,0,0,0,1,0,0,0,0,0
5784.75,1553.92,0,1,0,0,0,13,3,1,0,0,0,1,0,0,0,1,0,1,0,0,0,0,0
589.04,2597.79,1,1,0,1,0,17,2,1,0,0,0,1,0,0,0,0,1,0,0,0,0,1,0
7804.9,2248.84,0,0,0,1,0,5,1,1,0,0,1,0,0,1,0,0,0,0,0,0,0,0,1
738.42,2965.47,0,1,0,1,0,21,4,1,0,0,0,0,1,0,0,1,0,0,0,1,0,0,0
5400.6,2254.33,0,1,0,1,0,11,1,1,0,0,0,1,0,0,1,0,0,0,0,0,0,0,1
2776.05,4084.95,0,1,0,1,1,22,6,1,0,0,0,0,1,0,1,0,0,0,1,0,0,0,0
9150.35,2527.9,1,1,0,1,1,6,2,1,0,0,0,1,0,0,0,0,1,0,0,0,0,1,0
4513.86,2400.53,1,1,0,1,0,15,2,1,0,0,0,0,1,0,0,1,0,0,0,0,0,1,0
8984.74,4884.96,0,1,1,0,0,18,5,1,0,0,0,0,1,0,1,0,0,0,0,0,1,0,0
2991.51,2613.81,0,1,0,1,0,13,4,1,0,0,0,1,0,0,0,0,1,0,0,1,0,0,0
3874.24,1520.12,0,1,0,1,0,17,1,1,0,0,0,1,0,1,0,0,0,0,0,0,0,0,1
9471.24,2072.02,0,1,0,0,0,7,4,1,0,0,0,0,1,0,0,0,1,0,0,1,0,0,0
2013.94,3893.68,0,1,0,1,0,5,3,1,0,0,0,1,0,1,0,0,0,1,0,0,0,0,0
5785.43,2047.42,0,1,0,0,0,11,5,1,0,0,1,0,0,0,0,1,0,0,0,0,1,0,0
3885.71,3721.97,0,1,0,1,0,8,5,1,0,0,0,1,0,0,1,0,0,0,0,0,1,0,0
7741.89,4659.31,0,1,0,0,0,3,6,1,0,0,0,0,1,0,0,1,0,0,1,0,0,0,0
1293.83,2496.41,0,1,0,1,0,22,2,1,0,0,0,1,0,1,0,0,0,0,0,0,0,1,0
4372.71,1770.59,0,1,0,1,0,3,2,1,0,0,0,1,0,0,0,1,0,0,0,0,0,1,0
6989.63,3867.2,0,1,0,1,0,22,2,1,0,0,0,0,1,1,0,0,0,0,0,0,0,1,0
4070.76,2751.15,0,1,0,0,0,9,2,1,0,0,0,1,0,0,0,1,0,0,0,0,0,1,0
586.26,1184.59,0,1,0,0,0,7,5,1,0,0,0,0,1,0,1,0,0,0,0,0,1,0,0
7051.42,3313.82,0,1,0,0,0,5,3,1,0,0,0,0,1,0,0,1,0,1,0,0,0,0,0
5032.48,3321.88,0,1,0,0,0,1,3,1,0,0,0,0,1,0,0,0,1,1,0,0,0,0,0
114.08,3726.82,0,0,0,1,0,3,4,1,0,0,0,0,1,0,1,0,0,0,0,1,0,0,0
6126.95,3941.06,0,0,0,1,0,21,4,1,0,0,1,0,0,0,0,0,1,0,0,1,0,0,0
9198.89,3582.49,0,1,0,0,0,3,2,1,0,0,1,0,0,0,0,0,1,0,0,0,0,1,0
1111.15,2353.22,0,1,0,0,0,23,2,1,0,0,0,0,1,0,1,0,0,0,0,0,0,1,0
5907.12,4341.52,0,0,0,0,0,20,2,1,0,0,0,1,0,1,0,0,0,0,0,0,0,1,0
7286.96,4741.11,0,1,0,0,1,20,6,1,0,0,1,0,0,0,0,0,1,0,1,0,0,0,0
708.67,2208.4,0,1,0,0,0,1,3,1,0,0,0,0,1,0,0,0,1,1,0,0,0,0,0
227.13,2127.33,0,1,0,0,0,19,1,1,0,0,1,0,0,0,0,0,1,0,0,0,0,0,1
4642.49,3052.02,0,1,0,1,0,15,3,1,0,0,0,0,1,0,0,1,0,1,0,0,0,0,0
7912.08,4943.07,0,1,0,0,1,16,4,1,0,0,1,0,0,1,0,0,0,0,0,1,0,0,0
1608.03,1653.45,0,1,0,0,0,2,6,1,0,0,0,0,1,0,0,0,1,0,1,0,0,0,0
8366.54,2979.8,0,1,0,1,0,13,2,1,0,0,1,0,0,0,1,0,0,0,0,0,0,1,0
6566.12,1776.86,0,0,0,1,0,2,2,1,0,0,1,0,0,0,0,0,1,0,0,0,0,1,0
3322.4,2639.56,0,0,1,1,0,5,3,1,0,0,0,1,0,0,0,0,1,1,0,0,0,0,0
5158.74,2515.48,1,1,0,1,0,16,2,1,0,0,1,0,0,0,0,1,0,0,0,0,0,1,0
9655.78,3283.53,0,1,0,1,0,17,6,1,0,0,0,1,0,1,0,0,0,0,1,0,0,0,0
2165.15,1138.54,0,1,0,1,0,20,6,1,0,0,1,0,0,0,0,0,1,0,1,0,0,0,0
4995.85,4229.01,0,1,0,1,1,14,6,1,0,0,0,0,1,0,0,0,1,0,1,0,0,0,0
6245.24,3837.35,0,1,0,1,0,8,5,1,0,0,0,1,0,0,0,0,1,0,0,0,1,0,0
1381.01,4999.37,0,1,0,1,0,20,3,1,0,0,1,0,0,0,0,1,0,1,0,0,0,0,0
436.18,2022.97,0,1,0,1,0,13,2,1,0,0,0,1,0,0,0,1,0,0,0,0,0,1,0
135.59,4471.2,0,1,1,0,0,16,2,1,0,0,0,0,1,0,1,0,0,0,0,0,0,1,0
3247.6,3441.41,0,1,0,1,0,6,2,1,0,0,0,0,1,0,0,0,1,0,0,0,0,1,0
740.4,1923.95,0,1,0,1,0,20,3,1,0,0,0,0,1,0,0,1,0,1,0,0,0,0,0
8037.9,2182.87,0,1,0,1,0,8,4,1,0,0,0,0,1,0,1,0,0,0,0,1,0,0,0
9973.2,1081.6,1,1,0,1,1,8,6,1,0,0,0,0,1,0,1,0,0,0,1,0,0,0,0
613.98,2374.16,0,1,0,1,0,7,3,1,0,0,0,1,0,1,0,0,0,1,0,0,0,0,0
4327.83,4597.67,1,1,0,1,0,0,3,1,0,0,0,1,0,0,1,0,0,1,0,0,0,0,0
258.3,1300.94,0,1,0,1,0,16,1,1,0,0,1,0,0,0,0,0,1,0,0,0,0,0,1
1340.77,4712.34,0,1,0,0,0,11,6,1,0,0,1,0,0,1,0,0,0,0,1,0,0,0,0
3229.9,2518.42,0,0,0,1,0,1,4,1,0,0,0,0,1,1,0,0,0,0,0,1,0,0,0
3937.59,3963.46,0,1,0,0,0,10,6,1,0,0,0,0,1,1,0,0,0,0,1,0,0,0,0
9397.89,3634.18,0,1,0,1,0,14,4,1,0,0,0,1,0,0,0,1,0,0,0,1,0,0,0
3958.97,3689.92,0,1,0,1,0,15,4,1,0,0,0,0,1,0,0,1,0,0,0,1,0,0,0
4963.28,3193.37,0,0,0,0,0,3,3,1,0,0,0,0,1,1,0,0,0,1,0,0,0,0,0
2456.59,2857.22,0,1,0,1,0,23,5,1,0,0,0,0,1,0,0,1,0,0,0,0,1,0,0
2.25,4713.1,0,0,0,1,0,16,1,1,0,0,1,0,0,0,0,1,0,0,0,0,0,0,1
8993.45,3720.15,0,1,0,1,1,22,2,1,0,0,0,1,0,0,0,0,1,0,0,0,0,1,0
818.07,3458.44,0,1,0,0,0,23,5,1,0,0,1,0,0,0,1,0,0,0,0,0,1,0,0
9642.52,2672.98,0,1,0,1,0,21,2,1,0,0,0,0,1,0,0,0,1,0,0,0,0,1,0
1309.31,1900.32,0,1,0,1,0,21,3,1,0,0,0,0,1,0,0,0,1,1,0,0,0,0,0
6049.18,1007.28,0,0,0,1,0,23,3,1,0,0,1,0,0,0,0,0,1,1,0,0,0,0,0
9994.11,4922.88,0,1,0,1,0,17,3,1,0,0,1,0,0,1,0,0,0,1,0,0,0,0,0
1385.51,4025.49,1,1,0,1,0,14,1,1,0,0,0,1,0,0,0,1,0,0,0,0,0,0,1
4240.01,4975.96,0,1,0,1,0,6,4,1,0,0,0,0,1,1,0,0,0,0,0,1,0,0,0
7804.46,4080.77,0,1,0,0,0,21,4,1,0,0,0,0,1,0,0,0,1,0,0,1,0,0,0
322.87,1182.1,0,1,0,0,0,7,1,1,0,0,1,0,0,0,1,0,0,0,0,0,0,0,1
6898.14,2776.35,0,1,0,1,0,4,3,1,0,0,0,1,0,0,0,0,1,1,0,0,0,0,0
804.65,1467.13,1,0,0,1,0,3,5,1,0,0,0,1,0,0,0,1,0,0,0,0,1,0,0
2365.96,4205.08,0,1,0,1,0,11,4,1,0,0,0,0,1,0,1,0,0,0,0,1,0,0,0
1601.6,1743.93,0,1,0,0,0,23,4,1,0,0,0,0,1,0,1,0,0,0,0,1,0,0,0
9073.46,3630.65,0,1,0,0,0,15,6,1,0,0,1,0,0,0,0,1,0,0,1,0,0,0,0
1805.39,3634.18,0,1,0,0,1,17,2,1,0,0,0,0,1,0,0,1,0,0,0,0,0,1,0
405.3,3555.54,0,1,0,1,0,13,3,1,0,0,1,0,0,0,0,0,1,1,0,0,0,0,0
5876.67,4513.42,0,1,0,1,0,19,3,1,0,0,0,0,1,0,0,1,0,1,0,0,0,0,0
3462.46,3903.0,0,0,0,1,1,10,1,1,0,0,0,0,1,0,1,0,0,0,0,0,0,0,1
4057.66,2309.96,0,1,0,0,1,23,2,1,0,0,0,0,1,0,0,1,0,0,0,0,0,1,0
1191.51,2259.17,0,1,0,1,1,16,4,1,0,0,0,1,0,0,0,0,1,0,0,1,0,0,0
7482.6,1089.17,0,1,0,1,0,18,5,1,0,0,0,0,1,1,0,0,0,0,0,0,1,0,0
6015.93,4633.14,0,1,0,1,0,4,3,1,0,0,0,0,1,1,0,0,0,1,0,0,0,0,0
3642.81,1413.91,0,1,0,1,1,2,1,1,0,0,0,1,0,0,0,0,1,0,0,0,0,0,1
1716.58,2916.49,0,1,0,1,0,15,1,1,0,0,0,1,0,0,1,0,0,0,0,0,0,0,1
5934.92,3034.0,0,1,0,0,0,23,3,1,0,0,0,0,1,1,0,0,0,1,0,0,0,0,0
7786.19,2791.37,0,0,0,1,0,1,4,1,0,0,0,1,0,0,0,0,1,0,0,1,0,0,0
3124.66,3297.13,0,1,1,1,1,4,5,1,0,0,0,1,0,1,0,0,0,0,0,0,1,0,0
259.58,3917.01,0,1,0,1,1,8,2,1,0,0,0,1,0,0,1,0,0,0,0,0,0,1,0
2144.23,1784.94,0,0,0,1,1,11,4,1,0,0,0,1,0,0,1,0,0,0,0,1,0,0,0
6824.3,1294.79,0,1,0,0,0,14,1,1,0,0,1,0,0,0,1,0,0,0,0,0,0,0,1
9890.97,4429.68,0,1,0,0,1,1,4,1,0,0,0,0,1,0,0,1,0,0,0,1,0,0,0
134.75,2979.13,0,1,0,1,0,1,2,1,0,0,1,0,0,0,1,0,0,0,0,0,0,1,0
3062.23,1509.43,0,1,0,1,0,12,6,1,0,0,0,0,1,0,1,0,0,0,1,0,0,0,0
621.15,3688.29,0,0,0,1,1,12,4,1,0,0,0,1,0,0,1,0,0,0,0,1,0,0,0
3164.18,1892.31,0,1,0,1,0,17,3,1,0,0,1,0,0,1,0,0,0,1,0,0,0,0,0
4059.74,1327.31,0,1,0,1,0,18,5,1,0,0,0,1,0,0,0,0,1,0,0,0,1,0,0
9208.7,2130.29,0,1,0,0,0,15,6,1,0,0,0,1,0,0,0,0,1,0,1,0,0,0,0
806.53,2187.58,0,1,0,1,0,14,1,1,0,0,0,1,0,0,1,0,0,0,0,0,0,0,1
7771.56,4473.75,0,1,0,0,0,9,6,1,0,0,0,0,1,1,0,0,0,0,1,0,0,0,0
3955.95,2229.4,0,1,0,1,0,20,3,1,0,0,0,1,0,0,0,0,1,1,0,0,0,0,0
8112.82,4121.05,0,1,0,0,0,14,5,1,0,0,0,0,1,1,0,0,0,0,0,0,1,0,0
5134.51,3308.93,0,0,0,1,0,21,6,1,0,0,0,0,1,0,0,0,1,0,1,0,0,0,0
393.78,1378.79,0,1,0,1,0,15,5,1,0,0,0,1,0,0,0,1,0,0,0,0,1,0,0
9462.11,1625.86,0,1,0,1,0,4,3,1,0,0,0,0,1,0,1,0,0,1,0,0,0,0,0
828.26,1320.46,0,1,0,0,0,19,6,1,0,0,1,0,0,1,0,0,0,0,1,0,0,0,0
5977.24,2605.95,0,1,0,1,1,18,1,1,0,0,0,0,1,1,0,0,0,0,0,0,0,0,1
8776.8,4879.56,0,1,0,0,1,20,4,1,0,0,0,1,0,0,0,1,0,0,0,1,0,0,0
798.62,1723.19,0,1,0,1,0,5,5,1,0,0,0,1,0,0,0,0,1,0,0,0,1,0,0
5539.38,2368.39,0,1,0,0,0,22,4,1,0,0,1,0,0,1,0,0,0,0,0,1,0,0,0
8243.07,4280.06,0,0,0,1,0,6,2,1,0,0,1,0,0,0,1,0,0,0,0,0,0,1,0
9863.26,4503.16,0,1,0,1,0,21,6,1,0,0,0,0,1,0,0,1,0,0,1,0,0,0,0
7243.55,3941.51,0,1,1,1,0,13,2,1,0,0,0,0,1,0,1,0,0,0,0,0,0,1,0
2784.07,2868.34,0,0,0,1,0,20,4,1,0,0,1,0,0,0,0,0,1,0,0,1,0,0,0
6996.0,3595.5,0,1,0,1,1,3,5,1,0,0,0,1,0,0,1,0,0,0,0,0,1,0,0
7057.96,2800.14,0,1,0,1,0,23,2,1,0,0,0,1,0,0,0,1,0,0,0,0,0,1,0
6999.96,4394.46,0,1,0,1,0,10,3,1,0,0,1,0,0,0,0,1,0,1,0,0,0,0,0
8542.75,2639.49,0,0,0,1,0,5,1,1,0,0,1,0,0,1,0,0,0,0,0,0,0,0,1
874.71,4271.18,0,0,0,1,0,16,1,1,0,0,0,1,0,0,1,0,0,0,0,0,0,0,1
1085.09,3342.7,0,1,0,1,0,12,1,1,0,0,0,1,0,0,1,0,0,0,0,0,0,0,1
6406.53,3084.95,0,1,0,1,0,22,5,1,0,0,0,0,1,0,0,0,1,0,0,0,1,0,0
9538.86,3625.94,0,1,0,1,0,12,4,1,0,0,1,0,0,1,0,0,0,0,0,1,0,0,0
4658.92,2168.48,0,1,0,1,0,2,6,1,0,0,1,0,0,0,0,0,1,0,1,0,0,0,0
9605.67,2568.65,0,1,0,0,0,16,1,1,0,0,1,0,0,0,0,0,1,0,0,0,0,0,1
9380.91,4220.18,0,1,0,0,0,14,4,1,0,0,0,1,0,0,0,1,0,0,0,1,0,0,0
9029.19,2535.92,0,1,0,1,0,16,6,1,0,0,0,0,1,0,0,1,0,0,1,0,0,0,0
9098.6,3614.38,0,1,0,1,1,12,1,1,0,0,0,1,0,1,0,0,0,0,0,0,0,0,1
8983.29,3654.19,0,1,0,1,0,1,2,1,0,0,1,0,0,0,0,0,1,0,0,0,0,1,0
8199.07,4478.95,0,1,0,1,0,0,6,1,0,0,1,0,0,0,1,0,0,0,1,0,0,0,0
6950.09,2774.69,0,1,0,1,0,23,4,1,0,0,1,0,0,0,1,0,0,0,0,1,0,0,0
245.06,4610.12,0,1,0,1,0,6,4,1,0,0,1,0,0,0,0,1,0,0,0,1,0,0,0
1323.4,4972.28,0,1,0,1,1,11,3,1,0,0,1,0,0,0,0,0,1,1,0,0,0,0,0
1343.19,1676.8,0,1,0,0,0,17,5,1,0,0,0,1,0,0,0,1,0,0,0,0,1,0,0
236.38,3861.68,0,1,0,0,0,0,5,1,0,0,0,0,1,0,0,1,0,0,0,0,1,0,0
1167.9,3793.45,0,1,0,0,0,22,3,1,0,0,1,0,0,1,0,0,0,1,0,0,0,0,0
9197.54,2824.58,0,0,0,1,0,20,3,1,0,0,1,0,0,0,0,0,1,1,0,0,0,0,0
6638.38,2215.28,0,1,0,1,0,20,5,1,0,0,1,0,0,0,0,1,0,0,0,0,1,0,0
3121.42,1108.97,0,1,0,1,1,21,2,1,0,0,0,1,0,0,0,0,1,0,0,0,0,1,0
7933.81,3544.88,0,0,0,1,0,15,1,1,0,0,0,1,0,0,0,0,1,0,0,0,0,0,1
4884.21,2262.83,0,1,0,0,0,4,4,1,0,0,1,0,0,0,0,0,1,0,0,1,0,0,0
1422.13,3208.76,0,1,0,0,0,15,1,1,0,0,1,0,0,0,1,0,0,0,0,0,0,0,1
8845.14,1488.54,0,1,1,1,1,13,5,1,0,0,1,0,0,0,0,1,0,0,0,0,1,0,0
3387.28,1177.09,0,1,0,0,0,2,5,1,0,0,1,0,0,0,0,0,1,0,0,0,1,0,0
6988.89,4209.54,0,1,0,1,0,18,3,1,0,0,1,0,0,1,0,0,0,1,0,0,0,0,0
2906.65,1491.75,0,1,0,1,0,20,3,1,0,0,0,1,0,1,0,0,0,1,0,0,0,0,0
5001.21,1549.49,0,1,0,1,0,18,4,1,0,0,1,0,0,0,0,1,0,0,0,1,0,0,0
8162.71,3282.36,0,1,0,1,0,7,2,1,0,0,1,0,0,1,0,0,0,0,0,0,0,1,0
1568.62,3924.43,1,1,1,1,0,10,3,1,0,0,1,0,0,0,1,0,0,1,0,0,0,0,0
9772.54,1031.97,0,1,0,1,1,15,3,1,0,0,0,1,0,1,0,0,0,1,0,0,0,0,0
703.09,2768.5,0,1,0,1,0,20,5,1,0,0,1,0,0,0,0,1,0,0,0,0,1,0,0
5340.56,3525.0,0,1,0,1,0,12,2,1,0,0,0,1,0,0,0,0,1,0,0,0,0,1,0
9160.34,3952.34,0,1,0,1,0,21,1,1,0,0,0,0,1,0,1,0,0,0,0,0,0,0,1
9456.99,4791.61,0,1,0,1,0,14,4,1,0,0,0,1,0,0,0,1,0,0,0,1,0,0,0
2321.86,1064.48,0,0,0,1,0,16,2,1,0,0,1,0,0,0,0,1,0,0,0,0,0,1,0
1440.71,4594.51,0,0,0,0,0,23,1,1,0,0,0,1,0,1,0,0,0,0,0,0,0,0,1
7244.31,4866.74,0,1,0,0,0,10,3,1,0,0,1,0,0,0,0,1,0,1,0,0,0,0,0
420.69,4463.06,0,0,0,1,1,8,5,1,0,0,0,1,0,0,0,0,1,0,0,0,1,0,0
4852.9,4795.54,0,0,0,0,1,10,4,1,0,0,0,1,0,0,0,1,0,0,0,1,0,0,0
7963.76,1474.15,0,0,0,1,1,13,4,1,0,0,0,0,1,0,0,1,0,0,0,1,0,0,0
5602.99,4968.99,0,1,0,1,1,13,4,1,0,0,0,1,0,0,0,0,1,0,0,1,0,0,0
1880.94,4060.86,0,0,0,1,0,22,4,1,0,0,0,0,1,0,0,1,0,0,0,1,0,0,0
4870.96,1277.94,0,0,0,0,1,6,3,1,0,0,0,0,1,0,0,0,1,1,0,0,0,0,0
9212.83,3715.56,0,1,0,1,0,10,4,1,0,0,0,1,0,0,0,0,1,0,0,1,0,0,0
6172.51,3812.5,0,1,0,1,0,9,1,1,0,0,0,1,0,1,0,0,0,0,0,0,0,0,1
7215.18,3517.41,0,0,0,1,0,21,2,1,0,0,0,1,0,0,0,1,0,0,0,0,0,1,0
3363.3,4498.7,0,1,0,1,1,14,6,1,0,0,0,0,1,0,1,0,0,0,1,0,0,0,0
1885.65,3995.06,0,1,0,1,0,16,3,1,0,0,1,0,0,0,1,0,0,1,0,0,0,0,0
2557.17,1646.91,0,1,0,1,0,15,6,1,0,0,1,0,0,0,0,0,1,0,1,0,0,0,0
5332.24,2000.79,1,1,0,0,0,0,5,1,0,0,0,0,1,0,0,1,0,0,0,0,1,0,0
2802.92,2853.69,0,1,0,1,0,13,5,1,0,0,0,0,1,1,0,0,0,0,0,0,1,0,0
5420.11,2579.26,0,1,0,1,0,18,1,1,0,0,0,1,0,1,0,0,0,0,0,0,0,0,1
7078.21,3651.94,0,1,0,1,1,12,6,1,0,0,0,1,0,1,0,0,0,0,1,0,0,0,0
7344.22,1545.7,0,1,0,0,0,1,2,1,0,0,1,0,0,0,0,0,1,0,0,0,0,1,0
1647.68,2417.22,0,1,0,1,0,21,5,1,0,0,1,0,0,1,0,0,0,0,0,0,1,0,0
7504.56,1971.23,0,1,0,0,0,20,2,1,0,0,1,0,0,0,1,0,0,0,0,0,0,1,0
6727.21,2174.54,0,0,0,1,0,12,5,1,0,0,0,1,0,0,0,1,0,0,0,0,1,0,0
121.04,3843.36,0,1,0,1,0,6,2,1,0,0,0,1,0,0,0,1,0,0,0,0,0,1,0
589.66,1321.9,0,0,0,1,1,14,2,1,0,0,0,0,1,0,1,0,0,0,0,0,0,1,0
6462.85,4549.38,0,1,0,0,0,14,6,1,0,0,0,1,0,0,0,0,1,0,1,0,0,0,0
3837.66,3564.17,0,0,0,1,0,3,2,1,0,0,1,0,0,0,0,1,0,0,0,0,0,1,0
1461.89,2646.62,1,1,0,0,0,20,5,1,0,0,0,0,1,0,0,0,1,0,0,0,1,0,0
444.92,2943.09,0,0,0,0,1,22,4,1,0,0,0,1,0,1,0,0,0,0,0,1,0,0,0
1594.82,3792.76,0,0,0,1,1,14,2,1,0,0,1,0,0,0,0,0,1,0,0,0,0,1,0
9575.18,3923.02,0,1,0,0,0,14,3,1,0,0,0,1,0,0,1,0,0,1,0,0,0,0,0
7275.93,4218.82,0,1,0,0,0,17,3,1,0,0,0,0,1,0,0,0,1,1,0,0,0,0,0
5277.53,2054.63,0,0,0,0,0,6,2,1,0,0,0,1,0,0,0,1,0,0,0,0,0,1,0
9415.46,4431.43,0,1,0,0,0,9,3,1,0,0,1,0,0,0,0,1,0,1,0,0,0,0,0
6191.49,4322.39,0,1,0,0,0,10,1,1,0,0,0,0,1,1,0,0,0,0,0,0,0,0,1
7256.73,4420.34,1,1,0,1,1,7,2,1,0,0,1,0,0,0,0,1,0,0,0,0,0,1,0
2827.24,1323.31,0,1,0,1,1,14,4,1,0,0,0,0,1,0,1,0,0,0,0,1,0,0,0
5890.23,1574.48,0,1,0,1,0,9,6,1,0,0,0,1,0,0,1,0,0,0,1,0,0,0,0
1435.63,3499.05,0,1,0,1,0,11,1,1,0,0,0,1,0,0,0,1,0,0,0,0,0,0,1
4045.43,4811.98,0,1,0,1,1,0,5,1,0,0,1,0,0,0,0,1,0,0,0,0,1,0,0
333.37,1439.67,0,1,0,0,0,20,2,1,0,0,0,1,0,0,0,1,0,0,0,0,0,1,0
2167.06,3955.42,0,1,0,1,1,3,5,1,0,0,0,0,1,0,0,1,0,0,0,0,1,0,0
749.61,1544.46,0,1,0,1,0,13,6,1,0,0,0,1,0,1,0,0,0,0,1,0,0,0,0
3878.4,4801.87,0,1,0,1,0,11,2,1,0,0,0,1,0,1,0,0,0,0,0,0,0,1,0
8430.51,4200.46,1,1,0,1,1,8,6,1,0,0,0,1,0,1,0,0,0,0,1,0,0,0,0
3779.96,2153.46,0,1,0,0,0,1,1,1,0,0,0,1,0,1,0,0,0,0,0,0,0,0,1
8316.56,1190.39,0,1,0,1,1,10,1,1,0,0,0,1,0,1,0,0,0,0,0,0,0,0,1
6565.33,2746.58,0,1,0,1,0,14,4,1,0,0,0,1,0,0,0,1,0,0,0,1,0,0,0
5095.78,3100.29,0,1,0,1,0,1,3,1,0,0,0,1,0,0,0,0,1,1,0,0,0,0,0
2369.68,3108.29,1,0,1,0,0,13,4,1,0,0,0,1,0,1,0,0,0,0,0,1,0,0,0
9221.64,4407.6,1,1,0,1,0,19,2,1,0,0,1,0,0,0,0,0,1,0,0,0,0,1,0
542.95,4923.6,0,1,0,1,0,5,5,1,0,0,1,0,0,1,0,0,0,0,0,0,1,0,0
6889.44,2727.67,1,1,0,1,0,17,4,1,0,0,0,1,0,0,0,0,1,0,0,1,0,0,0
6212.78,1655.18,0,1,0,1,0,5,5,1,0,0,1,0,0,0,0,1,0,0,0,0,1,0,0
4410.97,2507.88,0,1,0,1,0,2,5,1,0,0,0,1,0,0,0,1,0,0,0,0,1,0,0
2403.97,3848.52,0,1,0,1,0,20,5,1,0,0,0,1,0,0,1,0,0,0,0,0,1,0,0
4307.53,3334.67,0,1,0,1,0,3,3,1,0,0,0,1,0,0,0,1,0,1,0,0,0,0,0
8727.85,1347.16,0,1,0,1,0,14,4,1,0,0,1,0,0,0,1,0,0,0,0,1,0,0,0
8367.82,1839.77,0,1,0,1,0,5,3,1,0,0,0,0,1,0,0,0,1,1,0,0,0,0,0
9413.87,3774.1,0,1,0,0,0,8,5,1,0,0,0,1,0,1,0,0,0,0,0,0,1,0,0
3078.62,3792.3,0,0,0,1,0,21,4,1,0,0,0,1,0,0,0,1,0,0,0,1,0,0,0
3871.65,3436.1,0,1,0,1,0,0,1,1,0,0,0,0,1,0,1,0,0,0,0,0,0,0,1
188.24,2176.15,0,1,0,0,0,0,6,1,0,0,1,0,0,0,0,0,1,0,1,0,0,0,0
9429.56,1653.02,0,1,0,1,1,13,4,1,0,0,0,0,1,1,0,0,0,0,0,1,0,0,0
3294.57,1915.26,0,1,0,0,0,22,1,1,0,0,0,1,0,0,0,1,0,0,0,0,0,0,1
4042.23,4230.23,0,0,0,0,0,8,6,1,0,0,0,0,1,1,0,0,0,0,1,0,0,0,0
9078.14,2954.27,0,1,0,1,0,19,2,1,0,0,0,1,0,1,0,0,0,0,0,0,0,1,0
5266.46,2404.8,1,0,0,1,0,12,4,1,0,0,1,0,0,0,0,1,0,0,0,1,0,0,0
5662.18,1543.64,0,1,0,1,0,19,5,1,0,0,1,0,0,0,1,0,0,0,0,0,1,0,0
1763.15,2570.31,0,1,0,1,1,4,5,1,0,0,1,0,0,0,0,1,0,0,0,0,1,0,0
4987.1,2671.18,0,1,0,1,1,17,5,1,0,0,0,1,0,0,1,0,0,0,0,0,1,0,0
9182.17,4544.12,0,1,0,1,0,22,5,1,0,0,1,0,0,0,1,0,0,0,0,0,1,0,0
5587.62,4760.45,0,1,0,1,0,0,6,1,0,0,0,0,1,1,0,0,0,0,1,0,0,0,0
2551.91,4357.79,0,1,0,1,0,15,3,1,0,0,1,0,0,0,1,0,0,1,0,0,0,0,0
312.78,2552.71,0,1,0,1,0,6,3,1,0,0,0,1,0,0,1,0,0,1,0,0,0,0,0
3363.68,3236.69,0,1,0,1,1,14,2,1,0,0,0,0,1,0,0,1,0,0,0,0,0,1,0
5726.34,4364.73,0,1,1,1,0,10,1,1,0,0,0,0,1,0,1,0,0,0,0,0,0,0,1
427.09,1201.81,0,1,0,1,1,20,6,1,0,0,0,0,1,0,0,1,0,0,1,0,0,0,0
6098.32,3131.33,0,1,0,1,0,14,5,1,0,0,0,0,1,0,0,1,0,0,0,0,1,0,0
5234.61,2594.53,0,1,0,1,0,10,5,1,0,0,0,1,0,0,0,0,1,0,0,0,1,0,0
7834.57,2524.13,0,1,0,1,0,9,5,1,0,0,1,0,0,0,1,0,0,0,0,0,1,0,0
289.85,2400.36,0,1,0,0,0,13,2,1,0,0,0,0,1,0,0,1,0,0,0,0,0,1,0
7808.69,3561.86,0,1,0,1,0,9,1,1,0,0,1,0,0,0,0,1,0,0,0,0,0,0,1
5209.25,2669.3,0,0,0,0,0,11,6,1,0,0,1,0,0,1,0,0,0,0,1,0,0,0,0
3705.92,2288.67,0,1,1,1,1,9,4,1,0,0,1,0,0,0,1,0,0,0,0,1,0,0,0
9653.86,3265.2,0,0,0,1,0,8,1,1,0,0,1,0,0,0,1,0,0,0,0,0,0,0,1
1602.04,2492.52,0,1,0,0,0,9,5,1,0,0,0,1,0,1,0,0,0,0,0,0,1,0,0
5413.71,1138.77,0,0,0,1,0,4,4,1,0,0,0,0,1,0,0,1,0,0,0,1,0,0,0
3210.49,2670.52,0,1,0,0,0,13,6,1,0,0,0,0,1,1,0,0,0,0,1,0,0,0,0
5275.34,1784.36,0,1,0,1,0,18,2,1,0,0,1,0,0,0,0,0,1,0,0,0,0,1,0
5523.2,1399.65,0,1,0,1,1,19,3,1,0,0,0,0,1,0,0,1,0,1,0,0,0,0,0
895.39,4490.39,1,0,0,0,1,18,5,1,0,0,1,0,0,0,1,0,0,0,0,0,1,0,0
6611.69,3767.3,0,0,0,1,0,17,5,1,0,0,0,1,0,1,0,0,0,0,0,0,1,0,0
6345.18,2523.55,0,1,0,0,0,9,5,1,0,0,0,0,1,1,0,0,0,0,0,0,1,0,0
7694.9,4941.09,0,1,0,1,0,7,1,1,0,0,1,0,0,0,0,1,0,0,0,0,0,0,1
907.49,2468.78,0,1,0,1,0,7,6,1,0,0,0,0,1,1,0,0,0,0,1,0,0,0,0
2973.29,1977.84,0,0,0,0,0,2,6,1,0,0,1,0,0,1,0,0,0,0,1,0,0,0,0
6501.46,2894.03,0,1,0,1,0,17,4,1,0,0,0,0,1,0,1,0,0,0,0,1,0,0,0
1368.17,4782.25,0,0,0,1,1,11,3,1,0,0,0,1,0,1,0,0,0,1,0,0,0,0,0
6776.3,3655.94,0,1,0,0,0,5,1,1,0,0,0,0,1,0,0,1,0,0,0,0,0,0,1
591.21,3922.37,0,1,0,1,1,12,6,1,0,0,0,1,0,0,0,1,0,0,1,0,0,0,0
3349.98,1661.17,0,0,0,1,0,5,3,1,0,0,0,1,0,1,0,0,0,1,0,0,0,0,0
8467.26,1160.58,0,1,0,1,0,7,4,1,0,0,1,0,0,1,0,0,0,0,0,1,0,0,0
7743.14,3148.52,0,1,0,1,0,23,5,1,0,0,1,0,0,0,1,0,0,0,0,0,1,0,0
6447.96,2321.31,0,0,0,1,0,14,4,1,0,0,0,0,1,1,0,0,0,0,0,1,0,0,0
8704.71,1170.63,0,1,0,1,0,4,2,1,0,0,0,1,0,0,0,1,0,0,0,0,0,1,0
7092.99,4584.62,0,1,0,1,0,14,1,1,0,0,1,0,0,1,0,0,0,0,0,0,0,0,1
5194.23,1100.41,0,1,0,1,0,8,6,1,0,0,0,1,0,1,0,0,0,0,1,0,0,0,0
9797.2,1050.62,0,1,0,1,1,2,2,1,0,0,0,1,0,1,0,0,0,0,0,0,0,1,0
6948.87,2196.68,0,1,0,1,0,13,3,1,0,0,0,1,0,0,0,0,1,1,0,0,0,0,0
6014.07,2989.02,0,0,0,1,0,16,6,1,0,0,0,0,1,0,0,0,1,0,1,0,0,0,0
4089.3,2803.18,0,0,0,0,0,3,5,1,0,0,0,1,0,1,0,0,0,0,0,0,1,0,0
9024.22,2439.91,0,1,0,1,0,17,5,1,0,0,0,1,0,1,0,0,0,0,0,0,1,0,0
2957.8,4455.11,0,1,0,1,0,10,2,1,0,0,0,0,1,0,0,0,1,0,0,0,0,1,0
93.19,2190.34,0,1,0,1,0,2,5,1,0,0,0,0,1,0,1,0,0,0,0,0,1,0,0
1968.21,3611.16,1,0,0,1,0,7,4,1,0,0,1,0,0,1,0,0,0,0,0,1,0,0,0
1096.07,2594.43,0,0,0,1,0,10,5,1,0,0,0,1,0,1,0,0,0,0,0,0,1,0,0
3190.62,2554.7,0,1,0,1,0,8,2,1,0,0,0,1,0,0,1,0,0,0,0,0,0,1,0
8258.96,4731.24,0,1,0,1,1,19,4,1,0,0,0,0,1,0,0,1,0,0,0,1,0,0,0
6515.65,3789.79,0,0,0,1,0,5,2,1,0,0,0,0,1,0,0,0,1,0,0,0,0,1,0
1690.64,3152.82,1,1,0,0,0,9,2,1,0,0,1,0,0,0,0,0,1,0,0,0,0,1,0
7888.43,1698.48,0,1,0,1,0,3,6,1,0,0,0,0,1,0,1,0,0,0,1,0,0,0,0
5042.69,1550.37,0,0,1,1,0,16,3,1,0,0,0,0,1,0,0,0,1,1,0,0,0,0,0
5127.63,1774.59,0,1,0,1,0,11,5,1,0,0,0,0,1,0,0,1,0,0,0,0,1,0,0
3621.76,3507.75,0,1,0,1,0,13,6,1,0,0,0,0,1,0,0,1,0,0,1,0,0,0,0
8646.3,1224.07,0,1,0,0,0,12,3,1,0,0,1,0,0,0,0,0,1,1,0,0,0,0,0
3183.95,2856.4,0,1,1,1,0,19,1,1,0,0,0,1,0,0,0,1,0,0,0,0,0,0,1
942.3,2839.0,0,1,1,0,0,0,3,1,0,0,0,1,0,0,0,1,0,1,0,0,0,0,0
3027.99,4671.22,0,1,0,1,0,23,4,1,0,0,0,1,0,0,0,1,0,0,0,1,0,0,0
7153.82,2479.69,0,1,0,1,0,15,2,1,0,0,0,1,0,1,0,0,0,0,0,0,0,1,0
6576.16,4586.38,0,1,0,0,0,9,2,1,0,0,0,1,0,0,1,0,0,0,0,0,0,1,0
1880.98,3460.33,0,1,0,1,1,14,6,1,0,0,0,0,1,0,0,0,1,0,1,0,0,0,0
1118.73,2560.39,1,1,0,0,0,4,4,1,0,0,0,1,0,1,0,0,0,0,0,1,0,0,0
6609.0,3106.33,0,1,0,1,1,19,5,1,0,0,0,0,1,0,0,0,1,0,0,0,1,0,0
6764.09,1376.9,1,1,0,1,0,14,5,1,0,0,0,1,0,0,1,0,0,0,0,0,1,0,0
3662.13,4558.48,0,0,0,1,0,14,1,1,0,0,0,1,0,0,0,1,0,0,0,0,0,0,1
8428.17,3525.99,0,0,0,1,0,6,1,1,0,0,0,0,1,0,0,0,1,0,0,0,0,0,1
9782.07,2742.44,0,0,0,0,0,10,2,1,0,0,0,1,0,0,0,0,1,0,0,0,0,1,0
2057.25,4102.95,0,1,0,1,0,19,2,1,0,0,0,0,1,1,0,0,0,0,0,0,0,1,0
5771.11,2617.96,0,1,0,1,0,12,5,1,0,0,1,0,0,1,0,0,0,0,0,0,1,0,0
54.46,2843.94,0,1,0,0,1,13,3,1,0,0,1,0,0,0,0,1,0,1,0,0,0,0,0
7130.83,2688.1,0,1,0,1,0,22,4,1,0,0,1,0,0,0,1,0,0,0,0,1,0,0,0
4143.41,4986.21,0,1,0,1,0,22,1,1,0,0,0,1,0,0,0,1,0,0,0,0,0,0,1
1933.5,4080.73,0,1,0,1,1,8,6,1,0,0,0,1,0,1,0,0,0,0,1,0,0,0,0
7522.47,4715.16,0,1,0,1,0,1,1,1,0,0,0,1,0,0,0,0,1,0,0,0,0,0,1
8106.68,2518.59,0,0,0,1,0,14,6,1,0,0,0,1,0,0,0,0,1,0,1,0,0,0,0
1112.55,2960.67,1,1,0,1,0,1,1,1,0,0,0,0,1,0,1,0,0,0,0,0,0,0,1
410.92,1805.43,0,1,0,1,0,9,1,1,0,0,1,0,0,0,0,1,0,0,0,0,0,0,1
3341.45,1040.53,0,0,0,1,0,20,4,1,0,0,0,0,1,0,0,1,0,0,0,1,0,0,0
6260.28,1779.1,0,1,0,1,0,11,1,1,0,0,1,0,0,0,0,1,0,0,0,0,0,0,1
7934.4,4715.71,0,1,0,1,0,12,2,1,0,0,1,0,0,0,0,0,1,0,0,0,0,1,0
5461.08,2825.49,0,1,0,1,1,23,2,1,0,0,0,0,1,0,1,0,0,0,0,0,0,1,0
5807.91,1523.38,0,1,0,1,0,6,5,1,0,0,0,0,1,0,0,0,1,0,0,0,1,0,0
7998.78,2810.29,0,0,0,1,1,5,1,1,0,0,0,0,1,0,1,0,0,0,0,0,0,0,1
5288.9,4170.94,0,0,0,1,1,5,4,1,0,0,1,0,0,0,1,0,0,0,0,1,0,0,0
6111.93,3003.18,0,1,0,1,1,9,1,1,0,0,0,0,1,0,0,1,0,0,0,0,0,0,1
5162.66,4747.3,0,0,0,1,0,0,2,1,0,0,0,1,0,0,0,0,1,0,0,0,0,1,0
8804.7,4593.45,0,0,0,0,0,19,6,1,0,0,0,0,1,0,0,0,1,0,1,0,0,0,0
2355.93,2893.0,0,1,0,1,0,18,4,1,0,0,1,0,0,0,1,0,0,0,0,1,0,0,0
2640.67,1331.83,0,1,0,1,0,23,3,1,0,0,1,0,0,0,0,0,1,1,0,0,0,0,0
1280.49,3817.79,0,1,0,0,1,5,2,1,0,0,0,0,1,0,1,0,0,0,0,0,0,1,0
8194.85,2425.52,0,1,0,1,0,0,5,1,0,0,0,0,1,0,0,0,1,0,0,0,1,0,0
4118.36,4142.91,0,0,0,1,0,2,4,1,0,0,1,0,0,0,0,0,1,0,0,1,0,0,0
3479.59,2235.47,0,0,0,0,0,12,5,1,0,0,1,0,0,0,1,0,0,0,0,0,1,0,0
9813.51,2322.49,0,1,0,0,0,23,5,1,0,0,0,0,1,0,0,0,1,0,0,0,1,0,0
9268.11,3169.28,0,1,0,1,0,12,2,1,0,0,0,1,0,0,0,1,0,0,0,0,0,1,0
9719.9,1099.59,0,0,0,0,0,23,3,1,0,0,0,1,0,0,0,1,0,1,0,0,0,0,0
1423.85,1678.63,0,1,0,1,0,2,2,1,0,0,0,1,0,1,0,0,0,0,0,0,0,1,0
8912.63,4405.66,0,1,0,1,0,6,3,1,0,0,1,0,0,0,1,0,0,1,0,0,0,0,0
3287.77,4826.29,0,0,0,0,0,1,3,1,0,0,0,1,0,0,0,1,0,1,0,0,0,0,0
127.56,1768.35,0,1,0,1,0,15,1,1,0,0,0,1,0,1,0,0,0,0,0,0,0,0,1
3913.59,4089.87,1,1,0,1,0,15,3,1,0,0,0,0,1,0,1,0,0,1,0,0,0,0,0
5092.45,1447.45,0,1,0,1,1,10,3,1,0,0,0,0,1,0,0,0,1,1,0,0,0,0,0
1083.1,2890.76,0,0,0,1,1,16,2,1,0,0,0,1,0,0,1,0,0,0,0,0,0,1,0
5377.24,3033.87,0,1,0,1,0,15,3,1,0,0,1,0,0,0,0,0,1,1,0,0,0,0,0
8194.82,3254.91,1,0,0,1,1,20,6,1,0,0,0,1,0,0,1,0,0,0,1,0,0,0,0
3777.13,2445.76,0,1,0,1,1,0,2,1,0,0,0,0,1,0,0,0,1,0,0,0,0,1,0
3527.1,4424.47,1,1,0,1,0,17,6,1,0,0,0,0,1,0,1,0,0,0,1,0,0,0,0
3388.77,2213.83,0,1,0,1,0,17,1,1,0,0,0,0,1,0,1,0,0,0,0,0,0,0,1
9231.02,2940.91,0,1,0,1,1,18,6,1,0,0,0,1,0,0,0,1,0,0,1,0,0,0,0
488.53,1775.34,0,0,0,1,0,21,6,1,0,0,1,0,0,0,0,0,1,0,1,0,0,0,0
4451.32,3291.4,0,1,0,1,1,11,3,1,0,0,0,1,0,0,1,0,0,1,0,0,0,0,0
2646.73,1788.69,0,0,0,1,0,11,1,1,0,0,0,0,1,0,0,1,0,0,0,0,0,0,1
8938.18,1966.02,0,0,0,1,0,0,1,1,0,0,0,0,1,0,0,1,0,0,0,0,0,0,1
961.43,2749.45,0,1,0,0,0,23,1,1,0,0,0,0,1,0,0,1,0,0,0,0,0,0,1
4115.02,2111.04,0,1,0,1,0,7,1,1,0,0,0,0,1,0,0,0,1,0,0,0,0,0,1
4068.75,1160.52,0,1,0,1,0,7,4,1,0,0,0,1,0,0,0,1,0,0,0,1,0,0,0
8884.06,4185.73,1,0,0,1,0,16,1,1,0,0,0,1,0,1,0,0,0,0,0,0,0,0,1
2155.72,4280.56,0,1,0,0,0,18,2,1,0,0,1,0,0,1,0,0,0,0,0,0,0,1,0
6449.31,4602.86,0,1,0,1,0,20,6,1,0,0,0,0,1,0,1,0,0,0,1,0,0,0,0
1344.93,4919.55,0,1,0,1,0,1,1,1,0,0,0,1,0,0,0,0,1,0,0,0,0,0,1
9539.8,1452.97,0,1,0,1,0,16,6,1,0,0,0,1,0,1,0,0,0,0,1,0,0,0,0
5930.56,2098.02,0,1,0,1,0,7,1,1,0,0,0,0,1,0,0,1,0,0,0,0,0,0,1
6262.94,3522.47,0,1,0,0,0,8,2,1,0,0,0,1,0,1,0,0,0,0,0,0,0,1,0
4338.3,4505.48,0,1,0,1,0,16,1,1,0,0,0,0,1,0,0,0,1,0,0,0,0,0,1
3423.48,1649.25,0,0,0,1,0,12,1,1,0,0,1,0,0,1,0,0,0,0,0,0,0,0,1
2127.55,2934.18,0,1,0,0,1,15,3,1,0,0,0,0,1,1,0,0,0,1,0,0,0,0,0
6040.27,4915.15,0,1,0,1,0,16,6,1,0,0,0,0,1,1,0,0,0,0,1,0,0,0,0
9545.66,2324.11,0,1,0,1,1,9,2,1,0,0,0,1,0,0,0,1,0,0,0,0,0,1,0
3598.55,2964.41,1,1,0,1,0,11,4,1,0,0,1,0,0,0,0,1,0,0,0,1,0,0,0
8831.69,3775.21,0,1,1,1,0,15,4,1,0,0,1,0,0,1,0,0,0,0,0,1,0,0,0
1488.61,2686.91,0,1,0,1,0,2,6,1,0,0,0,1,0,0,0,1,0,0,1,0,0,0,0
9361.32,3870.16,0,1,0,0,0,21,1,1,0,0,1,0,0,1,0,0,0,0,0,0,0,0,1
3505.51,1590.62,0,1,0,1,1,14,5,1,0,0,1,0,0,1,0,0,0,0,0,0,1,0,0
3797.89,1922.39,0,1,0,1,1,7,6,1,0,0,0,0,1,1,0,0,0,0,1,0,0,0,0
4628.96,2547.57,0,1,0,1,0,18,6,1,0,0,0,1,0,0,1,0,0,0,1,0,0,0,0
7182.72,4935.62,0,0,0,1,0,19,6,1,0,0,1,0,0,0,1,0,0,0,1,0,0,0,0
7196.81,2395.1,0,0,0,1,0,23,6,1,0,0,1,0,0,0,1,0,0,0,1,0,0,0,0
4796.41,4662.17,0,1,0,1,1,22,4,1,0,0,1,0,0,0,0,0,1,0,0,1,0,0,0
5232.01,4499.5,0,1,0,1,0,9,3,1,0,0,0,0,1,0,0,0,1,1,0,0,0,0,0
301.07,4023.22,0,1,0,0,1,2,1,1,0,0,0,0,1,0,1,0,0,0,0,0,0,0,1
3043.66,2481.38,0,1,0,1,0,15,1,1,0,0,0,1,0,0,0,1,0,0,0,0,0,0,1
3460.82,2321.77,0,1,0,1,0,4,5,1,0,0,0,1,0,0,0,0,1,0,0,0,1,0,0
5587.71,3558.77,0,1,0,1,0,12,1,1,0,0,0,0,1,0,1,0,0,0,0,0,0,0,1
5583.44,1930.26,1,1,0,0,0,8,4,1,0,0,0,1,0,0,1,0,0,0,0,1,0,0,0
7099.29,2442.07,0,0,0,1,0,11,2,1,0,0,0,1,0,0,1,0,0,0,0,0,0,1,0
7170.56,4260.54,0,1,0,1,0,0,4,1,0,0,0,1,0,0,0,1,0,0,0,1,0,0,0
2352.87,1842.86,0,1,0,0,0,6,1,1,0,0,0,0,1,1,0,0,0,0,0,0,0,0,1
7702.1,4312.49,0,1,0,1,0,18,2,1,0,0,0,0,1,0,0,0,1,0,0,0,0,1,0
197.02,3208.05,0,1,0,0,0,20,3,1,0,0,1,0,0,1,0,0,0,1,0,0,0,0,0
7161.9,3046.26,0,1,0,0,0,12,2,1,0,0,1,0,0,0,0,1,0,0,0,0,0,1,0
1021.51,3454.48,0,1,0,1,0,21,6,1,0,0,1,0,0,1,0,0,0,0,1,0,0,0,0
7296.75,3525.67,0,1,0,1,0,22,6,1,0,0,1,0,0,0,0,0,1,0,1,0,0,0,0
5271.65,3233.34,0,1,0,0,0,4,5,1,0,0,0,1,0,0,0,1,0,0,0,0,1,0,0
4373.11,3805.72,0,1,1,0,0,1,5,1,0,0,0,1,0,0,0,0,1,0,0,0,1,0,0
6906.97,2432.06,0,0,0,1,0,3,2,1,0,0,0,0,1,0,0,0,1,0,0,0,0,1,0
364.67,4242.9,0,1,0,1,1,23,5,1,0,0,0,1,0,0,0,0,1,0,0,0,1,0,0
2235.48,1884.82,0,1,0,0,1,12,6,1,0,0,0,1,0,0,1,0,0,0,1,0,0,0,0
6164.78,3857.36,0,1,1,1,0,6,5,1,0,0,0,1,0,0,0,0,1,0,0,0,1,0,0
8472.31,2541.67,0,1,0,1,0,14,6,1,0,0,1,0,0,1,0,0,0,0,1,0,0,0,0
3811.7,3779.45,0,1,0,1,0,17,5,1,0,0,0,0,1,0,0,1,0,0,0,0,1,0,0
2588.36,1129.69,0,1,0,0,0,7,6,1,0,0,1,0,0,0,1,0,0,0,1,0,0,0,0
5187.85,2561.17,0,1,0,1,0,20,3,1,0,0,0,1,0,0,0,0,1,1,0,0,0,0,0
6223.53,4852.49,0,1,0,1,1,0,1,1,0,0,0,1,0,0,0,0,1,0,0,0,0,0,1
4201.61,3291.47,0,1,0,1,0,8,1,1,0,0,0,0,1,1,0,0,0,0,0,0,0,0,1
8767.23,2997.26,1,1,0,1,1,13,2,1,0,0,1,0,0,0,0,0,1,0,0,0,0,1,0
5234.86,1989.77,0,0,0,1,0,4,2,1,0,0,0,1,0,0,0,1,0,0,0,0,0,1,0
359.2,2965.96,0,1,0,0,0,21,2,1,0,0,0,0,1,0,0,0,1,0,0,0,0,1,0
2231.32,4293.63,0,0,0,0,0,22,3,1,0,0,0,1,0,0,1,0,0,1,0,0,0,0,0
4507.02,2353.74,1,1,0,0,0,20,5,1,0,0,0,1,0,0,0,0,1,0,0,0,1,0,0
6977.56,3259.53,0,0,0,1,0,3,3,1,0,0,0,0,1,0,1,0,0,1,0,0,0,0,0
2198.3,3694.22,0,1,0,1,0,7,5,1,0,0,0,0,1,0,0,0,1,0,0,0,1,0,0
9762.6,2603.5,0,1,0,1,0,0,3,1,0,0,0,1,0,0,0,1,0,1,0,0,0,0,0
3186.26,2132.16,0,1,0,1,0,1,2,1,0,0,0,0,1,0,0,0,1,0,0,0,0,1,0
5325.27,1622.29,0,1,0,1,0,4,3,1,0,0,0,1,0,0,0,1,0,1,0,0,0,0,0
190.64,1404.77,0,1,0,1,0,23,5,1,0,0,1,0,0,0,0,1,0,0,0,0,1,0,0
8849.02,1964.4,0,1,0,1,0,3,1,1,0,0,0,1,0,0,0,0,1,0,0,0,0,0,1
7888.56,1078.16,0,1,0,1,0,0,2,1,0,0,0,0,1,0,1,0,0,0,0,0,0,1,0
1955.38,4040.67,1,1,0,1,1,5,3,1,0,0,1,0,0,1,0,0,0,1,0,0,0,0,0
9332.43,1447.08,0,1,0,1,0,23,1,1,0,0,0,0,1,0,1,0,0,0,0,0,0,0,1
3159.08,4595.93,0,1,0,1,1,2,4,1,0,0,0,1,0,0,0,0,1,0,0,1,0,0,0
6922.17,3042.83,0,1,0,1,1,0,1,1,0,0,0,0,1,1,0,0,0,0,0,0,0,0,1
8189.94,2827.83,0,1,0,1,0,17,6,1,0,0,0,1,0,0,0,0,1,0,1,0,0,0,0
7409.4,1259.13,0,1,0,1,1,15,6,1,0,0,0,0,1,1,0,0,0,0,1,0,0,0,0
9175.91,1533.32,0,1,0,1,0,18,2,1,0,0,0,0,1,0,1,0,0,0,0,0,0,1,0
8642.88,4427.03,0,1,0,1,0,4,6,1,0,0,0,1,0,0,1,0,0,0,1,0,0,0,0
9946.12,3691.09,0,1,0,1,0,1,5,1,0,0,1,0,0,0,0,1,0,0,0,0,1,0,0
1826.93,1378.15,0,1,0,1,1,19,5,1,0,0,0,1,0,0,0,1,0,0,0,0,1,0,0
3048.31,3724.68,0,0,0,1,0,15,3,1,0,0,1,0,0,0,0,0,1,1,0,0,0,0,0
6362.62,1523.82,0,1,0,1,0,4,5,1,0,0,1,0,0,0,0,0,1,0,0,0,1,0,0
7330.74,3930.45,0,1,0,0,1,1,3,1,0,0,1,0,0,1,0,0,0,1,0,0,0,0,0
5346.52,4778.26,0,1,0,1,0,22,3,1,0,0,1,0,0,1,0,0,0,1,0,0,0,0,0
740.21,4033.39,0,1,1,0,0,16,5,1,0,0,0,1,0,0,0,1,0,0,0,0,1,0,0
8416.11,4295.24,0,1,0,0,1,0,6,1,0,0,0,1,0,1,0,0,0,0,1,0,0,0,0
9608.78,3482.46,1,1,0,1,0,13,6,1,0,0,1,0,0,0,0,1,0,0,1,0,0,0,0
4055.76,1014.85,0,1,0,1,0,6,2,1,0,0,1,0,0,0,0,1,0,0,0,0,0,1,0
2248.9,4140.79,0,1,0,0,0,11,1,1,0,0,1,0,0,1,0,0,0,0,0,0,0,0,1
194.12,2616.41,0,1,0,1,0,12,1,1,0,0,1,0,0,0,0,0,1,0,0,0,0,0,1
2373.75,4492.19,1,1,0,1,0,21,4,1,0,0,1,0,0,1,0,0,0,0,0,1,0,0,0
6999.49,3291.19,0,1,0,1,0,5,5,1,0,0,1,0,0,0,0,0,1,0,0,0,1,0,0
9115.98,1766.26,0,1,0,0,0,11,4,1,0,0,0,0,1,0,0,1,0,0,0,1,0,0,0
936.04,1219.48,0,1,0,0,0,11,6,1,0,0,1,0,0,0,0,1,0,0,1,0,0,0,0
5533.04,3220.36,0,1,0,1,0,2,3,1,0,0,0,0,1,0,0,0,1,1,0,0,0,0,0
6955.62,3267.44,0,1,0,1,1,13,5,1,0,0,0,1,0,0,0,1,0,0,0,0,1,0,0
2764.53,4440.27,0,1,0,1,0,11,3,1,0,0,0,1,0,0,0,1,0,1,0,0,0,0,0
5699.4,1155.01,0,1,0,1,0,4,1,1,0,0,1,0,0,1,0,0,0,0,0,0,0,0,1
7152.77,4285.03,1,1,0,1,0,0,5,1,0,0,0,1,0,1,0,0,0,0,0,0,1,0,0
8377.35,2622.53,0,1,1,1,1,0,1,1,0,0,0,1,0,0,0,1,0,0,0,0,0,0,1
4525.55,3113.35,0,1,0,1,0,1,5,1,0,0,1,0,0,1,0,0,0,0,0,0,1,0,0
7478.82,3133.56,0,1,0,1,1,20,2,1,0,0,0,1,0,0,0,1,0,0,0,0,0,1,0
3018.53,2529.3,0,1,0,1,0,16,2,1,0,0,0,1,0,0,0,1,0,0,0,0,0,1,0
2131.25,1744.01,0,1,0,0,0,1,3,1,0,0,1,0,0,0,0,0,1,1,0,0,0,0,0
1873.95,1315.29,0,0,0,1,0,4,1,1,0,0,1,0,0,1,0,0,0,0,0,0,0,0,1
3589.37,1827.96,0,1,0,1,0,8,6,1,0,0,1,0,0,1,0,0,0,0,1,0,0,0,0
359.76,3857.06,0,0,0,0,0,10,3,1,0,0,0,0,1,0,0,1,0,1,0,0,0,0,0
2830.64,3729.04,0,1,0,0,1,4,3,1,0,0,1,0,0,0,0,0,1,1,0,0,0,0,0
6522.58,3701.68,0,1,0,1,0,5,5,1,0,0,0,1,0,0,1,0,0,0,0,0,1,0,0
6479.54,4630.76,0,1,0,0,0,7,2,1,0,0,1,0,0,1,0,0,0,0,0,0,0,1,0
736.46,2827.49,0,1,0,1,0,18,4,1,0,0,0,0,1,0,1,0,0,0,0,1,0,0,0
2874.87,4036.55,0,1,0,0,0,18,4,1,0,0,0,1,0,1,0,0,0,0,0,1,0,0,0
5696.01,3672.86,0,1,1,1,0,20,4,1,0,0,0,0,1,0,0,1,0,0,0,1,0,0,0
3186.2,4748.15,0,1,1,1,1,15,5,1,0,0,0,1,0,1,0,0,0,0,0,0,1,0,0
4180.46,3679.2,0,1,0,1,0,10,4,1,0,0,1,0,0,1,0,0,0,0,0,1,0,0,0
7128.39,1720.89,0,1,0,1,1,19,3,1,0,0,0,0,1,0,0,1,0,1,0,0,0,0,0
93.66,3976.99,0,1,0,1,0,10,5,1,0,0,1,0,0,0,0,0,1,0,0,0,1,0,0
2764.66,2431.9,0,1,0,1,0,6,5,1,0,0,0,1,0,1,0,0,0,0,0,0,1,0,0
1424.58,2019.96,1,0,0,0,0,9,1,1,0,0,1,0,0,0,0,1,0,0,0,0,0,0,1
1276.96,2112.62,0,1,0,1,0,9,1,1,0,0,1,0,0,0,0,1,0,0,0,0,0,0,1
9590.44,4300.32,1,1,0,0,0,16,1,1,0,0,0,1,0,0,0,0,1,0,0,0,0,0,1
3766.23,2811.4,0,1,0,1,0,6,5,1,0,0,0,0,1,0,1,0,0,0,0,0,1,0,0
5271.36,2876.4,0,1,1,1,1,3,6,1,0,0,0,1,0,0,0,0,1,0,1,0,0,0,0
7338.49,1042.74,0,1,0,1,0,8,1,1,0,0,0,1,0,0,0,1,0,0,0,0,0,0,1
475.43,2080.62,0,1,0,0,0,17,2,1,0,0,1,0,0,0,0,1,0,0,0,0,0,1,0
2410.99,4533.51,0,0,0,1,0,16,6,1,0,0,0,1,0,0,0,1,0,0,1,0,0,0,0
8321.65,2992.28,0,1,0,1,0,16,3,1,0,0,0,0,1,1,0,0,0,1,0,0,0,0,0
8620.04,2665.53,0,1,0,1,0,23,2,1,0,0,0,1,0,1,0,0,0,0,0,0,0,1,0
3730.14,1295.91,0,1,0,1,0,22,3,1,0,0,0,1,0,0,1,0,0,1,0,0,0,0,0
3749.24,2173.64,0,1,1,0,1,0,5,1,0,0,1,0,0,0,1,0,0,0,0,0,1,0,0
7569.21,1524.82,0,0,0,1,0,10,5,1,0,0,0,0,1,1,0,0,0,0,0,0,1,0,0
2951.41,1657.62,0,1,0,1,0,17,4,1,0,0,1,0,0,1,0,0,0,0,0,1,0,0,0
1171.82,2355.27,0,1,0,1,1,20,2,1,0,0,1,0,0,0,0,0,1,0,0,0,0,1,0
2576.1,1268.37,1,0,0,1,1,0,2,1,0,0,0,0,1,1,0,0,0,0,0,0,0,1,0
3874.06,4113.12,0,1,0,1,0,3,5,1,0,0,0,0,1,0,1,0,0,0,0,0,1,0,0
522.99,3487.43,0,1,0,0,0,11,1,1,0,0,0,1,0,0,0,1,0,0,0,0,0,0,1
4787.32,4198.97,0,1,0,0,0,2,6,1,0,0,0,0,1,1,0,0,0,0,1,0,0,0,0
7400.34,2391.38,0,0,0,1,0,15,1,1,0,0,1,0,0,0,0,0,1,0,0,0,0,0,1
5137.94,1888.66,0,1,0,1,0,6,2,1,0,0,0,0,1,0,0,1,0,0,0,0,0,1,0
719.88,3359.99,1,1,0,1,1,7,2,1,0,0,0,0,1,1,0,0,0,0,0,0,0,1,0
4402.06,1087.78,0,1,0,1,0,22,6,1,0,0,0,0,1,1,0,0,0,0,1,0,0,0,0
7089.34,1356.09,0,1,0,1,0,2,4,1,0,0,1,0,0,0,0,1,0,0,0,1,0,0,0
581.91,3965.85,1,1,0,0,0,4,3,1,0,0,0,1,0,0,0,1,0,1,0,0,0,0,0
599.41,4549.55,0,1,0,1,0,5,1,1,0,0,0,1,0,0,0,1,0,0,0,0,0,0,1
3706.64,1821.91,0,0,0,1,0,14,1,1,0,0,1,0,0,0,0,0,1,0,0,0,0,0,1
1950.44,4163.97,1,0,0,0,1,12,1,1,0,0,0,1,0,0,0,0,1,0,0,0,0,0,1
9347.87,2534.64,0,0,0,1,0,13,3,1,0,0,0,1,0,0,0,0,1,1,0,0,0,0,0
5813.85,2663.71,0,1,0,1,0,18,3,1,0,0,1,0,0,0,0,1,0,1,0,0,0,0,0
2873.97,4536.08,0,1,0,0,0,19,6,1,0,0,1,0,0,1,0,0,0,0,1,0,0,0,0
7048.06,3484.16,0,0,0,0,0,7,3,1,0,0,0,1,0,0,0,1,0,1,0,0,0,0,0
3749.92,4247.7,0,1,0,1,0,19,5,1,0,0,0,0,1,0,1,0,0,0,0,0,1,0,0
1322.02,4103.07,0,1,0,1,1,0,2,1,0,0,0,1,0,1,0,0,0,0,0,0,0,1,0
2373.09,3296.37,0,1,0,1,1,8,3,1,0,0,0,0,1,1,0,0,0,1,0,0,0,0,0
6427.83,3991.43,0,1,0,0,0,9,2,1,0,0,1,0,0,0,0,1,0,0,0,0,0,1,0
519.71,3832.83,1,1,0,1,0,13,6,1,0,0,0,0,1,0,1,0,0,0,1,0,0,0,0
2727.62,2921.13,0,1,1,0,1,8,1,1,0,0,0,0,1,0,0,0,1,0,0,0,0,0,1
2083.91,1607.35,0,1,0,1,0,20,6,1,0,0,0,0,1,0,0,1,0,0,1,0,0,0,0
2012.15,2065.51,0,1,0,1,0,11,3,1,0,0,1,0,0,1,0,0,0,1,0,0,0,0,0
6827.94,2505.5,0,1,0,1,0,13,1,1,0,0,0,1,0,0,0,1,0,0,0,0,0,0,1
8258.34,3346.76,0,1,0,0,1,7,5,1,0,0,0,1,0,0,1,0,0,0,0,0,1,0,0
7158.95,2191.11,0,1,0,0,0,6,3,1,0,0,0,0,1,0,0,1,0,1,0,0,0,0,0
6457.63,1821.46,1,1,0,0,0,16,2,1,0,0,0,1,0,0,1,0,0,0,0,0,0,1,0
9164.6,1142.2,0,0,0,0,1,12,6,1,0,0,1,0,0,1,0,0,0,0,1,0,0,0,0
584.87,1850.1,0,1,0,1,0,7,1,1,0,0,1,0,0,0,1,0,0,0,0,0,0,0,1
1675.66,3156.31,0,1,0,1,0,6,6,1,0,0,1,0,0,0,0,1,0,0,1,0,0,0,0
4144.65,1558.49,0,1,0,1,0,14,5,1,0,0,1,0,0,0,0,0,1,0,0,0,1,0,0
3725.14,1117.42,0,1,0,0,0,20,3,1,0,0,0,1,0,0,0,0,1,1,0,0,0,0,0
4181.1,1298.77,0,1,0,1,0,2,1,1,0,0,0,0,1,0,0,0,1,0,0,0,0,0,1
2065.34,4808.42,0,1,0,1,0,12,4,1,0,0,0,0,1,0,1,0,0,0,0,1,0,0,0
1495.88,1141.89,0,1,0,1,0,4,1,1,0,0,0,0,1,0,1,0,0,0,0,0,0,0,1
5092.42,2889.34,0,1,0,0,1,20,5,1,0,0,1,0,0,0,1,0,0,0,0,0,1,0,0
9280.6,3753.1,1,1,0,1,0,22,5,1,0,0,0,1,0,1,0,0,0,0,0,0,1,0,0
3920.3,1892.46,0,1,0,1,0,8,1,1,0,0,0,1,0,0,1,0,0,0,0,0,0,0,1
434.49,4856.74,0,1,0,1,0,19,4,1,0,0,0,1,0,0,0,1,0,0,0,1,0,0,0
7061.97,1090.81,0,1,0,1,0,6,2,1,0,0,0,1,0,0,0,1,0,0,0,0,0,1,0
2911.76,4520.37,0,1,0,1,0,17,2,1,0,0,0,1,0,0,0,0,1,0,0,0,0,1,0
2451.7,2565.99,0,0,0,0,0,2,5,1,0,0,0,1,0,1,0,0,0,0,0,0,1,0,0
3243.26,2535.34,1,1,0,0,0,21,3,1,0,0,0,0,1,0,0,0,1,1,0,0,0,0,0
7238.43,2888.84,1,1,0,1,0,6,4,1,0,0,1,0,0,0,1,0,0,0,0,1,0,0,0
8188.38,4885.61,0,1,0,1,0,15,2,1,0,0,0,0,1,0,1,0,0,0,0,0,0,1,0
5880.97,3512.34,0,0,0,1,0,21,5,1,0,0,0,1,0,0,1,0,0,0,0,0,1,0,0
3225.47,4514.29,0,1,0,1,0,1,5,1,0,0,1,0,0,0,1,0,0,0,0,0,1,0,0
3105.47,1111.3,1,1,0,1,0,4,3,1,0,0,1,0,0,0,0,0,1,1,0,0,0,0,0
1243.96,4587.76,0,1,1,1,0,19,1,1,0,0,1,0,0,0,1,0,0,0,0,0,0,0,1
9333.08,1853.84,0,1,0,0,0,18,2,1,0,0,1,0,0,0,0,0,1,0,0,0,0,1,0
6381.76,2259.83,0,1,0,1,0,13,2,1,0,0,0,1,0,0,0,0,1,0,0,0,0,1,0
270.72,1294.43,0,1,0,1,0,16,5,1,0,0,0,1,0,1,0,0,0,0,0,0,1,0,0
6624.01,4660.3,0,1,0,0,0,19,5,1,0,0,1,0,0,1,0,0,0,0,0,0,1,0,0
4472.09,3104.42,0,1,0,0,0,14,3,1,0,0,0,1,0,0,0,0,1,1,0,0,0,0,0
9725.61,1360.3,1,1,0,1,1,14,5,1,0,0,1,0,0,1,0,0,0,0,0,0,1,0,0
8190.87,2589.75,0,0,0,1,0,13,2,1,0,0,0,1,0,0,1,0,0,0,0,0,0,1,0
1713.99,2524.67,0,0,0,0,0,22,6,1,0,0,1,0,0,0,1,0,0,0,1,0,0,0,0
7201.39,1203.31,0,1,0,1,0,23,6,1,0,0,0,1,0,0,0,0,1,0,1,0,0,0,0
4856.17,2390.5,0,1,0,1,1,22,1,1,0,0,0,0,1,0,0,0,1,0,0,0,0,0,1
1871.26,2171.59,0,1,0,1,0,14,2,1,0,0,0,0,1,0,1,0,0,0,0,0,0,1,0
6987.7,4677.86,0,1,0,1,0,23,4,1,0,0,0,1,0,0,0,0,1,0,0,1,0,0,0
5474.33,4227.13,0,0,0,0,0,1,6,1,0,0,0,1,0,0,0,0,1,0,1,0,0,0,0
304.71,1640.35,0,0,0,1,0,22,4,1,0,0,0,0,1,0,0,1,0,0,0,1,0,0,0
6466.23,4726.23,0,1,0,1,0,12,2,1,0,0,0,1,0,0,1,0,0,0,0,0,0,1,0
6350.24,3972.65,0,1,0,0,1,20,6,1,0,0,1,0,0,0,0,1,0,0,1,0,0,0,0
1441.71,2963.39,0,1,0,0,0,14,1,1,0,0,0,1,0,0,0,0,1,0,0,0,0,0,1
3490.53,2730.64,0,1,0,0,0,19,4,1,0,0,0,1,0,0,0,0,1,0,0,1,0,0,0
5859.4,4707.38,0,1,0,1,0,5,2,1,0,0,0,0,1,0,0,0,1,0,0,0,0,1,0
1388.69,2222.05,0,1,0,1,0,13,5,1,0,0,0,0,1,0,0,1,0,0,0,0,1,0,0
8527.38,2482.36,0,1,0,1,0,7,1,1,0,0,0,1,0,0,0,1,0,0,0,0,0,0,1
275.83,3764.66,1,1,0,1,0,8,4,1,0,0,1,0,0,0,1,0,0,0,0,1,0,0,0
1029.27,4037.15,1,1,0,1,0,6,6,1,0,0,0,1,0,0,0,0,1,0,1,0,0,0,0
1161.95,2308.67,0,1,0,1,0,2,1,1,0,0,1,0,0,0,0,1,0,0,0,0,0,0,1
5281.54,4688.03,0,1,0,1,0,22,1,1,0,0,1,0,0,0,1,0,0,0,0,0,0,0,1
6201.52,2024.42,0,1,0,1,0,8,3,1,0,0,0,1,0,0,0,1,0,1,0,0,0,0,0
4038.0,2390.0,1,1,0,1,1,17,5,1,0,0,1,0,0,0,1,0,0,0,0,0,1,0,0
2887.38,1786.29,0,1,0,1,0,16,1,1,0,0,0,0,1,0,1,0,0,0,0,0,0,0,1
8093.36,3148.35,0,1,0,1,0,9,6,1,0,0,1,0,0,0,0,1,0,0,1,0,0,0,0
683.79,4997.09,0,1,0,1,0,4,6,1,0,0,1,0,0,1,0,0,0,0,1,0,0,0,0
2803.64,3872.22,0,0,0,1,0,2,1,1,0,0,1,0,0,0,1,0,0,0,0,0,0,0,1
392.12,2885.27,0,1,0,1,1,20,6,1,0,0,0,0,1,0,0,0,1,0,1,0,0,0,0
139.89,4931.71,0,1,0,1,0,14,5,1,0,0,0,0,1,0,0,1,0,0,0,0,1,0,0
3534.45,1196.7,0,0,0,1,0,13,5,1,0,0,0,1,0,0,0,1,0,0,0,0,1,0,0
1949.04,2143.61,0,1,1,1,0,21,1,1,0,0,1,0,0,1,0,0,0,0,0,0,0,0,1
2684.39,4352.47,0,0,0,0,0,5,3,1,0,0,0,0,1,1,0,0,0,1,0,0,0,0,0
8209.65,3097.44,0,1,0,1,0,10,5,1,0,0,1,0,0,0,1,0,0,0,0,0,1,0,0
1630.64,1018.79,0,1,0,1,0,20,4,1,0,0,1,0,0,1,0,0,0,0,0,1,0,0,0
7802.55,2827.01,0,1,0,1,0,6,6,1,0,0,0,1,0,0,1,0,0,0,1,0,0,0,0
6750.83,1087.27,0,1,0,1,1,9,1,1,0,0,1,0,0,1,0,0,0,0,0,0,0,0,1
3265.13,3293.94,0,1,0,1,0,13,6,1,0,0,0,0,1,1,0,0,0,0,1,0,0,0,0
5466.01,3530.97,0,1,0,1,0,21,1,1,0,0,0,1,0,1,0,0,0,0,0,0,0,0,1
4444.91,1805.63,0,1,0,0,0,18,3,1,0,0,0,1,0,1,0,0,0,1,0,0,0,0,0
1284.82,4945.99,0,1,0,1,0,4,3,1,0,0,1,0,0,0,0,0,1,1,0,0,0,0,0
9071.95,4335.22,0,1,0,0,0,20,6,1,0,0,1,0,0,1,0,0,0,0,1,0,0,0,0
5696.61,2855.33,0,1,0,1,1,20,1,1,0,0,0,0,1,0,0,1,0,0,0,0,0,0,1
8802.52,2238.21,0,0,0,1,0,5,6,1,0,0,1,0,0,0,0,1,0,0,1,0,0,0,0
8238.44,1049.36,0,1,0,1,0,23,3,1,0,0,0,0,1,0,0,1,0,1,0,0,0,0,0
798.68,3773.05,0,1,0,1,0,11,3,1,0,0,1,0,0,0,0,1,0,1,0,0,0,0,0
2073.5,2051.53,0,1,0,1,0,22,4,1,0,0,0,0,1,0,1,0,0,0,0,1,0,0,0
1453.47,2578.62,0,0,0,1,0,12,3,1,0,0,1,0,0,1,0,0,0,1,0,0,0,0,0
8307.96,2714.49,1,0,0,0,0,17,3,1,0,0,0,1,0,0,0,0,1,1,0,0,0,0,0
8624.6,4415.26,0,1,0,0,0,23,4,1,0,0,0,0,1,0,0,0,1,0,0,1,0,0,0
5280.19,4405.62,0,1,0,1,0,21,3,1,0,0,0,1,0,1,0,0,0,1,0,0,0,0,0
1042.68,4104.87,0,1,0,1,0,23,3,1,0,0,0,1,0,0,1,0,0,1,0,0,0,0,0
1357.03,4067.2,0,1,0,0,0,20,5,1,0,0,0,1,0,0,0,0,1,0,0,0,1,0,0
8135.67,2978.97,0,1,0,0,0,21,5,1,0,0,0,1,0,1,0,0,0,0,0,0,1,0,0
9291.97,4164.48,0,1,0,1,0,2,4,1,0,0,0,0,1,0,0,1,0,0,0,1,0,0,0
1995.56,4432.57,0,1,0,1,0,11,4,1,0,0,1,0,0,0,1,0,0,0,0,1,0,0,0
112.36,2993.76,0,1,0,1,0,9,1,1,0,0,0,1,0,1,0,0,0,0,0,0,0,0,1
3310.2,4601.56,0,1,0,0,0,5,2,1,0,0,1,0,0,0,0,0,1,0,0,0,0,1,0
305.96,4961.52,0,1,0,1,0,0,3,1,0,0,0,0,1,0,0,0,1,1,0,0,0,0,0
8279.92,1701.13,1,1,0,1,0,23,5,1,0,0,1,0,0,0,1,0,0,0,0,0,1,0,0
4915.63,4916.13,0,1,0,0,0,11,3,1,0,0,0,0,1,0,0,0,1,1,0,0,0,0,0
6418.97,1982.97,0,1,0,0,0,6,1,1,0,0,1,0,0,1,0,0,0,0,0,0,0,0,1
4115.44,4736.12,0,1,0,1,0,20,3,1,0,0,0,0,1,1,0,0,0,1,0,0,0,0,0
3455.73,4404.43,1,1,0,1,0,3,3,1,0,0,0,0,1,0,1,0,0,1,0,0,0,0,0
2222.78,4664.23,0,1,0,1,0,18,2,1,0,0,1,0,0,1,0,0,0,0,0,0,0,1,0
7705.55,2844.12,0,1,0,1,0,19,4,1,0,0,0,1,0,0,0,0,1,0,0,1,0,0,0
6955.78,1604.25,0,1,0,1,1,17,3,1,0,0,0,1,0,0,1,0,0,1,0,0,0,0,0
3607.93,1890.48,0,1,1,1,0,7,5,1,0,0,1,0,0,0,0,0,1,0,0,0,1,0,0
3211.84,2218.78,1,1,0,1,0,12,2,1,0,0,0,1,0,0,0,0,1,0,0,0,0,1,0
13.43,1998.87,1,1,0,0,0,4,5,1,0,0,0,1,0,0,0,1,0,0,0,0,1,0,0
636.46,4869.53,1,1,0,1,0,0,6,1,0,0,0,0,1,1,0,0,0,0,1,0,0,0,0
6232.93,1624.28,0,1,0,1,0,17,5,1,0,0,1,0,0,1,0,0,0,0,0,0,1,0,0
5146.56,3743.17,0,1,0,1,0,10,2,1,0,0,0,1,0,0,0,0,1,0,0,0,0,1,0
4348.6,3046.4,0,0,0,1,0,18,2,1,0,0,0,1,0,0,0,0,1,0,0,0,0,1,0
8275.19,1136.83,0,0,0,1,0,7,5,1,0,0,0,1,0,0,0,0,1,0,0,0,1,0,0
5039.48,1846.34,0,1,0,1,0,4,2,1,0,0,1,0,0,0,0,0,1,0,0,0,0,1,0
3845.55,4734.28,0,1,0,1,0,23,4,1,0,0,0,1,0,0,0,1,0,0,0,1,0,0,0
1613.4,4267.3,0,1,0,1,1,20,3,1,0,0,0,1,0,0,0,0,1,1,0,0,0,0,0
8207.06,3343.83,0,1,0,1,0,19,1,1,0,0,0,1,0,0,0,0,1,0,0,0,0,0,1
5762.91,1306.93,0,1,0,0,0,12,5,1,0,0,0,0,1,0,0,0,1,0,0,0,1,0,0
925.51,1554.15,0,1,0,1,0,19,4,1,0,0,1,0,0,0,1,0,0,0,0,1,0,0,0
6489.34,3922.41,1,1,0,1,0,19,6,1,0,0,0,1,0,0,1,0,0,0,1,0,0,0,0
4251.28,4028.23,0,1,0,1,0,13,6,1,0,0,0,0,1,0,1,0,0,0,1,0,0,0,0
8114.05,4832.39,0,1,0,1,0,23,6,1,0,0,1,0,0,0,1,0,0,0,1,0,0,0,0
9189.23,1822.37,0,1,0,1,0,12,4,1,0,0,0,0,1,1,0,0,0,0,0,1,0,0,0
6005.06,3596.26,1,1,0,1,1,6,6,1,0,0,0,0,1,0,1,0,0,0,1,0,0,0,0
7316.4,2723.36,0,1,0,1,0,20,3,1,0,0,1,0,0,0,1,0,0,1,0,0,0,0,0
566.85,1455.41,0,1,1,1,0,13,1,1,0,0,0,1,0,0,1,0,0,0,0,0,0,0,1
5602.99,2344.61,0,1,0,1,0,17,5,1,0,0,0,1,0,1,0,0,0,0,0,0,1,0,0
7553.64,2469.78,1,1,1,1,0,2,1,1,0,0,0,0,1,0,0,0,1,0,0,0,0,0,1
4968.12,2813.79,0,1,1,1,1,5,3,1,0,0,1,0,0,1,0,0,0,1,0,0,0,0,0
5935.91,2172.13,0,1,0,1,0,11,1,1,0,0,1,0,0,0,0,1,0,0,0,0,0,0,1
8989.58,3210.66,0,1,0,0,0,18,5,1,0,0,0,1,0,0,0,1,0,0,0,0,1,0,0
1981.8,3425.82,0,0,0,1,1,9,1,1,0,0,0,0,1,0,1,0,0,0,0,0,0,0,1
983.37,2651.18,0,1,0,1,0,22,4,1,0,0,0,1,0,0,0,1,0,0,0,1,0,0,0
6906.75,2493.57,0,1,0,0,0,6,4,1,0,0,1,0,0,0,1,0,0,0,0,1,0,0,0
8228.67,3622.03,0,1,0,0,0,16,3,1,0,0,1,0,0,0,0,1,0,1,0,0,0,0,0
8505.05,1216.81,0,0,0,1,0,23,1,1,0,0,0,1,0,1,0,0,0,0,0,0,0,0,1
6416.8,4465.64,0,1,0,0,0,5,4,1,0,0,0,1,0,0,1,0,0,0,0,1,0,0,0
8332.3,4898.53,0,1,0,1,0,8,1,1,0,0,1,0,0,1,0,0,0,0,0,0,0,0,1
7006.94,1221.24,0,1,0,1,0,19,6,1,0,0,0,0,1,0,1,0,0,0,1,0,0,0,0
874.68,3836.72,0,1,0,1,0,7,4,1,0,0,1,0,0,0,0,0,1,0,0,1,0,0,0
7620.67,2008.95,0,1,0,1,0,22,5,1,0,0,0,0,1,0,1,0,0,0,0,0,1,0,0
1794.42,2720.07,0,0,0,0,0,18,4,1,0,0,0,1,0,0,1,0,0,0,0,1,0,0,0
2366.86,2082.57,0,1,0,1,0,8,5,1,0,0,0,1,0,0,0,1,0,0,0,0,1,0,0
3947.11,1856.99,0,1,0,0,0,6,6,1,0,0,0,0,1,0,0,1,0,0,1,0,0,0,0
3146.36,2763.94,0,1,0,1,0,20,1,1,0,0,1,0,0,0,1,0,0,0,0,0,0,0,1
3217.2,2486.43,1,1,0,1,0,13,1,1,0,0,1,0,0,0,1,0,0,0,0,0,0,0,1
1693.43,2703.16,0,1,0,1,0,13,2,1,0,0,0,0,1,1,0,0,0,0,0,0,0,1,0
2939.42,4232.34,0,0,0,1,0,11,6,1,0,0,0,0,1,0,1,0,0,0,1,0,0,0,0
197.61,4914.59,0,1,0,1,0,14,1,1,0,0,0,0,1,0,0,1,0,0,0,0,0,0,1
4729.64,1573.33,1,1,0,1,1,1,4,1,0,0,0,0,1,0,1,0,0,0,0,1,0,0,0
7686.14,3976.39,1,1,0,1,0,13,1,1,0,0,1,0,0,1,0,0,0,0,0,0,0,0,1
8622.61,3196.4,0,1,0,1,0,3,1,1,0,0,0,1,0,1,0,0,0,0,0,0,0,0,1
8204.47,2492.07,0,1,0,0,0,3,5,1,0,0,1,0,0,0,1,0,0,0,0,0,1,0,0
4165.16,3642.29,0,1,0,1,1,18,1,1,0,0,0,0,1,0,0,1,0,0,0,0,0,0,1
7304.53,4526.1,0,1,0,1,0,6,5,1,0,0,1,0,0,0,0,0,1,0,0,0,1,0,0
2879.62,3566.03,0,0,0,1,0,2,5,1,0,0,0,0,1,0,1,0,0,0,0,0,1,0,0
556.57,3814.54,1,1,0,1,0,14,4,1,0,0,0,0,1,1,0,0,0,0,0,1,0,0,0
6760.04,1592.97,0,1,1,1,0,10,4,1,0,0,0,0,1,1,0,0,0,0,0,1,0,0,0
6488.31,3851.67,0,1,0,1,1,18,5,1,0,0,0,0,1,0,0,1,0,0,0,0,1,0,0
8016.49,4944.5,0,1,0,1,0,0,5,1,0,0,1,0,0,1,0,0,0,0,0,0,1,0,0
6161.45,4838.4,0,1,0,1,0,19,2,1,0,0,0,0,1,0,1,0,0,0,0,0,0,1,0
1569.76,2636.78,0,1,0,1,1,0,2,1,0,0,1,0,0,0,0,0,1,0,0,0,0,1,0
8531.77,4529.04,0,1,0,1,0,23,4,1,0,0,1,0,0,0,0,1,0,0,0,1,0,0,0
6272.9,3365.46,0,1,0,0,0,7,4,1,0,0,0,1,0,1,0,0,0,0,0,1,0,0,0
8076.29,1473.17,0,1,0,0,0,18,6,1,0,0,1,0,0,0,0,1,0,0,1,0,0,0,0
7741.3,4912.8,0,1,0,0,1,2,2,1,0,0,0,1,0,0,1,0,0,0,0,0,0,1,0
2979.35,3452.75,0,1,0,1,0,2,2,1,0,0,0,1,0,0,0,0,1,0,0,0,0,1,0
746.46,1423.5,0,1,0,1,0,22,3,1,0,0,0,1,0,0,1,0,0,1,0,0,0,0,0
1765.87,3289.0,0,1,0,0,0,2,4,1,0,0,1,0,0,0,0,1,0,0,0,1,0,0,0
929.53,3885.8,0,1,0,1,0,19,1,1,0,0,0,1,0,0,0,0,1,0,0,0,0,0,1
2434.88,1949.04,0,1,0,0,0,16,3,1,0,0,0,0,1,0,1,0,0,1,0,0,0,0,0
4595.86,3729.77,0,1,0,0,1,15,4,1,0,0,1,0,0,0,0,1,0,0,0,1,0,0,0
9068.2,4863.73,1,0,0,1,0,13,2,1,0,0,0,0,1,0,0,0,1,0,0,0,0,1,0
8720.32,1926.59,1,0,0,0,1,7,3,1,0,0,1,0,0,0,0,1,0,1,0,0,0,0,0
7186.28,2963.39,0,1,0,1,0,13,4,1,0,0,0,1,0,0,1,0,0,0,0,1,0,0,0
242.1,2256.04,0,1,0,1,1,2,6,1,0,0,0,1,0,0,0,1,0,0,1,0,0,0,0
3414.55,2551.61,0,1,0,1,0,11,2,1,0,0,1,0,0,1,0,0,0,0,0,0,0,1,0
6823.8,4348.44,1,1,0,1,0,15,6,1,0,0,0,1,0,0,0,1,0,0,1,0,0,0,0
1291.16,4294.15,0,1,1,1,0,1,1,1,0,0,0,0,1,1,0,0,0,0,0,0,0,0,1
8011.08,1033.39,1,0,0,1,1,17,3,1,0,0,0,0,1,0,0,0,1,1,0,0,0,0,0
9145.82,1488.31,0,0,0,1,0,2,4,1,0,0,0,1,0,0,0,0,1,0,0,1,0,0,0
3541.69,2396.03,0,0,0,1,0,13,1,1,0,0,1,0,0,0,1,0,0,0,0,0,0,0,1
7058.72,2212.15,1,1,0,1,0,11,3,1,0,0,1,0,0,0,0,1,0,1,0,0,0,0,0
1482.89,1374.35,0,1,1,1,0,11,2,1,0,0,0,0,1,1,0,0,0,0,0,0,0,1,0
6908.47,3750.63,0,0,0,1,0,16,3,1,0,0,0,1,0,1,0,0,0,1,0,0,0,0,0
215.53,3570.79,0,0,1,0,0,22,1,1,0,0,0,1,0,0,1,0,0,0,0,0,0,0,1
1508.56,1992.5,1,0,0,1,0,19,3,1,0,0,0,0,1,0,0,1,0,1,0,0,0,0,0
7099.1,2446.67,0,1,0,0,0,17,2,1,0,0,1,0,0,1,0,0,0,0,0,0,0,1,0
7118.79,2951.86,0,1,0,0,0,0,5,1,0,0,0,1,0,0,1,0,0,0,0,0,1,0,0
6411.99,1181.16,1,1,0,0,0,17,3,1,0,0,1,0,0,0,1,0,0,1,0,0,0,0,0
4774.16,1619.19,0,1,0,1,0,5,2,1,0,0,1,0,0,0,0,1,0,0,0,0,0,1,0
6749.41,3587.27,0,1,0,0,1,15,5,1,0,0,0,0,1,0,0,1,0,0,0,0,1,0,0
7738.23,2942.62,0,0,0,1,0,14,2,1,0,0,1,0,0,0,0,1,0,0,0,0,0,1,0
9664.85,3401.89,0,1,0,1,0,16,4,1,0,0,0,0,1,1,0,0,0,0,0,1,0,0,0
8886.52,4893.22,0,1,0,1,0,18,6,1,0,0,0,1,0,0,1,0,0,0,1,0,0,0,0
7945.55,4022.02,0,1,0,1,0,20,6,1,0,0,1,0,0,0,0,1,0,0,1,0,0,0,0
6947.88,4872.93,0,1,0,1,1,17,3,1,0,0,0,0,1,0,0,0,1,1,0,0,0,0,0
5741.98,3363.8,0,1,0,1,0,3,3,1,0,0,0,0,1,0,0,1,0,1,0,0,0,0,0
1206.97,1005.86,0,0,0,1,0,20,6,1,0,0,1,0,0,1,0,0,0,0,1,0,0,0,0
1656.4,1375.1,0,0,0,1,0,17,2,1,0,0,0,0,1,0,0,1,0,0,0,0,0,1,0
8202.98,3787.92,0,1,1,0,0,0,3,1,0,0,0,1,0,0,0,1,0,1,0,0,0,0,0
8033.33,2220.27,0,0,0,1,1,12,6,1,0,0,1,0,0,0,0,0,1,0,1,0,0,0,0
6144.97,2655.09,0,1,0,1,0,0,3,1,0,0,0,1,0,0,0,0,1,1,0,0,0,0,0
4388.96,3701.67,0,1,0,1,1,6,6,1,0,0,0,0,1,1,0,0,0,0,1,0,0,0,0
261.3,2333.74,0,0,0,1,0,22,6,1,0,0,0,1,0,0,0,1,0,0,1,0,0,0,0
3272.44,4494.62,0,1,0,1,0,21,4,1,0,0,0,0,1,0,0,1,0,0,0,1,0,0,0
4206.98,2549.7,0,1,0,1,0,0,5,1,0,0,0,0,1,0,0,0,1,0,0,0,1,0,0
4858.68,1177.29,1,1,0,1,1,1,4,1,0,0,0,1,0,0,0,1,0,0,0,1,0,0,0
9293.32,4936.83,0,1,0,1,0,6,2,1,0,0,1,0,0,1,0,0,0,0,0,0,0,1,0
1087.99,2958.89,0,0,0,1,1,0,6,1,0,0,1,0,0,0,0,0,1,0,1,0,0,0,0
5189.15,2402.17,1,1,0,1,0,4,1,1,0,0,1,0,0,0,1,0,0,0,0,0,0,0,1
3679.86,4596.65,0,1,0,1,0,14,1,1,0,0,0,1,0,0,1,0,0,0,0,0,0,0,1
9900.99,4443.49,0,1,0,1,0,18,2,1,0,0,0,1,0,0,1,0,0,0,0,0,0,1,0
8618.78,1151.27,0,1,1,1,0,20,5,1,0,0,0,1,0,0,1,0,0,0,0,0,1,0,0
4388.42,4233.76,0,1,0,1,0,1,6,1,0,0,0,1,0,0,0,0,1,0,1,0,0,0,0
9996.96,2959.88,1,1,0,1,0,16,6,1,0,0,1,0,0,1,0,0,0,0,1,0,0,0,0
5141.12,3693.8,0,1,0,0,0,15,1,1,0,0,1,0,0,0,1,0,0,0,0,0,0,0,1
1672.01,1583.82,0,0,0,1,0,16,6,1,0,0,0,0,1,0,1,0,0,0,1,0,0,0,0
5559.19,3669.88,0,1,0,0,0,9,2,1,0,0,0,1,0,0,0,1,0,0,0,0,0,1,0
2262.83,1920.39,0,1,0,1,0,16,5,1,0,0,1,0,0,1,0,0,0,0,0,0,1,0,0
6363.49,1469.4,0,0,0,1,0,6,3,1,0,0,1,0,0,0,1,0,0,1,0,0,0,0,0
9374.46,1538.64,0,1,0,1,0,23,1,1,0,0,1,0,0,0,0,0,1,0,0,0,0,0,1
7862.2,2199.75,0,1,0,1,0,23,1,1,0,0,1,0,0,0,0,0,1,0,0,0,0,0,1
2732.36,4966.6,0,1,0,0,0,17,1,1,0,0,1,0,0,1,0,0,0,0,0,0,0,0,1
2969.29,1217.14,0,0,0,1,0,10,1,1,0,0,1,0,0,0,1,0,0,0,0,0,0,0,1
693.81,2323.66,0,1,0,1,0,19,1,1,0,0,0,1,0,0,0,0,1,0,0,0,0,0,1
2859.39,3100.22,0,1,0,1,0,3,3,1,0,0,0,0,1,0,0,1,0,1,0,0,0,0,0
927.16,1827.6,0,0,0,1,1,15,2,1,0,0,0,0,1,0,0,0,1,0,0,0,0,1,0
4994.99,4846.42,0,1,0,0,1,3,3,1,0,0,0,1,0,1,0,0,0,1,0,0,0,0,0
7083.76,2842.27,0,1,0,1,0,21,5,1,0,0,1,0,0,0,1,0,0,0,0,0,1,0,0
7512.06,3770.87,0,1,0,1,0,21,6,1,0,0,0,1,0,1,0,0,0,0,1,0,0,0,0
596.23,2439.87,0,1,0,0,0,22,4,1,0,0,1,0,0,0,0,0,1,0,0,1,0,0,0
3400.22,1776.8,0,1,0,1,0,12,1,1,0,0,1,0,0,0,1,0,0,0,0,0,0,0,1
2882.43,2214.44,0,1,0,1,1,11,3,1,0,0,1,0,0,1,0,0,0,1,0,0,0,0,0
1043.9,2118.71,0,1,0,0,0,17,4,1,0,0,1,0,0,1,0,0,0,0,0,1,0,0,0
3625.35,4390.2,0,1,1,1,0,23,1,1,0,0,1,0,0,0,1,0,0,0,0,0,0,0,1
2993.9,1059.04,0,1,0,0,0,3,5,1,0,0,0,1,0,0,0,1,0,0,0,0,1,0,0
6345.36,4574.57,0,1,0,1,0,21,3,1,0,0,0,1,0,0,0,0,1,1,0,0,0,0,0
8833.14,2571.57,0,1,1,1,0,1,6,1,0,0,0,0,1,0,0,1,0,0,1,0,0,0,0
4548.96,3467.32,0,1,0,1,0,21,6,1,0,0,1,0,0,1,0,0,0,0,1,0,0,0,0
7466.91,4222.26,0,1,0,1,1,16,6,1,0,0,0,1,0,1,0,0,0,0,1,0,0,0,0
1460.96,2843.95,0,1,0,1,0,4,5,1,0,0,0,1,0,0,0,1,0,0,0,0,1,0,0
8949.77,1370.44,0,1,0,1,0,13,2,1,0,0,1,0,0,0,0,0,1,0,0,0,0,1,0
1526.79,3166.79,0,1,0,1,1,20,6,1,0,0,1,0,0,1,0,0,0,0,1,0,0,0,0
1921.82,1486.32,0,1,0,1,1,14,6,1,0,0,0,1,0,0,1,0,0,0,1,0,0,0,0
1065.53,4298.7,0,1,0,1,0,12,6,1,0,0,1,0,0,1,0,0,0,0,1,0,0,0,0
3097.49,3591.56,0,1,0,1,0,9,6,1,0,0,0,1,0,1,0,0,0,0,1,0,0,0,0
5524.55,3368.58,0,1,0,1,1,2,6,1,0,0,0,0,1,0,0,0,1,0,1,0,0,0,0
9879.95,1001.55,0,1,0,1,1,11,6,1,0,0,1,0,0,0,1,0,0,0,1,0,0,0,0
7933.89,4840.29,0,1,0,1,0,16,5,1,0,0,0,0,1,0,0,1,0,0,0,0,1,0,0
3804.98,1521.33,0,1,0,1,0,0,1,1,0,0,0,0,1,0,0,1,0,0,0,0,0,0,1
5758.88,1733.85,1,1,0,1,0,9,4,1,0,0,0,0,1,0,0,0,1,0,0,1,0,0,0
6233.46,4944.63,0,1,0,1,0,22,6,1,0,0,1,0,0,1,0,0,0,0,1,0,0,0,0
8227.45,1358.12,0,1,0,1,0,0,5,1,0,0,0,0,1,1,0,0,0,0,0,0,1,0,0
7364.78,3966.58,0,1,0,0,0,19,4,1,0,0,0,1,0,0,0,0,1,0,0,1,0,0,0
5693.34,1379.85,0,1,0,1,0,15,3,1,0,0,0,1,0,1,0,0,0,1,0,0,0,0,0
6692.16,3931.25,0,1,0,1,1,18,5,1,0,0,1,0,0,0,0,1,0,0,0,0,1,0,0
7459.43,4557.54,0,0,0,0,0,0,2,1,0,0,1,0,0,0,0,1,0,0,0,0,0,1,0
1332.31,2398.78,0,1,0,1,0,19,6,1,0,0,0,0,1,1,0,0,0,0,1,0,0,0,0
2005.35,2249.48,1,1,0,1,1,6,6,1,0,0,1,0,0,0,1,0,0,0,1,0,0,0,0
6886.15,4731.99,0,0,0,1,0,19,6,1,0,0,0,1,0,0,0,0,1,0,1,0,0,0,0
8504.41,1298.6,0,1,0,1,0,16,6,1,0,0,0,1,0,0,1,0,0,0,1,0,0,0,0
4093.21,2390.19,0,1,0,1,0,21,4,1,0,0,0,1,0,0,0,0,1,0,0,1,0,0,0
9798.92,3611.71,0,1,0,1,0,1,4,1,0,0,1,0,0,1,0,0,0,0,0,1,0,0,0
2161.5,3749.96,0,1,0,1,0,9,4,1,0,0,0,1,0,0,1,0,0,0,0,1,0,0,0
4167.58,2812.07,0,0,0,1,0,2,2,1,0,0,1,0,0,1,0,0,0,0,0,0,0,1,0
3785.85,4414.59,0,0,0,1,0,0,6,1,0,0,0,0,1,1,0,0,0,0,1,0,0,0,0
9303.03,4395.88,0,0,0,1,1,9,3,1,0,0,0,1,0,0,0,0,1,1,0,0,0,0,0
2854.5,4268.27,0,1,0,0,0,4,5,1,0,0,0,0,1,0,0,0,1,0,0,0,1,0,0
4708.44,1683.09,0,1,0,0,0,12,3,1,0,0,0,1,0,0,0,0,1,1,0,0,0,0,0
1873.15,3586.73,0,0,0,1,0,23,3,1,0,0,0,1,0,1,0,0,0,1,0,0,0,0,0
5213.14,4403.93,0,1,0,0,0,9,5,1,0,0,0,1,0,0,1,0,0,0,0,0,1,0,0
8574.18,1377.09,0,0,0,0,0,22,5,1,0,0,0,0,1,0,0,0,1,0,0,0,1,0,0
3041.09,1978.35,0,1,0,1,1,18,2,1,0,0,0,1,0,0,0,0,1,0,0,0,0,1,0
8108.11,4911.92,0,1,0,1,0,21,6,1,0,0,0,0,1,0,0,1,0,0,1,0,0,0,0
9113.2,2847.5,0,1,0,1,0,2,5,1,0,0,1,0,0,1,0,0,0,0,0,0,1,0,0
730.51,3120.79,0,1,0,1,1,9,3,1,0,0,0,1,0,0,0,1,0,1,0,0,0,0,0
7564.49,2401.09,1,1,0,0,0,16,4,1,0,0,0,1,0,0,0,0,1,0,0,1,0,0,0
2554.18,2568.76,0,1,0,1,0,0,5,1,0,0,0,0,1,0,0,1,0,0,0,0,1,0,0
1754.1,4578.09,0,1,0,0,0,22,2,1,0,0,0,1,0,0,1,0,0,0,0,0,0,1,0
6011.62,1836.95,0,1,0,1,0,15,3,1,0,0,1,0,0,0,1,0,0,1,0,0,0,0,0
7056.32,2116.6,0,1,0,1,0,19,6,1,0,0,0,1,0,0,0,1,0,0,1,0,0,0,0
3948.22,3002.63,0,1,0,0,0,4,1,1,0,0,1,0,0,0,1,0,0,0,0,0,0,0,1
392.7,2242.29,0,1,0,1,0,8,4,1,0,0,1,0,0,1,0,0,0,0,0,1,0,0,0
9087.14,4570.53,0,1,0,1,0,3,4,1,0,0,0,1,0,0,0,1,0,0,0,1,0,0,0
7307.74,3531.95,0,1,0,1,0,23,5,1,0,0,0,1,0,1,0,0,0,0,0,0,1,0,0
2717.4,3014.97,0,0,0,0,0,9,2,1,0,0,1,0,0,0,1,0,0,0,0,0,0,1,0
4969.14,3416.28,0,0,1,0,0,23,4,1,0,0,1,0,0,0,0,1,0,0,0,1,0,0,0
278.9,1079.32,0,1,0,1,0,1,5,1,0,0,1,0,0,0,0,1,0,0,0,0,1,0,0
3393.49,3967.02,0,1,0,1,1,11,6,1,0,0,0,1,0,0,0,0,1,0,1,0,0,0,0
5225.83,2341.72,0,0,1,1,0,9,3,1,0,0,0,0,1,1,0,0,0,1,0,0,0,0,0
5172.72,3432.78,0,1,0,1,1,11,2,1,0,0,0,1,0,0,0,0,1,0,0,0,0,1,0
2082.64,4328.72,1,1,0,0,0,20,2,1,0,0,0,0,1,0,0,0,1,0,0,0,0,1,0
7767.7,2381.95,0,1,0,1,0,19,3,1,0,0,0,0,1,0,1,0,0,1,0,0,0,0,0
2989.32,1147.85,0,0,0,1,0,5,2,1,0,0,0,1,0,1,0,0,0,0,0,0,0,1,0
5804.52,1003.88,0,1,0,1,0,20,5,1,0,0,0,0,1,1,0,0,0,0,0,0,1,0,0
2715.95,4439.33,1,1,0,0,1,6,5,1,0,0,1,0,0,0,1,0,0,0,0,0,1,0,0
4252.25,3186.11,0,1,0,0,0,12,6,1,0,0,0,1,0,0,1,0,0,0,1,0,0,0,0
2075.94,3601.81,0,1,0,1,0,12,4,1,0,0,0,0,1,1,0,0,0,0,0,1,0,0,0
6330.44,3387.17,0,0,0,0,1,22,1,1,0,0,1,0,0,0,1,0,0,0,0,0,0,0,1
4256.42,1676.03,0,1,0,0,0,3,5,1,0,0,0,0,1,1,0,0,0,0,0,0,1,0,0
162.16,1152.97,0,0,0,0,0,4,3,1,0,0,0,0,1,0,1,0,0,1,0,0,0,0,0
282.62,1972.81,0,1,0,0,0,13,2,1,0,0,1,0,0,0,0,0,1,0,0,0,0,1,0
4711.87,4963.57,0,1,0,1,0,18,5,1,0,0,1,0,0,0,1,0,0,0,0,0,1,0,0
1833.08,2671.16,0,1,0,0,0,5,2,1,0,0,0,1,0,0,0,1,0,0,0,0,0,1,0
5850.84,4700.31,0,1,0,0,0,15,3,1,0,0,0,0,1,0,1,0,0,1,0,0,0,0,0
4082.51,2041.03,0,1,0,1,1,13,4,1,0,0,0,1,0,0,0,1,0,0,0,1,0,0,0
6544.54,3861.56,0,1,0,1,0,2,4,1,0,0,0,1,0,1,0,0,0,0,0,1,0,0,0
9524.0,1104.17,0,1,0,1,0,14,4,1,0,0,0,0,1,0,0,0,1,0,0,1,0,0,0
5287.83,1052.45,0,0,0,0,0,20,2,1,0,0,0,0,1,0,1,0,0,0,0,0,0,1,0
7874.0,2863.53,0,1,0,1,0,20,3,1,0,0,0,1,0,1,0,0,0,1,0,0,0,0,0
7530.66,3596.35,1,0,0,1,0,10,4,1,0,0,1,0,0,0,0,1,0,0,0,1,0,0,0
9217.99,4848.96,0,0,0,1,1,1,2,1,0,0,0,1,0,0,0,0,1,0,0,0,0,1,0
2140.96,1118.81,0,0,0,1,0,18,2,1,0,0,0,0,1,1,0,0,0,0,0,0,0,1,0
8273.44,4951.49,0,0,0,0,0,9,4,1,0,0,1,0,0,1,0,0,0,0,0,1,0,0,0
9055.3,2887.25,0,1,0,1,0,16,1,1,0,0,0,1,0,1,0,0,0,0,0,0,0,0,1
3928.24,4065.54,0,1,0,1,0,22,4,1,0,0,0,0,1,1,0,0,0,0,0,1,0,0,0
3138.85,3585.14,0,1,0,1,0,5,1,1,0,0,1,0,0,0,1,0,0,0,0,0,0,0,1
9520.41,1991.14,0,1,0,1,0,16,6,1,0,0,1,0,0,1,0,0,0,0,1,0,0,0,0
6276.7,2330.14,0,0,0,1,1,9,1,1,0,0,1,0,0,1,0,0,0,0,0,0,0,0,1
3807.38,3364.45,0,0,0,1,0,10,4,1,0,0,0,0,1,0,1,0,0,0,0,1,0,0,0
7918.49,1385.48,0,1,0,0,0,19,5,1,0,0,0,1,0,0,0,1,0,0,0,0,1,0,0
3045.43,4098.88,0,1,0,1,0,16,2,1,0,0,0,0,1,0,0,0,1,0,0,0,0,1,0
1764.9,4198.34,0,1,0,1,0,23,3,1,0,0,0,0,1,0,0,0,1,1,0,0,0,0,0
5440.15,4282.54,0,1,0,0,0,17,5,1,0,0,1,0,0,0,1,0,0,0,0,0,1,0,0
5662.55,4394.34,0,1,0,1,1,8,5,1,0,0,0,1,0,0,1,0,0,0,0,0,1,0,0
8257.64,3756.37,0,1,0,0,0,12,2,1,0,0,1,0,0,0,0,1,0,0,0,0,0,1,0
4570.82,3975.77,0,1,0,1,0,4,4,1,0,0,0,0,1,0,0,0,1,0,0,1,0,0,0
8146.05,3354.76,0,1,0,1,0,8,4,1,0,0,1,0,0,0,1,0,0,0,0,1,0,0,0
3113.92,1906.69,0,1,0,1,0,8,5,1,0,0,0,0,1,1,0,0,0,0,0,0,1,0,0
5754.11,1332.17,0,1,0,0,1,2,2,1,0,0,0,0,1,0,1,0,0,0,0,0,0,1,0
2085.52,1714.22,1,1,1,1,0,17,5,1,0,0,0,0,1,0,0,0,1,0,0,0,1,0,0
3855.07,1772.43,0,1,0,0,0,20,1,1,0,0,1,0,0,0,0,1,0,0,0,0,0,0,1
8575.54,4031.56,0,1,0,1,0,6,3,1,0,0,0,1,0,0,0,1,0,1,0,0,0,0,0
2160.67,4790.99,0,0,0,0,1,23,2,1,0,0,1,0,0,1,0,0,0,0,0,0,0,1,0
8102.58,4257.75,0,1,0,1,0,20,5,1,0,0,0,0,1,1,0,0,0,0,0,0,1,0,0
2829.43,4968.82,0,0,0,0,0,5,3,1,0,0,1,0,0,0,0,0,1,1,0,0,0,0,0
345.86,1174.64,0,0,0,1,1,0,4,1,0,0,0,0,1,1,0,0,0,0,0,1,0,0,0
1100.24,1128.35,0,1,0,1,1,3,1,1,0,0,0,1,0,0,0,0,1,0,0,0,0,0,1
7459.05,3734.2,0,1,0,1,0,3,3,1,0,0,0,1,0,0,0,0,1,1,0,0,0,0,0
2621.45,1102.43,0,1,0,1,0,16,4,1,0,0,0,0,1,0,1,0,0,0,0,1,0,0,0
6541.8,4562.91,0,1,0,1,0,4,2,1,0,0,0,1,0,1,0,0,0,0,0,0,0,1,0
6992.29,2888.69,0,1,0,1,0,3,5,1,0,0,0,0,1,0,1,0,0,0,0,0,1,0,0
3451.84,4697.63,0,1,0,1,1,1,6,1,0,0,1,0,0,0,1,0,0,0,1,0,0,0,0
4749.71,1999.41,0,0,0,1,0,21,5,1,0,0,1,0,0,0,0,0,1,0,0,0,1,0,0
4038.27,3569.63,0,1,0,0,1,8,1,1,0,0,0,1,0,0,0,0,1,0,0,0,0,0,1
9473.54,3796.22,0,1,0,1,1,5,4,1,0,0,0,1,0,0,0,0,1,0,0,1,0,0,0
3200.17,2149.05,0,1,0,1,0,21,5,1,0,0,0,0,1,0,0,0,1,0,0,0,1,0,0
1834.05,2469.03,0,1,0,1,0,23,1,1,0,0,0,1,0,0,1,0,0,0,0,0,0,0,1
3656.56,3205.8,0,1,0,0,1,0,1,1,0,0,0,1,0,0,0,1,0,0,0,0,0,0,1
6695.49,2534.57,1,1,0,1,0,13,6,1,0,0,0,1,0,0,0,1,0,0,1,0,0,0,0
6973.93,2966.09,0,1,0,1,0,13,4,1,0,0,0,0,1,0,0,1,0,0,0,1,0,0,0
9240.65,2824.02,0,1,0,1,0,3,1,1,0,0,1,0,0,0,0,0,1,0,0,0,0,0,1
8817.66,3663.97,0,1,0,1,0,16,5,1,0,0,0,0,1,1,0,0,0,0,0,0,1,0,0
2883.92,1325.31,0,1,0,1,0,6,1,1,0,0,0,0,1,0,0,1,0,0,0,0,0,0,1
4552.18,4826.5,0,0,0,1,0,13,4,1,0,0,0,1,0,0,1,0,0,0,0,1,0,0,0
7472.94,1411.39,0,1,0,1,0,23,6,1,0,0,1,0,0,0,1,0,0,0,1,0,0,0,0
9165.46,2352.43,0,1,0,1,0,17,6,1,0,0,0,0,1,0,0,0,1,0,1,0,0,0,0
3372.31,1034.81,0,0,0,1,0,2,4,1,0,0,0,1,0,0,1,0,0,0,0,1,0,0,0
4444.97,4264.08,0,1,1,1,0,22,1,1,0,0,0,0,1,0,1,0,0,0,0,0,0,0,1
8994.88,1450.05,0,1,0,1,0,4,5,1,0,0,0,1,0,0,0,1,0,0,0,0,1,0,0
3585.48,2113.97,0,1,0,0,0,3,4,1,0,0,1,0,0,0,0,1,0,0,0,1,0,0,0
4805.65,2807.05,0,1,0,1,0,0,1,1,0,0,1,0,0,0,1,0,0,0,0,0,0,0,1
9045.14,4375.9,0,1,1,0,0,14,6,1,0,0,0,1,0,0,0,1,0,0,1,0,0,0,0
8022.63,4068.99,0,1,0,0,0,17,5,1,0,0,0,0,1,0,1,0,0,0,0,0,1,0,0
2435.07,1599.71,0,0,0,0,1,12,5,1,0,0,0,0,1,0,1,0,0,0,0,0,1,0,0
3248.63,2786.67,0,1,0,0,0,21,4,1,0,0,1,0,0,0,0,1,0,0,0,1,0,0,0
3530.23,2330.94,0,1,0,1,0,15,5,1,0,0,0,0,1,0,0,0,1,0,0,0,1,0,0
9127.47,4793.96,0,1,0,0,0,14,4,1,0,0,0,1,0,0,0,1,0,0,0,1,0,0,0
9989.34,4422.97,0,0,0,0,0,23,6,1,0,0,0,1,0,0,0,0,1,0,1,0,0,0,0
7740.27,1601.7,0,1,0,0,0,16,5,1,0,0,0,1,0,1,0,0,0,0,0,0,1,0,0
4843.78,2718.53,0,1,0,0,1,17,1,1,0,0,1,0,0,0,1,0,0,0,0,0,0,0,1
102.73,2778.74,0,1,0,1,0,23,6,1,0,0,1,0,0,1,0,0,0,0,1,0,0,0,0
6975.18,4843.66,0,0,0,1,0,7,5,1,0,0,1,0,0,0,1,0,0,0,0,0,1,0,0
3894.22,4181.03,0,1,0,1,0,3,5,1,0,0,0,1,0,0,0,1,0,0,0,0,1,0,0
6330.23,4236.18,0,1,0,0,0,20,4,1,0,0,1,0,0,1,0,0,0,0,0,1,0,0,0
6067.33,2472.44,1,1,0,1,0,3,2,1,0,0,0,1,0,1,0,0,0,0,0,0,0,1,0
4808.84,3782.12,0,1,0,1,0,2,2,1,0,0,0,0,1,0,1,0,0,0,0,0,0,1,0
9443.93,2280.96,0,1,0,1,0,12,6,1,0,0,1,0,0,0,1,0,0,0,1,0,0,0,0
232.44,4298.15,0,1,0,1,0,15,2,1,0,0,0,0,1,0,0,0,1,0,0,0,0,1,0
7121.61,4840.34,0,0,0,0,0,20,3,1,0,0,0,0,1,0,0,0,1,1,0,0,0,0,0
4098.99,3440.5,0,1,0,1,1,20,6,1,0,0,1,0,0,0,0,1,0,0,1,0,0,0,0
7138.19,3114.93,0,0,0,1,0,3,4,1,0,0,1,0,0,1,0,0,0,0,0,1,0,0,0
6752.52,4489.97,0,0,0,0,0,19,3,1,0,0,0,0,1,1,0,0,0,1,0,0,0,0,0
103.37,4620.1,0,1,0,1,0,8,3,1,0,0,0,0,1,0,0,0,1,1,0,0,0,0,0
2854.1,1360.78,0,0,0,1,0,17,3,1,0,0,0,0,1,0,0,1,0,1,0,0,0,0,0
1891.73,3789.25,0,1,0,0,1,22,6,1,0,0,0,1,0,1,0,0,0,0,1,0,0,0,0
1670.7,3513.85,0,1,0,1,0,23,3,1,0,0,0,0,1,0,1,0,0,1,0,0,0,0,0
7285.04,1840.68,0,1,0,1,0,5,3,1,0,0,0,1,0,0,1,0,0,1,0,0,0,0,0
2396.27,1499.44,0,0,0,1,1,14,4,1,0,0,1,0,0,0,1,0,0,0,0,1,0,0,0
4747.9,2141.02,1,1,0,1,0,10,5,1,0,0,0,0,1,1,0,0,0,0,0,0,1,0,0
2470.64,1675.94,0,1,0,1,0,0,4,1,0,0,1,0,0,0,0,1,0,0,0,1,0,0,0
5802.76,1970.33,0,1,0,0,1,7,6,1,0,0,0,0,1,0,0,0,1,0,1,0,0,0,0
7206.02,4670.44,0,1,0,1,0,19,2,1,0,0,1,0,0,0,0,0,1,0,0,0,0,1,0
3311.42,4664.87,0,1,0,0,0,3,1,1,0,0,0,0,1,0,0,0,1,0,0,0,0,0,1
6030.61,2014.16,0,1,0,1,1,21,4,1,0,0,0,1,0,0,1,0,0,0,0,1,0,0,0
8248.72,1808.47,0,1,0,0,0,5,4,1,0,0,1,0,0,1,0,0,0,0,0,1,0,0,0
943.15,2818.17,0,1,0,1,0,14,2,1,0,0,1,0,0,1,0,0,0,0,0,0,0,1,0
7107.0,3655.89,0,1,0,0,0,7,5,1,0,0,0,0,1,0,0,0,1,0,0,0,1,0,0
3232.13,1551.71,0,1,0,1,0,21,5,1,0,0,0,1,0,0,0,0,1,0,0,0,1,0,0
1227.38,4269.52,0,1,0,1,1,0,2,1,0,0,0,1,0,1,0,0,0,0,0,0,0,1,0
5457.0,1294.31,1,1,0,1,0,10,3,1,0,0,0,1,0,0,0,0,1,1,0,0,0,0,0
2263.4,1453.42,1,1,0,1,0,3,6,1,0,0,0,0,1,1,0,0,0,0,1,0,0,0,0
8213.8,3545.59,0,1,0,1,0,17,6,1,0,0,1,0,0,0,1,0,0,0,1,0,0,0,0
429.92,1816.86,0,1,0,1,0,13,2,1,0,0,0,0,1,0,0,0,1,0,0,0,0,1,0
987.43,1916.23,0,0,0,1,0,7,1,1,0,0,0,1,0,0,0,0,1,0,0,0,0,0,1
5210.44,4505.46,0,1,0,0,1,7,4,1,0,0,0,1,0,1,0,0,0,0,0,1,0,0,0
5889.83,2456.71,0,1,0,1,1,18,4,1,0,0,1,0,0,0,0,1,0,0,0,1,0,0,0
7299.14,4685.05,0,0,0,1,0,11,3,1,0,0,0,0,1,0,0,0,1,1,0,0,0,0,0
2593.35,1434.8,0,1,0,0,0,10,4,1,0,0,0,0,1,0,0,1,0,0,0,1,0,0,0
8417.76,4726.63,0,1,0,1,0,8,5,1,0,0,0,1,0,0,0,1,0,0,0,0,1,0,0
9531.47,4658.87,0,1,0,1,0,9,6,1,0,0,1,0,0,0,0,0,1,0,1,0,0,0,0
4990.89,3159.02,0,1,0,1,0,10,4,1,0,0,1,0,0,0,0,0,1,0,0,1,0,0,0
7605.55,4033.32,1,1,0,1,1,14,2,1,0,0,0,1,0,0,0,1,0,0,0,0,0,1,0
5248.96,2748.65,0,1,0,0,0,9,2,1,0,0,0,0,1,0,0,1,0,0,0,0,0,1,0
695.6,4062.8,0,1,0,1,1,9,5,1,0,0,0,0,1,0,0,0,1,0,0,0,1,0,0
3261.79,1972.19,0,1,0,0,0,19,1,1,0,0,1,0,0,1,0,0,0,0,0,0,0,0,1
875.78,4612.58,0,1,0,1,1,23,2,1,0,0,1,0,0,0,0,0,1,0,0,0,0,1,0
9888.8,4153.87,0,1,0,1,0,15,3,1,0,0,0,1,0,0,1,0,0,1,0,0,0,0,0
2291.03,3930.29,0,1,0,0,1,2,2,1,0,0,1,0,0,0,1,0,0,0,0,0,0,1,0
6359.37,4219.41,0,1,0,1,0,8,5,1,0,0,0,0,1,1,0,0,0,0,0,0,1,0,0
2844.17,2379.38,1,1,0,0,0,13,5,1,0,0,0,0,1,0,0,1,0,0,0,0,1,0,0
6532.81,1759.67,0,1,0,1,1,8,1,1,0,0,1,0,0,0,0,1,0,0,0,0,0,0,1
2104.81,2419.26,0,1,0,1,0,4,5,1,0,0,0,1,0,0,0,1,0,0,0,0,1,0,0
7852.92,1154.93,0,1,0,1,0,5,2,1,0,0,0,0,1,0,1,0,0,0,0,0,0,1,0
1109.01,2080.92,0,1,0,0,0,21,4,1,0,0,0,0,1,0,0,0,1,0,0,1,0,0,0
8951.61,3429.21,0,1,1,1,0,1,6,1,0,0,0,1,0,1,0,0,0,0,1,0,0,0,0
8404.38,4386.17,0,1,0,1,0,13,1,1,0,0,1,0,0,0,0,0,1,0,0,0,0,0,1
6788.39,4721.3,0,1,0,1,1,21,4,1,0,0,0,0,1,0,0,1,0,0,0,1,0,0,0
675.08,3888.7,0,0,0,1,0,17,6,1,0,0,0,0,1,0,0,0,1,0,1,0,0,0,0
2086.48,4567.41,0,1,0,1,0,1,1,1,0,0,0,1,0,1,0,0,0,0,0,0,0,0,1
8593.76,2165.46,0,1,0,1,0,11,2,1,0,0,1,0,0,0,1,0,0,0,0,0,0,1,0
1220.62,3710.84,1,1,0,1,0,15,5,1,0,0,0,1,0,0,0,0,1,0,0,0,1,0,0
1560.17,4907.07,0,1,0,1,0,0,2,1,0,0,0,1,0,0,0,0,1,0,0,0,0,1,0
5440.49,3443.16,0,1,0,0,1,2,4,1,0,0,1,0,0,1,0,0,0,0,0,1,0,0,0
2742.5,2711.52,0,1,0,1,1,2,1,1,0,0,0,0,1,1,0,0,0,0,0,0,0,0,1
2221.53,2050.73,0,0,0,1,0,9,3,1,0,0,0,1,0,0,0,1,0,1,0,0,0,0,0
5758.56,2259.07,0,1,0,1,0,8,2,1,0,0,0,0,1,1,0,0,0,0,0,0,0,1,0
3726.39,1809.88,0,0,0,0,1,19,2,1,0,0,0,0,1,0,1,0,0,0,0,0,0,1,0
1406.46,3811.53,0,1,0,1,1,9,3,1,0,0,0,0,1,0,0,1,0,1,0,0,0,0,0
5349.0,3895.98,0,1,0,0,0,9,3,1,0,0,0,0,1,0,0,0,1,1,0,0,0,0,0
3870.74,4118.18,0,1,0,1,0,22,4,1,0,0,0,1,0,0,0,1,0,0,0,1,0,0,0
7345.43,2869.77,0,1,0,1,0,14,2,1,0,0,1,0,0,0,0,0,1,0,0,0,0,1,0
1028.45,1553.04,0,0,0,1,0,4,2,1,0,0,0,0,1,1,0,0,0,0,0,0,0,1,0
6206.51,2687.7,0,1,0,0,1,20,6,1,0,0,0,0,1,0,0,1,0,0,1,0,0,0,0
4365.5,3994.24,0,1,0,0,0,11,1,1,0,0,0,0,1,0,1,0,0,0,0,0,0,0,1
4061.21,4423.17,1,1,0,1,0,6,3,1,0,0,1,0,0,0,0,1,0,1,0,0,0,0,0
2323.64,1324.6,0,1,0,0,0,19,4,1,0,0,0,0,1,0,1,0,0,0,0,1,0,0,0
305.23,1975.6,0,0,0,0,0,14,5,1,0,0,1,0,0,0,0,1,0,0,0,0,1,0,0
8477.04,4847.85,0,1,0,0,0,4,6,1,0,0,0,1,0,1,0,0,0,0,1,0,0,0,0
3264.77,2727.88,0,1,0,1,0,19,2,1,0,0,1,0,0,0,0,0,1,0,0,0,0,1,0
6811.23,1282.66,0,1,0,1,0,15,5,1,0,0,0,0,1,0,0,1,0,0,0,0,1,0,0
9475.93,1814.83,1,0,0,1,0,13,1,1,0,0,0,1,0,0,0,0,1,0,0,0,0,0,1
5650.34,4310.3,0,1,0,0,1,15,5,1,0,0,1,0,0,0,0,0,1,0,0,0,1,0,0
3972.07,4037.95,0,1,0,1,1,12,3,1,0,0,0,0,1,0,0,0,1,1,0,0,0,0,0
2683.47,1869.9,0,1,0,1,0,22,5,1,0,0,0,1,0,0,0,1,0,0,0,0,1,0,0
9340.5,1406.27,0,1,0,1,0,18,5,1,0,0,0,1,0,0,0,0,1,0,0,0,1,0,0
6821.09,1317.58,0,1,0,1,1,14,4,1,0,0,1,0,0,0,0,1,0,0,0,1,0,0,0
6653.15,2998.65,0,1,0,1,0,11,5,1,0,0,0,0,1,0,1,0,0,0,0,0,1,0,0
4262.16,3782.25,0,1,0,1,1,18,3,1,0,0,1,0,0,0,0,0,1,1,0,0,0,0,0
8450.64,2294.94,0,1,0,1,0,7,1,1,0,0,0,1,0,0,1,0,0,0,0,0,0,0,1
7137.01,1344.82,1,1,1,1,0,1,4,1,0,0,0,1,0,0,0,0,1,0,0,1,0,0,0
2832.55,2968.01,0,1,0,1,0,23,6,1,0,0,0,0,1,0,0,1,0,0,1,0,0,0,0
5996.19,1875.87,0,1,0,0,0,22,5,1,0,0,0,1,0,0,0,1,0,0,0,0,1,0,0
4302.51,1723.69,0,0,0,1,0,1,6,1,0,0,0,0,1,0,1,0,0,0,1,0,0,0,0
66.9,4098.61,0,1,0,1,0,19,2,1,0,0,1,0,0,0,1,0,0,0,0,0,0,1,0
8076.43,3417.61,0,1,0,0,0,6,2,1,0,0,0,1,0,1,0,0,0,0,0,0,0,1,0
1229.18,2260.39,0,1,0,1,0,18,2,1,0,0,0,1,0,1,0,0,0,0,0,0,0,1,0
5100.04,2842.2,0,0,0,1,0,2,4,1,0,0,0,0,1,1,0,0,0,0,0,1,0,0,0
3362.93,1895.69,1,0,0,1,0,14,5,1,0,0,0,0,1,0,0,0,1,0,0,0,1,0,0
3421.55,3246.66,0,1,0,1,0,4,1,1,0,0,1,0,0,0,1,0,0,0,0,0,0,0,1
4774.17,4027.98,0,0,0,0,0,1,2,1,0,0,0,0,1,1,0,0,0,0,0,0,0,1,0
9970.23,2713.6,0,0,0,0,0,18,5,1,0,0,0,1,0,0,1,0,0,0,0,0,1,0,0
4084.39,2534.92,0,1,0,1,0,17,4,1,0,0,1,0,0,1,0,0,0,0,0,1,0,0,0
1824.11,2007.06,1,1,0,0,0,23,3,1,0,0,1,0,0,0,1,0,0,1,0,0,0,0,0
6136.45,2293.88,0,0,0,1,0,2,6,1,0,0,1,0,0,0,1,0,0,0,1,0,0,0,0
2363.64,2440.23,0,1,0,0,0,19,2,1,0,0,0,0,1,1,0,0,0,0,0,0,0,1,0
1056.39,2251.2,0,0,0,1,0,15,3,1,0,0,0,0,1,0,0,0,1,1,0,0,0,0,0
502.69,1361.23,0,1,0,0,0,4,2,1,0,0,0,1,0,1,0,0,0,0,0,0,0,1,0
229.79,1591.26,1,1,0,1,0,1,2,1,0,0,1,0,0,0,1,0,0,0,0,0,0,1,0
4312.22,4984.96,0,1,0,1,0,14,4,1,0,0,1,0,0,0,0,1,0,0,0,1,0,0,0
4267.83,2452.17,1,1,0,0,0,6,3,1,0,0,1,0,0,0,0,0,1,1,0,0,0,0,0
1856.27,4221.49,0,0,0,0,1,3,2,1,0,0,0,1,0,0,0,0,1,0,0,0,0,1,0
7840.41,3869.17,0,0,1,1,0,11,6,1,0,0,0,0,1,0,0,1,0,0,1,0,0,0,0
1293.58,3256.64,0,0,0,1,0,15,3,1,0,0,1,0,0,1,0,0,0,1,0,0,0,0,0
9153.26,2799.25,0,1,0,0,0,11,6,1,0,0,0,0,1,0,1,0,0,0,1,0,0,0,0
5876.17,3661.1,0,1,0,0,0,7,3,1,0,0,0,0,1,1,0,0,0,1,0,0,0,0,0
277.14,3336.85,0,1,0,1,0,12,4,1,0,0,0,0,1,0,1,0,0,0,0,1,0,0,0
9629.76,3935.64,0,1,0,0,0,11,6,1,0,0,0,0,1,0,0,1,0,0,1,0,0,0,0
3080.1,4975.37,0,0,0,1,0,8,4,1,0,0,0,0,1,0,1,0,0,0,0,1,0,0,0
4500.3,2259.6,0,1,0,1,0,18,4,1,0,0,0,1,0,0,1,0,0,0,0,1,0,0,0
2843.4,2335.8,0,1,0,1,0,8,1,1,0,0,0,0,1,1,0,0,0,0,0,0,0,0,1
7284.48,3756.61,0,1,0,1,0,0,6,1,0,0,1,0,0,0,1,0,0,0,1,0,0,0,0
4857.32,4378.12,0,1,0,1,0,18,6,1,0,0,1,0,0,1,0,0,0,0,1,0,0,0,0
1324.6,1759.79,0,0,0,1,0,17,2,1,0,0,1,0,0,1,0,0,0,0,0,0,0,1,0
1042.94,4418.74,0,1,0,0,0,5,1,1,0,0,0,1,0,0,0,0,1,0,0,0,0,0,1
7254.03,4585.73,0,1,0,1,0,17,4,1,0,0,0,0,1,0,0,1,0,0,0,1,0,0,0
2371.58,2579.45,0,1,0,0,0,12,6,1,0,0,1,0,0,1,0,0,0,0,1,0,0,0,0
1378.8,2066.22,0,1,0,1,0,13,3,1,0,0,1,0,0,0,0,1,0,1,0,0,0,0,0
4994.78,2602.32,1,1,0,1,1,3,6,1,0,0,1,0,0,0,0,0,1,0,1,0,0,0,0
8027.85,1746.5,0,0,0,1,0,16,4,1,0,0,0,0,1,1,0,0,0,0,0,1,0,0,0
2788.55,1236.74,0,1,0,1,0,14,3,1,0,0,1,0,0,0,0,1,0,1,0,0,0,0,0
2765.04,4189.02,0,1,0,0,0,0,3,1,0,0,0,0,1,0,0,0,1,1,0,0,0,0,0
8338.98,3279.29,0,1,0,0,0,21,4,1,0,0,1,0,0,0,0,0,1,0,0,1,0,0,0
1479.19,2976.43,0,0,1,0,1,5,5,1,0,0,1,0,0,0,1,0,0,0,0,0,1,0,0
6167.66,1855.95,0,1,0,1,0,23,3,1,0,0,0,0,1,0,1,0,0,1,0,0,0,0,0
9550.18,3209.68,0,1,0,1,1,1,5,1,0,0,1,0,0,0,0,1,0,0,0,0,1,0,0
8413.19,2606.58,0,1,0,1,0,21,5,1,0,0,0,1,0,1,0,0,0,0,0,0,1,0,0
619.09,3024.75,0,1,0,0,0,20,4,1,0,0,0,0,1,0,1,0,0,0,0,1,0,0,0
3199.79,1363.16,0,0,0,0,0,10,6,1,0,0,1,0,0,1,0,0,0,0,1,0,0,0,0
1424.6,4691.23,0,0,0,0,0,6,5,1,0,0,0,1,0,0,1,0,0,0,0,0,1,0,0
9492.46,4056.7,0,1,0,1,0,10,2,1,0,0,0,1,0,0,1,0,0,0,0,0,0,1,0
9859.43,3964.77,0,1,0,1,0,10,3,1,0,0,0,0,1,0,0,1,0,1,0,0,0,0,0
2350.7,3327.11,0,1,0,1,0,0,3,1,0,0,1,0,0,0,1,0,0,1,0,0,0,0,0
6697.32,1910.62,0,0,0,1,0,4,4,1,0,0,0,0,1,0,0,0,1,0,0,1,0,0,0
8416.48,1414.35,0,1,0,1,0,16,4,1,0,0,0,1,0,0,1,0,0,0,0,1,0,0,0
2337.57,2445.6,0,0,0,1,1,5,2,1,0,0,0,1,0,0,1,0,0,0,0,0,0,1,0
1877.62,2651.22,0,1,0,1,1,4,2,1,0,0,0,0,1,0,0,1,0,0,0,0,0,1,0
113.1,4044.12,0,1,0,0,0,11,2,1,0,0,0,0,1,0,0,1,0,0,0,0,0,1,0
4120.21,1592.52,0,1,0,0,0,20,1,1,0,0,1,0,0,0,0,0,1,0,0,0,0,0,1
8994.48,4267.36,0,1,0,1,0,5,2,1,0,0,0,1,0,0,0,1,0,0,0,0,0,1,0
9029.89,2771.57,0,1,0,1,0,12,6,1,0,0,0,0,1,0,1,0,0,0,1,0,0,0,0
1278.3,4199.83,0,1,0,0,0,2,2,1,0,0,0,1,0,0,0,0,1,0,0,0,0,1,0
2044.32,2978.88,0,0,0,0,0,0,2,1,0,0,0,0,1,0,1,0,0,0,0,0,0,1,0
4081.07,1206.15,1,0,0,1,0,22,2,1,0,0,1,0,0,0,1,0,0,0,0,0,0,1,0
7806.46,3432.3,0,1,0,1,0,6,5,1,0,0,0,1,0,0,0,0,1,0,0,0,1,0,0
6118.9,2708.8,0,1,0,0,0,22,4,1,0,0,1,0,0,0,0,1,0,0,0,1,0,0,0
5138.98,2837.21,0,1,0,1,0,9,5,1,0,0,1,0,0,0,0,1,0,0,0,0,1,0,0
5919.73,4130.35,0,1,0,1,0,11,2,1,0,0,0,1,0,0,1,0,0,0,0,0,0,1,0
962.9,1890.3,0,1,0,1,0,21,1,1,0,0,0,0,1,0,0,1,0,0,0,0,0,0,1
4777.16,1102.59,0,0,0,1,0,10,2,1,0,0,1,0,0,1,0,0,0,0,0,0,0,1,0
9920.64,2144.61,0,1,0,1,0,8,2,1,0,0,1,0,0,0,0,0,1,0,0,0,0,1,0
885.37,1620.44,0,1,0,1,1,6,5,1,0,0,0,1,0,0,0,0,1,0,0,0,1,0,0
5192.95,2375.26,0,1,0,1,0,1,4,1,0,0,0,1,0,0,1,0,0,0,0,1,0,0,0
2957.2,1832.08,0,1,1,1,0,14,1,1,0,0,0,1,0,0,1,0,0,0,0,0,0,0,1
5399.59,1388.12,0,1,0,1,0,19,2,1,0,0,1,0,0,0,0,0,1,0,0,0,0,1,0
5738.61,4310.29,0,1,0,0,0,19,1,1,0,0,0,0,1,0,1,0,0,0,0,0,0,0,1
5775.15,1837.75,0,0,0,1,0,12,1,1,0,0,0,0,1,0,0,0,1,0,0,0,0,0,1
8522.24,2455.23,0,1,0,0,0,6,6,1,0,0,0,1,0,0,0,0,1,0,1,0,0,0,0
3898.08,1007.49,0,1,0,1,0,3,2,1,0,0,1,0,0,1,0,0,0,0,0,0,0,1,0
5164.03,4086.81,0,1,0,1,0,1,2,1,0,0,1,0,0,0,0,0,1,0,0,0,0,1,0
110.27,2853.11,0,1,0,1,0,11,6,1,0,0,1,0,0,1,0,0,0,0,1,0,0,0,0
7895.72,4458.71,0,1,0,1,0,9,6,1,0,0,0,1,0,0,1,0,0,0,1,0,0,0,0
2595.62,1211.31,0,0,0,1,0,3,1,1,0,0,1,0,0,0,0,1,0,0,0,0,0,0,1
8165.73,1655.25,0,1,0,0,0,14,5,1,0,0,1,0,0,0,0,1,0,0,0,0,1,0,0
2657.12,2030.77,0,1,0,1,1,9,5,1,0,0,0,0,1,1,0,0,0,0,0,0,1,0,0
108.87,4552.63,0,1,0,1,0,10,4,1,0,0,0,1,0,0,1,0,0,0,0,1,0,0,0
1549.16,2416.16,0,1,0,1,0,12,6,1,0,0,0,1,0,0,0,0,1,0,1,0,0,0,0
9856.84,1747.59,0,1,0,1,0,3,2,1,0,0,0,1,0,0,0,0,1,0,0,0,0,1,0
3198.69,4205.87,0,1,0,0,0,21,1,1,0,0,1,0,0,0,0,0,1,0,0,0,0,0,1
1089.13,2209.29,0,1,0,1,0,23,1,1,0,0,1,0,0,0,0,0,1,0,0,0,0,0,1
1188.47,2398.51,0,0,0,0,0,15,5,1,0,0,0,0,1,0,0,0,1,0,0,0,1,0,0
3104.12,3618.47,1,1,0,0,0,13,6,1,0,0,0,1,0,0,1,0,0,0,1,0,0,0,0
377.41,2535.27,0,1,0,1,0,18,2,1,0,0,1,0,0,1,0,0,0,0,0,0,0,1,0
5115.37,1065.88,0,1,0,1,1,12,4,1,0,0,0,0,1,0,1,0,0,0,0,1,0,0,0
2138.2,4956.62,0,1,0,0,0,3,4,1,0,0,1,0,0,1,0,0,0,0,0,1,0,0,0
5193.59,1954.63,0,1,0,1,0,11,4,1,0,0,1,0,0,1,0,0,0,0,0,1,0,0,0
1408.5,1977.45,0,1,0,0,1,1,5,1,0,0,0,1,0,0,1,0,0,0,0,0,1,0,0
4299.14,1535.76,0,1,0,1,0,11,1,1,0,0,0,1,0,0,0,1,0,0,0,0,0,0,1
5979.57,1631.86,0,1,0,1,1,11,2,1,0,0,1,0,0,0,1,0,0,0,0,0,0,1,0
620.94,3007.89,0,1,0,1,0,14,3,1,0,0,1,0,0,0,0,1,0,1,0,0,0,0,0
3988.09,4758.97,0,1,1,1,0,12,6,1,0,0,1,0,0,1,0,0,0,0,1,0,0,0,0
3025.94,3788.8,0,0,0,0,0,9,4,1,0,0,1,0,0,0,1,0,0,0,0,1,0,0,0
2404.36,3630.31,0,1,0,1,0,15,1,1,0,0,1,0,0,1,0,0,0,0,0,0,0,0,1
6045.74,2445.94,0,0,0,1,0,3,4,1,0,0,0,1,0,0,0,1,0,0,0,1,0,0,0
5885.83,4252.42,0,1,0,1,0,23,5,1,0,0,0,1,0,1,0,0,0,0,0,0,1,0,0
6307.37,2893.41,0,1,0,1,0,17,4,1,0,0,1,0,0,0,1,0,0,0,0,1,0,0,0
1589.67,2830.08,0,1,0,0,0,3,6,1,0,0,1,0,0,0,0,1,0,0,1,0,0,0,0
2857.81,4978.04,0,1,0,1,0,23,3,1,0,0,0,1,0,0,0,1,0,1,0,0,0,0,0
2097.58,3435.78,0,1,0,1,0,14,1,1,0,0,1,0,0,1,0,0,0,0,0,0,0,0,1
5405.5,4472.72,0,1,0,1,0,8,3,1,0,0,0,1,0,1,0,0,0,1,0,0,0,0,0
4611.2,3098.28,0,1,0,0,0,16,4,1,0,0,0,1,0,0,0,1,0,0,0,1,0,0,0
3303.61,1646.92,0,0,0,0,0,18,1,1,0,0,0,1,0,1,0,0,0,0,0,0,0,0,1
7860.36,4949.04,0,1,0,1,0,12,6,1,0,0,0,1,0,0,0,0,1,0,1,0,0,0,0
940.64,3622.68,0,1,0,1,0,2,4,1,0,0,0,0,1,0,0,1,0,0,0,1,0,0,0
9748.99,1594.74,0,0,0,1,0,8,6,1,0,0,1,0,0,0,0,1,0,0,1,0,0,0,0
1166.32,3960.2,0,1,0,1,0,0,6,1,0,0,1,0,0,0,0,0,1,0,1,0,0,0,0
7730.94,2756.62,0,1,0,0,0,23,6,1,0,0,1,0,0,0,1,0,0,0,1,0,0,0,0
3682.93,4289.55,1,1,0,1,0,15,4,1,0,0,0,1,0,0,1,0,0,0,0,1,0,0,0
8652.76,2108.3,0,1,0,1,0,18,5,1,0,0,0,1,0,0,1,0,0,0,0,0,1,0,0
742.63,4769.28,0,1,0,0,1,16,3,1,0,0,0,1,0,0,1,0,0,1,0,0,0,0,0
3747.84,2188.96,0,1,0,0,0,12,1,1,0,0,1,0,0,0,0,0,1,0,0,0,0,0,1
3355.1,4989.09,0,1,0,0,0,22,6,1,0,0,0,1,0,0,0,0,1,0,1,0,0,0,0
9931.58,3800.7,0,1,0,0,1,4,4,1,0,0,0,0,1,1,0,0,0,0,0,1,0,0,0
9855.5,4885.16,0,1,0,1,0,1,2,1,0,0,1,0,0,0,0,0,1,0,0,0,0,1,0
1898.85,3896.64,0,1,0,0,1,15,3,1,0,0,0,0,1,0,0,0,1,1,0,0,0,0,0
6299.84,4016.64,0,1,0,1,0,10,4,1,0,0,0,0,1,0,1,0,0,0,0,1,0,0,0
5355.66,1485.51,0,1,0,1,0,9,3,1,0,0,1,0,0,0,1,0,0,1,0,0,0,0,0
1544.58,1060.04,1,1,0,1,0,3,6,1,0,0,0,0,1,1,0,0,0,0,1,0,0,0,0
1678.63,1345.61,0,0,0,1,0,2,1,1,0,0,0,0,1,0,0,0,1,0,0,0,0,0,1
9892.53,2749.1,0,0,0,1,0,17,3,1,0,0,0,1,0,0,0,1,0,1,0,0,0,0,0
4527.85,2608.32,0,1,0,0,0,3,6,1,0,0,0,0,1,0,1,0,0,0,1,0,0,0,0
1258.89,1735.38,0,0,0,1,0,8,2,1,0,0,0,1,0,0,1,0,0,0,0,0,0,1,0
2148.69,1173.84,0,1,0,1,0,22,2,1,0,0,0,0,1,0,0,0,1,0,0,0,0,1,0
2684.21,3768.38,0,1,0,1,0,21,2,1,0,0,1,0,0,0,0,0,1,0,0,0,0,1,0
5109.66,1791.41,0,1,0,1,0,8,5,1,0,0,1,0,0,1,0,0,0,0,0,0,1,0,0
3356.15,4914.23,0,1,0,0,0,3,2,1,0,0,1,0,0,1,0,0,0,0,0,0,0,1,0
4550.66,1413.78,0,1,1,0,0,15,6,1,0,0,1,0,0,0,0,0,1,0,1,0,0,0,0
1665.83,2454.24,0,1,1,1,1,20,5,1,0,0,0,1,0,0,0,0,1,0,0,0,1,0,0
3267.96,2915.7,1,1,0,0,0,17,6,1,0,0,0,0,1,0,0,1,0,0,1,0,0,0,0
704.1,1873.98,0,0,0,1,0,4,3,1,0,0,0,0,1,1,0,0,0,1,0,0,0,0,0
8897.21,3013.37,1,1,0,1,0,8,1,1,0,0,1,0,0,0,0,1,0,0,0,0,0,0,1
1988.33,1497.9,0,1,0,1,0,19,1,1,0,0,0,1,0,0,0,1,0,0,0,0,0,0,1
7569.24,1006.56,0,0,0,1,1,23,6,1,0,0,0,1,0,0,0,0,1,0,1,0,0,0,0
3496.17,3792.81,0,1,0,0,0,22,3,1,0,0,1,0,0,0,0,0,1,1,0,0,0,0,0
4744.5,4338.19,0,0,0,1,0,8,6,1,0,0,0,0,1,0,0,0,1,0,1,0,0,0,0
2913.32,3298.78,0,1,0,1,1,4,2,1,0,0,1,0,0,0,0,1,0,0,0,0,0,1,0
6964.72,1914.01,0,1,0,0,0,4,1,1,0,0,0,0,1,0,0,1,0,0,0,0,0,0,1
8445.62,2578.25,0,0,0,1,0,14,3,1,0,0,1,0,0,1,0,0,0,1,0,0,0,0,0
2863.42,3505.18,0,0,0,1,0,11,6,1,0,0,0,0,1,1,0,0,0,0,1,0,0,0,0
2422.93,1130.2,0,1,0,1,1,7,2,1,0,0,0,1,0,0,1,0,0,0,0,0,0,1,0
6814.72,1376.9,0,1,0,0,0,7,1,1,0,0,1,0,0,1,0,0,0,0,0,0,0,0,1
1952.34,4832.78,0,1,0,1,0,20,5,1,0,0,0,0,1,0,1,0,0,0,0,0,1,0,0
6398.76,3714.13,0,1,0,1,1,23,5,1,0,0,0,0,1,1,0,0,0,0,0,0,1,0,0
945.19,3787.99,0,1,0,0,1,15,4,1,0,0,0,0,1,0,1,0,0,0,0,1,0,0,0
6201.75,1410.01,0,0,0,1,1,22,3,1,0,0,0,0,1,1,0,0,0,1,0,0,0,0,0
5134.55,1931.8,0,1,0,0,0,18,4,1,0,0,0,1,0,1,0,0,0,0,0,1,0,0,0
1139.94,2564.59,1,1,0,1,0,4,3,1,0,0,0,0,1,0,0,1,0,1,0,0,0,0,0
6491.39,1820.94,0,0,0,0,0,14,1,1,0,0,0,1,0,0,0,0,1,0,0,0,0,0,1
4466.13,4237.84,0,0,0,1,0,20,5,1,0,0,0,0,1,1,0,0,0,0,0,0,1,0,0
2171.93,3425.78,0,1,0,0,1,7,2,1,0,0,0,1,0,0,0,1,0,0,0,0,0,1,0
3534.49,1787.32,0,1,0,0,1,20,2,1,0,0,0,1,0,0,0,1,0,0,0,0,0,1,0
4921.53,4083.63,0,1,0,1,0,14,4,1,0,0,0,0,1,0,0,0,1,0,0,1,0,0,0
916.45,3162.88,0,1,0,1,1,4,2,1,0,0,0,1,0,1,0,0,0,0,0,0,0,1,0
9576.14,1831.41,0,1,0,0,0,20,6,1,0,0,1,0,0,0,1,0,0,0,1,0,0,0,0
6655.96,4371.41,0,1,0,1,0,18,5,1,0,0,0,0,1,0,1,0,0,0,0,0,1,0,0
1026.25,1839.86,0,1,0,0,0,13,5,1,0,0,1,0,0,0,0,0,1,0,0,0,1,0,0
8228.8,3762.51,0,1,0,0,0,2,2,1,0,0,0,1,0,0,0,0,1,0,0,0,0,1,0
3226.23,2599.64,0,1,0,1,1,2,6,1,0,0,0,1,0,0,0,0,1,0,1,0,0,0,0
5968.4,3997.84,0,1,0,1,0,23,1,1,0,0,1,0,0,1,0,0,0,0,0,0,0,0,1
2772.15,2693.85,0,1,0,0,0,4,6,1,0,0,0,0,1,1,0,0,0,0,1,0,0,0,0
7334.33,2146.47,0,0,0,0,0,21,2,1,0,0,1,0,0,1,0,0,0,0,0,0,0,1,0
7230.37,4844.02,0,1,0,1,1,22,1,1,0,0,0,1,0,0,0,1,0,0,0,0,0,0,1
5520.88,4034.89,0,0,0,1,1,22,4,1,0,0,0,0,1,0,1,0,0,0,0,1,0,0,0
2410.01,4310.59,0,1,0,0,0,10,2,1,0,0,1,0,0,0,0,1,0,0,0,0,0,1,0
2537.78,2251.55,0,1,0,1,0,5,3,1,0,0,1,0,0,0,0,1,0,1,0,0,0,0,0
3829.25,2391.8,0,1,0,1,0,2,1,1,0,0,0,0,1,1,0,0,0,0,0,0,0,0,1
1450.98,1691.22,0,1,0,0,1,23,4,1,0,0,1,0,0,0,0,0,1,0,0,1,0,0,0
3377.22,2786.98,0,1,0,1,0,17,1,1,0,0,0,0,1,0,0,0,1,0,0,0,0,0,1
6843.86,4987.86,0,0,0,0,0,18,2,1,0,0,0,0,1,0,0,1,0,0,0,0,0,1,0
8308.62,3357.95,1,0,0,1,0,7,3,1,0,0,1,0,0,0,0,0,1,1,0,0,0,0,0
3326.49,3897.0,0,1,0,1,0,18,3,1,0,0,0,0,1,0,0,1,0,1,0,0,0,0,0
2336.67,3949.97,0,1,0,1,0,10,2,1,0,0,0,0,1,0,0,0,1,0,0,0,0,1,0
8326.59,1811.18,0,1,0,1,0,19,6,1,0,0,0,1,0,1,0,0,0,0,1,0,0,0,0
8907.15,1224.11,0,1,0,1,0,22,3,1,0,0,0,1,0,0,0,1,0,1,0,0,0,0,0
4100.81,1486.38,0,1,0,1,0,22,1,1,0,0,0,1,0,0,1,0,0,0,0,0,0,0,1
270.01,3878.77,0,1,0,0,0,4,2,1,0,0,1,0,0,0,0,1,0,0,0,0,0,1,0
6949.92,2823.17,0,1,0,0,0,18,3,1,0,0,1,0,0,0,0,0,1,1,0,0,0,0,0
7840.55,4618.72,0,1,0,0,0,8,1,1,0,0,1,0,0,1,0,0,0,0,0,0,0,0,1
181.22,2466.01,0,1,0,0,0,0,5,1,0,0,1,0,0,1,0,0,0,0,0,0,1,0,0
5950.71,1410.69,0,1,0,0,0,14,3,1,0,0,0,0,1,0,1,0,0,1,0,0,0,0,0
5884.1,4873.87,1,1,0,1,1,8,6,1,0,0,0,0,1,1,0,0,0,0,1,0,0,0,0
3787.7,2602.82,0,1,0,0,0,12,4,1,0,0,0,1,0,1,0,0,0,0,0,1,0,0,0
7497.92,4392.8,0,0,0,0,0,1,3,1,0,0,0,0,1,0,0,1,0,1,0,0,0,0,0
4282.36,1184.19,1,1,0,1,0,13,4,1,0,0,1,0,0,1,0,0,0,0,0,1,0,0,0
6768.08,2437.39,0,1,1,1,0,19,4,1,0,0,0,0,1,0,0,0,1,0,0,1,0,0,0
5171.66,3377.55,0,0,0,0,0,20,5,1,0,0,0,1,0,0,1,0,0,0,0,0,1,0,0
2485.4,3096.38,0,0,0,0,0,10,2,1,0,0,1,0,0,0,1,0,0,0,0,0,0,1,0
6065.4,3910.79,0,0,0,1,1,23,1,1,0,0,0,0,1,0,0,1,0,0,0,0,0,0,1
7369.35,4532.17,0,1,0,1,0,18,3,1,0,0,0,1,0,0,0,0,1,1,0,0,0,0,0
9739.08,4034.4,0,1,0,1,0,12,3,1,0,0,0,0,1,1,0,0,0,1,0,0,0,0,0
3801.71,2240.46,0,1,0,1,1,16,3,1,0,0,0,1,0,0,0,1,0,1,0,0,0,0,0
645.66,4877.35,0,1,0,0,1,23,3,1,0,0,0,1,0,0,0,0,1,1,0,0,0,0,0
9879.72,4676.28,0,1,1,1,0,16,6,1,0,0,0,1,0,1,0,0,0,0,1,0,0,0,0
6238.44,3520.15,0,1,0,1,0,20,4,1,0,0,1,0,0,0,0,1,0,0,0,1,0,0,0
9464.56,3039.91,1,1,0,0,1,12,4,1,0,0,0,0,1,0,1,0,0,0,0,1,0,0,0
1039.17,3065.68,0,1,1,1,0,19,1,1,0,0,0,0,1,1,0,0,0,0,0,0,0,0,1
3421.0,3940.8,0,0,0,0,0,3,6,1,0,0,1,0,0,0,1,0,0,0,1,0,0,0,0
1340.23,2933.7,0,0,0,1,0,23,2,1,0,0,1,0,0,1,0,0,0,0,0,0,0,1,0
8355.27,4945.85,0,1,0,1,0,3,5,1,0,0,0,0,1,1,0,0,0,0,0,0,1,0,0
8803.55,3841.99,0,0,0,1,0,23,3,1,0,0,1,0,0,0,1,0,0,1,0,0,0,0,0
5013.62,1952.69,0,1,0,0,0,4,5,1,0,0,1,0,0,1,0,0,0,0,0,0,1,0,0
1866.88,3633.91,0,1,0,0,0,22,6,1,0,0,0,0,1,0,0,0,1,0,1,0,0,0,0
1272.06,2937.74,1,1,0,1,0,20,4,1,0,0,0,1,0,1,0,0,0,0,0,1,0,0,0
5882.05,1639.42,0,1,0,1,0,6,1,1,0,0,1,0,0,0,0,1,0,0,0,0,0,0,1
5064.26,3075.35,0,1,0,1,0,2,5,1,0,0,0,0,1,0,0,0,1,0,0,0,1,0,0
6948.2,4435.93,0,1,0,0,1,15,5,1,0,0,0,0,1,1,0,0,0,0,0,0,1,0,0
3052.77,1098.53,0,0,0,0,0,11,4,1,0,0,0,0,1,0,0,1,0,0,0,1,0,0,0
4024.28,4404.97,0,0,0,0,1,23,2,1,0,0,1,0,0,0,0,1,0,0,0,0,0,1,0
214.59,3740.64,0,1,0,1,0,23,2,1,0,0,0,1,0,0,0,0,1,0,0,0,0,1,0
6101.82,3902.65,0,1,0,0,0,9,4,1,0,0,0,1,0,0,0,0,1,0,0,1,0,0,0
4232.01,4570.52,0,0,0,1,0,19,3,1,0,0,0,0,1,0,0,0,1,1,0,0,0,0,0
9197.73,4774.87,0,1,0,1,0,22,1,1,0,0,1,0,0,0,1,0,0,0,0,0,0,0,1
6418.22,2180.56,0,1,0,1,0,9,3,1,0,0,1,0,0,0,1,0,0,1,0,0,0,0,0
3987.55,4676.51,1,1,0,0,1,2,1,1,0,0,0,1,0,0,0,0,1,0,0,0,0,0,1
2636.63,1866.16,0,0,0,1,0,0,3,1,0,0,0,1,0,1,0,0,0,1,0,0,0,0,0
9052.94,1577.5,0,1,1,0,0,1,6,1,0,0,1,0,0,0,1,0,0,0,1,0,0,0,0
163.63,3219.37,0,1,0,1,0,5,1,1,0,0,0,1,0,0,0,0,1,0,0,0,0,0,1
3269.8,4710.63,0,1,0,1,0,22,3,1,0,0,0,0,1,0,0,0,1,1,0,0,0,0,0
9435.11,1217.55,0,0,0,1,0,13,4,1,0,0,0,1,0,0,0,1,0,0,0,1,0,0,0
6540.68,3112.1,0,1,0,0,0,15,5,1,0,0,1,0,0,0,1,0,0,0,0,0,1,0,0
5327.66,3714.03,0,1,0,0,1,6,6,1,0,0,0,0,1,0,0,0,1,0,1,0,0,0,0
2036.14,3981.69,0,1,0,1,1,16,4,1,0,0,1,0,0,0,0,1,0,0,0,1,0,0,0
8333.91,3015.68,0,1,0,0,0,6,5,1,0,0,0,1,0,1,0,0,0,0,0,0,1,0,0
2042.79,3299.62,0,1,0,0,0,13,4,1,0,0,0,1,0,0,0,1,0,0,0,1,0,0,0
2483.29,2814.72,0,1,0,1,0,6,5,1,0,0,0,0,1,0,1,0,0,0,0,0,1,0,0
1919.32,3893.04,0,0,0,1,0,3,3,1,0,0,0,0,1,0,1,0,0,1,0,0,0,0,0
1582.34,2516.97,0,1,0,1,0,18,2,1,0,0,0,0,1,1,0,0,0,0,0,0,0,1,0
9533.17,2121.56,0,1,0,0,0,8,4,1,0,0,0,0,1,0,0,1,0,0,0,1,0,0,0
6020.71,2051.07,0,1,0,0,1,10,5,1,0,0,0,1,0,0,0,1,0,0,0,0,1,0,0
6378.73,3613.54,1,1,0,1,1,19,6,1,0,0,1,0,0,0,0,0,1,0,1,0,0,0,0
9543.3,4698.35,0,1,0,1,0,14,6,1,0,0,0,1,0,0,0,1,0,0,1,0,0,0,0
2306.52,2094.58,0,1,0,0,1,11,3,1,0,0,0,1,0,0,1,0,0,1,0,0,0,0,0
60.17,1999.33,0,1,0,1,0,14,5,1,0,0,0,0,1,0,1,0,0,0,0,0,1,0,0
5989.24,3862.65,0,1,0,0,0,16,2,1,0,0,0,0,1,1,0,0,0,0,0,0,0,1,0
5078.94,1036.56,0,0,0,0,0,9,5,1,0,0,1,0,0,0,1,0,0,0,0,0,1,0,0
4777.03,4336.9,0,1,0,0,0,1,6,1,0,0,1,0,0,0,0,1,0,0,1,0,0,0,0
619.74,2517.13,0,1,0,1,0,11,5,1,0,0,0,1,0,0,1,0,0,0,0,0,1,0,0
4544.89,4606.72,0,0,0,1,0,15,4,1,0,0,1,0,0,0,0,0,1,0,0,1,0,0,0
2876.31,3834.24,0,1,0,0,0,8,3,1,0,0,0,0,1,0,0,0,1,1,0,0,0,0,0
2746.37,4170.93,0,1,0,0,0,4,3,1,0,0,0,0,1,0,1,0,0,1,0,0,0,0,0
2224.59,1684.8,0,1,0,1,0,16,2,1,0,0,0,0,1,1,0,0,0,0,0,0,0,1,0
3325.95,2456.72,0,1,0,0,1,1,1,1,0,0,0,1,0,0,0,0,1,0,0,0,0,0,1
3531.98,2122.28,0,1,0,1,0,17,5,1,0,0,1,0,0,0,1,0,0,0,0,0,1,0,0
3088.45,3860.41,0,1,0,1,0,15,3,1,0,0,0,0,1,0,1,0,0,1,0,0,0,0,0
9787.55,1090.97,1,1,0,0,0,8,3,1,0,0,0,1,0,0,0,1,0,1,0,0,0,0,0
9327.38,3476.91,1,1,0,1,1,11,3,1,0,0,0,1,0,1,0,0,0,1,0,0,0,0,0
5745.53,4472.41,0,1,0,1,0,5,1,1,0,0,0,1,0,0,0,0,1,0,0,0,0,0,1
9810.57,1174.86,0,1,0,1,0,1,6,1,0,0,1,0,0,0,0,1,0,0,1,0,0,0,0
9911.99,2162.78,0,1,0,1,0,11,2,1,0,0,1,0,0,0,0,0,1,0,0,0,0,1,0
3560.04,1831.8,0,0,0,1,0,23,4,1,0,0,1,0,0,0,1,0,0,0,0,1,0,0,0
4452.43,4992.38,0,1,0,1,0,23,4,1,0,0,0,1,0,0,0,0,1,0,0,1,0,0,0
9590.66,4942.5,0,1,0,1,0,12,4,1,0,0,0,1,0,1,0,0,0,0,0,1,0,0,0
6086.65,1497.29,0,1,0,0,1,7,4,1,0,0,1,0,0,1,0,0,0,0,0,1,0,0,0
2130.08,1779.08,0,0,0,0,0,17,5,1,0,0,0,0,1,1,0,0,0,0,0,0,1,0,0
6894.12,1091.85,0,1,0,1,0,5,5,1,0,0,1,0,0,0,0,1,0,0,0,0,1,0,0
2058.26,3264.92,0,0,0,0,1,13,6,1,0,0,0,1,0,0,0,0,1,0,1,0,0,0,0
3394.24,3743.37,0,0,0,1,0,0,3,1,0,0,0,1,0,1,0,0,0,1,0,0,0,0,0
2276.37,3618.03,0,1,0,1,0,5,1,1,0,0,0,1,0,0,0,1,0,0,0,0,0,0,1
2450.56,2039.98,0,0,0,1,1,3,4,1,0,0,0,1,0,0,0,1,0,0,0,1,0,0,0
47.55,1813.2,0,0,0,0,0,17,4,1,0,0,0,1,0,0,0,1,0,0,0,1,0,0,0
8807.21,1222.96,0,1,0,0,1,14,5,1,0,0,0,1,0,0,0,0,1,0,0,0,1,0,0
2960.61,3530.64,0,1,0,1,0,6,3,1,0,0,1,0,0,1,0,0,0,1,0,0,0,0,0
864.66,1982.0,0,0,0,0,0,12,4,1,0,0,0,1,0,0,0,0,1,0,0,1,0,0,0
870.79,1354.87,1,0,0,0,0,16,3,1,0,0,0,1,0,0,0,1,0,1,0,0,0,0,0
5560.63,2418.05,0,1,0,0,1,14,1,1,0,0,0,1,0,0,0,0,1,0,0,0,0,0,1
9929.21,1593.87,0,0,0,1,0,5,5,1,0,0,0,1,0,1,0,0,0,0,0,0,1,0,0
1451.08,3024.97,0,1,0,1,0,14,5,1,0,0,0,1,0,0,1,0,0,0,0,0,1,0,0
997.12,1596.47,0,1,0,0,1,23,3,1,0,0,0,0,1,0,0,1,0,1,0,0,0,0,0
4383.6,4954.34,1,1,0,0,1,7,1,1,0,0,1,0,0,0,0,0,1,0,0,0,0,0,1
5633.75,2342.26,0,1,0,1,0,20,4,1,0,0,1,0,0,1,0,0,0,0,0,1,0,0,0
2944.51,2899.57,0,1,0,1,0,8,2,1,0,0,0,0,1,1,0,0,0,0,0,0,0,1,0
3025.92,3386.55,1,1,0,1,0,3,4,1,0,0,0,0,1,1,0,0,0,0,0,1,0,0,0
4245.34,4402.52,0,1,0,1,0,8,1,1,0,0,0,1,0,1,0,0,0,0,0,0,0,0,1
3142.14,4791.86,0,1,0,1,0,14,5,1,0,0,1,0,0,0,0,1,0,0,0,0,1,0,0
9153.4,2467.85,0,0,0,1,0,17,5,1,0,0,1,0,0,0,0,1,0,0,0,0,1,0,0
420.5,2694.15,0,0,0,0,0,11,2,1,0,0,0,0,1,0,1,0,0,0,0,0,0,1,0
2346.47,1603.85,0,1,0,1,0,5,3,1,0,0,1,0,0,0,0,0,1,1,0,0,0,0,0
8085.72,1758.6,1,1,0,1,0,21,2,1,0,0,1,0,0,1,0,0,0,0,0,0,0,1,0
8339.75,3888.87,0,0,0,1,1,2,3,1,0,0,0,1,0,1,0,0,0,1,0,0,0,0,0
1116.44,2741.11,1,0,0,0,0,17,3,1,0,0,0,1,0,0,0,1,0,1,0,0,0,0,0
9737.66,4369.07,0,1,0,1,0,12,2,1,0,0,0,1,0,0,1,0,0,0,0,0,0,1,0
6933.86,3116.58,0,0,0,1,0,3,2,1,0,0,1,0,0,0,0,0,1,0,0,0,0,1,0
2726.66,2130.81,0,1,0,1,1,6,4,1,0,0,1,0,0,0,0,0,1,0,0,1,0,0,0
4560.92,3717.23,0,1,0,1,0,12,2,1,0,0,0,1,0,0,0,1,0,0,0,0,0,1,0
2972.09,2891.06,0,1,0,1,0,1,1,1,0,0,0,1,0,0,0,1,0,0,0,0,0,0,1
1501.07,4560.89,0,1,0,0,0,14,2,1,0,0,1,0,0,0,0,1,0,0,0,0,0,1,0
2912.49,2487.38,0,1,0,0,0,8,2,1,0,0,1,0,0,0,1,0,0,0,0,0,0,1,0
5801.34,2018.72,0,0,0,1,0,0,5,1,0,0,0,0,1,0,0,1,0,0,0,0,1,0,0
8259.87,2757.76,1,1,0,1,0,23,1,1,0,0,0,1,0,0,1,0,0,0,0,0,0,0,1
3635.93,4396.21,0,1,0,1,1,23,3,1,0,0,0,1,0,0,0,1,0,1,0,0,0,0,0
3479.67,4297.63,0,1,0,1,0,3,5,1,0,0,0,1,0,0,0,1,0,0,0,0,1,0,0
4680.54,4573.89,0,1,0,1,0,5,1,1,0,0,1,0,0,0,1,0,0,0,0,0,0,0,1
6445.91,4398.57,0,1,0,1,0,10,4,1,0,0,1,0,0,0,0,0,1,0,0,1,0,0,0
7516.41,2320.55,1,1,0,1,0,19,5,1,0,0,0,0,1,0,0,1,0,0,0,0,1,0,0
3268.67,3368.93,0,1,0,0,0,17,6,1,0,0,0,0,1,0,0,1,0,0,1,0,0,0,0
5863.94,4178.81,0,1,0,0,0,4,2,1,0,0,0,1,0,0,1,0,0,0,0,0,0,1,0
3894.22,4356.45,0,1,0,1,1,1,4,1,0,0,0,0,1,0,0,0,1,0,0,1,0,0,0
7164.28,2607.03,0,1,0,0,1,4,5,1,0,0,1,0,0,0,0,0,1,0,0,0,1,0,0
1647.58,3054.37,0,1,0,1,1,6,6,1,0,0,0,0,1,0,1,0,0,0,1,0,0,0,0
2569.99,2162.67,0,1,0,1,0,14,3,1,0,0,0,0,1,1,0,0,0,1,0,0,0,0,0
4261.18,3791.33,0,1,0,1,0,4,2,1,0,0,1,0,0,1,0,0,0,0,0,0,0,1,0
8894.26,3687.44,0,0,1,1,0,17,5,1,0,0,0,1,0,0,0,0,1,0,0,0,1,0,0
5733.68,3361.56,0,0,0,1,0,6,1,1,0,0,0,1,0,0,0,1,0,0,0,0,0,0,1
9654.0,3509.26,0,1,0,1,0,1,4,1,0,0,0,0,1,0,0,0,1,0,0,1,0,0,0
1033.67,4594.61,0,1,0,1,0,2,6,1,0,0,1,0,0,0,0,1,0,0,1,0,0,0,0
4602.29,4280.21,0,0,0,0,0,11,3,1,0,0,1,0,0,0,0,1,0,1,0,0,0,0,0
4191.37,1499.28,0,1,0,1,0,16,3,1,0,0,0,0,1,0,0,1,0,1,0,0,0,0,0
6002.46,3570.96,0,1,0,1,0,19,6,1,0,0,0,1,0,0,0,0,1,0,1,0,0,0,0
8119.83,1646.37,0,1,0,1,0,8,1,1,0,0,0,1,0,0,0,1,0,0,0,0,0,0,1
8414.64,1593.59,0,1,0,1,0,8,6,1,0,0,0,1,0,0,0,0,1,0,1,0,0,0,0
6702.28,2796.92,0,1,0,1,1,9,1,1,0,0,1,0,0,0,0,1,0,0,0,0,0,0,1
6415.72,2942.19,0,1,0,0,0,11,3,1,0,0,1,0,0,0,0,1,0,1,0,0,0,0,0
9490.35,1416.43,0,1,0,1,0,0,6,1,0,0,1,0,0,0,0,0,1,0,1,0,0,0,0
3837.49,3047.25,0,1,0,1,1,19,4,1,0,0,0,1,0,0,0,0,1,0,0,1,0,0,0
8328.0,1705.99,0,0,0,1,0,23,2,1,0,0,0,0,1,0,1,0,0,0,0,0,0,1,0
9215.12,3202.58,0,0,0,1,0,15,6,1,0,0,1,0,0,0,0,1,0,0,1,0,0,0,0
4915.9,4328.42,0,1,0,0,0,0,1,1,0,0,1,0,0,0,1,0,0,0,0,0,0,0,1
7291.3,1343.8,0,1,0,1,0,13,1,1,0,0,0,0,1,0,0,1,0,0,0,0,0,0,1
3770.82,2597.01,0,1,0,0,0,22,1,1,0,0,0,1,0,0,1,0,0,0,0,0,0,0,1
1589.63,1934.83,0,1,0,0,0,10,6,1,0,0,1,0,0,0,1,0,0,0,1,0,0,0,0
5865.45,3298.61,0,1,0,0,1,4,1,1,0,0,0,1,0,1,0,0,0,0,0,0,0,0,1
1965.52,4574.08,0,0,0,0,0,5,3,1,0,0,1,0,0,0,0,0,1,1,0,0,0,0,0
4576.53,1789.09,0,1,0,1,0,2,6,1,0,0,1,0,0,1,0,0,0,0,1,0,0,0,0
8728.92,3705.22,0,1,0,1,0,16,5,1,0,0,0,0,1,0,1,0,0,0,0,0,1,0,0
861.1,1372.38,0,0,0,1,0,14,2,1,0,0,0,0,1,1,0,0,0,0,0,0,0,1,0
305.25,3183.19,0,0,0,1,0,18,1,1,0,0,0,0,1,1,0,0,0,0,0,0,0,0,1
6065.17,3704.3,0,1,0,0,0,18,3,1,0,0,0,0,1,0,0,0,1,1,0,0,0,0,0
3311.28,3683.58,0,1,0,1,0,8,3,1,0,0,0,1,0,0,1,0,0,1,0,0,0,0,0
4179.96,3952.98,0,1,0,1,0,18,2,1,0,0,0,1,0,0,0,1,0,0,0,0,0,1,0
4057.7,2669.5,0,1,0,1,0,14,1,1,0,0,0,1,0,0,0,1,0,0,0,0,0,0,1
867.12,4040.1,0,1,0,1,0,21,5,1,0,0,0,0,1,0,1,0,0,0,0,0,1,0,0
36.66,2891.58,0,1,0,1,0,17,4,1,0,0,1,0,0,0,0,0,1,0,0,1,0,0,0
8984.33,2291.68,0,1,0,0,0,19,6,1,0,0,0,1,0,1,0,0,0,0,1,0,0,0,0
2178.77,2287.82,0,0,0,1,0,9,6,1,0,0,0,0,1,0,0,0,1,0,1,0,0,0,0
4261.36,1702.68,0,1,0,0,0,3,2,1,0,0,0,0,1,0,0,1,0,0,0,0,0,1,0
9719.29,3882.31,0,1,0,1,0,18,3,1,0,0,0,0,1,0,0,0,1,1,0,0,0,0,0
8267.8,1630.51,0,0,0,0,0,3,6,1,0,0,0,1,0,1,0,0,0,0,1,0,0,0,0
1080.2,3544.85,0,0,0,0,0,5,2,1,0,0,1,0,0,0,0,0,1,0,0,0,0,1,0
5085.68,3661.45,1,0,0,1,0,12,6,1,0,0,0,1,0,0,0,1,0,0,1,0,0,0,0
7301.06,2146.54,0,1,0,0,1,0,1,1,0,0,0,0,1,0,0,1,0,0,0,0,0,0,1
6984.23,2954.52,0,1,0,1,1,0,2,1,0,0,0,0,1,0,1,0,0,0,0,0,0,1,0
7608.66,3683.69,0,0,0,0,0,6,5,1,0,0,0,0,1,0,1,0,0,0,0,0,1,0,0
4575.09,1000.7,0,1,1,1,1,12,6,1,0,0,0,1,0,0,1,0,0,0,1,0,0,0,0
1760.05,2098.96,0,1,0,0,0,1,4,1,0,0,1,0,0,0,0,1,0,0,0,1,0,0,0
4649.26,2518.55,0,1,0,1,0,9,4,1,0,0,0,1,0,1,0,0,0,0,0,1,0,0,0
6479.22,4723.41,0,1,0,1,0,19,3,1,0,0,0,0,1,0,0,1,0,1,0,0,0,0,0
6086.31,2856.95,0,1,0,1,1,14,5,1,0,0,0,0,1,0,0,1,0,0,0,0,1,0,0
706.15,3027.93,0,1,1,1,0,23,6,1,0,0,0,0,1,0,0,0,1,0,1,0,0,0,0
650.46,3656.49,0,0,0,1,0,13,5,1,0,0,0,1,0,0,1,0,0,0,0,0,1,0,0
9652.61,2805.95,0,1,1,0,1,12,6,1,0,0,0,1,0,0,0,0,1,0,1,0,0,0,0
1518.9,2729.54,0,1,1,1,0,15,6,1,0,0,0,1,0,1,0,0,0,0,1,0,0,0,0
2945.33,4897.51,0,1,0,1,0,8,3,1,0,0,0,0,1,1,0,0,0,1,0,0,0,0,0
7676.58,4249.28,0,1,0,1,0,13,4,1,0,0,0,1,0,0,0,0,1,0,0,1,0,0,0
4097.36,3807.05,0,1,0,1,0,21,3,1,0,0,1,0,0,0,0,1,0,1,0,0,0,0,0
1815.47,2922.15,0,1,0,0,0,19,6,1,0,0,1,0,0,0,0,0,1,0,1,0,0,0,0
4672.86,2385.24,0,1,0,1,0,17,4,1,0,0,1,0,0,0,0,0,1,0,0,1,0,0,0
5689.93,3367.61,0,1,0,0,1,20,1,1,0,0,0,1,0,0,0,1,0,0,0,0,0,0,1
4528.21,2784.85,0,1,0,1,0,10,1,1,0,0,0,0,1,0,1,0,0,0,0,0,0,0,1
9189.54,2866.36,0,1,0,1,0,17,1,1,0,0,0,0,1,0,1,0,0,0,0,0,0,0,1
2847.71,1886.41,0,1,0,1,0,14,4,1,0,0,0,0,1,0,1,0,0,0,0,1,0,0,0
6613.66,4165.1,0,1,0,0,0,11,5,1,0,0,0,0,1,0,0,0,1,0,0,0,1,0,0
1123.83,4164.31,0,1,0,1,1,21,6,1,0,0,0,0,1,0,0,0,1,0,1,0,0,0,0
3923.46,2203.69,1,1,0,1,0,6,1,1,0,0,0,1,0,0,0,1,0,0,0,0,0,0,1
7410.19,2156.49,0,1,0,1,0,4,2,1,0,0,1,0,0,0,1,0,0,0,0,0,0,1,0
2248.94,2112.2,0,1,0,1,0,3,6,1,0,0,0,1,0,0,0,1,0,0,1,0,0,0,0
5898.12,1650.59,0,1,0,1,0,17,1,1,0,0,0,0,1,1,0,0,0,0,0,0,0,0,1
1535.22,4432.89,0,1,0,1,0,14,5,1,0,0,0,1,0,1,0,0,0,0,0,0,1,0,0
1027.91,2062.33,0,1,0,1,0,15,6,1,0,0,0,1,0,0,0,0,1,0,1,0,0,0,0
5232.8,3794.62,0,1,0,0,0,12,5,1,0,0,0,1,0,1,0,0,0,0,0,0,1,0,0
6750.43,1398.65,0,1,0,0,0,0,5,1,0,0,0,0,1,0,0,1,0,0,0,0,1,0,0
1134.56,3941.53,0,1,0,1,0,15,2,1,0,0,0,0,1,0,0,1,0,0,0,0,0,1,0
9177.84,1589.22,0,1,0,1,0,20,2,1,0,0,0,0,1,1,0,0,0,0,0,0,0,1,0
2258.5,1635.23,0,0,0,1,0,1,2,1,0,0,0,1,0,0,0,1,0,0,0,0,0,1,0
1200.63,4326.13,1,1,0,0,0,18,1,1,0,0,0,1,0,0,0,1,0,0,0,0,0,0,1
2027.79,2163.68,0,1,0,1,0,2,6,1,0,0,1,0,0,0,0,0,1,0,1,0,0,0,0
1696.55,1689.54,0,1,0,0,0,6,3,1,0,0,1,0,0,0,0,1,0,1,0,0,0,0,0
907.66,3147.57,0,1,0,1,0,8,6,1,0,0,0,0,1,0,0,0,1,0,1,0,0,0,0
7978.59,1299.43,1,0,0,0,1,16,4,1,0,0,1,0,0,0,0,1,0,0,0,1,0,0,0
4955.88,3841.69,0,1,0,1,0,4,6,1,0,0,0,0,1,0,0,0,1,0,1,0,0,0,0
3885.81,4365.38,0,1,0,1,1,15,5,1,0,0,0,0,1,1,0,0,0,0,0,0,1,0,0
9506.33,1993.61,0,1,0,1,0,20,4,1,0,0,0,1,0,0,0,0,1,0,0,1,0,0,0
3710.71,3791.99,0,1,0,1,0,7,1,1,0,0,1,0,0,0,0,1,0,0,0,0,0,0,1
1670.56,1215.17,0,1,0,1,0,1,6,1,0,0,0,0,1,0,1,0,0,0,1,0,0,0,0
2741.15,2912.09,0,1,0,0,0,9,2,1,0,0,0,0,1,0,1,0,0,0,0,0,0,1,0
2390.43,4807.79,0,1,0,1,0,11,4,1,0,0,1,0,0,0,0,0,1,0,0,1,0,0,0
4987.91,3152.25,1,0,0,1,0,23,1,1,0,0,1,0,0,0,0,0,1,0,0,0,0,0,1
2915.76,2643.13,0,1,0,0,0,19,2,1,0,0,1,0,0,0,0,0,1,0,0,0,0,1,0
5161.1,1023.45,0,0,0,1,0,1,3,1,0,0,1,0,0,1,0,0,0,1,0,0,0,0,0
6693.26,2023.7,0,0,0,1,1,12,2,1,0,0,1,0,0,0,0,1,0,0,0,0,0,1,0
7773.21,2713.94,0,0,0,1,0,10,5,1,0,0,1,0,0,0,0,0,1,0,0,0,1,0,0
7101.87,2509.71,0,0,0,0,0,22,1,1,0,0,1,0,0,0,1,0,0,0,0,0,0,0,1
2056.7,2755.83,0,1,0,1,0,1,5,1,0,0,0,0,1,1,0,0,0,0,0,0,1,0,0
1159.88,1094.59,0,1,0,1,0,23,4,1,0,0,0,1,0,0,1,0,0,0,0,1,0,0,0
5424.96,3124.97,0,1,0,0,0,18,3,1,0,0,0,0,1,0,0,0,1,1,0,0,0,0,0
1989.92,2005.38,0,1,0,1,0,0,6,1,0,0,0,0,1,0,0,0,1,0,1,0,0,0,0
850.25,2602.4,0,1,0,1,0,16,3,1,0,0,0,1,0,0,0,1,0,1,0,0,0,0,0
5271.42,4545.67,0,1,0,1,0,9,6,1,0,0,0,1,0,1,0,0,0,0,1,0,0,0,0
3268.62,4312.43,0,1,0,1,0,18,6,1,0,0,0,1,0,0,0,0,1,0,1,0,0,0,0
7561.73,2591.87,0,1,0,1,0,4,4,1,0,0,1,0,0,0,0,1,0,0,0,1,0,0,0
3142.6,1216.23,0,0,0,1,0,23,6,1,0,0,1,0,0,0,0,0,1,0,1,0,0,0,0
9787.19,4555.6,0,1,0,1,0,14,2,1,0,0,1,0,0,0,1,0,0,0,0,0,0,1,0
7585.47,2595.97,0,0,0,1,0,23,4,1,0,0,0,0,1,0,0,1,0,0,0,1,0,0,0
577.87,2918.19,0,1,0,1,0,23,1,1,0,0,0,1,0,1,0,0,0,0,0,0,0,0,1
5089.22,1342.78,0,1,0,1,0,10,3,1,0,0,0,1,0,0,1,0,0,1,0,0,0,0,0
5626.64,3770.16,0,1,0,0,0,19,4,1,0,0,0,0,1,0,1,0,0,0,0,1,0,0,0
6953.33,3848.48,0,1,0,1,0,8,5,1,0,0,1,0,0,1,0,0,0,0,0,0,1,0,0
4978.47,2634.67,0,1,0,1,0,13,1,1,0,0,0,1,0,1,0,0,0,0,0,0,0,0,1
4834.95,4555.53,0,1,0,1,0,18,3,1,0,0,0,0,1,0,1,0,0,1,0,0,0,0,0
3680.02,1194.54,0,1,0,1,1,6,1,1,0,0,1,0,0,0,0,0,1,0,0,0,0,0,1
2715.34,2230.16,0,0,0,1,1,23,6,1,0,0,0,0,1,1,0,0,0,0,1,0,0,0,0
9462.06,1827.41,0,1,0,1,0,0,5,1,0,0,1,0,0,1,0,0,0,0,0,0,1,0,0
3176.65,3791.63,0,1,0,1,0,2,5,1,0,0,0,0,1,0,0,1,0,0,0,0,1,0,0
635.15,1818.67,0,1,1,0,0,4,3,1,0,0,1,0,0,1,0,0,0,1,0,0,0,0,0
1673.68,3810.9,0,1,0,1,0,4,2,1,0,0,0,0,1,0,0,1,0,0,0,0,0,1,0
8572.91,4186.23,0,1,0,1,0,21,5,1,0,0,0,0,1,1,0,0,0,0,0,0,1,0,0
5866.75,4132.95,0,1,0,1,0,3,6,1,0,0,0,0,1,0,0,0,1,0,1,0,0,0,0
7788.03,1112.21,0,0,0,1,0,9,4,1,0,0,0,0,1,0,0,0,1,0,0,1,0,0,0
8088.01,4722.05,0,1,0,0,0,0,1,1,0,0,0,1,0,1,0,0,0,0,0,0,0,0,1
8232.54,3858.55,0,1,0,1,1,7,5,1,0,0,0,1,0,0,0,1,0,0,0,0,1,0,0
5506.59,4251.15,0,1,0,0,0,19,4,1,0,0,0,1,0,0,0,0,1,0,0,1,0,0,0
1772.03,3582.98,0,1,0,1,0,15,3,1,0,0,0,1,0,0,0,0,1,1,0,0,0,0,0
1483.18,3116.49,0,1,0,0,0,7,5,1,0,0,0,0,1,0,1,0,0,0,0,0,1,0,0
5740.27,3578.71,0,1,0,1,0,13,4,1,0,0,0,1,0,0,1,0,0,0,0,1,0,0,0
3665.78,2440.53,0,0,0,1,0,20,4,1,0,0,0,1,0,0,0,0,1,0,0,1,0,0,0
5580.92,2831.26,0,0,0,0,1,16,1,1,0,0,0,0,1,0,1,0,0,0,0,0,0,0,1
4985.28,3849.72,0,1,0,0,0,7,1,1,0,0,0,1,0,0,0,1,0,0,0,0,0,0,1
6022.38,3670.58,0,1,0,1,0,21,6,1,0,0,0,1,0,1,0,0,0,0,1,0,0,0,0
322.09,3374.13,0,1,0,0,1,20,1,1,0,0,1,0,0,0,0,0,1,0,0,0,0,0,1
329.33,1196.86,0,1,0,1,0,19,5,1,0,0,0,1,0,0,0,0,1,0,0,0,1,0,0
7216.23,2151.18,0,1,0,1,0,14,2,1,0,0,1,0,0,0,1,0,0,0,0,0,0,1,0
1932.08,3413.87,0,0,0,1,0,3,4,1,0,0,0,1,0,0,0,0,1,0,0,1,0,0,0
6522.33,2854.48,0,1,0,1,0,6,6,1,0,0,0,0,1,0,0,0,1,0,1,0,0,0,0
5466.21,2352.33,0,1,0,0,1,2,2,1,0,0,0,1,0,0,0,0,1,0,0,0,0,1,0
9817.96,3868.1,0,1,0,1,0,14,5,1,0,0,0,0,1,0,0,0,1,0,0,0,1,0,0
8354.22,2548.12,0,1,0,1,0,18,1,1,0,0,0,1,0,1,0,0,0,0,0,0,0,0,1
4131.93,4633.66,1,1,0,1,0,0,6,1,0,0,0,1,0,0,1,0,0,0,1,0,0,0,0
6164.51,3126.78,1,1,0,1,0,3,4,1,0,0,0,0,1,0,1,0,0,0,0,1,0,0,0
1173.78,2934.04,0,0,0,0,0,11,3,1,0,0,0,0,1,0,0,0,1,1,0,0,0,0,0
3864.47,2348.78,0,0,0,1,0,13,6,1,0,0,0,0,1,0,0,0,1,0,1,0,0,0,0
7339.14,1536.93,0,0,0,1,1,22,2,1,0,0,0,0,1,0,0,0,1,0,0,0,0,1,0
6227.09,1038.43,0,1,0,1,1,23,5,1,0,0,1,0,0,1,0,0,0,0,0,0,1,0,0
4845.23,3707.56,0,1,0,1,0,5,2,1,0,0,1,0,0,0,0,1,0,0,0,0,0,1,0
1766.11,1261.5,0,1,0,1,1,1,1,1,0,0,0,0,1,0,0,1,0,0,0,0,0,0,1
8031.66,2300.15,0,1,0,1,0,21,4,1,0,0,1,0,0,0,0,0,1,0,0,1,0,0,0
2732.39,4502.54,0,0,0,1,0,5,4,1,0,0,0,1,0,1,0,0,0,0,0,1,0,0,0
8204.97,2912.34,0,1,0,0,0,6,2,1,0,0,0,1,0,1,0,0,0,0,0,0,0,1,0
6116.48,4533.47,0,0,0,1,1,13,6,1,0,0,0,1,0,0,1,0,0,0,1,0,0,0,0
3727.94,1246.08,0,1,0,1,0,17,6,1,0,0,1,0,0,0,0,1,0,0,1,0,0,0,0
407.01,4373.55,0,0,0,1,0,15,6,1,0,0,1,0,0,0,0,1,0,0,1,0,0,0,0
2324.96,4725.94,0,1,0,1,0,0,4,1,0,0,0,1,0,1,0,0,0,0,0,1,0,0,0
8890.82,4654.49,0,1,0,0,0,7,2,1,0,0,0,0,1,0,0,0,1,0,0,0,0,1,0
8179.93,2346.08,0,1,0,0,0,0,3,1,0,0,0,1,0,0,1,0,0,1,0,0,0,0,0
5748.96,1380.46,0,1,0,1,0,2,1,1,0,0,1,0,0,1,0,0,0,0,0,0,0,0,1
4663.76,4660.29,0,1,0,1,0,11,6,1,0,0,0,1,0,0,1,0,0,0,1,0,0,0,0
6471.78,1629.44,1,1,0,1,1,7,3,1,0,0,0,1,0,0,0,1,0,1,0,0,0,0,0
4663.02,3184.01,0,1,0,1,0,19,3,1,0,0,1,0,0,1,0,0,0,1,0,0,0,0,0
6443.4,2629.82,0,1,0,1,0,8,5,1,0,0,1,0,0,0,1,0,0,0,0,0,1,0,0
3074.73,4831.42,0,1,0,1,1,17,4,1,0,0,1,0,0,0,0,0,1,0,0,1,0,0,0
8385.13,2663.76,0,0,0,1,1,11,4,1,0,0,1,0,0,0,1,0,0,0,0,1,0,0,0
7019.48,2481.24,0,1,0,1,0,6,2,1,0,0,0,1,0,0,1,0,0,0,0,0,0,1,0
3300.43,3347.21,1,1,0,1,0,4,4,1,0,0,1,0,0,0,0,0,1,0,0,1,0,0,0
8306.83,3111.0,0,1,0,1,0,1,5,1,0,0,0,0,1,0,0,1,0,0,0,0,1,0,0
4873.94,2808.51,0,1,0,0,0,2,6,1,0,0,1,0,0,1,0,0,0,0,1,0,0,0,0
1747.21,3010.36,1,1,0,1,0,5,6,1,0,0,1,0,0,1,0,0,0,0,1,0,0,0,0
778.05,1393.79,0,1,0,1,1,21,3,1,0,0,0,1,0,0,0,0,1,1,0,0,0,0,0
6996.36,4739.66,0,1,0,1,0,3,1,1,0,0,0,0,1,1,0,0,0,0,0,0,0,0,1
8651.34,2001.43,0,1,0,1,0,9,5,1,0,0,0,0,1,0,0,0,1,0,0,0,1,0,0
8074.61,3280.55,0,1,0,1,0,4,1,1,0,0,0,0,1,0,0,0,1,0,0,0,0,0,1
6556.85,1141.91,1,0,0,1,0,14,3,1,0,0,1,0,0,1,0,0,0,1,0,0,0,0,0
1414.61,2182.68,0,1,0,1,0,5,6,1,0,0,0,1,0,0,1,0,0,0,1,0,0,0,0
941.35,3754.81,0,0,0,0,0,6,6,1,0,0,0,1,0,0,0,1,0,0,1,0,0,0,0
3450.95,2829.46,0,1,0,1,0,6,1,1,0,0,1,0,0,1,0,0,0,0,0,0,0,0,1
8549.25,3920.67,0,1,0,1,0,20,6,1,0,0,0,0,1,1,0,0,0,0,1,0,0,0,0
9617.4,1621.65,0,1,0,0,0,9,1,1,0,0,0,0,1,0,0,1,0,0,0,0,0,0,1
2414.37,4952.28,0,1,0,1,0,20,5,1,0,0,0,1,0,1,0,0,0,0,0,0,1,0,0
7621.19,2782.9,0,0,0,1,1,23,3,1,0,0,1,0,0,0,0,0,1,1,0,0,0,0,0
5739.12,3155.16,0,1,0,1,0,21,2,1,0,0,0,0,1,0,1,0,0,0,0,0,0,1,0
319.04,2030.33,0,1,0,1,0,20,3,1,0,0,1,0,0,1,0,0,0,1,0,0,0,0,0
5429.62,2356.59,0,0,0,1,0,17,5,1,0,0,0,1,0,0,0,0,1,0,0,0,1,0,0
8059.6,3618.35,0,1,0,1,0,11,1,1,0,0,1,0,0,0,0,1,0,0,0,0,0,0,1
2761.95,2366.91,0,1,0,1,0,23,6,1,0,0,1,0,0,1,0,0,0,0,1,0,0,0,0
8973.72,3874.19,0,1,0,1,0,4,3,1,0,0,1,0,0,1,0,0,0,1,0,0,0,0,0
2363.37,2143.44,0,1,0,1,0,17,5,1,0,0,1,0,0,0,0,1,0,0,0,0,1,0,0
765.65,4061.84,0,1,0,1,0,7,6,1,0,0,0,0,1,0,0,1,0,0,1,0,0,0,0
1600.23,3699.85,0,1,0,0,0,18,5,1,0,0,0,1,0,0,1,0,0,0,0,0,1,0,0
8370.19,1848.4,1,1,0,1,0,17,4,1,0,0,0,0,1,0,0,0,1,0,0,1,0,0,0
4173.64,1200.13,0,1,0,1,1,0,3,1,0,0,0,0,1,0,0,1,0,1,0,0,0,0,0
7969.66,4720.85,0,1,0,1,0,6,3,1,0,0,0,0,1,0,0,0,1,1,0,0,0,0,0
5312.8,1940.76,0,1,0,0,0,12,2,1,0,0,0,0,1,0,0,1,0,0,0,0,0,1,0
4806.11,3308.74,0,1,0,1,1,20,3,1,0,0,0,1,0,0,0,0,1,1,0,0,0,0,0
8069.32,2191.41,0,1,0,1,0,13,6,1,0,0,0,1,0,0,0,1,0,0,1,0,0,0,0
4235.45,3632.8,1,1,0,0,0,4,1,1,0,0,0,0,1,0,0,0,1,0,0,0,0,0,1
8020.53,3805.01,0,1,0,1,0,6,1,1,0,0,1,0,0,0,0,0,1,0,0,0,0,0,1
1007.52,1297.23,0,1,0,0,0,12,2,1,0,0,1,0,0,1,0,0,0,0,0,0,0,1,0
6363.47,1200.08,0,1,0,1,0,2,4,1,0,0,1,0,0,0,0,0,1,0,0,1,0,0,0
7026.17,4962.96,0,1,0,1,0,7,4,1,0,0,1,0,0,1,0,0,0,0,0,1,0,0,0
8991.07,4072.18,0,1,0,1,0,0,1,1,0,0,1,0,0,1,0,0,0,0,0,0,0,0,1
2244.01,2046.34,0,0,0,1,1,3,2,1,0,0,0,1,0,0,0,1,0,0,0,0,0,1,0
6042.59,2965.52,0,0,0,0,1,1,6,1,0,0,1,0,0,1,0,0,0,0,1,0,0,0,0
4333.13,4831.93,0,1,0,1,0,5,5,1,0,0,0,1,0,0,0,0,1,0,0,0,1,0,0
3828.33,3175.45,0,0,0,0,0,21,4,1,0,0,1,0,0,0,1,0,0,0,0,1,0,0,0
1068.03,2677.17,0,1,0,1,0,1,4,1,0,0,1,0,0,0,1,0,0,0,0,1,0,0,0
1343.2,1150.31,0,1,0,1,0,3,5,1,0,0,0,0,1,0,0,1,0,0,0,0,1,0,0
8370.05,3339.13,0,1,0,1,0,10,6,1,0,0,0,0,1,0,0,0,1,0,1,0,0,0,0
7497.78,4526.62,0,1,0,0,1,1,4,1,0,0,0,0,1,1,0,0,0,0,0,1,0,0,0
3824.03,3171.25,0,1,0,1,0,12,2,1,0,0,0,1,0,1,0,0,0,0,0,0,0,1,0
8285.04,4127.12,0,1,0,1,0,20,2,1,0,0,0,1,0,0,1,0,0,0,0,0,0,1,0
808.58,4543.91,0,1,0,1,0,1,4,1,0,0,0,0,1,1,0,0,0,0,0,1,0,0,0
6248.11,2629.27,0,1,0,0,0,21,1,1,0,0,0,0,1,1,0,0,0,0,0,0,0,0,1
8681.89,2646.33,1,1,0,1,0,18,3,1,0,0,1,0,0,0,0,0,1,1,0,0,0,0,0
8388.8,4685.56,0,1,0,1,0,12,1,1,0,0,0,1,0,0,1,0,0,0,0,0,0,0,1
3728.45,2362.47,0,1,0,0,0,21,5,1,0,0,1,0,0,0,0,0,1,0,0,0,1,0,0
7452.59,3646.03,0,1,0,1,0,21,2,1,0,0,1,0,0,0,0,1,0,0,0,0,0,1,0
4275.25,3479.59,0,1,0,1,0,19,4,1,0,0,0,0,1,0,0,1,0,0,0,1,0,0,0
8401.54,2940.69,0,1,1,1,0,16,2,1,0,0,1,0,0,0,0,0,1,0,0,0,0,1,0
5308.09,3567.92,0,1,0,0,0,20,5,1,0,0,1,0,0,0,0,0,1,0,0,0,1,0,0
7648.81,3812.56,0,1,0,1,1,1,5,1,0,0,0,0,1,0,1,0,0,0,0,0,1,0,0
786.64,4699.24,1,1,0,1,0,8,3,1,0,0,0,0,1,0,1,0,0,1,0,0,0,0,0
5900.67,4203.05,0,0,0,0,0,8,5,1,0,0,1,0,0,1,0,0,0,0,0,0,1,0,0
5503.29,2432.13,0,1,0,0,0,13,3,1,0,0,1,0,0,1,0,0,0,1,0,0,0,0,0
6100.16,2728.57,0,1,0,0,0,0,6,1,0,0,1,0,0,0,0,1,0,0,1,0,0,0,0
6956.72,4614.62,0,1,0,1,0,21,6,1,0,0,0,1,0,0,0,1,0,0,1,0,0,0,0
9181.17,2083.69,1,1,0,1,0,13,5,1,0,0,1,0,0,0,0,1,0,0,0,0,1,0,0
7857.04,2299.39,0,1,0,1,1,3,2,1,0,0,0,0,1,0,1,0,0,0,0,0,0,1,0
2197.16,3756.49,0,1,0,1,0,5,1,1,0,0,1,0,0,0,1,0,0,0,0,0,0,0,1
8259.14,1443.12,0,1,0,1,1,1,4,1,0,0,0,1,0,0,0,0,1,0,0,1,0,0,0
1221.67,4148.8,0,0,0,1,1,6,4,1,0,0,1,0,0,0,0,1,0,0,0,1,0,0,0
6222.36,4793.47,0,1,0,1,1,15,4,1,0,0,0,1,0,0,1,0,0,0,0,1,0,0,0
8827.66,3572.63,0,1,0,1,0,19,1,1,0,0,0,1,0,0,0,0,1,0,0,0,0,0,1
1012.12,1288.95,0,0,0,0,0,17,6,1,0,0,0,0,1,0,0,0,1,0,1,0,0,0,0
8497.08,1954.09,0,0,0,1,0,16,1,1,0,0,1,0,0,0,1,0,0,0,0,0,0,0,1
7986.41,1390.04,0,1,0,1,0,21,3,1,0,0,0,1,0,0,0,1,0,1,0,0,0,0,0
5038.25,2236.39,0,1,0,0,0,0,1,1,0,0,1,0,0,0,0,0,1,0,0,0,0,0,1
3089.67,4758.2,0,1,0,0,0,3,2,1,0,0,0,1,0,0,0,0,1,0,0,0,0,1,0
4054.98,2436.83,0,1,0,0,0,20,3,1,0,0,0,0,1,0,0,1,0,1,0,0,0,0,0
9686.61,1737.46,0,1,0,0,1,17,3,1,0,0,0,0,1,0,0,1,0,1,0,0,0,0,0
2017.77,3646.27,0,0,0,1,0,17,5,1,0,0,1,0,0,0,0,1,0,0,0,0,1,0,0
5796.46,4598.59,0,1,0,1,1,16,4,1,0,0,1,0,0,0,0,1,0,0,0,1,0,0,0
833.32,1137.98,0,1,0,1,0,1,1,1,0,0,1,0,0,1,0,0,0,0,0,0,0,0,1
2179.71,3673.68,0,1,0,1,0,17,6,1,0,0,1,0,0,0,1,0,0,0,1,0,0,0,0
7633.4,2156.36,0,1,0,0,0,10,5,1,0,0,1,0,0,0,1,0,0,0,0,0,1,0,0
3026.69,2496.28,0,1,0,1,0,10,5,1,0,0,0,1,0,1,0,0,0,0,0,0,1,0,0
9857.67,1948.98,1,1,0,0,1,20,3,1,0,0,1,0,0,1,0,0,0,1,0,0,0,0,0
5008.67,4624.37,0,1,0,1,0,8,1,1,0,0,0,1,0,0,1,0,0,0,0,0,0,0,1
5165.88,4544.09,0,1,0,1,0,7,1,1,0,0,0,1,0,0,0,1,0,0,0,0,0,0,1
364.11,3419.2,0,1,0,1,0,15,3,1,0,0,0,1,0,1,0,0,0,1,0,0,0,0,0
9565.31,1064.32,0,0,0,1,0,11,3,1,0,0,1,0,0,0,0,1,0,1,0,0,0,0,0
1743.16,4786.31,0,0,0,1,0,10,5,1,0,0,0,0,1,1,0,0,0,0,0,0,1,0,0
5383.87,2869.65,0,1,0,0,1,0,5,1,0,0,0,0,1,0,0,0,1,0,0,0,1,0,0
3957.35,2955.77,0,1,0,1,0,5,1,1,0,0,1,0,0,0,0,1,0,0,0,0,0,0,1
4156.43,4091.8,0,1,0,1,0,15,1,1,0,0,1,0,0,1,0,0,0,0,0,0,0,0,1
6433.36,3454.83,0,1,0,0,0,5,1,1,0,0,1,0,0,1,0,0,0,0,0,0,0,0,1
6621.22,1485.62,0,1,0,1,0,10,1,1,0,0,0,1,0,0,0,1,0,0,0,0,0,0,1
1543.73,1421.44,0,1,0,1,0,9,3,1,0,0,0,0,1,0,0,0,1,1,0,0,0,0,0
4996.37,2008.55,0,1,0,0,1,16,6,1,0,0,0,0,1,0,1,0,0,0,1,0,0,0,0
7904.98,1282.32,0,1,0,1,0,11,6,1,0,0,0,0,1,1,0,0,0,0,1,0,0,0,0
4433.42,4331.92,0,1,0,0,0,13,3,1,0,0,0,0,1,0,0,1,0,1,0,0,0,0,0
1658.88,1157.82,0,1,0,1,0,0,1,1,0,0,0,1,0,1,0,0,0,0,0,0,0,0,1
3132.86,4783.92,0,0,0,1,0,5,2,1,0,0,1,0,0,0,1,0,0,0,0,0,0,1,0
2124.58,1444.47,0,0,0,1,1,21,5,1,0,0,0,1,0,0,0,0,1,0,0,0,1,0,0
1259.05,4430.54,0,1,0,1,1,20,3,1,0,0,1,0,0,0,0,1,0,1,0,0,0,0,0
3776.43,1948.97,0,1,0,1,0,18,3,1,0,0,1,0,0,0,1,0,0,1,0,0,0,0,0
5409.82,3642.94,0,1,0,1,0,22,5,1,0,0,0,0,1,1,0,0,0,0,0,0,1,0,0
728.44,2368.47,1,1,0,1,1,15,3,1,0,0,0,0,1,0,1,0,0,1,0,0,0,0,0
6038.63,1269.12,0,1,0,1,0,11,3,1,0,0,1,0,0,0,1,0,0,1,0,0,0,0,0
9930.25,3921.7,0,1,0,0,0,2,1,1,0,0,1,0,0,0,1,0,0,0,0,0,0,0,1
9641.29,4231.47,1,1,0,1,0,20,1,1,0,0,0,0,1,1,0,0,0,0,0,0,0,0,1
8291.91,2194.96,0,1,0,1,0,9,5,1,0,0,0,0,1,0,0,1,0,0,0,0,1,0,0
2664.14,4138.31,0,0,0,1,1,18,4,1,0,0,0,0,1,0,1,0,0,0,0,1,0,0,0
225.05,2829.96,0,1,0,1,0,18,1,1,0,0,0,0,1,0,0,0,1,0,0,0,0,0,1
8335.58,3918.01,0,0,0,1,0,18,5,1,0,0,0,0,1,1,0,0,0,0,0,0,1,0,0
558.15,3581.18,0,1,0,0,0,20,4,1,0,0,0,1,0,0,0,0,1,0,0,1,0,0,0
2057.08,4719.49,0,1,0,1,0,20,3,1,0,0,0,1,0,0,0,1,0,1,0,0,0,0,0
5444.99,2311.98,1,1,0,1,0,6,3,1,0,0,0,1,0,1,0,0,0,1,0,0,0,0,0
1784.6,1440.17,1,1,0,1,0,17,2,1,0,0,0,0,1,0,1,0,0,0,0,0,0,1,0
8338.05,4153.12,0,0,0,1,1,16,4,1,0,0,1,0,0,1,0,0,0,0,0,1,0,0,0
7771.82,4251.18,0,1,0,1,0,1,4,1,0,0,1,0,0,0,0,0,1,0,0,1,0,0,0
7557.94,1104.44,0,0,0,1,0,12,5,1,0,0,0,0,1,0,1,0,0,0,0,0,1,0,0
8161.46,1504.52,0,1,0,0,0,6,3,1,0,0,0,1,0,0,0,0,1,1,0,0,0,0,0
2197.8,4328.81,0,1,0,0,0,17,5,1,0,0,1,0,0,0,0,0,1,0,0,0,1,0,0
7289.19,3402.42,0,1,0,1,1,21,4,1,0,0,0,0,1,0,0,1,0,0,0,1,0,0,0
3553.46,2811.31,0,1,0,0,0,14,4,1,0,0,0,1,0,0,0,0,1,0,0,1,0,0,0
6668.78,4306.82,0,1,0,1,0,0,3,1,0,0,0,1,0,1,0,0,0,1,0,0,0,0,0
1221.1,1984.02,1,0,0,1,0,23,4,1,0,0,0,1,0,0,0,1,0,0,0,1,0,0,0
7056.16,2299.51,0,0,0,1,1,20,1,1,0,0,0,1,0,0,0,1,0,0,0,0,0,0,1
9721.11,4094.08,0,1,0,1,0,14,3,1,0,0,0,1,0,0,1,0,0,1,0,0,0,0,0
436.96,3364.13,0,1,0,0,0,6,5,1,0,0,0,1,0,0,0,1,0,0,0,0,1,0,0
939.2,1833.67,0,1,0,1,0,9,2,1,0,0,0,1,0,1,0,0,0,0,0,0,0,1,0
1237.24,4575.93,0,0,1,0,1,3,1,1,0,0,0,1,0,0,0,0,1,0,0,0,0,0,1
4306.21,4977.38,0,0,0,1,0,11,5,1,0,0,0,1,0,0,0,1,0,0,0,0,1,0,0
2908.51,1578.21,1,1,0,1,1,15,1,1,0,0,0,1,0,0,0,1,0,0,0,0,0,0,1
8069.39,2186.07,0,1,1,1,0,14,5,1,0,0,0,0,1,1,0,0,0,0,0,0,1,0,0
4738.4,3997.85,0,1,0,1,0,19,5,1,0,0,1,0,0,1,0,0,0,0,0,0,1,0,0
4845.89,1493.84,0,0,0,1,0,18,6,1,0,0,0,0,1,0,1,0,0,0,1,0,0,0,0
7170.66,2858.28,0,1,0,1,0,8,2,1,0,0,1,0,0,0,1,0,0,0,0,0,0,1,0
3620.33,1873.72,0,1,0,1,0,8,5,1,0,0,0,0,1,0,1,0,0,0,0,0,1,0,0
3532.72,3657.55,1,1,0,1,0,18,2,1,0,0,1,0,0,0,0,0,1,0,0,0,0,1,0
7569.51,2439.16,0,0,0,0,0,2,5,1,0,0,1,0,0,0,0,0,1,0,0,0,1,0,0
7800.64,4392.65,0,1,0,1,0,8,2,1,0,0,1,0,0,0,1,0,0,0,0,0,0,1,0
144.97,2833.08,1,1,0,1,0,18,6,1,0,0,0,0,1,0,0,0,1,0,1,0,0,0,0
1438.76,3146.06,1,1,0,1,1,14,5,1,0,0,1,0,0,1,0,0,0,0,0,0,1,0,0
2131.77,4555.99,0,0,0,1,0,19,3,1,0,0,0,1,0,0,0,1,0,1,0,0,0,0,0
3516.65,4074.3,0,1,0,1,1,18,2,1,0,0,1,0,0,0,0,1,0,0,0,0,0,1,0
2915.19,4235.37,0,1,1,1,1,12,4,1,0,0,0,0,1,1,0,0,0,0,0,1,0,0,0
6685.53,1049.98,0,1,0,1,0,14,1,1,0,0,0,0,1,0,0,0,1,0,0,0,0,0,1
8281.52,3629.47,0,0,0,1,0,15,3,1,0,0,0,1,0,0,1,0,0,1,0,0,0,0,0
1921.68,2863.79,0,1,0,1,0,14,1,1,0,0,1,0,0,0,0,1,0,0,0,0,0,0,1
5630.24,4534.78,0,0,0,1,1,8,6,1,0,0,0,0,1,0,1,0,0,0,1,0,0,0,0
3678.79,1153.06,0,1,0,1,1,2,2,1,0,0,1,0,0,0,0,1,0,0,0,0,0,1,0
5058.27,4378.96,0,1,0,0,0,17,5,1,0,0,0,1,0,1,0,0,0,0,0,0,1,0,0
6207.96,1541.99,0,1,0,0,0,14,6,1,0,0,0,1,0,0,0,0,1,0,1,0,0,0,0
8936.1,3367.39,0,0,0,1,0,5,5,1,0,0,0,0,1,0,0,1,0,0,0,0,1,0,0
1923.73,3906.12,1,1,0,1,0,1,4,1,0,0,1,0,0,0,0,0,1,0,0,1,0,0,0
870.98,1790.19,0,1,0,1,1,17,2,1,0,0,0,1,0,1,0,0,0,0,0,0,0,1,0
6272.49,1666.77,0,1,0,0,0,19,3,1,0,0,0,1,0,1,0,0,0,1,0,0,0,0,0
3941.91,3729.15,0,1,0,1,1,12,6,1,0,0,0,0,1,0,0,0,1,0,1,0,0,0,0
1629.86,1668.88,0,0,0,1,0,9,6,1,0,0,0,1,0,0,0,1,0,0,1,0,0,0,0
1171.75,3052.14,0,1,0,0,0,20,6,1,0,0,0,0,1,0,0,1,0,0,1,0,0,0,0
5589.54,2050.08,0,0,0,0,0,1,6,1,0,0,0,1,0,0,0,1,0,0,1,0,0,0,0
3005.41,1126.65,0,0,1,1,0,21,6,1,0,0,0,1,0,0,1,0,0,0,1,0,0,0,0
9974.27,1268.44,0,1,0,0,1,5,3,1,0,0,0,0,1,0,1,0,0,1,0,0,0,0,0
4059.6,1525.64,0,0,0,0,0,18,2,1,0,0,0,0,1,0,0,0,1,0,0,0,0,1,0
2123.65,3181.03,0,1,0,0,1,19,1,1,0,0,1,0,0,0,0,0,1,0,0,0,0,0,1
6288.86,1845.72,0,1,0,1,0,6,3,1,0,0,0,1,0,0,0,1,0,1,0,0,0,0,0
2443.3,4397.97,0,1,0,1,0,0,4,1,0,0,1,0,0,1,0,0,0,0,0,1,0,0,0
4941.37,1108.83,0,1,0,1,0,20,3,1,0,0,1,0,0,0,1,0,0,1,0,0,0,0,0
4826.28,3637.94,0,1,0,1,0,14,1,1,0,0,0,0,1,1,0,0,0,0,0,0,0,0,1
4536.12,1358.04,0,1,0,0,0,0,4,1,0,0,0,1,0,0,0,1,0,0,0,1,0,0,0
7961.06,4561.47,0,1,0,1,0,22,5,1,0,0,0,0,1,0,0,0,1,0,0,0,1,0,0
2166.91,1164.67,0,0,0,1,0,20,1,1,0,0,0,1,0,0,0,1,0,0,0,0,0,0,1
9043.17,1572.11,0,1,0,0,1,18,5,1,0,0,0,0,1,1,0,0,0,0,0,0,1,0,0
7913.61,2110.72,0,1,0,1,0,19,4,1,0,0,0,1,0,1,0,0,0,0,0,1,0,0,0
3331.89,1402.41,0,1,0,0,1,6,4,1,0,0,1,0,0,0,1,0,0,0,0,1,0,0,0
1806.84,4646.09,0,1,0,0,0,20,6,1,0,0,0,1,0,0,1,0,0,0,1,0,0,0,0
2796.07,1529.5,0,1,0,0,0,19,1,1,0,0,0,1,0,0,1,0,0,0,0,0,0,0,1
3327.03,1331.98,0,0,0,0,0,10,1,1,0,0,0,0,1,0,1,0,0,0,0,0,0,0,1
5569.77,1239.34,0,1,0,0,0,1,5,1,0,0,0,1,0,1,0,0,0,0,0,0,1,0,0
464.64,4224.03,0,1,0,0,0,0,4,1,0,0,0,1,0,0,1,0,0,0,0,1,0,0,0
9143.68,3599.5,0,1,1,1,0,9,6,1,0,0,0,1,0,0,0,1,0,0,1,0,0,0,0
987.65,4027.62,0,1,0,1,0,23,3,1,0,0,0,1,0,0,0,1,0,1,0,0,0,0,0
2793.45,3819.77,0,1,0,1,0,8,3,1,0,0,1,0,0,1,0,0,0,1,0,0,0,0,0
1093.77,4871.7,0,1,1,0,0,10,4,1,0,0,0,0,1,1,0,0,0,0,0,1,0,0,0
2567.47,4073.9,0,1,0,1,1,6,1,1,0,0,0,1,0,1,0,0,0,0,0,0,0,0,1
8376.9,2530.21,0,0,0,0,0,15,1,1,0,0,0,0,1,1,0,0,0,0,0,0,0,0,1
6152.14,2159.14,0,0,0,1,0,5,4,1,0,0,1,0,0,0,0,0,1,0,0,1,0,0,0
2274.0,2167.97,0,1,1,1,0,8,2,1,0,0,1,0,0,0,0,1,0,0,0,0,0,1,0
8717.71,2250.85,0,1,0,1,1,2,5,1,0,0,0,1,0,0,0,0,1,0,0,0,1,0,0
8007.32,1745.5,0,1,0,1,0,16,5,1,0,0,0,0,1,1,0,0,0,0,0,0,1,0,0
7536.74,2572.56,1,1,0,1,0,18,5,1,0,0,0,0,1,1,0,0,0,0,0,0,1,0,0
8476.48,1440.28,0,1,0,1,0,0,3,1,0,0,0,0,1,0,1,0,0,1,0,0,0,0,0
6196.88,2188.56,0,1,0,0,0,17,5,1,0,0,1,0,0,0,0,0,1,0,0,0,1,0,0
5014.87,1700.61,0,1,0,1,0,18,6,1,0,0,1,0,0,0,0,0,1,0,1,0,0,0,0
3739.98,4678.51,0,1,0,1,0,21,2,1,0,0,0,1,0,0,0,0,1,0,0,0,0,1,0
2238.42,2844.99,0,1,0,0,0,9,2,1,0,0,0,0,1,0,1,0,0,0,0,0,0,1,0
5574.56,4290.41,0,0,0,1,0,17,3,1,0,0,0,0,1,1,0,0,0,1,0,0,0,0,0
8895.03,3353.81,1,0,0,0,0,2,1,1,0,0,1,0,0,0,0,1,0,0,0,0,0,0,1
5940.22,3394.14,0,1,0,0,0,9,6,1,0,0,0,1,0,0,0,1,0,0,1,0,0,0,0
9196.15,1012.82,0,1,0,1,1,23,2,1,0,0,0,1,0,0,0,0,1,0,0,0,0,1,0
3569.82,1051.03,0,1,0,0,1,16,6,1,0,0,0,1,0,0,1,0,0,0,1,0,0,0,0
6951.68,2115.04,0,1,0,1,1,10,4,1,0,0,1,0,0,0,1,0,0,0,0,1,0,0,0
6487.01,1236.32,0,0,0,1,0,3,1,1,0,0,0,0,1,0,0,0,1,0,0,0,0,0,1
6704.67,2108.82,0,1,0,1,0,14,4,1,0,0,0,1,0,0,0,0,1,0,0,1,0,0,0
6450.78,3472.07,0,0,0,1,0,8,4,1,0,0,0,1,0,1,0,0,0,0,0,1,0,0,0
2217.33,3836.61,0,1,0,1,0,7,2,1,0,0,0,0,1,0,0,0,1,0,0,0,0,1,0
1436.77,3449.15,0,1,0,1,0,8,1,1,0,0,0,1,0,1,0,0,0,0,0,0,0,0,1
9786.3,3217.64,0,1,0,1,0,2,3,1,0,0,1,0,0,0,1,0,0,1,0,0,0,0,0
453.91,1325.1,0,0,0,1,0,11,2,1,0,0,0,1,0,0,0,1,0,0,0,0,0,1,0
4677.9,1513.17,1,1,0,1,0,7,5,1,0,0,0,0,1,1,0,0,0,0,0,0,1,0,0
4251.38,1164.14,0,1,0,1,0,1,3,1,0,0,1,0,0,0,0,0,1,1,0,0,0,0,0
3600.83,4249.72,0,1,0,0,0,11,4,1,0,0,0,1,0,1,0,0,0,0,0,1,0,0,0
7820.06,2294.28,0,1,1,0,0,3,4,1,0,0,0,0,1,0,1,0,0,0,0,1,0,0,0
7453.76,2609.33,0,1,0,0,0,7,2,1,0,0,0,0,1,0,1,0,0,0,0,0,0,1,0
9052.34,3496.68,0,0,0,1,0,9,2,1,0,0,0,0,1,1,0,0,0,0,0,0,0,1,0
3955.48,4875.63,0,1,0,0,0,21,3,1,0,0,0,0,1,1,0,0,0,1,0,0,0,0,0
5642.23,3460.39,0,1,0,1,0,20,4,1,0,0,0,1,0,1,0,0,0,0,0,1,0,0,0
8923.18,1469.31,1,1,0,0,0,17,6,1,0,0,0,1,0,1,0,0,0,0,1,0,0,0,0
9938.49,4610.33,0,1,0,1,0,14,6,1,0,0,1,0,0,0,1,0,0,0,1,0,0,0,0
9692.97,1918.56,0,1,0,1,0,5,4,1,0,0,1,0,0,0,1,0,0,0,0,1,0,0,0
7178.72,4162.55,1,0,0,1,0,5,5,1,0,0,0,0,1,1,0,0,0,0,0,0,1,0,0
1433.13,3990.47,0,1,0,0,0,11,4,1,0,0,0,0,1,0,0,1,0,0,0,1,0,0,0
232.84,2660.29,0,0,0,0,1,9,2,1,0,0,1,0,0,0,1,0,0,0,0,0,0,1,0
8252.36,3088.77,0,1,0,1,0,0,3,1,0,0,0,1,0,0,1,0,0,1,0,0,0,0,0
8409.58,1914.47,0,1,0,1,0,13,3,1,0,0,0,1,0,0,0,1,0,1,0,0,0,0,0
7463.86,3810.37,0,1,0,1,0,22,6,1,0,0,0,1,0,0,0,1,0,0,1,0,0,0,0
2799.95,4917.07,0,1,0,1,0,14,1,1,0,0,0,0,1,0,0,0,1,0,0,0,0,0,1
6398.54,2708.7,1,1,0,1,1,13,6,1,0,0,1,0,0,0,0,1,0,0,1,0,0,0,0
3163.17,4991.67,0,1,0,0,0,1,3,1,0,0,1,0,0,0,0,0,1,1,0,0,0,0,0
4507.03,2009.59,0,1,1,1,1,0,5,1,0,0,1,0,0,0,0,1,0,0,0,0,1,0,0
3824.97,1482.43,0,1,0,1,0,17,3,1,0,0,0,1,0,1,0,0,0,1,0,0,0,0,0
9136.49,4993.96,0,0,0,1,0,6,5,1,0,0,1,0,0,1,0,0,0,0,0,0,1,0,0
2342.34,2504.3,0,1,0,1,0,16,6,1,0,0,1,0,0,0,0,1,0,0,1,0,0,0,0
5776.53,4437.44,0,1,0,0,0,12,3,1,0,0,0,1,0,0,0,1,0,1,0,0,0,0,0
3610.45,1118.04,1,1,0,1,0,18,3,1,0,0,0,0,1,0,0,0,1,1,0,0,0,0,0
6631.05,3512.39,0,1,0,1,1,10,6,1,0,0,0,0,1,0,0,0,1,0,1,0,0,0,0
5646.07,1013.26,0,1,0,1,0,16,5,1,0,0,0,1,0,0,0,0,1,0,0,0,1,0,0
9239.85,3018.01,1,1,0,1,0,14,6,1,0,0,1,0,0,0,1,0,0,0,1,0,0,0,0
1017.02,3946.24,0,1,0,0,0,17,5,1,0,0,0,0,1,1,0,0,0,0,0,0,1,0,0
2207.19,3485.4,0,0,0,1,0,18,1,1,0,0,0,0,1,0,0,1,0,0,0,0,0,0,1
7663.71,3510.54,0,1,0,1,0,8,4,1,0,0,0,0,1,0,0,0,1,0,0,1,0,0,0
3688.5,2306.42,0,1,0,1,0,1,5,1,0,0,0,1,0,0,0,1,0,0,0,0,1,0,0
1658.67,3534.94,0,0,0,0,0,12,4,1,0,0,0,0,1,0,0,1,0,0,0,1,0,0,0
5033.71,4419.05,0,1,0,1,0,11,1,1,0,0,1,0,0,0,1,0,0,0,0,0,0,0,1
6521.77,2986.57,0,1,0,1,0,20,6,1,0,0,0,1,0,0,0,1,0,0,1,0,0,0,0
449.22,3166.82,0,0,0,1,1,4,2,1,0,0,0,1,0,0,1,0,0,0,0,0,0,1,0
2916.93,4353.55,0,1,0,0,1,17,1,1,0,0,0,0,1,0,1,0,0,0,0,0,0,0,1
8094.42,1487.41,0,0,0,0,0,20,5,1,0,0,1,0,0,0,1,0,0,0,0,0,1,0,0
5202.93,3404.35,0,0,0,0,0,20,5,1,0,0,0,1,0,1,0,0,0,0,0,0,1,0,0
354.76,2897.72,0,1,0,0,0,8,5,1,0,0,0,0,1,0,1,0,0,0,0,0,1,0,0
2820.23,2669.09,1,1,0,1,0,18,2,1,0,0,1,0,0,1,0,0,0,0,0,0,0,1,0
6391.77,2630.57,0,1,0,0,0,0,6,1,0,0,1,0,0,0,1,0,0,0,1,0,0,0,0
1994.4,3531.43,0,1,0,1,0,14,6,1,0,0,0,1,0,0,1,0,0,0,1,0,0,0,0
8274.09,4590.34,0,1,0,1,0,10,4,1,0,0,0,0,1,0,1,0,0,0,0,1,0,0,0
6766.08,3600.24,0,0,0,1,0,13,2,1,0,0,1,0,0,0,1,0,0,0,0,0,0,1,0
4714.32,2057.48,0,1,0,1,0,5,4,1,0,0,0,1,0,0,0,0,1,0,0,1,0,0,0
9156.32,1551.22,0,1,0,1,0,8,2,1,0,0,0,1,0,0,0,1,0,0,0,0,0,1,0
3918.62,4912.98,0,1,0,1,0,1,4,1,0,0,0,1,0,0,1,0,0,0,0,1,0,0,0
2351.5,2216.62,0,0,0,0,0,8,4,1,0,0,0,1,0,0,0,0,1,0,0,1,0,0,0
6614.37,2864.74,0,1,0,1,0,11,5,1,0,0,0,1,0,0,0,1,0,0,0,0,1,0,0
5733.38,1069.38,1,1,0,1,0,6,4,1,0,0,1,0,0,0,0,1,0,0,0,1,0,0,0
3353.14,4244.67,0,1,0,1,1,23,1,1,0,0,0,1,0,0,0,1,0,0,0,0,0,0,1
3437.3,4172.41,0,0,0,1,1,15,4,1,0,0,0,0,1,1,0,0,0,0,0,1,0,0,0
3982.7,3778.75,0,1,0,1,0,7,2,1,0,0,0,0,1,0,1,0,0,0,0,0,0,1,0
2912.09,2424.26,0,1,0,1,0,17,5,1,0,0,1,0,0,1,0,0,0,0,0,0,1,0,0
7102.7,2494.52,0,1,0,1,0,8,1,1,0,0,0,1,0,0,0,1,0,0,0,0,0,0,1
6513.93,2984.04,0,1,0,1,1,17,5,1,0,0,0,1,0,0,0,0,1,0,0,0,1,0,0
4408.34,2608.01,0,1,0,0,1,23,3,1,0,0,1,0,0,0,0,0,1,1,0,0,0,0,0
3979.15,1673.76,0,1,0,0,0,16,2,1,0,0,0,1,0,1,0,0,0,0,0,0,0,1,0
3651.15,1924.11,0,1,0,1,0,11,2,1,0,0,0,1,0,0,1,0,0,0,0,0,0,1,0
2835.4,2323.31,0,1,0,0,0,15,2,1,0,0,0,0,1,0,0,1,0,0,0,0,0,1,0
857.88,1079.56,1,0,0,1,0,7,6,1,0,0,0,1,0,0,1,0,0,0,1,0,0,0,0
2682.78,2365.0,0,1,0,0,0,5,5,1,0,0,1,0,0,1,0,0,0,0,0,0,1,0,0
3212.69,4284.34,1,1,0,1,0,15,4,1,0,0,0,0,1,0,0,0,1,0,0,1,0,0,0
5477.29,2877.0,0,1,0,0,0,5,4,1,0,0,1,0,0,0,0,0,1,0,0,1,0,0,0
7738.11,1742.49,0,1,0,0,0,11,2,1,0,0,1,0,0,1,0,0,0,0,0,0,0,1,0
3957.63,3779.1,0,0,0,0,0,21,6,1,0,0,0,1,0,0,0,1,0,0,1,0,0,0,0
9447.62,1086.57,0,1,0,1,0,16,2,1,0,0,0,1,0,1,0,0,0,0,0,0,0,1,0
8273.67,1618.28,0,1,0,1,0,20,2,1,0,0,0,0,1,1,0,0,0,0,0,0,0,1,0
9848.03,3328.55,0,1,0,1,0,3,4,1,0,0,1,0,0,1,0,0,0,0,0,1,0,0,0
8762.15,3689.6,0,1,0,0,0,15,5,1,0,0,1,0,0,0,0,1,0,0,0,0,1,0,0
6167.64,2178.95,0,0,0,1,0,6,4,1,0,0,0,1,0,0,0,1,0,0,0,1,0,0,0
5985.19,2111.93,0,1,0,1,0,5,5,1,0,0,1,0,0,0,0,0,1,0,0,0,1,0,0
1296.13,1082.59,0,0,0,1,1,5,2,1,0,0,1,0,0,0,1,0,0,0,0,0,0,1,0
7224.27,2139.79,0,1,0,1,0,14,2,1,0,0,1,0,0,0,0,1,0,0,0,0,0,1,0
6002.47,4837.25,1,1,0,1,0,0,2,1,0,0,1,0,0,0,0,1,0,0,0,0,0,1,0
5069.81,2588.28,0,1,0,1,0,17,1,1,0,0,1,0,0,0,0,1,0,0,0,0,0,0,1
6933.18,2311.31,0,1,0,1,0,18,3,1,0,0,0,0,1,1,0,0,0,1,0,0,0,0,0
4441.03,3506.34,0,1,0,1,0,2,3,1,0,0,1,0,0,0,1,0,0,1,0,0,0,0,0
5239.07,4956.37,0,1,0,0,0,22,2,1,0,0,1,0,0,0,0,0,1,0,0,0,0,1,0
3984.12,2750.87,0,1,0,1,0,21,2,1,0,0,0,0,1,0,0,0,1,0,0,0,0,1,0
7173.99,1379.77,0,1,0,1,0,20,3,1,0,0,0,1,0,1,0,0,0,1,0,0,0,0,0
8766.23,3869.74,0,1,0,1,0,14,2,1,0,0,0,1,0,0,0,0,1,0,0,0,0,1,0
8408.61,4589.7,0,1,0,1,0,16,3,1,0,0,0,0,1,1,0,0,0,1,0,0,0,0,0
7860.47,3721.5,0,1,0,1,0,5,2,1,0,0,0,0,1,1,0,0,0,0,0,0,0,1,0
138.86,2989.09,0,1,0,1,1,2,6,1,0,0,0,1,0,0,0,1,0,0,1,0,0,0,0
9118.89,1985.78,0,0,0,1,0,9,3,1,0,0,1,0,0,0,0,1,0,1,0,0,0,0,0
2749.48,2783.97,0,0,0,1,0,8,1,1,0,0,1,0,0,0,0,1,0,0,0,0,0,0,1
8879.85,2688.96,0,1,0,1,0,14,4,1,0,0,0,0,1,0,1,0,0,0,0,1,0,0,0
1970.48,4850.71,0,1,0,1,0,1,5,1,0,0,1,0,0,0,1,0,0,0,0,0,1,0,0
4397.02,1147.79,0,1,0,1,0,1,5,1,0,0,0,0,1,0,0,0,1,0,0,0,1,0,0
7494.24,2458.64,0,1,0,1,0,20,2,1,0,0,0,1,0,0,1,0,0,0,0,0,0,1,0
6403.15,2244.21,0,0,0,1,0,19,3,1,0,0,1,0,0,0,0,1,0,1,0,0,0,0,0
4159.8,4928.54,1,1,0,0,0,7,3,1,0,0,0,1,0,0,1,0,0,1,0,0,0,0,0
6786.56,1025.89,1,1,0,0,0,14,4,1,0,0,1,0,0,0,0,0,1,0,0,1,0,0,0
5489.95,2169.87,0,1,0,1,1,5,3,1,0,0,1,0,0,0,0,1,0,1,0,0,0,0,0
2758.09,4895.34,0,1,0,1,0,2,5,1,0,0,1,0,0,0,1,0,0,0,0,0,1,0,0
6463.65,1636.9,0,0,0,1,0,22,1,1,0,0,0,0,1,0,0,1,0,0,0,0,0,0,1
2043.27,4157.21,1,1,0,1,0,8,4,1,0,0,0,1,0,0,0,0,1,0,0,1,0,0,0
6940.19,3254.93,0,1,0,0,1,18,6,1,0,0,0,0,1,0,0,0,1,0,1,0,0,0,0
32.11,4623.8,1,1,0,1,0,18,1,1,0,0,0,0,1,0,0,1,0,0,0,0,0,0,1
5488.18,4492.41,0,0,0,1,0,12,2,1,0,0,0,1,0,1,0,0,0,0,0,0,0,1,0
4011.28,3304.94,0,1,0,1,0,21,3,1,0,0,0,1,0,0,0,0,1,1,0,0,0,0,0
3031.73,3217.05,0,1,0,1,0,5,6,1,0,0,0,0,1,0,1,0,0,0,1,0,0,0,0
5157.56,1604.39,0,0,0,1,1,14,6,1,0,0,0,0,1,0,0,0,1,0,1,0,0,0,0
6453.47,1241.68,0,1,0,1,0,4,5,1,0,0,0,0,1,0,0,1,0,0,0,0,1,0,0
9653.16,3928.39,0,1,0,1,0,23,2,1,0,0,0,1,0,0,0,1,0,0,0,0,0,1,0
8330.81,3450.24,0,1,0,0,0,8,1,1,0,0,0,0,1,0,0,0,1,0,0,0,0,0,1
7171.78,4181.49,0,1,0,0,0,0,2,1,0,0,0,1,0,0,0,1,0,0,0,0,0,1,0
4790.19,1072.83,0,1,0,1,0,4,6,1,0,0,0,0,1,1,0,0,0,0,1,0,0,0,0
3922.05,4734.73,0,0,0,1,0,4,5,1,0,0,0,1,0,0,0,0,1,0,0,0,1,0,0
326.26,1292.13,0,1,0,1,0,11,5,1,0,0,0,0,1,1,0,0,0,0,0,0,1,0,0
3591.61,4618.53,1,1,0,1,0,0,3,1,0,0,1,0,0,0,0,0,1,1,0,0,0,0,0
8483.92,1764.92,0,1,0,1,1,2,1,1,0,0,1,0,0,1,0,0,0,0,0,0,0,0,1
3840.86,2039.94,0,1,0,1,0,12,4,1,0,0,0,1,0,0,1,0,0,0,0,1,0,0,0
4616.39,4487.19,0,1,0,1,0,23,5,1,0,0,0,1,0,0,0,1,0,0,0,0,1,0,0
2719.07,2805.76,0,0,0,1,0,15,5,1,0,0,1,0,0,0,0,1,0,0,0,0,1,0,0
2742.05,3777.67,0,1,0,0,0,11,2,1,0,0,0,1,0,0,0,0,1,0,0,0,0,1,0
619.66,4599.92,0,1,0,1,0,7,1,1,0,0,0,1,0,0,0,0,1,0,0,0,0,0,1
6138.43,2166.38,0,1,0,1,0,19,5,1,0,0,1,0,0,1,0,0,0,0,0,0,1,0,0
4481.25,1543.05,0,0,0,0,0,11,2,1,0,0,0,0,1,0,0,1,0,0,0,0,0,1,0
6060.0,3161.84,0,1,0,0,0,18,6,1,0,0,0,1,0,0,0,1,0,0,1,0,0,0,0
5469.32,2553.03,0,1,0,1,0,21,6,1,0,0,0,1,0,1,0,0,0,0,1,0,0,0,0
7988.65,4195.03,0,1,0,1,0,0,1,1,0,0,0,0,1,0,1,0,0,0,0,0,0,0,1
7510.37,1020.2,0,1,0,0,0,6,5,1,0,0,0,0,1,0,1,0,0,0,0,0,1,0,0
7714.77,3321.54,0,1,0,1,0,4,4,1,0,0,0,1,0,0,1,0,0,0,0,1,0,0,0
4992.89,3063.74,0,1,0,0,0,10,6,1,0,0,0,1,0,0,0,0,1,0,1,0,0,0,0
3539.46,4398.89,0,1,0,1,0,19,4,1,0,0,0,0,1,1,0,0,0,0,0,1,0,0,0
9334.43,3306.27,1,1,0,1,0,6,1,1,0,0,0,1,0,1,0,0,0,0,0,0,0,0,1
543.64,4982.72,0,1,0,1,1,10,4,1,0,0,0,0,1,0,1,0,0,0,0,1,0,0,0
1527.06,1106.13,0,1,0,1,0,11,1,1,0,0,0,0,1,1,0,0,0,0,0,0,0,0,1
4196.57,3014.29,0,1,0,1,0,16,6,1,0,0,0,1,0,1,0,0,0,0,1,0,0,0,0
6139.96,4904.02,0,1,0,1,0,3,4,1,0,0,0,1,0,0,1,0,0,0,0,1,0,0,0
83.0,4782.41,0,1,0,0,1,11,5,1,0,0,0,0,1,0,0,0,1,0,0,0,1,0,0
7193.51,1874.38,0,1,0,1,1,2,1,1,0,0,0,1,0,1,0,0,0,0,0,0,0,0,1
5587.71,4308.88,0,1,0,1,0,9,1,1,0,0,0,0,1,0,0,1,0,0,0,0,0,0,1
4847.54,4221.49,1,1,0,1,0,12,6,1,0,0,1,0,0,0,0,0,1,0,1,0,0,0,0
4235.53,4849.95,0,1,0,1,0,8,4,1,0,0,1,0,0,1,0,0,0,0,0,1,0,0,0
5195.35,3037.48,0,1,0,1,1,18,6,1,0,0,0,0,1,1,0,0,0,0,1,0,0,0,0
1618.7,3116.95,0,1,0,1,0,8,4,1,0,0,0,0,1,0,0,1,0,0,0,1,0,0,0
1088.01,4145.85,0,1,0,1,0,21,6,1,0,0,0,1,0,1,0,0,0,0,1,0,0,0,0
2897.09,4995.95,1,0,0,1,0,2,4,1,0,0,0,0,1,0,0,1,0,0,0,1,0,0,0
7095.34,2236.54,0,0,1,1,0,14,5,1,0,0,0,0,1,0,0,1,0,0,0,0,1,0,0
5883.29,3733.21,0,1,0,1,0,22,6,1,0,0,0,1,0,1,0,0,0,0,1,0,0,0,0
4801.75,3684.6,0,0,0,0,0,19,1,1,0,0,0,1,0,0,0,0,1,0,0,0,0,0,1
5715.64,4429.3,0,0,0,0,0,18,3,1,0,0,1,0,0,0,0,0,1,1,0,0,0,0,0
5593.02,3597.94,0,1,0,0,1,14,5,1,0,0,0,0,1,1,0,0,0,0,0,0,1,0,0
3071.11,2832.8,0,1,0,0,0,20,1,1,0,0,0,0,1,1,0,0,0,0,0,0,0,0,1
975.46,2243.28,0,1,0,1,0,12,2,1,0,0,1,0,0,0,1,0,0,0,0,0,0,1,0
8967.93,4876.71,0,0,0,1,0,8,5,1,0,0,0,0,1,0,1,0,0,0,0,0,1,0,0
5999.51,2342.94,0,0,0,0,0,10,6,1,0,0,0,1,0,0,1,0,0,0,1,0,0,0,0
6977.78,2020.58,0,1,0,0,0,16,2,1,0,0,0,0,1,0,0,0,1,0,0,0,0,1,0
4640.51,4170.63,1,1,0,1,0,16,3,1,0,0,0,1,0,0,1,0,0,1,0,0,0,0,0
7565.05,2990.6,0,1,0,1,0,21,3,1,0,0,0,0,1,1,0,0,0,1,0,0,0,0,0
5845.39,1732.99,0,1,0,0,0,20,4,1,0,0,1,0,0,1,0,0,0,0,0,1,0,0,0
538.96,2436.26,0,1,0,1,0,13,5,1,0,0,0,1,0,0,0,1,0,0,0,0,1,0,0
8901.08,1813.87,0,1,1,1,0,14,6,1,0,0,0,1,0,0,0,0,1,0,1,0,0,0,0
3056.06,1836.1,0,0,0,0,0,11,3,1,0,0,1,0,0,0,1,0,0,1,0,0,0,0,0
1379.77,1303.17,0,1,0,1,0,10,1,1,0,0,0,1,0,0,0,1,0,0,0,0,0,0,1
881.32,3580.75,0,1,0,0,0,5,6,1,0,0,1,0,0,0,0,0,1,0,1,0,0,0,0
7204.68,2485.08,0,1,0,1,1,12,1,1,0,0,0,0,1,0,0,1,0,0,0,0,0,0,1
7039.98,1238.05,0,0,0,1,0,20,6,1,0,0,1,0,0,0,0,0,1,0,1,0,0,0,0
7001.92,3603.96,0,1,0,1,0,13,6,1,0,0,0,0,1,0,0,0,1,0,1,0,0,0,0
9157.61,2187.38,0,1,0,1,1,10,4,1,0,0,0,1,0,0,0,1,0,0,0,1,0,0,0
3490.08,1648.22,0,0,0,0,0,22,4,1,0,0,0,1,0,0,1,0,0,0,0,1,0,0,0
5611.77,4841.28,0,1,0,1,0,3,2,1,0,0,1,0,0,1,0,0,0,0,0,0,0,1,0
6195.34,1299.11,0,1,0,1,0,6,6,1,0,0,0,0,1,0,1,0,0,0,1,0,0,0,0
9794.84,2546.66,0,1,0,1,0,14,5,1,0,0,1,0,0,0,0,0,1,0,0,0,1,0,0
3124.15,3462.16,0,1,0,1,0,17,3,1,0,0,0,1,0,1,0,0,0,1,0,0,0,0,0
9563.36,4973.66,1,1,0,1,0,0,3,1,0,0,0,1,0,1,0,0,0,1,0,0,0,0,0
1488.19,1329.84,1,1,0,0,0,23,5,1,0,0,0,0,1,0,1,0,0,0,0,0,1,0,0
7640.25,4726.07,0,0,0,0,0,12,4,1,0,0,0,0,1,0,1,0,0,0,0,1,0,0,0
6329.23,4523.51,0,0,0,1,1,4,5,1,0,0,0,1,0,0,1,0,0,0,0,0,1,0,0
8169.14,4116.68,0,1,1,1,0,20,4,1,0,0,0,1,0,0,0,1,0,0,0,1,0,0,0
287.83,1410.6,0,1,0,1,0,6,3,1,0,0,0,0,1,1,0,0,0,1,0,0,0,0,0
782.23,2163.45,0,1,0,1,1,22,4,1,0,0,1,0,0,1,0,0,0,0,0,1,0,0,0
697.89,2084.47,0,1,0,1,0,13,3,1,0,0,1,0,0,0,0,0,1,1,0,0,0,0,0
5930.0,3137.04,0,1,0,0,1,14,3,1,0,0,0,0,1,0,0,0,1,1,0,0,0,0,0
6029.76,1479.86,0,1,0,1,0,7,2,1,0,0,0,0,1,0,0,0,1,0,0,0,0,1,0
9061.14,4265.05,0,1,0,0,0,11,4,1,0,0,0,0,1,0,1,0,0,0,0,1,0,0,0
4676.57,3728.69,0,0,0,1,0,11,2,1,0,0,0,1,0,1,0,0,0,0,0,0,0,1,0
681.42,4444.26,0,1,0,1,0,5,4,1,0,0,1,0,0,0,1,0,0,0,0,1,0,0,0
2096.08,1890.5,0,0,0,1,0,9,2,1,0,0,0,0,1,0,1,0,0,0,0,0,0,1,0
81.72,3481.89,0,1,0,0,0,11,4,1,0,0,1,0,0,0,0,0,1,0,0,1,0,0,0
7767.37,4403.82,1,1,0,1,0,2,5,1,0,0,0,1,0,0,0,0,1,0,0,0,1,0,0
8156.18,1201.8,0,1,0,1,0,9,6,1,0,0,0,1,0,0,0,0,1,0,1,0,0,0,0
9979.41,3202.37,0,0,0,1,0,8,1,1,0,0,0,0,1,0,0,1,0,0,0,0,0,0,1
4122.53,3908.89,0,1,0,1,0,19,4,1,0,0,0,0,1,1,0,0,0,0,0,1,0,0,0
193.96,2486.3,0,1,0,1,0,7,6,1,0,0,0,0,1,0,1,0,0,0,1,0,0,0,0
2348.06,2414.16,0,1,0,0,0,15,4,1,0,0,0,0,1,0,0,1,0,0,0,1,0,0,0
5878.1,1129.19,1,1,0,1,0,17,6,1,0,0,1,0,0,0,0,1,0,0,1,0,0,0,0
9619.47,2958.83,0,1,0,1,0,23,6,1,0,0,0,0,1,0,0,1,0,0,1,0,0,0,0
1036.68,3385.23,0,1,0,0,1,21,6,1,0,0,1,0,0,0,0,0,1,0,1,0,0,0,0
1216.61,3961.58,0,0,0,1,0,4,2,1,0,0,0,1,0,0,0,1,0,0,0,0,0,1,0
7017.89,1345.33,0,1,1,1,1,18,4,1,0,0,0,1,0,1,0,0,0,0,0,1,0,0,0
6672.4,2666.65,0,0,0,1,0,22,2,1,0,0,1,0,0,0,0,1,0,0,0,0,0,1,0
2505.81,2030.16,0,1,0,1,0,2,4,1,0,0,1,0,0,0,0,1,0,0,0,1,0,0,0
8131.63,1827.51,0,1,0,1,0,15,1,1,0,0,0,0,1,0,1,0,0,0,0,0,0,0,1
1288.66,1982.63,0,1,0,1,0,15,3,1,0,0,0,0,1,1,0,0,0,1,0,0,0,0,0
9257.49,2442.27,0,1,0,1,0,1,2,1,0,0,0,0,1,0,0,0,1,0,0,0,0,1,0
2011.12,3931.14,0,1,0,0,0,7,5,1,0,0,0,1,0,0,1,0,0,0,0,0,1,0,0
814.44,2742.76,0,1,0,1,0,12,3,1,0,0,1,0,0,0,1,0,0,1,0,0,0,0,0
3395.88,1252.69,0,1,0,1,0,2,5,1,0,0,1,0,0,0,1,0,0,0,0,0,1,0,0
1879.23,2389.57,0,0,0,1,1,10,1,1,0,0,1,0,0,0,0,1,0,0,0,0,0,0,1
5269.89,1438.79,0,0,0,1,0,5,3,1,0,0,1,0,0,1,0,0,0,1,0,0,0,0,0
6868.78,1847.54,0,1,0,0,1,10,6,1,0,0,0,0,1,0,0,1,0,0,1,0,0,0,0
4909.72,1517.27,0,1,0,0,0,9,4,1,0,0,0,0,1,0,1,0,0,0,0,1,0,0,0
6606.41,4887.99,0,1,0,1,0,23,4,1,0,0,1,0,0,0,0,1,0,0,0,1,0,0,0
3649.84,4520.35,0,0,0,0,0,2,6,1,0,0,0,0,1,0,0,0,1,0,1,0,0,0,0
280.2,3499.79,0,1,0,1,0,19,4,1,0,0,0,1,0,1,0,0,0,0,0,1,0,0,0
9740.67,2002.24,0,1,0,0,0,21,3,1,0,0,0,0,1,0,1,0,0,1,0,0,0,0,0
8194.32,1697.14,0,0,0,0,1,7,3,1,0,0,0,1,0,0,1,0,0,1,0,0,0,0,0
735.11,4367.83,0,1,0,1,0,10,6,1,0,0,0,1,0,0,0,1,0,0,1,0,0,0,0
4492.31,1290.86,0,1,0,0,1,13,4,1,0,0,1,0,0,0,0,1,0,0,0,1,0,0,0
6350.56,3772.88,0,1,0,1,0,6,6,1,0,0,1,0,0,0,1,0,0,0,1,0,0,0,0
1906.75,2179.4,0,1,0,1,1,14,6,1,0,0,0,0,1,0,1,0,0,0,1,0,0,0,0
5780.31,2958.45,0,1,0,1,1,17,3,1,0,0,1,0,0,1,0,0,0,1,0,0,0,0,0
5336.95,3914.84,0,1,0,1,0,9,1,1,0,0,0,1,0,0,0,1,0,0,0,0,0,0,1
2083.44,1145.36,0,1,0,0,1,4,2,1,0,0,0,1,0,0,0,0,1,0,0,0,0,1,0
1412.96,1702.22,0,0,0,1,0,0,6,1,0,0,0,0,1,1,0,0,0,0,1,0,0,0,0
7589.86,3588.6,1,1,1,0,0,8,3,1,0,0,0,1,0,0,0,0,1,1,0,0,0,0,0
3226.54,4678.93,0,1,0,0,1,19,2,1,0,0,1,0,0,1,0,0,0,0,0,0,0,1,0
2441.16,2032.42,0,1,0,1,0,15,6,1,0,0,0,0,1,0,1,0,0,0,1,0,0,0,0
7379.05,1598.71,0,0,0,1,0,18,2,1,0,0,0,0,1,0,0,1,0,0,0,0,0,1,0
7360.95,4699.29,1,1,0,0,1,10,3,1,0,0,0,0,1,1,0,0,0,1,0,0,0,0,0
2764.74,4461.33,0,1,0,1,0,12,3,1,0,0,1,0,0,0,1,0,0,1,0,0,0,0,0
8725.81,4639.16,0,1,0,1,1,22,4,1,0,0,0,1,0,0,1,0,0,0,0,1,0,0,0
6882.81,1498.87,0,1,0,0,0,6,2,1,0,0,1,0,0,1,0,0,0,0,0,0,0,1,0
3458.3,4694.21,0,0,0,1,0,5,1,1,0,0,0,0,1,1,0,0,0,0,0,0,0,0,1
4275.47,3325.24,0,0,0,1,0,20,2,1,0,0,0,1,0,0,0,1,0,0,0,0,0,1,0
7267.37,3667.79,1,1,0,0,0,5,6,1,0,0,0,0,1,0,1,0,0,0,1,0,0,0,0
2116.63,2816.47,1,0,0,1,0,20,4,1,0,0,1,0,0,0,1,0,0,0,0,1,0,0,0
4688.14,2421.59,0,1,0,1,0,16,3,1,0,0,0,0,1,0,0,1,0,1,0,0,0,0,0
6535.93,1451.42,0,0,0,0,0,12,6,1,0,0,1,0,0,0,1,0,0,0,1,0,0,0,0
5395.45,1894.46,0,1,0,1,0,14,2,1,0,0,0,0,1,0,0,0,1,0,0,0,0,1,0
6083.68,3350.53,0,0,0,1,0,16,2,1,0,0,0,0,1,0,1,0,0,0,0,0,0,1,0
5462.58,2267.46,0,1,0,1,0,10,5,1,0,0,0,0,1,0,0,0,1,0,0,0,1,0,0
1993.08,1478.79,0,1,0,1,0,7,3,1,0,0,1,0,0,0,0,1,0,1,0,0,0,0,0
4102.64,3838.55,0,1,0,0,0,19,2,1,0,0,1,0,0,0,0,1,0,0,0,0,0,1,0
5320.32,3114.14,0,1,0,0,0,3,3,1,0,0,1,0,0,1,0,0,0,1,0,0,0,0,0
7800.85,1164.34,0,1,0,1,0,11,1,1,0,0,1,0,0,0,0,1,0,0,0,0,0,0,1
6539.39,3690.11,0,1,0,1,0,14,5,1,0,0,1,0,0,0,0,0,1,0,0,0,1,0,0
4266.48,4446.01,0,1,0,1,0,16,3,1,0,0,0,1,0,0,0,1,0,1,0,0,0,0,0
9744.02,4102.89,0,1,0,1,0,9,5,1,0,0,0,0,1,0,0,0,1,0,0,0,1,0,0
1078.85,4698.73,0,1,0,1,0,8,4,1,0,0,1,0,0,0,0,1,0,0,0,1,0,0,0
2068.84,2351.58,0,1,0,1,1,2,6,1,0,0,0,1,0,0,1,0,0,0,1,0,0,0,0
3413.78,1352.32,0,0,0,1,0,19,4,1,0,0,0,1,0,0,0,1,0,0,0,1,0,0,0
2286.49,3856.51,0,0,0,1,0,23,4,1,0,0,0,0,1,1,0,0,0,0,0,1,0,0,0
6254.79,4607.87,0,1,0,0,0,19,2,1,0,0,0,0,1,0,0,0,1,0,0,0,0,1,0
396.47,2275.99,0,1,0,0,0,1,4,1,0,0,0,0,1,0,0,1,0,0,0,1,0,0,0
1775.19,2061.44,0,1,0,1,0,20,2,1,0,0,1,0,0,0,1,0,0,0,0,0,0,1,0
2934.18,3859.44,0,1,0,0,1,22,1,1,0,0,0,0,1,1,0,0,0,0,0,0,0,0,1
6833.77,3912.82,0,1,0,1,0,22,2,1,0,0,0,0,1,0,1,0,0,0,0,0,0,1,0
8758.77,4318.2,0,1,0,1,0,7,4,1,0,0,0,0,1,1,0,0,0,0,0,1,0,0,0
7985.12,3983.5,0,1,0,1,1,11,6,1,0,0,0,1,0,0,1,0,0,0,1,0,0,0,0
1821.63,2601.74,0,1,0,1,0,0,6,1,0,0,1,0,0,0,1,0,0,0,1,0,0,0,0
5654.49,2692.02,0,1,0,0,0,7,1,1,0,0,0,0,1,0,0,0,1,0,0,0,0,0,1
301.2,4218.54,1,1,0,0,1,6,1,1,0,0,0,1,0,0,1,0,0,0,0,0,0,0,1
3106.06,2068.6,0,1,0,1,0,1,2,1,0,0,1,0,0,1,0,0,0,0,0,0,0,1,0
8060.03,1435.05,0,0,0,1,0,5,4,1,0,0,0,0,1,0,1,0,0,0,0,1,0,0,0
4567.2,1871.79,0,1,0,0,0,17,1,1,0,0,0,1,0,0,0,0,1,0,0,0,0,0,1
1500.26,3021.36,0,1,0,0,1,3,5,1,0,0,1,0,0,0,1,0,0,0,0,0,1,0,0
4386.1,3281.93,0,1,0,1,0,9,2,1,0,0,0,0,1,0,0,0,1,0,0,0,0,1,0
1981.13,1282.42,0,1,0,1,0,17,4,1,0,0,0,0,1,0,0,0,1,0,0,1,0,0,0
3932.52,2213.45,0,1,0,0,1,9,1,1,0,0,0,1,0,1,0,0,0,0,0,0,0,0,1
4878.85,3997.17,1,1,0,1,0,20,5,1,0,0,0,0,1,0,1,0,0,0,0,0,1,0,0
3496.23,4449.89,0,0,0,1,0,1,1,1,0,0,0,1,0,1,0,0,0,0,0,0,0,0,1
9369.75,1519.73,0,1,0,1,0,4,1,1,0,0,0,1,0,0,0,0,1,0,0,0,0,0,1
5625.74,3074.87,0,1,0,1,0,6,5,1,0,0,0,1,0,1,0,0,0,0,0,0,1,0,0
8429.08,1598.96,0,1,1,1,0,15,1,1,0,0,1,0,0,1,0,0,0,0,0,0,0,0,1
7607.52,3888.21,0,1,0,1,0,8,5,1,0,0,0,1,0,0,0,0,1,0,0,0,1,0,0
6612.0,1627.98,0,1,0,1,1,7,2,1,0,0,1,0,0,0,0,0,1,0,0,0,0,1,0
4969.39,1386.68,0,1,0,0,0,6,5,1,0,0,0,0,1,1,0,0,0,0,0,0,1,0,0
22.74,2762.89,0,1,0,0,0,9,6,1,0,0,1,0,0,0,1,0,0,0,1,0,0,0,0
6135.06,1378.9,0,1,0,1,0,9,1,1,0,0,0,1,0,0,0,0,1,0,0,0,0,0,1
3560.22,4264.31,0,1,0,1,0,0,4,1,0,0,0,0,1,0,0,0,1,0,0,1,0,0,0
1178.5,4307.37,0,1,0,1,0,3,4,1,0,0,0,1,0,0,1,0,0,0,0,1,0,0,0
4446.82,3046.91,0,1,0,1,0,5,3,1,0,0,0,1,0,0,0,1,0,1,0,0,0,0,0
7355.8,3289.86,0,0,0,1,0,6,1,1,0,0,0,0,1,0,0,0,1,0,0,0,0,0,1
9616.82,1530.38,0,1,0,1,0,1,4,1,0,0,0,1,0,0,0,1,0,0,0,1,0,0,0
3741.67,2106.58,1,1,0,1,0,23,4,1,0,0,1,0,0,0,1,0,0,0,0,1,0,0,0
5427.69,1484.01,0,0,0,1,0,15,2,1,0,0,0,0,1,0,1,0,0,0,0,0,0,1,0
8512.59,1857.49,0,1,0,1,0,19,6,1,0,0,0,0,1,0,1,0,0,0,1,0,0,0,0
3340.66,2578.11,0,0,0,0,1,3,6,1,0,0,0,0,1,0,1,0,0,0,1,0,0,0,0
1423.43,3727.38,0,1,0,1,0,4,2,1,0,0,0,1,0,1,0,0,0,0,0,0,0,1,0
2819.54,3911.85,0,1,0,1,0,2,2,1,0,0,0,1,0,1,0,0,0,0,0,0,0,1,0
8991.33,2777.89,0,0,0,0,0,22,5,1,0,0,0,0,1,0,0,1,0,0,0,0,1,0,0
1594.77,2172.16,0,0,0,1,1,5,3,1,0,0,1,0,0,0,1,0,0,1,0,0,0,0,0
3292.88,4238.57,0,1,0,1,0,3,1,1,0,0,0,1,0,0,0,1,0,0,0,0,0,0,1
4646.94,2750.27,0,1,0,1,0,9,1,1,0,0,0,1,0,0,0,1,0,0,0,0,0,0,1
8471.29,3242.07,0,1,0,0,0,0,5,1,0,0,0,1,0,0,1,0,0,0,0,0,1,0,0
9377.2,2066.98,0,1,0,1,1,1,1,1,0,0,1,0,0,0,0,1,0,0,0,0,0,0,1
4258.68,1266.06,0,1,0,1,0,12,5,1,0,0,0,1,0,0,0,1,0,0,0,0,1,0,0
9319.61,1658.06,0,1,0,0,1,5,1,1,0,0,0,1,0,0,0,1,0,0,0,0,0,0,1
1615.43,3852.47,0,1,0,1,0,7,3,1,0,0,1,0,0,0,0,1,0,1,0,0,0,0,0
1569.37,2106.23,0,1,0,1,0,9,2,1,0,0,1,0,0,1,0,0,0,0,0,0,0,1,0
9492.56,1505.55,0,1,0,0,0,23,6,1,0,0,0,1,0,0,0,1,0,0,1,0,0,0,0
5097.29,3568.11,0,0,0,1,1,0,6,1,0,0,0,0,1,0,1,0,0,0,1,0,0,0,0
1859.89,2912.01,0,1,0,1,0,2,1,1,0,0,0,0,1,0,0,1,0,0,0,0,0,0,1
4880.42,1092.92,0,1,0,0,0,12,1,1,0,0,1,0,0,0,1,0,0,0,0,0,0,0,1
7832.33,4963.32,0,1,0,0,0,0,2,1,0,0,0,1,0,0,1,0,0,0,0,0,0,1,0
8269.38,2528.91,0,1,0,1,0,21,1,1,0,0,1,0,0,1,0,0,0,0,0,0,0,0,1
8639.83,3620.81,0,1,0,1,0,11,5,1,0,0,1,0,0,1,0,0,0,0,0,0,1,0,0
5696.14,4934.32,0,1,0,1,0,21,3,1,0,0,0,0,1,0,0,1,0,1,0,0,0,0,0
8669.59,3538.34,0,1,0,1,0,4,5,1,0,0,1,0,0,0,0,1,0,0,0,0,1,0,0
5100.79,2246.61,0,1,0,1,0,9,1,1,0,0,1,0,0,0,0,0,1,0,0,0,0,0,1
6070.99,2953.3,0,1,0,1,1,6,5,1,0,0,0,1,0,0,0,1,0,0,0,0,1,0,0
7587.44,1411.17,0,1,0,1,1,23,3,1,0,0,0,1,0,0,0,0,1,1,0,0,0,0,0
4254.93,1676.96,0,1,0,0,0,6,1,1,0,0,1,0,0,0,0,0,1,0,0,0,0,0,1
736.74,2246.59,0,1,0,1,0,20,3,1,0,0,1,0,0,1,0,0,0,1,0,0,0,0,0
3502.31,1339.0,0,1,0,1,0,10,3,1,0,0,0,1,0,0,1,0,0,1,0,0,0,0,0
6239.82,1454.02,0,0,0,0,1,10,6,1,0,0,0,0,1,0,0,0,1,0,1,0,0,0,0
1924.13,4358.14,0,0,0,1,0,16,3,1,0,0,0,1,0,0,0,1,0,1,0,0,0,0,0
1484.71,1998.4,0,0,0,1,0,2,4,1,0,0,0,1,0,0,0,0,1,0,0,1,0,0,0
2931.51,2290.22,0,1,0,0,0,10,5,1,0,0,0,1,0,1,0,0,0,0,0,0,1,0,0
322.08,1694.34,1,1,0,1,0,13,4,1,0,0,0,1,0,0,0,0,1,0,0,1,0,0,0
7434.49,2616.86,0,1,0,0,1,7,2,1,0,0,0,1,0,0,0,0,1,0,0,0,0,1,0
2587.9,3791.17,0,1,0,1,1,14,2,1,0,0,0,0,1,0,0,0,1,0,0,0,0,1,0
1243.26,4781.3,0,1,0,1,0,13,1,1,0,0,0,1,0,0,0,0,1,0,0,0,0,0,1
6991.6,3155.14,0,1,0,0,0,21,3,1,0,0,0,1,0,0,0,0,1,1,0,0,0,0,0
8429.44,2200.9,0,1,0,1,0,9,3,1,0,0,0,0,1,0,0,0,1,1,0,0,0,0,0
199.74,3039.45,1,1,0,1,0,9,1,1,0,0,1,0,0,0,0,0,1,0,0,0,0,0,1
2336.76,1510.65,0,1,0,0,0,4,3,1,0,0,0,0,1,1,0,0,0,1,0,0,0,0,0
9452.38,3708.55,0,1,0,1,0,21,2,1,0,0,0,1,0,0,0,1,0,0,0,0,0,1,0
3853.16,2313.87,1,1,0,0,1,4,3,1,0,0,1,0,0,1,0,0,0,1,0,0,0,0,0
9385.98,4779.43,0,1,0,1,1,11,3,1,0,0,0,0,1,0,0,0,1,1,0,0,0,0,0
2742.85,3634.17,0,1,0,0,1,4,4,1,0,0,1,0,0,0,0,0,1,0,0,1,0,0,0
2181.46,2904.55,0,1,0,1,1,9,3,1,0,0,0,0,1,0,1,0,0,1,0,0,0,0,0
2141.87,1922.31,0,0,0,1,1,19,1,1,0,0,0,0,1,1,0,0,0,0,0,0,0,0,1
853.2,1367.75,0,1,0,1,0,15,1,1,0,0,1,0,0,0,0,0,1,0,0,0,0,0,1
8964.43,1752.7,1,0,0,1,0,2,4,1,0,0,1,0,0,0,1,0,0,0,0,1,0,0,0
9798.37,3280.13,0,1,0,1,1,22,3,1,0,0,1,0,0,1,0,0,0,1,0,0,0,0,0
9545.13,3078.38,0,1,0,1,1,3,5,1,0,0,1,0,0,0,0,0,1,0,0,0,1,0,0
8520.43,1037.84,0,0,0,0,0,16,3,1,0,0,0,1,0,0,1,0,0,1,0,0,0,0,0
8469.03,3976.25,0,1,0,0,0,23,1,1,0,0,0,0,1,0,1,0,0,0,0,0,0,0,1
6611.19,1160.58,0,1,0,1,0,13,1,1,0,0,0,1,0,0,0,0,1,0,0,0,0,0,1
8262.31,1312.07,0,1,0,1,0,14,2,1,0,0,0,0,1,0,0,1,0,0,0,0,0,1,0
2084.22,3847.58,0,1,0,1,1,10,5,1,0,0,0,1,0,0,0,0,1,0,0,0,1,0,0
3879.74,3584.42,0,1,0,0,0,11,1,1,0,0,0,1,0,0,1,0,0,0,0,0,0,0,1
6408.72,1861.7,0,1,1,1,0,13,1,1,0,0,0,0,1,0,0,1,0,0,0,0,0,0,1
8747.84,3651.31,0,0,0,1,1,21,1,1,0,0,0,1,0,0,0,1,0,0,0,0,0,0,1
6605.03,1075.88,0,1,0,0,0,1,2,1,0,0,1,0,0,1,0,0,0,0,0,0,0,1,0
8390.38,2112.34,0,1,0,0,0,7,1,1,0,0,1,0,0,0,0,1,0,0,0,0,0,0,1
4740.02,4038.19,0,0,1,1,0,23,5,1,0,0,0,1,0,0,1,0,0,0,0,0,1,0,0
7173.32,2898.82,0,1,0,1,0,6,2,1,0,0,0,1,0,0,1,0,0,0,0,0,0,1,0
9799.83,4422.33,0,1,0,1,1,4,2,1,0,0,0,0,1,1,0,0,0,0,0,0,0,1,0
1535.73,1574.57,0,0,0,1,0,6,5,1,0,0,0,0,1,0,1,0,0,0,0,0,1,0,0
9269.28,4450.55,0,1,0,1,1,7,2,1,0,0,0,1,0,0,1,0,0,0,0,0,0,1,0
5224.12,2944.64,0,1,0,1,0,9,5,1,0,0,0,0,1,0,1,0,0,0,0,0,1,0,0
6432.54,1405.92,0,1,0,1,1,10,3,1,0,0,1,0,0,1,0,0,0,1,0,0,0,0,0
8778.81,1186.5,0,1,0,1,0,23,2,1,0,0,1,0,0,0,0,1,0,0,0,0,0,1,0
4097.13,1005.19,0,1,0,1,1,5,5,1,0,0,1,0,0,1,0,0,0,0,0,0,1,0,0
4187.51,3548.19,0,0,0,1,0,19,3,1,0,0,0,0,1,0,0,1,0,1,0,0,0,0,0
5272.29,1888.26,0,1,0,1,1,2,1,1,0,0,0,0,1,0,1,0,0,0,0,0,0,0,1
192.0,1583.81,0,1,0,0,1,5,2,1,0,0,0,0,1,0,0,0,1,0,0,0,0,1,0
4967.17,3405.67,1,1,0,0,0,0,5,1,0,0,0,0,1,1,0,0,0,0,0,0,1,0,0
2911.58,2636.59,0,1,1,1,1,9,5,1,0,0,0,1,0,0,0,1,0,0,0,0,1,0,0
9279.61,2798.02,0,1,1,1,0,11,1,1,0,0,0,1,0,0,0,1,0,0,0,0,0,0,1
878.27,1536.06,1,1,0,1,0,1,4,1,0,0,0,1,0,0,1,0,0,0,0,1,0,0,0
4593.75,2012.85,0,1,0,1,0,6,2,1,0,0,0,1,0,0,0,1,0,0,0,0,0,1,0
9474.73,1396.05,0,1,0,1,1,5,6,1,0,0,1,0,0,0,1,0,0,0,1,0,0,0,0
9010.45,2339.87,0,1,0,0,0,7,2,1,0,0,0,0,1,0,1,0,0,0,0,0,0,1,0
7013.78,2234.43,0,1,0,1,0,4,5,1,0,0,1,0,0,0,1,0,0,0,0,0,1,0,0
5894.02,4110.53,0,1,0,0,0,5,2,1,0,0,0,0,1,0,0,1,0,0,0,0,0,1,0
2808.03,4946.95,0,0,0,1,0,7,5,1,0,0,0,1,0,0,0,0,1,0,0,0,1,0,0
3670.2,4996.74,0,1,0,1,1,18,4,1,0,0,1,0,0,1,0,0,0,0,0,1,0,0,0
902.26,2543.77,0,1,0,1,0,3,6,1,0,0,0,0,1,0,0,1,0,0,1,0,0,0,0
7861.3,4172.39,0,1,0,1,0,5,3,1,0,0,0,1,0,1,0,0,0,1,0,0,0,0,0
3239.37,2116.5,0,1,0,1,0,13,6,1,0,0,0,0,1,0,0,1,0,0,1,0,0,0,0
6678.15,1572.07,0,1,0,1,0,21,1,1,0,0,0,0,1,0,1,0,0,0,0,0,0,0,1
3576.59,3559.82,0,1,0,0,0,15,1,1,0,0,0,1,0,1,0,0,0,0,0,0,0,0,1
4643.84,2907.6,0,1,0,1,0,8,4,1,0,0,1,0,0,0,1,0,0,0,0,1,0,0,0
5550.47,3374.75,0,1,0,1,1,9,2,1,0,0,0,0,1,0,0,1,0,0,0,0,0,1,0
8018.72,2465.2,1,0,0,1,1,0,3,1,0,0,0,1,0,0,0,1,0,1,0,0,0,0,0
2112.35,2208.21,0,1,0,0,0,0,1,1,0,0,0,0,1,0,0,0,1,0,0,0,0,0,1
3988.26,4711.16,0,0,0,1,0,8,4,1,0,0,0,0,1,1,0,0,0,0,0,1,0,0,0
1301.69,4534.04,0,1,0,1,1,13,1,1,0,0,0,0,1,0,0,1,0,0,0,0,0,0,1
758.53,1495.13,0,0,0,1,0,14,4,1,0,0,1,0,0,0,0,1,0,0,0,1,0,0,0
6047.14,3609.25,0,1,0,1,0,18,5,1,0,0,1,0,0,0,0,0,1,0,0,0,1,0,0
1891.72,2431.43,0,1,0,1,0,4,6,1,0,0,1,0,0,0,0,0,1,0,1,0,0,0,0
598.93,3270.12,0,1,0,1,1,23,1,1,0,0,1,0,0,0,0,0,1,0,0,0,0,0,1
8971.08,1828.79,0,1,0,0,1,6,2,1,0,0,0,1,0,0,1,0,0,0,0,0,0,1,0
5343.61,3894.61,0,1,0,1,0,22,2,1,0,0,1,0,0,0,0,0,1,0,0,0,0,1,0
1347.15,2239.21,0,0,0,0,0,0,1,1,0,0,0,0,1,0,0,0,1,0,0,0,0,0,1
535.21,3754.17,0,0,0,0,0,8,2,1,0,0,0,1,0,1,0,0,0,0,0,0,0,1,0
1199.48,1572.83,0,0,0,1,0,10,4,1,0,0,0,0,1,0,1,0,0,0,0,1,0,0,0
4713.9,1534.78,0,1,0,1,0,23,5,1,0,0,1,0,0,0,1,0,0,0,0,0,1,0,0
6684.98,2390.74,0,1,0,1,1,13,2,1,0,0,0,0,1,0,0,1,0,0,0,0,0,1,0
6413.16,4988.74,0,0,0,0,0,11,5,1,0,0,0,0,1,1,0,0,0,0,0,0,1,0,0
1445.09,4444.17,0,1,0,1,0,15,3,1,0,0,0,0,1,0,0,0,1,1,0,0,0,0,0
6335.26,3483.08,0,1,1,0,0,19,3,1,0,0,0,0,1,0,1,0,0,1,0,0,0,0,0
4049.25,2235.38,0,1,0,1,0,3,3,1,0,0,1,0,0,0,0,1,0,1,0,0,0,0,0
4647.97,1656.17,0,1,0,0,0,20,1,1,0,0,0,0,1,1,0,0,0,0,0,0,0,0,1
8014.5,3975.65,0,0,0,0,0,7,4,1,0,0,0,0,1,0,0,0,1,0,0,1,0,0,0
3325.66,1816.56,0,1,0,1,1,16,5,1,0,0,0,0,1,1,0,0,0,0,0,0,1,0,0
1470.84,2645.71,0,1,1,1,0,15,2,1,0,0,0,0,1,1,0,0,0,0,0,0,0,1,0
8734.66,3116.78,0,1,0,0,1,13,5,1,0,0,1,0,0,0,0,0,1,0,0,0,1,0,0
2122.09,1370.19,0,1,0,0,0,19,3,1,0,0,0,0,1,0,0,1,0,1,0,0,0,0,0
2941.0,4117.51,0,0,0,1,0,12,3,1,0,0,0,1,0,0,0,0,1,1,0,0,0,0,0
7066.19,4765.11,0,1,0,1,0,14,5,1,0,0,0,1,0,0,1,0,0,0,0,0,1,0,0
6835.82,1586.69,0,1,0,1,1,4,4,1,0,0,0,0,1,0,0,0,1,0,0,1,0,0,0
8004.2,4470.25,1,1,0,0,0,17,5,1,0,0,0,0,1,1,0,0,0,0,0,0,1,0,0
1839.48,2938.85,0,1,0,1,1,17,5,1,0,0,1,0,0,0,0,1,0,0,0,0,1,0,0
3523.45,1543.13,1,1,0,0,0,17,6,1,0,0,0,1,0,0,0,0,1,0,1,0,0,0,0
1259.71,3431.24,0,1,0,0,1,6,5,1,0,0,1,0,0,0,1,0,0,0,0,0,1,0,0
5410.85,4721.02,0,1,0,1,0,17,2,1,0,0,0,0,1,0,0,1,0,0,0,0,0,1,0
2926.41,4829.55,0,1,0,1,0,1,5,1,0,0,0,1,0,1,0,0,0,0,0,0,1,0,0
6889.67,3879.08,1,1,0,1,0,17,4,1,0,0,0,1,0,0,0,0,1,0,0,1,0,0,0
4.44,2974.29,0,1,0,0,0,15,2,1,0,0,1,0,0,0,0,1,0,0,0,0,0,1,0
597.77,1746.73,0,1,0,0,0,3,2,1,0,0,0,0,1,0,0,1,0,0,0,0,0,1,0
4326.17,3399.75,0,1,0,1,0,22,1,1,0,0,0,1,0,1,0,0,0,0,0,0,0,0,1
9581.88,3453.56,0,1,0,1,0,9,6,1,0,0,1,0,0,0,0,1,0,0,1,0,0,0,0
8908.62,1444.35,1,0,0,1,0,5,3,1,0,0,0,1,0,0,0,1,0,1,0,0,0,0,0
9940.1,2015.11,0,0,0,0,1,7,3,1,0,0,0,0,1,0,1,0,0,1,0,0,0,0,0
4168.89,2229.34,0,1,0,1,0,19,6,1,0,0,0,0,1,0,0,1,0,0,1,0,0,0,0
466.64,4438.52,0,1,0,0,0,18,2,1,0,0,0,0,1,0,0,0,1,0,0,0,0,1,0
3060.26,3333.79,0,0,0,0,0,3,6,1,0,0,1,0,0,0,1,0,0,0,1,0,0,0,0
6758.03,1975.67,0,0,0,1,0,5,6,1,0,0,0,0,1,0,1,0,0,0,1,0,0,0,0
1352.5,2240.21,0,0,0,0,0,12,3,1,0,0,1,0,0,0,0,0,1,1,0,0,0,0,0
3000.42,1583.59,0,1,0,1,0,1,5,1,0,0,0,1,0,0,1,0,0,0,0,0,1,0,0
562.61,1177.06,0,1,0,1,0,20,1,1,0,0,0,0,1,1,0,0,0,0,0,0,0,0,1
4750.2,3038.98,0,1,0,0,0,1,2,1,0,0,1,0,0,1,0,0,0,0,0,0,0,1,0
2090.0,1127.37,0,1,0,1,0,16,2,1,0,0,1,0,0,0,0,0,1,0,0,0,0,1,0
913.39,4968.17,0,1,0,1,0,5,1,1,0,0,1,0,0,0,0,1,0,0,0,0,0,0,1
4112.75,4089.35,0,1,0,0,0,14,2,1,0,0,0,0,1,0,1,0,0,0,0,0,0,1,0
3512.9,4111.49,0,1,0,1,0,15,1,1,0,0,1,0,0,0,0,0,1,0,0,0,0,0,1
5375.64,4018.06,0,1,0,1,0,23,4,1,0,0,0,0,1,0,1,0,0,0,0,1,0,0,0
7490.64,3564.44,0,1,0,1,0,13,1,1,0,0,0,0,1,1,0,0,0,0,0,0,0,0,1
1126.57,1279.89,0,1,0,1,1,5,6,1,0,0,0,1,0,1,0,0,0,0,1,0,0,0,0
7911.46,2823.94,0,1,0,1,0,2,6,1,0,0,0,1,0,0,0,0,1,0,1,0,0,0,0
263.87,2115.84,0,1,0,1,0,1,4,1,0,0,0,0,1,0,1,0,0,0,0,1,0,0,0
4431.58,2192.91,0,1,0,0,0,20,1,1,0,0,0,1,0,1,0,0,0,0,0,0,0,0,1
5874.72,2482.84,0,1,0,1,0,19,4,1,0,0,1,0,0,0,1,0,0,0,0,1,0,0,0
9570.03,2282.65,0,1,0,1,0,8,4,1,0,0,0,0,1,1,0,0,0,0,0,1,0,0,0
5739.66,3648.83,0,1,0,1,1,13,4,1,0,0,0,1,0,1,0,0,0,0,0,1,0,0,0
1588.33,1029.8,0,1,0,1,0,2,3,1,0,0,1,0,0,1,0,0,0,1,0,0,0,0,0
5175.9,2465.09,0,0,0,1,0,0,5,1,0,0,0,0,1,1,0,0,0,0,0,0,1,0,0
3958.44,4777.79,0,1,0,1,0,17,2,1,0,0,1,0,0,0,0,1,0,0,0,0,0,1,0
4794.08,2031.53,0,0,0,1,0,9,5,1,0,0,0,0,1,0,0,0,1,0,0,0,1,0,0
1971.77,3485.31,0,1,0,1,0,1,1,1,0,0,0,1,0,0,1,0,0,0,0,0,0,0,1
5008.77,3241.68,0,0,0,1,0,17,1,1,0,0,1,0,0,1,0,0,0,0,0,0,0,0,1
1501.25,2957.1,1,1,0,0,0,23,4,1,0,0,0,1,0,1,0,0,0,0,0,1,0,0,0
7440.69,1488.74,0,0,0,1,0,9,4,1,0,0,1,0,0,1,0,0,0,0,0,1,0,0,0
5939.47,4343.35,0,1,0,1,0,6,2,1,0,0,1,0,0,0,0,0,1,0,0,0,0,1,0
786.2,3269.1,0,1,0,1,1,4,1,1,0,0,1,0,0,0,1,0,0,0,0,0,0,0,1
8896.26,3154.49,0,1,0,0,0,9,2,1,0,0,1,0,0,0,0,0,1,0,0,0,0,1,0
6164.18,4796.87,0,1,0,1,0,21,2,1,0,0,0,1,0,0,0,0,1,0,0,0,0,1,0
3161.75,1331.2,0,1,1,1,1,13,2,1,0,0,1,0,0,1,0,0,0,0,0,0,0,1,0
457.38,2966.18,0,1,0,1,0,23,3,1,0,0,0,1,0,0,1,0,0,1,0,0,0,0,0
6322.63,3824.06,0,1,0,1,0,7,3,1,0,0,1,0,0,1,0,0,0,1,0,0,0,0,0
3735.03,4188.61,1,1,0,1,0,6,4,1,0,0,0,0,1,0,0,0,1,0,0,1,0,0,0
9076.27,1003.49,0,1,0,1,1,17,3,1,0,0,0,0,1,0,0,1,0,1,0,0,0,0,0
349.74,3728.77,1,0,0,1,0,18,5,1,0,0,1,0,0,0,0,1,0,0,0,0,1,0,0
391.99,4822.82,0,1,0,1,0,8,4,1,0,0,0,0,1,0,0,0,1,0,0,1,0,0,0
9493.04,3920.96,0,1,1,1,0,21,4,1,0,0,1,0,0,1,0,0,0,0,0,1,0,0,0
9648.77,2676.13,0,0,0,1,0,11,4,1,0,0,0,1,0,1,0,0,0,0,0,1,0,0,0
278.39,4504.03,0,1,0,1,0,1,4,1,0,0,0,0,1,0,1,0,0,0,0,1,0,0,0
7160.62,4514.5,0,0,0,1,0,6,4,1,0,0,1,0,0,0,1,0,0,0,0,1,0,0,0
2215.73,3752.86,0,0,1,0,0,16,2,1,0,0,1,0,0,0,0,1,0,0,0,0,0,1,0
7014.23,3664.35,0,1,0,0,0,20,2,1,0,0,0,1,0,1,0,0,0,0,0,0,0,1,0
8687.46,2377.52,0,1,0,1,0,15,4,1,0,0,0,1,0,0,0,0,1,0,0,1,0,0,0
1009.21,1970.0,0,1,0,0,0,19,5,1,0,0,1,0,0,1,0,0,0,0,0,0,1,0,0
2388.43,3519.25,0,1,0,0,0,14,1,1,0,0,1,0,0,1,0,0,0,0,0,0,0,0,1
241.75,1031.53,0,0,0,0,0,1,2,1,0,0,1,0,0,0,0,0,1,0,0,0,0,1,0
439.25,4371.99,0,1,0,1,0,6,6,1,0,0,1,0,0,0,0,1,0,0,1,0,0,0,0
297.15,4610.79,0,1,0,0,1,18,5,1,0,0,1,0,0,0,0,0,1,0,0,0,1,0,0
8007.02,1656.1,0,1,0,0,0,12,6,1,0,0,1,0,0,1,0,0,0,0,1,0,0,0,0
2983.63,3290.02,0,1,0,0,0,7,6,1,0,0,0,1,0,0,0,0,1,0,1,0,0,0,0
4932.62,1713.07,0,0,0,1,0,7,3,1,0,0,0,0,1,0,1,0,0,1,0,0,0,0,0
7878.65,2978.08,0,1,0,1,0,6,3,1,0,0,1,0,0,0,1,0,0,1,0,0,0,0,0
4949.94,3553.7,0,0,0,0,0,22,4,1,0,0,1,0,0,0,1,0,0,0,0,1,0,0,0
4292.53,2562.15,0,1,0,1,0,23,1,1,0,0,0,1,0,0,1,0,0,0,0,0,0,0,1
116.72,4579.31,0,1,0,1,0,21,2,1,0,0,0,0,1,0,0,0,1,0,0,0,0,1,0
5680.83,4564.74,0,0,0,1,0,1,2,1,0,0,0,1,0,0,0,1,0,0,0,0,0,1,0
1248.31,3122.94,0,1,0,0,0,15,1,1,0,0,0,1,0,0,0,1,0,0,0,0,0,0,1
7646.72,3321.88,0,1,0,1,0,8,2,1,0,0,1,0,0,0,1,0,0,0,0,0,0,1,0
2578.12,1010.86,0,0,0,0,0,3,2,1,0,0,1,0,0,1,0,0,0,0,0,0,0,1,0
6742.2,2351.75,0,1,1,1,0,11,6,1,0,0,0,1,0,0,0,0,1,0,1,0,0,0,0
6462.59,4043.09,0,1,0,1,0,13,5,1,0,0,1,0,0,1,0,0,0,0,0,0,1,0,0
6167.14,4976.25,0,0,0,1,0,13,4,1,0,0,1,0,0,0,1,0,0,0,0,1,0,0,0
2670.25,4781.14,1,1,0,1,0,8,6,1,0,0,1,0,0,0,0,0,1,0,1,0,0,0,0
2671.63,1378.35,0,1,0,0,0,9,1,1,0,0,0,0,1,0,1,0,0,0,0,0,0,0,1
8630.62,2668.78,0,1,0,1,0,22,4,1,0,0,0,0,1,0,0,0,1,0,0,1,0,0,0
129.06,1218.58,0,1,0,1,1,13,5,1,0,0,1,0,0,0,1,0,0,0,0,0,1,0,0
1816.04,4349.7,0,1,0,0,0,14,1,1,0,0,0,1,0,0,0,1,0,0,0,0,0,0,1
6102.1,3920.24,0,1,0,1,0,23,5,1,0,0,0,0,1,0,0,0,1,0,0,0,1,0,0
8170.65,4686.99,0,1,0,1,0,21,3,1,0,0,0,1,0,0,0,1,0,1,0,0,0,0,0
3584.1,3006.83,1,0,0,0,0,21,2,1,0,0,1,0,0,0,1,0,0,0,0,0,0,1,0
6534.78,1413.09,1,1,0,1,0,21,4,1,0,0,0,1,0,0,0,0,1,0,0,1,0,0,0
5572.01,3335.94,0,0,0,1,0,15,3,1,0,0,0,1,0,1,0,0,0,1,0,0,0,0,0
646.34,4468.61,0,1,0,1,0,19,2,1,0,0,0,0,1,1,0,0,0,0,0,0,0,1,0
6217.88,1200.21,0,1,0,1,0,17,3,1,0,0,0,1,0,0,0,0,1,1,0,0,0,0,0
8139.22,4259.33,0,1,0,1,0,15,1,1,0,0,0,1,0,0,0,1,0,0,0,0,0,0,1
9924.49,3494.42,1,0,0,1,0,23,6,1,0,0,0,0,1,0,1,0,0,0,1,0,0,0,0
297.37,1528.91,0,1,0,1,0,20,1,1,0,0,1,0,0,0,0,1,0,0,0,0,0,0,1
6600.92,3636.64,1,1,0,0,0,8,6,1,0,0,0,1,0,0,0,1,0,0,1,0,0,0,0
4146.08,1248.37,0,1,0,1,0,18,2,1,0,0,1,0,0,0,0,0,1,0,0,0,0,1,0
98.87,1697.81,0,1,0,0,0,9,4,1,0,0,1,0,0,1,0,0,0,0,0,1,0,0,0
6144.0,1233.38,0,0,0,0,0,6,3,1,0,0,1,0,0,0,1,0,0,1,0,0,0,0,0
1225.15,3337.32,1,1,0,1,0,22,4,1,0,0,0,0,1,0,0,1,0,0,0,1,0,0,0
3786.29,2150.92,0,1,0,1,0,4,6,1,0,0,1,0,0,1,0,0,0,0,1,0,0,0,0
2614.41,2153.78,0,0,0,0,0,15,3,1,0,0,0,1,0,0,0,1,0,1,0,0,0,0,0
3612.27,3585.85,0,1,0,1,0,12,4,1,0,0,1,0,0,0,0,0,1,0,0,1,0,0,0
4927.46,1439.99,0,1,0,0,0,7,2,1,0,0,1,0,0,0,0,0,1,0,0,0,0,1,0
3592.74,3532.81,0,1,0,0,0,11,3,1,0,0,1,0,0,0,0,1,0,1,0,0,0,0,0
5527.77,3791.58,0,1,0,1,0,8,4,1,0,0,0,1,0,1,0,0,0,0,0,1,0,0,0
2387.26,4429.78,0,1,0,1,0,10,1,1,0,0,1,0,0,0,0,1,0,0,0,0,0,0,1
6353.98,3685.78,0,1,0,1,0,15,4,1,0,0,1,0,0,0,1,0,0,0,0,1,0,0,0
8537.78,3613.73,0,1,0,0,0,22,1,1,0,0,1,0,0,0,0,1,0,0,0,0,0,0,1
2241.45,3626.29,0,1,0,1,0,23,4,1,0,0,0,0,1,0,1,0,0,0,0,1,0,0,0
5079.26,1164.62,0,1,1,1,0,4,4,1,0,0,0,1,0,0,0,1,0,0,0,1,0,0,0
6487.25,2766.94,0,1,0,1,0,11,1,1,0,0,0,0,1,0,1,0,0,0,0,0,0,0,1
5646.7,3204.7,0,1,0,1,1,13,5,1,0,0,0,1,0,1,0,0,0,0,0,0,1,0,0
3657.13,3660.37,1,1,0,1,0,14,2,1,0,0,1,0,0,0,0,1,0,0,0,0,0,1,0
6422.35,2164.84,0,1,1,1,1,3,1,1,0,0,0,1,0,0,0,1,0,0,0,0,0,0,1
283.43,3711.65,0,1,0,1,0,17,5,1,0,0,0,1,0,0,1,0,0,0,0,0,1,0,0
3699.69,2583.42,0,1,0,1,1,9,2,1,0,0,0,1,0,0,0,0,1,0,0,0,0,1,0
5326.59,3861.3,0,1,0,1,0,23,2,1,0,0,0,1,0,1,0,0,0,0,0,0,0,1,0
207.11,1740.17,0,1,0,1,0,17,2,1,0,0,0,0,1,0,0,0,1,0,0,0,0,1,0
5076.98,2218.73,0,0,1,0,0,11,2,1,0,0,0,1,0,0,0,0,1,0,0,0,0,1,0
6542.89,4798.4,0,1,0,1,0,8,5,1,0,0,0,0,1,0,0,1,0,0,0,0,1,0,0
7592.32,4031.67,0,1,0,1,1,6,6,1,0,0,0,0,1,0,0,1,0,0,1,0,0,0,0
1134.63,4594.5,0,0,0,1,0,3,1,1,0,0,1,0,0,0,0,1,0,0,0,0,0,0,1
9905.66,1800.77,0,0,0,1,0,13,5,1,0,0,0,1,0,0,0,0,1,0,0,0,1,0,0
6062.07,4771.53,0,0,0,1,0,8,6,1,0,0,1,0,0,1,0,0,0,0,1,0,0,0,0
3632.57,3976.75,0,1,0,1,1,20,2,1,0,0,0,1,0,0,1,0,0,0,0,0,0,1,0
2491.68,3362.27,0,0,0,1,0,10,5,1,0,0,0,0,1,0,1,0,0,0,0,0,1,0,0
5729.4,1051.0,0,0,0,1,0,14,4,1,0,0,0,0,1,0,1,0,0,0,0,1,0,0,0
8817.23,1207.63,0,0,0,0,0,22,2,1,0,0,0,0,1,1,0,0,0,0,0,0,0,1,0
5206.13,4089.79,0,1,1,1,0,21,3,1,0,0,0,1,0,0,0,0,1,1,0,0,0,0,0
6615.06,3675.89,0,1,0,1,0,14,3,1,0,0,0,1,0,0,0,0,1,1,0,0,0,0,0
3577.61,1854.68,0,1,0,1,0,16,1,1,0,0,0,1,0,1,0,0,0,0,0,0,0,0,1
3882.13,2765.18,0,1,1,1,0,23,5,1,0,0,0,1,0,0,0,1,0,0,0,0,1,0,0
2862.46,3623.87,0,1,0,0,1,18,2,1,0,0,0,1,0,1,0,0,0,0,0,0,0,1,0
7056.67,1061.06,0,1,0,1,0,3,5,1,0,0,1,0,0,0,0,0,1,0,0,0,1,0,0
3592.52,3708.6,0,0,0,1,0,13,3,1,0,0,0,1,0,0,1,0,0,1,0,0,0,0,0
1907.97,2606.2,0,1,0,0,0,18,5,1,0,0,1,0,0,0,1,0,0,0,0,0,1,0,0
3694.64,1379.48,0,1,0,1,0,12,3,1,0,0,0,1,0,0,1,0,0,1,0,0,0,0,0
8538.42,1654.19,0,1,0,1,0,13,6,1,0,0,0,1,0,0,0,1,0,0,1,0,0,0,0
7382.78,2706.56,0,0,0,1,0,5,2,1,0,0,0,1,0,0,0,1,0,0,0,0,0,1,0
3347.07,3505.44,0,0,1,1,0,16,4,1,0,0,0,1,0,1,0,0,0,0,0,1,0,0,0
9068.18,2377.37,0,1,0,1,0,6,4,1,0,0,0,0,1,0,1,0,0,0,0,1,0,0,0
749.25,1440.37,0,1,0,1,0,1,3,1,0,0,0,0,1,0,0,1,0,1,0,0,0,0,0
498.49,4305.27,0,1,0,0,0,10,6,1,0,0,1,0,0,0,0,0,1,0,1,0,0,0,0
1275.58,3001.06,0,1,0,1,0,11,3,1,0,0,1,0,0,1,0,0,0,1,0,0,0,0,0
1165.43,2131.61,0,1,0,1,1,23,2,1,0,0,0,1,0,0,0,0,1,0,0,0,0,1,0
879.26,3733.24,0,1,0,1,1,4,3,1,0,0,0,1,0,0,0,0,1,1,0,0,0,0,0
6613.76,2345.1,0,1,0,1,0,14,3,1,0,0,0,1,0,0,1,0,0,1,0,0,0,0,0
6008.82,2446.86,1,1,1,1,0,10,4,1,0,0,0,1,0,0,0,0,1,0,0,1,0,0,0
6476.41,2110.44,0,0,0,1,0,16,4,1,0,0,0,0,1,0,1,0,0,0,0,1,0,0,0
6883.97,2443.79,0,1,0,0,1,16,2,1,0,0,1,0,0,1,0,0,0,0,0,0,0,1,0
7569.04,2049.52,1,1,0,1,0,15,2,1,0,0,1,0,0,0,0,0,1,0,0,0,0,1,0
2072.56,4929.62,0,0,0,0,0,18,6,1,0,0,1,0,0,0,1,0,0,0,1,0,0,0,0
6223.41,2030.12,0,1,0,1,0,4,1,1,0,0,0,0,1,0,0,0,1,0,0,0,0,0,1
5800.91,3588.24,0,0,0,1,0,0,2,1,0,0,0,1,0,0,0,1,0,0,0,0,0,1,0
9436.66,1768.63,0,1,1,0,0,8,1,1,0,0,0,0,1,0,0,1,0,0,0,0,0,0,1
2324.44,3227.2,0,1,0,1,0,11,3,1,0,0,0,0,1,0,0,0,1,1,0,0,0,0,0
588.17,3035.72,0,1,0,1,0,18,1,1,0,0,1,0,0,0,0,1,0,0,0,0,0,0,1
6535.3,3214.83,0,1,0,1,0,15,2,1,0,0,0,0,1,1,0,0,0,0,0,0,0,1,0
7401.99,2425.64,0,1,0,1,0,8,3,1,0,0,1,0,0,0,0,1,0,1,0,0,0,0,0
2832.68,4483.16,0,1,0,1,0,1,4,1,0,0,0,0,1,1,0,0,0,0,0,1,0,0,0
5708.91,2191.52,0,1,0,1,0,14,5,1,0,0,1,0,0,0,1,0,0,0,0,0,1,0,0
596.3,4485.52,0,1,0,0,1,10,3,1,0,0,1,0,0,1,0,0,0,1,0,0,0,0,0
9600.49,2625.35,0,1,0,1,1,3,4,1,0,0,0,1,0,0,1,0,0,0,0,1,0,0,0
1100.14,3609.1,0,1,1,0,0,0,6,1,0,0,1,0,0,0,0,1,0,0,1,0,0,0,0
676.64,1040.27,0,1,0,0,0,11,4,1,0,0,0,0,1,0,1,0,0,0,0,1,0,0,0
442.06,2763.9,0,0,0,1,0,21,1,1,0,0,1,0,0,0,0,1,0,0,0,0,0,0,1
4273.29,3598.63,0,1,0,1,0,2,5,1,0,0,0,0,1,0,1,0,0,0,0,0,1,0,0
972.5,2190.44,0,1,0,1,1,1,6,1,0,0,1,0,0,1,0,0,0,0,1,0,0,0,0
7446.74,2285.76,0,1,0,1,0,11,1,1,0,0,0,1,0,0,0,0,1,0,0,0,0,0,1
8988.84,2587.97,0,1,0,1,0,1,3,1,0,0,0,1,0,0,0,0,1,1,0,0,0,0,0
2602.93,2076.38,0,0,0,1,0,11,3,1,0,0,0,0,1,0,0,0,1,1,0,0,0,0,0
6288.1,3412.29,0,1,0,1,0,5,5,1,0,0,1,0,0,0,1,0,0,0,0,0,1,0,0
424.34,1196.66,1,1,0,1,1,23,6,1,0,0,0,0,1,0,0,0,1,0,1,0,0,0,0
3866.26,4324.56,0,1,0,0,0,0,3,1,0,0,0,1,0,0,0,1,0,1,0,0,0,0,0
2930.13,4839.95,0,1,0,1,0,11,4,1,0,0,0,0,1,0,0,1,0,0,0,1,0,0,0
2286.96,1662.59,0,1,0,0,0,15,4,1,0,0,0,0,1,1,0,0,0,0,0,1,0,0,0
6447.59,1900.46,0,1,0,0,0,14,1,1,0,0,1,0,0,0,1,0,0,0,0,0,0,0,1
1303.15,4795.43,0,1,0,1,0,20,3,1,0,0,0,1,0,1,0,0,0,1,0,0,0,0,0
8607.24,1656.58,0,1,0,1,0,12,6,1,0,0,0,1,0,0,0,0,1,0,1,0,0,0,0
6648.69,1425.35,0,1,0,1,0,10,5,1,0,0,1,0,0,0,1,0,0,0,0,0,1,0,0
7107.64,4173.05,0,1,0,1,0,7,3,1,0,0,1,0,0,1,0,0,0,1,0,0,0,0,0
9353.51,3710.64,0,0,0,1,0,8,6,1,0,0,1,0,0,0,0,1,0,0,1,0,0,0,0
9423.79,3719.47,0,0,0,1,0,7,6,1,0,0,0,1,0,0,0,0,1,0,1,0,0,0,0
5516.97,1906.58,0,0,0,0,0,20,2,1,0,0,0,1,0,0,0,0,1,0,0,0,0,1,0
4954.3,2503.67,0,1,0,1,0,6,2,1,0,0,1,0,0,0,0,0,1,0,0,0,0,1,0
3354.48,1637.32,0,1,0,1,0,3,6,1,0,0,0,0,1,1,0,0,0,0,1,0,0,0,0
7156.0,1646.42,0,0,0,0,0,16,6,1,0,0,0,1,0,0,0,0,1,0,1,0,0,0,0
5382.55,2982.73,0,1,0,1,0,2,6,1,0,0,1,0,0,0,0,1,0,0,1,0,0,0,0
9328.82,3690.84,0,1,0,1,0,23,3,1,0,0,1,0,0,0,0,0,1,1,0,0,0,0,0
2387.02,2282.89,0,0,0,1,0,3,1,1,0,0,0,0,1,1,0,0,0,0,0,0,0,0,1
3103.22,2901.45,0,1,0,1,0,9,6,1,0,0,1,0,0,1,0,0,0,0,1,0,0,0,0
3161.59,2393.43,0,1,0,1,0,7,1,1,0,0,0,0,1,0,0,0,1,0,0,0,0,0,1
8060.18,4659.13,0,0,0,1,0,6,4,1,0,0,0,0,1,0,0,0,1,0,0,1,0,0,0
991.3,3813.64,0,1,0,1,0,5,2,1,0,0,0,1,0,1,0,0,0,0,0,0,0,1,0
4557.04,3500.61,0,0,0,1,1,13,6,1,0,0,1,0,0,0,0,1,0,0,1,0,0,0,0
4276.38,3921.28,0,1,0,1,0,4,1,1,0,0,0,1,0,0,0,1,0,0,0,0,0,0,1
732.32,2071.82,0,0,0,1,0,5,1,1,0,0,0,1,0,0,0,0,1,0,0,0,0,0,1
4108.56,4719.17,0,0,0,1,0,20,5,1,0,0,0,1,0,0,0,0,1,0,0,0,1,0,0
5134.27,1797.96,0,1,0,1,0,9,1,1,0,0,1,0,0,0,0,0,1,0,0,0,0,0,1
651.98,1552.34,0,1,0,1,0,12,4,1,0,0,1,0,0,1,0,0,0,0,0,1,0,0,0
5099.11,4624.0,0,1,0,0,1,5,6,1,0,0,1,0,0,0,1,0,0,0,1,0,0,0,0
9592.42,2039.65,1,1,0,1,0,19,2,1,0,0,0,1,0,0,1,0,0,0,0,0,0,1,0
9789.16,4393.45,0,1,0,0,0,7,6,1,0,0,0,0,1,1,0,0,0,0,1,0,0,0,0
5317.27,2190.63,0,1,0,1,0,8,3,1,0,0,0,1,0,0,0,0,1,1,0,0,0,0,0
5151.45,2177.89,0,1,0,0,0,15,3,1,0,0,0,0,1,0,1,0,0,1,0,0,0,0,0
2855.8,4831.11,0,1,0,1,0,10,5,1,0,0,1,0,0,1,0,0,0,0,0,0,1,0,0
9971.16,4861.2,0,0,0,0,0,12,4,1,0,0,1,0,0,1,0,0,0,0,0,1,0,0,0
2743.02,4847.17,0,1,0,1,0,0,5,1,0,0,0,1,0,0,0,1,0,0,0,0,1,0,0
4529.56,1548.81,0,1,0,1,0,15,6,1,0,0,0,0,1,1,0,0,0,0,1,0,0,0,0
30.34,3286.77,0,0,0,1,0,12,6,1,0,0,1,0,0,0,0,0,1,0,1,0,0,0,0
3492.97,1145.79,1,1,0,1,0,12,3,1,0,0,1,0,0,0,0,1,0,1,0,0,0,0,0
715.33,3745.86,1,0,0,1,0,4,3,1,0,0,0,1,0,0,1,0,0,1,0,0,0,0,0
7438.5,3684.49,0,0,1,1,0,2,3,1,0,0,0,1,0,1,0,0,0,1,0,0,0,0,0
5610.58,4969.3,0,1,0,0,1,2,6,1,0,0,0,1,0,0,0,1,0,0,1,0,0,0,0
5722.15,4511.28,0,1,0,1,0,11,6,1,0,0,0,0,1,1,0,0,0,0,1,0,0,0,0
2865.83,1872.74,0,1,0,1,1,2,4,1,0,0,0,0,1,1,0,0,0,0,0,1,0,0,0
8149.15,2775.19,0,0,0,1,1,1,1,1,0,0,1,0,0,0,0,1,0,0,0,0,0,0,1
33.71,2029.17,0,0,0,0,0,10,1,1,0,0,0,1,0,0,1,0,0,0,0,0,0,0,1
3336.68,1190.98,1,1,0,0,1,9,4,1,0,0,1,0,0,1,0,0,0,0,0,1,0,0,0
6595.32,2529.87,0,1,0,1,0,12,2,1,0,0,0,0,1,0,0,0,1,0,0,0,0,1,0
9079.32,1430.81,1,1,0,1,0,10,5,1,0,0,1,0,0,0,1,0,0,0,0,0,1,0,0
2346.92,4059.57,0,0,0,0,0,18,6,1,0,0,1,0,0,0,1,0,0,0,1,0,0,0,0
5411.46,2557.7,0,1,0,1,0,13,2,1,0,0,0,1,0,1,0,0,0,0,0,0,0,1,0
5380.38,1124.96,0,1,0,1,0,14,3,1,0,0,1,0,0,0,1,0,0,1,0,0,0,0,0
8741.87,2082.8,0,1,0,0,1,10,3,1,0,0,0,1,0,0,0,1,0,1,0,0,0,0,0
506.12,2330.97,0,1,0,1,0,23,3,1,0,0,1,0,0,0,0,1,0,1,0,0,0,0,0
4245.33,2812.76,1,1,0,0,0,15,5,1,0,0,1,0,0,0,1,0,0,0,0,0,1,0,0
1825.47,3724.78,0,1,0,1,0,2,5,1,0,0,0,0,1,1,0,0,0,0,0,0,1,0,0
216.3,4151.54,0,1,0,0,0,9,4,1,0,0,0,0,1,0,0,0,1,0,0,1,0,0,0
1471.16,4943.22,0,0,0,0,1,21,4,1,0,0,1,0,0,1,0,0,0,0,0,1,0,0,0
9764.73,4416.9,0,1,0,0,1,19,4,1,0,0,1,0,0,1,0,0,0,0,0,1,0,0,0
2149.27,2830.46,0,1,0,1,1,7,5,1,0,0,0,1,0,1,0,0,0,0,0,0,1,0,0
9350.37,1421.96,0,1,0,0,1,9,5,1,0,0,0,0,1,0,1,0,0,0,0,0,1,0,0
2053.34,3655.98,0,0,1,1,0,22,4,1,0,0,0,0,1,0,1,0,0,0,0,1,0,0,0
9313.02,2689.53,0,1,0,0,0,8,2,1,0,0,1,0,0,1,0,0,0,0,0,0,0,1,0
6546.55,2622.38,0,1,0,0,1,13,3,1,0,0,0,1,0,0,0,0,1,1,0,0,0,0,0
1133.07,2351.0,0,1,0,1,0,1,5,1,0,0,0,0,1,1,0,0,0,0,0,0,1,0,0
5819.57,1675.41,0,1,0,1,0,1,4,1,0,0,1,0,0,0,0,0,1,0,0,1,0,0,0
3185.82,1355.18,0,1,1,0,0,21,3,1,0,0,1,0,0,1,0,0,0,1,0,0,0,0,0
3832.15,4275.56,1,1,0,1,0,13,4,1,0,0,1,0,0,0,0,0,1,0,0,1,0,0,0
4402.27,1739.86,0,1,0,0,0,21,6,1,0,0,1,0,0,1,0,0,0,0,1,0,0,0,0
4227.65,3799.35,0,1,0,1,0,0,1,1,0,0,1,0,0,0,0,1,0,0,0,0,0,0,1
6641.42,3907.05,0,1,1,1,1,4,5,1,0,0,0,0,1,0,1,0,0,0,0,0,1,0,0
7683.91,2229.39,0,1,0,1,1,6,4,1,0,0,0,0,1,1,0,0,0,0,0,1,0,0,0
3292.45,3224.91,0,1,1,1,0,13,4,1,0,0,0,1,0,0,1,0,0,0,0,1,0,0,0
9243.72,3845.41,0,0,0,1,1,22,6,1,0,0,1,0,0,1,0,0,0,0,1,0,0,0,0
9384.72,1537.78,0,1,0,1,0,2,2,1,0,0,0,1,0,0,1,0,0,0,0,0,0,1,0
407.86,1677.41,0,0,0,1,0,22,1,1,0,0,1,0,0,0,0,1,0,0,0,0,0,0,1
150.07,3870.23,0,1,0,1,0,0,5,1,0,0,1,0,0,0,1,0,0,0,0,0,1,0,0
4251.24,2119.46,0,1,0,1,0,6,5,1,0,0,1,0,0,0,0,1,0,0,0,0,1,0,0
5906.86,1428.78,1,1,1,0,0,8,3,1,0,0,0,1,0,0,1,0,0,1,0,0,0,0,0
2779.77,3080.97,0,1,0,1,1,20,4,1,0,0,1,0,0,1,0,0,0,0,0,1,0,0,0
2594.88,4225.45,0,1,0,0,0,17,3,1,0,0,0,1,0,0,0,0,1,1,0,0,0,0,0
6783.66,2224.65,0,1,0,0,0,19,3,1,0,0,0,0,1,0,1,0,0,1,0,0,0,0,0
6017.44,2042.13,1,1,0,0,1,22,2,1,0,0,1,0,0,0,0,1,0,0,0,0,0,1,0
1672.3,1831.07,0,1,0,1,1,4,5,1,0,0,0,1,0,0,0,1,0,0,0,0,1,0,0
8845.13,2906.75,0,0,0,1,0,0,2,1,0,0,0,0,1,0,1,0,0,0,0,0,0,1,0
6800.08,3291.04,0,1,0,0,0,8,5,1,0,0,1,0,0,0,0,1,0,0,0,0,1,0,0
3626.4,1538.26,0,1,0,1,0,18,2,1,0,0,0,0,1,0,0,1,0,0,0,0,0,1,0
6836.56,4205.73,0,0,0,0,0,5,4,1,0,0,1,0,0,0,0,1,0,0,0,1,0,0,0
1127.42,3120.3,0,1,0,1,0,16,1,1,0,0,0,1,0,0,0,1,0,0,0,0,0,0,1
4683.09,3251.05,0,1,0,1,0,16,1,1,0,0,1,0,0,0,1,0,0,0,0,0,0,0,1
1690.68,1470.23,0,1,0,0,0,7,5,1,0,0,1,0,0,1,0,0,0,0,0,0,1,0,0
415.27,3492.98,0,1,0,1,1,17,3,1,0,0,0,1,0,1,0,0,0,1,0,0,0,0,0
3383.92,3713.28,0,0,0,1,0,14,4,1,0,0,0,1,0,0,0,1,0,0,0,1,0,0,0
1508.2,2615.26,0,0,0,0,1,10,3,1,0,0,0,1,0,0,0,0,1,1,0,0,0,0,0
6335.55,3396.85,0,1,0,1,0,21,2,1,0,0,1,0,0,0,1,0,0,0,0,0,0,1,0
6741.0,1933.67,1,1,0,1,0,16,5,1,0,0,0,0,1,0,1,0,0,0,0,0,1,0,0
1487.77,3557.13,0,1,0,1,0,0,4,1,0,0,0,1,0,0,0,0,1,0,0,1,0,0,0
247.11,3132.08,0,1,0,0,0,2,5,1,0,0,0,0,1,0,1,0,0,0,0,0,1,0,0
7928.31,3331.2,0,1,0,1,1,10,4,1,0,0,0,1,0,0,0,0,1,0,0,1,0,0,0
21.57,2006.81,0,1,0,1,0,8,5,1,0,0,0,1,0,1,0,0,0,0,0,0,1,0,0
3439.79,4156.42,0,0,0,1,0,10,4,1,0,0,1,0,0,1,0,0,0,0,0,1,0,0,0
4946.34,4303.85,0,0,0,0,0,4,3,1,0,0,0,1,0,1,0,0,0,1,0,0,0,0,0
8186.6,1419.01,0,1,0,1,0,18,4,1,0,0,0,0,1,1,0,0,0,0,0,1,0,0,0
8385.75,4470.51,0,1,0,1,0,19,5,1,0,0,1,0,0,0,0,1,0,0,0,0,1,0,0
7249.67,4103.57,1,0,0,1,0,18,4,1,0,0,0,1,0,0,0,1,0,0,0,1,0,0,0
2472.73,3212.97,1,1,1,1,1,12,1,1,0,0,0,0,1,0,1,0,0,0,0,0,0,0,1
7202.15,1220.4,0,1,0,1,1,17,6,1,0,0,1,0,0,0,0,0,1,0,1,0,0,0,0
2466.15,3093.07,0,1,0,1,0,12,5,1,0,0,0,0,1,0,0,0,1,0,0,0,1,0,0
2146.87,2874.34,0,1,0,0,0,6,3,1,0,0,1,0,0,0,0,1,0,1,0,0,0,0,0
5471.73,1893.85,1,1,0,1,1,5,6,1,0,0,1,0,0,0,0,0,1,0,1,0,0,0,0
6788.87,4334.14,0,1,0,1,0,14,3,1,0,0,1,0,0,1,0,0,0,1,0,0,0,0,0
531.46,2282.16,0,0,0,1,1,13,6,1,0,0,0,1,0,0,0,0,1,0,1,0,0,0,0
601.17,3321.02,0,0,0,0,0,5,2,1,0,0,1,0,0,1,0,0,0,0,0,0,0,1,0
7841.92,2802.23,0,1,0,1,1,9,1,1,0,0,0,1,0,0,1,0,0,0,0,0,0,0,1
8595.11,4513.88,1,0,0,0,0,20,3,1,0,0,0,1,0,0,0,0,1,1,0,0,0,0,0
6044.8,3003.87,0,1,0,1,1,18,5,1,0,0,0,1,0,1,0,0,0,0,0,0,1,0,0
4288.85,2111.99,0,1,0,1,0,15,5,1,0,0,0,1,0,0,1,0,0,0,0,0,1,0,0
8453.32,3888.58,0,1,0,0,0,17,6,1,0,0,1,0,0,0,1,0,0,0,1,0,0,0,0
7288.44,4069.58,0,1,1,1,0,19,6,1,0,0,0,1,0,0,1,0,0,0,1,0,0,0,0
5796.36,4738.61,0,1,0,1,0,7,4,1,0,0,0,0,1,0,0,0,1,0,0,1,0,0,0
3198.25,3984.88,0,1,0,1,0,8,1,1,0,0,0,0,1,1,0,0,0,0,0,0,0,0,1
1980.75,1198.36,0,1,0,1,0,6,2,1,0,0,1,0,0,0,0,1,0,0,0,0,0,1,0
4187.31,4316.31,0,1,0,0,0,13,6,1,0,0,0,1,0,0,0,1,0,0,1,0,0,0,0
2868.94,2929.3,0,1,0,1,0,0,1,1,0,0,0,0,1,1,0,0,0,0,0,0,0,0,1
3393.25,1584.85,0,1,0,1,0,3,4,1,0,0,0,0,1,0,1,0,0,0,0,1,0,0,0
5156.79,4913.9,0,1,0,0,0,17,6,1,0,0,0,1,0,0,0,1,0,0,1,0,0,0,0
1691.77,3600.16,0,1,0,1,0,21,6,1,0,0,0,1,0,0,0,0,1,0,1,0,0,0,0
8061.96,4569.21,1,1,0,1,0,14,5,1,0,0,1,0,0,0,1,0,0,0,0,0,1,0,0
1456.15,1710.66,0,1,0,1,0,9,6,1,0,0,0,0,1,0,0,1,0,0,1,0,0,0,0
4810.46,4105.74,0,1,0,1,1,12,1,1,0,0,1,0,0,1,0,0,0,0,0,0,0,0,1
7459.97,3386.04,0,1,0,1,0,1,4,1,0,0,0,0,1,0,0,1,0,0,0,1,0,0,0
4850.72,2545.3,0,1,0,1,1,8,5,1,0,0,0,1,0,0,0,0,1,0,0,0,1,0,0
3610.86,1854.69,0,1,0,1,0,1,2,1,0,0,0,0,1,1,0,0,0,0,0,0,0,1,0
4749.44,2362.99,0,1,0,0,0,0,3,1,0,0,0,0,1,0,0,1,0,1,0,0,0,0,0
8486.86,3136.35,1,1,0,1,0,9,3,1,0,0,0,0,1,0,0,1,0,1,0,0,0,0,0
9904.33,3932.15,0,1,0,1,0,0,1,1,0,0,0,1,0,0,0,1,0,0,0,0,0,0,1
6311.8,2743.78,0,1,0,1,0,18,5,1,0,0,0,1,0,0,1,0,0,0,0,0,1,0,0
7934.65,2570.15,1,1,0,1,0,6,5,1,0,0,0,0,1,0,1,0,0,0,0,0,1,0,0
145.87,1034.24,1,1,0,0,0,22,3,1,0,0,0,0,1,0,0,0,1,1,0,0,0,0,0
8803.76,4797.21,0,1,0,1,0,22,6,1,0,0,0,1,0,0,0,1,0,0,1,0,0,0,0
9540.54,4082.88,0,1,0,1,1,10,2,1,0,0,0,1,0,0,0,0,1,0,0,0,0,1,0
5752.12,4983.56,0,1,0,0,1,20,6,1,0,0,0,1,0,1,0,0,0,0,1,0,0,0,0
7538.29,4681.33,0,1,0,1,0,10,2,1,0,0,0,0,1,0,0,0,1,0,0,0,0,1,0
5127.93,4451.94,0,1,0,1,0,21,5,1,0,0,1,0,0,0,1,0,0,0,0,0,1,0,0
2862.75,1232.33,0,1,0,1,0,8,6,1,0,0,1,0,0,0,0,1,0,0,1,0,0,0,0
8522.63,3462.44,0,0,0,1,1,8,1,1,0,0,0,1,0,0,1,0,0,0,0,0,0,0,1
5968.77,1901.42,0,1,0,1,0,23,2,1,0,0,1,0,0,1,0,0,0,0,0,0,0,1,0
5794.25,4526.17,0,1,0,0,0,14,5,1,0,0,0,0,1,0,1,0,0,0,0,0,1,0,0
6591.66,4279.07,0,1,0,1,0,5,3,1,0,0,1,0,0,0,0,1,0,1,0,0,0,0,0
8560.18,1681.58,0,0,0,1,0,13,5,1,0,0,1,0,0,0,1,0,0,0,0,0,1,0,0
7319.33,4145.88,0,1,0,1,1,4,5,1,0,0,1,0,0,0,0,1,0,0,0,0,1,0,0
2112.03,4947.67,0,1,0,0,0,21,6,1,0,0,0,1,0,0,0,0,1,0,1,0,0,0,0
4668.77,2430.05,0,1,0,1,0,19,4,1,0,0,0,0,1,0,0,1,0,0,0,1,0,0,0
9803.0,2460.98,0,1,0,0,0,5,1,1,0,0,0,1,0,0,0,0,1,0,0,0,0,0,1
5546.05,1100.52,1,0,0,1,0,3,4,1,0,0,1,0,0,1,0,0,0,0,0,1,0,0,0
9382.52,3908.08,0,0,0,1,0,2,3,1,0,0,0,1,0,1,0,0,0,1,0,0,0,0,0
8133.88,4307.6,0,1,0,1,1,10,4,1,0,0,0,0,1,0,1,0,0,0,0,1,0,0,0
6660.57,1186.46,0,1,0,0,0,8,1,1,0,0,0,0,1,1,0,0,0,0,0,0,0,0,1
3494.3,4781.14,1,0,0,1,0,19,1,1,0,0,0,0,1,0,0,1,0,0,0,0,0,0,1
3043.89,1293.88,0,1,0,1,0,23,3,1,0,0,0,0,1,0,1,0,0,1,0,0,0,0,0
6434.57,3275.44,1,1,1,0,0,11,2,1,0,0,1,0,0,0,1,0,0,0,0,0,0,1,0
4326.18,4709.38,0,0,0,1,0,9,5,1,0,0,1,0,0,0,0,0,1,0,0,0,1,0,0
7987.74,4713.46,0,0,0,1,0,7,6,1,0,0,1,0,0,0,0,1,0,0,1,0,0,0,0
7604.81,1533.04,0,1,0,1,0,14,3,1,0,0,1,0,0,0,0,1,0,1,0,0,0,0,0
3121.99,4885.29,0,1,0,1,0,23,2,1,0,0,1,0,0,0,0,0,1,0,0,0,0,1,0
7027.59,2081.71,1,1,0,0,0,23,2,1,0,0,0,1,0,0,0,1,0,0,0,0,0,1,0
4946.01,2366.57,0,1,0,1,0,14,3,1,0,0,0,0,1,1,0,0,0,1,0,0,0,0,0
3233.6,3700.47,1,1,0,1,0,13,5,1,0,0,1,0,0,0,0,0,1,0,0,0,1,0,0
4130.25,1448.37,0,1,0,1,0,17,5,1,0,0,0,0,1,1,0,0,0,0,0,0,1,0,0
8953.62,3137.19,0,1,0,0,0,13,5,1,0,0,0,0,1,0,0,1,0,0,0,0,1,0,0
3595.82,4263.9,0,0,0,0,0,21,1,1,0,0,1,0,0,0,1,0,0,0,0,0,0,0,1
2874.71,2984.77,0,1,0,1,0,6,2,1,0,0,1,0,0,0,0,1,0,0,0,0,0,1,0
3518.72,1244.24,0,1,0,1,0,7,6,1,0,0,0,0,1,1,0,0,0,0,1,0,0,0,0
2146.97,4220.2,0,1,0,1,0,7,3,1,0,0,0,0,1,0,1,0,0,1,0,0,0,0,0
5446.81,1961.18,0,1,0,0,0,20,2,1,0,0,0,0,1,0,0,1,0,0,0,0,0,1,0
1475.22,4222.54,0,0,0,1,0,23,6,1,0,0,0,1,0,0,0,1,0,0,1,0,0,0,0
8174.62,4752.65,1,0,0,0,0,14,2,1,0,0,0,1,0,0,1,0,0,0,0,0,0,1,0
2256.58,4019.25,0,1,0,1,0,8,6,1,0,0,0,0,1,0,0,0,1,0,1,0,0,0,0
5980.95,1132.61,0,1,0,1,0,6,1,1,0,0,0,1,0,0,0,0,1,0,0,0,0,0,1
1251.13,3638.18,0,1,0,0,0,6,1,1,0,0,0,0,1,1,0,0,0,0,0,0,0,0,1
9784.55,2088.6,0,1,0,1,1,18,3,1,0,0,0,0,1,0,1,0,0,1,0,0,0,0,0
4546.3,1795.88,0,1,0,0,0,9,5,1,0,0,1,0,0,0,0,1,0,0,0,0,1,0,0
8221.89,4043.33,0,1,0,0,0,16,5,1,0,0,0,0,1,1,0,0,0,0,0,0,1,0,0
7686.71,2158.17,0,1,0,1,1,4,6,1,0,0,1,0,0,0,1,0,0,0,1,0,0,0,0
7137.22,1574.36,1,1,0,1,0,4,3,1,0,0,1,0,0,0,0,1,0,1,0,0,0,0,0
8273.82,1683.6,0,1,0,0,0,17,5,1,0,0,0,0,1,0,0,0,1,0,0,0,1,0,0
1005.54,3709.06,0,0,0,1,0,18,4,1,0,0,0,1,0,0,0,0,1,0,0,1,0,0,0
6785.29,2829.82,0,1,0,1,0,0,2,1,0,0,0,0,1,0,0,1,0,0,0,0,0,1,0
2659.01,1834.52,0,1,0,1,0,3,4,1,0,0,0,0,1,0,0,0,1,0,0,1,0,0,0
7858.93,1318.77,0,1,1,1,0,6,4,1,0,0,0,1,0,0,0,0,1,0,0,1,0,0,0
9568.73,4749.05,0,1,0,1,0,5,1,1,0,0,1,0,0,0,0,1,0,0,0,0,0,0,1
9014.99,4990.12,0,0,0,1,0,21,4,1,0,0,0,1,0,0,0,0,1,0,0,1,0,0,0
1150.41,2576.69,0,1,1,1,0,20,1,1,0,0,0,0,1,0,0,1,0,0,0,0,0,0,1
3696.15,1994.77,0,1,0,1,0,7,1,1,0,0,0,0,1,0,1,0,0,0,0,0,0,0,1
3643.86,1167.11,0,1,0,1,1,16,5,1,0,0,0,1,0,1,0,0,0,0,0,0,1,0,0
1223.84,2229.11,0,1,0,1,1,21,2,1,0,0,0,1,0,0,1,0,0,0,0,0,0,1,0
982.16,3330.97,0,1,0,1,0,20,1,1,0,0,0,1,0,0,0,1,0,0,0,0,0,0,1
3849.52,3097.62,0,1,0,1,0,14,3,1,0,0,1,0,0,1,0,0,0,1,0,0,0,0,0
