Amount,Account Balance,User Device Recognition,Known Threat Flag,Login Location Match,Spending Pattern Deviation,Transaction_Hour,Transaction_Day,Transaction_Month,High_Value_Transaction,Low_Balance,Type_Deposit,Type_Transfer,Type_Withdrawal,Location_California,Location_Florida,Location_New York,Location_Texas,Transaction_Weekday_Friday,Transaction_Weekday_Monday,Transaction_Weekday_Saturday,Transaction_Weekday_Sunday,Transaction_Weekday_Thursday,Transaction_Weekday_Wednesday
0.3201079836923451,1.5629474927050817,0,0,0,0,-1.5338873130102333,-0.8811217809799272,0.0,0,0,0,0,1,0,0,0,1,0,0,0,0,1,0
0.6042091562171494,0.9330657549163651,1,0,0,0,1.35434742133641,-0.29129881655524165,0.0,0,0,0,0,1,0,1,0,0,1,0,0,0,0,0
-1.5312328546006682,-0.09899690770259062,1,0,1,0,0.05464179088042058,1.478170076718815,0.0,0,0,1,0,0,0,1,0,0,0,1,0,0,0,0
-0.5449078717560287,-1.1161122597150728,1,0,1,0,-1.1006521028582368,0.2985241478694439,0.0,0,0,0,0,1,1,0,0,0,0,0,1,0,0,0
0.6080760004659393,-0.1904047979396416,0,0,1,0,1.2099356846190779,1.478170076718815,0.0,0,0,1,0,0,0,1,0,0,0,1,0,0,0,0
-1.4947565561850922,0.0335117766357672,1,1,1,0,1.6431708947710744,1.478170076718815,0.0,0,0,0,0,1,0,0,0,1,0,1,0,0,0,0
-1.4693668428625661,-1.5840216986020368,1,0,1,0,-1.1006521028582368,-1.4709447454046127,0.0,0,0,1,0,0,0,0,1,0,0,0,0,0,0,1
0.19760314134753865,0.25115289439369476,1,0,1,0,0.9211122111844136,0.2985241478694439,0.0,0,0,0,0,1,0,0,1,0,0,0,1,0,0,0
1.6756641486583435,-1.194253765278904,1,0,0,0,-0.5230051559889081,-0.8811217809799272,0.0,0,0,0,1,0,0,0,1,0,0,0,0,0,1,0
-0.5756992798022261,-1.5316371504154507,1,0,0,0,-1.1006521028582368,0.8883471122941295,0.0,0,0,0,0,1,0,0,0,1,0,0,0,1,0,0
-0.6191785520246073,-0.2745803965972052,1,0,0,0,0.19905352759775274,1.478170076718815,0.0,0,0,0,0,1,1,0,0,0,0,1,0,0,0,0
-0.7946234989039339,0.8394252502346331,1,0,1,1,1.35434742133641,1.478170076718815,0.0,0,0,1,0,0,0,0,0,1,0,1,0,0,0,0
1.0065672364011544,0.6313783404957397,1,0,1,0,-0.9562403661409046,-0.8811217809799272,0.0,0,0,0,0,1,1,0,0,0,0,0,0,0,1,0
-1.238618331491954,0.13534140765899283,1,0,1,1,0.3434652643150849,0.8883471122941295,0.0,0,0,1,0,0,1,0,0,0,0,0,0,1,0,0
0.520715388129124,-0.41148534876099674,1,0,1,0,-1.5338873130102333,-0.8811217809799272,0.0,0,0,0,1,0,0,0,1,0,0,0,0,0,1,0
-1.4796877508394453,-1.3349860564907199,1,0,1,0,-1.5338873130102333,-0.29129881655524165,0.0,0,0,0,0,1,0,0,1,0,1,0,0,0,0,0
-1.3976064647374156,-0.286769264646544,0,0,1,0,-0.3785934192715759,-1.4709447454046127,0.0,0,0,0,0,1,1,0,0,0,0,0,0,0,0,1
0.16339240809761935,-1.5873318296705983,1,0,0,0,1.4987591580537423,1.478170076718815,0.0,0,0,1,0,0,0,0,1,0,0,1,0,0,0,0
-0.21423325236130328,-0.9977578337480122,0,0,1,0,-1.2450638395755689,0.8883471122941295,0.0,0,0,0,1,0,1,0,0,0,0,0,0,1,0,0
0.963269768790832,-0.7397572533260075,1,1,0,0,-1.389475576292901,-0.8811217809799272,0.0,0,0,1,0,0,0,1,0,0,0,0,0,0,1,0
-0.6284575797246876,-0.11434936455964337,1,1,1,0,1.0655239479017458,-1.4709447454046127,0.0,0,0,0,1,0,0,0,1,0,0,0,0,0,0,1
0.5863503493249074,-1.249629499613383,1,0,1,0,-0.8118286294235724,1.478170076718815,0.0,0,0,1,0,0,0,0,1,0,0,1,0,0,0,0
-1.6460774295412255,0.4835344395663108,0,0,1,0,0.05464179088042058,1.478170076718815,0.0,0,0,0,0,1,0,1,0,0,0,1,0,0,0,0
0.4786660791054366,0.6756685838037337,1,0,1,0,-0.8118286294235724,1.478170076718815,0.0,0,0,1,0,0,0,1,0,0,0,1,0,0,0,0
-0.6092597119397812,1.2092806763484496,0,0,1,0,-0.5230051559889081,-0.29129881655524165,0.0,0,0,0,1,0,0,1,0,0,1,0,0,0,0,0
0.0381325266316134,0.020917762335849382,1,0,1,0,1.35434742133641,-1.4709447454046127,0.0,0,0,0,0,1,0,1,0,0,0,0,0,0,0,1
-0.7832711993778747,-0.06634384393250856,1,0,0,0,-0.3785934192715759,-0.8811217809799272,0.0,0,0,0,0,1,0,1,0,0,0,0,0,0,1,0
1.743449299015977,1.0417397715344812,1,0,0,0,1.4987591580537423,-1.4709447454046127,0.0,0,0,0,0,1,0,1,0,0,0,0,0,0,0,1
-1.63228824896507,-0.37613418336471716,1,0,1,0,-0.8118286294235724,-0.29129881655524165,0.0,0,0,0,1,0,0,1,0,0,1,0,0,0,0,0
-0.408002006390638,-1.6661801861396954,1,0,1,0,1.6431708947710744,1.478170076718815,0.0,0,0,0,1,0,0,0,1,0,0,1,0,0,0,0
1.2811061855801709,-0.7261633035991281,1,0,1,0,-1.2450638395755689,-0.29129881655524165,0.0,0,0,1,0,0,1,0,0,0,1,0,0,0,0,0
0.5252185485201201,0.02821039484627427,1,0,1,0,0.05464179088042058,-1.4709447454046127,0.0,0,0,0,1,0,1,0,0,0,0,0,0,0,0,1
1.1949203107366593,-1.3586138410191768,1,0,1,0,-1.6782990497275654,1.478170076718815,0.0,0,0,0,0,1,0,0,1,0,0,1,0,0,0,0
-0.16588021803872915,-0.5476489694875583,1,0,0,0,1.2099356846190779,0.8883471122941295,0.0,0,0,0,1,0,0,0,0,1,0,0,0,1,0,0
-1.2077465098673463,-1.6231053815834389,1,0,1,0,-0.08976994583691159,-1.4709447454046127,0.0,0,0,0,0,1,1,0,0,0,0,0,0,0,0,1
0.3494099924166756,-0.8058133324363925,1,0,1,0,-1.1006521028582368,-0.29129881655524165,0.0,0,0,1,0,0,0,0,1,0,1,0,0,0,0,0
1.0498122603733826,-0.8829807629722356,1,0,1,0,0.05464179088042058,-0.8811217809799272,0.0,0,0,1,0,0,0,0,0,1,0,0,0,0,1,0
-1.1830350675975014,0.2721773987588561,1,0,1,0,1.35434742133641,-0.8811217809799272,0.0,0,0,0,0,1,0,0,0,1,0,0,0,0,1,0
0.7021004510832195,0.7569736781752787,1,0,1,0,1.4987591580537423,-0.8811217809799272,0.0,0,0,0,0,1,1,0,0,0,0,0,0,0,1,0
-1.2765071118935256,-1.4680119488085406,1,0,1,0,-1.389475576292901,0.2985241478694439,0.0,0,0,0,0,1,1,0,0,0,0,0,1,0,0,0
-0.8429066083757161,-1.6815929839276855,1,0,1,1,1.35434742133641,-1.4709447454046127,0.0,0,0,0,0,1,0,1,0,0,0,0,0,0,0,1
-0.5208991742366421,1.4557388986954436,1,0,1,1,1.35434742133641,0.2985241478694439,0.0,0,0,0,0,1,0,0,1,0,0,0,1,0,0,0
-0.5033829991132802,-0.5111944270684247,0,0,1,0,0.19905352759775274,-1.4709447454046127,0.0,0,0,1,0,0,0,1,0,0,0,0,0,0,0,1
-0.9789698792890649,1.712403358503836,1,0,1,0,0.7767004744670813,-0.29129881655524165,0.0,0,0,0,1,0,0,0,1,0,1,0,0,0,0,0
1.3790848865097314,0.7057011271445375,1,0,1,1,1.0655239479017458,-1.4709447454046127,0.0,0,0,0,0,1,1,0,0,0,0,0,0,0,0,1
0.45284283170800105,-0.5679924833464265,0,0,1,1,-0.3785934192715759,-1.4709447454046127,0.0,0,0,1,0,0,1,0,0,0,0,0,0,0,0,1
0.24451222750126073,1.3582624348326964,0,0,1,0,-1.5338873130102333,-0.8811217809799272,0.0,0,0,0,1,0,0,0,1,0,0,0,0,0,1,0
0.10478839064895774,-0.10995309673421003,1,0,1,0,0.7767004744670813,0.8883471122941295,0.0,0,0,0,0,1,0,0,1,0,0,0,0,1,0,0
0.31115760279098637,1.4267149109145918,1,0,1,0,0.9211122111844136,-0.29129881655524165,0.0,0,0,0,1,0,0,0,0,1,1,0,0,0,0,0
-0.2862348712216859,0.03963207105941012,1,0,1,0,0.9211122111844136,-1.4709447454046127,0.0,0,0,0,1,0,1,0,0,0,0,0,0,0,0,1
0.9643815739184227,0.9939411340991318,1,0,1,0,-0.9562403661409046,-1.4709447454046127,0.0,0,0,1,0,0,1,0,0,0,0,0,0,0,0,1
-0.9649429542202168,-0.8088476192492406,0,0,1,0,-0.3785934192715759,-0.29129881655524165,0.0,0,0,0,1,0,0,0,1,0,1,0,0,0,0,0
0.442847074287304,-0.3101384451852696,1,0,0,0,1.35434742133641,-1.4709447454046127,0.0,0,0,0,0,1,1,0,0,0,0,0,0,0,0,1
-1.0544502594763425,1.3663136390463333,0,0,0,0,-0.9562403661409046,-0.29129881655524165,0.0,0,0,1,0,0,0,0,0,1,1,0,0,0,0,0
1.0269188642241265,0.5782093602069686,1,0,1,0,0.7767004744670813,0.8883471122941295,0.0,0,0,0,0,1,0,0,1,0,0,0,0,1,0,0
-0.2777949417311078,0.06907844535682288,1,0,1,0,-0.3785934192715759,-0.29129881655524165,0.0,0,0,0,1,0,1,0,0,0,1,0,0,0,0,0
-0.13293162834560288,-0.8488450363276938,1,0,1,1,0.48787700103241705,0.8883471122941295,0.0,0,0,1,0,0,0,0,0,1,0,0,0,1,0,0
-0.6165388889072143,-1.3105997002590508,0,0,1,1,-1.6782990497275654,-1.4709447454046127,0.0,0,0,1,0,0,1,0,0,0,0,0,0,0,0,1
-0.004619527142532227,-1.0094036334189151,1,0,1,0,1.0655239479017458,1.478170076718815,0.0,0,0,0,1,0,0,0,0,1,0,1,0,0,0,0
1.6933131809982098,0.6118278788720477,1,0,1,0,1.4987591580537423,-0.8811217809799272,0.0,0,0,0,0,1,0,0,0,1,0,0,0,0,1,0
-0.7597344946013334,0.18754493305276693,1,0,0,1,-0.5230051559889081,-0.29129881655524165,0.0,0,0,0,0,1,0,1,0,0,1,0,0,0,0,0
-0.313641916489557,-0.39146939995578783,1,0,1,0,0.7767004744670813,0.2985241478694439,0.0,0,0,1,0,0,1,0,0,0,0,0,1,0,0,0
0.6905453694898639,-0.8597236441623937,1,0,1,0,-1.5338873130102333,-0.8811217809799272,0.0,0,0,0,0,1,0,0,1,0,0,0,0,0,1,0
1.1079233076239612,-1.3849914479717773,1,0,0,1,0.3434652643150849,0.8883471122941295,0.0,0,0,0,0,1,0,1,0,0,0,0,0,1,0,0
0.8412299267037914,-0.873308973756282,1,0,1,0,-0.5230051559889081,-0.8811217809799272,0.0,0,0,0,0,1,0,1,0,0,0,0,0,0,1,0
0.974132594361348,-0.5233315743198176,1,0,1,0,1.0655239479017458,-0.29129881655524165,0.0,0,0,0,0,1,0,1,0,0,1,0,0,0,0,0
-1.2860308765713777,1.5571202828031352,1,0,1,0,1.2099356846190779,-0.29129881655524165,0.0,0,0,0,1,0,1,0,0,0,1,0,0,0,0,0
-0.9460632445064135,1.0090349869664526,1,0,1,0,1.2099356846190779,-0.8811217809799272,0.0,0,0,0,1,0,0,1,0,0,0,0,0,0,1,0
1.353244157899598,0.46506149456649953,0,0,1,0,0.9211122111844136,-0.8811217809799272,0.0,0,0,0,1,0,0,0,0,1,0,0,0,0,1,0
1.62953822083349,0.5539005851722189,0,0,1,0,1.2099356846190779,0.2985241478694439,0.0,0,0,0,0,1,0,0,1,0,0,0,1,0,0,0
-0.5147667648221956,-0.8923163670015383,1,0,1,0,1.35434742133641,1.478170076718815,0.0,0,0,0,1,0,0,0,1,0,0,1,0,0,0,0
-1.0395213038322795,1.025180496058682,1,0,0,1,1.35434742133641,-1.4709447454046127,0.0,0,0,0,1,0,1,0,0,0,0,0,0,0,0,1
-0.8523080045646821,-0.5254262666366416,1,0,1,0,-1.389475576292901,0.8883471122941295,0.0,0,0,0,0,1,0,0,1,0,0,0,0,1,0,0
-0.32781218750252816,-0.8579651370322203,1,0,0,0,1.6431708947710744,0.2985241478694439,0.0,0,0,1,0,0,1,0,0,0,0,0,1,0,0,0
-1.4562908957644876,1.1815066078512995,1,0,1,0,0.48787700103241705,-0.29129881655524165,0.0,0,0,0,1,0,0,0,1,0,1,0,0,0,0,0
-1.1982786850701277,0.27709949469674333,1,0,1,0,1.35434742133641,-0.8811217809799272,0.0,0,0,1,0,0,0,0,0,1,0,0,0,0,1,0
0.5959300538833926,1.5519051023435522,1,0,1,0,0.6322887377497493,-1.4709447454046127,0.0,0,0,0,0,1,0,0,1,0,0,0,0,0,0,1
0.8293951457072686,-0.7510754879432509,1,0,1,0,1.0655239479017458,0.2985241478694439,0.0,0,0,0,0,1,0,0,1,0,0,0,1,0,0,0
-1.636336897825919,1.0598334306826864,1,0,0,1,-0.8118286294235724,-1.4709447454046127,0.0,0,0,0,1,0,0,1,0,0,0,0,0,0,0,1
0.21995112366061845,1.7069985351184507,1,0,0,1,-1.389475576292901,1.478170076718815,0.0,0,0,0,1,0,0,0,1,0,0,1,0,0,0,0
-0.8586886471994397,-0.7241979132771698,1,0,1,0,-1.5338873130102333,-0.8811217809799272,0.0,0,0,0,1,0,1,0,0,0,0,0,0,0,1,0
-0.6618466959778028,0.7511206078743585,1,0,1,0,0.48787700103241705,-0.29129881655524165,0.0,0,0,0,0,1,0,1,0,0,1,0,0,0,0,0
0.06524588752615877,-1.1927969628034174,0,0,0,0,-0.9562403661409046,-0.8811217809799272,0.0,0,0,0,0,1,1,0,0,0,0,0,0,0,1,0
0.6701133280884813,-0.18335352915296618,1,0,1,0,-1.1006521028582368,-0.29129881655524165,0.0,0,0,0,1,0,0,0,0,1,1,0,0,0,0,0
0.7432617145018502,-0.8652232890106811,1,0,1,1,1.0655239479017458,-1.4709447454046127,0.0,0,0,1,0,0,0,0,1,0,0,0,0,0,0,1
-1.0690610570493024,0.7905232357764296,1,0,1,0,-1.5338873130102333,0.2985241478694439,0.0,0,0,1,0,0,0,0,0,1,0,0,1,0,0,0
-1.7126249100398427,1.5458968696487931,1,0,0,1,-0.08976994583691159,0.8883471122941295,0.0,0,0,0,0,1,0,0,0,1,0,0,0,1,0,0
0.21314743567857006,1.4366797846522412,0,0,1,1,-0.6674168927062403,-0.29129881655524165,0.0,0,0,0,0,1,0,0,1,0,1,0,0,0,0,0
-1.4739539130745125,0.9247559467129969,1,0,1,0,-0.6674168927062403,1.478170076718815,0.0,0,0,0,0,1,0,0,1,0,0,1,0,0,0,0
-1.3831669830488957,0.5635378938562084,1,0,0,0,-0.3785934192715759,-1.4709447454046127,0.0,0,0,0,1,0,0,1,0,0,0,0,0,0,0,1
-0.5095293934978851,-0.17862107614088177,1,0,1,0,-0.3785934192715759,-0.29129881655524165,0.0,0,0,0,1,0,0,1,0,0,1,0,0,0,0,0
-1.372849571314556,1.1118128326186936,1,0,1,0,-1.389475576292901,0.2985241478694439,0.0,0,0,0,1,0,0,1,0,0,0,0,1,0,0,0
0.06129513345641839,1.6592429983480557,1,0,0,0,0.7767004744670813,1.478170076718815,0.0,0,0,0,1,0,0,0,1,0,0,1,0,0,0,0
1.2340712346950238,-1.1196982350393478,1,0,0,0,0.05464179088042058,-0.29129881655524165,0.0,0,0,0,0,1,0,0,1,0,1,0,0,0,0,0
1.5435830979975917,0.2855386048949773,1,0,0,1,-0.9562403661409046,-0.8811217809799272,0.0,0,0,0,1,0,0,0,0,1,0,0,0,0,1,0
-0.9969160922447967,-1.0430135319510034,0,0,0,0,0.7767004744670813,0.8883471122941295,0.0,0,0,0,0,1,1,0,0,0,0,0,0,1,0,0
0.8456946284268521,-0.5152027889092611,0,0,1,0,0.48787700103241705,-1.4709447454046127,0.0,0,0,1,0,0,0,0,0,1,0,0,0,0,0,1
-0.2883955491111543,-0.07288652487271254,1,0,0,0,-1.5338873130102333,-1.4709447454046127,0.0,0,0,1,0,0,1,0,0,0,0,0,0,0,0,1
-1.3241678901932605,-1.3561484829837376,1,0,1,0,-0.3785934192715759,0.2985241478694439,0.0,0,0,0,0,1,0,1,0,0,0,0,1,0,0,0
1.5869365054885474,0.9038607443427014,1,0,1,0,-0.23418168255424376,-1.4709447454046127,0.0,0,0,0,1,0,0,0,0,1,0,0,0,0,0,1
1.1376728353933596,-1.6604305574346678,1,0,0,0,1.4987591580537423,-0.8811217809799272,0.0,0,0,0,1,0,1,0,0,0,0,0,0,0,1,0
-1.2758358333259239,-0.5088238904958869,1,0,1,0,1.0655239479017458,1.478170076718815,0.0,0,0,0,0,1,1,0,0,0,0,1,0,0,0,0
0.7850138429096722,-1.6518621452415683,0,0,1,0,-1.389475576292901,-0.29129881655524165,0.0,0,0,1,0,0,0,0,1,0,1,0,0,0,0,0
-0.2172260359751952,0.7604044911057151,0,0,0,0,0.19905352759775274,0.8883471122941295,0.0,0,0,0,1,0,0,0,0,1,0,0,0,1,0,0
0.06447321792490866,1.3404618602061869,1,0,1,0,-0.6674168927062403,-1.4709447454046127,0.0,0,0,0,1,0,0,0,1,0,0,0,0,0,0,1
1.256048615298907,-1.062667435170588,1,0,1,0,-1.2450638395755689,1.478170076718815,0.0,0,0,0,0,1,0,0,1,0,0,1,0,0,0,0
-0.20341587794380203,0.09532675031455758,1,0,1,1,0.9211122111844136,-0.8811217809799272,0.0,0,0,0,0,1,0,1,0,0,0,0,0,0,1,0
0.12211227243264214,0.2783752743794178,1,0,0,0,-0.23418168255424376,-0.29129881655524165,0.0,0,0,0,0,1,0,0,1,0,1,0,0,0,0,0
-1.5244746177716344,0.6027508788324761,0,0,1,1,0.05464179088042058,0.2985241478694439,0.0,0,0,0,1,0,0,1,0,0,0,0,1,0,0,0
1.4973487866540105,1.232986042073826,1,0,0,0,0.48787700103241705,0.8883471122941295,0.0,0,0,1,0,0,1,0,0,0,0,0,0,1,0,0
1.2021085853980626,-1.5233187220790911,1,0,0,0,1.2099356846190779,1.478170076718815,0.0,0,0,0,0,1,1,0,0,0,0,1,0,0,0,0
1.2152055099513785,-0.47879134715508326,0,0,1,0,-0.6674168927062403,0.2985241478694439,0.0,0,0,0,1,0,0,0,0,1,0,0,1,0,0,0
-0.535107903917549,-0.13757200283752113,1,0,1,0,-0.8118286294235724,-1.4709447454046127,0.0,0,0,1,0,0,1,0,0,0,0,0,0,0,0,1
1.3253161724933271,0.7035202334978031,1,0,1,0,-1.6782990497275654,-0.29129881655524165,0.0,0,0,0,1,0,0,1,0,0,1,0,0,0,0,0
1.206017384557328,0.5675117751650803,1,0,1,0,0.9211122111844136,0.2985241478694439,0.0,0,0,1,0,0,0,1,0,0,0,0,1,0,0,0
1.0947949168877886,0.9757957541529799,1,0,0,0,0.3434652643150849,0.8883471122941295,0.0,0,0,0,0,1,1,0,0,0,0,0,0,1,0,0
-0.7640698353504288,-1.2581548111415275,1,0,0,0,1.0655239479017458,-1.4709447454046127,0.0,0,0,0,1,0,0,1,0,0,0,0,0,0,0,1
-0.46584733920820753,-1.3605878514741263,1,0,1,1,1.2099356846190779,1.478170076718815,0.0,0,0,0,0,1,0,0,0,1,0,1,0,0,0,0
-1.1002055855919988,0.9804420058351532,1,0,1,0,0.48787700103241705,1.478170076718815,0.0,0,0,1,0,0,0,1,0,0,0,1,0,0,0,0
0.7911427560815794,1.6185904511622833,1,0,0,0,-0.23418168255424376,-0.29129881655524165,0.0,0,0,1,0,0,0,0,1,0,1,0,0,0,0,0
-0.675698808919671,0.7719209887817525,0,0,1,0,-0.9562403661409046,0.8883471122941295,0.0,0,0,0,0,1,0,1,0,0,0,0,0,1,0,0
-0.4641271878787278,-1.2119939989744766,1,0,1,0,-0.23418168255424376,0.8883471122941295,0.0,0,0,0,0,1,1,0,0,0,0,0,0,1,0,0
0.958661721123648,1.0734704810745208,1,0,1,0,0.7767004744670813,-0.29129881655524165,0.0,0,0,0,1,0,0,1,0,0,1,0,0,0,0,0
-0.8465601818295909,-0.3990723572538905,1,0,1,0,0.05464179088042058,-0.8811217809799272,0.0,0,0,0,1,0,0,1,0,0,0,0,0,0,1,0
0.9884636925311404,0.49376653742668264,1,0,1,0,-0.3785934192715759,-1.4709447454046127,0.0,0,0,1,0,0,0,0,1,0,0,0,0,0,0,1
0.1404640495229668,-0.8961092255175985,1,0,1,0,0.3434652643150849,-0.8811217809799272,0.0,0,0,1,0,0,0,0,0,1,0,0,0,0,1,0
0.41038795854972093,0.29033139883799874,0,0,1,0,-1.1006521028582368,0.8883471122941295,0.0,0,0,0,0,1,0,1,0,0,0,0,0,1,0,0
-1.001891245378638,-0.7257064365506029,1,0,0,0,0.3434652643150849,0.8883471122941295,0.0,0,0,1,0,0,1,0,0,0,0,0,0,1,0,0
-0.20849591835383086,-0.6718737060215207,1,0,0,1,-0.5230051559889081,0.2985241478694439,0.0,0,0,1,0,0,0,0,1,0,0,0,1,0,0,0
-0.2592333900884074,1.712739543690487,1,0,1,0,-0.8118286294235724,0.2985241478694439,0.0,0,0,0,0,1,1,0,0,0,0,0,1,0,0,0
1.4003700110907744,-1.596650193433919,0,0,0,0,-1.6782990497275654,-1.4709447454046127,0.0,0,0,0,0,1,0,1,0,0,0,0,0,0,0,1
1.1144857548707778,0.9720287560358929,1,1,1,0,1.2099356846190779,0.2985241478694439,0.0,0,0,0,1,0,0,0,1,0,0,0,1,0,0,0
-1.2918346391871023,0.2544975059942207,0,0,1,0,-0.3785934192715759,-0.29129881655524165,0.0,0,0,0,1,0,0,0,0,1,1,0,0,0,0,0
-1.354312493369633,1.6374340618807102,1,0,1,0,0.3434652643150849,1.478170076718815,0.0,0,0,1,0,0,1,0,0,0,0,1,0,0,0,0
-0.7300304179849495,1.559732183099422,1,0,1,0,-1.1006521028582368,-0.29129881655524165,0.0,0,0,1,0,0,1,0,0,0,1,0,0,0,0,0
1.0455678219303166,-0.21650656063652884,1,0,1,0,1.35434742133641,1.478170076718815,0.0,0,0,0,1,0,1,0,0,0,0,1,0,0,0,0
0.21192375078971243,1.5269670576004561,1,0,1,0,-1.6782990497275654,1.478170076718815,0.0,0,0,0,0,1,1,0,0,0,0,1,0,0,0,0
1.0722896036604272,1.1631457245803722,1,0,1,1,0.3434652643150849,1.478170076718815,0.0,0,0,0,1,0,1,0,0,0,0,1,0,0,0,0
0.6937024765031166,-0.12280571502385938,0,0,1,0,0.7767004744670813,1.478170076718815,0.0,0,0,0,1,0,0,0,1,0,0,1,0,0,0,0
0.4436861724968066,0.5721580268472544,1,0,1,0,-1.6782990497275654,0.8883471122941295,0.0,0,0,0,0,1,0,0,0,1,0,0,0,1,0,0
-0.43549296147945943,1.27290587795536,1,0,1,0,-1.2450638395755689,0.2985241478694439,0.0,0,0,0,0,1,1,0,0,0,0,0,1,0,0,0
-1.0602365408793692,0.9543661035372392,1,0,1,0,-0.6674168927062403,0.2985241478694439,0.0,0,0,0,1,0,1,0,0,0,0,0,1,0,0,0
0.2422816247610002,1.4665744058651888,0,0,1,0,-1.5338873130102333,1.478170076718815,0.0,0,0,1,0,0,0,1,0,0,0,1,0,0,0,0
-0.2930070930208779,1.7215751800063093,1,0,1,0,1.4987591580537423,-1.4709447454046127,0.0,0,0,0,1,0,0,0,1,0,0,0,0,0,0,1
1.5027330001649846,-0.16467370096136957,1,1,1,0,-0.08976994583691159,-1.4709447454046127,0.0,0,0,0,1,0,0,0,1,0,0,0,0,0,0,1
-0.7895294735237466,0.5165840294539811,0,0,1,0,0.3434652643150849,-0.8811217809799272,0.0,0,0,0,0,1,0,0,0,1,0,0,0,0,1,0
-1.4856068894589767,-0.7906677587711246,0,0,1,0,-0.9562403661409046,-1.4709447454046127,0.0,0,0,0,1,0,0,0,0,1,0,0,0,0,0,1
-0.3230747788613795,0.9270402819556238,0,0,1,0,1.2099356846190779,1.478170076718815,0.0,0,0,0,0,1,0,1,0,0,0,1,0,0,0,0
-1.1821994656305386,0.7058304291394033,0,0,1,0,0.7767004744670813,-0.29129881655524165,0.0,0,0,0,0,1,0,0,0,1,1,0,0,0,0,0
1.1657336780161347,-0.22042872114745451,1,0,0,0,0.9211122111844136,-1.4709447454046127,0.0,0,0,0,1,0,0,0,0,1,0,0,0,0,0,1
0.427344734866748,1.5671282572057392,0,0,1,0,-0.23418168255424376,-0.8811217809799272,0.0,0,0,0,1,0,0,0,1,0,0,0,0,0,1,0
1.6454076657207042,-1.1953054215038117,1,0,1,0,-0.23418168255424376,0.8883471122941295,0.0,0,0,0,1,0,0,1,0,0,0,0,0,1,0,0
1.2522272222031314,0.4386580272149258,1,0,0,0,0.7767004744670813,0.8883471122941295,0.0,0,0,1,0,0,0,0,0,1,0,0,0,1,0,0
1.1480601719784913,0.7775326953589236,1,0,1,0,1.4987591580537423,-0.8811217809799272,0.0,0,0,0,0,1,0,0,0,1,0,0,0,0,1,0
-0.1376130971061183,-0.6716840630957179,1,0,1,0,1.35434742133641,0.8883471122941295,0.0,0,0,1,0,0,0,0,0,1,0,0,0,1,0,0
0.3014869959264716,-0.5693113636940563,1,0,1,0,-1.5338873130102333,-0.29129881655524165,0.0,0,0,0,1,0,0,0,0,1,1,0,0,0,0,0
-1.4359602453967533,1.3633224528984402,1,0,1,0,-0.8118286294235724,-0.29129881655524165,0.0,0,0,0,0,1,1,0,0,0,1,0,0,0,0,0
1.1447492302934967,-1.1343438409911348,0,0,0,1,-1.5338873130102333,0.8883471122941295,0.0,0,0,0,1,0,0,0,0,1,0,0,0,1,0,0
1.7292091031522132,1.2523813413036793,1,0,0,0,0.05464179088042058,0.2985241478694439,0.0,0,0,1,0,0,0,0,0,1,0,0,1,0,0,0
0.24401576106063846,-0.2305487572789426,1,0,1,0,-0.5230051559889081,0.8883471122941295,0.0,0,0,0,1,0,1,0,0,0,0,0,0,1,0,0
0.8652910678612721,-0.8482674874172937,1,0,1,1,-1.1006521028582368,1.478170076718815,0.0,0,0,0,0,1,0,0,1,0,0,1,0,0,0,0
1.5790594710468437,-1.0314625537430018,0,0,0,1,1.0655239479017458,-1.4709447454046127,0.0,0,0,0,0,1,0,0,0,1,0,0,0,0,0,1
-0.05979023441731308,0.9625983305436883,1,0,1,1,0.05464179088042058,-1.4709447454046127,0.0,0,0,1,0,0,1,0,0,0,0,0,0,0,0,1
-0.06948181873706553,-0.5128150120707413,1,0,1,0,0.05464179088042058,0.2985241478694439,0.0,0,0,0,1,0,1,0,0,0,0,0,1,0,0,0
0.5127194814410744,-0.57560406077752,0,0,1,0,0.3434652643150849,0.2985241478694439,0.0,0,0,0,0,1,1,0,0,0,0,0,1,0,0,0
-1.516503184781362,-0.03548376782456437,1,0,1,0,-1.2450638395755689,-0.29129881655524165,0.0,0,0,1,0,0,0,0,0,1,1,0,0,0,0,0
-0.9302252658020563,0.8905512590045265,0,0,0,0,-0.08976994583691159,0.8883471122941295,0.0,0,0,0,0,1,0,0,1,0,0,0,0,1,0,0
1.5819998110226416,-0.8580858188940951,1,0,1,0,1.2099356846190779,0.2985241478694439,0.0,0,0,0,1,0,0,0,0,1,0,0,1,0,0,0
1.6828699045324451,-0.3813493638243001,1,0,1,0,0.3434652643150849,0.8883471122941295,0.0,0,0,1,0,0,0,0,0,1,0,0,0,1,0,0
1.2345711973781857,-0.1909737267170505,1,1,1,1,0.6322887377497493,0.2985241478694439,0.0,0,0,0,0,1,0,0,0,1,0,0,1,0,0,0
0.6723194571309645,1.177825811064123,0,0,1,0,-0.8118286294235724,-0.29129881655524165,0.0,0,0,0,1,0,0,0,1,0,1,0,0,0,0,0
0.9651087923666581,1.4397830325290182,1,0,0,0,-1.2450638395755689,1.478170076718815,0.0,0,0,0,0,1,0,0,1,0,0,1,0,0,0,0
0.3336943822012042,-0.7041992047379431,1,0,1,0,-0.08976994583691159,-1.4709447454046127,0.0,0,0,1,0,0,0,0,1,0,0,0,0,0,0,1
-0.8844699396864001,-0.3646866467526084,0,0,0,0,-1.389475576292901,0.8883471122941295,0.0,0,0,0,1,0,1,0,0,0,0,0,0,1,0,0
1.7040781117776176,1.63446873613179,1,0,1,0,-1.5338873130102333,-0.8811217809799272,0.0,0,0,1,0,0,0,0,0,1,0,0,0,0,1,0
0.9190912480605323,-1.2151317273832172,0,0,0,1,-1.1006521028582368,1.478170076718815,0.0,0,0,0,0,1,0,0,1,0,0,1,0,0,0,0
1.6031415896595613,-0.0746967528008321,0,0,0,0,1.6431708947710744,0.8883471122941295,0.0,0,0,1,0,0,0,0,1,0,0,0,0,1,0,0
-0.539009710591735,1.0062851645423092,0,0,1,0,-0.23418168255424376,0.2985241478694439,0.0,0,0,1,0,0,1,0,0,0,0,0,1,0,0,0
0.7232562146902981,-0.8831445454990655,1,0,0,0,-1.5338873130102333,-0.29129881655524165,0.0,0,0,0,1,0,1,0,0,0,1,0,0,0,0,0
-1.7030242280261196,-1.135490318678944,1,0,1,1,1.6431708947710744,0.8883471122941295,0.0,0,0,0,0,1,0,1,0,0,0,0,0,1,0,0
1.4804934013706321,0.9246611252500954,1,0,1,0,0.6322887377497493,0.8883471122941295,0.0,0,0,0,0,1,0,0,1,0,0,0,0,1,0,0
-1.2794334668991654,0.9602967550350789,1,0,1,1,-1.6782990497275654,-0.8811217809799272,0.0,0,0,0,1,0,1,0,0,0,0,0,0,0,1,0
0.7766053796019505,-1.3648892978366582,1,0,0,1,1.2099356846190779,-0.8811217809799272,0.0,0,0,1,0,0,0,1,0,0,0,0,0,0,1,0
-1.1139598037427585,-0.2178168208511678,0,0,1,0,0.19905352759775274,0.8883471122941295,0.0,0,0,0,1,0,0,0,0,1,0,0,0,1,0,0
1.2584540301661467,1.3834246030335597,1,0,0,0,0.9211122111844136,0.8883471122941295,0.0,0,0,0,1,0,1,0,0,0,0,0,0,1,0,0
-0.4758885477819193,-0.9614325933237446,1,0,1,0,-0.5230051559889081,0.8883471122941295,0.0,0,0,0,0,1,0,1,0,0,0,0,0,1,0,0
-1.2759966604827453,-0.13396878724726408,1,0,1,0,1.0655239479017458,1.478170076718815,0.0,0,0,0,0,1,1,0,0,0,0,1,0,0,0,0
0.3379597980995078,-1.4024730776776184,1,1,1,0,-1.389475576292901,-1.4709447454046127,0.0,0,0,1,0,0,0,0,1,0,0,0,0,0,0,1
-0.34152095450027314,1.421387668726126,1,0,0,1,-0.08976994583691159,-1.4709447454046127,0.0,0,0,1,0,0,0,1,0,0,0,0,0,0,0,1
-1.4825826396622284,-1.5538857136653401,1,0,0,0,0.05464179088042058,-0.29129881655524165,0.0,0,0,1,0,0,1,0,0,0,1,0,0,0,0,0
0.8204832234738453,-1.4382638698564412,0,1,1,1,0.48787700103241705,0.2985241478694439,0.0,0,0,1,0,0,0,0,0,1,0,0,1,0,0,0
0.014623791795388764,-0.1719490932058124,1,0,1,0,1.6431708947710744,-0.29129881655524165,0.0,0,0,0,0,1,0,0,1,0,1,0,0,0,0,0
-0.5631163029022301,0.5211182194072714,1,0,0,0,-1.2450638395755689,0.8883471122941295,0.0,0,0,0,1,0,0,0,0,1,0,0,0,1,0,0
0.868969115012924,1.0630401201553557,1,0,1,1,0.6322887377497493,1.478170076718815,0.0,0,0,0,1,0,1,0,0,0,0,1,0,0,0,0
1.6775416309021052,-1.0968807430120493,1,0,0,0,-0.3785934192715759,-0.8811217809799272,0.0,0,0,1,0,0,0,1,0,0,0,0,0,0,1,0
0.3121435431871519,-0.8196572660200122,1,0,1,0,-1.5338873130102333,-0.29129881655524165,0.0,0,0,0,1,0,0,0,1,0,1,0,0,0,0,0
1.4292909293782892,-1.495880838768592,1,0,1,0,-0.23418168255424376,1.478170076718815,0.0,0,0,0,1,0,0,1,0,0,0,1,0,0,0,0
-0.07706866504798272,-1.6895838472103852,1,0,1,0,1.4987591580537423,-0.8811217809799272,0.0,0,0,0,1,0,0,1,0,0,0,0,0,0,1,0
1.0861871677553103,1.1637577540227364,1,0,1,0,0.7767004744670813,-1.4709447454046127,0.0,0,0,1,0,0,0,0,0,1,0,0,0,0,0,1
-1.702359941943597,0.004056782205363597,1,0,1,0,-0.3785934192715759,-1.4709447454046127,0.0,0,0,0,1,0,1,0,0,0,0,0,0,0,0,1
-0.08108584772597524,1.18101526027081,0,0,0,1,0.48787700103241705,0.8883471122941295,0.0,0,0,1,0,0,0,0,0,1,0,0,0,1,0,0
0.7993064824115294,0.6501443700172467,1,0,1,0,1.35434742133641,0.2985241478694439,0.0,0,0,1,0,0,0,0,0,1,0,0,1,0,0,0
-0.7916307152900421,0.22243923140052085,1,0,0,0,0.05464179088042058,-1.4709447454046127,0.0,0,0,0,1,0,0,0,0,1,0,0,0,0,0,1
1.1005182659251027,0.1895620441726718,1,0,1,0,0.3434652643150849,-1.4709447454046127,0.0,0,0,1,0,0,0,0,1,0,0,0,0,0,0,1
0.15668311866413978,-0.5451922315851098,0,0,1,0,0.7767004744670813,0.8883471122941295,0.0,0,0,0,1,0,0,0,0,1,0,0,0,1,0,0
0.5745190645709239,1.2557000925052322,1,0,1,0,0.05464179088042058,1.478170076718815,0.0,0,0,0,1,0,0,1,0,0,0,1,0,0,0,0
1.6988722066361635,1.1214501413026832,1,0,1,0,-0.5230051559889081,-0.8811217809799272,0.0,0,0,0,0,1,0,1,0,0,0,0,0,0,1,0
1.0415681204650218,-0.8937214486790789,1,0,0,1,0.05464179088042058,-0.29129881655524165,0.0,0,0,0,1,0,0,1,0,0,1,0,0,0,0,0
0.70682387475421,1.4262494237330754,1,0,0,1,-0.6674168927062403,1.478170076718815,0.0,0,0,1,0,0,0,0,1,0,0,1,0,0,0,0
-0.4728852754404087,0.11770461555931283,1,0,1,0,0.9211122111844136,-0.29129881655524165,0.0,0,0,0,0,1,0,1,0,0,1,0,0,0,0,0
1.504788790778265,-0.9173837137395,1,0,1,0,-0.5230051559889081,0.2985241478694439,0.0,0,0,1,0,0,0,0,1,0,0,0,1,0,0,0
1.5647493503322887,1.5538273920005552,1,0,1,0,0.3434652643150849,0.2985241478694439,0.0,0,0,0,1,0,0,0,1,0,0,0,1,0,0,0
-0.26723628926153636,0.8779486245716174,1,0,0,0,-1.2450638395755689,1.478170076718815,0.0,0,0,0,1,0,0,1,0,0,0,1,0,0,0,0
-0.2206803236043133,1.409026398016966,0,0,1,0,-1.389475576292901,-0.29129881655524165,0.0,0,0,1,0,0,0,0,1,0,1,0,0,0,0,0
0.06369005959603986,-0.15809653948920144,1,0,1,1,1.35434742133641,1.478170076718815,0.0,0,0,1,0,0,0,0,1,0,0,1,0,0,0,0
-0.5797164624802187,-0.6700203774284458,1,1,1,0,0.6322887377497493,0.2985241478694439,0.0,0,0,0,0,1,0,0,1,0,0,0,1,0,0,0
-0.07569114548738314,-0.20036967167729064,1,0,1,0,1.4987591580537423,0.2985241478694439,0.0,0,0,0,1,0,0,1,0,0,0,0,1,0,0,0
0.8619171938105644,-0.606248633560688,1,0,1,0,-0.08976994583691159,-1.4709447454046127,0.0,0,0,0,1,0,0,0,0,1,0,0,0,0,0,1
-1.2505999546751403,1.0753755304655421,1,0,1,0,-1.5338873130102333,-0.29129881655524165,0.0,0,0,1,0,0,0,0,1,0,1,0,0,0,0,0
-0.4203157726150852,-0.013174863643737416,0,0,1,0,-1.389475576292901,-0.29129881655524165,0.0,0,0,0,0,1,0,0,1,0,1,0,0,0,0,0
0.9793524844729607,1.198858935562275,0,0,1,0,-1.1006521028582368,0.8883471122941295,0.0,0,0,0,1,0,1,0,0,0,0,0,0,1,0,0
-0.5730246542594373,-1.143188097439948,0,0,1,0,0.19905352759775274,0.2985241478694439,0.0,0,0,0,1,0,1,0,0,0,0,0,1,0,0,0
-1.0163237345820786,0.16152937168579046,1,0,1,0,1.0655239479017458,0.2985241478694439,0.0,0,0,0,0,1,0,1,0,0,0,0,1,0,0,0
0.30587128407112146,-0.4563962416443459,1,0,1,1,-0.3785934192715759,1.478170076718815,0.0,0,0,1,0,0,0,0,0,1,0,1,0,0,0,0
1.3615896888416066,-0.14467499242214318,1,0,1,0,1.6431708947710744,0.2985241478694439,0.0,0,0,0,0,1,0,1,0,0,0,0,1,0,0,0
-0.5885130087098353,-1.6494312677380933,1,0,1,0,1.35434742133641,-0.29129881655524165,0.0,0,0,0,0,1,0,0,0,1,1,0,0,0,0,0
-0.2620059104223049,0.7957901370339587,1,0,1,0,-1.5338873130102333,-0.8811217809799272,0.0,0,0,1,0,0,0,1,0,0,0,0,0,0,1,0
1.293755591088419,-0.2954324983025453,1,0,1,0,0.9211122111844136,-0.29129881655524165,0.0,0,0,1,0,0,0,0,0,1,1,0,0,0,0,0
-1.1643406587382965,-0.3659365660363099,1,0,1,0,-1.6782990497275654,0.2985241478694439,0.0,0,0,0,0,1,0,0,0,1,0,0,1,0,0,0
0.3648179332886631,-0.19891286920180384,1,0,1,0,-0.8118286294235724,-1.4709447454046127,0.0,0,0,1,0,0,1,0,0,0,0,0,0,0,0,1
0.4945879676307441,1.3805282383485677,0,0,1,0,-0.3785934192715759,-1.4709447454046127,0.0,0,0,1,0,0,1,0,0,0,0,0,0,0,0,1
0.6638515577000696,0.8810777328473671,1,1,1,0,-1.6782990497275654,1.478170076718815,0.0,0,0,0,1,0,0,0,1,0,0,1,0,0,0,0
-0.2966117190791983,-0.4464141276407148,1,0,0,0,-1.2450638395755689,1.478170076718815,0.0,0,0,0,1,0,1,0,0,0,0,1,0,0,0,0
0.09985169618305217,-0.1593809393048675,0,0,0,0,-0.5230051559889081,-0.8811217809799272,0.0,0,0,0,1,0,0,0,0,1,0,0,0,0,1,0
0.13467427187740064,-1.5118625653339912,1,0,0,0,0.05464179088042058,-0.8811217809799272,0.0,0,0,0,1,0,1,0,0,0,0,0,0,0,1,0
-0.08778115218929643,1.0658589036434274,1,0,1,0,1.6431708947710744,-1.4709447454046127,0.0,0,0,1,0,0,0,1,0,0,0,0,0,0,0,1
-0.29377626637958837,-0.3774530637123474,1,0,0,1,1.6431708947710744,0.2985241478694439,0.0,0,0,0,0,1,0,1,0,0,0,0,1,0,0,0
-0.4154804691828278,0.40873754560300535,0,0,0,0,0.7767004744670813,-0.29129881655524165,0.0,0,0,0,0,1,1,0,0,0,1,0,0,0,0,0
1.689610660148781,1.625753781677843,1,0,0,0,-0.5230051559889081,1.478170076718815,0.0,0,0,0,0,1,1,0,0,0,0,1,0,0,0,0
-1.2779160976369819,0.152650634705013,1,0,1,0,-1.2450638395755689,0.2985241478694439,0.0,0,0,1,0,0,0,0,0,1,0,0,1,0,0,0
-0.6567072194446006,1.4246546991297324,1,0,0,0,0.05464179088042058,0.2985241478694439,0.0,0,0,0,0,1,0,0,1,0,0,0,1,0,0,0
0.9267375304946227,1.3616242866992048,1,0,1,0,0.7767004744670813,-0.8811217809799272,0.0,0,0,1,0,0,0,1,0,0,0,0,0,0,1,0
1.4664769650294027,-1.254861920338948,1,0,1,0,0.9211122111844136,-0.8811217809799272,0.0,0,0,0,0,1,0,1,0,0,0,0,0,0,1,0
0.25868599475677156,-0.8037272602525594,1,0,0,0,-0.8118286294235724,-0.29129881655524165,0.0,0,0,1,0,0,0,0,1,0,1,0,0,0,0,0
-0.6644339154571016,-0.0690591858246881,0,0,0,0,-0.23418168255424376,0.8883471122941295,0.0,0,0,0,0,1,0,1,0,0,0,0,0,1,0,0
0.8710773492642986,-1.359967201898771,1,0,1,0,1.6431708947710744,1.478170076718815,0.0,0,0,1,0,0,0,1,0,0,0,1,0,0,0,0
-0.2830323130554186,-0.9155993462103533,1,0,1,0,0.3434652643150849,1.478170076718815,0.0,0,0,0,1,0,0,0,0,1,0,1,0,0,0,0
-0.940644068570044,0.8113580972157876,1,0,0,1,-1.389475576292901,-0.8811217809799272,0.0,0,0,1,0,0,0,1,0,0,0,0,0,0,1,0
-0.36561006559807036,-0.4766707944392859,1,0,1,0,-0.23418168255424376,-0.29129881655524165,0.0,0,0,0,1,0,1,0,0,0,1,0,0,0,0,0
1.1352988867089762,0.545633877633806,1,0,0,0,0.6322887377497493,-0.29129881655524165,0.0,0,0,1,0,0,0,0,1,0,1,0,0,0,0,0
0.709264252046846,-0.031552987180647474,1,0,1,0,0.3434652643150849,0.2985241478694439,0.0,0,0,0,0,1,0,0,0,1,0,0,1,0,0,0
1.3235925249213076,0.007073828752229671,1,0,1,1,0.19905352759775274,-0.8811217809799272,0.0,0,0,1,0,0,0,0,0,1,0,0,0,0,1,0
-1.378324687131559,0.06605277867696557,1,1,1,0,1.0655239479017458,-1.4709447454046127,0.0,0,0,0,0,1,1,0,0,0,0,0,0,0,0,1
1.2814523135915912,-1.6880322232719969,1,0,1,0,0.6322887377497493,0.8883471122941295,0.0,0,0,0,1,0,0,1,0,0,0,0,0,1,0,0
-0.36006502493027553,1.2069015196429207,0,0,1,0,-1.5338873130102333,-0.8811217809799272,0.0,0,0,0,1,0,0,0,1,0,0,0,0,0,1,0
-0.4856745306502406,0.1935445456145349,1,0,1,0,-1.2450638395755689,0.2985241478694439,0.0,0,0,1,0,0,0,0,1,0,0,0,1,0,0,0
0.23896019434838667,-0.8428109432339617,1,0,1,0,-0.08976994583691159,-1.4709447454046127,0.0,0,0,0,1,0,0,1,0,0,0,0,0,0,0,1
-0.3356192970934398,0.33814727653933035,1,0,1,0,-1.389475576292901,0.8883471122941295,0.0,0,0,1,0,0,0,1,0,0,0,0,0,1,0,0
-1.6683659757311322,-1.5588336700022005,1,0,1,0,-0.5230051559889081,0.2985241478694439,0.0,0,0,0,1,0,0,0,1,0,0,0,1,0,0,0
1.2558458332316098,1.2965250423508254,1,0,1,0,-1.389475576292901,0.2985241478694439,0.0,0,0,0,0,1,1,0,0,0,0,0,1,0,0,0
0.3921655424333609,-0.8814291390338473,1,1,1,0,0.7767004744670813,-1.4709447454046127,0.0,0,0,0,0,1,0,0,1,0,0,0,0,0,0,1
1.5483379878514378,-1.6884804701875313,0,0,1,0,-1.6782990497275654,0.2985241478694439,0.0,0,0,0,1,0,0,1,0,0,0,0,1,0,0,0
-0.8964655478397444,-1.4454961614359285,1,0,1,0,1.35434742133641,-0.29129881655524165,0.0,0,0,1,0,0,0,1,0,0,1,0,0,0,0,0
-0.35778197855192123,1.6423302974196237,1,0,0,0,1.0655239479017458,-0.8811217809799272,0.0,0,0,0,0,1,0,1,0,0,0,0,0,0,1,0
0.6816649134392974,0.1495646270942186,1,0,1,0,0.9211122111844136,0.2985241478694439,0.0,0,0,0,0,1,0,0,1,0,0,0,1,0,0,0
1.332535913337587,0.6353780822035849,1,0,1,0,1.0655239479017458,0.8883471122941295,0.0,0,0,0,0,1,0,0,1,0,0,0,0,1,0,0
1.0530602696926645,0.11945450255649533,1,0,1,0,1.2099356846190779,-0.29129881655524165,0.0,0,0,0,1,0,0,1,0,0,1,0,0,0,0,0
-1.098125321280941,-1.4413584976002265,1,0,1,0,-1.6782990497275654,-0.8811217809799272,0.0,0,0,1,0,0,0,0,1,0,0,0,0,0,1,0
-1.4019208280312738,1.4643590316864894,0,0,1,1,-1.5338873130102333,-0.29129881655524165,0.0,0,0,0,1,0,0,1,0,0,1,0,0,0,0,0
-0.9378016233853549,-0.6206011549907796,1,0,0,1,0.05464179088042058,1.478170076718815,0.0,0,0,0,0,1,0,1,0,0,0,1,0,0,0,0
0.07477664468908993,0.04174400364221622,1,0,1,1,0.9211122111844136,1.478170076718815,0.0,0,0,0,0,1,1,0,0,0,0,1,0,0,0,0
0.47100930794372736,0.13918598697299936,1,0,1,0,1.4987591580537423,-0.29129881655524165,0.0,0,0,0,0,1,0,0,1,0,1,0,0,0,0,0
0.9474982186947272,1.0519546291288702,1,0,0,0,0.3434652643150849,-1.4709447454046127,0.0,0,0,0,1,0,0,0,1,0,0,0,0,0,0,1
-0.8413053292925824,-0.5471576219070684,1,0,0,0,1.4987591580537423,-0.29129881655524165,0.0,0,0,0,0,1,0,0,0,1,1,0,0,0,0,0
1.127582679424094,-1.4908035804368662,1,0,0,0,1.4987591580537423,-0.8811217809799272,0.0,0,0,0,0,1,0,0,0,1,0,0,0,0,1,0
-0.5657524697770834,1.301335076559829,1,0,1,1,0.3434652643150849,1.478170076718815,0.0,0,0,0,0,1,0,1,0,0,0,1,0,0,0,0
0.3148636198829553,-1.1634023093039507,1,0,1,0,-0.8118286294235724,-1.4709447454046127,0.0,0,0,1,0,0,0,0,1,0,0,0,0,0,0,1
0.4866864594912633,1.3633483132974138,1,0,1,0,-0.08976994583691159,1.478170076718815,0.0,0,0,0,0,1,1,0,0,0,0,1,0,0,0,0
-1.6513357783207738,-1.4551765707848732,1,0,1,0,0.6322887377497493,-1.4709447454046127,0.0,0,0,1,0,0,0,0,0,1,0,0,0,0,0,1
0.08727221552559597,1.5764466209690602,0,0,1,0,-0.3785934192715759,-1.4709447454046127,0.0,0,0,0,0,1,0,1,0,0,0,0,0,0,0,1
1.621556299115599,-0.026053342332360077,1,0,1,0,1.6431708947710744,1.478170076718815,0.0,0,0,0,0,1,0,0,1,0,0,1,0,0,0,0
0.23490804924499809,-0.3080265126024635,1,0,0,0,-0.23418168255424376,0.8883471122941295,0.0,0,0,0,1,0,1,0,0,0,0,0,0,1,0,0
-0.25750624627384855,0.532143369502819,1,0,1,0,0.9211122111844136,1.478170076718815,0.0,0,0,0,1,0,1,0,0,0,0,1,0,0,0,0
0.32715640865216494,1.6094444900587839,1,0,0,0,-1.389475576292901,-0.29129881655524165,0.0,0,0,1,0,0,1,0,0,0,1,0,0,0,0,0
-1.5599405020932677,0.727346281085054,1,0,1,0,0.19905352759775274,1.478170076718815,0.0,0,0,0,0,1,0,1,0,0,0,1,0,0,0,0
-1.5211357061463229,-1.042970431286048,0,0,1,0,1.0655239479017458,-1.4709447454046127,0.0,0,0,0,0,1,0,0,0,1,0,0,0,0,0,1
0.4033220523772031,-1.3879740139866792,1,0,1,0,-0.3785934192715759,-1.4709447454046127,0.0,0,0,0,1,0,0,0,0,1,0,0,0,0,0,1
-1.1141660820525945,1.6617083563834953,1,0,0,0,0.19905352759775274,-0.8811217809799272,0.0,0,0,1,0,0,0,0,1,0,0,0,0,0,1,0
0.8624626076467411,-0.20278330891478366,1,0,0,0,0.19905352759775274,0.2985241478694439,0.0,0,0,1,0,0,0,0,0,1,0,0,1,0,0,0
-0.5485649414524433,0.849338403174336,1,0,1,0,-0.9562403661409046,-0.8811217809799272,0.0,0,0,1,0,0,0,0,1,0,0,0,0,0,1,0
-1.4668285707788216,-0.28482973472355866,1,0,1,0,-0.8118286294235724,0.8883471122941295,0.0,0,0,0,0,1,0,0,1,0,0,0,0,1,0,0
0.6043035547657183,-1.156738946501872,1,0,1,0,0.7767004744670813,0.2985241478694439,0.0,0,0,1,0,0,1,0,0,0,0,0,1,0,0,0
-0.3733577390658089,0.9489181794868984,1,0,1,0,0.48787700103241705,-0.29129881655524165,0.0,0,0,0,0,1,0,1,0,0,1,0,0,0,0,0
1.2550906448430579,0.8146509880183673,1,0,0,0,1.6431708947710744,-0.29129881655524165,0.0,0,0,0,1,0,0,0,0,1,1,0,0,0,0,0
1.0546720375034173,-1.6660336438788477,1,0,0,0,-1.5338873130102333,-0.29129881655524165,0.0,0,0,0,1,0,0,0,1,0,1,0,0,0,0,0
-0.5086483403779075,1.3559005183931498,1,0,1,0,-0.6674168927062403,-1.4709447454046127,0.0,0,0,1,0,0,0,1,0,0,0,0,0,0,0,1
1.3427834002211352,0.02284005199285264,1,1,1,0,0.3434652643150849,0.8883471122941295,0.0,0,0,0,0,1,0,0,0,1,0,0,0,1,0,0
-0.19958399612040786,0.6040611390471151,1,0,1,0,-0.3785934192715759,-0.8811217809799272,0.0,0,0,0,0,1,1,0,0,0,0,0,0,0,1,0
-1.7096111489707133,-1.0843125891111043,0,0,0,1,0.3434652643150849,0.2985241478694439,0.0,0,0,0,1,0,1,0,0,0,0,0,1,0,0,0
-0.11585947602476927,-1.5484808902799543,1,1,1,0,-0.3785934192715759,-0.8811217809799272,0.0,0,0,1,0,0,0,0,0,1,0,0,0,0,1,0
0.03759760152305573,0.9550039933785772,1,0,1,0,0.19905352759775274,0.8883471122941295,0.0,0,0,1,0,0,0,0,1,0,0,0,0,1,0,0
-0.2813925753043492,0.02896896654948601,0,0,1,1,0.48787700103241705,0.8883471122941295,0.0,0,0,0,0,1,0,0,1,0,0,0,0,1,0,0
-0.07709313874575978,1.1036150861442087,1,0,1,1,0.48787700103241705,-0.8811217809799272,0.0,0,0,0,1,0,0,0,1,0,0,0,0,0,1,0
0.05310693342869108,1.1918852479725186,1,0,1,0,0.7767004744670813,1.478170076718815,0.0,0,0,0,0,1,0,0,0,1,0,1,0,0,0,0
0.002890401832513825,-1.6736279810439592,1,0,1,0,0.7767004744670813,-1.4709447454046127,0.0,0,0,1,0,0,1,0,0,0,0,0,0,0,0,1
1.2507762815491998,0.7670333733758293,1,0,1,0,0.48787700103241705,1.478170076718815,0.0,0,0,0,1,0,1,0,0,0,0,1,0,0,0,0
-0.4960478822652137,0.42562438613246445,1,0,1,0,-1.389475576292901,-0.8811217809799272,0.0,0,0,1,0,0,0,0,0,1,0,0,0,0,1,0
-0.5921595896786309,1.5837220132135026,0,0,0,0,-1.5338873130102333,-0.29129881655524165,0.0,0,0,0,1,0,0,0,1,0,1,0,0,0,0,0
0.7636832671756144,-0.21562730707144218,1,0,1,0,-0.9562403661409046,0.8883471122941295,0.0,0,0,1,0,0,1,0,0,0,0,0,0,1,0,0
0.42655808029533954,-0.8315271891486824,1,0,1,0,-0.5230051559889081,-0.29129881655524165,0.0,0,0,0,1,0,0,0,1,0,1,0,0,0,0,0
-0.44759695315153103,1.4782719263340378,1,0,0,1,-1.1006521028582368,-1.4709447454046127,0.0,0,0,0,1,0,0,1,0,0,0,0,0,0,0,1
0.6688162221062923,-0.7708931736896653,1,0,1,0,0.19905352759775274,0.8883471122941295,0.0,0,0,0,0,1,0,0,0,1,0,0,0,1,0,0
-0.3236621476080311,-0.9605274793596849,1,0,1,0,0.05464179088042058,1.478170076718815,0.0,0,0,0,1,0,1,0,0,0,0,1,0,0,0,0
0.5178344842764993,0.9085931973547858,1,0,1,0,0.19905352759775274,0.8883471122941295,0.0,0,0,1,0,0,1,0,0,0,0,0,0,1,0,0
-1.0220261061641551,0.23780030839056485,0,0,0,1,0.19905352759775274,1.478170076718815,0.0,0,0,0,1,0,0,0,0,1,0,1,0,0,0,0
1.6750732836691526,-1.6870322878450354,1,0,1,1,0.48787700103241705,-0.29129881655524165,0.0,0,0,0,1,0,1,0,0,0,1,0,0,0,0,0
-1.3982532696072403,0.9485044131033282,1,1,0,0,0.19905352759775274,-0.8811217809799272,0.0,0,0,1,0,0,0,0,1,0,0,0,0,0,1,0
0.26868524842000824,-1.6962299697464815,1,1,1,1,1.6431708947710744,0.8883471122941295,0.0,0,0,1,0,0,0,0,0,1,0,0,0,1,0,0
1.474105766250795,1.5393972893735444,1,0,1,0,1.4987591580537423,-1.4709447454046127,0.0,0,0,1,0,0,0,1,0,0,0,0,0,0,0,1
1.2292114575649893,-0.9866120017905898,1,0,0,0,1.0655239479017458,-0.29129881655524165,0.0,0,0,0,0,1,0,0,0,1,1,0,0,0,0,0
-1.4499137493722696,-0.2857089882886453,1,0,0,1,-0.08976994583691159,0.2985241478694439,0.0,0,0,0,1,0,0,1,0,0,0,0,1,0,0,0
0.8506313228927577,-0.2035418806179958,1,0,1,0,0.9211122111844136,1.478170076718815,0.0,0,0,0,0,1,0,0,1,0,0,1,0,0,0,0
-0.5559210357557474,1.4983051154052285,1,0,1,1,0.9211122111844136,0.8883471122941295,0.0,0,0,0,0,1,1,0,0,0,0,0,0,1,0,0
-1.3738215267405631,0.8866721991585558,1,0,1,0,0.05464179088042058,-0.8811217809799272,0.0,0,0,1,0,0,1,0,0,0,0,0,0,0,1,0
0.005579012345461178,0.04357147183631786,1,0,1,0,-1.1006521028582368,0.8883471122941295,0.0,0,0,0,0,1,0,0,1,0,0,0,0,1,0,0
0.061976900751639,-0.40822693849038116,1,0,1,0,0.6322887377497493,-0.8811217809799272,0.0,0,0,1,0,0,0,0,1,0,0,0,0,0,1,0
-1.0075831282330956,1.034343697428164,1,0,1,0,0.9211122111844136,-1.4709447454046127,0.0,0,0,0,1,0,0,1,0,0,0,0,0,0,0,1
-0.8927280645649193,0.335483655445097,1,0,1,0,-0.08976994583691159,-1.4709447454046127,0.0,0,0,0,1,0,0,1,0,0,0,0,0,0,0,1
0.682601906439908,0.10992925560138943,0,0,1,0,-1.2450638395755689,-0.8811217809799272,0.0,0,0,1,0,0,0,0,0,1,0,0,0,0,1,0
1.0342714622848908,0.9514955992512214,1,0,1,0,0.3434652643150849,-1.4709447454046127,0.0,0,0,0,0,1,0,1,0,0,0,0,0,0,0,1
-1.0277040040484544,-0.3306629818369499,0,1,0,0,1.6431708947710744,-1.4709447454046127,0.0,0,0,0,0,1,0,0,0,1,0,0,0,0,0,1
-0.9625270506253579,0.16776172783831667,1,0,0,0,-0.6674168927062403,-0.29129881655524165,0.0,0,0,0,1,0,0,1,0,0,1,0,0,0,0,0
0.9446522772674982,1.4101901159707568,1,0,1,1,1.4987591580537423,0.8883471122941295,0.0,0,0,0,0,1,0,0,1,0,0,0,0,1,0,0
1.005039378411352,-1.2273464558315295,1,1,0,0,-0.23418168255424376,1.478170076718815,0.0,0,0,0,1,0,0,0,1,0,0,1,0,0,0,0
-1.0123799729974174,1.5570082210742515,1,0,1,0,0.7767004744670813,-0.29129881655524165,0.0,0,0,0,0,1,1,0,0,0,1,0,0,0,0,0
-1.5929310466968691,-1.4850108510668834,1,0,1,0,-0.08976994583691159,-1.4709447454046127,0.0,0,0,0,1,0,1,0,0,0,0,0,0,0,0,1
-1.457448152045093,-1.4514354330667594,0,0,0,0,0.05464179088042058,0.2985241478694439,0.0,0,0,0,1,0,0,1,0,0,0,0,1,0,0,0
0.03490199852502936,1.730462537120078,0,0,1,1,-1.6782990497275654,-0.29129881655524165,0.0,0,0,1,0,0,0,0,0,1,1,0,0,0,0,0
-1.3285731557931477,0.15297819975867283,1,0,1,0,1.35434742133641,0.8883471122941295,0.0,0,0,0,0,1,0,0,1,0,0,0,0,1,0,0
-1.069581997187702,0.4532088117038114,1,0,1,0,-0.6674168927062403,-0.8811217809799272,0.0,0,0,1,0,0,0,1,0,0,0,0,0,0,1,0
1.0205557028020664,1.0703327526657807,1,0,0,0,-0.3785934192715759,-0.8811217809799272,0.0,0,0,0,0,1,0,0,0,1,0,0,0,0,1,0
1.2108946429000602,-0.7183103624442851,1,0,1,0,1.2099356846190779,-0.8811217809799272,0.0,0,0,0,0,1,1,0,0,0,0,0,0,0,1,0
-0.062069784553128,-1.4849591302689369,1,0,1,1,-0.8118286294235724,-0.29129881655524165,0.0,0,0,0,0,1,0,0,0,1,1,0,0,0,0,0
0.6132993868200918,0.067785425408166,0,0,1,0,-1.1006521028582368,0.8883471122941295,0.0,0,0,1,0,0,0,0,0,1,0,0,0,1,0,0
-1.437225885196086,1.053032145752751,0,0,1,0,0.19905352759775274,1.478170076718815,0.0,0,0,0,1,0,0,0,1,0,0,1,0,0,0,0
-1.5336277807402892,-1.1956502268234535,1,0,1,0,-1.5338873130102333,-0.29129881655524165,0.0,0,0,0,1,0,0,1,0,0,1,0,0,0,0,0
-0.7507002038790245,1.0577904591638088,1,0,1,0,1.4987591580537423,0.8883471122941295,0.0,0,0,1,0,0,1,0,0,0,0,0,0,1,0,0
1.6518931956316492,0.24703247082397506,1,0,1,0,1.35434742133641,1.478170076718815,0.0,0,0,0,1,0,1,0,0,0,0,1,0,0,0,0
1.4312523214430013,-0.22192000415490545,0,0,0,0,1.4987591580537423,0.8883471122941295,0.0,0,0,0,1,0,0,0,1,0,0,0,0,1,0,0
1.2710020446407466,-1.3162976081661324,1,0,1,1,1.6431708947710744,1.478170076718815,0.0,0,0,1,0,0,0,0,0,1,0,1,0,0,0,0
-0.8903506196379958,-0.8965057516351868,1,0,0,0,0.6322887377497493,-0.29129881655524165,0.0,0,0,0,0,1,0,1,0,0,1,0,0,0,0,0
0.3771701581810458,0.10885173897750869,1,0,0,1,0.7767004744670813,0.8883471122941295,0.0,0,0,0,1,0,0,0,0,1,0,0,0,1,0,0
-1.4709960918860168,-1.5707035931308706,1,0,0,0,0.05464179088042058,-1.4709447454046127,0.0,0,0,0,1,0,0,1,0,0,0,0,0,0,0,1
-0.02501310987597937,1.4484117856530545,1,0,1,0,-0.3785934192715759,0.2985241478694439,0.0,0,0,0,1,0,0,1,0,0,0,0,1,0,0,0
-1.239712655406847,0.43962348210992325,1,0,1,0,-0.08976994583691159,-1.4709447454046127,0.0,0,0,0,1,0,0,0,1,0,0,0,0,0,0,1
1.5098653349457547,-0.2407463746073499,1,0,1,0,0.7767004744670813,-0.29129881655524165,0.0,0,0,0,0,1,0,0,0,1,1,0,0,0,0,0
1.3023143928253438,-1.0356002175787038,1,0,1,0,0.9211122111844136,-0.29129881655524165,0.0,0,0,0,0,1,0,1,0,0,1,0,0,0,0,0
-0.34625486689888235,1.1462071632529665,1,0,0,1,-0.9562403661409046,1.478170076718815,0.0,0,0,1,0,0,0,1,0,0,0,1,0,0,0,0
0.6931116115139254,-0.45287060725100803,1,0,0,0,-0.5230051559889081,-0.29129881655524165,0.0,0,0,0,0,1,1,0,0,0,1,0,0,0,0,0
1.1110209785140406,0.06545798950058336,0,0,1,0,-0.8118286294235724,-0.29129881655524165,0.0,0,0,1,0,0,1,0,0,0,1,0,0,0,0,0
1.3795114280995615,-0.05166375744875756,1,0,1,0,-1.5338873130102333,-1.4709447454046127,0.0,0,0,0,1,0,0,1,0,0,0,0,0,0,0,1
0.5236487356198428,1.495038085001622,1,0,1,0,1.0655239479017458,-0.29129881655524165,0.0,0,0,0,0,1,0,0,1,0,1,0,0,0,0,0
0.3563010864622138,-1.5197758474197713,1,0,0,0,1.6431708947710744,-0.8811217809799272,0.0,0,0,0,1,0,0,0,1,0,0,0,0,0,1,0
-1.0420770571287221,-1.2173126210299519,1,0,1,0,-0.5230051559889081,-0.29129881655524165,0.0,0,0,0,1,0,1,0,0,0,1,0,0,0,0,0
-1.6290367434032484,-1.1160605389171265,1,0,1,0,0.19905352759775274,0.2985241478694439,0.0,0,0,0,1,0,0,0,0,1,0,0,1,0,0,0
-1.0385073934957976,0.8120908085200265,1,0,0,0,-0.6674168927062403,0.8883471122941295,0.0,0,0,0,1,0,0,1,0,0,0,0,0,1,0,0
0.6393289125273631,0.5972167534522246,1,0,1,1,-0.8118286294235724,-1.4709447454046127,0.0,0,0,0,0,1,1,0,0,0,0,0,0,0,0,1
0.7350105821084104,-0.12652961247599137,1,0,1,0,1.35434742133641,0.8883471122941295,0.0,0,0,1,0,0,0,1,0,0,0,0,0,1,0,0
-1.1557923457289911,0.1441770439748149,1,0,1,0,-0.8118286294235724,1.478170076718815,0.0,0,0,1,0,0,0,0,1,0,0,1,0,0,0,0
-1.1035514897023895,-0.39490883301921537,1,0,1,0,1.6431708947710744,-1.4709447454046127,0.0,0,0,1,0,0,0,0,0,1,0,0,0,0,0,1
-1.4121088787916483,-0.5230902105960682,1,0,1,1,1.2099356846190779,-0.8811217809799272,0.0,0,0,0,0,1,0,1,0,0,0,0,0,0,1,0
-0.5662174700348493,-1.5660832018476702,1,0,1,0,-0.23418168255424376,1.478170076718815,0.0,0,0,0,1,0,1,0,0,0,0,1,0,0,0,0
0.5026747766248228,-0.3253271195154924,1,0,1,0,0.05464179088042058,0.8883471122941295,0.0,0,0,0,1,0,1,0,0,0,0,0,0,1,0,0
0.10622185009019108,-1.3063844552264294,1,0,0,0,-0.23418168255424376,-0.8811217809799272,0.0,0,0,1,0,0,0,0,1,0,0,0,0,0,1,0
-1.6110066206265663,-0.4643440042620901,1,0,1,1,-0.6674168927062403,-0.29129881655524165,0.0,0,0,1,0,0,0,1,0,0,1,0,0,0,0,0
0.6991041712267883,0.8206161200481711,1,0,1,0,-1.2450638395755689,-0.8811217809799272,0.0,0,0,0,1,0,0,0,1,0,0,0,0,0,1,0
0.9473863389334599,-0.6081795433506826,1,0,1,0,-0.08976994583691159,-1.4709447454046127,0.0,0,0,0,1,0,0,1,0,0,0,0,0,0,0,1
0.8804682567256461,-0.8322599004529214,1,0,0,0,1.4987591580537423,0.8883471122941295,0.0,0,0,1,0,0,1,0,0,0,0,0,0,1,0,0
1.6662802336820752,0.22231854953864633,1,0,1,0,0.9211122111844136,-0.8811217809799272,0.0,0,0,0,0,1,0,1,0,0,0,0,0,0,1,0
-0.8726876023279709,0.0925165869594768,0,0,0,0,-0.23418168255424376,-0.8811217809799272,0.0,0,0,1,0,0,0,1,0,0,0,0,0,0,1,0
1.286588293882253,0.6778408573174773,1,0,0,0,-0.23418168255424376,-0.8811217809799272,0.0,0,0,0,0,1,0,0,0,1,0,0,0,0,1,0
0.708816733001778,-1.2510604416898967,0,0,0,0,-1.1006521028582368,-0.8811217809799272,0.0,0,0,0,0,1,0,1,0,0,0,0,0,0,1,0
0.13323731619362794,-0.9262883111192504,1,0,1,0,-1.1006521028582368,1.478170076718815,0.0,0,0,0,0,1,0,0,0,1,0,1,0,0,0,0
1.5880238369183606,-0.04420734241150275,1,0,1,0,0.3434652643150849,-1.4709447454046127,0.0,0,0,1,0,0,0,0,0,1,0,0,0,0,0,1
-0.21535904245905238,0.8664838476935262,1,0,0,0,-0.08976994583691159,-1.4709447454046127,0.0,0,0,0,0,1,0,1,0,0,0,0,0,0,0,1
1.0460293259455429,1.2242538473538962,1,0,1,0,0.48787700103241705,-0.8811217809799272,0.0,0,0,0,1,0,1,0,0,0,0,0,0,0,1,0
0.6700154332973726,-1.1365592151698338,1,0,0,0,-0.5230051559889081,-0.8811217809799272,0.0,0,0,0,1,0,0,1,0,0,0,0,0,0,1,0
1.435290481576231,1.100279094676674,1,0,0,0,0.05464179088042058,-1.4709447454046127,0.0,0,0,0,0,1,1,0,0,0,0,0,0,0,0,1
-0.5886213922285627,-0.4113129461011756,1,0,1,0,1.0655239479017458,0.2985241478694439,0.0,0,0,1,0,0,0,0,1,0,0,0,1,0,0,0
1.179834024178314,-0.1131511660738881,1,0,1,1,-0.8118286294235724,-1.4709447454046127,0.0,0,0,0,0,1,0,0,1,0,0,0,0,0,0,1
-0.24759789491664133,0.5254627664347585,1,0,1,0,-1.389475576292901,0.8883471122941295,0.0,0,0,0,0,1,0,1,0,0,0,0,0,1,0,0
-0.568119425976388,0.6626780433862274,1,0,0,0,-1.5338873130102333,-0.8811217809799272,0.0,0,0,0,1,0,0,1,0,0,0,0,0,0,1,0
0.04975753307576081,0.6168534164058274,1,0,0,1,1.35434742133641,-0.8811217809799272,0.0,0,0,1,0,0,0,0,0,1,0,0,0,0,1,0
-1.239118294175116,-0.11519413759276588,1,0,1,0,0.05464179088042058,-0.8811217809799272,0.0,0,0,1,0,0,0,0,1,0,0,0,0,0,1,0
-0.16508657098224166,0.6104227971945071,0,1,1,0,-0.8118286294235724,-0.29129881655524165,0.0,0,0,1,0,0,0,0,1,0,1,0,0,0,0,0
1.2612510241978212,1.2299948559259328,1,0,0,0,1.35434742133641,0.2985241478694439,0.0,0,0,0,0,1,1,0,0,0,0,0,1,0,0,0
0.4774983340972125,0.2793924500723614,1,0,1,0,0.6322887377497493,-0.8811217809799272,0.0,0,0,1,0,0,1,0,0,0,0,0,0,0,1,0
-1.5557589960159144,-0.034294189471799935,1,0,0,0,-0.6674168927062403,0.2985241478694439,0.0,0,0,0,0,1,1,0,0,0,0,0,1,0,0,0
-0.9678483317706189,-0.49714361029302,1,0,0,0,0.7767004744670813,-1.4709447454046127,0.0,0,0,0,1,0,0,1,0,0,0,0,0,0,0,1
0.5178694467018949,-1.5818580452212843,1,1,1,0,1.35434742133641,1.478170076718815,0.0,0,0,1,0,0,0,0,1,0,0,1,0,0,0,0
0.8639624956962266,0.5663221968123163,1,0,1,0,1.35434742133641,-0.8811217809799272,0.0,0,0,1,0,0,0,0,1,0,0,0,0,0,1,0
1.5295316992309664,1.081737188612934,1,0,0,0,-1.1006521028582368,0.2985241478694439,0.0,0,0,0,1,0,0,0,1,0,0,0,1,0,0,0
1.221320438153127,-1.0741839328466254,1,0,1,0,0.9211122111844136,-0.8811217809799272,0.0,0,0,1,0,0,1,0,0,0,0,0,0,0,1,0
-0.7376102718107874,1.3834935640974881,0,0,0,0,-0.3785934192715759,-0.29129881655524165,0.0,0,0,0,0,1,0,0,1,0,1,0,0,0,0,0
1.1658420615348626,1.3289539826631402,1,0,1,0,-0.3785934192715759,1.478170076718815,0.0,0,0,0,0,1,0,0,1,0,0,1,0,0,0,0
0.7213227925659028,-0.49408346308119855,1,0,1,0,1.2099356846190779,0.8883471122941295,0.0,0,0,1,0,0,1,0,0,0,0,0,0,1,0,0
-1.328457779789341,-1.3279261675710532,0,0,0,1,-1.1006521028582368,-0.8811217809799272,0.0,0,0,0,1,0,0,0,0,1,0,0,0,0,1,0
-0.6823276847747397,1.176765534706224,0,0,0,0,-1.2450638395755689,0.2985241478694439,0.0,0,0,0,1,0,0,0,1,0,0,0,1,0,0,0
0.6640088886143516,-1.7013330884771807,0,0,1,1,0.48787700103241705,-0.29129881655524165,0.0,0,0,0,1,0,0,0,0,1,1,0,0,0,0,0
0.8127635199464235,0.22205132541592393,1,0,1,0,-0.3785934192715759,-1.4709447454046127,0.0,0,0,0,1,0,0,0,0,1,0,0,0,0,0,1
-1.3252657103506926,0.370153830335084,1,0,0,1,-0.3785934192715759,-0.29129881655524165,0.0,0,0,0,0,1,0,0,1,0,1,0,0,0,0,0
1.6335798772092602,0.2380416721143139,0,0,1,0,-0.5230051559889081,-1.4709447454046127,0.0,0,0,1,0,0,0,1,0,0,0,0,0,0,0,1
0.11419328308046366,0.4989903380192564,1,0,0,0,1.2099356846190779,0.8883471122941295,0.0,0,0,1,0,0,0,0,0,1,0,0,0,1,0,0
-1.2343459231085714,-1.1187500204103327,1,0,0,1,1.6431708947710744,0.2985241478694439,0.0,0,0,1,0,0,0,0,0,1,0,0,1,0,0,0
0.6596455779249392,-1.2444056990208092,1,0,1,0,-0.6674168927062403,-0.29129881655524165,0.0,0,0,0,1,0,0,0,1,0,1,0,0,0,0,0
1.5709516845975269,-1.3731904859070354,1,0,1,1,-0.9562403661409046,1.478170076718815,0.0,0,0,1,0,0,0,1,0,0,0,1,0,0,0,0
-1.5279463866134502,1.104468479310322,1,0,1,0,-0.9562403661409046,0.2985241478694439,0.0,0,0,0,0,1,0,0,0,1,0,0,1,0,0,0
1.7383168149678538,-0.13677033046935402,1,0,1,0,0.19905352759775274,-1.4709447454046127,0.0,0,0,0,1,0,0,0,0,1,0,0,0,0,0,1
0.4728238578217764,-0.36860880726353407,0,0,1,0,0.05464179088042058,-0.29129881655524165,0.0,0,0,0,0,1,1,0,0,0,1,0,0,0,0,0
-1.3682345311622932,-0.2688480081581595,1,0,1,0,-1.5338873130102333,0.2985241478694439,0.0,0,0,1,0,0,0,1,0,0,0,0,1,0,0,0
-0.9357668102273116,-0.6371259499346147,0,0,0,1,-0.8118286294235724,1.478170076718815,0.0,0,0,0,0,1,0,1,0,0,0,1,0,0,0,0
1.6927153235239396,-0.8848254714323195,1,1,1,1,0.19905352759775274,-1.4709447454046127,0.0,0,0,0,0,1,0,1,0,0,0,0,0,0,0,1
-0.8630379729186937,0.3715675321456154,1,0,1,0,0.05464179088042058,1.478170076718815,0.0,0,0,0,1,0,0,1,0,0,0,1,0,0,0,0
-0.23441356429983534,-0.30521634924738233,1,0,0,0,-0.6674168927062403,1.478170076718815,0.0,0,0,0,0,1,0,0,0,1,0,1,0,0,0,0
1.3880562448663274,0.37942047330045836,1,1,1,0,-1.5338873130102333,1.478170076718815,0.0,0,0,0,1,0,1,0,0,0,0,1,0,0,0,0
1.4222040457505343,0.8527002550408439,1,0,0,0,0.7767004744670813,-0.8811217809799272,0.0,0,0,0,0,1,0,1,0,0,0,0,0,0,1,0
0.5468183349297268,1.2262881987397836,0,0,1,0,-0.9562403661409046,-0.29129881655524165,0.0,0,0,1,0,0,0,0,1,0,1,0,0,0,0,0
1.5368528311088747,-0.794839903138791,1,0,1,1,-1.5338873130102333,-1.4709447454046127,0.0,0,0,1,0,0,0,0,1,0,0,0,0,0,0,1
-0.5244128979889334,0.5960875160303977,1,0,1,0,-0.3785934192715759,-0.29129881655524165,0.0,0,0,0,1,0,0,0,0,1,1,0,0,0,0,0
1.1695340936566727,-1.0153429050497458,1,0,1,0,1.0655239479017458,1.478170076718815,0.0,0,0,0,1,0,1,0,0,0,0,1,0,0,0,0
-1.2754442541614894,-1.6134766930324407,1,0,0,1,-0.8118286294235724,0.2985241478694439,0.0,0,0,0,0,1,0,1,0,0,0,0,1,0,0,0
0.8804962266659628,-0.23785863005534957,1,0,1,0,0.05464179088042058,0.2985241478694439,0.0,0,0,1,0,0,1,0,0,0,0,0,1,0,0,0
-1.2725563578237855,-1.190288504103023,1,0,1,0,-0.23418168255424376,-1.4709447454046127,0.0,0,0,0,0,1,0,0,0,1,0,0,0,0,0,1
1.595565232076263,0.07700034757559414,1,0,1,1,-1.2450638395755689,0.8883471122941295,0.0,0,0,1,0,0,0,0,0,1,0,0,0,1,0,0
-0.0742367085909121,-0.5185301602438049,0,0,1,1,-0.8118286294235724,-1.4709447454046127,0.0,0,0,1,0,0,0,0,1,0,0,0,0,0,0,1
-0.7266075965386877,1.3777094548604962,1,1,0,0,-1.6782990497275654,-0.8811217809799272,0.0,0,0,0,1,0,0,0,0,1,0,0,0,0,1,0
-1.677145040748051,1.302119508662014,0,0,0,0,0.6322887377497493,0.2985241478694439,0.0,0,0,0,0,1,1,0,0,0,0,0,1,0,0,0
1.0898931848472793,1.0812199806334717,1,0,1,0,1.0655239479017458,1.478170076718815,0.0,0,0,0,0,1,0,0,1,0,0,1,0,0,0,0
0.07519619379384106,-0.5472610635029609,1,0,0,0,-0.5230051559889081,0.2985241478694439,0.0,0,0,0,0,1,0,0,1,0,0,0,1,0,0,0
-0.5656196125605789,0.21346567295684216,1,0,1,1,0.3434652643150849,-0.8811217809799272,0.0,0,0,0,0,1,0,0,1,0,0,0,0,0,1,0
-1.2329334411225756,0.14434082650164481,1,0,1,0,1.6431708947710744,1.478170076718815,0.0,0,0,0,1,0,0,0,0,1,0,1,0,0,0,0
1.5531697950411563,0.29046932096585537,0,0,1,0,-0.23418168255424376,-0.8811217809799272,0.0,0,0,0,0,1,1,0,0,0,0,0,0,0,1,0
-0.7035079220795953,-1.527413285249838,0,0,1,0,-0.23418168255424376,-1.4709447454046127,0.0,0,0,1,0,0,0,1,0,0,0,0,0,0,0,1
1.1047032682449958,1.0306456603750052,1,0,1,0,-0.8118286294235724,0.8883471122941295,0.0,0,0,1,0,0,0,1,0,0,0,0,0,1,0,0
1.2187157374611304,-1.5761687574471939,1,0,1,0,-0.6674168927062403,0.2985241478694439,0.0,0,0,1,0,0,1,0,0,0,0,0,1,0,0,0
0.12263670881358112,-0.8518965634065241,1,0,0,0,-1.6782990497275654,0.8883471122941295,0.0,0,0,0,0,1,0,0,1,0,0,0,0,1,0,0
0.9165319985215499,-1.3292105673867192,1,0,1,0,-1.5338873130102333,-1.4709447454046127,0.0,0,0,0,0,1,0,1,0,0,0,0,0,0,0,1
0.33853318187600123,-0.8112181558217783,1,0,1,0,-0.6674168927062403,-1.4709447454046127,0.0,0,0,1,0,0,1,0,0,0,0,0,0,0,0,1
1.0796107355383355,-0.6921827393484249,1,1,1,0,0.3434652643150849,0.8883471122941295,0.0,0,0,0,0,1,1,0,0,0,0,0,0,1,0,0
-1.0393255142500624,-0.22604904785761643,1,0,1,1,-1.5338873130102333,-0.8811217809799272,0.0,0,0,0,0,1,1,0,0,0,0,0,0,0,1,0
-0.585506240125785,0.3690935539771853,0,0,0,1,1.0655239479017458,-1.4709447454046127,0.0,0,0,0,1,0,0,0,0,1,0,0,0,0,0,1
-0.46802899455291375,-1.3577949283850272,1,0,1,1,-1.389475576292901,-1.4709447454046127,0.0,0,0,0,1,0,0,0,0,1,0,0,0,0,0,1
-0.2373608967607125,1.5834203085588157,1,0,0,0,-1.5338873130102333,-1.4709447454046127,0.0,0,0,0,0,1,0,1,0,0,0,0,0,0,0,1
-0.38471703107694727,0.21902565873606664,1,0,0,0,0.6322887377497493,-0.8811217809799272,0.0,0,0,0,1,0,1,0,0,0,0,0,0,0,1,0
0.9216959487525292,-0.6581504542997756,1,0,1,1,-0.08976994583691159,0.2985241478694439,0.0,0,0,0,0,1,1,0,0,0,0,0,1,0,0,0
-0.5169798863497581,1.2749057488092823,1,0,1,0,-0.9562403661409046,1.478170076718815,0.0,0,0,0,0,1,0,1,0,0,0,1,0,0,0,0
0.12661193658109857,0.7806014627037359,1,0,1,0,1.4987591580537423,-0.8811217809799272,0.0,0,0,1,0,0,0,0,0,1,0,0,0,0,1,0
0.019738794630813662,0.3148384369315422,1,0,0,0,-0.5230051559889081,0.2985241478694439,0.0,0,0,1,0,0,0,1,0,0,0,0,1,0,0,0
-0.33233632534876184,-0.8416817058121345,1,0,1,0,-0.3785934192715759,0.8883471122941295,0.0,0,0,0,0,1,0,0,0,1,0,0,0,1,0,0
-0.7233665797044848,-0.43244951219522015,1,0,0,0,-0.5230051559889081,-0.8811217809799272,0.0,0,0,1,0,0,0,1,0,0,0,0,0,0,1,0
0.9038021794348912,-0.991163432009862,1,1,0,0,0.3434652643150849,-0.29129881655524165,0.0,0,0,0,0,1,0,0,1,0,1,0,0,0,0,0
0.8954741297055802,-0.9137804981492428,1,0,1,0,0.6322887377497493,1.478170076718815,0.0,0,0,1,0,0,0,0,1,0,0,1,0,0,0,0
1.2057936250347936,-0.7877713940861335,1,0,1,0,-1.1006521028582368,1.478170076718815,0.0,0,0,0,0,1,0,0,0,1,0,1,0,0,0,0
-1.149579522736134,-0.24644428251443137,1,0,1,0,0.19905352759775274,-0.8811217809799272,0.0,0,0,0,0,1,1,0,0,0,0,0,0,0,1,0
-1.3250629282833961,-0.6291695671838793,1,0,1,1,0.6322887377497493,0.2985241478694439,0.0,0,0,0,1,0,0,0,0,1,0,0,1,0,0,0
0.15023255117859038,1.4588852472371758,1,0,1,0,1.2099356846190779,-0.8811217809799272,0.0,0,0,0,1,0,0,1,0,0,0,0,0,0,1,0
0.8798109631282026,1.210047868184653,0,0,0,0,-1.5338873130102333,-0.29129881655524165,0.0,0,0,0,0,1,0,0,1,0,1,0,0,0,0,0
-1.482526699781595,1.254967381200993,1,0,1,0,-1.389475576292901,0.8883471122941295,0.0,0,0,0,1,0,1,0,0,0,0,0,0,1,0,0
-0.022576228825883136,0.19985448296398067,0,0,0,0,-1.389475576292901,-0.29129881655524165,0.0,0,0,1,0,0,1,0,0,0,1,0,0,0,0,0
0.682748748626571,-0.993016760602937,0,0,1,0,-1.1006521028582368,-0.8811217809799272,0.0,0,0,0,1,0,0,0,0,1,0,0,0,0,1,0
0.7863633925299555,0.6571525381389671,1,0,0,0,-1.2450638395755689,1.478170076718815,0.0,0,0,0,1,0,0,0,1,0,0,1,0,0,0,0
-0.348845582620721,-1.2713349944848367,1,0,1,0,1.35434742133641,0.2985241478694439,0.0,0,0,0,1,0,0,0,1,0,0,0,1,0,0,0
0.20134412086490333,-1.4824075709035873,1,0,0,0,-1.2450638395755689,0.2985241478694439,0.0,0,0,1,0,0,0,0,1,0,0,0,1,0,0,0
-0.32574590816162863,0.8628547717042961,1,0,1,0,1.35434742133641,1.478170076718815,0.0,0,0,1,0,0,0,1,0,0,0,1,0,0,0,0
0.9556269825992814,0.28660750138586677,1,0,1,0,-1.1006521028582368,0.2985241478694439,0.0,0,0,0,1,0,0,1,0,0,0,0,1,0,0,0
0.5311551683523492,-0.7761428346812124,0,0,1,0,-0.9562403661409046,-0.29129881655524165,0.0,0,0,0,0,1,1,0,0,0,1,0,0,0,0,0
-0.9344976741854392,1.2767849378013305,1,1,1,0,1.2099356846190779,-0.29129881655524165,0.0,0,0,0,0,1,0,0,1,0,1,0,0,0,0,0
0.9869847819368927,0.9410738584650468,1,0,0,0,1.35434742133641,0.2985241478694439,0.0,0,0,0,0,1,0,0,0,1,0,0,1,0,0,0
-1.3394324851211243,-0.35546310445218904,1,1,1,0,1.2099356846190779,-1.4709447454046127,0.0,0,0,0,0,1,0,0,1,0,0,0,0,0,0,1
-1.05799544941149,0.9065071251709527,1,0,1,1,-0.9562403661409046,-0.29129881655524165,0.0,0,0,1,0,0,1,0,0,0,1,0,0,0,0,0
1.1390153925285633,0.2186377527514697,1,0,1,0,0.19905352759775274,-1.4709447454046127,0.0,0,0,0,1,0,0,0,1,0,0,0,0,0,0,1
-1.7374796982538108,0.5825711475004378,0,0,0,0,1.0655239479017458,-0.29129881655524165,0.0,0,0,1,0,0,0,0,0,1,1,0,0,0,0,0
0.3390995731674153,-0.3662727512229606,1,0,1,0,-1.6782990497275654,-0.29129881655524165,0.0,0,0,0,1,0,0,0,0,1,1,0,0,0,0,0
0.3629719172277576,-0.6723047126710731,1,0,0,0,-0.9562403661409046,0.2985241478694439,0.0,0,0,0,1,0,0,0,0,1,0,0,1,0,0,0
-1.720872546190743,-1.6112009779228045,1,0,1,1,-0.3785934192715759,-0.29129881655524165,0.0,0,0,0,0,1,0,1,0,0,1,0,0,0,0,0
1.0270901801085663,-1.0970790060708435,0,0,0,0,-1.5338873130102333,0.2985241478694439,0.0,0,0,0,0,1,0,1,0,0,0,0,1,0,0,0
-1.6214359121221729,-0.5681390256072744,1,0,1,0,-1.389475576292901,-1.4709447454046127,0.0,0,0,0,0,1,0,1,0,0,0,0,0,0,0,1
-0.9188170263953637,1.1233207101617393,1,0,0,1,0.7767004744670813,-0.29129881655524165,0.0,0,0,1,0,0,1,0,0,0,1,0,0,0,0,0
-0.40509662884023606,0.7868251987232708,0,0,1,0,-0.8118286294235724,0.2985241478694439,0.0,0,0,0,1,0,1,0,0,0,0,0,1,0,0,0
0.22470251727192567,0.3047528813320186,1,0,0,0,1.4987591580537423,-0.8811217809799272,0.0,0,0,1,0,0,0,1,0,0,0,0,0,0,1,0
1.2820711485210985,-0.6346174912342205,1,0,1,0,1.6431708947710744,0.8883471122941295,0.0,0,0,0,0,1,0,0,1,0,0,0,0,1,0,0
1.5419049015785866,0.11914417776881757,1,0,1,1,-0.23418168255424376,1.478170076718815,0.0,0,0,0,1,0,1,0,0,0,0,1,0,0,0,0
0.6218302186166991,-1.203442827047359,1,1,1,0,-0.23418168255424376,0.2985241478694439,0.0,0,0,0,0,1,1,0,0,0,0,0,1,0,0,0
-0.23519322638616447,0.08200864484339178,1,1,1,0,-0.8118286294235724,-0.8811217809799272,0.0,0,0,0,1,0,0,0,1,0,0,0,0,0,1,0
-0.3259277127736875,-0.6496768635695775,1,0,1,0,-1.2450638395755689,-0.29129881655524165,0.0,0,0,1,0,0,0,0,1,0,1,0,0,0,0,0
1.3290047083725978,1.4384986327133518,0,0,1,1,0.3434652643150849,-0.8811217809799272,0.0,0,0,0,1,0,0,0,0,1,0,0,0,0,1,0
-1.399735676444028,0.7315270455857111,1,0,0,0,0.7767004744670813,1.478170076718815,0.0,0,0,1,0,0,1,0,0,0,0,1,0,0,0,0
1.0795862618405583,-0.6875795883312067,1,0,1,0,0.19905352759775274,1.478170076718815,0.0,0,0,0,1,0,0,0,1,0,0,1,0,0,0,0
-0.8571328192693208,1.430611211026545,1,0,0,0,1.6431708947710744,1.478170076718815,0.0,0,0,0,0,1,1,0,0,0,0,1,0,0,0,0
1.4210607744400872,-0.46462846865079455,1,0,0,0,1.0655239479017458,-0.8811217809799272,0.0,0,0,0,0,1,1,0,0,0,0,0,0,0,1,0
1.6500786457536003,-0.8482330068853295,1,0,1,1,1.35434742133641,1.478170076718815,0.0,0,0,1,0,0,0,0,0,1,0,1,0,0,0,0
-0.598991247600996,1.2113408881333099,0,0,1,0,-0.23418168255424376,-0.29129881655524165,0.0,0,0,1,0,0,0,0,0,1,1,0,0,0,0,0
-0.5896248138374258,0.8962060662466526,1,0,1,1,0.05464179088042058,-1.4709447454046127,0.0,0,0,0,1,0,0,0,1,0,0,0,0,0,0,1
0.3847080570964086,-0.37255682817343305,1,0,1,0,-1.389475576292901,0.2985241478694439,0.0,0,0,0,1,0,0,0,0,1,0,0,1,0,0,0
0.3505742411823601,0.4453903510809326,0,0,1,0,1.4987591580537423,-1.4709447454046127,0.0,0,0,1,0,0,0,1,0,0,0,0,0,0,0,1
1.6649132028490943,1.2088151891669332,1,0,1,0,-1.6782990497275654,-0.29129881655524165,0.0,0,0,1,0,0,0,0,0,1,1,0,0,0,0,0
-0.6417922487706961,-0.028604901697709705,1,0,1,0,1.4987591580537423,0.2985241478694439,0.0,0,0,0,1,0,1,0,0,0,0,0,1,0,0,0
0.4402178998975301,-0.36931565816879997,1,0,1,0,-0.9562403661409046,0.8883471122941295,0.0,0,0,0,0,1,0,1,0,0,0,0,0,1,0,0
-0.014020923331498472,-1.6207779456758566,1,0,1,0,1.2099356846190779,-0.29129881655524165,0.0,0,0,1,0,0,0,1,0,0,1,0,0,0,0,0
-0.006423588292962271,-0.7526357320146301,1,0,1,0,-0.23418168255424376,-0.8811217809799272,0.0,0,0,1,0,0,1,0,0,0,0,0,0,0,1,0
1.062528094489883,0.7033650711039644,1,0,1,0,-0.8118286294235724,-1.4709447454046127,0.0,0,0,1,0,0,0,0,0,1,0,0,0,0,0,1
0.3107450461713146,0.6297577554934229,0,0,1,0,0.05464179088042058,-0.8811217809799272,0.0,0,0,0,1,0,0,0,0,1,0,0,0,0,1,0
-0.45694590570240323,0.03030508716309829,1,0,1,0,-0.08976994583691159,-1.4709447454046127,0.0,0,0,0,0,1,0,0,1,0,0,0,0,0,0,1
0.4612757687134998,-1.6057185733404993,1,1,1,0,1.0655239479017458,-0.29129881655524165,0.0,0,0,0,1,0,1,0,0,0,1,0,0,0,0,0
1.0398899240460169,1.6813622596030802,1,0,1,0,-0.9562403661409046,0.2985241478694439,0.0,0,0,0,1,0,0,0,1,0,0,0,1,0,0,0
-0.2048773073253521,0.7550772489172488,0,0,1,0,-0.5230051559889081,0.2985241478694439,0.0,0,0,0,0,1,0,0,1,0,0,0,1,0,0,0
0.20198393324964886,0.5868812139959607,1,0,0,0,-0.3785934192715759,-0.8811217809799272,0.0,0,0,0,1,0,0,0,1,0,0,0,0,0,1,0
-1.4553329253086391,-0.4127869888426444,1,0,1,0,-0.23418168255424376,-0.8811217809799272,0.0,0,0,0,1,0,1,0,0,0,0,0,0,0,1,0
-1.553210235204551,-0.47651563204544684,1,0,1,0,0.19905352759775274,0.8883471122941295,0.0,0,0,0,1,0,0,0,1,0,0,0,0,1,0,0
0.17777594990550558,-0.7061473547939195,1,0,1,1,-0.9562403661409046,-0.29129881655524165,0.0,0,0,1,0,0,0,0,1,0,1,0,0,0,0,0
-0.27758866342127175,0.4819828156279228,0,0,1,0,1.0655239479017458,-0.29129881655524165,0.0,0,0,0,0,1,0,0,1,0,1,0,0,0,0,0
0.11740283373181032,-0.6882519587045081,1,0,1,0,-0.5230051559889081,-0.29129881655524165,0.0,0,0,0,1,0,0,0,0,1,1,0,0,0,0,0
-1.7185125824765177,0.7115714377114402,0,0,1,0,-1.389475576292901,0.2985241478694439,0.0,0,0,1,0,0,0,0,0,1,0,0,1,0,0,0
0.37240827584211994,1.1364922733720582,1,0,1,0,-0.9562403661409046,0.8883471122941295,0.0,0,0,0,1,0,1,0,0,0,0,0,0,1,0,0
-1.095622011622592,-0.25720220848725667,0,0,1,0,0.19905352759775274,-0.29129881655524165,0.0,0,0,0,0,1,0,0,1,0,1,0,0,0,0,0
1.4455379684597793,1.2807501989772112,0,0,1,0,0.05464179088042058,-1.4709447454046127,0.0,0,0,0,0,1,0,0,1,0,0,0,0,0,0,1
-1.5582483207041047,1.7285402474630742,1,0,1,1,-1.6782990497275654,0.8883471122941295,0.0,0,0,0,0,1,0,0,1,0,0,0,0,1,0,0
-0.2441750734703796,1.0019578577808037,1,0,0,0,0.19905352759775274,-0.29129881655524165,0.0,0,0,1,0,0,0,0,0,1,1,0,0,0,0,0
-0.7364145568622465,1.3584434576255082,0,0,0,0,0.7767004744670813,1.478170076718815,0.0,0,0,0,0,1,0,0,1,0,0,1,0,0,0,0
0.8598019670741105,-1.2932904732130308,0,0,1,0,-0.3785934192715759,0.2985241478694439,0.0,0,0,1,0,0,1,0,0,0,0,0,1,0,0,0
1.6549384228836352,1.2365547771321193,0,0,1,0,0.19905352759775274,0.8883471122941295,0.0,0,0,0,1,0,0,0,0,1,0,0,0,1,0,0
-0.9282603774948051,-0.5979991662882573,1,0,0,0,0.3434652643150849,-1.4709447454046127,0.0,0,0,0,0,1,0,0,0,1,0,0,0,0,0,1
-0.0429068791936175,-1.6908251463610957,0,0,1,0,-1.2450638395755689,1.478170076718815,0.0,0,0,0,1,0,0,0,1,0,0,1,0,0,0,0
-0.8942209601293255,-0.02594990073646762,1,0,1,0,-1.6782990497275654,1.478170076718815,0.0,0,0,1,0,0,0,1,0,0,0,1,0,0,0,0
1.1868125242873424,-0.027156719355213736,1,0,1,0,-0.8118286294235724,-0.29129881655524165,0.0,0,0,1,0,0,0,0,0,1,1,0,0,0,0,0
0.4458853090542107,-0.15348476833899197,1,0,1,0,0.48787700103241705,-0.8811217809799272,0.0,0,0,1,0,0,0,1,0,0,0,0,0,0,1,0
-0.9178485672118963,-1.5838406758092247,1,0,1,0,-0.3785934192715759,-1.4709447454046127,0.0,0,0,1,0,0,0,0,0,1,0,0,0,0,0,1
-1.6928851246612995,1.3893207739994353,1,0,0,0,-1.2450638395755689,-0.8811217809799272,0.0,0,0,0,1,0,0,1,0,0,0,0,0,0,1,0
1.0447427086909724,1.4928313309559147,1,0,1,0,-0.8118286294235724,-0.29129881655524165,0.0,0,0,0,0,1,0,0,0,1,1,0,0,0,0,0
-1.6336867459809075,-0.5391236579594135,1,0,1,0,1.4987591580537423,-0.29129881655524165,0.0,0,0,1,0,0,0,0,1,0,1,0,0,0,0,0
0.5735645903576149,-1.1713845524536592,1,0,1,0,-1.5338873130102333,0.8883471122941295,0.0,0,0,0,1,0,0,1,0,0,0,0,0,1,0,0
1.4219732937429213,0.0923097037676915,1,0,1,0,1.4987591580537423,0.8883471122941295,0.0,0,0,0,0,1,1,0,0,0,0,0,0,1,0,0
0.6320077806494548,-1.314013272923505,1,0,0,0,0.7767004744670813,0.8883471122941295,0.0,0,0,0,0,1,1,0,0,0,0,0,0,1,0,0
0.8319229290633944,1.4742463242272195,1,0,0,1,-0.23418168255424376,-0.29129881655524165,0.0,0,0,0,0,1,1,0,0,0,1,0,0,0,0,0
-0.11696079242474133,-0.20583483599361388,1,0,1,0,-0.3785934192715759,-1.4709447454046127,0.0,0,0,0,1,0,0,0,1,0,0,0,0,0,0,1
-1.4958264064022075,-0.19012033355093716,1,0,1,0,1.2099356846190779,0.8883471122941295,0.0,0,0,1,0,0,0,0,1,0,0,0,0,1,0,0
0.5379973150023333,-0.5487437263774211,1,0,1,0,-1.1006521028582368,1.478170076718815,0.0,0,0,1,0,0,0,0,1,0,0,1,0,0,0,0
-0.42327359380358104,-0.33794699421438357,1,0,0,0,1.4987591580537423,-1.4709447454046127,0.0,0,0,0,1,0,0,1,0,0,0,0,0,0,0,1
0.11802166866131815,-0.5350894357196041,1,0,1,0,0.7767004744670813,-0.8811217809799272,0.0,0,0,0,1,0,1,0,0,0,0,0,0,0,1,0
-0.242426952200583,-0.6812524107157788,1,0,1,0,-0.08976994583691159,0.8883471122941295,0.0,0,0,1,0,0,0,1,0,0,0,0,0,1,0,0
1.3703407839182087,1.068746648195428,1,0,1,0,0.19905352759775274,-0.8811217809799272,0.0,0,0,1,0,0,0,0,1,0,0,0,0,0,1,0
0.8883243137121122,-0.22590250559676897,1,0,1,0,1.0655239479017458,-1.4709447454046127,0.0,0,0,0,0,1,0,1,0,0,0,0,0,0,0,1
0.7124703064556529,1.1912214977322084,0,0,1,1,-1.6782990497275654,-0.8811217809799272,0.0,0,0,0,0,1,0,0,0,1,0,0,0,0,1,0
-0.43924442972444294,-1.613373251436548,1,0,0,0,1.2099356846190779,-0.29129881655524165,0.0,0,0,0,1,0,0,0,0,1,1,0,0,0,0,0
1.6353349909641357,-1.3870257993576642,0,0,1,0,-1.6782990497275654,0.2985241478694439,0.0,0,0,0,1,0,0,0,1,0,0,0,1,0,0,0
1.0495220722425964,1.0477393840962492,1,0,1,0,-0.08976994583691159,1.478170076718815,0.0,0,0,0,1,0,0,0,1,0,0,1,0,0,0,0
1.3247392924742944,-0.24253074213649653,1,0,1,0,-0.23418168255424376,-1.4709447454046127,0.0,0,0,0,1,0,0,0,0,1,0,0,0,0,0,1
-0.9297602655442905,1.332876143174066,1,1,0,0,1.35434742133641,-0.8811217809799272,0.0,0,0,1,0,0,0,1,0,0,0,0,0,0,1,0
-1.1477090329774517,-0.26121057032809275,1,0,0,0,1.2099356846190779,-1.4709447454046127,0.0,0,0,0,0,1,1,0,0,0,0,0,0,0,0,1
-0.6978999490460879,-1.4063521375235892,1,0,1,0,1.0655239479017458,-0.29129881655524165,0.0,0,0,0,1,0,1,0,0,0,1,0,0,0,0,0
-1.5817325818425523,-0.0197175445839414,1,0,1,0,1.6431708947710744,-0.29129881655524165,0.0,0,0,0,1,0,0,1,0,0,1,0,0,0,0,0
-1.2610677048386822,-1.2499484445340519,1,0,1,0,0.6322887377497493,0.8883471122941295,0.0,0,0,1,0,0,0,0,1,0,0,0,0,1,0,0
-1.4657202618937706,-0.4118301540806382,1,1,1,0,-1.6782990497275654,-0.8811217809799272,0.0,0,0,0,0,1,0,0,0,1,0,0,0,0,1,0
0.5651001871692597,0.9465562630473521,1,0,1,0,-0.9562403661409046,-0.29129881655524165,0.0,0,0,0,0,1,0,0,1,0,1,0,0,0,0,0
0.6998418784026423,-0.2295229614530081,1,1,1,1,0.7767004744670813,1.478170076718815,0.0,0,0,0,1,0,1,0,0,0,0,1,0,0,0,0
-0.30726127385479923,0.6315938438205159,1,0,1,0,-0.8118286294235724,-1.4709447454046127,0.0,0,0,0,1,0,0,0,0,1,0,0,0,0,0,1
-1.3125219062938753,1.103778868671039,1,0,1,1,-1.6782990497275654,-0.8811217809799272,0.0,0,0,0,1,0,1,0,0,0,0,0,0,0,1,0
0.5706522203221337,1.0137674399785375,1,0,0,0,-0.08976994583691159,0.8883471122941295,0.0,0,0,0,0,1,0,0,0,1,0,0,0,1,0,0
1.5030791281764042,0.6586179607474447,1,0,1,0,1.4987591580537423,0.8883471122941295,0.0,0,0,0,1,0,1,0,0,0,0,0,0,1,0,0
-1.5071052848349353,-0.3242927035565671,0,0,1,0,1.2099356846190779,-0.29129881655524165,0.0,0,0,0,1,0,0,0,0,1,1,0,0,0,0,0
-1.0262285896967462,0.9000161650286949,1,0,1,1,0.19905352759775274,1.478170076718815,0.0,0,0,0,1,0,0,1,0,0,0,1,0,0,0,0
-1.4985115206726152,-0.9383737375726967,1,0,1,0,0.05464179088042058,1.478170076718815,0.0,0,0,0,0,1,0,0,0,1,0,1,0,0,0,0
-1.6734180462008443,0.30399430962880647,0,0,1,0,-1.6782990497275654,-0.8811217809799272,0.0,0,0,0,1,0,0,0,0,1,0,0,0,0,1,0
1.3186803041531794,1.1649387122425097,1,0,1,0,-1.5338873130102333,-0.8811217809799272,0.0,0,0,0,0,1,0,0,0,1,0,0,0,0,1,0
-1.3889427757243036,-1.4263680863287977,1,0,0,0,0.9211122111844136,-0.8811217809799272,0.0,0,0,0,1,0,1,0,0,0,0,0,0,0,1,0
0.19086937821628208,-1.7052724892540887,1,0,1,0,0.7767004744670813,0.8883471122941295,0.0,0,0,0,1,0,0,1,0,0,0,0,0,1,0,0
-0.16023728257982595,0.8537088106007963,1,0,1,0,-0.5230051559889081,-0.29129881655524165,0.0,0,0,0,1,0,0,0,1,0,1,0,0,0,0,0
-0.5438030591135173,1.0942708619819148,0,0,1,0,-1.2450638395755689,0.8883471122941295,0.0,0,0,0,1,0,0,0,1,0,0,0,0,1,0,0
1.0116857354791187,-0.5192456312820617,1,0,1,0,-1.389475576292901,1.478170076718815,0.0,0,0,0,0,1,0,0,1,0,0,1,0,0,0,0
-0.2620024141797653,1.7215320793413538,1,0,1,0,0.7767004744670813,1.478170076718815,0.0,0,0,1,0,0,0,0,0,1,0,1,0,0,0,0
-1.0213198651711572,1.4116986392441897,1,1,1,0,1.6431708947710744,-0.8811217809799272,0.0,0,0,0,0,1,0,0,1,0,0,0,0,0,1,0
-1.6989406167398748,-1.3552002683547224,1,0,1,0,0.7767004744670813,0.2985241478694439,0.0,0,0,1,0,0,0,1,0,0,0,0,1,0,0,0
-0.14898287784487524,-0.026492969114903217,1,0,0,1,0.05464179088042058,-0.29129881655524165,0.0,0,0,1,0,0,0,0,1,0,1,0,0,0,0,0
-0.2726100140448911,1.4332489717218047,1,0,1,0,1.2099356846190779,-0.29129881655524165,0.0,0,0,0,0,1,0,0,0,1,1,0,0,0,0,0
-1.2657596623268161,0.3787136223951924,1,0,1,0,-0.23418168255424376,1.478170076718815,0.0,0,0,0,1,0,0,0,1,0,0,1,0,0,0,0
-0.2572999679640125,-1.4769079260553,1,0,1,0,1.35434742133641,-1.4709447454046127,0.0,0,0,0,0,1,0,1,0,0,0,0,0,0,0,1
-1.5323027048177835,0.5376602546170886,0,0,0,0,-0.6674168927062403,-0.8811217809799272,0.0,0,0,0,1,0,0,0,1,0,0,0,0,0,1,0
-1.6072306786838055,1.5363888629596696,1,0,1,0,-0.08976994583691159,-0.8811217809799272,0.0,0,0,1,0,0,0,0,0,1,0,0,0,0,1,0
1.1042942078678635,0.7515085138589559,1,0,1,1,0.48787700103241705,-0.29129881655524165,0.0,0,0,0,0,1,1,0,0,0,1,0,0,0,0,0
-0.03533052161031899,-1.6344925772646106,1,0,0,0,0.05464179088042058,-1.4709447454046127,0.0,0,0,1,0,0,0,1,0,0,0,0,0,0,0,1
1.0762018990622322,1.6819053279815155,1,0,1,0,-1.2450638395755689,-0.8811217809799272,0.0,0,0,0,0,1,1,0,0,0,0,0,0,0,1,0
-0.29702077945633076,1.4176723914069849,1,0,1,0,-1.6782990497275654,1.478170076718815,0.0,0,0,0,1,0,0,1,0,0,0,1,0,0,0,0
-1.6324036249688767,0.7639215053660621,1,0,1,0,-1.6782990497275654,-0.29129881655524165,0.0,0,0,0,0,1,0,0,1,0,1,0,0,0,0,0
0.19680250180597184,-1.0279800200146192,0,0,1,0,-0.6674168927062403,0.8883471122941295,0.0,0,0,1,0,0,1,0,0,0,0,0,0,1,0,0
-1.6519581094928213,-1.6381906143177691,1,0,0,0,0.6322887377497493,0.8883471122941295,0.0,0,0,0,0,1,1,0,0,0,0,0,0,1,0,0
-1.642549720818776,0.6228875094995595,1,0,1,0,0.7767004744670813,0.8883471122941295,0.0,0,0,0,1,0,0,1,0,0,0,0,0,1,0,0
1.1660273623894606,-1.550472141000886,1,0,1,1,-0.23418168255424376,-1.4709447454046127,0.0,0,0,0,1,0,1,0,0,0,0,0,0,0,0,1
0.5464861918884655,0.7521119231683289,1,0,1,0,-1.389475576292901,0.2985241478694439,0.0,0,0,0,1,0,1,0,0,0,0,0,1,0,0,0
-0.08276054790244038,-0.9354601326217233,1,0,1,0,1.35434742133641,-0.29129881655524165,0.0,0,0,0,0,1,0,0,1,0,1,0,0,0,0,0
1.6808840387699562,1.2106081768290706,1,0,0,0,-0.6674168927062403,1.478170076718815,0.0,0,0,0,0,1,1,0,0,0,0,1,0,0,0,0
1.426546378984709,-1.5474550944540197,1,0,1,1,-0.08976994583691159,0.2985241478694439,0.0,0,0,0,0,1,0,0,0,1,0,0,1,0,0,0
0.6958491694224268,1.6787503593067927,1,0,0,0,0.3434652643150849,0.8883471122941295,0.0,0,0,0,1,0,0,0,1,0,0,0,0,1,0,0
-0.587733346623506,0.30873538277388174,1,0,1,0,-1.1006521028582368,0.2985241478694439,0.0,0,0,1,0,0,0,0,0,1,0,0,1,0,0,0
-0.9859308981853949,0.6559112389882564,1,0,1,0,-0.3785934192715759,0.2985241478694439,0.0,0,0,0,1,0,0,1,0,0,0,0,1,0,0,0
-1.0892868201408492,0.3906180260558268,0,0,0,0,-0.3785934192715759,1.478170076718815,0.0,0,0,1,0,0,0,0,0,1,0,1,0,0,0,0
0.5580832283922962,-1.2753778368576374,1,0,1,0,1.2099356846190779,-0.29129881655524165,0.0,0,0,0,0,1,0,0,1,0,1,0,0,0,0,0
0.07758063120584352,1.5596459817695112,1,0,0,0,-1.2450638395755689,0.8883471122941295,0.0,0,0,0,1,0,0,0,0,1,0,0,0,1,0,0
0.35104273768266564,-0.1252193522613524,1,0,1,0,1.2099356846190779,0.2985241478694439,0.0,0,0,0,1,0,0,0,1,0,0,0,1,0,0,0
-0.8184014444157073,-1.4285489799755324,1,0,1,0,1.6431708947710744,-0.29129881655524165,0.0,0,0,1,0,0,0,0,0,1,1,0,0,0,0,0
1.4970201398552894,1.1896784939268112,1,0,1,0,-1.2450638395755689,-0.29129881655524165,0.0,0,0,1,0,0,0,0,1,0,1,0,0,0,0,0
1.6415548064420722,-0.0019169699574314817,1,0,1,0,-1.389475576292901,0.8883471122941295,0.0,0,0,1,0,0,0,1,0,0,0,0,0,1,0,0
1.2038776841230967,-1.1611093539283326,1,1,1,0,0.19905352759775274,-0.8811217809799272,0.0,0,0,0,0,1,1,0,0,0,0,0,0,0,1,0
-1.4990814082065689,1.185661511952984,0,0,0,0,1.2099356846190779,0.2985241478694439,0.0,0,0,0,1,0,1,0,0,0,0,0,1,0,0,0
1.5313007979560005,0.7595252375406284,1,0,0,0,1.35434742133641,-1.4709447454046127,0.0,0,0,1,0,0,1,0,0,0,0,0,0,0,0,1
0.3264571601442463,-1.6145628297893124,1,0,1,1,-0.23418168255424376,-0.29129881655524165,0.0,0,0,0,1,0,1,0,0,0,1,0,0,0,0,0
-1.572013027582483,-0.7900384890627783,1,0,1,0,-0.3785934192715759,-0.8811217809799272,0.0,0,0,0,0,1,0,1,0,0,0,0,0,0,1,0
1.0749432517479784,-1.5307061760524177,1,0,1,0,-1.5338873130102333,-0.8811217809799272,0.0,0,0,0,1,0,1,0,0,0,0,0,0,0,1,0
-1.2966979125596765,-0.9381496141149296,1,0,1,0,0.19905352759775274,-0.8811217809799272,0.0,0,0,0,1,0,1,0,0,0,0,0,0,0,1,0
-0.07914892935904062,0.5859502396329278,1,1,1,1,-0.08976994583691159,-0.8811217809799272,0.0,0,0,0,0,1,0,0,1,0,0,0,0,0,1,0
-1.3104381457402778,-0.8931525199016698,1,0,0,0,0.6322887377497493,0.2985241478694439,0.0,0,0,0,1,0,0,0,1,0,0,0,1,0,0,0
-1.647371039280875,0.42789148110910963,1,0,1,1,-0.8118286294235724,1.478170076718815,0.0,0,0,1,0,0,1,0,0,0,0,1,0,0,0,0
-0.9764595771456368,1.1196140529755902,1,0,1,1,0.9211122111844136,0.8883471122941295,0.0,0,0,1,0,0,0,0,0,1,0,0,0,1,0,0
-0.5685564562938371,1.2509762596261387,1,0,1,1,0.19905352759775274,0.2985241478694439,0.0,0,0,0,0,1,0,0,0,1,0,0,1,0,0,0
-1.088884752248796,-0.1600360694121868,1,0,1,0,0.9211122111844136,1.478170076718815,0.0,0,0,0,1,0,0,0,0,1,0,1,0,0,0,0
0.4304948493949212,-1.1498169797100624,1,0,1,0,-0.9562403661409046,0.8883471122941295,0.0,0,0,1,0,0,0,0,1,0,0,0,0,1,0,0
1.557099571655659,-1.5270598597972052,0,0,1,0,0.19905352759775274,0.2985241478694439,0.0,0,0,0,1,0,0,0,1,0,0,0,1,0,0,0
1.0492458690819684,0.9662446467989011,1,0,0,0,-1.5338873130102333,0.2985241478694439,0.0,0,0,1,0,0,1,0,0,0,0,0,1,0,0,0
-1.6635096948436374,1.0457222729763445,1,0,1,0,0.6322887377497493,0.2985241478694439,0.0,0,0,0,1,0,1,0,0,0,0,0,1,0,0,0
-0.2176455850799463,0.8616910537505047,1,0,0,0,-0.6674168927062403,0.8883471122941295,0.0,0,0,0,1,0,0,0,0,1,0,0,0,1,0,0
-0.9809627375366329,0.13125546462123724,1,1,1,0,-1.6782990497275654,1.478170076718815,0.0,0,0,1,0,0,1,0,0,0,0,1,0,0,0,0
-0.3348571162198085,-1.5357403337191884,1,0,1,0,-1.2450638395755689,-0.29129881655524165,0.0,0,0,1,0,0,0,0,1,0,1,0,0,0,0,0
0.5388084432715188,0.6142932369074865,1,0,1,0,-0.9562403661409046,0.8883471122941295,0.0,0,0,0,1,0,0,1,0,0,0,0,0,1,0,0
-1.0864478711986996,-1.2891097087123735,1,0,1,0,-1.5338873130102333,-0.29129881655524165,0.0,0,0,1,0,0,0,0,0,1,1,0,0,0,0,0
-1.1374440648812059,1.726997243657677,0,0,1,1,1.4987591580537423,-0.29129881655524165,0.0,0,0,0,0,1,0,0,0,1,1,0,0,0,0,0
-0.49015321734345946,-1.23435462395325,1,0,1,1,0.6322887377497493,-1.4709447454046127,0.0,0,0,0,1,0,1,0,0,0,0,0,0,0,0,1
-1.6250894855760476,-1.335589465800093,1,0,0,0,1.2099356846190779,-0.8811217809799272,0.0,0,0,0,1,0,0,0,1,0,0,0,0,0,1,0
-1.5304986436673533,-1.4784423097277062,0,0,1,1,1.0655239479017458,1.478170076718815,0.0,0,0,0,0,1,0,1,0,0,0,1,0,0,0,0
0.41453799844421807,1.7129895275472273,0,0,1,0,0.19905352759775274,0.2985241478694439,0.0,0,0,1,0,0,0,1,0,0,0,0,1,0,0,0
0.9918935064624815,-0.5274088972245824,0,0,0,0,-0.5230051559889081,-0.8811217809799272,0.0,0,0,0,1,0,0,1,0,0,0,0,0,0,1,0
-0.5543617115830888,-1.4967687124666698,1,0,1,0,-1.389475576292901,0.8883471122941295,0.0,0,0,1,0,0,0,1,0,0,0,0,0,1,0,0
0.14296386293877614,1.4775650754287724,1,0,1,0,0.9211122111844136,0.2985241478694439,0.0,0,0,0,0,1,0,1,0,0,0,0,1,0,0,0
-1.143831700001043,-0.641504977494066,1,0,0,0,0.9211122111844136,1.478170076718815,0.0,0,0,0,1,0,0,0,0,1,0,1,0,0,0,0
0.712536735063905,-0.43774227385172265,1,0,1,0,-0.8118286294235724,-0.8811217809799272,0.0,0,0,0,1,0,0,1,0,0,0,0,0,0,1,0
1.6315625452639149,-0.5402959960461958,1,0,1,0,0.9211122111844136,-1.4709447454046127,0.0,0,0,0,0,1,0,0,0,1,0,0,0,0,0,1
-1.534550788770742,1.5387421592662247,1,0,0,0,-0.3785934192715759,1.478170076718815,0.0,0,0,1,0,0,0,0,0,1,0,1,0,0,0,0
-1.4219962526936178,1.6295725005928756,1,0,1,0,-1.5338873130102333,0.2985241478694439,0.0,0,0,0,0,1,0,0,1,0,0,0,1,0,0,0
1.4006706879491797,0.47361266649361716,1,0,0,0,1.2099356846190779,-1.4709447454046127,0.0,0,0,0,0,1,0,1,0,0,0,0,0,0,0,1
-0.6611439512273445,-1.677386359028055,1,0,0,0,-1.5338873130102333,1.478170076718815,0.0,0,0,1,0,0,0,0,0,1,0,1,0,0,0,0
-1.4861557995376928,-0.385642190053841,1,0,0,0,1.4987591580537423,0.2985241478694439,0.0,0,0,0,1,0,1,0,0,0,0,0,1,0,0,0
-1.100754495670715,-0.27402870808577834,1,0,0,0,-0.9562403661409046,-0.8811217809799272,0.0,0,0,0,1,0,0,0,1,0,0,0,0,0,1,0
-0.6519418408631351,-0.3867972878746409,1,0,1,0,-0.23418168255424376,-0.8811217809799272,0.0,0,0,1,0,0,1,0,0,0,0,0,0,0,1,0
-0.7322085770871161,-1.3240815882570467,1,0,1,1,-1.6782990497275654,0.8883471122941295,0.0,0,0,0,1,0,1,0,0,0,0,0,0,1,0,0
0.5550659710806272,-0.6535904039475123,1,0,1,0,0.9211122111844136,-0.29129881655524165,0.0,0,0,0,1,0,0,1,0,0,1,0,0,0,0,0
0.5796305711638091,1.1417160739646315,1,0,1,0,-0.08976994583691159,-0.8811217809799272,0.0,0,0,1,0,0,0,0,1,0,0,0,0,0,1,0
1.6547531220290366,-0.20595551785548843,1,1,0,0,-1.6782990497275654,-1.4709447454046127,0.0,0,0,0,0,1,1,0,0,0,0,0,0,0,0,1
-0.9482623810638178,1.2689147563805057,1,0,1,0,-0.3785934192715759,1.478170076718815,0.0,0,0,1,0,0,0,0,1,0,0,1,0,0,0,0
-0.12169120858081084,-1.4458064862236064,0,0,1,1,-1.1006521028582368,0.2985241478694439,0.0,0,0,1,0,0,1,0,0,0,0,0,1,0,0,0
0.6067753982412106,0.952779999066887,1,0,1,0,1.0655239479017458,-0.8811217809799272,0.0,0,0,0,0,1,0,0,1,0,0,0,0,0,1,0
-1.2147494836741515,-0.8802223204151008,1,0,1,0,-0.9562403661409046,1.478170076718815,0.0,0,0,0,1,0,0,1,0,0,0,1,0,0,0,0
-1.0527161231767044,1.6047723779776368,1,0,1,0,-1.5338873130102333,0.8883471122941295,0.0,0,0,1,0,0,0,1,0,0,0,0,0,1,0,0
0.21729747557306717,1.7067313109957278,1,0,1,1,0.19905352759775274,0.2985241478694439,0.0,0,0,0,1,0,0,0,0,1,0,0,1,0,0,0
1.0101683662169354,-0.5189353064943839,1,0,1,1,1.0655239479017458,-1.4709447454046127,0.0,0,0,1,0,0,1,0,0,0,0,0,0,0,0,1
-0.6682797822506541,-1.5652039482825835,1,0,0,0,0.19905352759775274,1.478170076718815,0.0,0,0,0,1,0,0,1,0,0,0,1,0,0,0,0
-0.6991131452073266,-1.0264542564752042,0,0,1,1,0.19905352759775274,1.478170076718815,0.0,0,0,1,0,0,1,0,0,0,0,1,0,0,0,0
0.0535264825334422,0.8029103668845624,1,0,1,0,0.19905352759775274,-0.29129881655524165,0.0,0,0,0,0,1,0,0,1,0,1,0,0,0,0,0
0.6552368160825123,-1.268921357247344,0,0,1,1,0.05464179088042058,-1.4709447454046127,0.0,0,0,0,0,1,0,0,1,0,0,0,0,0,0,1
-0.6099589604476999,-0.6265749071535747,1,0,1,0,0.05464179088042058,0.2985241478694439,0.0,0,0,1,0,0,0,0,0,1,0,0,1,0,0,0
0.4014270889207435,-1.475968331559276,0,0,0,0,-0.6674168927062403,0.8883471122941295,0.0,0,0,0,1,0,0,0,0,1,0,0,0,1,0,0
-1.7295397314463947,0.5046623855273645,1,0,1,1,-0.8118286294235724,0.2985241478694439,0.0,0,0,0,1,0,0,0,0,1,0,0,1,0,0,0
0.9612804067858033,-0.2003610515442998,1,0,0,0,1.6431708947710744,1.478170076718815,0.0,0,0,1,0,0,0,1,0,0,0,1,0,0,0,0
1.5869225205183888,-0.8602149917428833,1,0,1,0,0.6322887377497493,1.478170076718815,0.0,0,0,1,0,0,1,0,0,0,0,1,0,0,0,0
1.1484482549003863,1.05351487320025,1,0,1,0,1.0655239479017458,-1.4709447454046127,0.0,0,0,0,0,1,0,0,1,0,0,0,0,0,0,1
1.718556052134073,-0.1922926070646807,0,0,1,0,-1.2450638395755689,-0.8811217809799272,0.0,0,0,1,0,0,0,0,1,0,0,0,0,0,1,0
-1.2951875357825722,-0.7554976161676575,1,0,1,0,-0.3785934192715759,-1.4709447454046127,0.0,0,0,1,0,0,0,0,1,0,0,0,0,0,0,1
1.4161415611868797,0.6984602154320593,1,0,1,0,0.9211122111844136,0.2985241478694439,0.0,0,0,0,0,1,0,0,1,0,0,0,1,0,0,0
-1.6823299684342676,-0.6330744874288232,1,0,1,1,-0.3785934192715759,-0.29129881655524165,0.0,0,0,0,1,0,0,0,0,1,1,0,0,0,0,0
1.1118006406003702,-1.2796879033531603,1,0,0,0,-0.8118286294235724,-0.29129881655524165,0.0,0,0,0,1,0,0,0,0,1,1,0,0,0,0,0
1.0476970336369287,1.1776706486702841,1,1,1,0,1.4987591580537423,0.2985241478694439,0.0,0,0,0,0,1,0,1,0,0,0,0,1,0,0,0
-1.5237718730211762,1.2362703127434147,0,0,1,1,-1.1006521028582368,-1.4709447454046127,0.0,0,0,1,0,0,1,0,0,0,0,0,0,0,0,1
-0.28409866702999426,-0.6548834238961693,1,0,1,0,1.0655239479017458,1.478170076718815,0.0,0,0,0,0,1,0,0,1,0,0,1,0,0,0,0
-1.4058331234330785,0.11411002010204661,1,0,1,0,0.05464179088042058,0.2985241478694439,0.0,0,0,1,0,0,0,0,1,0,0,0,1,0,0,0
0.20248739217535044,-0.4922128942221415,1,0,0,1,0.3434652643150849,-1.4709447454046127,0.0,0,0,0,1,0,0,0,0,1,0,0,0,0,0,1
1.2746451293670027,-1.040849878570251,1,0,0,0,0.19905352759775274,0.8883471122941295,0.0,0,0,0,0,1,1,0,0,0,0,0,0,1,0,0
-0.9743058917412475,-0.8770587316073871,1,0,1,0,1.4987591580537423,1.478170076718815,0.0,0,0,0,1,0,0,0,1,0,0,1,0,0,0,0
0.5265820831105613,-0.13587383663828526,1,0,1,1,1.0655239479017458,-0.8811217809799272,0.0,0,0,0,0,1,0,0,0,1,0,0,0,0,1,0
1.6715980185847967,-0.33235252790319497,1,0,1,0,-1.6782990497275654,-0.29129881655524165,0.0,0,0,0,1,0,0,0,1,0,1,0,0,0,0,0
0.2832645798101119,1.4956673547099688,1,0,1,0,1.6431708947710744,1.478170076718815,0.0,0,0,1,0,0,0,0,1,0,0,1,0,0,0,0
-0.6924353219567037,0.8469764867347895,1,0,1,0,-1.1006521028582368,-1.4709447454046127,0.0,0,0,0,1,0,0,0,0,1,0,0,0,0,0,1
0.5386196461743807,0.8284604410700228,1,0,0,0,-0.23418168255424376,-0.8811217809799272,0.0,0,0,1,0,0,0,0,0,1,0,0,0,0,1,0
-0.26399177618479397,-0.4778689929250412,0,0,0,0,-0.08976994583691159,0.2985241478694439,0.0,0,0,1,0,0,0,0,1,0,0,0,1,0,0,0
-1.6396058846004384,0.0025310186659480913,1,0,1,0,1.6431708947710744,0.2985241478694439,0.0,0,0,0,1,0,0,1,0,0,0,0,1,0,0,0
0.22036717652283022,1.5966435925670803,1,0,1,0,-1.2450638395755689,-0.8811217809799272,0.0,0,0,1,0,0,1,0,0,0,0,0,0,0,1,0
1.6210073890368828,-0.07317098926141699,1,0,0,0,1.35434742133641,0.2985241478694439,0.0,0,0,1,0,0,0,1,0,0,0,0,1,0,0,0
-1.3584310670812738,-0.34017098852607375,0,0,1,0,-0.23418168255424376,0.8883471122941295,0.0,0,0,0,1,0,1,0,0,0,0,0,0,1,0,0
-1.4432708885470427,-0.8955489168731805,1,0,1,0,-0.3785934192715759,-0.29129881655524165,0.0,0,0,1,0,0,0,0,1,0,1,0,0,0,0,0
-0.6208952071115476,0.7311477597341051,0,0,1,1,-1.2450638395755689,-0.8811217809799272,0.0,0,0,1,0,0,0,1,0,0,0,0,0,0,1,0
0.1741573388770268,1.7192305038327444,1,0,1,0,-0.5230051559889081,-0.29129881655524165,0.0,0,0,0,1,0,0,0,1,0,1,0,0,0,0,0
-1.4109900811789786,0.14184098793424144,1,0,0,0,-0.9562403661409046,0.8883471122941295,0.0,0,0,0,1,0,1,0,0,0,0,0,0,1,0,0
0.8179169814497842,-1.61561448601422,1,0,1,0,0.48787700103241705,0.2985241478694439,0.0,0,0,0,0,1,0,0,1,0,0,0,1,0,0,0
1.6798841134036322,0.1970443196088995,1,0,1,0,-1.389475576292901,-0.29129881655524165,0.0,0,0,1,0,0,0,1,0,0,1,0,0,0,0,0
0.03907301587476383,0.5790627533730819,1,0,1,0,1.6431708947710744,0.2985241478694439,0.0,0,0,0,1,0,0,0,0,1,0,0,1,0,0,0
0.30779421746789776,0.7826616744885957,1,0,1,1,0.05464179088042058,-0.8811217809799272,0.0,0,0,0,1,0,0,0,1,0,0,0,0,0,1,0
1.3791932700284586,-0.4973504934848049,1,0,0,0,0.19905352759775274,-0.8811217809799272,0.0,0,0,0,1,0,1,0,0,0,0,0,0,0,1,0
-0.20544020237422647,-0.6420394257395111,1,0,1,0,0.48787700103241705,-0.29129881655524165,0.0,0,0,0,0,1,0,1,0,0,1,0,0,0,0,0
-0.2097405806979262,-0.5825174074363388,1,0,1,0,0.19905352759775274,1.478170076718815,0.0,0,0,1,0,0,0,1,0,0,0,1,0,0,0,0
0.8107007368480637,1.009414272818059,1,0,1,1,0.19905352759775274,-0.8811217809799272,0.0,0,0,1,0,0,1,0,0,0,0,0,0,0,1,0
-0.43130795915956627,-0.6896915209140128,1,0,0,0,0.05464179088042058,-1.4709447454046127,0.0,0,0,1,0,0,0,0,0,1,0,0,0,0,0,1
-0.0643598234165613,0.8107460677734233,1,0,1,1,-1.2450638395755689,0.8883471122941295,0.0,0,0,1,0,0,0,0,0,1,0,0,0,1,0,0
-1.3168817207407482,-0.839518052431382,0,0,0,0,0.9211122111844136,0.2985241478694439,0.0,0,0,0,0,1,0,0,0,1,0,0,1,0,0,0
0.02422797005165139,1.5624733853905748,1,0,0,1,0.48787700103241705,0.8883471122941295,0.0,0,0,1,0,0,0,1,0,0,0,0,0,1,0,0
0.1554769149879802,-0.8293635357679299,1,0,1,0,1.6431708947710744,0.8883471122941295,0.0,0,0,0,1,0,0,0,1,0,0,0,0,1,0,0
-1.16173246180376,0.47056113941478694,0,0,0,0,0.05464179088042058,0.2985241478694439,0.0,0,0,0,0,1,0,0,1,0,0,0,1,0,0,0
1.1978641469549967,1.4233702993140667,1,0,1,0,-0.5230051559889081,-1.4709447454046127,0.0,0,0,0,0,1,0,1,0,0,0,0,0,0,0,1
-1.3681541175838825,-1.6727401073458814,1,0,1,1,0.7767004744670813,-1.4709447454046127,0.0,0,0,1,0,0,0,0,1,0,0,0,0,0,0,1
-1.3930263870105486,-1.200425780500493,1,0,0,1,1.6431708947710744,-0.29129881655524165,0.0,0,0,0,0,1,0,0,1,0,1,0,0,0,0,0
-0.4382829630260548,0.32094149108920267,1,0,1,1,0.05464179088042058,-0.29129881655524165,0.0,0,0,0,1,0,0,0,0,1,1,0,0,0,0,0
-0.8031158720326058,1.1752828718317647,0,0,0,0,-0.9562403661409046,-0.29129881655524165,0.0,0,0,0,0,1,1,0,0,0,1,0,0,0,0,0
1.4702878693975592,0.3188209383734053,1,0,1,0,1.4987591580537423,-1.4709447454046127,0.0,0,0,0,0,1,0,0,1,0,0,0,0,0,0,1
0.6941779654885014,-1.052012950793655,1,0,1,0,1.2099356846190779,1.478170076718815,0.0,0,0,0,0,1,1,0,0,0,0,1,0,0,0,0
-0.29957303651023387,-1.426023281009156,1,0,1,0,0.48787700103241705,0.2985241478694439,0.0,0,0,0,0,1,0,1,0,0,0,0,1,0,0,0
0.5939022332104286,-0.9702078887086294,1,0,0,1,-0.23418168255424376,-1.4709447454046127,0.0,0,0,0,1,0,0,0,1,0,0,0,0,0,0,1
-0.7407568900964213,-1.5143193032364395,1,0,1,0,-0.5230051559889081,1.478170076718815,0.0,0,0,1,0,0,0,0,1,0,0,1,0,0,0,0
-0.9959546255464087,-1.0037660664427712,1,0,0,1,1.6431708947710744,-1.4709447454046127,0.0,0,0,0,0,1,1,0,0,0,0,0,0,0,0,1
1.106412930846857,0.3152435831821216,1,0,1,0,-0.5230051559889081,0.2985241478694439,0.0,0,0,1,0,0,0,1,0,0,0,0,1,0,0,0
-0.24672383428174302,1.0273269091734523,1,0,1,0,-1.5338873130102333,0.8883471122941295,0.0,0,0,1,0,0,1,0,0,0,0,0,0,1,0,0
1.4277351014481707,-1.3891118715414974,1,0,1,0,0.9211122111844136,0.8883471122941295,0.0,0,0,1,0,0,1,0,0,0,0,0,0,1,0,0
0.4096082964633915,-0.9111599777199648,1,0,1,0,-1.1006521028582368,-1.4709447454046127,0.0,0,0,0,1,0,0,0,0,1,0,0,0,0,0,1
1.238424056656817,-0.23808275351311659,1,0,0,0,0.48787700103241705,-0.8811217809799272,0.0,0,0,0,1,0,0,0,1,0,0,0,0,0,1,0
-0.3430208425497586,1.0837801601318118,1,0,1,0,-0.9562403661409046,-0.29129881655524165,0.0,0,0,0,1,0,0,0,0,1,1,0,0,0,0,0
1.1786068430469174,0.6316714250174355,1,0,1,0,1.35434742133641,1.478170076718815,0.0,0,0,0,1,0,0,0,1,0,0,1,0,0,0,0
-1.2203749379203568,1.5863942544407272,1,0,1,1,0.6322887377497493,-0.8811217809799272,0.0,0,0,1,0,0,1,0,0,0,0,0,0,0,1,0
-0.9065626962940895,-0.6733822292949538,1,0,1,0,-0.8118286294235724,0.2985241478694439,0.0,0,0,0,0,1,1,0,0,0,0,0,1,0,0,0
0.6569464786843731,0.35719777044954176,1,0,1,0,0.3434652643150849,0.2985241478694439,0.0,0,0,0,0,1,1,0,0,0,0,0,1,0,0,0
-0.29375878516689036,-0.8203037759943407,1,0,1,0,0.9211122111844136,-1.4709447454046127,0.0,0,0,1,0,0,0,0,1,0,0,0,0,0,0,1
-1.1756999507494348,0.8793968069141129,1,0,1,0,1.0655239479017458,-0.29129881655524165,0.0,0,0,0,1,0,0,1,0,0,1,0,0,0,0,0
-1.707293140166963,0.6743324631901215,1,0,1,0,0.19905352759775274,0.8883471122941295,0.0,0,0,0,0,1,0,1,0,0,0,0,0,1,0,0
1.2377248081488983,0.172744164707141,0,0,0,0,-1.2450638395755689,0.2985241478694439,0.0,0,0,1,0,0,1,0,0,0,0,0,1,0,0,0
0.7220500110141382,0.6958052144708168,1,0,1,0,-0.3785934192715759,-0.8811217809799272,0.0,0,0,0,1,0,0,1,0,0,0,0,0,0,1,0
-1.4418688952886656,-0.5323396132954604,0,0,1,1,0.48787700103241705,-0.8811217809799272,0.0,0,0,1,0,0,0,0,0,1,0,0,0,0,1,0
-0.4555928598395807,-1.6203986598242506,0,0,1,0,-0.08976994583691159,1.478170076718815,0.0,0,0,0,0,1,0,0,0,1,0,1,0,0,0,0
-0.24366811830213864,-0.35412698383857716,1,0,1,0,0.05464179088042058,-0.29129881655524165,0.0,0,0,1,0,0,0,0,0,1,1,0,0,0,0,0
-0.4741334340270435,1.2078066336069806,1,1,1,0,1.6431708947710744,-1.4709447454046127,0.0,0,0,1,0,0,0,1,0,0,0,0,0,0,0,1
-1.0210436620105294,-1.4962687447531893,1,0,0,0,0.19905352759775274,-0.29129881655524165,0.0,0,0,1,0,0,0,0,1,0,1,0,0,0,0,0
-0.7649858508958023,0.716088387398748,1,0,1,0,-0.5230051559889081,-0.29129881655524165,0.0,0,0,1,0,0,1,0,0,0,1,0,0,0,0,0
-1.1840559704190627,0.6928054081899332,0,0,1,1,0.3434652643150849,-0.8811217809799272,0.0,0,0,1,0,0,0,0,0,1,0,0,0,0,1,0
-1.7035801305899152,1.34782345378054,1,0,1,0,-0.23418168255424376,0.2985241478694439,0.0,0,0,0,1,0,0,1,0,0,0,0,1,0,0,0
1.5910480867151084,1.610203061761996,0,0,1,0,0.7767004744670813,-0.29129881655524165,0.0,0,0,0,0,1,1,0,0,0,1,0,0,0,0,0
0.4952802236535834,1.5285445419378174,1,0,0,0,-0.5230051559889081,1.478170076718815,0.0,0,0,0,0,1,0,1,0,0,0,1,0,0,0,0
-1.438953029010645,0.7965487087371709,1,0,0,0,-0.5230051559889081,0.8883471122941295,0.0,0,0,0,0,1,0,0,0,1,0,0,0,1,0,0
-0.966411376086846,0.7306046913556695,1,0,1,0,-0.6674168927062403,-0.8811217809799272,0.0,0,0,0,0,1,0,0,0,1,0,0,0,0,1,0
1.20230087873774,-0.5215299665246889,1,0,1,0,-0.23418168255424376,-0.8811217809799272,0.0,0,0,0,1,0,0,0,0,1,0,0,0,0,1,0
-1.4834916627225228,0.8140303384430118,1,0,1,0,0.7767004744670813,-1.4709447454046127,0.0,0,0,1,0,0,0,0,1,0,0,0,0,0,0,1
-0.6834394899023303,-0.4247775938331892,1,0,1,0,-0.23418168255424376,0.8883471122941295,0.0,0,0,0,1,0,1,0,0,0,0,0,0,1,0,0
-0.005000617579347938,0.35912868023953626,1,0,0,0,-1.6782990497275654,0.8883471122941295,0.0,0,0,0,0,1,1,0,0,0,0,0,0,1,0,0
0.4190131888948971,-0.05497388851731893,1,0,0,0,-1.2450638395755689,-0.8811217809799272,0.0,0,0,1,0,0,0,0,1,0,0,0,0,0,1,0
1.3240435402089155,0.9957944626922063,0,0,1,0,1.6431708947710744,-1.4709447454046127,0.0,0,0,0,0,1,0,0,1,0,0,0,0,0,0,1
-1.708943366645651,1.109528497376066,1,0,0,0,0.48787700103241705,0.8883471122941295,0.0,0,0,0,0,1,0,1,0,0,0,0,0,1,0,0
0.39812663596336734,1.26829410680515,0,0,1,0,1.0655239479017458,1.478170076718815,0.0,0,0,0,1,0,1,0,0,0,0,1,0,0,0,0
0.6598483599922356,-0.9840001014943028,1,0,0,1,-0.23418168255424376,1.478170076718815,0.0,0,0,0,0,1,0,0,1,0,0,1,0,0,0,0
-0.5028655552174204,1.070013807745112,1,0,0,0,0.19905352759775274,-0.8811217809799272,0.0,0,0,1,0,0,0,0,0,1,0,0,0,0,1,0
0.023948270648483868,-0.8628268920391703,1,0,1,0,-0.23418168255424376,1.478170076718815,0.0,0,0,0,0,1,1,0,0,0,0,1,0,0,0,0
-1.5612026456500607,-1.2815412319462351,1,0,1,1,1.4987591580537423,0.8883471122941295,0.0,0,0,1,0,0,1,0,0,0,0,0,0,1,0,0
-0.3383463662743226,0.3461208995560478,1,1,1,0,1.6431708947710744,1.478170076718815,0.0,0,0,1,0,0,0,0,0,1,0,1,0,0,0,0
-1.5498608348516205,-0.36623827069099646,1,0,0,0,-1.5338873130102333,1.478170076718815,0.0,0,0,1,0,0,0,1,0,0,0,1,0,0,0,0
-1.2892893746182785,-0.4246655321043059,1,0,1,0,1.4987591580537423,-0.8811217809799272,0.0,0,0,0,1,0,1,0,0,0,0,0,0,0,1,0
-0.7911307526068803,-1.241164529016176,1,0,1,1,1.6431708947710744,-1.4709447454046127,0.0,0,0,0,0,1,0,0,0,1,0,0,0,0,0,1
1.1134823332619146,0.3895060288999819,1,0,1,0,1.4987591580537423,1.478170076718815,0.0,0,0,1,0,0,0,0,0,1,0,1,0,0,0,0
0.03725147351163608,1.3840366324759241,1,0,1,1,-0.9562403661409046,-1.4709447454046127,0.0,0,0,1,0,0,0,1,0,0,0,0,0,0,0,1
-0.09545890080624311,-1.1257581885320531,1,0,0,0,0.05464179088042058,-0.29129881655524165,0.0,0,0,0,1,0,0,0,0,1,1,0,0,0,0,0
-1.4777578249575898,-0.21016214275511894,1,0,1,0,-0.6674168927062403,0.2985241478694439,0.0,0,0,1,0,0,0,0,0,1,0,0,1,0,0,0
-0.2627226401429216,0.5921222548545166,1,0,1,0,1.35434742133641,-0.8811217809799272,0.0,0,0,0,0,1,0,0,0,1,0,0,0,0,1,0
-1.3817859672457564,0.9034728383581044,1,0,1,0,-0.8118286294235724,1.478170076718815,0.0,0,0,0,1,0,0,0,0,1,0,1,0,0,0,0
-1.066959815283007,1.1249585354300387,1,0,0,0,-0.23418168255424376,-0.29129881655524165,0.0,0,0,0,0,1,1,0,0,0,1,0,0,0,0,0
0.785936850940125,-0.0851271137199976,1,0,1,0,0.6322887377497493,-0.29129881655524165,0.0,0,0,0,0,1,1,0,0,0,1,0,0,0,0,0
0.07096923656347282,1.1437935260154735,1,0,1,0,-0.9562403661409046,0.8883471122941295,0.0,0,0,1,0,0,0,0,1,0,0,0,0,1,0,0
-1.6960667053723293,-1.1978311204701881,0,0,1,0,-0.3785934192715759,-1.4709447454046127,0.0,0,0,0,1,0,0,1,0,0,0,0,0,0,0,1
-1.6044441733797496,1.4018113467034607,1,0,1,0,0.19905352759775274,-0.8811217809799272,0.0,0,0,0,1,0,0,1,0,0,0,0,0,0,1,0
-0.6233880280422774,0.23092144226371017,1,0,1,0,-1.5338873130102333,1.478170076718815,0.0,0,0,0,0,1,0,1,0,0,0,1,0,0,0,0
0.5158171523311538,-0.18755153391960544,1,0,1,0,-0.3785934192715759,-0.8811217809799272,0.0,0,0,1,0,0,0,1,0,0,0,0,0,0,1,0
-1.6323162189053868,-0.22129073444655908,1,0,1,0,-0.9562403661409046,-0.8811217809799272,0.0,0,0,1,0,0,1,0,0,0,0,0,0,0,1,0
1.1552344616697368,0.9279195355207108,0,0,1,0,-1.2450638395755689,1.478170076718815,0.0,0,0,0,1,0,0,0,1,0,0,1,0,0,0,0
0.7310038881580366,1.1185020558197454,1,0,1,0,-1.2450638395755689,-1.4709447454046127,0.0,0,0,0,1,0,0,1,0,0,0,0,0,0,0,1
0.6241237537226724,-0.2631587203840693,1,0,1,0,1.6431708947710744,-1.4709447454046127,0.0,0,0,0,1,0,0,1,0,0,0,0,0,0,0,1
-0.7647830688285058,-1.6624304282885904,1,0,1,1,1.4987591580537423,0.2985241478694439,0.0,0,0,0,0,1,1,0,0,0,0,0,1,0,0,0
-0.24102146269966637,-0.3283872667273139,1,0,0,0,-0.23418168255424376,-0.8811217809799272,0.0,0,0,0,0,1,0,0,1,0,0,0,0,0,1,0
1.7018265315821193,-0.30081146128895775,1,1,1,0,0.9211122111844136,-1.4709447454046127,0.0,0,0,0,0,1,1,0,0,0,0,0,0,0,0,1
-1.3247237927570557,-1.4674775005630958,1,0,0,1,-1.1006521028582368,-0.8811217809799272,0.0,0,0,0,1,0,0,1,0,0,0,0,0,0,1,0
0.8877823961184752,0.39008357781038205,1,0,0,0,-0.9562403661409046,-0.8811217809799272,0.0,0,0,0,0,1,1,0,0,0,0,0,0,0,1,0
0.28673285240938834,0.9455390873544084,1,0,1,0,-0.5230051559889081,1.478170076718815,0.0,0,0,1,0,0,0,0,1,0,0,1,0,0,0,0
0.7120402686232832,0.33444923948617167,1,0,0,0,1.35434742133641,0.2985241478694439,0.0,0,0,1,0,0,1,0,0,0,0,0,1,0,0,0
1.2291415327141972,-0.8921525844747086,0,0,1,0,0.6322887377497493,-1.4709447454046127,0.0,0,0,1,0,0,0,1,0,0,0,0,0,0,0,1
-1.2413908518258516,1.3617363484280884,1,0,1,0,0.6322887377497493,-0.8811217809799272,0.0,0,0,0,1,0,1,0,0,0,0,0,0,0,1,0
-0.6168325732805402,-0.4332684248293698,1,0,1,0,0.19905352759775274,-1.4709447454046127,0.0,0,0,1,0,0,0,1,0,0,0,0,0,0,0,1
-0.8486404461406489,-0.36229886991408833,1,0,1,0,-1.6782990497275654,0.8883471122941295,0.0,0,0,0,0,1,0,0,1,0,0,0,0,1,0,0
0.5365813367737979,-0.8222950267152722,0,0,0,0,1.0655239479017458,0.2985241478694439,0.0,0,0,0,0,1,0,1,0,0,0,0,1,0,0,0
0.681822244353579,-0.006054633793133292,0,0,1,0,1.6431708947710744,0.8883471122941295,0.0,0,0,1,0,0,1,0,0,0,0,0,0,1,0,0
1.585261805312082,-0.7354730472294578,1,0,1,1,-0.6674168927062403,-1.4709447454046127,0.0,0,0,0,0,1,0,0,1,0,0,0,0,0,0,1
-0.05031891337755503,-1.006955515649458,1,1,0,0,0.7767004744670813,0.8883471122941295,0.0,0,0,1,0,0,0,1,0,0,0,0,0,1,0,0
-1.128427255371595,1.1126317452528427,1,0,1,1,-0.23418168255424376,1.478170076718815,0.0,0,0,0,1,0,0,1,0,0,0,1,0,0,0,0
-0.4727594107089833,-1.2487243856493233,1,1,1,0,-0.6674168927062403,0.8883471122941295,0.0,0,0,0,0,1,0,0,1,0,0,0,0,1,0,0
-1.2344053592317443,0.6940639476066255,1,0,0,0,-0.23418168255424376,-1.4709447454046127,0.0,0,0,1,0,0,0,1,0,0,0,0,0,0,0,1
0.11556381015598421,1.5321305172620925,1,0,1,0,-0.6674168927062403,-1.4709447454046127,0.0,0,0,0,0,1,0,0,0,1,0,0,0,0,0,1
1.5202212053480293,1.468177750601523,1,0,1,1,0.3434652643150849,-0.8811217809799272,0.0,0,0,0,1,0,0,0,0,1,0,0,0,0,1,0
1.6374222477602731,0.35587026996892074,1,0,1,0,0.6322887377497493,0.2985241478694439,0.0,0,0,0,0,1,1,0,0,0,0,0,1,0,0,0
-1.6378717483008003,-0.0993330928892413,0,0,1,0,-0.9562403661409046,0.2985241478694439,0.0,0,0,0,1,0,1,0,0,0,0,0,1,0,0,0
0.0008905510998667407,-1.5053198843937874,1,0,1,0,0.3434652643150849,0.2985241478694439,0.0,0,0,0,1,0,1,0,0,0,0,0,1,0,0,0
1.126317039624761,0.6886332638222669,1,1,0,0,-1.6782990497275654,-0.29129881655524165,0.0,0,0,0,1,0,0,0,1,0,1,0,0,0,0,0
-0.6588853785467672,1.4881161182098124,1,0,0,0,-0.3785934192715759,0.2985241478694439,0.0,0,0,0,1,0,0,1,0,0,0,0,1,0,0,0
1.55571156336744,0.9035073188900686,1,0,1,0,-0.8118286294235724,-0.29129881655524165,0.0,0,0,1,0,0,1,0,0,0,1,0,0,0,0,0
-0.10682168905992102,0.5377550760799897,1,0,1,1,0.19905352759775274,-0.8811217809799272,0.0,0,0,0,1,0,0,0,0,1,0,0,0,0,1,0
0.34971416551762013,-1.1823235012192965,1,0,1,0,0.19905352759775274,0.2985241478694439,0.0,0,0,1,0,0,1,0,0,0,0,0,1,0,0,0
1.6022465515694257,-0.8200537921376003,1,0,1,0,-0.23418168255424376,0.2985241478694439,0.0,0,0,0,1,0,1,0,0,0,0,0,1,0,0,0
-0.7579164484807448,0.6053800193947453,0,0,0,0,0.3434652643150849,-0.29129881655524165,0.0,0,0,0,0,1,0,0,0,1,1,0,0,0,0,0
-1.0767457981513284,-0.9112806595818393,1,0,1,1,-0.08976994583691159,-1.4709447454046127,0.0,0,0,0,0,1,0,0,0,1,0,0,0,0,0,1
1.745519074599416,-0.3271632078425853,1,0,0,0,-0.23418168255424376,1.478170076718815,0.0,0,0,0,1,0,0,1,0,0,0,1,0,0,0,0
0.464782499980712,-0.7419898677706884,1,0,1,0,-0.9562403661409046,1.478170076718815,0.0,0,0,1,0,0,1,0,0,0,0,1,0,0,0,0
-0.5828560882807734,0.946176977195746,1,0,1,0,-0.9562403661409046,1.478170076718815,0.0,0,0,1,0,0,0,1,0,0,0,1,0,0,0,0
-0.8469657459641838,-0.738326311249494,1,0,1,0,0.7767004744670813,0.2985241478694439,0.0,0,0,0,1,0,0,1,0,0,0,0,1,0,0,0
-1.0443531110219972,0.4675354727349296,1,0,1,0,0.3434652643150849,1.478170076718815,0.0,0,0,0,1,0,0,1,0,0,0,1,0,0,0,0
-0.6566827457468236,-0.0755156654349817,1,0,1,0,-0.3785934192715759,1.478170076718815,0.0,0,0,1,0,0,1,0,0,0,0,1,0,0,0,0
-0.48686674935624197,-1.0399878652711463,1,0,0,1,0.3434652643150849,-0.8811217809799272,0.0,0,0,0,1,0,0,0,0,1,0,0,0,0,1,0
0.9700105244071676,-1.0195926306143315,1,0,1,1,0.9211122111844136,0.2985241478694439,0.0,0,0,0,1,0,0,0,0,1,0,0,1,0,0,0
-1.3651753189401492,-0.5972578348510272,1,0,1,0,-1.5338873130102333,-0.29129881655524165,0.0,0,0,0,0,1,0,0,0,1,1,0,0,0,0,0
-0.7171992078646423,1.5954971148792714,1,0,1,0,-0.08976994583691159,0.2985241478694439,0.0,0,0,0,0,1,0,0,1,0,0,0,1,0,0,0
0.6433460952053557,0.8433387906125679,0,0,0,0,-0.08976994583691159,-0.8811217809799272,0.0,0,0,1,0,0,1,0,0,0,0,0,0,0,1,0
0.4499444466426783,0.003487853427954299,1,0,0,1,-1.5338873130102333,-1.4709447454046127,0.0,0,0,1,0,0,1,0,0,0,0,0,0,0,0,1
-0.5471559557089872,0.8680440917649058,1,0,1,0,-1.1006521028582368,-1.4709447454046127,0.0,0,0,0,1,0,0,0,0,1,0,0,0,0,0,1
-0.829946037281444,0.354930675472897,1,1,0,1,-0.3785934192715759,-0.29129881655524165,0.0,0,0,1,0,0,1,0,0,0,1,0,0,0,0,0
0.5922100518212654,-0.9001606880233902,1,0,1,1,-0.3785934192715759,1.478170076718815,0.0,0,0,0,0,1,0,1,0,0,0,1,0,0,0,0
0.8060542305129443,1.5102957203957732,1,0,0,1,1.2099356846190779,1.478170076718815,0.0,0,0,1,0,0,0,0,0,1,0,1,0,0,0,0
-1.6526328843029627,-0.979336609546147,1,0,0,1,1.35434742133641,0.8883471122941295,0.0,0,0,1,0,0,0,0,0,1,0,0,0,1,0,0
-1.5105420912513554,0.404117154319805,1,0,1,1,0.19905352759775274,-0.8811217809799272,0.0,0,0,1,0,0,0,0,1,0,0,0,0,0,1,0
-0.06147192707885755,-0.15688972087045494,1,0,1,0,-1.6782990497275654,-1.4709447454046127,0.0,0,0,1,0,0,0,1,0,0,0,0,0,0,0,1
0.4654747560035513,0.1717700896791531,0,0,1,0,-0.5230051559889081,0.8883471122941295,0.0,0,0,0,1,0,1,0,0,0,0,0,0,1,0,0
-1.7032060326381788,-1.0111449002831066,1,0,1,0,1.4987591580537423,-1.4709447454046127,0.0,0,0,0,1,0,0,0,0,1,0,0,0,0,0,1
1.1480042320978578,-0.10073817456678189,1,0,1,0,0.7767004744670813,0.8883471122941295,0.0,0,0,1,0,0,0,0,0,1,0,0,0,1,0,0
-0.7236847377755877,-0.3038285078358238,1,1,1,1,-0.3785934192715759,0.8883471122941295,0.0,0,0,0,1,0,0,0,1,0,0,0,0,1,0,0
0.22869872249468082,0.08227586896611415,1,0,1,0,0.9211122111844136,0.2985241478694439,0.0,0,0,0,0,1,0,0,1,0,0,0,1,0,0,0
-1.6120764708436817,-1.5577561533783197,0,0,1,0,-1.389475576292901,0.2985241478694439,0.0,0,0,0,1,0,0,1,0,0,0,0,1,0,0,0
0.5366093067141147,1.0826854032419493,1,0,1,0,1.4987591580537423,0.8883471122941295,0.0,0,0,1,0,0,1,0,0,0,0,0,0,1,0,0
-0.20182858383082672,1.659096456087208,1,0,1,0,-0.23418168255424376,1.478170076718815,0.0,0,0,1,0,0,0,0,1,0,0,1,0,0,0,0
-0.7955325219642281,1.3019298657362117,1,1,1,1,-0.8118286294235724,-1.4709447454046127,0.0,0,0,0,1,0,0,0,0,1,0,0,0,0,0,1
-0.6393588639631392,-0.036164758330856965,1,1,1,0,-1.389475576292901,-0.29129881655524165,0.0,0,0,0,0,1,0,1,0,0,1,0,0,0,0,0
-0.5907820701180312,-0.4764552911145098,1,0,1,0,-0.9562403661409046,1.478170076718815,0.0,0,0,1,0,0,1,0,0,0,0,1,0,0,0,0
-0.11244364706358688,0.16991676108607814,1,1,0,0,-1.6782990497275654,-0.29129881655524165,0.0,0,0,1,0,0,0,0,1,0,1,0,0,0,0,0
0.3421552891470197,0.8821466293382566,1,0,0,0,-0.6674168927062403,1.478170076718815,0.0,0,0,0,0,1,0,0,0,1,0,1,0,0,0,0
-1.364986521843011,-0.569199301965173,1,0,1,0,0.05464179088042058,0.2985241478694439,0.0,0,0,1,0,0,0,0,0,1,0,0,1,0,0,0
1.2350292051508722,1.6880601029371225,0,0,0,0,-1.389475576292901,1.478170076718815,0.0,0,0,0,1,0,1,0,0,0,0,1,0,0,0,0
-0.6385337507237951,-0.11784051842101713,1,0,1,0,-0.5230051559889081,0.2985241478694439,0.0,0,0,0,1,0,0,0,1,0,0,0,1,0,0,0
1.5381499370910636,1.0612471324932182,1,0,0,0,0.3434652643150849,0.2985241478694439,0.0,0,0,0,1,0,0,0,1,0,0,0,1,0,0,0
-1.6307009548520948,1.4558854409562914,0,0,1,1,0.05464179088042058,0.2985241478694439,0.0,0,0,0,0,1,1,0,0,0,0,0,1,0,0,0
-0.9161668745503521,0.058656704570648234,1,0,0,0,-0.3785934192715759,-0.8811217809799272,0.0,0,0,0,1,0,1,0,0,0,0,0,0,0,1,0
0.18287696777077211,0.908489755758893,1,0,1,0,0.48787700103241705,0.8883471122941295,0.0,0,0,0,1,0,0,0,0,1,0,0,0,1,0,0
0.5358715995382607,1.063376305342006,1,0,1,0,-0.9562403661409046,0.8883471122941295,0.0,0,0,1,0,0,0,0,0,1,0,0,0,1,0,0
0.9341565571636392,1.3541420112629765,1,0,0,0,0.05464179088042058,-0.29129881655524165,0.0,0,0,0,1,0,1,0,0,0,1,0,0,0,0,0
-0.523367521469595,-1.5033200135398648,1,0,0,0,-0.8118286294235724,-1.4709447454046127,0.0,0,0,1,0,0,0,1,0,0,0,0,0,0,0,1
0.3462214192205666,0.4808535782060958,1,0,1,1,-0.23418168255424376,1.478170076718815,0.0,0,0,0,1,0,0,0,0,1,0,1,0,0,0,0
-0.46605012127550405,1.574084704529513,1,0,1,0,-0.6674168927062403,-0.8811217809799272,0.0,0,0,0,0,1,0,0,1,0,0,0,0,0,1,0
-0.8841727590705346,1.155603108213207,1,0,1,0,-0.5230051559889081,-0.29129881655524165,0.0,0,0,1,0,0,0,0,1,0,1,0,0,0,0,0
0.0005863779989218519,0.918049483245963,0,0,1,0,1.35434742133641,0.2985241478694439,0.0,0,0,0,0,1,1,0,0,0,0,0,1,0,0,0
1.517039624637,-1.191960809903286,1,0,1,0,-0.3785934192715759,0.8883471122941295,0.0,0,0,1,0,0,0,0,0,1,0,0,0,1,0,0
0.9928374919481716,-0.6265490467546013,1,0,0,0,1.4987591580537423,-1.4709447454046127,0.0,0,0,1,0,0,0,0,0,1,0,0,0,0,0,1
1.7239332731599677,0.18171772315082008,1,0,1,0,1.35434742133641,1.478170076718815,0.0,0,0,0,0,1,0,1,0,0,0,1,0,0,0,0
0.42721887013532245,-0.7435932125070231,1,0,1,0,-0.23418168255424376,-1.4709447454046127,0.0,0,0,1,0,0,1,0,0,0,0,0,0,0,0,1
-0.13968986517463652,0.7238982278886356,0,0,1,0,-1.2450638395755689,-0.29129881655524165,0.0,0,0,0,0,1,1,0,0,0,1,0,0,0,0,0
1.4618129774815853,0.4334083662233791,1,0,1,0,0.7767004744670813,-1.4709447454046127,0.0,0,0,0,1,0,0,0,0,1,0,0,0,0,0,1
-1.0426504409052155,-0.4714469938467121,1,0,1,0,-1.5338873130102333,-0.29129881655524165,0.0,0,0,1,0,0,1,0,0,0,1,0,0,0,0,0
-0.1256349701654719,-0.47034361682385806,1,0,1,1,-1.5338873130102333,-0.29129881655524165,0.0,0,0,0,1,0,0,1,0,0,1,0,0,0,0,0
1.7084169487692527,1.3052486169377637,1,0,0,1,0.48787700103241705,-0.29129881655524165,0.0,0,0,1,0,0,0,0,0,1,1,0,0,0,0,0
-0.20624433815833298,-0.4598615351067464,1,0,1,0,-0.5230051559889081,-0.29129881655524165,0.0,0,0,0,1,0,0,1,0,0,1,0,0,0,0,0
-0.9119539022901422,0.2649106266474041,1,0,1,1,-0.5230051559889081,-0.29129881655524165,0.0,0,0,0,0,1,1,0,0,0,1,0,0,0,0,0
0.7886988825464035,1.44507579418552,0,0,0,0,0.19905352759775274,0.8883471122941295,0.0,0,0,0,1,0,0,0,0,1,0,0,0,1,0,0
-1.7214074712993008,1.3704771632810084,1,0,1,0,-0.6674168927062403,-0.29129881655524165,0.0,0,0,0,0,1,0,1,0,0,1,0,0,0,0,0
0.38662050176556617,-1.532275040256788,1,0,0,1,-1.5338873130102333,-1.4709447454046127,0.0,0,0,1,0,0,0,0,1,0,0,0,0,0,0,1
1.3702184154293229,0.7824375510308283,0,0,1,0,1.35434742133641,0.8883471122941295,0.0,0,0,0,1,0,1,0,0,0,0,0,0,1,0,0
0.003292469724567235,0.1465131000153884,1,0,1,0,-0.23418168255424376,0.2985241478694439,0.0,0,0,1,0,0,0,0,0,1,0,0,1,0,0,0
-0.045133985691338335,1.281017423099934,1,0,1,0,-0.8118286294235724,1.478170076718815,0.0,0,0,1,0,0,0,1,0,0,0,1,0,0,0,0
-0.2939930334170431,0.4121597384004508,1,1,1,0,-0.23418168255424376,1.478170076718815,0.0,0,0,1,0,0,1,0,0,0,0,1,0,0,0,0
-1.2393140837573333,0.39660901848460395,1,0,1,0,-0.5230051559889081,-1.4709447454046127,0.0,0,0,0,1,0,1,0,0,0,0,0,0,0,0,1
-1.0443356298092994,-1.5321715986608955,0,0,0,0,0.3434652643150849,-0.29129881655524165,0.0,0,0,1,0,0,0,0,1,0,1,0,0,0,0,0
-1.2435760034130974,-0.8353717684626889,0,0,0,0,-0.3785934192715759,-1.4709447454046127,0.0,0,0,1,0,0,0,0,1,0,0,0,0,0,0,1
-0.7729992387965499,0.08591356508833536,1,0,0,0,0.6322887377497493,-1.4709447454046127,0.0,0,0,1,0,0,1,0,0,0,0,0,0,0,0,1
0.06847291939020315,-0.11518551745977504,1,1,1,0,-1.389475576292901,0.2985241478694439,0.0,0,0,1,0,0,1,0,0,0,0,0,1,0,0,0
1.2835710365705844,-0.7592215136197891,1,0,1,0,0.9211122111844136,0.8883471122941295,0.0,0,0,0,1,0,0,1,0,0,0,0,0,1,0,0
1.136651932571799,0.7495172631380242,1,0,1,1,-0.6674168927062403,0.8883471122941295,0.0,0,0,0,1,0,0,0,1,0,0,0,0,1,0,0
-1.1221829661958818,1.1039598914638502,1,0,1,0,0.19905352759775274,-0.29129881655524165,0.0,0,0,1,0,0,1,0,0,0,1,0,0,0,0,0
1.256097562694461,-1.3895342580580585,0,0,0,0,1.4987591580537423,0.8883471122941295,0.0,0,0,0,0,1,0,0,0,1,0,0,0,1,0,0
0.7282348640666787,0.7362163979328402,1,0,1,1,0.9211122111844136,-0.8811217809799272,0.0,0,0,0,0,1,0,0,1,0,0,0,0,0,1,0
1.163251345813024,0.3179934056062649,0,0,1,0,-0.6674168927062403,-0.29129881655524165,0.0,0,0,1,0,0,0,0,0,1,1,0,0,0,0,0
1.3894932005500997,1.6550967143793631,1,0,1,0,-0.8118286294235724,0.2985241478694439,0.0,0,0,0,1,0,0,0,1,0,0,0,1,0,0,0
0.7322345655319732,-0.3003373539744505,1,0,1,0,1.2099356846190779,-0.29129881655524165,0.0,0,0,0,0,1,1,0,0,0,1,0,0,0,0,0
-0.9951784597026189,-0.4432074381680455,1,0,1,0,-1.1006521028582368,0.8883471122941295,0.0,0,0,0,1,0,0,1,0,0,0,0,0,1,0,0
0.18940095634965298,-1.370087238030259,1,0,1,1,1.0655239479017458,-0.29129881655524165,0.0,0,0,0,0,1,0,0,1,0,1,0,0,0,0,0
0.686521194326792,-1.100397757272396,1,0,1,1,1.0655239479017458,0.8883471122941295,0.0,0,0,1,0,0,1,0,0,0,0,0,0,1,0,0
-1.4099691783574173,1.5670506760088196,1,0,1,0,0.7767004744670813,-0.8811217809799272,0.0,0,0,0,0,1,0,0,1,0,0,0,0,0,1,0
-0.5447120821738115,-0.4337080516119129,0,0,0,0,0.19905352759775274,-1.4709447454046127,0.0,0,0,1,0,0,0,0,1,0,0,0,0,0,0,1
-0.08454013535509336,0.28991763245442853,1,0,1,0,-1.2450638395755689,0.8883471122941295,0.0,0,0,1,0,0,0,0,1,0,0,0,0,1,0,0
1.2648101991031273,-0.021105385995499513,1,0,1,0,0.48787700103241705,-0.8811217809799272,0.0,0,0,0,1,0,0,0,0,1,0,0,0,0,1,0
0.16048353430467757,0.3914455588229673,1,0,0,1,-1.389475576292901,0.2985241478694439,0.0,0,0,1,0,0,1,0,0,0,0,0,1,0,0,0
-1.0000137631348764,0.2355159731479376,1,0,1,0,-0.6674168927062403,0.8883471122941295,0.0,0,0,0,1,0,0,0,0,1,0,0,0,1,0,0
-0.5786221385653261,0.7826616744885957,1,0,1,0,0.9211122111844136,-0.29129881655524165,0.0,0,0,0,0,1,0,0,1,0,1,0,0,0,0,0
0.4678452084453954,-0.7232496986481545,1,0,1,0,1.0655239479017458,1.478170076718815,0.0,0,0,0,1,0,1,0,0,0,0,1,0,0,0,0
0.3816138824488688,1.5766879846928092,1,0,1,0,-0.23418168255424376,0.2985241478694439,0.0,0,0,1,0,0,1,0,0,0,0,0,1,0,0,0
-0.5336604595061574,0.9552453571023263,1,0,0,0,-1.1006521028582368,1.478170076718815,0.0,0,0,0,0,1,0,0,1,0,0,1,0,0,0,0
-1.3338594745130128,1.127053227746863,1,0,0,0,1.2099356846190779,0.2985241478694439,0.0,0,0,0,1,0,1,0,0,0,0,0,1,0,0,0
-0.21508983178350355,0.5622362537745603,1,0,0,0,0.9211122111844136,0.2985241478694439,0.0,0,0,0,1,0,0,0,1,0,0,0,1,0,0,0
0.8522465869460497,0.4160043177144573,1,0,0,1,-0.8118286294235724,-0.29129881655524165,0.0,0,0,0,0,1,1,0,0,0,1,0,0,0,0,0
-0.02434532755091712,0.5310744730119292,1,0,1,0,-0.8118286294235724,-0.29129881655524165,0.0,0,0,0,0,1,0,1,0,0,1,0,0,0,0,0
-1.3687624637857718,-1.67305905226655,1,0,0,0,1.0655239479017458,1.478170076718815,0.0,0,0,0,0,1,0,0,0,1,0,1,0,0,0,0
1.309285900449292,1.493469220797252,1,0,1,1,0.7767004744670813,-0.29129881655524165,0.0,0,0,0,1,0,0,0,0,1,1,0,0,0,0,0
-0.30951285405029744,-1.4720116905163858,1,0,1,1,-0.23418168255424376,-0.29129881655524165,0.0,0,0,1,0,0,1,0,0,0,1,0,0,0,0,0
-0.5991031273622631,-0.7399210358528374,0,0,1,0,-0.8118286294235724,-1.4709447454046127,0.0,0,0,0,0,1,0,0,1,0,0,0,0,0,0,1
1.0177342350726148,1.5416299038182255,1,0,1,0,-0.23418168255424376,-0.8811217809799272,0.0,0,0,0,0,1,0,1,0,0,0,0,0,0,1,0
-1.379614800628669,1.6911633508138995,1,0,1,1,-1.5338873130102333,1.478170076718815,0.0,0,0,1,0,0,0,0,1,0,0,1,0,0,0,0
-0.18492425115189345,-0.09613502354956323,1,0,1,0,1.0655239479017458,-0.8811217809799272,0.0,0,0,1,0,0,0,1,0,0,0,0,0,0,1,0
-0.9592895300336948,-0.9636652077684255,1,0,1,0,-0.8118286294235724,-1.4709447454046127,0.0,0,0,0,1,0,1,0,0,0,0,0,0,0,0,1
1.6495542093726612,0.12102336676086543,0,0,1,0,1.35434742133641,0.2985241478694439,0.0,0,0,1,0,0,0,1,0,0,0,0,1,0,0,0
-0.8829910290921522,-0.3349471879335,1,0,0,1,1.4987591580537423,1.478170076718815,0.0,0,0,0,0,1,0,0,0,1,0,1,0,0,0,0
0.28141856374920676,0.32703592511387225,0,0,1,0,1.2099356846190779,-1.4709447454046127,0.0,0,0,0,0,1,0,0,1,0,0,0,0,0,0,1
-0.3856610165626374,1.5626716484493683,1,0,1,0,-0.08976994583691159,-0.8811217809799272,0.0,0,0,0,1,0,1,0,0,0,0,0,0,0,1,0
0.998060878302324,-0.10770324202354693,1,0,0,0,-0.23418168255424376,-0.29129881655524165,0.0,0,0,1,0,0,1,0,0,0,1,0,0,0,0,0
0.13781739392049483,1.3027142978383968,0,0,0,0,-0.8118286294235724,-0.29129881655524165,0.0,0,0,1,0,0,0,1,0,0,1,0,0,0,0,0
0.7781402300768321,0.537203387568563,1,0,1,1,-0.8118286294235724,-0.29129881655524165,0.0,0,0,0,1,0,1,0,0,0,1,0,0,0,0,0
-0.5608857001619698,-0.17419032778348426,1,0,1,0,0.7767004744670813,-1.4709447454046127,0.0,0,0,0,0,1,0,0,0,1,0,0,0,0,0,1
1.1675971752897378,0.03611505679906306,1,0,1,0,0.6322887377497493,0.8883471122941295,0.0,0,0,0,1,0,0,0,1,0,0,0,0,1,0,0
0.9346670085744199,-1.402395496480699,1,0,0,1,1.4987591580537423,0.8883471122941295,0.0,0,0,1,0,0,0,0,1,0,0,0,0,1,0,0
-0.17918342090188139,-1.1699018895791993,1,0,1,0,-0.23418168255424376,-0.29129881655524165,0.0,0,0,0,1,0,1,0,0,0,1,0,0,0,0,0
1.7285133508868342,-1.6725332241540962,1,0,1,0,-0.9562403661409046,-1.4709447454046127,0.0,0,0,1,0,0,1,0,0,0,0,0,0,0,0,1
1.2633068148111017,-1.59962413931583,1,0,1,0,-1.5338873130102333,0.2985241478694439,0.0,0,0,0,1,0,1,0,0,0,0,0,1,0,0,0
-1.3570080963676592,0.5344880456763834,1,1,0,0,-1.6782990497275654,1.478170076718815,0.0,0,0,1,0,0,0,0,1,0,0,1,0,0,0,0
-1.2064389151575383,-0.5069619417698212,1,0,0,0,0.05464179088042058,-0.29129881655524165,0.0,0,0,1,0,0,1,0,0,0,1,0,0,0,0,0
-1.1729099492028396,0.9222388678796114,1,0,0,0,0.19905352759775274,-1.4709447454046127,0.0,0,0,0,0,1,1,0,0,0,0,0,0,0,0,1
-1.5003470480059016,1.3093690405074843,0,0,0,0,-1.1006521028582368,-1.4709447454046127,0.0,0,0,0,0,1,0,0,0,1,0,0,0,0,0,1
-1.4108327502646967,-1.0777440477719273,0,0,1,1,-1.5338873130102333,-0.8811217809799272,0.0,0,0,1,0,0,0,1,0,0,0,0,0,0,1,0
-0.11841173307867238,-0.40538229460333586,1,0,1,0,-1.1006521028582368,-1.4709447454046127,0.0,0,0,0,0,1,1,0,0,0,0,0,0,0,0,1
0.7148372626549577,-1.5304992928606327,1,0,1,0,0.05464179088042058,0.2985241478694439,0.0,0,0,0,0,1,1,0,0,0,0,0,1,0,0,0
1.343297347874455,0.8388649415902151,1,0,1,0,0.7767004744670813,-0.29129881655524165,0.0,0,0,1,0,0,0,0,0,1,1,0,0,0,0,0
1.0021899407415835,1.3835883855603892,1,0,1,1,-0.3785934192715759,1.478170076718815,0.0,0,0,1,0,0,0,0,1,0,0,1,0,0,0,0
0.2628849820468231,-1.6547843703255327,1,0,1,0,-0.8118286294235724,0.2985241478694439,0.0,0,0,1,0,0,0,0,1,0,0,0,1,0,0,0
-0.3148026690127019,-1.5368868114069976,0,0,1,0,1.4987591580537423,-0.8811217809799272,0.0,0,0,1,0,0,0,1,0,0,0,0,0,0,1,0
-0.9326236881842174,-0.9773712192241886,1,0,1,0,-0.08976994583691159,1.478170076718815,0.0,0,0,0,0,1,1,0,0,0,0,1,0,0,0,0
0.8755140810470425,1.5569651204092962,1,0,1,0,-0.3785934192715759,0.2985241478694439,0.0,0,0,1,0,0,1,0,0,0,0,0,1,0,0,0
1.0632623054231978,0.9309193418015944,1,0,0,0,0.7767004744670813,0.8883471122941295,0.0,0,0,0,0,1,0,1,0,0,0,0,0,1,0,0
1.5003485627529822,-0.8062184786869715,1,0,1,0,1.4987591580537423,0.8883471122941295,0.0,0,0,1,0,0,0,1,0,0,0,0,0,1,0,0
-0.4105962183550162,0.3369576981865659,1,0,1,0,-0.3785934192715759,1.478170076718815,0.0,0,0,0,1,0,0,0,0,1,0,1,0,0,0,0
-1.1863250318272587,-1.6889028567040925,1,0,1,0,-1.389475576292901,-0.29129881655524165,0.0,0,0,1,0,0,1,0,0,0,1,0,0,0,0,0
1.5735354078342867,-0.6894760175892366,0,0,1,0,0.9211122111844136,-1.4709447454046127,0.0,0,0,1,0,0,0,0,1,0,0,0,0,0,0,1
0.5429165282555408,1.5472933311933423,1,0,0,0,-0.5230051559889081,0.2985241478694439,0.0,0,0,1,0,0,1,0,0,0,0,0,1,0,0,0
-1.6458991211717062,1.5175366321082522,1,0,1,0,-0.9562403661409046,-0.29129881655524165,0.0,0,0,0,0,1,1,0,0,0,1,0,0,0,0,0
0.8590362899579397,0.5994752282958785,0,1,1,0,-1.389475576292901,-0.29129881655524165,0.0,0,0,0,1,0,1,0,0,0,1,0,0,0,0,0
-0.6231223136092683,-0.34437761342570383,1,0,1,0,0.7767004744670813,0.2985241478694439,0.0,0,0,0,1,0,0,0,1,0,0,0,1,0,0,0
-0.18865474194163942,-0.07079183255588851,1,0,1,0,-0.23418168255424376,-1.4709447454046127,0.0,0,0,0,1,0,0,0,0,1,0,0,0,0,0,1
-0.7803238669169976,-1.2119853788414856,1,0,1,1,1.4987591580537423,-1.4709447454046127,0.0,0,0,0,0,1,0,0,0,1,0,0,0,0,0,1
-0.01250705031185464,-0.9423734792805422,1,0,1,0,0.6322887377497493,-0.8811217809799272,0.0,0,0,0,0,1,0,0,1,0,0,0,0,0,1,0
-0.9556569340350572,1.3568142524902012,0,0,1,1,0.3434652643150849,-1.4709447454046127,0.0,0,0,0,1,0,1,0,0,0,0,0,0,0,0,1
-1.2989355077850162,1.4444206640782002,1,0,1,0,-1.2450638395755689,-1.4709447454046127,0.0,0,0,1,0,0,0,0,1,0,0,0,0,0,0,1
-1.5861133737446624,-0.06947295220825832,0,0,1,0,-0.3785934192715759,-0.29129881655524165,0.0,0,0,0,0,1,0,0,1,0,1,0,0,0,0,0
-0.49204118831483984,1.3986822384277109,1,0,1,0,1.35434742133641,-1.4709447454046127,0.0,0,0,0,0,1,0,0,1,0,0,0,0,0,0,1
1.457795794803593,0.30612348247759463,1,0,1,0,1.0655239479017458,-0.29129881655524165,0.0,0,0,0,0,1,0,0,0,1,1,0,0,0,0,0
-0.40898095430172415,0.6813320111788507,1,0,1,0,0.7767004744670813,0.8883471122941295,0.0,0,0,0,0,1,0,0,1,0,0,0,0,1,0,0
0.3578708993624914,0.5234197949158808,1,0,1,1,-0.8118286294235724,1.478170076718815,0.0,0,0,0,0,1,0,1,0,0,0,1,0,0,0,0
1.3780220287776948,-0.09262662942220778,1,0,1,0,-1.5338873130102333,-1.4709447454046127,0.0,0,0,0,0,1,0,0,1,0,0,0,0,0,0,1
-0.11093676652902207,0.9432719923777636,1,0,1,1,1.4987591580537423,0.2985241478694439,0.0,0,0,0,0,1,0,0,1,0,0,0,1,0,0,0
-1.702429866794389,1.5002101647962496,0,0,1,0,1.4987591580537423,-1.4709447454046127,0.0,0,0,1,0,0,0,0,0,1,0,0,0,0,0,1
-0.262030384120082,1.3632448717015213,0,0,1,0,1.0655239479017458,-0.29129881655524165,0.0,0,0,0,0,1,0,0,0,1,1,0,0,0,0,0
-0.14925558476296372,1.6490712414186222,1,0,1,1,-1.5338873130102333,-0.8811217809799272,0.0,0,0,0,0,1,0,0,1,0,0,0,0,0,1,0
-0.6392085255339367,1.0827371240398953,1,0,0,0,-0.3785934192715759,-0.8811217809799272,0.0,0,0,0,1,0,0,0,1,0,0,0,0,0,1,0
1.0224052151055116,1.314265276046398,0,0,1,0,1.35434742133641,0.2985241478694439,0.0,0,0,1,0,0,1,0,0,0,0,0,1,0,0,0
1.2252711922228676,-1.0231268851406603,1,0,1,0,0.48787700103241705,1.478170076718815,0.0,0,0,1,0,0,0,1,0,0,0,1,0,0,0,0
-1.1775599517804984,1.1018651991470265,1,0,1,1,1.2099356846190779,-0.29129881655524165,0.0,0,0,0,1,0,0,0,0,1,1,0,0,0,0,0
-1.566058926537556,-0.5562173816806575,1,0,1,1,0.9211122111844136,0.2985241478694439,0.0,0,0,0,1,0,1,0,0,0,0,0,1,0,0,0
-0.1175446649288531,-1.6846186506075427,0,1,1,0,-0.08976994583691159,1.478170076718815,0.0,0,0,1,0,0,0,0,1,0,0,1,0,0,0,0
-1.7168553635127506,1.3380137424367295,1,0,0,0,-0.23418168255424376,-0.8811217809799272,0.0,0,0,0,0,1,1,0,0,0,0,0,0,0,1,0
-0.49217754177388406,-0.9506660472179282,1,0,1,0,-1.389475576292901,1.478170076718815,0.0,0,0,0,0,1,0,0,0,1,0,1,0,0,0,0
-0.45141485000476683,1.2548380792061276,1,0,1,1,0.48787700103241705,-0.29129881655524165,0.0,0,0,1,0,0,0,0,1,0,1,0,0,0,0,0
0.28457916700499897,-0.44300055497626056,1,0,1,1,0.19905352759775274,0.8883471122941295,0.0,0,0,1,0,0,0,0,1,0,0,0,0,1,0,0
-0.913254504514871,1.1817221111760756,1,0,0,0,0.7767004744670813,0.8883471122941295,0.0,0,0,0,1,0,0,0,1,0,0,0,0,1,0,0
-1.1777137864522407,-0.4129766317684477,1,0,1,0,-0.9562403661409046,-0.29129881655524165,0.0,0,0,0,0,1,0,1,0,0,1,0,0,0,0,0
-0.7300478991976473,-0.21136896137386543,1,0,1,0,0.48787700103241705,-0.29129881655524165,0.0,0,0,1,0,0,1,0,0,0,1,0,0,0,0,0
0.828171460818411,-1.43240217942253,1,0,1,0,0.9211122111844136,0.2985241478694439,0.0,0,0,1,0,0,0,0,0,1,0,0,1,0,0,0
-1.06564522808812,0.9410393779330826,1,0,1,1,-0.5230051559889081,1.478170076718815,0.0,0,0,0,1,0,1,0,0,0,0,1,0,0,0,0
0.07260897431454189,-0.5059016654119225,1,0,1,0,-1.1006521028582368,-1.4709447454046127,0.0,0,0,1,0,0,0,1,0,0,0,0,0,0,0,1
1.0529169237485414,-1.0325831710318376,1,0,0,0,1.4987591580537423,-0.8811217809799272,0.0,0,0,0,1,0,0,0,1,0,0,0,0,0,1,0
-1.694238170524122,1.2776297108344528,1,1,0,0,0.6322887377497493,-0.8811217809799272,0.0,0,0,0,0,1,0,1,0,0,0,0,0,0,1,0
0.6243265357899688,1.5696280957731423,0,1,1,0,1.0655239479017458,0.2985241478694439,0.0,0,0,1,0,0,0,0,0,1,0,0,1,0,0,0
0.824070368319468,-1.677748404613679,1,0,1,0,-0.5230051559889081,-1.4709447454046127,0.0,0,0,0,1,0,0,0,1,0,0,0,0,0,0,1
1.5854121437412845,-0.05425841747906218,0,1,0,0,-0.23418168255424376,1.478170076718815,0.0,0,0,0,1,0,0,0,1,0,0,1,0,0,0,0
0.41083198135224913,1.6541398796173565,1,0,1,0,-0.6674168927062403,-1.4709447454046127,0.0,0,0,0,1,0,0,0,1,0,0,0,0,0,0,1
-0.8053150085900099,1.3879329325878764,1,0,1,0,-0.08976994583691159,-0.29129881655524165,0.0,0,0,1,0,0,1,0,0,0,1,0,0,0,0,0
0.8967292807772942,-1.000938662821708,1,0,1,0,-0.8118286294235724,1.478170076718815,0.0,0,0,0,0,1,0,1,0,0,0,1,0,0,0,0
-0.9772042768065702,-1.5028545263583482,1,0,1,0,-0.5230051559889081,1.478170076718815,0.0,0,0,0,0,1,1,0,0,0,0,1,0,0,0,0
-0.17391108715217485,-1.0572195111202471,1,0,1,0,-1.2450638395755689,0.8883471122941295,0.0,0,0,0,1,0,0,0,1,0,0,0,0,1,0,0
-0.1481053209674376,-0.04298328352677417,1,0,0,0,-1.389475576292901,-1.4709447454046127,0.0,0,0,1,0,0,0,1,0,0,0,0,0,0,0,1
0.624641197618532,-0.4755415570174589,1,1,1,0,1.0655239479017458,0.2985241478694439,0.0,0,0,0,0,1,0,0,0,1,0,0,1,0,0,0
-0.7230239479356046,-0.09098880415390899,1,0,1,0,0.7767004744670813,1.478170076718815,0.0,0,0,0,0,1,1,0,0,0,0,1,0,0,0,0
-0.8171707670417704,0.807453176970844,1,0,0,0,0.19905352759775274,-1.4709447454046127,0.0,0,0,0,1,0,0,0,0,1,0,0,0,0,0,1
0.29288973552161185,-1.3634411154941626,1,0,0,0,0.3434652643150849,0.2985241478694439,0.0,0,0,1,0,0,0,0,1,0,0,0,1,0,0,0
0.43946620775151735,0.45781196272103003,1,0,1,0,1.2099356846190779,0.2985241478694439,0.0,0,0,1,0,0,0,0,1,0,0,0,1,0,0,0
-0.310677102815982,1.469625932944019,1,1,1,0,1.4987591580537423,-1.4709447454046127,0.0,0,0,0,1,0,1,0,0,0,0,0,0,0,0,1
0.9128154927019623,0.8987490054790113,1,0,1,1,-0.8118286294235724,1.478170076718815,0.0,0,0,0,0,1,0,0,1,0,0,1,0,0,0,0
1.623758931915543,0.5176184454129068,1,0,1,1,-0.5230051559889081,0.8883471122941295,0.0,0,0,0,1,0,0,0,1,0,0,0,0,1,0,0
-0.48557313961659243,-1.526103025035199,0,0,1,0,1.4987591580537423,0.8883471122941295,0.0,0,0,1,0,0,0,0,0,1,0,0,0,1,0,0
-1.524967587969717,-0.4068046165468585,1,0,1,0,-0.08976994583691159,0.8883471122941295,0.0,0,0,0,1,0,0,1,0,0,0,0,0,1,0,0
-0.2549679741901038,0.19388935093417684,1,0,1,0,-1.2450638395755689,-0.8811217809799272,0.0,0,0,0,1,0,0,0,1,0,0,0,0,0,1,0
0.3035288015695941,-0.3501186219977407,1,1,0,0,-1.2450638395755689,0.8883471122941295,0.0,0,0,0,1,0,0,1,0,0,0,0,0,1,0,0
-0.20324106581682236,-1.0136619791164918,1,0,1,0,0.3434652643150849,1.478170076718815,0.0,0,0,0,0,1,0,0,1,0,0,1,0,0,0,0
1.0317856338392402,0.055277612438158166,1,0,1,0,1.6431708947710744,0.2985241478694439,0.0,0,0,1,0,0,1,0,0,0,0,0,1,0,0,0
-0.526685455639669,0.9807609507558225,1,0,1,0,1.0655239479017458,-0.8811217809799272,0.0,0,0,1,0,0,0,1,0,0,0,0,0,0,1,0
1.6966206264406651,1.243269860732144,1,1,0,0,-1.6782990497275654,-0.29129881655524165,0.0,0,0,0,0,1,0,1,0,0,1,0,0,0,0,0
-0.2490977829661268,1.2910340176355293,1,0,1,0,0.48787700103241705,-0.8811217809799272,0.0,0,0,0,1,0,0,0,0,1,0,0,0,0,1,0
-0.3999047086689402,0.4957577881476142,0,0,1,0,-1.2450638395755689,-0.8811217809799272,0.0,0,0,1,0,0,0,0,1,0,0,0,0,0,1,0
-0.9457590714054689,-0.08784245561217714,1,0,0,1,-0.08976994583691159,0.8883471122941295,0.0,0,0,0,1,0,1,0,0,0,0,0,0,1,0,0
-1.4071721843257428,-1.6844376278147306,1,0,1,1,-1.2450638395755689,-0.8811217809799272,0.0,0,0,1,0,0,0,1,0,0,0,0,0,0,1,0
0.5432556637818815,0.19462206223841566,1,0,1,0,0.48787700103241705,-0.8811217809799272,0.0,0,0,0,0,1,1,0,0,0,0,0,0,0,1,0
-0.39878591105627026,-0.8181487427465791,1,0,1,0,0.05464179088042058,0.2985241478694439,0.0,0,0,0,1,0,0,1,0,0,0,0,1,0,0,0
0.08850289289953261,-0.340084787196163,1,0,1,0,-0.23418168255424376,0.8883471122941295,0.0,0,0,0,1,0,0,0,0,1,0,0,0,1,0,0
-0.7749186759507866,1.0343867980931192,1,0,0,0,-1.6782990497275654,-0.29129881655524165,0.0,0,0,0,0,1,0,0,0,1,1,0,0,0,0,0
0.6409686502784322,-0.056120366205128364,1,0,0,0,-1.2450638395755689,-0.29129881655524165,0.0,0,0,0,0,1,0,0,1,0,1,0,0,0,0,0
1.1982102749664163,1.379778286778347,1,0,1,0,0.6322887377497493,-0.29129881655524165,0.0,0,0,0,0,1,1,0,0,0,1,0,0,0,0,0
-0.08085859196090181,0.04303702359087311,1,0,0,0,-1.5338873130102333,-0.8811217809799272,0.0,0,0,1,0,0,1,0,0,0,0,0,0,0,1,0
0.6062509618602716,-0.5843534957634317,1,0,0,0,-0.3785934192715759,0.8883471122941295,0.0,0,0,0,1,0,0,1,0,0,0,0,0,1,0,0
0.942418178284698,-0.2289712729415813,1,0,1,0,-1.2450638395755689,0.2985241478694439,0.0,0,0,1,0,0,0,0,0,1,0,0,1,0,0,0
1.0549622256342035,1.1924455566169372,0,0,0,0,1.4987591580537423,0.8883471122941295,0.0,0,0,0,1,0,1,0,0,0,0,0,0,1,0,0
0.924912491888955,1.6401235433739165,1,0,1,0,0.05464179088042058,0.8883471122941295,0.0,0,0,0,1,0,0,0,0,1,0,0,0,1,0,0
0.18193647852762168,1.0145863526126866,1,0,1,0,-1.6782990497275654,0.8883471122941295,0.0,0,0,0,1,0,0,0,1,0,0,0,0,1,0,0
0.12428343904972954,0.7980399917446218,1,0,1,0,-0.3785934192715759,-1.4709447454046127,0.0,0,0,0,1,0,0,0,1,0,0,0,0,0,0,1
0.7559705561332716,1.3673480550052586,1,0,1,0,-0.3785934192715759,0.2985241478694439,0.0,0,0,0,1,0,0,0,0,1,0,0,1,0,0,0
-0.7637097223688508,-0.9547175097237198,1,0,0,0,1.35434742133641,-1.4709447454046127,0.0,0,0,0,0,1,1,0,0,0,0,0,0,0,0,1
1.7531933269738227,-0.7547907652623916,1,0,1,0,0.48787700103241705,0.8883471122941295,0.0,0,0,0,1,0,1,0,0,0,0,0,0,1,0,0
-1.4230276442427978,0.007228991146068357,0,0,1,0,0.05464179088042058,1.478170076718815,0.0,0,0,0,1,0,0,1,0,0,0,1,0,0,0,0
-1.615862901514061,0.7482328633223583,0,0,0,0,-0.23418168255424376,-0.29129881655524165,0.0,0,0,0,0,1,0,0,1,0,1,0,0,0,0,0
0.1073161740050838,-1.2225278014895347,1,0,1,0,0.48787700103241705,0.8883471122941295,0.0,0,0,0,1,0,0,1,0,0,0,0,0,1,0,0
-1.5698208835101584,-1.4968462936635893,1,0,1,0,-0.8118286294235724,0.2985241478694439,0.0,0,0,1,0,0,0,1,0,0,0,0,1,0,0,0
-1.6762989500534693,-0.7134744678363086,1,0,1,0,1.0655239479017458,0.2985241478694439,0.0,0,0,0,0,1,0,0,1,0,0,0,1,0,0,0
0.5071150046501065,-1.159738752782756,0,0,1,0,-0.3785934192715759,0.8883471122941295,0.0,0,0,0,0,1,1,0,0,0,0,0,0,1,0,0
-0.2705507271890706,1.6558811464815482,1,0,1,0,1.35434742133641,1.478170076718815,0.0,0,0,0,1,0,1,0,0,0,0,1,0,0,0,0
-1.6718097746326317,0.04344216984145209,1,0,1,0,-0.3785934192715759,-1.4709447454046127,0.0,0,0,1,0,0,0,0,0,1,0,0,0,0,0,1
0.42118785175452417,-1.5722034962713127,1,0,1,1,-0.3785934192715759,1.478170076718815,0.0,0,0,0,0,1,0,0,0,1,0,1,0,0,0,0
-1.0166279076830234,-0.5918271510666686,1,0,1,0,0.6322887377497493,1.478170076718815,0.0,0,0,0,0,1,0,1,0,0,0,1,0,0,0,0
-1.6799315460521065,-0.46411126067133185,1,0,0,0,-1.2450638395755689,0.8883471122941295,0.0,0,0,1,0,0,0,0,0,1,0,0,0,1,0,0
1.315649061871352,1.6594585016728318,0,0,1,0,0.9211122111844136,0.8883471122941295,0.0,0,0,1,0,0,0,0,1,0,0,0,0,1,0,0
0.9047461649205812,-1.7089360457752834,0,0,1,1,1.6431708947710744,1.478170076718815,0.0,0,0,0,1,0,0,0,0,1,0,1,0,0,0,0
-0.3635857411676459,1.4053283609638074,0,0,1,0,0.3434652643150849,1.478170076718815,0.0,0,0,1,0,0,0,0,1,0,0,1,0,0,0,0
0.0016107770630227629,-0.20571415413173935,0,0,0,0,-0.08976994583691159,0.8883471122941295,0.0,0,0,0,1,0,0,1,0,0,0,0,0,1,0,0
1.1505250229689041,-0.8724900611221327,1,0,1,0,-1.6782990497275654,-0.29129881655524165,0.0,0,0,0,1,0,0,0,0,1,1,0,0,0,0,0
0.2690103989761902,1.360305406351574,1,0,0,0,-0.8118286294235724,0.2985241478694439,0.0,0,0,1,0,0,1,0,0,0,0,0,1,0,0,0
0.3997698699569761,-0.31649148319967035,1,0,1,0,0.05464179088042058,-1.4709447454046127,0.0,0,0,1,0,0,0,1,0,0,0,0,0,0,0,1
1.533559370636578,-0.4414316907718901,0,0,1,0,1.6431708947710744,1.478170076718815,0.0,0,0,1,0,0,0,0,0,1,0,1,0,0,0,0
0.884163785089996,-1.6971781843754965,1,0,0,0,-0.8118286294235724,0.8883471122941295,0.0,0,0,0,0,1,0,1,0,0,0,0,0,1,0,0
1.0221290119448834,-1.4712272584142008,1,0,1,0,-0.08976994583691159,1.478170076718815,0.0,0,0,0,0,1,1,0,0,0,0,1,0,0,0,0
-1.5470533520923273,0.711580057844431,1,0,1,0,0.3434652643150849,0.2985241478694439,0.0,0,0,0,0,1,1,0,0,0,0,0,1,0,0,0
-0.14961569774454175,-1.2566893885330497,1,0,1,0,-0.9562403661409046,0.8883471122941295,0.0,0,0,0,1,0,1,0,0,0,0,0,0,1,0,0
1.3399549400066042,-0.7439035372947005,1,1,1,0,-0.23418168255424376,1.478170076718815,0.0,0,0,1,0,0,1,0,0,0,0,1,0,0,0,0
-1.0590583071435262,1.5893164795246912,1,0,1,0,1.2099356846190779,0.8883471122941295,0.0,0,0,0,0,1,0,1,0,0,0,0,0,1,0,0
-0.12278553249570355,0.21289674417943324,0,0,0,0,-1.2450638395755689,1.478170076718815,0.0,0,0,1,0,0,0,0,0,1,0,1,0,0,0,0
0.5834100093491092,1.6987663081120017,0,0,0,0,-1.5338873130102333,0.8883471122941295,0.0,0,0,0,1,0,0,1,0,0,0,0,0,1,0,0
-0.18777718506420146,-0.9441406065437065,1,0,1,0,1.4987591580537423,1.478170076718815,0.0,0,0,1,0,0,0,1,0,0,0,1,0,0,0,0
-0.41676359019485854,-0.040595506688254464,0,0,0,1,0.19905352759775274,-0.29129881655524165,0.0,0,0,0,1,0,0,0,0,1,1,0,0,0,0,0
1.1609962693749862,-1.0582366868131903,1,0,1,1,-1.5338873130102333,-1.4709447454046127,0.0,0,0,1,0,0,1,0,0,0,0,0,0,0,0,1
-0.36823574374530493,0.9279453959196837,1,0,1,0,1.4987591580537423,0.2985241478694439,0.0,0,0,0,0,1,1,0,0,0,0,0,1,0,0,0
0.6902656700866964,-1.1937193170334592,1,0,1,1,0.7767004744670813,-0.29129881655524165,0.0,0,0,0,1,0,0,1,0,0,1,0,0,0,0,0
-1.4400648341382356,1.0353781133870892,1,0,0,0,-1.389475576292901,0.2985241478694439,0.0,0,0,0,1,0,0,1,0,0,0,0,1,0,0,0
1.4666133184884467,-1.695962745623759,1,0,1,0,0.7767004744670813,-0.29129881655524165,0.0,0,0,0,0,1,1,0,0,0,1,0,0,0,0,0
-1.3239406344281868,1.5804808432088693,1,0,1,0,-1.389475576292901,1.478170076718815,0.0,0,0,0,0,1,1,0,0,0,0,1,0,0,0,0
-0.35042588424861715,-0.9472093738885188,1,0,1,0,-0.08976994583691159,-0.8811217809799272,0.0,0,0,0,1,0,0,0,1,0,0,0,0,0,1,0
-1.3828418324927136,-0.9906203636314262,1,0,0,0,0.19905352759775274,0.8883471122941295,0.0,0,0,1,0,0,0,0,0,1,0,0,0,1,0,0
1.3101704498118094,0.17245970031843655,0,0,0,0,-1.2450638395755689,1.478170076718815,0.0,0,0,1,0,0,0,1,0,0,0,1,0,0,0,0
0.6013282523645244,-1.70173823472776,0,0,0,1,-0.8118286294235724,0.2985241478694439,0.0,0,0,0,0,1,0,1,0,0,0,0,1,0,0,0
-0.1546852494269519,1.1355612990090251,1,0,1,0,-0.6674168927062403,-0.8811217809799272,0.0,0,0,1,0,0,0,0,1,0,0,0,0,0,1,0
1.4011147107517077,-0.08014467685117327,1,0,1,1,-0.6674168927062403,0.8883471122941295,0.0,0,0,0,1,0,0,1,0,0,0,0,0,1,0,0
-1.4909456518169355,0.9337467454226577,1,0,1,0,0.19905352759775274,-0.29129881655524165,0.0,0,0,0,0,1,0,0,1,0,1,0,0,0,0,0
-0.22910626812473275,1.4829440384151849,0,0,1,0,-0.3785934192715759,0.8883471122941295,0.0,0,0,1,0,0,0,0,0,1,0,0,0,1,0,0
1.364439126511375,1.0315507743390644,0,0,1,0,0.6322887377497493,-1.4709447454046127,0.0,0,0,0,1,0,1,0,0,0,0,0,0,0,0,1
-0.3119252614026166,-0.16022571233799002,0,0,0,0,-1.2450638395755689,0.8883471122941295,0.0,0,0,0,1,0,1,0,0,0,0,0,0,1,0,0
-0.6863833261206678,0.9641585746150679,0,0,1,0,0.3434652643150849,0.8883471122941295,0.0,0,0,0,0,1,1,0,0,0,0,0,0,1,0,0
1.056608955870352,-0.6197046611597109,1,0,0,0,1.35434742133641,1.478170076718815,0.0,0,0,0,1,0,0,0,1,0,0,1,0,0,0,0
0.5101986905700276,-1.5141727609755915,1,0,1,0,1.2099356846190779,1.478170076718815,0.0,0,0,1,0,0,1,0,0,0,0,1,0,0,0,0
-1.2499111948948403,0.7089853978141264,1,0,1,1,-0.3785934192715759,-0.29129881655524165,0.0,0,0,0,0,1,0,0,1,0,1,0,0,0,0,0
0.14137307258326115,1.0946760082324942,1,0,1,0,-1.5338873130102333,-1.4709447454046127,0.0,0,0,0,1,0,0,0,1,0,0,0,0,0,0,1
1.0068574245319406,1.0200515169290099,1,0,1,0,-0.9562403661409046,-0.29129881655524165,0.0,0,0,0,1,0,1,0,0,0,1,0,0,0,0,0
-0.598837412929254,0.3274583116304333,1,0,0,0,0.7767004744670813,1.478170076718815,0.0,0,0,0,0,1,0,0,1,0,0,1,0,0,0,0
-0.07182779748113259,-0.8725073013881147,0,0,0,1,1.4987591580537423,1.478170076718815,0.0,0,0,0,0,1,0,0,0,1,0,1,0,0,0,0
-0.44147503246470327,-0.9547778506546571,1,0,0,0,0.9211122111844136,-1.4709447454046127,0.0,0,0,0,1,0,0,0,1,0,0,0,0,0,0,1
-0.41185836191180936,-1.246991738918123,0,1,1,0,0.05464179088042058,1.478170076718815,0.0,0,0,1,0,0,0,1,0,0,0,1,0,0,0,0
1.7453162925321197,-1.1667210605055034,0,0,1,0,-0.9562403661409046,0.8883471122941295,0.0,0,0,0,0,1,0,0,0,1,0,0,0,1,0,0
-1.5244606328014758,-0.77323784986323,1,0,0,0,-0.23418168255424376,-0.8811217809799272,0.0,0,0,0,0,1,0,1,0,0,0,0,0,0,1,0
-0.8611709794025509,-0.6881398969756244,0,0,1,0,-1.389475576292901,-0.8811217809799272,0.0,0,0,1,0,0,0,1,0,0,0,0,0,0,1,0
1.2201247232045866,0.21810330450602497,1,0,0,0,-1.6782990497275654,0.8883471122941295,0.0,0,0,0,1,0,0,1,0,0,0,0,0,1,0,0
0.5804801581009305,-0.5711733124201225,1,0,1,0,1.4987591580537423,-0.29129881655524165,0.0,0,0,0,1,0,0,0,1,0,1,0,0,0,0,0
-1.6749913553436613,-1.3656737299388433,1,0,1,0,1.6431708947710744,0.8883471122941295,0.0,0,0,1,0,0,0,0,1,0,0,0,0,1,0,0
-1.519579878216204,-1.0088864254394523,1,1,0,0,-1.1006521028582368,-0.29129881655524165,0.0,0,0,1,0,0,1,0,0,0,1,0,0,0,0,0
0.05342159525725466,-1.0267387208639085,1,0,1,0,-0.3785934192715759,-1.4709447454046127,0.0,0,0,1,0,0,0,0,0,1,0,0,0,0,0,1
-0.6679091805414573,-0.13469287841851169,1,0,0,0,1.2099356846190779,-1.4709447454046127,0.0,0,0,0,0,1,1,0,0,0,0,0,0,0,0,1
0.7952053899125867,-1.0813127828302203,1,0,1,0,-0.3785934192715759,0.8883471122941295,0.0,0,0,0,0,1,0,1,0,0,0,0,0,1,0,0
1.4758294138228147,0.029425833598011618,1,0,1,0,0.19905352759775274,1.478170076718815,0.0,0,0,0,0,1,1,0,0,0,0,1,0,0,0,0
0.7369614854455034,-1.407636537339255,1,0,1,0,-1.389475576292901,0.2985241478694439,0.0,0,0,1,0,0,0,0,1,0,0,0,1,0,0,0
-0.03479210025922166,-0.8418282480729824,0,0,1,1,-1.5338873130102333,0.2985241478694439,0.0,0,0,0,1,0,0,1,0,0,0,0,1,0,0,0
-1.0769905351290998,-1.5144830857632692,1,0,1,0,1.35434742133641,-0.8811217809799272,0.0,0,0,1,0,0,0,0,1,0,0,0,0,0,1,0
1.6470858621397086,-0.8866874201583853,1,0,1,0,1.4987591580537423,-0.8811217809799272,0.0,0,0,0,0,1,0,1,0,0,0,0,0,0,1,0
1.2978566835873624,-1.2154075716389308,0,0,0,0,-1.5338873130102333,-0.29129881655524165,0.0,0,0,0,1,0,0,0,0,1,1,0,0,0,0,0
-0.5147597723371165,-1.3025915967103692,1,0,1,0,-0.08976994583691159,1.478170076718815,0.0,0,0,0,0,1,0,0,1,0,0,1,0,0,0,0
1.6717903119244741,-1.309901469486776,1,0,1,0,-0.23418168255424376,1.478170076718815,0.0,0,0,0,1,0,0,0,1,0,0,1,0,0,0,0
0.6910033772625508,-1.419101314217346,0,0,1,1,-0.3785934192715759,0.8883471122941295,0.0,0,0,0,1,0,0,0,0,1,0,0,0,1,0,0
0.44071087009561266,0.47776757059530145,0,0,1,0,-0.8118286294235724,-0.29129881655524165,0.0,0,0,1,0,0,0,0,0,1,1,0,0,0,0,0
-1.3922012737712046,1.208384182517381,1,0,0,0,0.7767004744670813,-0.8811217809799272,0.0,0,0,0,1,0,1,0,0,0,0,0,0,0,1,0
-0.4038589589812201,0.9618828595054315,1,0,0,0,0.48787700103241705,-0.29129881655524165,0.0,0,0,0,0,1,1,0,0,0,1,0,0,0,0,0
-0.5964354943045534,1.3537196247464154,1,0,1,0,-1.1006521028582368,1.478170076718815,0.0,0,0,0,1,0,0,0,1,0,0,1,0,0,0,0
-1.0491045046333045,1.4060179716030912,1,0,1,0,-0.08976994583691159,-1.4709447454046127,0.0,0,0,0,1,0,1,0,0,0,0,0,0,0,0,1
-0.4046700872504056,0.15705552266343756,1,0,1,0,0.05464179088042058,-0.8811217809799272,0.0,0,0,0,1,0,1,0,0,0,0,0,0,0,1,0
-0.5962082385394798,1.5455779247281245,1,0,1,1,0.6322887377497493,-0.8811217809799272,0.0,0,0,1,0,0,0,1,0,0,0,0,0,0,1,0
-0.5166722170062741,1.313179139289526,0,0,1,0,0.6322887377497493,1.478170076718815,0.0,0,0,1,0,0,0,1,0,0,0,1,0,0,0,0
-1.3819677718578152,1.4374900771533994,1,0,1,0,1.2099356846190779,0.8883471122941295,0.0,0,0,1,0,0,1,0,0,0,0,0,0,1,0,0
1.69383062489407,1.1855839307560645,1,0,1,0,0.19905352759775274,0.2985241478694439,0.0,0,0,1,0,0,1,0,0,0,0,0,1,0,0,0
-1.3341811288266552,-0.7391279836176611,1,0,1,1,1.6431708947710744,-0.8811217809799272,0.0,0,0,0,1,0,0,0,0,1,0,0,0,0,1,0
0.5988249427061757,-1.0572712319181932,1,0,1,0,-1.6782990497275654,1.478170076718815,0.0,0,0,0,0,1,0,0,0,1,0,1,0,0,0,0
-0.9932555263058426,-1.4798215310062737,1,0,1,0,-0.6674168927062403,-0.29129881655524165,0.0,0,0,0,0,1,0,1,0,0,1,0,0,0,0,0
0.6961568387659111,-0.6337468578021246,1,0,0,0,0.19905352759775274,0.8883471122941295,0.0,0,0,0,1,0,0,0,1,0,0,0,0,1,0,0
-1.390082550792211,0.6206548950548786,0,0,1,0,0.9211122111844136,0.2985241478694439,0.0,0,0,0,1,0,0,0,0,1,0,0,1,0,0,0
0.678682618553024,0.5665549404030745,1,0,1,0,1.0655239479017458,0.8883471122941295,0.0,0,0,0,0,1,0,1,0,0,0,0,0,1,0,0
-1.528904357069299,-0.9831036076632341,1,0,1,0,1.4987591580537423,0.8883471122941295,0.0,0,0,0,1,0,0,0,1,0,0,0,0,1,0,0
0.7521142006121004,0.7032271489761074,0,0,1,0,-1.389475576292901,0.2985241478694439,0.0,0,0,1,0,0,0,1,0,0,0,0,1,0,0,0
1.3686416100439662,0.5157823570858139,1,0,1,1,-0.8118286294235724,0.8883471122941295,0.0,0,0,0,1,0,0,0,1,0,0,0,0,1,0,0
1.5060054831820435,-1.3954045686249608,1,0,1,0,0.9211122111844136,-1.4709447454046127,0.0,0,0,1,0,0,0,0,1,0,0,0,0,0,0,1
0.3018506051505893,-1.2825239271072144,1,0,0,0,-1.389475576292901,-1.4709447454046127,0.0,0,0,1,0,0,0,0,1,0,0,0,0,0,0,1
1.6875024258974063,-0.08073084589456425,0,0,1,1,-1.2450638395755689,-0.29129881655524165,0.0,0,0,0,0,1,1,0,0,0,1,0,0,0,0,0
-0.11851662035486024,0.05427767701119696,1,0,1,0,0.48787700103241705,-0.29129881655524165,0.0,0,0,0,0,1,0,0,1,0,1,0,0,0,0,0
-1.7299383030959083,-0.7666779286570439,1,0,1,0,-0.08976994583691159,1.478170076718815,0.0,0,0,1,0,0,1,0,0,0,0,1,0,0,0,0
-0.8553357506039698,1.3538058260763255,1,0,0,0,-1.6782990497275654,0.8883471122941295,0.0,0,0,0,1,0,0,0,1,0,0,0,0,1,0,0
0.8441143267989558,-0.017769394527964832,1,0,1,0,-0.23418168255424376,-1.4709447454046127,0.0,0,0,1,0,0,1,0,0,0,0,0,0,0,0,1
-1.0116982057021968,1.1751794302358722,1,0,1,0,1.6431708947710744,0.8883471122941295,0.0,0,0,0,1,0,1,0,0,0,0,0,0,1,0,0
1.7489523847732964,0.8763452798352828,1,0,0,0,-0.8118286294235724,-0.8811217809799272,0.0,0,0,0,1,0,0,0,0,1,0,0,0,0,1,0
0.7552013827745612,0.4597945933089704,1,0,1,0,0.6322887377497493,-0.8811217809799272,0.0,0,0,0,1,0,0,0,0,1,0,0,0,0,1,0
0.6522440324686203,-0.41142500783005925,0,0,1,0,-0.9562403661409046,-0.8811217809799272,0.0,0,0,1,0,0,1,0,0,0,0,0,0,0,1,0
0.3405784837616634,-1.0675722908424932,1,0,1,0,0.6322887377497493,-0.29129881655524165,0.0,0,0,1,0,0,0,0,1,0,1,0,0,0,0,0
1.2106778758626058,-0.25092675166977507,1,0,1,1,-0.5230051559889081,-0.8811217809799272,0.0,0,0,0,1,0,0,1,0,0,0,0,0,0,1,0
1.6625916978028046,0.8133752083356924,1,0,1,0,-0.23418168255424376,-0.8811217809799272,0.0,0,0,1,0,0,1,0,0,0,0,0,0,0,1,0
-0.8399627721573786,1.3920102554926415,1,0,1,0,-0.3785934192715759,-0.29129881655524165,0.0,0,0,0,1,0,0,0,1,0,1,0,0,0,0,0
-0.0434802629701109,-1.5220515625294075,1,0,0,0,0.6322887377497493,1.478170076718815,0.0,0,0,1,0,0,1,0,0,0,0,1,0,0,0,0
-1.6051364294025894,0.22218924754378055,1,0,0,0,0.19905352759775274,-0.29129881655524165,0.0,0,0,0,1,0,0,0,0,1,1,0,0,0,0,0
-1.2375869399427741,-0.022122561688443183,1,0,0,0,0.3434652643150849,-1.4709447454046127,0.0,0,0,0,1,0,0,0,0,1,0,0,0,0,0,1
0.4325366550380437,-0.15177798200676484,1,0,0,1,1.4987591580537423,1.478170076718815,0.0,0,0,1,0,0,0,0,0,1,0,1,0,0,0,0
-0.636275178043218,-0.5134356616460969,1,0,1,0,-0.6674168927062403,-1.4709447454046127,0.0,0,0,0,0,1,0,0,0,1,0,0,0,0,0,1
-1.3564137351359284,-1.6922647085706004,1,0,1,0,1.0655239479017458,0.8883471122941295,0.0,0,0,0,0,1,1,0,0,0,0,0,0,1,0,0
0.41644694687083594,-1.3422355883361894,1,0,1,0,-1.389475576292901,-0.29129881655524165,0.0,0,0,0,1,0,0,0,1,0,1,0,0,0,0,0
-0.9732395377666715,1.1548876371749504,1,0,0,0,0.7767004744670813,0.8883471122941295,0.0,0,0,1,0,0,0,0,0,1,0,0,0,1,0,0
-1.2269758438351088,1.0359384220315069,1,0,1,0,-1.389475576292901,0.8883471122941295,0.0,0,0,1,0,0,0,1,0,0,0,0,0,1,0,0
-0.7382360992253746,0.28056478815914376,1,0,0,1,0.7767004744670813,-0.8811217809799272,0.0,0,0,0,1,0,1,0,0,0,0,0,0,0,1,0
0.5246731346839434,-0.5823450047765181,1,0,1,0,-1.6782990497275654,0.8883471122941295,0.0,0,0,1,0,0,0,1,0,0,0,0,0,1,0,0
-0.4101731730077254,0.6380761838297824,1,0,1,1,-0.23418168255424376,-0.8811217809799272,0.0,0,0,0,1,0,0,0,0,1,0,0,0,0,1,0
-0.5567356602674725,1.1067786749519226,0,0,1,0,0.48787700103241705,0.2985241478694439,0.0,0,0,0,1,0,0,0,1,0,0,0,1,0,0,0
1.4269484468767621,1.0097504580047092,1,1,0,1,0.05464179088042058,0.2985241478694439,0.0,0,0,1,0,0,0,1,0,0,0,0,1,0,0,0
0.7080056047325926,-1.4848212081410803,1,0,1,0,0.6322887377497493,1.478170076718815,0.0,0,0,0,0,1,0,0,1,0,0,1,0,0,0,0
1.6291851003369917,1.0709792626401091,1,0,1,0,1.2099356846190779,-1.4709447454046127,0.0,0,0,0,0,1,1,0,0,0,0,0,0,0,0,1
-1.4986199041913424,-0.1974991673912724,1,0,1,1,-0.5230051559889081,-0.29129881655524165,0.0,0,0,0,0,1,1,0,0,0,1,0,0,0,0,0
-0.7021094250637581,-0.8716797686209745,0,0,0,0,-1.389475576292901,1.478170076718815,0.0,0,0,1,0,0,1,0,0,0,0,1,0,0,0,0
1.6189865608489984,-0.8165884986751999,1,0,0,0,-1.6782990497275654,-0.8811217809799272,0.0,0,0,0,0,1,1,0,0,0,0,0,0,0,1,0
0.08596112457324852,-1.462089917443692,1,1,1,0,1.2099356846190779,-0.29129881655524165,0.0,0,0,1,0,0,0,1,0,0,1,0,0,0,0,0
-1.1453875279311618,0.9536592526319737,1,0,1,0,-1.1006521028582368,0.8883471122941295,0.0,0,0,1,0,0,1,0,0,0,0,0,0,1,0,0
-0.5975123370067481,0.9259800055977255,1,0,1,0,-0.5230051559889081,1.478170076718815,0.0,0,0,0,1,0,0,0,0,1,0,1,0,0,0,0
0.19090434064167813,0.6584972788855702,1,0,0,0,-1.1006521028582368,1.478170076718815,0.0,0,0,1,0,0,0,0,1,0,0,1,0,0,0,0
0.5864692215712533,-1.0737012053991268,1,0,0,0,0.05464179088042058,0.8883471122941295,0.0,0,0,1,0,0,0,0,0,1,0,0,0,1,0,0
0.8773251346825519,1.7021971210424376,1,0,1,0,-0.08976994583691159,-0.8811217809799272,0.0,0,0,1,0,0,0,0,1,0,0,0,0,0,1,0
-1.0945556576480162,1.1633698480381387,1,0,1,1,0.05464179088042058,1.478170076718815,0.0,0,0,0,0,1,1,0,0,0,0,1,0,0,0,0
-1.5124405509503547,0.6556181544665608,1,0,1,0,1.0655239479017458,-0.8811217809799272,0.0,0,0,0,1,0,0,0,0,1,0,0,0,0,1,0
1.6820028363826263,1.7100069615323255,0,0,1,0,0.6322887377497493,-1.4709447454046127,0.0,0,0,1,0,0,0,0,1,0,0,0,0,0,0,1
1.0761879140920738,0.5424616686931009,1,0,1,0,-0.08976994583691159,-1.4709447454046127,0.0,0,0,1,0,0,0,0,1,0,0,0,0,0,0,1
-1.3058196093454753,-1.660137472912972,1,0,1,0,-1.6782990497275654,0.8883471122941295,0.0,0,0,0,0,1,0,1,0,0,0,0,0,1,0,0
0.9536760792621881,0.3931264847562214,1,1,1,0,0.48787700103241705,-0.29129881655524165,0.0,0,0,1,0,0,1,0,0,0,1,0,0,0,0,0
-1.4847712874920138,-0.599438728497762,1,0,1,0,-1.389475576292901,0.8883471122941295,0.0,0,0,0,0,1,0,0,1,0,0,0,0,1,0,0
0.8092078412836572,1.498710261655808,1,0,0,0,-1.1006521028582368,-1.4709447454046127,0.0,0,0,1,0,0,0,1,0,0,0,0,0,0,0,1
0.47472231752077526,0.42453824937559287,1,0,1,0,0.7767004744670813,0.8883471122941295,0.0,0,0,1,0,0,1,0,0,0,0,0,0,1,0,0
0.042705611873401286,-0.5086945885010217,0,0,1,0,0.9211122111844136,-0.8811217809799272,0.0,0,0,1,0,0,0,0,0,1,0,0,0,0,1,0
-1.5544199351232502,0.8683113158876282,1,0,1,0,-0.8118286294235724,0.8883471122941295,0.0,0,0,0,1,0,1,0,0,0,0,0,0,1,0,0
-0.01824088807678737,1.3044641848355787,1,0,1,1,0.48787700103241705,-1.4709447454046127,0.0,0,0,0,0,1,1,0,0,0,0,0,0,0,0,1
-0.49418088874907085,0.016736997835191794,1,0,0,0,0.05464179088042058,-1.4709447454046127,0.0,0,0,0,1,0,0,0,0,1,0,0,0,0,0,1
-0.9036608149862272,-1.5252582520020765,1,0,1,0,1.35434742133641,1.478170076718815,0.0,0,0,1,0,0,0,0,0,1,0,1,0,0,0,0
-1.6684498855520824,-0.3843922707701391,0,0,0,0,-0.9562403661409046,-0.29129881655524165,0.0,0,0,0,0,1,1,0,0,0,1,0,0,0,0,0
-1.1625261088602477,-1.3912496645232768,0,0,1,0,0.7767004744670813,-0.8811217809799272,0.0,0,0,0,0,1,0,0,1,0,0,0,0,0,1,0
-0.7015500262574231,-0.08522193518289921,1,0,0,0,0.7767004744670813,1.478170076718815,0.0,0,0,0,0,1,0,1,0,0,0,1,0,0,0,0
-0.6872329130577889,1.131208131848547,1,0,1,0,-0.08976994583691159,0.2985241478694439,0.0,0,0,1,0,0,1,0,0,0,0,0,1,0,0,0
-0.40310027435012835,-0.35660958213999805,0,0,0,0,-0.5230051559889081,0.2985241478694439,0.0,0,0,1,0,0,0,0,0,1,0,0,1,0,0,0
0.22525142735064171,0.07397468089573683,1,0,1,0,-0.8118286294235724,0.8883471122941295,0.0,0,0,0,1,0,1,0,0,0,0,0,0,1,0,0
-0.2523038373749338,0.08169832005571401,1,0,1,0,0.05464179088042058,-0.29129881655524165,0.0,0,0,0,0,1,1,0,0,0,1,0,0,0,0,0
-1.0788155737347676,-1.4553920741096493,0,0,0,0,-0.3785934192715759,0.8883471122941295,0.0,0,0,0,0,1,1,0,0,0,0,0,0,1,0,0
-1.5561121165124132,0.1560814476354493,1,0,1,0,-1.2450638395755689,-0.29129881655524165,0.0,0,0,1,0,0,0,0,1,0,1,0,0,0,0,0
-0.7606819763295629,-0.17967273236578957,1,0,0,0,-1.389475576292901,0.8883471122941295,0.0,0,0,0,1,0,0,0,1,0,0,0,0,1,0,0
0.6472234281817646,1.530251328270045,0,0,1,0,1.6431708947710744,0.8883471122941295,0.0,0,0,0,0,1,1,0,0,0,0,0,0,1,0,0
-0.7382360992253746,-1.174384358734543,0,1,1,0,-1.6782990497275654,-1.4709447454046127,0.0,0,0,0,0,1,1,0,0,0,0,0,0,0,0,1
1.0793694948031034,0.642360389926332,1,0,1,0,-0.23418168255424376,0.8883471122941295,0.0,0,0,0,0,1,1,0,0,0,0,0,0,1,0,0
0.9130287634968777,0.8841551203251703,0,0,1,0,-0.3785934192715759,-0.8811217809799272,0.0,0,0,0,1,0,0,0,1,0,0,0,0,0,1,0
1.0931481866516402,1.657536212015829,1,0,1,0,1.35434742133641,1.478170076718815,0.0,0,0,0,0,1,0,0,1,0,0,1,0,0,0,0
-0.751906407555184,-0.5388391935707091,1,0,1,1,-0.6674168927062403,-1.4709447454046127,0.0,0,0,0,0,1,0,0,1,0,0,0,0,0,0,1
-0.4181970496360917,-0.2461511979927357,1,1,1,0,-0.5230051559889081,-0.29129881655524165,0.0,0,0,0,0,1,0,1,0,0,1,0,0,0,0,0
-1.3770066036941324,1.2324084931634258,1,0,0,0,-0.9562403661409046,-1.4709447454046127,0.0,0,0,0,1,0,0,0,0,1,0,0,0,0,0,1
-1.5674853934937099,-0.6208511388475199,1,0,1,1,-0.08976994583691159,1.478170076718815,0.0,0,0,1,0,0,0,0,1,0,0,1,0,0,0,0
0.04171617523469644,-0.6399964542206329,1,0,1,0,-0.3785934192715759,-1.4709447454046127,0.0,0,0,1,0,0,0,0,0,1,0,0,0,0,0,1
-1.3770975060001618,0.9618483789734673,1,0,1,0,1.6431708947710744,-0.29129881655524165,0.0,0,0,0,1,0,0,1,0,0,1,0,0,0,0,0
-0.09657769841891288,-0.37139311021964194,0,0,1,0,-1.6782990497275654,-1.4709447454046127,0.0,0,0,0,1,0,0,0,0,1,0,0,0,0,0,1
-1.4575705205339786,0.8901116322219833,1,0,0,1,1.2099356846190779,0.8883471122941295,0.0,0,0,1,0,0,0,0,1,0,0,0,0,1,0,0
1.2009618178450758,-1.3574156425334214,1,0,1,0,0.6322887377497493,0.2985241478694439,0.0,0,0,0,1,0,0,1,0,0,0,0,1,0,0,0
1.3629672084022066,-0.2586848713617164,1,0,1,0,0.3434652643150849,0.2985241478694439,0.0,0,0,0,0,1,0,1,0,0,0,0,1,0,0,0
1.1812814685897062,1.2808536405731037,1,0,1,0,-0.5230051559889081,0.2985241478694439,0.0,0,0,0,0,1,0,0,1,0,0,0,1,0,0,0
-0.9420600467985794,-0.6647276157719437,1,0,0,1,1.2099356846190779,0.2985241478694439,0.0,0,0,0,1,0,0,0,1,0,0,0,1,0,0,0
-1.1689976538010347,1.6341497912111214,1,0,0,0,-0.08976994583691159,0.8883471122941295,0.0,0,0,1,0,0,0,1,0,0,0,0,0,1,0,0
-0.27013467432685917,-1.2320530484446406,0,0,1,0,0.6322887377497493,0.8883471122941295,0.0,0,0,0,1,0,0,0,1,0,0,0,0,1,0,0
-1.249156006506288,0.1852261172781755,0,0,1,1,0.05464179088042058,0.8883471122941295,0.0,0,0,0,1,0,0,0,0,1,0,0,0,1,0,0
-0.2254037472753035,1.0113193222090802,1,0,1,0,1.6431708947710744,0.8883471122941295,0.0,0,0,1,0,0,0,0,1,0,0,0,0,1,0,0
-0.655689812865579,-0.7934434415942416,1,0,1,0,-1.5338873130102333,-0.8811217809799272,0.0,0,0,1,0,0,1,0,0,0,0,0,0,0,1,0
1.5767694321834105,0.19482894543020096,0,0,1,0,-0.6674168927062403,-1.4709447454046127,0.0,0,0,0,0,1,0,0,1,0,0,0,0,0,0,1
1.2787602068361041,-1.7092032698980058,1,0,1,0,0.19905352759775274,0.8883471122941295,0.0,0,0,0,0,1,0,0,1,0,0,0,0,1,0,0
-0.31712417405899185,-0.026958456296419665,1,0,1,0,0.6322887377497493,-1.4709447454046127,0.0,0,0,0,0,1,0,0,1,0,0,0,0,0,0,1
-1.3455089546549375,-1.1392659369290221,1,0,1,0,1.0655239479017458,1.478170076718815,0.0,0,0,1,0,0,0,0,0,1,0,1,0,0,0,0
0.8539737307606089,-1.7121513553809435,1,0,1,0,0.3434652643150849,-0.29129881655524165,0.0,0,0,0,0,1,0,1,0,0,1,0,0,0,0,0
-0.4294899130389779,0.288512550776888,1,0,0,0,-1.5338873130102333,1.478170076718815,0.0,0,0,0,1,0,1,0,0,0,0,1,0,0,0,0
-1.532722253922535,-1.5532305835580207,1,0,0,1,-1.2450638395755689,-1.4709447454046127,0.0,0,0,1,0,0,0,0,0,1,0,0,0,0,0,1
-1.2251577977145203,-0.12229712717738793,1,0,0,1,0.19905352759775274,0.2985241478694439,0.0,0,0,0,0,1,1,0,0,0,0,0,1,0,0,0
1.5712838276387884,-0.7823062297698102,1,1,1,0,-0.9562403661409046,-1.4709447454046127,0.0,0,0,0,1,0,0,0,0,1,0,0,0,0,0,1
0.34862683408780676,1.3437030302108202,1,0,0,0,-0.6674168927062403,1.478170076718815,0.0,0,0,1,0,0,0,0,1,0,0,1,0,0,0,0
-0.29948563044674403,1.334531208708347,1,0,0,1,0.19905352759775274,-0.29129881655524165,0.0,0,0,0,0,1,0,1,0,0,1,0,0,0,0,0
-0.9072759297721666,0.954478165266123,0,0,0,0,-0.23418168255424376,0.8883471122941295,0.0,0,0,0,0,1,1,0,0,0,0,0,0,1,0,0
1.402289448245011,-0.6205666744588154,1,0,1,0,-0.9562403661409046,-0.8811217809799272,0.0,0,0,1,0,0,0,0,0,1,0,0,0,0,1,0
-1.0802525294185403,-0.48067915628012237,1,0,1,0,-1.1006521028582368,1.478170076718815,0.0,0,0,1,0,0,0,0,0,1,0,1,0,0,0,0
-0.2776585882720636,1.1441124709361428,1,0,0,0,0.19905352759775274,1.478170076718815,0.0,0,0,0,1,0,0,0,1,0,0,1,0,0,0,0
-0.7767821732243897,1.5899888498979935,0,0,0,0,-1.6782990497275654,0.2985241478694439,0.0,0,0,0,1,0,0,0,1,0,0,0,1,0,0,0
-0.4641062104234901,-0.2885881127076548,1,0,1,0,1.35434742133641,-0.29129881655524165,0.0,0,0,0,0,1,1,0,0,0,1,0,0,0,0,0
0.614655928925454,1.486598974803388,1,0,1,0,-1.5338873130102333,0.8883471122941295,0.0,0,0,1,0,0,0,0,1,0,0,0,0,1,0,0
0.6416014701780988,-1.3892411735363628,1,0,0,0,0.48787700103241705,-0.29129881655524165,0.0,0,0,1,0,0,0,1,0,0,1,0,0,0,0,0
0.3071928637510876,0.11386003624530631,1,0,0,0,0.48787700103241705,-0.8811217809799272,0.0,0,0,0,1,0,1,0,0,0,0,0,0,0,1,0
0.1259021993455612,1.7200838969988579,1,0,1,0,0.9211122111844136,-0.8811217809799272,0.0,0,0,1,0,0,0,1,0,0,0,0,0,0,1,0
-0.6371527349206559,1.385148629631769,1,0,1,1,-1.389475576292901,0.2985241478694439,0.0,0,0,0,1,0,0,0,0,1,0,0,1,0,0,0
-0.2429793585218387,-0.8446642718270364,1,0,0,0,0.6322887377497493,-0.8811217809799272,0.0,0,0,1,0,0,1,0,0,0,0,0,0,0,1,0
-0.8386446887199519,1.4217066136467946,1,0,0,0,0.6322887377497493,-0.8811217809799272,0.0,0,0,1,0,0,0,0,0,1,0,0,0,0,1,0
0.9021204867733467,-0.34237774257178144,1,0,1,0,-1.1006521028582368,0.2985241478694439,0.0,0,0,1,0,0,0,0,1,0,0,0,1,0,0,0
-0.34645764896617876,1.4177930732688597,1,0,0,0,1.35434742133641,0.8883471122941295,0.0,0,0,1,0,0,1,0,0,0,0,0,0,1,0,0
-0.7587205842648512,0.9809333534156432,1,0,1,0,0.48787700103241705,0.8883471122941295,0.0,0,0,0,0,1,0,1,0,0,0,0,0,1,0,0
0.6340041351395626,0.7502672147082452,1,0,1,1,-1.2450638395755689,-0.8811217809799272,0.0,0,0,0,1,0,0,0,1,0,0,0,0,0,1,0
-1.2785314363239504,-1.0596417684907309,0,0,1,0,0.7767004744670813,-0.8811217809799272,0.0,0,0,1,0,0,1,0,0,0,0,0,0,0,1,0
0.5418291968257275,1.29301664822347,1,0,0,1,0.05464179088042058,0.2985241478694439,0.0,0,0,1,0,0,0,0,1,0,0,0,1,0,0,0
0.2810829244654058,-0.8117008832692768,1,0,0,0,-0.08976994583691159,0.8883471122941295,0.0,0,0,1,0,0,0,0,1,0,0,0,0,1,0,0
-1.6392457716188604,0.821547094411204,1,0,1,0,1.0655239479017458,-0.8811217809799272,0.0,0,0,0,0,1,1,0,0,0,0,0,0,0,1,0
-1.4019487979715906,-0.16119116723298707,1,0,1,0,1.2099356846190779,1.478170076718815,0.0,0,0,0,0,1,0,0,1,0,0,1,0,0,0,0
-0.6608712443092563,1.7142480669639202,1,0,1,0,-1.2450638395755689,0.2985241478694439,0.0,0,0,0,1,0,0,0,0,1,0,0,1,0,0,0
0.7869367763064485,1.048032468617945,1,0,0,0,0.7767004744670813,0.8883471122941295,0.0,0,0,1,0,0,0,0,0,1,0,0,0,1,0,0
-1.50285385390679,0.6046473080905062,1,1,0,0,-0.3785934192715759,0.8883471122941295,0.0,0,0,0,1,0,1,0,0,0,0,0,0,1,0,0
0.8721576882090329,-0.789383358955459,1,0,0,0,0.19905352759775274,0.8883471122941295,0.0,0,0,0,0,1,0,0,1,0,0,0,0,1,0,0
-0.7487458042993917,1.1237172362793275,1,0,1,0,1.0655239479017458,-0.29129881655524165,0.0,0,0,0,1,0,1,0,0,0,1,0,0,0,0,0
1.3002131510590482,0.9558832469436634,0,0,1,0,1.35434742133641,1.478170076718815,0.0,0,0,0,1,0,0,1,0,0,0,1,0,0,0,0
1.1835015826023478,-0.007976923450136548,1,0,1,0,0.19905352759775274,-0.8811217809799272,0.0,0,0,1,0,0,0,1,0,0,0,0,0,0,1,0
-0.8698451571432816,-1.3811296283917889,1,0,1,0,-0.08976994583691159,-0.8811217809799272,0.0,0,0,0,0,1,0,0,1,0,0,0,0,0,1,0
0.11842024031083188,0.8242624363033836,1,0,0,0,1.6431708947710744,-0.29129881655524165,0.0,0,0,0,1,0,0,0,1,0,1,0,0,0,0,0
-1.1561769324083464,0.6923399210084163,1,0,1,0,0.9211122111844136,0.2985241478694439,0.0,0,0,0,0,1,0,0,0,1,0,0,1,0,0,0
1.5178997003017396,-0.06380952483314101,1,0,1,0,-0.08976994583691159,0.8883471122941295,0.0,0,0,0,0,1,0,0,1,0,0,0,0,1,0,0
0.06808483646830842,0.37851535933639835,1,0,1,0,1.2099356846190779,-0.8811217809799272,0.0,0,0,0,0,1,1,0,0,0,0,0,0,0,1,0
-1.1257176674034104,-1.1967277434473342,1,0,1,0,-1.5338873130102333,1.478170076718815,0.0,0,0,0,0,1,0,0,1,0,0,1,0,0,0,0
0.13082141259876875,-1.0371087408521367,1,0,1,0,-1.389475576292901,0.8883471122941295,0.0,0,0,0,1,0,1,0,0,0,0,0,0,1,0,0
-1.0926467092213983,1.0623763699150448,0,0,0,1,-1.2450638395755689,-0.8811217809799272,0.0,0,0,0,1,0,0,0,0,1,0,0,0,0,1,0
0.5800536165111,1.6959044239589747,0,0,0,0,-1.1006521028582368,-1.4709447454046127,0.0,0,0,0,0,1,0,0,1,0,0,0,0,0,0,1
-1.5791943097588075,1.0645658836947705,1,0,0,0,-1.6782990497275654,0.2985241478694439,0.0,0,0,0,1,0,0,1,0,0,0,0,1,0,0,0
1.1532171297243912,-1.1102074686162062,1,0,1,0,1.6431708947710744,0.8883471122941295,0.0,0,0,1,0,0,0,1,0,0,0,0,0,1,0,0
-0.8003608329114064,-1.6294066987998936,1,0,1,0,-0.5230051559889081,0.8883471122941295,0.0,0,0,0,1,0,0,0,1,0,0,0,0,1,0,0
-1.0100829416489048,-1.1504548695513996,1,1,0,0,1.35434742133641,-0.8811217809799272,0.0,0,0,1,0,0,0,0,0,1,0,0,0,0,1,0
-1.6622335663166858,-0.742817400537829,1,0,0,0,1.0655239479017458,-1.4709447454046127,0.0,0,0,1,0,0,0,0,0,1,0,0,0,0,0,1
-1.4640595466874637,-0.9997146039369796,1,0,0,0,0.3434652643150849,-0.8811217809799272,0.0,0,0,1,0,0,0,0,0,1,0,0,0,0,1,0
0.6192010442269251,1.2938097004586464,0,0,0,0,1.0655239479017458,-0.29129881655524165,0.0,0,0,0,0,1,1,0,0,0,1,0,0,0,0,0
1.410823776284158,0.09068911876537517,1,0,1,0,1.4987591580537423,-1.4709447454046127,0.0,0,0,0,0,1,1,0,0,0,0,0,0,0,0,1
0.1318003605098549,1.444325842615299,0,0,0,1,-1.5338873130102333,-0.29129881655524165,0.0,0,0,0,1,0,1,0,0,0,1,0,0,0,0,0
1.586880565607914,-1.1310078495236,1,0,1,0,1.2099356846190779,0.2985241478694439,0.0,0,0,0,1,0,0,0,0,1,0,0,1,0,0,0
0.74816344654236,0.5381085015326229,0,0,1,0,-1.2450638395755689,0.8883471122941295,0.0,0,0,0,1,0,0,1,0,0,0,0,0,1,0,0
-0.6113050138254432,-1.7026174882928466,0,0,0,0,-1.5338873130102333,-0.8811217809799272,0.0,0,0,0,0,1,0,1,0,0,0,0,0,0,1,0
-0.30293292559078283,-0.7568595971802428,1,0,1,0,-0.6674168927062403,-1.4709447454046127,0.0,0,0,0,0,1,0,0,0,1,0,0,0,0,0,1
-1.7171035967330617,0.2502736408286081,1,0,1,0,0.05464179088042058,-0.8811217809799272,0.0,0,0,0,1,0,1,0,0,0,0,0,0,0,1,0
-1.1652566742836699,-0.3660658680311757,1,0,1,0,-1.6782990497275654,0.2985241478694439,0.0,0,0,1,0,0,0,0,0,1,0,0,1,0,0,0
0.9276290723422187,-1.1387832094815236,1,0,1,0,0.3434652643150849,1.478170076718815,0.0,0,0,0,0,1,0,0,0,1,0,1,0,0,0,0
-0.4578514325201579,0.21125891891113446,0,0,1,0,0.05464179088042058,-1.4709447454046127,0.0,0,0,0,1,0,1,0,0,0,0,0,0,0,0,1
1.0075881392227155,0.922902618119922,1,0,1,1,-1.389475576292901,-1.4709447454046127,0.0,0,0,1,0,0,0,1,0,0,0,0,0,0,0,1
-0.07455486666201534,-0.07690350684653982,1,0,0,1,-1.389475576292901,-1.4709447454046127,0.0,0,0,0,1,0,0,0,0,1,0,0,0,0,0,1
1.2094052435781935,1.1621630294193928,1,0,1,1,1.6431708947710744,0.2985241478694439,0.0,0,0,1,0,0,0,0,1,0,0,0,1,0,0,0
-1.0026778999500463,-1.573186191432292,1,0,1,0,0.19905352759775274,-0.29129881655524165,0.0,0,0,1,0,0,0,1,0,0,1,0,0,0,0,0
-0.2692256512665648,-1.6203900396912596,1,0,0,0,0.6322887377497493,-0.8811217809799272,0.0,0,0,0,1,0,0,1,0,0,0,0,0,0,1,0
-1.536673007992275,-1.5554718181356926,1,0,0,0,-0.6674168927062403,0.8883471122941295,0.0,0,0,0,0,1,0,1,0,0,0,0,0,1,0,0
0.8417298893869534,-0.055491096496781994,1,0,1,0,1.35434742133641,-0.8811217809799272,0.0,0,0,0,1,0,1,0,0,0,0,0,0,0,1,0
1.125484933900338,-1.2859030192397045,1,0,1,1,-1.5338873130102333,0.2985241478694439,0.0,0,0,0,0,1,0,0,0,1,0,0,1,0,0,0
-0.7863443965701771,1.7046710992108685,1,0,0,0,0.7767004744670813,-1.4709447454046127,0.0,0,0,1,0,0,1,0,0,0,0,0,0,0,0,1
0.866518248992669,1.128622091951233,1,0,1,0,-1.389475576292901,-0.29129881655524165,0.0,0,0,0,0,1,0,1,0,0,1,0,0,0,0,0
0.09346755730575522,-1.0073348015010641,1,0,0,0,1.6431708947710744,0.8883471122941295,0.0,0,0,0,1,0,0,0,1,0,0,0,0,1,0,0
-1.5612585855306942,0.5649171151347757,0,0,0,1,1.2099356846190779,0.2985241478694439,0.0,0,0,0,1,0,0,0,1,0,0,0,1,0,0,0
0.04235598761944197,1.1545686922542808,1,0,1,0,-0.5230051559889081,-0.8811217809799272,0.0,0,0,0,1,0,0,0,1,0,0,0,0,0,1,0
-0.8337149867391256,-0.3419036352572738,1,0,1,0,1.2099356846190779,0.2985241478694439,0.0,0,0,0,1,0,0,1,0,0,0,0,1,0,0,0
-0.19161256313013528,1.1575684985351653,1,0,0,0,0.19905352759775274,-0.29129881655524165,0.0,0,0,0,0,1,0,0,1,0,1,0,0,0,0,0
1.7003476209878716,0.07411260302359383,1,0,0,1,1.4987591580537423,-1.4709447454046127,0.0,0,0,0,0,1,0,0,1,0,0,0,0,0,0,1
0.7845453464093668,1.6671131797688807,1,0,0,0,0.19905352759775274,1.478170076718815,0.0,0,0,0,1,0,0,0,1,0,0,1,0,0,0,0
-1.111383072991078,-1.637561344609423,1,1,0,1,0.48787700103241705,-0.29129881655524165,0.0,0,0,1,0,0,0,1,0,0,1,0,0,0,0,0
-1.4232723812205694,-0.2523749340122707,1,0,1,0,-1.1006521028582368,-0.8811217809799272,0.0,0,0,1,0,0,1,0,0,0,0,0,0,0,1,0
-0.9403329029840203,0.6333264905517163,1,0,1,0,0.05464179088042058,0.8883471122941295,0.0,0,0,0,1,0,0,1,0,0,0,0,0,1,0,0
-0.1593457407322296,-1.2901096441393347,1,0,0,0,1.6431708947710744,-0.29129881655524165,0.0,0,0,0,0,1,0,1,0,0,1,0,0,0,0,0
0.30021785988459926,-0.8485002310080519,1,0,1,0,-1.5338873130102333,0.2985241478694439,0.0,0,0,0,1,0,0,0,0,1,0,0,1,0,0,0
-0.501124426432703,-0.3039578098306896,1,0,1,0,-1.389475576292901,-0.29129881655524165,0.0,0,0,1,0,0,0,0,0,1,1,0,0,0,0,0
0.5748197414293288,1.3258938354513188,1,0,0,1,-1.1006521028582368,-0.29129881655524165,0.0,0,0,0,0,1,1,0,0,0,1,0,0,0,0,0
0.14473645790634979,-0.9435544375003153,1,0,1,0,0.3434652643150849,-0.8811217809799272,0.0,0,0,0,0,1,0,0,0,1,0,0,0,0,1,0
0.02567541446304277,0.9477717017990894,0,0,1,0,-1.5338873130102333,0.2985241478694439,0.0,0,0,0,0,1,1,0,0,0,0,0,1,0,0,0
-0.030246984957750488,-0.7003804858229098,1,0,1,0,-0.08976994583691159,-1.4709447454046127,0.0,0,0,0,0,1,0,0,0,1,0,0,0,0,0,1
-1.7070763731295082,-1.1130693527692335,1,0,0,0,-0.3785934192715759,0.2985241478694439,0.0,0,0,1,0,0,1,0,0,0,0,0,1,0,0,0
-0.7512700914129782,1.2879393898917437,1,0,1,0,-1.5338873130102333,0.2985241478694439,0.0,0,0,0,0,1,1,0,0,0,0,0,1,0,0,0
-0.8874067834196583,1.2145044769410238,1,0,1,0,-1.6782990497275654,0.2985241478694439,0.0,0,0,1,0,0,1,0,0,0,0,0,1,0,0,0
-0.23399401519508423,-0.5310810738787677,1,0,0,1,0.48787700103241705,-1.4709447454046127,0.0,0,0,0,0,1,0,0,0,1,0,0,0,0,0,1
0.48318672070913044,-1.3099618104177135,0,0,1,0,-0.8118286294235724,-0.29129881655524165,0.0,0,0,1,0,0,0,1,0,0,1,0,0,0,0,0
-1.3133575082608382,-1.1942451451459128,0,0,1,0,-0.08976994583691159,0.2985241478694439,0.0,0,0,1,0,0,0,0,1,0,0,0,1,0,0,0
0.7591381518741432,1.1171486949401506,1,0,1,0,-1.6782990497275654,0.8883471122941295,0.0,0,0,0,1,0,1,0,0,0,0,0,0,1,0,0
0.18494324711167165,0.17283898617004262,1,0,1,1,1.6431708947710744,-0.29129881655524165,0.0,0,0,0,0,1,0,0,1,0,1,0,0,0,0,0
0.7841362860322346,-0.7320767148309857,1,0,1,0,0.3434652643150849,-0.8811217809799272,0.0,0,0,1,0,0,0,0,1,0,0,0,0,0,1,0
-1.0715014343419387,1.1079768734376783,0,0,1,0,0.3434652643150849,-0.8811217809799272,0.0,0,0,0,1,0,0,0,0,1,0,0,0,0,1,0
1.051263201027314,-0.2941653387528613,0,0,1,0,0.48787700103241705,-0.8811217809799272,0.0,0,0,1,0,0,0,1,0,0,0,0,0,0,1,0
-1.1783920575049216,0.5012401927299195,1,0,1,0,-0.6674168927062403,-1.4709447454046127,0.0,0,0,0,0,1,1,0,0,0,0,0,0,0,0,1
-0.0042244517355581575,-1.3812675505196454,1,0,0,0,-0.8118286294235724,0.8883471122941295,0.0,0,0,0,0,1,1,0,0,0,0,0,0,1,0,0
-0.24167526005457057,-0.567552856563883,1,0,1,0,-1.2450638395755689,-1.4709447454046127,0.0,0,0,0,0,1,0,0,0,1,0,0,0,0,0,1
-0.6435333775554135,-0.9234178068332322,1,0,1,0,1.4987591580537423,-1.4709447454046127,0.0,0,0,1,0,0,0,0,1,0,0,0,0,0,0,1
-1.5187757424320976,-0.6176789299068152,1,0,1,0,1.2099356846190779,1.478170076718815,0.0,0,0,0,1,0,0,0,1,0,0,1,0,0,0,0
-1.603968684394365,-1.3880688354495807,1,0,1,0,0.48787700103241705,0.8883471122941295,0.0,0,0,0,1,0,0,0,1,0,0,0,0,1,0,0
0.7888562134606855,-1.6213813549852296,0,0,0,0,1.4987591580537423,0.2985241478694439,0.0,0,0,0,0,1,0,0,0,1,0,0,1,0,0,0
-0.24215774152503416,-0.7560406845460935,1,0,1,0,0.48787700103241705,0.8883471122941295,0.0,0,0,0,1,0,0,1,0,0,0,0,0,1,0,0
0.2338521839980411,1.138931771008524,1,0,0,1,0.48787700103241705,0.8883471122941295,0.0,0,0,1,0,0,0,0,0,1,0,0,0,1,0,0
1.3833607911356536,-0.8818687658163907,0,0,1,0,-1.6782990497275654,-1.4709447454046127,0.0,0,0,0,0,1,0,0,1,0,0,0,0,0,0,1
-1.4227059899291552,0.3085543599810697,0,0,1,0,-1.2450638395755689,-1.4709447454046127,0.0,0,0,1,0,0,0,0,0,1,0,0,0,0,0,1
0.9972182838502819,-1.4490562763612307,1,0,1,0,-0.3785934192715759,-0.29129881655524165,0.0,0,0,1,0,0,1,0,0,0,1,0,0,0,0,0
-0.21328926687561317,0.558064109406894,1,0,1,0,1.4987591580537423,0.2985241478694439,0.0,0,0,0,1,0,1,0,0,0,0,0,1,0,0,0
1.0763382525212761,-1.3395719672419564,0,0,1,0,-0.9562403661409046,0.2985241478694439,0.0,0,0,0,0,1,0,1,0,0,0,0,1,0,0,0
0.5191211015310696,-1.1905815886247184,1,0,0,0,1.2099356846190779,-0.8811217809799272,0.0,0,0,1,0,0,1,0,0,0,0,0,0,0,1,0
-1.4253701267443253,1.5265791516158593,1,0,0,0,0.3434652643150849,-0.29129881655524165,0.0,0,0,1,0,0,0,1,0,0,1,0,0,0,0,0
1.2211980696642417,0.33475956427384945,1,0,1,0,0.7767004744670813,1.478170076718815,0.0,0,0,0,0,1,1,0,0,0,0,1,0,0,0,0
0.6953072518287898,-0.5422182857031991,0,0,1,0,-1.2450638395755689,0.2985241478694439,0.0,0,0,0,0,1,1,0,0,0,0,0,1,0,0,0
1.0293102941212082,1.1599217948417204,1,0,1,0,-0.5230051559889081,-1.4709447454046127,0.0,0,0,0,1,0,0,1,0,0,0,0,0,0,0,1
1.01872017546878,-0.6751234961591451,1,0,1,0,-1.1006521028582368,0.2985241478694439,0.0,0,0,1,0,0,0,0,0,1,0,0,1,0,0,0
0.8368806009845376,-0.39578808658430203,1,0,0,1,-0.6674168927062403,0.2985241478694439,0.0,0,0,1,0,0,1,0,0,0,0,0,1,0,0,0
-0.7159685304907055,1.3596588963772456,1,1,1,0,-0.8118286294235724,-0.8811217809799272,0.0,0,0,1,0,0,0,0,1,0,0,0,0,0,1,0
1.268044223452251,0.025555393885031794,1,0,1,0,-0.8118286294235724,0.8883471122941295,0.0,0,0,0,1,0,0,0,0,1,0,0,0,1,0,0
-1.469618572325417,-1.3751386359630118,1,0,1,1,1.35434742133641,-0.29129881655524165,0.0,0,0,0,1,0,0,0,0,1,1,0,0,0,0,0
-0.8275825773246791,-0.7200171487765122,0,0,0,0,0.48787700103241705,-0.29129881655524165,0.0,0,0,0,1,0,0,0,1,0,1,0,0,0,0,0
-1.362269941389747,0.30484770279491985,1,0,1,0,0.05464179088042058,-1.4709447454046127,0.0,0,0,0,1,0,0,1,0,0,0,0,0,0,0,1
-0.402845048644738,-0.514840743323637,1,0,1,0,-1.389475576292901,-1.4709447454046127,0.0,0,0,0,0,1,1,0,0,0,0,0,0,0,0,1
-1.390470633714106,-1.2234760161185498,1,0,1,1,1.0655239479017458,-0.8811217809799272,0.0,0,0,0,1,0,1,0,0,0,0,0,0,0,1,0
-1.5064934423905065,0.1256523781770574,1,0,1,0,1.0655239479017458,-0.8811217809799272,0.0,0,0,1,0,0,0,1,0,0,0,0,0,0,1,0
0.6073942331707187,-1.657258348493963,0,0,1,0,1.2099356846190779,0.2985241478694439,0.0,0,0,0,0,1,0,1,0,0,0,0,1,0,0,0
1.7498928740164472,-0.9962234500756061,0,0,1,0,-1.6782990497275654,-0.8811217809799272,0.0,0,0,0,0,1,1,0,0,0,0,0,0,0,1,0
-1.5231425493640494,-0.7674882211582023,1,0,1,0,-0.08976994583691159,-1.4709447454046127,0.0,0,0,1,0,0,0,0,0,1,0,0,0,0,0,1
1.4671517398395444,-1.2066753769190013,1,0,1,0,1.2099356846190779,-0.8811217809799272,0.0,0,0,0,0,1,1,0,0,0,0,0,0,0,1,0
-0.9560590019271105,1.3007661477824202,0,0,0,0,0.9211122111844136,-0.8811217809799272,0.0,0,0,0,1,0,1,0,0,0,0,0,0,0,1,0
0.17229034536088397,-0.7441276607524678,1,0,1,0,-1.5338873130102333,-0.29129881655524165,0.0,0,0,1,0,0,0,0,0,1,1,0,0,0,0,0
0.5676349630104647,-1.6491812838813529,1,0,0,0,-1.5338873130102333,-0.8811217809799272,0.0,0,0,1,0,0,1,0,0,0,0,0,0,0,1,0
0.32353779762368584,-1.3449767906273422,1,1,0,0,-0.5230051559889081,-0.29129881655524165,0.0,0,0,0,1,0,0,1,0,0,1,0,0,0,0,0
0.3668842126295626,-0.4784896425003967,0,0,0,0,0.05464179088042058,1.478170076718815,0.0,0,0,0,0,1,0,1,0,0,0,1,0,0,0,0
-0.9267779706580174,-0.6590297078648623,0,0,1,0,-0.08976994583691159,0.2985241478694439,0.0,0,0,0,0,1,0,1,0,0,0,0,1,0,0,0
1.4758468950355124,-0.7645573759412466,1,0,1,0,-1.2450638395755689,-0.8811217809799272,0.0,0,0,0,0,1,0,0,0,1,0,0,0,0,1,0
-1.3785938978071077,0.2432223720419327,1,0,1,0,-0.08976994583691159,-0.8811217809799272,0.0,0,0,1,0,0,0,0,1,0,0,0,0,0,1,0
-0.7594338177429283,0.654902683428304,1,0,1,0,-0.8118286294235724,1.478170076718815,0.0,0,0,1,0,0,0,0,1,0,0,1,0,0,0,0
-0.3148201502253999,-0.24340137556859198,1,0,1,0,-1.389475576292901,-1.4709447454046127,0.0,0,0,0,0,1,0,0,1,0,0,0,0,0,0,1
-0.030746947640912417,1.35985715943604,1,0,1,1,1.4987591580537423,0.2985241478694439,0.0,0,0,0,0,1,0,1,0,0,0,0,1,0,0,0
0.4563320817625152,1.0426362653655499,1,0,1,1,1.2099356846190779,0.8883471122941295,0.0,0,0,1,0,0,0,1,0,0,0,0,0,1,0,0
-1.3206436777133503,1.6953785958465204,1,0,1,0,-1.6782990497275654,-1.4709447454046127,0.0,0,0,1,0,0,0,0,0,1,0,0,0,0,0,1
-1.2749198177805503,1.2673372720431442,1,0,1,0,-0.08976994583691159,-0.29129881655524165,0.0,0,0,1,0,0,1,0,0,0,1,0,0,0,0,0
0.4872108958722023,-0.5713026144149879,1,0,1,1,-1.5338873130102333,0.8883471122941295,0.0,0,0,1,0,0,0,1,0,0,0,0,0,1,0,0
0.5299209947358728,-1.7037381055816825,1,0,1,0,-0.3785934192715759,0.2985241478694439,0.0,0,0,0,1,0,1,0,0,0,0,0,1,0,0,0
0.8632737359159266,-0.9193232436624853,1,0,1,1,-0.9562403661409046,-1.4709447454046127,0.0,0,0,1,0,0,0,0,1,0,0,0,0,0,0,1
-0.8463608960048342,-0.4922387546211148,1,0,1,0,-1.6782990497275654,1.478170076718815,0.0,0,0,0,0,1,0,0,0,1,0,1,0,0,0,0
-1.6102479359954744,-1.136266130648138,1,0,1,0,1.6431708947710744,0.2985241478694439,0.0,0,0,0,0,1,1,0,0,0,0,0,1,0,0,0
1.6437574392420158,-1.0422549602477913,1,0,0,1,-1.6782990497275654,0.8883471122941295,0.0,0,0,0,1,0,0,0,0,1,0,0,0,1,0,0
1.1876201563139883,0.510584416892213,1,0,0,0,-0.6674168927062403,-0.29129881655524165,0.0,0,0,0,1,0,0,0,0,1,1,0,0,0,0,0
-0.9570834009912113,-0.8126318576323099,0,0,1,1,-1.2450638395755689,-0.8811217809799272,0.0,0,0,0,1,0,0,0,1,0,0,0,0,0,1,0
1.7323906838632432,-0.12462456308497018,1,0,1,0,-0.08976994583691159,1.478170076718815,0.0,0,0,0,1,0,0,1,0,0,0,1,0,0,0,0
-0.14839201285568412,0.4409682228565263,0,0,1,1,0.19905352759775274,1.478170076718815,0.0,0,0,1,0,0,0,0,1,0,0,1,0,0,0,0
1.009553027529967,0.4407354792657681,1,0,0,1,1.35434742133641,-0.8811217809799272,0.0,0,0,0,1,0,0,0,0,1,0,0,0,0,1,0
-0.9967902275133713,-1.244922907000272,1,0,0,0,-1.6782990497275654,0.8883471122941295,0.0,0,0,1,0,0,1,0,0,0,0,0,0,1,0,0
-0.1239253075636107,1.6675700468174068,1,0,0,0,0.7767004744670813,0.8883471122941295,0.0,0,0,0,0,1,0,1,0,0,0,0,0,1,0,0
-1.269364288385137,0.019090294141747347,1,0,0,0,-0.6674168927062403,-0.8811217809799272,0.0,0,0,0,0,1,0,1,0,0,0,0,0,0,1,0
-0.06131109992203625,-0.9957234823621253,1,0,1,0,-0.8118286294235724,-0.8811217809799272,0.0,0,0,0,1,0,0,0,1,0,0,0,0,0,1,0
-0.7219436089908703,0.8597687640935014,1,0,1,0,-0.23418168255424376,-0.8811217809799272,0.0,0,0,1,0,0,0,1,0,0,0,0,0,0,1,0
-1.0847382085968384,-0.15678627927456248,1,0,1,0,-1.6782990497275654,0.8883471122941295,0.0,0,0,0,0,1,0,0,1,0,0,0,0,1,0,0
1.0641678322409525,-1.568669241744984,1,0,1,0,-0.5230051559889081,0.8883471122941295,0.0,0,0,0,1,0,0,0,1,0,0,0,0,1,0,0
0.7733818439804458,-0.9608636645463355,1,0,1,1,-1.389475576292901,-1.4709447454046127,0.0,0,0,0,1,0,1,0,0,0,0,0,0,0,0,1
1.4054920064112784,-1.3581397337046692,1,0,0,1,1.2099356846190779,-0.8811217809799272,0.0,0,0,0,1,0,0,0,0,1,0,0,0,0,1,0
-1.3683184409832434,-1.0441169089738571,1,0,1,1,-0.6674168927062403,-1.4709447454046127,0.0,0,0,0,1,0,0,1,0,0,0,0,0,0,0,1
-0.9141320613923087,-0.7814011158057503,1,0,1,0,-0.5230051559889081,0.8883471122941295,0.0,0,0,0,1,0,0,0,1,0,0,0,0,1,0,0
-0.10767826848212131,0.4977404187355545,0,0,1,1,1.2099356846190779,-1.4709447454046127,0.0,0,0,0,1,0,0,0,0,1,0,0,0,0,0,1
-0.2524506795615967,-1.2097096637318494,1,0,0,0,1.4987591580537423,0.8883471122941295,0.0,0,0,1,0,0,0,0,1,0,0,0,0,1,0,0
0.7382376139724548,1.3753992592188957,1,0,1,0,0.3434652643150849,-1.4709447454046127,0.0,0,0,1,0,0,1,0,0,0,0,0,0,0,0,1
1.4982228472889088,0.5378671378088735,1,0,1,0,-0.23418168255424376,0.2985241478694439,0.0,0,0,0,0,1,0,0,0,1,0,0,1,0,0,0
-0.20323057708920367,-0.6105328396572381,1,0,1,1,0.19905352759775274,0.2985241478694439,0.0,0,0,0,0,1,1,0,0,0,0,0,1,0,0,0
0.37670166168074026,-1.0529525452896793,1,0,0,0,-0.23418168255424376,-0.8811217809799272,0.0,0,0,0,1,0,0,0,1,0,0,0,0,0,1,0
-1.6997412562814416,-1.698393623127234,0,0,1,1,1.0655239479017458,-0.8811217809799272,0.0,0,0,0,0,1,0,0,1,0,0,0,0,0,1,0
-1.6237993720789377,-0.3281114224716003,0,0,1,0,0.6322887377497493,-1.4709447454046127,0.0,0,0,0,1,0,0,0,0,1,0,0,0,0,0,1
0.05573960406100467,-0.0017100867656461756,0,0,1,1,-0.5230051559889081,-0.29129881655524165,0.0,0,0,1,0,0,1,0,0,0,1,0,0,0,0,0
0.3144860256886793,0.4510796388550232,0,0,1,0,1.35434742133641,0.8883471122941295,0.0,0,0,0,1,0,0,1,0,0,0,0,0,1,0,0
-1.29984802708785,-0.3689967132481314,1,0,1,0,-0.5230051559889081,0.2985241478694439,0.0,0,0,1,0,0,0,1,0,0,0,0,1,0,0,0
0.0019673938020614225,-0.27401146781979624,1,0,1,1,0.7767004744670813,0.8883471122941295,0.0,0,0,0,1,0,0,1,0,0,0,0,0,1,0,0
1.5399225320586372,1.5433280700174616,1,0,1,1,-0.08976994583691159,-0.29129881655524165,0.0,0,0,0,0,1,0,0,0,1,1,0,0,0,0,0
0.44371763867966296,-1.4107311650830405,0,0,1,0,1.4987591580537423,-0.8811217809799272,0.0,0,0,1,0,0,1,0,0,0,0,0,0,0,1,0
-0.7826174020229708,1.6017208508988066,1,0,1,0,-1.6782990497275654,0.8883471122941295,0.0,0,0,0,1,0,0,0,1,0,0,0,0,1,0,0
1.1289077553465994,1.2018932223751235,1,0,1,1,1.0655239479017458,1.478170076718815,0.0,0,0,1,0,0,0,0,1,0,0,1,0,0,0,0
0.33519776649322935,0.5516334901955736,0,0,1,0,-1.1006521028582368,1.478170076718815,0.0,0,0,0,1,0,1,0,0,0,0,1,0,0,0,0
1.6237449469453842,0.19603576404894707,1,0,0,0,-0.9562403661409046,1.478170076718815,0.0,0,0,1,0,0,0,1,0,0,0,1,0,0,0,0
-1.0749976768815317,-0.6979323680534526,1,0,1,1,0.3434652643150849,1.478170076718815,0.0,0,0,0,0,1,0,1,0,0,0,1,0,0,0,0
-0.9537899405189146,0.9574607312810248,1,0,1,1,0.05464179088042058,-1.4709447454046127,0.0,0,0,0,1,0,0,0,0,1,0,0,0,0,0,1
0.214360631839809,-0.7840043959690461,1,0,1,0,-0.5230051559889081,-0.8811217809799272,0.0,0,0,0,1,0,0,0,0,1,0,0,0,0,1,0
0.048607269280234656,0.7768258444536577,1,0,1,0,-1.5338873130102333,0.8883471122941295,0.0,0,0,0,1,0,1,0,0,0,0,0,0,1,0,0
-1.0006325980643844,1.7013437278763242,0,0,0,0,1.4987591580537423,-0.8811217809799272,0.0,0,0,1,0,0,1,0,0,0,0,0,0,0,1,0
0.8453485004154324,1.7022660821063667,0,0,1,1,0.48787700103241705,-1.4709447454046127,0.0,0,0,1,0,0,0,0,0,1,0,0,0,0,0,1
-0.9882419145040661,1.0160690154871468,1,0,0,0,-1.389475576292901,0.8883471122941295,0.0,0,0,0,1,0,0,0,0,1,0,0,0,1,0,0
0.1317933680247759,-1.286040941367561,1,0,1,0,-0.23418168255424376,0.2985241478694439,0.0,0,0,1,0,0,0,0,1,0,0,0,1,0,0,0
-1.0614042858875934,1.2494246356877503,1,0,0,0,-1.1006521028582368,1.478170076718815,0.0,0,0,0,1,0,0,1,0,0,0,1,0,0,0,0
1.428745515542113,1.1852218851704406,1,1,0,0,-1.389475576292901,-1.4709447454046127,0.0,0,0,0,1,0,0,0,1,0,0,0,0,0,0,1
0.05771847733841469,0.6500581686873363,1,0,1,0,-0.23418168255424376,-0.8811217809799272,0.0,0,0,0,1,0,0,0,0,1,0,0,0,0,1,0
-0.31991417560558727,0.4469592152853031,1,0,0,0,-0.3785934192715759,0.2985241478694439,0.0,0,0,1,0,0,0,1,0,0,0,0,1,0,0,0
0.7591171744189055,-1.2841789926414953,1,0,0,1,1.4987591580537423,0.8883471122941295,0.0,0,0,1,0,0,0,1,0,0,0,0,0,1,0,0
0.43966199733373473,-1.1064835711640744,1,0,1,0,0.48787700103241705,-0.8811217809799272,0.0,0,0,0,1,0,0,0,0,1,0,0,0,0,1,0
-0.06442974826735341,1.0014320296683503,1,0,1,0,-1.2450638395755689,0.2985241478694439,0.0,0,0,1,0,0,0,0,1,0,0,0,1,0,0,0
-1.6502869055588958,-0.5648892354696501,0,0,1,0,1.4987591580537423,1.478170076718815,0.0,0,0,0,1,0,0,0,1,0,0,1,0,0,0,0
-1.515643109116622,1.5268118952066179,1,0,1,0,0.7767004744670813,1.478170076718815,0.0,0,0,0,1,0,1,0,0,0,0,1,0,0,0,0
-0.5285209829729554,0.3838684619238379,0,0,1,0,0.9211122111844136,-0.8811217809799272,0.0,0,0,0,1,0,0,0,1,0,0,0,0,0,1,0
-1.1502368163335774,-1.118801741208279,1,0,0,0,0.3434652643150849,0.8883471122941295,0.0,0,0,1,0,0,0,0,0,1,0,0,0,1,0,0
0.8136865279768762,0.25326482697650127,1,0,1,0,-0.8118286294235724,-0.8811217809799272,0.0,0,0,0,1,0,0,0,1,0,0,0,0,0,1,0
0.3701811693443991,1.6603205149719364,1,0,1,0,0.6322887377497493,1.478170076718815,0.0,0,0,0,0,1,1,0,0,0,0,1,0,0,0,0
0.8781537441644355,-1.611675085237312,1,1,0,0,0.7767004744670813,1.478170076718815,0.0,0,0,0,0,1,0,0,1,0,0,1,0,0,0,0
0.13553434754214058,-1.0495906934231714,0,0,0,0,-0.8118286294235724,0.8883471122941295,0.0,0,0,0,0,1,0,0,1,0,0,0,0,1,0,0
-0.8597305274762386,1.4168793391718086,1,0,1,0,0.19905352759775274,0.8883471122941295,0.0,0,0,1,0,0,0,0,1,0,0,0,0,1,0,0
1.7445156529905526,1.613814897485244,0,0,0,0,0.05464179088042058,0.2985241478694439,0.0,0,0,1,0,0,1,0,0,0,0,0,1,0,0,0
-1.0439160807045482,0.6130174572248117,0,0,0,0,0.19905352759775274,1.478170076718815,0.0,0,0,0,0,1,0,0,0,1,0,1,0,0,0,0
0.13983472586584028,-0.7513599523319553,1,0,1,0,1.35434742133641,-0.8811217809799272,0.0,0,0,0,0,1,1,0,0,0,0,0,0,0,1,0
1.536936740929825,-0.42924282272255126,1,0,0,1,1.4987591580537423,-0.29129881655524165,0.0,0,0,0,0,1,0,0,1,0,1,0,0,0,0,0
-1.0629845875154897,0.8841292599261974,1,0,0,1,1.35434742133641,-0.8811217809799272,0.0,0,0,1,0,0,0,0,0,1,0,0,0,0,1,0
0.603971411724457,1.008724662178775,1,0,1,1,-1.5338873130102333,0.2985241478694439,0.0,0,0,0,0,1,0,0,1,0,0,0,1,0,0,0
0.26737066122512115,-0.74587754774965,1,0,1,0,-0.8118286294235724,1.478170076718815,0.0,0,0,1,0,0,0,0,0,1,0,1,0,0,0,0
-0.6891173877866298,-0.8188642137848361,1,1,1,0,0.6322887377497493,1.478170076718815,0.0,0,0,1,0,0,0,0,1,0,0,1,0,0,0,0
-1.4205383195546075,0.6022250507200222,1,0,1,0,-0.5230051559889081,-0.8811217809799272,0.0,0,0,1,0,0,0,0,0,1,0,0,0,0,1,0
-1.351260273632568,0.7129678992559895,1,0,1,0,0.19905352759775274,0.8883471122941295,0.0,0,0,0,1,0,0,0,1,0,0,0,0,1,0,0
0.21259502935731436,-0.8094079278936587,0,0,0,0,-1.5338873130102333,1.478170076718815,0.0,0,0,0,1,0,0,0,1,0,0,1,0,0,0,0
-0.02657593029117762,0.5805971370454883,1,0,1,0,-1.2450638395755689,0.2985241478694439,0.0,0,0,0,0,1,0,1,0,0,0,0,1,0,0,0
-1.4245555022326,0.18278661964170959,1,0,1,0,-0.23418168255424376,0.8883471122941295,0.0,0,0,0,0,1,0,0,0,1,0,0,0,1,0,0
-0.6284645722097668,0.7356991899533775,0,0,1,0,-1.2450638395755689,-0.29129881655524165,0.0,0,0,1,0,0,0,0,0,1,1,0,0,0,0,0
-1.6464375425228035,1.4322662765608258,1,0,0,0,0.6322887377497493,0.8883471122941295,0.0,0,0,0,0,1,0,1,0,0,0,0,0,1,0,0
-0.557333517741743,-0.6972168970151958,1,0,1,0,-0.8118286294235724,-0.8811217809799272,0.0,0,0,1,0,0,0,0,0,1,0,0,0,0,1,0
1.0039275732837614,-1.5810391325871347,1,0,1,0,-0.9562403661409046,-0.8811217809799272,0.0,0,0,0,0,1,0,1,0,0,0,0,0,0,1,0
1.0673319317392842,-0.7909263627608561,1,0,0,0,0.7767004744670813,-0.8811217809799272,0.0,0,0,0,0,1,1,0,0,0,0,0,0,0,1,0
0.8425375214135995,0.5505214930397287,1,0,1,0,-0.8118286294235724,-1.4709447454046127,0.0,0,0,0,0,1,0,0,0,1,0,0,0,0,0,1
-0.7920817305776496,1.2501573469919895,1,0,0,1,-0.8118286294235724,0.8883471122941295,0.0,0,0,1,0,0,0,1,0,0,0,0,0,1,0,0
-0.25525816232089,-1.5730999901023814,1,0,1,0,-1.5338873130102333,-0.29129881655524165,0.0,0,0,1,0,0,0,0,0,1,1,0,0,0,0,0
-1.3590289245555442,0.005599786010760786,1,0,1,0,0.7767004744670813,-0.29129881655524165,0.0,0,0,0,0,1,1,0,0,0,1,0,0,0,0,0
1.050598914944791,-1.3783711858346541,1,0,1,0,1.35434742133641,-0.29129881655524165,0.0,0,0,0,1,0,0,0,1,0,1,0,0,0,0,0
-0.9401965495249762,-0.46672316096761896,1,0,1,0,-0.08976994583691159,-0.8811217809799272,0.0,0,0,1,0,0,0,0,0,1,0,0,0,0,1,0
-0.370399917877313,1.5047960755474858,0,0,1,0,-1.1006521028582368,0.8883471122941295,0.0,0,0,0,1,0,0,0,0,1,0,0,0,1,0,0
1.6850061087241368,-0.7334128354445979,1,0,1,1,1.4987591580537423,0.2985241478694439,0.0,0,0,0,1,0,0,0,0,1,0,0,1,0,0,0
-0.789714774378345,-1.517474271911162,1,0,1,0,0.05464179088042058,-0.29129881655524165,0.0,0,0,0,1,0,0,0,1,0,1,0,0,0,0,0
-0.10255627316161707,-0.48916136714331127,1,0,1,0,0.6322887377497493,-0.29129881655524165,0.0,0,0,0,0,1,0,0,1,0,1,0,0,0,0,0
0.21849668676414774,1.2891289682445082,1,0,1,0,0.9211122111844136,-0.8811217809799272,0.0,0,0,1,0,0,1,0,0,0,0,0,0,0,1,0
-0.663657749613312,0.7209932430706532,1,0,1,0,-0.5230051559889081,-0.8811217809799272,0.0,0,0,1,0,0,1,0,0,0,0,0,0,0,1,0
0.9132210568365551,1.2573896385714773,1,0,1,0,0.3434652643150849,0.2985241478694439,0.0,0,0,0,0,1,0,0,0,1,0,0,1,0,0,0
-1.2910969320112482,-0.8675507249182633,1,0,1,0,0.48787700103241705,-0.29129881655524165,0.0,0,0,0,0,1,1,0,0,0,1,0,0,0,0,0
-1.1461007614092389,1.132932158446756,1,0,1,0,-0.08976994583691159,-0.29129881655524165,0.0,0,0,0,1,0,0,0,0,1,1,0,0,0,0,0
0.08638067367799963,1.4691604457625027,1,0,1,1,1.2099356846190779,-0.29129881655524165,0.0,0,0,0,0,1,0,0,0,1,1,0,0,0,0,0
1.1690096572757338,0.2077419046507878,1,0,0,1,0.9211122111844136,-0.29129881655524165,0.0,0,0,0,1,0,0,1,0,0,1,0,0,0,0,0
-0.7905608650729264,0.6656692295341206,1,0,1,0,-0.5230051559889081,-0.29129881655524165,0.0,0,0,0,1,0,1,0,0,0,1,0,0,0,0,0
-0.16058690683378526,0.825538215986058,1,0,1,1,-1.389475576292901,-1.4709447454046127,0.0,0,0,0,1,0,0,0,1,0,0,0,0,0,0,1
-0.9650793076792611,0.18552782193286244,1,0,1,0,0.19905352759775274,1.478170076718815,0.0,0,0,0,1,0,1,0,0,0,0,1,0,0,0,0
-0.21841475843865676,0.1255403164481737,1,0,1,0,-1.6782990497275654,1.478170076718815,0.0,0,0,0,0,1,0,1,0,0,0,1,0,0,0,0
0.5032551528863957,1.3195666578358916,1,0,1,0,-0.08976994583691159,1.478170076718815,0.0,0,0,1,0,0,0,0,0,1,0,1,0,0,0,0
-0.05501087086568914,1.016646564397546,1,0,1,0,0.19905352759775274,-1.4709447454046127,0.0,0,0,1,0,0,0,1,0,0,0,0,0,0,0,1
0.5091498178081497,-1.053849039120748,1,0,1,1,-0.9562403661409046,-0.8811217809799272,0.0,0,0,1,0,0,1,0,0,0,0,0,0,0,1,0
1.0017214442412778,0.030486109955910282,1,0,1,0,1.4987591580537423,0.2985241478694439,0.0,0,0,0,1,0,1,0,0,0,0,0,1,0,0,0
-0.023020251628411308,1.6611652880050594,1,0,0,0,-0.08976994583691159,-0.29129881655524165,0.0,0,0,0,0,1,0,0,0,1,1,0,0,0,0,0
1.3173027845925795,-1.3601223642926097,1,1,0,0,1.0655239479017458,-0.8811217809799272,0.0,0,0,1,0,0,0,0,0,1,0,0,0,0,1,0
-1.429041181410898,-0.4567582872299699,1,0,0,1,0.7767004744670813,0.8883471122941295,0.0,0,0,1,0,0,0,0,0,1,0,0,0,1,0,0
1.4434542079061814,1.7330744374163647,1,0,1,0,-0.9562403661409046,-1.4709447454046127,0.0,0,0,0,0,1,0,0,0,1,0,0,0,0,0,1
1.659759741345734,-0.807020151055139,1,0,0,0,0.7767004744670813,-1.4709447454046127,0.0,0,0,1,0,0,1,0,0,0,0,0,0,0,0,1
-0.5041661574421492,-0.34538616898565627,0,0,1,0,1.6431708947710744,1.478170076718815,0.0,0,0,0,1,0,0,0,1,0,0,1,0,0,0,0
0.4625728746956889,-1.4202736523041282,0,0,1,0,1.0655239479017458,1.478170076718815,0.0,0,0,0,1,0,0,1,0,0,0,1,0,0,0,0
0.3042315463200524,1.0516529244741841,0,0,0,0,0.19905352759775274,0.2985241478694439,0.0,0,0,0,0,1,0,0,0,1,0,0,1,0,0,0
-0.45501947606308746,-1.5468947858096018,1,0,1,1,-0.8118286294235724,-1.4709447454046127,0.0,0,0,1,0,0,0,0,0,1,0,0,0,0,0,1
-0.5826218400306206,0.4611651944545468,1,0,1,0,-0.6674168927062403,-1.4709447454046127,0.0,0,0,1,0,0,0,0,0,1,0,0,0,0,0,1
1.4465413900686421,-0.864835383026084,0,0,1,0,-0.3785934192715759,-0.29129881655524165,0.0,0,0,1,0,0,0,0,1,0,1,0,0,0,0,0
-1.660377061528162,1.1284583094244027,1,0,1,0,0.48787700103241705,-0.8811217809799272,0.0,0,0,0,0,1,0,0,0,1,0,0,0,0,1,0
0.3653878208226168,0.7624043619596378,1,0,1,0,0.05464179088042058,-0.29129881655524165,0.0,0,0,1,0,0,0,0,1,0,1,0,0,0,0,0
1.1396866710961653,1.7051365863923849,1,0,1,1,-0.5230051559889081,1.478170076718815,0.0,0,0,1,0,0,0,0,0,1,0,1,0,0,0,0
0.5001434970261575,-1.5584285237516213,1,0,0,0,0.7767004744670813,-0.29129881655524165,0.0,0,0,1,0,0,0,1,0,0,1,0,0,0,0,0
-1.2990963349418376,-1.6302773322319892,1,0,1,0,-1.389475576292901,-0.29129881655524165,0.0,0,0,0,1,0,0,0,0,1,1,0,0,0,0,0
0.8689201676173699,-1.6767657094526998,1,0,1,0,-1.5338873130102333,0.8883471122941295,0.0,0,0,0,1,0,1,0,0,0,0,0,0,1,0,0
-0.7571332901518759,-1.2893079717711675,0,0,1,1,0.05464179088042058,-0.8811217809799272,0.0,0,0,1,0,0,1,0,0,0,0,0,0,0,1,0
0.7594807836430232,-0.5753454567877885,0,0,1,0,0.48787700103241705,0.8883471122941295,0.0,0,0,0,1,0,0,0,1,0,0,0,0,1,0,0
0.6306862009694887,-0.9503040016323042,1,0,1,0,-0.23418168255424376,-0.8811217809799272,0.0,0,0,1,0,0,0,0,0,1,0,0,0,0,1,0
1.1560735598792389,0.4367788382228779,1,0,1,0,0.7767004744670813,-0.29129881655524165,0.0,0,0,1,0,0,0,0,0,1,1,0,0,0,0,0
1.699281267013296,0.7045891299886926,1,0,0,0,1.0655239479017458,1.478170076718815,0.0,0,0,0,0,1,0,1,0,0,0,1,0,0,0,0
-0.1650446160717666,-1.6830497864031724,1,0,1,0,1.2099356846190779,-0.29129881655524165,0.0,0,0,1,0,0,0,1,0,0,1,0,0,0,0,0
-0.8092972288426066,-0.048569129704971944,1,0,0,0,1.6431708947710744,-0.8811217809799272,0.0,0,0,0,1,0,1,0,0,0,0,0,0,0,1,0
-0.8843370824698955,-0.368229521411928,1,0,1,0,-0.6674168927062403,0.2985241478694439,0.0,0,0,1,0,0,0,0,0,1,0,0,1,0,0,0
1.4224732564260825,1.5675851242542644,1,0,1,0,0.6322887377497493,-1.4709447454046127,0.0,0,0,0,1,0,0,1,0,0,0,0,0,0,0,1
-1.589787924653775,-0.14268374170121123,1,0,1,0,-0.08976994583691159,0.8883471122941295,0.0,0,0,0,0,1,0,0,1,0,0,0,0,1,0,0
1.3730258981886163,-1.3315552435602838,0,0,1,0,-0.9562403661409046,-0.29129881655524165,0.0,0,0,0,1,0,0,0,1,0,1,0,0,0,0,0
-0.776848601832642,0.3461208995560478,1,0,1,0,-0.6674168927062403,1.478170076718815,0.0,0,0,0,0,1,0,0,0,1,0,1,0,0,0,0
0.30517553180574253,-0.08517021438495298,1,0,1,0,-1.2450638395755689,-0.29129881655524165,0.0,0,0,0,0,1,0,1,0,0,1,0,0,0,0,0
0.1284964113099394,0.781782420923509,1,0,0,0,-0.3785934192715759,-0.29129881655524165,0.0,0,0,0,0,1,0,0,0,1,1,0,0,0,0,0
0.2650806223616875,0.5687358340498089,1,0,1,1,0.19905352759775274,0.2985241478694439,0.0,0,0,0,1,0,1,0,0,0,0,0,1,0,0,0
0.038800308956675654,-1.3288830023330593,1,0,1,1,-0.23418168255424376,-0.29129881655524165,0.0,0,0,0,0,1,0,0,0,1,1,0,0,0,0,0
0.3213736234916778,1.0464808446795566,0,0,0,0,-0.5230051559889081,0.8883471122941295,0.0,0,0,1,0,0,1,0,0,0,0,0,0,1,0,0
0.765980298524127,1.4878230336881166,1,0,1,0,-0.6674168927062403,1.478170076718815,0.0,0,0,0,0,1,1,0,0,0,0,1,0,0,0,0
-1.5056193817556083,0.7755069641060275,0,0,1,0,0.7767004744670813,1.478170076718815,0.0,0,0,0,0,1,0,0,0,1,0,1,0,0,0,0
0.6671520106574459,0.7672143961686414,1,0,1,0,0.7767004744670813,0.2985241478694439,0.0,0,0,0,1,0,0,0,0,1,0,0,1,0,0,0
1.5332691825057918,-0.4171229157371407,1,0,0,1,0.6322887377497493,0.2985241478694439,0.0,0,0,0,1,0,0,0,0,1,0,0,1,0,0,0
-1.7020033252045585,-0.9599068297843295,1,1,1,0,-0.08976994583691159,-1.4709447454046127,0.0,0,0,0,0,1,0,0,1,0,0,0,0,0,0,1
-1.217151402298852,1.0218186441921735,1,1,0,1,0.3434652643150849,0.8883471122941295,0.0,0,0,0,1,0,1,0,0,0,0,0,0,1,0,0
-0.00636065592724981,0.17612325683963106,0,0,0,0,-1.2450638395755689,-0.29129881655524165,0.0,0,0,0,0,1,1,0,0,0,1,0,0,0,0,0
-1.1698856994060913,-0.4646801894487412,1,0,1,0,1.6431708947710744,-1.4709447454046127,0.0,0,0,0,0,1,0,1,0,0,0,0,0,0,0,1
-0.4912894961688273,-0.5582862135985086,1,0,1,0,0.05464179088042058,-1.4709447454046127,0.0,0,0,1,0,0,1,0,0,0,0,0,0,0,0,1
-1.3739264140167509,0.4477264071215061,0,0,1,1,0.05464179088042058,0.2985241478694439,0.0,0,0,0,0,1,0,0,0,1,0,0,1,0,0,0
-0.24651755597190697,0.8035913573908554,1,0,1,0,-1.1006521028582368,-1.4709447454046127,0.0,0,0,0,1,0,0,0,1,0,0,0,0,0,0,1
-0.6852575360229188,-1.4760200523572222,1,0,0,0,0.3434652643150849,-0.29129881655524165,0.0,0,0,1,0,0,0,1,0,0,1,0,0,0,0,0
1.6919881050757042,1.6974388076313807,1,0,1,0,-1.5338873130102333,0.8883471122941295,0.0,0,0,1,0,0,0,0,1,0,0,0,0,1,0,0
-1.329611539827407,1.1364060720421474,1,0,1,0,-1.2450638395755689,0.2985241478694439,0.0,0,0,0,1,0,0,1,0,0,0,0,1,0,0,0
-0.6872119356025513,1.2117546545168796,0,0,0,1,1.4987591580537423,-1.4709447454046127,0.0,0,0,0,1,0,0,0,1,0,0,0,0,0,0,1
-0.7678807397185854,0.8516830793479007,1,0,0,0,0.9211122111844136,-1.4709447454046127,0.0,0,0,0,1,0,1,0,0,0,0,0,0,0,0,1
0.3481443526173429,-0.33024059532038885,1,0,1,1,0.9211122111844136,-1.4709447454046127,0.0,0,0,0,0,1,1,0,0,0,0,0,0,0,0,1
0.2282546996921523,-0.4484139984946372,1,0,1,0,1.6431708947710744,-0.29129881655524165,0.0,0,0,1,0,0,1,0,0,0,1,0,0,0,0,0
-0.4617951941048191,-1.3815951155733053,1,0,1,0,-1.2450638395755689,-0.8811217809799272,0.0,0,0,1,0,0,0,1,0,0,0,0,0,0,1,0
-1.0354656624863516,-1.6252776550971826,1,0,1,0,-0.6674168927062403,1.478170076718815,0.0,0,0,1,0,0,0,1,0,0,0,1,0,0,0,0
0.9801775977123046,-0.17664706568593228,1,0,1,0,0.19905352759775274,0.2985241478694439,0.0,0,0,1,0,0,0,1,0,0,0,0,1,0,0,0
-0.44124078421455065,0.2803665251003497,1,0,1,0,0.19905352759775274,-0.29129881655524165,0.0,0,0,0,0,1,0,0,0,1,1,0,0,0,0,0
-1.5376799258436777,0.6184653812751529,1,0,1,0,0.9211122111844136,-1.4709447454046127,0.0,0,0,0,1,0,0,0,1,0,0,0,0,0,0,1
1.5168263538420848,-0.8875063327925348,1,0,0,0,-1.6782990497275654,-0.29129881655524165,0.0,0,0,0,0,1,0,0,1,0,1,0,0,0,0,0
0.42493582375696815,-0.6900363262336547,1,0,0,0,0.7767004744670813,0.8883471122941295,0.0,0,0,1,0,0,0,0,0,1,0,0,0,1,0,0
-0.8902841910297435,-1.1976328574113941,0,0,0,1,0.05464179088042058,0.8883471122941295,0.0,0,0,0,0,1,0,1,0,0,0,0,0,1,0,0
-0.5750594674174806,-1.5499635531544143,1,0,0,1,-0.3785934192715759,0.2985241478694439,0.0,0,0,1,0,0,1,0,0,0,0,0,1,0,0,0
0.3621992476265075,-0.8162609336215401,1,0,0,1,1.4987591580537423,-0.8811217809799272,0.0,0,0,1,0,0,0,0,1,0,0,0,0,0,1,0
-0.44458319208240177,-0.24586673360403122,1,0,0,0,-0.6674168927062403,0.2985241478694439,0.0,0,0,0,0,1,0,0,1,0,0,0,1,0,0,0
0.7819371494748302,0.10656740373488144,1,0,1,0,1.4987591580537423,1.478170076718815,0.0,0,0,0,1,0,0,0,0,1,0,1,0,0,0,0
-0.8810436219975987,0.1910619473131136,1,0,0,1,-0.8118286294235724,0.8883471122941295,0.0,0,0,0,0,1,0,0,1,0,0,0,0,1,0,0
-1.6569017964438062,-1.2015032971243738,1,0,1,0,1.35434742133641,-0.29129881655524165,0.0,0,0,1,0,0,1,0,0,0,1,0,0,0,0,0
0.8697837395246492,-0.018691748758006888,1,0,1,0,0.7767004744670813,1.478170076718815,0.0,0,0,0,1,0,0,0,1,0,0,1,0,0,0,0
-1.285212755817113,-1.0810283184415157,1,0,1,0,0.3434652643150849,-1.4709447454046127,0.0,0,0,0,1,0,0,0,1,0,0,0,0,0,0,1
-1.0919999043515736,0.3645679841568862,1,0,0,0,1.0655239479017458,0.8883471122941295,0.0,0,0,0,1,0,0,0,1,0,0,0,0,1,0,0
-0.22701901132859584,-1.5100523374058716,0,0,0,1,0.7767004744670813,-0.8811217809799272,0.0,0,0,1,0,0,0,0,1,0,0,0,0,0,1,0
1.2492064686489224,-0.5651564595923725,1,1,1,1,1.35434742133641,0.8883471122941295,0.0,0,0,0,0,1,0,1,0,0,0,0,0,1,0,0
-0.9365989159517348,-0.1272019828492931,1,0,0,1,-1.5338873130102333,0.2985241478694439,0.0,0,0,1,0,0,0,0,1,0,0,0,1,0,0,0
-1.2646163910163692,1.4562905872068708,1,0,1,0,-0.5230051559889081,1.478170076718815,0.0,0,0,0,0,1,0,0,1,0,0,1,0,0,0,0
0.7772871468971715,-0.4344321427831609,1,0,1,1,0.05464179088042058,-1.4709447454046127,0.0,0,0,0,0,1,0,0,1,0,0,0,0,0,0,1
0.5257324961734403,1.1149160804954696,1,0,0,0,0.05464179088042058,-1.4709447454046127,0.0,0,0,0,0,1,1,0,0,0,0,0,0,0,0,1
1.4244066785504779,0.9630120969272589,1,0,0,0,-0.5230051559889081,0.2985241478694439,0.0,0,0,0,1,0,0,0,1,0,0,0,1,0,0,0
-1.5661323476308873,-0.9864913199287151,1,0,0,0,-1.389475576292901,-0.29129881655524165,0.0,0,0,0,0,1,0,1,0,0,1,0,0,0,0,0
0.9486799486731093,1.68268113995071,1,0,1,0,-0.6674168927062403,-1.4709447454046127,0.0,0,0,1,0,0,0,0,1,0,0,0,0,0,0,1
-0.023139123874757528,0.012788976925292824,1,0,0,0,0.7767004744670813,0.8883471122941295,0.0,0,0,0,0,1,1,0,0,0,0,0,0,1,0,0
-0.4508344737431944,-0.49587645074333603,0,0,1,0,1.4987591580537423,-0.8811217809799272,0.0,0,0,0,0,1,0,0,1,0,0,0,0,0,1,0
0.6154950271349562,1.7165668827385112,1,0,1,0,-0.23418168255424376,1.478170076718815,0.0,0,0,1,0,0,0,0,0,1,0,1,0,0,0,0
-1.732570973728222,-0.5102375923064189,1,0,1,0,0.6322887377497493,-0.8811217809799272,0.0,0,0,0,1,0,0,0,1,0,0,0,0,0,1,0
1.6070259151210498,-1.4470908860392722,1,0,0,1,1.4987591580537423,1.478170076718815,0.0,0,0,1,0,0,0,1,0,0,0,1,0,0,0,0
-0.028705141997789937,1.3847693437801625,1,0,0,0,0.05464179088042058,-0.8811217809799272,0.0,0,0,0,1,0,0,1,0,0,0,0,0,0,1,0
-0.24804541396170918,-0.8738951427996733,1,0,1,0,1.4987591580537423,-0.29129881655524165,0.0,0,0,0,0,1,0,1,0,0,1,0,0,0,0,0
1.0654789231932997,0.6778408573174773,1,0,1,1,1.2099356846190779,1.478170076718815,0.0,0,0,0,0,1,1,0,0,0,0,1,0,0,0,0
0.6830424329998969,-0.46386127681459155,1,0,1,1,-0.23418168255424376,0.8883471122941295,0.0,0,0,1,0,0,0,1,0,0,0,0,0,1,0,0
-0.5335975271404447,0.8280208142874793,1,0,1,0,-1.5338873130102333,-1.4709447454046127,0.0,0,0,1,0,0,0,1,0,0,0,0,0,0,0,1
-1.6600973621249944,-0.933348200038917,1,0,1,0,1.4987591580537423,-0.29129881655524165,0.0,0,0,0,1,0,0,0,0,1,1,0,0,0,0,0
-0.7191640961718936,-0.9650099485150287,0,0,1,0,1.2099356846190779,-0.8811217809799272,0.0,0,0,0,0,1,1,0,0,0,0,0,0,0,1,0
0.7430869023748705,1.3463666513050527,0,0,1,0,-0.3785934192715759,-0.29129881655524165,0.0,0,0,1,0,0,1,0,0,0,1,0,0,0,0,0
-0.4324931853804885,0.16698591586912245,0,0,1,0,0.3434652643150849,-0.8811217809799272,0.0,0,0,0,1,0,1,0,0,0,0,0,0,0,1,0
1.10905259396425,-0.9303742541570061,1,0,0,0,0.6322887377497493,-1.4709447454046127,0.0,0,0,0,0,1,0,0,1,0,0,0,0,0,0,1
-0.9058914177264877,1.5677747671800677,1,0,1,0,-0.08976994583691159,0.2985241478694439,0.0,0,0,1,0,0,0,0,0,1,0,0,1,0,0,0
0.19618017063392432,1.532906329231287,1,0,1,0,-1.389475576292901,-0.29129881655524165,0.0,0,0,1,0,0,0,0,1,0,1,0,0,0,0,0
1.2910075444522993,0.44517484775615646,1,0,1,0,-1.6782990497275654,0.8883471122941295,0.0,0,0,0,1,0,1,0,0,0,0,0,0,1,0,0
-0.481167874016705,1.0981154412959213,0,0,1,0,-0.08976994583691159,0.2985241478694439,0.0,0,0,1,0,0,0,0,1,0,0,0,1,0,0,0
-1.4341561842463233,1.0806941525210174,1,0,1,1,0.19905352759775274,-0.29129881655524165,0.0,0,0,1,0,0,0,0,1,0,1,0,0,0,0,0
0.4450112484193124,-0.4007188026551802,1,1,1,0,0.05464179088042058,-1.4709447454046127,0.0,0,0,0,0,1,0,0,0,1,0,0,0,0,0,1
-0.7396800473942267,-0.9622773663568671,1,0,1,1,-1.389475576292901,0.2985241478694439,0.0,0,0,0,0,1,1,0,0,0,0,0,1,0,0,0
-1.5888719091084016,0.3233206477947315,1,0,0,0,-0.8118286294235724,0.8883471122941295,0.0,0,0,0,1,0,0,0,1,0,0,0,0,1,0,0
-0.3109637947042285,0.20145782770031534,1,0,1,0,-1.1006521028582368,0.2985241478694439,0.0,0,0,0,0,1,0,1,0,0,0,0,1,0,0,0
0.09666312298694321,1.710532789644779,1,0,0,0,0.3434652643150849,1.478170076718815,0.0,0,0,0,1,0,0,1,0,0,0,1,0,0,0,0
-1.3575220440209794,0.6674622171962581,1,0,0,0,-0.9562403661409046,-1.4709447454046127,0.0,0,0,0,0,1,0,0,1,0,0,0,0,0,0,1
-0.546753887816934,0.9887173335065575,1,0,1,0,-0.3785934192715759,-0.8811217809799272,0.0,0,0,0,1,0,0,1,0,0,0,0,0,0,1,0
-0.7385927159644131,-0.051508595054918484,1,0,1,0,-1.6782990497275654,-1.4709447454046127,0.0,0,0,0,0,1,1,0,0,0,0,0,0,0,0,1
0.4999651886566382,-1.3200904666821924,1,0,0,1,-0.9562403661409046,-0.29129881655524165,0.0,0,0,0,1,0,0,1,0,0,1,0,0,0,0,0
0.690209730206063,0.2399725819043084,1,0,1,1,0.19905352759775274,0.8883471122941295,0.0,0,0,0,1,0,0,0,1,0,0,0,0,1,0,0
-1.2528830010534946,0.8286673242618078,1,0,1,0,-0.9562403661409046,-1.4709447454046127,0.0,0,0,0,0,1,0,0,0,1,0,0,0,0,0,1
1.6331428468918112,-0.1578379354994703,1,1,0,1,0.05464179088042058,1.478170076718815,0.0,0,0,0,1,0,0,0,0,1,0,1,0,0,0,0
0.5848364763052633,0.20562135193499045,1,0,0,0,-1.6782990497275654,0.8883471122941295,0.0,0,0,0,1,0,0,0,1,0,0,0,0,1,0,0
-0.024691455562336772,0.6938743046808227,1,0,1,1,-1.2450638395755689,0.8883471122941295,0.0,0,0,0,1,0,0,1,0,0,0,0,0,1,0,0
1.3462656577905696,-1.166669339707557,0,0,0,0,-0.6674168927062403,0.8883471122941295,0.0,0,0,0,1,0,0,1,0,0,0,0,0,1,0,0
1.5842269175203627,0.8054360658509392,1,0,1,0,1.4987591580537423,-0.8811217809799272,0.0,0,0,1,0,0,1,0,0,0,0,0,0,0,1,0
-1.7080028774025005,1.3704857834139996,1,0,0,1,0.7767004744670813,-0.29129881655524165,0.0,0,0,0,1,0,1,0,0,0,1,0,0,0,0,0
0.4699779163945474,-1.436944989508811,1,0,1,0,1.0655239479017458,-0.29129881655524165,0.0,0,0,0,1,0,0,1,0,0,1,0,0,0,0,0
-1.53010007201784,-0.5525710654254451,1,0,1,1,0.19905352759775274,-1.4709447454046127,0.0,0,0,1,0,0,1,0,0,0,0,0,0,0,0,1
-0.9679357378341087,-0.8614907714255581,1,0,0,1,-0.8118286294235724,-1.4709447454046127,0.0,0,0,0,0,1,0,1,0,0,0,0,0,0,0,1
-1.3162873595090174,0.8383304933447703,0,0,1,0,-1.1006521028582368,-0.8811217809799272,0.0,0,0,0,1,0,0,0,1,0,0,0,0,0,1,0
0.43706428912681683,-1.0744166764373835,0,0,0,0,-0.08976994583691159,1.478170076718815,0.0,0,0,0,0,1,1,0,0,0,0,1,0,0,0,0
1.6969877319073223,0.6687897176768791,1,0,1,0,-0.9562403661409046,-0.8811217809799272,0.0,0,0,1,0,0,1,0,0,0,0,0,0,0,1,0
1.659053500352736,1.1101405268184301,1,0,1,0,1.35434742133641,1.478170076718815,0.0,0,0,0,1,0,0,1,0,0,0,1,0,0,0,0
-0.9246557514364843,-1.274403761829649,1,0,0,0,-1.1006521028582368,-0.29129881655524165,0.0,0,0,0,0,1,1,0,0,0,1,0,0,0,0,0
-1.201621092937979,-1.6628355745391696,1,0,1,0,-1.2450638395755689,1.478170076718815,0.0,0,0,0,0,1,1,0,0,0,0,1,0,0,0,0
1.1918366248167376,-0.7557389798914066,1,0,0,0,-0.6674168927062403,-1.4709447454046127,0.0,0,0,1,0,0,0,0,1,0,0,0,0,0,0,1
1.1607969835502294,1.5113990974186275,1,0,0,0,-0.5230051559889081,-0.8811217809799272,0.0,0,0,1,0,0,1,0,0,0,0,0,0,0,1,0
-0.9611740047625354,-0.4376388322558298,1,0,1,0,-1.389475576292901,-0.29129881655524165,0.0,0,0,0,1,0,0,1,0,0,1,0,0,0,0,0
-1.5776384818286886,1.2162974646031612,1,0,1,0,-0.6674168927062403,0.2985241478694439,0.0,0,0,1,0,0,1,0,0,0,0,0,1,0,0,0
-0.5573684801671388,-1.561936917878977,1,0,0,0,-1.389475576292901,0.8883471122941295,0.0,0,0,1,0,0,0,0,0,1,0,0,0,1,0,0
1.6396388655303753,-1.2324581946952196,0,0,1,0,1.4987591580537423,0.8883471122941295,0.0,0,0,1,0,0,0,0,1,0,0,0,0,1,0,0
0.7268153895956038,0.902084996946546,1,0,1,0,-0.6674168927062403,-0.29129881655524165,0.0,0,0,0,0,1,0,1,0,0,1,0,0,0,0,0
-0.05155308699403134,0.9615983951167271,1,0,0,0,1.0655239479017458,0.8883471122941295,0.0,0,0,1,0,0,0,1,0,0,0,0,0,1,0,0
1.1966719282489948,0.9339191480824784,1,0,1,0,1.2099356846190779,0.2985241478694439,0.0,0,0,1,0,0,0,0,1,0,0,0,1,0,0,0
0.2910192457629297,-0.28045070716410736,1,0,1,0,0.9211122111844136,-0.29129881655524165,0.0,0,0,1,0,0,0,0,1,0,1,0,0,0,0,0
0.2850266860500668,-0.23959127678654962,1,0,1,0,0.19905352759775274,-0.29129881655524165,0.0,0,0,0,1,0,0,1,0,0,1,0,0,0,0,0
-1.3040575031055202,1.5552928146090337,1,0,1,0,0.48787700103241705,1.478170076718815,0.0,0,0,1,0,0,0,0,1,0,0,1,0,0,0,0
-1.4276951280331547,-0.6508750620553332,1,0,0,0,0.6322887377497493,0.8883471122941295,0.0,0,0,0,0,1,0,0,1,0,0,0,0,1,0,0
0.4338442497478515,1.5554307367368903,1,0,1,1,0.48787700103241705,0.2985241478694439,0.0,0,0,0,1,0,0,1,0,0,0,0,1,0,0,0
-1.2079318107219448,-0.20396426713455687,1,0,1,0,0.05464179088042058,-0.29129881655524165,0.0,0,0,0,0,1,0,0,1,0,1,0,0,0,0,0
0.6472024507265268,-0.5994818291627171,0,0,1,0,-0.6674168927062403,-1.4709447454046127,0.0,0,0,0,0,1,0,1,0,0,0,0,0,0,0,1
-1.5076017512755575,-1.2448884264683078,1,0,1,1,-0.6674168927062403,-0.8811217809799272,0.0,0,0,1,0,0,1,0,0,0,0,0,0,0,1,0
-0.7119058966596982,-0.4347424675708386,1,0,0,0,-0.9562403661409046,0.8883471122941295,0.0,0,0,0,1,0,0,0,0,1,0,0,0,1,0,0
0.3879350889604533,0.9510990731336332,1,0,1,0,0.05464179088042058,-0.8811217809799272,0.0,0,0,0,1,0,1,0,0,0,0,0,0,0,1,0
1.290636942743102,-0.5888014843868112,1,0,1,0,-1.1006521028582368,1.478170076718815,0.0,0,0,1,0,0,0,0,1,0,0,1,0,0,0,0
1.689030283887208,-1.7129702680150927,1,0,0,0,1.4987591580537423,-0.8811217809799272,0.0,0,0,0,1,0,1,0,0,0,0,0,0,0,1,0
1.6028234315884584,-0.5816726344032163,0,0,1,0,-0.3785934192715759,1.478170076718815,0.0,0,0,0,1,0,1,0,0,0,0,1,0,0,0,0
-1.1837308198628804,-0.4411041257182302,1,0,0,0,0.9211122111844136,1.478170076718815,0.0,0,0,0,0,1,0,0,1,0,0,1,0,0,0,0
-1.609692033431679,-0.39116769530110135,1,0,1,0,0.9211122111844136,-0.8811217809799272,0.0,0,0,1,0,0,1,0,0,0,0,0,0,0,1,0
-0.5011069452200051,0.07784512060871665,1,0,1,0,1.0655239479017458,-0.8811217809799272,0.0,0,0,0,0,1,0,1,0,0,0,0,0,0,1,0
0.8800522038634344,0.6271544753301271,0,0,1,1,1.35434742133641,0.8883471122941295,0.0,0,0,1,0,0,0,1,0,0,0,0,0,1,0,0
0.06334742782715956,1.515631582717231,0,0,1,0,-1.6782990497275654,-0.8811217809799272,0.0,0,0,0,1,0,0,0,0,1,0,0,0,0,1,0
1.6064070801915415,-0.9979043760088598,1,0,0,0,1.2099356846190779,1.478170076718815,0.0,0,0,1,0,0,0,1,0,0,0,1,0,0,0,0
-1.6660199969870653,1.0020785396426788,1,0,0,0,-0.3785934192715759,0.2985241478694439,0.0,0,0,0,0,1,0,0,0,1,0,0,1,0,0,0
0.7408702846047687,-1.3872413026824404,1,0,0,0,-1.5338873130102333,0.8883471122941295,0.0,0,0,0,0,1,1,0,0,0,0,0,0,1,0,0
-1.345494969684779,-0.5500108859271046,1,0,1,0,-1.5338873130102333,0.8883471122941295,0.0,0,0,0,0,1,1,0,0,0,0,0,0,1,0,0
0.8622738105496031,-1.2720590856560847,1,0,0,0,-1.389475576292901,-1.4709447454046127,0.0,0,0,0,1,0,0,0,1,0,0,0,0,0,0,1
1.321064741565182,-0.680157653825916,0,0,1,0,1.4987591580537423,0.2985241478694439,0.0,0,0,0,0,1,0,1,0,0,0,0,1,0,0,0
-0.6563680839182602,0.5425651102889933,1,0,0,0,0.19905352759775274,1.478170076718815,0.0,0,0,0,1,0,0,1,0,0,0,1,0,0,0,0
-0.4793428354110374,-1.6128388031911032,1,0,1,0,0.9211122111844136,-0.29129881655524165,0.0,0,0,0,0,1,0,0,0,1,1,0,0,0,0,0
-1.5826590861155445,1.500856674770578,1,0,1,1,-0.6674168927062403,-1.4709447454046127,0.0,0,0,0,1,0,0,0,0,1,0,0,0,0,0,1
-1.4091755313009295,0.9142307643309299,1,0,1,0,1.0655239479017458,0.8883471122941295,0.0,0,0,0,1,0,0,1,0,0,0,0,0,1,0,0
0.4868263091928469,0.04701090489974539,1,0,1,1,1.6431708947710744,0.8883471122941295,0.0,0,0,1,0,0,1,0,0,0,0,0,0,1,0,0
0.23757218606016808,-0.011002590129993857,0,0,1,0,0.6322887377497493,1.478170076718815,0.0,0,0,1,0,0,0,1,0,0,0,1,0,0,0,0
1.6904462621157437,1.2859222787718387,1,0,1,0,1.35434742133641,0.2985241478694439,0.0,0,0,0,0,1,0,0,1,0,0,0,1,0,0,0
0.9655772888669634,1.6127891016593097,1,0,1,0,-1.389475576292901,-0.29129881655524165,0.0,0,0,0,1,0,0,1,0,0,1,0,0,0,0,0
1.5274724123751462,-1.3508557213272354,1,0,0,1,-0.3785934192715759,0.8883471122941295,0.0,0,0,0,0,1,0,1,0,0,0,0,0,1,0,0
-0.22305776853123677,-1.6560946305401718,0,0,1,0,-1.1006521028582368,0.8883471122941295,0.0,0,0,0,0,1,0,0,1,0,0,0,0,1,0,0
1.2442522929703188,0.5246697141995822,1,0,0,0,1.4987591580537423,0.8883471122941295,0.0,0,0,0,0,1,0,0,1,0,0,0,0,1,0,0
-0.4410694683301105,-0.4659387288654335,0,0,0,1,0.3434652643150849,-0.8811217809799272,0.0,0,0,1,0,0,0,0,0,1,0,0,0,0,1,0
0.725360952699133,-0.5943959506979999,0,0,1,1,1.2099356846190779,-1.4709447454046127,0.0,0,0,0,1,0,0,0,1,0,0,0,0,0,0,1
-0.17246364274078346,-0.8641199119878272,1,0,0,0,1.4987591580537423,0.8883471122941295,0.0,0,0,0,1,0,1,0,0,0,0,0,0,1,0,0
-1.0745711352917013,-0.3300250919956127,1,0,0,0,0.9211122111844136,0.8883471122941295,0.0,0,0,1,0,0,0,1,0,0,0,0,0,1,0,0
1.3771234944450192,-0.7357833720171356,1,0,0,0,-1.2450638395755689,1.478170076718815,0.0,0,0,0,0,1,0,0,0,1,0,1,0,0,0,0
-1.684948654096423,-1.5827286786533799,0,0,0,0,-1.1006521028582368,-0.29129881655524165,0.0,0,0,0,0,1,0,1,0,0,1,0,0,0,0,0
0.49490262945930735,1.0100263022604232,1,0,0,0,0.7767004744670813,1.478170076718815,0.0,0,0,1,0,0,0,0,1,0,0,1,0,0,0,0
0.7301892636463114,0.9292987567992781,1,0,1,1,0.7767004744670813,-0.8811217809799272,0.0,0,0,1,0,0,1,0,0,0,0,0,0,0,1,0
-0.6795971193513175,-1.475192519590082,0,0,0,1,1.4987591580537423,1.478170076718815,0.0,0,0,0,1,0,0,1,0,0,0,1,0,0,0,0
0.05645983002416101,1.17673105417426,0,0,1,0,1.0655239479017458,1.478170076718815,0.0,0,0,0,1,0,0,0,1,0,0,1,0,0,0,0
-0.4987539739908589,-0.3563854586822311,1,0,1,0,0.05464179088042058,-0.8811217809799272,0.0,0,0,0,1,0,0,0,0,1,0,0,0,0,1,0
0.7123794041496234,-1.3908014176077423,1,0,0,1,1.35434742133641,-0.29129881655524165,0.0,0,0,0,1,0,0,1,0,0,1,0,0,0,0,0
0.20646611618540756,0.299020492892973,0,0,1,0,0.48787700103241705,-0.29129881655524165,0.0,0,0,0,1,0,1,0,0,0,1,0,0,0,0,0
-0.527209892020608,-1.1314474763061435,1,0,1,0,-1.6782990497275654,-0.29129881655524165,0.0,0,0,0,1,0,0,0,0,1,1,0,0,0,0,0
0.2762441247906087,-1.5867801411591713,1,0,1,0,1.4987591580537423,-0.29129881655524165,0.0,0,0,0,1,0,0,0,1,0,1,0,0,0,0,0
-1.660377061528162,0.28596099141153836,1,0,1,0,1.2099356846190779,1.478170076718815,0.0,0,0,0,0,1,0,1,0,0,0,1,0,0,0,0
-0.9342564334502073,-1.4145067833331186,1,1,1,0,1.35434742133641,0.8883471122941295,0.0,0,0,0,1,0,1,0,0,0,0,0,0,1,0,0
1.0025605424507804,-1.6634993247794803,0,1,0,1,-0.6674168927062403,0.2985241478694439,0.0,0,0,0,1,0,0,0,1,0,0,0,1,0,0,0
-1.2893767806817684,0.23066283827397863,0,0,1,0,0.48787700103241705,-0.29129881655524165,0.0,0,0,1,0,0,1,0,0,0,1,0,0,0,0,0
0.4171881502892297,-1.3009192909101064,1,0,1,0,-1.6782990497275654,0.2985241478694439,0.0,0,0,1,0,0,0,1,0,0,0,0,1,0,0,0
-0.5843349988750213,1.6426320020743106,1,0,0,0,1.2099356846190779,0.8883471122941295,0.0,0,0,1,0,0,1,0,0,0,0,0,0,1,0,0
1.5138650364110495,-0.9787159599707916,1,0,1,0,0.48787700103241705,-0.8811217809799272,0.0,0,0,0,0,1,0,0,0,1,0,0,0,0,1,0
-1.421901854145049,-0.4250706783548849,1,0,0,1,1.2099356846190779,0.2985241478694439,0.0,0,0,0,0,1,0,0,1,0,0,0,1,0,0,0
0.9048405634691504,-0.47401579347804385,0,0,0,0,-1.389475576292901,0.8883471122941295,0.0,0,0,1,0,0,0,0,0,1,0,0,0,1,0,0
0.5262744137670771,0.5106964786210967,1,0,1,0,0.19905352759775274,1.478170076718815,0.0,0,0,1,0,0,0,0,0,1,0,1,0,0,0,0
0.3333832166151806,0.5781921199409865,1,0,0,0,1.35434742133641,0.2985241478694439,0.0,0,0,0,0,1,0,1,0,0,0,0,1,0,0,0
-0.45614876240337604,-1.0942688427157625,1,0,1,0,-0.3785934192715759,-0.8811217809799272,0.0,0,0,1,0,0,1,0,0,0,0,0,0,0,1,0
-0.5658818307510485,-0.9424941611424167,0,0,1,0,0.3434652643150849,0.8883471122941295,0.0,0,0,0,0,1,0,0,0,1,0,0,0,1,0,0
-1.4942775709571676,-1.1849181612496014,1,0,1,0,-0.23418168255424376,-0.8811217809799272,0.0,0,0,0,1,0,0,1,0,0,0,0,0,0,1,0
1.051063915202557,1.4864610526755315,0,0,1,0,-0.6674168927062403,1.478170076718815,0.0,0,0,1,0,0,0,0,1,0,0,1,0,0,0,0
-0.6415999554310184,-0.19405111419485405,1,0,1,0,1.2099356846190779,-1.4709447454046127,0.0,0,0,1,0,0,0,1,0,0,0,0,0,0,0,1
-0.43578664585278515,1.0340333726404858,1,0,1,0,-0.8118286294235724,0.2985241478694439,0.0,0,0,0,0,1,0,0,0,1,0,0,1,0,0,0
-0.397146173305201,1.5044081695628888,1,0,1,0,1.6431708947710744,0.2985241478694439,0.0,0,0,0,1,0,0,0,1,0,0,0,1,0,0,0
0.5145165501064254,-0.341912255390265,1,0,0,1,-0.8118286294235724,0.2985241478694439,0.0,0,0,1,0,0,1,0,0,0,0,0,1,0,0,0
-0.11920887637769954,1.0185343735225856,1,0,1,0,0.6322887377497493,-0.29129881655524165,0.0,0,0,0,1,0,0,1,0,0,1,0,0,0,0,0
-1.5398475962182256,-1.1647211896515806,1,1,1,1,-1.1006521028582368,-1.4709447454046127,0.0,0,0,0,1,0,1,0,0,0,0,0,0,0,0,1
-1.5187337875216225,1.2031517617918162,1,0,1,0,1.4987591580537423,-1.4709447454046127,0.0,0,0,1,0,0,0,0,1,0,0,0,0,0,0,1
-0.837518898622203,1.4924865256362725,1,0,1,0,-0.3785934192715759,-0.8811217809799272,0.0,0,0,0,0,1,0,0,1,0,0,0,0,0,1,0
-1.5570526057555638,1.441550159792182,0,0,1,0,-1.2450638395755689,0.2985241478694439,0.0,0,0,0,1,0,0,0,0,1,0,0,1,0,0,0
-0.4986525829572107,1.134070016001574,1,0,1,0,-0.3785934192715759,-0.29129881655524165,0.0,0,0,0,1,0,0,0,0,1,1,0,0,0,0,0
-0.9977621829393784,0.06024280904100081,1,0,1,0,0.6322887377497493,-0.29129881655524165,0.0,0,0,0,1,0,0,0,0,1,1,0,0,0,0,0
-0.3264171867292306,-0.4356389614019074,1,0,1,1,-0.6674168927062403,-1.4709447454046127,0.0,0,0,0,0,1,0,0,1,0,0,0,0,0,0,1
0.8639100520581325,1.173532984834582,1,0,1,0,-1.1006521028582368,-0.29129881655524165,0.0,0,0,0,0,1,1,0,0,0,1,0,0,0,0,0
-1.1126766827307277,-0.08167044039058838,1,0,1,1,1.0655239479017458,-0.29129881655524165,0.0,0,0,0,0,1,1,0,0,0,1,0,0,0,0,0
0.3854982079103567,-0.9413304431886256,0,0,1,0,1.35434742133641,-1.4709447454046127,0.0,0,0,1,0,0,0,0,0,1,0,0,0,0,0,1
-1.50972746673963,0.9817953667147479,0,0,1,1,-0.6674168927062403,1.478170076718815,0.0,0,0,0,1,0,0,1,0,0,0,1,0,0,0,0
-0.6022707231031345,1.647019649766753,1,0,1,0,1.6431708947710744,1.478170076718815,0.0,0,0,1,0,0,0,0,0,1,0,1,0,0,0,0
1.1545946492849912,-0.006701143767461736,0,0,1,0,-1.6782990497275654,1.478170076718815,0.0,0,0,0,1,0,0,0,0,1,0,1,0,0,0,0
1.1478643823962742,-0.08820450119780114,1,0,0,1,0.7767004744670813,-1.4709447454046127,0.0,0,0,0,0,1,0,0,0,1,0,0,0,0,0,1
-0.724163723003512,-0.9470542114946799,1,0,1,1,1.0655239479017458,-0.8811217809799272,0.0,0,0,1,0,0,0,1,0,0,0,0,0,0,1,0
0.7148897062930515,-1.1639884783473418,1,0,1,0,-0.08976994583691159,1.478170076718815,0.0,0,0,0,1,0,1,0,0,0,0,1,0,0,0,0
1.0839740462277478,-1.6998073249377654,0,0,1,0,1.35434742133641,-0.29129881655524165,0.0,0,0,0,0,1,0,0,1,0,1,0,0,0,0,0
-1.0956255078651318,1.1445003769207398,1,0,0,0,-0.9562403661409046,1.478170076718815,0.0,0,0,1,0,0,1,0,0,0,0,1,0,0,0,0
-0.21161107045660837,0.3678694950924567,0,0,0,0,-0.6674168927062403,0.8883471122941295,0.0,0,0,0,0,1,0,0,1,0,0,0,0,1,0,0
0.8456876359417728,-0.6278420667032583,1,0,1,0,0.6322887377497493,-0.8811217809799272,0.0,0,0,0,1,0,0,0,1,0,0,0,0,0,1,0
-0.1227890287382429,1.481107950088092,1,0,1,0,-0.9562403661409046,0.2985241478694439,0.0,0,0,1,0,0,0,0,1,0,0,0,1,0,0,0
0.7653579673520795,1.0960379892450793,1,0,1,0,-1.6782990497275654,0.2985241478694439,0.0,0,0,0,1,0,0,0,1,0,0,0,1,0,0,0
-1.7008355801963344,1.3708219686006506,1,0,1,0,1.35434742133641,-0.8811217809799272,0.0,0,0,0,0,1,0,0,0,1,0,0,0,0,1,0
0.38099854376190034,0.6892452932646311,1,0,1,1,-1.2450638395755689,-0.8811217809799272,0.0,0,0,0,0,1,1,0,0,0,0,0,0,0,1,0
1.5723327004006664,-0.3747980627511049,1,0,1,0,-1.1006521028582368,1.478170076718815,0.0,0,0,0,0,1,0,0,0,1,0,1,0,0,0,0
0.11762309701180441,-1.2768863601310703,1,0,0,1,0.6322887377497493,-0.8811217809799272,0.0,0,0,0,0,1,1,0,0,0,0,0,0,0,1,0
-0.9051222443677771,-0.4510086585249422,1,0,0,1,0.19905352759775274,0.8883471122941295,0.0,0,0,0,1,0,1,0,0,0,0,0,0,1,0,0
0.2994731602236659,0.06432013194576555,1,0,0,0,0.19905352759775274,-1.4709447454046127,0.0,0,0,0,1,0,0,1,0,0,0,0,0,0,0,1
0.9134692900568662,0.09320619759876024,1,0,1,1,0.3434652643150849,0.8883471122941295,0.0,0,0,0,1,0,0,0,1,0,0,0,0,1,0,0
-0.7205765781578894,-1.3860431041966847,0,0,1,0,1.35434742133641,-0.29129881655524165,0.0,0,0,0,1,0,0,1,0,0,1,0,0,0,0,0
0.28465958058340946,0.02606398173150363,1,0,1,0,1.0655239479017458,-1.4709447454046127,0.0,0,0,1,0,0,0,0,0,1,0,0,0,0,0,1
-1.2567568377873637,-0.3876765414397276,1,0,1,0,-1.1006521028582368,-0.29129881655524165,0.0,0,0,0,0,1,0,0,1,0,1,0,0,0,0,0
-1.7193202145031636,0.1270574598545976,0,0,1,0,-1.1006521028582368,-1.4709447454046127,0.0,0,0,1,0,0,0,1,0,0,0,0,0,0,0,1
-0.7671640099979689,-0.005201240627019933,1,0,0,0,0.6322887377497493,-0.8811217809799272,0.0,0,0,0,0,1,0,0,0,1,0,0,0,0,1,0
-1.1961599620911345,-1.0635380686026836,1,0,0,1,0.9211122111844136,-1.4709447454046127,0.0,0,0,0,1,0,0,0,1,0,0,0,0,0,0,1
-0.41831592188243794,-1.01142074453882,1,0,1,0,1.4987591580537423,1.478170076718815,0.0,0,0,0,1,0,1,0,0,0,0,1,0,0,0,0
1.1660763097850153,-0.6149635880146356,0,1,1,0,-0.23418168255424376,-0.8811217809799272,0.0,0,0,1,0,0,0,0,1,0,0,0,0,0,1,0
1.6636300818370635,-0.6164031502241403,0,0,1,0,0.48787700103241705,0.2985241478694439,0.0,0,0,0,1,0,1,0,0,0,0,0,1,0,0,0
0.23119853591048983,1.0242581418286403,1,0,1,0,-0.08976994583691159,0.2985241478694439,0.0,0,0,0,1,0,0,1,0,0,0,0,1,0,0,0
-1.4869634315643387,-0.5349515135917475,1,0,1,1,0.48787700103241705,-0.29129881655524165,0.0,0,0,0,0,1,0,1,0,0,1,0,0,0,0,0
0.9975119682236078,-0.40077052345312636,1,0,1,0,-0.3785934192715759,0.8883471122941295,0.0,0,0,1,0,0,0,1,0,0,0,0,0,1,0,0
0.910497483898212,-1.6748261795297144,1,0,0,0,-0.23418168255424376,0.2985241478694439,0.0,0,0,0,0,1,1,0,0,0,0,0,1,0,0,0
1.5946212465905731,-1.5565924354245286,1,0,0,0,-0.8118286294235724,-0.8811217809799272,0.0,0,0,0,1,0,0,1,0,0,0,0,0,0,1,0
-1.5913682262816713,0.4237710575393895,1,0,1,0,-0.23418168255424376,-1.4709447454046127,0.0,0,0,0,1,0,0,0,0,1,0,0,0,0,0,1
-0.9773511189932331,1.3185408620099568,1,1,1,0,-0.3785934192715759,1.478170076718815,0.0,0,0,1,0,0,0,1,0,0,0,1,0,0,0,0
-0.11108011247314534,1.4406278055621402,1,0,1,0,-0.08976994583691159,1.478170076718815,0.0,0,0,0,1,0,0,1,0,0,0,1,0,0,0,0
0.6155929219260647,-0.5493643759527762,1,1,1,0,-0.08976994583691159,1.478170076718815,0.0,0,0,0,1,0,0,0,0,1,0,1,0,0,0,0
-0.6808662553931897,1.0228444400181085,1,0,0,0,-1.6782990497275654,0.8883471122941295,0.0,0,0,0,1,0,0,0,1,0,0,0,0,1,0,0
-0.7247580842352428,-1.2161661433421427,1,0,1,1,0.48787700103241705,-1.4709447454046127,0.0,0,0,0,1,0,0,0,1,0,0,0,0,0,0,1
0.2620983274754146,1.1048477651619284,1,0,1,0,-0.5230051559889081,-1.4709447454046127,0.0,0,0,0,0,1,0,0,0,1,0,0,0,0,0,1
-1.3776918672318927,-0.7891764757636737,1,0,0,0,-0.3785934192715759,-1.4709447454046127,0.0,0,0,1,0,0,0,0,1,0,0,0,0,0,0,1
-0.3576770912757334,1.5419143682069298,1,0,1,0,0.7767004744670813,-0.8811217809799272,0.0,0,0,1,0,0,0,0,1,0,0,0,0,0,1,0
0.5697886484148541,-1.5761687574471939,1,0,1,0,0.19905352759775274,-1.4709447454046127,0.0,0,0,0,1,0,0,0,0,1,0,0,0,0,0,1
1.3781164273262638,-1.310039391614633,1,0,0,0,0.7767004744670813,1.478170076718815,0.0,0,0,0,1,0,1,0,0,0,0,1,0,0,0,0
-1.2039985378649023,-1.4216011527847492,1,0,1,0,-0.3785934192715759,-0.29129881655524165,0.0,0,0,1,0,0,0,0,0,1,1,0,0,0,0,0
0.14422950273810883,0.15848646473995107,1,0,0,0,1.2099356846190779,0.2985241478694439,0.0,0,0,0,1,0,0,0,0,1,0,0,1,0,0,0
-0.12945636326124738,0.09415441222777561,1,0,0,0,0.6322887377497493,0.2985241478694439,0.0,0,0,0,1,0,0,0,1,0,0,0,1,0,0,0
-1.3950612001685918,0.7108042458752368,1,0,1,0,-0.9562403661409046,-0.8811217809799272,0.0,0,0,0,1,0,1,0,0,0,0,0,0,0,1,0
-0.31798774596627133,0.02730528088221429,1,0,0,0,1.2099356846190779,-0.29129881655524165,0.0,0,0,0,0,1,0,0,1,0,1,0,0,0,0,0
-1.6640551086798139,-1.117293217934846,0,0,1,0,1.0655239479017458,-0.29129881655524165,0.0,0,0,0,0,1,0,1,0,0,1,0,0,0,0,0
0.7283991874660397,0.5597622756061302,1,0,1,0,-0.5230051559889081,-0.29129881655524165,0.0,0,0,1,0,0,0,1,0,0,1,0,0,0,0,0
1.6554908292048909,0.22920603579849183,0,1,1,0,0.6322887377497493,1.478170076718815,0.0,0,0,0,0,1,0,0,0,1,0,1,0,0,0,0
-1.0272669737310054,1.0069661550486018,1,0,1,0,-0.5230051559889081,0.2985241478694439,0.0,0,0,0,1,0,0,0,0,1,0,0,1,0,0,0
-0.3916430875478814,1.7297298258158387,1,0,1,1,1.4987591580537423,-0.8811217809799272,0.0,0,0,1,0,0,0,1,0,0,0,0,0,0,1,0
-0.8905534017052922,-0.3972966098577351,0,0,1,0,1.0655239479017458,0.8883471122941295,0.0,0,0,0,0,1,0,1,0,0,0,0,0,1,0,0
0.33334825418978453,0.03874419736133222,1,0,0,0,1.6431708947710744,-0.29129881655524165,0.0,0,0,0,0,1,1,0,0,0,1,0,0,0,0,0
-0.6029804603386718,-1.4595211178123604,1,0,1,0,0.7767004744670813,-1.4709447454046127,0.0,0,0,0,1,0,0,0,1,0,0,0,0,0,0,1
1.654064362248737,1.659346439943949,1,0,1,0,1.2099356846190779,0.8883471122941295,0.0,0,0,0,0,1,0,1,0,0,0,0,0,1,0,0
1.281382388740799,-1.3283054534226593,1,0,0,1,0.05464179088042058,0.2985241478694439,0.0,0,0,0,1,0,0,1,0,0,0,0,1,0,0,0
-1.317406157121687,1.4028543827953772,1,0,0,0,0.3434652643150849,0.2985241478694439,0.0,0,0,0,0,1,1,0,0,0,0,0,1,0,0,0
-0.39652733837569304,-1.0988633735999898,1,0,0,0,-0.08976994583691159,-1.4709447454046127,0.0,0,0,1,0,0,0,0,0,1,0,0,0,0,0,1
1.745449149748624,-1.2986866764654255,0,0,1,1,0.3434652643150849,0.8883471122941295,0.0,0,0,0,1,0,0,0,0,1,0,0,0,1,0,0
-1.3788770934528147,-0.21773923965424827,1,0,1,0,-0.08976994583691159,1.478170076718815,0.0,0,0,0,1,0,0,0,1,0,0,1,0,0,0,0
1.2506294393625375,-0.012080106753874598,0,0,1,0,-0.6674168927062403,-1.4709447454046127,0.0,0,0,1,0,0,0,0,0,1,0,0,0,0,0,1
0.28503367853514583,0.5464355500019732,0,0,0,0,-0.3785934192715759,-0.29129881655524165,0.0,0,0,1,0,0,0,0,1,0,1,0,0,0,0,0
-0.3577225424287481,1.021827264325165,0,0,0,0,1.0655239479017458,1.478170076718815,0.0,0,0,1,0,0,1,0,0,0,0,1,0,0,0,0
0.27520574075634946,-0.09598848128871577,1,0,0,0,-0.3785934192715759,-0.8811217809799272,0.0,0,0,0,0,1,1,0,0,0,0,0,0,0,1,0
-1.5314146592127267,-0.6288592423962015,1,0,0,1,-0.9562403661409046,0.2985241478694439,0.0,0,0,0,1,0,0,0,0,1,0,0,1,0,0,0
1.4288119441503653,-0.5272795952297166,1,0,1,0,-0.8118286294235724,0.2985241478694439,0.0,0,0,0,0,1,0,1,0,0,0,0,1,0,0,0
-0.6957392711566192,-0.32346517078942666,1,0,1,0,0.19905352759775274,0.2985241478694439,0.0,0,0,0,1,0,0,0,0,1,0,0,1,0,0,0
0.30098703324330967,0.5581589308697955,1,0,1,0,-1.5338873130102333,0.8883471122941295,0.0,0,0,1,0,0,0,1,0,0,0,0,0,1,0,0
0.14184856156864573,0.01432336059769917,1,1,1,0,-0.08976994583691159,-1.4709447454046127,0.0,0,0,0,0,1,0,1,0,0,0,0,0,0,0,1
0.7623302213127915,0.04931248040835472,1,0,0,0,0.05464179088042058,-0.8811217809799272,0.0,0,0,1,0,0,0,0,1,0,0,0,0,0,1,0
-1.5845855157548603,0.15323680374840437,0,0,1,1,-1.1006521028582368,-0.8811217809799272,0.0,0,0,0,1,0,0,1,0,0,0,0,0,0,1,0
-1.6010073669633296,-0.87197285314267,1,0,1,1,-0.08976994583691159,0.2985241478694439,0.0,0,0,1,0,0,1,0,0,0,0,0,1,0,0,0
-0.15239870680605794,-0.49890211742319335,1,0,0,0,-0.3785934192715759,-0.29129881655524165,0.0,0,0,1,0,0,1,0,0,0,1,0,0,0,0,0
-0.8795821926160489,1.4624884628274324,1,0,1,0,0.19905352759775274,1.478170076718815,0.0,0,0,0,1,0,0,1,0,0,0,1,0,0,0,0
-1.3716538563660152,-0.5228316066063367,1,0,0,1,-0.08976994583691159,0.2985241478694439,0.0,0,0,0,1,0,0,1,0,0,0,0,1,0,0,0
0.47449855799824153,1.0734360005425567,1,0,0,1,-1.2450638395755689,0.8883471122941295,0.0,0,0,0,0,1,0,0,0,1,0,0,0,1,0,0
-1.0679947030747268,-1.0965531779583895,1,0,0,0,0.3434652643150849,-0.29129881655524165,0.0,0,0,1,0,0,0,0,0,1,1,0,0,0,0,0
-0.09289265878218164,1.3882260171095722,1,0,0,0,1.2099356846190779,0.2985241478694439,0.0,0,0,0,1,0,0,0,0,1,0,0,1,0,0,0
-0.8496333790218933,-1.3667598666957153,0,0,0,0,0.3434652643150849,1.478170076718815,0.0,0,0,0,1,0,0,1,0,0,0,1,0,0,0,0
-1.3120499135510304,-0.7607300368932222,0,0,0,1,0.9211122111844136,0.8883471122941295,0.0,0,0,0,1,0,0,1,0,0,0,0,0,1,0,0
0.30458117057401174,1.6647167827973703,1,0,1,1,-1.5338873130102333,-0.8811217809799272,0.0,0,0,0,1,0,0,0,0,1,0,0,0,0,1,0
0.159826240707234,1.395492789221024,1,0,1,0,-1.6782990497275654,0.2985241478694439,0.0,0,0,0,1,0,0,0,1,0,0,0,1,0,0,0
1.0065287777332186,1.6895341456785915,1,0,1,0,0.05464179088042058,1.478170076718815,0.0,0,0,0,1,0,0,0,0,1,0,1,0,0,0,0
0.5681174444809286,1.636908233768256,1,0,1,0,1.6431708947710744,0.2985241478694439,0.0,0,0,1,0,0,0,0,1,0,0,0,1,0,0,0
0.9873868498289458,1.1095371175090571,1,0,1,1,-0.6674168927062403,-1.4709447454046127,0.0,0,0,0,0,1,0,1,0,0,0,0,0,0,0,1
1.1296384700373745,-1.470908313493532,1,0,1,0,-0.6674168927062403,0.8883471122941295,0.0,0,0,0,0,1,0,0,1,0,0,0,0,1,0,0
0.061564344131967215,-1.1935986351715846,0,0,1,1,0.3434652643150849,1.478170076718815,0.0,0,0,0,0,1,0,0,0,1,0,1,0,0,0,0
-0.8939727269090144,1.2921460147913741,1,0,1,0,1.2099356846190779,-1.4709447454046127,0.0,0,0,0,0,1,0,0,0,1,0,0,0,0,0,1
1.1885851192549162,0.048760791896927495,0,0,1,1,-1.5338873130102333,-0.8811217809799272,0.0,0,0,0,0,1,1,0,0,0,0,0,0,0,1,0
-1.2289302434147413,1.310446557131365,0,0,1,0,1.35434742133641,-0.8811217809799272,0.0,0,0,0,1,0,1,0,0,0,0,0,0,0,1,0
-1.386068864356758,0.8251072093365057,1,0,0,0,0.7767004744670813,0.8883471122941295,0.0,0,0,0,0,1,1,0,0,0,0,0,0,1,0,0
-1.54591357702442,-1.6335529827685866,1,0,1,0,0.7767004744670813,0.8883471122941295,0.0,0,0,0,1,0,0,0,1,0,0,0,0,1,0,0
1.3367943367508115,-0.10537580611596468,0,0,1,1,1.4987591580537423,-1.4709447454046127,0.0,0,0,1,0,0,0,0,1,0,0,0,0,0,0,1
1.1775684590126578,-0.05156893598585594,1,0,0,0,-1.389475576292901,0.8883471122941295,0.0,0,0,1,0,0,0,1,0,0,0,0,0,1,0,0
1.5697000297683525,0.5753474760539412,1,0,0,0,0.6322887377497493,1.478170076718815,0.0,0,0,0,0,1,0,1,0,0,0,1,0,0,0,0
-0.622919531541972,-1.4015421033145854,0,0,0,0,-0.23418168255424376,1.478170076718815,0.0,0,0,1,0,0,1,0,0,0,0,1,0,0,0,0
-0.7618357363676288,-1.2479658139461114,1,0,1,0,0.9211122111844136,0.8883471122941295,0.0,0,0,0,1,0,0,0,0,1,0,0,0,1,0,0
-1.6238553119595713,-1.2983160107468104,1,0,1,1,0.6322887377497493,-1.4709447454046127,0.0,0,0,1,0,0,0,1,0,0,0,0,0,0,0,1
-1.668705111257473,-0.8495432670999685,1,0,1,0,-0.23418168255424376,0.8883471122941295,0.0,0,0,0,0,1,1,0,0,0,0,0,0,1,0,0
-0.17115255178843602,1.0714275095556431,0,0,1,1,0.3434652643150849,-0.8811217809799272,0.0,0,0,0,0,1,0,1,0,0,0,0,0,0,1,0
1.2169571274637148,-0.7804098005117803,0,0,0,1,0.6322887377497493,-0.8811217809799272,0.0,0,0,0,0,1,0,1,0,0,0,0,0,0,1,0
0.14354423920034856,-0.2121361532100684,1,0,1,0,0.9211122111844136,-0.8811217809799272,0.0,0,0,0,1,0,0,0,1,0,0,0,0,0,1,0
-1.6932487338854172,0.46114795418856475,0,0,1,0,0.19905352759775274,-0.8811217809799272,0.0,0,0,0,1,0,0,1,0,0,0,0,0,0,1,0
0.4368964694849165,1.6786124371789362,1,0,1,0,0.48787700103241705,-0.8811217809799272,0.0,0,0,0,1,0,0,0,1,0,0,0,0,0,1,0
0.49004984481435193,0.34963791381639453,0,0,0,0,0.05464179088042058,-0.8811217809799272,0.0,0,0,0,1,0,0,0,1,0,0,0,0,0,1,0
0.7543308183822025,1.2436060459187943,0,0,1,1,-0.8118286294235724,0.2985241478694439,0.0,0,0,0,0,1,0,0,1,0,0,0,1,0,0,0
-0.10733913295578067,1.1113214850382043,1,0,0,0,0.48787700103241705,-1.4709447454046127,0.0,0,0,1,0,0,0,1,0,0,0,0,0,0,0,1
1.4207566013391424,1.1954798434297849,1,1,0,0,0.3434652643150849,1.478170076718815,0.0,0,0,0,1,0,0,0,1,0,0,1,0,0,0,0
-1.456895745723837,-0.21230855586988917,1,0,1,0,0.05464179088042058,-0.29129881655524165,0.0,0,0,1,0,0,0,1,0,0,1,0,0,0,0,0
1.1945007616319079,-1.0664689138196393,1,0,1,1,-0.8118286294235724,-0.8811217809799272,0.0,0,0,1,0,0,0,0,0,1,0,0,0,0,1,0
-1.6441335186892119,-1.6462159581324332,1,0,1,0,-1.5338873130102333,0.8883471122941295,0.0,0,0,1,0,0,0,0,1,0,0,0,0,1,0,0
0.39761618455258674,0.5461855661452328,1,0,1,0,0.9211122111844136,-0.29129881655524165,0.0,0,0,0,0,1,1,0,0,0,1,0,0,0,0,0
-0.6758806135317298,0.6341195427868922,0,0,1,0,0.48787700103241705,-0.29129881655524165,0.0,0,0,1,0,0,0,0,0,1,1,0,0,0,0,0
-1.4205907631927015,0.45538108521755494,1,0,1,0,0.48787700103241705,0.2985241478694439,0.0,0,0,1,0,0,0,0,0,1,0,0,1,0,0,0
-0.022198634631607095,-0.5684148698629876,1,0,1,0,-1.389475576292901,-0.29129881655524165,0.0,0,0,0,0,1,0,1,0,0,1,0,0,0,0,0
1.337570502594601,-1.5223963678490493,1,0,0,1,0.3434652643150849,0.8883471122941295,0.0,0,0,0,1,0,0,0,0,1,0,0,0,1,0,0
-0.24276958396946297,-1.0047746220027234,1,0,0,0,1.0655239479017458,0.2985241478694439,0.0,0,0,1,0,0,0,0,1,0,0,0,1,0,0,0
-1.4344883272875846,-0.6916655313689622,1,1,1,0,0.48787700103241705,0.2985241478694439,0.0,0,0,0,1,0,0,0,0,1,0,0,1,0,0,0
-0.7550635145684368,0.7453623590363401,1,0,1,0,-0.8118286294235724,-0.8811217809799272,0.0,0,0,0,1,0,0,0,0,1,0,0,0,0,1,0
-1.5090212257466322,0.8457438077170697,1,0,1,0,-0.3785934192715759,-1.4709447454046127,0.0,0,0,1,0,0,1,0,0,0,0,0,0,0,0,1
1.7039522470461919,-1.5759273937234446,1,0,1,0,-1.2450638395755689,1.478170076718815,0.0,0,0,0,0,1,1,0,0,0,0,1,0,0,0,0
1.4468770293524436,0.7695332119432328,1,1,0,0,-0.6674168927062403,0.2985241478694439,0.0,0,0,0,1,0,0,0,1,0,0,0,1,0,0,0
-0.05538496881742551,-0.3930296440271671,1,0,1,1,-1.1006521028582368,0.2985241478694439,0.0,0,0,0,1,0,0,0,0,1,0,0,1,0,0,0
-0.29294416065516515,-1.392827148860638,0,0,0,0,-1.1006521028582368,-1.4709447454046127,0.0,0,0,1,0,0,0,0,1,0,0,0,0,0,0,1
-1.2782377519506245,-1.2080201176656042,1,0,0,1,-1.1006521028582368,-1.4709447454046127,0.0,0,0,0,0,1,0,1,0,0,0,0,0,0,0,1
1.3888988393183694,1.4736773954498106,1,0,1,1,1.6431708947710744,1.478170076718815,0.0,0,0,1,0,0,0,0,0,1,0,1,0,0,0,0
0.7903561015101709,1.3041711003138832,1,0,1,1,0.7767004744670813,0.2985241478694439,0.0,0,0,1,0,0,0,1,0,0,0,0,1,0,0,0
-0.1289808742758625,-1.6340701907480493,1,0,1,0,0.19905352759775274,-0.29129881655524165,0.0,0,0,0,1,0,0,0,1,0,1,0,0,0,0,0
-0.5009461180631838,-1.5612386871067023,1,0,1,0,1.0655239479017458,-1.4709447454046127,0.0,0,0,0,1,0,1,0,0,0,0,0,0,0,0,1
-0.7757857441006056,-1.0973117496616016,1,0,1,0,-0.9562403661409046,0.2985241478694439,0.0,0,0,0,1,0,0,0,0,1,0,0,1,0,0,0
0.7345350931230256,0.17154596622138574,1,0,1,0,-1.5338873130102333,0.2985241478694439,0.0,0,0,0,0,1,0,0,0,1,0,0,1,0,0,0
1.2435949993728757,-1.1506703728761758,1,0,1,0,0.19905352759775274,1.478170076718815,0.0,0,0,0,1,0,0,0,1,0,0,1,0,0,0,0
1.5043657454309747,0.7623871216936557,1,0,1,0,1.0655239479017458,0.2985241478694439,0.0,0,0,0,1,0,0,0,0,1,0,0,1,0,0,0
-0.9028322055043436,1.146853673227295,1,0,1,0,0.6322887377497493,-1.4709447454046127,0.0,0,0,0,1,0,0,0,0,1,0,0,0,0,0,1
0.5120027517204577,1.215021684920486,1,0,1,0,-0.23418168255424376,0.2985241478694439,0.0,0,0,1,0,0,0,0,0,1,0,0,1,0,0,0
-1.6457872414104393,0.05382943009566259,1,0,1,1,1.35434742133641,-0.8811217809799272,0.0,0,0,0,0,1,1,0,0,0,0,0,0,0,1,0
0.7300529101872671,0.8991455315965995,1,0,0,0,-0.6674168927062403,-0.8811217809799272,0.0,0,0,0,0,1,0,0,0,1,0,0,0,0,1,0
-0.5152247725948824,0.9786231577740427,1,0,0,0,-0.08976994583691159,-0.29129881655524165,0.0,0,0,1,0,0,0,1,0,0,1,0,0,0,0,0
0.07416130600212145,-0.891687097293192,1,0,1,0,-0.08976994583691159,0.2985241478694439,0.0,0,0,1,0,0,1,0,0,0,0,0,1,0,0,0
-0.4935480688494045,-1.670602314364102,1,0,0,1,0.6322887377497493,1.478170076718815,0.0,0,0,0,1,0,0,1,0,0,0,1,0,0,0,0
0.09272635388736118,1.3981908908472216,1,0,1,0,0.7767004744670813,-1.4709447454046127,0.0,0,0,1,0,0,0,0,0,1,0,0,0,0,0,1
-0.7649648734405646,0.01638357238255904,1,0,1,0,-0.8118286294235724,1.478170076718815,0.0,0,0,0,1,0,0,0,0,1,0,1,0,0,0,0
-0.6274856242986807,0.10857589472179546,1,0,0,0,-1.389475576292901,-0.8811217809799272,0.0,0,0,0,0,1,0,1,0,0,0,0,0,0,1,0
1.134543698320424,0.8439594401879235,1,0,1,0,0.3434652643150849,-0.29129881655524165,0.0,0,0,0,0,1,0,0,1,0,1,0,0,0,0,0
0.5263723085581858,-1.5108798701730122,0,0,1,0,-1.2450638395755689,-1.4709447454046127,0.0,0,0,0,0,1,0,0,0,1,0,0,0,0,0,1
-0.5722170222327913,0.5625465785622381,1,0,1,1,-0.8118286294235724,-0.29129881655524165,0.0,0,0,0,0,1,0,0,1,0,1,0,0,0,0,0
1.5896076347887964,-0.788840290577023,1,0,1,0,-0.3785934192715759,0.2985241478694439,0.0,0,0,1,0,0,0,1,0,0,0,0,1,0,0,0
1.405764713329367,1.5295358572317883,1,0,1,0,-0.9562403661409046,1.478170076718815,0.0,0,0,0,1,0,0,0,1,0,0,1,0,0,0,0
1.476095128255824,-1.5085696745314117,0,0,1,0,0.3434652643150849,-1.4709447454046127,0.0,0,0,0,0,1,0,0,1,0,0,0,0,0,0,1
1.6616162461342578,-0.8068046477303629,1,0,1,0,1.35434742133641,1.478170076718815,0.0,0,0,0,0,1,1,0,0,0,0,1,0,0,0,0
-0.8880151296215476,1.3920619762905875,1,1,1,0,1.2099356846190779,-1.4709447454046127,0.0,0,0,0,0,1,0,0,1,0,0,0,0,0,0,1
-0.835438634311145,0.10734321570407565,0,0,1,0,-0.5230051559889081,0.2985241478694439,0.0,0,0,0,0,1,0,0,1,0,0,0,1,0,0,0
0.3152971539578648,0.6414725162282545,1,0,1,0,1.4987591580537423,1.478170076718815,0.0,0,0,0,1,0,1,0,0,0,0,1,0,0,0,0
-0.6820689628268097,-0.19699057954480056,1,0,0,0,0.05464179088042058,1.478170076718815,0.0,0,0,1,0,0,0,1,0,0,0,1,0,0,0,0
1.6797442637020488,-1.2287946381740251,1,0,1,0,-0.23418168255424376,-0.29129881655524165,0.0,0,0,0,0,1,0,0,0,1,1,0,0,0,0,0
-1.2560960479473806,-1.6740158870285562,1,0,0,0,0.6322887377497493,-0.8811217809799272,0.0,0,0,0,1,0,0,0,0,1,0,0,0,0,1,0
-1.4687025567800436,-0.04446594640123429,1,0,1,0,-0.23418168255424376,1.478170076718815,0.0,0,0,0,0,1,0,0,0,1,0,1,0,0,0,0
0.0993866959252863,0.1654687724626986,1,0,1,0,0.05464179088042058,0.8883471122941295,0.0,0,0,1,0,0,0,0,1,0,0,0,0,1,0,0
0.7708540606243198,-0.022122561688443183,1,0,1,0,0.19905352759775274,0.2985241478694439,0.0,0,0,0,1,0,0,1,0,0,0,0,1,0,0,0
1.4316404043648963,-1.7115824266035344,1,0,1,1,0.7767004744670813,-0.29129881655524165,0.0,0,0,0,0,1,0,0,1,0,1,0,0,0,0,0
-0.7460641862715238,0.7034340321678928,1,0,1,0,0.6322887377497493,0.8883471122941295,0.0,0,0,0,0,1,0,0,1,0,0,0,0,1,0,0
-1.6695512019520544,1.0458257145722367,1,0,1,0,-1.1006521028582368,-0.29129881655524165,0.0,0,0,1,0,0,0,0,1,0,1,0,0,0,0,0
1.4779411443167292,-0.7402658411724793,1,0,0,0,0.48787700103241705,1.478170076718815,0.0,0,0,0,1,0,0,0,0,1,0,1,0,0,0,0
1.5223399283270234,-1.263301030537182,1,0,1,1,0.7767004744670813,1.478170076718815,0.0,0,0,1,0,0,1,0,0,0,0,1,0,0,0,0
-1.4828483540952375,0.900231668353471,1,1,0,0,0.6322887377497493,0.8883471122941295,0.0,0,0,0,1,0,0,0,1,0,0,0,0,1,0,0
0.24986497482937806,1.6768453099157716,1,0,1,0,1.35434742133641,-0.29129881655524165,0.0,0,0,0,0,1,0,0,1,0,1,0,0,0,0,0
-0.0559898187767753,1.6345894179936649,1,0,1,0,-0.5230051559889081,0.8883471122941295,0.0,0,0,0,0,1,0,1,0,0,0,0,0,1,0,0
0.41154171858778643,0.26653983178271207,1,0,1,0,-1.389475576292901,-0.8811217809799272,0.0,0,0,0,0,1,0,0,1,0,0,0,0,0,1,0
-0.9720578077882891,-0.1522434691882813,0,0,1,0,1.6431708947710744,0.8883471122941295,0.0,0,0,1,0,0,0,0,1,0,0,0,0,1,0,0
-1.5761875411747575,0.6486444668768049,1,0,0,0,0.05464179088042058,-0.29129881655524165,0.0,0,0,0,0,1,1,0,0,0,1,0,0,0,0,0
-1.6493883712262205,-1.2445867218136213,1,1,0,0,0.9211122111844136,-1.4709447454046127,0.0,0,0,0,0,1,0,0,1,0,0,0,0,0,0,1
0.16036466205833136,1.1150022818253804,1,0,0,0,0.7767004744670813,0.8883471122941295,0.0,0,0,1,0,0,0,1,0,0,0,0,0,1,0,0
-0.7682653263979407,-0.10405692576833449,0,0,1,0,1.2099356846190779,0.2985241478694439,0.0,0,0,1,0,0,0,0,0,1,0,0,1,0,0,0
-0.1634887881416477,-0.507315367222454,1,0,1,0,0.48787700103241705,-0.8811217809799272,0.0,0,0,0,0,1,0,0,1,0,0,0,0,0,1,0
0.4355748898049504,-1.535266226404681,1,0,1,0,0.6322887377497493,-1.4709447454046127,0.0,0,0,1,0,0,1,0,0,0,0,0,0,0,0,1
-0.5516905822828395,-0.21682550555719746,1,0,1,0,0.6322887377497493,1.478170076718815,0.0,0,0,1,0,0,0,0,0,1,0,1,0,0,0,0
-0.850538905839648,0.18900173552825372,1,0,1,0,-0.6674168927062403,0.2985241478694439,0.0,0,0,1,0,0,0,0,0,1,0,0,1,0,0,0
-0.331364369922755,0.38603211530459064,1,0,1,0,1.6431708947710744,-0.29129881655524165,0.0,0,0,1,0,0,0,1,0,0,1,0,0,0,0,0
0.24017688675216528,-0.09267835022015401,0,0,1,0,1.6431708947710744,0.8883471122941295,0.0,0,0,0,0,1,0,0,1,0,0,0,0,1,0,0
1.6457817636724406,-1.5611093851118367,0,0,1,1,1.2099356846190779,-1.4709447454046127,0.0,0,0,0,1,0,0,1,0,0,0,0,0,0,0,1
1.104986463890703,0.49715424969216354,1,0,1,0,1.35434742133641,0.2985241478694439,0.0,0,0,0,1,0,1,0,0,0,0,0,1,0,0,0
-1.2497154053126232,-1.2646371511507941,1,1,1,0,1.4987591580537423,-0.8811217809799272,0.0,0,0,0,1,0,0,0,1,0,0,0,0,0,1,0
0.7930167420828013,0.9607277616846313,0,0,1,0,0.9211122111844136,0.2985241478694439,0.0,0,0,0,1,0,0,0,1,0,0,0,1,0,0,0
-0.26662444681710756,1.6382874550468236,1,0,0,0,0.9211122111844136,1.478170076718815,0.0,0,0,0,0,1,0,0,1,0,0,1,0,0,0,0
-0.5481034374372169,-1.4108863274768793,0,0,1,0,1.0655239479017458,0.2985241478694439,0.0,0,0,0,1,0,0,0,1,0,0,0,1,0,0,0
0.9254753869378293,0.001712106031798885,1,0,0,0,-0.23418168255424376,0.8883471122941295,0.0,0,0,0,0,1,0,0,0,1,0,0,0,1,0,0
-1.1591452423244613,0.6762806132460981,1,1,1,0,0.6322887377497493,0.2985241478694439,0.0,0,0,0,0,1,0,1,0,0,0,0,1,0,0,0
1.122838278297866,1.6345118367967453,1,0,1,0,0.05464179088042058,-0.29129881655524165,0.0,0,0,0,1,0,0,1,0,0,1,0,0,0,0,0
1.4053486604671552,-0.4893337698031324,1,0,1,0,0.3434652643150849,0.8883471122941295,0.0,0,0,1,0,0,0,0,0,1,0,0,0,1,0,0
0.599150093262358,-0.8636371845403286,0,0,1,0,1.6431708947710744,0.2985241478694439,0.0,0,0,1,0,0,1,0,0,0,0,0,1,0,0,0
1.5668575845836636,-0.4144679147758986,1,0,1,0,-0.8118286294235724,-1.4709447454046127,0.0,0,0,0,1,0,0,1,0,0,0,0,0,0,0,1
-1.214340423297019,-0.3222152515057247,0,0,0,1,-0.23418168255424376,-0.29129881655524165,0.0,0,0,0,1,0,0,0,0,1,1,0,0,0,0,0
0.15079194998492543,-1.2395353238808684,1,0,0,0,0.48787700103241705,1.478170076718815,0.0,0,0,0,0,1,1,0,0,0,0,1,0,0,0,0
-0.7056266450585889,-1.4396086106030443,0,0,0,1,0.6322887377497493,0.8883471122941295,0.0,0,0,0,1,0,0,0,0,1,0,0,0,1,0,0
0.30646214906031294,1.7249715124047809,1,0,1,0,0.9211122111844136,0.8883471122941295,0.0,0,0,0,0,1,0,0,0,1,0,0,0,1,0,0
0.6387695137210281,-0.45299128911288256,0,0,1,0,-0.23418168255424376,0.2985241478694439,0.0,0,0,1,0,0,1,0,0,0,0,0,1,0,0,0
0.21619615917309543,-1.155411446021251,1,0,1,1,1.4987591580537423,0.8883471122941295,0.0,0,0,0,1,0,0,0,0,1,0,0,0,1,0,0
-1.0419441999122177,-1.4259629400782186,1,0,1,0,0.9211122111844136,-0.8811217809799272,0.0,0,0,1,0,0,0,1,0,0,0,0,0,0,1,0
-1.4416171658258148,1.1419660578213717,1,0,1,0,0.05464179088042058,-0.29129881655524165,0.0,0,0,1,0,0,0,0,0,1,1,0,0,0,0,0
0.24738264262626675,0.4949216352474825,0,0,1,0,-1.6782990497275654,-0.29129881655524165,0.0,0,0,1,0,0,0,1,0,0,1,0,0,0,0,0
0.6690539665989844,-1.6764036638670758,1,0,1,0,0.9211122111844136,-1.4709447454046127,0.0,0,0,0,1,0,0,1,0,0,0,0,0,0,0,1
-0.4693715516881176,0.7635163591154827,1,0,1,0,1.4987591580537423,0.8883471122941295,0.0,0,0,1,0,0,0,1,0,0,0,0,0,1,0,0
1.3793715783979779,-0.19041341807263285,1,0,1,1,0.19905352759775274,1.478170076718815,0.0,0,0,0,1,0,1,0,0,0,0,1,0,0,0,0
-1.5181114563495746,-0.8489398577905952,1,0,1,0,-0.23418168255424376,0.8883471122941295,0.0,0,0,0,0,1,1,0,0,0,0,0,0,1,0,0
-0.3265325627330371,-1.4498148480644426,1,0,0,0,1.4987591580537423,-1.4709447454046127,0.0,0,0,1,0,0,1,0,0,0,0,0,0,0,0,1
0.8348597727966528,1.33018666168086,1,0,1,0,0.9211122111844136,-0.29129881655524165,0.0,0,0,0,1,0,0,0,0,1,1,0,0,0,0,0
0.7960969317601827,1.0720826396629628,1,0,0,0,1.6431708947710744,-0.29129881655524165,0.0,0,0,0,1,0,1,0,0,0,1,0,0,0,0,0
-0.7472529087349855,-0.5255469484985161,1,0,0,0,0.19905352759775274,0.8883471122941295,0.0,0,0,0,0,1,0,0,1,0,0,0,0,1,0,0
-0.5168330441630954,-1.6969368206517472,1,0,1,0,-0.23418168255424376,-1.4709447454046127,0.0,0,0,0,1,0,0,0,0,1,0,0,0,0,0,1
-0.8778480563164106,-1.1319215836206509,1,0,1,0,-1.6782990497275654,0.2985241478694439,0.0,0,0,1,0,0,0,0,1,0,0,0,1,0,0,0
-0.46302237523621625,0.5786834675214758,1,0,1,0,0.3434652643150849,-0.8811217809799272,0.0,0,0,1,0,0,0,0,1,0,0,0,0,0,1,0
-0.4911811126500999,0.4920080302965093,1,0,0,0,0.48787700103241705,-1.4709447454046127,0.0,0,0,0,1,0,1,0,0,0,0,0,0,0,0,1
-0.8386376962348727,0.30019283097975535,1,0,1,0,-1.389475576292901,1.478170076718815,0.0,0,0,0,1,0,0,0,0,1,0,1,0,0,0,0
1.5152670296694257,-0.24584949333804915,0,0,0,0,-1.6782990497275654,-0.8811217809799272,0.0,0,0,0,0,1,0,0,0,1,0,0,0,0,1,0
-1.0788400474325446,1.7194804876894847,1,0,1,0,-1.5338873130102333,-0.29129881655524165,0.0,0,0,1,0,0,1,0,0,0,1,0,0,0,0,0
0.01783334244673511,0.28690058590756246,1,0,0,0,-1.5338873130102333,-0.29129881655524165,0.0,0,0,0,0,1,0,0,0,1,1,0,0,0,0,0
1.4455239834896205,-1.0540645424455242,1,0,0,0,-0.08976994583691159,0.2985241478694439,0.0,0,0,0,0,1,0,0,1,0,0,0,1,0,0,0
1.4683159886052288,-0.7804356609107532,1,0,1,0,0.19905352759775274,0.8883471122941295,0.0,0,0,1,0,0,0,0,1,0,0,0,0,1,0,0
-0.7756319094288636,0.9941738776898895,1,0,0,0,-0.6674168927062403,1.478170076718815,0.0,0,0,0,1,0,0,1,0,0,0,1,0,0,0,0
-0.14703547075032192,0.6276975437085631,1,0,1,0,0.05464179088042058,-0.8811217809799272,0.0,0,0,0,1,0,0,0,1,0,0,0,0,0,1,0
0.9694721030560702,-0.5035914697703223,0,0,1,0,1.6431708947710744,-1.4709447454046127,0.0,0,0,0,1,0,0,1,0,0,0,0,0,0,0,1
0.15893469885963799,1.203082800727888,1,0,1,0,-0.9562403661409046,0.2985241478694439,0.0,0,0,0,0,1,1,0,0,0,0,0,1,0,0,0
-0.6473652593788076,0.2734962791064859,1,0,0,0,0.9211122111844136,-1.4709447454046127,0.0,0,0,0,1,0,0,0,1,0,0,0,0,0,0,1
-0.8835329466857891,-1.5404383061993085,1,0,1,0,0.3434652643150849,-0.8811217809799272,0.0,0,0,0,1,0,0,0,1,0,0,0,0,0,1,0
-1.3493688064186482,-1.0208942706959794,1,0,0,0,-1.1006521028582368,-1.4709447454046127,0.0,0,0,1,0,0,0,1,0,0,0,0,0,0,0,1
-1.4788836150553388,-0.3298957900007469,1,0,1,0,-0.6674168927062403,-1.4709447454046127,0.0,0,0,1,0,0,0,0,1,0,0,0,0,0,0,1
1.4600788411819474,-0.691053501926598,1,0,1,1,-0.23418168255424376,0.2985241478694439,0.0,0,0,0,1,0,0,0,1,0,0,0,1,0,0,0
0.9893412494085785,-0.9871292097700525,1,0,1,1,1.0655239479017458,0.8883471122941295,0.0,0,0,0,1,0,0,0,1,0,0,0,0,1,0,0
1.6368243902860025,1.5405092865293892,0,0,1,1,-1.6782990497275654,-0.8811217809799272,0.0,0,0,1,0,0,0,0,1,0,0,0,0,0,1,0
1.6842963714885992,0.5367379003870465,1,0,1,0,-1.5338873130102333,0.2985241478694439,0.0,0,0,1,0,0,1,0,0,0,0,0,1,0,0,0
0.3835927557262785,0.94373747955928,0,0,0,0,-1.5338873130102333,0.8883471122941295,0.0,0,0,0,1,0,0,0,1,0,0,0,0,1,0,0
-0.024170515423937458,0.4889996038826341,0,0,1,0,0.19905352759775274,0.8883471122941295,0.0,0,0,0,1,0,0,0,0,1,0,0,0,1,0,0
0.5158835809394062,0.03932174627173236,1,0,1,0,-0.23418168255424376,0.2985241478694439,0.0,0,0,0,0,1,0,0,1,0,0,0,1,0,0,0
0.9627138662270366,1.5813687169069475,0,0,1,0,0.19905352759775274,0.8883471122941295,0.0,0,0,1,0,0,0,1,0,0,0,0,0,1,0,0
-0.5975193294918273,1.2978180622994824,1,0,1,0,1.35434742133641,0.2985241478694439,0.0,0,0,0,0,1,0,0,1,0,0,0,1,0,0,0
1.02774747370601,-0.024812043181649417,0,0,1,0,-0.9562403661409046,0.2985241478694439,0.0,0,0,0,1,0,0,0,1,0,0,0,1,0,0,0
-1.4990709194789502,-0.5735783295246243,1,0,1,0,1.0655239479017458,-1.4709447454046127,0.0,0,0,0,1,0,0,0,0,1,0,0,0,0,0,1
0.46356580757693344,-0.08244625235978259,1,0,1,0,0.7767004744670813,0.2985241478694439,0.0,0,0,1,0,0,0,1,0,0,0,0,1,0,0,0
1.6573508302359545,0.4106167345950536,1,0,1,0,-0.5230051559889081,0.2985241478694439,0.0,0,0,0,0,1,1,0,0,0,0,0,1,0,0,0
0.3471793896764151,-1.5286976850655039,1,0,0,0,-0.9562403661409046,0.8883471122941295,0.0,0,0,0,1,0,0,1,0,0,0,0,0,1,0,0
-1.4393376156900002,-0.8680937932966993,0,0,0,0,0.05464179088042058,0.2985241478694439,0.0,0,0,0,1,0,0,0,0,1,0,0,1,0,0,0
-0.009500281727804356,-0.41840731555280636,1,0,1,0,-0.8118286294235724,-0.8811217809799272,0.0,0,0,1,0,0,0,0,0,1,0,0,0,0,1,0
0.7662460129571361,1.633779125492506,1,0,1,0,-1.2450638395755689,0.8883471122941295,0.0,0,0,0,0,1,1,0,0,0,0,0,0,1,0,0
-1.4904701628315509,1.2213747229348868,0,0,0,0,-0.6674168927062403,-0.29129881655524165,0.0,0,0,0,0,1,0,0,1,0,1,0,0,0,0,0
1.634464426571777,-1.4892950571634331,0,0,1,0,-0.6674168927062403,0.2985241478694439,0.0,0,0,0,1,0,0,1,0,0,0,0,1,0,0,0
0.44819282913034203,1.692413270097601,1,0,0,0,0.6322887377497493,-0.29129881655524165,0.0,0,0,0,1,0,0,0,1,0,1,0,0,0,0,0
-1.653006982254699,-0.9530452039234569,1,1,1,0,0.19905352759775274,1.478170076718815,0.0,0,0,0,0,1,1,0,0,0,0,1,0,0,0,0
-0.11131086448075844,-1.1126814467846364,1,0,0,0,-1.5338873130102333,-0.29129881655524165,0.0,0,0,0,1,0,0,0,0,1,1,0,0,0,0,0
0.7574914216379948,-0.1498125916848062,1,0,1,0,1.35434742133641,0.8883471122941295,0.0,0,0,1,0,0,1,0,0,0,0,0,0,1,0,0
0.9560325467338742,-1.2281136476677326,1,0,1,0,-1.5338873130102333,0.8883471122941295,0.0,0,0,0,1,0,0,1,0,0,0,0,0,1,0,0
-0.8308410753715798,-0.30694037584559153,1,0,1,0,-0.5230051559889081,-0.29129881655524165,0.0,0,0,1,0,0,0,0,1,0,1,0,0,0,0,0
0.21729747557306717,-0.5555191509083829,1,0,1,0,0.7767004744670813,0.8883471122941295,0.0,0,0,0,1,0,1,0,0,0,0,0,0,1,0,0
-0.6776567047418431,-0.946666305510083,1,1,0,1,0.3434652643150849,0.8883471122941295,0.0,0,0,1,0,0,0,0,0,1,0,0,0,1,0,0
1.7325689922327625,0.9790714046895775,1,0,0,0,1.4987591580537423,-1.4709447454046127,0.0,0,0,0,1,0,0,0,0,1,0,0,0,0,0,1
0.8703746045138406,0.8598549654234122,1,0,1,0,1.35434742133641,-0.8811217809799272,0.0,0,0,0,1,0,0,1,0,0,0,0,0,0,1,0
0.27748878713470376,-0.9924392116925368,0,0,1,0,0.05464179088042058,-1.4709447454046127,0.0,0,0,0,0,1,0,0,0,1,0,0,0,0,0,1
-0.6608747405517957,0.864716720430362,1,0,0,0,-1.2450638395755689,-0.29129881655524165,0.0,0,0,0,0,1,0,1,0,0,1,0,0,0,0,0
-0.7065426606039622,0.466854482228637,1,0,1,0,-0.8118286294235724,-0.29129881655524165,0.0,0,0,1,0,0,1,0,0,0,1,0,0,0,0,0
1.7444317431696024,-0.9154528039495057,0,1,1,0,-0.3785934192715759,-0.29129881655524165,0.0,0,0,0,0,1,0,1,0,0,1,0,0,0,0,0
-0.36208585311816044,-0.22555770027712707,1,0,0,0,-0.23418168255424376,0.2985241478694439,0.0,0,0,1,0,0,0,0,1,0,0,0,1,0,0,0
-0.556508404502399,-0.26873594642927584,0,0,1,0,0.05464179088042058,-0.29129881655524165,0.0,0,0,0,1,0,0,0,0,1,1,0,0,0,0,0
-1.5529130545886856,-0.45631866044742636,1,0,0,0,-0.23418168255424376,-0.8811217809799272,0.0,0,0,1,0,0,0,1,0,0,0,0,0,0,1,0
0.6807838603193197,-0.13845987653559905,1,0,1,0,0.6322887377497493,0.2985241478694439,0.0,0,0,0,1,0,0,0,0,1,0,0,1,0,0,0
-0.3511531026968525,-0.05439633960691918,1,0,0,0,-1.6782990497275654,-0.8811217809799272,0.0,0,0,1,0,0,1,0,0,0,0,0,0,0,1,0
-0.3470555064404492,-1.5828407403822635,1,0,1,0,0.48787700103241705,0.2985241478694439,0.0,0,0,0,1,0,0,0,0,1,0,0,1,0,0,0
1.469717981863606,1.1073476037293315,1,0,1,0,-0.9562403661409046,0.2985241478694439,0.0,0,0,1,0,0,0,0,1,0,0,0,1,0,0,0
0.7358706577731504,-1.3104962586631583,1,0,0,1,-1.389475576292901,0.8883471122941295,0.0,0,0,0,0,1,1,0,0,0,0,0,0,1,0,0
0.8724863350077549,-1.3764402760446597,1,0,0,0,-0.5230051559889081,1.478170076718815,0.0,0,0,0,0,1,0,1,0,0,0,1,0,0,0,0
-0.4853004326985042,0.4015052540235179,1,0,1,0,-1.6782990497275654,-0.8811217809799272,0.0,0,0,0,0,1,0,1,0,0,0,0,0,0,1,0
1.178648797957392,-0.46728346961203704,1,1,0,0,-0.23418168255424376,0.8883471122941295,0.0,0,0,1,0,0,0,0,0,1,0,0,0,1,0,0
1.5576414892492956,-1.0520215709266463,1,1,0,0,-0.5230051559889081,-1.4709447454046127,0.0,0,0,0,0,1,0,0,1,0,0,0,0,0,0,1
1.6937292338604215,-0.8811101941131786,1,0,1,0,-0.6674168927062403,-1.4709447454046127,0.0,0,0,1,0,0,0,0,0,1,0,0,0,0,0,1
-0.35792532449604453,0.9275057691371407,1,0,1,0,0.7767004744670813,-0.8811217809799272,0.0,0,0,1,0,0,0,1,0,0,0,0,0,0,1,0
0.8249584139245246,-0.26146055418483344,1,0,1,0,-0.5230051559889081,-0.8811217809799272,0.0,0,0,0,0,1,1,0,0,0,0,0,0,0,1,0
0.36823376224984544,0.04616613186662287,1,0,0,0,-0.6674168927062403,0.2985241478694439,0.0,0,0,0,0,1,0,0,1,0,0,0,1,0,0,0
-1.5864490130284634,0.6617125884912304,1,0,1,1,-1.5338873130102333,0.2985241478694439,0.0,0,0,0,1,0,0,1,0,0,0,0,1,0,0,0
0.8978935295429787,-0.41898486446320654,1,1,1,0,-0.3785934192715759,-0.8811217809799272,0.0,0,0,0,1,0,0,1,0,0,0,0,0,0,1,0
-0.4020024541926961,-0.47355892642951825,1,1,1,0,0.48787700103241705,1.478170076718815,0.0,0,0,0,1,0,0,0,0,1,0,1,0,0,0,0
-1.021942196343205,0.9106447890066545,1,0,1,0,1.6431708947710744,0.8883471122941295,0.0,0,0,1,0,0,0,0,1,0,0,0,0,1,0,0
-1.29022287137635,1.1250102562279845,1,1,1,0,-1.5338873130102333,-1.4709447454046127,0.0,0,0,0,0,1,1,0,0,0,0,0,0,0,0,1
0.7254973061581773,0.027219079552303908,1,0,1,0,0.48787700103241705,-0.8811217809799272,0.0,0,0,0,0,1,0,0,1,0,0,0,0,0,1,0
0.8931596171443695,1.566154182177751,1,0,0,0,-0.08976994583691159,-1.4709447454046127,0.0,0,0,0,0,1,1,0,0,0,0,0,0,0,0,1
-1.5295476656965838,-1.4808904274971633,1,0,1,0,0.05464179088042058,-0.8811217809799272,0.0,0,0,0,0,1,0,0,1,0,0,0,0,0,1,0
0.8518165491136799,0.8897495866363593,1,0,1,0,1.4987591580537423,0.2985241478694439,0.0,0,0,0,1,0,0,0,0,1,0,0,1,0,0,0
-0.3454717085700135,1.025395999383458,0,1,1,0,0.3434652643150849,-0.29129881655524165,0.0,0,0,0,1,0,0,0,0,1,1,0,0,0,0,0
1.6893973893538656,-0.5745868850845768,1,0,0,0,1.6431708947710744,0.8883471122941295,0.0,0,0,0,0,1,0,0,0,1,0,0,0,1,0,0
-0.8567237588921884,0.8857239845295408,1,0,0,0,0.3434652643150849,-1.4709447454046127,0.0,0,0,0,1,0,1,0,0,0,0,0,0,0,0,1
-0.890452010671644,0.34292283021636977,1,0,1,0,1.0655239479017458,0.2985241478694439,0.0,0,0,0,0,1,1,0,0,0,0,0,1,0,0,0
-0.5299719236268866,-1.4483408053229738,1,0,1,0,-1.5338873130102333,-1.4709447454046127,0.0,0,0,0,1,0,0,0,0,1,0,0,0,0,0,1
-0.9470421924174997,0.27098782040609165,1,0,1,0,0.48787700103241705,1.478170076718815,0.0,0,0,1,0,0,0,0,1,0,0,1,0,0,0,0
0.11435411023728495,0.08230172936508746,1,0,0,0,0.7767004744670813,-0.8811217809799272,0.0,0,0,0,0,1,0,1,0,0,0,0,0,0,1,0
-0.14693407971667372,0.5262558186699348,1,0,1,0,-1.6782990497275654,0.2985241478694439,0.0,0,0,0,1,0,0,1,0,0,0,0,1,0,0,0
1.1262960621695235,0.47857786309645944,1,0,1,0,-1.5338873130102333,0.8883471122941295,0.0,0,0,0,0,1,0,0,1,0,0,0,0,1,0,0
0.3823970407777376,-0.6311349575058379,1,0,1,0,-1.2450638395755689,-0.29129881655524165,0.0,0,0,0,1,0,0,0,0,1,1,0,0,0,0,0
0.577232148781648,-0.20973113610556662,1,0,1,1,1.35434742133641,-0.29129881655524165,0.0,0,0,0,0,1,0,0,1,0,1,0,0,0,0,0
1.285319157840381,-1.5957450794698593,1,1,1,1,-0.8118286294235724,-1.4709447454046127,0.0,0,0,1,0,0,0,1,0,0,0,0,0,0,0,1
-1.0912866708734965,1.1370353417504941,0,0,1,1,0.6322887377497493,-0.29129881655524165,0.0,0,0,1,0,0,0,1,0,0,1,0,0,0,0,0
0.3885364426772634,-1.4124034708833033,1,0,1,0,0.6322887377497493,0.8883471122941295,0.0,0,0,0,0,1,1,0,0,0,0,0,0,1,0,0
-1.1696234812156219,0.9060588782554183,0,0,1,0,1.6431708947710744,-0.29129881655524165,0.0,0,0,0,1,0,0,1,0,0,1,0,0,0,0,0
-0.7750515331672911,-0.48027401002954295,1,0,1,0,-0.8118286294235724,0.8883471122941295,0.0,0,0,0,1,0,1,0,0,0,0,0,0,1,0,0
0.7466670547354142,0.40966851996603865,1,0,1,0,0.9211122111844136,0.2985241478694439,0.0,0,0,0,1,0,0,1,0,0,0,0,1,0,0,0
0.07854559414677131,0.9488492184229701,1,1,1,0,1.35434742133641,-0.29129881655524165,0.0,0,0,0,1,0,0,0,0,1,1,0,0,0,0,0
0.3825543716920192,0.0658545156181715,1,0,0,0,0.05464179088042058,-0.8811217809799272,0.0,0,0,0,0,1,0,0,1,0,0,0,0,0,1,0
-1.3141057041643112,-0.49041128642701315,1,0,1,0,1.6431708947710744,-0.29129881655524165,0.0,0,0,1,0,0,0,0,1,0,1,0,0,0,0,0
1.6573543264784942,-0.5548554006680724,1,0,1,0,-0.6674168927062403,0.8883471122941295,0.0,0,0,0,0,1,1,0,0,0,0,0,0,1,0,0
0.36847849922761694,-1.679394850014969,1,0,0,0,0.48787700103241705,-0.29129881655524165,0.0,0,0,1,0,0,0,0,0,1,1,0,0,0,0,0
0.6755080303270735,-1.3655616682099596,0,0,1,0,0.19905352759775274,0.2985241478694439,0.0,0,0,0,1,0,1,0,0,0,0,0,1,0,0,0
-0.7100319106584763,-1.5593767383806365,1,0,1,0,-0.3785934192715759,0.2985241478694439,0.0,0,0,0,1,0,0,1,0,0,0,0,1,0,0,0
-0.9265052637399293,-1.2760071065659837,1,0,1,1,0.05464179088042058,0.8883471122941295,0.0,0,0,0,0,1,1,0,0,0,0,0,0,1,0,0
0.07055667994380072,0.299787684729176,1,0,1,0,-1.1006521028582368,0.2985241478694439,0.0,0,0,0,1,0,1,0,0,0,0,0,1,0,0,0
1.4128935518675974,0.4612427756514663,1,0,1,1,0.9211122111844136,-0.8811217809799272,0.0,0,0,0,1,0,1,0,0,0,0,0,0,0,1,0
-1.3844990514564806,0.4012035493688314,1,0,1,0,1.35434742133641,1.478170076718815,0.0,0,0,1,0,0,1,0,0,0,0,1,0,0,0,0
-1.2308566730540573,-0.1250814301334958,1,0,1,0,-1.1006521028582368,0.8883471122941295,0.0,0,0,0,1,0,0,0,1,0,0,0,0,1,0,0
-0.8708765486924617,-0.3810304189036311,0,0,0,1,0.19905352759775274,-0.8811217809799272,0.0,0,0,1,0,0,0,0,0,1,0,0,0,0,1,0
-1.2480966450167914,1.4670398930467052,0,0,0,1,1.6431708947710744,0.8883471122941295,0.0,0,0,1,0,0,0,0,0,1,0,0,0,1,0,0
-1.418426589060693,-0.48002402617280265,1,0,0,0,-0.9562403661409046,1.478170076718815,0.0,0,0,0,1,0,0,1,0,0,0,1,0,0,0,0
-1.7304172883238327,1.409172940277814,1,0,1,0,0.9211122111844136,-1.4709447454046127,0.0,0,0,0,0,1,0,0,1,0,0,0,0,0,0,1
-0.020957468530051444,0.943539216500486,1,0,1,0,0.3434652643150849,0.2985241478694439,0.0,0,0,0,0,1,0,0,0,1,0,0,1,0,0,0
0.026850151956346293,1.1981176041250452,1,0,0,0,0.7767004744670813,0.8883471122941295,0.0,0,0,0,1,0,1,0,0,0,0,0,0,1,0,0
0.04145395704422695,-0.12658995340692883,0,0,1,0,-1.389475576292901,0.2985241478694439,0.0,0,0,0,0,1,1,0,0,0,0,0,1,0,0,0
-1.0737984656904511,1.4602989490477067,1,0,1,0,0.05464179088042058,-0.8811217809799272,0.0,0,0,1,0,0,0,0,0,1,0,0,0,0,1,0
0.8066975391402295,0.3719123374652573,1,0,1,0,0.48787700103241705,0.2985241478694439,0.0,0,0,0,1,0,0,1,0,0,0,0,1,0,0,0
0.27420931163256557,-0.2070157942133871,1,0,1,1,-1.2450638395755689,-0.29129881655524165,0.0,0,0,0,0,1,0,0,1,0,1,0,0,0,0,0
1.3978457239771884,-0.021648454373935498,1,1,1,0,-0.23418168255424376,1.478170076718815,0.0,0,0,0,1,0,0,0,0,1,0,1,0,0,0,0
0.9465402482388784,0.13003140573650868,0,0,1,0,-0.08976994583691159,-0.8811217809799272,0.0,0,0,1,0,0,0,0,0,1,0,0,0,0,1,0
-0.8863404294450824,1.5496380073669072,1,0,1,1,1.35434742133641,1.478170076718815,0.0,0,0,1,0,0,0,1,0,0,0,1,0,0,0,0
0.7974324964103076,-0.3303871375812363,1,0,0,0,1.2099356846190779,-0.29129881655524165,0.0,0,0,0,0,1,0,0,1,0,1,0,0,0,0,0
-1.343215419548964,-1.1695053634616113,0,0,1,0,0.3434652643150849,0.8883471122941295,0.0,0,0,0,0,1,0,0,1,0,0,0,0,1,0,0
-1.00221639593482,0.28744365428599844,1,0,0,0,0.05464179088042058,-0.8811217809799272,0.0,0,0,0,1,0,0,1,0,0,0,0,0,0,1,0
0.0879120279103415,-0.007821761056297864,1,0,1,0,1.6431708947710744,-1.4709447454046127,0.0,0,0,1,0,0,0,0,1,0,0,0,0,0,0,1
1.4134424619463133,-0.4733692835037154,1,0,1,0,0.7767004744670813,0.8883471122941295,0.0,0,0,0,1,0,1,0,0,0,0,0,0,1,0,0
1.6520015791503764,-0.7175948914060284,0,0,1,0,-0.08976994583691159,-0.8811217809799272,0.0,0,0,0,0,1,0,1,0,0,0,0,0,0,1,0
1.638023601477083,-1.5490239586583903,1,0,1,0,-0.5230051559889081,-0.8811217809799272,0.0,0,0,1,0,0,0,0,1,0,0,0,0,0,1,0
-1.1999184228211972,1.1622664710152852,0,0,1,1,-1.5338873130102333,-0.8811217809799272,0.0,0,0,0,1,0,0,0,1,0,0,0,0,0,1,0
-1.2929534367997724,-1.6957731026979561,1,0,1,0,-1.5338873130102333,1.478170076718815,0.0,0,0,0,0,1,0,0,1,0,0,1,0,0,0,0
-1.0247846415278943,-1.6819808899122828,1,0,1,0,0.7767004744670813,-1.4709447454046127,0.0,0,0,0,0,1,0,0,0,1,0,0,0,0,0,1
-0.12324004402585073,-0.031173701329041407,1,0,1,0,-0.08976994583691159,0.8883471122941295,0.0,0,0,1,0,0,1,0,0,0,0,0,0,1,0,0
-1.1857691292634633,-0.8758519129886406,0,0,1,1,1.35434742133641,1.478170076718815,0.0,0,0,1,0,0,0,0,1,0,0,1,0,0,0,0
-0.03217691083960609,0.48522398563255587,1,0,1,1,-1.5338873130102333,-0.29129881655524165,0.0,0,0,0,0,1,1,0,0,0,1,0,0,0,0,0
-1.5949029274892,-0.6749855740312884,1,0,0,1,0.48787700103241705,0.8883471122941295,0.0,0,0,1,0,0,1,0,0,0,0,0,0,1,0,0
-0.5528443423209054,-1.0449789222729617,1,0,1,0,0.05464179088042058,-1.4709447454046127,0.0,0,0,1,0,0,0,1,0,0,0,0,0,0,0,1
0.8140816033838503,0.4987144937635428,0,0,1,0,-0.3785934192715759,0.2985241478694439,0.0,0,0,0,0,1,0,0,0,1,0,0,1,0,0,0
0.6560584330793164,-0.5254779874345878,1,0,1,0,1.0655239479017458,-1.4709447454046127,0.0,0,0,1,0,0,1,0,0,0,0,0,0,0,0,1
0.9843975624575938,0.5048606485861586,1,0,1,0,-1.6782990497275654,-0.29129881655524165,0.0,0,0,0,1,0,0,1,0,0,1,0,0,0,0,0
-0.1416897159072839,-0.4756191382143781,1,0,0,0,-1.389475576292901,-0.29129881655524165,0.0,0,0,0,1,0,0,0,0,1,1,0,0,0,0,0
-0.6562981590674682,0.02247800640722865,1,1,0,0,0.6322887377497493,1.478170076718815,0.0,0,0,0,0,1,0,0,0,1,0,1,0,0,0,0
-0.8162827214367138,-1.034729584146608,0,0,1,0,-0.08976994583691159,-1.4709447454046127,0.0,0,0,0,0,1,0,0,1,0,0,0,0,0,0,1
-0.4407792801993243,0.40591876211493333,0,0,1,0,0.19905352759775274,-0.8811217809799272,0.0,0,0,0,0,1,0,0,1,0,0,0,0,0,1,0
1.5932087646045772,1.6706560544282012,1,0,1,0,1.6431708947710744,0.8883471122941295,0.0,0,0,1,0,0,0,0,0,1,0,0,0,1,0,0
0.7802414718431276,-0.7090092389469466,1,0,0,0,0.6322887377497493,0.2985241478694439,0.0,0,0,0,1,0,0,0,0,1,0,0,1,0,0,0
1.6564557921458187,0.7699986991247493,1,0,1,0,0.9211122111844136,-0.29129881655524165,0.0,0,0,0,0,1,0,0,0,1,1,0,0,0,0,0
-0.36351232007431444,0.17153734608839488,1,0,1,0,-1.1006521028582368,-0.8811217809799272,0.0,0,0,0,0,1,0,0,1,0,0,0,0,0,1,0
-1.382261456231141,-0.7988482649796275,1,0,1,0,0.48787700103241705,1.478170076718815,0.0,0,0,0,1,0,0,0,0,1,0,1,0,0,0,0
-1.1368147412240792,1.650933190144688,0,0,1,1,0.6322887377497493,0.2985241478694439,0.0,0,0,0,0,1,1,0,0,0,0,0,1,0,0,0
-0.6549206395068685,0.49195630949856306,0,0,0,0,0.19905352759775274,-1.4709447454046127,0.0,0,0,0,0,1,0,0,1,0,0,0,0,0,0,1
-0.6316776191036529,0.1426081797704444,1,0,1,1,0.19905352759775274,-0.29129881655524165,0.0,0,0,1,0,0,0,0,0,1,1,0,0,0,0,0
-0.7479381722727457,1.727566172435086,1,0,0,0,1.35434742133641,1.478170076718815,0.0,0,0,0,0,1,0,1,0,0,0,1,0,0,0,0
-0.6637346669491829,1.7126016215626305,1,0,1,0,0.6322887377497493,0.2985241478694439,0.0,0,0,0,1,0,0,0,0,1,0,0,1,0,0,0
0.26298986932301094,0.3211052736160326,0,0,1,0,-0.8118286294235724,-1.4709447454046127,0.0,0,0,0,1,0,0,0,1,0,0,0,0,0,0,1
-1.0379165285066063,1.4564716099996828,0,0,1,0,0.7767004744670813,-0.8811217809799272,0.0,0,0,0,0,1,0,0,0,1,0,0,0,0,1,0
0.8762343070101986,-0.5285295145134181,1,0,1,1,-0.8118286294235724,-0.8811217809799272,0.0,0,0,0,0,1,0,0,1,0,0,0,0,0,1,0
-0.13555730649283745,-0.8415006830193227,1,0,1,0,-0.8118286294235724,-0.8811217809799272,0.0,0,0,0,1,0,0,0,1,0,0,0,0,0,1,0
-0.4090753528502932,1.4437138131729346,1,0,1,0,0.19905352759775274,0.8883471122941295,0.0,0,0,0,0,1,0,0,0,1,0,0,0,1,0,0
1.389052673990111,0.7995485150180548,1,0,1,0,-0.5230051559889081,0.8883471122941295,0.0,0,0,0,0,1,0,0,1,0,0,0,0,1,0,0
-0.9638731040031013,-1.1242841457905843,1,0,1,0,0.6322887377497493,-0.8811217809799272,0.0,0,0,0,0,1,1,0,0,0,0,0,0,0,1,0
-0.3440697153116366,-1.1627299389306491,1,0,0,1,-0.23418168255424376,0.8883471122941295,0.0,0,0,0,1,0,0,0,0,1,0,0,0,1,0,0
0.9675177034764376,0.47038011662197493,1,0,1,0,1.0655239479017458,-0.29129881655524165,0.0,0,0,0,0,1,1,0,0,0,1,0,0,0,0,0
-0.6141404665250534,0.14596141150396155,1,0,0,0,-0.23418168255424376,-0.8811217809799272,0.0,0,0,0,1,0,0,1,0,0,0,0,0,0,1,0
1.569731495951209,-0.790495356111304,1,0,0,0,-0.6674168927062403,0.2985241478694439,0.0,0,0,0,0,1,0,0,0,1,0,0,1,0,0,0
-0.4980966803934153,1.7185926139914072,1,0,1,0,-0.08976994583691159,-0.8811217809799272,0.0,0,0,0,1,0,0,0,1,0,0,0,0,0,1,0
-0.3386155769498712,-0.8604477353336417,0,0,1,1,1.35434742133641,0.2985241478694439,0.0,0,0,1,0,0,0,0,1,0,0,0,1,0,0,0
0.6597924201116021,0.38260130237415435,1,0,0,0,-0.5230051559889081,-0.29129881655524165,0.0,0,0,1,0,0,1,0,0,0,1,0,0,0,0,0
1.3447203185880694,0.5030504206580391,1,0,1,0,1.0655239479017458,-1.4709447454046127,0.0,0,0,0,1,0,0,0,0,1,0,0,0,0,0,1
-1.1157009325274758,0.054467319936999804,1,0,1,1,0.48787700103241705,1.478170076718815,0.0,0,0,0,1,0,0,0,0,1,0,1,0,0,0,0
-0.6144900907790127,0.012426931339668832,1,0,0,0,-1.6782990497275654,0.2985241478694439,0.0,0,0,1,0,0,0,0,1,0,0,0,1,0,0,0
-0.5636022806152337,0.6565922294945491,1,0,0,0,-1.2450638395755689,0.8883471122941295,0.0,0,0,0,0,1,0,0,1,0,0,0,0,1,0,0
1.5167179703233575,-1.1473343814086412,1,0,0,1,-0.9562403661409046,-1.4709447454046127,0.0,0,0,0,1,0,0,0,1,0,0,0,0,0,0,1
0.5480839747290595,1.7212734753516223,0,0,0,0,1.6431708947710744,-1.4709447454046127,0.0,0,0,0,1,0,1,0,0,0,0,0,0,0,0,1
0.1827860654647426,1.1726106306045403,1,0,0,0,0.6322887377497493,0.2985241478694439,0.0,0,0,0,0,1,0,0,0,1,0,0,1,0,0,0
0.5971572350147899,-0.311328023538034,1,0,1,1,-0.3785934192715759,-0.8811217809799272,0.0,0,0,0,1,0,0,0,1,0,0,0,0,0,1,0
0.7426393833298027,-1.5128452604949705,1,0,1,0,0.9211122111844136,-0.29129881655524165,0.0,0,0,0,1,0,0,0,0,1,1,0,0,0,0,0
1.6296151381693615,-0.2724598438814078,1,0,1,0,1.35434742133641,-0.8811217809799272,0.0,0,0,0,0,1,0,0,0,1,0,0,0,0,1,0
-0.3061284912719711,1.4105780219553545,1,0,0,0,-0.8118286294235724,-0.8811217809799272,0.0,0,0,1,0,0,1,0,0,0,0,0,0,0,1,0
0.5131914741839195,1.3911223817945633,1,0,1,0,1.2099356846190779,1.478170076718815,0.0,0,0,0,0,1,0,1,0,0,0,1,0,0,0,0
0.5984718222096768,-0.3771599791906517,1,0,0,0,1.4987591580537423,0.2985241478694439,0.0,0,0,0,1,0,0,0,1,0,0,0,1,0,0,0
-0.6039838819475352,-1.6504225830320634,1,0,1,0,-1.5338873130102333,-1.4709447454046127,0.0,0,0,1,0,0,0,0,1,0,0,0,0,0,0,1
-0.48457671049280837,1.104468479310322,1,0,0,0,0.7767004744670813,-1.4709447454046127,0.0,0,0,0,0,1,0,0,0,1,0,0,0,0,0,1
-0.5325381656509479,1.4698672966677682,0,0,1,0,-0.9562403661409046,-1.4709447454046127,0.0,0,0,0,0,1,1,0,0,0,0,0,0,0,0,1
-0.4124737005987777,-0.6452978360101262,1,0,1,1,0.6322887377497493,-0.29129881655524165,0.0,0,0,0,1,0,0,0,1,0,1,0,0,0,0,0
1.5795419525173073,0.5775973307646043,1,0,0,0,0.7767004744670813,0.8883471122941295,0.0,0,0,0,1,0,0,0,0,1,0,0,0,1,0,0
0.9871386166086347,-0.6380741645636296,0,0,1,0,-0.9562403661409046,-1.4709447454046127,0.0,0,0,1,0,0,1,0,0,0,0,0,0,0,0,1
0.8067569752634026,1.3224544023878915,1,0,1,0,-0.9562403661409046,-0.29129881655524165,0.0,0,0,1,0,0,1,0,0,0,1,0,0,0,0,0
0.7063973331643796,0.5300572973189859,1,0,1,0,0.19905352759775274,1.478170076718815,0.0,0,0,0,0,1,0,0,0,1,0,1,0,0,0,0
0.8053829519453424,-0.9899135127261603,1,0,1,0,-0.9562403661409046,-0.29129881655524165,0.0,0,0,0,1,0,0,1,0,0,1,0,0,0,0,0
0.23543248562593708,-1.3901031868354674,1,0,1,0,-0.6674168927062403,-1.4709447454046127,0.0,0,0,1,0,0,0,0,1,0,0,0,0,0,0,1
-0.05452838939522524,0.4788192268202089,1,0,1,0,0.19905352759775274,-0.8811217809799272,0.0,0,0,0,0,1,1,0,0,0,0,0,0,0,1,0
0.4598108430894104,0.7339751633551683,1,0,1,0,-1.5338873130102333,0.2985241478694439,0.0,0,0,0,1,0,0,0,0,1,0,0,1,0,0,0
1.451520039445023,1.300886829644295,1,0,1,1,-1.2450638395755689,0.8883471122941295,0.0,0,0,0,0,1,0,0,0,1,0,0,0,1,0,0
0.4770822812350007,1.1903508643001126,0,0,1,0,-0.5230051559889081,0.8883471122941295,0.0,0,0,0,0,1,1,0,0,0,0,0,0,1,0,0
1.135652007205475,-1.0324107683720167,1,0,1,0,-0.23418168255424376,1.478170076718815,0.0,0,0,1,0,0,0,0,1,0,0,1,0,0,0,0
0.9969141107493372,1.119183046326038,1,0,1,0,-1.5338873130102333,-0.8811217809799272,0.0,0,0,0,1,0,0,0,1,0,0,0,0,0,1,0
1.267656140530356,-1.148610161091316,1,0,1,0,0.05464179088042058,1.478170076718815,0.0,0,0,0,1,0,0,0,0,1,0,1,0,0,0,0
-0.30328954232982147,1.0910038315783084,0,0,1,0,-0.9562403661409046,-0.8811217809799272,0.0,0,0,0,0,1,0,1,0,0,0,0,0,0,1,0
0.38022237791811053,1.3210493207103509,1,0,1,1,-1.5338873130102333,1.478170076718815,0.0,0,0,1,0,0,0,0,1,0,0,1,0,0,0,0
0.5261485490356518,-1.419256476611185,0,0,0,0,1.4987591580537423,-0.29129881655524165,0.0,0,0,0,1,0,0,1,0,0,1,0,0,0,0,0
-1.1428457596048776,-0.018398664236311202,0,0,0,1,-1.2450638395755689,-0.8811217809799272,0.0,0,0,0,0,1,1,0,0,0,0,0,0,0,1,0
-1.2818808366768806,-0.1085393949236786,1,0,1,0,0.6322887377497493,0.8883471122941295,0.0,0,0,0,1,0,0,1,0,0,0,0,0,1,0,0
-0.8157128339027601,0.334113054299521,1,0,0,0,-0.08976994583691159,-0.29129881655524165,0.0,0,0,0,0,1,0,0,0,1,1,0,0,0,0,0
-1.5209608940193433,1.7039470080396204,0,0,0,0,-0.3785934192715759,-0.29129881655524165,0.0,0,0,0,1,0,0,1,0,0,1,0,0,0,0,0
-0.901944159899287,-0.41507994421826255,1,0,0,0,-1.389475576292901,-0.29129881655524165,0.0,0,0,1,0,0,0,0,1,0,1,0,0,0,0,0
-0.6353696512254634,-0.9454077660933903,1,0,1,0,0.7767004744670813,-0.29129881655524165,0.0,0,0,1,0,0,1,0,0,0,1,0,0,0,0,0
0.5711416942776769,0.5920619139235791,1,0,1,0,0.3434652643150849,-0.29129881655524165,0.0,0,0,0,1,0,0,0,0,1,1,0,0,0,0,0
-1.3644515967344533,1.4737635967797205,1,0,1,0,-0.5230051559889081,0.2985241478694439,0.0,0,0,1,0,0,0,0,1,0,0,0,1,0,0,0
1.2465877829867673,-0.4460003612571446,1,0,0,0,-1.1006521028582368,1.478170076718815,0.0,0,0,0,0,1,0,0,0,1,0,1,0,0,0,0
1.2380744324028576,0.408065175229704,0,0,1,1,-0.5230051559889081,-1.4709447454046127,0.0,0,0,0,1,0,0,1,0,0,0,0,0,0,0,1
-1.1287174435023815,-0.204179770459333,1,0,0,0,-0.6674168927062403,0.2985241478694439,0.0,0,0,0,0,1,1,0,0,0,0,0,1,0,0,0
-1.0689212073477188,1.180170487237688,0,0,1,0,0.6322887377497493,-0.29129881655524165,0.0,0,0,0,1,0,0,0,1,0,1,0,0,0,0,0
1.11867774967575,0.8519847840025871,1,0,1,0,-0.3785934192715759,-0.8811217809799272,0.0,0,0,0,0,1,0,0,1,0,0,0,0,0,1,0
0.26001107067927737,-0.7190085932165602,0,0,1,0,0.9211122111844136,0.2985241478694439,0.0,0,0,0,0,1,0,1,0,0,0,0,1,0,0,0
-0.6064417404528691,0.3257946259631616,1,0,1,0,-0.5230051559889081,-0.29129881655524165,0.0,0,0,1,0,0,0,0,0,1,1,0,0,0,0,0
0.6008527633791398,-0.9925771338203936,1,0,1,0,-0.3785934192715759,-0.8811217809799272,0.0,0,0,0,1,0,1,0,0,0,0,0,0,0,1,0
-0.9070836364324889,-0.6087226117291186,0,0,1,0,-1.2450638395755689,-1.4709447454046127,0.0,0,0,0,0,1,1,0,0,0,0,0,0,0,0,1
0.6866890139686928,1.018999860704102,0,1,1,0,-0.9562403661409046,-0.29129881655524165,0.0,0,0,1,0,0,1,0,0,0,1,0,0,0,0,0
-0.31051977190170016,0.9724770029514269,1,0,1,0,1.4987591580537423,-0.8811217809799272,0.0,0,0,0,1,0,0,0,1,0,0,0,0,0,1,0
-1.4502948398090854,-1.5956502580069576,1,0,1,0,-1.5338873130102333,-1.4709447454046127,0.0,0,0,1,0,0,1,0,0,0,0,0,0,0,0,1
0.7701303384186241,-1.4400999581835339,0,0,0,0,0.19905352759775274,-1.4709447454046127,0.0,0,0,0,0,1,0,1,0,0,0,0,0,0,0,1
-0.047403047099534246,-1.2888942053875974,0,0,1,0,0.9211122111844136,1.478170076718815,0.0,0,0,0,0,1,0,1,0,0,0,1,0,0,0,0
-0.17125044657954452,0.38108415896773007,1,0,0,0,-0.3785934192715759,1.478170076718815,0.0,0,0,0,1,0,1,0,0,0,0,1,0,0,0,0
-1.3269334180420786,1.5788343978075796,1,0,0,0,-0.6674168927062403,-1.4709447454046127,0.0,0,0,0,0,1,0,1,0,0,0,0,0,0,0,1
1.275921257893954,0.813297627138773,0,0,0,0,-0.08976994583691159,-0.8811217809799272,0.0,0,0,0,1,0,1,0,0,0,0,0,0,0,1,0
-1.3978337205024893,-0.2912517338018881,1,0,1,0,1.4987591580537423,0.2985241478694439,0.0,0,0,0,1,0,0,0,1,0,0,0,1,0,0,0
-1.5368583088468737,-0.7172500860863869,1,0,1,0,-0.8118286294235724,0.2985241478694439,0.0,0,0,0,1,0,1,0,0,0,0,0,1,0,0,0
-1.2754197804637124,-0.13939085089863196,1,0,1,0,1.0655239479017458,0.8883471122941295,0.0,0,0,0,0,1,0,0,0,1,0,0,0,1,0,0
-1.1202984914670409,-0.54989020406523,0,0,0,0,0.7767004744670813,-0.29129881655524165,0.0,0,0,0,0,1,0,0,1,0,1,0,0,0,0,0
1.6211717124362441,0.3860062549056173,0,0,1,0,-0.5230051559889081,-0.29129881655524165,0.0,0,0,0,0,1,1,0,0,0,1,0,0,0,0,0
-0.30038066853688006,0.190337856141866,1,0,1,0,-1.2450638395755689,-0.8811217809799272,0.0,0,0,0,1,0,0,1,0,0,0,0,0,0,1,0
-1.06633398786842,-1.145627595076414,1,0,0,0,0.7767004744670813,-1.4709447454046127,0.0,0,0,0,0,1,0,0,1,0,0,0,0,0,0,1
0.6746829170877296,-0.39370201440046887,1,0,0,0,-1.6782990497275654,-0.8811217809799272,0.0,0,0,1,0,0,0,1,0,0,0,0,0,0,1,0
0.9125113196010177,0.6702723805513389,1,0,0,0,0.3434652643150849,1.478170076718815,0.0,0,0,1,0,0,0,0,0,1,0,1,0,0,0,0
-0.8199013324651927,-0.8773604362620737,1,0,0,0,-0.8118286294235724,-0.8811217809799272,0.0,0,0,0,1,0,0,1,0,0,0,0,0,0,1,0
-1.7201698014402849,1.0233875083965445,1,0,1,0,0.7767004744670813,-0.29129881655524165,0.0,0,0,0,1,0,0,0,0,1,1,0,0,0,0,0
1.4120684386282536,-1.2619735300565609,1,0,1,0,0.19905352759775274,0.8883471122941295,0.0,0,0,0,0,1,0,0,1,0,0,0,0,1,0,0
-0.9669497974379434,-1.0903380620718452,1,0,1,0,-1.389475576292901,0.8883471122941295,0.0,0,0,0,1,0,0,0,0,1,0,0,0,1,0,0
0.9381527623863943,0.4301240955537906,1,0,1,1,0.9211122111844136,0.2985241478694439,0.0,0,0,0,1,0,1,0,0,0,0,0,1,0,0,0
-0.6985957013114669,1.1663868945850049,1,0,0,0,-1.2450638395755689,-1.4709447454046127,0.0,0,0,0,0,1,0,0,1,0,0,0,0,0,0,1
-1.6290332471607087,0.33194078078577743,1,0,0,1,1.2099356846190779,-1.4709447454046127,0.0,0,0,1,0,0,0,0,0,1,0,0,0,0,0,1
-0.009772988645892537,-1.3510367441200475,1,0,1,0,1.2099356846190779,-0.8811217809799272,0.0,0,0,0,0,1,0,0,0,1,0,0,0,0,1,0
0.7924678320040852,-0.0428539815319084,1,0,1,1,-0.9562403661409046,-1.4709447454046127,0.0,0,0,0,0,1,0,1,0,0,0,0,0,0,0,1
0.7937859154415117,1.542035050068805,1,0,0,0,0.19905352759775274,1.478170076718815,0.0,0,0,1,0,0,0,0,0,1,0,1,0,0,0,0
-0.06551707969716679,-0.8253982745920488,0,0,1,0,-0.3785934192715759,0.8883471122941295,0.0,0,0,0,0,1,0,0,0,1,0,0,0,1,0,0
1.7336563236625762,-0.8395525329633463,0,0,0,1,-0.6674168927062403,-0.29129881655524165,0.0,0,0,0,0,1,0,1,0,0,1,0,0,0,0,0
1.4173547573481182,0.39114385416828074,1,0,1,0,-0.9562403661409046,-0.29129881655524165,0.0,0,0,1,0,0,0,1,0,0,1,0,0,0,0,0
-0.23248363841797973,0.4918614880356615,0,0,1,0,-0.9562403661409046,1.478170076718815,0.0,0,0,0,0,1,1,0,0,0,0,1,0,0,0,0
-0.6564834599220667,0.4014362929595896,0,0,0,0,-0.08976994583691159,1.478170076718815,0.0,0,0,0,0,1,0,1,0,0,0,1,0,0,0,0
1.684897725205409,0.8859222475883348,1,0,1,1,0.19905352759775274,1.478170076718815,0.0,0,0,0,0,1,0,0,0,1,0,1,0,0,0,0
1.5285702325325783,0.6220168760674637,0,0,1,0,-0.5230051559889081,1.478170076718815,0.0,0,0,1,0,0,0,0,1,0,0,1,0,0,0,0
1.3185264694814371,1.700007607262712,1,0,1,0,-1.389475576292901,0.8883471122941295,0.0,0,0,0,0,1,0,1,0,0,0,0,0,1,0,0
1.1399488892866347,-1.6596892259974378,1,0,1,0,-0.6674168927062403,0.8883471122941295,0.0,0,0,1,0,0,1,0,0,0,0,0,0,1,0,0
1.437255369883483,-1.574479211380949,1,0,0,0,-0.5230051559889081,0.2985241478694439,0.0,0,0,0,1,0,1,0,0,0,0,0,1,0,0,0
-0.9742884105285494,-0.8197865680148779,1,0,1,0,1.4987591580537423,1.478170076718815,0.0,0,0,1,0,0,1,0,0,0,0,1,0,0,0,0
1.1212125255169552,1.6348566421163868,1,0,1,0,0.48787700103241705,-0.8811217809799272,0.0,0,0,0,0,1,0,1,0,0,0,0,0,0,1,0
0.9100254911553671,-0.6077312964351481,1,0,1,0,1.0655239479017458,-0.8811217809799272,0.0,0,0,1,0,0,0,0,0,1,0,0,0,0,1,0
-1.4798415855111877,-0.07023152391147046,1,0,0,0,-0.3785934192715759,-0.8811217809799272,0.0,0,0,1,0,0,0,1,0,0,0,0,0,0,1,0
-1.5498608348516205,-0.8780500469013574,1,0,1,0,0.05464179088042058,1.478170076718815,0.0,0,0,0,1,0,0,1,0,0,0,1,0,0,0,0
0.2691432561926948,1.5212260490284197,1,0,0,0,0.05464179088042058,0.8883471122941295,0.0,0,0,1,0,0,0,0,0,1,0,0,0,1,0,0
0.31904862220284846,0.9667273742463992,1,0,0,0,-0.9562403661409046,-0.8811217809799272,0.0,0,0,0,0,1,0,0,1,0,0,0,0,0,1,0
0.03088481584703684,-0.34547237031556666,1,0,1,0,0.7767004744670813,-1.4709447454046127,0.0,0,0,1,0,0,0,0,1,0,0,0,0,0,0,1
-1.3605637750304256,-0.6855797174772839,1,0,0,0,-0.6674168927062403,0.2985241478694439,0.0,0,0,0,1,0,0,1,0,0,0,0,1,0,0,0
-0.23572465525218278,1.2959819739723895,1,0,1,0,-0.5230051559889081,0.8883471122941295,0.0,0,0,1,0,0,0,1,0,0,0,0,0,1,0,0
1.2990384135657447,-0.8954109947453239,1,0,1,1,0.7767004744670813,0.8883471122941295,0.0,0,0,0,0,1,0,0,0,1,0,0,0,1,0,0
-1.5979761246815023,-1.0202994815195972,1,0,1,0,-0.3785934192715759,-1.4709447454046127,0.0,0,0,1,0,0,0,0,1,0,0,0,0,0,0,1
1.5415902397500232,0.34658638673756426,1,0,1,0,-0.3785934192715759,0.8883471122941295,0.0,0,0,1,0,0,1,0,0,0,0,0,0,1,0,0
-1.5717508093920136,-1.2635941150588774,1,0,1,0,1.4987591580537423,0.2985241478694439,0.0,0,0,1,0,0,0,0,0,1,0,0,1,0,0,0
0.14594266158250938,-1.6055116901487143,1,0,1,0,-0.5230051559889081,0.2985241478694439,0.0,0,0,0,0,1,0,1,0,0,0,0,1,0,0,0
1.6694163632400907,1.5866700986964404,1,0,0,0,-0.23418168255424376,-1.4709447454046127,0.0,0,0,1,0,0,0,0,1,0,0,0,0,0,0,1
-0.3921255690183453,0.16829617608376143,1,0,1,0,-0.8118286294235724,0.8883471122941295,0.0,0,0,0,0,1,0,1,0,0,0,0,0,1,0,0
-0.5094000325239202,0.7875061892295635,1,0,0,0,-0.9562403661409046,0.2985241478694439,0.0,0,0,0,0,1,0,0,0,1,0,0,1,0,0,0
0.2510467048077606,-0.9442095676076349,1,0,0,0,1.35434742133641,-0.29129881655524165,0.0,0,0,0,0,1,1,0,0,0,1,0,0,0,0,0
1.1931372270414666,1.3800368907680785,1,1,0,0,-0.8118286294235724,-0.29129881655524165,0.0,0,0,0,1,0,0,0,0,1,1,0,0,0,0,0
0.014578340642374014,0.3300443515277471,1,0,1,0,1.4987591580537423,1.478170076718815,0.0,0,0,1,0,0,0,0,1,0,0,1,0,0,0,0
1.6405478885906697,-0.9680787158598411,0,0,0,0,1.4987591580537423,1.478170076718815,0.0,0,0,1,0,0,1,0,0,0,0,1,0,0,0,0
-0.06817422402725774,0.633300630152743,1,0,0,0,-0.8118286294235724,-0.8811217809799272,0.0,0,0,1,0,0,0,0,0,1,0,0,0,0,1,0
0.6031847571530485,0.8567689578126174,1,0,1,0,0.3434652643150849,-0.29129881655524165,0.0,0,0,0,0,1,0,1,0,0,1,0,0,0,0,0
-0.9808298803201283,0.2953396961057964,1,0,1,1,0.3434652643150849,0.2985241478694439,0.0,0,0,0,0,1,0,0,1,0,0,0,1,0,0,0
0.7549426608266314,1.1650593941043839,1,0,1,1,0.48787700103241705,-0.8811217809799272,0.0,0,0,0,1,0,1,0,0,0,0,0,0,0,1,0
1.3203585005721838,1.4074402935466135,1,0,1,0,-0.23418168255424376,-1.4709447454046127,0.0,0,0,0,0,1,0,0,0,1,0,0,0,0,0,1
-0.5564419758941468,-0.5479248137432714,1,0,1,0,0.48787700103241705,1.478170076718815,0.0,0,0,0,1,0,0,0,1,0,0,1,0,0,0,0
-1.701758588226787,0.6359642512469763,0,0,1,0,-1.2450638395755689,0.2985241478694439,0.0,0,0,0,0,1,0,1,0,0,0,0,1,0,0,0
0.3976721244332202,-0.2415825275074812,1,0,0,0,1.4987591580537423,0.2985241478694439,0.0,0,0,1,0,0,0,0,1,0,0,0,1,0,0,0
0.28084517997271335,-1.2371044463773933,1,0,0,0,0.19905352759775274,-0.29129881655524165,0.0,0,0,0,1,0,0,0,1,0,1,0,0,0,0,0
-0.8036927520516387,-0.628195492155891,1,0,0,0,-1.1006521028582368,1.478170076718815,0.0,0,0,0,1,0,0,0,0,1,0,1,0,0,0,0
-0.9733059663749237,1.1929369041974265,1,0,1,0,-0.3785934192715759,-1.4709447454046127,0.0,0,0,0,1,0,0,1,0,0,0,0,0,0,0,1
-0.6715627539953323,1.1540601044078098,1,0,1,0,0.48787700103241705,0.2985241478694439,0.0,0,0,0,1,0,0,0,0,1,0,0,1,0,0,0
1.115643011151383,-1.5462913765002286,1,0,0,1,-1.389475576292901,0.2985241478694439,0.0,0,0,1,0,0,0,0,1,0,0,0,1,0,0,0
-0.6234579528930693,0.8584154032139074,1,0,1,0,-0.5230051559889081,-1.4709447454046127,0.0,0,0,0,0,1,1,0,0,0,0,0,0,0,0,1
-0.31397056328827877,0.5629689650787991,1,0,1,0,-0.23418168255424376,-1.4709447454046127,0.0,0,0,1,0,0,0,1,0,0,0,0,0,0,0,1
-0.2864761119569177,0.8060480952933035,1,0,0,0,0.9211122111844136,1.478170076718815,0.0,0,0,0,1,0,0,0,0,1,0,1,0,0,0,0
-0.23608826447630046,1.7139636025752156,0,0,1,0,-0.08976994583691159,0.8883471122941295,0.0,0,0,0,1,0,0,0,1,0,0,0,0,1,0,0
0.9931766274745123,-1.276067447496921,1,0,0,0,0.19905352759775274,-0.8811217809799272,0.0,0,0,0,0,1,0,0,1,0,0,0,0,0,1,0
-1.4180629798365754,-1.2369061833185993,1,0,1,0,1.0655239479017458,0.2985241478694439,0.0,0,0,1,0,0,0,1,0,0,0,0,1,0,0,0
-0.8794178692166879,0.08966332293944065,1,0,1,0,0.05464179088042058,0.8883471122941295,0.0,0,0,0,0,1,0,0,0,1,0,0,0,1,0,0
1.4712423436108688,-0.1057637121005616,1,0,1,0,0.7767004744670813,-1.4709447454046127,0.0,0,0,0,0,1,0,1,0,0,0,0,0,0,0,1
-0.30822973303826673,-1.017265194706749,0,0,0,0,-1.6782990497275654,0.2985241478694439,0.0,0,0,0,0,1,0,1,0,0,0,0,1,0,0,0
-0.0399525542476613,-0.17166462881710795,1,0,0,1,-0.8118286294235724,-1.4709447454046127,0.0,0,0,0,1,0,1,0,0,0,0,0,0,0,0,1
-0.9332809817816607,-0.8883424856926662,1,0,1,0,0.9211122111844136,-1.4709447454046127,0.0,0,0,0,0,1,0,0,1,0,0,0,0,0,0,1
0.6717915245074859,-0.7078886216581108,1,0,1,0,-1.6782990497275654,-0.8811217809799272,0.0,0,0,1,0,0,0,1,0,0,0,0,0,0,1,0
0.1382054768423899,-0.2871054498331951,1,0,1,0,-0.08976994583691159,0.8883471122941295,0.0,0,0,1,0,0,0,0,0,1,0,0,0,1,0,0
-1.017026479332537,1.6727938474099802,0,0,0,0,0.9211122111844136,1.478170076718815,0.0,0,0,1,0,0,0,1,0,0,0,1,0,0,0,0
-0.7915747754094086,0.022340084279371647,0,0,0,0,-0.3785934192715759,-0.8811217809799272,0.0,0,0,1,0,0,0,1,0,0,0,0,0,0,1,0
1.5484603563403239,-0.10348799699092558,0,0,1,0,0.9211122111844136,-0.8811217809799272,0.0,0,0,1,0,0,0,1,0,0,0,0,0,0,1,0
0.6700853581481646,0.3800411228758135,0,0,1,0,-0.9562403661409046,-1.4709447454046127,0.0,0,0,1,0,0,0,0,1,0,0,0,0,0,0,1
1.614920430775451,-0.31351753731775966,1,0,1,1,-1.2450638395755689,0.2985241478694439,0.0,0,0,0,1,0,0,1,0,0,0,0,1,0,0,0
-0.1468256961979462,-1.4039902210840425,1,0,1,0,0.7767004744670813,-0.8811217809799272,0.0,0,0,0,0,1,1,0,0,0,0,0,0,0,1,0
0.9176298186789823,-0.22339404689637435,0,0,1,0,0.19905352759775274,-0.8811217809799272,0.0,0,0,1,0,0,0,0,1,0,0,0,0,0,1,0
1.5443417826286834,-0.5656391870398709,1,0,1,0,0.6322887377497493,-0.8811217809799272,0.0,0,0,0,0,1,0,0,1,0,0,0,0,0,1,0
-0.5459427595477483,0.4914908223170462,1,0,0,1,1.2099356846190779,-0.8811217809799272,0.0,0,0,0,1,0,0,0,1,0,0,0,0,0,1,0
-1.1787871329118955,-0.3763065860245379,1,0,1,1,0.48787700103241705,-0.8811217809799272,0.0,0,0,0,0,1,0,0,0,1,0,0,0,0,1,0
1.513288156392016,-1.3786384099573765,1,0,1,0,0.3434652643150849,-1.4709447454046127,0.0,0,0,0,0,1,0,0,1,0,0,0,0,0,0,1
-1.355249486370244,0.45564830934027734,1,0,0,0,1.2099356846190779,0.2985241478694439,0.0,0,0,0,1,0,0,0,1,0,0,0,1,0,0,0
0.3796420016565381,-0.44532799088384284,1,0,1,0,-1.2450638395755689,-0.8811217809799272,0.0,0,0,0,1,0,1,0,0,0,0,0,0,0,1,0
-1.6236804998325916,-1.305712084853128,1,0,1,0,1.35434742133641,-0.29129881655524165,0.0,0,0,0,0,1,1,0,0,0,1,0,0,0,0,0
1.2731871962279924,1.295913012908461,1,0,1,0,0.48787700103241705,1.478170076718815,0.0,0,0,1,0,0,1,0,0,0,0,1,0,0,0,0
1.5352725294809784,0.820081671802726,1,0,1,0,-0.3785934192715759,-0.8811217809799272,0.0,0,0,0,0,1,0,1,0,0,0,0,0,0,1,0
-1.6817530884152345,-0.5260469162119967,0,0,1,0,0.19905352759775274,1.478170076718815,0.0,0,0,0,1,0,0,0,0,1,0,1,0,0,0,0
1.1435675003151138,0.01628013078666658,1,0,0,1,1.6431708947710744,-1.4709447454046127,0.0,0,0,0,0,1,0,0,0,1,0,0,0,0,0,1
-0.6743212893590712,-1.6296566826566339,0,0,0,0,-0.08976994583691159,0.2985241478694439,0.0,0,0,0,0,1,0,0,1,0,0,0,1,0,0,0
-0.3841506397855332,1.1325873531271138,1,0,1,1,1.2099356846190779,0.8883471122941295,0.0,0,0,0,1,0,1,0,0,0,0,0,0,1,0,0
-0.6382016076825339,-0.03605269660197327,1,0,1,0,-1.2450638395755689,0.8883471122941295,0.0,0,0,0,0,1,1,0,0,0,0,0,0,1,0,0
0.6981496970134792,-1.227475757826395,1,0,1,0,0.05464179088042058,0.2985241478694439,0.0,0,0,0,0,1,1,0,0,0,0,0,1,0,0,0
1.0465013186883876,-0.633246890088644,1,0,1,0,0.6322887377497493,-1.4709447454046127,0.0,0,0,0,1,0,0,0,0,1,0,0,0,0,0,1
-1.0659424087039853,-1.2402249345201521,1,0,1,1,0.6322887377497493,-1.4709447454046127,0.0,0,0,0,0,1,0,0,0,1,0,0,0,0,0,1
0.08326901781776182,1.1043736578474208,1,0,1,0,-1.2450638395755689,-0.8811217809799272,0.0,0,0,0,1,0,0,1,0,0,0,0,0,0,1,0
-0.3899544024012579,1.1808083770790252,1,0,1,0,1.35434742133641,-1.4709447454046127,0.0,0,0,1,0,0,1,0,0,0,0,0,0,0,0,1
0.4231946949722506,-1.0747270012250614,1,0,1,0,-0.5230051559889081,0.8883471122941295,0.0,0,0,0,1,0,0,0,0,1,0,0,0,1,0,0
1.3481151700940148,-1.19199529043525,1,0,1,1,-0.6674168927062403,1.478170076718815,0.0,0,0,1,0,0,1,0,0,0,0,1,0,0,0,0
-1.674134775921461,-0.9685355829083665,1,1,0,1,1.4987591580537423,1.478170076718815,0.0,0,0,0,1,0,0,1,0,0,0,1,0,0,0,0
1.0025220837828448,-1.6952127940535382,1,0,1,0,1.4987591580537423,-0.29129881655524165,0.0,0,0,0,0,1,0,0,1,0,1,0,0,0,0,0
-0.36037619051629943,-0.05649965205673404,0,0,1,1,0.05464179088042058,0.2985241478694439,0.0,0,0,0,1,0,0,0,0,1,0,0,1,0,0,0
-0.8725582413540061,1.694163157094783,0,0,1,0,1.35434742133641,0.8883471122941295,0.0,0,0,0,0,1,1,0,0,0,0,0,0,1,0,0
-0.44535935792619136,-0.00963198898441743,1,0,1,0,-0.9562403661409046,-0.29129881655524165,0.0,0,0,0,1,0,0,0,0,1,1,0,0,0,0,0
-0.14245888926599437,-1.4682274521333167,0,0,1,1,0.05464179088042058,-0.8811217809799272,0.0,0,0,1,0,0,1,0,0,0,0,0,0,0,1,0
-0.7876624800076037,-1.2186142611116,1,0,1,0,-1.5338873130102333,1.478170076718815,0.0,0,0,1,0,0,0,1,0,0,0,1,0,0,0,0
0.4289704876476587,-0.7999085413375261,1,0,1,0,0.7767004744670813,1.478170076718815,0.0,0,0,1,0,0,1,0,0,0,0,1,0,0,0,0
1.3499087425168257,-0.7354385666974936,1,0,0,1,-1.6782990497275654,-1.4709447454046127,0.0,0,0,0,1,0,0,0,0,1,0,0,0,0,0,1
-1.1103656664120567,-1.011446604937793,1,0,1,0,-1.1006521028582368,-0.8811217809799272,0.0,0,0,0,0,1,0,1,0,0,0,0,0,0,1,0
1.7136578163361027,1.074987624480945,1,0,0,0,-0.8118286294235724,0.2985241478694439,0.0,0,0,0,1,0,0,0,1,0,0,0,1,0,0,0
0.47527122759949164,-0.8701884856135236,1,0,1,0,-1.1006521028582368,-0.29129881655524165,0.0,0,0,0,0,1,0,0,1,0,1,0,0,0,0,0
1.3857067698797205,1.0094573734830143,1,0,1,1,-1.6782990497275654,1.478170076718815,0.0,0,0,1,0,0,0,1,0,0,0,1,0,0,0,0
0.3173599370562246,1.4376538596802295,1,0,0,1,-1.6782990497275654,-0.8811217809799272,0.0,0,0,0,1,0,0,1,0,0,0,0,0,0,1,0
-1.4095706067079035,-1.5060698359640083,1,0,1,0,1.6431708947710744,-0.8811217809799272,0.0,0,0,1,0,0,0,1,0,0,0,0,0,0,1,0
-0.7442811025763313,-1.0860883365072598,1,0,1,0,0.19905352759775274,0.2985241478694439,0.0,0,0,0,0,1,1,0,0,0,0,0,1,0,0,0
-1.6697050366237964,-1.5387573802660546,1,0,1,0,-0.8118286294235724,-1.4709447454046127,0.0,0,0,1,0,0,0,1,0,0,0,0,0,0,0,1
-1.5360052256672128,0.040226860235791945,1,0,1,0,0.9211122111844136,-1.4709447454046127,0.0,0,0,1,0,0,0,0,1,0,0,0,0,0,0,1
-0.8714044813159402,0.15348678760514467,1,0,0,1,0.3434652643150849,0.8883471122941295,0.0,0,0,0,1,0,1,0,0,0,0,0,0,1,0,0
-1.2086100817746257,1.213668324040892,1,0,1,0,1.6431708947710744,-0.8811217809799272,0.0,0,0,1,0,0,0,1,0,0,0,0,0,0,1,0
0.08331796521331591,0.5729510790824303,1,1,0,0,-0.5230051559889081,-0.8811217809799272,0.0,0,0,0,0,1,0,1,0,0,0,0,0,0,1,0
1.2519824852253596,0.31681244738649167,1,0,0,1,1.0655239479017458,0.2985241478694439,0.0,0,0,1,0,0,1,0,0,0,0,0,1,0,0,0
-1.7070309219764936,-0.0030548275122492933,1,0,1,0,-0.23418168255424376,-0.29129881655524165,0.0,0,0,1,0,0,0,0,0,1,1,0,0,0,0,0
1.1711668389226628,-0.3815217664841209,1,0,1,0,-0.5230051559889081,1.478170076718815,0.0,0,0,0,0,1,1,0,0,0,0,1,0,0,0,0
-1.216833244227749,1.3549436836311441,1,0,0,0,0.3434652643150849,-0.8811217809799272,0.0,0,0,1,0,0,0,0,1,0,0,0,0,0,1,0
-1.1603094910901457,-0.5149959057174761,1,0,1,0,-0.23418168255424376,0.2985241478694439,0.0,0,0,0,1,0,0,1,0,0,0,0,1,0,0,0
1.5488484392622188,-1.410274298034515,1,0,1,0,0.19905352759775274,-0.29129881655524165,0.0,0,0,0,1,0,0,1,0,0,1,0,0,0,0,0
-1.7286516858413379,1.5377767043712278,1,0,1,0,-1.2450638395755689,-0.8811217809799272,0.0,0,0,0,0,1,0,0,0,1,0,0,0,0,1,0
0.7233366282687086,0.1189459147100235,1,0,1,0,-1.389475576292901,-0.29129881655524165,0.0,0,0,1,0,0,1,0,0,0,1,0,0,0,0,0
0.5716276719906802,-0.5200128231182646,1,0,1,0,-0.9562403661409046,1.478170076718815,0.0,0,0,1,0,0,0,0,0,1,0,1,0,0,0,0
-0.4869541554197318,-0.5227195448774533,0,1,1,0,0.05464179088042058,0.8883471122941295,0.0,0,0,0,1,0,1,0,0,0,0,0,0,1,0,0
0.36544376070325024,1.0716516330134105,1,0,1,0,0.9211122111844136,0.2985241478694439,0.0,0,0,0,0,1,0,1,0,0,0,0,1,0,0,0
-0.22313818210964725,0.35060336871139197,1,0,1,1,1.35434742133641,0.2985241478694439,0.0,0,0,1,0,0,0,1,0,0,0,0,1,0,0,0
-0.9289631222452632,0.20528516674833938,1,0,1,0,-0.08976994583691159,-0.29129881655524165,0.0,0,0,0,0,1,0,0,0,1,1,0,0,0,0,0
-0.8630169954634561,1.4992533300342439,1,0,0,1,-0.08976994583691159,-0.29129881655524165,0.0,0,0,0,0,1,0,0,1,0,1,0,0,0,0,0
0.018263380279105238,1.2326757172861484,1,0,1,0,-0.08976994583691159,-1.4709447454046127,0.0,0,0,1,0,0,0,1,0,0,0,0,0,0,0,1
-1.3999978946344975,-1.5313785464257192,1,0,1,0,-0.08976994583691159,0.2985241478694439,0.0,0,0,1,0,0,0,1,0,0,0,0,1,0,0,0
-0.717674696850027,1.241942360251523,1,0,1,0,-1.389475576292901,1.478170076718815,0.0,0,0,0,1,0,0,1,0,0,0,1,0,0,0,0
0.30951436879737765,0.9860537124123242,1,0,1,0,-1.2450638395755689,1.478170076718815,0.0,0,0,0,0,1,0,0,0,1,0,1,0,0,0,0
1.3262286917961612,-0.6834333043625136,1,0,1,0,-1.2450638395755689,0.8883471122941295,0.0,0,0,0,1,0,0,0,0,1,0,0,0,1,0,0
-0.709759203740388,-1.1477136672602473,1,0,1,0,0.7767004744670813,0.2985241478694439,0.0,0,0,1,0,0,1,0,0,0,0,0,1,0,0,0
0.8144347238803493,-0.9491661440774862,1,0,0,1,0.19905352759775274,-0.29129881655524165,0.0,0,0,0,1,0,1,0,0,0,1,0,0,0,0,0
0.0509147893563663,0.7119593436960371,1,0,1,1,1.0655239479017458,-0.8811217809799272,0.0,0,0,0,0,1,0,1,0,0,0,0,0,0,1,0
0.9903481672599813,0.06838021458454821,1,0,0,0,-0.3785934192715759,1.478170076718815,0.0,0,0,0,1,0,0,1,0,0,0,1,0,0,0,0
-1.6727607526034007,0.18877761207048674,1,0,0,0,1.2099356846190779,-0.29129881655524165,0.0,0,0,1,0,0,1,0,0,0,1,0,0,0,0,0
0.8599313280480757,0.28453004933502485,1,0,1,0,0.9211122111844136,0.8883471122941295,0.0,0,0,0,1,0,0,1,0,0,0,0,0,1,0,0
-0.7024905155005737,-0.2969755021079425,1,0,0,0,-0.08976994583691159,0.8883471122941295,0.0,0,0,1,0,0,0,1,0,0,0,0,0,1,0,0
1.0903372076498072,-1.0932085663578637,1,0,1,0,0.05464179088042058,0.8883471122941295,0.0,0,0,0,0,1,1,0,0,0,0,0,0,1,0,0
1.714311613691007,0.6898918032389596,1,0,1,0,-0.23418168255424376,1.478170076718815,0.0,0,0,1,0,0,0,0,0,1,0,1,0,0,0,0
0.6584044118233835,0.06982839692704379,0,0,1,1,0.19905352759775274,-1.4709447454046127,0.0,0,0,1,0,0,0,1,0,0,0,0,0,0,0,1
-0.18826665901974468,1.473082606273428,0,0,0,0,1.35434742133641,0.2985241478694439,0.0,0,0,0,0,1,0,0,0,1,0,0,1,0,0,0
0.019850674392080544,-0.6488062301374821,1,0,0,0,-1.6782990497275654,-1.4709447454046127,0.0,0,0,1,0,0,0,0,0,1,0,0,0,0,0,1
1.2982412702667172,-1.5288614675923338,1,0,0,1,0.3434652643150849,1.478170076718815,0.0,0,0,0,0,1,0,0,0,1,0,1,0,0,0,0
-0.23748676149213777,1.729591903687982,1,1,1,1,0.3434652643150849,0.2985241478694439,0.0,0,0,0,0,1,0,0,0,1,0,0,1,0,0,0
0.9891070011584256,0.9982684408606364,1,0,1,0,-0.3785934192715759,0.2985241478694439,0.0,0,0,0,0,1,0,0,1,0,0,0,1,0,0,0
1.628817994870334,-1.6217002999058985,1,0,1,0,1.35434742133641,1.478170076718815,0.0,0,0,1,0,0,0,1,0,0,0,1,0,0,0,0
-0.27317640533630516,1.3031797850199132,1,0,0,0,0.19905352759775274,0.2985241478694439,0.0,0,0,0,0,1,0,0,1,0,0,0,1,0,0,0
1.6714301989428964,0.35929246276636617,0,0,1,0,-1.6782990497275654,-0.8811217809799272,0.0,0,0,0,1,0,0,0,0,1,0,0,0,0,1,0
-1.3477675273355145,-1.473321950731025,1,0,1,1,-0.9562403661409046,1.478170076718815,0.0,0,0,0,1,0,1,0,0,0,0,1,0,0,0,0
0.47436220453919725,-1.556670016621448,1,0,1,0,1.6431708947710744,-0.29129881655524165,0.0,0,0,1,0,0,1,0,0,0,1,0,0,0,0,0
-0.5838245474642406,1.3602795459526011,1,0,0,1,-1.6782990497275654,0.2985241478694439,0.0,0,0,0,1,0,1,0,0,0,0,0,1,0,0,0
1.1813478971979579,-1.394352912400053,1,0,1,0,1.2099356846190779,-0.8811217809799272,0.0,0,0,0,0,1,0,1,0,0,0,0,0,0,1,0
0.8233361573861536,0.8563551914290471,1,1,1,0,-0.3785934192715759,-0.8811217809799272,0.0,0,0,0,1,0,0,0,1,0,0,0,0,0,1,0
-1.4733770330554796,-0.6526077087865332,0,0,1,0,1.4987591580537423,0.8883471122941295,0.0,0,0,0,0,1,1,0,0,0,0,0,0,1,0,0
0.07472769729353551,0.6354298030015312,1,0,1,1,-0.23418168255424376,0.8883471122941295,0.0,0,0,0,1,0,0,0,1,0,0,0,0,1,0,0
0.8343283439306345,-1.6584048261817719,1,0,0,0,-1.5338873130102333,0.8883471122941295,0.0,0,0,1,0,0,0,0,0,1,0,0,0,1,0,0
0.15631601319748245,1.7126016215626305,1,0,1,0,0.05464179088042058,0.8883471122941295,0.0,0,0,0,1,0,0,1,0,0,0,0,0,1,0,0
-0.7668913030798805,-0.09718667977447105,0,0,0,1,1.6431708947710744,0.2985241478694439,0.0,0,0,1,0,0,1,0,0,0,0,0,1,0,0,0
-0.7077348793099636,-0.9973268270984599,1,1,1,0,0.3434652643150849,-1.4709447454046127,0.0,0,0,0,1,0,0,1,0,0,0,0,0,0,0,1
-0.5259372597361961,-1.5618593366820577,1,0,1,0,1.4987591580537423,-1.4709447454046127,0.0,0,0,0,0,1,1,0,0,0,0,0,0,0,0,1
-1.374657128707526,0.28178884704387197,1,0,1,1,0.3434652643150849,-0.29129881655524165,0.0,0,0,0,0,1,0,0,0,1,1,0,0,0,0,0
1.4035585842868838,-0.29231201015978675,0,0,1,0,0.9211122111844136,0.8883471122941295,0.0,0,0,1,0,0,0,0,0,1,0,0,0,1,0,0
-1.199222670555818,-1.6058737357343382,1,0,1,0,0.6322887377497493,-0.8811217809799272,0.0,0,0,1,0,0,0,0,1,0,0,0,0,0,1,0
1.4764902036627976,0.06551833043152082,1,0,0,0,1.2099356846190779,-1.4709447454046127,0.0,0,0,0,0,1,1,0,0,0,0,0,0,0,0,1
-0.7031163429151609,1.0720136785990344,1,0,0,0,-0.5230051559889081,0.8883471122941295,0.0,0,0,0,1,0,0,1,0,0,0,0,0,1,0,0
-0.5949216212849096,-1.3419942246124401,1,0,0,0,1.4987591580537423,-1.4709447454046127,0.0,0,0,0,0,1,1,0,0,0,0,0,0,0,0,1
1.1735407876070463,1.003440520655264,0,0,1,1,0.6322887377497493,0.2985241478694439,0.0,0,0,1,0,0,1,0,0,0,0,0,1,0,0,0
-0.05122793643784939,1.350323292347943,1,0,1,0,0.9211122111844136,-0.29129881655524165,0.0,0,0,0,0,1,0,1,0,0,1,0,0,0,0,0
0.0074390133765246625,-0.3349040872685446,1,0,0,0,1.4987591580537423,-0.29129881655524165,0.0,0,0,0,0,1,1,0,0,0,1,0,0,0,0,0
-0.46718290385833217,1.6307965594776042,1,0,0,0,1.2099356846190779,-0.8811217809799272,0.0,0,0,1,0,0,1,0,0,0,0,0,0,0,1,0
0.3329706599955085,1.5572495847980006,1,0,1,0,-0.08976994583691159,0.2985241478694439,0.0,0,0,0,1,0,0,1,0,0,0,0,1,0,0,0
-0.7121716110927072,-0.07713625043729803,1,0,1,0,-0.5230051559889081,-0.8811217809799272,0.0,0,0,0,0,1,1,0,0,0,0,0,0,0,1,0
-0.3091877034941152,-1.7101170039950564,1,0,1,1,-0.9562403661409046,0.8883471122941295,0.0,0,0,1,0,0,1,0,0,0,0,0,0,1,0,0
0.526431744681359,0.5095931015982427,1,0,1,0,-1.1006521028582368,-0.8811217809799272,0.0,0,0,1,0,0,0,0,1,0,0,0,0,0,1,0
-0.733876284778502,-0.6677274220528278,1,0,1,1,-0.08976994583691159,-0.29129881655524165,0.0,0,0,1,0,0,1,0,0,0,1,0,0,0,0,0
-1.1094461546241436,1.565007704489942,1,0,0,0,-1.2450638395755689,0.2985241478694439,0.0,0,0,0,1,0,0,1,0,0,0,0,1,0,0,0
-0.15641938572659014,1.4052938804318431,1,0,1,1,-0.8118286294235724,-1.4709447454046127,0.0,0,0,1,0,0,0,0,0,1,0,0,0,0,0,1
-1.3268879668890639,0.6662726388434936,1,0,0,1,0.05464179088042058,0.8883471122941295,0.0,0,0,0,1,0,0,1,0,0,0,0,0,1,0,0
1.5593546480936962,0.8162715730206836,1,0,0,1,0.7767004744670813,-0.29129881655524165,0.0,0,0,1,0,0,1,0,0,0,1,0,0,0,0,0
0.17308399241737146,-0.2953118164406708,1,0,1,0,0.6322887377497493,-1.4709447454046127,0.0,0,0,1,0,0,0,0,1,0,0,0,0,0,0,1
0.9706643217620715,-1.0051280474553566,1,0,1,0,0.19905352759775274,-0.29129881655524165,0.0,0,0,0,1,0,0,0,1,0,1,0,0,0,0,0
0.8477434265550536,0.8919218601501029,1,0,1,0,-1.6782990497275654,1.478170076718815,0.0,0,0,0,0,1,0,0,1,0,0,1,0,0,0,0
1.4065478716582358,0.7203639733623068,1,0,1,0,1.4987591580537423,0.8883471122941295,0.0,0,0,0,0,1,0,0,1,0,0,0,0,1,0,0
1.1950496717106238,0.9524524340132272,1,0,1,0,1.0655239479017458,0.2985241478694439,0.0,0,0,0,0,1,0,0,1,0,0,0,1,0,0,0
-0.11871240993707728,0.2012681847745121,1,0,0,0,-0.5230051559889081,0.2985241478694439,0.0,0,0,0,1,0,0,0,0,1,0,0,1,0,0,0
1.7484873845155307,-0.8058995337663029,1,0,0,1,1.35434742133641,0.8883471122941295,0.0,0,0,0,1,0,0,0,0,1,0,0,0,1,0,0
-0.7747123976409506,-0.7399382761188195,0,0,0,0,-1.5338873130102333,0.8883471122941295,0.0,0,0,0,1,0,0,1,0,0,0,0,0,1,0,0
1.6579032365572102,0.286116153805377,1,0,1,0,0.19905352759775274,-0.8811217809799272,0.0,0,0,1,0,0,0,1,0,0,0,0,0,0,1,0
0.179611477238792,-1.3871895818844941,1,0,1,0,1.2099356846190779,-0.8811217809799272,0.0,0,0,0,1,0,0,0,1,0,0,0,0,0,1,0
-0.07335915171347444,0.9049899817645284,0,0,1,0,0.9211122111844136,-0.8811217809799272,0.0,0,0,1,0,0,0,1,0,0,0,0,0,0,1,0
1.2375395072943003,-1.5245169205648468,1,0,0,1,-0.8118286294235724,0.2985241478694439,0.0,0,0,0,0,1,0,0,1,0,0,0,1,0,0,0
-0.11131086448075844,0.3907818085826567,0,0,1,1,-0.8118286294235724,-0.29129881655524165,0.0,0,0,1,0,0,0,0,1,0,1,0,0,0,0,0
-1.483781850853309,0.07231099522846511,1,0,1,0,-0.9562403661409046,-0.8811217809799272,0.0,0,0,1,0,0,0,0,1,0,0,0,0,0,1,0
-1.1199488672130815,-1.5931590395725455,0,0,1,0,1.0655239479017458,-1.4709447454046127,0.0,0,0,0,0,1,0,1,0,0,0,0,0,0,0,1
0.7031703013003349,0.5873898018424322,1,0,1,0,-1.5338873130102333,1.478170076718815,0.0,0,0,0,1,0,0,0,1,0,0,1,0,0,0,0
0.5080380126805589,0.24686868829714514,1,1,0,0,-0.08976994583691159,-0.8811217809799272,0.0,0,0,1,0,0,0,1,0,0,0,0,0,0,1,0
-0.9898431935871997,0.24311893044604024,1,0,1,1,-0.3785934192715759,0.8883471122941295,0.0,0,0,1,0,0,0,1,0,0,0,0,0,1,0,0
-1.4205662894949243,-0.3698845869462089,1,0,0,1,0.19905352759775274,-1.4709447454046127,0.0,0,0,0,1,0,1,0,0,0,0,0,0,0,0,1
0.06686464782199046,0.38249786077826187,1,0,1,1,-0.08976994583691159,-0.8811217809799272,0.0,0,0,0,1,0,0,0,0,1,0,0,0,0,1,0
0.3719677492821311,-0.7016993661705396,1,0,1,0,-1.2450638395755689,-0.8811217809799272,0.0,0,0,0,0,1,0,0,1,0,0,0,0,0,1,0
0.9960190726592015,0.772179592771484,1,0,1,0,-0.9562403661409046,-1.4709447454046127,0.0,0,0,0,1,0,0,0,0,1,0,0,0,0,0,1
0.9586512323960293,1.5296392988276808,1,0,1,0,0.48787700103241705,0.8883471122941295,0.0,0,0,0,1,0,0,0,1,0,0,0,0,1,0,0
-1.5897354810156812,1.6099703181712373,1,0,1,0,1.0655239479017458,0.2985241478694439,0.0,0,0,0,1,0,0,0,1,0,0,0,1,0,0,0
-1.5252333024027263,-1.3849397271738308,0,0,0,0,-1.1006521028582368,-0.29129881655524165,0.0,0,0,1,0,0,0,1,0,0,1,0,0,0,0,0
-1.6804140275225705,0.7055718251496721,1,0,1,0,1.0655239479017458,0.8883471122941295,0.0,0,0,0,1,0,1,0,0,0,0,0,0,1,0,0
1.1268379797631602,-0.4284066698224196,1,0,0,0,-1.2450638395755689,0.8883471122941295,0.0,0,0,1,0,0,0,1,0,0,0,0,0,1,0,0
0.4621812955312545,1.5707142325300143,0,0,1,0,-1.1006521028582368,0.2985241478694439,0.0,0,0,1,0,0,0,1,0,0,0,0,1,0,0,0
0.8560819650119835,0.19475998436627226,1,0,0,0,-1.6782990497275654,-0.29129881655524165,0.0,0,0,0,0,1,1,0,0,0,1,0,0,0,0,0
1.1720933431956548,0.022952113721735938,1,0,0,0,-0.8118286294235724,0.8883471122941295,0.0,0,0,0,1,0,1,0,0,0,0,0,0,1,0,0
-0.01888419670407257,-1.3353136215443797,1,0,0,0,-0.6674168927062403,-0.8811217809799272,0.0,0,0,1,0,0,0,0,0,1,0,0,0,0,1,0
-0.2633764374978255,0.013763051953281107,1,0,1,1,-0.9562403661409046,0.8883471122941295,0.0,0,0,1,0,0,1,0,0,0,0,0,0,1,0,0
-0.6818766694871322,-1.402947184992126,1,0,1,0,0.05464179088042058,-1.4709447454046127,0.0,0,0,1,0,0,1,0,0,0,0,0,0,0,0,1
0.04302726618704389,-0.6727184790546433,1,0,0,0,0.9211122111844136,1.478170076718815,0.0,0,0,1,0,0,0,1,0,0,0,1,0,0,0,0
0.1371076566849575,1.1527498441931705,1,0,1,1,-0.23418168255424376,-0.8811217809799272,0.0,0,0,0,0,1,1,0,0,0,0,0,0,0,1,0
1.1537765285307262,0.5520472565791439,0,0,1,0,0.48787700103241705,-0.29129881655524165,0.0,0,0,0,1,0,0,1,0,0,1,0,0,0,0,0
0.7051107159098092,-0.12589172263465376,1,0,0,1,1.2099356846190779,1.478170076718815,0.0,0,0,0,0,1,0,0,0,1,0,1,0,0,0,0
0.6926221375583824,1.0019319973818308,1,0,1,0,1.35434742133641,0.8883471122941295,0.0,0,0,0,1,0,0,0,1,0,0,0,0,1,0,0
-0.40953336062297985,-1.6901441558548032,1,0,1,0,-0.23418168255424376,0.8883471122941295,0.0,0,0,1,0,0,0,1,0,0,0,0,0,1,0,0
0.06797645294958089,-0.4516637886322615,0,0,1,0,-1.6782990497275654,0.8883471122941295,0.0,0,0,0,0,1,1,0,0,0,0,0,0,1,0,0
-0.25921241263317,0.20773328451779655,0,0,1,0,0.6322887377497493,-0.8811217809799272,0.0,0,0,0,1,0,1,0,0,0,0,0,0,0,1,0
1.196731364372168,1.2043327200115894,1,0,1,0,0.19905352759775274,-1.4709447454046127,0.0,0,0,1,0,0,0,0,0,1,0,0,0,0,0,1
-1.039842958145922,0.3730501950200755,1,0,1,0,1.0655239479017458,1.478170076718815,0.0,0,0,0,1,0,0,0,0,1,0,1,0,0,0,0
0.004911230020398927,-0.8884976480865051,0,0,0,1,-0.5230051559889081,0.2985241478694439,0.0,0,0,1,0,0,0,1,0,0,0,0,1,0,0,0
0.3533222878184806,-1.3787073710213047,1,0,0,0,1.35434742133641,0.2985241478694439,0.0,0,0,0,0,1,0,0,1,0,0,0,1,0,0,0
-1.2714235752409573,1.6641133734879971,1,0,1,0,-1.5338873130102333,-1.4709447454046127,0.0,0,0,0,1,0,0,0,0,1,0,0,0,0,0,1
-0.6775063663126407,-0.43762159198984774,1,0,1,0,0.48787700103241705,-1.4709447454046127,0.0,0,0,0,1,0,0,0,1,0,0,0,0,0,0,1
0.9841772991775994,0.07653486039407768,0,0,1,1,-0.6674168927062403,-0.29129881655524165,0.0,0,0,0,1,0,1,0,0,0,1,0,0,0,0,0
-1.1219417254606499,1.420327392368227,0,0,0,1,-1.6782990497275654,-0.8811217809799272,0.0,0,0,1,0,0,1,0,0,0,0,0,0,0,1,0
-0.0944939378653153,1.488641946322266,1,0,0,0,1.35434742133641,-1.4709447454046127,0.0,0,0,1,0,0,0,1,0,0,0,0,0,0,0,1
-1.4667691346556486,0.24140352398082188,1,0,1,1,-1.1006521028582368,-1.4709447454046127,0.0,0,0,1,0,0,0,1,0,0,0,0,0,0,0,1
-1.3060014139575342,0.07277648240998155,1,0,1,0,1.0655239479017458,-0.8811217809799272,0.0,0,0,1,0,0,0,0,0,1,0,0,0,0,1,0
0.2682517143450985,0.6188188067277857,1,0,1,0,0.05464179088042058,1.478170076718815,0.0,0,0,0,1,0,0,0,1,0,0,1,0,0,0,0
-1.3696924643013035,-1.5402572834064965,1,0,1,1,-0.23418168255424376,-0.29129881655524165,0.0,0,0,0,0,1,1,0,0,0,1,0,0,0,0,0
0.6826263801376854,0.03497719924424524,0,0,1,0,0.05464179088042058,-0.8811217809799272,0.0,0,0,0,0,1,0,0,1,0,0,0,0,0,1,0
-0.0871588210172486,0.9803816649042161,1,0,1,0,0.7767004744670813,1.478170076718815,0.0,0,0,1,0,0,0,1,0,0,0,1,0,0,0,0
0.1880723841846075,1.709325971026033,1,0,1,1,1.6431708947710744,-0.29129881655524165,0.0,0,0,0,1,0,1,0,0,0,1,0,0,0,0,0
0.8423102656485257,1.0381365559442237,1,0,1,0,0.19905352759775274,1.478170076718815,0.0,0,0,1,0,0,0,0,0,1,0,1,0,0,0,0
1.0777961856602865,-1.5940986340685694,1,0,1,0,0.6322887377497493,0.2985241478694439,0.0,0,0,0,0,1,0,1,0,0,0,0,1,0,0,0
1.2743269712958998,0.48824103217942194,1,0,1,0,1.6431708947710744,0.8883471122941295,0.0,0,0,0,1,0,0,0,0,1,0,0,0,1,0,0
1.4354408200054338,1.3632534918345118,1,0,1,0,-1.2450638395755689,0.2985241478694439,0.0,0,0,0,1,0,0,0,1,0,0,0,1,0,0,0
1.5673960059347605,0.04383869595904024,1,0,0,1,0.05464179088042058,0.2985241478694439,0.0,0,0,0,0,1,0,1,0,0,0,0,1,0,0,0
-0.9165339800170095,-1.239819788269573,1,1,0,0,-1.2450638395755689,1.478170076718815,0.0,0,0,0,1,0,0,1,0,0,0,1,0,0,0,0
-0.47710873642823726,-0.00433922732791534,1,0,1,0,1.4987591580537423,0.2985241478694439,0.0,0,0,0,0,1,1,0,0,0,0,0,1,0,0,0
-0.8262679901297919,0.4225297583886788,1,0,0,0,0.6322887377497493,-1.4709447454046127,0.0,0,0,0,1,0,0,0,1,0,0,0,0,0,0,1
1.708560294713376,-0.6060762309008673,0,0,0,1,0.9211122111844136,-1.4709447454046127,0.0,0,0,1,0,0,0,0,0,1,0,0,0,0,0,1
-1.4899562151782306,0.3197519127364382,1,0,1,1,-0.6674168927062403,-0.8811217809799272,0.0,0,0,0,0,1,1,0,0,0,0,0,0,0,1,0
0.3454907045297916,1.211039183478623,1,0,1,1,-0.3785934192715759,-1.4709447454046127,0.0,0,0,0,0,1,0,0,0,1,0,0,0,0,0,1
0.3581925536761337,1.7157910707693174,1,0,1,0,0.7767004744670813,-0.29129881655524165,0.0,0,0,0,0,1,1,0,0,0,1,0,0,0,0,0
-0.9807634517118761,-0.49169568624267884,1,0,1,1,1.0655239479017458,1.478170076718815,0.0,0,0,0,1,0,1,0,0,0,0,1,0,0,0,0
-0.7481444505825818,1.5975314662651585,1,0,1,1,0.9211122111844136,0.2985241478694439,0.0,0,0,0,0,1,0,1,0,0,0,0,1,0,0,0
-0.3790566144053459,-0.2710289018048943,1,0,1,0,1.4987591580537423,0.8883471122941295,0.0,0,0,0,1,0,0,0,1,0,0,0,0,1,0,0
1.464620460240879,-0.5319948079758186,1,0,0,0,-0.08976994583691159,-0.29129881655524165,0.0,0,0,0,0,1,0,1,0,0,1,0,0,0,0,0
-1.2130642947700676,-1.020049497662857,1,0,1,0,-1.1006521028582368,-1.4709447454046127,0.0,0,0,0,1,0,0,1,0,0,0,0,0,0,0,1
1.3312562885680959,0.4117114914849164,1,0,1,0,-0.3785934192715759,-1.4709447454046127,0.0,0,0,0,0,1,0,0,1,0,0,0,0,0,0,1
-1.6588107448704241,0.5061364282688334,1,0,1,0,-1.5338873130102333,-1.4709447454046127,0.0,0,0,0,1,0,0,0,0,1,0,0,0,0,0,1
-1.5354842855288133,-1.4371087720356408,0,0,1,1,0.3434652643150849,-0.8811217809799272,0.0,0,0,0,0,1,0,1,0,0,0,0,0,0,1,0
0.30037519079888086,-0.7456965249568384,1,0,1,0,-0.23418168255424376,0.8883471122941295,0.0,0,0,0,0,1,0,0,1,0,0,0,0,1,0,0
1.172677215699767,0.8007725739027834,0,0,1,0,0.9211122111844136,0.8883471122941295,0.0,0,0,0,0,1,1,0,0,0,0,0,0,1,0,0
-0.5655042365567723,-1.6729728509366397,1,0,1,1,-1.2450638395755689,-0.8811217809799272,0.0,0,0,0,0,1,0,1,0,0,0,0,0,0,1,0
-0.8138703140843945,-0.5567949305910577,1,0,1,0,-1.6782990497275654,-0.8811217809799272,0.0,0,0,1,0,0,0,0,0,1,0,0,0,0,1,0
-0.38307030084079885,1.186411463523205,1,0,1,1,0.48787700103241705,0.8883471122941295,0.0,0,0,0,0,1,1,0,0,0,0,0,0,1,0,0
1.1956510254274342,-1.1519806330908147,1,0,1,0,-1.6782990497275654,-0.8811217809799272,0.0,0,0,0,0,1,0,0,1,0,0,0,0,0,1,0
-0.4521840233634773,-1.5554287174707373,0,0,1,0,-1.2450638395755689,-0.8811217809799272,0.0,0,0,0,0,1,0,0,0,1,0,0,0,0,1,0
-0.9025664910713345,-0.720103350106423,1,0,1,0,1.4987591580537423,0.8883471122941295,0.0,0,0,0,1,0,0,0,0,1,0,0,0,1,0,0
-0.680425728833201,-0.24410822647385788,1,0,0,0,-0.8118286294235724,0.8883471122941295,0.0,0,0,1,0,0,0,0,1,0,0,0,0,1,0,0
-1.368853366091801,0.43981312503572606,1,1,0,0,0.48787700103241705,0.8883471122941295,0.0,0,0,0,0,1,0,1,0,0,0,0,0,1,0,0
0.7602674382144317,-1.1573682162102186,0,0,0,0,0.6322887377497493,1.478170076718815,0.0,0,0,0,1,0,0,0,0,1,0,1,0,0,0,0
-0.695337203264566,1.6586482091716739,1,0,1,0,0.48787700103241705,-1.4709447454046127,0.0,0,0,1,0,0,0,0,0,1,0,0,0,0,0,1
-1.7341023279605638,-0.8467072433459144,1,0,1,0,-0.5230051559889081,0.8883471122941295,0.0,0,0,0,1,0,1,0,0,0,0,0,0,1,0,0
-0.4211443820969689,-0.60923119957559,1,1,1,1,0.48787700103241705,1.478170076718815,0.0,0,0,1,0,0,1,0,0,0,0,1,0,0,0,0
-0.6768875313831327,0.956684919311831,1,0,1,0,0.6322887377497493,-0.8811217809799272,0.0,0,0,0,0,1,0,0,0,1,0,0,0,0,1,0
-0.8912071990601962,-0.8168298623989492,1,0,1,0,-1.5338873130102333,0.2985241478694439,0.0,0,0,0,1,0,0,0,0,1,0,0,1,0,0,0
1.29847551851687,1.1946005898646985,1,0,0,0,-1.5338873130102333,1.478170076718815,0.0,0,0,0,1,0,0,0,1,0,0,1,0,0,0,0
0.26997885815965766,-1.597038099418516,0,0,1,0,1.4987591580537423,-0.29129881655524165,0.0,0,0,0,1,0,0,0,1,0,1,0,0,0,0,0
1.5525229901713313,-0.6776750555244947,1,0,1,0,-0.3785934192715759,0.2985241478694439,0.0,0,0,0,0,1,0,0,0,1,0,0,1,0,0,0
0.16269315958970068,-0.8860409101840568,1,0,0,0,1.2099356846190779,-0.8811217809799272,0.0,0,0,0,0,1,0,0,1,0,0,0,0,0,1,0
-0.2875844208419688,0.11998033066894885,1,0,1,0,-1.6782990497275654,-0.29129881655524165,0.0,0,0,0,0,1,1,0,0,0,1,0,0,0,0,0
1.07157986642489,-1.5488343157325872,0,0,0,0,-0.8118286294235724,0.2985241478694439,0.0,0,0,0,0,1,0,0,1,0,0,0,1,0,0,0
-1.3855304430056608,1.4094056838685718,1,0,1,0,-0.5230051559889081,-0.29129881655524165,0.0,0,0,1,0,0,0,0,1,0,1,0,0,0,0,0
0.26269968119222475,0.3669126603304505,1,1,1,0,-0.23418168255424376,1.478170076718815,0.0,0,0,0,1,0,1,0,0,0,0,1,0,0,0,0
1.1040704483453296,0.6163362084263647,1,0,1,0,1.35434742133641,-0.29129881655524165,0.0,0,0,1,0,0,1,0,0,0,1,0,0,0,0,0
-1.7115690447928853,-0.7143364811354133,1,1,1,0,0.05464179088042058,1.478170076718815,0.0,0,0,0,0,1,1,0,0,0,0,1,0,0,0,0
1.1074967660341308,-0.18435346457992738,0,0,1,1,-1.5338873130102333,-1.4709447454046127,0.0,0,0,1,0,0,0,0,1,0,0,0,0,0,0,1
-1.655964803443195,1.3973805983460628,1,0,1,0,-0.8118286294235724,0.2985241478694439,0.0,0,0,1,0,0,0,0,1,0,0,0,1,0,0,0
0.41719863901684834,1.1070803796066095,1,0,1,0,0.6322887377497493,-0.8811217809799272,0.0,0,0,0,1,0,0,1,0,0,0,0,0,0,1,0
-1.2180079817210523,1.0591783005753668,1,0,1,0,-0.3785934192715759,1.478170076718815,0.0,0,0,0,1,0,1,0,0,0,0,1,0,0,0,0
1.504533565072875,0.9075329209968871,0,0,0,1,-0.9562403661409046,0.8883471122941295,0.0,0,0,0,1,0,1,0,0,0,0,0,0,1,0,0
-1.7214529224523156,-1.4459702687504363,1,1,1,0,-0.5230051559889081,-0.8811217809799272,0.0,0,0,0,0,1,1,0,0,0,0,0,0,0,1,0
-0.7849179296140231,-0.7441104204864858,1,0,0,0,1.6431708947710744,-1.4709447454046127,0.0,0,0,0,0,1,0,1,0,0,0,0,0,0,0,1
0.12446873990432789,-1.3501316301559876,0,0,1,0,1.0655239479017458,-0.8811217809799272,0.0,0,0,0,1,0,0,0,1,0,0,0,0,0,1,0
-0.7213842101845355,1.6550708539803902,0,0,1,0,-0.08976994583691159,1.478170076718815,0.0,0,0,1,0,0,1,0,0,0,0,1,0,0,0,0
0.9010366515860729,0.30917500955642485,1,0,1,0,0.3434652643150849,1.478170076718815,0.0,0,0,1,0,0,1,0,0,0,0,1,0,0,0,0
-1.495574676939357,-1.5977018496588267,1,0,1,0,-1.2450638395755689,0.8883471122941295,0.0,0,0,1,0,0,1,0,0,0,0,0,0,1,0,0
0.5137054218372396,0.4163663633000813,0,0,1,0,-0.5230051559889081,0.2985241478694439,0.0,0,0,0,1,0,1,0,0,0,0,0,1,0,0,0
-0.828725848635126,0.7528791150045319,0,0,1,1,-0.8118286294235724,-0.8811217809799272,0.0,0,0,1,0,0,0,0,1,0,0,0,0,0,1,0
0.4903225517324401,1.478694312850599,0,0,0,0,0.19905352759775274,1.478170076718815,0.0,0,0,1,0,0,0,0,1,0,0,1,0,0,0,0
1.546701746342909,0.13553105058479606,0,0,1,0,0.19905352759775274,-1.4709447454046127,0.0,0,0,1,0,0,0,0,0,1,0,0,0,0,0,1
-0.43940875312380373,1.4568077951863339,1,0,1,0,0.9211122111844136,0.8883471122941295,0.0,0,0,0,0,1,0,1,0,0,0,0,0,1,0,0
0.2701781439844144,1.2750609112031215,1,0,1,0,-0.9562403661409046,-0.8811217809799272,0.0,0,0,0,0,1,0,1,0,0,0,0,0,0,1,0
0.3891308039089942,1.485814542701203,1,1,1,0,-0.5230051559889081,-0.8811217809799272,0.0,0,0,0,0,1,1,0,0,0,0,0,0,0,1,0
-1.4192447098149579,0.9144031669907505,0,0,1,0,1.6431708947710744,-1.4709447454046127,0.0,0,0,1,0,0,0,0,0,1,0,0,0,0,0,1
0.56441142738896,-0.7723758365641253,1,0,1,1,-0.9562403661409046,-0.8811217809799272,0.0,0,0,1,0,0,0,0,0,1,0,0,0,0,1,0
1.4386573631418598,1.4961759425564398,1,0,1,0,0.3434652643150849,-0.29129881655524165,0.0,0,0,1,0,0,0,0,1,0,1,0,0,0,0,0
-1.5842568689561385,-0.12482282614376425,1,0,0,0,-1.2450638395755689,1.478170076718815,0.0,0,0,0,1,0,0,0,0,1,0,1,0,0,0,0
-0.3798152990364376,-0.7304475096956781,1,0,1,0,0.48787700103241705,-0.8811217809799272,0.0,0,0,1,0,0,0,0,0,1,0,0,0,0,1,0
0.4954410508104047,-0.24166872883739196,1,0,1,1,0.19905352759775274,1.478170076718815,0.0,0,0,1,0,0,0,0,1,0,0,1,0,0,0,0
0.8294720630431395,0.034934098579289856,1,0,1,1,-0.08976994583691159,0.8883471122941295,0.0,0,0,0,1,0,0,1,0,0,0,0,0,1,0,0
-0.6070500866547585,0.45190717162216365,0,0,0,0,1.35434742133641,-0.29129881655524165,0.0,0,0,0,1,0,0,0,0,1,1,0,0,0,0,0
-0.7859982685587574,-1.5116729224081882,1,0,1,0,-0.9562403661409046,1.478170076718815,0.0,0,0,0,1,0,1,0,0,0,0,1,0,0,0,0
1.5020267591719867,-1.444970333323475,1,0,0,0,-1.6782990497275654,-0.29129881655524165,0.0,0,0,1,0,0,0,0,1,0,1,0,0,0,0,0
0.6827137862011753,-0.17311281115960353,1,0,1,0,0.6322887377497493,0.8883471122941295,0.0,0,0,0,0,1,1,0,0,0,0,0,0,1,0,0
1.3764766895751945,-0.8889027943370843,1,0,0,1,-0.23418168255424376,-0.29129881655524165,0.0,0,0,1,0,0,1,0,0,0,1,0,0,0,0,0
-0.44240503298023515,-0.41379554440259686,1,0,1,0,-1.389475576292901,-0.29129881655524165,0.0,0,0,1,0,0,0,0,0,1,1,0,0,0,0,0
1.0606925671565965,1.3897259202500138,1,0,1,1,-0.6674168927062403,-1.4709447454046127,0.0,0,0,0,1,0,0,0,1,0,0,0,0,0,0,1
-0.9182226651636329,1.2382788037303283,1,0,1,0,-1.6782990497275654,-0.8811217809799272,0.0,0,0,0,1,0,0,0,1,0,0,0,0,0,1,0
1.45859643434516,-1.4371691129665785,1,0,0,0,-1.2450638395755689,-1.4709447454046127,0.0,0,0,0,1,0,0,0,1,0,0,0,0,0,0,1
0.44968572469474843,1.4563940288027633,1,0,1,0,0.9211122111844136,0.8883471122941295,0.0,0,0,0,1,0,0,0,0,1,0,0,0,1,0,0
1.4489118425104865,-1.2141059315572829,0,0,1,0,0.19905352759775274,0.2985241478694439,0.0,0,0,0,0,1,0,0,1,0,0,0,1,0,0,0
-0.5867474062273407,1.7036194429859606,1,0,1,1,0.05464179088042058,0.8883471122941295,0.0,0,0,1,0,0,0,0,1,0,0,0,0,1,0,0
0.2030153247988291,-1.5858491667961385,1,0,0,0,1.4987591580537423,0.8883471122941295,0.0,0,0,1,0,0,1,0,0,0,0,0,0,1,0,0
-0.2468357140430099,0.2897969505925536,0,0,1,0,1.2099356846190779,-0.8811217809799272,0.0,0,0,0,1,0,0,0,1,0,0,0,0,0,1,0
0.923510498630578,-1.5815218600346335,1,0,0,0,-0.3785934192715759,-0.29129881655524165,0.0,0,0,0,1,0,0,1,0,0,1,0,0,0,0,0
-1.7324765751796527,0.5435736658489458,1,0,1,1,-1.6782990497275654,1.478170076718815,0.0,0,0,1,0,0,0,0,0,1,0,1,0,0,0,0
-0.3039328509571067,0.7681281302656922,0,0,0,0,-0.08976994583691159,0.8883471122941295,0.0,0,0,1,0,0,1,0,0,0,0,0,0,1,0,0
0.8226159314229973,-0.7263184659929671,0,0,0,0,1.35434742133641,-0.8811217809799272,0.0,0,0,1,0,0,1,0,0,0,0,0,0,0,1,0
-0.2841126520001526,-1.0503320248604013,1,0,1,0,-0.5230051559889081,-1.4709447454046127,0.0,0,0,0,0,1,0,0,1,0,0,0,0,0,0,1
0.8450233498592502,1.1104939522710637,1,0,1,1,-0.23418168255424376,0.2985241478694439,0.0,0,0,1,0,0,0,1,0,0,0,0,1,0,0,0
1.2472660540394485,0.04139057818958346,1,0,0,0,0.6322887377497493,1.478170076718815,0.0,0,0,0,0,1,1,0,0,0,0,1,0,0,0,0
-0.5165393597897695,-0.6811662093858685,1,0,1,0,1.6431708947710744,-1.4709447454046127,0.0,0,0,1,0,0,0,1,0,0,0,0,0,0,0,1
1.1938749342173203,1.5694901736452858,1,0,1,1,0.7767004744670813,-0.29129881655524165,0.0,0,0,0,0,1,0,0,1,0,1,0,0,0,0,0
1.0246218328756134,-0.5442440169560948,0,0,0,0,-1.6782990497275654,-1.4709447454046127,0.0,0,0,0,1,0,1,0,0,0,0,0,0,0,0,1
0.0672527307438852,0.44794191044628223,1,0,0,0,-1.6782990497275654,-0.29129881655524165,0.0,0,0,0,0,1,0,1,0,0,1,0,0,0,0,0
1.255856321959229,-1.6049944821692514,1,0,1,0,-0.8118286294235724,-0.29129881655524165,0.0,0,0,0,0,1,0,1,0,0,1,0,0,0,0,0
1.5387128321399381,0.7922127818426745,0,0,1,0,-1.389475576292901,-0.29129881655524165,0.0,0,0,0,1,0,1,0,0,0,1,0,0,0,0,0
-0.5501067844124038,-0.07786896174153726,0,0,0,0,-0.6674168927062403,0.8883471122941295,0.0,0,0,0,0,1,0,0,1,0,0,0,0,1,0,0
0.8807025049757989,-0.8493881047061296,1,0,1,0,1.0655239479017458,1.478170076718815,0.0,0,0,0,0,1,0,1,0,0,0,1,0,0,0,0
-0.2965348017433275,1.5425263976492942,1,0,1,0,1.4987591580537423,0.2985241478694439,0.0,0,0,0,0,1,0,0,0,1,0,0,1,0,0,0
1.5234936883650887,1.4688587411078158,1,0,1,0,-0.3785934192715759,0.8883471122941295,0.0,0,0,0,1,0,0,0,1,0,0,0,0,1,0,0
-1.0464753302435303,-1.2853944313932326,1,0,1,0,1.0655239479017458,-1.4709447454046127,0.0,0,0,0,1,0,0,0,1,0,0,0,0,0,0,1
-0.8573495863067756,0.5593657494885421,0,0,1,0,0.3434652643150849,1.478170076718815,0.0,0,0,1,0,0,1,0,0,0,0,1,0,0,0,0
0.7963871198909692,-1.6682748784565196,1,0,1,0,1.4987591580537423,-0.29129881655524165,0.0,0,0,1,0,0,0,0,1,0,1,0,0,0,0,0
-1.1032857752693803,1.6237021900259738,1,0,1,1,-1.5338873130102333,-0.8811217809799272,0.0,0,0,0,1,0,1,0,0,0,0,0,0,0,1,0
-0.4924362637218139,0.5421254835064502,1,0,0,1,0.9211122111844136,-0.29129881655524165,0.0,0,0,0,0,1,0,1,0,0,1,0,0,0,0,0
-0.7095634141581708,-1.697048882380631,0,0,0,0,-0.6674168927062403,-0.29129881655524165,0.0,0,0,0,0,1,0,0,1,0,1,0,0,0,0,0
-1.4371279904049774,-1.0334365641979513,1,0,1,1,0.7767004744670813,-0.8811217809799272,0.0,0,0,0,1,0,1,0,0,0,0,0,0,0,1,0
0.7373845307927942,-1.115388168543825,1,0,1,0,0.19905352759775274,-0.29129881655524165,0.0,0,0,0,1,0,0,0,1,0,1,0,0,0,0,0
1.4559567712277668,-1.2936611389316457,0,0,1,0,-1.389475576292901,0.2985241478694439,0.0,0,0,0,1,0,0,0,0,1,0,0,1,0,0,0
0.3046930503352786,0.33139771240734145,1,0,1,0,1.6431708947710744,0.2985241478694439,0.0,0,0,1,0,0,1,0,0,0,0,0,1,0,0,0
-1.6638977777655322,-1.4717444663936634,1,0,1,1,-1.389475576292901,1.478170076718815,0.0,0,0,0,1,0,1,0,0,0,0,1,0,0,0,0
-1.6544754041213285,0.3203208415138475,1,0,1,0,-0.9562403661409046,-1.4709447454046127,0.0,0,0,1,0,0,0,0,0,1,0,0,0,0,0,1
1.7110880780695017,0.058199837522123016,0,0,0,0,0.7767004744670813,-0.8811217809799272,0.0,0,0,1,0,0,1,0,0,0,0,0,0,0,1,0
1.1473853971683496,1.3986305176297642,1,0,0,1,-1.389475576292901,-1.4709447454046127,0.0,0,0,0,1,0,1,0,0,0,0,0,0,0,0,1
-0.3185646259853042,1.4120520646968233,1,0,1,0,-0.08976994583691159,1.478170076718815,0.0,0,0,0,0,1,0,0,1,0,0,1,0,0,0,0
-0.13014162679900765,0.5497112005385708,1,0,0,0,-1.5338873130102333,0.2985241478694439,0.0,0,0,1,0,0,0,1,0,0,0,0,1,0,0,0
1.2618104230041562,0.4490108069371721,1,0,1,1,-1.1006521028582368,1.478170076718815,0.0,0,0,0,1,0,0,1,0,0,0,1,0,0,0,0
0.5402279177425938,0.9571245460943746,1,0,1,1,1.6431708947710744,0.2985241478694439,0.0,0,0,0,1,0,0,0,1,0,0,0,1,0,0,0
-0.4243364515356174,-0.6661499377154664,1,0,1,0,0.19905352759775274,-0.29129881655524165,0.0,0,0,1,0,0,0,0,1,0,1,0,0,0,0,0
-0.9632018254354994,-0.1988180477389026,1,0,1,0,0.48787700103241705,1.478170076718815,0.0,0,0,1,0,0,1,0,0,0,0,1,0,0,0,0
1.6351252164117605,-0.07614493514332807,0,0,1,0,-1.5338873130102333,0.2985241478694439,0.0,0,0,0,1,0,1,0,0,0,0,0,1,0,0,0
1.5758184542126406,-0.20425735165625256,1,0,1,1,1.0655239479017458,1.478170076718815,0.0,0,0,1,0,0,1,0,0,0,0,1,0,0,0,0
-0.07248159483603647,-1.1808408383448366,1,0,1,0,-0.9562403661409046,-0.8811217809799272,0.0,0,0,1,0,0,0,0,1,0,0,0,0,0,1,0
-0.3676169088157968,-0.4067787561478856,1,0,1,1,-0.8118286294235724,0.2985241478694439,0.0,0,0,0,1,0,1,0,0,0,0,0,1,0,0,0
-1.3982602620923195,-0.7238789683565008,1,0,1,0,0.19905352759775274,-0.8811217809799272,0.0,0,0,0,1,0,0,0,0,1,0,0,0,0,1,0
-1.6265019675620433,-1.5448949149556794,1,0,1,0,1.0655239479017458,0.8883471122941295,0.0,0,0,0,1,0,0,0,0,1,0,0,0,1,0,0
0.44599369257293786,0.4076083081811784,1,0,1,0,1.4987591580537423,0.2985241478694439,0.0,0,0,0,0,1,1,0,0,0,0,0,1,0,0,0
1.3948634290909152,-1.000162850852514,1,0,0,1,-0.8118286294235724,-0.8811217809799272,0.0,0,0,0,1,0,0,1,0,0,0,0,0,0,1,0
1.1185623736719434,1.1282169457006537,0,0,1,0,-0.8118286294235724,0.2985241478694439,0.0,0,0,0,1,0,0,0,0,1,0,0,1,0,0,0
-0.10416804097236974,-1.4584091206565155,1,0,0,1,-0.5230051559889081,-0.29129881655524165,0.0,0,0,0,0,1,0,1,0,0,1,0,0,0,0,0
-1.4693143992244724,1.0608937070405855,1,0,1,0,0.3434652643150849,-0.29129881655524165,0.0,0,0,0,1,0,0,0,0,1,1,0,0,0,0,0
1.494537807652178,-1.648439952444123,1,0,1,0,-1.2450638395755689,-1.4709447454046127,0.0,0,0,0,0,1,0,0,0,1,0,0,0,0,0,1
-1.170130436383863,1.4727550412197687,1,0,0,1,1.6431708947710744,-0.29129881655524165,0.0,0,0,0,1,0,1,0,0,0,1,0,0,0,0,0
1.6827300548308617,1.190359484433104,1,0,0,0,1.2099356846190779,-1.4709447454046127,0.0,0,0,1,0,0,0,0,0,1,0,0,0,0,0,1
0.3416798001616351,-1.0611158112322,1,0,1,0,-1.2450638395755689,-0.29129881655524165,0.0,0,0,1,0,0,1,0,0,0,1,0,0,0,0,0
1.7157205994344626,1.0040870306295924,1,0,1,0,0.48787700103241705,-0.29129881655524165,0.0,0,0,0,1,0,0,1,0,0,1,0,0,0,0,0
0.05351949004836318,-0.9113668609117499,1,0,0,0,0.9211122111844136,0.2985241478694439,0.0,0,0,0,1,0,1,0,0,0,0,0,1,0,0,0
-0.4481423669877076,-0.3496617549492151,1,0,1,1,-0.3785934192715759,-0.8811217809799272,0.0,0,0,0,1,0,0,0,0,1,0,0,0,0,1,0
0.654775312067286,-0.7801684367880308,1,0,1,1,-0.3785934192715759,1.478170076718815,0.0,0,0,1,0,0,0,0,1,0,0,1,0,0,0,0
0.30782568365075413,0.19137227210079136,1,0,0,1,-0.8118286294235724,0.2985241478694439,0.0,0,0,1,0,0,0,0,1,0,0,0,1,0,0,0
-0.14051847465652006,1.4335334361105099,1,0,1,0,0.05464179088042058,-0.29129881655524165,0.0,0,0,0,0,1,0,0,1,0,1,0,0,0,0,0
-0.9352283888762142,-0.7710483360835043,1,0,0,1,-0.08976994583691159,-0.29129881655524165,0.0,0,0,0,1,0,0,1,0,0,1,0,0,0,0,0
-1.3069698731410013,1.5449400348867872,1,0,1,0,0.19905352759775274,-1.4709447454046127,0.0,0,0,0,1,0,0,0,0,1,0,0,0,0,0,1
1.3527966388545298,-0.8903337364135978,1,0,0,0,0.05464179088042058,1.478170076718815,0.0,0,0,0,1,0,0,0,1,0,0,1,0,0,0,0
-0.8974864506613056,1.1997812897923175,1,0,0,0,0.48787700103241705,0.8883471122941295,0.0,0,0,1,0,0,0,0,1,0,0,0,0,1,0,0
-1.3655843793172817,-1.2052358147094966,0,0,0,1,-1.1006521028582368,0.8883471122941295,0.0,0,0,0,1,0,0,0,1,0,0,0,0,1,0,0
0.535721261109058,0.6868747566920935,1,0,1,1,1.2099356846190779,-0.8811217809799272,0.0,0,0,0,0,1,0,0,0,1,0,0,0,0,1,0
-0.8734253095038251,-0.15027807886632305,1,0,1,0,-0.8118286294235724,0.8883471122941295,0.0,0,0,0,0,1,0,1,0,0,0,0,0,1,0,0
0.16842000486955408,-0.5858620190368647,1,0,1,1,1.35434742133641,0.8883471122941295,0.0,0,0,1,0,0,0,0,1,0,0,0,0,1,0,0
0.6894300681197338,0.9993028568195618,0,0,1,0,-1.1006521028582368,1.478170076718815,0.0,0,0,0,1,0,0,0,1,0,0,1,0,0,0,0
0.30495876476828776,-0.3780478528887296,1,0,1,1,0.9211122111844136,0.8883471122941295,0.0,0,0,1,0,0,1,0,0,0,0,0,0,1,0,0
1.4991913064723763,-1.599098311203376,1,0,0,1,-0.9562403661409046,-0.8811217809799272,0.0,0,0,1,0,0,0,1,0,0,0,0,0,0,1,0
-0.5262449290796801,-0.8055978291116164,1,0,1,0,0.7767004744670813,-1.4709447454046127,0.0,0,0,1,0,0,0,1,0,0,0,0,0,0,0,1
1.5764128154443717,-1.3556226548712837,1,0,1,0,-1.6782990497275654,1.478170076718815,0.0,0,0,1,0,0,0,0,0,1,0,1,0,0,0,0
0.438567673418842,-0.10570337116962453,1,0,0,0,-1.2450638395755689,-0.8811217809799272,0.0,0,0,0,0,1,0,1,0,0,0,0,0,0,1,0
-0.15322382004540183,-0.10516030279118854,1,0,1,0,-1.1006521028582368,1.478170076718815,0.0,0,0,0,1,0,0,0,1,0,0,1,0,0,0,0
-1.3887994297801804,-0.8784379528859544,1,0,0,0,1.0655239479017458,0.8883471122941295,0.0,0,0,1,0,0,1,0,0,0,0,0,0,1,0,0
-0.9133279256082024,1.5345527746325767,1,1,1,0,-1.1006521028582368,0.2985241478694439,0.0,0,0,1,0,0,0,1,0,0,0,0,1,0,0,0
0.3889489992969352,-1.3188922681964372,1,0,1,0,0.48787700103241705,-1.4709447454046127,0.0,0,0,0,0,1,0,0,1,0,0,0,0,0,0,1
1.118258200570999,-0.5542519913586993,1,0,0,0,-1.6782990497275654,-0.29129881655524165,0.0,0,0,0,1,0,0,1,0,0,1,0,0,0,0,0
0.7956668939278129,0.40346202421248534,1,0,1,1,-1.2450638395755689,-1.4709447454046127,0.0,0,0,0,0,1,1,0,0,0,0,0,0,0,0,1
1.2193345723906386,0.8509762284426347,1,0,0,0,1.6431708947710744,-1.4709447454046127,0.0,0,0,0,0,1,0,1,0,0,0,0,0,0,0,1
-0.25602034319452144,0.6326455000454233,1,0,1,0,0.3434652643150849,-1.4709447454046127,0.0,0,0,0,0,1,0,0,1,0,0,0,0,0,0,1
0.35155318909344624,0.35196534972397714,1,0,0,0,-1.5338873130102333,1.478170076718815,0.0,0,0,0,0,1,1,0,0,0,0,1,0,0,0,0
1.3515974276634493,-0.10784116415140393,1,0,1,0,1.0655239479017458,-0.8811217809799272,0.0,0,0,0,1,0,0,1,0,0,0,0,0,0,1,0
-1.3672346057959694,0.745164095977546,1,0,1,0,0.7767004744670813,-0.8811217809799272,0.0,0,0,1,0,0,0,0,0,1,0,0,0,0,1,0
-0.6261255859507789,-0.3744187768994992,1,0,1,0,-0.5230051559889081,-0.8811217809799272,0.0,0,0,0,1,0,0,1,0,0,0,0,0,0,1,0
-0.5316571125309705,-0.5752075346599319,1,0,1,0,-1.1006521028582368,0.8883471122941295,0.0,0,0,0,1,0,0,0,0,1,0,0,0,1,0,0
-1.1696409624283197,0.7680591692017639,1,0,1,0,0.3434652643150849,0.2985241478694439,0.0,0,0,0,1,0,0,0,1,0,0,0,1,0,0,0
0.7493591614909009,1.2005743420274937,0,0,1,0,1.6431708947710744,-1.4709447454046127,0.0,0,0,0,0,1,0,0,0,1,0,0,0,0,0,1
0.8163471685495065,-0.22903161387251836,1,0,1,0,1.2099356846190779,-0.29129881655524165,0.0,0,0,1,0,0,0,1,0,0,1,0,0,0,0,0
-0.6227866743254674,-0.7240944716812769,1,0,1,0,1.35434742133641,0.8883471122941295,0.0,0,0,0,0,1,0,0,0,1,0,0,0,1,0,0
0.021937931188217775,0.7325356011456636,1,0,1,0,1.6431708947710744,-0.29129881655524165,0.0,0,0,1,0,0,0,1,0,0,1,0,0,0,0,0
1.4194839690547305,0.11198946738624929,1,0,0,0,0.7767004744670813,0.2985241478694439,0.0,0,0,0,1,0,0,1,0,0,0,0,1,0,0,0
0.23126496451874196,-1.2426989126885821,1,0,1,0,-0.3785934192715759,-0.29129881655524165,0.0,0,0,0,1,0,0,1,0,0,1,0,0,0,0,0
0.5789488038685885,1.6259089440716812,1,0,1,0,1.35434742133641,-0.29129881655524165,0.0,0,0,0,1,0,0,0,1,0,1,0,0,0,0,0
1.0465572585690215,1.2217281483875204,1,0,1,0,1.35434742133641,-1.4709447454046127,0.0,0,0,0,1,0,0,1,0,0,0,0,0,0,0,1
0.8744547195575458,-1.6377251271362527,1,0,1,0,0.9211122111844136,0.8883471122941295,0.0,0,0,0,0,1,1,0,0,0,0,0,0,1,0,0
1.529342902133828,-0.057835772670346314,1,0,1,0,-1.389475576292901,0.2985241478694439,0.0,0,0,0,0,1,0,1,0,0,0,0,1,0,0,0
1.0191886719690857,-1.5712897621742619,0,0,0,0,1.0655239479017458,0.2985241478694439,0.0,0,0,1,0,0,0,1,0,0,0,0,1,0,0,0
1.3297983554290855,-0.210765552064492,1,0,1,0,-0.6674168927062403,1.478170076718815,0.0,0,0,1,0,0,1,0,0,0,0,1,0,0,0,0
-1.5136957020220687,-1.2384664273899786,1,0,1,0,0.05464179088042058,0.2985241478694439,0.0,0,0,1,0,0,1,0,0,0,0,0,1,0,0,0
1.2199743847753841,-0.3608334473056107,1,0,1,0,-0.08976994583691159,-0.29129881655524165,0.0,0,0,0,0,1,0,0,0,1,1,0,0,0,0,0
-0.6999907020847645,0.3997122663613804,1,0,1,0,-1.389475576292901,-0.8811217809799272,0.0,0,0,0,1,0,0,0,0,1,0,0,0,0,1,0
0.549430028106803,-0.8076580408964762,1,1,1,0,1.0655239479017458,-0.8811217809799272,0.0,0,0,0,0,1,0,0,0,1,0,0,0,0,1,0
0.9000996585854618,1.0928140595064284,1,0,1,0,-0.5230051559889081,0.2985241478694439,0.0,0,0,0,0,1,0,1,0,0,0,0,1,0,0,0
1.090186869220605,0.006470419442856221,1,0,1,0,-0.08976994583691159,-0.8811217809799272,0.0,0,0,0,0,1,1,0,0,0,0,0,0,0,1,0
-0.46417613527428203,1.3443926408501032,1,0,1,0,0.9211122111844136,-1.4709447454046127,0.0,0,0,1,0,0,1,0,0,0,0,0,0,0,0,1
-0.8007209458929845,-0.08979060566815371,1,0,1,0,0.9211122111844136,0.2985241478694439,0.0,0,0,0,0,1,0,0,1,0,0,0,1,0,0,0
0.4038080300902063,-0.5992490855719589,0,0,1,0,-1.389475576292901,1.478170076718815,0.0,0,0,1,0,0,0,1,0,0,0,1,0,0,0,0
-0.567028598304035,0.28121129813347223,1,0,0,0,-1.389475576292901,0.8883471122941295,0.0,0,0,0,1,0,0,0,1,0,0,0,0,1,0,0
-0.1687611218913542,1.7155928077105236,0,0,1,0,-0.5230051559889081,-0.8811217809799272,0.0,0,0,0,0,1,1,0,0,0,0,0,0,0,1,0
-0.12186951695033017,-0.8210709678305438,0,0,1,0,0.6322887377497493,-0.8811217809799272,0.0,0,0,0,1,0,0,0,1,0,0,0,0,0,1,0
-1.2631130067243443,-0.5846293400191449,1,0,1,0,-0.9562403661409046,0.8883471122941295,0.0,0,0,0,0,1,0,1,0,0,0,0,0,1,0,0
0.6503176028293047,-1.6445867529971254,0,0,1,0,1.35434742133641,1.478170076718815,0.0,0,0,0,0,1,0,0,1,0,0,1,0,0,0,0
-0.9336515834908576,0.9785714369760969,1,0,1,1,-1.6782990497275654,-1.4709447454046127,0.0,0,0,1,0,0,0,0,0,1,0,0,0,0,0,1
1.0188914913532203,1.2668631647286366,1,0,1,0,-0.3785934192715759,1.478170076718815,0.0,0,0,0,1,0,0,1,0,0,0,1,0,0,0,0
1.3096355247032514,-0.9839139001643923,1,0,0,1,-1.1006521028582368,0.2985241478694439,0.0,0,0,0,0,1,0,0,0,1,0,0,1,0,0,0
0.06752893390451305,-0.6227130875735861,1,0,1,0,1.6431708947710744,-0.8811217809799272,0.0,0,0,0,0,1,0,1,0,0,0,0,0,0,1,0
-1.604346278588641,-0.6437203516727649,1,0,1,0,-0.5230051559889081,0.2985241478694439,0.0,0,0,1,0,0,1,0,0,0,0,0,1,0,0,0
1.4687320414674407,-0.3414726286077215,1,0,1,0,1.6431708947710744,-1.4709447454046127,0.0,0,0,0,1,0,0,0,0,1,0,0,0,0,0,1
-0.9153522500386269,-0.7289303662892538,1,0,1,0,0.7767004744670813,0.8883471122941295,0.0,0,0,1,0,0,0,0,1,0,0,0,0,1,0,0
0.628001086699081,0.5372982090314645,1,0,1,0,0.6322887377497493,-0.29129881655524165,0.0,0,0,0,0,1,0,1,0,0,1,0,0,0,0,0
-0.18546267250299078,0.8805950053998686,0,0,1,1,0.9211122111844136,-0.29129881655524165,0.0,0,0,1,0,0,0,0,1,0,1,0,0,0,0,0
-1.455626609681965,0.4046171220332856,1,0,0,0,1.6431708947710744,0.8883471122941295,0.0,0,0,1,0,0,0,1,0,0,0,0,0,1,0,0
0.3162271544733965,1.2438387895095528,1,0,1,0,-0.9562403661409046,-0.29129881655524165,0.0,0,0,1,0,0,0,1,0,0,1,0,0,0,0,0
-0.14611945520494854,-0.5228660871383012,1,1,1,0,-0.5230051559889081,1.478170076718815,0.0,0,0,0,0,1,1,0,0,0,0,1,0,0,0,0
-0.7880016155339443,-0.05855124370860307,1,1,0,1,-0.5230051559889081,-1.4709447454046127,0.0,0,0,0,0,1,0,0,0,1,0,0,0,0,0,1
-0.48461866540328347,-1.408196845983673,1,0,0,0,-1.5338873130102333,0.8883471122941295,0.0,0,0,1,0,0,0,1,0,0,0,0,0,1,0,0
-0.27109963726778696,0.611914080201958,1,1,1,0,-0.23418168255424376,1.478170076718815,0.0,0,0,0,0,1,0,1,0,0,0,1,0,0,0,0
-0.8195552044537731,0.7064941793797138,1,0,0,0,1.0655239479017458,-0.29129881655524165,0.0,0,0,0,1,0,0,1,0,0,1,0,0,0,0,0
-1.2778321878160317,1.3006885665855006,1,0,1,0,-0.9562403661409046,-0.8811217809799272,0.0,0,0,0,1,0,0,1,0,0,0,0,0,0,1,0
0.6836298017465486,-0.8200451720046094,1,0,1,0,-0.23418168255424376,-1.4709447454046127,0.0,0,0,0,1,0,1,0,0,0,0,0,0,0,0,1
-1.5489238418510096,1.244933546399416,1,0,0,0,1.6431708947710744,1.478170076718815,0.0,0,0,0,1,0,0,0,0,1,0,1,0,0,0,0
1.750871821927533,1.2360548094186385,0,0,0,0,1.6431708947710744,1.478170076718815,0.0,0,0,0,1,0,0,0,0,1,0,1,0,0,0,0
1.743533208836927,-1.3408736073236043,1,0,0,0,-1.389475576292901,1.478170076718815,0.0,0,0,0,0,1,0,0,1,0,0,1,0,0,0,0
1.0449070320903333,0.7978072481538636,0,0,1,0,0.9211122111844136,-1.4709447454046127,0.0,0,0,0,0,1,1,0,0,0,0,0,0,0,0,1
0.3236286999297154,1.1658438262065696,0,0,0,0,1.2099356846190779,-0.8811217809799272,0.0,0,0,0,1,0,1,0,0,0,0,0,0,0,1,0
0.49801428531954517,-0.6391689214534925,1,0,0,1,1.4987591580537423,-0.29129881655524165,0.0,0,0,0,1,0,1,0,0,0,1,0,0,0,0,0
0.7724448509798347,-1.6525000350829055,1,0,1,0,-0.08976994583691159,0.8883471122941295,0.0,0,0,0,1,0,0,1,0,0,0,0,0,1,0,0
-1.631096030259069,-1.5207585425807508,1,0,1,0,-1.5338873130102333,-1.4709447454046127,0.0,0,0,0,1,0,0,0,1,0,0,0,0,0,0,1
1.7526793793205027,1.5292169123111197,1,0,0,0,0.48787700103241705,-0.29129881655524165,0.0,0,0,0,0,1,0,1,0,0,1,0,0,0,0,0
1.1293308006938905,1.1424660255348524,0,0,1,0,0.05464179088042058,-1.4709447454046127,0.0,0,0,0,0,1,1,0,0,0,0,0,0,0,0,1
-0.13924584237210835,-0.4758691220711184,0,0,0,1,1.0655239479017458,0.8883471122941295,0.0,0,0,0,0,1,0,1,0,0,0,0,0,1,0,0
0.33099877920317783,1.1003566758735936,1,0,1,0,0.48787700103241705,0.2985241478694439,0.0,0,0,1,0,0,0,0,1,0,0,0,1,0,0,0
0.3069656079860142,-0.7764014386709439,1,0,0,0,0.05464179088042058,-0.8811217809799272,0.0,0,0,0,0,1,0,1,0,0,0,0,0,0,1,0
0.9174515103094629,-1.0126275631575665,1,0,1,0,-0.6674168927062403,0.8883471122941295,0.0,0,0,0,0,1,0,0,0,1,0,0,0,1,0,0
0.8161234090269728,1.5773172544011553,1,0,0,1,0.9211122111844136,0.2985241478694439,0.0,0,0,1,0,0,0,1,0,0,0,0,1,0,0,0
-0.4632216610609731,0.18683808214750142,1,0,0,1,-1.6782990497275654,-1.4709447454046127,0.0,0,0,0,1,0,0,0,1,0,0,0,0,0,0,1
1.5267801563523062,-0.7953743513842357,1,0,0,0,-0.9562403661409046,0.8883471122941295,0.0,0,0,1,0,0,1,0,0,0,0,0,0,1,0,0
-0.5823071782020574,-1.1943313464758236,1,0,1,0,-1.5338873130102333,-0.29129881655524165,0.0,0,0,0,1,0,0,1,0,0,1,0,0,0,0,0
1.608413923409268,0.4004104971336551,1,0,1,0,-0.3785934192715759,1.478170076718815,0.0,0,0,1,0,0,0,0,1,0,0,1,0,0,0,0
0.9779155287891881,0.848407428811303,1,0,1,0,0.7767004744670813,1.478170076718815,0.0,0,0,0,1,0,0,1,0,0,0,1,0,0,0,0
1.023835178304205,0.1459958920359257,1,0,1,1,1.6431708947710744,0.2985241478694439,0.0,0,0,0,1,0,0,0,0,1,0,0,1,0,0,0
-1.0472200299044638,-1.184668177392861,1,0,1,0,1.0655239479017458,-0.8811217809799272,0.0,0,0,0,0,1,1,0,0,0,0,0,0,0,1,0
-0.6493651101114549,0.40782381150595454,1,0,1,0,0.7767004744670813,-0.29129881655524165,0.0,0,0,0,1,0,1,0,0,0,1,0,0,0,0,0
0.7934292987024734,1.1561634168576247,1,0,0,1,1.6431708947710744,-0.29129881655524165,0.0,0,0,1,0,0,0,0,1,0,1,0,0,0,0,0
1.1629052178016037,0.5756491807086277,0,0,1,0,0.19905352759775274,-0.29129881655524165,0.0,0,0,0,0,1,0,0,1,0,1,0,0,0,0,0
1.6268531065630831,-0.9746903578639733,0,0,1,0,1.2099356846190779,-0.8811217809799272,0.0,0,0,1,0,0,1,0,0,0,0,0,0,0,1,0
0.7618127774169319,-0.8768001276176556,1,0,1,0,-0.8118286294235724,-1.4709447454046127,0.0,0,0,0,1,0,0,0,0,1,0,0,0,0,0,1
0.40911183002276924,-0.47237796820974504,0,0,1,0,-0.8118286294235724,-0.8811217809799272,0.0,0,0,0,0,1,1,0,0,0,0,0,0,0,1,0
0.4629259951921879,-0.0541722161491518,1,0,1,0,0.05464179088042058,1.478170076718815,0.0,0,0,1,0,0,0,1,0,0,0,1,0,0,0,0
-1.3921698075883482,1.41285373706499,1,0,1,1,1.0655239479017458,-0.8811217809799272,0.0,0,0,1,0,0,0,0,1,0,0,0,0,0,1,0
0.19436562075587527,1.606461924043882,1,0,0,0,-1.389475576292901,-1.4709447454046127,0.0,0,0,0,0,1,0,1,0,0,0,0,0,0,0,1
-1.7319556350412535,-1.498656521591709,1,0,0,0,0.7767004744670813,1.478170076718815,0.0,0,0,0,1,0,1,0,0,0,0,1,0,0,0,0
-0.604295047533559,-0.7662210616085187,0,0,1,1,0.19905352759775274,0.8883471122941295,0.0,0,0,0,0,1,1,0,0,0,0,0,0,1,0,0
-0.37317243821121054,0.4853188070954575,0,0,1,0,0.19905352759775274,0.8883471122941295,0.0,0,0,0,0,1,0,0,0,1,0,0,0,1,0,0
0.19284125900861276,0.19938899578246422,1,0,1,0,-1.389475576292901,-0.29129881655524165,0.0,0,0,0,0,1,0,0,0,1,1,0,0,0,0,0
1.3936886915976117,-0.8583875235487816,1,0,1,0,0.6322887377497493,-0.29129881655524165,0.0,0,0,0,0,1,0,0,0,1,1,0,0,0,0,0
1.208164077476638,0.3015375717263585,1,0,1,0,0.9211122111844136,-0.8811217809799272,0.0,0,0,1,0,0,0,0,1,0,0,0,0,0,1,0
-1.5111329562405469,-0.4859805380696153,1,0,0,0,-1.389475576292901,-1.4709447454046127,0.0,0,0,1,0,0,1,0,0,0,0,0,0,0,0,1
1.675461366591047,1.3397205287689564,0,0,1,0,-1.2450638395755689,-1.4709447454046127,0.0,0,0,1,0,0,0,0,0,1,0,0,0,0,0,1
-0.2561007567729319,-1.0453495879915768,1,0,0,0,-0.3785934192715759,-0.29129881655524165,0.0,0,0,0,1,0,1,0,0,0,1,0,0,0,0,0
0.9156614341291913,-0.39731385012371717,1,0,1,0,-1.6782990497275654,1.478170076718815,0.0,0,0,1,0,0,0,0,1,0,0,1,0,0,0,0
1.2120938540911408,0.1451080183378478,1,1,1,1,-0.08976994583691159,-1.4709447454046127,0.0,0,0,0,0,1,1,0,0,0,0,0,0,0,0,1
-0.72658661908345,1.6571052053662767,1,0,0,0,0.19905352759775274,0.8883471122941295,0.0,0,0,0,1,0,0,1,0,0,0,0,0,1,0,0
-1.090122422107812,-1.6128560434570853,0,0,0,0,1.6431708947710744,-0.8811217809799272,0.0,0,0,1,0,0,0,0,1,0,0,0,0,0,1,0
-0.6950679925890174,1.4648934799319342,1,0,0,0,1.6431708947710744,0.2985241478694439,0.0,0,0,1,0,0,0,1,0,0,0,0,1,0,0,0
-0.32432293744801416,1.3777956561904063,1,0,1,0,1.4987591580537423,-0.8811217809799272,0.0,0,0,0,1,0,0,1,0,0,0,0,0,0,1,0
-0.7744536756930207,1.6396839165913728,1,0,1,0,1.2099356846190779,-1.4709447454046127,0.0,0,0,0,0,1,0,0,0,1,0,0,0,0,0,1
0.002243596962689273,0.8570534222013222,1,0,1,1,-0.23418168255424376,-1.4709447454046127,0.0,0,0,0,0,1,0,0,0,1,0,0,0,0,0,1
1.0215801018661674,0.9720028956369192,1,0,1,1,-1.2450638395755689,-1.4709447454046127,0.0,0,0,0,0,1,0,0,0,1,0,0,0,0,0,1
-1.5326488328292032,-1.0708996621770368,1,0,0,0,-1.2450638395755689,-0.8811217809799272,0.0,0,0,0,0,1,0,0,1,0,0,0,0,0,1,0
0.053470542652808754,1.2632082283404333,0,0,1,0,1.35434742133641,0.8883471122941295,0.0,0,0,1,0,0,1,0,0,0,0,0,0,1,0,0
-0.8404347649002236,-0.1512435337613201,1,0,1,0,0.05464179088042058,-0.8811217809799272,0.0,0,0,0,0,1,0,0,0,1,0,0,0,0,1,0
0.07298307226627858,-1.5982535381702534,1,1,1,0,-0.6674168927062403,0.2985241478694439,0.0,0,0,0,0,1,0,0,1,0,0,0,1,0,0,0
-0.7545041157621019,1.6017208508988066,1,0,1,0,-1.2450638395755689,0.8883471122941295,0.0,0,0,0,0,1,0,0,0,1,0,0,0,1,0,0
-1.3792826575874075,-0.5216851289185276,1,0,1,0,-0.9562403661409046,-0.29129881655524165,0.0,0,0,1,0,0,0,0,0,1,1,0,0,0,0,0
0.22682473649345863,1.3324365163915226,0,0,1,1,-0.5230051559889081,1.478170076718815,0.0,0,0,0,0,1,0,1,0,0,0,1,0,0,0,0
0.9587281497319005,0.7657748339591366,0,0,1,0,0.9211122111844136,0.8883471122941295,0.0,0,0,1,0,0,1,0,0,0,0,0,0,1,0,0
-1.1419821876975982,-0.22108385125477417,1,0,1,0,-0.8118286294235724,-0.29129881655524165,0.0,0,0,0,0,1,0,1,0,0,1,0,0,0,0,0
-1.5533011375105803,0.6992705079332177,1,0,1,0,1.4987591580537423,-0.29129881655524165,0.0,0,0,1,0,0,0,1,0,0,1,0,0,0,0,0
1.4985165316622346,-1.101897660412838,0,0,0,0,-1.1006521028582368,0.8883471122941295,0.0,0,0,1,0,0,0,0,0,1,0,0,0,1,0,0
0.7862689939813863,1.5990055090066275,1,0,1,1,1.4987591580537423,-1.4709447454046127,0.0,0,0,0,1,0,0,0,1,0,0,0,0,0,0,1
0.02480135382814447,0.18887243353338795,1,1,0,1,0.05464179088042058,0.2985241478694439,0.0,0,0,0,0,1,0,0,1,0,0,0,1,0,0,0
-0.7750235632269744,1.2691216395722904,1,0,1,0,0.05464179088042058,-0.29129881655524165,0.0,0,0,1,0,0,0,1,0,0,1,0,0,0,0,0
0.9804048534773784,-0.015769523674042035,1,0,1,1,-1.1006521028582368,-1.4709447454046127,0.0,0,0,0,0,1,0,0,0,1,0,0,0,0,0,1
-0.6663918112792739,1.6216850789060688,1,0,0,0,1.35434742133641,0.8883471122941295,0.0,0,0,1,0,0,1,0,0,0,0,0,0,1,0,0
0.451598169363906,1.3171875011303626,1,0,1,0,0.05464179088042058,-0.29129881655524165,0.0,0,0,1,0,0,0,0,0,1,1,0,0,0,0,0
-1.2326712229321062,-0.8932042406996162,1,0,1,1,1.0655239479017458,0.8883471122941295,0.0,0,0,0,1,0,0,0,0,1,0,0,0,1,0,0
0.8443066201386336,1.6712680838705654,1,1,1,0,-0.23418168255424376,0.2985241478694439,0.0,0,0,0,0,1,0,0,0,1,0,0,1,0,0,0
-0.3835422935836439,-1.0922086309309025,1,0,0,0,0.9211122111844136,-0.29129881655524165,0.0,0,0,1,0,0,1,0,0,0,1,0,0,0,0,0
-0.37013420344430403,-1.4240923712191615,1,0,1,0,1.6431708947710744,1.478170076718815,0.0,0,0,0,1,0,0,1,0,0,0,1,0,0,0,0
-1.4565845801378134,-1.1147071780375322,1,0,0,0,-1.2450638395755689,-0.8811217809799272,0.0,0,0,0,1,0,0,1,0,0,0,0,0,0,1,0
-1.1802870209613812,-0.6414704969621018,1,0,1,1,1.4987591580537423,-0.8811217809799272,0.0,0,0,0,0,1,0,0,1,0,0,0,0,0,1,0
-1.118795107175016,1.3098172874230183,1,0,1,1,-1.5338873130102333,0.8883471122941295,0.0,0,0,0,1,0,0,0,1,0,0,0,0,1,0,0
0.11841324782575255,-0.5948872982784896,1,0,1,0,0.7767004744670813,-0.8811217809799272,0.0,0,0,0,0,1,0,0,0,1,0,0,0,0,1,0
1.510921200192712,1.212702869145895,0,0,1,1,-0.3785934192715759,-0.29129881655524165,0.0,0,0,0,1,0,0,0,0,1,1,0,0,0,0,0
-0.659661544390557,-0.10095367789155803,1,0,1,0,-1.389475576292901,0.2985241478694439,0.0,0,0,1,0,0,0,0,0,1,0,0,1,0,0,0
-0.3372800122997466,1.444299982216326,0,0,1,0,1.4987591580537423,0.2985241478694439,0.0,0,0,1,0,0,0,0,1,0,0,0,1,0,0,0
-0.7997035393139628,0.12821255767539785,1,0,1,0,-1.5338873130102333,1.478170076718815,0.0,0,0,0,0,1,1,0,0,0,0,1,0,0,0,0
-0.7133987922241045,0.9727442270741496,0,0,1,0,0.05464179088042058,-0.29129881655524165,0.0,0,0,0,1,0,0,0,0,1,1,0,0,0,0,0
-1.1369930495935985,-0.11246155543460426,0,0,1,0,-0.3785934192715759,0.8883471122941295,0.0,0,0,1,0,0,1,0,0,0,0,0,0,1,0,0
-0.37035796296683793,1.3557022553343563,1,0,1,0,1.2099356846190779,0.8883471122941295,0.0,0,0,1,0,0,0,0,0,1,0,0,0,1,0,0
-0.5958481255579018,-1.02271311875709,1,0,0,1,0.19905352759775274,-0.8811217809799272,0.0,0,0,0,0,1,1,0,0,0,0,0,0,0,1,0
-0.4338112688179151,-0.003822019348452663,1,0,1,0,1.6431708947710744,-1.4709447454046127,0.0,0,0,1,0,0,0,0,1,0,0,0,0,0,0,1
-1.6495666795957398,-1.1858922362775897,1,0,1,0,0.7767004744670813,1.478170076718815,0.0,0,0,1,0,0,0,0,1,0,0,1,0,0,0,0
1.2294526983002207,-1.1331887431703347,1,0,0,0,0.9211122111844136,1.478170076718815,0.0,0,0,1,0,0,0,0,1,0,0,1,0,0,0,0
0.8083337806487589,1.0219307059210574,1,0,1,1,-0.6674168927062403,1.478170076718815,0.0,0,0,0,1,0,0,0,0,1,0,1,0,0,0,0
0.9539103275123408,-1.6360614414689811,1,0,0,1,0.3434652643150849,-0.8811217809799272,0.0,0,0,0,1,0,1,0,0,0,0,0,0,0,1,0
-1.5104057377923112,0.024615799389008056,1,0,0,0,-1.2450638395755689,-1.4709447454046127,0.0,0,0,1,0,0,0,0,1,0,0,0,0,0,0,1
0.14856833972974395,-0.605257318266718,1,1,0,0,-0.5230051559889081,-1.4709447454046127,0.0,0,0,0,0,1,0,0,0,1,0,0,0,0,0,1
1.378361164304035,0.9372378992840315,1,0,1,0,0.7767004744670813,0.8883471122941295,0.0,0,0,0,0,1,1,0,0,0,0,0,0,1,0,0
-1.5999410129887537,0.48831861337634147,1,0,1,0,0.19905352759775274,-0.29129881655524165,0.0,0,0,1,0,0,0,0,0,1,1,0,0,0,0,0
1.603816364469703,1.5171401059906642,1,0,1,0,-0.9562403661409046,-1.4709447454046127,0.0,0,0,1,0,0,0,0,1,0,0,0,0,0,0,1
0.4182265343234886,0.457837823120003,0,0,0,1,0.05464179088042058,0.2985241478694439,0.0,0,0,1,0,0,1,0,0,0,0,0,1,0,0,0
0.31060519646973067,-0.8532844048180823,1,0,0,0,0.48787700103241705,0.8883471122941295,0.0,0,0,1,0,0,0,1,0,0,0,0,0,1,0,0
-1.4828728277930145,1.4297147171954763,1,0,1,0,1.2099356846190779,-0.29129881655524165,0.0,0,0,0,0,1,0,1,0,0,1,0,0,0,0,0
-1.320776534929855,0.14418566410780614,1,0,1,0,1.0655239479017458,-0.8811217809799272,0.0,0,0,1,0,0,0,1,0,0,0,0,0,0,1,0
0.47202321828020954,-0.7412399162004676,0,0,0,0,1.0655239479017458,-1.4709447454046127,0.0,0,0,0,0,1,0,0,0,1,0,0,0,0,0,1
1.4221271284146628,1.5096750708204185,0,0,0,0,1.2099356846190779,-0.29129881655524165,0.0,0,0,0,1,0,1,0,0,0,1,0,0,0,0,0
-0.8276525021754708,-0.25360761302999046,1,0,1,1,-1.389475576292901,1.478170076718815,0.0,0,0,0,0,1,0,1,0,0,0,1,0,0,0,0
-0.0005533970689852914,-0.9414080243855449,1,0,0,0,-1.5338873130102333,0.8883471122941295,0.0,0,0,0,0,1,1,0,0,0,0,0,0,1,0,0
-1.4570495803955794,-1.3358135892578602,0,0,1,0,-0.23418168255424376,0.2985241478694439,0.0,0,0,0,0,1,1,0,0,0,0,0,1,0,0,0
1.73233124774007,-0.3414726286077215,1,0,1,0,1.6431708947710744,0.8883471122941295,0.0,0,0,0,0,1,0,1,0,0,0,0,0,1,0,0
1.6573543264784942,-1.4104639409603181,1,0,1,0,-0.5230051559889081,-0.8811217809799272,0.0,0,0,0,0,1,0,1,0,0,0,0,0,0,1,0
1.2966364949410438,1.530975419441293,0,0,1,1,-1.2450638395755689,-0.29129881655524165,0.0,0,0,0,0,1,0,0,0,1,1,0,0,0,0,0
-1.313909914582094,1.5720589732766177,0,0,0,0,0.9211122111844136,-1.4709447454046127,0.0,0,0,0,0,1,0,0,1,0,0,0,0,0,0,1
1.7322158717362635,-0.4718004192993449,1,0,0,0,-0.23418168255424376,-0.29129881655524165,0.0,0,0,0,0,1,0,0,1,0,1,0,0,0,0,0
1.343101558292238,-1.2177091471475399,1,0,1,0,-0.8118286294235724,0.8883471122941295,0.0,0,0,0,0,1,0,0,1,0,0,0,0,1,0,0
0.168206734074639,-0.6220234769343023,1,0,1,0,-0.23418168255424376,0.8883471122941295,0.0,0,0,0,0,1,0,0,0,1,0,0,0,1,0,0
0.9250453491054595,0.26128155065817377,1,0,1,0,1.0655239479017458,0.2985241478694439,0.0,0,0,0,0,1,0,0,0,1,0,0,1,0,0,0
-1.6193661365387335,0.6376451771802301,0,0,1,0,0.9211122111844136,0.8883471122941295,0.0,0,0,1,0,0,0,0,1,0,0,0,0,1,0,0
1.0113116375273823,1.3539265079382004,1,0,1,0,0.3434652643150849,-0.29129881655524165,0.0,0,0,0,0,1,0,0,0,1,1,0,0,0,0,0
1.7474559929663502,1.550508640799003,1,0,0,1,0.7767004744670813,-0.8811217809799272,0.0,0,0,0,1,0,1,0,0,0,0,0,0,0,1,0
-0.017080135553642527,-1.0999150298248974,0,0,1,0,-0.6674168927062403,-0.29129881655524165,0.0,0,0,0,0,1,0,1,0,0,1,0,0,0,0,0
0.9165215097939312,-1.3056000231242442,1,0,1,1,1.4987591580537423,-0.29129881655524165,0.0,0,0,0,0,1,0,0,0,1,1,0,0,0,0,0
-0.8892178370551677,-0.37685827453596515,1,0,0,0,-1.1006521028582368,1.478170076718815,0.0,0,0,1,0,0,0,0,0,1,0,1,0,0,0,0
0.4135590505331319,-1.2255276077704187,1,0,1,0,-0.3785934192715759,-0.8811217809799272,0.0,0,0,0,1,0,1,0,0,0,0,0,0,0,1,0
-0.47376632856038614,-1.2506035746413713,1,0,1,0,0.9211122111844136,-0.8811217809799272,0.0,0,0,0,0,1,0,0,1,0,0,0,0,0,1,0
-1.4243632088929226,-0.4484829595585655,1,0,1,0,-0.6674168927062403,1.478170076718815,0.0,0,0,0,0,1,1,0,0,0,0,1,0,0,0,0
-0.8164225711382975,-0.8116836430032948,1,0,1,0,-1.6782990497275654,0.8883471122941295,0.0,0,0,1,0,0,0,0,0,1,0,0,0,1,0,0
1.3937621126909434,1.6271847237543562,0,0,1,0,-0.5230051559889081,0.8883471122941295,0.0,0,0,0,0,1,0,1,0,0,0,0,0,1,0,0
-0.576447475705699,1.4127330552031159,1,0,1,1,0.19905352759775274,-0.8811217809799272,0.0,0,0,1,0,0,0,1,0,0,0,0,0,0,1,0
-0.9963252272556055,1.3507198184655311,0,0,1,0,1.0655239479017458,-0.29129881655524165,0.0,0,0,0,1,0,0,0,1,0,1,0,0,0,0,0
1.081435774144003,0.25127357625556973,1,0,1,0,-1.1006521028582368,-1.4709447454046127,0.0,0,0,0,0,1,0,0,0,1,0,0,0,0,0,1
-1.0754416996840601,1.2856895351810809,1,0,0,0,-1.5338873130102333,0.2985241478694439,0.0,0,0,0,0,1,0,0,0,1,0,0,1,0,0,0
0.14068780904550088,-0.10292768834650752,1,0,0,1,-1.6782990497275654,0.8883471122941295,0.0,0,0,0,0,1,0,0,0,1,0,0,0,1,0,0
-0.6368870204876468,-1.5685744202820824,1,0,1,0,-0.5230051559889081,0.8883471122941295,0.0,0,0,0,0,1,0,0,1,0,0,0,0,1,0,0
0.034188765046952355,-1.5726862237188115,1,1,1,0,-1.1006521028582368,0.2985241478694439,0.0,0,0,0,1,0,0,0,1,0,0,0,1,0,0,0
-0.5245422589628983,-1.5580664781659974,1,0,1,1,0.3434652643150849,-0.8811217809799272,0.0,0,0,0,1,0,0,0,1,0,0,0,0,0,1,0
-0.07710013123083911,-1.1646005077897061,1,0,1,1,1.6431708947710744,1.478170076718815,0.0,0,0,1,0,0,1,0,0,0,0,1,0,0,0,0
-1.355550163228649,-1.3713371573139606,1,0,1,1,-1.389475576292901,0.2985241478694439,0.0,0,0,1,0,0,0,0,1,0,0,0,1,0,0,0
-0.23983623647874447,-0.6227475681055502,1,0,1,0,1.4987591580537423,-1.4709447454046127,0.0,0,0,1,0,0,0,1,0,0,0,0,0,0,0,1
-1.4828238803974605,-0.7375677395462819,1,0,1,0,-1.5338873130102333,-0.29129881655524165,0.0,0,0,1,0,0,1,0,0,0,1,0,0,0,0,0
-1.2491979614167632,-0.8720159538076252,1,0,0,1,-1.5338873130102333,0.8883471122941295,0.0,0,0,0,1,0,0,1,0,0,0,0,0,1,0,0
1.6036660260405005,-1.0505130476532132,1,0,1,0,0.6322887377497493,-1.4709447454046127,0.0,0,0,0,1,0,0,0,0,1,0,0,0,0,0,1
0.3229993762725885,0.005375662552993404,1,0,0,0,-0.5230051559889081,0.2985241478694439,0.0,0,0,0,1,0,1,0,0,0,0,0,1,0,0,0
1.6317688235737509,0.31614869714618116,1,0,1,1,-0.08976994583691159,1.478170076718815,0.0,0,0,1,0,0,0,0,0,1,0,1,0,0,0,0
1.515420864341168,1.094693248498476,0,0,1,0,1.0655239479017458,1.478170076718815,0.0,0,0,0,0,1,0,1,0,0,0,1,0,0,0,0
-0.753385318149432,-0.13852883759952736,1,0,1,0,0.48787700103241705,1.478170076718815,0.0,0,0,0,0,1,0,1,0,0,0,1,0,0,0,0
-0.7267859049082068,1.6148493134441693,1,0,1,1,-0.6674168927062403,-0.8811217809799272,0.0,0,0,1,0,0,0,0,0,1,0,0,0,0,1,0
0.6951464246719685,-1.4231441565901466,1,0,1,0,0.3434652643150849,-0.8811217809799272,0.0,0,0,0,0,1,0,0,0,1,0,0,0,0,1,0
0.7998064450946912,0.23680037296360362,1,0,0,0,0.48787700103241705,0.2985241478694439,0.0,0,0,0,0,1,0,1,0,0,0,0,1,0,0,0
-0.2071568574611667,0.6142846167744958,1,0,1,1,-0.8118286294235724,1.478170076718815,0.0,0,0,0,0,1,1,0,0,0,0,1,0,0,0,0
-0.3762246579482754,-0.23624666518602408,1,0,1,1,1.4987591580537423,1.478170076718815,0.0,0,0,0,1,0,0,1,0,0,0,1,0,0,0,0
-0.8096048981860908,-0.6591503897267372,1,0,0,0,0.7767004744670813,-1.4709447454046127,0.0,0,0,0,0,1,0,0,0,1,0,0,0,0,0,1
-1.4661433072410615,-0.9566570396467052,1,0,1,0,-1.6782990497275654,0.8883471122941295,0.0,0,0,0,0,1,0,0,0,1,0,0,0,1,0,0
0.27320938626624175,-1.4500131111232366,1,0,0,0,0.05464179088042058,0.8883471122941295,0.0,0,0,0,0,1,0,0,0,1,0,0,0,1,0,0
-1.350781288404644,-1.6951352128566186,1,0,1,0,0.7767004744670813,0.8883471122941295,0.0,0,0,1,0,0,0,0,1,0,0,0,0,1,0,0
0.5068912451275724,-1.0028868128776844,1,0,0,1,-0.9562403661409046,0.8883471122941295,0.0,0,0,0,1,0,0,1,0,0,0,0,0,1,0,0
-1.1655748323547728,-0.4929283652603986,1,0,1,0,1.35434742133641,0.8883471122941295,0.0,0,0,1,0,0,1,0,0,0,0,0,0,1,0,0
0.8173715676136075,0.9971995443697469,1,0,1,1,-1.1006521028582368,0.8883471122941295,0.0,0,0,1,0,0,0,0,1,0,0,0,0,1,0,0
-0.7703560794366173,0.2615401546479053,1,0,1,0,1.4987591580537423,0.2985241478694439,0.0,0,0,1,0,0,0,0,1,0,0,0,1,0,0,0
-1.6758304535531638,-0.7007339112755425,1,0,0,0,-1.6782990497275654,1.478170076718815,0.0,0,0,1,0,0,0,0,0,1,0,1,0,0,0,0
-1.0129498605313711,0.7400609772468467,1,0,1,1,-0.23418168255424376,0.8883471122941295,0.0,0,0,0,1,0,0,0,0,1,0,0,0,1,0,0
0.6799167921695007,-1.4258939790142902,1,0,1,0,-1.5338873130102333,-0.8811217809799272,0.0,0,0,1,0,0,1,0,0,0,0,0,0,0,1,0
-1.7067267488755489,0.21143994170394645,1,0,0,0,1.4987591580537423,1.478170076718815,0.0,0,0,0,0,1,0,0,1,0,0,1,0,0,0,0
0.31641595157053454,1.064945169546377,1,0,1,0,-1.1006521028582368,-0.29129881655524165,0.0,0,0,1,0,0,0,1,0,0,1,0,0,0,0,0
-0.6513999232694982,-0.4068908178767689,1,0,0,0,-0.8118286294235724,0.8883471122941295,0.0,0,0,1,0,0,0,0,0,1,0,0,0,1,0,0
-1.2105994437796543,-0.2237043716840521,1,1,1,0,0.48787700103241705,1.478170076718815,0.0,0,0,0,1,0,1,0,0,0,0,1,0,0,0,0
1.3407380983354729,-1.5673417412643629,1,0,1,1,0.48787700103241705,0.2985241478694439,0.0,0,0,0,0,1,0,0,0,1,0,0,1,0,0,0
0.0577359585511124,-1.4597021406051722,1,0,1,0,1.6431708947710744,0.2985241478694439,0.0,0,0,0,1,0,0,0,1,0,0,0,1,0,0,0
-1.1163722110950778,-0.6627363650510122,0,0,0,0,0.05464179088042058,-0.29129881655524165,0.0,0,0,0,0,1,0,0,1,0,1,0,0,0,0,0
1.0789988930939067,-1.1540925656736212,1,0,1,0,0.7767004744670813,-1.4709447454046127,0.0,0,0,0,1,0,0,1,0,0,0,0,0,0,0,1
1.149734872154956,1.7284626662661546,1,0,0,0,1.2099356846190779,-0.29129881655524165,0.0,0,0,0,1,0,1,0,0,0,1,0,0,0,0,0
-1.6970456532834153,-1.0522629346503956,1,0,1,0,0.48787700103241705,-1.4709447454046127,0.0,0,0,0,1,0,1,0,0,0,0,0,0,0,0,1
-0.19946162763152198,-0.414778239563576,1,0,1,0,-1.389475576292901,0.8883471122941295,0.0,0,0,0,1,0,0,0,1,0,0,0,0,1,0,0
1.002969602827913,0.4011863091028493,1,0,1,1,1.0655239479017458,1.478170076718815,0.0,0,0,0,1,0,0,0,1,0,0,1,0,0,0,0
-0.3058837542941997,1.3366345211581618,1,0,1,1,-1.6782990497275654,0.8883471122941295,0.0,0,0,0,1,0,1,0,0,0,0,0,0,1,0,0
0.26589175063087306,0.3230361834060271,1,0,1,0,-1.2450638395755689,-0.29129881655524165,0.0,0,0,0,0,1,0,0,1,0,1,0,0,0,0,0
1.2483778591670391,-0.23794483138525996,0,0,0,0,0.7767004744670813,0.8883471122941295,0.0,0,0,1,0,0,1,0,0,0,0,0,0,1,0,0
-0.1869275981270805,0.049872789052772384,1,0,1,0,-0.9562403661409046,-0.29129881655524165,0.0,0,0,0,1,0,0,0,1,0,1,0,0,0,0,0
-0.6000750827882699,0.2628159343305801,1,0,1,0,0.19905352759775274,1.478170076718815,0.0,0,0,0,0,1,1,0,0,0,0,1,0,0,0,0
-0.06389482315879542,1.1686195090296858,1,0,1,0,-1.5338873130102333,1.478170076718815,0.0,0,0,1,0,0,0,1,0,0,0,1,0,0,0,0
1.701256644048166,1.5639646683980253,1,0,1,0,1.6431708947710744,0.8883471122941295,0.0,0,0,1,0,0,0,0,0,1,0,0,0,1,0,0
1.3705505584705844,-0.09321279846559877,0,0,1,0,-0.5230051559889081,0.8883471122941295,0.0,0,0,0,1,0,0,0,1,0,0,0,0,1,0,0
-1.4770550802071318,0.527497117820645,1,0,1,1,0.3434652643150849,1.478170076718815,0.0,0,0,0,1,0,0,0,0,1,0,1,0,0,0,0
1.1732226295359434,-1.4618657939859248,1,1,0,1,0.7767004744670813,1.478170076718815,0.0,0,0,0,0,1,0,0,0,1,0,1,0,0,0,0
1.6065014787401106,0.3870492909975339,1,0,1,0,0.3434652643150849,-0.29129881655524165,0.0,0,0,1,0,0,0,0,1,0,1,0,0,0,0,0
-1.3161510060499733,-0.7685743579150742,1,1,1,0,-0.5230051559889081,0.2985241478694439,0.0,0,0,0,1,0,0,1,0,0,0,0,1,0,0,0
-0.9587650936527558,0.20248362352624946,1,1,1,0,-1.1006521028582368,1.478170076718815,0.0,0,0,0,1,0,0,1,0,0,0,1,0,0,0,0
-0.9379519618145573,-0.7821769277749445,1,0,1,0,0.05464179088042058,0.8883471122941295,0.0,0,0,1,0,0,0,0,0,1,0,0,0,1,0,0
-0.15788780759321921,1.3195925182348645,1,0,1,0,-1.2450638395755689,0.2985241478694439,0.0,0,0,1,0,0,0,0,1,0,0,0,1,0,0,0
-1.0734558339215712,0.26992754404819297,1,1,0,1,-1.6782990497275654,-0.8811217809799272,0.0,0,0,1,0,0,0,0,0,1,0,0,0,0,1,0
1.5851953767038296,-0.9952235146486447,0,0,1,1,1.35434742133641,-0.8811217809799272,0.0,0,0,0,0,1,0,0,1,0,0,0,0,0,1,0
-0.9028322055043436,-0.2597882483845705,1,0,0,0,-0.3785934192715759,1.478170076718815,0.0,0,0,0,1,0,0,1,0,0,0,1,0,0,0,0
0.3338796830558025,-0.4069339185417243,1,0,1,1,-0.3785934192715759,-1.4709447454046127,0.0,0,0,0,1,0,0,1,0,0,0,0,0,0,0,1
-1.275577111377994,-0.12568483944286885,1,0,1,0,1.6431708947710744,-0.29129881655524165,0.0,0,0,0,0,1,0,1,0,0,1,0,0,0,0,0
0.9747164668654601,-1.632889232528276,1,0,0,1,-0.23418168255424376,-0.8811217809799272,0.0,0,0,0,0,1,1,0,0,0,0,0,0,0,1,0
1.6088544499692568,-0.6536162643464857,1,0,1,0,-0.9562403661409046,0.8883471122941295,0.0,0,0,1,0,0,0,0,0,1,0,0,0,1,0,0
0.09827489079769587,-1.5777203813855822,1,0,1,0,1.2099356846190779,0.8883471122941295,0.0,0,0,1,0,0,1,0,0,0,0,0,0,1,0,0
0.2857434157706835,0.9234284462323759,1,0,1,0,1.4987591580537423,1.478170076718815,0.0,0,0,0,0,1,0,0,0,1,0,1,0,0,0,0
0.13133536025208906,-0.9225040727361811,1,0,1,0,-0.08976994583691159,0.2985241478694439,0.0,0,0,0,0,1,0,1,0,0,0,0,1,0,0,0
1.7202447372806964,0.6813061507798778,0,1,1,0,0.3434652643150849,1.478170076718815,0.0,0,0,0,1,0,0,0,0,1,0,1,0,0,0,0
0.7662495091996755,-0.9281588799783074,1,0,1,1,0.3434652643150849,-0.8811217809799272,0.0,0,0,0,1,0,0,1,0,0,0,0,0,0,1,0
-0.9384798944380359,-1.0715547922843562,1,0,1,0,1.6431708947710744,0.2985241478694439,0.0,0,0,1,0,0,0,0,1,0,0,0,1,0,0,0
0.38004057330605184,0.7779637020084759,1,0,1,0,-0.3785934192715759,1.478170076718815,0.0,0,0,0,0,1,0,1,0,0,0,1,0,0,0,0
0.9481834822324872,-0.9198059711099839,1,0,1,0,0.48787700103241705,1.478170076718815,0.0,0,0,0,0,1,0,0,1,0,0,1,0,0,0,0
1.3863605672346246,-0.024087952010401432,1,0,1,0,-0.3785934192715759,1.478170076718815,0.0,0,0,0,0,1,0,1,0,0,0,1,0,0,0,0
-0.9421789190449256,1.1556979296761083,1,0,1,0,1.2099356846190779,0.8883471122941295,0.0,0,0,0,0,1,0,1,0,0,0,0,0,1,0,0
-0.7503191134422087,-0.5738800341793108,1,0,0,0,0.48787700103241705,-0.8811217809799272,0.0,0,0,0,0,1,0,0,1,0,0,0,0,0,1,0
0.5484335989830188,0.4423388240021024,1,1,1,0,-0.5230051559889081,-1.4709447454046127,0.0,0,0,0,0,1,1,0,0,0,0,0,0,0,0,1
-1.4532946159080564,-0.8419661702008392,1,0,1,1,1.4987591580537423,1.478170076718815,0.0,0,0,0,1,0,0,1,0,0,0,1,0,0,0,0
-0.9221384568079772,0.9685462223075104,0,0,0,0,-1.1006521028582368,-0.8811217809799272,0.0,0,0,1,0,0,0,0,1,0,0,0,0,0,1,0
-1.459486461445676,0.5212647616681192,1,0,1,0,-0.3785934192715759,-0.8811217809799272,0.0,0,0,1,0,0,1,0,0,0,0,0,0,0,1,0
-1.0257950556218367,0.25678184123684794,1,0,1,0,0.9211122111844136,-0.8811217809799272,0.0,0,0,1,0,0,0,1,0,0,0,0,0,0,1,0
-0.6545255640998946,-0.1348566609453416,1,0,1,1,-1.389475576292901,0.8883471122941295,0.0,0,0,0,1,0,1,0,0,0,0,0,0,1,0,0
-0.8881549793231314,-0.8246310827558457,1,0,1,0,0.48787700103241705,1.478170076718815,0.0,0,0,0,0,1,0,1,0,0,0,1,0,0,0,0
0.9046307889167746,1.5293375941729939,1,0,1,0,1.35434742133641,-0.29129881655524165,0.0,0,0,0,0,1,0,0,0,1,1,0,0,0,0,0
0.08506958272565218,0.9864760989288853,0,0,1,0,-0.23418168255424376,-0.8811217809799272,0.0,0,0,0,1,0,1,0,0,0,0,0,0,0,1,0
0.4857110078227168,0.7666713277902054,1,0,1,0,0.05464179088042058,-0.29129881655524165,0.0,0,0,1,0,0,0,0,1,0,1,0,0,0,0,0
0.07082938686188921,-0.6817609985622507,1,0,1,0,0.9211122111844136,1.478170076718815,0.0,0,0,0,0,1,0,0,0,1,0,1,0,0,0,0
-0.10885650221796417,-0.16253590797959017,1,0,1,0,-1.389475576292901,0.8883471122941295,0.0,0,0,0,0,1,0,0,1,0,0,0,0,1,0,0
1.1741351488387775,0.7756535063668754,0,0,1,1,-1.389475576292901,-0.29129881655524165,0.0,0,0,0,1,0,1,0,0,0,1,0,0,0,0,0
1.1585244258994938,-1.5169312035327263,1,0,1,0,-1.389475576292901,0.2985241478694439,0.0,0,0,0,0,1,1,0,0,0,0,0,1,0,0,0
0.3999411858414164,0.04300254305890895,0,0,1,0,0.3434652643150849,0.8883471122941295,0.0,0,0,0,0,1,0,0,1,0,0,0,0,1,0,0
-1.190593943968102,0.42838282868959937,1,0,1,0,0.05464179088042058,-0.8811217809799272,0.0,0,0,0,1,0,0,0,0,1,0,0,0,0,1,0
-0.8114544104895356,1.5147092284871886,1,1,1,0,-1.2450638395755689,0.2985241478694439,0.0,0,0,0,0,1,0,0,0,1,0,0,1,0,0,0
0.716571398954596,-1.0525042983741448,1,0,1,0,0.48787700103241705,-1.4709447454046127,0.0,0,0,0,1,0,0,0,0,1,0,0,0,0,0,1
1.6633748561316735,0.9011023017855668,1,0,1,0,0.05464179088042058,-0.29129881655524165,0.0,0,0,0,0,1,1,0,0,0,1,0,0,0,0,0
-1.3261257860154325,-0.5090566340866453,0,0,0,0,0.48787700103241705,0.8883471122941295,0.0,0,0,0,0,1,0,0,0,1,0,0,0,1,0,0
1.4027684334729356,0.11067920717161032,1,0,1,0,-0.08976994583691159,-0.29129881655524165,0.0,0,0,0,1,0,0,0,1,0,1,0,0,0,0,0
-1.4567558960222535,0.4365978154300659,1,0,1,1,1.35434742133641,-0.29129881655524165,0.0,0,0,1,0,0,0,1,0,0,1,0,0,0,0,0
1.1286490333986696,0.09343032105652763,1,0,1,0,-0.23418168255424376,0.8883471122941295,0.0,0,0,1,0,0,0,1,0,0,0,0,0,1,0,0
-0.7814461607722071,1.018792977512317,1,0,0,0,-1.1006521028582368,-0.29129881655524165,0.0,0,0,0,0,1,0,1,0,0,1,0,0,0,0,0
-1.184888076143486,1.4372831939616144,1,0,1,0,0.7767004744670813,-0.29129881655524165,0.0,0,0,0,0,1,0,1,0,0,1,0,0,0,0,0
0.3934451672028523,0.8976542485891484,0,0,1,0,1.2099356846190779,-0.29129881655524165,0.0,0,0,1,0,0,0,0,1,0,1,0,0,0,0,0
-0.4885554345028655,0.015323296024660373,0,0,0,0,1.35434742133641,-0.8811217809799272,0.0,0,0,1,0,0,0,1,0,0,0,0,0,0,1,0
0.586850312008069,1.00645756720213,0,0,1,0,-0.3785934192715759,-0.29129881655524165,0.0,0,0,0,0,1,0,0,0,1,1,0,0,0,0,0
1.1810821827649494,1.6238142517548575,0,0,0,0,-0.3785934192715759,-0.29129881655524165,0.0,0,0,0,0,1,0,1,0,0,1,0,0,0,0,0
1.2515034999974357,-0.9303397736250419,1,0,1,1,-0.23418168255424376,-0.8811217809799272,0.0,0,0,0,1,0,1,0,0,0,0,0,0,0,1,0
-1.5526857988236118,0.6272320565270467,0,0,0,0,1.0655239479017458,0.8883471122941295,0.0,0,0,1,0,0,1,0,0,0,0,0,0,1,0,0
-0.6984943102778186,0.25943684219809005,1,0,0,0,-0.6674168927062403,1.478170076718815,0.0,0,0,0,1,0,0,0,0,1,0,1,0,0,0,0
0.46260783712108494,-0.10907384316912336,1,0,1,1,-0.08976994583691159,0.8883471122941295,0.0,0,0,1,0,0,1,0,0,0,0,0,0,1,0,0
1.20187433714791,0.6912279238525715,0,0,1,1,0.19905352759775274,-0.29129881655524165,0.0,0,0,0,0,1,0,1,0,0,1,0,0,0,0,0
-0.5798318384840252,1.4147156857910559,1,0,1,0,-0.9562403661409046,-0.8811217809799272,0.0,0,0,1,0,0,0,1,0,0,0,0,0,0,1,0
-1.3047147967029638,0.1893810213798598,1,0,1,1,0.48787700103241705,0.2985241478694439,0.0,0,0,0,1,0,0,0,0,1,0,0,1,0,0,0
1.0478648532788293,-1.456478210866521,0,0,0,1,0.6322887377497493,0.2985241478694439,0.0,0,0,1,0,0,0,0,1,0,0,0,1,0,0,0
0.3892776460956571,1.5513620339651162,1,0,1,0,0.19905352759775274,-1.4709447454046127,0.0,0,0,1,0,0,0,0,0,1,0,0,0,0,0,1
0.39179843696670386,0.8026948635597863,1,0,1,0,1.6431708947710744,0.8883471122941295,0.0,0,0,0,0,1,0,0,0,1,0,0,0,1,0,0
0.45347215536512786,-1.1785392628362275,1,0,1,0,0.9211122111844136,-0.29129881655524165,0.0,0,0,0,1,0,0,0,0,1,1,0,0,0,0,0
0.983380155878572,-0.382642383772957,0,0,0,1,1.6431708947710744,0.2985241478694439,0.0,0,0,0,0,1,1,0,0,0,0,0,1,0,0,0
-0.5541938919411883,-0.2869847679713201,1,0,0,0,-1.5338873130102333,-0.29129881655524165,0.0,0,0,0,1,0,0,1,0,0,1,0,0,0,0,0
0.45026610095632086,-0.32793901981177953,0,0,1,0,-0.9562403661409046,-1.4709447454046127,0.0,0,0,0,0,1,0,0,1,0,0,0,0,0,0,1
-0.6362192381625845,-1.4290920483539682,1,1,1,1,0.19905352759775274,-0.8811217809799272,0.0,0,0,1,0,0,1,0,0,0,0,0,0,0,1,0
-0.799623125735552,-0.6336606564722143,1,0,0,0,-0.8118286294235724,-0.8811217809799272,0.0,0,0,0,1,0,0,0,0,1,0,0,0,0,1,0
-0.8344107390045045,1.065789942579499,1,0,0,0,0.7767004744670813,-0.29129881655524165,0.0,0,0,0,1,0,0,0,0,1,1,0,0,0,0,0
0.7939292613856349,-0.1503556600632422,1,0,1,0,-1.1006521028582368,1.478170076718815,0.0,0,0,1,0,0,0,0,0,1,0,1,0,0,0,0
0.3368899478823925,-0.9915858185264232,1,0,1,0,1.2099356846190779,-0.29129881655524165,0.0,0,0,0,0,1,1,0,0,0,1,0,0,0,0,0
-0.8816449757144087,-0.5439854129663637,1,0,1,1,0.05464179088042058,-0.8811217809799272,0.0,0,0,0,1,0,0,0,0,1,0,0,0,0,1,0
-0.30951984653537645,1.6618117979793878,1,0,0,0,-1.6782990497275654,-0.29129881655524165,0.0,0,0,0,1,0,0,1,0,0,1,0,0,0,0,0
-0.9948568053889764,-0.49679018484038723,1,0,1,0,1.6431708947710744,-0.29129881655524165,0.0,0,0,1,0,0,0,1,0,0,1,0,0,0,0,0
0.5952343016180137,-1.5841682408628845,1,0,1,1,-0.5230051559889081,-1.4709447454046127,0.0,0,0,1,0,0,0,0,1,0,0,0,0,0,0,1
1.4981738998933547,1.636072080868125,1,0,1,0,1.6431708947710744,-0.8811217809799272,0.0,0,0,0,0,1,0,0,1,0,0,0,0,0,1,0
1.4151800944884916,-0.39060738665668326,1,0,1,0,0.6322887377497493,1.478170076718815,0.0,0,0,0,0,1,0,0,1,0,0,1,0,0,0,0
0.888394238562904,1.4879264752840091,1,0,1,0,-1.5338873130102333,-1.4709447454046127,0.0,0,0,0,1,0,0,0,0,1,0,0,0,0,0,1
0.11375275652047484,-1.4330400692638674,0,0,1,0,-1.389475576292901,-1.4709447454046127,0.0,0,0,0,1,0,1,0,0,0,0,0,0,0,0,1
-0.36577788523997085,-1.2134163209179991,1,0,0,0,1.6431708947710744,0.8883471122941295,0.0,0,0,0,0,1,0,1,0,0,0,0,0,1,0,0
-0.012521035282013,0.47775033032931935,1,0,1,0,-0.6674168927062403,1.478170076718815,0.0,0,0,0,1,0,0,0,0,1,0,1,0,0,0,0
1.265170312084705,-0.4777741714621396,0,0,0,0,0.7767004744670813,0.2985241478694439,0.0,0,0,0,0,1,0,0,1,0,0,0,1,0,0,0
-1.6451788952085502,0.5575382812944404,0,0,0,0,1.4987591580537423,-0.8811217809799272,0.0,0,0,0,1,0,0,0,1,0,0,0,0,0,1,0
-0.5905233481701013,0.2033111562933899,1,1,1,0,0.19905352759775274,0.2985241478694439,0.0,0,0,0,1,0,0,1,0,0,0,0,1,0,0,0
-0.3295498200447061,0.24268792379648793,1,0,1,0,0.7767004744670813,1.478170076718815,0.0,0,0,1,0,0,0,0,0,1,0,1,0,0,0,0
-1.5578392603269722,1.4966759102699212,1,0,1,0,-0.08976994583691159,-0.29129881655524165,0.0,0,0,1,0,0,0,1,0,0,1,0,0,0,0,0
0.8305943568983488,1.6368306525713363,0,0,1,1,0.19905352759775274,1.478170076718815,0.0,0,0,1,0,0,1,0,0,0,0,1,0,0,0,0
-1.153610690384285,1.5788257776745884,1,0,0,0,0.3434652643150849,0.2985241478694439,0.0,0,0,0,0,1,0,0,0,1,0,0,1,0,0,0
-0.6011694067031627,1.2223918986278304,1,0,1,0,1.0655239479017458,-0.29129881655524165,0.0,0,0,0,0,1,0,0,0,1,1,0,0,0,0,0
-1.6287605402426204,-1.5576182312504632,1,0,0,0,-0.6674168927062403,-1.4709447454046127,0.0,0,0,1,0,0,0,1,0,0,0,0,0,0,0,1
1.0601296721077222,-0.6023523334487353,0,0,1,0,0.19905352759775274,-0.29129881655524165,0.0,0,0,0,1,0,1,0,0,0,1,0,0,0,0,0
-1.4400228792277605,0.11725636864377846,1,0,1,1,-1.1006521028582368,-0.29129881655524165,0.0,0,0,1,0,0,0,1,0,0,1,0,0,0,0,0
0.3586505614488205,-1.2149765649893784,1,0,1,1,0.05464179088042058,0.8883471122941295,0.0,0,0,0,0,1,0,0,1,0,0,0,0,1,0,0
-0.9730682218822315,1.370761627669713,0,0,0,0,-1.2450638395755689,-1.4709447454046127,0.0,0,0,0,1,0,1,0,0,0,0,0,0,0,0,1
-0.25041936264609294,0.4674147908730551,1,0,1,0,-0.5230051559889081,0.2985241478694439,0.0,0,0,0,0,1,1,0,0,0,0,0,1,0,0,0
1.3687255198649164,1.135156152758446,0,0,0,0,0.48787700103241705,0.8883471122941295,0.0,0,0,0,0,1,1,0,0,0,0,0,0,1,0,0
0.951718183440016,0.769041864362743,1,0,1,0,1.0655239479017458,-0.8811217809799272,0.0,0,0,0,0,1,0,1,0,0,0,0,0,0,1,0
1.2645025297596428,-0.281916129772585,0,1,1,1,1.0655239479017458,0.2985241478694439,0.0,0,0,0,0,1,0,1,0,0,0,0,1,0,0,0
-1.1363672221790113,-0.935029125972171,1,0,1,0,-0.8118286294235724,-0.8811217809799272,0.0,0,0,1,0,0,0,1,0,0,0,0,0,0,1,0
0.36248943575729403,0.13925494803692764,1,0,1,0,-1.1006521028582368,0.2985241478694439,0.0,0,0,0,1,0,1,0,0,0,0,0,1,0,0,0
-1.619240271807308,0.5174029420881306,0,0,1,0,0.05464179088042058,1.478170076718815,0.0,0,0,0,0,1,0,1,0,0,0,1,0,0,0,0
0.04681369685742331,-1.6578014168723987,1,0,1,1,0.05464179088042058,0.2985241478694439,0.0,0,0,0,0,1,0,1,0,0,0,0,1,0,0,0
-1.53207544905271,1.345168452819298,1,0,1,0,-0.9562403661409046,-1.4709447454046127,0.0,0,0,0,1,0,0,0,1,0,0,0,0,0,0,1
-0.4090089242420409,0.943780580224235,1,0,1,0,-0.8118286294235724,0.2985241478694439,0.0,0,0,1,0,0,0,0,1,0,0,0,1,0,0,0
1.4660644084097307,0.7589821691621927,1,0,1,0,1.4987591580537423,0.2985241478694439,0.0,0,0,1,0,0,0,1,0,0,0,0,1,0,0,0
-1.2755386527100585,-1.0231268851406603,1,0,1,1,0.19905352759775274,0.8883471122941295,0.0,0,0,1,0,0,1,0,0,0,0,0,0,1,0,0
0.865944865216176,-0.005597766744608077,1,0,1,0,0.05464179088042058,-0.8811217809799272,0.0,0,0,0,1,0,1,0,0,0,0,0,0,0,1,0
-1.1505549744046804,0.14116861756094007,1,0,0,0,-0.3785934192715759,-0.8811217809799272,0.0,0,0,1,0,0,0,0,0,1,0,0,0,0,1,0
0.36851346165301296,-1.1244306880514319,1,0,1,0,1.2099356846190779,1.478170076718815,0.0,0,0,1,0,0,0,0,0,1,0,1,0,0,0,0
1.4199244956147195,1.132087385413633,1,0,0,0,-0.08976994583691159,1.478170076718815,0.0,0,0,1,0,0,0,0,1,0,0,1,0,0,0,0
0.6894195793921148,1.2188404038355196,1,0,1,0,-1.1006521028582368,1.478170076718815,0.0,0,0,0,1,0,1,0,0,0,0,1,0,0,0,0
1.0937670215811484,0.2874091737540339,1,0,1,0,-0.08976994583691159,0.8883471122941295,0.0,0,0,0,1,0,0,1,0,0,0,0,0,1,0,0
1.2930703275506592,1.4634366774564478,1,0,0,0,-1.389475576292901,-0.8811217809799272,0.0,0,0,1,0,0,0,1,0,0,0,0,0,0,1,0
0.49107774012099253,-0.30375954677189554,0,0,1,0,-0.23418168255424376,0.2985241478694439,0.0,0,0,1,0,0,0,0,1,0,0,0,1,0,0,0
-1.5367604140557647,-0.04216437089262496,1,0,1,0,-0.08976994583691159,-0.29129881655524165,0.0,0,0,1,0,0,0,0,0,1,1,0,0,0,0,0
0.2583293780177332,0.03968379185735635,1,0,0,0,-0.9562403661409046,0.2985241478694439,0.0,0,0,0,1,0,0,0,1,0,0,0,1,0,0,0
0.12840900524644958,-0.8906957819992217,1,0,0,0,1.35434742133641,0.8883471122941295,0.0,0,0,1,0,0,0,1,0,0,0,0,0,1,0,0
0.6690854327818408,1.3109896255098004,1,0,1,1,-1.5338873130102333,-1.4709447454046127,0.0,0,0,0,0,1,0,1,0,0,0,0,0,0,0,1
-0.0608740696045871,0.9336260635607831,1,1,1,0,-1.2450638395755689,-1.4709447454046127,0.0,0,0,0,1,0,0,1,0,0,0,0,0,0,0,1
1.5907893647671787,1.4394037466774117,1,0,1,0,-0.3785934192715759,1.478170076718815,0.0,0,0,1,0,0,0,0,0,1,0,1,0,0,0,0
-0.6275485566643932,-0.17331969435138883,1,0,1,0,-0.08976994583691159,1.478170076718815,0.0,0,0,0,0,1,0,1,0,0,0,1,0,0,0,0
-0.38802098027686277,0.3853597449312889,1,0,1,0,-1.6782990497275654,-1.4709447454046127,0.0,0,0,0,0,1,0,1,0,0,0,0,0,0,0,1
-1.2143544082671773,-1.4581936173317394,1,0,1,0,-1.389475576292901,0.8883471122941295,0.0,0,0,1,0,0,1,0,0,0,0,0,0,1,0,0
0.20568295785653876,-1.5082765900097161,1,0,0,0,-1.5338873130102333,0.8883471122941295,0.0,0,0,0,1,0,1,0,0,0,0,0,0,1,0,0
1.4162779146459237,-1.1483687973675667,1,0,0,0,-0.23418168255424376,1.478170076718815,0.0,0,0,0,0,1,0,0,1,0,0,1,0,0,0,0
0.03187075624320202,-1.3291329861897996,1,0,0,0,-1.2450638395755689,1.478170076718815,0.0,0,0,1,0,0,0,0,0,1,0,1,0,0,0,0
0.6826963049884772,1.4090608785489303,1,0,0,1,0.19905352759775274,0.2985241478694439,0.0,0,0,1,0,0,0,0,1,0,0,0,1,0,0,0
1.5764547703548466,-0.5146252399988609,1,0,1,0,0.19905352759775274,1.478170076718815,0.0,0,0,0,0,1,1,0,0,0,0,1,0,0,0,0
0.7190502349151673,-1.466632727529973,0,0,1,0,0.7767004744670813,1.478170076718815,0.0,0,0,0,0,1,0,0,1,0,0,1,0,0,0,0
0.9325657668081245,0.7098732715122039,1,0,1,1,-1.5338873130102333,0.8883471122941295,0.0,0,0,0,0,1,0,1,0,0,0,0,0,1,0,0
1.5949254196915175,1.4734360317260615,1,0,1,0,0.3434652643150849,1.478170076718815,0.0,0,0,0,1,0,0,0,1,0,0,1,0,0,0,0
-0.04087905852065338,-0.6463839727669982,1,1,1,1,0.6322887377497493,-0.8811217809799272,0.0,0,0,0,1,0,0,0,0,1,0,0,0,0,1,0
0.5368610361769655,0.2724532430145693,1,0,1,0,0.9211122111844136,1.478170076718815,0.0,0,0,0,1,0,0,0,1,0,0,1,0,0,0,0
-1.2901389615553998,-0.6335399746103397,1,0,1,0,1.0655239479017458,1.478170076718815,0.0,0,0,1,0,0,1,0,0,0,0,1,0,0,0,0
0.45151425954295554,0.32446712548254053,1,0,0,0,-0.6674168927062403,0.2985241478694439,0.0,0,0,0,1,0,1,0,0,0,0,0,1,0,0,0
-1.2819157991022765,-0.6855883376102752,1,0,1,0,0.05464179088042058,1.478170076718815,0.0,0,0,0,0,1,0,0,1,0,0,1,0,0,0,0
1.116373725842158,-0.03008756457216943,1,0,0,0,0.9211122111844136,-0.8811217809799272,0.0,0,0,0,1,0,0,1,0,0,0,0,0,0,1,0
1.549673552501563,0.6767202400286412,1,0,0,0,-0.5230051559889081,0.8883471122941295,0.0,0,0,0,1,0,1,0,0,0,0,0,0,1,0,0
1.1045704110284913,0.5972857145161529,1,0,0,1,0.9211122111844136,1.478170076718815,0.0,0,0,0,1,0,0,0,0,1,0,1,0,0,0,0
-1.1142709693287822,-0.23186763762657242,0,0,0,0,0.9211122111844136,0.2985241478694439,0.0,0,0,0,1,0,0,1,0,0,0,0,1,0,0,0
0.4659257712911588,-1.2243552696836364,1,0,1,0,-1.6782990497275654,-1.4709447454046127,0.0,0,0,1,0,0,0,0,0,1,0,0,0,0,0,1
-0.4835033640331532,-0.02124330812335651,1,0,1,0,-0.08976994583691159,0.2985241478694439,0.0,0,0,1,0,0,0,0,1,0,0,0,1,0,0,0
-0.5907645889053331,-1.0487028197250936,1,0,1,0,-0.23418168255424376,1.478170076718815,0.0,0,0,0,1,0,0,0,1,0,0,1,0,0,0,0
1.7458791875809938,1.1965314996546927,0,0,1,0,-0.5230051559889081,0.8883471122941295,0.0,0,0,1,0,0,0,0,1,0,0,0,0,1,0,0
0.7403738181641465,-0.46754207360176814,1,0,0,0,0.7767004744670813,-0.8811217809799272,0.0,0,0,1,0,0,1,0,0,0,0,0,0,0,1,0
-0.27930182226567263,0.6826767519254542,1,0,1,0,-0.8118286294235724,0.2985241478694439,0.0,0,0,0,0,1,0,1,0,0,0,0,1,0,0,0
0.27766010301914407,-0.3483256343356032,0,0,0,0,-0.8118286294235724,0.2985241478694439,0.0,0,0,0,1,0,1,0,0,0,0,0,1,0,0,0
0.899438868745479,-0.2686842256313296,1,0,1,1,0.7767004744670813,-0.8811217809799272,0.0,0,0,1,0,0,0,0,1,0,0,0,0,0,1,0
-0.09425968961516254,1.702059198914581,1,0,1,0,0.9211122111844136,0.8883471122941295,0.0,0,0,1,0,0,0,1,0,0,0,0,0,1,0,0
-1.352980424962048,-1.2753605965916552,1,0,1,0,-1.1006521028582368,1.478170076718815,0.0,0,0,1,0,0,0,0,1,0,0,1,0,0,0,0
0.47331682801985897,0.42585712972322265,1,1,0,0,1.0655239479017458,-0.29129881655524165,0.0,0,0,0,0,1,0,1,0,0,1,0,0,0,0,0
1.6756921185986602,0.3854200858622263,1,0,1,0,-1.389475576292901,0.8883471122941295,0.0,0,0,0,1,0,1,0,0,0,0,0,0,1,0,0
0.7696024057951455,1.6322275015541186,1,0,1,1,0.48787700103241705,0.2985241478694439,0.0,0,0,1,0,0,0,0,1,0,0,0,1,0,0,0
0.9805132369961056,1.1713779515868203,1,0,0,0,-1.5338873130102333,0.2985241478694439,0.0,0,0,1,0,0,1,0,0,0,0,0,1,0,0,0
0.5774629007892614,-0.4157523145915643,1,0,1,0,-0.08976994583691159,-0.8811217809799272,0.0,0,0,0,0,1,0,1,0,0,0,0,0,0,1,0
0.3897356538683437,1.4924865256362725,1,0,1,1,-1.5338873130102333,0.2985241478694439,0.0,0,0,0,0,1,0,0,0,1,0,0,1,0,0,0
0.1996379545055818,-0.6987771410865752,1,0,1,0,-1.5338873130102333,1.478170076718815,0.0,0,0,0,0,1,0,1,0,0,0,1,0,0,0,0
1.6995784476291609,0.5673307523722683,0,0,1,0,-0.08976994583691159,1.478170076718815,0.0,0,0,0,1,0,0,0,0,1,0,1,0,0,0,0
0.7244833958216951,-1.483657490187289,0,0,0,0,0.05464179088042058,-0.29129881655524165,0.0,0,0,0,1,0,0,0,0,1,1,0,0,0,0,0
-0.6631997418406252,-0.8144938063583756,1,0,1,0,0.48787700103241705,-1.4709447454046127,0.0,0,0,1,0,0,0,0,1,0,0,0,0,0,0,1
0.3940744908599788,1.1625595555369808,0,0,1,0,1.6431708947710744,-0.8811217809799272,0.0,0,0,0,0,1,0,1,0,0,0,0,0,0,1,0
0.11631200605945696,1.5433711706824162,1,0,1,0,0.7767004744670813,0.8883471122941295,0.0,0,0,0,0,1,0,0,1,0,0,0,0,1,0,0
-1.335705490573918,-0.5121167812984667,1,0,1,1,1.2099356846190779,1.478170076718815,0.0,0,0,0,1,0,0,0,0,1,0,1,0,0,0,0
-1.458944543852039,1.3403066978123477,1,0,1,0,-1.5338873130102333,0.2985241478694439,0.0,0,0,0,0,1,1,0,0,0,0,0,1,0,0,0
1.3301654608957432,1.4993826320291093,1,0,0,1,-0.6674168927062403,-0.8811217809799272,0.0,0,0,0,0,1,0,0,0,1,0,0,0,0,1,0
0.09142575166263274,0.9057571736007317,1,0,1,1,0.7767004744670813,0.8883471122941295,0.0,0,0,1,0,0,0,1,0,0,0,0,0,1,0,0
1.7298489155369587,-1.202667015078165,0,0,1,0,-0.9562403661409046,0.8883471122941295,0.0,0,0,0,1,0,1,0,0,0,0,0,0,1,0,0
0.004257432665494718,0.843735316730156,0,0,1,0,0.19905352759775274,1.478170076718815,0.0,0,0,1,0,0,1,0,0,0,0,1,0,0,0,0
0.6519538443378341,-1.5817890841573559,1,0,1,1,0.7767004744670813,-0.8811217809799272,0.0,0,0,0,1,0,0,0,0,1,0,0,0,0,1,0
-0.35974686685917256,0.6979774879845607,1,0,1,0,0.9211122111844136,-0.29129881655524165,0.0,0,0,0,0,1,0,0,1,0,1,0,0,0,0,0
-0.3101491701925033,1.4600834457229306,0,0,1,0,1.35434742133641,-0.8811217809799272,0.0,0,0,1,0,0,0,1,0,0,0,0,0,0,1,0
-1.5194819834250952,0.1529523393596995,1,0,1,0,1.35434742133641,-0.29129881655524165,0.0,0,0,0,1,0,0,0,0,1,1,0,0,0,0,0
0.3308204708336585,-0.8625682880494389,1,0,0,0,-0.08976994583691159,0.8883471122941295,0.0,0,0,0,0,1,0,1,0,0,0,0,0,1,0,0
0.9180843302091295,-1.6038221440824691,1,0,1,0,-1.5338873130102333,-0.8811217809799272,0.0,0,0,0,1,0,1,0,0,0,0,0,0,0,1,0
-1.4341596804888626,0.1008781159607912,1,0,0,0,-0.9562403661409046,1.478170076718815,0.0,0,0,1,0,0,1,0,0,0,0,1,0,0,0,0
-0.308537402381751,0.38915260344734914,1,0,1,1,1.2099356846190779,1.478170076718815,0.0,0,0,1,0,0,0,0,1,0,0,1,0,0,0,0
-1.6377528760544544,1.3979581472564628,1,0,0,1,0.9211122111844136,0.8883471122941295,0.0,0,0,1,0,0,0,0,0,1,0,0,0,1,0,0
-0.6156368583319993,-0.912892624451165,1,0,0,0,1.6431708947710744,0.8883471122941295,0.0,0,0,1,0,0,1,0,0,0,0,0,0,1,0,0
0.10491075913784363,1.4645400544793015,1,0,1,0,1.4987591580537423,-1.4709447454046127,0.0,0,0,1,0,0,0,1,0,0,0,0,0,0,0,1
0.6307736070329785,-0.07831720865707163,1,0,1,1,-1.5338873130102333,0.2985241478694439,0.0,0,0,1,0,0,0,0,1,0,0,0,1,0,0,0
-0.23416882732206387,-0.25951240412885684,0,0,1,0,0.3434652643150849,-0.8811217809799272,0.0,0,0,1,0,0,0,1,0,0,0,0,0,0,1,0
-0.8475950696213105,-1.1569458296936572,1,0,1,0,0.48787700103241705,1.478170076718815,0.0,0,0,1,0,0,0,0,0,1,0,1,0,0,0,0
-0.8390712303097823,0.5792868768308493,1,0,0,0,-1.6782990497275654,-0.29129881655524165,0.0,0,0,0,1,0,0,0,0,1,1,0,0,0,0,0
1.319771131825532,1.3140756331205947,1,0,0,0,-0.8118286294235724,0.2985241478694439,0.0,0,0,0,1,0,0,0,0,1,0,0,1,0,0,0
-0.88842418999868,0.1044037503541291,1,0,1,0,1.4987591580537423,-1.4709447454046127,0.0,0,0,0,1,0,0,0,0,1,0,0,0,0,0,1
-0.49419836996176886,0.22952498071916083,1,0,1,0,0.48787700103241705,-1.4709447454046127,0.0,0,0,1,0,0,0,0,0,1,0,0,0,0,0,1
-1.3954003356949323,-0.11183228572625789,0,0,1,0,-0.23418168255424376,0.2985241478694439,0.0,0,0,1,0,0,0,1,0,0,0,0,1,0,0,0
0.5026747766248228,0.3045201377412604,1,0,1,0,0.3434652643150849,1.478170076718815,0.0,0,0,0,0,1,0,1,0,0,0,1,0,0,0,0
1.0578046708188928,-1.1490239274748861,1,0,0,0,0.05464179088042058,1.478170076718815,0.0,0,0,1,0,0,1,0,0,0,0,1,0,0,0,0
1.0166923547958162,1.5271049797283127,0,0,1,0,-1.6782990497275654,1.478170076718815,0.0,0,0,0,1,0,1,0,0,0,0,1,0,0,0,0
1.529902300940163,0.3400954265953069,0,0,0,1,-0.5230051559889081,-0.29129881655524165,0.0,0,0,0,1,0,0,1,0,0,1,0,0,0,0,0
0.4534791478502072,1.185928736075706,1,0,1,1,0.48787700103241705,-0.8811217809799272,0.0,0,0,1,0,0,0,0,0,1,0,0,0,0,1,0
-0.2764034372003499,-1.6853168813798174,1,0,0,0,-0.8118286294235724,0.2985241478694439,0.0,0,0,1,0,0,0,1,0,0,0,0,1,0,0,0
-1.3470612863425167,-1.683170468265047,1,0,1,1,-0.08976994583691159,0.2985241478694439,0.0,0,0,0,0,1,0,0,0,1,0,0,1,0,0,0
-0.03699123681662577,0.6747634698396738,1,0,0,0,-1.5338873130102333,-0.29129881655524165,0.0,0,0,0,1,0,1,0,0,0,1,0,0,0,0,0
0.927045199838107,1.1475950046645254,1,0,0,0,-1.6782990497275654,1.478170076718815,0.0,0,0,0,0,1,0,0,0,1,0,1,0,0,0,0
-0.03828484655627519,-0.7371625932957029,1,0,1,1,-0.8118286294235724,1.478170076718815,0.0,0,0,0,1,0,0,0,0,1,0,1,0,0,0,0
1.2758303555879251,-0.276080299737647,1,0,1,0,1.4987591580537423,0.2985241478694439,0.0,0,0,0,0,1,0,0,0,1,0,0,1,0,0,0
1.1605522465724576,-1.4037402372273022,0,0,0,0,1.35434742133641,-0.8811217809799272,0.0,0,0,1,0,0,0,1,0,0,0,0,0,0,1,0
0.9883518127698736,-0.9441147461447335,1,0,1,0,1.0655239479017458,1.478170076718815,0.0,0,0,0,0,1,0,1,0,0,0,1,0,0,0,0
0.42663849387375,-1.3611567802515354,0,0,1,1,1.4987591580537423,-0.29129881655524165,0.0,0,0,0,0,1,1,0,0,0,1,0,0,0,0,0
0.9718495479829937,1.5219156596677035,0,0,1,0,0.9211122111844136,-1.4709447454046127,0.0,0,0,1,0,0,1,0,0,0,0,0,0,0,0,1
-0.5035193525723243,-0.5896290171539518,1,0,1,1,-1.389475576292901,-1.4709447454046127,0.0,0,0,0,0,1,0,1,0,0,0,0,0,0,0,1
-0.3718298810760067,0.8680009910999504,0,0,1,0,-1.5338873130102333,0.2985241478694439,0.0,0,0,1,0,0,0,0,1,0,0,0,1,0,0,0
-1.0622398878545563,-0.7178965960607153,1,0,1,0,1.2099356846190779,-1.4709447454046127,0.0,0,0,1,0,0,1,0,0,0,0,0,0,0,0,1
-1.005002901238876,0.27327215564871893,0,0,1,0,0.9211122111844136,1.478170076718815,0.0,0,0,0,0,1,1,0,0,0,0,1,0,0,0,0
-1.4106719231078755,0.9117223056305351,1,0,1,0,1.35434742133641,-1.4709447454046127,0.0,0,0,0,0,1,0,0,1,0,0,0,0,0,0,1
-1.2634451497656056,1.7277644354938804,1,0,1,0,0.48787700103241705,1.478170076718815,0.0,0,0,1,0,0,0,0,1,0,0,1,0,0,0,0
0.11235425950463755,1.5307599161165168,0,0,0,0,0.6322887377497493,0.8883471122941295,0.0,0,0,1,0,0,0,0,0,1,0,0,0,1,0,0
1.4625227147171231,-1.5920125618847363,0,0,0,1,0.05464179088042058,1.478170076718815,0.0,0,0,1,0,0,1,0,0,0,0,1,0,0,0,0
0.18560054070911522,0.8912925904417565,1,0,1,0,-0.5230051559889081,-0.8811217809799272,0.0,0,0,0,1,0,0,1,0,0,0,0,0,0,1,0
0.9440299460954507,-0.08650633499856526,1,0,1,0,-0.9562403661409046,-0.29129881655524165,0.0,0,0,1,0,0,0,0,1,0,1,0,0,0,0,0
1.1485391572064159,0.3205191045726416,0,0,1,0,0.48787700103241705,-0.29129881655524165,0.0,0,0,0,1,0,0,1,0,0,1,0,0,0,0,0
1.2412699980840463,1.3274885600546624,1,0,1,0,1.6431708947710744,0.2985241478694439,0.0,0,0,1,0,0,0,0,1,0,0,0,1,0,0,0
-1.5730514116167422,-0.2734770195743511,1,0,1,0,-1.1006521028582368,1.478170076718815,0.0,0,0,0,1,0,0,0,1,0,0,1,0,0,0,0
-0.13737185637088617,0.5225146809518207,1,1,1,0,0.9211122111844136,0.8883471122941295,0.0,0,0,0,1,0,0,0,0,1,0,0,0,1,0,0
-1.2947190392822667,1.0437051618564395,1,0,0,0,-1.389475576292901,-0.8811217809799272,0.0,0,0,0,1,0,0,0,0,1,0,0,0,0,1,0
0.3563360488876099,-0.11762501509624097,0,0,1,0,-1.6782990497275654,0.8883471122941295,0.0,0,0,0,1,0,0,0,0,1,0,0,0,1,0,0
0.0010863406820837821,0.11449792608664393,1,0,1,1,-0.08976994583691159,-0.8811217809799272,0.0,0,0,0,0,1,1,0,0,0,0,0,0,0,1,0
-0.9124818349136209,-0.3530839477466606,1,0,0,0,0.05464179088042058,1.478170076718815,0.0,0,0,1,0,0,1,0,0,0,0,1,0,0,0,0
-1.5399594759794928,-0.9330292551182482,1,0,1,1,-0.6674168927062403,0.2985241478694439,0.0,0,0,0,1,0,0,0,0,1,0,0,1,0,0,0
-0.40434144045168396,-1.2987297771303807,1,0,1,0,0.7767004744670813,-0.29129881655524165,0.0,0,0,0,1,0,1,0,0,0,1,0,0,0,0,0
-0.34919520687468036,0.6807286018694777,1,0,1,0,-0.6674168927062403,-0.8811217809799272,0.0,0,0,0,0,1,0,1,0,0,0,0,0,0,1,0
1.0203669057049285,1.447670454215825,1,0,0,0,0.19905352759775274,-0.29129881655524165,0.0,0,0,0,0,1,0,0,0,1,1,0,0,0,0,0
-1.7218235241615125,1.498201673809336,1,0,0,0,-0.6674168927062403,0.8883471122941295,0.0,0,0,1,0,0,1,0,0,0,0,0,0,1,0,0
0.6438915090415324,0.5734855273278754,1,0,1,0,-1.1006521028582368,0.2985241478694439,0.0,0,0,1,0,0,0,0,1,0,0,0,1,0,0,0
-0.5192978951535084,0.6928485088548881,1,0,0,0,1.4987591580537423,-0.29129881655524165,0.0,0,0,1,0,0,0,0,0,1,1,0,0,0,0,0
-1.070354666788952,0.13203127659043107,1,0,1,0,-0.6674168927062403,-0.29129881655524165,0.0,0,0,0,1,0,0,0,1,0,1,0,0,0,0,0
-1.5523781294801275,0.38279094529995716,0,0,1,0,0.05464179088042058,0.8883471122941295,0.0,0,0,0,0,1,0,0,0,1,0,0,0,1,0,0
1.1272959875358475,1.0331454989424083,1,0,0,1,-0.3785934192715759,0.8883471122941295,0.0,0,0,1,0,0,0,0,0,1,0,0,0,1,0,0
-0.678646141380548,0.9578572573986129,1,0,1,1,1.2099356846190779,-0.8811217809799272,0.0,0,0,1,0,0,0,1,0,0,0,0,0,0,1,0
0.9125043271159388,1.3564780673035501,1,0,1,0,1.0655239479017458,-0.8811217809799272,0.0,0,0,0,1,0,0,1,0,0,0,0,0,0,1,0
0.5419970164676278,-1.2862995453572925,1,0,1,0,0.7767004744670813,0.2985241478694439,0.0,0,0,1,0,0,0,0,0,1,0,0,1,0,0,0
0.24769380821229067,0.3263204540756155,1,0,0,1,1.2099356846190779,-1.4709447454046127,0.0,0,0,0,1,0,0,0,1,0,0,0,0,0,0,1
1.0858655134416677,-1.3571915190756543,0,0,1,0,-1.2450638395755689,-1.4709447454046127,0.0,0,0,1,0,0,0,0,1,0,0,0,0,0,0,1
0.5111251948430197,-0.3096643378707619,1,0,1,0,-0.5230051559889081,0.8883471122941295,0.0,0,0,1,0,0,0,1,0,0,0,0,0,1,0,0
-0.01255949394994841,-0.3710914055649554,1,0,0,0,-0.6674168927062403,-0.29129881655524165,0.0,0,0,0,0,1,0,0,1,0,1,0,0,0,0,0
-0.8429555557712703,-0.9519504470335941,0,0,1,0,-0.23418168255424376,0.8883471122941295,0.0,0,0,1,0,0,0,0,1,0,0,0,0,1,0,0
-1.2710879359571563,-0.41776080557847795,1,0,1,0,1.35434742133641,-0.8811217809799272,0.0,0,0,1,0,0,0,1,0,0,0,0,0,0,1,0
-0.2675089961796246,1.2063239707325206,1,0,1,0,1.6431708947710744,0.8883471122941295,0.0,0,0,0,0,1,1,0,0,0,0,0,0,1,0,0
-0.8643840262964371,-0.8972298428064345,1,0,1,0,-1.6782990497275654,-1.4709447454046127,0.0,0,0,1,0,0,1,0,0,0,0,0,0,0,0,1
1.3521882926526407,-0.88326522736094,1,0,1,0,-1.2450638395755689,-1.4709447454046127,0.0,0,0,0,1,0,0,0,0,1,0,0,0,0,0,1
0.2864951079166959,0.5165064482570615,0,0,1,0,-1.6782990497275654,-0.8811217809799272,0.0,0,0,0,1,0,0,0,1,0,0,0,0,0,1,0
0.396857499921495,1.6941976376267471,0,0,1,0,0.05464179088042058,-0.8811217809799272,0.0,0,0,0,0,1,0,0,0,1,0,0,0,0,1,0
-0.13130587556469217,-1.6849634559271847,0,0,1,0,-1.2450638395755689,1.478170076718815,0.0,0,0,0,1,0,0,0,0,1,0,1,0,0,0,0
-0.28447276498173096,-0.11519413759276588,1,0,1,0,1.0655239479017458,-1.4709447454046127,0.0,0,0,0,1,0,0,0,0,1,0,0,0,0,0,1
0.534973065205585,1.1144419731809627,0,0,1,0,0.19905352759775274,-0.8811217809799272,0.0,0,0,0,0,1,0,1,0,0,0,0,0,0,1,0
0.9813907938735436,1.2640530013735554,1,1,1,0,-0.23418168255424376,-0.8811217809799272,0.0,0,0,1,0,0,0,0,1,0,0,0,0,0,1,0
-0.03759608677597556,-0.1556311814537622,1,0,0,0,-1.389475576292901,1.478170076718815,0.0,0,0,1,0,0,1,0,0,0,0,1,0,0,0,0
-1.5132481829770004,-0.05541351529986246,1,1,1,0,0.05464179088042058,-0.29129881655524165,0.0,0,0,0,0,1,1,0,0,0,1,0,0,0,0,0
0.06455013526077981,1.58204970741324,1,0,1,1,0.19905352759775274,-0.29129881655524165,0.0,0,0,0,1,0,1,0,0,0,1,0,0,0,0,0
-1.578967053993734,1.3968116695686539,0,0,1,0,0.9211122111844136,0.8883471122941295,0.0,0,0,0,0,1,0,1,0,0,0,0,0,1,0,0
0.8792480680793282,-0.3424122231037456,1,0,1,0,1.6431708947710744,1.478170076718815,0.0,0,0,1,0,0,0,0,1,0,0,1,0,0,0,0
1.119691660012232,-1.4253595307688454,1,0,0,0,-1.2450638395755689,0.2985241478694439,0.0,0,0,0,0,1,0,0,1,0,0,0,1,0,0,0
-0.5121375904324216,0.9354966324198402,1,0,1,1,0.9211122111844136,-0.8811217809799272,0.0,0,0,1,0,0,0,0,1,0,0,0,0,0,1,0
-1.725634428529669,0.9535213305041171,1,0,0,0,-0.8118286294235724,1.478170076718815,0.0,0,0,0,1,0,1,0,0,0,0,1,0,0,0,0
-0.7508959934612416,0.23845543849788411,1,0,0,1,-0.6674168927062403,-0.29129881655524165,0.0,0,0,0,0,1,1,0,0,0,1,0,0,0,0,0
-1.204893575955038,1.2446059813457562,1,0,1,0,0.3434652643150849,0.8883471122941295,0.0,0,0,0,1,0,1,0,0,0,0,0,0,1,0,0
0.1305766756209973,-0.026372287253028683,1,0,1,0,1.4987591580537423,-0.8811217809799272,0.0,0,0,0,0,1,1,0,0,0,0,0,0,0,1,0
-0.791665677715438,-0.9287536691546894,1,0,1,0,-1.389475576292901,0.2985241478694439,0.0,0,0,1,0,0,0,1,0,0,0,0,1,0,0,0
-0.3580581817125491,-0.028691103027620086,1,0,1,0,-0.9562403661409046,-1.4709447454046127,0.0,0,0,1,0,0,0,0,1,0,0,0,0,0,0,1
-1.327496313090953,0.6002251798660998,1,0,0,0,1.2099356846190779,-0.29129881655524165,0.0,0,0,0,0,1,1,0,0,0,1,0,0,0,0,0
-0.7580423132121702,0.852191667194372,1,1,1,1,1.35434742133641,1.478170076718815,0.0,0,0,0,1,0,0,0,0,1,0,1,0,0,0,0
0.5924303151012598,-1.2127180901457244,1,0,1,1,0.9211122111844136,0.8883471122941295,0.0,0,0,0,1,0,0,0,1,0,0,0,0,1,0,0
1.01700352038184,-0.08909237489587904,0,0,1,0,1.4987591580537423,-0.29129881655524165,0.0,0,0,0,0,1,0,1,0,0,1,0,0,0,0,0
0.12858381737342925,1.5500948744154324,1,0,1,0,-0.6674168927062403,0.8883471122941295,0.0,0,0,0,1,0,0,0,1,0,0,0,0,1,0,0
-1.4619757861338663,-0.0702401440444613,0,0,1,0,1.35434742133641,-1.4709447454046127,0.0,0,0,0,1,0,1,0,0,0,0,0,0,0,0,1
0.48079179456950927,0.7501723932453436,1,0,0,0,-0.23418168255424376,0.2985241478694439,0.0,0,0,0,0,1,0,1,0,0,0,0,1,0,0,0
1.6318002897566073,-0.2697445019892283,0,0,1,0,-0.08976994583691159,0.2985241478694439,0.0,0,0,0,1,0,1,0,0,0,0,0,1,0,0,0
-0.9201421023178695,0.46344952969717407,1,1,0,1,-1.2450638395755689,-1.4709447454046127,0.0,0,0,0,0,1,0,0,0,1,0,0,0,0,0,1
-0.13594189317219282,0.4252019996159034,1,0,0,0,0.7767004744670813,1.478170076718815,0.0,0,0,1,0,0,0,0,1,0,0,1,0,0,0,0
-1.084021478876222,0.9239111736798744,0,0,1,0,1.4987591580537423,0.2985241478694439,0.0,0,0,0,0,1,0,0,1,0,0,0,1,0,0,0
-0.8322815272978924,-0.7166897774419687,1,0,1,0,1.0655239479017458,-0.29129881655524165,0.0,0,0,0,0,1,0,0,0,1,1,0,0,0,0,0
-1.384282284419026,0.506196769199771,1,0,1,0,1.35434742133641,1.478170076718815,0.0,0,0,1,0,0,0,0,1,0,0,1,0,0,0,0
-0.6167206935192732,-0.6805110792785488,1,0,1,0,-0.08976994583691159,-0.8811217809799272,0.0,0,0,1,0,0,0,1,0,0,0,0,0,0,1,0
-0.8579719174788232,-0.48867863969581277,1,0,1,0,0.9211122111844136,1.478170076718815,0.0,0,0,0,0,1,0,0,1,0,0,1,0,0,0,0
0.754239916076173,0.2909606685463451,1,0,0,0,1.4987591580537423,-0.8811217809799272,0.0,0,0,0,0,1,0,0,1,0,0,0,0,0,1,0
-1.423936667303092,1.121441521169692,0,0,1,0,0.9211122111844136,1.478170076718815,0.0,0,0,0,1,0,0,0,0,1,0,1,0,0,0,0
-1.4840685427415556,-0.3009149028848506,1,0,0,1,-0.5230051559889081,0.2985241478694439,0.0,0,0,1,0,0,0,1,0,0,0,0,1,0,0,0
-0.7845857865727618,-0.13339985846985478,1,0,1,0,-1.389475576292901,-0.8811217809799272,0.0,0,0,1,0,0,1,0,0,0,0,0,0,0,1,0
-1.6000983439030352,0.20845737568904452,1,0,1,0,-0.3785934192715759,0.2985241478694439,0.0,0,0,0,0,1,0,1,0,0,0,0,1,0,0,0
-0.7620245334647668,0.6055955227195214,0,0,1,0,1.35434742133641,0.2985241478694439,0.0,0,0,0,1,0,1,0,0,0,0,0,1,0,0,0
-1.4971514823247134,1.0775650442452676,1,0,1,0,-0.6674168927062403,0.2985241478694439,0.0,0,0,0,0,1,0,0,1,0,0,0,1,0,0,0
1.171579395542335,-1.6133129105056108,1,0,1,1,-1.6782990497275654,-0.8811217809799272,0.0,0,0,1,0,0,0,0,1,0,0,0,0,0,1,0
-1.5062871640806705,-0.7683760948562802,1,0,1,1,1.2099356846190779,-1.4709447454046127,0.0,0,0,1,0,0,0,1,0,0,0,0,0,0,0,1
0.9326776465693914,1.5789205991374904,1,0,1,0,-1.2450638395755689,1.478170076718815,0.0,0,0,0,0,1,0,1,0,0,0,1,0,0,0,0
0.9900894453120515,1.5385438962074311,1,0,0,0,-1.5338873130102333,1.478170076718815,0.0,0,0,0,0,1,1,0,0,0,0,1,0,0,0,0
-1.4049905289810365,-0.9471404128245905,1,0,1,0,1.35434742133641,-1.4709447454046127,0.0,0,0,0,0,1,0,0,1,0,0,0,0,0,0,1
1.2330083769629872,0.802781064889697,1,0,1,0,-1.1006521028582368,-0.29129881655524165,0.0,0,0,0,0,1,0,1,0,0,1,0,0,0,0,0
-1.6747361296382712,1.147370881206758,1,0,0,0,-0.8118286294235724,-0.29129881655524165,0.0,0,0,0,1,0,0,0,0,1,1,0,0,0,0,0
-0.8366902891403193,-1.6027963482565346,1,0,0,0,-0.6674168927062403,1.478170076718815,0.0,0,0,1,0,0,0,1,0,0,0,1,0,0,0,0
0.5614710874131619,1.444024137960612,1,0,0,0,0.3434652643150849,-0.29129881655524165,0.0,0,0,0,1,0,1,0,0,0,1,0,0,0,0,0
0.5957797154541901,-1.671507428328162,1,0,1,0,0.3434652643150849,-1.4709447454046127,0.0,0,0,0,0,1,0,0,0,1,0,0,0,0,0,1
-0.3850037229651938,0.9218682021609962,1,0,0,0,-0.8118286294235724,-0.8811217809799272,0.0,0,0,0,1,0,1,0,0,0,0,0,0,0,1,0
0.8669273093698014,-1.1518340908299671,1,0,1,0,0.6322887377497493,0.2985241478694439,0.0,0,0,0,0,1,0,1,0,0,0,0,1,0,0,0
-0.9576742659804025,-0.4213898815677083,0,0,1,0,1.4987591580537423,-1.4709447454046127,0.0,0,0,0,1,0,0,1,0,0,0,0,0,0,0,1
0.9031378933523685,1.7043176737582348,1,0,1,0,-1.389475576292901,-0.29129881655524165,0.0,0,0,0,1,0,0,0,0,1,1,0,0,0,0,0
0.6600686232722299,1.654674327862802,1,0,1,0,0.6322887377497493,-0.8811217809799272,0.0,0,0,1,0,0,0,1,0,0,0,0,0,0,1,0
1.292829086815427,-0.3378607928844732,1,0,0,1,-1.5338873130102333,1.478170076718815,0.0,0,0,0,1,0,1,0,0,0,0,1,0,0,0,0
1.56018325757558,-0.6103862973963903,1,0,1,0,0.05464179088042058,1.478170076718815,0.0,0,0,1,0,0,0,1,0,0,0,1,0,0,0,0
1.5642249139513495,-1.0201443191257584,0,0,1,0,1.4987591580537423,0.2985241478694439,0.0,0,0,0,0,1,0,0,0,1,0,0,1,0,0,0
0.2352821471967348,0.4677682163256879,1,0,1,0,-0.3785934192715759,0.8883471122941295,0.0,0,0,0,0,1,0,0,0,1,0,0,0,1,0,0
0.4982345485995396,0.08266377495071106,1,0,1,0,1.4987591580537423,0.8883471122941295,0.0,0,0,0,0,1,0,0,0,1,0,0,0,1,0,0
0.6024715236749716,-0.7587732667042547,1,0,1,0,0.3434652643150849,0.2985241478694439,0.0,0,0,0,1,0,0,0,0,1,0,0,1,0,0,0
-0.7350335410591073,-0.20352464035201373,1,0,0,0,-0.6674168927062403,-0.8811217809799272,0.0,0,0,1,0,0,0,0,0,1,0,0,0,0,1,0
-1.5064549837225707,0.7480690807955284,0,0,1,1,0.7767004744670813,0.8883471122941295,0.0,0,0,0,0,1,0,0,0,1,0,0,0,1,0,0
-0.41305757310288976,-1.4576246885543303,1,0,1,0,0.6322887377497493,-0.29129881655524165,0.0,0,0,0,1,0,0,0,0,1,1,0,0,0,0,0
-0.7543642660605181,0.8937407082112137,1,0,1,1,-1.6782990497275654,-0.8811217809799272,0.0,0,0,0,1,0,0,0,0,1,0,0,0,0,1,0
0.48248397595867215,-1.6621890645648412,1,0,1,0,1.0655239479017458,0.8883471122941295,0.0,0,0,1,0,0,0,1,0,0,0,0,0,1,0,0
-0.7616749092108075,-0.11668542060021685,1,0,1,0,0.19905352759775274,0.8883471122941295,0.0,0,0,0,0,1,1,0,0,0,0,0,0,1,0,0
-0.9140131891459627,0.5196872773307575,1,0,1,0,-1.6782990497275654,-1.4709447454046127,0.0,0,0,0,0,1,0,0,1,0,0,0,0,0,0,1
-1.3066272413721214,0.3319494009187683,1,0,1,0,1.2099356846190779,0.2985241478694439,0.0,0,0,1,0,0,0,0,0,1,0,0,1,0,0,0
0.11229482338146445,-0.7079575827220391,1,0,0,0,-0.8118286294235724,-0.29129881655524165,0.0,0,0,1,0,0,0,0,1,0,1,0,0,0,0,0
-1.1177147682302817,-1.321495548359733,1,1,1,0,0.05464179088042058,1.478170076718815,0.0,0,0,0,0,1,0,1,0,0,0,1,0,0,0,0
-0.7096228502813438,0.20800912877351016,1,0,1,1,-0.08976994583691159,-0.29129881655524165,0.0,0,0,0,0,1,0,0,1,0,1,0,0,0,0,0
-0.7073782625709251,0.23786926945449313,1,0,0,1,-0.9562403661409046,-1.4709447454046127,0.0,0,0,0,1,0,0,0,0,1,0,0,0,0,0,1
-0.576052400298725,-0.996042427282794,1,0,1,0,-0.8118286294235724,-1.4709447454046127,0.0,0,0,0,1,0,0,1,0,0,0,0,0,0,0,1
-1.6566151045555595,0.3979278988322338,0,0,1,0,-1.2450638395755689,1.478170076718815,0.0,0,0,1,0,0,0,0,0,1,0,1,0,0,0,0
-0.3938177504075083,-1.0487459203900487,1,0,0,0,1.2099356846190779,-1.4709447454046127,0.0,0,0,1,0,0,0,0,1,0,0,0,0,0,0,1
-0.07905453081047177,-0.15801033815929108,1,0,1,0,-1.1006521028582368,-1.4709447454046127,0.0,0,0,0,1,0,0,0,0,1,0,0,0,0,0,1
-0.07357941499346854,0.035589228686609534,0,0,1,1,0.3434652643150849,-0.8811217809799272,0.0,0,0,0,1,0,1,0,0,0,0,0,0,0,1,0
0.483648224724357,1.4268183525104852,1,0,0,0,-0.5230051559889081,-0.29129881655524165,0.0,0,0,1,0,0,0,0,1,0,1,0,0,0,0,0
-0.5788109356624641,-0.4588788399457672,1,0,0,1,-1.5338873130102333,-1.4709447454046127,0.0,0,0,0,1,0,0,0,0,1,0,0,0,0,0,1
-0.9526886241189427,0.8880428003041322,1,0,1,0,-0.5230051559889081,1.478170076718815,0.0,0,0,0,0,1,0,0,0,1,0,1,0,0,0,0
-0.17009319029893905,0.9337295051566756,1,0,1,0,-0.9562403661409046,0.8883471122941295,0.0,0,0,0,1,0,0,0,0,1,0,0,0,1,0,0
-0.20505211945233176,1.3467200767576863,1,0,1,0,-0.6674168927062403,-0.8811217809799272,0.0,0,0,0,0,1,0,0,0,1,0,0,0,0,1,0
1.7207796623892544,0.48040533129056145,1,0,1,0,-0.8118286294235724,1.478170076718815,0.0,0,0,0,1,0,1,0,0,0,0,1,0,0,0,0
-1.5501615117100256,-1.0193340266246,0,0,1,0,-1.2450638395755689,1.478170076718815,0.0,0,0,0,1,0,1,0,0,0,0,1,0,0,0,0
1.1699361615487258,-0.5478127520143877,1,0,1,1,1.2099356846190779,-1.4709447454046127,0.0,0,0,1,0,0,0,0,1,0,0,0,0,0,0,1
-0.3894404547479376,1.1975572954806275,1,0,0,0,-1.389475576292901,0.2985241478694439,0.0,0,0,0,0,1,0,1,0,0,0,0,1,0,0,0
-0.34940847766959543,0.427210490602817,1,0,1,1,0.19905352759775274,0.8883471122941295,0.0,0,0,0,0,1,0,0,1,0,0,0,0,1,0,0
0.8156793862244444,-0.7919521585867907,1,0,1,0,-0.6674168927062403,-0.29129881655524165,0.0,0,0,0,0,1,0,0,1,0,1,0,0,0,0,0
0.2694369405660207,1.7192908447636823,1,0,0,1,1.2099356846190779,1.478170076718815,0.0,0,0,0,1,0,1,0,0,0,0,1,0,0,0,0
-0.3219419962785512,-0.9425717423393362,0,0,1,0,-1.6782990497275654,-0.8811217809799272,0.0,0,0,1,0,0,0,1,0,0,0,0,0,0,1,0
-1.199677182085965,-1.4234975820427793,1,0,1,0,-0.3785934192715759,-0.29129881655524165,0.0,0,0,0,0,1,0,1,0,0,1,0,0,0,0,0
1.486251712833342,-0.22137693577646986,1,0,1,0,-1.5338873130102333,0.2985241478694439,0.0,0,0,1,0,0,0,0,0,1,0,0,1,0,0,0
-1.0338538946755989,1.0124744200298805,0,0,1,0,1.35434742133641,1.478170076718815,0.0,0,0,0,0,1,0,0,0,1,0,1,0,0,0,0
0.14403371315589147,0.6853748535516513,1,0,0,0,-1.2450638395755689,-1.4709447454046127,0.0,0,0,1,0,0,0,1,0,0,0,0,0,0,0,1
1.3086146218816903,0.11139467820986747,1,0,1,1,-1.5338873130102333,-1.4709447454046127,0.0,0,0,0,0,1,0,0,0,1,0,0,0,0,0,1
0.754040630251416,0.10850693365786676,0,0,1,0,-1.2450638395755689,0.2985241478694439,0.0,0,0,1,0,0,1,0,0,0,0,0,1,0,0,0
-0.0023085108238612333,-0.48488578117975245,0,0,1,0,0.48787700103241705,-1.4709447454046127,0.0,0,0,1,0,0,0,0,1,0,0,0,0,0,0,1
-0.56260235524891,-1.6845841700755786,0,0,1,0,-1.389475576292901,0.2985241478694439,0.0,0,0,0,1,0,0,1,0,0,0,0,1,0,0,0
1.1249080538813052,0.1833124477541635,1,0,1,0,-0.5230051559889081,-1.4709447454046127,0.0,0,0,0,0,1,0,0,0,1,0,0,0,0,0,1
-0.479199489466914,-0.977836706405705,1,0,1,0,-1.5338873130102333,-0.8811217809799272,0.0,0,0,0,0,1,1,0,0,0,0,0,0,0,1,0
0.046362681569815795,1.279689922619313,1,0,1,1,-0.23418168255424376,-1.4709447454046127,0.0,0,0,0,0,1,0,0,1,0,0,0,0,0,0,1
0.7255392610686524,-1.661956320974083,1,0,1,0,-1.2450638395755689,0.8883471122941295,0.0,0,0,1,0,0,0,0,0,1,0,0,0,1,0,0
0.5931994884599702,-1.221458904998645,1,0,1,0,1.35434742133641,-1.4709447454046127,0.0,0,0,0,0,1,0,1,0,0,0,0,0,0,0,1
-0.9465981696149713,-0.7077851800622184,1,1,1,0,-0.5230051559889081,-0.8811217809799272,0.0,0,0,1,0,0,0,0,1,0,0,0,0,0,1,0
-0.39020263562156904,-0.19364596794427505,1,0,0,1,-1.2450638395755689,1.478170076718815,0.0,0,0,1,0,0,1,0,0,0,0,1,0,0,0,0
0.9745731209213369,-1.3400460745564637,1,0,1,0,1.4987591580537423,-0.8811217809799272,0.0,0,0,0,0,1,0,0,1,0,0,0,0,0,1,0
-0.7436412901915858,1.1027013520471582,1,0,0,0,-1.1006521028582368,0.8883471122941295,0.0,0,0,0,0,1,0,0,0,1,0,0,0,1,0,0
-0.5277273359164677,-0.7698932382627041,1,0,1,0,1.4987591580537423,1.478170076718815,0.0,0,0,1,0,0,0,1,0,0,0,1,0,0,0,0
-0.012283290789320559,1.1333717852292995,0,0,0,0,-1.1006521028582368,-0.29129881655524165,0.0,0,0,0,1,0,1,0,0,0,1,0,0,0,0,0
-0.4334651408064953,-0.7607041764942493,1,0,1,0,1.6431708947710744,0.2985241478694439,0.0,0,0,1,0,0,0,1,0,0,0,0,1,0,0,0
-1.3877820232011588,-1.4655121102411373,0,0,0,0,0.7767004744670813,1.478170076718815,0.0,0,0,0,0,1,0,0,0,1,0,1,0,0,0,0
-1.4383481790512953,-0.5878101690928409,1,0,0,0,-0.23418168255424376,1.478170076718815,0.0,0,0,0,0,1,0,1,0,0,0,1,0,0,0,0
0.7595052573408002,-0.43907839446533453,1,0,1,0,0.48787700103241705,-0.8811217809799272,0.0,0,0,0,1,0,1,0,0,0,0,0,0,0,1,0
1.6978338226019039,1.360400227814476,1,0,1,0,0.6322887377497493,0.8883471122941295,0.0,0,0,1,0,0,0,0,0,1,0,0,0,1,0,0
-1.4624268014214736,-1.091191455237959,1,0,1,0,-0.9562403661409046,0.8883471122941295,0.0,0,0,0,1,0,0,0,0,1,0,0,0,1,0,0
1.4397621757843713,-1.3412787535741835,1,0,1,0,1.0655239479017458,0.8883471122941295,0.0,0,0,0,0,1,1,0,0,0,0,0,0,1,0,0
0.08787007299986642,0.6944087529262675,1,0,0,0,0.05464179088042058,0.8883471122941295,0.0,0,0,0,1,0,1,0,0,0,0,0,0,1,0,0
1.6531728204011402,0.3944539852368425,1,0,0,0,-0.9562403661409046,1.478170076718815,0.0,0,0,0,1,0,1,0,0,0,0,1,0,0,0,0
-0.5539316737507187,1.0229392614810098,1,0,0,0,0.6322887377497493,0.2985241478694439,0.0,0,0,0,0,1,1,0,0,0,0,0,1,0,0,0
-0.3619809658419726,0.9991045937607681,1,0,1,0,1.4987591580537423,-0.29129881655524165,0.0,0,0,1,0,0,0,0,1,0,1,0,0,0,0,0
0.5967621596078159,-0.9789400834285589,1,0,1,0,-1.389475576292901,-0.8811217809799272,0.0,0,0,1,0,0,0,0,1,0,0,0,0,0,1,0
-1.6045490606559376,-0.08946304061449387,1,0,1,1,1.2099356846190779,1.478170076718815,0.0,0,0,0,0,1,0,0,0,1,0,1,0,0,0,0
0.7386152081667309,-0.9810951166763203,0,0,1,1,-0.3785934192715759,1.478170076718815,0.0,0,0,0,0,1,0,0,1,0,0,1,0,0,0,0
-1.5503258351093865,-1.1367660983616188,0,0,1,0,-0.3785934192715759,1.478170076718815,0.0,0,0,0,0,1,0,1,0,0,0,1,0,0,0,0
0.7761368831016453,-1.5393349291764546,1,0,1,0,1.6431708947710744,1.478170076718815,0.0,0,0,0,1,0,0,0,0,1,0,1,0,0,0,0
-0.3403671944622075,1.5054339653888238,1,0,1,0,0.3434652643150849,1.478170076718815,0.0,0,0,1,0,0,0,0,1,0,0,1,0,0,0,0
0.12984596093022227,1.5115456396794755,1,0,1,1,1.2099356846190779,1.478170076718815,0.0,0,0,0,1,0,0,1,0,0,0,1,0,0,0,0
-0.595760719494412,-0.18193120720944353,1,0,1,0,-1.2450638395755689,1.478170076718815,0.0,0,0,0,1,0,0,1,0,0,0,1,0,0,0,0
-0.7627132932450668,1.6619755805062173,1,0,1,0,0.3434652643150849,-1.4709447454046127,0.0,0,0,0,0,1,0,0,0,1,0,0,0,0,0,1
0.9956274934947672,1.65705348456833,0,0,1,1,-0.8118286294235724,-0.29129881655524165,0.0,0,0,0,1,0,0,0,1,0,1,0,0,0,0,0
1.4101734751717943,0.07954328680795253,1,0,1,0,-0.5230051559889081,0.2985241478694439,0.0,0,0,1,0,0,0,0,1,0,0,0,1,0,0,0
0.7616204840772542,-1.0798646004877246,0,1,1,1,-0.08976994583691159,0.2985241478694439,0.0,0,0,1,0,0,0,0,0,1,0,0,1,0,0,0
-1.726347662007746,-0.8118301852641425,1,0,1,0,-1.2450638395755689,1.478170076718815,0.0,0,0,0,0,1,0,0,1,0,0,1,0,0,0,0
1.2498952284292226,-0.7024579378737518,1,0,0,0,0.48787700103241705,0.8883471122941295,0.0,0,0,1,0,0,0,0,0,1,0,0,0,1,0,0
-1.1034151362433453,0.634205744116803,1,0,1,0,-1.389475576292901,0.8883471122941295,0.0,0,0,0,0,1,1,0,0,0,0,0,0,1,0,0
0.5351199073922479,0.5209458167474502,1,0,0,0,-0.8118286294235724,0.8883471122941295,0.0,0,0,1,0,0,1,0,0,0,0,0,0,1,0,0
-0.6807473831468436,0.35124125855272914,1,0,1,0,0.7767004744670813,1.478170076718815,0.0,0,0,0,0,1,0,0,1,0,0,1,0,0,0,0
-0.9995417703920312,-1.6048048392434486,1,0,1,0,-0.5230051559889081,0.8883471122941295,0.0,0,0,0,0,1,0,1,0,0,0,0,0,1,0,0
1.3745712373911165,-0.766695168923026,0,0,1,0,-0.6674168927062403,0.2985241478694439,0.0,0,0,1,0,0,0,0,0,1,0,0,1,0,0,0
-0.786208043111133,1.4721430117774046,1,0,1,0,1.35434742133641,0.8883471122941295,0.0,0,0,1,0,0,0,0,1,0,0,0,0,1,0,0
0.42830270532259646,-0.2597710081185884,1,0,0,1,1.2099356846190779,1.478170076718815,0.0,0,0,0,0,1,0,0,1,0,0,1,0,0,0,0
1.1158807556440755,-1.3057638056510743,1,0,0,0,0.9211122111844136,-1.4709447454046127,0.0,0,0,0,0,1,1,0,0,0,0,0,0,0,0,1
-0.28243795182368747,-1.542076131467607,1,0,1,1,-1.6782990497275654,-0.29129881655524165,0.0,0,0,0,0,1,0,0,1,0,1,0,0,0,0,0
-0.8143982467078731,0.4861118593306338,1,0,1,1,-1.6782990497275654,-0.8811217809799272,0.0,0,0,0,0,1,0,0,0,1,0,0,0,0,1,0
-0.36864830036497687,0.8202885549945113,1,1,1,0,-0.9562403661409046,1.478170076718815,0.0,0,0,0,1,0,0,1,0,0,0,1,0,0,0,0
-0.11388759523243891,-1.331038035580821,1,0,0,0,0.19905352759775274,0.2985241478694439,0.0,0,0,1,0,0,0,0,0,1,0,0,1,0,0,0
0.4420918858987519,1.6652943317077704,0,0,1,0,0.7767004744670813,0.8883471122941295,0.0,0,0,1,0,0,0,1,0,0,0,0,0,1,0,0
0.26042362729894947,1.1858511548787865,1,1,1,0,-0.23418168255424376,-1.4709447454046127,0.0,0,0,0,0,1,0,1,0,0,0,0,0,0,0,1
0.1914707319330922,0.1965443518954189,1,0,1,0,-0.3785934192715759,0.8883471122941295,0.0,0,0,1,0,0,1,0,0,0,0,0,0,1,0,0
0.9317930972068744,1.3835108043634698,1,0,1,0,0.05464179088042058,0.8883471122941295,0.0,0,0,1,0,0,1,0,0,0,0,0,0,1,0,0
-0.9212608999305394,-1.1940641223531012,1,0,1,0,-0.9562403661409046,-0.29129881655524165,0.0,0,0,1,0,0,0,0,0,1,1,0,0,0,0,0
0.06040009536628239,1.6222367674174962,1,0,1,1,0.3434652643150849,-0.29129881655524165,0.0,0,0,0,1,0,1,0,0,0,1,0,0,0,0,0
-1.4824882411136595,-0.9937408517741847,1,1,0,0,0.48787700103241705,0.8883471122941295,0.0,0,0,0,1,0,0,0,0,1,0,0,0,1,0,0
1.4585894418600807,1.5027875845605723,1,0,1,1,1.35434742133641,0.2985241478694439,0.0,0,0,0,0,1,0,0,0,1,0,0,1,0,0,0
-0.6666435407421245,1.5881441414379094,1,0,1,1,0.7767004744670813,0.2985241478694439,0.0,0,0,1,0,0,0,0,0,1,0,0,1,0,0,0
0.792184636358378,1.3642965279264285,1,0,1,1,1.4987591580537423,-0.29129881655524165,0.0,0,0,1,0,0,1,0,0,0,1,0,0,0,0,0
-0.21614220078792118,1.6842327638890986,0,0,1,1,0.3434652643150849,-0.8811217809799272,0.0,0,0,0,0,1,0,0,0,1,0,0,0,0,1,0
-0.02962115754316332,-1.6359148992081332,1,0,0,0,1.6431708947710744,0.8883471122941295,0.0,0,0,0,0,1,0,1,0,0,0,0,0,1,0,0
-0.4138092652489024,-0.919478406056324,1,0,1,1,-0.6674168927062403,1.478170076718815,0.0,0,0,0,0,1,1,0,0,0,0,1,0,0,0,0
-1.2832338825397032,0.33700941898451253,1,0,1,1,1.6431708947710744,-0.29129881655524165,0.0,0,0,0,1,0,0,1,0,0,1,0,0,0,0,0
0.2559799030311265,-0.5399770511255273,1,0,1,0,-0.9562403661409046,-0.8811217809799272,0.0,0,0,0,1,0,0,0,0,1,0,0,0,0,1,0
-0.5053094287525961,1.2148061815957099,0,0,1,0,0.19905352759775274,-1.4709447454046127,0.0,0,0,0,1,0,0,0,0,1,0,0,0,0,0,1
-1.063453084015795,-0.8967212549599629,1,0,1,0,1.4987591580537423,-0.29129881655524165,0.0,0,0,0,1,0,1,0,0,0,1,0,0,0,0,0
1.4370805577565031,1.361779449093043,1,0,1,0,1.6431708947710744,-0.29129881655524165,0.0,0,0,0,1,0,1,0,0,0,1,0,0,0,0,0
-0.8031788043983185,0.6717895239577631,1,0,1,0,1.35434742133641,-0.8811217809799272,0.0,0,0,1,0,0,0,0,0,1,0,0,0,0,1,0
0.7106207941522081,1.586989043617109,1,0,1,0,1.35434742133641,0.2985241478694439,0.0,0,0,1,0,0,0,0,0,1,0,0,1,0,0,0
-0.1846760179315823,-0.6175582480449406,1,0,0,0,0.48787700103241705,0.8883471122941295,0.0,0,0,0,1,0,1,0,0,0,0,0,0,1,0,0
1.2556535398919324,1.0319817809886167,1,0,1,0,1.35434742133641,0.8883471122941295,0.0,0,0,0,0,1,1,0,0,0,0,0,0,1,0,0
1.209384266122956,-0.2291091950694379,1,0,1,1,-0.5230051559889081,0.2985241478694439,0.0,0,0,0,0,1,0,0,0,1,0,0,1,0,0,0
1.1149892137964792,0.6907882970700283,0,0,1,0,0.7767004744670813,-0.29129881655524165,0.0,0,0,0,1,0,0,0,1,0,1,0,0,0,0,0
-1.689976250868358,1.5882734434327748,1,0,0,0,-0.6674168927062403,-0.8811217809799272,0.0,0,0,1,0,0,0,0,1,0,0,0,0,0,1,0
-1.154607119508069,1.6357789963464293,1,0,0,0,-0.8118286294235724,0.2985241478694439,0.0,0,0,0,1,0,1,0,0,0,0,0,1,0,0,0
-1.59025991739662,-1.1214481220365302,0,0,0,0,0.9211122111844136,-1.4709447454046127,0.0,0,0,0,0,1,0,0,1,0,0,0,0,0,0,1
-1.588861420380783,-1.5072766545827547,1,0,0,1,-0.9562403661409046,-1.4709447454046127,0.0,0,0,1,0,0,0,0,0,1,0,0,0,0,0,1
0.1127003875160572,-1.4748132337384758,1,0,1,0,1.4987591580537423,0.8883471122941295,0.0,0,0,0,0,1,0,1,0,0,0,0,0,1,0,0
-0.16906879123483845,1.1080027338366512,1,0,0,0,1.2099356846190779,-0.8811217809799272,0.0,0,0,0,0,1,0,0,0,1,0,0,0,0,1,0
0.07963642181912436,-0.27563205282211256,0,0,0,0,-0.08976994583691159,1.478170076718815,0.0,0,0,1,0,0,1,0,0,0,0,1,0,0,0,0
1.5406077955963977,-1.1317664212268121,1,0,1,0,-0.8118286294235724,0.2985241478694439,0.0,0,0,0,0,1,0,0,1,0,0,0,1,0,0,0
-0.7475221194105341,-0.5631134880734943,1,0,1,0,-0.5230051559889081,-1.4709447454046127,0.0,0,0,0,0,1,1,0,0,0,0,0,0,0,0,1
-1.0940417099946962,-1.2964023412227983,1,0,1,0,-1.6782990497275654,-1.4709447454046127,0.0,0,0,0,0,1,0,0,1,0,0,0,0,0,0,1
-0.7065671343017393,-1.1594887689260158,1,0,1,1,-0.5230051559889081,0.8883471122941295,0.0,0,0,0,0,1,1,0,0,0,0,0,0,1,0,0
1.0851033325680366,-0.4162781427040182,0,0,1,0,0.7767004744670813,-0.8811217809799272,0.0,0,0,1,0,0,0,1,0,0,0,0,0,0,1,0
-1.6403051331083571,-0.5074619094833018,1,0,0,0,0.19905352759775274,-0.8811217809799272,0.0,0,0,0,0,1,0,0,1,0,0,0,0,0,1,0
-1.0699071477438842,-1.1003029358094947,1,0,0,0,-1.1006521028582368,-1.4709447454046127,0.0,0,0,0,0,1,0,1,0,0,0,0,0,0,0,1
-0.8718100454505331,0.13466903728569146,1,0,1,0,-1.5338873130102333,1.478170076718815,0.0,0,0,0,1,0,0,1,0,0,0,1,0,0,0,0
-1.486239709358643,0.11355833159061979,1,0,1,1,-0.3785934192715759,-0.29129881655524165,0.0,0,0,0,1,0,0,0,1,0,1,0,0,0,0,0
1.6531903016138387,-0.025191329033255484,1,0,1,0,0.3434652643150849,-0.8811217809799272,0.0,0,0,1,0,0,0,1,0,0,0,0,0,0,1,0
-0.9298651528204782,-1.6590082354911453,0,0,1,0,0.6322887377497493,-0.8811217809799272,0.0,0,0,1,0,0,0,0,1,0,0,0,0,0,1,0
-0.32726327742381217,1.5713866029033157,1,0,1,1,-1.6782990497275654,0.8883471122941295,0.0,0,0,1,0,0,0,0,1,0,0,0,0,1,0,0
-1.1824966462464042,1.3001454982070646,1,0,1,0,-1.2450638395755689,0.2985241478694439,0.0,0,0,0,0,1,1,0,0,0,0,0,1,0,0,0
-0.3239243657985006,-0.4760242844649575,1,0,0,0,1.2099356846190779,-0.29129881655524165,0.0,0,0,0,0,1,0,0,1,0,1,0,0,0,0,0
1.3461293043315257,0.6776770747906474,1,1,1,0,0.48787700103241705,0.2985241478694439,0.0,0,0,1,0,0,1,0,0,0,0,0,1,0,0,0
1.307191651168076,-0.9158579502000849,0,0,0,1,-0.6674168927062403,-0.29129881655524165,0.0,0,0,1,0,0,0,0,1,0,1,0,0,0,0,0
-0.8495389804733243,1.6827587211476296,1,0,1,0,0.6322887377497493,1.478170076718815,0.0,0,0,0,0,1,0,0,1,0,0,1,0,0,0,0
-0.2920735962628065,-1.5004926099188018,1,0,1,0,0.9211122111844136,-0.8811217809799272,0.0,0,0,1,0,0,0,0,0,1,0,0,0,0,1,0
1.3703897313137627,-1.0130240892751545,1,1,1,0,0.3434652643150849,1.478170076718815,0.0,0,0,0,1,0,0,0,0,1,0,1,0,0,0,0
-0.31840729507102244,-0.20507626429040174,1,0,0,0,-0.3785934192715759,-0.8811217809799272,0.0,0,0,0,1,0,0,0,1,0,0,0,0,0,1,0
0.13365686529837906,0.25662667884300927,1,0,1,0,1.4987591580537423,-0.8811217809799272,0.0,0,0,0,0,1,0,1,0,0,0,0,0,0,1,0
-1.0100060243130338,-0.5967233866055826,1,0,1,0,-0.23418168255424376,1.478170076718815,0.0,0,0,0,1,0,0,0,1,0,0,1,0,0,0,0
0.6413567332003273,1.2759056842362435,0,0,1,0,0.7767004744670813,-1.4709447454046127,0.0,0,0,1,0,0,0,1,0,0,0,0,0,0,0,1
-0.5134486813847691,0.9675549070135396,1,0,1,0,0.48787700103241705,-1.4709447454046127,0.0,0,0,1,0,0,0,0,0,1,0,0,0,0,0,1
-0.23480514346426973,-0.33807629620924934,1,0,1,0,0.48787700103241705,-0.29129881655524165,0.0,0,0,0,0,1,0,1,0,0,1,0,0,0,0,0
-1.6039616919092858,-0.4205278682686037,1,0,1,0,-1.389475576292901,1.478170076718815,0.0,0,0,0,0,1,1,0,0,0,0,1,0,0,0,0
0.2944735333920475,-1.374414544791764,1,0,1,0,-1.5338873130102333,-0.8811217809799272,0.0,0,0,0,0,1,1,0,0,0,0,0,0,0,1,0
-0.5562881412224047,-0.35580790977183097,1,0,0,0,0.05464179088042058,1.478170076718815,0.0,0,0,0,1,0,0,0,0,1,0,1,0,0,0,0
-0.13872839847624838,-1.186918032103524,1,0,1,0,-1.2450638395755689,0.2985241478694439,0.0,0,0,0,0,1,0,1,0,0,0,0,1,0,0,0
1.0804498337478379,0.9979753563389406,1,1,1,0,-1.5338873130102333,1.478170076718815,0.0,0,0,0,0,1,0,1,0,0,0,1,0,0,0,0
-1.0267355448649873,1.4948139615438547,1,0,1,0,0.19905352759775274,1.478170076718815,0.0,0,0,1,0,0,0,1,0,0,0,1,0,0,0,0
1.4706095237112018,0.0072979522099966615,0,0,0,1,0.05464179088042058,-0.29129881655524165,0.0,0,0,0,0,1,0,1,0,0,1,0,0,0,0,0
-0.13733339770295078,-1.040332670590788,1,0,1,0,1.0655239479017458,0.2985241478694439,0.0,0,0,0,1,0,0,1,0,0,0,0,1,0,0,0
-0.08465201511636025,-0.6076106145732736,1,0,1,0,0.48787700103241705,1.478170076718815,0.0,0,0,0,1,0,0,1,0,0,0,1,0,0,0,0
1.735292565171106,-1.6354321717606346,0,0,0,0,-0.08976994583691159,0.8883471122941295,0.0,0,0,1,0,0,1,0,0,0,0,0,0,1,0,0
1.2158872772465994,-0.8236742479938397,0,0,1,0,0.6322887377497493,1.478170076718815,0.0,0,0,0,0,1,0,1,0,0,0,1,0,0,0,0
0.0557780627289404,1.1709641852032506,1,0,0,0,-0.23418168255424376,0.8883471122941295,0.0,0,0,0,0,1,0,1,0,0,0,0,0,1,0,0
1.0924524343862614,1.2845258172272895,1,0,1,0,0.48787700103241705,1.478170076718815,0.0,0,0,0,0,1,0,0,1,0,0,1,0,0,0,0
0.08759386983923857,1.3020246871991128,1,0,1,0,-0.3785934192715759,-0.29129881655524165,0.0,0,0,0,0,1,0,0,0,1,1,0,0,0,0,0
-1.0291689296725441,-1.0006972990979588,0,0,0,0,-1.1006521028582368,-0.8811217809799272,0.0,0,0,0,1,0,0,0,1,0,0,0,0,0,1,0
0.9070187225713168,-0.5928615670255939,0,0,0,0,0.9211122111844136,0.2985241478694439,0.0,0,0,1,0,0,0,0,1,0,0,0,1,0,0,0
-0.5219585357261389,-0.13615830102698973,1,0,1,0,0.3434652643150849,-0.29129881655524165,0.0,0,0,0,1,0,0,0,0,1,1,0,0,0,0,0
1.611483624359031,1.6838965787024474,1,0,1,0,0.05464179088042058,0.2985241478694439,0.0,0,0,0,1,0,1,0,0,0,0,0,1,0,0,0
0.37258308796909956,0.5346173476712491,1,0,1,0,0.9211122111844136,0.8883471122941295,0.0,0,0,1,0,0,0,0,0,1,0,0,0,1,0,0
0.7985547902655169,0.2546095677231044,1,0,1,0,-0.8118286294235724,-1.4709447454046127,0.0,0,0,0,1,0,0,0,1,0,0,0,0,0,0,1
-0.755972537628731,0.4947061319227064,1,0,1,0,-0.9562403661409046,-0.8811217809799272,0.0,0,0,1,0,0,0,0,1,0,0,0,0,0,1,0
0.6156733355044756,-1.5634799216843742,1,0,1,0,-0.3785934192715759,0.8883471122941295,0.0,0,0,1,0,0,0,0,0,1,0,0,0,1,0,0
-0.32788910483839934,1.7047917810727427,0,0,0,0,-0.3785934192715759,-0.29129881655524165,0.0,0,0,0,1,0,1,0,0,0,1,0,0,0,0,0
0.15791379603807676,-0.6788387734782858,0,0,1,0,-1.1006521028582368,1.478170076718815,0.0,0,0,0,1,0,0,0,0,1,0,1,0,0,0,0
-0.08498415815762185,0.8695957157032939,1,0,1,0,1.0655239479017458,0.8883471122941295,0.0,0,0,1,0,0,1,0,0,0,0,0,0,1,0,0
-0.18686466576136773,-1.48325234393671,1,0,1,0,1.6431708947710744,0.8883471122941295,0.0,0,0,0,0,1,1,0,0,0,0,0,0,1,0,0
-0.14203934016124323,1.5721451746065278,1,0,1,0,-1.389475576292901,-0.8811217809799272,0.0,0,0,0,1,0,1,0,0,0,0,0,0,0,1,0
-0.5568475400287396,-0.6682532501652817,1,0,1,0,0.7767004744670813,-1.4709447454046127,0.0,0,0,0,0,1,0,1,0,0,0,0,0,0,0,1
-1.1252037197500901,-0.36096274930047645,1,0,1,1,-1.1006521028582368,0.8883471122941295,0.0,0,0,1,0,0,0,0,1,0,0,0,0,1,0,0
0.24453670119903778,0.35244807717147564,1,1,1,0,1.4987591580537423,-1.4709447454046127,0.0,0,0,0,1,0,1,0,0,0,0,0,0,0,0,1
-0.6540885337824454,0.5779421360842462,1,0,0,0,-1.5338873130102333,-0.29129881655524165,0.0,0,0,1,0,0,1,0,0,0,1,0,0,0,0,0
1.217041037284665,-0.9573552704189798,0,0,1,0,-0.6674168927062403,0.2985241478694439,0.0,0,0,0,0,1,1,0,0,0,0,0,1,0,0,0
-0.29760814820298254,-1.3280899500978833,1,0,1,0,0.7767004744670813,0.8883471122941295,0.0,0,0,0,0,1,1,0,0,0,0,0,0,1,0,0
0.5210475311703853,-1.1720052020290144,1,0,1,1,-0.6674168927062403,-0.29129881655524165,0.0,0,0,0,1,0,0,0,1,0,1,0,0,0,0,0
0.16238549024621646,1.0270338246517565,1,0,1,0,-0.08976994583691159,1.478170076718815,0.0,0,0,0,1,0,0,0,1,0,0,1,0,0,0,0
0.964542401075244,-1.1959174509461759,1,0,0,0,0.6322887377497493,0.8883471122941295,0.0,0,0,0,1,0,1,0,0,0,0,0,0,1,0,0
-0.5662209662773889,0.11348075039370026,1,0,0,1,-1.1006521028582368,1.478170076718815,0.0,0,0,0,0,1,1,0,0,0,0,1,0,0,0,0
-1.5331872541803007,-0.4734037640356795,1,0,0,0,1.4987591580537423,0.2985241478694439,0.0,0,0,1,0,0,0,0,0,1,0,0,1,0,0,0
-0.4424260104354727,0.6151466300736003,1,0,1,0,-1.2450638395755689,1.478170076718815,0.0,0,0,1,0,0,0,1,0,0,0,1,0,0,0,0
-0.4278851377133045,-1.140739979670491,1,0,1,0,1.2099356846190779,0.8883471122941295,0.0,0,0,0,1,0,0,0,1,0,0,0,0,1,0,0
1.7164792840655545,1.2418389186556305,1,0,0,1,-1.5338873130102333,0.2985241478694439,0.0,0,0,0,0,1,0,0,1,0,0,0,1,0,0,0
1.4563623353623596,1.189609532862883,1,0,1,0,0.6322887377497493,1.478170076718815,0.0,0,0,0,0,1,0,0,1,0,0,1,0,0,0,0
0.39452900239012595,-0.15070046538288412,0,0,0,0,-0.8118286294235724,-0.8811217809799272,0.0,0,0,0,0,1,0,0,0,1,0,0,0,0,1,0
0.8066835541700711,-0.44581071833134134,1,0,1,0,0.9211122111844136,0.8883471122941295,0.0,0,0,1,0,0,0,0,1,0,0,0,0,1,0,0
0.4292641720209846,0.6432310233584279,0,0,1,0,-1.5338873130102333,0.8883471122941295,0.0,0,0,0,1,0,1,0,0,0,0,0,0,1,0,0
1.4026845236519856,0.6302146225419486,1,0,1,1,1.4987591580537423,-0.8811217809799272,0.0,0,0,0,1,0,0,0,0,1,0,0,0,0,1,0
1.0975289785537508,-0.42451898984345804,1,0,0,1,-0.8118286294235724,0.2985241478694439,0.0,0,0,0,1,0,1,0,0,0,0,0,1,0,0,0
-0.30790108623954476,-1.2953248245989175,1,0,1,0,1.4987591580537423,-1.4709447454046127,0.0,0,0,0,1,0,0,1,0,0,0,0,0,0,0,1
-0.7949661306728141,0.7858252632963096,1,0,0,0,0.19905352759775274,-0.29129881655524165,0.0,0,0,0,0,1,1,0,0,0,1,0,0,0,0,0
1.0114619759565848,1.6388391435582499,1,1,1,0,-1.2450638395755689,1.478170076718815,0.0,0,0,1,0,0,1,0,0,0,0,1,0,0,0,0
1.6919601351353875,0.3006410778952897,0,0,1,0,0.48787700103241705,-1.4709447454046127,0.0,0,0,0,0,1,0,1,0,0,0,0,0,0,0,1
0.8382511280600582,-1.1984948707104985,0,0,1,0,0.9211122111844136,-0.8811217809799272,0.0,0,0,0,0,1,0,0,1,0,0,0,0,0,1,0
-0.9677329557668122,-0.06185275464417359,0,0,1,1,0.9211122111844136,-0.8811217809799272,0.0,0,0,0,1,0,1,0,0,0,0,0,0,0,1,0
-0.2594781270661789,-0.9722336199615251,1,0,1,0,-1.5338873130102333,-0.29129881655524165,0.0,0,0,1,0,0,1,0,0,0,1,0,0,0,0,0
1.6546307535401508,-1.2328633409457987,1,0,1,1,1.0655239479017458,0.2985241478694439,0.0,0,0,0,0,1,1,0,0,0,0,0,1,0,0,0
0.8696019349125905,-0.001951450489395634,0,0,0,0,0.6322887377497493,-0.8811217809799272,0.0,0,0,0,0,1,1,0,0,0,0,0,0,0,1,0
-1.411895607996733,-0.14730413298441197,1,0,1,0,0.3434652643150849,-0.8811217809799272,0.0,0,0,1,0,0,1,0,0,0,0,0,0,0,1,0
-0.8922665605496929,-1.0852694238731104,1,0,0,0,-0.6674168927062403,-0.29129881655524165,0.0,0,0,0,1,0,0,0,0,1,1,0,0,0,0,0
0.5037656042971762,-0.7104832816884155,1,1,1,1,-1.2450638395755689,-1.4709447454046127,0.0,0,0,0,1,0,0,0,1,0,0,0,0,0,0,1
0.858819522920485,1.1976779773425017,0,0,0,1,0.05464179088042058,-0.29129881655524165,0.0,0,0,0,0,1,1,0,0,0,1,0,0,0,0,0
0.19738987055262358,-1.6279412761914158,0,0,1,0,-1.2450638395755689,0.2985241478694439,0.0,0,0,1,0,0,1,0,0,0,0,0,1,0,0,0
-1.3102004012475856,0.5241438860871283,0,0,0,0,-1.6782990497275654,1.478170076718815,0.0,0,0,1,0,0,1,0,0,0,0,1,0,0,0,0
-0.8299949846769983,-0.48656670711300665,1,0,1,0,-0.08976994583691159,0.8883471122941295,0.0,0,0,1,0,0,0,0,1,0,0,0,0,1,0,0
0.3601889081662414,-1.2146662402017008,1,0,1,0,-0.5230051559889081,-1.4709447454046127,0.0,0,0,0,0,1,0,0,1,0,0,0,0,0,0,1
-0.8119893355980933,-0.9952235146486447,1,0,1,0,-1.2450638395755689,0.2985241478694439,0.0,0,0,0,0,1,0,0,0,1,0,0,1,0,0,0
0.8121971286550095,1.3249542409552952,1,0,1,0,-0.8118286294235724,0.8883471122941295,0.0,0,0,1,0,0,0,0,0,1,0,0,0,1,0,0
-1.4459245366345939,1.7240146776427752,1,0,0,0,1.0655239479017458,0.2985241478694439,0.0,0,0,1,0,0,0,1,0,0,0,0,1,0,0,0
0.03027646964514738,-1.2067701983819028,1,0,1,1,0.48787700103241705,-1.4709447454046127,0.0,0,0,0,1,0,0,0,0,1,0,0,0,0,0,1
1.6206297948426067,-1.2573962394383154,1,0,1,0,-1.5338873130102333,0.2985241478694439,0.0,0,0,0,1,0,0,0,1,0,0,0,1,0,0,0
-1.6745158663582767,-1.2113388688671571,1,0,0,1,-0.9562403661409046,-0.8811217809799272,0.0,0,0,0,0,1,0,0,0,1,0,0,0,0,1,0
0.9034001115428381,-1.085907313714448,1,0,1,0,-1.5338873130102333,-0.8811217809799272,0.0,0,0,0,0,1,0,1,0,0,0,0,0,0,1,0
1.2131287418828607,0.32682904192208695,1,0,1,0,0.3434652643150849,-0.8811217809799272,0.0,0,0,0,0,1,0,1,0,0,0,0,0,0,1,0
-1.2443766429546643,0.8538553528616442,1,0,1,0,-1.2450638395755689,-0.8811217809799272,0.0,0,0,1,0,0,0,1,0,0,0,0,0,0,1,0
1.7478545646158636,-0.3886075158027609,1,0,1,0,1.4987591580537423,-0.29129881655524165,0.0,0,0,0,0,1,1,0,0,0,1,0,0,0,0,0
0.3154265149318297,0.3509998948289797,1,0,1,0,-1.5338873130102333,0.2985241478694439,0.0,0,0,0,0,1,0,0,0,1,0,0,1,0,0,0
-1.0667640257007898,-1.0050763266574103,1,0,0,0,0.05464179088042058,0.8883471122941295,0.0,0,0,0,1,0,0,1,0,0,0,0,0,1,0,0
1.0456901904192022,-0.41919174765499145,1,0,0,1,-0.9562403661409046,0.8883471122941295,0.0,0,0,0,0,1,0,1,0,0,0,0,0,1,0,0
0.6232461968452344,-1.3896980405848882,1,0,1,0,0.3434652643150849,0.8883471122941295,0.0,0,0,0,1,0,0,1,0,0,0,0,0,1,0,0
0.9271780570546112,-0.7177931544648224,1,0,0,0,-0.23418168255424376,0.8883471122941295,0.0,0,0,1,0,0,0,1,0,0,0,0,0,1,0,0
1.17153044814678,1.6459938539408183,1,0,1,0,-0.5230051559889081,-1.4709447454046127,0.0,0,0,1,0,0,1,0,0,0,0,0,0,0,0,1
-1.2258710311925973,1.063281483879105,0,0,1,0,1.6431708947710744,1.478170076718815,0.0,0,0,0,1,0,0,0,1,0,0,1,0,0,0,0
1.2154012995335963,1.077815028102008,0,0,1,0,-1.2450638395755689,-0.29129881655524165,0.0,0,0,1,0,0,1,0,0,0,1,0,0,0,0,0
-1.1550231723702808,0.6931588336425659,1,0,1,0,-1.2450638395755689,0.8883471122941295,0.0,0,0,0,1,0,0,1,0,0,0,0,0,1,0,0
-0.8945286294728098,-1.6023567214739913,1,0,1,1,-0.6674168927062403,-0.8811217809799272,0.0,0,0,0,1,0,0,1,0,0,0,0,0,0,1,0
-1.5249955579100338,1.388588062695196,1,0,1,0,-0.6674168927062403,-1.4709447454046127,0.0,0,0,0,1,0,0,0,0,1,0,0,0,0,0,1
1.7503788517294505,-0.40697701920667967,1,0,0,1,-0.6674168927062403,-1.4709447454046127,0.0,0,0,0,0,1,0,1,0,0,0,0,0,0,0,1
-0.3098345083639399,-0.12833984040411092,1,0,1,0,-0.9562403661409046,-1.4709447454046127,0.0,0,0,1,0,0,0,0,0,1,0,0,0,0,0,1
0.49955263203696637,-1.4813731549446618,1,0,1,0,1.35434742133641,-0.29129881655524165,0.0,0,0,1,0,0,0,0,1,0,1,0,0,0,0,0
-1.0075936169607145,-0.22261823492718014,1,0,1,0,-0.9562403661409046,-0.8811217809799272,0.0,0,0,0,1,0,0,0,0,1,0,0,0,0,1,0
0.3808272278774603,-0.9770177937715556,1,0,1,0,0.48787700103241705,-0.8811217809799272,0.0,0,0,0,0,1,1,0,0,0,0,0,0,0,1,0
0.3523398436648547,0.7530515176643531,1,0,0,0,0.6322887377497493,-0.8811217809799272,0.0,0,0,0,0,1,1,0,0,0,0,0,0,0,1,0
-0.49507243059666717,-0.6704427639450072,1,0,1,0,-0.5230051559889081,-1.4709447454046127,0.0,0,0,0,1,0,0,1,0,0,0,0,0,0,0,1
0.4613736635046086,-0.8435781350701647,1,0,1,1,1.4987591580537423,1.478170076718815,0.0,0,0,0,1,0,0,0,1,0,0,1,0,0,0,0
1.094155104503043,1.650450462697189,1,0,0,0,-1.1006521028582368,-0.29129881655524165,0.0,0,0,0,1,0,0,0,0,1,1,0,0,0,0,0
1.4577223737102618,-1.3648634374376851,1,0,1,1,1.35434742133641,1.478170076718815,0.0,0,0,1,0,0,0,0,0,1,0,1,0,0,0,0
-0.7562032896363441,0.2820043503686481,1,1,1,0,1.0655239479017458,-1.4709447454046127,0.0,0,0,0,1,0,0,0,0,1,0,0,0,0,0,1
-0.14762633573951334,0.07491427539176096,1,0,0,0,-1.6782990497275654,0.2985241478694439,0.0,0,0,0,0,1,0,0,1,0,0,0,1,0,0,0
0.809477051959206,0.4625702761320874,1,0,1,0,1.4987591580537423,1.478170076718815,0.0,0,0,1,0,0,0,0,0,1,0,1,0,0,0,0
-1.0714699681590822,0.6748669114355662,1,0,1,1,1.6431708947710744,1.478170076718815,0.0,0,0,1,0,0,0,0,0,1,0,1,0,0,0,0
-0.4312695004916308,-0.17046643033135228,1,0,1,0,1.35434742133641,-0.8811217809799272,0.0,0,0,0,0,1,0,1,0,0,0,0,0,0,1,0
-1.5357010525662682,-0.3372746238410822,1,0,1,0,0.7767004744670813,-0.8811217809799272,0.0,0,0,0,1,0,0,0,0,1,0,0,0,0,1,0
-1.4688703764219437,-1.2918164304715618,1,0,1,0,0.9211122111844136,0.2985241478694439,0.0,0,0,0,0,1,1,0,0,0,0,0,1,0,0,0
-0.15994359820650006,-1.1373177868730457,1,0,1,0,0.6322887377497493,-0.29129881655524165,0.0,0,0,1,0,0,0,0,1,0,1,0,0,0,0,0
-0.5050821729875226,1.1998588709892362,1,0,1,0,-1.389475576292901,-0.29129881655524165,0.0,0,0,0,0,1,0,0,0,1,1,0,0,0,0,0
0.8009741901029155,-1.0982944448225809,1,0,1,1,-0.6674168927062403,0.8883471122941295,0.0,0,0,1,0,0,0,1,0,0,0,0,0,1,0,0
-0.5736679628867225,-0.35423904556746044,0,0,0,1,-1.2450638395755689,1.478170076718815,0.0,0,0,0,0,1,0,1,0,0,0,1,0,0,0,0
0.5380112999724916,0.25189422583092486,1,0,1,0,-1.5338873130102333,0.8883471122941295,0.0,0,0,0,0,1,0,1,0,0,0,0,0,1,0,0
-1.5318481932876367,1.7172737336437776,1,0,1,0,0.7767004744670813,-0.8811217809799272,0.0,0,0,0,0,1,1,0,0,0,0,0,0,0,1,0
-1.2537395804756948,0.4704663179518853,1,0,1,0,-1.1006521028582368,1.478170076718815,0.0,0,0,0,0,1,0,0,1,0,0,1,0,0,0,0
0.2855790923713225,-0.2587883129576089,1,0,1,0,-1.1006521028582368,-0.29129881655524165,0.0,0,0,0,0,1,0,1,0,0,1,0,0,0,0,0
0.2804046534127245,-0.032587403139572826,1,0,0,0,0.3434652643150849,0.8883471122941295,0.0,0,0,0,1,0,0,0,0,1,0,0,0,1,0,0
0.6023876138540214,-0.10297078901146291,0,0,1,1,-1.1006521028582368,0.8883471122941295,0.0,0,0,0,0,1,0,0,0,1,0,0,0,1,0,0
0.20991341132944635,0.22775785345599625,1,0,0,1,1.6431708947710744,1.478170076718815,0.0,0,0,0,0,1,0,1,0,0,0,1,0,0,0,0
-0.6842576106565952,-0.7769962278473261,0,0,1,0,0.6322887377497493,-0.8811217809799272,0.0,0,0,1,0,0,0,1,0,0,0,0,0,0,1,0
0.855837228034212,0.41821107176016503,1,0,0,0,-0.08976994583691159,0.2985241478694439,0.0,0,0,0,0,1,0,1,0,0,0,0,1,0,0,0
0.09366684313051193,-0.1352187065309656,1,0,0,1,-1.5338873130102333,-1.4709447454046127,0.0,0,0,1,0,0,0,1,0,0,0,0,0,0,0,1
1.6997462672710617,-0.47006777256814486,1,0,0,0,0.7767004744670813,-0.29129881655524165,0.0,0,0,0,0,1,0,0,0,1,1,0,0,0,0,0
1.364988036590091,-0.9099186785692541,0,0,1,0,0.48787700103241705,1.478170076718815,0.0,0,0,1,0,0,0,1,0,0,0,1,0,0,0,0
-0.9753617569882046,1.5752656627492863,1,0,0,0,-1.2450638395755689,1.478170076718815,0.0,0,0,1,0,0,0,0,1,0,0,1,0,0,0,0
-0.8549511639246146,0.4652511374923028,1,0,0,1,1.0655239479017458,-0.8811217809799272,0.0,0,0,1,0,0,1,0,0,0,0,0,0,0,1,0
-1.0517196940529203,0.679668325511579,0,0,1,0,1.6431708947710744,-0.8811217809799272,0.0,0,0,0,0,1,0,0,1,0,0,0,0,0,1,0
1.1847777111292992,-0.9832587700570729,1,0,1,0,0.7767004744670813,0.2985241478694439,0.0,0,0,0,0,1,0,0,0,1,0,0,1,0,0,0
-0.3957581650169826,0.09358548345036631,1,0,1,0,0.3434652643150849,-0.29129881655524165,0.0,0,0,1,0,0,1,0,0,0,1,0,0,0,0,0
0.618452848323452,1.5458279085848647,0,0,1,0,1.6431708947710744,-0.29129881655524165,0.0,0,0,0,0,1,0,1,0,0,1,0,0,0,0,0
-0.7100668730838721,0.4898098963837924,1,0,1,0,1.6431708947710744,-1.4709447454046127,0.0,0,0,1,0,0,0,1,0,0,0,0,0,0,0,1
-0.15263994754128973,1.3944497531291076,0,0,1,0,0.48787700103241705,0.2985241478694439,0.0,0,0,1,0,0,0,0,0,1,0,0,1,0,0,0
0.27797126860516763,1.2485281418566814,1,0,0,0,0.05464179088042058,-0.29129881655524165,0.0,0,0,0,1,0,0,0,1,0,1,0,0,0,0,0
0.982324290631615,1.1885406363719935,1,0,0,0,1.2099356846190779,-0.8811217809799272,0.0,0,0,0,0,1,0,0,1,0,0,0,0,0,1,0
-1.694108809550157,1.6398563192511937,1,0,1,0,-1.6782990497275654,0.2985241478694439,0.0,0,0,0,0,1,1,0,0,0,0,0,1,0,0,0
1.409397309328004,0.10692944932050542,1,0,0,1,0.9211122111844136,-1.4709447454046127,0.0,0,0,0,1,0,0,0,0,1,0,0,0,0,0,1
-1.5711984030707578,-0.9371496786879682,1,0,1,1,1.2099356846190779,0.8883471122941295,0.0,0,0,0,1,0,0,0,0,1,0,0,0,1,0,0
-1.3794225072889914,-0.05027591603719905,1,0,1,0,1.35434742133641,0.2985241478694439,0.0,0,0,1,0,0,1,0,0,0,0,0,1,0,0,0
-1.0489926248720376,-1.4711410570842902,1,0,1,0,0.7767004744670813,0.2985241478694439,0.0,0,0,0,0,1,0,0,0,1,0,0,1,0,0,0
0.3696077855679057,-1.4826058339623815,1,0,1,0,-0.08976994583691159,-0.29129881655524165,0.0,0,0,1,0,0,0,1,0,0,1,0,0,0,0,0
1.667168279287132,-0.04922425981229162,1,0,0,1,-1.6782990497275654,0.2985241478694439,0.0,0,0,0,1,0,0,1,0,0,0,0,1,0,0,0
-1.260924358894559,1.6162371548557282,1,0,0,0,0.05464179088042058,-0.8811217809799272,0.0,0,0,0,1,0,0,0,1,0,0,0,0,0,1,0
0.6000731012928107,-1.6791793466901928,1,0,0,0,-0.5230051559889081,1.478170076718815,0.0,0,0,1,0,0,0,0,0,1,0,1,0,0,0,0
-1.3397681244049253,1.6660529034109826,1,0,1,1,0.6322887377497493,0.2985241478694439,0.0,0,0,0,1,0,0,1,0,0,0,0,1,0,0,0
-0.30438736248725384,-1.061305454158003,1,0,1,0,-1.5338873130102333,1.478170076718815,0.0,0,0,0,1,0,0,0,1,0,0,1,0,0,0,0
0.3639263914410667,0.5874846233053338,1,0,1,0,1.35434742133641,1.478170076718815,0.0,0,0,0,1,0,1,0,0,0,0,1,0,0,0,0
-1.1570440005581655,-1.087467557785827,1,0,1,0,0.05464179088042058,1.478170076718815,0.0,0,0,0,1,0,0,1,0,0,0,1,0,0,0,0
1.6396493542579937,-1.550868667118474,0,0,1,0,1.2099356846190779,0.2985241478694439,0.0,0,0,1,0,0,0,0,1,0,0,0,1,0,0,0
-0.15940168061286306,0.10714495264528158,1,0,1,0,-1.5338873130102333,0.8883471122941295,0.0,0,0,1,0,0,1,0,0,0,0,0,0,1,0,0
-1.390589505960452,0.9862950761360733,1,0,1,0,1.2099356846190779,-0.29129881655524165,0.0,0,0,1,0,0,1,0,0,0,1,0,0,0,0,0
1.3168133106370365,0.5708736270315883,0,0,1,1,1.35434742133641,-1.4709447454046127,0.0,0,0,0,1,0,0,0,1,0,0,0,0,0,0,1
1.0113151337699218,-0.6587021428112029,1,0,0,0,0.19905352759775274,0.8883471122941295,0.0,0,0,1,0,0,0,0,0,1,0,0,0,1,0,0
0.7429750226136037,1.2712939130860343,1,0,1,0,-1.2450638395755689,-0.29129881655524165,0.0,0,0,1,0,0,0,0,1,0,1,0,0,0,0,0
1.3508317505472782,-1.2934628758728517,1,1,1,1,0.19905352759775274,0.8883471122941295,0.0,0,0,1,0,0,0,0,1,0,0,0,0,1,0,0
1.2470353020318354,0.1199458501369847,1,0,0,0,-1.6782990497275654,-1.4709447454046127,0.0,0,0,0,1,0,0,0,1,0,0,0,0,0,0,1
0.21190626957701442,-0.22093730899392633,0,0,1,0,1.0655239479017458,0.8883471122941295,0.0,0,0,0,0,1,0,0,1,0,0,0,0,1,0,0
1.3366929457171637,1.3830108366499891,0,0,0,0,1.0655239479017458,1.478170076718815,0.0,0,0,0,0,1,0,0,0,1,0,1,0,0,0,0
0.9171788033913748,-0.05516353144312216,1,0,1,0,-1.6782990497275654,-1.4709447454046127,0.0,0,0,0,1,0,0,0,0,1,0,0,0,0,0,1
0.5885669670950092,-1.4342899885475688,1,0,0,0,-0.9562403661409046,-0.8811217809799272,0.0,0,0,0,0,1,0,0,0,1,0,0,0,0,1,0
-1.0077649328451543,-1.103966492330689,1,0,1,1,1.0655239479017458,0.2985241478694439,0.0,0,0,1,0,0,0,0,1,0,0,0,1,0,0,0
-1.2311433649423038,1.535888895246189,1,0,0,0,-0.6674168927062403,0.2985241478694439,0.0,0,0,0,0,1,0,1,0,0,0,0,1,0,0,0
-0.326172449751459,0.07154380339226213,1,0,1,1,0.9211122111844136,-0.8811217809799272,0.0,0,0,0,1,0,1,0,0,0,0,0,0,0,1,0
0.6611349772468059,0.3338372100438074,1,0,1,0,-0.23418168255424376,-0.29129881655524165,0.0,0,0,0,1,0,1,0,0,0,1,0,0,0,0,0
-1.2471246895907844,0.933970868880425,1,0,0,1,-1.389475576292901,0.2985241478694439,0.0,0,0,0,1,0,1,0,0,0,0,0,1,0,0,0
0.020794659877770644,-0.09932447275625046,1,0,0,0,-1.6782990497275654,1.478170076718815,0.0,0,0,1,0,0,0,1,0,0,0,1,0,0,0,0
-0.285570585139163,-1.2523793220375268,1,0,1,0,-1.389475576292901,0.8883471122941295,0.0,0,0,0,0,1,0,0,1,0,0,0,0,1,0,0
1.2353578519495942,-1.3278141058421695,1,0,1,0,-0.08976994583691159,-0.8811217809799272,0.0,0,0,0,0,1,0,1,0,0,0,0,0,0,1,0
0.2396419616436073,-0.2092656489240502,1,0,1,0,0.05464179088042058,-0.8811217809799272,0.0,0,0,1,0,0,0,0,1,0,0,0,0,0,1,0
-1.1194768744702366,0.07562112629702687,0,0,1,0,1.6431708947710744,0.8883471122941295,0.0,0,0,1,0,0,1,0,0,0,0,0,0,1,0,0
-0.3392029456965228,0.27229808062073063,1,0,1,0,1.35434742133641,-0.29129881655524165,0.0,0,0,0,1,0,0,0,0,1,1,0,0,0,0,0
-0.1584716800973313,-0.17602641611057712,1,0,1,0,-0.23418168255424376,-1.4709447454046127,0.0,0,0,0,0,1,0,1,0,0,0,0,0,0,0,1
-1.5925674374727514,-0.2476769615321508,1,0,1,0,-1.2450638395755689,-0.29129881655524165,0.0,0,0,0,0,1,1,0,0,0,1,0,0,0,0,0
-1.406214213869894,-0.7478601783375907,1,0,0,0,-1.6782990497275654,-0.29129881655524165,0.0,0,0,1,0,0,1,0,0,0,1,0,0,0,0,0
0.8912576612028307,0.5234973761127999,0,0,1,0,-0.23418168255424376,0.2985241478694439,0.0,0,0,1,0,0,0,0,1,0,0,0,1,0,0,0
-1.5267401829372906,0.12429901729746305,1,0,1,0,-0.08976994583691159,-0.8811217809799272,0.0,0,0,0,0,1,0,1,0,0,0,0,0,0,1,0
-0.06666734349269293,0.4772158820838742,0,0,0,1,1.6431708947710744,-0.29129881655524165,0.0,0,0,1,0,0,1,0,0,0,1,0,0,0,0,0
1.6822335883902393,0.8179438788209465,0,0,1,0,-0.6674168927062403,-0.8811217809799272,0.0,0,0,0,0,1,0,1,0,0,0,0,0,0,1,0
-0.7406904614881691,1.3969840722284748,1,0,0,1,-1.389475576292901,-1.4709447454046127,0.0,0,0,0,0,1,0,0,1,0,0,0,0,0,0,1
-1.3004284033494224,-1.136998841952377,1,0,0,0,0.48787700103241705,-0.29129881655524165,0.0,0,0,0,0,1,0,0,1,0,1,0,0,0,0,0
1.0852746484524765,-0.5476231090885849,1,0,0,1,-0.08976994583691159,-1.4709447454046127,0.0,0,0,1,0,0,1,0,0,0,0,0,0,0,0,1
1.0604198602385084,0.850459020463172,0,0,0,0,-0.6674168927062403,0.2985241478694439,0.0,0,0,0,0,1,0,0,0,1,0,0,1,0,0,0
-0.1790016162898227,0.3277686364181111,1,0,1,0,-1.2450638395755689,1.478170076718815,0.0,0,0,1,0,0,1,0,0,0,0,1,0,0,0,0
0.8833806267611273,1.3642792876604468,1,0,0,0,-0.8118286294235724,0.2985241478694439,0.0,0,0,0,1,0,1,0,0,0,0,0,1,0,0,0
1.0594024536594868,-0.5276588810813226,1,0,1,0,1.35434742133641,-0.29129881655524165,0.0,0,0,1,0,0,1,0,0,0,1,0,0,0,0,0
0.43794184600425484,1.6669062965770958,1,0,0,0,-0.9562403661409046,1.478170076718815,0.0,0,0,0,0,1,0,1,0,0,0,1,0,0,0,0
-1.1731931448485464,0.04831254498139312,1,0,1,0,-0.08976994583691159,1.478170076718815,0.0,0,0,1,0,0,0,1,0,0,0,1,0,0,0,0
0.8953133025487588,-1.6861099336149936,1,0,0,1,0.19905352759775274,-1.4709447454046127,0.0,0,0,1,0,0,0,0,1,0,0,0,0,0,0,1
-0.28338193730937794,1.534647596095478,1,0,1,0,0.9211122111844136,-0.8811217809799272,0.0,0,0,0,0,1,0,0,1,0,0,0,0,0,1,0
-1.046796984557173,-0.6441513583223172,1,0,1,0,1.4987591580537423,0.8883471122941295,0.0,0,0,1,0,0,1,0,0,0,0,0,0,1,0,0
-0.0023959168873510634,0.5986907961936935,1,0,1,1,0.48787700103241705,0.2985241478694439,0.0,0,0,1,0,0,1,0,0,0,0,0,1,0,0,0
0.3085319246437518,1.0255856423092613,1,0,0,0,-1.1006521028582368,-0.8811217809799272,0.0,0,0,0,1,0,0,1,0,0,0,0,0,0,1,0
1.4556141394588868,-0.6941136491384194,0,0,1,0,1.0655239479017458,-1.4709447454046127,0.0,0,0,1,0,0,1,0,0,0,0,0,0,0,0,1
0.7262559907892691,-0.6697014325077773,1,0,1,0,-0.08976994583691159,-0.29129881655524165,0.0,0,0,1,0,0,0,0,1,0,1,0,0,0,0,0
0.5304139649339554,0.7654214085065039,1,0,0,1,1.35434742133641,0.2985241478694439,0.0,0,0,0,0,1,1,0,0,0,0,0,1,0,0,0
-0.5114138682267259,-1.5040527248441036,1,0,1,0,-0.6674168927062403,1.478170076718815,0.0,0,0,0,0,1,1,0,0,0,0,1,0,0,0,0
1.355586640401125,0.6245253347678583,1,1,0,0,-1.389475576292901,0.2985241478694439,0.0,0,0,0,0,1,0,0,0,1,0,0,1,0,0,0
1.6639307586954688,-0.8506466441228223,1,0,0,0,1.35434742133641,-0.29129881655524165,0.0,0,0,0,0,1,0,1,0,0,1,0,0,0,0,0
1.1872810207876479,-0.31594841482123437,1,1,1,1,-1.6782990497275654,-1.4709447454046127,0.0,0,0,0,1,0,0,0,1,0,0,0,0,0,0,1
0.05974280176883914,-0.5120478202345383,1,0,1,0,0.05464179088042058,-0.29129881655524165,0.0,0,0,0,0,1,1,0,0,0,1,0,0,0,0,0
0.71713779024601,0.3955918427916603,1,0,1,0,1.0655239479017458,0.8883471122941295,0.0,0,0,1,0,0,0,0,1,0,0,0,0,1,0,0
0.36650661843528654,-1.3009451513090795,1,0,1,0,-0.6674168927062403,-0.8811217809799272,0.0,0,0,0,0,1,0,0,0,1,0,0,0,0,1,0
1.4575405690982028,-0.3975207333155021,1,0,1,1,-0.8118286294235724,-0.8811217809799272,0.0,0,0,0,1,0,0,0,0,1,0,0,0,0,1,0
0.20525292002416862,0.8831982855631645,1,0,0,0,0.3434652643150849,0.8883471122941295,0.0,0,0,0,0,1,0,1,0,0,0,0,0,1,0,0
-1.691067078540711,1.6437784797621198,1,0,1,0,-1.389475576292901,-0.29129881655524165,0.0,0,0,0,1,0,1,0,0,0,1,0,0,0,0,0
-0.355764646606576,-1.6213641147192477,1,0,1,1,0.48787700103241705,-0.8811217809799272,0.0,0,0,1,0,0,0,0,0,1,0,0,0,0,1,0
-0.7803588293423935,-0.17678498781378926,0,0,1,0,-0.5230051559889081,-1.4709447454046127,0.0,0,0,1,0,0,0,0,1,0,0,0,0,0,0,1
1.2767323861631403,-0.04820708411934795,1,0,0,1,1.35434742133641,-1.4709447454046127,0.0,0,0,1,0,0,0,0,1,0,0,0,0,0,0,1
1.1700270638547554,-1.106018083982558,0,0,1,0,1.6431708947710744,-0.8811217809799272,0.0,0,0,0,0,1,0,1,0,0,0,0,0,0,1,0
0.8964390926465077,-1.0972514087306642,1,0,0,0,0.19905352759775274,-0.29129881655524165,0.0,0,0,0,0,1,0,0,1,0,1,0,0,0,0,0
0.2794711566546531,0.32126043600987125,1,0,1,0,0.3434652643150849,1.478170076718815,0.0,0,0,0,0,1,0,0,1,0,0,1,0,0,0,0
-0.7522070844135891,-0.981224418671186,0,0,0,0,1.4987591580537423,0.8883471122941295,0.0,0,0,1,0,0,0,0,1,0,0,0,0,1,0,0
1.7135144703919796,-0.5604412468462701,1,0,0,0,0.05464179088042058,0.8883471122941295,0.0,0,0,0,1,0,1,0,0,0,0,0,0,1,0,0
0.5481783732776286,0.4838275240880065,1,0,1,1,-1.5338873130102333,0.8883471122941295,0.0,0,0,0,0,1,0,1,0,0,0,0,0,1,0,0
0.4994477447607785,0.43044304047445925,1,0,1,1,-1.389475576292901,-0.29129881655524165,0.0,0,0,1,0,0,0,0,0,1,1,0,0,0,0,0
1.7461099395886068,1.4444637647431555,1,0,1,1,-1.389475576292901,-0.8811217809799272,0.0,0,0,0,1,0,0,1,0,0,0,0,0,0,1,0
-1.3901105207325277,1.3398843112957866,0,0,0,0,0.05464179088042058,-0.8811217809799272,0.0,0,0,0,1,0,0,1,0,0,0,0,0,0,1,0
0.464583214155955,1.5033306529390082,1,0,1,0,0.6322887377497493,-0.8811217809799272,0.0,0,0,0,1,0,1,0,0,0,0,0,0,0,1,0
0.37814560984959233,-1.6493019657432275,1,0,0,0,0.9211122111844136,0.2985241478694439,0.0,0,0,0,0,1,0,0,0,1,0,0,1,0,0,0
0.8348352990988754,-1.1869956133004433,0,0,0,0,-0.23418168255424376,1.478170076718815,0.0,0,0,1,0,0,1,0,0,0,0,1,0,0,0,0
-1.404969551525799,1.0997274061652467,1,0,0,0,0.6322887377497493,-0.29129881655524165,0.0,0,0,0,0,1,0,0,0,1,1,0,0,0,0,0
1.2721313309810356,-0.2788818429597369,1,0,1,0,1.6431708947710744,-0.8811217809799272,0.0,0,0,0,1,0,1,0,0,0,0,0,0,0,1,0
-1.4261917437411296,-0.38384058225871226,1,0,1,0,-1.2450638395755689,1.478170076718815,0.0,0,0,0,0,1,0,0,1,0,0,1,0,0,0,0
0.9448375781220966,-0.6548403232312142,1,0,1,1,-0.8118286294235724,0.2985241478694439,0.0,0,0,0,0,1,1,0,0,0,0,0,1,0,0,0
0.9541935231580481,1.5770069296134779,1,0,1,0,1.6431708947710744,1.478170076718815,0.0,0,0,0,1,0,0,1,0,0,0,1,0,0,0,0
1.1027838310907592,-0.008692394488393691,1,0,0,0,1.35434742133641,0.8883471122941295,0.0,0,0,0,1,0,1,0,0,0,0,0,0,1,0,0
1.0728245287689848,-1.4092743626075537,0,0,0,0,-1.6782990497275654,-1.4709447454046127,0.0,0,0,1,0,0,0,1,0,0,0,0,0,0,0,1
0.39077054166006325,0.16626182469787448,0,0,0,0,0.9211122111844136,1.478170076718815,0.0,0,0,1,0,0,0,0,1,0,0,1,0,0,0,0
0.4430883150225361,-0.44869846288334164,1,0,1,1,-0.9562403661409046,1.478170076718815,0.0,0,0,0,0,1,1,0,0,0,0,1,0,0,0,0
-0.8723624517717888,1.4559199214882557,1,0,1,1,-1.6782990497275654,-1.4709447454046127,0.0,0,0,0,1,0,0,1,0,0,0,0,0,0,0,1
1.2951540881042565,-1.596107125055483,1,0,1,0,1.6431708947710744,1.478170076718815,0.0,0,0,1,0,0,0,1,0,0,0,1,0,0,0,0
0.5385252476258119,-0.002141093415198472,1,0,1,0,1.2099356846190779,1.478170076718815,0.0,0,0,0,1,0,0,0,1,0,0,1,0,0,0,0
0.6716866372312983,1.3341433027237501,1,1,1,1,-1.6782990497275654,-0.8811217809799272,0.0,0,0,1,0,0,1,0,0,0,0,0,0,0,1,0
-1.4946306914536667,-1.1477481477922113,1,0,1,0,0.05464179088042058,0.2985241478694439,0.0,0,0,1,0,0,0,0,1,0,0,0,1,0,0,0
1.3009788281752186,-0.6177478909707435,1,0,1,0,-0.6674168927062403,-0.8811217809799272,0.0,0,0,1,0,0,0,0,0,1,0,0,0,0,1,0
1.6219583670076525,-1.0333762232670138,1,0,1,0,0.48787700103241705,1.478170076718815,0.0,0,0,0,1,0,1,0,0,0,0,1,0,0,0,0
0.10965865650661118,1.5452848402064288,1,0,1,0,-1.389475576292901,-0.29129881655524165,0.0,0,0,0,1,0,0,0,1,0,1,0,0,0,0,0
-0.3902830491999797,-0.0895147614124401,1,0,1,0,0.9211122111844136,0.8883471122941295,0.0,0,0,0,0,1,0,0,0,1,0,0,0,1,0,0
-1.1505130194942055,1.2525106432985453,1,0,1,0,0.48787700103241705,1.478170076718815,0.0,0,0,0,1,0,1,0,0,0,0,1,0,0,0,0
-0.3708089782544454,-1.2831531968155607,1,0,1,0,1.6431708947710744,-0.29129881655524165,0.0,0,0,0,0,1,1,0,0,0,1,0,0,0,0,0
-1.1029501359855793,0.5838986479810588,0,0,1,0,-1.1006521028582368,-1.4709447454046127,0.0,0,0,1,0,0,0,1,0,0,0,0,0,0,0,1
1.1040249971923148,1.0949949531531626,1,0,1,0,0.48787700103241705,-1.4709447454046127,0.0,0,0,0,1,0,0,0,1,0,0,0,0,0,0,1
0.43994868922198127,-1.3232195749579423,0,0,0,1,-0.23418168255424376,1.478170076718815,0.0,0,0,0,0,1,0,0,0,1,0,1,0,0,0,0
1.1459519377271163,-1.3326155199181824,1,0,1,1,-1.5338873130102333,0.2985241478694439,0.0,0,0,0,1,0,0,0,0,1,0,0,1,0,0,0
0.71198083250011,-1.4169118004376204,1,1,1,1,0.9211122111844136,0.2985241478694439,0.0,0,0,0,1,0,1,0,0,0,0,0,1,0,0,0
-0.271484223947142,-0.5281760890607853,1,0,1,0,-1.1006521028582368,-0.29129881655524165,0.0,0,0,0,0,1,0,0,1,0,1,0,0,0,0,0
-0.4676618890862564,-1.570539810604041,1,0,1,1,0.6322887377497493,0.8883471122941295,0.0,0,0,0,1,0,1,0,0,0,0,0,0,1,0,0
0.9154586520618949,1.2870859967256303,1,1,1,0,0.48787700103241705,-0.8811217809799272,0.0,0,0,1,0,0,0,1,0,0,0,0,0,0,1,0
0.4659012975933818,0.7715072223981823,1,1,1,1,-0.8118286294235724,-0.29129881655524165,0.0,0,0,1,0,0,1,0,0,0,1,0,0,0,0,0
1.445384133788037,-1.2185711604466445,0,0,0,0,0.9211122111844136,1.478170076718815,0.0,0,0,0,0,1,0,0,1,0,0,1,0,0,0,0
-0.6916556598703744,0.4967318631756025,1,0,1,1,-0.9562403661409046,-1.4709447454046127,0.0,0,0,1,0,0,0,1,0,0,0,0,0,0,0,1
0.5689006028097974,-1.42342000084586,1,0,0,0,-0.8118286294235724,-0.8811217809799272,0.0,0,0,0,1,0,0,0,1,0,0,0,0,0,1,0
-1.2366114882742276,0.464940812704625,1,0,0,0,-0.8118286294235724,0.2985241478694439,0.0,0,0,0,1,0,0,0,1,0,0,0,1,0,0,0
0.8373141350594471,-1.1767462751740898,1,0,0,0,1.6431708947710744,-1.4709447454046127,0.0,0,0,0,1,0,1,0,0,0,0,0,0,0,0,1
-0.0647024551854416,1.442248390564457,1,0,1,1,1.4987591580537423,0.2985241478694439,0.0,0,0,1,0,0,0,0,0,1,0,0,1,0,0,0
-0.2473706391515679,-1.3240815882570467,1,0,0,0,-1.5338873130102333,-0.8811217809799272,0.0,0,0,1,0,0,1,0,0,0,0,0,0,0,1,0
-0.18895192255750498,0.44590755906039564,1,0,1,0,-1.389475576292901,-0.29129881655524165,0.0,0,0,1,0,0,0,1,0,0,1,0,0,0,0,0
0.011239429017062439,-0.8933594030934549,1,0,0,0,-1.1006521028582368,0.8883471122941295,0.0,0,0,1,0,0,1,0,0,0,0,0,0,1,0,0
-0.7170069145249648,0.023771026355885537,1,0,1,0,0.48787700103241705,1.478170076718815,0.0,0,0,0,1,0,1,0,0,0,0,1,0,0,0,0
-1.7362350359097154,0.828675944394799,1,0,0,0,1.35434742133641,0.2985241478694439,0.0,0,0,1,0,0,1,0,0,0,0,0,1,0,0,0
1.3144708281355089,1.5134162085385316,0,0,0,0,0.3434652643150849,-0.8811217809799272,0.0,0,0,1,0,0,0,1,0,0,0,0,0,0,1,0
-1.368587651658792,0.9353069894940369,0,0,1,1,0.05464179088042058,-0.8811217809799272,0.0,0,0,0,0,1,0,1,0,0,0,0,0,0,1,0
-0.003490240802243775,1.6244435214632034,1,0,1,0,-0.6674168927062403,-1.4709447454046127,0.0,0,0,1,0,0,0,0,1,0,0,0,0,0,0,1
-1.2270982123239946,0.222249588474718,1,0,0,0,-1.5338873130102333,0.2985241478694439,0.0,0,0,0,1,0,0,1,0,0,0,0,1,0,0,0
-0.7778869858669011,1.7263679739493312,1,0,1,0,1.35434742133641,1.478170076718815,0.0,0,0,0,1,0,1,0,0,0,0,1,0,0,0,0
0.3406833710378509,0.8388304610582509,0,0,1,0,-1.2450638395755689,-1.4709447454046127,0.0,0,0,1,0,0,0,1,0,0,0,0,0,0,0,1
-1.2988376129939077,-1.5228101342326195,0,0,1,0,0.48787700103241705,-1.4709447454046127,0.0,0,0,0,0,1,0,0,1,0,0,0,0,0,0,1
1.2748933625873142,1.115347087145022,1,0,1,0,-0.6674168927062403,0.2985241478694439,0.0,0,0,1,0,0,0,0,0,1,0,0,1,0,0,0
-1.4107173742608903,-1.4640466876326594,1,0,1,0,-1.1006521028582368,-0.8811217809799272,0.0,0,0,0,1,0,1,0,0,0,0,0,0,0,1,0
-0.03214194841421003,-0.34737741970658786,1,0,1,1,-0.23418168255424376,0.2985241478694439,0.0,0,0,0,1,0,0,1,0,0,0,0,1,0,0,0
0.7273922696146369,-1.6363114253257214,1,0,1,0,-0.8118286294235724,-0.8811217809799272,0.0,0,0,0,1,0,0,0,1,0,0,0,0,0,1,0
1.0689716694903533,0.6133708826774449,1,0,1,0,1.4987591580537423,0.2985241478694439,0.0,0,0,0,1,0,0,0,1,0,0,0,1,0,0,0
0.3481373601322639,-0.017665952932072376,1,0,0,0,-0.8118286294235724,-0.29129881655524165,0.0,0,0,1,0,0,0,0,0,1,1,0,0,0,0,0
-1.0274347933729058,0.26771216986949403,1,0,0,0,0.19905352759775274,0.2985241478694439,0.0,0,0,0,1,0,0,0,1,0,0,0,1,0,0,0
-1.013149146356128,1.1481466931759519,1,1,1,1,-1.389475576292901,-1.4709447454046127,0.0,0,0,0,1,0,0,0,0,1,0,0,0,0,0,1
0.36691917505495836,-1.326374543632665,1,0,1,0,0.48787700103241705,-0.29129881655524165,0.0,0,0,1,0,0,0,0,1,0,1,0,0,0,0,0
-0.9783195781767005,1.0974344507896288,1,0,1,0,-0.08976994583691159,-0.29129881655524165,0.0,0,0,0,1,0,0,0,0,1,1,0,0,0,0,0
1.0467635368788573,0.5292297645518454,0,0,1,1,-0.8118286294235724,0.2985241478694439,0.0,0,0,1,0,0,0,1,0,0,0,0,1,0,0,0
-0.48367817616013287,-0.6444961636419592,1,0,1,1,1.35434742133641,0.8883471122941295,0.0,0,0,1,0,0,0,1,0,0,0,0,0,1,0,0
-0.6644688778824976,-1.530619974722507,1,0,0,0,-0.08976994583691159,-0.29129881655524165,0.0,0,0,0,1,0,0,1,0,0,1,0,0,0,0,0
-0.6110987355156073,0.6132502008155699,1,0,1,0,0.19905352759775274,0.8883471122941295,0.0,0,0,1,0,0,0,0,0,1,0,0,0,1,0,0
-0.5084840169785467,1.2373478293672955,1,0,1,0,0.7767004744670813,1.478170076718815,0.0,0,0,0,0,1,0,1,0,0,0,1,0,0,0,0
-1.7336932675834313,-0.19495622815891403,1,0,0,0,-0.3785934192715759,1.478170076718815,0.0,0,0,1,0,0,0,1,0,0,0,1,0,0,0,0
0.9992705782210233,-1.2350442345925334,1,0,1,0,1.6431708947710744,0.8883471122941295,0.0,0,0,1,0,0,0,1,0,0,0,0,0,1,0,0
0.21195521697256883,0.49110291633244935,1,0,1,0,0.05464179088042058,-1.4709447454046127,0.0,0,0,0,0,1,0,1,0,0,0,0,0,0,0,1
-0.15753468709672022,-1.407671017871219,1,0,1,0,-0.23418168255424376,0.8883471122941295,0.0,0,0,0,0,1,0,0,0,1,0,0,0,1,0,0
-1.4616716130329217,-0.5867067920699872,1,0,1,0,-1.1006521028582368,0.2985241478694439,0.0,0,0,0,0,1,0,1,0,0,0,0,1,0,0,0
0.6820145376932566,1.6738886042998433,1,0,1,0,1.0655239479017458,0.8883471122941295,0.0,0,0,0,0,1,0,1,0,0,0,0,0,1,0,0
0.7236058389442575,1.230305180713611,1,0,1,0,1.4987591580537423,-0.29129881655524165,0.0,0,0,1,0,0,1,0,0,0,1,0,0,0,0,0
-0.2135060339130679,0.042924961861989415,1,0,0,1,-1.5338873130102333,0.8883471122941295,0.0,0,0,0,1,0,0,1,0,0,0,0,0,1,0,0
-1.3124275077453063,-0.00021018362520437248,1,0,1,0,0.05464179088042058,-1.4709447454046127,0.0,0,0,0,1,0,0,0,1,0,0,0,0,0,0,1
0.8027397925854097,-1.4352554434425662,0,0,0,0,-1.2450638395755689,0.8883471122941295,0.0,0,0,1,0,0,0,1,0,0,0,0,0,1,0,0
-1.0206555790886347,-1.2093476181462255,1,1,1,0,-0.08976994583691159,-0.8811217809799272,0.0,0,0,0,0,1,0,0,1,0,0,0,0,0,1,0
0.5984823109372958,-0.8321478387240377,0,0,1,1,0.05464179088042058,-0.8811217809799272,0.0,0,0,1,0,0,0,0,1,0,0,0,0,0,1,0
-0.7776702188294464,-1.4152308745043665,1,0,1,0,-1.2450638395755689,-0.29129881655524165,0.0,0,0,1,0,0,1,0,0,0,1,0,0,0,0,0
0.7057120696266193,1.2114788102611664,1,0,1,0,-0.23418168255424376,-0.29129881655524165,0.0,0,0,1,0,0,0,0,1,0,1,0,0,0,0,0
-1.568758025778122,0.590372367857334,1,0,1,0,0.7767004744670813,0.8883471122941295,0.0,0,0,1,0,0,0,1,0,0,0,0,0,1,0,0
-1.6716139850504144,1.565369750075566,1,0,1,1,0.3434652643150849,0.2985241478694439,0.0,0,0,0,0,1,1,0,0,0,0,0,1,0,0,0
1.1584090498956874,1.3277557841773853,1,0,1,0,-1.389475576292901,-1.4709447454046127,0.0,0,0,0,1,0,0,0,1,0,0,0,0,0,0,1
-0.21844272837897347,0.5985356337998549,1,1,0,0,0.48787700103241705,1.478170076718815,0.0,0,0,0,1,0,0,1,0,0,0,1,0,0,0,0
-0.606287905781127,0.46038076235236175,1,0,1,0,-1.5338873130102333,-0.29129881655524165,0.0,0,0,0,0,1,0,0,1,0,1,0,0,0,0,0
1.5358948606530256,-1.2502760095877115,1,0,1,0,1.6431708947710744,-1.4709447454046127,0.0,0,0,1,0,0,0,0,0,1,0,0,0,0,0,1
-1.6747606033360483,-1.4982082746761745,1,0,1,1,1.35434742133641,0.8883471122941295,0.0,0,0,0,0,1,0,0,1,0,0,0,0,1,0,0
0.7631623270372148,-0.32930962095735555,1,0,0,1,-1.1006521028582368,0.8883471122941295,0.0,0,0,1,0,0,0,0,0,1,0,0,0,1,0,0
-0.8341974682095894,-0.980646869760786,1,0,1,0,0.3434652643150849,-0.8811217809799272,0.0,0,0,0,0,1,0,1,0,0,0,0,0,0,1,0
-1.2671931217680497,0.9293763379961972,1,0,0,0,1.2099356846190779,0.8883471122941295,0.0,0,0,0,1,0,0,0,0,1,0,0,0,1,0,0
-0.7033016437697593,-0.0022876356760463154,1,0,1,0,-0.3785934192715759,0.8883471122941295,0.0,0,0,0,1,0,0,1,0,0,0,0,0,1,0,0
-0.4994042751032231,1.655700123688736,1,0,0,0,1.2099356846190779,0.8883471122941295,0.0,0,0,0,1,0,1,0,0,0,0,0,0,1,0,0
0.6659213332835089,1.5024341591079393,0,0,1,0,1.0655239479017458,1.478170076718815,0.0,0,0,0,1,0,0,0,0,1,0,1,0,0,0,0
0.413618486656305,0.1187217912522565,1,0,1,0,-1.2450638395755689,0.2985241478694439,0.0,0,0,0,0,1,0,1,0,0,0,0,1,0,0,0
0.28004803667368616,-1.2260965365478276,1,0,1,0,0.48787700103241705,-0.29129881655524165,0.0,0,0,1,0,0,1,0,0,0,1,0,0,0,0,0
0.30856688706914787,1.4025009573427445,1,0,1,1,1.6431708947710744,-1.4709447454046127,0.0,0,0,1,0,0,0,0,0,1,0,0,0,0,0,1
0.15403296681912818,0.1280401550155771,1,0,1,0,-1.6782990497275654,-1.4709447454046127,0.0,0,0,0,0,1,0,0,1,0,0,0,0,0,0,1
-1.2534249186471316,1.5258119597796558,1,0,1,0,-1.5338873130102333,-0.29129881655524165,0.0,0,0,0,1,0,0,1,0,0,1,0,0,0,0,0
1.3547440459490832,1.0270079642527836,1,0,1,0,0.48787700103241705,1.478170076718815,0.0,0,0,1,0,0,0,0,1,0,0,1,0,0,0,0
-0.36919021795861373,0.644575764105031,1,1,0,0,-0.9562403661409046,-0.8811217809799272,0.0,0,0,0,1,0,0,1,0,0,0,0,0,0,1,0
1.3059679662792183,-0.7944950978191491,1,0,1,0,-0.5230051559889081,1.478170076718815,0.0,0,0,0,1,0,0,0,0,1,0,1,0,0,0,0
-0.054259178719676726,0.55934850922256,1,0,1,0,0.3434652643150849,-1.4709447454046127,0.0,0,0,0,0,1,1,0,0,0,0,0,0,0,0,1
-1.4843167759618667,-1.1170863347430608,1,0,1,0,0.05464179088042058,-1.4709447454046127,0.0,0,0,0,0,1,1,0,0,0,0,0,0,0,0,1
-1.0546810114839558,-0.716034647334649,1,0,1,0,-0.6674168927062403,0.8883471122941295,0.0,0,0,0,0,1,0,0,1,0,0,0,0,1,0,0
-1.0326197210591226,1.5076838200994864,1,0,1,0,-0.3785934192715759,0.2985241478694439,0.0,0,0,1,0,0,1,0,0,0,0,0,1,0,0,0
-1.0685261319407446,-0.40253765071629094,0,0,1,0,-0.5230051559889081,0.2985241478694439,0.0,0,0,1,0,0,1,0,0,0,0,0,1,0,0,0
-0.321746206696334,1.2362272120784594,1,0,1,0,-0.8118286294235724,-0.29129881655524165,0.0,0,0,1,0,0,0,0,1,0,1,0,0,0,0,0
0.12886701301913642,0.9680031539290744,1,0,1,1,0.9211122111844136,-0.8811217809799272,0.0,0,0,0,0,1,1,0,0,0,0,0,0,0,1,0
1.106241614962417,-1.504475111360665,1,0,0,0,0.3434652643150849,-0.8811217809799272,0.0,0,0,0,1,0,0,0,1,0,0,0,0,0,1,0
0.375121360052844,0.1531592225514848,1,0,0,0,-1.6782990497275654,0.2985241478694439,0.0,0,0,1,0,0,0,1,0,0,0,0,1,0,0,0
0.3825788453897963,-0.7789012772383472,1,0,1,0,-0.9562403661409046,0.8883471122941295,0.0,0,0,0,1,0,0,0,0,1,0,0,0,1,0,0
1.1396272349729921,0.8876376540535532,1,1,1,0,1.2099356846190779,0.8883471122941295,0.0,0,0,0,0,1,0,0,0,1,0,0,0,1,0,0
0.005208410636264159,-0.8452073402054724,1,0,0,1,0.6322887377497493,1.478170076718815,0.0,0,0,0,0,1,0,1,0,0,0,1,0,0,0,0
1.3481536287619498,-0.8130370038828891,1,0,0,0,1.35434742133641,0.8883471122941295,0.0,0,0,0,0,1,0,1,0,0,0,0,0,1,0,0
0.7281614429733473,0.7486638699719106,1,0,0,0,1.6431708947710744,1.478170076718815,0.0,0,0,0,1,0,0,0,0,1,0,1,0,0,0,0
-0.7904350003415013,1.6741041076246195,1,0,0,0,-0.5230051559889081,0.2985241478694439,0.0,0,0,0,1,0,0,1,0,0,0,0,1,0,0,0
-1.5315020652762166,0.5862174637556502,1,0,1,0,0.7767004744670813,-0.8811217809799272,0.0,0,0,0,0,1,1,0,0,0,0,0,0,0,1,0
1.2916718305348218,0.9044210529871195,1,0,0,0,0.3434652643150849,-0.8811217809799272,0.0,0,0,0,1,0,1,0,0,0,0,0,0,0,1,0
-1.3122037482227724,-1.581237395645929,1,0,0,0,0.6322887377497493,0.8883471122941295,0.0,0,0,0,1,0,0,0,1,0,0,0,0,1,0,0
-1.7355183061890989,0.4284776501525006,1,0,1,1,-0.3785934192715759,-0.8811217809799272,0.0,0,0,0,0,1,1,0,0,0,0,0,0,0,1,0
0.5803577896120445,0.791324908144597,1,1,1,1,-1.1006521028582368,0.8883471122941295,0.0,0,0,0,0,1,0,1,0,0,0,0,0,1,0,0
-1.0889371958868899,0.5558745956271683,1,0,0,0,1.4987591580537423,1.478170076718815,0.0,0,0,0,0,1,0,0,0,1,0,1,0,0,0,0
-1.225703211550697,-0.4610942141244658,0,0,0,1,1.35434742133641,0.8883471122941295,0.0,0,0,0,0,1,0,0,0,1,0,0,0,1,0,0
-0.08953626594417205,1.1658783067385339,1,0,0,0,0.9211122111844136,0.2985241478694439,0.0,0,0,0,1,0,0,0,0,1,0,0,1,0,0,0
-1.3302933071226277,-1.5646522597711565,1,0,1,0,-1.1006521028582368,-0.8811217809799272,0.0,0,0,0,1,0,0,0,0,1,0,0,0,0,1,0
0.7719378958115938,0.450122804093017,0,0,1,0,0.3434652643150849,-0.8811217809799272,0.0,0,0,0,1,0,1,0,0,0,0,0,0,0,1,0
0.8620290735718317,0.19191534047922734,1,0,0,0,1.6431708947710744,0.2985241478694439,0.0,0,0,1,0,0,0,1,0,0,0,0,1,0,0,0
1.0889107406936533,1.628141558516362,1,0,0,0,-1.1006521028582368,0.2985241478694439,0.0,0,0,1,0,0,0,0,1,0,0,0,1,0,0,0
-1.0940242287819981,0.5455045756389403,1,0,1,0,-0.23418168255424376,-0.8811217809799272,0.0,0,0,0,1,0,0,0,1,0,0,0,0,0,1,0
0.5547617979796826,1.1575684985351653,1,0,0,0,0.48787700103241705,-0.29129881655524165,0.0,0,0,1,0,0,0,0,1,0,1,0,0,0,0,0
-1.150540989434522,-1.3092463393794567,1,0,0,0,-0.6674168927062403,0.8883471122941295,0.0,0,0,1,0,0,1,0,0,0,0,0,0,1,0,0
0.47155821802244335,1.0750393452788918,1,0,0,0,1.2099356846190779,0.2985241478694439,0.0,0,0,1,0,0,1,0,0,0,0,0,1,0,0,0
-1.0571143962915126,-1.3517522151583041,1,0,0,0,1.35434742133641,-1.4709447454046127,0.0,0,0,0,1,0,1,0,0,0,0,0,0,0,0,1
1.0854984079750103,1.6325119659428229,1,0,0,0,-0.3785934192715759,-1.4709447454046127,0.0,0,0,0,1,0,0,0,1,0,0,0,0,0,0,1
-1.5427949286791027,-0.18377591566952722,1,0,1,0,-1.2450638395755689,0.2985241478694439,0.0,0,0,0,0,1,0,0,0,1,0,0,1,0,0,0
0.39015869921563445,-0.5627428223548794,1,0,1,0,1.2099356846190779,1.478170076718815,0.0,0,0,1,0,0,0,0,1,0,0,1,0,0,0,0
1.6251539326888407,0.815969868365997,1,0,0,0,-0.08976994583691159,1.478170076718815,0.0,0,0,0,0,1,0,0,1,0,0,1,0,0,0,0
-0.8791836209665351,0.8077031608275843,1,0,0,1,1.35434742133641,1.478170076718815,0.0,0,0,0,1,0,0,0,1,0,0,1,0,0,0,0
1.4010727558412328,-0.34573959443828944,1,0,1,0,-1.5338873130102333,-0.29129881655524165,0.0,0,0,0,1,0,0,0,0,1,1,0,0,0,0,0
-0.15965690631825352,1.634804921318441,0,0,1,0,-1.389475576292901,-0.8811217809799272,0.0,0,0,0,0,1,0,0,1,0,0,0,0,0,1,0
-0.15570615224851314,-1.405955611406001,1,0,0,0,-1.6782990497275654,0.2985241478694439,0.0,0,0,0,1,0,0,0,1,0,0,0,1,0,0,0
1.080355435199269,0.9746751368641438,0,0,0,0,1.4987591580537423,0.8883471122941295,0.0,0,0,0,0,1,0,1,0,0,0,0,0,1,0,0
0.8545366258094833,0.28964178819871494,1,0,1,0,1.0655239479017458,-1.4709447454046127,0.0,0,0,0,1,0,0,0,0,1,0,0,0,0,0,1
0.15633699065272014,0.21617239471603047,0,0,1,0,-0.5230051559889081,-0.29129881655524165,0.0,0,0,1,0,0,1,0,0,0,1,0,0,0,0,0
-0.9243375933653813,0.2003372104114792,1,0,0,1,1.4987591580537423,-0.8811217809799272,0.0,0,0,0,1,0,1,0,0,0,0,0,0,0,1,0
-0.9832632651276852,0.5682013858043642,1,0,1,0,0.7767004744670813,-1.4709447454046127,0.0,0,0,1,0,0,0,1,0,0,0,0,0,0,0,1
0.6463388788192476,-0.5963785812859406,1,0,1,0,1.0655239479017458,1.478170076718815,0.0,0,0,1,0,0,0,0,1,0,0,1,0,0,0,0
0.5999017854083704,-0.9296243025867852,0,0,1,0,-1.1006521028582368,0.2985241478694439,0.0,0,0,0,0,1,0,0,0,1,0,0,1,0,0,0
-1.6077481225796653,-0.925822823937734,1,0,1,0,1.4987591580537423,-0.29129881655524165,0.0,0,0,0,1,0,1,0,0,0,1,0,0,0,0,0
1.7452288864686298,-1.6442505678104746,1,0,1,1,-0.5230051559889081,1.478170076718815,0.0,0,0,0,0,1,0,1,0,0,0,1,0,0,0,0
1.542093698675725,-0.6869072179579049,0,0,1,0,1.6431708947710744,0.8883471122941295,0.0,0,0,1,0,0,0,1,0,0,0,0,0,1,0,0
0.9434390811062593,0.5093603580074845,1,0,1,0,0.9211122111844136,-0.8811217809799272,0.0,0,0,0,1,0,1,0,0,0,0,0,0,0,1,0
-0.764094309048206,-0.25198702802767375,1,0,1,0,1.35434742133641,-0.8811217809799272,0.0,0,0,0,1,0,1,0,0,0,0,0,0,0,1,0
-1.6461053994815422,1.3162392865013475,1,1,1,0,1.4987591580537423,0.8883471122941295,0.0,0,0,0,0,1,0,0,0,1,0,0,0,1,0,0
-1.6750507914668344,0.7800756345912819,1,1,1,0,-1.1006521028582368,0.2985241478694439,0.0,0,0,1,0,0,0,0,1,0,0,0,1,0,0,0
-0.9037202511094002,1.2510107401581028,0,0,1,0,-0.6674168927062403,0.8883471122941295,0.0,0,0,1,0,0,1,0,0,0,0,0,0,1,0,0
1.1179085763170395,-1.0584694304039486,0,0,0,0,1.0655239479017458,1.478170076718815,0.0,0,0,0,1,0,1,0,0,0,0,1,0,0,0,0
0.16621037958453128,-1.679222447355148,1,0,1,0,0.9211122111844136,-0.29129881655524165,0.0,0,0,0,1,0,0,0,1,0,1,0,0,0,0,0
-1.5932841671933682,-1.5450673176155,1,0,1,1,1.6431708947710744,1.478170076718815,0.0,0,0,0,0,1,0,0,0,1,0,1,0,0,0,0
1.293545816536044,1.2085565851772015,1,0,1,0,1.2099356846190779,-0.29129881655524165,0.0,0,0,0,0,1,1,0,0,0,1,0,0,0,0,0
0.6319098858583463,1.1594821680591776,1,0,1,0,0.3434652643150849,-0.29129881655524165,0.0,0,0,1,0,0,1,0,0,0,1,0,0,0,0,0
1.0075217106144632,-0.3032250985264508,0,0,0,0,-0.08976994583691159,-1.4709447454046127,0.0,0,0,0,0,1,1,0,0,0,0,0,0,0,0,1
-1.6233763267316468,0.2334730016290598,1,0,1,0,0.19905352759775274,0.2985241478694439,0.0,0,0,0,0,1,1,0,0,0,0,0,1,0,0,0
0.35696187630219706,0.5016108584485344,1,0,1,0,1.0655239479017458,1.478170076718815,0.0,0,0,0,1,0,0,0,0,1,0,1,0,0,0,0
-0.4824579875138149,1.0757461961841572,0,0,1,0,0.7767004744670813,0.2985241478694439,0.0,0,0,0,1,0,0,0,1,0,0,0,1,0,0,0
-1.6152335778569342,0.3047097806670632,0,0,0,0,1.4987591580537423,-0.29129881655524165,0.0,0,0,0,1,0,0,0,1,0,1,0,0,0,0,0
0.7285040747422272,0.22941291899027713,1,0,0,0,0.9211122111844136,0.2985241478694439,0.0,0,0,1,0,0,0,0,0,1,0,0,1,0,0,0
0.543724160282187,0.6168447962728362,1,0,0,0,-1.2450638395755689,-0.29129881655524165,0.0,0,0,1,0,0,0,0,1,0,1,0,0,0,0,0
-1.5993431555144833,1.1934541121768896,0,0,1,0,0.48787700103241705,1.478170076718815,0.0,0,0,1,0,0,0,0,1,0,0,1,0,0,0,0
-0.831578782547434,0.47919851267181496,1,0,1,1,0.05464179088042058,-1.4709447454046127,0.0,0,0,0,0,1,1,0,0,0,0,0,0,0,0,1
-0.4827761455849178,-1.069468720100523,1,0,1,1,-0.6674168927062403,0.8883471122941295,0.0,0,0,1,0,0,0,0,0,1,0,0,0,1,0,0
0.41942224927202953,0.44031309274920666,0,0,1,0,1.0655239479017458,-1.4709447454046127,0.0,0,0,1,0,0,1,0,0,0,0,0,0,0,0,1
1.3691275877569695,1.4875299491664211,1,0,0,0,-1.6782990497275654,-0.8811217809799272,0.0,0,0,0,1,0,0,0,1,0,0,0,0,0,1,0
1.1832393644118784,-0.5158148183516253,1,0,0,0,1.2099356846190779,-0.8811217809799272,0.0,0,0,1,0,0,0,0,1,0,0,0,0,0,1,0
1.029369730244381,0.21095721425644792,0,0,1,0,-1.2450638395755689,1.478170076718815,0.0,0,0,1,0,0,0,1,0,0,0,1,0,0,0,0
0.8731331398775795,0.12456624142018542,1,0,1,1,1.2099356846190779,-0.8811217809799272,0.0,0,0,0,1,0,0,0,1,0,0,0,0,0,1,0
-0.8342289343924456,-1.0952084372117863,1,0,1,1,0.7767004744670813,-0.29129881655524165,0.0,0,0,1,0,0,0,0,0,1,1,0,0,0,0,0
-1.1720498735380998,-1.1261547146496411,1,0,1,0,1.6431708947710744,1.478170076718815,0.0,0,0,0,0,1,0,1,0,0,0,1,0,0,0,0
1.275690505886341,-1.3671132921483482,1,1,1,0,-0.3785934192715759,-1.4709447454046127,0.0,0,0,0,0,1,0,1,0,0,0,0,0,0,0,1
0.8669447905824995,-1.3032639670836708,1,0,1,0,1.6431708947710744,0.2985241478694439,0.0,0,0,1,0,0,1,0,0,0,0,0,1,0,0,0
-0.45205466238951236,-0.5884394388011873,1,0,1,0,-1.5338873130102333,0.8883471122941295,0.0,0,0,0,1,0,0,0,1,0,0,0,0,1,0,0
-1.0585898106432208,-0.9860516931461717,0,0,0,1,1.6431708947710744,1.478170076718815,0.0,0,0,0,1,0,0,0,1,0,0,1,0,0,0,0
0.9905614380548964,0.4666648393028342,1,0,1,0,0.6322887377497493,1.478170076718815,0.0,0,0,1,0,0,0,1,0,0,0,1,0,0,0,0
0.0574143042374698,-0.6709944524564341,1,0,1,1,-0.8118286294235724,-0.29129881655524165,0.0,0,0,1,0,0,0,1,0,0,1,0,0,0,0,0
-1.0755745569005648,1.0320593621855363,1,0,0,0,0.7767004744670813,-0.29129881655524165,0.0,0,0,1,0,0,0,1,0,0,1,0,0,0,0,0
0.37939376843622696,0.45843261229638516,1,0,1,1,0.3434652643150849,1.478170076718815,0.0,0,0,1,0,0,1,0,0,0,0,1,0,0,0,0
-0.9702117917273838,1.4810734695561278,1,0,1,0,-1.2450638395755689,0.2985241478694439,0.0,0,0,1,0,0,0,0,1,0,0,0,1,0,0,0
0.27607630514870807,-0.3198878155981425,1,0,1,0,0.05464179088042058,0.8883471122941295,0.0,0,0,1,0,0,1,0,0,0,0,0,0,1,0,0
0.5110133150817529,1.135699221136882,1,0,1,0,-0.23418168255424376,-0.8811217809799272,0.0,0,0,1,0,0,0,1,0,0,0,0,0,0,1,0
0.24063139828231214,-0.292406831622688,1,0,1,0,0.19905352759775274,-0.29129881655524165,0.0,0,0,1,0,0,0,0,0,1,1,0,0,0,0,0
-0.08738258053978268,0.01768521246420716,1,0,0,0,0.7767004744670813,-1.4709447454046127,0.0,0,0,1,0,0,0,1,0,0,0,0,0,0,0,1
0.4670515613889079,1.095236316876912,1,0,1,0,0.9211122111844136,1.478170076718815,0.0,0,0,1,0,0,0,0,1,0,0,1,0,0,0,0
1.5771854850456215,-1.2788000296550825,1,0,0,0,1.6431708947710744,1.478170076718815,0.0,0,0,0,1,0,0,0,1,0,0,1,0,0,0,0
0.5001085346007618,0.0532863617172266,0,0,1,1,-0.23418168255424376,0.8883471122941295,0.0,0,0,0,0,1,0,0,0,1,0,0,0,1,0,0
-1.5264779647468212,0.7728864436767495,1,0,1,0,0.7767004744670813,-0.29129881655524165,0.0,0,0,1,0,0,0,1,0,0,1,0,0,0,0,0
-0.7410785444100639,-1.4754683638457953,1,1,0,1,-1.5338873130102333,-0.8811217809799272,0.0,0,0,1,0,0,1,0,0,0,0,0,0,0,1,0
1.2467311289308904,-1.665542296298358,1,0,1,0,-1.1006521028582368,-0.29129881655524165,0.0,0,0,0,1,0,0,0,1,0,1,0,0,0,0,0
0.6933913109170929,-0.9267020775028206,1,0,0,0,-1.1006521028582368,-1.4709447454046127,0.0,0,0,0,0,1,0,0,1,0,0,0,0,0,0,1
-0.7673912657630423,1.4028802431943501,1,0,1,0,-1.5338873130102333,0.2985241478694439,0.0,0,0,1,0,0,1,0,0,0,0,0,1,0,0,0
-0.28632926977025475,-1.1254392436113845,0,0,1,0,0.05464179088042058,-1.4709447454046127,0.0,0,0,1,0,0,0,0,0,1,0,0,0,0,0,1
1.489454270999609,0.479982944774,1,1,1,1,-0.3785934192715759,1.478170076718815,0.0,0,0,0,0,1,0,0,1,0,0,1,0,0,0,0
-0.1885288772102142,0.00376369768366791,1,0,1,0,-0.08976994583691159,0.2985241478694439,0.0,0,0,1,0,0,0,0,1,0,0,0,1,0,0,0
1.0400682324155364,0.7550772489172488,0,0,0,0,-0.08976994583691159,-0.8811217809799272,0.0,0,0,0,1,0,1,0,0,0,0,0,0,0,1,0
1.2135832534130075,-0.5601740227235478,1,0,0,1,-1.2450638395755689,-0.29129881655524165,0.0,0,0,0,1,0,1,0,0,0,1,0,0,0,0,0
0.6732005102509422,-0.4801360879016864,0,0,1,0,-1.2450638395755689,-0.8811217809799272,0.0,0,0,0,0,1,0,0,0,1,0,0,0,0,1,0
0.427162930254689,0.43505481162466875,1,0,1,0,-1.5338873130102333,-1.4709447454046127,0.0,0,0,0,0,1,1,0,0,0,0,0,0,0,0,1
-0.4681094081313244,-0.14555424598722985,1,0,0,0,-0.9562403661409046,0.2985241478694439,0.0,0,0,0,1,0,0,0,0,1,0,0,1,0,0,0
0.5962796781373519,0.8069790696563364,1,1,1,1,-0.9562403661409046,-0.8811217809799272,0.0,0,0,1,0,0,0,0,1,0,0,0,0,0,1,0
1.3377662921768187,1.2832758979435879,0,0,1,0,-1.389475576292901,-1.4709447454046127,0.0,0,0,1,0,0,0,0,1,0,0,0,0,0,0,1
0.07719604452648846,0.5531592537349892,1,0,1,0,-1.5338873130102333,1.478170076718815,0.0,0,0,0,0,1,0,1,0,0,0,1,0,0,0,0
-1.1569670832222945,-0.9981974605305556,1,0,1,1,-1.1006521028582368,0.8883471122941295,0.0,0,0,0,1,0,0,0,1,0,0,0,0,1,0,0
1.3712008595829484,0.21023312308519995,0,0,1,1,0.6322887377497493,0.2985241478694439,0.0,0,0,1,0,0,0,1,0,0,0,0,1,0,0,0
0.2427571137463851,-1.0312470504182256,0,0,1,0,1.35434742133641,-0.8811217809799272,0.0,0,0,1,0,0,0,0,0,1,0,0,0,0,1,0
1.4388391677539187,-0.5229867690001757,1,0,1,1,-0.8118286294235724,1.478170076718815,0.0,0,0,0,1,0,0,0,0,1,0,1,0,0,0,0
-1.1500060643259644,0.3235792517844627,1,0,1,1,-1.1006521028582368,0.8883471122941295,0.0,0,0,0,0,1,0,0,1,0,0,0,0,1,0,0
1.50878849224356,1.6829569842064234,1,0,1,0,0.7767004744670813,-0.29129881655524165,0.0,0,0,0,0,1,0,1,0,0,1,0,0,0,0,0
-1.3827963813396988,-1.1423950452047718,1,0,1,0,0.48787700103241705,-0.29129881655524165,0.0,0,0,0,0,1,0,0,0,1,1,0,0,0,0,0
1.4596278258943396,-1.2394318822849757,1,0,1,0,-0.5230051559889081,-0.8811217809799272,0.0,0,0,0,1,0,0,0,1,0,0,0,0,0,1,0
1.3410737376192736,-1.5356110317243228,0,0,0,0,1.4987591580537423,-0.8811217809799272,0.0,0,0,0,0,1,1,0,0,0,0,0,0,0,1,0
-1.3050119773188293,-0.46211138981740946,1,0,1,0,-1.1006521028582368,0.2985241478694439,0.0,0,0,0,0,1,0,0,0,1,0,0,1,0,0,0
0.5384063753794657,0.6667467461580013,1,0,1,0,-0.3785934192715759,-0.29129881655524165,0.0,0,0,0,1,0,0,0,0,1,1,0,0,0,0,0
0.600405244334072,-1.5702639663483273,1,0,1,0,0.7767004744670813,-0.29129881655524165,0.0,0,0,0,1,0,1,0,0,0,1,0,0,0,0,0
-1.7200719066491763,1.5012790612871392,1,0,1,0,0.48787700103241705,0.2985241478694439,0.0,0,0,1,0,0,0,0,0,1,0,0,1,0,0,0
-1.520163750720316,0.011582158306546315,1,0,1,0,-1.5338873130102333,1.478170076718815,0.0,0,0,1,0,0,0,0,0,1,0,1,0,0,0,0
0.8569839955871985,-0.548545463318627,1,0,1,0,0.3434652643150849,-0.29129881655524165,0.0,0,0,0,1,0,0,1,0,0,1,0,0,0,0,0
0.33879540006647074,-0.5853361909244108,0,0,0,0,-1.6782990497275654,0.8883471122941295,0.0,0,0,0,0,1,0,1,0,0,0,0,0,1,0,0
1.1409837770783546,-0.5374772125581239,1,0,1,1,-1.2450638395755689,-1.4709447454046127,0.0,0,0,0,1,0,0,0,1,0,0,0,0,0,0,1
0.5155619266257636,1.1068648762818334,1,0,1,0,0.9211122111844136,-0.8811217809799272,0.0,0,0,1,0,0,0,0,0,1,0,0,0,0,1,0
1.7282581251814442,0.6915641090392225,0,0,1,0,1.35434742133641,0.8883471122941295,0.0,0,0,1,0,0,0,1,0,0,0,0,0,1,0,0
-0.39686647390203367,-0.7437225145018885,1,0,0,0,0.6322887377497493,0.2985241478694439,0.0,0,0,0,1,0,0,0,1,0,0,0,1,0,0,0
-1.1029046848325648,-1.3886205239610077,1,0,1,1,1.0655239479017458,0.8883471122941295,0.0,0,0,0,1,0,0,0,1,0,0,0,0,1,0,0
-1.101114608652293,-1.3245987962365096,1,0,1,1,-1.1006521028582368,-0.8811217809799272,0.0,0,0,1,0,0,1,0,0,0,0,0,0,0,1,0
-1.2438312291184876,-1.1296027678460596,1,0,1,0,-1.389475576292901,-0.8811217809799272,0.0,0,0,0,1,0,1,0,0,0,0,0,0,0,1,0
-1.71170190200939,-1.3265383261594947,1,0,0,0,-0.9562403661409046,0.2985241478694439,0.0,0,0,0,0,1,1,0,0,0,0,0,1,0,0,0
-1.594997326037769,1.116743548689572,1,0,1,0,0.3434652643150849,-1.4709447454046127,0.0,0,0,0,0,1,1,0,0,0,0,0,0,0,0,1
0.4894449948550025,-0.5433561432580173,1,0,1,0,-0.6674168927062403,0.2985241478694439,0.0,0,0,1,0,0,0,1,0,0,0,0,1,0,0,0
-0.4363530371441994,1.6277881330637294,1,0,0,0,-1.389475576292901,-0.29129881655524165,0.0,0,0,1,0,0,1,0,0,0,1,0,0,0,0,0
1.3504261864126854,0.12785051208977388,1,1,0,1,-0.6674168927062403,0.2985241478694439,0.0,0,0,0,1,0,0,0,1,0,0,0,1,0,0,0
-0.982182926182951,0.8820345676093734,1,0,1,1,1.6431708947710744,-1.4709447454046127,0.0,0,0,0,0,1,1,0,0,0,0,0,0,0,0,1
0.17715711497599773,1.295913012908461,0,0,1,0,0.05464179088042058,-0.8811217809799272,0.0,0,0,0,1,0,1,0,0,0,0,0,0,0,1,0
0.16488530366202547,0.7240792506814476,1,0,1,0,-0.23418168255424376,-0.29129881655524165,0.0,0,0,0,0,1,0,0,1,0,1,0,0,0,0,0
0.20618641678224003,-1.2601460618624591,1,1,0,0,-0.5230051559889081,0.2985241478694439,0.0,0,0,0,1,0,0,1,0,0,0,0,1,0,0,0
-0.1293409872574408,-1.082950608098519,1,0,1,0,1.6431708947710744,-1.4709447454046127,0.0,0,0,1,0,0,0,0,1,0,0,0,0,0,0,1
-0.2083420836820889,1.5742743474553162,1,0,1,0,-0.6674168927062403,-0.29129881655524165,0.0,0,0,1,0,0,0,1,0,0,1,0,0,0,0,0
0.37707925587501634,0.14894397751886349,1,0,0,0,0.9211122111844136,1.478170076718815,0.0,0,0,0,1,0,0,0,1,0,0,1,0,0,0,0
1.7268526356805274,-0.7279218107293014,1,0,1,0,-0.5230051559889081,-0.8811217809799272,0.0,0,0,1,0,0,0,0,0,1,0,0,0,0,1,0
-0.19225587175742048,-0.6862865683825498,1,0,0,0,1.2099356846190779,-1.4709447454046127,0.0,0,0,0,1,0,1,0,0,0,0,0,0,0,0,1
-0.008947875406548655,0.7349837189151207,1,0,1,0,-1.1006521028582368,1.478170076718815,0.0,0,0,0,0,1,0,0,0,1,0,1,0,0,0,0
-0.41133042928833075,-1.265197459795212,1,0,1,0,-1.6782990497275654,-1.4709447454046127,0.0,0,0,0,0,1,0,0,1,0,0,0,0,0,0,1
-0.07247809859349681,0.8955681764053153,0,0,0,0,-1.5338873130102333,-0.8811217809799272,0.0,0,0,0,0,1,1,0,0,0,0,0,0,0,1,0
1.2148488932123405,-1.690333798780606,0,0,0,0,1.35434742133641,1.478170076718815,0.0,0,0,1,0,0,0,0,0,1,0,1,0,0,0,0
0.6484296318579241,-1.1712380101928115,1,0,0,0,0.7767004744670813,1.478170076718815,0.0,0,0,0,0,1,1,0,0,0,0,1,0,0,0,0
0.5920142622390483,-1.335606706066075,1,0,1,0,0.6322887377497493,0.8883471122941295,0.0,0,0,0,1,0,0,1,0,0,0,0,0,1,0,0
-1.2958623105927138,-1.543739817134879,0,0,0,0,0.05464179088042058,0.8883471122941295,0.0,0,0,0,1,0,1,0,0,0,0,0,0,1,0,0
1.6578962440721308,-1.1427657109233869,1,0,0,0,1.35434742133641,-0.29129881655524165,0.0,0,0,0,1,0,1,0,0,0,1,0,0,0,0,0
-0.19820997280234762,0.8113839576147609,1,0,0,0,1.35434742133641,1.478170076718815,0.0,0,0,0,1,0,0,0,1,0,0,1,0,0,0,0
0.19276434167274162,1.0941588002530311,0,0,0,0,0.48787700103241705,-0.8811217809799272,0.0,0,0,0,0,1,0,0,1,0,0,0,0,0,1,0
-1.288485238834172,-1.6433971746443612,0,0,1,1,-0.9562403661409046,-0.8811217809799272,0.0,0,0,1,0,0,0,1,0,0,0,0,0,0,1,0
-1.5082555486304614,0.9737269222351284,1,1,1,0,-1.1006521028582368,1.478170076718815,0.0,0,0,0,0,1,0,0,1,0,0,1,0,0,0,0
-0.7666990097402029,-1.510517824587388,1,0,1,0,0.3434652643150849,-0.29129881655524165,0.0,0,0,1,0,0,0,0,1,0,1,0,0,0,0,0
-1.2235949772993222,-0.2097483763715487,1,0,1,0,-1.1006521028582368,0.8883471122941295,0.0,0,0,0,1,0,0,0,0,1,0,0,0,1,0,0
-1.3893902947693717,-1.4583746401245512,1,0,0,0,0.05464179088042058,-0.8811217809799272,0.0,0,0,1,0,0,1,0,0,0,0,0,0,0,1,0
-1.383180968019054,-0.2623829084148751,1,0,1,0,0.48787700103241705,1.478170076718815,0.0,0,0,1,0,0,0,1,0,0,0,1,0,0,0,0
1.0375684189997272,1.520691600782975,1,0,1,0,-0.5230051559889081,-1.4709447454046127,0.0,0,0,0,0,1,0,0,0,1,0,0,0,0,0,1
1.5505476131364613,0.6455325988670372,1,0,1,0,1.6431708947710744,0.2985241478694439,0.0,0,0,1,0,0,0,0,0,1,0,0,1,0,0,0
-0.1538321662472913,-0.6662878598433231,1,0,1,0,1.35434742133641,0.2985241478694439,0.0,0,0,0,1,0,0,0,0,1,0,0,1,0,0,0
1.2831549837083727,-0.26042613822590766,1,0,1,0,0.9211122111844136,-0.8811217809799272,0.0,0,0,0,0,1,0,0,1,0,0,0,0,0,1,0
1.471133960092141,-1.0056969762327654,1,0,1,0,0.05464179088042058,0.2985241478694439,0.0,0,0,0,0,1,1,0,0,0,0,0,1,0,0,0
-1.59232270049498,-1.5406279491251116,1,0,1,1,1.2099356846190779,1.478170076718815,0.0,0,0,0,0,1,0,0,1,0,0,1,0,0,0,0
-0.3355353872724896,-1.3242195103849035,1,0,1,1,-1.6782990497275654,-1.4709447454046127,0.0,0,0,1,0,0,0,1,0,0,0,0,0,0,0,1
0.7006879690972239,-1.319788762027506,1,0,0,1,-1.2450638395755689,0.2985241478694439,0.0,0,0,0,1,0,0,0,1,0,0,0,1,0,0,0
0.3510182639848886,-0.6784077668287335,1,0,0,0,-0.9562403661409046,-0.29129881655524165,0.0,0,0,1,0,0,0,0,1,0,1,0,0,0,0,0
1.040449322852352,1.6488729783598277,1,0,1,0,1.4987591580537423,-0.29129881655524165,0.0,0,0,1,0,0,0,0,1,0,1,0,0,0,0,0
1.1122376709178192,0.25283382032694895,1,0,1,0,-0.6674168927062403,-0.8811217809799272,0.0,0,0,1,0,0,1,0,0,0,0,0,0,0,1,0
0.8964321001614287,-1.324116068789011,0,0,1,0,0.3434652643150849,1.478170076718815,0.0,0,0,1,0,0,0,0,1,0,0,1,0,0,0,0
0.8103126539261689,1.4619712548479702,0,0,1,0,-0.08976994583691159,-0.29129881655524165,0.0,0,0,0,0,1,0,0,0,1,1,0,0,0,0,0
0.25818603207360963,0.3037012251071108,0,0,1,0,0.3434652643150849,-0.8811217809799272,0.0,0,0,1,0,0,0,0,1,0,0,0,0,0,1,0
-1.380251116770875,-0.9059189368614089,1,0,1,0,1.2099356846190779,-1.4709447454046127,0.0,0,0,0,0,1,0,0,1,0,0,0,0,0,0,1
-1.2595608243041176,1.516588417479237,0,0,0,0,-1.2450638395755689,0.2985241478694439,0.0,0,0,1,0,0,1,0,0,0,0,0,1,0,0,0
-0.1710231908144708,-1.4638656648398476,1,0,0,1,0.19905352759775274,0.2985241478694439,0.0,0,0,1,0,0,0,0,1,0,0,0,1,0,0,0
0.23235928843363465,-1.7031605566712824,1,0,1,0,0.6322887377497493,0.8883471122941295,0.0,0,0,0,1,0,0,0,0,1,0,0,0,1,0,0
0.6397904165425894,0.8805174242029491,1,0,1,1,0.48787700103241705,0.2985241478694439,0.0,0,0,1,0,0,1,0,0,0,0,0,1,0,0,0
0.33182389244252203,-0.7680830103345845,1,0,1,0,-0.6674168927062403,-1.4709447454046127,0.0,0,0,0,0,1,0,0,1,0,0,0,0,0,0,1
1.183882673039163,-1.3091687581825373,1,1,1,0,0.7767004744670813,-1.4709447454046127,0.0,0,0,1,0,0,0,0,1,0,0,0,0,0,0,1
1.7299992539661613,0.37419667270788454,1,0,1,0,-0.9562403661409046,0.8883471122941295,0.0,0,0,0,0,1,0,0,0,1,0,0,0,1,0,0
-0.7251706408549149,-0.8308289583764078,0,0,0,1,0.6322887377497493,-0.8811217809799272,0.0,0,0,0,0,1,0,0,0,1,0,0,0,0,1,0
0.06179159989704065,-1.0056969762327654,1,0,1,0,1.35434742133641,-0.29129881655524165,0.0,0,0,0,1,0,0,1,0,0,1,0,0,0,0,0
-1.1715324296422396,-1.698393623127234,1,0,1,0,1.2099356846190779,0.2985241478694439,0.0,0,0,1,0,0,1,0,0,0,0,0,1,0,0,0
-1.1671970888931442,0.412616605448976,0,0,0,0,-1.5338873130102333,0.2985241478694439,0.0,0,0,1,0,0,0,0,0,1,0,0,1,0,0,0
-0.959174154029888,1.2568724305920143,1,0,1,0,-0.08976994583691159,-0.8811217809799272,0.0,0,0,0,0,1,0,1,0,0,0,0,0,0,1,0
0.03339162174792488,-0.664029384999669,0,1,0,0,-0.08976994583691159,-0.8811217809799272,0.0,0,0,0,1,0,0,0,0,1,0,0,0,0,1,0
1.2894552127647196,0.47349198463174264,1,0,1,0,-1.1006521028582368,0.8883471122941295,0.0,0,0,1,0,0,0,0,1,0,0,0,0,1,0,0
1.2957904042464623,-0.17011300487871953,1,0,1,1,-1.389475576292901,1.478170076718815,0.0,0,0,0,1,0,0,0,0,1,0,1,0,0,0,0
-1.7250190898427005,-1.0136016381855546,0,0,0,0,0.7767004744670813,0.2985241478694439,0.0,0,0,0,1,0,0,0,1,0,0,0,1,0,0,0
-0.6405161202437445,-1.5067939271352564,0,0,1,0,1.0655239479017458,-0.8811217809799272,0.0,0,0,0,1,0,0,0,1,0,0,0,0,0,1,0
-0.5832756373855247,1.216556068592893,0,0,1,0,-0.6674168927062403,-0.8811217809799272,0.0,0,0,1,0,0,0,0,1,0,0,0,0,0,1,0
-0.4554495138954574,-1.5826510974564605,1,0,1,1,-1.389475576292901,-0.8811217809799272,0.0,0,0,1,0,0,0,0,1,0,0,0,0,0,1,0
1.0341106351280696,-0.15646733435389387,1,0,0,0,-1.1006521028582368,0.2985241478694439,0.0,0,0,0,1,0,1,0,0,0,0,0,1,0,0,0
-0.6970188959261103,0.6373607127915256,1,0,0,0,-0.3785934192715759,-0.29129881655524165,0.0,0,0,0,1,0,0,0,0,1,1,0,0,0,0,0
-1.288278960524336,-1.5978742523186473,0,0,0,0,-0.8118286294235724,1.478170076718815,0.0,0,0,0,1,0,0,1,0,0,0,1,0,0,0,0
0.7226198985480919,0.8111598341569936,1,0,0,0,-0.23418168255424376,-0.8811217809799272,0.0,0,0,0,0,1,0,0,0,1,0,0,0,0,1,0
-0.23398702271000488,1.7204976633824285,1,0,1,0,0.3434652643150849,0.2985241478694439,0.0,0,0,1,0,0,0,0,1,0,0,0,1,0,0,0
0.004771380318815008,1.4215255908539826,1,0,0,0,-1.5338873130102333,-1.4709447454046127,0.0,0,0,1,0,0,0,0,1,0,0,0,0,0,0,1
1.7300062464512407,-0.6973030983451063,1,0,0,0,-1.5338873130102333,-0.8811217809799272,0.0,0,0,0,0,1,0,1,0,0,0,0,0,0,1,0
0.7964535484992213,0.4032292806217271,1,0,1,0,1.35434742133641,-0.8811217809799272,0.0,0,0,1,0,0,0,0,0,1,0,0,0,0,1,0
-0.1307185068180404,-0.27307187332377214,1,0,1,0,-1.389475576292901,-0.29129881655524165,0.0,0,0,0,1,0,0,1,0,0,1,0,0,0,0,0
-1.0788924910706388,-0.5869912564586917,1,0,1,1,-0.08976994583691159,0.8883471122941295,0.0,0,0,1,0,0,0,0,1,0,0,0,0,1,0,0
-0.7135771005936239,-0.5594068308873448,0,0,1,0,0.48787700103241705,1.478170076718815,0.0,0,0,0,1,0,0,0,1,0,0,1,0,0,0,0
0.5792949318800082,-0.6670033308815797,1,0,1,0,1.2099356846190779,0.8883471122941295,0.0,0,0,1,0,0,0,0,1,0,0,0,0,1,0,0
1.034732966300117,1.0344729994230293,0,1,1,0,-0.8118286294235724,0.2985241478694439,0.0,0,0,0,1,0,0,0,0,1,0,0,1,0,0,0
1.3013704073396533,1.151620606771344,1,0,1,0,0.19905352759775274,0.2985241478694439,0.0,0,0,0,1,0,0,0,0,1,0,0,1,0,0,0
-1.4056513188210196,-0.6620295141457463,1,0,0,0,0.3434652643150849,1.478170076718815,0.0,0,0,1,0,0,0,0,0,1,0,1,0,0,0,0
-0.22927408776663338,-1.2692834028329678,1,0,0,0,-1.2450638395755689,1.478170076718815,0.0,0,0,1,0,0,0,1,0,0,0,1,0,0,0,0
-0.2136878385251269,-0.7842198992938223,1,0,1,0,-0.5230051559889081,-0.8811217809799272,0.0,0,0,0,0,1,1,0,0,0,0,0,0,0,1,0
-0.4799756553107038,-0.6648138171018542,1,0,1,1,-0.5230051559889081,0.2985241478694439,0.0,0,0,0,1,0,0,1,0,0,0,0,1,0,0,0
-1.0559955986788427,-0.4684644278318102,1,0,1,1,1.0655239479017458,0.8883471122941295,0.0,0,0,1,0,0,1,0,0,0,0,0,0,1,0,0
0.8133194225102189,0.467983719650464,1,0,1,0,1.6431708947710744,0.8883471122941295,0.0,0,0,0,1,0,1,0,0,0,0,0,0,1,0,0
-0.3647499899333304,1.4158449232128831,1,0,0,0,1.0655239479017458,-0.29129881655524165,0.0,0,0,0,1,0,0,0,0,1,1,0,0,0,0,0
-0.8990457748339641,1.1391817548652643,1,0,0,0,-0.23418168255424376,-0.8811217809799272,0.0,0,0,1,0,0,0,0,1,0,0,0,0,0,1,0
1.5343005740549713,-0.3319732420515889,1,0,1,0,0.6322887377497493,0.8883471122941295,0.0,0,0,1,0,0,1,0,0,0,0,0,0,1,0,0
0.2504173811506338,1.1457589163374324,1,0,0,0,-1.2450638395755689,-1.4709447454046127,0.0,0,0,1,0,0,0,1,0,0,0,0,0,0,0,1
-0.26079970674614533,1.6041172478703172,1,0,1,0,-0.5230051559889081,0.2985241478694439,0.0,0,0,1,0,0,1,0,0,0,0,0,1,0,0,0
-1.242429235860111,0.5694857856200298,1,0,0,0,1.0655239479017458,-1.4709447454046127,0.0,0,0,1,0,0,1,0,0,0,0,0,0,0,0,1
0.4717575038472004,-1.0135585375205993,1,0,1,1,-0.8118286294235724,-0.29129881655524165,0.0,0,0,0,0,1,1,0,0,0,1,0,0,0,0,0
-0.8327814899810542,0.5288246183012665,1,0,0,1,-0.6674168927062403,-0.8811217809799272,0.0,0,0,1,0,0,0,0,0,1,0,0,0,0,1,0
1.7460260297676566,-1.4053694423626097,1,0,1,0,-0.23418168255424376,1.478170076718815,0.0,0,0,0,1,0,0,1,0,0,0,1,0,0,0,0
-0.366739351938359,-0.6685808152189415,1,0,0,1,-0.3785934192715759,-1.4709447454046127,0.0,0,0,0,1,0,1,0,0,0,0,0,0,0,0,1
0.3885644126175801,0.15391779425469695,1,0,1,0,-1.389475576292901,-0.29129881655524165,0.0,0,0,0,0,1,0,0,0,1,1,0,0,0,0,0
1.1015111988063473,1.653458889111064,1,0,0,0,1.2099356846190779,0.8883471122941295,0.0,0,0,0,1,0,0,0,0,1,0,0,0,1,0,0
-0.6747163647660454,1.6364772271187036,0,0,1,1,0.48787700103241705,-0.8811217809799272,0.0,0,0,0,1,0,0,1,0,0,0,0,0,0,1,0
1.1258415506393766,-1.69201472471386,1,0,0,0,1.0655239479017458,1.478170076718815,0.0,0,0,0,0,1,0,0,0,1,0,1,0,0,0,0
0.9008163883060786,-0.9116427051674634,0,0,1,0,0.7767004744670813,-0.29129881655524165,0.0,0,0,0,0,1,0,1,0,0,1,0,0,0,0,0
1.6341532609857534,1.021896225389093,1,0,1,0,0.3434652643150849,1.478170076718815,0.0,0,0,1,0,0,0,1,0,0,0,1,0,0,0,0
0.5125971129521885,1.4894608589564151,0,0,0,1,-0.3785934192715759,-0.29129881655524165,0.0,0,0,1,0,0,0,1,0,0,1,0,0,0,0,0
0.531424379027898,-0.08191180411433745,1,0,1,0,0.7767004744670813,0.2985241478694439,0.0,0,0,0,0,1,0,1,0,0,0,0,1,0,0,0
1.077191335700937,-0.35458385088710237,1,0,1,0,0.19905352759775274,-0.29129881655524165,0.0,0,0,1,0,0,0,0,1,0,1,0,0,0,0,0
0.4588458801484826,1.372994242114394,1,0,0,0,-0.3785934192715759,-0.8811217809799272,0.0,0,0,1,0,0,0,1,0,0,0,0,0,0,1,0
1.110486053405483,-1.6948248880689412,1,0,1,0,0.9211122111844136,1.478170076718815,0.0,0,0,0,1,0,0,1,0,0,0,1,0,0,0,0
-1.168256450382641,-1.3678029027876317,1,0,1,0,1.2099356846190779,-0.8811217809799272,0.0,0,0,1,0,0,0,1,0,0,0,0,0,0,1,0
1.6736118542876026,1.5967384140299823,1,0,1,0,-0.8118286294235724,1.478170076718815,0.0,0,0,0,0,1,0,1,0,0,0,1,0,0,0,0
0.010078676493917596,-1.3619843130186757,1,0,0,0,0.7767004744670813,0.8883471122941295,0.0,0,0,1,0,0,1,0,0,0,0,0,0,1,0,0
-0.27982975488915096,-1.4570471396439302,1,0,1,0,-1.389475576292901,-1.4709447454046127,0.0,0,0,0,0,1,0,0,0,1,0,0,0,0,0,1
0.5532828873854345,-1.5063025795547664,0,0,0,0,1.2099356846190779,0.8883471122941295,0.0,0,0,0,1,0,0,0,0,1,0,0,0,1,0,0
-0.8036787670814802,-0.5379426997396403,1,0,0,0,-0.9562403661409046,0.8883471122941295,0.0,0,0,1,0,0,1,0,0,0,0,0,0,1,0,0
0.4097096874970397,-1.0520301910596375,1,0,1,0,1.2099356846190779,1.478170076718815,0.0,0,0,1,0,0,0,0,1,0,0,1,0,0,0,0
-0.9436927920645694,-0.23536741162093702,0,0,0,0,0.48787700103241705,-0.8811217809799272,0.0,0,0,0,0,1,1,0,0,0,0,0,0,0,1,0
1.4263505894024915,1.0999256692240413,1,0,0,0,-0.08976994583691159,0.2985241478694439,0.0,0,0,0,0,1,0,1,0,0,0,0,1,0,0,0
-0.6735171535749648,1.168412625837901,0,1,1,0,-0.8118286294235724,0.2985241478694439,0.0,0,0,1,0,0,0,0,0,1,0,0,1,0,0,0
0.7163406469469825,1.128622091951233,1,0,0,0,1.0655239479017458,-0.29129881655524165,0.0,0,0,1,0,0,0,1,0,0,1,0,0,0,0,0
-0.8439939398055296,0.9351518271001983,1,0,1,1,-0.8118286294235724,-1.4709447454046127,0.0,0,0,0,1,0,1,0,0,0,0,0,0,0,0,1
0.9571408556189251,1.4105090608914261,1,0,1,0,-0.6674168927062403,0.2985241478694439,0.0,0,0,0,1,0,1,0,0,0,0,0,1,0,0,0
0.31348260407981604,-1.603227354906087,1,0,1,0,0.7767004744670813,1.478170076718815,0.0,0,0,1,0,0,0,0,1,0,0,1,0,0,0,0
1.3262951204044129,0.09956785574615223,1,0,0,1,-0.6674168927062403,0.8883471122941295,0.0,0,0,1,0,0,0,0,0,1,0,0,0,1,0,0
1.2184395343005023,-0.5573552392354757,1,0,0,0,0.05464179088042058,0.2985241478694439,0.0,0,0,0,1,0,1,0,0,0,0,0,1,0,0,0
0.8328913882468618,0.8015397657389864,1,0,1,0,-1.5338873130102333,-1.4709447454046127,0.0,0,0,0,1,0,1,0,0,0,0,0,0,0,0,1
-1.5440745534485938,0.6098021476191516,0,0,1,0,-0.6674168927062403,1.478170076718815,0.0,0,0,1,0,0,1,0,0,0,0,1,0,0,0,0
0.34744160786688455,-1.268947217646317,1,1,0,0,0.7767004744670813,-0.8811217809799272,0.0,0,0,0,1,0,0,0,1,0,0,0,0,0,1,0
1.2460703390909076,-0.5873274416453423,1,0,1,0,1.35434742133641,0.8883471122941295,0.0,0,0,1,0,0,0,0,1,0,0,0,0,1,0,0
-0.2845566748026811,-0.1525624141089499,0,0,1,0,-1.389475576292901,-0.8811217809799272,0.0,0,0,1,0,0,1,0,0,0,0,0,0,0,1,0
-0.24800345905123408,-0.020346814292287768,1,0,1,0,0.7767004744670813,-0.8811217809799272,0.0,0,0,1,0,0,0,0,1,0,0,0,0,0,1,0
-1.1506493729532496,-0.49217841369017734,1,0,1,0,-0.8118286294235724,1.478170076718815,0.0,0,0,1,0,0,0,1,0,0,0,1,0,0,0,0
-1.5154438232918652,-1.3249522216891425,0,0,1,0,0.3434652643150849,1.478170076718815,0.0,0,0,0,0,1,0,0,0,1,0,1,0,0,0,0
-1.0434056292937677,1.5183038239444548,0,0,0,0,1.0655239479017458,0.2985241478694439,0.0,0,0,0,0,1,0,0,0,1,0,0,1,0,0,0
0.016704056106446655,-1.2071150037015446,1,1,1,0,-1.6782990497275654,0.8883471122941295,0.0,0,0,0,0,1,0,0,1,0,0,0,0,1,0,0
-0.7158531544868989,0.09422337329170391,1,0,1,1,-0.23418168255424376,-1.4709447454046127,0.0,0,0,1,0,0,0,1,0,0,0,0,0,0,0,1
0.28089412736826774,-1.7086860619185429,1,0,1,1,-0.8118286294235724,-0.8811217809799272,0.0,0,0,1,0,0,1,0,0,0,0,0,0,0,1,0
-1.126221126329112,-0.9275468505359431,1,0,0,0,-0.23418168255424376,1.478170076718815,0.0,0,0,0,0,1,0,1,0,0,0,1,0,0,0,0
-0.8400222082805516,1.0415932292736334,1,0,1,0,1.0655239479017458,0.2985241478694439,0.0,0,0,0,0,1,1,0,0,0,0,0,1,0,0,0
1.694477429763895,0.9218509618950141,0,0,1,0,0.9211122111844136,0.8883471122941295,0.0,0,0,1,0,0,0,1,0,0,0,0,0,1,0,0
0.797512909988718,1.292352897983159,1,0,0,1,1.35434742133641,0.8883471122941295,0.0,0,0,0,0,1,0,0,1,0,0,0,0,1,0,0
-1.526635295661103,-1.053883519652712,1,0,0,0,1.2099356846190779,-0.8811217809799272,0.0,0,0,0,1,0,0,1,0,0,0,0,0,0,1,0
1.074705507255286,1.4839612141081284,1,0,1,0,-1.6782990497275654,-0.29129881655524165,0.0,0,0,0,0,1,0,0,1,0,1,0,0,0,0,0
0.8008483253714899,-0.7092075020057407,1,0,0,0,0.48787700103241705,1.478170076718815,0.0,0,0,0,0,1,1,0,0,0,0,1,0,0,0,0
0.9236783182724786,-1.1748153653840954,1,0,1,0,1.4987591580537423,0.2985241478694439,0.0,0,0,1,0,0,1,0,0,0,0,0,1,0,0,0
-1.6427455104009934,-0.46836098623591776,1,0,1,1,0.3434652643150849,-0.8811217809799272,0.0,0,0,0,0,1,0,0,1,0,0,0,0,0,1,0
0.5360359229376213,1.5609993426491058,1,0,1,0,-0.6674168927062403,0.2985241478694439,0.0,0,0,0,1,0,0,1,0,0,0,0,1,0,0,0
-0.19208105963044084,-1.0171876135098297,1,0,1,1,-1.6782990497275654,-1.4709447454046127,0.0,0,0,0,1,0,0,0,0,1,0,0,0,0,0,1
-0.926033270997084,-0.26623610786187285,1,0,1,1,-0.9562403661409046,-1.4709447454046127,0.0,0,0,1,0,0,0,0,1,0,0,0,0,0,0,1
0.9452326535290706,0.22502527129783462,1,0,1,0,1.6431708947710744,0.2985241478694439,0.0,0,0,0,0,1,0,1,0,0,0,0,1,0,0,0
-0.6373170583200167,0.03688224863526642,1,0,1,0,-1.6782990497275654,0.8883471122941295,0.0,0,0,1,0,0,0,0,0,1,0,0,0,1,0,0
0.9208533543004873,-1.3992663882049494,1,0,0,0,1.0655239479017458,-0.8811217809799272,0.0,0,0,1,0,0,1,0,0,0,0,0,0,0,1,0
0.2598222735821394,-1.5780220860402687,1,0,1,0,0.05464179088042058,1.478170076718815,0.0,0,0,1,0,0,0,0,0,1,0,1,0,0,0,0
1.163216383387628,1.3556763949353825,1,0,0,0,-1.5338873130102333,1.478170076718815,0.0,0,0,1,0,0,0,1,0,0,0,1,0,0,0,0
-0.04495218107927965,1.5572151042660365,0,0,0,1,-0.23418168255424376,0.2985241478694439,0.0,0,0,0,1,0,0,0,1,0,0,0,1,0,0,0
-0.3875804537168741,0.4540363444709518,1,0,1,0,-1.2450638395755689,-0.8811217809799272,0.0,0,0,1,0,0,0,0,0,1,0,0,0,0,1,0
0.1253532892668452,0.5923463783122835,1,0,1,1,-0.23418168255424376,-1.4709447454046127,0.0,0,0,0,1,0,0,0,0,1,0,0,0,0,0,1
0.539811864880382,0.5036452098344213,1,1,1,0,1.2099356846190779,0.2985241478694439,0.0,0,0,1,0,0,0,0,0,1,0,0,1,0,0,0
1.368274504577309,0.31442467054797196,0,0,0,0,-1.389475576292901,-1.4709447454046127,0.0,0,0,1,0,0,0,0,1,0,0,0,0,0,0,1
-1.6936997491730246,-0.8643181750466211,1,0,0,1,0.19905352759775274,-1.4709447454046127,0.0,0,0,0,0,1,0,0,0,1,0,0,0,0,0,1
1.5689168714394837,0.3916696822807346,0,0,1,0,-0.6674168927062403,1.478170076718815,0.0,0,0,0,0,1,0,0,1,0,0,1,0,0,0,0
-1.5788691592026256,0.6300422198821274,1,0,1,0,-0.23418168255424376,-0.29129881655524165,0.0,0,0,1,0,0,0,1,0,0,1,0,0,0,0,0
-0.518640601556065,0.04995899038268316,1,0,1,1,-0.8118286294235724,-1.4709447454046127,0.0,0,0,0,0,1,1,0,0,0,0,0,0,0,0,1
-0.2833679523392196,0.07953466667496169,1,0,0,0,-0.9562403661409046,-0.8811217809799272,0.0,0,0,1,0,0,1,0,0,0,0,0,0,0,1,0
0.26300035805062966,0.1745630127682518,1,0,1,0,0.48787700103241705,-0.29129881655524165,0.0,0,0,0,1,0,0,1,0,0,1,0,0,0,0,0
0.32368114356780947,0.8726386226491332,1,0,1,0,0.6322887377497493,1.478170076718815,0.0,0,0,0,0,1,0,0,1,0,0,1,0,0,0,0
-1.0297597946617352,0.8556655807897637,1,0,1,1,0.6322887377497493,0.2985241478694439,0.0,0,0,1,0,0,0,0,1,0,0,0,1,0,0,0
-0.793574626142056,-0.24105669939502766,1,0,1,0,0.6322887377497493,-1.4709447454046127,0.0,0,0,0,1,0,1,0,0,0,0,0,0,0,0,1
-0.2836511479849264,-0.3564285593471861,1,0,1,0,1.6431708947710744,1.478170076718815,0.0,0,0,1,0,0,0,0,0,1,0,1,0,0,0,0
0.07794074418742153,-1.3285381970134176,0,0,1,0,0.9211122111844136,0.8883471122941295,0.0,0,0,1,0,0,0,0,1,0,0,0,0,1,0,0
0.50717094453074,-0.5950338405393375,1,0,0,0,0.48787700103241705,-0.8811217809799272,0.0,0,0,1,0,0,0,1,0,0,0,0,0,0,1,0
0.5338507713503755,-1.3941805097402322,0,0,0,0,1.2099356846190779,-1.4709447454046127,0.0,0,0,1,0,0,0,0,0,1,0,0,0,0,0,1
-0.1332602751443248,0.17458025303423388,0,0,0,0,-1.389475576292901,-0.8811217809799272,0.0,0,0,0,0,1,1,0,0,0,0,0,0,0,1,0
0.36757297240986253,-1.6301652705031056,0,0,0,0,-1.5338873130102333,0.2985241478694439,0.0,0,0,0,1,0,0,0,1,0,0,0,1,0,0,0
0.6224525497887465,-0.12484006640974632,1,0,0,1,-0.3785934192715759,0.2985241478694439,0.0,0,0,1,0,0,0,0,1,0,0,0,1,0,0,0
-0.9687643473159923,1.0421449177850606,1,0,1,0,0.9211122111844136,-1.4709447454046127,0.0,0,0,0,1,0,0,0,1,0,0,0,0,0,0,1
-0.45426079143199566,0.6468773396136404,1,0,1,0,-0.9562403661409046,0.2985241478694439,0.0,0,0,0,0,1,0,0,1,0,0,0,1,0,0,0
0.7917441097983892,-0.5823622450425001,1,0,1,0,0.48787700103241705,0.8883471122941295,0.0,0,0,0,1,0,0,0,0,1,0,0,0,1,0,0
-1.2964671605520632,-0.1536313105998398,1,0,0,1,0.9211122111844136,0.8883471122941295,0.0,0,0,1,0,0,0,0,1,0,0,0,0,1,0,0
-0.31493552622920645,-1.4730805870072756,1,0,1,0,0.3434652643150849,-0.29129881655524165,0.0,0,0,1,0,0,0,0,0,1,1,0,0,0,0,0
-0.2385775891644908,-0.44989666136909734,1,0,0,0,0.7767004744670813,-0.8811217809799272,0.0,0,0,0,1,0,0,1,0,0,0,0,0,0,1,0
1.5863910916523705,0.8723024374624821,1,0,1,0,-0.3785934192715759,-0.8811217809799272,0.0,0,0,1,0,0,1,0,0,0,0,0,0,0,1,0
-1.1866536786259803,-0.8683954979513858,1,0,1,0,1.35434742133641,1.478170076718815,0.0,0,0,1,0,0,0,0,1,0,0,1,0,0,0,0
1.6696855739156389,-0.6465132747618636,1,0,1,1,0.48787700103241705,1.478170076718815,0.0,0,0,0,0,1,1,0,0,0,0,1,0,0,0,0
-1.3137316062125746,-1.5695829758420348,1,0,1,0,0.48787700103241705,1.478170076718815,0.0,0,0,0,0,1,1,0,0,0,0,1,0,0,0,0
-1.6006192840414348,0.5932170117443795,0,0,0,1,1.2099356846190779,0.8883471122941295,0.0,0,0,0,0,1,0,0,1,0,0,0,0,1,0,0
-0.11064657839823586,-1.3192112131171057,1,0,1,0,-0.08976994583691159,-1.4709447454046127,0.0,0,0,1,0,0,0,0,0,1,0,0,0,0,0,1
0.5792704581822311,-1.018911640108039,1,0,1,0,-0.23418168255424376,-0.29129881655524165,0.0,0,0,1,0,0,0,0,0,1,1,0,0,0,0,0
1.1324424565541285,1.0061300021484703,1,0,1,1,-0.5230051559889081,0.2985241478694439,0.0,0,0,0,1,0,1,0,0,0,0,0,1,0,0,0
-0.08061385498313035,-0.36983286614826266,1,0,0,0,1.4987591580537423,0.8883471122941295,0.0,0,0,1,0,0,1,0,0,0,0,0,0,1,0,0
-0.8238660715050914,-0.03779396346616454,1,0,1,0,1.0655239479017458,0.8883471122941295,0.0,0,0,1,0,0,0,0,1,0,0,0,0,1,0,0
-0.67742595273423,-1.4612623846765516,1,0,1,0,1.6431708947710744,-0.29129881655524165,0.0,0,0,0,0,1,0,1,0,0,1,0,0,0,0,0
-0.8147303897491344,-1.3413132341061476,1,0,1,0,-1.5338873130102333,1.478170076718815,0.0,0,0,1,0,0,0,1,0,0,0,1,0,0,0,0
-0.3878321831797248,-1.6842307446229456,1,0,0,0,-1.2450638395755689,-1.4709447454046127,0.0,0,0,1,0,0,0,1,0,0,0,0,0,0,0,1
-1.2661757151890278,0.3874113365831579,1,0,1,0,1.6431708947710744,-0.8811217809799272,0.0,0,0,1,0,0,1,0,0,0,0,0,0,0,1,0
-0.7826768381461439,0.5560987190849357,1,0,0,1,-1.1006521028582368,0.2985241478694439,0.0,0,0,1,0,0,0,0,0,1,0,0,1,0,0,0
1.4669769277125648,-0.8237001083928128,1,0,1,0,0.3434652643150849,0.2985241478694439,0.0,0,0,0,1,0,0,0,1,0,0,0,1,0,0,0
0.08195792686541437,1.4767806433265867,1,0,1,0,-1.5338873130102333,-0.8811217809799272,0.0,0,0,0,1,0,0,0,0,1,0,0,0,0,1,0
-0.7799532652078008,0.06990597812396332,1,0,1,0,1.4987591580537423,-1.4709447454046127,0.0,0,0,0,0,1,1,0,0,0,0,0,0,0,0,1
0.2504838097588859,0.03243426001188646,0,0,1,0,0.7767004744670813,-0.8811217809799272,0.0,0,0,0,1,0,0,1,0,0,0,0,0,0,1,0
-0.3348571162198085,-0.39958094510036196,0,0,0,0,-1.6782990497275654,1.478170076718815,0.0,0,0,1,0,0,1,0,0,0,0,1,0,0,0,0
-0.24997883608610444,1.2559155958300083,1,0,1,0,0.6322887377497493,-0.29129881655524165,0.0,0,0,0,1,0,0,0,1,0,1,0,0,0,0,0
0.7148757213228931,1.7015333708021274,1,0,1,0,-0.6674168927062403,0.2985241478694439,0.0,0,0,1,0,0,1,0,0,0,0,0,1,0,0,0
-0.9051641992782522,-0.6522284229349271,1,0,1,1,0.48787700103241705,-0.29129881655524165,0.0,0,0,0,1,0,0,1,0,0,1,0,0,0,0,0
1.6467222529155912,0.0656734928253595,1,0,1,0,0.48787700103241705,1.478170076718815,0.0,0,0,0,0,1,1,0,0,0,0,1,0,0,0,0
1.2295051419383152,-1.3550192455619106,1,0,0,0,-0.5230051559889081,-0.29129881655524165,0.0,0,0,0,0,1,0,1,0,0,1,0,0,0,0,0
-0.5182525186341702,-0.9899393731251335,1,0,1,0,0.9211122111844136,0.2985241478694439,0.0,0,0,1,0,0,0,0,1,0,0,0,1,0,0,0
-0.24442680293323038,-1.5558166234553343,1,0,1,0,0.19905352759775274,0.2985241478694439,0.0,0,0,1,0,0,1,0,0,0,0,0,1,0,0,0
1.0636154259196966,-0.3277579970189675,0,0,0,0,0.7767004744670813,1.478170076718815,0.0,0,0,0,0,1,0,0,1,0,0,1,0,0,0,0
-0.4867129146844999,-1.0008783218907706,1,0,1,0,-0.5230051559889081,1.478170076718815,0.0,0,0,1,0,0,1,0,0,0,0,1,0,0,0,0
0.14301980281940957,-0.888316625293693,1,0,1,0,0.05464179088042058,0.8883471122941295,0.0,0,0,1,0,0,0,0,1,0,0,0,0,1,0,0
-1.2632983075789426,1.5457589475209363,0,0,1,1,-0.08976994583691159,-0.29129881655524165,0.0,0,0,0,1,0,1,0,0,0,1,0,0,0,0,0
-1.4735763188802367,-0.18733603059482928,1,0,1,0,0.7767004744670813,0.2985241478694439,0.0,0,0,0,1,0,0,0,0,1,0,0,1,0,0,0
1.211149868605451,-0.3541183637055859,0,0,1,0,0.3434652643150849,-0.29129881655524165,0.0,0,0,1,0,0,1,0,0,0,1,0,0,0,0,0
-0.41294219709908325,1.0255080611123417,1,0,1,0,1.6431708947710744,-1.4709447454046127,0.0,0,0,1,0,0,0,0,1,0,0,0,0,0,0,1
0.46093313694461985,0.8857929455934691,1,0,1,0,-0.23418168255424376,0.2985241478694439,0.0,0,0,0,0,1,0,1,0,0,0,0,1,0,0,0
0.5092302313865602,-0.9323310243459736,1,0,1,0,-1.1006521028582368,-0.8811217809799272,0.0,0,0,1,0,0,0,0,1,0,0,0,0,0,1,0
0.5719458300617831,-0.6305918891274019,1,0,0,0,-0.23418168255424376,-0.8811217809799272,0.0,0,0,0,1,0,0,1,0,0,0,0,0,0,1,0
-1.4885891843452497,0.29733094682672795,1,0,1,1,1.35434742133641,0.2985241478694439,0.0,0,0,0,0,1,1,0,0,0,0,0,1,0,0,0
0.36997489103456305,0.9191269998698438,1,0,1,0,-1.1006521028582368,0.8883471122941295,0.0,0,0,0,1,0,1,0,0,0,0,0,0,1,0,0
0.6252775137607378,0.3915662406848422,1,0,0,0,0.05464179088042058,-1.4709447454046127,0.0,0,0,1,0,0,0,0,1,0,0,0,0,0,0,1
1.6283564908551078,0.9359276390693925,1,0,1,1,0.9211122111844136,-0.29129881655524165,0.0,0,0,0,1,0,0,1,0,0,1,0,0,0,0,0
0.5471889366389238,-0.31607771681610014,1,0,0,1,0.19905352759775274,-0.29129881655524165,0.0,0,0,0,1,0,0,0,0,1,1,0,0,0,0,0
-1.2552464610102596,1.527061879063358,1,0,1,1,1.35434742133641,1.478170076718815,0.0,0,0,0,1,0,0,0,0,1,0,1,0,0,0,0
-0.8361448753041427,-1.1406623984735715,1,0,1,1,1.4987591580537423,-1.4709447454046127,0.0,0,0,0,0,1,0,0,1,0,0,0,0,0,0,1
-0.6529417662294588,-0.9330120148522661,1,0,1,0,-0.5230051559889081,0.8883471122941295,0.0,0,0,0,0,1,1,0,0,0,0,0,0,1,0,0
1.3843607165019776,0.12541101445330793,1,0,1,0,0.6322887377497493,0.8883471122941295,0.0,0,0,0,0,1,0,0,0,1,0,0,0,1,0,0
0.7621519129432726,-1.3377358789148635,1,0,1,0,1.4987591580537423,-1.4709447454046127,0.0,0,0,1,0,0,1,0,0,0,0,0,0,0,0,1
1.5811572165705996,1.297206032857118,1,0,1,0,1.2099356846190779,-0.8811217809799272,0.0,0,0,0,0,1,0,0,0,1,0,0,0,0,1,0
0.0996384253881371,-0.5036345704352774,0,0,1,0,0.05464179088042058,0.2985241478694439,0.0,0,0,1,0,0,0,0,1,0,0,0,1,0,0,0
-1.0523804838929034,0.02121084685754468,0,0,1,1,1.0655239479017458,-0.8811217809799272,0.0,0,0,0,1,0,0,0,1,0,0,0,0,0,1,0
-0.46045613321215495,-0.5735007483277048,1,0,1,0,0.19905352759775274,1.478170076718815,0.0,0,0,1,0,0,0,0,1,0,0,1,0,0,0,0
-0.884281142589262,1.2329084608769063,1,0,1,0,1.6431708947710744,1.478170076718815,0.0,0,0,0,1,0,1,0,0,0,0,1,0,0,0,0
-0.5798213497564065,0.41396996632857036,1,0,0,1,0.48787700103241705,1.478170076718815,0.0,0,0,0,0,1,0,0,0,1,0,1,0,0,0,0
0.34765837490433965,-1.2523448415055625,1,0,1,0,0.7767004744670813,0.2985241478694439,0.0,0,0,0,0,1,0,0,1,0,0,0,1,0,0,0
1.3261727519155277,1.2021259659658814,1,0,1,0,-1.389475576292901,-0.8811217809799272,0.0,0,0,0,0,1,0,1,0,0,0,0,0,0,1,0
1.2038357292126218,0.8027121038257687,1,0,1,0,-0.23418168255424376,0.2985241478694439,0.0,0,0,0,0,1,1,0,0,0,0,0,1,0,0,0
-1.411182374518656,0.6886936047532038,1,0,0,1,0.48787700103241705,0.2985241478694439,0.0,0,0,0,0,1,0,1,0,0,0,0,1,0,0,0
-0.19432215109832002,-0.826363729487046,0,0,1,0,-0.9562403661409046,1.478170076718815,0.0,0,0,0,1,0,0,0,1,0,0,1,0,0,0,0
-0.3871818820673604,0.8253830535922193,0,0,0,0,1.4987591580537423,-1.4709447454046127,0.0,0,0,1,0,0,0,0,1,0,0,0,0,0,0,1
0.5123069248214023,-1.5591612350558604,1,0,1,0,0.9211122111844136,0.8883471122941295,0.0,0,0,0,0,1,1,0,0,0,0,0,0,1,0,0
1.1096050002855058,-0.2044297543160733,1,0,1,0,-0.6674168927062403,0.2985241478694439,0.0,0,0,0,1,0,0,0,1,0,0,0,1,0,0,0
1.1870782387203516,0.6126985123041431,0,0,1,1,0.05464179088042058,-0.8811217809799272,0.0,0,0,0,1,0,0,0,1,0,0,0,0,0,1,0
1.000406857046391,-0.08585982502423681,1,0,1,0,0.3434652643150849,-0.8811217809799272,0.0,0,0,0,0,1,0,0,1,0,0,0,0,0,1,0
1.249367295805744,-0.8291394123101627,0,0,1,0,0.48787700103241705,0.2985241478694439,0.0,0,0,0,1,0,1,0,0,0,0,0,1,0,0,0
-0.2979822461547189,0.02099534353276853,1,0,1,1,-0.9562403661409046,0.8883471122941295,0.0,0,0,0,1,0,0,0,1,0,0,0,0,1,0,0
-1.178794125396975,1.4761772340172135,1,0,1,1,0.6322887377497493,-0.29129881655524165,0.0,0,0,0,0,1,1,0,0,0,1,0,0,0,0,0
-1.5242753319468774,-0.10144502547204778,1,0,1,0,0.05464179088042058,-1.4709447454046127,0.0,0,0,0,0,1,1,0,0,0,0,0,0,0,0,1
-1.1177042795026628,-1.3351584591505408,1,0,1,0,0.7767004744670813,-0.8811217809799272,0.0,0,0,0,0,1,0,1,0,0,0,0,0,0,1,0
-1.0084501963829147,-0.12522797239434325,1,0,1,0,-0.9562403661409046,0.2985241478694439,0.0,0,0,0,1,0,0,1,0,0,0,0,1,0,0,0
-0.9751869448612249,-0.552510724494508,1,0,1,0,-1.2450638395755689,-1.4709447454046127,0.0,0,0,1,0,0,0,0,0,1,0,0,0,0,0,1
0.18681024062781448,-1.7057121160366322,1,0,1,1,-1.6782990497275654,-0.8811217809799272,0.0,0,0,0,0,1,0,1,0,0,0,0,0,0,1,0
-0.25513229758946476,0.7088129951543052,1,0,0,0,1.0655239479017458,0.2985241478694439,0.0,0,0,0,0,1,0,0,1,0,0,0,1,0,0,0
-0.11462879865083263,-0.9658202410161869,1,0,1,1,-1.5338873130102333,-1.4709447454046127,0.0,0,0,1,0,0,1,0,0,0,0,0,0,0,0,1
-1.5940183781266828,-1.4328418062050734,1,0,1,0,-1.2450638395755689,0.2985241478694439,0.0,0,0,1,0,0,1,0,0,0,0,0,1,0,0,0
0.10076071924334654,1.5472243701294142,1,0,1,0,-0.6674168927062403,1.478170076718815,0.0,0,0,0,1,0,0,0,0,1,0,1,0,0,0,0
-1.3198080757463877,0.16425333371096085,1,0,1,0,-1.2450638395755689,-0.8811217809799272,0.0,0,0,0,1,0,0,1,0,0,0,0,0,0,1,0
0.2579098289129818,-0.8725590221860612,1,0,1,0,-1.5338873130102333,-1.4709447454046127,0.0,0,0,0,0,1,1,0,0,0,0,0,0,0,0,1
1.0146155867272977,0.7516119554548483,1,0,1,1,0.3434652643150849,0.2985241478694439,0.0,0,0,1,0,0,0,0,1,0,0,0,1,0,0,0
0.19042885165629356,0.7154504975574109,1,0,1,1,-1.2450638395755689,0.2985241478694439,0.0,0,0,0,0,1,0,0,1,0,0,0,1,0,0,0
-1.1220990563749316,0.5119722583037716,1,0,1,0,0.48787700103241705,-0.29129881655524165,0.0,0,0,0,1,0,0,0,0,1,1,0,0,0,0,0
0.8343423289007929,1.161326876519261,1,0,0,0,-0.08976994583691159,1.478170076718815,0.0,0,0,0,0,1,0,0,0,1,0,1,0,0,0,0
-1.6009863895080918,-0.5393564015501717,1,0,1,1,0.19905352759775274,0.8883471122941295,0.0,0,0,1,0,0,0,0,0,1,0,0,0,1,0,0
0.6519818142781508,-1.024014758838738,1,0,1,0,-1.5338873130102333,-1.4709447454046127,0.0,0,0,1,0,0,0,0,0,1,0,0,0,0,0,1
-0.8943048699502757,0.057337824223018426,1,0,0,0,-1.5338873130102333,-0.8811217809799272,0.0,0,0,0,1,0,1,0,0,0,0,0,0,0,1,0
0.24716937183135168,0.659048967396997,1,0,1,1,0.19905352759775274,-0.8811217809799272,0.0,0,0,0,0,1,0,0,0,1,0,0,0,0,1,0
-0.6503195843247639,-1.6206572638139818,1,0,1,1,1.35434742133641,-0.8811217809799272,0.0,0,0,0,1,0,0,0,0,1,0,0,0,0,1,0
0.8391846248181296,0.49137876058816293,1,0,1,0,0.3434652643150849,1.478170076718815,0.0,0,0,0,1,0,0,0,1,0,0,1,0,0,0,0
1.070695317062373,-0.528676056774266,0,1,0,0,1.4987591580537423,-0.8811217809799272,0.0,0,0,0,1,0,0,0,0,1,0,0,0,0,1,0
0.8474742158795051,-0.19845600215327863,1,0,0,0,-1.6782990497275654,-0.29129881655524165,0.0,0,0,0,0,1,0,0,0,1,1,0,0,0,0,0
-0.8409766824938606,-1.48325234393671,0,0,1,1,-1.6782990497275654,-0.8811217809799272,0.0,0,0,0,0,1,1,0,0,0,0,0,0,0,1,0
0.3489589771290681,-1.1699191298451814,1,0,1,1,-0.08976994583691159,-0.8811217809799272,0.0,0,0,1,0,0,0,1,0,0,0,0,0,0,1,0
1.2095136270969211,0.33039777698038025,1,0,1,0,-0.08976994583691159,-1.4709447454046127,0.0,0,0,0,0,1,0,0,0,1,0,0,0,0,0,1
-1.2230880221310811,0.10985167440446988,1,0,0,0,-0.6674168927062403,0.8883471122941295,0.0,0,0,0,0,1,0,1,0,0,0,0,0,1,0,0
1.1626255183984364,0.10511922139238586,1,0,1,0,-1.5338873130102333,0.8883471122941295,0.0,0,0,0,0,1,0,0,1,0,0,0,0,1,0,0
1.3715050326838931,-1.4321608156987806,1,0,1,0,0.05464179088042058,1.478170076718815,0.0,0,0,0,0,1,0,1,0,0,0,1,0,0,0,0
-0.7437811398931695,-1.4035936949664545,0,0,1,0,0.7767004744670813,-0.29129881655524165,0.0,0,0,0,0,1,0,0,1,0,1,0,0,0,0,0
-1.556800876292713,1.5778430825136096,1,0,0,1,1.35434742133641,0.8883471122941295,0.0,0,0,0,1,0,1,0,0,0,0,0,0,1,0,0
-0.035435408886506856,-1.531912994671164,1,0,1,0,-0.23418168255424376,-0.8811217809799272,0.0,0,0,0,1,0,0,1,0,0,0,0,0,0,1,0
0.7450098357716468,-0.1694061539734536,1,0,1,0,-0.23418168255424376,-0.8811217809799272,0.0,0,0,0,1,0,0,0,1,0,0,0,0,0,1,0
-0.6809082103036649,-0.967544267614396,1,0,0,0,0.19905352759775274,0.8883471122941295,0.0,0,0,0,1,0,0,0,0,1,0,0,0,1,0,0
-0.9038496120833652,-1.2840669309126116,0,0,1,1,0.3434652643150849,0.2985241478694439,0.0,0,0,1,0,0,0,1,0,0,0,0,1,0,0,0
-1.4223004257945626,1.7060244600904624,1,0,1,0,-0.9562403661409046,-1.4709447454046127,0.0,0,0,1,0,0,0,0,1,0,0,0,0,0,0,1
-1.3536307260744123,-0.6096966867571064,1,0,1,0,-1.5338873130102333,1.478170076718815,0.0,0,0,0,1,0,0,1,0,0,0,1,0,0,0,0
1.3218164337111942,0.6038801162543032,1,0,0,0,0.48787700103241705,0.8883471122941295,0.0,0,0,1,0,0,0,0,1,0,0,0,0,1,0,0
-0.15531457308407873,-0.6249026013533118,1,0,1,0,-0.08976994583691159,-0.29129881655524165,0.0,0,0,0,0,1,0,1,0,0,1,0,0,0,0,0
0.6817488232602474,-0.006313237782864826,1,0,1,0,-1.2450638395755689,-0.8811217809799272,0.0,0,0,1,0,0,0,1,0,0,0,0,0,0,1,0
-1.4279468574960055,0.6557129759294624,1,0,1,0,1.4987591580537423,0.8883471122941295,0.0,0,0,0,1,0,0,0,0,1,0,0,0,1,0,0
0.07249010206819599,0.9846917313997391,1,0,1,0,0.7767004744670813,-0.8811217809799272,0.0,0,0,0,0,1,0,0,0,1,0,0,0,0,1,0
0.8256471737048247,-0.0720589921055721,1,0,0,1,0.19905352759775274,0.2985241478694439,0.0,0,0,0,1,0,0,0,0,1,0,0,1,0,0,0
-0.14402520592373227,-0.30094938341681476,1,0,1,0,1.0655239479017458,0.2985241478694439,0.0,0,0,0,1,0,0,1,0,0,0,0,1,0,0,0
1.6348070583406575,1.118243451830014,0,0,1,1,-0.6674168927062403,-0.8811217809799272,0.0,0,0,0,1,0,0,0,1,0,0,0,0,0,1,0
-1.1883493562576832,0.1259885633637081,1,0,1,1,-1.2450638395755689,-0.29129881655524165,0.0,0,0,0,0,1,1,0,0,0,1,0,0,0,0,0
-1.412773164874171,0.5461941862782237,1,0,1,0,-1.389475576292901,0.2985241478694439,0.0,0,0,0,0,1,0,0,1,0,0,0,1,0,0,0
-0.8970948714968711,0.7230620749885043,1,0,1,0,-1.2450638395755689,0.8883471122941295,0.0,0,0,0,1,0,0,0,0,1,0,0,0,1,0,0
-0.3664526600501123,1.4516357153917063,1,0,0,0,-0.23418168255424376,0.2985241478694439,0.0,0,0,1,0,0,0,0,1,0,0,0,1,0,0,0
-1.027690019078296,-0.5441750558921665,1,1,1,0,0.19905352759775274,0.2985241478694439,0.0,0,0,0,1,0,0,1,0,0,0,0,1,0,0,0
-1.3844326228482284,-1.693324984928499,1,0,0,1,0.48787700103241705,0.8883471122941295,0.0,0,0,1,0,0,0,1,0,0,0,0,0,1,0,0
0.35677657544759867,-0.8437936383949408,1,0,0,0,0.6322887377497493,-0.8811217809799272,0.0,0,0,0,1,0,0,0,0,1,0,0,0,0,1,0
0.01781935747657675,0.8230211371526729,0,0,0,0,-1.1006521028582368,0.8883471122941295,0.0,0,0,0,0,1,1,0,0,0,0,0,0,1,0,0
0.9179269992948476,-0.8504139005320641,0,0,1,1,-1.389475576292901,0.2985241478694439,0.0,0,0,0,1,0,0,1,0,0,0,0,1,0,0,0
-0.09340311019296227,-0.8030290294802847,1,0,1,0,-0.9562403661409046,0.2985241478694439,0.0,0,0,0,1,0,0,0,0,1,0,0,1,0,0,0
0.6877833378835855,0.44939871292176903,0,0,1,1,-1.389475576292901,1.478170076718815,0.0,0,0,0,1,0,0,0,0,1,0,1,0,0,0,0
-0.9553737383893502,0.9928118966773044,1,0,0,0,-0.08976994583691159,-1.4709447454046127,0.0,0,0,1,0,0,1,0,0,0,0,0,0,0,0,1
0.516100347976861,-1.0064814083349507,1,0,0,0,0.6322887377497493,-0.8811217809799272,0.0,0,0,0,1,0,0,1,0,0,0,0,0,0,1,0
-0.4859332525981706,1.0078195482147152,1,0,1,0,0.7767004744670813,0.2985241478694439,0.0,0,0,0,1,0,0,0,0,1,0,0,1,0,0,0
-0.9353682385777979,1.2805088352534622,0,0,1,0,-1.1006521028582368,0.2985241478694439,0.0,0,0,0,1,0,0,0,1,0,0,0,1,0,0,0
-0.20433888597425443,-1.5871939075427417,1,0,1,0,-1.5338873130102333,0.8883471122941295,0.0,0,0,0,0,1,0,0,0,1,0,0,0,1,0,0
0.23498147033832956,-0.5908789364376532,1,0,1,0,1.2099356846190779,-1.4709447454046127,0.0,0,0,1,0,0,0,0,0,1,0,0,0,0,0,1
0.632168607806276,1.2877238865669676,0,0,1,1,0.19905352759775274,-0.8811217809799272,0.0,0,0,1,0,0,1,0,0,0,0,0,0,0,1,0
-0.08357866865670524,1.689249681289887,1,0,1,0,1.0655239479017458,1.478170076718815,0.0,0,0,1,0,0,1,0,0,0,0,1,0,0,0,0
1.0462460929829975,-0.5402097947162855,1,0,1,0,1.4987591580537423,0.8883471122941295,0.0,0,0,0,0,1,0,0,0,1,0,0,0,1,0,0
-1.4043227466559742,1.4348264560591668,1,0,1,0,0.3434652643150849,1.478170076718815,0.0,0,0,0,1,0,0,0,0,1,0,1,0,0,0,0
-0.09876984249123764,0.039761373054275496,0,0,1,0,0.9211122111844136,-0.8811217809799272,0.0,0,0,0,0,1,1,0,0,0,0,0,0,0,1,0
1.7441905024343702,-0.23744486367177936,0,0,0,0,0.9211122111844136,0.8883471122941295,0.0,0,0,0,1,0,0,1,0,0,0,0,0,1,0,0
-1.2397196478919261,-0.04654339845207623,0,0,1,0,-1.389475576292901,-1.4709447454046127,0.0,0,0,0,1,0,0,0,0,1,0,0,0,0,0,1
1.0045359194856505,-1.0790629281195574,1,0,1,0,-1.6782990497275654,1.478170076718815,0.0,0,0,0,0,1,1,0,0,0,0,1,0,0,0,0
0.7322415580170526,0.18176082381577507,1,0,1,0,0.7767004744670813,0.8883471122941295,0.0,0,0,0,0,1,0,0,0,1,0,0,0,1,0,0
0.07224186884788486,1.5691626085916257,1,0,1,0,-1.5338873130102333,0.2985241478694439,0.0,0,0,1,0,0,1,0,0,0,0,0,1,0,0,0
-0.36345638019368104,0.6379727422338899,1,0,1,1,0.05464179088042058,1.478170076718815,0.0,0,0,0,0,1,0,0,0,1,0,1,0,0,0,0
-1.550581060814777,-0.21714445047786604,1,0,1,1,0.3434652643150849,1.478170076718815,0.0,0,0,0,0,1,0,0,1,0,0,1,0,0,0,0
0.34478446353679393,0.28171126584695283,1,0,0,0,0.6322887377497493,1.478170076718815,0.0,0,0,0,1,0,0,0,1,0,0,1,0,0,0,0
-1.2266961444319415,0.48065531514730175,1,0,0,0,-1.389475576292901,-0.29129881655524165,0.0,0,0,0,1,0,0,0,1,0,1,0,0,0,0,0
0.12066133177871108,0.751887799710562,1,0,1,0,1.6431708947710744,-0.8811217809799272,0.0,0,0,0,1,0,1,0,0,0,0,0,0,0,1,0
-1.165609794780169,0.05630340826409268,1,0,1,1,-0.8118286294235724,1.478170076718815,0.0,0,0,0,0,1,0,1,0,0,0,1,0,0,0,0
-1.1976423689279219,-1.6244587424630332,1,0,1,0,1.35434742133641,0.2985241478694439,0.0,0,0,0,1,0,0,0,0,1,0,0,1,0,0,0
-0.9455877555210289,-1.707574064762698,0,0,0,1,1.2099356846190779,0.8883471122941295,0.0,0,0,0,0,1,1,0,0,0,0,0,0,1,0,0
-1.2825451227594034,0.6885298222263744,1,1,1,0,-1.2450638395755689,1.478170076718815,0.0,0,0,0,1,0,0,1,0,0,0,1,0,0,0,0
0.24640719095772026,-0.9982836618604659,1,0,1,1,1.0655239479017458,-1.4709447454046127,0.0,0,0,0,0,1,0,1,0,0,0,0,0,0,0,1
-1.4846314377904302,1.188523396106011,1,0,1,0,-0.23418168255424376,1.478170076718815,0.0,0,0,0,1,0,0,0,1,0,0,1,0,0,0,0
1.1499691204051088,0.4852757064305025,1,0,1,0,-0.5230051559889081,-0.8811217809799272,0.0,0,0,0,0,1,0,1,0,0,0,0,0,0,1,0
0.25495900020956525,0.5344449450114284,1,0,1,0,-0.6674168927062403,0.2985241478694439,0.0,0,0,0,1,0,0,0,1,0,0,0,1,0,0,0
-0.9600656958774844,-0.9518642457036837,1,0,0,1,0.05464179088042058,1.478170076718815,0.0,0,0,0,1,0,0,1,0,0,0,1,0,0,0,0
0.6970483806135074,1.5986951842189494,0,0,1,0,-0.6674168927062403,0.8883471122941295,0.0,0,0,1,0,0,0,1,0,0,0,0,0,1,0,0
1.2629292206168259,0.20984521710060264,1,0,0,0,-0.6674168927062403,-1.4709447454046127,0.0,0,0,0,0,1,0,0,0,1,0,0,0,0,0,1
0.5146249336251526,-1.0164980028705461,1,0,1,0,-0.08976994583691159,-0.29129881655524165,0.0,0,0,1,0,0,0,0,1,0,1,0,0,0,0,0
0.1989352097551238,0.3324752290312222,1,0,1,1,-0.3785934192715759,-0.8811217809799272,0.0,0,0,0,0,1,0,0,1,0,0,0,0,0,1,0
-0.6393903301459956,-0.04932770140818408,1,0,0,1,0.7767004744670813,-1.4709447454046127,0.0,0,0,1,0,0,0,0,0,1,0,0,0,0,0,1
-1.1281475559684278,0.9791489858864962,1,0,0,0,0.48787700103241705,0.2985241478694439,0.0,0,0,0,0,1,1,0,0,0,0,0,1,0,0,0
1.3996392963999995,1.6342963334719691,1,1,0,0,0.9211122111844136,0.8883471122941295,0.0,0,0,0,0,1,0,1,0,0,0,0,0,1,0,0
-0.19581854290526582,-0.16401857085404992,1,1,1,0,-0.08976994583691159,0.2985241478694439,0.0,0,0,1,0,0,0,0,0,1,0,0,1,0,0,0
0.11482959922266951,-0.0938334480409543,1,0,1,0,0.19905352759775274,0.2985241478694439,0.0,0,0,0,0,1,0,1,0,0,0,0,1,0,0,0
1.5705006693099197,0.48594807680380386,1,0,0,0,-0.5230051559889081,-0.29129881655524165,0.0,0,0,1,0,0,0,0,0,1,1,0,0,0,0,0
-1.3692134790733792,0.26585022114342827,1,0,1,0,0.3434652643150849,-0.8811217809799272,0.0,0,0,0,0,1,0,0,0,1,0,0,0,0,1,0
0.37209361401355634,-0.4681713433101145,0,0,1,0,-1.2450638395755689,0.2985241478694439,0.0,0,0,0,1,0,0,0,1,0,0,0,1,0,0,0
1.296902209374053,1.6472092926925557,1,0,1,0,-0.3785934192715759,0.2985241478694439,0.0,0,0,0,1,0,1,0,0,0,0,0,1,0,0,0
0.7347658451306389,-0.9946114852062804,1,1,0,1,-0.23418168255424376,-1.4709447454046127,0.0,0,0,0,1,0,1,0,0,0,0,0,0,0,0,1
-0.45507541594372086,1.3857692792071237,1,0,1,0,0.3434652643150849,-1.4709447454046127,0.0,0,0,0,1,0,0,1,0,0,0,0,0,0,0,1
0.4138492386639181,-1.1151295645540935,1,0,0,0,-1.389475576292901,1.478170076718815,0.0,0,0,0,0,1,0,1,0,0,0,1,0,0,0,0
0.9377751681921184,0.4495280149166348,1,0,1,0,-0.5230051559889081,0.2985241478694439,0.0,0,0,0,0,1,0,0,0,1,0,0,1,0,0,0
-1.4209788461145962,-1.0717013345452042,1,0,0,1,1.6431708947710744,0.8883471122941295,0.0,0,0,1,0,0,0,0,1,0,0,0,0,1,0,0
1.304873642364326,0.28440936747314993,1,0,1,0,-1.5338873130102333,0.8883471122941295,0.0,0,0,0,0,1,1,0,0,0,0,0,0,1,0,0
0.6540166274361943,-0.7961932640183854,1,0,1,0,-0.6674168927062403,0.8883471122941295,0.0,0,0,0,0,1,1,0,0,0,0,0,0,1,0,0
-0.11133883442107516,0.16805481236001235,1,0,1,0,1.0655239479017458,-0.29129881655524165,0.0,0,0,1,0,0,1,0,0,0,1,0,0,0,0,0
1.0327925516906427,-1.7046604598117245,1,0,1,0,0.6322887377497493,-1.4709447454046127,0.0,0,0,0,1,0,0,0,1,0,0,0,0,0,0,1
0.5848259875776446,-0.287872641669398,1,0,0,1,-1.1006521028582368,1.478170076718815,0.0,0,0,1,0,0,0,0,1,0,0,1,0,0,0,0
1.5016281875224733,-1.0576763781687724,1,0,0,0,-0.6674168927062403,1.478170076718815,0.0,0,0,1,0,0,0,1,0,0,0,1,0,0,0,0
0.33829194114076944,-1.359596536180156,0,0,0,1,-0.8118286294235724,-1.4709447454046127,0.0,0,0,0,1,0,0,0,1,0,0,0,0,0,0,1
-1.0671765823204618,-0.21643759957260053,0,0,1,0,1.35434742133641,-0.29129881655524165,0.0,0,0,0,0,1,0,1,0,0,1,0,0,0,0,0
0.16346233294841114,0.003884379545542443,1,0,1,1,-1.5338873130102333,-0.29129881655524165,0.0,0,0,0,1,0,0,0,0,1,1,0,0,0,0,0
1.0417359401069224,1.3554436513446246,1,0,1,0,1.4987591580537423,0.8883471122941295,0.0,0,0,0,0,1,0,0,0,1,0,0,0,1,0,0
-1.5829457780037912,-1.4343503294785063,0,0,1,0,-0.08976994583691159,-0.8811217809799272,0.0,0,0,0,1,0,0,0,1,0,0,0,0,0,1,0
-1.3148853662506406,0.6221892787272849,1,0,1,0,0.48787700103241705,0.8883471122941295,0.0,0,0,0,1,0,0,0,0,1,0,0,0,1,0,0
1.6513897367059476,0.32562222330334084,0,0,0,0,-0.23418168255424376,-1.4709447454046127,0.0,0,0,0,0,1,0,0,0,1,0,0,0,0,0,1
1.4796123482506545,0.4266329416924169,1,1,0,0,0.48787700103241705,-0.29129881655524165,0.0,0,0,0,1,0,0,0,0,1,1,0,0,0,0,0
-1.2340102838247704,1.2176680657487378,1,0,0,0,-0.08976994583691159,-0.29129881655524165,0.0,0,0,0,1,0,0,0,0,1,1,0,0,0,0,0
-1.5251948437347904,0.030770574344614738,1,0,0,0,1.2099356846190779,0.2985241478694439,0.0,0,0,0,0,1,0,1,0,0,0,0,1,0,0,0
-1.6247293725944696,-0.5753368366547976,1,0,1,0,0.3434652643150849,-0.8811217809799272,0.0,0,0,0,1,0,0,1,0,0,0,0,0,0,1,0
0.7661725918638047,-1.4850798121308115,1,0,0,0,-1.389475576292901,-1.4709447454046127,0.0,0,0,1,0,0,0,1,0,0,0,0,0,0,0,1
1.2379380789438137,-0.4601632397614329,1,0,0,0,-0.8118286294235724,1.478170076718815,0.0,0,0,0,1,0,0,0,0,1,0,1,0,0,0,0
-1.386782097834835,1.0270683051837206,1,1,0,1,-0.08976994583691159,-0.8811217809799272,0.0,0,0,1,0,0,0,0,1,0,0,0,0,0,1,0
-0.2962935610080954,-1.1237065968801843,0,0,1,1,0.3434652643150849,0.8883471122941295,0.0,0,0,1,0,0,1,0,0,0,0,0,0,1,0,0
-1.0074118123486555,1.4382486488566115,1,0,0,0,1.0655239479017458,-0.8811217809799272,0.0,0,0,1,0,0,0,0,1,0,0,0,0,0,1,0
0.7755390256273749,-0.3623419705790437,1,0,1,0,1.35434742133641,0.8883471122941295,0.0,0,0,0,0,1,0,0,0,1,0,0,0,1,0,0
0.38602264429129574,-1.567005556077712,0,0,1,0,0.6322887377497493,-0.29129881655524165,0.0,0,0,0,1,0,0,0,0,1,1,0,0,0,0,0
0.28062491669271894,0.6029922425562256,1,0,1,0,-1.2450638395755689,0.2985241478694439,0.0,0,0,0,1,0,1,0,0,0,0,0,1,0,0,0
1.452422070020238,-0.7839785355700732,1,0,0,0,-0.5230051559889081,0.2985241478694439,0.0,0,0,0,1,0,0,1,0,0,0,0,1,0,0,0
-0.35749179042113505,0.6041559605100167,1,0,1,0,0.48787700103241705,0.2985241478694439,0.0,0,0,0,0,1,0,0,1,0,0,0,1,0,0,0
-0.6926241190538417,-1.2115285117929602,1,0,1,0,-1.5338873130102333,0.8883471122941295,0.0,0,0,0,1,0,0,1,0,0,0,0,0,1,0,0
0.559614582624638,-0.40896826992761126,0,0,1,0,-1.5338873130102333,0.8883471122941295,0.0,0,0,0,0,1,0,0,1,0,0,0,0,1,0,0
1.272274676925159,-0.1464679800842807,1,0,1,0,-0.23418168255424376,-1.4709447454046127,0.0,0,0,0,0,1,0,0,1,0,0,0,0,0,0,1
0.9611440533267593,-0.078446510651937,1,0,0,0,-0.23418168255424376,-0.8811217809799272,0.0,0,0,1,0,0,0,1,0,0,0,0,0,0,1,0
-0.2443463893548196,0.2479979257189721,1,0,1,1,0.7767004744670813,-1.4709447454046127,0.0,0,0,0,0,1,1,0,0,0,0,0,0,0,0,1
1.5239202299549188,0.24057599121368145,1,1,1,0,-0.6674168927062403,-1.4709447454046127,0.0,0,0,1,0,0,0,1,0,0,0,0,0,0,0,1
-0.9961853775540217,1.5373887983866308,1,0,1,0,1.4987591580537423,-0.8811217809799272,0.0,0,0,1,0,0,0,0,1,0,0,0,0,0,1,0
1.3052092816481264,-0.658555600550355,0,0,1,1,0.48787700103241705,0.8883471122941295,0.0,0,0,1,0,0,0,1,0,0,0,0,0,1,0,0
1.4863740813222277,-1.0197995138061167,1,1,1,0,1.35434742133641,-0.29129881655524165,0.0,0,0,0,1,0,0,0,0,1,1,0,0,0,0,0
-1.4748419586795694,-0.061387267462657144,1,0,1,1,-0.8118286294235724,1.478170076718815,0.0,0,0,1,0,0,0,0,1,0,0,1,0,0,0,0
1.0861207391470582,1.4938657469148402,1,0,0,0,-1.6782990497275654,-1.4709447454046127,0.0,0,0,0,1,0,1,0,0,0,0,0,0,0,0,1
-0.8818932089347198,1.6797158142017898,1,0,0,0,0.05464179088042058,0.2985241478694439,0.0,0,0,0,1,0,1,0,0,0,0,0,1,0,0,0
0.9030854497142744,-0.5068326397749554,1,0,0,0,0.6322887377497493,0.2985241478694439,0.0,0,0,0,1,0,0,0,0,1,0,0,1,0,0,0
-0.9125482635218731,0.4332187232975758,1,0,1,0,1.2099356846190779,-0.29129881655524165,0.0,0,0,0,1,0,0,0,1,0,1,0,0,0,0,0
-1.5690831763343038,-1.1036130668780562,1,0,1,0,-0.9562403661409046,1.478170076718815,0.0,0,0,0,0,1,0,0,1,0,0,1,0,0,0,0
0.8232242776248864,-0.0906526189672583,0,0,1,0,-0.5230051559889081,0.8883471122941295,0.0,0,0,0,0,1,0,1,0,0,0,0,0,1,0,0
0.13142626255811854,0.8996541194430708,1,0,1,0,-1.5338873130102333,0.2985241478694439,0.0,0,0,1,0,0,1,0,0,0,0,0,1,0,0,0
1.5110435686815973,-0.20567105346678397,1,0,1,0,-0.8118286294235724,1.478170076718815,0.0,0,0,0,1,0,0,0,0,1,0,1,0,0,0,0
-1.2334753587162126,-0.35379941878491733,0,0,1,0,0.05464179088042058,-0.29129881655524165,0.0,0,0,1,0,0,1,0,0,0,1,0,0,0,0,0
-1.0866996006615504,1.555603139396711,1,0,1,1,-0.5230051559889081,-1.4709447454046127,0.0,0,0,0,1,0,0,1,0,0,0,0,0,0,0,1
-0.08526735380332873,-0.7835733893194938,0,0,1,0,-1.389475576292901,-0.29129881655524165,0.0,0,0,1,0,0,0,1,0,0,1,0,0,0,0,0
0.22461511120843583,-1.3369342065466963,0,0,0,0,0.48787700103241705,-1.4709447454046127,0.0,0,0,0,1,0,0,0,1,0,0,0,0,0,0,1
-0.9089016825530774,-1.6295618611937324,1,0,1,0,-1.1006521028582368,0.2985241478694439,0.0,0,0,1,0,0,0,0,0,1,0,0,1,0,0,0
0.630658231029172,-0.13726167804984338,1,0,1,0,-1.6782990497275654,-0.8811217809799272,0.0,0,0,0,0,1,0,0,1,0,0,0,0,0,1,0
-0.8543742839055817,-0.6357381085230562,1,0,1,0,-0.9562403661409046,-0.29129881655524165,0.0,0,0,1,0,0,0,0,1,0,1,0,0,0,0,0
1.247381430043255,0.8030655292784015,1,0,1,0,1.2099356846190779,1.478170076718815,0.0,0,0,0,0,1,1,0,0,0,0,1,0,0,0,0
0.7946809535316477,0.15332300507831476,1,1,0,0,1.2099356846190779,0.2985241478694439,0.0,0,0,0,1,0,0,0,0,1,0,0,1,0,0,0
0.2756462673163383,-0.634195104717659,1,0,1,0,1.2099356846190779,-0.8811217809799272,0.0,0,0,0,0,1,0,0,1,0,0,0,0,0,1,0
-1.105058370236954,-1.4129982600596855,0,0,1,0,0.19905352759775274,0.2985241478694439,0.0,0,0,0,0,1,0,1,0,0,0,0,1,0,0,0
0.6062859242856676,1.6260727265985113,1,1,1,0,0.19905352759775274,-1.4709447454046127,0.0,0,0,0,1,0,0,0,0,1,0,0,0,0,0,1
-1.3654864845261727,-0.7166208163780404,1,0,0,0,1.6431708947710744,1.478170076718815,0.0,0,0,0,1,0,0,0,1,0,0,1,0,0,0,0
-0.9919689090512723,-1.0379621340182503,0,0,1,1,-0.08976994583691159,0.2985241478694439,0.0,0,0,0,1,0,0,1,0,0,0,0,1,0,0,0
-0.7299185382236824,-1.0983806461524914,1,0,1,0,-1.389475576292901,1.478170076718815,0.0,0,0,1,0,0,0,0,1,0,0,1,0,0,0,0
-0.8242786281247634,-0.08885963130512081,1,0,1,0,-0.3785934192715759,-0.8811217809799272,0.0,0,0,1,0,0,0,0,1,0,0,0,0,0,1,0
0.375303164664903,1.6108323314703419,1,0,1,0,-0.08976994583691159,0.2985241478694439,0.0,0,0,0,1,0,1,0,0,0,0,0,1,0,0,0
0.5677153765888755,0.28408180241949044,1,0,1,0,-1.389475576292901,0.8883471122941295,0.0,0,0,1,0,0,0,1,0,0,0,0,0,1,0,0
-1.196694887199692,1.4849439092691072,0,0,1,1,1.35434742133641,-0.8811217809799272,0.0,0,0,0,0,1,0,1,0,0,0,0,0,0,1,0
0.18551663088816506,-0.887739076383293,1,0,0,0,-0.23418168255424376,-1.4709447454046127,0.0,0,0,1,0,0,0,0,0,1,0,0,0,0,0,1
0.4052379932889,0.35364627565723095,1,0,0,0,0.19905352759775274,-1.4709447454046127,0.0,0,0,0,1,0,0,1,0,0,0,0,0,0,0,1
0.36973015405679127,1.1516033665053613,1,0,1,1,0.7767004744670813,-1.4709447454046127,0.0,0,0,1,0,0,0,0,1,0,0,0,0,0,0,1
-0.6706502346924984,0.2648416655834758,1,1,1,0,0.6322887377497493,-0.29129881655524165,0.0,0,0,0,1,0,0,0,1,0,1,0,0,0,0,0
0.001750626764606364,0.6197842616227831,1,0,1,1,0.7767004744670813,-0.8811217809799272,0.0,0,0,0,0,1,1,0,0,0,0,0,0,0,1,0
0.8152178822092181,-1.6630510778639458,1,0,0,0,1.6431708947710744,-1.4709447454046127,0.0,0,0,0,0,1,0,0,1,0,0,0,0,0,0,1
-0.5533687787018444,-0.7979345308825766,1,0,0,0,-1.6782990497275654,-0.8811217809799272,0.0,0,0,1,0,0,1,0,0,0,0,0,0,0,1,0
1.2301624355357585,1.4886333261892748,1,0,1,0,-1.389475576292901,-1.4709447454046127,0.0,0,0,0,1,0,0,1,0,0,0,0,0,0,0,1
-0.3899054550057035,1.1512240806537557,1,0,0,0,-1.6782990497275654,-0.29129881655524165,0.0,0,0,0,1,0,0,0,1,0,1,0,0,0,0,0
0.20065186484206401,0.01707318302184287,1,0,0,0,0.05464179088042058,1.478170076718815,0.0,0,0,0,1,0,0,0,0,1,0,1,0,0,0,0
1.233802024019475,-1.2314323988692852,1,0,1,0,-1.6782990497275654,1.478170076718815,0.0,0,0,0,0,1,0,1,0,0,0,1,0,0,0,0
1.526038952933913,1.268595811459837,1,0,0,1,0.48787700103241705,0.2985241478694439,0.0,0,0,0,1,0,1,0,0,0,0,0,1,0,0,0
0.060067952325021094,1.6655098350325466,1,0,1,0,1.0655239479017458,1.478170076718815,0.0,0,0,0,0,1,0,0,1,0,0,1,0,0,0,0
-1.1423912480747305,-0.4003050362716099,0,0,0,0,1.4987591580537423,1.478170076718815,0.0,0,0,1,0,0,0,1,0,0,0,1,0,0,0,0
0.8020894914730455,0.44185609655460384,0,0,1,0,1.2099356846190779,-0.29129881655524165,0.0,0,0,0,1,0,1,0,0,0,1,0,0,0,0,0
0.20979453908310014,-1.0164376619396087,0,0,1,0,-0.08976994583691159,0.8883471122941295,0.0,0,0,1,0,0,1,0,0,0,0,0,0,1,0,0
0.9629341295070311,-1.2539912869068524,1,0,1,1,-0.9562403661409046,-0.8811217809799272,0.0,0,0,0,1,0,0,0,0,1,0,0,0,0,1,0
0.3738067728579572,-0.7091471610748036,1,0,1,0,0.05464179088042058,0.2985241478694439,0.0,0,0,0,1,0,0,0,1,0,0,0,1,0,0,0
0.7292522706457003,0.4449593444313803,1,0,1,0,-0.23418168255424376,-0.8811217809799272,0.0,0,0,1,0,0,0,0,0,1,0,0,0,0,1,0
0.5014475954934259,-0.04039724362946039,1,0,0,0,-0.08976994583691159,-0.29129881655524165,0.0,0,0,1,0,0,0,0,1,0,1,0,0,0,0,0
0.26711193927719135,-0.0518102997096054,1,0,1,1,-0.8118286294235724,1.478170076718815,0.0,0,0,1,0,0,1,0,0,0,0,1,0,0,0,0
1.7170771415398252,0.7181916998485632,0,0,1,0,1.0655239479017458,-1.4709447454046127,0.0,0,0,0,0,1,1,0,0,0,0,0,0,0,0,1
0.8885201032943292,0.6537044849425487,0,0,1,1,-0.08976994583691159,-1.4709447454046127,0.0,0,0,1,0,0,0,0,0,1,0,0,0,0,0,1
-0.2766796403609777,1.6891376195610033,1,0,1,0,-1.6782990497275654,-1.4709447454046127,0.0,0,0,1,0,0,0,0,0,1,0,0,0,0,0,1
-0.5441037359719224,-0.9929822800709728,1,0,0,1,0.48787700103241705,-0.29129881655524165,0.0,0,0,1,0,0,0,0,1,0,1,0,0,0,0,0
-0.2698794486214687,0.3987123309344192,1,0,0,1,-1.6782990497275654,0.2985241478694439,0.0,0,0,0,0,1,1,0,0,0,0,0,1,0,0,0
1.3805917670442958,-0.8136576534582443,1,0,1,1,-1.5338873130102333,-0.29129881655524165,0.0,0,0,0,0,1,0,1,0,0,1,0,0,0,0,0
-0.5459567445179067,-1.4887088881200419,1,0,1,0,-1.389475576292901,0.2985241478694439,0.0,0,0,1,0,0,1,0,0,0,0,0,1,0,0,0
0.34649762238119447,1.2734403262008047,1,0,0,0,-0.9562403661409046,-0.8811217809799272,0.0,0,0,0,1,0,1,0,0,0,0,0,0,0,1,0
-1.3856982626475611,1.2330894836697184,1,0,1,0,1.6431708947710744,0.2985241478694439,0.0,0,0,0,0,1,0,0,0,1,0,0,1,0,0,0
-1.031885510125808,1.3260403777121665,0,0,1,0,-0.23418168255424376,-1.4709447454046127,0.0,0,0,1,0,0,1,0,0,0,0,0,0,0,0,1
0.9788245518494821,0.2413604233158669,1,0,1,1,-0.23418168255424376,-0.29129881655524165,0.0,0,0,0,0,1,0,1,0,0,1,0,0,0,0,0
-1.3416071479807512,-0.7552303920449351,1,0,1,0,0.9211122111844136,-0.8811217809799272,0.0,0,0,0,1,0,1,0,0,0,0,0,0,0,1,0
0.28490431756118095,1.5081406871480116,1,0,1,0,-0.6674168927062403,0.2985241478694439,0.0,0,0,0,0,1,0,0,0,1,0,0,1,0,0,0
-1.4279188875556887,0.47213862375214827,1,0,1,0,-0.6674168927062403,0.2985241478694439,0.0,0,0,1,0,0,0,1,0,0,0,0,1,0,0,0
-0.8977276913965374,-1.6076494831304937,0,0,0,0,0.3434652643150849,-0.29129881655524165,0.0,0,0,0,1,0,0,0,0,1,1,0,0,0,0,0
-0.9378680519936071,-0.8293118149699836,1,0,0,0,1.2099356846190779,-0.29129881655524165,0.0,0,0,1,0,0,0,0,1,0,1,0,0,0,0,0
1.2679742986014588,-0.8237518291907591,1,0,1,0,-1.6782990497275654,-1.4709447454046127,0.0,0,0,0,0,1,1,0,0,0,0,0,0,0,0,1
1.6280138590862279,-0.4417678759585408,1,0,1,0,1.0655239479017458,0.8883471122941295,0.0,0,0,1,0,0,1,0,0,0,0,0,0,1,0,0
0.7431358497704249,0.5748216479414873,1,0,0,0,-0.6674168927062403,0.8883471122941295,0.0,0,0,0,0,1,0,0,0,1,0,0,0,1,0,0
-1.2019182735538443,-1.3513039682427697,1,0,1,0,-0.3785934192715759,-0.29129881655524165,0.0,0,0,0,0,1,0,0,0,1,1,0,0,0,0,0
-0.43273092987318074,-1.1125435246567796,1,0,1,0,-0.6674168927062403,-0.29129881655524165,0.0,0,0,0,0,1,0,1,0,0,1,0,0,0,0,0
-1.5437389141647928,1.2154871721020024,1,0,1,0,-0.5230051559889081,1.478170076718815,0.0,0,0,1,0,0,1,0,0,0,0,1,0,0,0,0
-0.9789523980763668,-0.07284342420775715,1,0,1,1,-0.3785934192715759,-0.29129881655524165,0.0,0,0,0,0,1,0,1,0,0,1,0,0,0,0,0
-1.5476616982942164,-0.30974191906768145,0,0,1,1,-1.5338873130102333,-0.8811217809799272,0.0,0,0,1,0,0,0,0,0,1,0,0,0,0,1,0
-0.8996436323082345,1.65177796317781,1,0,0,0,-1.389475576292901,-0.8811217809799272,0.0,0,0,1,0,0,0,1,0,0,0,0,0,0,1,0
-0.9010211518688342,0.5527713477503918,1,0,1,0,0.48787700103241705,-1.4709447454046127,0.0,0,0,1,0,0,1,0,0,0,0,0,0,0,0,1
-1.4271182480141218,-0.3242065022266567,1,0,0,0,-0.8118286294235724,-0.8811217809799272,0.0,0,0,0,1,0,0,0,1,0,0,0,0,0,1,0
-1.1834301430044756,-1.3831467395116934,1,0,1,1,0.6322887377497493,-1.4709447454046127,0.0,0,0,1,0,0,0,1,0,0,0,0,0,0,0,1
1.4542541011109853,-0.1363393238198017,1,0,1,0,0.6322887377497493,0.8883471122941295,0.0,0,0,0,1,0,1,0,0,0,0,0,0,1,0,0
0.5787530142863712,-1.41946335980297,0,0,1,0,-1.1006521028582368,0.8883471122941295,0.0,0,0,0,0,1,1,0,0,0,0,0,0,1,0,0
0.6633620837445268,1.4897108428131554,0,0,0,0,1.4987591580537423,1.478170076718815,0.0,0,0,0,1,0,1,0,0,0,0,1,0,0,0,0
0.6145510416492661,0.3457416137044418,1,0,1,0,0.05464179088042058,-1.4709447454046127,0.0,0,0,0,1,0,1,0,0,0,0,0,0,0,0,1
-0.3706656323103222,-0.2587969330906001,0,0,1,1,0.3434652643150849,-0.29129881655524165,0.0,0,0,1,0,0,0,0,0,1,1,0,0,0,0,0
0.43473229535290814,1.0978223567742256,1,0,1,0,0.19905352759775274,-0.8811217809799272,0.0,0,0,0,1,0,0,1,0,0,0,0,0,0,1,0
-0.4099319322724934,0.5600294997288526,1,0,1,0,1.0655239479017458,-0.29129881655524165,0.0,0,0,0,1,0,0,0,1,0,1,0,0,0,0,0
-1.3583646384730215,1.1567926865659715,1,0,1,0,-0.6674168927062403,-1.4709447454046127,0.0,0,0,1,0,0,0,0,0,1,0,0,0,0,0,1
0.5449233714732672,0.6423862503253054,0,0,1,0,-0.3785934192715759,-0.8811217809799272,0.0,0,0,0,1,0,0,0,0,1,0,0,0,0,1,0
-0.32786463114062214,0.5539350657041829,1,0,1,0,-1.389475576292901,-1.4709447454046127,0.0,0,0,0,0,1,0,0,1,0,0,0,0,0,0,1
0.05506832549340275,-0.13089139976946054,1,0,1,0,-0.3785934192715759,0.8883471122941295,0.0,0,0,1,0,0,0,0,1,0,0,0,0,1,0,0
-1.116816233897606,0.9836400751748312,1,0,1,0,-1.2450638395755689,-0.8811217809799272,0.0,0,0,1,0,0,0,1,0,0,0,0,0,0,1,0
1.7302125247610767,0.803953402976479,1,0,0,0,-1.389475576292901,-1.4709447454046127,0.0,0,0,1,0,0,0,1,0,0,0,0,0,0,0,1
-1.4687899628435332,1.2260382148830433,1,0,1,0,0.9211122111844136,1.478170076718815,0.0,0,0,1,0,0,0,0,1,0,0,1,0,0,0,0
-0.5988548941419519,1.140767859335617,1,0,1,0,0.9211122111844136,1.478170076718815,0.0,0,0,0,1,0,0,0,0,1,0,1,0,0,0,0
-0.2744210676804005,0.021753915235980664,1,0,1,0,0.6322887377497493,1.478170076718815,0.0,0,0,0,1,0,1,0,0,0,0,1,0,0,0,0
0.7809582015637444,0.4554500462814833,0,0,1,0,1.35434742133641,-0.8811217809799272,0.0,0,0,0,1,0,0,0,1,0,0,0,0,0,1,0
0.23799173516491953,-1.2459659430921886,1,0,1,0,1.0655239479017458,0.8883471122941295,0.0,0,0,1,0,0,0,1,0,0,0,0,0,1,0,0
-0.48445783824646216,1.0989343539300704,0,0,0,0,1.35434742133641,-1.4709447454046127,0.0,0,0,1,0,0,0,1,0,0,0,0,0,0,0,1
0.6258299200819936,-0.777203111039111,1,0,0,0,-0.08976994583691159,-0.8811217809799272,0.0,0,0,0,0,1,1,0,0,0,0,0,0,0,1,0
-1.4814498570794004,-0.007002848422148657,0,0,1,0,0.6322887377497493,0.2985241478694439,0.0,0,0,0,0,1,0,1,0,0,0,0,1,0,0,0
-0.8855258049333573,1.0891505029852337,1,0,1,0,1.2099356846190779,-1.4709447454046127,0.0,0,0,0,0,1,1,0,0,0,0,0,0,0,0,1
-1.2379365641967335,1.3839245707470405,0,0,0,0,1.6431708947710744,-1.4709447454046127,0.0,0,0,0,1,0,1,0,0,0,0,0,0,0,0,1
1.7065289777978725,0.9265316941091524,0,0,1,0,1.35434742133641,-0.8811217809799272,0.0,0,0,0,0,1,0,0,1,0,0,0,0,0,1,0
0.9224476408985417,0.16243448564985005,1,0,1,1,0.19905352759775274,-1.4709447454046127,0.0,0,0,0,0,1,1,0,0,0,0,0,0,0,0,1
0.6397274841768765,-1.470934173892505,1,0,1,0,0.48787700103241705,0.8883471122941295,0.0,0,0,0,0,1,0,0,1,0,0,0,0,1,0,0
1.5896810558821275,0.9612622099300759,1,0,1,0,0.19905352759775274,0.8883471122941295,0.0,0,0,1,0,0,0,0,0,1,0,0,0,1,0,0
-0.8638036500348646,-1.1293700242553013,1,0,1,0,-0.8118286294235724,0.2985241478694439,0.0,0,0,0,0,1,0,0,0,1,0,0,1,0,0,0
-0.9886334936685004,0.5083949031124874,0,0,1,0,1.35434742133641,-0.29129881655524165,0.0,0,0,1,0,0,0,0,1,0,1,0,0,0,0,0
1.2433712398503418,0.5384791672512378,1,0,0,0,1.4987591580537423,-1.4709447454046127,0.0,0,0,1,0,0,0,0,1,0,0,0,0,0,0,1
-0.9590098306305272,-0.6954239093530584,1,0,1,0,1.4987591580537423,0.2985241478694439,0.0,0,0,1,0,0,0,0,1,0,0,0,1,0,0,0
0.5776237279460827,-1.579978856229236,1,0,0,0,1.2099356846190779,-0.29129881655524165,0.0,0,0,1,0,0,0,0,1,0,1,0,0,0,0,0
-1.3052042706585067,0.11541166018369474,1,0,0,0,0.48787700103241705,-1.4709447454046127,0.0,0,0,0,1,0,0,0,1,0,0,0,0,0,0,1
0.059428139940275564,-0.6992340081351007,1,0,0,0,0.48787700103241705,-0.29129881655524165,0.0,0,0,0,0,1,0,1,0,0,1,0,0,0,0,0
-1.1289307142972966,-0.3801166848065803,0,0,1,0,-1.5338873130102333,-0.29129881655524165,0.0,0,0,0,1,0,1,0,0,0,1,0,0,0,0,0
-0.458452786236968,1.7306521800458803,1,0,1,1,0.9211122111844136,0.2985241478694439,0.0,0,0,1,0,0,1,0,0,0,0,0,1,0,0,0
1.717419773308705,1.0352315711262414,0,0,1,0,0.7767004744670813,-1.4709447454046127,0.0,0,0,0,0,1,0,0,1,0,0,0,0,0,0,1
-1.6610693175510012,0.3078647493417859,0,0,1,0,-0.9562403661409046,0.2985241478694439,0.0,0,0,0,1,0,0,1,0,0,0,0,1,0,0,0
-1.7038073863549885,-0.2943205011467004,1,0,0,0,-1.2450638395755689,1.478170076718815,0.0,0,0,0,1,0,0,0,0,1,0,1,0,0,0,0
0.05470471626928507,-0.948554114635122,1,0,1,0,-0.8118286294235724,-0.8811217809799272,0.0,0,0,0,0,1,0,0,1,0,0,0,0,0,1,0
-0.7713350273477035,-1.1762807879925732,1,0,1,0,0.7767004744670813,1.478170076718815,0.0,0,0,0,0,1,0,0,1,0,0,1,0,0,0,0
1.3062791318652418,-0.6363415178324296,1,0,1,1,-1.389475576292901,0.8883471122941295,0.0,0,0,0,1,0,0,0,0,1,0,0,0,1,0,0
-1.2665253394429872,0.49612845386622906,1,0,0,0,1.0655239479017458,-0.8811217809799272,0.0,0,0,1,0,0,0,1,0,0,0,0,0,0,1,0
-1.7055030639866913,1.405983491071127,1,0,1,0,-0.5230051559889081,-0.29129881655524165,0.0,0,0,0,0,1,0,0,0,1,1,0,0,0,0,0
1.6460474781054497,-0.5703888803179371,1,0,0,0,0.9211122111844136,-0.8811217809799272,0.0,0,0,1,0,0,0,0,1,0,0,0,0,0,1,0
-0.6175877616690923,-1.3761989123209104,0,0,1,0,-0.9562403661409046,0.8883471122941295,0.0,0,0,1,0,0,1,0,0,0,0,0,0,1,0,0
1.5905271465767092,1.075797916982104,1,0,1,0,0.3434652643150849,-0.29129881655524165,0.0,0,0,0,1,0,1,0,0,0,1,0,0,0,0,0
0.9400966732384083,0.38678206687481154,1,1,1,1,1.0655239479017458,0.2985241478694439,0.0,0,0,0,0,1,0,1,0,0,0,0,1,0,0,0
-0.48131821244590745,-0.2625122104097409,1,0,0,0,-1.389475576292901,-1.4709447454046127,0.0,0,0,0,1,0,1,0,0,0,0,0,0,0,0,1
0.08483533447549942,-0.038285311046654294,1,0,1,0,-0.3785934192715759,0.8883471122941295,0.0,0,0,0,0,1,0,1,0,0,0,0,0,1,0,0
1.3630091633126813,0.12498862793674688,1,0,1,1,1.2099356846190779,0.2985241478694439,0.0,0,0,0,1,0,1,0,0,0,0,0,1,0,0,0
0.544084273263765,-1.1014580336302946,1,0,1,0,-0.3785934192715759,-0.8811217809799272,0.0,0,0,0,1,0,1,0,0,0,0,0,0,0,1,0
1.4975096138108321,-0.409321695380244,1,0,1,0,-1.2450638395755689,0.8883471122941295,0.0,0,0,0,1,0,0,1,0,0,0,0,0,1,0,0
-1.1307767303582017,0.01836620297049976,1,0,1,0,-0.9562403661409046,1.478170076718815,0.0,0,0,1,0,0,1,0,0,0,0,1,0,0,0,0
-0.5344855727455013,0.6327920423062712,1,0,0,0,0.6322887377497493,0.2985241478694439,0.0,0,0,0,1,0,0,0,0,1,0,0,1,0,0,0
0.9265836958228804,-0.6451081930843234,1,0,1,0,-1.2450638395755689,0.2985241478694439,0.0,0,0,0,1,0,1,0,0,0,0,0,1,0,0,0
-0.5059002937417875,-1.0359105423663815,1,0,0,1,1.2099356846190779,-0.8811217809799272,0.0,0,0,0,1,0,0,0,1,0,0,0,0,0,1,0
-1.5251913474922507,-0.9340895314761469,0,0,1,0,1.35434742133641,-0.8811217809799272,0.0,0,0,0,1,0,0,0,0,1,0,0,0,0,1,0
-0.9469547863540099,0.8501055950105388,1,0,1,0,0.9211122111844136,-0.29129881655524165,0.0,0,0,0,1,0,1,0,0,0,1,0,0,0,0,0
1.041963195871996,0.6225254639139356,1,0,1,0,1.0655239479017458,-0.29129881655524165,0.0,0,0,0,1,0,0,0,0,1,1,0,0,0,0,0
-0.46057850170104064,1.6808967724215638,1,0,1,0,-0.5230051559889081,0.8883471122941295,0.0,0,0,0,0,1,1,0,0,0,0,0,0,1,0,0
-0.3736898821070703,-1.0767268720789838,0,0,1,0,-0.9562403661409046,-0.8811217809799272,0.0,0,0,0,1,0,0,0,0,1,0,0,0,0,1,0
0.0002507387151208915,1.5261222845673341,1,0,1,0,-1.389475576292901,1.478170076718815,0.0,0,0,0,0,1,0,1,0,0,0,1,0,0,0,0
-1.7131423539357022,-1.4438152355026748,0,0,1,0,1.6431708947710744,-0.29129881655524165,0.0,0,0,1,0,0,0,0,1,0,1,0,0,0,0,0
1.0456552279938065,-0.6041022204459178,1,0,1,0,1.6431708947710744,0.8883471122941295,0.0,0,0,0,0,1,0,0,0,1,0,0,0,1,0,0
-0.09396600524183667,1.0516529244741841,1,0,0,1,1.0655239479017458,0.2985241478694439,0.0,0,0,1,0,0,0,1,0,0,0,0,1,0,0,0
-0.32365165888041225,-1.7017899555257063,1,0,1,0,-0.8118286294235724,-0.8811217809799272,0.0,0,0,1,0,0,0,0,1,0,0,0,0,0,1,0
0.25430520285466135,0.2419983131572041,1,0,1,0,-0.9562403661409046,1.478170076718815,0.0,0,0,0,0,1,1,0,0,0,0,1,0,0,0,0
1.2456682711988545,1.6876980573514986,1,1,0,1,-0.6674168927062403,1.478170076718815,0.0,0,0,0,1,0,0,0,1,0,0,1,0,0,0,0
1.711595033237743,-0.33061988117199453,0,0,1,0,-1.2450638395755689,1.478170076718815,0.0,0,0,1,0,0,0,0,0,1,0,1,0,0,0,0
0.32997088389653756,0.6939691261437243,1,0,1,0,-1.2450638395755689,-1.4709447454046127,0.0,0,0,0,0,1,0,0,1,0,0,0,0,0,0,1
-0.8124508396133195,-0.27480452005497213,1,0,1,0,-1.389475576292901,-0.8811217809799272,0.0,0,0,0,0,1,0,0,0,1,0,0,0,0,1,0
-0.2405459737142818,1.3203166094061125,1,0,1,0,0.9211122111844136,1.478170076718815,0.0,0,0,0,0,1,0,0,0,1,0,1,0,0,0,0
-0.0038328725711237565,0.5500129051932573,0,0,1,0,-0.08976994583691159,0.8883471122941295,0.0,0,0,0,1,0,0,0,1,0,0,0,0,1,0,0
-0.9622718249199677,-0.6527456309143899,1,0,1,0,1.0655239479017458,-1.4709447454046127,0.0,0,0,1,0,0,1,0,0,0,0,0,0,0,0,1
1.1132935361647762,-1.149756638779125,1,0,0,0,0.3434652643150849,0.8883471122941295,0.0,0,0,1,0,0,0,0,1,0,0,0,0,1,0,0
-0.10369604822952452,-0.245815012806085,0,0,1,0,-0.08976994583691159,-1.4709447454046127,0.0,0,0,1,0,0,0,0,0,1,0,0,0,0,0,1
-0.954782873400159,1.6764746441971572,0,0,1,1,0.48787700103241705,-0.29129881655524165,0.0,0,0,0,0,1,0,1,0,0,1,0,0,0,0,0
0.6697846812897594,0.9587451310966912,1,0,1,0,1.2099356846190779,1.478170076718815,0.0,0,0,1,0,0,0,0,1,0,0,1,0,0,0,0
0.07300754596405563,0.46864746989077455,1,0,1,0,-1.2450638395755689,-1.4709447454046127,0.0,0,0,1,0,0,0,0,0,1,0,0,0,0,0,1
-1.6134644791319002,-1.30952218363517,0,0,0,0,1.4987591580537423,-0.29129881655524165,0.0,0,0,0,1,0,0,0,0,1,1,0,0,0,0,0
1.290000626600896,-0.8642319737167107,1,0,1,0,-1.2450638395755689,1.478170076718815,0.0,0,0,0,0,1,0,0,0,1,0,1,0,0,0,0
1.4454680436089873,1.025240836989619,1,0,1,0,1.0655239479017458,-1.4709447454046127,0.0,0,0,0,1,0,1,0,0,0,0,0,0,0,0,1
-0.890021972839274,0.7202088109684681,1,0,1,1,-0.08976994583691159,0.8883471122941295,0.0,0,0,0,1,0,0,0,0,1,0,0,0,1,0,0
-0.09200111693458532,0.8229176955567801,1,0,1,0,-1.6782990497275654,0.8883471122941295,0.0,0,0,0,1,0,0,1,0,0,0,0,0,1,0,0
1.1365785114784672,-0.07532602250917847,1,0,0,1,-1.389475576292901,0.8883471122941295,0.0,0,0,0,1,0,0,0,0,1,0,0,0,1,0,0
-1.0864653524113976,-1.4428066799427224,0,0,1,0,-1.1006521028582368,-1.4709447454046127,0.0,0,0,1,0,0,1,0,0,0,0,0,0,0,0,1
0.9185283530116577,0.5987856176565951,0,0,0,0,-0.8118286294235724,0.8883471122941295,0.0,0,0,0,0,1,0,1,0,0,0,0,0,1,0,0
1.3657746911614994,-0.8128904616220413,1,0,1,1,-1.389475576292901,1.478170076718815,0.0,0,0,0,1,0,0,1,0,0,0,1,0,0,0,0
1.130778245105282,-1.567367601663336,1,0,1,0,-0.08976994583691159,-1.4709447454046127,0.0,0,0,1,0,0,1,0,0,0,0,0,0,0,0,1
-0.583890976072493,1.4445758264720392,1,0,0,0,-1.2450638395755689,-1.4709447454046127,0.0,0,0,0,0,1,0,0,0,1,0,0,0,0,0,1
-0.6276499476980415,-0.7386538763031538,1,0,1,0,-1.5338873130102333,-0.8811217809799272,0.0,0,0,0,0,1,0,0,0,1,0,0,0,0,1,0
1.1465987425969413,-0.7689881242986445,1,0,1,0,-0.08976994583691159,-0.29129881655524165,0.0,0,0,0,0,1,0,0,1,0,1,0,0,0,0,0
0.1898729490924982,0.3271566069757468,1,0,1,1,-1.389475576292901,1.478170076718815,0.0,0,0,0,0,1,0,0,0,1,0,1,0,0,0,0
0.14653702281424047,-0.6333417115515456,1,0,1,0,-0.08976994583691159,-1.4709447454046127,0.0,0,0,0,1,0,0,1,0,0,0,0,0,0,0,1
-1.2257067077932364,0.07647451946314023,0,0,1,1,0.6322887377497493,-0.8811217809799272,0.0,0,0,0,1,0,1,0,0,0,0,0,0,0,1,0
1.7238283858837795,-0.7122590290845708,1,0,1,0,-0.08976994583691159,-0.8811217809799272,0.0,0,0,1,0,0,0,0,0,1,0,0,0,0,1,0
0.6606944506868171,-0.82788087289347,1,0,0,0,0.48787700103241705,0.8883471122941295,0.0,0,0,1,0,0,1,0,0,0,0,0,0,1,0,0
0.531431371512977,-1.603046332113275,1,0,0,1,-1.1006521028582368,-0.8811217809799272,0.0,0,0,1,0,0,1,0,0,0,0,0,0,0,1,0
0.03398947922219533,1.3187218848027686,1,0,1,0,-1.6782990497275654,1.478170076718815,0.0,0,0,1,0,0,0,1,0,0,0,1,0,0,0,0
1.6230841571054013,1.7323503462451166,1,0,1,1,-1.1006521028582368,-0.29129881655524165,0.0,0,0,0,0,1,0,1,0,0,1,0,0,0,0,0
-0.6906767119592884,-0.4945575703957062,1,0,1,0,1.6431708947710744,0.8883471122941295,0.0,0,0,0,1,0,1,0,0,0,0,0,0,1,0,0
1.5679029611030018,1.1992985623448185,1,1,1,0,-0.3785934192715759,-0.29129881655524165,0.0,0,0,0,0,1,1,0,0,0,1,0,0,0,0,0
-1.3858416085916845,-1.1024838294562291,1,0,1,0,1.2099356846190779,-0.29129881655524165,0.0,0,0,0,0,1,0,1,0,0,1,0,0,0,0,0
1.0236708549048443,-1.056848845401632,0,0,1,0,1.2099356846190779,0.8883471122941295,0.0,0,0,0,0,1,0,1,0,0,0,0,0,1,0,0
-1.186968340454544,1.6364513667197307,1,0,1,0,0.48787700103241705,1.478170076718815,0.0,0,0,0,0,1,0,0,0,1,0,1,0,0,0,0
-1.225951444771008,-0.4204071864067292,1,0,0,0,1.2099356846190779,0.2985241478694439,0.0,0,0,0,1,0,0,0,1,0,0,0,1,0,0,0
-0.6501202985000072,1.6345807978606737,1,0,1,0,1.6431708947710744,-0.8811217809799272,0.0,0,0,1,0,0,0,0,0,1,0,0,0,0,1,0
-0.4732034335115116,0.20141472703535995,1,0,1,1,1.2099356846190779,0.2985241478694439,0.0,0,0,0,0,1,1,0,0,0,0,0,1,0,0,0
0.9515188976152593,0.7013134794520954,1,0,1,1,0.19905352759775274,-1.4709447454046127,0.0,0,0,0,1,0,1,0,0,0,0,0,0,0,0,1
-1.4449700624212847,-1.2601891625274142,1,0,1,0,1.35434742133641,0.2985241478694439,0.0,0,0,0,0,1,0,0,1,0,0,0,1,0,0,0
-0.9129922863244014,-1.6716539705890097,1,0,1,1,0.7767004744670813,1.478170076718815,0.0,0,0,1,0,0,1,0,0,0,0,1,0,0,0,0
0.6300603735549015,1.6304603742909538,1,0,1,0,0.19905352759775274,0.2985241478694439,0.0,0,0,0,0,1,0,0,1,0,0,0,1,0,0,0
-1.5913332638562752,-1.0104466695108318,1,0,1,0,0.19905352759775274,-0.8811217809799272,0.0,0,0,0,0,1,0,0,0,1,0,0,0,0,1,0
0.06414107488364737,-1.0912345559029142,1,0,1,0,0.7767004744670813,0.8883471122941295,0.0,0,0,0,0,1,0,0,1,0,0,0,0,1,0,0
-1.0597365781962074,1.1700590712391907,1,0,1,0,0.48787700103241705,-0.29129881655524165,0.0,0,0,1,0,0,0,0,1,0,1,0,0,0,0,0
1.7028229607059036,0.6268786310744139,1,0,1,1,1.35434742133641,-1.4709447454046127,0.0,0,0,0,0,1,0,0,0,1,0,0,0,0,0,1
0.17242669881992792,0.13681545040046172,1,0,1,0,0.48787700103241705,-0.29129881655524165,0.0,0,0,0,1,0,0,0,1,0,1,0,0,0,0,0
0.3204820816440815,-1.1537736207529525,1,0,1,0,0.7767004744670813,-1.4709447454046127,0.0,0,0,0,0,1,1,0,0,0,0,0,0,0,0,1
-0.485534680948657,0.4687250510876941,1,0,0,0,-0.08976994583691159,-0.29129881655524165,0.0,0,0,1,0,0,0,0,1,0,1,0,0,0,0,0
0.7984848654147252,0.9896569280025816,1,0,1,0,-0.6674168927062403,0.8883471122941295,0.0,0,0,1,0,0,1,0,0,0,0,0,0,1,0,0
0.5052864698018991,0.6365762806893406,1,0,1,0,-1.6782990497275654,1.478170076718815,0.0,0,0,0,0,1,0,1,0,0,0,1,0,0,0,0
-1.066452860114766,0.05493280711851664,1,0,1,0,1.6431708947710744,-0.29129881655524165,0.0,0,0,0,1,0,0,1,0,0,1,0,0,0,0,0
0.4768480329848479,1.3667360255628944,1,0,1,0,1.35434742133641,-0.29129881655524165,0.0,0,0,0,1,0,0,0,0,1,1,0,0,0,0,0
-0.7922950013725647,-0.6541765729909037,0,0,1,1,1.6431708947710744,1.478170076718815,0.0,0,0,0,0,1,1,0,0,0,0,1,0,0,0,0
-1.538428121747151,0.858898130661406,1,0,1,1,-1.389475576292901,-0.8811217809799272,0.0,0,0,1,0,0,0,0,1,0,0,0,0,0,1,0
-0.7554446050052525,0.28617649473631446,1,1,1,1,0.6322887377497493,-0.29129881655524165,0.0,0,0,1,0,0,0,0,0,1,1,0,0,0,0,0
1.1734044341480023,-0.35242881763934086,1,0,1,0,0.05464179088042058,-0.8811217809799272,0.0,0,0,0,0,1,1,0,0,0,0,0,0,0,1,0
1.513410524880902,0.2437223397554133,1,0,1,0,0.7767004744670813,-1.4709447454046127,0.0,0,0,0,1,0,1,0,0,0,0,0,0,0,0,1
1.257366698736333,-0.6069899649979181,1,0,0,0,1.4987591580537423,-0.8811217809799272,0.0,0,0,0,1,0,0,0,0,1,0,0,0,0,1,0
0.5574469122500904,0.8450541970777863,1,0,1,0,0.7767004744670813,-1.4709447454046127,0.0,0,0,0,1,0,1,0,0,0,0,0,0,0,0,1
-0.5214271068601208,-1.1558165922718302,0,0,0,0,1.4987591580537423,0.2985241478694439,0.0,0,0,0,1,0,0,1,0,0,0,0,1,0,0,0
-0.8688871866874331,1.6211937313255795,1,0,1,0,0.7767004744670813,0.2985241478694439,0.0,0,0,1,0,0,0,0,0,1,0,0,1,0,0,0
-0.5544176514637223,0.7247602411877402,1,0,0,0,1.0655239479017458,-0.8811217809799272,0.0,0,0,0,0,1,0,0,1,0,0,0,0,0,1,0
0.3559304847530171,-0.5569587131178876,0,0,0,0,-0.23418168255424376,1.478170076718815,0.0,0,0,0,1,0,0,1,0,0,0,1,0,0,0,0
-1.0823747486400734,0.867190698598792,1,0,1,0,0.6322887377497493,-0.29129881655524165,0.0,0,0,1,0,0,0,1,0,0,1,0,0,0,0,0
-0.13007170194821585,-0.449827700305169,1,0,0,1,-1.2450638395755689,-0.29129881655524165,0.0,0,0,0,1,0,0,1,0,0,1,0,0,0,0,0
0.16270714455985905,0.2242925599935958,1,1,1,0,-1.389475576292901,-0.8811217809799272,0.0,0,0,0,1,0,0,1,0,0,0,0,0,0,1,0
0.48851499433947043,0.5383153847244079,1,0,1,1,1.0655239479017458,1.478170076718815,0.0,0,0,1,0,0,0,0,0,1,0,1,0,0,0,0
-1.4345792295936137,-1.2525000038994014,1,0,1,0,-1.5338873130102333,0.2985241478694439,0.0,0,0,0,1,0,0,1,0,0,0,0,1,0,0,0
-0.2029578701711152,-0.22114419218571124,1,0,1,0,-0.3785934192715759,-0.8811217809799272,0.0,0,0,0,1,0,1,0,0,0,0,0,0,0,1,0
0.4990002257157107,-0.9717939931789817,1,1,1,0,0.19905352759775274,-1.4709447454046127,0.0,0,0,0,0,1,0,0,1,0,0,0,0,0,0,1
1.4080652409204193,1.088279869553138,1,0,0,0,0.3434652643150849,-0.29129881655524165,0.0,0,0,0,1,0,0,0,1,0,1,0,0,0,0,0
-0.26659647687679083,0.770671069498051,1,0,1,0,-0.08976994583691159,0.8883471122941295,0.0,0,0,0,0,1,0,1,0,0,0,0,0,1,0,0
0.48174626878281807,1.0605833822529074,1,0,1,0,-0.5230051559889081,0.8883471122941295,0.0,0,0,0,0,1,1,0,0,0,0,0,0,1,0,0
-1.5221985638783593,-1.1441794127339182,1,0,1,0,0.3434652643150849,1.478170076718815,0.0,0,0,1,0,0,0,0,0,1,0,1,0,0,0,0
0.3958715595253298,0.7847736070714019,0,1,1,0,-0.8118286294235724,-0.29129881655524165,0.0,0,0,1,0,0,0,0,1,0,1,0,0,0,0,0
-1.4395334052722173,1.1168211298864907,1,0,1,0,0.7767004744670813,0.2985241478694439,0.0,0,0,0,0,1,1,0,0,0,0,0,1,0,0,0
0.17813606288708358,-0.3542735260994246,0,0,1,1,-0.5230051559889081,-0.8811217809799272,0.0,0,0,1,0,0,0,0,1,0,0,0,0,0,1,0
-1.4351491171275674,0.12450590048924796,1,0,1,0,-1.389475576292901,-1.4709447454046127,0.0,0,0,0,1,0,0,1,0,0,0,0,0,0,0,1
1.388014289955852,1.3993287484020394,1,0,1,1,1.4987591580537423,1.478170076718815,0.0,0,0,0,0,1,0,0,0,1,0,1,0,0,0,0
-1.0806580935531331,-1.3018761256721125,1,0,1,0,-0.6674168927062403,1.478170076718815,0.0,0,0,0,0,1,0,0,0,1,0,1,0,0,0,0
1.6029982437154382,-1.2686886136565856,1,0,0,0,-0.6674168927062403,-0.29129881655524165,0.0,0,0,1,0,0,0,0,1,0,1,0,0,0,0,0
-1.1255218778211933,0.4599325154368274,1,0,0,0,-1.389475576292901,0.2985241478694439,0.0,0,0,0,0,1,1,0,0,0,0,0,1,0,0,0
-0.39117109480503637,1.3281005894970268,1,0,1,0,0.19905352759775274,0.2985241478694439,0.0,0,0,0,1,0,0,1,0,0,0,0,1,0,0,0
-0.7008752514472816,0.16102940397230986,1,0,1,0,-1.5338873130102333,0.8883471122941295,0.0,0,0,0,1,0,0,0,1,0,0,0,0,1,0,0
0.49749684142368555,-0.3772203201215891,0,0,1,0,0.7767004744670813,-0.29129881655524165,0.0,0,0,0,1,0,1,0,0,0,1,0,0,0,0,0
-1.6840745934615247,1.6214264749163374,0,0,1,0,0.48787700103241705,-0.8811217809799272,0.0,0,0,0,0,1,0,0,1,0,0,0,0,0,1,0
0.4799946512704818,-1.4103260188324613,1,0,0,0,0.48787700103241705,0.2985241478694439,0.0,0,0,0,0,1,1,0,0,0,0,0,1,0,0,0
1.0741950558445055,-1.2012619334006245,0,0,0,0,0.19905352759775274,-0.29129881655524165,0.0,0,0,0,1,0,0,0,0,1,1,0,0,0,0,0
0.45709426263614633,-0.9855689656986731,1,0,1,0,-0.8118286294235724,-0.29129881655524165,0.0,0,0,0,1,0,0,0,1,0,1,0,0,0,0,0
0.1505926641601684,1.1086492438109796,0,0,0,1,-0.08976994583691159,-0.29129881655524165,0.0,0,0,0,0,1,0,1,0,0,1,0,0,0,0,0
-1.645206865148867,0.6685828344850938,1,0,1,0,-0.5230051559889081,0.2985241478694439,0.0,0,0,1,0,0,0,1,0,0,0,0,1,0,0,0
1.2204813399436247,-0.38565081018683184,1,0,1,0,0.3434652643150849,1.478170076718815,0.0,0,0,1,0,0,1,0,0,0,0,1,0,0,0,0
-1.6178802334594065,0.9844848482079541,1,0,0,0,0.6322887377497493,-0.8811217809799272,0.0,0,0,0,0,1,0,0,1,0,0,0,0,0,1,0
1.3887939520421813,-0.6043780647016314,1,0,0,0,-0.9562403661409046,0.8883471122941295,0.0,0,0,0,0,1,1,0,0,0,0,0,0,1,0,0
0.7653929297774753,-0.11272877955732664,1,0,1,0,-0.5230051559889081,-0.8811217809799272,0.0,0,0,1,0,0,0,1,0,0,0,0,0,0,1,0
1.7126264247869232,-1.7132547324037972,1,0,1,1,-0.08976994583691159,1.478170076718815,0.0,0,0,1,0,0,0,1,0,0,0,1,0,0,0,0
1.6628644047208931,-0.4921008324932582,1,0,1,0,1.2099356846190779,0.2985241478694439,0.0,0,0,1,0,0,0,1,0,0,0,0,1,0,0,0
-0.31344263066480016,0.12518689099554095,0,0,1,0,-0.5230051559889081,0.2985241478694439,0.0,0,0,0,1,0,0,1,0,0,0,0,1,0,0,0
-1.093800469259464,1.0458774353701834,0,0,0,0,0.7767004744670813,-0.29129881655524165,0.0,0,0,0,0,1,0,1,0,0,1,0,0,0,0,0
-0.7198598484372728,-1.2305617654371894,1,0,0,0,1.2099356846190779,0.2985241478694439,0.0,0,0,1,0,0,0,0,0,1,0,0,1,0,0,0
-0.001049863509607552,-0.30548357337010473,1,0,1,0,0.19905352759775274,-1.4709447454046127,0.0,0,0,0,1,0,1,0,0,0,0,0,0,0,0,1
-0.05379068221937119,-1.5092851455696685,1,0,1,0,-1.1006521028582368,1.478170076718815,0.0,0,0,1,0,0,0,1,0,0,0,1,0,0,0,0
0.853284970980309,-0.5519073151851346,0,0,1,0,1.35434742133641,0.8883471122941295,0.0,0,0,0,0,1,0,1,0,0,0,0,0,1,0,0
0.01691033441628271,1.5813945773059204,1,0,0,0,-0.23418168255424376,0.2985241478694439,0.0,0,0,1,0,0,0,0,1,0,0,0,1,0,0,0
0.18140854590414304,1.1212518782438887,0,0,1,0,1.0655239479017458,1.478170076718815,0.0,0,0,0,0,1,1,0,0,0,0,1,0,0,0,0
0.8056137039529555,1.568024751036808,1,0,1,0,-1.6782990497275654,-0.29129881655524165,0.0,0,0,0,1,0,1,0,0,0,1,0,0,0,0,0
-0.331200046523394,-0.1635875642044976,0,0,0,0,1.35434742133641,-1.4709447454046127,0.0,0,0,0,1,0,0,1,0,0,0,0,0,0,0,1
0.503269137856554,0.16458089876462068,1,0,1,1,-1.389475576292901,-0.29129881655524165,0.0,0,0,1,0,0,0,0,0,1,1,0,0,0,0,0
-0.5245877101159131,1.5349062000852094,1,0,0,0,1.6431708947710744,-0.29129881655524165,0.0,0,0,1,0,0,0,0,1,0,1,0,0,0,0,0
1.134872345119146,-1.4058866503420726,1,0,1,0,-1.6782990497275654,0.8883471122941295,0.0,0,0,0,0,1,1,0,0,0,0,0,0,1,0,0
0.25458839850036824,-0.906539586436764,1,0,1,0,1.0655239479017458,0.8883471122941295,0.0,0,0,0,1,0,0,0,0,1,0,0,0,1,0,0
-0.7607728786355924,-0.41853661754767213,0,1,1,0,-1.5338873130102333,-0.29129881655524165,0.0,0,0,1,0,0,0,1,0,0,1,0,0,0,0,0
0.049400916336722465,1.3502026104860687,0,0,1,0,-0.23418168255424376,-1.4709447454046127,0.0,0,0,1,0,0,1,0,0,0,0,0,0,0,0,1
0.18870520408427402,1.6802502624472353,1,0,1,0,-1.2450638395755689,-0.29129881655524165,0.0,0,0,1,0,0,0,1,0,0,1,0,0,0,0,0
1.5447858054312114,0.5751836935271113,0,0,1,0,1.0655239479017458,0.8883471122941295,0.0,0,0,0,1,0,0,0,0,1,0,0,0,1,0,0
1.155619048349092,-0.6811575892528773,1,0,1,1,-0.9562403661409046,1.478170076718815,0.0,0,0,0,0,1,0,0,0,1,0,1,0,0,0,0
-1.2134978288449771,0.16920129004782142,1,0,1,0,1.6431708947710744,-0.29129881655524165,0.0,0,0,1,0,0,0,0,0,1,1,0,0,0,0,0
-1.5408929727375638,-0.7092678429366781,1,0,1,1,-1.1006521028582368,-0.8811217809799272,0.0,0,0,0,0,1,1,0,0,0,0,0,0,0,1,0
-0.7503960307780798,0.5322123305667474,0,0,0,0,1.2099356846190779,-0.8811217809799272,0.0,0,0,0,1,0,0,1,0,0,0,0,0,0,1,0
-1.4291600536572444,1.7021367801115004,1,0,1,0,-0.5230051559889081,-0.8811217809799272,0.0,0,0,0,0,1,1,0,0,0,0,0,0,0,1,0
0.7130471864746857,-1.4404361433701847,1,0,1,1,-0.9562403661409046,1.478170076718815,0.0,0,0,0,1,0,0,0,0,1,0,1,0,0,0,0
-1.0357558506171378,1.424758140725625,0,0,1,0,-0.6674168927062403,0.8883471122941295,0.0,0,0,1,0,0,0,1,0,0,0,0,0,1,0,0
0.8191756287640375,-1.1667641611704587,0,0,0,1,1.0655239479017458,-0.8811217809799272,0.0,0,0,0,1,0,0,1,0,0,0,0,0,0,1,0
0.08720229067480417,1.557318545861929,1,0,0,0,0.9211122111844136,0.2985241478694439,0.0,0,0,1,0,0,0,0,0,1,0,0,1,0,0,0
-0.6673253080373451,-1.3161338256393025,1,0,1,0,-1.2450638395755689,-0.29129881655524165,0.0,0,0,1,0,0,0,1,0,0,1,0,0,0,0,0
1.6773108788944922,-1.6238208526216957,0,0,0,0,-0.8118286294235724,-1.4709447454046127,0.0,0,0,1,0,0,1,0,0,0,0,0,0,0,0,1
-0.723621805409875,1.3200149047514256,1,0,1,0,0.7767004744670813,-0.8811217809799272,0.0,0,0,0,1,0,0,0,0,1,0,0,0,0,1,0
-1.1505549744046804,1.0553509615273426,0,0,0,0,1.2099356846190779,-0.8811217809799272,0.0,0,0,0,0,1,1,0,0,0,0,0,0,0,1,0
-1.6006157877988951,-0.9310035238653525,0,0,1,1,-0.6674168927062403,0.2985241478694439,0.0,0,0,1,0,0,0,0,1,0,0,0,1,0,0,0
0.9229091449137679,-0.17770734204383093,0,0,1,1,1.6431708947710744,-0.29129881655524165,0.0,0,0,1,0,0,0,0,0,1,1,0,0,0,0,0
1.5614733710726902,-1.6399663617139248,1,0,1,0,0.6322887377497493,-0.8811217809799272,0.0,0,0,0,1,0,1,0,0,0,0,0,0,0,1,0
0.008984352579024885,1.5314150462238358,1,0,1,1,1.35434742133641,0.2985241478694439,0.0,0,0,0,1,0,1,0,0,0,0,0,1,0,0,0
-1.6217470777081964,-0.9304087346889703,1,0,1,0,-0.3785934192715759,-1.4709447454046127,0.0,0,0,1,0,0,0,0,1,0,0,0,0,0,0,1
-0.7431867786614386,1.5878769173151865,1,0,1,0,-0.23418168255424376,0.8883471122941295,0.0,0,0,1,0,0,1,0,0,0,0,0,0,1,0,0
0.4370503041566585,-0.6978806472555064,1,0,1,1,-0.5230051559889081,0.2985241478694439,0.0,0,0,0,0,1,0,0,1,0,0,0,1,0,0,0
-1.4652762390912422,1.5329666701622242,1,0,1,1,-0.08976994583691159,0.8883471122941295,0.0,0,0,0,0,1,0,0,0,1,0,0,0,1,0,0
0.09610022793806881,-1.6332512781139001,1,0,1,0,1.35434742133641,0.2985241478694439,0.0,0,0,0,0,1,0,1,0,0,0,0,1,0,0,0
-0.9553597534191919,-0.7558596617532815,1,0,1,0,-1.2450638395755689,1.478170076718815,0.0,0,0,0,1,0,0,0,1,0,0,1,0,0,0,0
0.07856307535946934,-1.2202003655819524,1,0,1,0,-0.3785934192715759,-1.4709447454046127,0.0,0,0,1,0,0,0,1,0,0,0,0,0,0,0,1
-0.32164831190522547,1.4453257780422601,1,0,1,1,0.19905352759775274,0.2985241478694439,0.0,0,0,1,0,0,0,0,0,1,0,0,1,0,0,0
0.4213067240008704,1.6486229945030875,1,0,0,0,0.7767004744670813,0.8883471122941295,0.0,0,0,0,1,0,0,1,0,0,0,0,0,1,0,0
-1.5322432686946104,0.24228277754590855,1,0,1,1,1.6431708947710744,-1.4709447454046127,0.0,0,0,1,0,0,0,0,0,1,0,0,0,0,0,1
-1.1824092401829143,-0.5465973132626504,1,0,0,0,1.2099356846190779,-0.29129881655524165,0.0,0,0,1,0,0,0,0,1,0,1,0,0,0,0,0
0.7813253070304014,-0.7222583833541845,1,0,1,0,0.3434652643150849,-0.8811217809799272,0.0,0,0,1,0,0,0,1,0,0,0,0,0,0,1,0
1.6578612816467349,-0.35183402846295864,1,0,1,0,-0.23418168255424376,-0.29129881655524165,0.0,0,0,1,0,0,0,0,0,1,1,0,0,0,0,0
-0.6051726044109967,-0.3830820105555002,1,0,1,0,1.4987591580537423,0.8883471122941295,0.0,0,0,0,1,0,1,0,0,0,0,0,0,1,0,0
0.7678053371297947,1.4601782671858328,1,0,0,0,-1.2450638395755689,-1.4709447454046127,0.0,0,0,0,0,1,1,0,0,0,0,0,0,0,0,1
-0.041955901222848056,0.5612276982146078,0,0,1,0,-1.2450638395755689,0.8883471122941295,0.0,0,0,0,0,1,0,0,1,0,0,0,0,1,0,0
-1.5857462682780055,-0.4616631429018751,1,0,1,0,-0.8118286294235724,-0.8811217809799272,0.0,0,0,1,0,0,1,0,0,0,0,0,0,0,1,0
-1.2290176494782312,-1.0760545017056824,1,1,0,0,-1.6782990497275654,-0.29129881655524165,0.0,0,0,0,0,1,0,0,1,0,1,0,0,0,0,0
1.7170246979017314,-0.20684339155356632,0,0,1,0,0.7767004744670813,-0.29129881655524165,0.0,0,0,0,1,0,0,0,1,0,1,0,0,0,0,0
-1.0873114431059792,-1.5778324431144657,1,0,0,1,0.3434652643150849,0.8883471122941295,0.0,0,0,0,1,0,0,1,0,0,0,0,0,1,0,0
-1.6454061509736235,-1.0516250448090583,1,0,1,0,0.6322887377497493,1.478170076718815,0.0,0,0,0,1,0,0,0,0,1,0,1,0,0,0,0
0.5499404795175836,0.8162457126217108,1,0,1,0,0.05464179088042058,1.478170076718815,0.0,0,0,1,0,0,0,0,1,0,0,1,0,0,0,0
-1.259581801759355,-0.7954950332461107,1,0,1,0,0.19905352759775274,-0.29129881655524165,0.0,0,0,1,0,0,0,0,1,0,1,0,0,0,0,0
-1.1288223307785692,-0.9438820025539751,0,1,1,0,0.9211122111844136,-1.4709447454046127,0.0,0,0,1,0,0,0,0,1,0,0,0,0,0,0,1
0.30905985726723045,0.2668415364373986,1,0,0,1,-1.1006521028582368,-1.4709447454046127,0.0,0,0,0,1,0,1,0,0,0,0,0,0,0,0,1
1.6024598223643411,-1.2113733493991212,0,0,1,0,0.05464179088042058,0.2985241478694439,0.0,0,0,0,0,1,0,1,0,0,0,0,1,0,0,0
-0.25947463082363953,-0.7992965118951618,0,0,0,0,-0.5230051559889081,-0.8811217809799272,0.0,0,0,1,0,0,0,1,0,0,0,0,0,0,1,0
1.4248646863231644,-0.6471080639382458,1,0,1,0,1.4987591580537423,0.8883471122941295,0.0,0,0,0,1,0,0,0,1,0,0,0,0,1,0,0
0.14022630503027467,-0.0054512244837602334,1,0,1,0,-1.389475576292901,1.478170076718815,0.0,0,0,1,0,0,0,0,1,0,0,1,0,0,0,0
-1.6862667375338494,0.08148281673093787,0,0,1,0,0.05464179088042058,1.478170076718815,0.0,0,0,0,1,0,0,1,0,0,0,1,0,0,0,0
-0.10249334079590461,1.1086578639439708,1,0,1,0,-0.23418168255424376,-1.4709447454046127,0.0,0,0,1,0,0,0,1,0,0,0,0,0,0,0,1
1.5665219452998622,-1.0013524292052782,1,0,1,0,-1.6782990497275654,0.8883471122941295,0.0,0,0,1,0,0,1,0,0,0,0,0,0,1,0,0
1.1306104254633815,0.09105116435099876,0,0,0,0,0.19905352759775274,-0.29129881655524165,0.0,0,0,0,1,0,0,1,0,0,1,0,0,0,0,0
0.4256770271753619,0.8543467004421336,1,0,0,1,-0.08976994583691159,0.8883471122941295,0.0,0,0,1,0,0,0,1,0,0,0,0,0,1,0,0
-0.7235064294060685,-0.48685979163470194,1,0,1,0,0.7767004744670813,0.8883471122941295,0.0,0,0,1,0,0,1,0,0,0,0,0,0,1,0,0
-0.9089681111613296,-0.6413067144352719,1,0,0,0,0.19905352759775274,-0.8811217809799272,0.0,0,0,0,0,1,0,0,1,0,0,0,0,0,1,0
-1.6447488573761802,0.29980492499515804,1,0,1,0,0.05464179088042058,0.2985241478694439,0.0,0,0,0,0,1,0,1,0,0,0,0,1,0,0,0
1.2530838016253314,-0.8160626705627462,1,0,1,1,-0.9562403661409046,-1.4709447454046127,0.0,0,0,0,0,1,0,0,0,1,0,0,0,0,0,1
1.6860025378479204,-0.3882368500841456,1,0,1,1,0.19905352759775274,-0.8811217809799272,0.0,0,0,1,0,0,0,0,0,1,0,0,0,0,1,0
0.8258289783168836,0.7269928556324212,1,0,1,0,-1.389475576292901,-0.8811217809799272,0.0,0,0,0,0,1,0,0,0,1,0,0,0,0,1,0
-0.6468827779083438,-0.6375828169831403,0,0,1,1,0.6322887377497493,-1.4709447454046127,0.0,0,0,0,0,1,0,0,1,0,0,0,0,0,0,1
1.0467530481512384,1.6770263327085837,1,0,1,1,-1.389475576292901,-1.4709447454046127,0.0,0,0,1,0,0,0,0,0,1,0,0,0,0,0,1
-1.7291691297371976,-0.4062615481684225,1,0,1,1,1.2099356846190779,-0.8811217809799272,0.0,0,0,0,1,0,0,1,0,0,0,0,0,0,1,0
0.5685439860707591,-0.3895815908307487,1,0,0,1,0.7767004744670813,-0.29129881655524165,0.0,0,0,1,0,0,0,0,0,1,1,0,0,0,0,0
1.2180479551360681,-1.2174764035567818,1,0,1,0,0.6322887377497493,0.8883471122941295,0.0,0,0,0,1,0,1,0,0,0,0,0,0,1,0,0
-0.45983380204010726,-0.5690355194383431,1,0,0,0,1.35434742133641,1.478170076718815,0.0,0,0,0,0,1,0,0,0,1,0,1,0,0,0,0
1.2367318752676544,-1.2763950125505807,1,0,1,0,0.48787700103241705,1.478170076718815,0.0,0,0,0,1,0,0,0,1,0,0,1,0,0,0,0
0.8869607791216706,-0.8786275958117574,0,0,1,0,-1.389475576292901,1.478170076718815,0.0,0,0,0,0,1,0,0,1,0,0,1,0,0,0,0
-1.2472785242625266,-1.518181122816428,1,0,0,0,-0.5230051559889081,-1.4709447454046127,0.0,0,0,0,1,0,0,0,0,1,0,0,0,0,0,1
-1.6180830155267028,0.9598485081195449,1,0,0,0,-1.2450638395755689,0.8883471122941295,0.0,0,0,0,1,0,1,0,0,0,0,0,0,1,0,0
-0.9256941354707435,-0.6770975066140946,1,0,0,0,-0.5230051559889081,1.478170076718815,0.0,0,0,1,0,0,0,0,1,0,0,1,0,0,0,0
1.0912462307101016,-1.477278591773915,1,0,1,1,-1.5338873130102333,-0.29129881655524165,0.0,0,0,1,0,0,0,0,1,0,1,0,0,0,0,0
0.9463899098096761,-0.687665789661117,1,0,0,0,-1.389475576292901,0.8883471122941295,0.0,0,0,0,0,1,1,0,0,0,0,0,0,1,0,0
1.19981155404955,-0.32969752694195287,1,0,1,0,1.35434742133641,0.8883471122941295,0.0,0,0,0,1,0,1,0,0,0,0,0,0,1,0,0
0.11526313329757899,-1.2986435758004702,0,0,1,0,1.4987591580537423,-0.29129881655524165,0.0,0,0,1,0,0,0,0,0,1,1,0,0,0,0,0
0.6882763080816681,-0.18478447122947966,1,0,1,0,1.6431708947710744,0.2985241478694439,0.0,0,0,1,0,0,0,1,0,0,0,0,1,0,0,0
0.6186136754802734,-1.5021131949211184,1,0,1,0,-1.1006521028582368,-1.4709447454046127,0.0,0,0,1,0,0,0,0,0,1,0,0,0,0,0,1
1.6014249345726213,0.1801316186804675,1,0,1,0,-1.389475576292901,1.478170076718815,0.0,0,0,1,0,0,0,0,0,1,0,1,0,0,0,0
0.2671329167324287,1.2786727469263692,1,0,1,0,-0.9562403661409046,-1.4709447454046127,0.0,0,0,0,1,0,0,0,0,1,0,0,0,0,0,1
1.1178106815259308,-0.37085004184120596,1,0,0,0,0.3434652643150849,0.8883471122941295,0.0,0,0,0,1,0,0,0,0,1,0,0,0,1,0,0
0.1890897907636294,0.5535040590546306,1,0,1,0,1.6431708947710744,0.2985241478694439,0.0,0,0,0,0,1,0,0,1,0,0,0,1,0,0,0
-0.3106421403905861,-1.604554855386708,0,0,1,0,0.9211122111844136,1.478170076718815,0.0,0,0,0,0,1,0,0,0,1,0,1,0,0,0,0
-0.9170968750658838,1.636908233768256,0,1,1,1,0.05464179088042058,-1.4709447454046127,0.0,0,0,1,0,0,0,0,1,0,0,0,0,0,0,1
-1.2050474106267803,-1.2187177027074925,1,0,1,0,0.6322887377497493,-0.8811217809799272,0.0,0,0,0,0,1,0,0,1,0,0,0,0,0,1,0
0.880744459886274,-0.6300833012809302,1,0,0,0,-0.3785934192715759,0.8883471122941295,0.0,0,0,1,0,0,0,1,0,0,0,0,0,1,0,0
-1.5560876428146362,-1.6922560884376092,1,0,1,0,1.0655239479017458,-0.8811217809799272,0.0,0,0,1,0,0,1,0,0,0,0,0,0,0,1,0
-0.3554989321735668,0.08766345208551786,1,0,1,0,1.6431708947710744,-0.29129881655524165,0.0,0,0,0,1,0,0,0,0,1,1,0,0,0,0,0
-0.008196183260536243,1.2406321000368836,0,0,0,0,-1.5338873130102333,-1.4709447454046127,0.0,0,0,0,1,0,1,0,0,0,0,0,0,0,0,1
-0.9190233047051998,-0.9880343237341125,1,0,0,0,-0.8118286294235724,-1.4709447454046127,0.0,0,0,0,0,1,1,0,0,0,0,0,0,0,0,1
0.2871419127865208,-0.87815348849725,1,0,0,1,-0.6674168927062403,1.478170076718815,0.0,0,0,0,0,1,0,0,0,1,0,1,0,0,0,0
0.6186101792377338,-1.6393629524045517,1,0,1,1,-0.3785934192715759,-1.4709447454046127,0.0,0,0,1,0,0,1,0,0,0,0,0,0,0,0,1
-0.9879517263732799,1.1132954954931538,1,0,0,0,0.9211122111844136,-0.8811217809799272,0.0,0,0,1,0,0,1,0,0,0,0,0,0,0,1,0
1.048483688208337,0.4863187425224187,0,0,1,0,1.35434742133641,-1.4709447454046127,0.0,0,0,0,1,0,0,1,0,0,0,0,0,0,0,1
-1.5284883042070874,1.2555535502443844,1,0,0,0,-0.3785934192715759,-1.4709447454046127,0.0,0,0,0,0,1,1,0,0,0,0,0,0,0,0,1
1.0095215613471105,0.2705223332245752,0,0,0,0,0.6322887377497493,0.2985241478694439,0.0,0,0,1,0,0,0,0,1,0,0,0,1,0,0,0
-0.05954899368208128,-1.2630769070794148,0,0,1,0,1.0655239479017458,0.8883471122941295,0.0,0,0,1,0,0,0,1,0,0,0,0,0,1,0,0
-0.0724885873211155,0.7329407473962429,0,0,1,0,0.05464179088042058,0.2985241478694439,0.0,0,0,0,0,1,1,0,0,0,0,0,1,0,0,0
0.5056815452088732,0.8640615903230423,1,0,0,0,-0.3785934192715759,-0.8811217809799272,0.0,0,0,1,0,0,0,0,1,0,0,0,0,0,1,0
-0.599085646149565,-0.06323197592274125,1,0,0,0,0.7767004744670813,1.478170076718815,0.0,0,0,0,0,1,0,0,1,0,0,1,0,0,0,0
-0.9117231502825291,1.295723369982658,1,0,1,0,1.35434742133641,0.2985241478694439,0.0,0,0,1,0,0,1,0,0,0,0,0,1,0,0,0
1.721150264098451,0.8129614419521223,1,0,1,0,-1.6782990497275654,-1.4709447454046127,0.0,0,0,0,1,0,0,0,1,0,0,0,0,0,0,1
-0.5367196717283014,0.682125063414027,0,0,1,1,-0.9562403661409046,1.478170076718815,0.0,0,0,1,0,0,0,0,1,0,0,1,0,0,0,0
-1.0907062946119241,-0.8868425825522243,1,0,0,0,0.6322887377497493,0.2985241478694439,0.0,0,0,0,0,1,0,1,0,0,0,0,1,0,0,0
-1.702101219995667,0.9094810710528634,1,0,0,0,-0.08976994583691159,-0.8811217809799272,0.0,0,0,0,0,1,0,0,1,0,0,0,0,0,1,0
-1.348725497791363,1.0130864494722447,1,0,1,1,1.35434742133641,1.478170076718815,0.0,0,0,0,0,1,0,0,0,1,0,1,0,0,0,0
1.5955232771657881,-0.3578164007587446,1,0,0,0,1.0655239479017458,1.478170076718815,0.0,0,0,0,0,1,0,0,1,0,0,1,0,0,0,0
1.0987526634426084,1.4774961143648442,0,0,1,0,0.48787700103241705,-1.4709447454046127,0.0,0,0,0,0,1,0,0,0,1,0,0,0,0,0,1
0.3911201659140226,-0.2245405245841834,1,0,0,0,-1.6782990497275654,1.478170076718815,0.0,0,0,1,0,0,0,0,1,0,0,1,0,0,0,0
1.2794035154633892,0.9096707139786665,1,0,1,0,-0.5230051559889081,0.2985241478694439,0.0,0,0,0,0,1,0,0,0,1,0,0,1,0,0,0
-0.4859297563556309,1.4046301301915323,1,0,1,0,-1.6782990497275654,-0.29129881655524165,0.0,0,0,1,0,0,0,0,0,1,1,0,0,0,0,0
-0.04156082581587399,0.12331632213648393,1,0,1,1,-0.6674168927062403,-1.4709447454046127,0.0,0,0,0,1,0,0,0,0,1,0,0,0,0,0,1
-0.0970357061915994,1.3929326097226833,0,0,1,0,0.9211122111844136,-1.4709447454046127,0.0,0,0,0,0,1,0,0,0,1,0,0,0,0,0,1
-0.545386856983953,0.22205994554891478,1,0,1,0,-1.1006521028582368,-1.4709447454046127,0.0,0,0,1,0,0,0,1,0,0,0,0,0,0,0,1
0.6062964130132864,-1.3786556502233585,1,0,1,0,-0.5230051559889081,1.478170076718815,0.0,0,0,1,0,0,0,0,0,1,0,1,0,0,0,0
0.3228105791754505,0.7058131888734213,1,0,1,1,1.35434742133641,0.8883471122941295,0.0,0,0,1,0,0,0,0,0,1,0,0,0,1,0,0
-0.20038113941943503,-0.328464847924233,1,0,0,1,1.6431708947710744,-0.29129881655524165,0.0,0,0,1,0,0,0,0,0,1,1,0,0,0,0,0
-1.1144737513960787,0.8234090431372698,1,0,1,0,1.35434742133641,-0.29129881655524165,0.0,0,0,1,0,0,1,0,0,0,1,0,0,0,0,0
0.5063598162615545,-0.44503490636214715,1,1,1,0,0.6322887377497493,-0.29129881655524165,0.0,0,0,0,0,1,0,0,0,1,1,0,0,0,0,0
0.09786233417802377,-1.311728937680878,1,0,0,1,-0.8118286294235724,0.2985241478694439,0.0,0,0,0,1,0,0,1,0,0,0,0,1,0,0,0
0.354986499267327,0.9090414442703202,0,0,1,0,0.48787700103241705,-0.29129881655524165,0.0,0,0,0,1,0,0,1,0,0,1,0,0,0,0,0
-0.22486882216674584,1.307179526727758,1,0,1,0,0.6322887377497493,-1.4709447454046127,0.0,0,0,0,0,1,0,0,0,1,0,0,0,0,0,1
1.481664642621396,-0.7373436160885148,1,0,0,0,0.7767004744670813,-0.29129881655524165,0.0,0,0,0,1,0,0,0,1,0,1,0,0,0,0,0
-0.001182720726112132,0.45765680032719097,1,0,1,0,1.0655239479017458,-1.4709447454046127,0.0,0,0,0,1,0,0,1,0,0,0,0,0,0,0,1
-0.5166057883980217,-0.5241418668209756,1,0,0,0,-0.6674168927062403,-0.8811217809799272,0.0,0,0,0,1,0,0,0,1,0,0,0,0,0,1,0
-0.6532389468453241,0.04420936167765546,1,0,0,1,-1.5338873130102333,-0.8811217809799272,0.0,0,0,1,0,0,0,0,0,1,0,0,0,0,1,0
-0.6474876278676934,0.019710943717102875,1,0,1,0,0.19905352759775274,1.478170076718815,0.0,0,0,1,0,0,1,0,0,0,0,1,0,0,0,0
-0.9418712497014413,-0.9229523196517156,1,0,1,0,-1.2450638395755689,1.478170076718815,0.0,0,0,1,0,0,0,0,1,0,0,1,0,0,0,0
-1.2648436467814428,-1.1817718127078696,1,0,1,0,0.7767004744670813,1.478170076718815,0.0,0,0,1,0,0,0,0,1,0,0,1,0,0,0,0
1.231928038018253,-1.5276977496385427,0,0,1,0,1.6431708947710744,-1.4709447454046127,0.0,0,0,0,1,0,1,0,0,0,0,0,0,0,0,1
-1.6389311097902972,-1.2480175347440574,1,0,1,0,1.6431708947710744,1.478170076718815,0.0,0,0,0,1,0,0,1,0,0,0,1,0,0,0,0
0.5664042856365281,-1.037531127368698,1,0,1,0,-0.5230051559889081,0.8883471122941295,0.0,0,0,1,0,0,0,1,0,0,0,0,0,1,0,0
-0.267557943575179,-0.900108967225444,1,0,1,1,0.9211122111844136,1.478170076718815,0.0,0,0,0,0,1,0,0,0,1,0,1,0,0,0,0
-0.6232376896130749,0.47431951739888306,1,1,1,0,0.6322887377497493,1.478170076718815,0.0,0,0,1,0,0,0,1,0,0,0,1,0,0,0,0
1.5509566735135938,-1.321124882641118,1,0,0,1,0.05464179088042058,0.8883471122941295,0.0,0,0,0,1,0,0,0,0,1,0,0,0,1,0,0
0.38179219081838783,0.16752898424755844,1,0,1,0,1.0655239479017458,0.2985241478694439,0.0,0,0,1,0,0,0,0,0,1,0,0,1,0,0,0
0.8221579236503107,0.8929648962420195,1,0,1,0,0.7767004744670813,0.2985241478694439,0.0,0,0,0,0,1,0,1,0,0,0,0,1,0,0,0
-0.8059198585493595,0.8573206463240446,1,0,1,0,-0.08976994583691159,-0.8811217809799272,0.0,0,0,0,0,1,0,0,1,0,0,0,0,0,1,0
1.0033087383542532,-1.2128560122735812,0,0,1,0,1.2099356846190779,0.8883471122941295,0.0,0,0,0,0,1,1,0,0,0,0,0,0,1,0,0
-0.2863467509829528,-0.797115618248427,1,0,1,0,-1.2450638395755689,1.478170076718815,0.0,0,0,0,0,1,0,0,0,1,0,1,0,0,0,0
0.16668586856991585,1.66356168497657,0,0,0,1,-1.389475576292901,0.2985241478694439,0.0,0,0,0,1,0,1,0,0,0,0,0,1,0,0,0
-1.4156855349096522,-0.7962191244173583,1,0,1,0,1.2099356846190779,1.478170076718815,0.0,0,0,0,1,0,0,0,1,0,0,1,0,0,0,0
-0.8668523735293898,-1.078830184528799,1,0,1,0,-0.9562403661409046,0.2985241478694439,0.0,0,0,0,1,0,0,0,1,0,0,0,1,0,0,0
1.2138419753609373,0.775403522510135,1,0,0,0,0.7767004744670813,1.478170076718815,0.0,0,0,1,0,0,0,1,0,0,0,1,0,0,0,0
-0.8755510249678978,-0.976707468983878,1,0,1,1,1.0655239479017458,-1.4709447454046127,0.0,0,0,0,1,0,1,0,0,0,0,0,0,0,0,1
0.7082748154081411,0.2673242638848971,1,0,0,1,-1.1006521028582368,0.2985241478694439,0.0,0,0,0,1,0,0,0,1,0,0,0,1,0,0,0
-0.22634423651845426,-1.3202283888100492,1,0,1,0,1.6431708947710744,0.2985241478694439,0.0,0,0,0,1,0,0,0,0,1,0,0,1,0,0,0
0.7657845089419096,1.0278958379508611,1,0,0,0,-1.6782990497275654,-0.8811217809799272,0.0,0,0,0,1,0,0,0,1,0,0,0,0,0,1,0
0.9079766930271652,1.157499537471237,1,0,1,1,1.35434742133641,1.478170076718815,0.0,0,0,1,0,0,0,1,0,0,0,1,0,0,0,0
0.6350634966290595,-1.618631532561086,1,0,0,0,1.4987591580537423,0.2985241478694439,0.0,0,0,1,0,0,0,0,0,1,0,0,1,0,0,0
1.6361461192333218,0.5025763133435314,1,0,1,0,-0.8118286294235724,-1.4709447454046127,0.0,0,0,0,0,1,0,0,0,1,0,0,0,0,0,1
-0.7210101122327989,0.9698220019901848,1,1,1,1,0.9211122111844136,0.2985241478694439,0.0,0,0,1,0,0,0,1,0,0,0,0,1,0,0,0
0.25407445084704827,-0.553838224975129,1,0,0,0,-0.9562403661409046,0.8883471122941295,0.0,0,0,1,0,0,0,0,0,1,0,0,0,1,0,0
1.0424107149170636,0.8561569283702535,1,0,1,1,1.2099356846190779,-0.29129881655524165,0.0,0,0,1,0,0,1,0,0,0,1,0,0,0,0,0
-0.7077034131271072,-1.621045169798579,1,0,1,0,0.3434652643150849,-1.4709447454046127,0.0,0,0,0,0,1,0,0,0,1,0,0,0,0,0,1
0.8443031238960939,-1.599848262773597,1,0,1,0,-0.6674168927062403,1.478170076718815,0.0,0,0,1,0,0,0,1,0,0,0,1,0,0,0,0
0.5116426387388797,-0.09388516883890052,1,0,1,0,-1.5338873130102333,-1.4709447454046127,0.0,0,0,0,1,0,0,1,0,0,0,0,0,0,0,1
1.4245325432819034,-0.7757290682976421,1,0,1,1,1.0655239479017458,0.2985241478694439,0.0,0,0,0,1,0,0,0,1,0,0,0,1,0,0,0
0.5338228014100588,0.8019966327875117,1,0,0,0,0.6322887377497493,0.2985241478694439,0.0,0,0,1,0,0,0,1,0,0,0,0,1,0,0,0
-1.0759521510948407,1.1155281099378338,0,0,0,0,-0.08976994583691159,-1.4709447454046127,0.0,0,0,1,0,0,0,0,1,0,0,0,0,0,0,1
1.1012349956457195,0.2872884918921594,1,1,0,1,0.7767004744670813,0.8883471122941295,0.0,0,0,0,1,0,1,0,0,0,0,0,0,1,0,0
1.3363642989184419,1.5586546664755412,1,0,1,0,1.4987591580537423,1.478170076718815,0.0,0,0,0,1,0,0,0,1,0,0,1,0,0,0,0
1.6716469659803508,1.6443387884065375,0,0,1,0,-1.1006521028582368,-0.29129881655524165,0.0,0,0,0,0,1,0,1,0,0,1,0,0,0,0,0
-0.7881204877802904,-1.0929413422351413,1,0,1,0,-0.23418168255424376,1.478170076718815,0.0,0,0,0,0,1,0,0,1,0,0,1,0,0,0,0
-0.12589718835594138,-0.027260160951106584,1,0,1,0,1.6431708947710744,-0.29129881655524165,0.0,0,0,0,1,0,0,0,1,0,1,0,0,0,0,0
-1.729700558603216,-0.3422312003109336,0,0,0,0,0.19905352759775274,-0.8811217809799272,0.0,0,0,1,0,0,1,0,0,0,0,0,0,0,1,0
-0.5789123266961123,-1.0107052735005633,1,0,1,1,0.6322887377497493,0.8883471122941295,0.0,0,0,0,0,1,1,0,0,0,0,0,0,1,0,0
-0.6435089038576363,-1.377810877190236,1,0,0,0,-1.6782990497275654,0.8883471122941295,0.0,0,0,0,0,1,1,0,0,0,0,0,0,1,0,0
1.6453657108102286,0.7133816656395597,1,0,0,0,0.3434652643150849,1.478170076718815,0.0,0,0,1,0,0,1,0,0,0,0,1,0,0,0,0
-0.046826167080501496,1.0623763699150448,1,0,1,0,0.05464179088042058,1.478170076718815,0.0,0,0,1,0,0,0,0,0,1,0,1,0,0,0,0
-0.829439082113203,0.6986757187568354,1,0,1,0,-0.3785934192715759,1.478170076718815,0.0,0,0,1,0,0,0,1,0,0,0,1,0,0,0,0
-1.1265742468256108,-1.6729900912026217,1,0,0,0,1.6431708947710744,-0.8811217809799272,0.0,0,0,0,1,0,0,1,0,0,0,0,0,0,1,0
-0.09167247013586338,-0.5072464061585257,1,0,1,0,1.2099356846190779,-0.29129881655524165,0.0,0,0,0,1,0,0,0,1,0,1,0,0,0,0,0
-1.3766709644103314,-0.7502479551761104,1,0,0,0,0.7767004744670813,0.2985241478694439,0.0,0,0,1,0,0,1,0,0,0,0,0,1,0,0,0
0.3388688211598022,-1.3605706112081442,1,0,0,0,0.3434652643150849,-0.29129881655524165,0.0,0,0,0,0,1,0,1,0,0,1,0,0,0,0,0
0.7014116913029196,0.6355849653953702,1,0,0,1,0.3434652643150849,-0.8811217809799272,0.0,0,0,0,1,0,1,0,0,0,0,0,0,0,1,0
1.3788296608043407,1.1741708746759199,1,0,1,0,-1.6782990497275654,-0.29129881655524165,0.0,0,0,0,0,1,1,0,0,0,1,0,0,0,0,0
0.9046762400697894,-0.8098906553411572,1,0,1,0,0.48787700103241705,-0.8811217809799272,0.0,0,0,1,0,0,0,0,0,1,0,0,0,0,1,0
1.0193949502789217,-1.5022511170489752,1,0,0,1,0.3434652643150849,0.2985241478694439,0.0,0,0,0,0,1,1,0,0,0,0,0,1,0,0,0
-1.370332276686049,1.1390438327374077,1,0,1,1,1.0655239479017458,1.478170076718815,0.0,0,0,0,1,0,0,1,0,0,0,1,0,0,0,0
-0.9910109385954239,1.0612643727592,1,0,1,0,-0.6674168927062403,-0.29129881655524165,0.0,0,0,0,0,1,0,1,0,0,1,0,0,0,0,0
-1.443344309640374,-1.3975854622716954,1,0,1,0,0.48787700103241705,-1.4709447454046127,0.0,0,0,1,0,0,0,0,0,1,0,0,0,0,0,1
0.5981501678960345,0.9500474169087254,1,0,0,1,-1.2450638395755689,-1.4709447454046127,0.0,0,0,1,0,0,0,0,0,1,0,0,0,0,0,1
1.1807220697833711,1.592411107268477,1,0,1,1,-1.5338873130102333,0.2985241478694439,0.0,0,0,0,1,0,0,0,1,0,0,0,1,0,0,0
1.0549237669662677,-0.15409679778135624,0,0,1,1,-0.9562403661409046,-1.4709447454046127,0.0,0,0,0,0,1,0,1,0,0,0,0,0,0,0,1
-0.8677928627725404,0.2731600939198352,1,0,1,0,1.6431708947710744,0.8883471122941295,0.0,0,0,0,0,1,1,0,0,0,0,0,0,1,0,0
1.3641244646828117,0.16204657966525313,1,0,1,0,-0.08976994583691159,0.8883471122941295,0.0,0,0,0,0,1,0,1,0,0,0,0,0,1,0,0
-0.21116355141154053,1.096718979751372,1,0,0,1,-1.5338873130102333,0.8883471122941295,0.0,0,0,1,0,0,1,0,0,0,0,0,0,1,0,0
-1.155442721475032,1.2856981553140723,1,0,1,0,1.6431708947710744,-1.4709447454046127,0.0,0,0,0,0,1,0,0,1,0,0,0,0,0,0,1
-0.7447251253788596,0.8209695455008039,1,1,1,1,0.19905352759775274,-0.29129881655524165,0.0,0,0,0,0,1,1,0,0,0,1,0,0,0,0,0
0.7382096440321381,0.3917300232116717,1,0,1,0,0.7767004744670813,0.2985241478694439,0.0,0,0,0,1,0,1,0,0,0,0,0,1,0,0,0
-0.4503694734854284,1.1184417148888075,1,0,1,0,-0.9562403661409046,0.2985241478694439,0.0,0,0,0,1,0,0,0,1,0,0,0,1,0,0,0
0.13082490884130843,-1.2960747761691385,1,0,1,0,-0.3785934192715759,-0.29129881655524165,0.0,0,0,1,0,0,0,1,0,0,1,0,0,0,0,0
0.11610922399216057,-1.6050031023022424,1,1,1,0,-0.5230051559889081,0.8883471122941295,0.0,0,0,0,1,0,0,1,0,0,0,0,0,1,0,0
0.30999335402530187,-0.4762311676567424,1,0,0,0,-0.8118286294235724,1.478170076718815,0.0,0,0,1,0,0,0,1,0,0,0,1,0,0,0,0
-1.251323676880836,0.233929868677585,1,0,1,0,1.2099356846190779,-1.4709447454046127,0.0,0,0,1,0,0,0,1,0,0,0,0,0,0,0,1
-0.5204166927661784,-1.5889179341409507,1,0,1,0,0.05464179088042058,-0.29129881655524165,0.0,0,0,1,0,0,0,0,1,0,1,0,0,0,0,0
-1.086745051814565,0.5152048081754138,0,0,1,0,1.6431708947710744,-0.29129881655524165,0.0,0,0,0,1,0,1,0,0,0,1,0,0,0,0,0
1.6529106022106708,1.0743583547725992,1,0,0,1,-1.2450638395755689,0.2985241478694439,0.0,0,0,0,0,1,0,1,0,0,0,0,1,0,0,0
0.47120859376848406,1.3227216265106143,0,0,1,1,-1.1006521028582368,0.8883471122941295,0.0,0,0,0,1,0,0,1,0,0,0,0,0,1,0,0
-1.2272905056636723,1.684517228277803,0,0,0,1,1.35434742133641,0.2985241478694439,0.0,0,0,1,0,0,1,0,0,0,0,0,1,0,0,0
-1.2000198138548452,-0.4938420993574495,1,0,1,0,0.05464179088042058,1.478170076718815,0.0,0,0,0,1,0,0,0,0,1,0,1,0,0,0,0
-1.69932520341923,0.7364232811246255,1,0,1,0,-0.8118286294235724,-0.8811217809799272,0.0,0,0,0,1,0,0,0,1,0,0,0,0,0,1,0
0.8854294248893287,1.6839827800323581,1,0,1,0,0.3434652643150849,-0.8811217809799272,0.0,0,0,1,0,0,1,0,0,0,0,0,0,0,1,0
0.7820769991764142,-1.0142998689578293,0,0,0,0,-1.2450638395755689,-0.8811217809799272,0.0,0,0,1,0,0,1,0,0,0,0,0,0,0,1,0
0.6413462444727083,-1.338011723170577,1,0,1,0,-0.9562403661409046,-0.8811217809799272,0.0,0,0,0,0,1,0,1,0,0,0,0,0,0,1,0
-1.0394129203135523,0.6012768360910072,1,0,1,1,1.6431708947710744,0.8883471122941295,0.0,0,0,1,0,0,1,0,0,0,0,0,0,1,0,0
-1.3732691204193073,1.1166832077586342,1,0,0,0,1.6431708947710744,-0.29129881655524165,0.0,0,0,1,0,0,0,1,0,0,1,0,0,0,0,0
-0.5289090658948503,1.7192132635667627,1,0,1,0,1.2099356846190779,-0.29129881655524165,0.0,0,0,0,1,0,0,0,1,0,1,0,0,0,0,0
0.8208957800935174,-1.248853687644189,1,0,0,1,-0.6674168927062403,-0.29129881655524165,0.0,0,0,1,0,0,0,0,1,0,1,0,0,0,0,0
-1.234709532332689,0.4697077462486732,1,0,1,0,0.7767004744670813,-0.8811217809799272,0.0,0,0,1,0,0,0,0,0,1,0,0,0,0,1,0
-0.27324982642963663,-1.6610684472760053,1,0,1,0,0.7767004744670813,-0.8811217809799272,0.0,0,0,1,0,0,0,1,0,0,0,0,0,0,1,0
-1.0287668617804908,-1.5756946501326863,1,0,1,0,-0.08976994583691159,0.8883471122941295,0.0,0,0,0,1,0,0,0,1,0,0,0,0,1,0,0
0.20542423590860862,1.1507241129402743,1,0,1,0,0.48787700103241705,0.2985241478694439,0.0,0,0,1,0,0,0,0,1,0,0,0,1,0,0,0
1.546799641134017,-0.5412873113401663,1,0,1,0,0.7767004744670813,0.2985241478694439,0.0,0,0,1,0,0,0,1,0,0,0,0,1,0,0,0
1.3595199132581675,0.3390696307693724,1,0,0,0,-1.2450638395755689,1.478170076718815,0.0,0,0,1,0,0,0,0,0,1,0,1,0,0,0,0
1.3046358978716335,-0.858663367804495,1,0,0,0,-0.3785934192715759,0.8883471122941295,0.0,0,0,0,0,1,0,1,0,0,0,0,0,1,0,0
-1.0016185384605496,-0.14876955559289,0,0,1,0,1.2099356846190779,0.2985241478694439,0.0,0,0,1,0,0,0,1,0,0,0,0,1,0,0,0
0.6599952021788985,1.052101171389718,1,0,1,0,-0.9562403661409046,-0.29129881655524165,0.0,0,0,1,0,0,0,0,1,0,1,0,0,0,0,0
1.3991673036571544,0.9775801216821262,1,0,1,1,-1.1006521028582368,1.478170076718815,0.0,0,0,0,0,1,0,1,0,0,0,1,0,0,0,0
0.44518256430375236,1.3954410684230774,1,0,0,0,1.0655239479017458,-0.8811217809799272,0.0,0,0,0,0,1,0,0,0,1,0,0,0,0,1,0
-1.575261036901765,-0.9661391859368557,1,0,1,0,0.7767004744670813,0.8883471122941295,0.0,0,0,1,0,0,1,0,0,0,0,0,0,1,0,0
-1.6646424774264656,-0.07468813266784126,0,0,1,0,-0.08976994583691159,0.2985241478694439,0.0,0,0,0,0,1,1,0,0,0,0,0,1,0,0,0
-0.8621953784666518,-0.2418411314972127,1,0,1,1,0.7767004744670813,-0.8811217809799272,0.0,0,0,0,0,1,0,0,0,1,0,0,0,0,1,0
0.3890888489985191,1.6066601871026756,1,0,1,0,1.2099356846190779,-0.29129881655524165,0.0,0,0,0,1,0,0,0,1,0,1,0,0,0,0,0
1.102158003676172,1.1366043351009418,1,0,1,1,-0.23418168255424376,0.2985241478694439,0.0,0,0,0,0,1,0,1,0,0,0,0,1,0,0,0
-0.543477908557335,-1.5838406758092247,1,0,0,0,-0.5230051559889081,1.478170076718815,0.0,0,0,1,0,0,0,0,1,0,0,1,0,0,0,0
0.548010553635728,-0.9883618887877721,1,0,1,0,0.19905352759775274,1.478170076718815,0.0,0,0,0,0,1,1,0,0,0,0,1,0,0,0,0
-0.2744105789527815,0.021969418560756813,0,0,1,1,1.4987591580537423,-1.4709447454046127,0.0,0,0,0,1,0,0,0,0,1,0,0,0,0,0,1
0.08430740185202076,0.6802372542889878,0,0,1,0,-0.8118286294235724,-1.4709447454046127,0.0,0,0,1,0,0,0,1,0,0,0,0,0,0,0,1
1.1619647285584536,-1.095346359339643,1,0,1,0,-0.23418168255424376,-0.8811217809799272,0.0,0,0,1,0,0,0,0,0,1,0,0,0,0,1,0
-0.06283546166929876,0.5995700497587801,0,0,0,0,1.0655239479017458,-1.4709447454046127,0.0,0,0,0,1,0,0,0,0,1,0,0,0,0,0,1
-1.4320968973905026,-1.1797633217209558,1,0,1,1,-0.8118286294235724,0.8883471122941295,0.0,0,0,0,1,0,0,0,0,1,0,0,0,1,0,0
-0.9928674433839478,-0.05706858083414334,1,0,1,0,-0.9562403661409046,0.2985241478694439,0.0,0,0,0,1,0,1,0,0,0,0,0,1,0,0,0
1.385671807454325,-0.5254779874345878,1,0,1,0,-0.6674168927062403,-0.29129881655524165,0.0,0,0,1,0,0,0,0,1,0,1,0,0,0,0,0
-1.4780095544204406,-1.130232037554406,1,0,1,1,-0.08976994583691159,1.478170076718815,0.0,0,0,0,1,0,0,0,0,1,0,1,0,0,0,0
-0.3675784501478614,1.2775090289725786,1,0,0,0,0.48787700103241705,-0.29129881655524165,0.0,0,0,1,0,0,0,1,0,0,1,0,0,0,0,0
1.0463999276547395,-0.4992814032747994,1,0,1,0,-0.8118286294235724,1.478170076718815,0.0,0,0,0,0,1,0,1,0,0,0,1,0,0,0,0
-0.17671856991146812,-0.35849739126503716,0,0,1,1,-0.9562403661409046,1.478170076718815,0.0,0,0,0,1,0,0,0,0,1,0,1,0,0,0,0
0.2866454463458985,-0.8364406649535786,0,0,1,0,-1.6782990497275654,0.8883471122941295,0.0,0,0,0,0,1,0,0,1,0,0,0,0,1,0,0
0.9524628831009494,-0.8562928312319574,1,0,1,0,1.0655239479017458,0.8883471122941295,0.0,0,0,0,0,1,0,0,1,0,0,0,0,1,0,0
0.9996027212622847,1.4047939127183626,1,0,0,0,-0.5230051559889081,-1.4709447454046127,0.0,0,0,1,0,0,1,0,0,0,0,0,0,0,0,1
0.40744412233138344,0.7498448281916837,1,0,0,0,0.05464179088042058,-0.29129881655524165,0.0,0,0,0,0,1,1,0,0,0,1,0,0,0,0,0
0.7482438601207705,1.5958333000659224,0,0,0,0,1.2099356846190779,-0.29129881655524165,0.0,0,0,0,0,1,0,0,0,1,1,0,0,0,0,0
1.4647847836402397,-1.6917475005911378,1,0,0,0,-1.1006521028582368,-0.29129881655524165,0.0,0,0,1,0,0,0,1,0,0,1,0,0,0,0,0
0.04542219232666536,1.6280036363885055,1,0,0,1,0.9211122111844136,-1.4709447454046127,0.0,0,0,1,0,0,0,0,1,0,0,0,0,0,0,1
-0.08923908532830681,0.7016151841067819,1,0,1,0,0.6322887377497493,0.2985241478694439,0.0,0,0,0,1,0,0,0,1,0,0,0,1,0,0,0
-1.0082788804984746,0.38508390067557563,1,0,1,0,0.3434652643150849,-1.4709447454046127,0.0,0,0,1,0,0,1,0,0,0,0,0,0,0,0,1
-0.5453029471630028,-1.6503536219681352,1,0,1,0,-0.3785934192715759,-1.4709447454046127,0.0,0,0,0,1,0,1,0,0,0,0,0,0,0,0,1
-0.8711177894276937,-1.572651743186847,0,0,1,0,-0.3785934192715759,1.478170076718815,0.0,0,0,1,0,0,0,1,0,0,0,1,0,0,0,0
-0.7419316275897248,0.09582671802803817,1,0,1,0,-1.2450638395755689,-0.29129881655524165,0.0,0,0,0,0,1,0,0,1,0,1,0,0,0,0,0
0.2212657108555056,-1.1400503690312074,0,0,0,0,0.7767004744670813,0.2985241478694439,0.0,0,0,0,0,1,0,0,0,1,0,0,1,0,0,0
-1.1102607791358687,0.3109938576175357,1,0,1,0,1.4987591580537423,0.8883471122941295,0.0,0,0,0,0,1,1,0,0,0,0,0,0,1,0,0
1.0578361370017488,-0.3562992573523207,1,0,1,0,-1.2450638395755689,-0.8811217809799272,0.0,0,0,0,1,0,0,0,0,1,0,0,0,0,1,0
-0.06830358500122266,-1.2153299904420114,1,0,1,0,-1.389475576292901,-1.4709447454046127,0.0,0,0,1,0,0,1,0,0,0,0,0,0,0,0,1
1.03419104870648,0.012901038654176513,1,0,1,0,0.6322887377497493,-1.4709447454046127,0.0,0,0,0,1,0,0,0,0,1,0,0,0,0,0,1
-0.7510847905583796,1.0202584001207948,1,0,1,1,0.48787700103241705,1.478170076718815,0.0,0,0,1,0,0,1,0,0,0,0,1,0,0,0,0
1.0715414077569545,1.4127158149371335,1,0,1,0,0.6322887377497493,1.478170076718815,0.0,0,0,0,0,1,1,0,0,0,0,1,0,0,0,0
0.8059598319643752,-1.5111643345617165,1,0,1,0,-0.5230051559889081,0.8883471122941295,0.0,0,0,0,1,0,1,0,0,0,0,0,0,1,0,0
1.730743953627095,1.5623182229967356,1,0,1,0,-0.5230051559889081,0.2985241478694439,0.0,0,0,0,1,0,0,0,1,0,0,0,1,0,0,0
-1.0132120787218408,-1.5190431361155325,0,0,1,0,-0.08976994583691159,0.8883471122941295,0.0,0,0,0,0,1,0,0,1,0,0,0,0,1,0,0
-1.5587937345402814,0.4296068875743276,1,0,0,0,-0.08976994583691159,-1.4709447454046127,0.0,0,0,0,1,0,0,0,1,0,0,0,0,0,0,1
-0.45999812543946805,-0.47283483525827025,0,0,1,0,1.2099356846190779,0.2985241478694439,0.0,0,0,0,1,0,0,0,0,1,0,0,1,0,0,0
-1.3199619104181297,-0.8913422919735502,1,0,0,1,1.2099356846190779,0.8883471122941295,0.0,0,0,0,0,1,0,0,1,0,0,0,0,1,0,0
1.379661766528764,0.2757978546150952,1,1,1,1,-0.9562403661409046,0.2985241478694439,0.0,0,0,1,0,0,0,1,0,0,0,0,1,0,0,0
0.10748399364698412,1.0188015976453075,0,0,1,1,-0.9562403661409046,0.2985241478694439,0.0,0,0,1,0,0,0,1,0,0,0,0,1,0,0,0
-0.9956644374156224,-1.0531594284814643,0,0,1,0,0.19905352759775274,0.8883471122941295,0.0,0,0,1,0,0,0,0,1,0,0,0,0,1,0,0
-1.021375805051791,0.5894241532283191,0,0,1,1,0.3434652643150849,0.8883471122941295,0.0,0,0,1,0,0,0,0,1,0,0,0,0,1,0,0
-0.9978006416073137,-0.047301970155288364,1,0,0,1,0.48787700103241705,-0.29129881655524165,0.0,0,0,0,0,1,1,0,0,0,1,0,0,0,0,0
-0.9321586879264513,1.2250813801210367,1,0,1,0,1.0655239479017458,-0.29129881655524165,0.0,0,0,1,0,0,0,0,0,1,1,0,0,0,0,0
0.08196491935049338,0.1463148369565943,0,0,1,0,0.19905352759775274,0.8883471122941295,0.0,0,0,0,0,1,0,0,1,0,0,0,0,1,0,0
0.7055477462272584,0.2604453977580425,1,0,1,0,-0.9562403661409046,0.8883471122941295,0.0,0,0,1,0,0,0,0,0,1,0,0,0,1,0,0
-0.715559470113573,0.9710288206089317,1,0,1,0,-0.5230051559889081,0.8883471122941295,0.0,0,0,0,1,0,0,0,1,0,0,0,0,1,0,0
-0.38799650657908574,-0.06134416679770215,1,0,0,0,1.0655239479017458,0.2985241478694439,0.0,0,0,0,1,0,0,0,1,0,0,0,1,0,0,0
-0.7829565375493113,0.6797976275064448,1,0,0,0,-0.08976994583691159,-0.8811217809799272,0.0,0,0,0,1,0,0,0,0,1,0,0,0,0,1,0
1.5755422510520132,0.9047830985727434,1,0,1,0,-1.2450638395755689,-0.8811217809799272,0.0,0,0,1,0,0,0,0,0,1,0,0,0,0,1,0
-1.573449983266256,-0.853025800828351,0,0,1,0,-0.9562403661409046,0.2985241478694439,0.0,0,0,0,1,0,0,0,1,0,0,0,1,0,0,0
-1.026445356734201,1.1337769314798782,1,0,0,0,0.7767004744670813,-0.29129881655524165,0.0,0,0,1,0,0,0,0,1,0,1,0,0,0,0,0
0.548723787113805,1.4997877782796887,0,0,1,0,-0.3785934192715759,-1.4709447454046127,0.0,0,0,1,0,0,1,0,0,0,0,0,0,0,0,1
-1.32820954656903,-1.5331370535558926,1,0,1,0,1.35434742133641,-1.4709447454046127,0.0,0,0,1,0,0,0,0,1,0,0,0,0,0,0,1
1.695610212346723,1.6019880750215287,1,0,1,1,0.3434652643150849,-0.8811217809799272,0.0,0,0,0,0,1,0,1,0,0,0,0,0,0,1,0
-0.3817487211608326,-0.4298893326968797,1,0,1,0,-0.3785934192715759,1.478170076718815,0.0,0,0,0,1,0,0,0,1,0,0,1,0,0,0,0
-0.14286445340058712,1.5588615496673262,1,0,1,0,0.3434652643150849,-1.4709447454046127,0.0,0,0,0,1,0,1,0,0,0,0,0,0,0,0,1
-0.3999641447921133,0.05016587357446807,1,0,1,1,1.0655239479017458,0.2985241478694439,0.0,0,0,0,1,0,0,0,0,1,0,0,1,0,0,0
1.432510968757255,-1.3302794638776088,1,0,1,0,-0.5230051559889081,0.2985241478694439,0.0,0,0,1,0,0,0,0,0,1,0,0,1,0,0,0
1.0912147645272452,1.0936329721405775,1,0,1,0,1.2099356846190779,0.8883471122941295,0.0,0,0,0,0,1,1,0,0,0,0,0,0,1,0,0
1.191242263585007,-1.0372983837779397,1,0,0,0,0.6322887377497493,1.478170076718815,0.0,0,0,1,0,0,0,1,0,0,0,1,0,0,0,0
1.2681176445455822,0.5329019412060312,1,0,1,1,-0.23418168255424376,-0.29129881655524165,0.0,0,0,1,0,0,1,0,0,0,1,0,0,0,0,0
-0.9809172863836182,0.19689777734805167,1,0,1,1,1.35434742133641,0.8883471122941295,0.0,0,0,0,1,0,0,0,0,1,0,0,0,1,0,0
-0.479293888015483,-1.20213256683272,1,0,1,0,1.35434742133641,1.478170076718815,0.0,0,0,0,1,0,0,1,0,0,0,1,0,0,0,0
0.7288676839663449,1.5309840395742835,1,0,1,0,0.3434652643150849,0.8883471122941295,0.0,0,0,0,1,0,0,1,0,0,0,0,0,1,0,0
0.3985741550084352,-0.6270662547340641,0,0,0,1,1.35434742133641,-0.29129881655524165,0.0,0,0,0,0,1,0,0,1,0,1,0,0,0,0,0
-0.3938911715008398,0.7365353428535087,0,0,1,1,-0.3785934192715759,0.2985241478694439,0.0,0,0,0,1,0,0,0,0,1,0,0,1,0,0,0
0.34381600435332643,-0.7333869750456247,1,0,1,0,1.2099356846190779,0.8883471122941295,0.0,0,0,0,1,0,0,1,0,0,0,0,0,1,0,0
1.5393281708269066,1.171007285868206,1,0,1,0,0.48787700103241705,0.8883471122941295,0.0,0,0,1,0,0,0,0,1,0,0,0,0,1,0,0
-1.2104665865631499,1.5587236275394696,1,0,1,1,-1.389475576292901,-1.4709447454046127,0.0,0,0,1,0,0,0,0,1,0,0,0,0,0,0,1
1.6875373883228022,-0.6539438294001455,0,0,1,0,0.05464179088042058,1.478170076718815,0.0,0,0,0,1,0,1,0,0,0,0,1,0,0,0,0
0.5053459059250722,0.6765995581667666,1,0,1,0,0.19905352759775274,-0.8811217809799272,0.0,0,0,1,0,0,0,0,1,0,0,0,0,0,1,0
1.2338579639001084,-0.8026497436286786,1,0,0,0,-0.08976994583691159,1.478170076718815,0.0,0,0,0,1,0,0,1,0,0,0,1,0,0,0,0
1.4766859932450151,0.7265963295148331,1,0,1,0,-0.6674168927062403,1.478170076718815,0.0,0,0,1,0,0,0,0,1,0,0,1,0,0,0,0
0.7201061001621245,-0.01589020553591696,1,0,0,0,-0.6674168927062403,0.8883471122941295,0.0,0,0,0,1,0,1,0,0,0,0,0,0,1,0,0
-0.8198139264017029,-0.9679494138649752,0,0,1,0,-1.6782990497275654,-0.29129881655524165,0.0,0,0,0,1,0,1,0,0,0,1,0,0,0,0,0
-1.6264110652560138,0.3148384369315422,1,0,0,0,-0.9562403661409046,-0.8811217809799272,0.0,0,0,1,0,0,0,0,0,1,0,0,0,0,1,0
-1.1600682503549136,0.6843490577257167,0,1,1,0,1.0655239479017458,0.8883471122941295,0.0,0,0,0,0,1,0,0,0,1,0,0,0,1,0,0
0.45250719242420007,-1.271912543395237,1,0,0,0,-0.23418168255424376,0.2985241478694439,0.0,0,0,0,0,1,0,0,1,0,0,0,1,0,0,0
1.4759273086139235,-1.5728844867776053,1,0,1,0,1.0655239479017458,-0.8811217809799272,0.0,0,0,0,1,0,0,0,0,1,0,0,0,0,1,0
1.557536601973108,0.2280423178447007,1,0,1,0,-0.23418168255424376,-0.29129881655524165,0.0,0,0,1,0,0,0,0,1,0,1,0,0,0,0,0
-0.5447120821738115,-1.1549287185737525,0,0,1,0,0.05464179088042058,-1.4709447454046127,0.0,0,0,1,0,0,1,0,0,0,0,0,0,0,0,1
0.6449368855608706,-0.18909453772500265,1,0,1,0,1.2099356846190779,1.478170076718815,0.0,0,0,0,1,0,1,0,0,0,0,1,0,0,0,0
-1.5194819834250952,-0.592697784498764,1,0,1,0,-1.2450638395755689,0.2985241478694439,0.0,0,0,1,0,0,0,0,1,0,0,0,1,0,0,0
-1.544941621598413,-1.5619627782779502,1,0,1,0,1.2099356846190779,-1.4709447454046127,0.0,0,0,0,0,1,1,0,0,0,0,0,0,0,0,1
1.1458890053614035,1.501787649133611,1,0,1,1,1.0655239479017458,0.2985241478694439,0.0,0,0,0,0,1,0,0,1,0,0,0,1,0,0,0
0.805187162363125,0.6616436274273021,1,0,1,0,-1.6782990497275654,1.478170076718815,0.0,0,0,1,0,0,0,1,0,0,0,1,0,0,0,0
-0.9711977321235492,0.3942471020450572,1,0,0,0,1.35434742133641,-1.4709447454046127,0.0,0,0,0,0,1,0,1,0,0,0,0,0,0,0,1
0.9373940777553026,-0.25221115148544115,1,0,0,0,1.4987591580537423,-0.8811217809799272,0.0,0,0,0,0,1,0,1,0,0,0,0,0,0,1,0
-1.1067120929581817,1.1728950949932446,1,0,0,0,0.3434652643150849,-1.4709447454046127,0.0,0,0,0,1,0,0,0,1,0,0,0,0,0,0,1
0.3171746362016263,-1.0198253742050898,1,0,0,0,-1.5338873130102333,0.8883471122941295,0.0,0,0,1,0,0,1,0,0,0,0,0,0,1,0,0
1.3372698257361966,0.8058498322345093,0,0,1,0,-1.5338873130102333,-0.29129881655524165,0.0,0,0,0,1,0,0,0,1,0,1,0,0,0,0,0
0.5828995579383286,-1.347933496243271,1,0,1,0,-0.23418168255424376,0.8883471122941295,0.0,0,0,1,0,0,0,1,0,0,0,0,0,1,0,0
0.3863967422430321,-1.2859202595056864,1,0,0,1,-0.6674168927062403,0.2985241478694439,0.0,0,0,1,0,0,1,0,0,0,0,0,1,0,0,0
-1.0747354586910622,-0.3247323303391102,1,0,1,1,-0.6674168927062403,-1.4709447454046127,0.0,0,0,0,0,1,1,0,0,0,0,0,0,0,0,1
-0.9902068028113173,-0.13670998953841654,1,0,1,1,-0.6674168927062403,0.8883471122941295,0.0,0,0,0,1,0,1,0,0,0,0,0,0,1,0,0
0.013015520227175762,0.49449062859793025,0,0,1,0,-0.9562403661409046,-1.4709447454046127,0.0,0,0,0,0,1,0,0,0,1,0,0,0,0,0,1
-1.2200917422746498,-1.0355312565147754,0,0,0,0,0.19905352759775274,-1.4709447454046127,0.0,0,0,1,0,0,0,1,0,0,0,0,0,0,0,1
0.40048659967759276,0.8206419804471441,0,0,1,0,1.35434742133641,0.2985241478694439,0.0,0,0,1,0,0,0,0,0,1,0,0,1,0,0,0
0.07138878566822393,-0.055016989182274316,1,0,0,0,-0.9562403661409046,-0.8811217809799272,0.0,0,0,0,1,0,0,1,0,0,0,0,0,0,1,0
1.7164023667296835,1.4562733469408884,1,0,1,0,-0.23418168255424376,-0.8811217809799272,0.0,0,0,1,0,0,0,1,0,0,0,0,0,0,1,0
0.46663550852669616,1.3120843823996635,0,0,0,0,-1.2450638395755689,0.2985241478694439,0.0,0,0,0,0,1,0,1,0,0,0,0,1,0,0,0
1.2187681810992241,-1.675851975355649,1,0,0,0,-0.23418168255424376,-0.29129881655524165,0.0,0,0,0,1,0,1,0,0,0,1,0,0,0,0,0
1.2255683728387332,0.1269712585246872,1,0,1,0,-0.3785934192715759,-0.29129881655524165,0.0,0,0,0,0,1,0,0,1,0,1,0,0,0,0,0
-1.33775079245958,0.038890739622180065,1,0,1,1,-0.8118286294235724,-0.8811217809799272,0.0,0,0,0,0,1,0,0,0,1,0,0,0,0,1,0
0.43008229277524945,0.5774594086367473,1,0,0,0,1.35434742133641,-0.29129881655524165,0.0,0,0,1,0,0,0,0,1,0,1,0,0,0,0,0
1.7351282417717446,-1.1153536880118606,1,0,0,0,-0.9562403661409046,-0.29129881655524165,0.0,0,0,0,1,0,0,0,0,1,1,0,0,0,0,0
0.3429454399609678,0.4535018962255071,0,0,1,0,1.35434742133641,-0.8811217809799272,0.0,0,0,0,0,1,0,1,0,0,0,0,0,0,1,0
1.148979683766404,-1.1710828477989725,0,0,0,0,-1.2450638395755689,1.478170076718815,0.0,0,0,0,1,0,1,0,0,0,0,1,0,0,0,0
1.1772642859117135,-1.4231700169891197,1,0,1,0,1.4987591580537423,0.2985241478694439,0.0,0,0,0,1,0,0,0,0,1,0,0,1,0,0,0
1.204090954918012,-0.5439767928333724,0,0,0,0,-1.5338873130102333,-0.8811217809799272,0.0,0,0,0,1,0,0,1,0,0,0,0,0,0,1,0
-1.3516343715843044,1.0972103273318614,1,0,1,0,0.3434652643150849,1.478170076718815,0.0,0,0,0,1,0,0,0,1,0,0,1,0,0,0,0
-1.1858565353269532,-0.1370375545920764,1,0,0,0,-1.2450638395755689,1.478170076718815,0.0,0,0,1,0,0,0,0,1,0,0,1,0,0,0,0
0.7542224348634751,-0.3022251630994896,1,0,1,0,0.48787700103241705,-0.8811217809799272,0.0,0,0,0,1,0,1,0,0,0,0,0,0,0,1,0
0.5115587289179295,-0.06288717060309934,1,0,1,0,1.4987591580537423,1.478170076718815,0.0,0,0,0,1,0,0,0,0,1,0,1,0,0,0,0
1.0325443184703318,-0.3137933815734729,1,0,0,1,0.19905352759775274,0.8883471122941295,0.0,0,0,0,1,0,0,1,0,0,0,0,0,1,0,0
-1.368328929710862,-0.7343265695416488,0,0,1,0,-1.6782990497275654,-0.29129881655524165,0.0,0,0,1,0,0,1,0,0,0,1,0,0,0,0,0
-0.44990796947020223,-1.3874740462731985,1,0,1,0,0.05464179088042058,-0.29129881655524165,0.0,0,0,0,1,0,0,1,0,0,1,0,0,0,0,0
-0.23856010795179278,-1.2527586078891328,1,0,1,0,-0.08976994583691159,-1.4709447454046127,0.0,0,0,0,1,0,0,0,1,0,0,0,0,0,0,1
-0.029509277781896437,-1.2633958520000834,1,0,1,1,0.9211122111844136,0.8883471122941295,0.0,0,0,0,1,0,0,0,1,0,0,0,0,1,0,0
0.01950804262320056,-0.3912452764980209,0,0,0,0,1.2099356846190779,-0.8811217809799272,0.0,0,0,0,1,0,1,0,0,0,0,0,0,0,1,0
-1.6763409049639444,1.372761498523636,1,0,1,0,-1.2450638395755689,-1.4709447454046127,0.0,0,0,0,0,1,0,0,0,1,0,0,0,0,0,1
0.6210155941049739,1.296059555169309,1,0,0,1,1.35434742133641,-0.8811217809799272,0.0,0,0,1,0,0,0,0,1,0,0,0,0,0,1,0
-1.489823357961726,-1.3507953803962982,0,0,1,1,1.4987591580537423,-0.29129881655524165,0.0,0,0,0,0,1,0,0,0,1,1,0,0,0,0,0
-0.7941794761014056,-1.205468558300255,1,0,1,0,1.4987591580537423,1.478170076718815,0.0,0,0,0,1,0,0,1,0,0,0,1,0,0,0,0
1.0426799255926125,-1.3058672472469666,0,0,1,1,0.19905352759775274,0.2985241478694439,0.0,0,0,0,0,1,0,0,1,0,0,0,1,0,0,0
1.399132341231759,0.5733562253330097,1,0,1,0,-1.5338873130102333,-0.8811217809799272,0.0,0,0,1,0,0,0,0,0,1,0,0,0,0,1,0
0.3501337146223716,-0.6140498539175848,1,0,1,0,0.9211122111844136,1.478170076718815,0.0,0,0,1,0,0,0,0,1,0,0,1,0,0,0,0
-0.7884910894894874,-0.4477071475893717,0,0,0,0,1.6431708947710744,0.8883471122941295,0.0,0,0,1,0,0,1,0,0,0,0,0,0,1,0,0
0.7613093184912303,-0.648970012664312,1,0,1,0,0.7767004744670813,-0.8811217809799272,0.0,0,0,1,0,0,0,0,0,1,0,0,0,0,1,0
-1.486739672041805,0.5182132345892886,1,0,1,1,1.2099356846190779,0.2985241478694439,0.0,0,0,0,1,0,0,0,0,1,0,0,1,0,0,0
1.36903668545094,0.020960863000804377,1,0,1,0,-0.5230051559889081,-1.4709447454046127,0.0,0,0,1,0,0,0,0,1,0,0,0,0,0,0,1
0.345015215544407,-1.510293701129621,1,0,0,1,0.05464179088042058,0.2985241478694439,0.0,0,0,1,0,0,0,1,0,0,0,0,1,0,0,0
-0.15921288351572502,0.873535116480202,1,0,1,0,0.9211122111844136,1.478170076718815,0.0,0,0,1,0,0,0,0,1,0,0,1,0,0,0,0
0.6002723871175675,0.09051671610555401,1,0,0,0,-1.389475576292901,1.478170076718815,0.0,0,0,0,0,1,0,0,0,1,0,1,0,0,0,0
1.5706020603435675,-0.4564393423093009,1,0,1,0,-0.6674168927062403,-0.8811217809799272,0.0,0,0,0,1,0,0,1,0,0,0,0,0,0,1,0
-1.7294628141105235,-1.2350614748585156,1,0,1,0,0.19905352759775274,-0.8811217809799272,0.0,0,0,1,0,0,0,0,0,1,0,0,0,0,1,0
0.4418436526784408,0.7312425811970067,1,0,1,0,-0.5230051559889081,0.8883471122941295,0.0,0,0,0,1,0,0,0,0,1,0,0,0,1,0,0
0.148250181658641,1.278939971049092,1,0,1,0,-0.5230051559889081,-0.29129881655524165,0.0,0,0,0,1,0,1,0,0,0,1,0,0,0,0,0
0.009543751385359924,0.2177671193193739,0,0,1,0,0.7767004744670813,-1.4709447454046127,0.0,0,0,1,0,0,1,0,0,0,0,0,0,0,0,1
-0.8188524597033148,1.3611070787197417,1,0,0,0,1.4987591580537423,0.8883471122941295,0.0,0,0,1,0,0,0,0,1,0,0,0,0,1,0,0
-0.9468708765330597,-0.2221355074796816,1,0,1,0,0.3434652643150849,-1.4709447454046127,0.0,0,0,1,0,0,0,1,0,0,0,0,0,0,0,1
0.42687623836644245,0.5982339291451683,1,0,1,1,-1.389475576292901,-0.8811217809799272,0.0,0,0,0,0,1,0,0,0,1,0,0,0,0,1,0
-0.04763379910714766,0.6193618751062216,1,0,1,0,-0.9562403661409046,-0.8811217809799272,0.0,0,0,1,0,0,0,0,1,0,0,0,0,0,1,0
0.36475500092295027,0.449381472655787,1,0,1,0,-0.5230051559889081,-1.4709447454046127,0.0,0,0,1,0,0,0,1,0,0,0,0,0,0,0,1
0.7890869654682986,-0.08638565313669033,1,0,1,0,-0.8118286294235724,0.2985241478694439,0.0,0,0,1,0,0,0,1,0,0,0,0,1,0,0,0
1.4745567815384029,1.5033651334709723,1,0,0,0,0.9211122111844136,-1.4709447454046127,0.0,0,0,1,0,0,0,0,1,0,0,0,0,0,0,1
-0.3101212002521866,0.12164401633622096,1,0,0,0,1.35434742133641,0.8883471122941295,0.0,0,0,1,0,0,0,1,0,0,0,0,0,1,0,0
-0.3736374384689764,-1.6085804574935265,1,0,1,1,1.2099356846190779,1.478170076718815,0.0,0,0,0,0,1,1,0,0,0,0,1,0,0,0,0
1.444541539335995,-0.14233893638156972,0,0,1,0,0.3434652643150849,-0.8811217809799272,0.0,0,0,0,0,1,0,0,0,1,0,0,0,0,1,0
-0.31394259334796193,0.8813966777680358,0,0,0,0,-0.3785934192715759,-1.4709447454046127,0.0,0,0,0,1,0,1,0,0,0,0,0,0,0,0,1
0.9760590240006639,-0.23715177915008367,0,0,1,0,-0.23418168255424376,0.8883471122941295,0.0,0,0,1,0,0,0,0,0,1,0,0,0,1,0,0
-0.887805355069172,0.739164483415778,1,0,0,0,-1.6782990497275654,0.2985241478694439,0.0,0,0,1,0,0,0,1,0,0,0,0,1,0,0,0
-1.39825676584978,0.29473628679642294,1,0,1,0,1.2099356846190779,-1.4709447454046127,0.0,0,0,0,1,0,0,0,1,0,0,0,0,0,0,1
1.6441804845893069,0.5896224162871132,0,0,0,0,0.3434652643150849,-0.29129881655524165,0.0,0,0,1,0,0,0,0,1,0,1,0,0,0,0,0
1.5768428532767416,-0.06020630924288395,1,0,1,1,-0.6674168927062403,0.2985241478694439,0.0,0,0,1,0,0,0,1,0,0,0,0,1,0,0,0
1.563137582521536,0.6202152682723354,1,0,1,0,1.35434742133641,-0.8811217809799272,0.0,0,0,0,1,0,0,0,1,0,0,0,0,0,1,0
1.665451624200192,-1.161023152598422,1,0,0,0,1.6431708947710744,-0.8811217809799272,0.0,0,0,1,0,0,0,0,0,1,0,0,0,0,1,0
0.14140453876611755,-0.2130240269081463,1,0,0,1,0.6322887377497493,-0.29129881655524165,0.0,0,0,0,1,0,0,0,0,1,1,0,0,0,0,0
-1.579009008904209,0.06334605691777727,1,0,0,0,-0.9562403661409046,1.478170076718815,0.0,0,0,0,0,1,0,0,0,1,0,1,0,0,0,0
-0.1043218756441117,0.22584418393198422,1,0,1,0,0.6322887377497493,-1.4709447454046127,0.0,0,0,1,0,0,0,1,0,0,0,0,0,0,0,1
1.4815562591026687,1.2752074534639692,1,0,0,1,0.05464179088042058,1.478170076718815,0.0,0,0,0,0,1,0,0,1,0,0,1,0,0,0,0
1.163254842055563,-1.4730461064753113,1,0,1,1,-0.08976994583691159,-0.8811217809799272,0.0,0,0,0,1,0,0,0,0,1,0,0,0,0,1,0
-0.688453101704107,-1.0359191624993724,1,0,1,0,-0.23418168255424376,-1.4709447454046127,0.0,0,0,0,0,1,1,0,0,0,0,0,0,0,0,1
1.3862032363203427,0.49879207496046235,1,0,1,1,0.48787700103241705,-0.29129881655524165,0.0,0,0,0,1,0,0,0,1,0,1,0,0,0,0,0
-1.2865413279821583,1.3317986265501855,1,0,1,1,0.19905352759775274,-1.4709447454046127,0.0,0,0,0,0,1,0,0,1,0,0,0,0,0,0,1
0.8877719073908561,-1.3939132856175098,1,0,1,0,1.0655239479017458,0.2985241478694439,0.0,0,0,1,0,0,0,0,0,1,0,0,1,0,0,0
-0.7826943193588418,-1.4148774490517335,1,0,0,1,-1.5338873130102333,0.2985241478694439,0.0,0,0,0,0,1,0,1,0,0,0,0,1,0,0,0
0.8964810475569831,-0.0997899599377669,1,0,1,0,0.3434652643150849,-1.4709447454046127,0.0,0,0,0,1,0,0,1,0,0,0,0,0,0,0,1
0.531637649822813,0.6977706047927754,1,0,0,0,-1.1006521028582368,-0.8811217809799272,0.0,0,0,0,0,1,0,0,0,1,0,0,0,0,1,0
0.7821119616018098,-1.4695463324809468,1,0,0,1,0.3434652643150849,0.2985241478694439,0.0,0,0,0,1,0,0,0,1,0,0,0,1,0,0,0
-0.20579332287072546,0.530436583170592,1,0,1,0,-1.6782990497275654,-1.4709447454046127,0.0,0,0,1,0,0,0,1,0,0,0,0,0,0,0,1
0.9882574142213048,0.47819857724485376,1,0,1,0,-1.1006521028582368,-1.4709447454046127,0.0,0,0,1,0,0,0,0,1,0,0,0,0,0,0,1
0.6284660869568471,1.2706043024467506,1,0,1,0,0.19905352759775274,1.478170076718815,0.0,0,0,1,0,0,0,1,0,0,0,1,0,0,0,0
-1.2481945398079,0.17869205647096276,1,0,1,0,-0.5230051559889081,0.2985241478694439,0.0,0,0,0,0,1,1,0,0,0,0,0,1,0,0,0
0.02423146629419074,0.40377234900016307,1,0,0,0,0.05464179088042058,-1.4709447454046127,0.0,0,0,1,0,0,0,1,0,0,0,0,0,0,0,1
-1.0185683222924975,1.5162177517606217,1,0,0,0,-0.8118286294235724,0.2985241478694439,0.0,0,0,0,1,0,0,0,0,1,0,0,1,0,0,0
0.949372204695949,-1.582590756525523,1,0,0,0,1.35434742133641,0.8883471122941295,0.0,0,0,1,0,0,0,0,1,0,0,0,0,1,0,0
-0.1585101387652667,-1.2985315140715865,1,0,1,0,-0.6674168927062403,-0.8811217809799272,0.0,0,0,0,1,0,0,0,1,0,0,0,0,0,1,0
-0.7287507932154582,1.7299711895395877,0,0,1,0,-1.389475576292901,0.2985241478694439,0.0,0,0,0,0,1,0,0,1,0,0,0,1,0,0,0
1.3925384278020858,-1.0657534427813824,0,0,1,0,-1.389475576292901,0.2985241478694439,0.0,0,0,1,0,0,0,1,0,0,0,0,1,0,0,0
-0.7368341059669978,1.3335571336803589,1,0,0,0,1.0655239479017458,1.478170076718815,0.0,0,0,1,0,0,1,0,0,0,0,1,0,0,0,0
1.728198689058271,0.4356323605350689,0,0,1,0,1.6431708947710744,1.478170076718815,0.0,0,0,0,0,1,0,1,0,0,0,1,0,0,0,0
-1.054198530013492,0.8196334248871916,1,0,1,0,-1.389475576292901,-0.8811217809799272,0.0,0,0,0,0,1,0,1,0,0,0,0,0,0,1,0
1.1087029697102906,-0.3066990121218421,1,0,1,1,-1.2450638395755689,0.2985241478694439,0.0,0,0,1,0,0,0,0,1,0,0,0,1,0,0,0
1.4628233915755278,-0.5487782069093852,1,0,1,0,0.7767004744670813,1.478170076718815,0.0,0,0,0,0,1,0,0,0,1,0,1,0,0,0,0
1.704546608277923,-1.070158330739807,1,0,1,0,-1.2450638395755689,-0.8811217809799272,0.0,0,0,0,1,0,0,0,0,1,0,0,0,0,1,0
0.20145250438363085,0.4082979188204622,1,0,1,1,-0.23418168255424376,1.478170076718815,0.0,0,0,1,0,0,0,1,0,0,0,1,0,0,0,0
0.7967507291150869,-0.5209524176142888,1,0,1,0,-0.8118286294235724,1.478170076718815,0.0,0,0,1,0,0,0,1,0,0,0,1,0,0,0,0
1.1083638341839501,-1.1539201630138,0,0,1,1,-1.389475576292901,0.2985241478694439,0.0,0,0,0,0,1,1,0,0,0,0,0,1,0,0,0
-0.4716091469134571,0.851407235092187,1,0,1,1,1.2099356846190779,-0.8811217809799272,0.0,0,0,0,1,0,0,1,0,0,0,0,0,0,1,0
0.2738317174382892,-1.348528285419653,1,0,0,0,0.6322887377497493,-1.4709447454046127,0.0,0,0,1,0,0,0,0,1,0,0,0,0,0,0,1
-0.9154536410722751,1.18282548819893,0,0,1,0,0.9211122111844136,-0.8811217809799272,0.0,0,0,0,1,0,0,0,0,1,0,0,0,0,1,0
1.024953975916875,-0.9358566587393112,1,0,1,0,1.0655239479017458,0.2985241478694439,0.0,0,0,0,1,0,0,1,0,0,0,0,1,0,0,0
0.8665252414777483,-1.7117979299283104,1,0,1,0,0.19905352759775274,0.8883471122941295,0.0,0,0,0,0,1,0,0,1,0,0,0,0,1,0,0
1.4526947769383263,1.72825578307437,0,0,1,0,-0.8118286294235724,0.8883471122941295,0.0,0,0,1,0,0,1,0,0,0,0,0,0,1,0,0
-0.9299700400966661,-1.6562239325350374,0,0,1,0,-1.389475576292901,0.2985241478694439,0.0,0,0,1,0,0,1,0,0,0,0,0,1,0,0,0
1.4243087837593689,-0.08775625428226676,1,0,1,0,0.6322887377497493,-1.4709447454046127,0.0,0,0,0,1,0,1,0,0,0,0,0,0,0,0,1
-0.8759041454643968,-0.299130535355704,0,0,0,0,0.05464179088042058,0.8883471122941295,0.0,0,0,1,0,0,1,0,0,0,0,0,0,1,0,0
-0.17823943541619128,-1.454935207061124,1,0,1,0,-1.1006521028582368,0.2985241478694439,0.0,0,0,0,1,0,0,1,0,0,0,0,1,0,0,0
0.2085044255859904,-1.598167336840343,0,0,0,1,1.0655239479017458,-1.4709447454046127,0.0,0,0,1,0,0,0,1,0,0,0,0,0,0,0,1
0.018224921611169828,-1.1755222162893613,1,0,1,0,-0.3785934192715759,1.478170076718815,0.0,0,0,0,1,0,0,0,0,1,0,1,0,0,0,0
-0.6033720395031064,1.4680570687396481,0,0,1,1,0.7767004744670813,0.8883471122941295,0.0,0,0,1,0,0,0,1,0,0,0,0,0,1,0,0
-1.5479693676377007,0.025908819337664944,1,0,1,1,1.0655239479017458,-0.29129881655524165,0.0,0,0,0,1,0,0,0,0,1,1,0,0,0,0,0
0.7103026360811052,-1.6203038383613488,1,0,1,0,0.3434652643150849,-1.4709447454046127,0.0,0,0,0,0,1,1,0,0,0,0,0,0,0,0,1
-0.7280620334351584,1.0643158998380302,1,0,1,1,-0.8118286294235724,1.478170076718815,0.0,0,0,0,1,0,0,0,1,0,0,1,0,0,0,0
-1.4063470710863988,1.2722335075820579,1,0,1,0,0.6322887377497493,-0.29129881655524165,0.0,0,0,1,0,0,0,1,0,0,1,0,0,0,0,0
1.5650919821011686,-1.0221528101126722,0,0,1,1,0.48787700103241705,0.2985241478694439,0.0,0,0,0,0,1,0,0,1,0,0,0,1,0,0,0
0.07037137908920237,-0.47804139558486236,1,0,0,0,1.6431708947710744,-0.29129881655524165,0.0,0,0,0,1,0,0,0,1,0,1,0,0,0,0,0
0.18858982808046745,0.901524688302128,0,0,1,1,1.4987591580537423,0.2985241478694439,0.0,0,0,0,0,1,0,1,0,0,0,0,1,0,0,0
-0.5191825191497019,1.1030202969678269,1,0,0,0,-0.08976994583691159,0.2985241478694439,0.0,0,0,0,0,1,0,0,1,0,0,0,1,0,0,0
-0.4053518545456264,-0.2240405568707028,1,0,0,0,-1.1006521028582368,-0.29129881655524165,0.0,0,0,0,1,0,0,1,0,0,1,0,0,0,0,0
-0.8980038945571654,-0.19974040196894427,1,0,0,0,-0.23418168255424376,-1.4709447454046127,0.0,0,0,0,1,0,0,1,0,0,0,0,0,0,0,1
1.0071720863605038,-0.6803903974166743,1,0,1,0,1.6431708947710744,-1.4709447454046127,0.0,0,0,1,0,0,0,0,0,1,0,0,0,0,0,1
-0.6253913750174644,1.3883553191044375,1,0,1,0,-0.08976994583691159,-0.29129881655524165,0.0,0,0,0,0,1,1,0,0,0,1,0,0,0,0,0
1.5388526818415218,0.4093495750453696,0,0,1,1,0.05464179088042058,1.478170076718815,0.0,0,0,0,0,1,1,0,0,0,0,1,0,0,0,0
-0.7935151900188828,-1.4274887036176338,1,0,0,0,0.6322887377497493,1.478170076718815,0.0,0,0,1,0,0,0,0,1,0,0,1,0,0,0,0
-0.18757440299690506,1.0990895163239096,1,1,1,0,1.4987591580537423,-1.4709447454046127,0.0,0,0,0,0,1,0,1,0,0,0,0,0,0,0,1
1.7443723070464292,-0.9914220359995933,1,0,1,0,-0.9562403661409046,1.478170076718815,0.0,0,0,0,1,0,1,0,0,0,0,1,0,0,0,0
-0.5609800987105388,-1.516112290898577,0,0,1,1,-1.389475576292901,0.2985241478694439,0.0,0,0,0,0,1,1,0,0,0,0,0,1,0,0,0
0.7090020338563765,0.14572866791320332,1,0,1,0,0.9211122111844136,0.2985241478694439,0.0,0,0,1,0,0,0,0,0,1,0,0,1,0,0,0
-1.2706474093971676,-0.646375352634007,0,0,0,0,-1.6782990497275654,-1.4709447454046127,0.0,0,0,0,0,1,0,0,0,1,0,0,0,0,0,1
-1.5064654724501898,-1.6985229251221,1,0,0,1,-0.23418168255424376,0.2985241478694439,0.0,0,0,1,0,0,0,1,0,0,0,0,1,0,0,0
-0.9345641027936915,-0.17410412645357387,1,0,1,0,-1.389475576292901,0.8883471122941295,0.0,0,0,0,1,0,0,0,1,0,0,0,0,1,0,0
0.0037854399226498257,-1.3596137764461382,1,0,0,0,0.9211122111844136,0.2985241478694439,0.0,0,0,1,0,0,1,0,0,0,0,0,1,0,0,0
0.5972935884738338,1.4973741410421955,0,0,1,0,-0.5230051559889081,-0.8811217809799272,0.0,0,0,0,0,1,1,0,0,0,0,0,0,0,1,0
1.0392640966314297,0.6980550691814799,0,0,0,0,-0.23418168255424376,-0.8811217809799272,0.0,0,0,0,0,1,0,0,0,1,0,0,0,0,1,0
0.7160434663311173,-0.49030784483112033,1,0,0,0,1.4987591580537423,-0.29129881655524165,0.0,0,0,0,1,0,1,0,0,0,1,0,0,0,0,0
1.7245346268767774,-0.8667835330820604,1,0,1,0,-1.5338873130102333,-1.4709447454046127,0.0,0,0,1,0,0,0,0,0,1,0,0,0,0,0,1
1.572070482210197,-0.38552150819196607,1,0,1,0,0.9211122111844136,0.8883471122941295,0.0,0,0,0,1,0,0,1,0,0,0,0,0,1,0,0
1.6407261969601883,-0.10035026858218497,1,0,0,0,-0.5230051559889081,0.2985241478694439,0.0,0,0,1,0,0,0,1,0,0,0,0,1,0,0,0
-0.29365739413324216,-0.8128301206911039,0,0,1,0,0.9211122111844136,-1.4709447454046127,0.0,0,0,0,0,1,0,0,0,1,0,0,0,0,0,1
-0.8317221284915574,0.9530644634555915,1,0,1,0,0.7767004744670813,0.2985241478694439,0.0,0,0,1,0,0,0,0,0,1,0,0,1,0,0,0
-0.6254473148980978,-0.8045461728867089,1,0,1,0,0.05464179088042058,0.2985241478694439,0.0,0,0,1,0,0,0,1,0,0,0,0,1,0,0,0
-0.25495398921994544,0.16986504028813193,1,0,0,0,0.05464179088042058,1.478170076718815,0.0,0,0,0,1,0,0,1,0,0,0,1,0,0,0,0
0.12946487049340688,-1.617476434740286,1,0,0,0,0.9211122111844136,1.478170076718815,0.0,0,0,1,0,0,1,0,0,0,0,1,0,0,0,0
0.5366023142290357,1.5977297293239523,1,0,1,1,0.19905352759775274,-1.4709447454046127,0.0,0,0,1,0,0,1,0,0,0,0,0,0,0,0,1
-1.022379226660654,0.9601933134391865,1,0,1,0,1.0655239479017458,-0.8811217809799272,0.0,0,0,0,0,1,1,0,0,0,0,0,0,0,1,0
0.9458165260331827,-0.7162329103934432,1,0,1,1,-1.1006521028582368,1.478170076718815,0.0,0,0,1,0,0,0,1,0,0,0,1,0,0,0,0
-1.4795618861080202,-1.2452590921869229,1,0,1,0,0.19905352759775274,1.478170076718815,0.0,0,0,0,1,0,1,0,0,0,0,1,0,0,0,0
0.7747908297239018,-0.050060412712422904,1,0,0,0,0.19905352759775274,0.8883471122941295,0.0,0,0,0,1,0,0,1,0,0,0,0,0,1,0,0
-1.2738849299888308,-1.6204331403562147,1,0,0,0,0.6322887377497493,0.8883471122941295,0.0,0,0,1,0,0,0,1,0,0,0,0,0,1,0,0
-0.10521341749170803,1.3661498565195038,1,0,1,0,-0.9562403661409046,-1.4709447454046127,0.0,0,0,1,0,0,0,1,0,0,0,0,0,0,0,1
-0.14618938005574034,0.15384883319076867,1,0,1,0,-0.8118286294235724,-0.29129881655524165,0.0,0,0,0,0,1,0,0,1,0,1,0,0,0,0,0
-1.257235823015288,0.8934217632905447,1,0,1,0,0.3434652643150849,-1.4709447454046127,0.0,0,0,0,1,0,0,0,1,0,0,0,0,0,0,1
-0.8341520170565747,-1.5324388227836179,0,0,1,0,-1.2450638395755689,-1.4709447454046127,0.0,0,0,1,0,0,0,0,1,0,0,0,0,0,0,1
-0.9764316072053201,0.2703757909637274,1,0,1,0,0.7767004744670813,0.8883471122941295,0.0,0,0,0,0,1,0,0,0,1,0,0,0,1,0,0
0.6015590043721378,0.7215707919810533,1,0,1,0,-0.08976994583691159,1.478170076718815,0.0,0,0,1,0,0,1,0,0,0,0,1,0,0,0,0
-0.004563587261898787,1.7157910707693174,1,0,1,0,-1.5338873130102333,1.478170076718815,0.0,0,0,0,1,0,0,1,0,0,0,1,0,0,0,0
1.5096485679082996,-0.7110608305988156,0,0,0,0,0.9211122111844136,0.2985241478694439,0.0,0,0,1,0,0,0,0,1,0,0,0,1,0,0,0
1.0933894273868723,-0.39705524613398563,0,0,1,0,0.7767004744670813,0.8883471122941295,0.0,0,0,0,1,0,0,1,0,0,0,0,0,1,0,0
0.964171799366047,-0.024579299590891193,0,0,1,0,1.2099356846190779,1.478170076718815,0.0,0,0,0,1,0,0,1,0,0,0,1,0,0,0,0
0.527186933069911,0.8045654324188433,1,0,1,0,1.0655239479017458,1.478170076718815,0.0,0,0,0,1,0,0,1,0,0,0,1,0,0,0,0
-0.8601221066406729,0.5959840744345052,1,0,0,0,-1.1006521028582368,-0.8811217809799272,0.0,0,0,1,0,0,1,0,0,0,0,0,0,0,1,0
0.3282856949924534,0.2261372684536795,1,0,0,0,0.6322887377497493,-1.4709447454046127,0.0,0,0,1,0,0,0,0,1,0,0,0,0,0,0,1
1.6124380985723399,-1.4146274651949933,1,0,1,1,1.35434742133641,0.2985241478694439,0.0,0,0,1,0,0,0,0,1,0,0,0,1,0,0,0
-1.4183741454225993,-0.40390825186186735,1,0,0,0,-0.8118286294235724,-0.29129881655524165,0.0,0,0,0,0,1,0,0,0,1,1,0,0,0,0,0
1.4030446366335632,1.1019169199449723,1,0,1,0,-0.9562403661409046,-0.8811217809799272,0.0,0,0,0,1,0,0,0,1,0,0,0,0,0,1,0
1.0452811300420697,-0.08943718021552056,1,0,1,0,1.0655239479017458,0.2985241478694439,0.0,0,0,1,0,0,1,0,0,0,0,0,1,0,0,0
1.1482105104076938,1.5686022999472082,1,1,1,1,-0.6674168927062403,0.8883471122941295,0.0,0,0,0,1,0,0,0,0,1,0,0,0,1,0,0
1.1332465923382347,-0.24798728631982855,1,0,1,0,-0.3785934192715759,-0.29129881655524165,0.0,0,0,1,0,0,0,1,0,0,1,0,0,0,0,0
0.4513709135988323,-1.13982624557344,1,0,0,0,1.0655239479017458,-0.29129881655524165,0.0,0,0,0,1,0,1,0,0,0,1,0,0,0,0,0
0.5500104043683754,0.7228207112647549,1,0,0,0,-0.5230051559889081,-0.8811217809799272,0.0,0,0,0,0,1,1,0,0,0,0,0,0,0,1,0
0.37854418149910574,0.8602170110090358,1,0,1,0,-1.1006521028582368,0.8883471122941295,0.0,0,0,0,0,1,0,0,0,1,0,0,0,1,0,0
1.6347825846428798,-0.175267844407365,1,0,1,0,0.3434652643150849,1.478170076718815,0.0,0,0,0,1,0,1,0,0,0,0,1,0,0,0,0
-1.61252049364621,1.3694858479870384,1,0,1,0,-0.6674168927062403,1.478170076718815,0.0,0,0,0,0,1,1,0,0,0,0,1,0,0,0,0
0.8788634813999728,0.6785908088876983,0,0,1,1,-1.2450638395755689,-1.4709447454046127,0.0,0,0,1,0,0,1,0,0,0,0,0,0,0,0,1
1.5665394265125605,-1.175091209639809,1,0,1,0,-1.1006521028582368,-0.29129881655524165,0.0,0,0,0,0,1,0,1,0,0,1,0,0,0,0,0
-0.7257055659634726,1.5373543178546667,0,0,0,0,0.7767004744670813,-1.4709447454046127,0.0,0,0,0,0,1,0,0,0,1,0,0,0,0,0,1
-0.03587943168903503,0.8690095466599028,1,0,1,0,1.2099356846190779,0.8883471122941295,0.0,0,0,0,0,1,0,1,0,0,0,0,0,1,0,0
-0.9579784390813473,0.5493060542879914,1,0,1,0,1.6431708947710744,0.2985241478694439,0.0,0,0,0,0,1,0,1,0,0,0,0,1,0,0,0
-0.753161558626898,-0.5314603597303738,1,0,1,0,0.7767004744670813,-0.29129881655524165,0.0,0,0,0,0,1,0,0,0,1,1,0,0,0,0,0
0.20652205606604102,0.6672380937384907,1,0,1,0,1.4987591580537423,0.8883471122941295,0.0,0,0,1,0,0,0,1,0,0,0,0,0,1,0,0
-0.15541246787518725,-1.5918573994908973,1,0,0,0,-1.5338873130102333,-0.8811217809799272,0.0,0,0,1,0,0,0,0,1,0,0,0,0,0,1,0
-1.071256697364167,0.1312640847542281,0,0,1,0,-1.1006521028582368,-0.29129881655524165,0.0,0,0,1,0,0,0,0,1,0,1,0,0,0,0,0
-0.1760682687991039,-0.6068348026040794,1,0,1,0,1.6431708947710744,0.8883471122941295,0.0,0,0,1,0,0,0,0,1,0,0,0,0,1,0,0
-1.1991003020669322,0.6669019085518401,1,0,1,0,-0.9562403661409046,-0.8811217809799272,0.0,0,0,0,1,0,0,0,0,1,0,0,0,0,1,0
1.4418983799760627,1.4566784931914678,1,0,1,0,1.35434742133641,1.478170076718815,0.0,0,0,0,0,1,0,0,1,0,0,1,0,0,0,0
0.40699660328631526,-1.463581200451143,0,0,1,0,-1.5338873130102333,1.478170076718815,0.0,0,0,1,0,0,0,0,1,0,0,1,0,0,0,0
-1.0448146150372237,-1.3018675055391216,1,0,1,0,-0.6674168927062403,-0.29129881655524165,0.0,0,0,1,0,0,0,0,1,0,1,0,0,0,0,0
1.3510729912825103,1.5204502370592259,0,0,1,0,-0.9562403661409046,-1.4709447454046127,0.0,0,0,0,1,0,1,0,0,0,0,0,0,0,0,1
-1.7308752960965192,-1.641888651370928,1,0,1,1,-0.08976994583691159,0.2985241478694439,0.0,0,0,1,0,0,0,0,1,0,0,0,1,0,0,0
-0.8771173416256356,0.193018717502081,1,1,1,1,0.05464179088042058,-1.4709447454046127,0.0,0,0,0,0,1,0,1,0,0,0,0,0,0,0,1
0.21032247170657878,1.3316176037573735,1,0,1,1,-0.5230051559889081,-0.29129881655524165,0.0,0,0,0,0,1,0,0,1,0,1,0,0,0,0,0
1.5933730880039385,0.5490043496333049,1,0,1,0,0.05464179088042058,0.2985241478694439,0.0,0,0,1,0,0,1,0,0,0,0,0,1,0,0,0
0.44308481877999645,-1.584823370970204,0,0,1,0,-0.6674168927062403,-0.29129881655524165,0.0,0,0,0,0,1,1,0,0,0,1,0,0,0,0,0
1.3857522210327355,0.5048434083201766,1,0,1,1,-1.2450638395755689,0.2985241478694439,0.0,0,0,0,1,0,1,0,0,0,0,0,1,0,0,0
0.35219300147819177,-0.0226483898008967,1,0,1,0,0.48787700103241705,1.478170076718815,0.0,0,0,0,1,0,1,0,0,0,0,1,0,0,0,0
-0.3719242796245757,-1.1172328770039086,0,1,1,0,1.35434742133641,0.8883471122941295,0.0,0,0,0,1,0,0,0,0,1,0,0,0,1,0,0
0.2250416527982663,-1.6740503675605205,0,0,1,0,-0.08976994583691159,0.8883471122941295,0.0,0,0,0,0,1,0,0,1,0,0,0,0,1,0,0
-1.0224386627838271,1.491658992869132,1,0,1,0,1.2099356846190779,-0.29129881655524165,0.0,0,0,0,1,0,0,0,1,0,1,0,0,0,0,0
-1.4048366943092943,-1.440505104434113,1,0,1,0,1.4987591580537423,-1.4709447454046127,0.0,0,0,0,0,1,1,0,0,0,0,0,0,0,0,1
0.9358767084931191,-0.5732593846039553,1,0,1,0,1.35434742133641,-0.8811217809799272,0.0,0,0,0,0,1,0,1,0,0,0,0,0,0,1,0
0.995714899558257,0.5769335805242938,0,0,1,0,-1.5338873130102333,1.478170076718815,0.0,0,0,1,0,0,0,0,1,0,0,1,0,0,0,0
-0.25530710971644444,-0.749601445201782,1,0,1,0,-0.8118286294235724,0.8883471122941295,0.0,0,0,1,0,0,0,0,1,0,0,0,0,1,0,0
0.21042386274022698,0.40362580673931525,1,0,1,1,-1.1006521028582368,-0.29129881655524165,0.0,0,0,0,1,0,0,0,0,1,1,0,0,0,0,0
0.8525437675619152,-0.7170776834265656,1,0,1,1,-1.1006521028582368,0.8883471122941295,0.0,0,0,1,0,0,0,0,0,1,0,0,0,1,0,0
-0.4442895077090759,0.6921416579496222,1,0,1,0,-0.6674168927062403,-1.4709447454046127,0.0,0,0,1,0,0,0,0,1,0,0,0,0,0,0,1
1.1853825610886488,-1.1502824668915788,1,0,1,1,0.3434652643150849,0.2985241478694439,0.0,0,0,0,1,0,1,0,0,0,0,0,1,0,0,0
-1.4453686340707985,-0.7495842049357999,1,0,1,0,0.9211122111844136,0.2985241478694439,0.0,0,0,0,0,1,0,1,0,0,0,0,1,0,0,0
-1.4703772569565086,-1.7121944560458986,1,0,1,0,0.9211122111844136,-0.29129881655524165,0.0,0,0,0,0,1,0,0,1,0,1,0,0,0,0,0
-1.514482356593477,1.1010118059809133,0,0,1,0,-0.8118286294235724,0.2985241478694439,0.0,0,0,0,1,0,0,0,1,0,0,0,1,0,0,0
-0.3053767991259587,1.5024772597728948,1,0,1,0,0.3434652643150849,0.2985241478694439,0.0,0,0,1,0,0,0,1,0,0,0,0,1,0,0,0
1.1163597408719996,-0.22843682469613613,1,0,0,0,-0.8118286294235724,-0.29129881655524165,0.0,0,0,0,1,0,0,1,0,0,1,0,0,0,0,0
-1.2822409496584588,-1.444453125344012,1,0,0,1,-0.6674168927062403,0.8883471122941295,0.0,0,0,1,0,0,0,1,0,0,0,0,0,1,0,0
-1.1417129770220493,-0.07027462457642544,0,0,0,0,-0.6674168927062403,-1.4709447454046127,0.0,0,0,1,0,0,0,1,0,0,0,0,0,0,0,1
1.5593441593660777,1.1808859582759446,1,1,1,0,1.6431708947710744,0.8883471122941295,0.0,0,0,1,0,0,0,0,1,0,0,0,0,1,0,0
-0.7871974797498379,0.6985291764959876,1,1,0,0,-0.5230051559889081,-0.8811217809799272,0.0,0,0,1,0,0,0,0,0,1,0,0,0,0,1,0
-0.6996061154054094,0.22256853339538663,1,0,0,1,-0.08976994583691159,-0.29129881655524165,0.0,0,0,0,1,0,0,1,0,0,1,0,0,0,0,0
-0.7694435601337837,-0.8031669516081412,1,0,1,1,-0.5230051559889081,0.8883471122941295,0.0,0,0,0,1,0,0,0,1,0,0,0,0,1,0,0
0.658330990730052,-1.2896269166918362,1,0,1,0,-0.3785934192715759,0.2985241478694439,0.0,0,0,0,1,0,0,0,1,0,0,0,1,0,0,0
-0.7244783848320754,1.587894157581169,1,1,1,0,-0.8118286294235724,0.2985241478694439,0.0,0,0,0,1,0,0,0,1,0,0,0,1,0,0,0
-1.7260155189664848,1.6523382718222286,1,0,0,0,1.35434742133641,0.8883471122941295,0.0,0,0,0,0,1,0,0,1,0,0,0,0,1,0,0
0.7612988297636116,-0.6878381923209378,1,0,0,0,-0.8118286294235724,-0.29129881655524165,0.0,0,0,0,0,1,0,0,1,0,1,0,0,0,0,0
-1.487452905519882,1.092891640703348,1,1,1,1,-1.2450638395755689,0.8883471122941295,0.0,0,0,1,0,0,0,0,0,1,0,0,0,1,0,0
1.5201897391651735,-0.4753001932937095,1,0,1,0,-0.08976994583691159,-0.29129881655524165,0.0,0,0,0,0,1,0,0,1,0,1,0,0,0,0,0
1.4552225602944522,-1.0011541661464842,1,0,0,0,-0.9562403661409046,0.2985241478694439,0.0,0,0,0,0,1,0,1,0,0,0,0,1,0,0,0
-0.9604502825568396,-0.752584011216684,1,0,1,0,-0.6674168927062403,-0.8811217809799272,0.0,0,0,0,1,0,0,1,0,0,0,0,0,0,1,0
0.5607753351477829,0.13722921678403194,1,1,1,1,1.0655239479017458,-1.4709447454046127,0.0,0,0,0,0,1,0,0,1,0,0,0,0,0,0,1
0.021403006079659784,-1.2401645935892147,0,1,1,0,0.6322887377497493,-0.29129881655524165,0.0,0,0,0,0,1,0,0,0,1,1,0,0,0,0,0
1.4536597398792541,-0.09497992572876335,1,0,1,1,0.9211122111844136,-0.8811217809799272,0.0,0,0,1,0,0,0,1,0,0,0,0,0,0,1,0
1.395087188613449,-1.7141943268998212,1,0,1,1,-0.08976994583691159,0.8883471122941295,0.0,0,0,0,1,0,0,0,1,0,0,0,0,1,0,0
1.3913147429132282,0.9811747171393923,1,0,1,1,0.19905352759775274,-0.8811217809799272,0.0,0,0,0,0,1,0,1,0,0,0,0,0,0,1,0
1.1220935786369324,1.0699448466811838,1,0,0,0,-1.6782990497275654,-1.4709447454046127,0.0,0,0,0,0,1,0,0,1,0,0,0,0,0,0,1
-0.1565032955475403,0.755715138758586,1,0,1,0,1.4987591580537423,-0.29129881655524165,0.0,0,0,0,0,1,0,1,0,0,1,0,0,0,0,0
0.8259863092311652,1.5543877006449736,1,0,0,0,1.6431708947710744,-0.29129881655524165,0.0,0,0,0,1,0,0,0,0,1,1,0,0,0,0,0
-0.7759990148955209,-0.5362962543383507,1,0,1,0,1.6431708947710744,1.478170076718815,0.0,0,0,1,0,0,1,0,0,0,0,1,0,0,0,0
0.03185677127304366,0.6608505751921258,1,0,1,0,-1.6782990497275654,0.8883471122941295,0.0,0,0,0,1,0,0,0,1,0,0,0,0,1,0,0
0.22518499874238956,-0.20778298604959006,0,0,1,0,0.3434652643150849,1.478170076718815,0.0,0,0,0,1,0,0,0,1,0,0,1,0,0,0,0
1.3923006833093934,0.10275730495283947,0,0,1,0,1.6431708947710744,-0.29129881655524165,0.0,0,0,0,1,0,0,1,0,0,1,0,0,0,0,0
0.9857226383800997,-1.5729275874425608,1,0,1,0,-0.08976994583691159,-1.4709447454046127,0.0,0,0,1,0,0,0,0,1,0,0,0,0,0,0,1
-0.6949036691896564,-1.6636975878382743,1,0,0,0,-1.2450638395755689,0.8883471122941295,0.0,0,0,0,1,0,0,0,1,0,0,0,0,1,0,0
-0.18915820086734103,0.8470540679317087,1,0,1,0,1.0655239479017458,-0.8811217809799272,0.0,0,0,0,0,1,0,1,0,0,0,0,0,0,1,0
1.38768564315713,-1.5189138341206667,0,0,1,0,0.48787700103241705,1.478170076718815,0.0,0,0,0,1,0,0,0,1,0,0,1,0,0,0,0
-0.03217691083960609,1.12810488397177,1,0,0,1,1.35434742133641,-0.29129881655524165,0.0,0,0,0,0,1,1,0,0,0,1,0,0,0,0,0
-0.42439938390133014,-1.1850991840424132,0,0,1,0,-1.6782990497275654,-1.4709447454046127,0.0,0,0,0,1,0,0,0,1,0,0,0,0,0,0,1
-1.7098523897059452,0.849355643440318,1,0,1,0,1.4987591580537423,-0.8811217809799272,0.0,0,0,0,0,1,0,1,0,0,0,0,0,0,1,0
0.10118026834809765,0.781989304115294,1,0,1,0,1.4987591580537423,0.8883471122941295,0.0,0,0,0,1,0,0,1,0,0,0,0,0,1,0,0
-0.6136754662672875,-0.3356798992377388,1,0,1,1,-1.389475576292901,1.478170076718815,0.0,0,0,0,1,0,0,0,0,1,0,1,0,0,0,0
-1.446892995818061,0.3360181036905422,1,0,0,0,1.2099356846190779,-1.4709447454046127,0.0,0,0,0,1,0,0,1,0,0,0,0,0,0,0,1
-0.3529117126942678,0.904162448997388,1,0,1,1,0.05464179088042058,-0.29129881655524165,0.0,0,0,0,0,1,0,0,0,1,1,0,0,0,0,0
1.2277185620005828,-0.8845841077085703,0,0,0,0,-0.5230051559889081,-1.4709447454046127,0.0,0,0,0,0,1,0,1,0,0,0,0,0,0,0,1
-1.4754887635493938,1.4290251065561925,0,0,1,0,-1.1006521028582368,0.2985241478694439,0.0,0,0,1,0,0,0,1,0,0,0,0,1,0,0,0
-1.5363688348913305,0.10076605423190751,1,0,1,0,-0.9562403661409046,0.2985241478694439,0.0,0,0,1,0,0,0,0,0,1,0,0,1,0,0,0
0.8032887026641261,-0.7159829265367028,1,0,1,1,0.6322887377497493,-0.29129881655524165,0.0,0,0,0,1,0,0,1,0,0,1,0,0,0,0,0
-1.4964592263018741,-0.9289691724794655,1,0,1,0,0.05464179088042058,1.478170076718815,0.0,0,0,0,1,0,1,0,0,0,0,1,0,0,0,0
-0.05600380374693366,-0.869343712580401,1,0,0,0,-0.3785934192715759,1.478170076718815,0.0,0,0,1,0,0,0,0,1,0,0,1,0,0,0,0
1.648288569573329,-0.9193749644604315,1,0,1,0,0.7767004744670813,1.478170076718815,0.0,0,0,1,0,0,0,1,0,0,0,1,0,0,0,0
0.8692627993862498,0.45076931406734544,0,1,1,1,-0.8118286294235724,-1.4709447454046127,0.0,0,0,0,1,0,0,0,0,1,0,0,0,0,0,1
-1.361249038568186,0.997173683970774,1,0,1,0,1.35434742133641,1.478170076718815,0.0,0,0,0,1,0,1,0,0,0,0,1,0,0,0,0
-0.8443925114550431,1.6901203147219828,1,0,1,0,-0.23418168255424376,-1.4709447454046127,0.0,0,0,0,1,0,0,1,0,0,0,0,0,0,0,1
-0.6607278983651328,-0.061999296905021435,1,0,0,0,1.2099356846190779,1.478170076718815,0.0,0,0,1,0,0,0,0,1,0,0,1,0,0,0,0
-1.3711713748955514,0.8458903499779176,1,0,0,0,0.6322887377497493,-0.8811217809799272,0.0,0,0,0,0,1,0,0,1,0,0,0,0,0,1,0
-0.3486987404340581,-0.2053176280141512,1,0,1,0,1.35434742133641,-0.8811217809799272,0.0,0,0,0,0,1,0,0,0,1,0,0,0,0,1,0
0.321663811622464,1.0964689958946316,1,0,1,0,-0.23418168255424376,0.2985241478694439,0.0,0,0,0,0,1,0,0,0,1,0,0,1,0,0,0
-1.6730229707938702,-0.5537606437782095,1,0,1,0,0.19905352759775274,0.2985241478694439,0.0,0,0,1,0,0,0,0,1,0,0,0,1,0,0,0
1.4468490594121268,-0.2872692323600246,0,0,0,0,-0.3785934192715759,0.8883471122941295,0.0,0,0,0,1,0,0,0,1,0,0,0,0,1,0,0
-1.0104045959625474,-0.29835472338650976,1,1,1,1,-0.6674168927062403,-0.8811217809799272,0.0,0,0,0,0,1,0,0,0,1,0,0,0,0,1,0
0.7262000509086356,-1.4942861141652486,1,0,0,0,-1.1006521028582368,1.478170076718815,0.0,0,0,0,0,1,0,1,0,0,0,1,0,0,0,0
1.3398290752751787,-0.2902000775769803,1,0,0,0,-0.8118286294235724,-0.29129881655524165,0.0,0,0,1,0,0,0,0,0,1,1,0,0,0,0,0
0.9547424332367641,-0.5676735384257575,1,0,1,0,0.7767004744670813,1.478170076718815,0.0,0,0,0,1,0,0,1,0,0,0,1,0,0,0,0
-0.9353542536076396,1.09027112027407,1,0,0,1,1.0655239479017458,1.478170076718815,0.0,0,0,1,0,0,0,1,0,0,0,1,0,0,0,0
0.005026606024205477,1.0688587099243116,1,0,1,1,0.3434652643150849,1.478170076718815,0.0,0,0,0,0,1,0,0,0,1,0,1,0,0,0,0
0.09549188173617967,-0.5707078252386061,1,0,1,0,1.0655239479017458,-0.29129881655524165,0.0,0,0,0,1,0,0,0,1,0,1,0,0,0,0,0
0.7696093982802248,1.6779659272046077,0,0,1,0,1.0655239479017458,1.478170076718815,0.0,0,0,1,0,0,0,1,0,0,0,1,0,0,0,0
-0.24610150310969553,0.12465244275009581,1,0,0,0,0.05464179088042058,0.8883471122941295,0.0,0,0,1,0,0,1,0,0,0,0,0,0,1,0,0
0.3461899530377102,1.7016799130629752,0,0,1,0,-1.389475576292901,1.478170076718815,0.0,0,0,0,0,1,0,0,0,1,0,1,0,0,0,0
0.3522908962693006,1.6568466013765453,1,0,1,0,0.9211122111844136,-0.8811217809799272,0.0,0,0,0,0,1,1,0,0,0,0,0,0,0,1,0
-0.1307394842732781,0.47243170827384395,0,0,0,0,-0.5230051559889081,-0.29129881655524165,0.0,0,0,0,1,0,1,0,0,0,1,0,0,0,0,0
1.166314054277707,-1.6190452989446564,0,0,0,0,-0.5230051559889081,-0.29129881655524165,0.0,0,0,0,0,1,0,0,0,1,1,0,0,0,0,0
0.9655458226841073,0.13746196037479017,1,0,1,0,1.6431708947710744,0.8883471122941295,0.0,0,0,1,0,0,0,1,0,0,0,0,0,1,0,0
-0.6641157573859987,-0.169992323016845,1,0,1,0,0.7767004744670813,0.2985241478694439,0.0,0,0,1,0,0,1,0,0,0,0,0,1,0,0,0
-0.9602964478850975,-1.1772462428875705,1,0,0,0,0.05464179088042058,-0.29129881655524165,0.0,0,0,0,1,0,0,0,0,1,1,0,0,0,0,0
-1.2475722086358525,-1.7055224731108292,1,0,0,0,-1.5338873130102333,-0.8811217809799272,0.0,0,0,0,0,1,0,0,1,0,0,0,0,0,1,0
0.367293273006695,-1.371035452659274,1,0,1,1,-0.8118286294235724,-1.4709447454046127,0.0,0,0,0,1,0,1,0,0,0,0,0,0,0,0,1
1.4493803390107922,0.7544997000068486,1,1,1,0,0.6322887377497493,-0.8811217809799272,0.0,0,0,0,1,0,1,0,0,0,0,0,0,0,1,0
1.499121381621585,1.2598291362079432,1,0,1,1,-0.6674168927062403,-0.8811217809799272,0.0,0,0,0,1,0,0,1,0,0,0,0,0,0,1,0
0.8899046153400081,-1.3217627724824554,1,0,0,1,0.3434652643150849,-0.8811217809799272,0.0,0,0,0,0,1,0,0,1,0,0,0,0,0,1,0
1.6803211437210814,-1.6361735031978646,1,0,0,0,-0.5230051559889081,-0.29129881655524165,0.0,0,0,0,1,0,0,0,1,0,1,0,0,0,0,0
1.6060714409077408,0.8050912605312972,1,0,0,0,0.3434652643150849,-0.29129881655524165,0.0,0,0,0,1,0,0,1,0,0,1,0,0,0,0,0
-1.662960784764921,-0.13714099618796885,1,0,1,0,0.9211122111844136,-1.4709447454046127,0.0,0,0,0,0,1,0,0,0,1,0,0,0,0,0,1
-1.5518152344312532,1.667604527349371,1,0,1,0,-0.9562403661409046,0.8883471122941295,0.0,0,0,1,0,0,1,0,0,0,0,0,0,1,0,0
1.3879863200155353,1.3345743093733025,1,0,0,0,-0.5230051559889081,1.478170076718815,0.0,0,0,1,0,0,0,0,0,1,0,1,0,0,0,0
0.9804538008729324,1.2946975741567237,1,0,0,1,0.7767004744670813,0.2985241478694439,0.0,0,0,0,0,1,0,0,0,1,0,0,1,0,0,0
-1.0472584885723992,-1.2699471530732784,1,0,1,1,1.6431708947710744,-1.4709447454046127,0.0,0,0,0,0,1,0,0,1,0,0,0,0,0,0,1
1.6656683912376464,1.369287584928244,1,0,1,1,1.0655239479017458,0.8883471122941295,0.0,0,0,1,0,0,0,0,1,0,0,0,0,1,0,0
0.0628020139909832,-1.6943766411534067,0,0,1,0,-1.5338873130102333,-0.29129881655524165,0.0,0,0,1,0,0,1,0,0,0,1,0,0,0,0,0
0.7790072982266514,-0.7469033435755845,1,0,1,0,-0.23418168255424376,-0.29129881655524165,0.0,0,0,0,0,1,0,0,1,0,1,0,0,0,0,0
1.2629432055869845,-0.7099488334429707,1,0,1,0,-0.08976994583691159,-0.8811217809799272,0.0,0,0,1,0,0,0,1,0,0,0,0,0,0,1,0
-0.35466333020660407,0.7304581490948217,1,0,1,0,1.4987591580537423,0.2985241478694439,0.0,0,0,1,0,0,0,0,0,1,0,0,1,0,0,0
-0.4598722607080428,-0.1280381357494244,1,0,0,1,-0.9562403661409046,-0.29129881655524165,0.0,0,0,1,0,0,0,1,0,0,1,0,0,0,0,0
-1.7067547188158656,-0.654590339374474,0,0,0,0,-0.08976994583691159,-0.29129881655524165,0.0,0,0,0,1,0,0,1,0,0,1,0,0,0,0,0
0.766322930293007,-0.07778276041162649,1,0,1,0,-0.8118286294235724,-0.8811217809799272,0.0,0,0,0,1,0,0,1,0,0,0,0,0,0,1,0
0.15651529902223948,0.5387550115069514,0,0,1,0,-1.6782990497275654,-1.4709447454046127,0.0,0,0,0,0,1,1,0,0,0,0,0,0,0,0,1
-1.1738819046288465,0.8413130593596722,1,0,0,0,-1.1006521028582368,-0.29129881655524165,0.0,0,0,0,1,0,0,1,0,0,1,0,0,0,0,0
1.107744999254442,0.2350677262324032,1,0,1,0,0.7767004744670813,-0.29129881655524165,0.0,0,0,1,0,0,1,0,0,0,1,0,0,0,0,0
-0.3691482630481387,-0.2689255893550791,0,0,1,1,0.3434652643150849,-0.29129881655524165,0.0,0,0,0,0,1,0,1,0,0,1,0,0,0,0,0
-0.9520173455513408,-1.167014145027199,0,0,1,0,-1.5338873130102333,-0.8811217809799272,0.0,0,0,0,1,0,0,0,1,0,0,0,0,0,1,0
-1.114015743623392,0.7795498064788281,1,0,0,0,-1.389475576292901,-0.8811217809799272,0.0,0,0,0,1,0,1,0,0,0,0,0,0,0,1,0
0.31733196711590794,1.141612632368739,1,0,1,0,1.2099356846190779,-0.8811217809799272,0.0,0,0,1,0,0,0,1,0,0,0,0,0,0,1,0
-1.3569731339422635,-1.603951446077335,1,0,1,1,-1.2450638395755689,-1.4709447454046127,0.0,0,0,0,1,0,0,0,0,1,0,0,0,0,0,1
0.5125901204671094,-0.9383823577056878,1,0,0,0,0.3434652643150849,-1.4709447454046127,0.0,0,0,1,0,0,0,1,0,0,0,0,0,0,0,1
1.1132166188289054,0.8026948635597863,1,0,1,1,-1.2450638395755689,0.8883471122941295,0.0,0,0,0,0,1,0,1,0,0,0,0,0,1,0,0
-0.6435823249509678,-1.2325099154931658,1,0,0,1,0.19905352759775274,-0.8811217809799272,0.0,0,0,0,0,1,1,0,0,0,0,0,0,0,1,0
1.7533961090411192,0.0717851671160112,1,0,1,0,1.35434742133641,-0.29129881655524165,0.0,0,0,1,0,0,0,0,0,1,1,0,0,0,0,0
0.7905309136371506,0.39598836890924843,1,0,0,1,0.19905352759775274,-0.8811217809799272,0.0,0,0,0,1,0,0,0,1,0,0,0,0,0,1,0
-1.6346726863770726,1.7002920716514172,1,0,1,0,-1.6782990497275654,-0.29129881655524165,0.0,0,0,0,0,1,0,0,0,1,1,0,0,0,0,0
0.11854610504225713,1.3478148336475486,1,0,0,1,0.6322887377497493,-1.4709447454046127,0.0,0,0,0,0,1,0,1,0,0,0,0,0,0,0,1
0.9482044596877248,-0.9662340073997571,1,0,0,0,1.6431708947710744,0.2985241478694439,0.0,0,0,1,0,0,0,0,1,0,0,0,1,0,0,0
0.7154316238866885,-1.67437793261418,1,0,1,0,0.6322887377497493,0.8883471122941295,0.0,0,0,0,1,0,0,0,0,1,0,0,0,1,0,0
-0.9665791957287465,-1.5978397717866832,1,0,0,0,0.6322887377497493,-0.29129881655524165,0.0,0,0,0,1,0,0,0,0,1,1,0,0,0,0,0
-1.0701378997514972,1.1701969933670473,1,0,1,0,-0.5230051559889081,-1.4709447454046127,0.0,0,0,1,0,0,0,1,0,0,0,0,0,0,0,1
0.7975723461118911,0.8211505682936159,0,0,1,0,-1.389475576292901,0.2985241478694439,0.0,0,0,0,0,1,0,0,1,0,0,0,1,0,0,0
1.1985494104927568,-0.9263055513852324,1,0,1,0,0.19905352759775274,-0.29129881655524165,0.0,0,0,0,1,0,0,0,1,0,1,0,0,0,0,0
-1.672554474293565,1.6598377875244383,1,0,1,0,0.3434652643150849,-1.4709447454046127,0.0,0,0,0,0,1,0,0,1,0,0,0,0,0,0,1
0.42809293077022076,0.1114463990078137,1,0,1,0,0.3434652643150849,-0.8811217809799272,0.0,0,0,0,1,0,0,1,0,0,0,0,0,0,1,0
-1.3067391211333883,0.29864120704136693,1,0,1,0,1.2099356846190779,0.8883471122941295,0.0,0,0,1,0,0,0,0,1,0,0,0,0,1,0,0
0.15969338349072942,-1.4013955610537379,1,0,1,1,1.6431708947710744,-0.8811217809799272,0.0,0,0,1,0,0,1,0,0,0,0,0,0,0,1,0
0.04571587669999092,-1.6172005904845725,0,0,1,0,-0.23418168255424376,-0.29129881655524165,0.0,0,0,1,0,0,0,0,0,1,1,0,0,0,0,0
-0.7218142480169054,1.1762138461947977,1,0,0,1,0.7767004744670813,-1.4709447454046127,0.0,0,0,0,0,1,0,1,0,0,0,0,0,0,0,1
-1.3682205461921348,-1.262775202424728,1,0,0,0,0.05464179088042058,-1.4709447454046127,0.0,0,0,1,0,0,1,0,0,0,0,0,0,0,0,1
-0.6231817497324414,1.05219599285262,1,0,1,0,-0.3785934192715759,-0.29129881655524165,0.0,0,0,0,0,1,0,0,1,0,1,0,0,0,0,0
-0.7170698468906773,1.5097009312193914,1,0,0,1,0.05464179088042058,-0.29129881655524165,0.0,0,0,1,0,0,0,0,1,0,1,0,0,0,0,0
-1.1950306757508455,0.14707340865980645,1,0,1,0,-1.5338873130102333,1.478170076718815,0.0,0,0,0,1,0,0,1,0,0,0,1,0,0,0,0
-0.8723904217121056,1.4734446518590518,1,0,1,0,0.48787700103241705,1.478170076718815,0.0,0,0,1,0,0,1,0,0,0,0,1,0,0,0,0
-1.6912768530930864,0.6347401923622477,1,0,0,1,0.48787700103241705,1.478170076718815,0.0,0,0,0,1,0,0,0,1,0,0,1,0,0,0,0
-0.016678067661589118,0.02068501874509116,0,0,1,0,1.35434742133641,-0.8811217809799272,0.0,0,0,1,0,0,0,0,0,1,0,0,0,0,1,0
1.3144463544377318,-0.3338179505116726,0,0,0,0,-0.3785934192715759,0.2985241478694439,0.0,0,0,0,1,0,0,0,1,0,0,0,1,0,0,0
1.7147801101913125,-1.113327956758965,1,0,0,0,1.35434742133641,0.8883471122941295,0.0,0,0,1,0,0,0,1,0,0,0,0,0,1,0,0
-0.09010964972066544,1.3622276960085777,1,0,1,0,1.2099356846190779,0.2985241478694439,0.0,0,0,0,1,0,0,1,0,0,0,0,1,0,0,0
-0.5160324046215283,-1.205468558300255,1,0,1,1,0.3434652643150849,0.8883471122941295,0.0,0,0,1,0,0,1,0,0,0,0,0,0,1,0,0
1.5132601864516992,0.2588248127557257,1,0,1,0,0.3434652643150849,-0.8811217809799272,0.0,0,0,0,1,0,0,0,0,1,0,0,0,0,1,0
-0.5928972968544851,0.25480783078189845,1,0,1,1,1.0655239479017458,-0.29129881655524165,0.0,0,0,0,1,0,0,0,1,0,1,0,0,0,0,0
-1.5869279982563875,1.2586395578551788,1,0,1,0,-1.389475576292901,1.478170076718815,0.0,0,0,0,1,0,1,0,0,0,0,1,0,0,0,0
1.584688421535589,-0.6338761597969904,1,0,0,0,0.48787700103241705,-1.4709447454046127,0.0,0,0,0,0,1,0,1,0,0,0,0,0,0,0,1
-1.1099286360946075,1.4283872167148552,1,0,0,0,1.2099356846190779,1.478170076718815,0.0,0,0,0,1,0,0,1,0,0,0,1,0,0,0,0
0.6505868135048531,0.2581179618504598,1,0,1,0,0.6322887377497493,0.8883471122941295,0.0,0,0,0,0,1,1,0,0,0,0,0,0,1,0,0
-1.6073775208704686,-0.38938332777195467,0,1,1,1,-1.2450638395755689,-1.4709447454046127,0.0,0,0,0,0,1,1,0,0,0,0,0,0,0,0,1
0.5507900664547049,-1.5922625457414765,0,0,1,0,0.3434652643150849,-0.29129881655524165,0.0,0,0,1,0,0,1,0,0,0,1,0,0,0,0,0
0.36849598044031495,-0.3469808935889997,1,0,1,0,1.6431708947710744,-0.8811217809799272,0.0,0,0,1,0,0,0,1,0,0,0,0,0,0,1,0
-0.9488077948999943,1.633270537646035,1,0,0,0,-1.1006521028582368,-0.8811217809799272,0.0,0,0,0,1,0,0,1,0,0,0,0,0,0,1,0
-1.31471754660874,-0.866352526432508,0,0,1,0,1.6431708947710744,0.2985241478694439,0.0,0,0,0,1,0,0,0,1,0,0,0,1,0,0,0
-0.22433040081564848,0.7208208404108324,0,1,1,0,1.6431708947710744,-0.29129881655524165,0.0,0,0,1,0,0,1,0,0,0,1,0,0,0,0,0
-1.4418898727439033,-0.35154094394126334,0,0,1,0,-0.6674168927062403,-1.4709447454046127,0.0,0,0,0,1,0,1,0,0,0,0,0,0,0,0,1
-1.7406123315692863,-0.4868080708367557,0,0,1,0,1.2099356846190779,0.8883471122941295,0.0,0,0,0,0,1,1,0,0,0,0,0,0,1,0,0
-1.4377223516367081,-1.0012058869444307,1,0,1,1,1.4987591580537423,-0.8811217809799272,0.0,0,0,0,1,0,0,0,0,1,0,0,0,0,1,0
-0.35854765566809216,-0.654831703098223,1,0,1,0,1.2099356846190779,-0.29129881655524165,0.0,0,0,0,1,0,0,0,0,1,1,0,0,0,0,0
1.1423088530008603,-1.0176789610903192,1,0,0,0,-0.9562403661409046,0.2985241478694439,0.0,0,0,1,0,0,1,0,0,0,0,0,1,0,0,0
1.6061623432137704,-0.534287763351437,1,0,1,0,1.4987591580537423,-0.8811217809799272,0.0,0,0,0,1,0,0,0,0,1,0,0,0,0,1,0
0.9827718096766828,1.0181723279369614,1,0,0,0,-1.5338873130102333,1.478170076718815,0.0,0,0,1,0,0,0,0,1,0,0,1,0,0,0,0
-1.0130582440500986,-1.191047075806235,1,0,1,0,1.2099356846190779,1.478170076718815,0.0,0,0,0,0,1,0,0,1,0,0,1,0,0,0,0
1.2343893927661267,1.0557043869799754,1,0,1,0,-1.389475576292901,1.478170076718815,0.0,0,0,0,0,1,0,1,0,0,0,1,0,0,0,0
-0.3883391383479659,0.9733217759845498,1,0,1,0,1.4987591580537423,0.2985241478694439,0.0,0,0,0,1,0,0,0,1,0,0,0,1,0,0,0
1.1763622553364985,1.1072183017344661,1,1,0,0,-1.1006521028582368,0.8883471122941295,0.0,0,0,0,1,0,1,0,0,0,0,0,0,1,0,0
-1.273273087544402,-0.39698628507005734,0,0,0,0,-0.08976994583691159,0.8883471122941295,0.0,0,0,1,0,0,1,0,0,0,0,0,0,1,0,0
0.5578769500824602,-0.5228057462073638,1,0,1,1,1.6431708947710744,0.2985241478694439,0.0,0,0,0,1,0,0,0,1,0,0,0,1,0,0,0
-0.18759538045214277,-1.0201270788597763,1,0,0,0,0.9211122111844136,-0.29129881655524165,0.0,0,0,0,1,0,1,0,0,0,1,0,0,0,0,0
0.13770551415922797,-0.3905729061247191,1,0,1,0,0.7767004744670813,-1.4709447454046127,0.0,0,0,0,0,1,0,1,0,0,0,0,0,0,0,1
-1.5498468498814622,1.3584089770935441,1,0,0,0,-0.23418168255424376,0.2985241478694439,0.0,0,0,0,0,1,0,0,1,0,0,0,1,0,0,0
0.9174410215818443,0.9001713274225339,1,0,1,1,0.3434652643150849,-0.8811217809799272,0.0,0,0,0,1,0,0,0,1,0,0,0,0,0,1,0
1.6771535479802102,0.9265144538431702,1,0,1,0,0.19905352759775274,-1.4709447454046127,0.0,0,0,1,0,0,0,0,1,0,0,0,0,0,0,1
-0.3843569180953691,-0.19298221770396454,1,1,1,0,1.6431708947710744,0.8883471122941295,0.0,0,0,0,1,0,0,0,1,0,0,0,0,1,0,0
1.0852466785121597,0.5154720322981361,1,0,1,0,0.19905352759775274,0.8883471122941295,0.0,0,0,1,0,0,1,0,0,0,0,0,0,1,0,0
-1.0067440300235933,0.10142980447221803,1,0,0,1,-0.9562403661409046,0.8883471122941295,0.0,0,0,1,0,0,1,0,0,0,0,0,0,1,0,0
-1.3245524768726156,1.5170797650597263,1,0,0,0,-0.8118286294235724,0.8883471122941295,0.0,0,0,0,1,0,0,1,0,0,0,0,0,1,0,0
-0.42688521234698096,0.34424171056399994,0,0,0,0,1.35434742133641,0.2985241478694439,0.0,0,0,1,0,0,0,1,0,0,0,0,1,0,0,0
1.201409336890144,1.4978137678247392,1,0,1,0,-0.5230051559889081,0.8883471122941295,0.0,0,0,0,1,0,0,0,1,0,0,0,0,1,0,0
1.2542935015440309,1.0366711333357461,0,0,0,1,0.7767004744670813,-0.29129881655524165,0.0,0,0,0,1,0,0,1,0,0,1,0,0,0,0,0
0.499874286350609,-0.9176250774632493,1,0,1,0,-0.23418168255424376,-1.4709447454046127,0.0,0,0,0,1,0,0,1,0,0,0,0,0,0,0,1
1.5190464678547264,-0.4382077610332391,1,0,1,1,0.05464179088042058,-0.29129881655524165,0.0,0,0,0,1,0,1,0,0,0,1,0,0,0,0,0
0.6982091331366522,1.585359838481801,1,0,0,0,-1.389475576292901,-0.8811217809799272,0.0,0,0,0,0,1,0,0,0,1,0,0,0,0,1,0
-0.07143272207415852,-1.6261569086622694,0,0,1,0,-0.23418168255424376,-0.8811217809799272,0.0,0,0,1,0,0,1,0,0,0,0,0,0,0,1,0
-0.6901103206678741,0.314605693340784,0,0,0,0,-1.5338873130102333,-0.29129881655524165,0.0,0,0,1,0,0,0,0,0,1,1,0,0,0,0,0
0.1723462852415174,1.4385244931123253,1,0,0,0,1.4987591580537423,-0.8811217809799272,0.0,0,0,0,1,0,0,1,0,0,0,0,0,0,1,0
-1.564691895704575,-0.5672770123081697,1,0,1,0,1.6431708947710744,-0.29129881655524165,0.0,0,0,1,0,0,0,0,1,0,1,0,0,0,0,0
-0.5427436976240205,-0.1878359983083099,1,0,1,1,0.7767004744670813,0.2985241478694439,0.0,0,0,0,1,0,0,0,0,1,0,0,1,0,0,0
1.2679358399335239,0.24332581363782516,1,0,0,1,-1.2450638395755689,0.8883471122941295,0.0,0,0,1,0,0,1,0,0,0,0,0,0,1,0,0
0.4295368789390728,-0.7239996502183758,1,0,1,1,-0.23418168255424376,-0.8811217809799272,0.0,0,0,0,1,0,0,0,0,1,0,0,0,0,1,0
-1.0770429787671938,-0.6621760564065942,1,0,0,0,1.35434742133641,1.478170076718815,0.0,0,0,1,0,0,0,0,1,0,0,1,0,0,0,0
-1.0090725275549624,0.3563357571504372,1,0,1,0,0.05464179088042058,1.478170076718815,0.0,0,0,1,0,0,0,0,1,0,0,1,0,0,0,0
-0.7348587289321277,0.49736113288394884,0,0,1,0,-1.389475576292901,0.8883471122941295,0.0,0,0,0,0,1,0,1,0,0,0,0,0,1,0,0
1.0293312715764456,-1.0717444352101593,1,0,1,0,0.48787700103241705,-0.8811217809799272,0.0,0,0,0,1,0,0,0,1,0,0,0,0,0,1,0
0.6882168719584949,-0.142994066488889,1,0,0,0,0.9211122111844136,-0.29129881655524165,0.0,0,0,1,0,0,0,0,0,1,1,0,0,0,0,0
1.275263964296511,0.3092008699553982,0,0,0,0,-0.23418168255424376,-0.29129881655524165,0.0,0,0,1,0,0,1,0,0,0,1,0,0,0,0,0
1.6214584043244906,-1.208270101522345,0,0,1,0,-0.6674168927062403,0.2985241478694439,0.0,0,0,0,0,1,0,1,0,0,0,0,1,0,0,0
0.5697851521723147,0.7939195681749016,1,0,1,1,0.9211122111844136,0.8883471122941295,0.0,0,0,0,0,1,1,0,0,0,0,0,0,1,0,0
1.3112647737267018,-0.34590337696511897,1,0,1,0,-0.6674168927062403,-1.4709447454046127,0.0,0,0,0,0,1,0,1,0,0,0,0,0,0,0,1
-1.5918646927222935,-0.0003308654870789057,1,0,1,0,-1.6782990497275654,0.8883471122941295,0.0,0,0,0,1,0,1,0,0,0,0,0,0,1,0,0
-0.644225633578253,0.5138342070298373,1,0,1,0,-0.9562403661409046,-1.4709447454046127,0.0,0,0,1,0,0,0,1,0,0,0,0,0,0,0,1
0.44456023313170484,-0.8651370876807705,0,0,0,1,-0.8118286294235724,-1.4709447454046127,0.0,0,0,1,0,0,0,1,0,0,0,0,0,0,0,1
0.9226119642979026,1.1334235060272455,1,0,0,0,0.9211122111844136,0.8883471122941295,0.0,0,0,1,0,0,0,0,0,1,0,0,0,1,0,0
0.6145825078321225,-0.06484394079206675,0,0,0,1,-0.3785934192715759,1.478170076718815,0.0,0,0,0,1,0,0,1,0,0,0,1,0,0,0,0
-1.41252493165386,0.6600920034889136,0,0,0,0,-0.8118286294235724,1.478170076718815,0.0,0,0,0,1,0,0,0,1,0,0,1,0,0,0,0
1.5648122826980013,1.3191097907873657,1,0,1,0,-0.8118286294235724,1.478170076718815,0.0,0,0,0,1,0,1,0,0,0,0,1,0,0,0,0
0.510041359655746,-0.02462240025584658,1,0,1,0,-1.1006521028582368,0.2985241478694439,0.0,0,0,0,0,1,0,0,0,1,0,0,1,0,0,0
-0.3696587144589193,-1.4403413219072831,1,0,1,0,0.9211122111844136,-1.4709447454046127,0.0,0,0,0,0,1,1,0,0,0,0,0,0,0,0,1
1.0428337602643545,-0.9367703928363623,1,0,1,0,1.35434742133641,-0.29129881655524165,0.0,0,0,0,0,1,0,0,0,1,1,0,0,0,0,0
1.1911233913386607,1.2262709584738012,1,0,0,0,-1.5338873130102333,1.478170076718815,0.0,0,0,1,0,0,0,0,1,0,0,1,0,0,0,0
0.23047131746225447,-0.054206696681115954,1,0,1,0,0.6322887377497493,-0.8811217809799272,0.0,0,0,1,0,0,1,0,0,0,0,0,0,0,1,0
0.45682854820313745,0.3648352082796086,1,0,1,0,-0.9562403661409046,0.8883471122941295,0.0,0,0,1,0,0,0,1,0,0,0,0,0,1,0,0
-0.48807295303240156,-0.7543338982138664,1,0,0,0,-1.2450638395755689,0.2985241478694439,0.0,0,0,1,0,0,0,0,1,0,0,0,1,0,0,0
-1.4984450920643628,0.9255834794801374,1,0,1,1,-0.3785934192715759,0.8883471122941295,0.0,0,0,0,0,1,0,0,0,1,0,0,0,1,0,0
1.4394475139558078,0.5390394758956558,1,0,1,1,0.05464179088042058,-1.4709447454046127,0.0,0,0,0,1,0,1,0,0,0,0,0,0,0,0,1
-1.2691020701946676,0.2666174129796312,1,0,1,0,-0.08976994583691159,-1.4709447454046127,0.0,0,0,0,1,0,1,0,0,0,0,0,0,0,0,1
0.3211463677266044,-1.5939779522066946,1,0,1,0,0.9211122111844136,-1.4709447454046127,0.0,0,0,0,1,0,0,1,0,0,0,0,0,0,0,1
0.8024146420292279,0.6544113358478143,0,0,1,0,-1.6782990497275654,0.2985241478694439,0.0,0,0,0,1,0,0,1,0,0,0,0,1,0,0,0
-1.5717018619964593,-1.539964198884801,1,0,1,0,-0.9562403661409046,0.8883471122941295,0.0,0,0,0,0,1,0,0,1,0,0,0,0,1,0,0
0.14681322597486832,-0.7796339885425861,1,0,1,0,0.19905352759775274,-1.4709447454046127,0.0,0,0,0,1,0,0,0,0,1,0,0,0,0,0,1
1.3652992021761152,1.6414165633225732,1,0,1,0,0.9211122111844136,1.478170076718815,0.0,0,0,0,1,0,0,1,0,0,0,1,0,0,0,0
-0.20972659572776783,-0.4363889129721283,1,0,1,1,1.0655239479017458,0.8883471122941295,0.0,0,0,0,0,1,1,0,0,0,0,0,0,1,0,0
0.2808976236108071,0.55596941709007,1,0,1,0,0.9211122111844136,0.2985241478694439,0.0,0,0,0,0,1,0,0,1,0,0,0,1,0,0,0
-0.9007134825253502,-1.4764079583418195,1,1,1,0,0.9211122111844136,-0.29129881655524165,0.0,0,0,0,1,0,1,0,0,0,1,0,0,0,0,0
-0.09313389951741344,-0.1705440115282718,1,0,1,0,-0.8118286294235724,-0.29129881655524165,0.0,0,0,0,1,0,1,0,0,0,1,0,0,0,0,0
-0.900094647595842,-1.3190905312552312,1,0,0,0,-1.2450638395755689,0.2985241478694439,0.0,0,0,0,1,0,0,1,0,0,0,0,1,0,0,0
1.1267121150317354,-0.37031559359576116,1,0,1,0,-1.6782990497275654,0.8883471122941295,0.0,0,0,0,1,0,0,1,0,0,0,0,0,1,0,0
0.7064847392278694,0.5638395985108949,1,0,1,0,-1.6782990497275654,-0.8811217809799272,0.0,0,0,0,0,1,0,0,0,1,0,0,0,0,1,0
-0.35391513430313115,-1.4095760672622404,1,0,1,1,1.6431708947710744,1.478170076718815,0.0,0,0,0,0,1,0,1,0,0,0,1,0,0,0,0
-0.18906030607623217,-1.2743692812976848,1,0,0,0,-1.6782990497275654,0.2985241478694439,0.0,0,0,0,1,0,0,0,1,0,0,0,1,0,0,0
-1.1756090484434054,0.015357776556624524,1,0,1,0,1.6431708947710744,1.478170076718815,0.0,0,0,1,0,0,0,1,0,0,0,1,0,0,0,0
-0.10076969322388506,-0.44515558822402207,0,0,1,1,-0.6674168927062403,-1.4709447454046127,0.0,0,0,0,1,0,0,0,0,1,0,0,0,0,0,1
-0.9243725557907773,-0.4684644278318102,0,0,1,1,-0.9562403661409046,-0.8811217809799272,0.0,0,0,0,1,0,0,1,0,0,0,0,0,0,1,0
-1.1718051365603281,-1.1380073975123293,0,0,1,0,-0.3785934192715759,1.478170076718815,0.0,0,0,0,1,0,0,0,1,0,0,1,0,0,0,0
-0.25529312474628607,0.8957836797300914,1,0,1,0,0.19905352759775274,1.478170076718815,0.0,0,0,0,0,1,0,1,0,0,0,1,0,0,0,0
-0.2500557534219753,0.4800777662369016,0,1,1,0,-0.08976994583691159,1.478170076718815,0.0,0,0,1,0,0,0,0,0,1,0,1,0,0,0,0
1.2255998390215896,0.41470267763280916,1,0,1,0,1.35434742133641,0.2985241478694439,0.0,0,0,0,0,1,0,1,0,0,0,0,1,0,0,0
1.4745847514787196,0.7694297703473403,1,0,1,0,0.05464179088042058,-0.29129881655524165,0.0,0,0,0,1,0,0,0,0,1,1,0,0,0,0,0
-0.30687319093290455,0.7859373250251933,1,0,1,0,-1.6782990497275654,0.2985241478694439,0.0,0,0,1,0,0,0,0,1,0,0,0,1,0,0,0
-1.0158447493541543,0.5282039687259109,1,0,1,0,0.05464179088042058,0.2985241478694439,0.0,0,0,0,0,1,1,0,0,0,0,0,1,0,0,0
-0.2433989076265898,-0.6889846700087469,0,0,1,0,0.19905352759775274,-1.4709447454046127,0.0,0,0,0,0,1,0,1,0,0,0,0,0,0,0,1
0.8282343931841235,0.0402182401028011,1,0,1,1,1.2099356846190779,0.2985241478694439,0.0,0,0,1,0,0,0,1,0,0,0,0,1,0,0,0
0.3591854865573782,-0.4673782910749382,1,1,1,0,-0.23418168255424376,0.2985241478694439,0.0,0,0,0,1,0,0,0,0,1,0,0,1,0,0,0
1.3353119299140241,1.3861054643937747,1,0,1,0,-1.6782990497275654,1.478170076718815,0.0,0,0,0,1,0,0,0,1,0,0,1,0,0,0,0
1.4359512714162148,-1.102863115307835,1,0,1,0,1.35434742133641,-1.4709447454046127,0.0,0,0,1,0,0,0,1,0,0,0,0,0,0,0,1
-0.43405600579568654,1.4563336878718263,1,0,1,0,1.35434742133641,-0.8811217809799272,0.0,0,0,0,1,0,0,0,0,1,0,0,0,0,1,0
0.7518170199962348,-0.13307229341619534,1,0,1,0,-0.5230051559889081,-1.4709447454046127,0.0,0,0,0,0,1,0,0,1,0,0,0,0,0,0,1
-1.1755601010478511,-0.5287363977052034,0,0,1,1,-0.8118286294235724,0.2985241478694439,0.0,0,0,1,0,0,1,0,0,0,0,0,1,0,0,0
-1.5890222475376041,-1.3527521505852655,1,0,1,0,1.4987591580537423,1.478170076718815,0.0,0,0,1,0,0,0,1,0,0,0,1,0,0,0,0
-1.4061442890191023,-0.06212859889988721,1,0,0,0,1.4987591580537423,-0.8811217809799272,0.0,0,0,0,0,1,0,0,1,0,0,0,0,0,1,0
-1.7280852945499239,0.5592105870947034,1,0,1,0,1.4987591580537423,-0.8811217809799272,0.0,0,0,0,0,1,1,0,0,0,0,0,0,0,1,0
-0.07291512891094595,-0.7537649694364571,0,0,1,0,0.6322887377497493,0.8883471122941295,0.0,0,0,0,0,1,0,0,1,0,0,0,0,1,0,0
0.9908271524879055,0.9527541386679141,1,0,1,0,-0.6674168927062403,0.2985241478694439,0.0,0,0,1,0,0,0,1,0,0,0,0,1,0,0,0
0.03029395085784541,0.7069424262952482,1,0,1,0,-1.5338873130102333,-0.8811217809799272,0.0,0,0,0,1,0,0,0,0,1,0,0,0,0,1,0
1.4585579756772242,-0.16361342460347092,1,0,0,0,-0.08976994583691159,1.478170076718815,0.0,0,0,0,0,1,0,1,0,0,0,1,0,0,0,0
0.0010618669843067315,-0.5396063854069121,1,0,0,0,-0.6674168927062403,0.2985241478694439,0.0,0,0,0,1,0,0,0,1,0,0,0,1,0,0,0
0.7336994911560629,-0.21966152931125152,0,0,1,0,1.35434742133641,1.478170076718815,0.0,0,0,0,0,1,0,0,0,1,0,1,0,0,0,0
0.10083763657921767,-1.3363480375033052,0,0,1,0,-0.9562403661409046,-0.29129881655524165,0.0,0,0,1,0,0,1,0,0,0,1,0,0,0,0,0
0.7398703592384448,0.3064165669992903,1,0,1,0,-0.3785934192715759,-0.8811217809799272,0.0,0,0,1,0,0,0,1,0,0,0,0,0,0,1,0
0.4154575102321311,-0.2833901725140539,1,0,1,0,0.9211122111844136,-0.8811217809799272,0.0,0,0,1,0,0,0,0,1,0,0,0,0,0,1,0
1.174421840727024,-1.6460694158715854,1,0,1,0,0.05464179088042058,-0.29129881655524165,0.0,0,0,1,0,0,0,1,0,0,1,0,0,0,0,0
0.21583604619151742,0.14557350551936427,1,0,0,0,0.7767004744670813,-1.4709447454046127,0.0,0,0,0,1,0,0,1,0,0,0,0,0,0,0,1
1.123464105712453,0.22917155526652766,0,0,1,1,1.2099356846190779,1.478170076718815,0.0,0,0,0,1,0,0,1,0,0,0,1,0,0,0,0
-1.663254469138247,-0.24155666710850826,1,0,0,0,0.9211122111844136,1.478170076718815,0.0,0,0,0,1,0,0,0,1,0,0,1,0,0,0,0
-0.6581546638559922,-1.5052854038618233,1,0,1,1,0.05464179088042058,-0.8811217809799272,0.0,0,0,1,0,0,1,0,0,0,0,0,0,0,1,0
-1.7353330053345004,1.4429638616027138,1,0,1,0,-1.1006521028582368,-1.4709447454046127,0.0,0,0,0,1,0,0,0,0,1,0,0,0,0,0,1
-0.30531037051770626,0.6677639218509446,1,0,1,0,1.4987591580537423,0.2985241478694439,0.0,0,0,0,1,0,0,0,1,0,0,0,1,0,0,0
0.7518659673917892,1.253191633804838,1,0,1,1,-0.8118286294235724,0.2985241478694439,0.0,0,0,0,1,0,1,0,0,0,0,0,1,0,0,0
-0.5903730097408988,1.0770995570637512,1,0,1,0,-1.2450638395755689,-1.4709447454046127,0.0,0,0,0,1,0,0,0,1,0,0,0,0,0,0,1
1.1134858295044539,-0.3225255762934025,0,0,1,0,1.4987591580537423,-0.29129881655524165,0.0,0,0,0,1,0,0,1,0,0,1,0,0,0,0,0
1.4481951127898702,0.019262696801568502,0,0,0,0,0.7767004744670813,0.2985241478694439,0.0,0,0,0,0,1,0,0,0,1,0,0,1,0,0,0
-1.1048066407741035,1.471462021271112,1,0,0,0,1.6431708947710744,1.478170076718815,0.0,0,0,1,0,0,0,0,0,1,0,1,0,0,0,0
-0.982147963757555,0.07750031528907474,1,0,0,1,1.6431708947710744,-0.29129881655524165,0.0,0,0,0,1,0,0,1,0,0,1,0,0,0,0,0
0.15452943325975044,0.14152204301357282,1,0,0,0,0.7767004744670813,-0.8811217809799272,0.0,0,0,0,0,1,0,1,0,0,0,0,0,0,1,0
-0.6482602974689435,0.8703111867415506,1,0,0,0,-0.6674168927062403,-0.8811217809799272,0.0,0,0,0,1,0,0,0,1,0,0,0,0,0,1,0
0.7723119937633302,-0.3133192742589656,1,0,1,0,-1.2450638395755689,0.8883471122941295,0.0,0,0,1,0,0,1,0,0,0,0,0,0,1,0,0
-0.9686909262226608,-0.4698953699083237,1,0,1,0,-0.5230051559889081,0.8883471122941295,0.0,0,0,1,0,0,1,0,0,0,0,0,0,1,0,0
0.3012282739785418,-0.23800517231619742,1,0,0,0,1.2099356846190779,-0.29129881655524165,0.0,0,0,0,1,0,0,0,1,0,1,0,0,0,0,0
0.31770256882510495,1.4216204123168839,1,0,0,0,-0.08976994583691159,1.478170076718815,0.0,0,0,0,1,0,1,0,0,0,0,1,0,0,0,0
1.5214274090241893,-0.978569417709944,1,0,0,0,0.9211122111844136,-0.8811217809799272,0.0,0,0,1,0,0,0,0,0,1,0,0,0,0,1,0
-1.2247802035202442,0.4269087859481305,0,0,1,0,-0.5230051559889081,-1.4709447454046127,0.0,0,0,0,1,0,0,0,0,1,0,0,0,0,0,1
0.7536280736317442,-1.4173514272201637,1,1,1,0,-1.5338873130102333,0.2985241478694439,0.0,0,0,0,1,0,0,0,0,1,0,0,1,0,0,0
-0.596928464502636,-1.5200344514095028,1,0,0,0,-1.1006521028582368,1.478170076718815,0.0,0,0,0,0,1,0,0,0,1,0,1,0,0,0,0
0.0613335921243538,0.32857892891926943,1,0,1,1,0.9211122111844136,-1.4709447454046127,0.0,0,0,1,0,0,0,0,1,0,0,0,0,0,0,1
-0.045602482191643874,1.0728670717651478,1,0,1,0,0.6322887377497493,0.2985241478694439,0.0,0,0,1,0,0,0,0,1,0,0,0,1,0,0,0
1.093039803132913,1.6916115977294333,1,0,1,1,-0.6674168927062403,-0.8811217809799272,0.0,0,0,0,0,1,0,0,1,0,0,0,0,0,1,0
0.08792251663796019,-0.30263030935006857,1,0,0,1,-0.5230051559889081,-1.4709447454046127,0.0,0,0,0,0,1,0,0,0,1,0,0,0,0,0,1
-0.16709691044250777,0.3705675967186542,1,0,0,0,-1.6782990497275654,0.8883471122941295,0.0,0,0,1,0,0,0,1,0,0,0,0,0,1,0,0
0.10135158423253765,-0.09710909857755151,1,1,1,1,-1.2450638395755689,1.478170076718815,0.0,0,0,0,1,0,0,0,0,1,0,1,0,0,0,0
-0.4190676140284505,1.1481466931759519,0,0,1,0,1.6431708947710744,-0.29129881655524165,0.0,0,0,1,0,0,1,0,0,0,1,0,0,0,0,0
0.7837132406849439,-1.2346994292728914,1,0,1,0,-0.3785934192715759,0.8883471122941295,0.0,0,0,0,1,0,0,0,1,0,0,0,0,1,0,0
0.5363855471915806,0.6902452286915923,0,0,1,0,-0.9562403661409046,-0.8811217809799272,0.0,0,0,0,0,1,0,0,0,1,0,0,0,0,1,0
-0.445964207885541,-0.6037401748602939,1,1,1,1,-0.3785934192715759,0.2985241478694439,0.0,0,0,1,0,0,0,1,0,0,0,0,1,0,0,0
-0.35144678707017823,0.721501830917125,1,0,1,0,-1.5338873130102333,-1.4709447454046127,0.0,0,0,0,1,0,0,0,0,1,0,0,0,0,0,1
0.33143930576316666,1.4455585216330187,1,0,1,0,0.19905352759775274,-0.29129881655524165,0.0,0,0,0,1,0,0,1,0,0,1,0,0,0,0,0
-0.5559420132109849,1.1046839826350983,0,0,1,0,0.6322887377497493,1.478170076718815,0.0,0,0,1,0,0,0,1,0,0,0,1,0,0,0,0
-1.4490292000097524,0.20325081536245282,1,0,1,1,-1.2450638395755689,0.8883471122941295,0.0,0,0,0,0,1,1,0,0,0,0,0,0,1,0,0
1.3440175738376112,1.1338286522778247,1,0,1,0,-1.389475576292901,-1.4709447454046127,0.0,0,0,1,0,0,0,0,1,0,0,0,0,0,0,1
0.9937744849487827,-0.65422829378885,1,0,1,0,-1.1006521028582368,-0.29129881655524165,0.0,0,0,1,0,0,1,0,0,0,1,0,0,0,0,0
-0.3787908999723367,0.26303143765535625,0,0,1,1,1.6431708947710744,-1.4709447454046127,0.0,0,0,1,0,0,1,0,0,0,0,0,0,0,0,1
-1.6045945118089522,1.5807308270656095,1,0,1,0,-0.5230051559889081,0.2985241478694439,0.0,0,0,0,0,1,0,0,0,1,0,0,1,0,0,0
-1.3362334231973965,0.6013888978198909,1,0,1,0,-1.1006521028582368,-1.4709447454046127,0.0,0,0,1,0,0,0,1,0,0,0,0,0,0,0,1
1.072859491194381,0.8283311390751571,1,0,0,0,-0.9562403661409046,-0.29129881655524165,0.0,0,0,1,0,0,0,0,1,0,1,0,0,0,0,0
1.704169014083647,1.3564435867715858,0,0,1,0,-1.389475576292901,0.2985241478694439,0.0,0,0,0,0,1,1,0,0,0,0,0,1,0,0,0
-0.7710693129146944,0.9446770740553038,1,0,1,1,1.4987591580537423,1.478170076718815,0.0,0,0,0,0,1,0,1,0,0,0,1,0,0,0,0
-1.6075278592996707,1.5963763684443584,0,0,1,0,-1.1006521028582368,0.2985241478694439,0.0,0,0,0,0,1,0,1,0,0,0,0,1,0,0,0
-1.4689857524257506,0.006065273192277235,1,0,0,0,-1.2450638395755689,0.8883471122941295,0.0,0,0,0,0,1,1,0,0,0,0,0,0,1,0,0
0.49498653928025754,1.7177909416232398,1,0,1,0,0.05464179088042058,1.478170076718815,0.0,0,0,0,1,0,0,0,1,0,0,1,0,0,0,0
-1.5384246255046112,1.10486500542791,0,0,1,0,-1.389475576292901,0.8883471122941295,0.0,0,0,0,1,0,1,0,0,0,0,0,0,1,0,0
-0.9730647256396918,0.6078626176961662,1,0,1,0,-0.6674168927062403,0.8883471122941295,0.0,0,0,0,0,1,0,0,0,1,0,0,0,1,0,0
-1.4036339868756744,-1.4360915963426977,0,0,1,0,-1.2450638395755689,-0.29129881655524165,0.0,0,0,0,1,0,0,0,1,0,1,0,0,0,0,0
0.40450028611304595,-0.7091557812077944,1,0,1,0,1.0655239479017458,0.8883471122941295,0.0,0,0,1,0,0,1,0,0,0,0,0,0,1,0,0
-0.08595960982616835,-0.5842155736355747,1,0,1,1,0.9211122111844136,0.2985241478694439,0.0,0,0,0,0,1,0,0,1,0,0,0,1,0,0,0
-1.4154373016893411,0.484655056855147,1,0,0,0,1.4987591580537423,0.8883471122941295,0.0,0,0,0,1,0,1,0,0,0,0,0,0,1,0,0
-0.6357227717219622,1.7262817726194204,1,0,0,0,-1.5338873130102333,-0.29129881655524165,0.0,0,0,1,0,0,0,0,0,1,1,0,0,0,0,0
-1.1335457544495597,0.8770348904745665,1,1,1,0,-0.6674168927062403,0.2985241478694439,0.0,0,0,1,0,0,0,0,0,1,0,0,1,0,0,0
-0.6600391385848331,0.8209350649688397,0,0,1,0,0.48787700103241705,0.2985241478694439,0.0,0,0,0,0,1,0,0,1,0,0,0,1,0,0,0
-1.7026501300743833,-1.4757442081015089,1,0,1,0,-1.6782990497275654,-0.29129881655524165,0.0,0,0,0,1,0,1,0,0,0,1,0,0,0,0,0
0.9570569457979747,-0.949476468865164,1,0,1,1,-1.6782990497275654,0.2985241478694439,0.0,0,0,0,0,1,0,0,1,0,0,0,1,0,0,0
1.2664079819437213,-0.06566285342621596,1,0,1,0,1.4987591580537423,-0.29129881655524165,0.0,0,0,0,0,1,1,0,0,0,1,0,0,0,0,0
-1.0023772230916412,-1.6984539640581713,1,0,0,1,1.2099356846190779,0.8883471122941295,0.0,0,0,0,0,1,0,0,0,1,0,0,0,1,0,0
0.6465486533716229,0.8145044457575195,1,0,1,1,-0.3785934192715759,0.8883471122941295,0.0,0,0,1,0,0,0,0,0,1,0,0,0,1,0,0
0.11452192987918527,0.4317877812210624,1,0,1,0,0.9211122111844136,0.2985241478694439,0.0,0,0,0,1,0,1,0,0,0,0,0,1,0,0,0
1.4124705065203067,0.5396256449390469,0,0,1,0,1.6431708947710744,-1.4709447454046127,0.0,0,0,0,0,1,0,0,0,1,0,0,0,0,0,1
-1.6176110227838576,-0.07873097504064185,1,0,0,0,-0.5230051559889081,0.8883471122941295,0.0,0,0,0,0,1,0,1,0,0,0,0,0,1,0,0
1.455208575324294,0.5262127180049794,1,1,1,0,-0.3785934192715759,1.478170076718815,0.0,0,0,0,1,0,0,0,1,0,0,1,0,0,0,0
-1.067319928264585,1.331272798437732,1,0,1,0,0.48787700103241705,-0.8811217809799272,0.0,0,0,0,1,0,0,0,0,1,0,0,0,0,1,0
0.8165114919488675,-0.1875687741855875,1,0,1,0,0.19905352759775274,1.478170076718815,0.0,0,0,0,1,0,0,0,0,1,0,1,0,0,0,0
-0.19623109952493792,1.1207863910623723,1,0,0,0,0.3434652643150849,-0.8811217809799272,0.0,0,0,1,0,0,0,1,0,0,0,0,0,0,1,0
-1.1259169532281674,-0.634936436154889,1,0,0,1,-0.8118286294235724,1.478170076718815,0.0,0,0,0,1,0,0,1,0,0,0,1,0,0,0,0
-0.004311857799047987,0.3682746413430361,0,1,0,0,1.6431708947710744,0.2985241478694439,0.0,0,0,1,0,0,0,0,1,0,0,0,1,0,0,0
1.3438077992852353,1.1843426316053536,0,0,1,0,-1.1006521028582368,0.8883471122941295,0.0,0,0,0,0,1,1,0,0,0,0,0,0,1,0,0
-0.45641447683638503,1.5731278697675073,1,0,1,1,0.05464179088042058,-0.29129881655524165,0.0,0,0,0,1,0,0,0,0,1,1,0,0,0,0,0
0.805868929658346,-0.4460262216561175,1,0,1,0,0.7767004744670813,-0.29129881655524165,0.0,0,0,0,0,1,0,0,0,1,1,0,0,0,0,0
1.1526542346755166,0.007047968353256361,1,0,0,1,-1.5338873130102333,0.2985241478694439,0.0,0,0,1,0,0,1,0,0,0,0,0,1,0,0,0
0.915525080670147,-0.37476358221914075,0,0,1,0,1.4987591580537423,1.478170076718815,0.0,0,0,1,0,0,0,0,0,1,0,1,0,0,0,0
1.2846653604854767,0.9508232288779196,1,0,0,0,-0.23418168255424376,-0.29129881655524165,0.0,0,0,1,0,0,0,1,0,0,1,0,0,0,0,0
-0.7538118597392625,-1.0074123826979835,1,1,1,0,1.6431708947710744,-0.29129881655524165,0.0,0,0,0,0,1,0,0,0,1,1,0,0,0,0,0
0.0912789094759698,-0.420053760954096,1,0,0,1,0.7767004744670813,-0.8811217809799272,0.0,0,0,1,0,0,1,0,0,0,0,0,0,0,1,0
-1.4976129863399399,1.3257990139884175,1,0,1,0,-0.8118286294235724,-0.8811217809799272,0.0,0,0,1,0,0,0,0,1,0,0,0,0,0,1,0
-0.5704094648398216,-1.1446535200484258,0,0,1,0,-0.9562403661409046,-0.29129881655524165,0.0,0,0,0,1,0,1,0,0,0,1,0,0,0,0,0
-1.0846193363504923,-0.5167630329806403,0,0,1,1,-0.23418168255424376,-1.4709447454046127,0.0,0,0,1,0,0,0,0,1,0,0,0,0,0,0,1
-0.9615201327739551,1.1245620093124504,0,0,0,0,1.4987591580537423,-0.29129881655524165,0.0,0,0,0,1,0,0,1,0,0,1,0,0,0,0,0
-1.4197971161362137,0.22237889046958378,1,0,1,0,0.3434652643150849,1.478170076718815,0.0,0,0,0,1,0,0,0,1,0,0,1,0,0,0,0
-1.5880712695668346,1.192109371430286,1,0,1,0,-0.8118286294235724,1.478170076718815,0.0,0,0,1,0,0,0,0,1,0,0,1,0,0,0,0
0.6239419491106134,0.5268506078463167,0,0,1,0,0.19905352759775274,-0.8811217809799272,0.0,0,0,1,0,0,0,1,0,0,0,0,0,0,1,0
0.3929801669450861,-1.3683804516980318,1,0,1,0,0.7767004744670813,0.2985241478694439,0.0,0,0,1,0,0,0,0,1,0,0,0,1,0,0,0
-1.2148124160398641,-0.5272278744317703,1,0,0,1,-1.389475576292901,0.2985241478694439,0.0,0,0,1,0,0,0,1,0,0,0,0,1,0,0,0
1.0747404696806822,-1.589504103184342,1,0,1,0,1.2099356846190779,0.8883471122941295,0.0,0,0,0,0,1,0,1,0,0,0,0,0,1,0,0
-0.45829545532268623,-0.529417388211496,1,0,1,0,-1.389475576292901,0.8883471122941295,0.0,0,0,0,1,0,0,0,0,1,0,0,0,1,0,0
-1.462185560686242,0.9369017140973803,1,0,1,1,-0.08976994583691159,-0.8811217809799272,0.0,0,0,0,0,1,1,0,0,0,0,0,0,0,1,0
0.6662884387501662,0.7456813039570086,1,0,1,0,-0.8118286294235724,0.2985241478694439,0.0,0,0,0,0,1,0,0,1,0,0,0,1,0,0,0
1.3634566823577494,1.3886915042910886,0,0,1,0,0.19905352759775274,0.8883471122941295,0.0,0,0,0,1,0,0,1,0,0,0,0,0,1,0,0
1.5218994017670344,0.27344455830853964,1,0,1,0,-0.8118286294235724,-1.4709447454046127,0.0,0,0,0,1,0,1,0,0,0,0,0,0,0,0,1
-0.4399192045345844,0.827408784845115,1,0,1,0,0.05464179088042058,-0.8811217809799272,0.0,0,0,0,0,1,0,0,0,1,0,0,0,0,1,0
0.23812109613888444,1.211375368665274,1,0,1,1,-0.5230051559889081,0.8883471122941295,0.0,0,0,0,1,0,0,1,0,0,0,0,0,1,0,0
-1.4626540571865472,-1.1006132605971721,1,0,0,0,0.48787700103241705,-0.29129881655524165,0.0,0,0,0,1,0,0,1,0,0,1,0,0,0,0,0
-1.640556862571208,-0.05108620853835742,1,0,0,1,-0.8118286294235724,-0.8811217809799272,0.0,0,0,0,1,0,0,0,1,0,0,0,0,0,1,0
-1.1189209719064412,0.3902387402042211,0,0,1,0,-0.23418168255424376,-1.4709447454046127,0.0,0,0,0,1,0,0,1,0,0,0,0,0,0,0,1
0.9783141004387015,-1.6040548876732275,0,0,1,0,0.3434652643150849,1.478170076718815,0.0,0,0,1,0,0,0,0,0,1,0,1,0,0,0,0
-0.610207193668011,-0.6777957373863692,1,0,1,0,-0.6674168927062403,-1.4709447454046127,0.0,0,0,0,1,0,1,0,0,0,0,0,0,0,0,1
-1.7404375194423067,1.029516422953178,0,0,1,0,0.9211122111844136,-0.8811217809799272,0.0,0,0,1,0,0,0,0,0,1,0,0,0,0,1,0
1.7535359587427026,-0.0251482283683001,1,0,1,0,0.6322887377497493,1.478170076718815,0.0,0,0,1,0,0,1,0,0,0,0,1,0,0,0,0
-0.7789078886884624,-0.046672700446942,0,0,1,0,-1.1006521028582368,0.8883471122941295,0.0,0,0,0,1,0,0,0,0,1,0,0,0,1,0,0
1.2538599674691215,-0.6015420409475773,1,0,1,0,-0.5230051559889081,-1.4709447454046127,0.0,0,0,0,1,0,0,0,0,1,0,0,0,0,0,1
-0.7966023721813437,1.0934174688158014,1,0,0,0,0.7767004744670813,0.2985241478694439,0.0,0,0,0,0,1,0,1,0,0,0,0,1,0,0,0
-1.7030906566343718,-0.11718538831369744,1,0,1,0,-0.08976994583691159,1.478170076718815,0.0,0,0,1,0,0,1,0,0,0,0,1,0,0,0,0
1.2066502044569942,-1.1057249994608624,1,0,1,0,0.05464179088042058,-0.29129881655524165,0.0,0,0,0,1,0,0,1,0,0,1,0,0,0,0,0
-0.9021609269367417,-0.6459012453194993,0,0,0,0,-1.6782990497275654,1.478170076718815,0.0,0,0,0,1,0,0,0,0,1,0,1,0,0,0,0
0.39059572953308364,-0.6682101495003263,1,0,1,0,1.6431708947710744,-1.4709447454046127,0.0,0,0,1,0,0,1,0,0,0,0,0,0,0,0,1
1.0452986112547678,1.1519395516920126,1,0,0,0,-0.23418168255424376,-0.29129881655524165,0.0,0,0,0,1,0,0,0,1,0,1,0,0,0,0,0
0.08859029896302244,-0.8613959499626567,0,0,1,0,-1.1006521028582368,-0.8811217809799272,0.0,0,0,0,1,0,0,0,1,0,0,0,0,0,1,0
0.10137256168777534,1.341823841218772,1,0,1,0,-0.3785934192715759,1.478170076718815,0.0,0,0,0,1,0,1,0,0,0,0,1,0,0,0,0
-0.9079227346419914,-0.08340308712178841,1,0,0,0,-1.2450638395755689,0.2985241478694439,0.0,0,0,0,1,0,0,0,0,1,0,0,1,0,0,0
0.7433596092929591,1.0206204457064187,1,0,1,0,-0.6674168927062403,-0.29129881655524165,0.0,0,0,1,0,0,1,0,0,0,1,0,0,0,0,0
1.6381774361488253,1.550689663591815,0,0,1,1,-0.5230051559889081,-0.8811217809799272,0.0,0,0,0,1,0,0,0,0,1,0,0,0,0,1,0
-1.1929539076823275,-0.7610058811489357,1,0,1,0,-0.3785934192715759,-0.8811217809799272,0.0,0,0,1,0,0,1,0,0,0,0,0,0,0,1,0
-0.728324251625628,-0.44719855974289985,0,0,1,0,1.0655239479017458,0.2985241478694439,0.0,0,0,1,0,0,0,1,0,0,0,0,1,0,0,0
-0.5299684273843469,-1.3671994934782585,1,0,0,0,0.3434652643150849,0.8883471122941295,0.0,0,0,0,1,0,0,0,1,0,0,0,0,1,0,0
-0.8102936579663905,-1.18803864939236,1,0,1,0,1.35434742133641,-0.29129881655524165,0.0,0,0,0,1,0,0,0,0,1,1,0,0,0,0,0
0.4795051773149389,1.4235513221068778,1,0,1,1,0.05464179088042058,0.2985241478694439,0.0,0,0,0,0,1,0,0,0,1,0,0,1,0,0,0
-0.016275999769536025,-1.0239630380407918,1,0,0,1,-0.8118286294235724,-0.29129881655524165,0.0,0,0,1,0,0,0,1,0,0,1,0,0,0,0,0
0.9691714261976654,-0.0507414032187155,1,0,1,1,0.9211122111844136,0.2985241478694439,0.0,0,0,1,0,0,0,1,0,0,0,0,1,0,0,0
0.45778651865898595,1.5266136321478234,1,0,0,0,-1.6782990497275654,-0.8811217809799272,0.0,0,0,0,0,1,0,0,0,1,0,0,0,0,1,0
0.11105016103736944,0.12252326990130763,1,0,0,1,1.0655239479017458,0.8883471122941295,0.0,0,0,0,0,1,0,0,1,0,0,0,0,1,0,0
1.6543720315922208,0.6662726388434936,1,0,1,0,0.9211122111844136,-0.29129881655524165,0.0,0,0,0,1,0,0,0,1,0,1,0,0,0,0,0
-1.4934874201432198,0.4228400831763566,1,0,0,0,0.7767004744670813,0.2985241478694439,0.0,0,0,0,0,1,0,0,1,0,0,0,1,0,0,0
-1.5613704652919616,0.31403676456337504,1,0,1,0,-0.3785934192715759,-1.4709447454046127,0.0,0,0,0,0,1,1,0,0,0,0,0,0,0,0,1
1.3687045424096789,0.1426081797704444,1,0,0,0,-0.3785934192715759,-0.8811217809799272,0.0,0,0,1,0,0,0,0,0,1,0,0,0,0,1,0
0.9657870634193391,0.348206971739881,1,0,1,0,0.19905352759775274,-0.29129881655524165,0.0,0,0,0,1,0,0,1,0,0,1,0,0,0,0,0
1.3957864371213675,0.76299915113602,1,0,1,0,-1.1006521028582368,-0.29129881655524165,0.0,0,0,1,0,0,1,0,0,0,1,0,0,0,0,0
-1.4157939184283794,-0.7251806084381489,1,0,0,0,-1.6782990497275654,0.2985241478694439,0.0,0,0,0,0,1,0,0,0,1,0,0,1,0,0,0
1.3823573695267901,-1.6454832468281941,1,0,1,0,-0.5230051559889081,-1.4709447454046127,0.0,0,0,0,0,1,1,0,0,0,0,0,0,0,0,1
0.8075715997751278,-1.4182306807852505,1,0,1,0,0.19905352759775274,-1.4709447454046127,0.0,0,0,0,0,1,0,0,1,0,0,0,0,0,0,1
-0.22407517511025832,0.8739488828637721,1,1,1,0,0.3434652643150849,0.2985241478694439,0.0,0,0,1,0,0,1,0,0,0,0,0,1,0,0,0
0.8872334860397588,0.2213358543776672,0,0,1,0,0.9211122111844136,1.478170076718815,0.0,0,0,1,0,0,0,0,0,1,0,1,0,0,0,0
1.082072090286209,0.3694211190308451,1,0,0,0,-0.8118286294235724,-0.8811217809799272,0.0,0,0,0,1,0,1,0,0,0,0,0,0,0,1,0
0.045079560557785066,-0.18423278271805285,1,0,1,1,-1.6782990497275654,-1.4709447454046127,0.0,0,0,0,1,0,0,0,0,1,0,0,0,0,0,1
0.7468069044369978,0.8581654193571672,1,1,1,0,-0.23418168255424376,0.8883471122941295,0.0,0,0,1,0,0,0,1,0,0,0,0,0,1,0,0
-0.8497172888428436,0.6292577877799423,1,0,0,0,1.4987591580537423,0.8883471122941295,0.0,0,0,0,1,0,0,1,0,0,0,0,0,1,0,0
0.3616713150030292,1.4172241444914508,1,0,1,0,-1.1006521028582368,-0.29129881655524165,0.0,0,0,0,0,1,1,0,0,0,1,0,0,0,0,0
-1.1712317527838347,-0.7247323615226146,1,0,0,1,-0.9562403661409046,0.8883471122941295,0.0,0,0,0,1,0,1,0,0,0,0,0,0,1,0,0
1.4013314777891626,0.19102746678114943,1,0,0,0,0.9211122111844136,0.8883471122941295,0.0,0,0,0,1,0,0,0,1,0,0,0,0,1,0,0
0.5025838743187937,-0.8672576403965678,1,0,0,0,-0.8118286294235724,-1.4709447454046127,0.0,0,0,1,0,0,1,0,0,0,0,0,0,0,0,1
-1.7130724290849104,0.42483133389728817,1,0,0,0,-0.08976994583691159,0.2985241478694439,0.0,0,0,1,0,0,0,0,0,1,0,0,1,0,0,0
-0.48319919093220864,1.406974806365097,1,0,1,0,-1.5338873130102333,-0.8811217809799272,0.0,0,0,1,0,0,0,1,0,0,0,0,0,0,1,0
-0.20760437650623453,-1.7141943268998212,1,0,1,0,0.9211122111844136,-1.4709447454046127,0.0,0,0,1,0,0,0,1,0,0,0,0,0,0,0,1
-0.1493779532518493,-1.6523017720241115,0,0,1,0,0.3434652643150849,-0.8811217809799272,0.0,0,0,0,1,0,1,0,0,0,0,0,0,0,1,0
-1.221483246805408,0.4896892145219179,1,0,1,0,-1.6782990497275654,0.2985241478694439,0.0,0,0,0,1,0,0,0,0,1,0,0,1,0,0,0
-0.1715371384677911,-1.0793301522422798,1,0,0,1,0.48787700103241705,-1.4709447454046127,0.0,0,0,1,0,0,1,0,0,0,0,0,0,0,0,1
-1.4354497939859725,1.3995011510618602,1,0,1,1,1.6431708947710744,-0.8811217809799272,0.0,0,0,1,0,0,0,0,0,1,0,0,0,0,1,0
0.2241780808909867,0.05355358583994898,1,0,1,0,-0.3785934192715759,1.478170076718815,0.0,0,0,0,1,0,1,0,0,0,0,1,0,0,0,0
1.3062127032569901,-0.6235320002077352,1,0,0,0,-0.08976994583691159,1.478170076718815,0.0,0,0,0,1,0,1,0,0,0,0,1,0,0,0,0
-0.9054438986814197,1.4597300202702979,0,0,1,1,0.6322887377497493,-0.29129881655524165,0.0,0,0,0,0,1,0,0,0,1,1,0,0,0,0,0
-0.9321586879264513,-0.4759984240659842,1,0,0,0,-1.389475576292901,-0.8811217809799272,0.0,0,0,0,0,1,0,0,1,0,0,0,0,0,1,0
-0.37685747784794177,0.3005634966983702,1,0,1,1,-1.5338873130102333,1.478170076718815,0.0,0,0,0,0,1,1,0,0,0,0,1,0,0,0,0
-1.5890607062055395,-0.8704643298692369,1,0,1,0,-1.5338873130102333,-0.29129881655524165,0.0,0,0,1,0,0,0,0,1,0,1,0,0,0,0,0
-1.4938755030651145,-0.6729339823794195,1,0,0,0,-1.5338873130102333,-0.29129881655524165,0.0,0,0,0,0,1,0,0,0,1,1,0,0,0,0,0
0.1967745318656551,1.459971383994047,1,0,1,1,0.05464179088042058,-1.4709447454046127,0.0,0,0,0,1,0,0,1,0,0,0,0,0,0,0,1
-0.5390796354425268,-0.9628893957992314,1,0,0,0,-0.5230051559889081,-1.4709447454046127,0.0,0,0,1,0,0,1,0,0,0,0,0,0,0,0,1
1.1217579393531314,-0.13897708451506172,1,0,1,0,0.7767004744670813,1.478170076718815,0.0,0,0,0,1,0,0,0,0,1,0,1,0,0,0,0
1.193584746086534,-0.9851982999800581,1,0,0,0,-0.5230051559889081,-1.4709447454046127,0.0,0,0,0,1,0,0,0,0,1,0,0,0,0,0,1
-1.069728839374365,-1.295376545396864,1,0,1,1,0.3434652643150849,1.478170076718815,0.0,0,0,0,1,0,0,1,0,0,0,1,0,0,0,0
-1.4016341361430271,-0.688415741231338,1,0,1,1,-1.5338873130102333,1.478170076718815,0.0,0,0,1,0,0,1,0,0,0,0,1,0,0,0,0
-0.35776799358176287,0.24517052209790888,1,0,0,0,1.6431708947710744,1.478170076718815,0.0,0,0,1,0,0,0,1,0,0,0,1,0,0,0,0
0.8662210683768038,0.6423259093943678,1,0,1,0,-1.2450638395755689,-0.29129881655524165,0.0,0,0,0,1,0,0,0,0,1,1,0,0,0,0,0
0.610708671098253,-0.49765219813949185,1,0,1,0,0.3434652643150849,0.8883471122941295,0.0,0,0,0,0,1,0,0,0,1,0,0,0,1,0,0
-1.3971939081177438,-0.1299690455394185,1,0,1,1,-1.1006521028582368,0.2985241478694439,0.0,0,0,0,1,0,0,0,0,1,0,0,1,0,0,0
-0.613766368573317,-1.4279972914641055,1,0,1,1,-0.5230051559889081,0.8883471122941295,0.0,0,0,0,1,0,1,0,0,0,0,0,0,1,0,0
-1.3744543466402295,1.6210989098626776,1,0,1,0,-0.5230051559889081,-0.8811217809799272,0.0,0,0,0,0,1,0,0,0,1,0,0,0,0,1,0
-1.6028708642369327,1.440196798912588,1,0,1,0,-1.6782990497275654,-0.29129881655524165,0.0,0,0,1,0,0,1,0,0,0,1,0,0,0,0,0
0.379600046746063,-0.004097863604165882,1,0,0,1,-0.8118286294235724,0.2985241478694439,0.0,0,0,0,1,0,0,0,1,0,0,0,1,0,0,0
-1.5673595287622846,1.1345958441140283,1,0,0,0,-0.23418168255424376,1.478170076718815,0.0,0,0,1,0,0,0,0,0,1,0,1,0,0,0,0
-0.09059213119112934,-1.561178346175765,0,0,1,0,-0.8118286294235724,-0.8811217809799272,0.0,0,0,0,1,0,0,1,0,0,0,0,0,0,1,0
-1.6466123546497833,-0.5960337759662987,0,0,0,0,0.3434652643150849,-0.8811217809799272,0.0,0,0,0,0,1,0,0,0,1,0,0,0,0,1,0
0.7044184598869698,0.6985377966289784,1,0,1,0,0.6322887377497493,0.2985241478694439,0.0,0,0,0,1,0,1,0,0,0,0,0,1,0,0,0
-0.7991266592949299,-0.6051797370697986,1,0,1,0,0.9211122111844136,-1.4709447454046127,0.0,0,0,0,1,0,0,0,1,0,0,0,0,0,0,1
-1.3157244644601427,0.6389726776608511,1,0,1,0,0.9211122111844136,1.478170076718815,0.0,0,0,0,0,1,0,0,0,1,0,1,0,0,0,0
0.22522695365286466,0.9222819685445665,1,0,0,1,-0.8118286294235724,-0.29129881655524165,0.0,0,0,1,0,0,0,0,0,1,1,0,0,0,0,0
0.1884534746214232,1.520208873335476,1,0,1,1,0.7767004744670813,-0.29129881655524165,0.0,0,0,0,1,0,0,1,0,0,1,0,0,0,0,0
-0.718499810089371,1.5865321765685838,1,0,1,0,-1.5338873130102333,0.8883471122941295,0.0,0,0,0,1,0,1,0,0,0,0,0,0,1,0,0
-0.20903084346238854,1.6941028161638458,1,0,0,1,-0.6674168927062403,-1.4709447454046127,0.0,0,0,1,0,0,0,0,0,1,0,0,0,0,0,1
0.9284611780666419,0.7062441955229735,1,0,1,1,-0.8118286294235724,-1.4709447454046127,0.0,0,0,0,0,1,0,0,1,0,0,0,0,0,0,1
1.6240351350761706,-1.3756386036764925,0,0,1,0,-1.2450638395755689,-0.29129881655524165,0.0,0,0,1,0,0,0,0,0,1,1,0,0,0,0,0
-1.0627608279929557,-1.172824114663164,1,0,1,0,-1.5338873130102333,-1.4709447454046127,0.0,0,0,0,0,1,0,1,0,0,0,0,0,0,0,1
-1.3319470298438554,-0.546330089139928,1,0,1,1,1.2099356846190779,-0.8811217809799272,0.0,0,0,1,0,0,0,0,0,1,0,0,0,0,1,0
-0.5784752963786631,-1.433359014184536,1,0,1,1,-1.6782990497275654,0.2985241478694439,0.0,0,0,0,1,0,0,0,1,0,0,0,1,0,0,0
-0.004668474538086647,-0.15107975123449016,1,1,1,1,-0.9562403661409046,-0.29129881655524165,0.0,0,0,1,0,0,1,0,0,0,1,0,0,0,0,0
-1.0166978325338152,-0.8081580086099568,1,0,1,0,1.4987591580537423,0.2985241478694439,0.0,0,0,0,0,1,0,1,0,0,0,0,1,0,0,0
1.3509331415809267,0.6623677185985497,1,0,1,0,-0.6674168927062403,-0.29129881655524165,0.0,0,0,0,0,1,0,0,0,1,1,0,0,0,0,0
0.7816399688589649,1.261173876954546,0,0,1,0,1.35434742133641,-0.29129881655524165,0.0,0,0,1,0,0,1,0,0,0,1,0,0,0,0,0
-0.2922554008748652,-1.6768519107826103,1,0,1,1,-0.08976994583691159,0.8883471122941295,0.0,0,0,1,0,0,0,0,0,1,0,0,0,1,0,0
-1.5131013407903375,0.19707018000787282,1,0,1,0,-0.23418168255424376,1.478170076718815,0.0,0,0,0,1,0,0,1,0,0,0,1,0,0,0,0
0.5955874221145123,-0.5157544774206883,1,0,1,1,0.19905352759775274,-0.8811217809799272,0.0,0,0,0,0,1,0,0,1,0,0,0,0,0,1,0
0.009508788959963866,1.4096642878583032,1,0,1,0,-0.5230051559889081,-1.4709447454046127,0.0,0,0,0,1,0,0,1,0,0,0,0,0,0,0,1
0.49571375772849285,0.11957518441836987,1,0,1,0,-1.1006521028582368,-0.29129881655524165,0.0,0,0,0,1,0,1,0,0,0,1,0,0,0,0,0
1.3725119505352958,-1.521405052555079,1,0,1,0,1.4987591580537423,-0.29129881655524165,0.0,0,0,0,1,0,0,0,1,0,1,0,0,0,0,0
1.6313248007712224,0.24139490384783105,0,0,0,0,-0.08976994583691159,0.8883471122941295,0.0,0,0,0,0,1,1,0,0,0,0,0,0,1,0,0
-1.7156421673515116,0.8481402046885806,1,0,1,1,-0.08976994583691159,-0.29129881655524165,0.0,0,0,1,0,0,0,0,1,0,1,0,0,0,0,0
0.8376987217388024,0.3184675129207726,1,1,1,0,-1.1006521028582368,-0.29129881655524165,0.0,0,0,0,1,0,0,1,0,0,1,0,0,0,0,0
0.6921151823901412,1.5168901221339237,1,0,1,1,1.0655239479017458,-0.8811217809799272,0.0,0,0,1,0,0,0,1,0,0,0,0,0,0,1,0
0.21221393892049864,0.535108695251739,1,0,1,0,1.0655239479017458,-0.29129881655524165,0.0,0,0,0,1,0,0,0,1,0,1,0,0,0,0,0
0.5923114428549136,-0.792590048428128,1,0,0,0,-0.3785934192715759,-1.4709447454046127,0.0,0,0,1,0,0,0,0,1,0,0,0,0,0,0,1
-1.310263333613298,-0.26240014868085715,1,0,1,0,1.2099356846190779,-0.8811217809799272,0.0,0,0,0,1,0,0,1,0,0,0,0,0,0,1,0
0.4005530282858452,1.0037077447779867,0,0,1,0,-0.8118286294235724,0.2985241478694439,0.0,0,0,0,1,0,1,0,0,0,0,0,1,0,0,0
-0.3366961397956346,1.7322813851811882,1,0,1,0,0.19905352759775274,1.478170076718815,0.0,0,0,0,1,0,0,1,0,0,0,1,0,0,0,0
-1.2831849351441489,1.0792545903115127,1,0,0,0,0.6322887377497493,-0.29129881655524165,0.0,0,0,0,0,1,0,1,0,0,1,0,0,0,0,0
0.6970798467963638,0.7587494255714345,1,0,0,0,-1.2450638395755689,1.478170076718815,0.0,0,0,0,1,0,0,0,0,1,0,1,0,0,0,0
-0.9719599129971804,-0.3103625686430366,1,0,1,0,-1.389475576292901,-0.29129881655524165,0.0,0,0,1,0,0,0,0,0,1,1,0,0,0,0,0
0.36269921030966945,-0.5660270930244679,1,0,0,0,-0.6674168927062403,-1.4709447454046127,0.0,0,0,1,0,0,0,1,0,0,0,0,0,0,0,1
-1.2443661542270457,0.6848662657051798,1,0,0,0,1.4987591580537423,0.8883471122941295,0.0,0,0,0,0,1,0,1,0,0,0,0,0,1,0,0
-1.1104880349009425,-0.38894370098941156,1,0,1,1,1.0655239479017458,-1.4709447454046127,0.0,0,0,1,0,0,0,0,1,0,0,0,0,0,0,1
0.9797755298202515,-0.7172500860863869,1,1,1,0,1.2099356846190779,0.2985241478694439,0.0,0,0,1,0,0,0,1,0,0,0,0,1,0,0,0
-0.6099764416603979,-1.3752765580908684,1,0,0,0,1.6431708947710744,-0.29129881655524165,0.0,0,0,1,0,0,1,0,0,0,1,0,0,0,0,0
-0.960670545836834,0.45396738340702353,1,0,1,0,-1.5338873130102333,-0.29129881655524165,0.0,0,0,1,0,0,0,0,0,1,1,0,0,0,0,0
-0.8341939719670498,-1.330684610128188,1,0,1,0,-1.5338873130102333,-0.8811217809799272,0.0,0,0,1,0,0,0,0,0,1,0,0,0,0,1,0
0.5410810009222544,0.029115508810333857,1,0,1,0,0.6322887377497493,-0.8811217809799272,0.0,0,0,1,0,0,0,0,0,1,0,0,0,0,1,0
-1.3601617071383725,-1.513526251001263,0,0,1,0,0.7767004744670813,-0.29129881655524165,0.0,0,0,1,0,0,0,0,1,0,1,0,0,0,0,0
1.4486216543797004,1.4355160666984499,1,0,1,0,0.3434652643150849,-0.29129881655524165,0.0,0,0,1,0,0,0,0,0,1,1,0,0,0,0,0
-0.6710138439166161,-1.2754554180545568,1,0,1,0,0.05464179088042058,1.478170076718815,0.0,0,0,0,0,1,0,1,0,0,0,1,0,0,0,0
0.22816379738612283,0.8496487279620136,1,0,1,0,-0.9562403661409046,-0.29129881655524165,0.0,0,0,1,0,0,1,0,0,0,1,0,0,0,0,0
-1.4894982074055436,1.615814768339167,1,0,1,0,-0.5230051559889081,-0.29129881655524165,0.0,0,0,0,1,0,0,1,0,0,1,0,0,0,0,0
0.7994533245981923,1.2412096489472837,1,0,1,1,1.4987591580537423,1.478170076718815,0.0,0,0,0,0,1,0,0,1,0,0,1,0,0,0,0
1.494999311667404,-0.47133493211782845,1,0,1,0,-1.5338873130102333,-0.8811217809799272,0.0,0,0,0,0,1,0,0,0,1,0,0,0,0,1,0
0.8730492300566293,-1.0573574332481037,1,0,1,0,-1.1006521028582368,-1.4709447454046127,0.0,0,0,0,1,0,0,0,0,1,0,0,0,0,0,1
-0.08649103869218636,-0.48758388280594994,1,0,1,0,-0.23418168255424376,-0.8811217809799272,0.0,0,0,0,0,1,0,0,1,0,0,0,0,0,1,0
-0.6446416864404646,0.40453954083636606,1,0,1,1,0.05464179088042058,0.2985241478694439,0.0,0,0,0,1,0,0,1,0,0,0,0,1,0,0,0
0.5076219598183475,-1.6845755499425874,1,0,1,0,0.7767004744670813,-1.4709447454046127,0.0,0,0,0,1,0,1,0,0,0,0,0,0,0,0,1
0.28460014446023635,-0.6734511903588821,1,0,1,0,-0.5230051559889081,-1.4709447454046127,0.0,0,0,0,1,0,1,0,0,0,0,0,0,0,0,1
-1.7165197242289496,1.6194179839294238,1,0,1,1,-0.23418168255424376,-1.4709447454046127,0.0,0,0,0,1,0,0,0,0,1,0,0,0,0,0,1
0.5706871827475297,-0.5550967643918218,1,0,1,0,0.3434652643150849,-0.29129881655524165,0.0,0,0,0,1,0,0,1,0,0,1,0,0,0,0,0
-0.38393387274807833,-1.3027036584392528,1,0,1,0,-1.5338873130102333,-1.4709447454046127,0.0,0,0,0,1,0,0,1,0,0,0,0,0,0,0,1
1.7458686988533754,0.9898379507953937,0,0,0,0,1.2099356846190779,0.8883471122941295,0.0,0,0,1,0,0,1,0,0,0,0,0,0,1,0,0
1.12495000879178,1.2843103139025134,1,0,1,0,-1.6782990497275654,1.478170076718815,0.0,0,0,1,0,0,0,1,0,0,0,1,0,0,0,0
-1.417447641149607,0.8319171143994321,1,0,0,0,-1.389475576292901,-0.8811217809799272,0.0,0,0,0,1,0,0,1,0,0,0,0,0,0,1,0
0.06260622440876584,0.21881877554428172,1,0,1,0,1.35434742133641,-1.4709447454046127,0.0,0,0,0,0,1,0,0,0,1,0,0,0,0,0,1
-1.7031640777277033,1.6644667989406299,1,0,1,0,-0.08976994583691159,-0.8811217809799272,0.0,0,0,1,0,0,1,0,0,0,0,0,0,0,1,0
-0.6087387718013819,-0.2435220574304665,0,0,1,0,0.7767004744670813,-0.29129881655524165,0.0,0,0,1,0,0,0,0,1,0,1,0,0,0,0,0
1.1125383477762243,-1.063443247139782,1,1,1,1,0.7767004744670813,0.8883471122941295,0.0,0,0,0,0,1,1,0,0,0,0,0,0,1,0,0
-1.1846013842552392,-0.4922042740891507,1,0,0,1,-0.6674168927062403,-0.29129881655524165,0.0,0,0,0,0,1,1,0,0,0,1,0,0,0,0,0
-1.6680478176600293,-0.40662359375404655,1,0,0,0,-0.08976994583691159,0.8883471122941295,0.0,0,0,0,0,1,0,0,0,1,0,0,0,1,0,0
-0.4033939587234542,0.7036150549607048,1,0,1,0,-1.2450638395755689,1.478170076718815,0.0,0,0,0,0,1,0,0,0,1,0,1,0,0,0,0
-0.43230438828335044,0.2552733179634149,1,0,0,0,-1.2450638395755689,0.8883471122941295,0.0,0,0,0,0,1,0,1,0,0,0,0,0,1,0,0
-1.0138518911065864,-1.3491489349950083,0,0,1,0,0.6322887377497493,1.478170076718815,0.0,0,0,0,0,1,0,0,1,0,0,1,0,0,0,0
0.41377931381312627,0.8877152352504724,1,0,0,0,-1.389475576292901,0.8883471122941295,0.0,0,0,0,0,1,0,1,0,0,0,0,0,1,0,0
1.6026206495211621,-1.659146157619002,0,0,1,0,-0.08976994583691159,-0.29129881655524165,0.0,0,0,1,0,0,0,0,1,0,1,0,0,0,0,0
-1.3900755583071318,0.10792076461447578,1,0,0,0,0.6322887377497493,0.2985241478694439,0.0,0,0,1,0,0,0,0,0,1,0,0,1,0,0,0
0.09581703229236163,1.096779320682309,1,0,1,0,-1.1006521028582368,0.8883471122941295,0.0,0,0,0,0,1,1,0,0,0,0,0,0,1,0,0
1.6578717703743537,-0.11727158964360783,0,0,0,0,-0.5230051559889081,1.478170076718815,0.0,0,0,0,1,0,0,0,0,1,0,1,0,0,0,0
-0.778628189285295,1.1860752783365538,1,0,1,1,0.05464179088042058,-1.4709447454046127,0.0,0,0,0,1,0,0,0,0,1,0,0,0,0,0,1
1.5805908252791852,0.1416082443434832,1,0,1,0,-0.23418168255424376,-1.4709447454046127,0.0,0,0,0,0,1,0,0,0,1,0,0,0,0,0,1
1.5794370652411198,-1.3943787727990262,1,0,1,0,0.7767004744670813,1.478170076718815,0.0,0,0,0,1,0,1,0,0,0,0,1,0,0,0,0
0.33477472114593854,-0.4135714209448295,1,0,0,0,0.7767004744670813,0.8883471122941295,0.0,0,0,1,0,0,0,0,0,1,0,0,0,1,0,0
-0.9202015384410426,-1.3733973690988206,1,0,1,0,0.05464179088042058,0.2985241478694439,0.0,0,0,0,1,0,0,1,0,0,0,0,1,0,0,0
-1.2265073473348034,1.103778868671039,0,0,0,0,-0.3785934192715759,0.2985241478694439,0.0,0,0,0,0,1,1,0,0,0,0,0,1,0,0,0
0.02452515066751662,1.3175150661840227,1,0,0,0,-0.9562403661409046,0.8883471122941295,0.0,0,0,0,1,0,1,0,0,0,0,0,0,1,0,0
-0.6069696730763477,0.16552911339363566,1,0,1,0,1.0655239479017458,0.8883471122941295,0.0,0,0,0,1,0,0,0,0,1,0,0,0,1,0,0
0.22422003580146177,-0.6764423765067753,1,0,1,0,1.2099356846190779,0.2985241478694439,0.0,0,0,1,0,0,0,0,0,1,0,0,1,0,0,0
-0.49926792164417905,-0.15321754421626957,1,0,0,0,0.3434652643150849,0.2985241478694439,0.0,0,0,0,1,0,0,0,0,1,0,0,1,0,0,0
-0.7779813844154702,-0.7443173036782708,0,0,1,1,-0.5230051559889081,-0.8811217809799272,0.0,0,0,0,1,0,0,1,0,0,0,0,0,0,1,0
0.8860902147293119,-1.095673924393303,1,0,1,0,0.19905352759775274,0.2985241478694439,0.0,0,0,0,0,1,0,0,0,1,0,0,1,0,0,0
-1.5990459748986179,-1.130654424070967,0,0,1,0,1.4987591580537423,-1.4709447454046127,0.0,0,0,1,0,0,0,0,1,0,0,0,0,0,0,1
1.4853496822581267,-1.3750696748990836,0,0,1,0,1.0655239479017458,-1.4709447454046127,0.0,0,0,0,0,1,0,1,0,0,0,0,0,0,0,1
-0.3210714318861926,-1.1212670992437181,1,0,0,0,0.9211122111844136,-0.29129881655524165,0.0,0,0,0,0,1,0,0,0,1,1,0,0,0,0,0
0.36451725643025784,1.1203726246788024,1,0,1,0,-0.23418168255424376,-0.29129881655524165,0.0,0,0,0,0,1,0,1,0,0,1,0,0,0,0,0
-1.563083624136362,-1.44987518899538,1,0,1,1,0.9211122111844136,0.8883471122941295,0.0,0,0,1,0,0,0,1,0,0,0,0,0,1,0,0
1.0058784766208544,-0.002123853149216396,1,0,1,0,0.9211122111844136,0.2985241478694439,0.0,0,0,1,0,0,0,0,1,0,0,0,1,0,0,0
-1.1089776581238382,1.3925533238710774,1,0,1,1,-0.3785934192715759,-0.29129881655524165,0.0,0,0,1,0,0,1,0,0,0,1,0,0,0,0,0
1.1129648893660546,1.1131489532323058,1,0,1,1,0.3434652643150849,1.478170076718815,0.0,0,0,0,1,0,0,0,1,0,0,1,0,0,0,0
-1.1821645032051427,0.6127157525701252,1,0,0,0,0.9211122111844136,0.8883471122941295,0.0,0,0,0,1,0,0,1,0,0,0,0,0,1,0,0
0.07927630883754634,-0.22287683891691168,1,0,1,0,-1.6782990497275654,-0.29129881655524165,0.0,0,0,0,0,1,0,0,0,1,1,0,0,0,0,0
-0.5398802749840936,1.0200687571949916,0,0,1,1,0.48787700103241705,0.2985241478694439,0.0,0,0,0,0,1,1,0,0,0,0,0,1,0,0,0
1.3377907658745958,0.11890281404506811,1,0,1,0,0.6322887377497493,-1.4709447454046127,0.0,0,0,0,1,0,0,1,0,0,0,0,0,0,0,1
1.477081068651989,1.023973677439935,1,0,1,0,-0.8118286294235724,-0.29129881655524165,0.0,0,0,0,1,0,1,0,0,0,1,0,0,0,0,0
1.3826335726874184,0.3261308111498123,0,0,1,0,-0.9562403661409046,0.8883471122941295,0.0,0,0,0,0,1,0,0,1,0,0,0,0,1,0,0
1.5929850050820433,-1.7140908853039287,1,0,1,0,1.2099356846190779,1.478170076718815,0.0,0,0,0,0,1,0,0,0,1,0,1,0,0,0,0
-0.7337679012597746,1.4186895670999287,1,0,0,1,1.35434742133641,-0.29129881655524165,0.0,0,0,0,0,1,0,0,1,0,1,0,0,0,0,0
-1.07320760070126,0.2753409875665696,1,0,1,0,0.3434652643150849,0.8883471122941295,0.0,0,0,0,0,1,0,1,0,0,0,0,0,1,0,0
-0.1945738805611708,-1.1202154430188107,1,0,1,1,1.0655239479017458,-0.8811217809799272,0.0,0,0,0,1,0,1,0,0,0,0,0,0,0,1,0
0.5699145131462796,0.6843749181246901,1,0,0,0,-0.6674168927062403,1.478170076718815,0.0,0,0,0,0,1,0,0,1,0,0,1,0,0,0,0
-0.39438064545638285,-1.0282127636053775,1,0,0,0,0.3434652643150849,1.478170076718815,0.0,0,0,1,0,0,0,0,0,1,0,1,0,0,0,0
-0.029449841658723327,-1.5519634240083369,1,0,1,1,1.6431708947710744,-1.4709447454046127,0.0,0,0,0,1,0,0,0,1,0,0,0,0,0,0,1
0.5991396045347394,0.7071837900189977,1,0,1,0,1.2099356846190779,-1.4709447454046127,0.0,0,0,1,0,0,0,0,0,1,0,0,0,0,0,1
1.3276411737821565,-1.553825372734403,1,0,1,0,1.6431708947710744,-0.8811217809799272,0.0,0,0,1,0,0,0,0,1,0,0,0,0,0,1,0
1.725856206556744,1.5060546149641785,1,0,0,0,-0.08976994583691159,0.2985241478694439,0.0,0,0,1,0,0,0,0,0,1,0,0,1,0,0,0
-1.1123340509618476,-0.40489956715583736,1,0,0,0,-0.5230051559889081,1.478170076718815,0.0,0,0,0,0,1,0,0,0,1,0,1,0,0,0,0
-0.030848338674560608,1.2908185143107531,1,0,0,0,-1.1006521028582368,1.478170076718815,0.0,0,0,0,0,1,0,0,0,1,0,1,0,0,0,0
0.17102470556155128,1.2228487656763556,1,0,0,0,-0.08976994583691159,0.2985241478694439,0.0,0,0,0,1,0,0,0,1,0,0,0,1,0,0,0
-0.6160983623472255,-0.766290022672447,1,0,1,1,-1.389475576292901,-0.29129881655524165,0.0,0,0,1,0,0,0,0,0,1,1,0,0,0,0,0
0.6441222610491454,1.1718089582363727,1,0,1,0,0.48787700103241705,1.478170076718815,0.0,0,0,0,1,0,0,0,1,0,0,1,0,0,0,0
-0.2517689122663761,-1.108871348002594,1,0,0,0,-1.2450638395755689,-0.8811217809799272,0.0,0,0,0,0,1,0,0,1,0,0,0,0,0,1,0
-1.1935867275819938,1.3398756911627954,1,0,0,0,-0.23418168255424376,-1.4709447454046127,0.0,0,0,1,0,0,0,0,1,0,0,0,0,0,0,1
1.1879138406873142,0.7921696811777196,1,0,1,0,-0.5230051559889081,0.2985241478694439,0.0,0,0,0,1,0,0,0,0,1,0,0,1,0,0,0
-1.1047576933785492,-0.3338696713096192,1,0,1,0,-1.6782990497275654,1.478170076718815,0.0,0,0,1,0,0,0,1,0,0,0,1,0,0,0,0
-0.3978908729661344,1.2552604657226887,1,0,0,0,-0.08976994583691159,-0.29129881655524165,0.0,0,0,0,1,0,1,0,0,0,1,0,0,0,0,0
0.775399175925791,-0.7067593842362838,1,0,0,1,0.9211122111844136,0.8883471122941295,0.0,0,0,0,0,1,0,1,0,0,0,0,0,1,0,0
-1.5504516998408118,-1.1144485740478007,1,0,1,0,1.4987591580537423,0.8883471122941295,0.0,0,0,1,0,0,0,0,1,0,0,0,0,1,0,0
-0.981340331730909,-0.9717853730459908,1,0,1,1,0.48787700103241705,-0.8811217809799272,0.0,0,0,0,1,0,0,0,1,0,0,0,0,0,1,0
1.5551591570461842,-1.1516789284361282,1,0,1,1,0.19905352759775274,0.2985241478694439,0.0,0,0,0,0,1,1,0,0,0,0,0,1,0,0,0
-0.6567771442953926,-0.8317771730054228,1,0,1,0,-0.8118286294235724,-0.8811217809799272,0.0,0,0,0,1,0,0,1,0,0,0,0,0,0,1,0
0.118469187706386,0.10782594315157416,1,0,0,0,-1.2450638395755689,-0.29129881655524165,0.0,0,0,1,0,0,1,0,0,0,1,0,0,0,0,0
1.1786383092297732,-1.6802827237130467,1,0,1,1,1.0655239479017458,-0.8811217809799272,0.0,0,0,0,1,0,0,0,0,1,0,0,0,0,1,0
-0.6824046021106107,-1.0344709801568768,1,0,1,0,1.0655239479017458,-1.4709447454046127,0.0,0,0,0,0,1,1,0,0,0,0,0,0,0,0,1
-0.8605906031409785,-0.18760325471755168,1,0,1,0,-0.08976994583691159,-0.8811217809799272,0.0,0,0,0,0,1,0,0,1,0,0,0,0,0,1,0
1.002675918454587,0.8672682797957116,1,0,0,0,-1.6782990497275654,-0.29129881655524165,0.0,0,0,1,0,0,1,0,0,0,1,0,0,0,0,0
1.0131087061927333,-0.8386818995312507,1,0,0,0,1.2099356846190779,-0.8811217809799272,0.0,0,0,0,1,0,0,0,1,0,0,0,0,0,1,0
0.6735186683220451,1.0875299179829172,1,0,1,0,0.19905352759775274,-0.8811217809799272,0.0,0,0,0,1,0,0,0,1,0,0,0,0,0,1,0
0.3146503490880399,-1.0076451262887418,0,0,1,1,-1.2450638395755689,0.2985241478694439,0.0,0,0,0,1,0,0,0,0,1,0,0,1,0,0,0
-0.38711545345910825,-1.2662404958871287,1,0,1,0,0.7767004744670813,-1.4709447454046127,0.0,0,0,0,1,0,1,0,0,0,0,0,0,0,0,1
0.7363566354861536,0.6677208211859892,0,0,0,0,1.2099356846190779,1.478170076718815,0.0,0,0,1,0,0,0,0,0,1,0,1,0,0,0,0
1.3551146476582798,1.43040432783476,1,0,0,0,-0.5230051559889081,0.8883471122941295,0.0,0,0,0,1,0,0,0,1,0,0,0,0,1,0,0
-0.9303021831379273,-1.0556075462509213,1,1,0,0,-0.9562403661409046,-0.8811217809799272,0.0,0,0,1,0,0,0,0,1,0,0,0,0,0,1,0
-0.42437141396101347,-1.0222648718415557,1,0,1,0,0.48787700103241705,-0.29129881655524165,0.0,0,0,0,1,0,1,0,0,0,1,0,0,0,0,0
0.5561253325701239,0.8424853974464546,1,0,1,0,1.6431708947710744,0.2985241478694439,0.0,0,0,1,0,0,0,1,0,0,0,0,1,0,0,0
1.4495411661676132,1.5558531232534512,1,0,0,0,0.3434652643150849,0.2985241478694439,0.0,0,0,0,1,0,0,0,1,0,0,0,1,0,0,0
0.32675434076011184,-1.5507479852565995,1,0,1,0,1.35434742133641,-1.4709447454046127,0.0,0,0,1,0,0,0,1,0,0,0,0,0,0,0,1
-0.40183113830825595,1.1089854289976306,1,0,1,0,0.19905352759775274,0.2985241478694439,0.0,0,0,1,0,0,0,0,0,1,0,0,1,0,0,0
-0.8405361559338718,-0.2646672436575023,1,0,1,0,-0.3785934192715759,0.8883471122941295,0.0,0,0,1,0,0,0,1,0,0,0,0,0,1,0,0
-0.2165722386202913,-1.4231958773880928,1,0,1,0,1.6431708947710744,1.478170076718815,0.0,0,0,1,0,0,0,0,0,1,0,1,0,0,0,0
1.3728860484870322,-1.4646156164100685,1,0,1,0,0.05464179088042058,0.8883471122941295,0.0,0,0,0,1,0,0,0,0,1,0,0,0,1,0,0
1.0163881816948717,-1.6472158935593944,1,0,1,0,-1.6782990497275654,-0.8811217809799272,0.0,0,0,0,0,1,0,1,0,0,0,0,0,0,1,0
1.5348914390441628,-0.4515689671693603,1,0,0,0,-0.8118286294235724,-1.4709447454046127,0.0,0,0,0,0,1,0,1,0,0,0,0,0,0,0,1
-0.6609691391003648,1.2666390412708692,0,0,1,1,0.48787700103241705,1.478170076718815,0.0,0,0,0,1,0,1,0,0,0,0,1,0,0,0,0
-1.217116439873456,0.027848349260650277,1,0,0,1,-1.2450638395755689,0.8883471122941295,0.0,0,0,1,0,0,0,1,0,0,0,0,0,1,0,0
-0.30478943037930695,-1.524611742027748,0,0,1,0,1.2099356846190779,-0.8811217809799272,0.0,0,0,0,0,1,0,1,0,0,0,0,0,0,1,0
0.4288096604908374,-1.247388265035711,1,0,0,0,0.3434652643150849,1.478170076718815,0.0,0,0,0,1,0,0,0,0,1,0,1,0,0,0,0
-1.6930948992136752,3.118009854508597e-05,1,0,1,1,-1.389475576292901,1.478170076718815,0.0,0,0,0,1,0,0,0,1,0,0,1,0,0,0,0
1.0853200996054913,-1.0606675643166654,1,0,1,0,1.35434742133641,-0.8811217809799272,0.0,0,0,1,0,0,1,0,0,0,0,0,0,0,1,0
0.5742708313506127,1.4406364256951316,1,0,0,0,1.0655239479017458,0.8883471122941295,0.0,0,0,1,0,0,1,0,0,0,0,0,0,1,0,0
-0.2640617010355858,-1.146972335823017,0,0,0,0,1.6431708947710744,1.478170076718815,0.0,0,0,0,0,1,0,0,1,0,0,1,0,0,0,0
1.1232333537048398,-0.15344166767403658,1,0,1,0,1.2099356846190779,1.478170076718815,0.0,0,0,1,0,0,0,0,1,0,0,1,0,0,0,0
-0.04380890976883252,-0.5159613606124732,1,0,1,1,1.4987591580537423,-1.4709447454046127,0.0,0,0,0,0,1,0,0,0,1,0,0,0,0,0,1
-0.0787888163774626,0.24869615649124677,1,0,1,1,0.6322887377497493,0.8883471122941295,0.0,0,0,0,1,0,1,0,0,0,0,0,0,1,0,0
1.4288189366354447,1.6159957911319782,0,0,1,0,0.19905352759775274,-0.8811217809799272,0.0,0,0,0,0,1,0,0,0,1,0,0,0,0,1,0
-1.3608574594037515,-0.6721667905432165,1,0,1,0,1.6431708947710744,-1.4709447454046127,0.0,0,0,1,0,0,0,0,0,1,0,0,0,0,0,1
0.28894247769441117,-1.2634303325320475,1,0,1,0,-0.8118286294235724,0.8883471122941295,0.0,0,0,0,0,1,0,0,0,1,0,0,0,1,0,0
1.2426789838275019,-0.8890924372628871,1,0,1,1,0.7767004744670813,1.478170076718815,0.0,0,0,0,0,1,0,0,1,0,0,1,0,0,0,0
1.6511310147580178,0.7622405794328079,1,0,0,0,0.05464179088042058,1.478170076718815,0.0,0,0,1,0,0,0,0,0,1,0,1,0,0,0,0
-1.7226031862478417,-0.12509005026648662,1,0,0,1,0.19905352759775274,-0.29129881655524165,0.0,0,0,1,0,0,0,0,1,0,1,0,0,0,0,0
-0.8997904744948975,-1.0786836422679513,0,0,1,0,0.6322887377497493,0.8883471122941295,0.0,0,0,0,1,0,0,1,0,0,0,0,0,1,0,0
-0.56303239308128,0.4819397149629674,0,0,1,0,-1.1006521028582368,-0.8811217809799272,0.0,0,0,0,1,0,1,0,0,0,0,0,0,0,1,0
0.36952737198949487,-1.6524655545509415,1,0,1,1,0.6322887377497493,0.8883471122941295,0.0,0,0,0,1,0,1,0,0,0,0,0,0,1,0,0
-0.39740839149567053,1.0061041417494971,1,0,1,0,1.4987591580537423,1.478170076718815,0.0,0,0,0,0,1,1,0,0,0,0,1,0,0,0,0
0.20483686716195718,-1.352234942605803,1,0,0,0,0.3434652643150849,-0.29129881655524165,0.0,0,0,0,1,0,1,0,0,0,1,0,0,0,0,0
-1.0309030659721823,-0.47717938228575774,1,0,1,1,-0.9562403661409046,-0.29129881655524165,0.0,0,0,0,1,0,0,0,1,0,1,0,0,0,0,0
-1.2266891519468621,-1.4603227901805276,1,1,0,0,-1.6782990497275654,1.478170076718815,0.0,0,0,0,0,1,0,0,0,1,0,1,0,0,0,0
0.41350311065249845,1.5583615819538454,1,0,1,0,1.35434742133641,-0.8811217809799272,0.0,0,0,0,1,0,0,0,0,1,0,0,0,0,1,0
0.4090069427465814,0.15097832890475005,1,0,1,0,1.35434742133641,-1.4709447454046127,0.0,0,0,1,0,0,0,0,1,0,0,0,0,0,0,1
0.3853583582087731,0.31159726692690914,0,0,1,0,0.6322887377497493,-0.8811217809799272,0.0,0,0,0,0,1,0,1,0,0,0,0,0,0,1,0
-1.0963352451006692,-1.3465973756296588,1,0,0,0,-1.389475576292901,0.2985241478694439,0.0,0,0,0,1,0,0,0,0,1,0,0,1,0,0,0
0.1268706585290287,-0.8638871683970688,1,0,1,1,0.9211122111844136,0.2985241478694439,0.0,0,0,0,0,1,0,0,0,1,0,0,1,0,0,0
0.7937159905907198,0.5068691395730723,1,0,0,0,0.7767004744670813,-0.29129881655524165,0.0,0,0,0,0,1,0,1,0,0,1,0,0,0,0,0
0.8436143641157942,-1.3081171019576296,1,0,1,0,-0.3785934192715759,-1.4709447454046127,0.0,0,0,1,0,0,0,1,0,0,0,0,0,0,0,1
0.10204384025537726,0.13582413510649136,1,0,0,1,-1.6782990497275654,1.478170076718815,0.0,0,0,1,0,0,0,1,0,0,0,1,0,0,0,0
-0.6948442330664834,-0.44678479335932964,1,0,1,0,0.3434652643150849,1.478170076718815,0.0,0,0,0,0,1,0,0,1,0,0,1,0,0,0,0
-0.022925853079842455,1.1545514519882991,1,0,0,0,-1.6782990497275654,-1.4709447454046127,0.0,0,0,1,0,0,0,1,0,0,0,0,0,0,0,1
0.39184039187717895,-1.2545171150193062,1,0,1,0,-0.08976994583691159,-0.29129881655524165,0.0,0,0,1,0,0,0,1,0,0,1,0,0,0,0,0
1.4096175726079987,0.9217992410970679,1,0,1,1,-1.389475576292901,-0.29129881655524165,0.0,0,0,1,0,0,1,0,0,0,1,0,0,0,0,0
1.5010128488355048,1.220202384848105,1,0,0,0,-1.5338873130102333,1.478170076718815,0.0,0,0,1,0,0,0,0,1,0,0,1,0,0,0,0
-0.6163256181122991,1.0457998541732638,1,0,1,1,-1.389475576292901,1.478170076718815,0.0,0,0,0,0,1,1,0,0,0,0,1,0,0,0,0
0.6317420662164459,1.4932192369405117,1,0,1,1,1.35434742133641,0.2985241478694439,0.0,0,0,0,0,1,0,0,1,0,0,0,1,0,0,0
0.06564795541821186,-1.2480261548770486,1,0,0,0,1.4987591580537423,1.478170076718815,0.0,0,0,0,1,0,0,1,0,0,0,1,0,0,0,0
1.6782373831674842,1.3180495144294673,1,0,1,0,-0.5230051559889081,0.8883471122941295,0.0,0,0,0,1,0,0,1,0,0,0,0,0,1,0,0
0.4716316391157748,0.3431814342061013,0,0,0,1,1.4987591580537423,-1.4709447454046127,0.0,0,0,1,0,0,0,1,0,0,0,0,0,0,0,1
1.1511788203238085,1.3803299752897742,1,0,1,0,-0.23418168255424376,0.2985241478694439,0.0,0,0,0,0,1,0,1,0,0,0,0,1,0,0,0
1.1791942117935685,-0.3800908244076074,1,0,1,0,0.9211122111844136,-1.4709447454046127,0.0,0,0,0,1,0,1,0,0,0,0,0,0,0,0,1
-0.31862755835101686,1.0980637204979755,1,0,0,0,-1.2450638395755689,0.8883471122941295,0.0,0,0,0,1,0,0,0,1,0,0,0,0,1,0,0
1.5516664107491307,-0.5439509324343992,1,0,0,1,0.9211122111844136,-1.4709447454046127,0.0,0,0,0,0,1,1,0,0,0,0,0,0,0,0,1
0.3668037990511518,-0.8403714455974955,1,0,1,1,1.35434742133641,0.2985241478694439,0.0,0,0,0,1,0,0,1,0,0,0,0,1,0,0,0
-1.5542695966940474,1.0741773319797872,1,0,1,0,-0.23418168255424376,0.8883471122941295,0.0,0,0,1,0,0,1,0,0,0,0,0,0,1,0,0
-0.04571436195291075,-0.3825217019110821,1,0,1,1,-0.5230051559889081,0.8883471122941295,0.0,0,0,0,1,0,0,0,0,1,0,0,0,1,0,0
-1.1289307142972966,0.545452854840994,1,0,1,1,-1.389475576292901,-0.8811217809799272,0.0,0,0,1,0,0,0,1,0,0,0,0,0,0,1,0
-1.4349043801497958,0.5123774045543505,0,0,1,0,-1.389475576292901,0.8883471122941295,0.0,0,0,1,0,0,0,0,1,0,0,0,0,1,0,0
0.5447310781335899,0.5131790769225181,1,1,1,0,0.6322887377497493,0.2985241478694439,0.0,0,0,0,1,0,0,0,1,0,0,0,1,0,0,0
-1.407298049057168,-0.8537929926645542,1,0,0,1,0.19905352759775274,-0.8811217809799272,0.0,0,0,0,1,0,0,1,0,0,0,0,0,0,1,0
-0.2879550225511658,1.1247516522382537,1,0,0,0,-1.389475576292901,0.2985241478694439,0.0,0,0,0,0,1,0,0,0,1,0,0,1,0,0,0
-1.740451504412465,0.6016216414106492,1,0,0,0,-0.3785934192715759,0.2985241478694439,0.0,0,0,1,0,0,0,1,0,0,0,0,1,0,0,0
-0.7250377836384103,-1.1164053442367683,0,0,1,0,0.7767004744670813,1.478170076718815,0.0,0,0,0,1,0,1,0,0,0,0,1,0,0,0,0
1.221939273082635,-1.3350636376876392,1,0,1,0,-1.6782990497275654,-0.29129881655524165,0.0,0,0,0,0,1,0,1,0,0,1,0,0,0,0,0
-0.6278037823697836,-1.40842096944144,1,1,0,0,1.35434742133641,-0.29129881655524165,0.0,0,0,1,0,0,1,0,0,0,1,0,0,0,0,0
-1.4882850112443051,-0.5674666552339727,1,0,1,1,-0.6674168927062403,1.478170076718815,0.0,0,0,0,1,0,0,0,1,0,0,1,0,0,0,0
0.45431824605970944,-0.9633290225817748,1,0,1,0,0.48787700103241705,-0.29129881655524165,0.0,0,0,0,1,0,0,0,1,0,1,0,0,0,0,0
1.718566540861692,-1.08089901644665,1,0,1,0,1.0655239479017458,0.8883471122941295,0.0,0,0,0,1,0,0,1,0,0,0,0,0,1,0,0
-0.3064326643729157,-1.241371412207961,0,0,0,1,0.19905352759775274,0.8883471122941295,0.0,0,0,0,1,0,0,0,0,1,0,0,0,1,0,0
0.3115002345598667,0.893990692067954,1,1,1,0,0.9211122111844136,-0.29129881655524165,0.0,0,0,1,0,0,1,0,0,0,1,0,0,0,0,0
-0.4374963084546463,-1.4595124976793692,1,0,1,0,1.4987591580537423,-0.29129881655524165,0.0,0,0,0,1,0,0,1,0,0,1,0,0,0,0,0
1.045518874534762,1.287404941646299,1,0,1,0,-0.3785934192715759,-0.29129881655524165,0.0,0,0,1,0,0,0,0,1,0,1,0,0,0,0,0
-0.0996893542791507,-0.9099790195001914,1,0,1,0,1.2099356846190779,-0.8811217809799272,0.0,0,0,1,0,0,0,1,0,0,0,0,0,0,1,0
1.3937446314782451,0.1682013546208598,1,0,1,0,0.9211122111844136,0.8883471122941295,0.0,0,0,0,1,0,0,1,0,0,0,0,0,1,0,0
-1.5434592147616253,-1.3220213764721866,1,1,1,0,0.19905352759775274,-1.4709447454046127,0.0,0,0,0,1,0,0,1,0,0,0,0,0,0,0,1
-0.8203243778124835,1.4527477125475512,1,0,1,0,0.3434652643150849,-1.4709447454046127,0.0,0,0,0,0,1,0,1,0,0,0,0,0,0,0,1
-0.8125417419193491,-1.0735891436702432,1,0,1,0,0.48787700103241705,-1.4709447454046127,0.0,0,0,0,1,0,1,0,0,0,0,0,0,0,0,1
0.9216574900845935,0.7852390942529183,1,0,1,0,-0.08976994583691159,1.478170076718815,0.0,0,0,1,0,0,1,0,0,0,0,1,0,0,0,0
0.47341821905350717,0.3515257229414336,1,0,1,0,1.35434742133641,-0.8811217809799272,0.0,0,0,1,0,0,0,1,0,0,0,0,0,0,1,0
-1.1471321529584186,1.0196205102794575,1,0,1,0,-0.5230051559889081,-0.29129881655524165,0.0,0,0,1,0,0,1,0,0,0,1,0,0,0,0,0
-0.04356766903360073,1.295309603599088,0,0,0,0,-1.389475576292901,1.478170076718815,0.0,0,0,0,1,0,0,0,0,1,0,1,0,0,0,0
0.6911012720536593,1.4470498046404694,1,0,1,0,1.35434742133641,-1.4709447454046127,0.0,0,0,0,0,1,0,0,0,1,0,0,0,0,0,1
0.8564211005383242,-0.12783987269063032,1,0,1,0,1.0655239479017458,-0.8811217809799272,0.0,0,0,0,1,0,0,0,1,0,0,0,0,0,1,0
1.3382697511025197,0.36487830894456397,1,0,1,0,-1.6782990497275654,-1.4709447454046127,0.0,0,0,0,1,0,1,0,0,0,0,0,0,0,0,1
-0.8601290991257521,-0.37692723559989344,0,0,1,0,1.6431708947710744,0.2985241478694439,0.0,0,0,1,0,0,0,1,0,0,0,0,1,0,0,0
1.5733815731625445,-0.07552428556797254,1,0,0,0,-0.23418168255424376,-1.4709447454046127,0.0,0,0,0,0,1,0,0,1,0,0,0,0,0,0,1
-0.9910459010208198,-0.09888484597370693,1,0,0,0,-0.8118286294235724,-0.29129881655524165,0.0,0,0,1,0,0,0,0,1,0,1,0,0,0,0,0
-0.5051276241405374,-0.7622299400336643,1,0,1,1,0.48787700103241705,0.8883471122941295,0.0,0,0,0,1,0,0,0,1,0,0,0,0,1,0,0
-0.3198652282100328,-0.3361971072172015,1,0,0,0,0.48787700103241705,0.8883471122941295,0.0,0,0,0,0,1,0,0,1,0,0,0,0,1,0,0
1.71161950693552,-1.5932107603704917,1,1,1,0,0.7767004744670813,0.8883471122941295,0.0,0,0,0,1,0,0,0,0,1,0,0,0,1,0,0
-0.9732884851622259,0.5928463460257646,1,0,1,1,0.7767004744670813,-0.8811217809799272,0.0,0,0,1,0,0,0,0,0,1,0,0,0,0,1,0
0.9318350521173495,0.28690058590756246,1,0,1,0,-0.5230051559889081,-0.8811217809799272,0.0,0,0,1,0,0,0,1,0,0,0,0,0,0,1,0
0.05110009021096465,-1.046883971663983,1,0,1,0,-0.08976994583691159,0.8883471122941295,0.0,0,0,0,0,1,0,0,1,0,0,0,0,1,0,0
1.5365836204333259,-0.7460758108084441,0,0,0,0,-0.6674168927062403,-1.4709447454046127,0.0,0,0,0,0,1,0,0,0,1,0,0,0,0,0,1
-0.15214697734320715,-1.028531708526046,1,0,0,0,-0.3785934192715759,0.8883471122941295,0.0,0,0,1,0,0,0,0,1,0,0,0,0,1,0,0
0.8910478866504552,-1.2338718965057511,1,0,1,0,-1.389475576292901,-0.8811217809799272,0.0,0,0,1,0,0,0,0,1,0,0,0,0,0,1,0
-1.4245869684154564,0.7756793667658486,0,0,0,0,0.48787700103241705,0.8883471122941295,0.0,0,0,0,0,1,0,0,1,0,0,0,0,1,0,0
1.3345917039508681,-1.0522025937194581,1,0,1,0,-1.5338873130102333,1.478170076718815,0.0,0,0,0,1,0,0,1,0,0,0,1,0,0,0,0
0.12554558260652288,0.4619927272216872,1,0,1,0,0.05464179088042058,-0.8811217809799272,0.0,0,0,0,1,0,0,0,0,1,0,0,0,0,1,0
0.7451252117754533,-1.5117591237380987,1,0,0,0,0.6322887377497493,-0.29129881655524165,0.0,0,0,1,0,0,0,0,1,0,1,0,0,0,0,0
1.2951995392572715,1.0860041544435015,1,0,1,0,1.2099356846190779,-0.8811217809799272,0.0,0,0,1,0,0,0,0,1,0,0,0,0,0,1,0
-1.5946267243285719,-0.25421102233936355,0,0,0,0,-0.08976994583691159,-0.8811217809799272,0.0,0,0,0,0,1,0,1,0,0,0,0,0,0,1,0
-1.558433621558703,1.5453882818023212,1,0,0,0,0.9211122111844136,0.8883471122941295,0.0,0,0,0,1,0,0,1,0,0,0,0,0,1,0,0
1.1404838143951928,-0.09304901593876885,1,0,1,0,-1.389475576292901,-0.8811217809799272,0.0,0,0,0,1,0,0,1,0,0,0,0,0,0,1,0
1.384053047158493,-1.669869603059863,1,0,1,1,-0.6674168927062403,-0.8811217809799272,0.0,0,0,1,0,0,0,0,1,0,0,0,0,0,1,0
0.6659842656492216,-1.5473430327251363,1,0,1,0,1.4987591580537423,1.478170076718815,0.0,0,0,0,1,0,0,1,0,0,0,1,0,0,0,0
1.45395342425258,0.22650793417229476,1,0,1,0,-0.3785934192715759,1.478170076718815,0.0,0,0,1,0,0,1,0,0,0,0,1,0,0,0,0
0.6834095384665543,-1.3516056728974566,1,0,1,1,0.9211122111844136,0.8883471122941295,0.0,0,0,0,0,1,1,0,0,0,0,0,0,1,0,0
0.014476949608725823,1.6793882491481307,1,0,0,0,-0.9562403661409046,-1.4709447454046127,0.0,0,0,0,1,0,0,0,1,0,0,0,0,0,0,1
-1.6436790071590648,0.4402613719512604,1,0,1,0,1.0655239479017458,0.2985241478694439,0.0,0,0,0,1,0,1,0,0,0,0,0,1,0,0,0
0.8483028253613887,-1.5802029796870032,0,0,0,0,-0.9562403661409046,1.478170076718815,0.0,0,0,0,0,1,1,0,0,0,0,1,0,0,0,0
-1.1636414102303778,-1.286756412405818,1,0,1,0,1.4987591580537423,1.478170076718815,0.0,0,0,0,1,0,0,0,0,1,0,1,0,0,0,0
-1.6779841389575532,-1.12795632244477,1,0,1,0,-0.5230051559889081,0.2985241478694439,0.0,0,0,0,0,1,0,1,0,0,0,0,1,0,0,0
-1.6880777911693587,0.5788472500483058,1,0,1,0,-0.08976994583691159,0.8883471122941295,0.0,0,0,0,1,0,0,0,0,1,0,0,0,1,0,0
1.5107219143679547,-0.5370979267065178,0,0,1,0,0.19905352759775274,-1.4709447454046127,0.0,0,0,1,0,0,0,0,0,1,0,0,0,0,0,1
-1.0550236432528357,1.0260511294907777,1,0,0,0,-0.5230051559889081,-0.8811217809799272,0.0,0,0,0,0,1,0,0,0,1,0,0,0,0,1,0
0.8070926145472036,1.3715029591069434,0,0,1,0,-0.6674168927062403,-0.8811217809799272,0.0,0,0,0,1,0,0,1,0,0,0,0,0,0,1,0
-1.6733586100776712,-0.7436966541029156,0,0,1,0,1.6431708947710744,-0.29129881655524165,0.0,0,0,1,0,0,1,0,0,0,1,0,0,0,0,0
0.5867244472766437,0.6514460100988948,0,0,1,0,-0.5230051559889081,-1.4709447454046127,0.0,0,0,0,0,1,1,0,0,0,0,0,0,0,0,1
1.185767147768004,0.5329364217379954,1,0,0,0,1.0655239479017458,-1.4709447454046127,0.0,0,0,0,0,1,0,0,1,0,0,0,0,0,0,1
-1.1575264820286295,0.45238127893667096,1,0,1,0,1.6431708947710744,-0.29129881655524165,0.0,0,0,0,0,1,0,1,0,0,1,0,0,0,0,0
0.6242321372413996,0.4420888401453621,1,0,0,0,-0.6674168927062403,-1.4709447454046127,0.0,0,0,0,0,1,0,0,1,0,0,0,0,0,0,1
0.4273587198369064,0.06399256689210571,1,0,1,0,1.6431708947710744,-0.29129881655524165,0.0,0,0,1,0,0,0,1,0,0,1,0,0,0,0,0
-1.1075162287422884,-1.2515517892703862,1,0,0,0,1.4987591580537423,0.2985241478694439,0.0,0,0,1,0,0,0,0,0,1,0,0,1,0,0,0
0.4191635273240997,0.9983029213926006,0,0,1,1,-0.3785934192715759,0.8883471122941295,0.0,0,0,0,1,0,0,0,0,1,0,0,0,1,0,0
0.5327109962824684,1.401544122580738,1,0,1,0,-0.9562403661409046,1.478170076718815,0.0,0,0,0,0,1,0,0,1,0,0,1,0,0,0,0
1.5840835715762394,0.6182843584823409,1,0,1,0,-0.08976994583691159,0.8883471122941295,0.0,0,0,0,0,1,0,1,0,0,0,0,0,1,0,0
-1.7411262792226065,-0.2911569123389865,0,0,1,0,-0.5230051559889081,0.2985241478694439,0.0,0,0,0,1,0,1,0,0,0,0,0,1,0,0,0
-0.14814727587791265,0.6121554439257071,0,0,0,0,-0.23418168255424376,0.8883471122941295,0.0,0,0,1,0,0,1,0,0,0,0,0,0,1,0,0
-1.049125482088542,-1.5436018950070225,1,0,1,0,-0.8118286294235724,-0.8811217809799272,0.0,0,0,1,0,0,0,0,1,0,0,0,0,0,1,0
-0.600057601575572,-1.362406699535237,1,0,1,0,0.3434652643150849,0.2985241478694439,0.0,0,0,0,1,0,0,0,0,1,0,0,1,0,0,0
0.7371223126023247,0.9391257084090705,0,0,1,0,-0.8118286294235724,1.478170076718815,0.0,0,0,0,0,1,0,0,0,1,0,1,0,0,0,0
-1.2167703118620363,-0.02754462533981104,1,0,0,0,1.6431708947710744,0.2985241478694439,0.0,0,0,0,1,0,1,0,0,0,0,0,1,0,0,0
-0.8251212225768054,-1.626294830790126,1,0,1,0,0.6322887377497493,0.2985241478694439,0.0,0,0,0,0,1,0,1,0,0,0,0,1,0,0,0
-1.613310644460158,0.6452653747443148,1,1,1,0,-0.08976994583691159,-0.8811217809799272,0.0,0,0,0,0,1,0,0,0,1,0,0,0,0,1,0
1.2103492290638838,0.527859163406269,1,0,1,0,0.3434652643150849,0.2985241478694439,0.0,0,0,1,0,0,0,0,0,1,0,0,1,0,0,0
0.5582895067021323,-0.20598137825446172,1,0,0,1,-1.6782990497275654,0.8883471122941295,0.0,0,0,0,1,0,0,0,0,1,0,0,0,1,0,0
-0.6062039959601768,0.38993703554953424,1,0,1,0,-0.8118286294235724,-0.8811217809799272,0.0,0,0,0,0,1,0,0,0,1,0,0,0,0,1,0
0.764553831567973,0.4089789093267548,1,0,1,0,-0.23418168255424376,0.8883471122941295,0.0,0,0,1,0,0,0,0,1,0,0,0,0,1,0,0
1.0670032849405624,-0.662701884519048,0,0,1,1,0.05464179088042058,1.478170076718815,0.0,0,0,1,0,0,0,0,0,1,0,1,0,0,0,0
1.2707328339651984,-1.7009538026255746,1,0,1,0,-0.5230051559889081,0.2985241478694439,0.0,0,0,1,0,0,0,1,0,0,0,0,1,0,0,0
1.2421825173868797,-0.4965315808506557,1,0,1,0,1.35434742133641,-1.4709447454046127,0.0,0,0,0,0,1,0,0,0,1,0,0,0,0,0,1
1.1196497051017569,1.4660227173537617,1,0,1,0,-0.5230051559889081,1.478170076718815,0.0,0,0,1,0,0,0,0,0,1,0,1,0,0,0,0
0.5279036627905277,-1.006929655250485,0,0,0,0,0.3434652643150849,-1.4709447454046127,0.0,0,0,0,1,0,0,0,0,1,0,0,0,0,0,1
1.7014664186005417,0.29265021461259016,1,0,1,0,-1.2450638395755689,0.2985241478694439,0.0,0,0,1,0,0,1,0,0,0,0,0,1,0,0,0
0.44151500587971915,0.9910878700790952,1,0,1,0,1.0655239479017458,0.2985241478694439,0.0,0,0,1,0,0,0,1,0,0,0,0,1,0,0,0
-1.2343109606831755,0.030960217270417575,1,0,1,0,0.3434652643150849,0.8883471122941295,0.0,0,0,0,1,0,0,1,0,0,0,0,0,1,0,0
-0.011926674050282218,-0.04334532911239816,1,0,0,0,1.0655239479017458,-0.8811217809799272,0.0,0,0,1,0,0,0,0,0,1,0,0,0,0,1,0
-1.4337750938095075,1.2929821676915059,1,0,0,0,-1.6782990497275654,-1.4709447454046127,0.0,0,0,1,0,0,0,1,0,0,0,0,0,0,0,1
-0.36125025115119774,0.01170284016842124,1,0,0,0,-1.1006521028582368,-1.4709447454046127,0.0,0,0,1,0,0,0,1,0,0,0,0,0,0,0,1
-0.9700160021451666,1.621297172921472,1,0,0,0,-1.2450638395755689,1.478170076718815,0.0,0,0,0,0,1,1,0,0,0,0,1,0,0,0,0
1.3891925236916953,-0.5961630779611645,1,1,0,0,0.05464179088042058,1.478170076718815,0.0,0,0,0,1,0,1,0,0,0,0,1,0,0,0,0
0.9119554170372224,0.5168167730447393,1,1,0,0,-0.5230051559889081,-0.29129881655524165,0.0,0,0,0,1,0,0,0,0,1,1,0,0,0,0,0
1.616689529500485,0.620697995719834,0,0,1,0,0.48787700103241705,-0.29129881655524165,0.0,0,0,0,1,0,0,0,1,0,1,0,0,0,0,0
-0.9607334782025466,-1.1890041042873571,1,0,0,0,0.3434652643150849,0.2985241478694439,0.0,0,0,1,0,0,0,0,1,0,0,0,1,0,0,0
-0.15721652902561728,-0.15468296682474722,1,0,0,1,-0.6674168927062403,0.8883471122941295,0.0,0,0,0,0,1,0,0,0,1,0,0,0,1,0,0
-1.489652042077286,1.4336885985043482,1,0,1,0,1.2099356846190779,0.8883471122941295,0.0,0,0,0,0,1,0,0,0,1,0,0,0,1,0,0
-0.1074580052021269,0.9299711271725795,1,0,1,0,0.7767004744670813,-0.29129881655524165,0.0,0,0,1,0,0,0,0,1,0,1,0,0,0,0,0
0.33111415520698434,0.4033672027495837,1,0,1,1,0.48787700103241705,0.2985241478694439,0.0,0,0,0,0,1,1,0,0,0,0,0,1,0,0,0
-1.0413603274081056,1.052256333783557,1,0,0,1,0.19905352759775274,0.2985241478694439,0.0,0,0,0,0,1,1,0,0,0,0,0,1,0,0,0
1.7048437888937886,1.4437913943698542,1,0,1,1,0.48787700103241705,1.478170076718815,0.0,0,0,0,1,0,0,1,0,0,0,1,0,0,0,0
-1.6821062089117336,-0.11153058107157136,1,0,1,0,-1.6782990497275654,1.478170076718815,0.0,0,0,0,1,0,1,0,0,0,0,1,0,0,0,0
0.13935574063791603,0.13600515789930334,1,1,1,0,-0.6674168927062403,0.2985241478694439,0.0,0,0,0,0,1,0,0,1,0,0,0,1,0,0,0
1.4743714806838042,-1.3547520214391882,1,0,1,0,-0.08976994583691159,0.2985241478694439,0.0,0,0,1,0,0,1,0,0,0,0,0,1,0,0,0
0.8342059754417486,1.4301457238450286,1,0,1,0,-1.2450638395755689,1.478170076718815,0.0,0,0,0,0,1,1,0,0,0,0,1,0,0,0,0
0.7658614262777808,-0.7877800142191244,1,0,0,1,-1.6782990497275654,1.478170076718815,0.0,0,0,1,0,0,0,1,0,0,0,1,0,0,0,0
1.5219133867371926,0.30349434191532587,1,0,1,1,1.4987591580537423,0.2985241478694439,0.0,0,0,1,0,0,0,0,1,0,0,0,1,0,0,0
0.17789132590931211,0.7511119877413677,1,0,1,0,-0.3785934192715759,1.478170076718815,0.0,0,0,1,0,0,0,0,0,1,0,1,0,0,0,0
1.3961360613753269,0.46231167214235586,1,0,1,0,1.0655239479017458,0.2985241478694439,0.0,0,0,0,0,1,0,1,0,0,0,0,1,0,0,0
0.9670282295208947,0.7193381775363723,1,0,0,0,1.2099356846190779,-0.8811217809799272,0.0,0,0,1,0,0,1,0,0,0,0,0,0,0,1,0
1.094319427902404,1.3765715973056776,1,0,1,0,-1.389475576292901,0.2985241478694439,0.0,0,0,0,0,1,0,0,0,1,0,0,1,0,0,0
1.4444506370299657,0.317967545207292,1,0,0,0,0.3434652643150849,1.478170076718815,0.0,0,0,1,0,0,0,0,0,1,0,1,0,0,0,0
-1.2555121754432685,1.3279971479011343,0,0,1,0,0.6322887377497493,-1.4709447454046127,0.0,0,0,0,0,1,0,1,0,0,0,0,0,0,0,1
1.1396691898834677,-1.0546162309569511,1,0,1,0,1.6431708947710744,-1.4709447454046127,0.0,0,0,0,0,1,0,0,1,0,0,0,0,0,0,1
0.28775725147348924,-1.7112462414168834,1,0,1,0,1.2099356846190779,0.8883471122941295,0.0,0,0,0,0,1,1,0,0,0,0,0,0,1,0,0
1.200007343631767,-0.5708888480314177,1,0,0,0,1.0655239479017458,1.478170076718815,0.0,0,0,1,0,0,1,0,0,0,0,1,0,0,0,0
-1.36327685924115,1.554672165033678,1,0,1,0,0.7767004744670813,-1.4709447454046127,0.0,0,0,0,1,0,0,0,0,1,0,0,0,0,0,1
0.7537014947250757,-1.2194848945436956,1,0,1,0,-1.1006521028582368,-0.29129881655524165,0.0,0,0,1,0,0,0,0,1,0,1,0,0,0,0,0
0.9669967633380383,0.6300508400151187,1,0,1,0,1.0655239479017458,0.8883471122941295,0.0,0,0,0,1,0,0,1,0,0,0,0,0,1,0,0
0.3418546122886148,0.15605558723647636,1,0,1,0,-1.5338873130102333,0.2985241478694439,0.0,0,0,1,0,0,0,0,0,1,0,0,1,0,0,0
1.0847921669820126,-0.18318974662613624,1,0,1,0,-1.5338873130102333,-1.4709447454046127,0.0,0,0,0,0,1,1,0,0,0,0,0,0,0,0,1
-1.4840615502564765,-0.640013694486615,1,0,1,0,1.2099356846190779,-0.29129881655524165,0.0,0,0,1,0,0,1,0,0,0,1,0,0,0,0,0
0.9128329739146603,-1.356760512426102,1,0,1,0,0.3434652643150849,0.2985241478694439,0.0,0,0,1,0,0,1,0,0,0,0,0,1,0,0,0
1.2973357434489625,-1.4861314683557192,1,0,1,0,-1.2450638395755689,0.2985241478694439,0.0,0,0,0,0,1,0,0,1,0,0,0,1,0,0,0
0.03325876453142061,1.2876032047050934,1,0,1,0,-1.5338873130102333,-0.8811217809799272,0.0,0,0,0,1,0,1,0,0,0,0,0,0,0,1,0
-0.521545979106467,0.014866428976135158,1,0,1,0,-0.3785934192715759,-1.4709447454046127,0.0,0,0,0,0,1,0,0,0,1,0,0,0,0,0,1
0.6612188870677561,-0.8944110593183625,1,0,1,0,0.05464179088042058,-0.8811217809799272,0.0,0,0,0,0,1,0,0,1,0,0,0,0,0,1,0
-0.5710667584372652,1.1600166163046224,1,0,0,0,-0.6674168927062403,-0.8811217809799272,0.0,0,0,0,1,0,0,1,0,0,0,0,0,0,1,0
0.5023216561283242,-0.6969324326264914,1,0,1,0,-0.3785934192715759,-0.29129881655524165,0.0,0,0,1,0,0,0,1,0,0,1,0,0,0,0,0
0.1520505972991788,1.092926121235312,0,0,1,0,-1.2450638395755689,-1.4709447454046127,0.0,0,0,1,0,0,0,0,1,0,0,0,0,0,0,1
-0.20815678282749023,0.25246315460833374,1,0,1,0,-0.3785934192715759,-0.8811217809799272,0.0,0,0,0,0,1,0,0,0,1,0,0,0,0,1,0
1.1597341258181928,0.7978503488188186,1,0,1,0,-0.3785934192715759,-0.8811217809799272,0.0,0,0,0,1,0,0,0,0,1,0,0,0,0,1,0
0.19285874022131078,1.706041700356444,1,0,1,0,-0.3785934192715759,-1.4709447454046127,0.0,0,0,0,0,1,0,0,1,0,0,0,0,0,0,1
-0.37651834232160114,0.09191317765010336,0,0,1,0,-1.389475576292901,-0.8811217809799272,0.0,0,0,0,0,1,0,0,1,0,0,0,0,0,1,0
-1.4244820811392687,1.7201183775308229,0,1,1,0,1.2099356846190779,0.2985241478694439,0.0,0,0,0,1,0,0,0,0,1,0,0,1,0,0,0
-1.4384775400252603,0.9060157775904629,1,0,1,0,1.35434742133641,0.8883471122941295,0.0,0,0,0,0,1,0,1,0,0,0,0,0,1,0,0
0.1835936974913888,1.087943684366487,1,0,0,0,1.0655239479017458,0.2985241478694439,0.0,0,0,0,1,0,0,0,0,1,0,0,1,0,0,0
-0.61099035199688,1.1814462669203623,0,0,0,0,-1.5338873130102333,0.8883471122941295,0.0,0,0,0,0,1,0,0,1,0,0,0,0,1,0,0
0.1575991342095132,1.1003825362725665,1,0,1,0,1.0655239479017458,-1.4709447454046127,0.0,0,0,1,0,0,0,1,0,0,0,0,0,0,0,1
-1.1581732868984542,-0.11989211007288615,1,0,1,0,-0.23418168255424376,1.478170076718815,0.0,0,0,0,0,1,0,0,0,1,0,1,0,0,0,0
0.2792928482851341,-0.026380907386019916,1,0,1,1,0.7767004744670813,-0.29129881655524165,0.0,0,0,1,0,0,1,0,0,0,1,0,0,0,0,0
-1.296900694626973,-0.04423320281047606,1,0,1,0,1.2099356846190779,0.2985241478694439,0.0,0,0,0,1,0,1,0,0,0,0,0,1,0,0,0
-0.7519833248910551,0.6378779207709883,1,0,0,1,-1.1006521028582368,-0.29129881655524165,0.0,0,0,1,0,0,0,0,0,1,1,0,0,0,0,0
-1.2292484014858445,1.6495367286001386,1,0,1,0,0.3434652643150849,-0.8811217809799272,0.0,0,0,0,1,0,0,1,0,0,0,0,0,0,1,0
1.719982519090227,1.2537433223162644,1,0,1,0,0.9211122111844136,-0.8811217809799272,0.0,0,0,0,1,0,0,1,0,0,0,0,0,0,1,0
-0.9625550205656747,-1.4515130142636787,1,0,1,0,-1.2450638395755689,-1.4709447454046127,0.0,0,0,1,0,0,0,0,1,0,0,0,0,0,0,1
-1.3259265001906757,-0.9897497301993305,1,0,1,1,-0.08976994583691159,-0.8811217809799272,0.0,0,0,1,0,0,0,0,1,0,0,0,0,0,1,0
0.879660624699,1.667328683093657,1,1,0,1,1.6431708947710744,1.478170076718815,0.0,0,0,0,1,0,0,0,0,1,0,1,0,0,0,0
-1.2789964365817161,0.6227495873717026,0,0,0,0,1.0655239479017458,-1.4709447454046127,0.0,0,0,0,1,0,1,0,0,0,0,0,0,0,0,1
-1.247061757225072,-0.6951049644323898,1,0,1,0,-0.9562403661409046,1.478170076718815,0.0,0,0,0,1,0,0,1,0,0,0,1,0,0,0,0
-0.9862210863161811,1.5532929437551104,0,0,0,1,1.6431708947710744,-0.8811217809799272,0.0,0,0,1,0,0,1,0,0,0,0,0,0,0,1,0
1.1157548909126502,-0.32394789823692516,1,0,1,0,-0.08976994583691159,-0.29129881655524165,0.0,0,0,0,0,1,0,0,1,0,1,0,0,0,0,0
-1.7369482693877925,-0.8535516289408049,1,0,0,0,-1.1006521028582368,0.8883471122941295,0.0,0,0,0,1,0,0,0,1,0,0,0,0,1,0,0
0.22771627834105498,1.1592063238034638,1,0,1,0,-1.6782990497275654,-0.29129881655524165,0.0,0,0,0,0,1,0,0,0,1,1,0,0,0,0,0
-0.18969312597589869,-0.46769723599560725,1,0,0,0,0.05464179088042058,1.478170076718815,0.0,0,0,0,1,0,0,0,0,1,0,1,0,0,0,0
0.8203643512274994,0.356620221539142,1,0,1,0,0.19905352759775274,-0.29129881655524165,0.0,0,0,0,0,1,0,1,0,0,1,0,0,0,0,0
0.3574828164405963,1.0212755758137384,1,0,1,0,-1.2450638395755689,-0.8811217809799272,0.0,0,0,1,0,0,0,0,1,0,0,0,0,0,1,0
0.05887573361901986,-0.07865339384372232,1,0,1,1,-0.08976994583691159,-0.29129881655524165,0.0,0,0,0,1,0,0,1,0,0,1,0,0,0,0,0
-0.3327663631811318,0.1709942777099589,1,0,0,0,0.3434652643150849,-1.4709447454046127,0.0,0,0,0,0,1,0,0,1,0,0,0,0,0,0,1
1.7339814742187585,-0.20728301833610946,1,0,1,0,0.3434652643150849,1.478170076718815,0.0,0,0,1,0,0,0,0,0,1,0,1,0,0,0,0
-0.2621632413365866,-1.4172824661562353,1,0,1,1,0.9211122111844136,-0.8811217809799272,0.0,0,0,0,0,1,0,0,0,1,0,0,0,0,1,0
0.23018462557400793,0.9355569733507773,1,0,0,0,-0.9562403661409046,0.2985241478694439,0.0,0,0,0,1,0,0,1,0,0,0,0,1,0,0,0
0.33917299426074676,-1.420015048314397,0,0,1,0,-1.1006521028582368,-0.8811217809799272,0.0,0,0,0,0,1,1,0,0,0,0,0,0,0,1,0
-0.4759409914200132,-0.9784832163800334,1,0,1,0,0.6322887377497493,0.2985241478694439,0.0,0,0,0,1,0,0,0,1,0,0,0,1,0,0,0
0.4230513490281273,1.1493535117946987,1,0,0,0,-0.23418168255424376,-1.4709447454046127,0.0,0,0,0,0,1,1,0,0,0,0,0,0,0,0,1
-1.4115459837427737,0.39403159872028104,1,0,1,0,-0.23418168255424376,1.478170076718815,0.0,0,0,0,0,1,0,0,0,1,0,1,0,0,0,0
-0.234588376426815,0.6300422198821274,1,0,1,0,-0.6674168927062403,-0.29129881655524165,0.0,0,0,1,0,0,0,0,0,1,1,0,0,0,0,0
-0.5943657187211142,1.5788085374086067,0,0,0,0,0.3434652643150849,0.8883471122941295,0.0,0,0,0,1,0,0,0,0,1,0,0,0,1,0,0
0.00637615564448834,-1.27078330597341,1,0,1,0,-1.389475576292901,0.8883471122941295,0.0,0,0,1,0,0,0,0,1,0,0,0,0,1,0,0
-1.1839056319898602,1.0255856423092613,1,0,1,1,-0.9562403661409046,-1.4709447454046127,0.0,0,0,0,0,1,0,0,1,0,0,0,0,0,0,1
-1.2768252699646288,0.6464894336290434,1,0,1,1,-1.2450638395755689,-0.8811217809799272,0.0,0,0,0,1,0,0,1,0,0,0,0,0,0,1,0
-1.2027154168528718,1.3510904841841462,0,0,0,0,1.4987591580537423,-0.8811217809799272,0.0,0,0,1,0,0,1,0,0,0,0,0,0,0,1,0
0.8001036257105565,0.42969308890423835,1,0,1,0,-1.389475576292901,0.2985241478694439,0.0,0,0,1,0,0,1,0,0,0,0,0,1,0,0,0
-0.5971102691146949,-1.2712746535538995,1,0,1,0,-0.23418168255424376,1.478170076718815,0.0,0,0,0,1,0,1,0,0,0,0,1,0,0,0,0
-0.48762893022987325,0.36955904115870175,1,0,1,0,-0.3785934192715759,1.478170076718815,0.0,0,0,0,0,1,0,0,1,0,0,1,0,0,0,0
-0.7590841934889689,1.557921955171302,1,0,1,1,1.4987591580537423,-0.29129881655524165,0.0,0,0,1,0,0,0,0,1,0,1,0,0,0,0,0
-1.728693640751813,1.3820281414890105,1,0,1,1,-0.6674168927062403,-0.8811217809799272,0.0,0,0,0,0,1,1,0,0,0,0,0,0,0,1,0
-1.1441253843743688,-0.978026349331508,1,0,0,0,-0.08976994583691159,-0.29129881655524165,0.0,0,0,0,0,1,1,0,0,0,1,0,0,0,0,0
1.6061693356988491,-1.362803225652825,1,0,1,0,-0.08976994583691159,-0.29129881655524165,0.0,0,0,0,0,1,0,0,0,1,1,0,0,0,0,0
0.6872064578645524,1.0516874050061482,1,0,1,0,0.7767004744670813,0.8883471122941295,0.0,0,0,0,0,1,1,0,0,0,0,0,0,1,0,0
-1.6449201732606205,0.6156379776540897,1,0,1,0,1.2099356846190779,-1.4709447454046127,0.0,0,0,0,0,1,0,1,0,0,0,0,0,0,0,1
0.466355809123529,-0.44736234226972976,1,0,1,0,-1.6782990497275654,-0.8811217809799272,0.0,0,0,1,0,0,1,0,0,0,0,0,0,0,1,0
-1.1935867275819938,-1.3003072614677422,1,0,1,0,-0.6674168927062403,0.8883471122941295,0.0,0,0,0,1,0,1,0,0,0,0,0,0,1,0,0
0.4895743558289674,-0.6286006384064704,1,0,1,0,0.19905352759775274,-0.8811217809799272,0.0,0,0,0,1,0,0,0,0,1,0,0,0,0,1,0
1.1956964765804488,-1.0357640001055337,1,0,1,0,1.4987591580537423,1.478170076718815,0.0,0,0,0,0,1,0,0,0,1,0,1,0,0,0,0
1.585492557319695,0.12199744178885372,1,1,1,0,-1.6782990497275654,-1.4709447454046127,0.0,0,0,0,0,1,0,0,0,1,0,0,0,0,0,1
1.1403334759659902,1.1128644888436015,0,0,1,0,-0.8118286294235724,-0.8811217809799272,0.0,0,0,1,0,0,0,1,0,0,0,0,0,0,1,0
-1.0441118702867653,-0.30039769490538754,1,0,1,1,-1.6782990497275654,0.2985241478694439,0.0,0,0,0,0,1,0,0,1,0,0,0,1,0,0,0
1.1353198641642135,-1.589348940790503,0,0,1,0,-0.08976994583691159,-1.4709447454046127,0.0,0,0,1,0,0,0,0,0,1,0,0,0,0,0,1
-1.179986344102976,-1.099078876924766,1,0,0,1,0.9211122111844136,0.2985241478694439,0.0,0,0,0,0,1,0,1,0,0,0,0,1,0,0,0
-1.2728780121374281,1.4854955977805344,1,0,0,0,-0.08976994583691159,1.478170076718815,0.0,0,0,1,0,0,1,0,0,0,0,1,0,0,0,0
1.5767554472132517,-1.5894351421204136,1,0,1,1,-0.6674168927062403,0.2985241478694439,0.0,0,0,0,0,1,0,0,1,0,0,0,1,0,0,0
-1.6349209195973837,0.16734796145474645,0,0,1,0,0.9211122111844136,-1.4709447454046127,0.0,0,0,0,0,1,1,0,0,0,0,0,0,0,0,1
0.2737548001024184,-1.6001154868963194,1,0,0,0,1.6431708947710744,-1.4709447454046127,0.0,0,0,1,0,0,1,0,0,0,0,0,0,0,0,1
0.6599882096938194,1.4074058130146494,0,0,0,0,-0.08976994583691159,0.2985241478694439,0.0,0,0,0,1,0,0,0,1,0,0,0,1,0,0,0
-1.5106329935573848,0.2652037111690998,1,0,1,0,-1.2450638395755689,-1.4709447454046127,0.0,0,0,0,0,1,0,0,0,1,0,0,0,0,0,1
-0.9860392817041223,-1.5593939786466184,1,0,1,0,0.48787700103241705,-1.4709447454046127,0.0,0,0,0,1,0,0,0,0,1,0,0,0,0,0,1
-1.2690181603737172,-1.4106018630881747,1,0,1,0,1.6431708947710744,-1.4709447454046127,0.0,0,0,0,0,1,1,0,0,0,0,0,0,0,0,1
-1.5162129966505757,-0.6108000637799604,0,0,0,0,0.3434652643150849,0.2985241478694439,0.0,0,0,0,1,0,0,0,1,0,0,0,1,0,0,0
0.6016359217080086,-0.16562191559038456,1,0,1,1,-0.3785934192715759,-1.4709447454046127,0.0,0,0,1,0,0,0,0,1,0,0,0,0,0,0,1
-0.5184448119738477,1.4744963080839597,1,0,0,0,1.4987591580537423,1.478170076718815,0.0,0,0,1,0,0,0,0,1,0,0,1,0,0,0,0
-0.5781711232777185,-0.9515970215809612,1,0,1,0,-0.8118286294235724,0.8883471122941295,0.0,0,0,1,0,0,0,0,1,0,0,0,0,1,0,0
1.7542526884633196,1.4717551057928069,0,0,1,0,-1.2450638395755689,-1.4709447454046127,0.0,0,0,1,0,0,0,1,0,0,0,0,0,0,0,1
-0.5888836104190321,0.28947800567188503,0,0,1,0,-0.5230051559889081,-1.4709447454046127,0.0,0,0,1,0,0,1,0,0,0,0,0,0,0,0,1
1.7228983853682478,1.0828750461677525,1,0,1,0,0.3434652643150849,-1.4709447454046127,0.0,0,0,0,1,0,0,0,0,1,0,0,0,0,0,1
-0.27789982900729565,-0.382461360980145,1,0,1,0,0.7767004744670813,-1.4709447454046127,0.0,0,0,1,0,0,0,0,1,0,0,0,0,0,0,1
1.5409679085779755,1.4915555512732395,1,0,1,0,0.3434652643150849,-0.8811217809799272,0.0,0,0,0,0,1,0,0,0,1,0,0,0,0,1,0
-1.6645900337883714,1.5355182295275738,1,0,1,0,-1.5338873130102333,-1.4709447454046127,0.0,0,0,0,0,1,0,0,0,1,0,0,0,0,0,1
1.6182908085836187,1.5408627119820222,0,0,0,0,-0.08976994583691159,0.8883471122941295,0.0,0,0,0,1,0,0,0,1,0,0,0,0,1,0,0
1.2945247644471298,0.07919848148831062,0,0,1,0,-0.8118286294235724,-0.29129881655524165,0.0,0,0,1,0,0,0,0,1,0,1,0,0,0,0,0
1.1061542088989271,0.3638352728526474,1,0,1,0,-0.08976994583691159,-0.8811217809799272,0.0,0,0,1,0,0,0,0,1,0,0,0,0,0,1,0
-0.25268143156920986,1.506304598820919,1,0,0,1,-0.3785934192715759,-0.8811217809799272,0.0,0,0,1,0,0,1,0,0,0,0,0,0,0,1,0
-0.9839869873333811,0.8330204914222861,1,0,1,1,-1.2450638395755689,0.8883471122941295,0.0,0,0,0,0,1,0,0,1,0,0,0,0,1,0,0
0.04434884586701003,-1.2128818726725543,1,0,0,0,0.9211122111844136,-0.8811217809799272,0.0,0,0,0,1,0,0,1,0,0,0,0,0,0,1,0
0.6974574409906399,-0.5760954083580098,1,0,1,0,-0.6674168927062403,0.2985241478694439,0.0,0,0,1,0,0,0,1,0,0,0,0,1,0,0,0
-0.7360159852127329,0.7285617198367913,1,0,0,0,-0.5230051559889081,-0.29129881655524165,0.0,0,0,0,0,1,0,0,0,1,1,0,0,0,0,0
0.8695320100617987,1.1912301178651998,0,0,1,0,-1.5338873130102333,0.8883471122941295,0.0,0,0,0,0,1,0,0,1,0,0,0,0,1,0,0
-1.4756460944636758,1.4528770145424166,1,0,1,1,-0.08976994583691159,0.8883471122941295,0.0,0,0,0,1,0,0,1,0,0,0,0,0,1,0,0
-0.3977615119921695,-1.483847133113092,1,0,0,0,1.0655239479017458,-0.29129881655524165,0.0,0,0,0,0,1,0,1,0,0,1,0,0,0,0,0
-1.588910367776337,1.5837047729475209,1,0,1,0,-0.5230051559889081,-0.29129881655524165,0.0,0,0,1,0,0,0,1,0,0,1,0,0,0,0,0
0.11584001331661206,-0.9036432217517727,1,0,0,0,0.05464179088042058,-0.8811217809799272,0.0,0,0,0,0,1,0,0,1,0,0,0,0,0,1,0
1.2371619131000242,1.4951070460655504,1,0,0,0,-1.2450638395755689,-1.4709447454046127,0.0,0,0,0,0,1,0,1,0,0,0,0,0,0,0,1
1.2841094579216814,-0.08902341383195034,1,0,1,0,-1.1006521028582368,1.478170076718815,0.0,0,0,1,0,0,1,0,0,0,0,1,0,0,0,0
1.6872786663748724,1.0140174238352777,1,0,1,0,-0.6674168927062403,-1.4709447454046127,0.0,0,0,0,1,0,0,0,1,0,0,0,0,0,0,1
-1.6602092418862613,-0.14722655178749242,1,0,1,0,1.6431708947710744,0.2985241478694439,0.0,0,0,0,0,1,0,1,0,0,0,0,1,0,0,0
0.22830015084516705,1.642700963138239,1,0,1,0,0.9211122111844136,0.2985241478694439,0.0,0,0,1,0,0,1,0,0,0,0,0,1,0,0,0
-1.4976444525227959,-0.7797632905374519,1,0,1,0,0.19905352759775274,-0.29129881655524165,0.0,0,0,1,0,0,0,0,0,1,1,0,0,0,0,0
0.9832857573300031,-1.2795586013582945,1,0,1,1,-1.389475576292901,0.2985241478694439,0.0,0,0,1,0,0,1,0,0,0,0,0,1,0,0,0
-0.08166272774500831,-0.731016438473087,1,0,1,0,-0.23418168255424376,0.8883471122941295,0.0,0,0,0,0,1,1,0,0,0,0,0,0,1,0,0
1.470326328065495,0.9126791403925414,1,0,1,0,-1.5338873130102333,0.2985241478694439,0.0,0,0,0,0,1,0,0,0,1,0,0,1,0,0,0
1.567472923270632,1.3895276571912203,1,0,0,0,-0.6674168927062403,-1.4709447454046127,0.0,0,0,1,0,0,0,0,0,1,0,0,0,0,0,1
-1.584442169810737,0.27605645860482675,1,0,1,0,-1.6782990497275654,0.8883471122941295,0.0,0,0,0,1,0,0,0,1,0,0,0,0,1,0,0
0.46890107369235273,0.7197864244519067,1,0,1,0,-0.6674168927062403,-0.29129881655524165,0.0,0,0,1,0,0,1,0,0,0,1,0,0,0,0,0
-0.7405226418462686,0.44490762363343406,0,0,1,0,-0.08976994583691159,1.478170076718815,0.0,0,0,0,0,1,1,0,0,0,0,1,0,0,0,0
1.60538967361252,1.698568045053208,1,0,1,0,-0.08976994583691159,-0.8811217809799272,0.0,0,0,1,0,0,1,0,0,0,0,0,0,0,1,0
1.519434550776621,0.42053850766774725,1,0,1,1,-0.08976994583691159,-0.29129881655524165,0.0,0,0,0,1,0,1,0,0,0,1,0,0,0,0,0
1.5649066812465706,1.0974947917205657,0,0,0,0,0.19905352759775274,1.478170076718815,0.0,0,0,0,1,0,0,0,0,1,0,1,0,0,0,0
-0.14693058347413407,1.480357998517871,1,0,1,0,-1.5338873130102333,-0.8811217809799272,0.0,0,0,0,0,1,0,0,0,1,0,0,0,0,1,0
-0.19086087098412288,1.0661002673671771,0,0,1,0,1.4987591580537423,1.478170076718815,0.0,0,0,0,0,1,0,1,0,0,0,1,0,0,0,0
-0.9278757908154497,-0.5571224956447175,0,0,0,0,-0.5230051559889081,0.8883471122941295,0.0,0,0,1,0,0,0,1,0,0,0,0,0,1,0,0
-0.6463198828594692,1.5471985097304413,0,0,1,0,-0.9562403661409046,-0.8811217809799272,0.0,0,0,1,0,0,0,1,0,0,0,0,0,0,1,0
0.9668918760618505,-0.9738973056287971,1,0,1,0,-0.5230051559889081,-0.8811217809799272,0.0,0,0,0,1,0,0,1,0,0,0,0,0,0,1,0
-0.9067759670890047,-1.007084817644324,0,0,0,0,0.6322887377497493,-0.8811217809799272,0.0,0,0,1,0,0,0,0,1,0,0,0,0,0,1,0
-0.668874143482385,1.5350527423460574,0,0,0,1,0.7767004744670813,1.478170076718815,0.0,0,0,1,0,0,0,1,0,0,0,1,0,0,0,0
-1.463636501340173,-1.527577067776668,1,0,1,0,0.05464179088042058,-0.8811217809799272,0.0,0,0,0,0,1,0,0,0,1,0,0,0,0,1,0
1.583527669012444,-1.3084619072772714,1,0,0,0,0.48787700103241705,-0.8811217809799272,0.0,0,0,0,1,0,0,0,1,0,0,0,0,0,1,0
-1.3159412314975976,-1.5329818911620536,1,0,0,1,-1.389475576292901,1.478170076718815,0.0,0,0,0,0,1,0,1,0,0,0,1,0,0,0,0
1.5286576385960682,0.5541678092949412,1,0,1,1,-0.23418168255424376,-1.4709447454046127,0.0,0,0,1,0,0,0,0,1,0,0,0,0,0,0,1
0.8639170445432118,0.9820798311034523,1,0,1,0,-0.9562403661409046,-0.29129881655524165,0.0,0,0,0,1,0,0,1,0,0,1,0,0,0,0,0
-1.453298112150596,-0.6934929995630639,0,1,0,0,-0.6674168927062403,-1.4709447454046127,0.0,0,0,0,1,0,1,0,0,0,0,0,0,0,0,1
-0.3940415099300424,-1.3851293700996339,0,0,1,0,0.7767004744670813,0.2985241478694439,0.0,0,0,1,0,0,0,1,0,0,0,0,1,0,0,0
-0.1798267295291666,-0.08971302447123417,0,0,1,0,1.35434742133641,0.2985241478694439,0.0,0,0,1,0,0,0,1,0,0,0,0,1,0,0,0
-0.5195391358887405,0.2332661184372745,1,0,0,0,-1.389475576292901,-0.8811217809799272,0.0,0,0,1,0,0,0,0,0,1,0,0,0,0,1,0
1.2690861037290497,-1.0911052539080486,1,0,1,0,-0.08976994583691159,1.478170076718815,0.0,0,0,1,0,0,0,0,1,0,0,1,0,0,0,0
-0.7333553446401025,-1.4341693066856944,1,0,1,0,-0.8118286294235724,-1.4709447454046127,0.0,0,0,0,0,1,0,0,1,0,0,0,0,0,0,1
1.1473329535302559,-1.116939792482213,1,0,1,0,0.48787700103241705,1.478170076718815,0.0,0,0,0,1,0,0,1,0,0,0,1,0,0,0,0
1.4238647609568411,-0.5216161678545993,1,0,0,0,-1.1006521028582368,-0.8811217809799272,0.0,0,0,1,0,0,0,0,1,0,0,0,0,0,1,0
-0.15125893173815047,-0.807201173847951,1,0,1,0,0.05464179088042058,-0.8811217809799272,0.0,0,0,0,0,1,1,0,0,0,0,0,0,0,1,0
1.361257545800345,-0.3711776068948658,1,1,1,0,0.48787700103241705,0.2985241478694439,0.0,0,0,1,0,0,0,1,0,0,0,0,1,0,0,0
1.2225021681315098,-0.5427958346135993,0,0,1,0,-0.5230051559889081,0.2985241478694439,0.0,0,0,1,0,0,0,1,0,0,0,0,1,0,0,0
-0.29232882196819665,0.3723950649127558,1,0,1,1,-0.6674168927062403,-0.29129881655524165,0.0,0,0,0,0,1,0,1,0,0,1,0,0,0,0,0
0.1391984097236341,1.254700157078271,1,0,1,1,0.3434652643150849,0.8883471122941295,0.0,0,0,0,0,1,0,0,0,1,0,0,0,1,0,0
1.6801952789896566,1.3503836332788808,1,0,1,0,0.3434652643150849,-0.8811217809799272,0.0,0,0,1,0,0,0,1,0,0,0,0,0,0,1,0
1.6599485384428723,-0.5567345896601206,1,0,1,0,-0.6674168927062403,-0.29129881655524165,0.0,0,0,0,1,0,0,0,0,1,1,0,0,0,0,0
-0.656413535071275,-0.45031042775266755,1,0,1,1,-0.23418168255424376,-0.8811217809799272,0.0,0,0,0,0,1,0,0,0,1,0,0,0,0,1,0
-0.8101957631752821,0.9906741036955253,0,0,1,1,0.9211122111844136,0.2985241478694439,0.0,0,0,0,0,1,0,1,0,0,0,0,1,0,0,0
-1.093045280870912,1.339237801321458,1,0,1,0,1.2099356846190779,-0.29129881655524165,0.0,0,0,1,0,0,0,0,0,1,1,0,0,0,0,0
-0.6861246041727378,1.5787050958127142,1,0,1,0,1.0655239479017458,1.478170076718815,0.0,0,0,0,0,1,0,0,1,0,0,1,0,0,0,0
1.2218868294445413,-1.6365872695814347,1,0,0,1,0.6322887377497493,1.478170076718815,0.0,0,0,0,0,1,0,1,0,0,0,1,0,0,0,0
-1.487788544803683,-0.4054081550023092,0,0,1,0,-0.9562403661409046,0.8883471122941295,0.0,0,0,1,0,0,0,1,0,0,0,0,0,1,0,0
-1.4594514990202798,1.339470544912216,1,0,1,0,1.0655239479017458,-0.8811217809799272,0.0,0,0,0,0,1,0,0,1,0,0,0,0,0,1,0
-1.308123633179067,-1.6603271158387751,1,0,1,0,0.05464179088042058,-0.8811217809799272,0.0,0,0,1,0,0,0,0,0,1,0,0,0,0,1,0
-0.034005445687813184,-0.6260145985091566,1,0,0,0,-1.1006521028582368,0.2985241478694439,0.0,0,0,1,0,0,0,0,0,1,0,0,1,0,0,0
1.40410399812306,-0.4059770837797181,0,0,0,0,0.19905352759775274,-0.29129881655524165,0.0,0,0,0,0,1,0,0,0,1,1,0,0,0,0,0
1.212135809001616,0.392842020367517,1,0,1,1,0.48787700103241705,0.2985241478694439,0.0,0,0,0,0,1,0,1,0,0,0,0,1,0,0,0
0.3353096462544962,-0.2116792861615432,1,0,1,0,-0.3785934192715759,1.478170076718815,0.0,0,0,1,0,0,0,0,1,0,0,1,0,0,0,0
1.2077165584315699,-0.937115198156004,1,0,0,1,-1.5338873130102333,-0.8811217809799272,0.0,0,0,1,0,0,1,0,0,0,0,0,0,0,1,0
1.3887589896167858,0.12769534969593518,1,0,0,0,0.19905352759775274,0.8883471122941295,0.0,0,0,0,0,1,0,0,1,0,0,0,0,1,0,0
0.7392794942492538,1.5546204442357314,1,0,0,0,0.19905352759775274,0.2985241478694439,0.0,0,0,1,0,0,0,1,0,0,0,0,1,0,0,0
-1.013502266852627,1.1548100559780308,1,0,0,0,1.2099356846190779,-0.8811217809799272,0.0,0,0,0,0,1,0,0,0,1,0,0,0,0,1,0
-0.5535960344669179,-1.2836617846620324,1,0,1,0,1.4987591580537423,0.8883471122941295,0.0,0,0,1,0,0,0,0,1,0,0,0,0,1,0,0
1.2959687126159816,1.7069640545864866,1,0,1,0,0.05464179088042058,-0.29129881655524165,0.0,0,0,1,0,0,1,0,0,0,1,0,0,0,0,0
0.25668264778158484,1.2415113536019706,0,0,0,0,0.9211122111844136,-0.29129881655524165,0.0,0,0,1,0,0,0,0,0,1,1,0,0,0,0,0
-1.0706029000092632,0.7792481018241415,0,0,1,0,-1.2450638395755689,-0.29129881655524165,0.0,0,0,0,0,1,0,1,0,0,1,0,0,0,0,0
-0.48753802792384376,-1.6738176239697622,0,0,1,0,-1.6782990497275654,0.8883471122941295,0.0,0,0,0,1,0,1,0,0,0,0,0,0,1,0,0
-0.7787190915913244,1.2580016680138415,1,0,0,0,1.35434742133641,-0.29129881655524165,0.0,0,0,0,1,0,0,0,0,1,1,0,0,0,0,0
-0.7911831962449741,-1.1909867348752976,1,0,0,1,-0.9562403661409046,-0.8811217809799272,0.0,0,0,1,0,0,0,0,1,0,0,0,0,0,1,0
-0.8704919620131065,0.32171730305839685,0,0,1,0,-0.23418168255424376,0.8883471122941295,0.0,0,0,0,0,1,0,1,0,0,0,0,0,1,0,0
1.0231778847067614,1.0829871078966355,1,0,1,0,-0.5230051559889081,-0.29129881655524165,0.0,0,0,0,1,0,0,0,1,0,1,0,0,0,0,0
-0.7870716150184125,1.1519395516920126,0,0,1,0,-1.5338873130102333,0.8883471122941295,0.0,0,0,0,1,0,0,1,0,0,0,0,0,1,0,0
-0.664766058498363,1.7122309558440152,0,0,1,0,-0.5230051559889081,0.2985241478694439,0.0,0,0,0,0,1,0,1,0,0,0,0,1,0,0,0
-1.3019912237646207,-1.6404663294274053,1,0,1,0,1.6431708947710744,-0.8811217809799272,0.0,0,0,1,0,0,1,0,0,0,0,0,0,0,1,0
0.9212729034052385,0.7925575871623165,1,0,1,0,1.35434742133641,0.8883471122941295,0.0,0,0,0,1,0,1,0,0,0,0,0,0,1,0,0
-0.10613642552216075,-1.2722314883159054,1,0,1,0,-0.6674168927062403,0.8883471122941295,0.0,0,0,0,0,1,1,0,0,0,0,0,0,1,0,0
-0.25737338905734397,-0.15196762493256769,1,0,0,0,0.48787700103241705,0.8883471122941295,0.0,0,0,1,0,0,0,1,0,0,0,0,0,1,0,0
-1.5594020807421705,-1.5410675759076549,1,0,1,0,1.6431708947710744,-1.4709447454046127,0.0,0,0,1,0,0,0,1,0,0,0,0,0,0,0,1
-1.1069113787829385,-0.0576719901435164,1,0,0,0,1.0655239479017458,1.478170076718815,0.0,0,0,1,0,0,0,0,0,1,0,1,0,0,0,0
1.415421335223723,-0.2220924068147266,1,1,1,1,1.35434742133641,-1.4709447454046127,0.0,0,0,0,1,0,0,1,0,0,0,0,0,0,0,1
0.7824371121579922,1.533147692955036,1,0,1,0,-0.8118286294235724,0.2985241478694439,0.0,0,0,1,0,0,0,0,1,0,0,0,1,0,0,0
-0.887280918688233,-1.5158450667758545,1,0,1,0,-0.5230051559889081,-0.29129881655524165,0.0,0,0,0,0,1,0,0,0,1,1,0,0,0,0,0
-0.1271593319127344,0.010633943677531342,0,0,0,1,1.35434742133641,1.478170076718815,0.0,0,0,1,0,0,0,0,1,0,0,1,0,0,0,0
-0.18487879999887868,1.2782762208087812,1,0,0,0,0.6322887377497493,-0.8811217809799272,0.0,0,0,0,1,0,0,1,0,0,0,0,0,0,1,0
0.968762365820533,0.07813820513041195,1,0,1,0,-1.2450638395755689,-0.29129881655524165,0.0,0,0,0,0,1,0,1,0,0,1,0,0,0,0,0
-1.1044884827030004,0.9210492895268471,1,0,1,0,0.19905352759775274,0.2985241478694439,0.0,0,0,0,0,1,0,1,0,0,0,0,1,0,0,0
0.9524034469777763,-0.12493488787264793,1,0,1,0,1.0655239479017458,0.2985241478694439,0.0,0,0,0,1,0,0,0,0,1,0,0,1,0,0,0
-1.2556170627194563,1.1038909303999218,0,0,1,0,1.0655239479017458,-0.8811217809799272,0.0,0,0,0,1,0,1,0,0,0,0,0,0,0,1,0
-1.069777786769919,-0.10797908627926053,1,0,1,0,0.3434652643150849,-1.4709447454046127,0.0,0,0,1,0,0,0,0,1,0,0,0,0,0,0,1
0.3898720073273879,-0.2770888552975994,1,0,0,0,1.6431708947710744,1.478170076718815,0.0,0,0,1,0,0,0,0,1,0,0,1,0,0,0,0
-0.39236680975357724,-1.6833514910578589,1,0,1,0,1.35434742133641,0.8883471122941295,0.0,0,0,1,0,0,1,0,0,0,0,0,0,1,0,0
-0.02508653096931084,-1.2686972337895768,1,0,0,0,-0.3785934192715759,0.2985241478694439,0.0,0,0,0,0,1,0,1,0,0,0,0,1,0,0,0
1.5936667723772644,0.4980076428582773,1,0,0,1,0.3434652643150849,0.2985241478694439,0.0,0,0,0,0,1,0,1,0,0,0,0,1,0,0,0
-0.04293135289139455,-1.5617645152191562,1,0,1,1,-1.5338873130102333,0.2985241478694439,0.0,0,0,0,1,0,0,0,1,0,0,0,1,0,0,0
-0.487940095815897,-1.0708479413790906,1,0,1,0,-1.6782990497275654,-0.29129881655524165,0.0,0,0,1,0,0,1,0,0,0,1,0,0,0,0,0
-1.545707298714584,-0.915151099294819,1,0,0,0,-0.6674168927062403,-1.4709447454046127,0.0,0,0,0,0,1,1,0,0,0,0,0,0,0,0,1
1.6891911110440296,-1.6317255145744847,0,1,1,0,0.6322887377497493,-0.29129881655524165,0.0,0,0,1,0,0,0,0,0,1,1,0,0,0,0,0
0.6941779654885014,0.44417491232919526,0,1,1,0,-0.9562403661409046,0.2985241478694439,0.0,0,0,0,1,0,0,0,0,1,0,0,1,0,0,0
-1.1843601435200073,-0.26451208126366366,1,0,1,1,1.0655239479017458,1.478170076718815,0.0,0,0,0,1,0,0,0,0,1,0,1,0,0,0,0
0.13797472483477646,0.8146509880183673,0,0,1,0,1.6431708947710744,-1.4709447454046127,0.0,0,0,1,0,0,0,0,0,1,0,0,0,0,0,1
1.150951564558735,1.6916460782613976,0,0,0,0,-0.3785934192715759,0.2985241478694439,0.0,0,0,1,0,0,1,0,0,0,0,0,1,0,0,0
1.4080862183756566,1.2404338369780898,1,0,0,0,0.7767004744670813,-0.8811217809799272,0.0,0,0,0,0,1,0,1,0,0,0,0,0,0,1,0
-0.39962500926577266,0.430753365262137,1,0,1,0,-1.1006521028582368,-1.4709447454046127,0.0,0,0,0,0,1,1,0,0,0,0,0,0,0,0,1
-1.1940097729292845,-0.3719189383320958,1,0,1,1,0.6322887377497493,-1.4709447454046127,0.0,0,0,0,0,1,0,1,0,0,0,0,0,0,0,1
-0.0664400877276195,1.1906698092207813,1,0,1,0,-1.6782990497275654,0.8883471122941295,0.0,0,0,1,0,0,1,0,0,0,0,0,0,1,0,0
1.7153465014827263,-0.5423906883630198,1,0,0,0,-1.6782990497275654,1.478170076718815,0.0,0,0,0,1,0,1,0,0,0,0,1,0,0,0,0
1.3244456081009686,1.444601686871012,1,1,0,0,-0.6674168927062403,-0.29129881655524165,0.0,0,0,0,0,1,0,0,1,0,1,0,0,0,0,0
-0.3944855327325707,-0.5820174397228582,1,0,0,1,-1.1006521028582368,-0.29129881655524165,0.0,0,0,1,0,0,1,0,0,0,1,0,0,0,0,0
0.011690444304669948,0.802039733452467,1,0,1,0,1.4987591580537423,0.2985241478694439,0.0,0,0,0,1,0,0,0,0,1,0,0,1,0,0,0
0.4226422886509949,-0.4823169815484208,1,0,1,0,1.35434742133641,-1.4709447454046127,0.0,0,0,0,1,0,0,1,0,0,0,0,0,0,0,1
0.21468927863853063,0.6827543331223733,1,0,1,0,1.35434742133641,1.478170076718815,0.0,0,0,0,1,0,0,0,1,0,0,1,0,0,0,0
-0.7118849192044606,1.645114600375732,1,0,1,0,-0.5230051559889081,-0.29129881655524165,0.0,0,0,0,0,1,1,0,0,0,1,0,0,0,0,0
-1.412007487758,-1.4340313845578376,0,0,0,0,-1.5338873130102333,-0.29129881655524165,0.0,0,0,0,1,0,0,0,1,0,1,0,0,0,0,0
-1.4152589933198219,-0.5515107890675464,1,0,1,0,1.35434742133641,-0.29129881655524165,0.0,0,0,0,1,0,0,0,1,0,1,0,0,0,0,0
0.31215752815731024,0.48043119168953435,0,1,0,0,-0.9562403661409046,-1.4709447454046127,0.0,0,0,1,0,0,0,0,1,0,0,0,0,0,0,1
1.526465494523743,1.1664386153829516,1,0,0,0,-0.3785934192715759,-0.8811217809799272,0.0,0,0,0,1,0,1,0,0,0,0,0,0,0,1,0
-0.41436516781269755,1.2173836013600332,0,0,1,0,1.35434742133641,-1.4709447454046127,0.0,0,0,0,0,1,1,0,0,0,0,0,0,0,0,1
1.3017340165637707,-1.5675055237911926,1,0,1,0,-1.1006521028582368,-0.8811217809799272,0.0,0,0,0,1,0,0,0,1,0,0,0,0,0,1,0
1.409967196861958,1.5702056446835424,1,0,0,0,-1.6782990497275654,0.8883471122941295,0.0,0,0,0,0,1,0,0,0,1,0,0,0,1,0,0
-1.621981325958349,-0.7938830683767848,1,0,1,0,-0.23418168255424376,-1.4709447454046127,0.0,0,0,0,0,1,1,0,0,0,0,0,0,0,0,1
-0.2924127317891471,-0.2711495836667689,1,0,1,0,0.9211122111844136,-0.29129881655524165,0.0,0,0,0,0,1,0,0,1,0,1,0,0,0,0,0
0.6481464362122173,0.1245145206222392,0,0,0,0,1.0655239479017458,0.8883471122941295,0.0,0,0,0,0,1,0,0,0,1,0,0,0,1,0,0
0.08200337801842911,0.4962060350631486,1,0,1,0,-1.1006521028582368,-0.29129881655524165,0.0,0,0,0,1,0,0,0,0,1,1,0,0,0,0,0
-0.05926579803637409,0.2994773599414982,1,0,1,0,0.19905352759775274,-0.8811217809799272,0.0,0,0,0,0,1,0,0,0,1,0,0,0,0,1,0
0.20518299517337682,-0.2196098085133053,1,0,1,1,-1.5338873130102333,-0.29129881655524165,0.0,0,0,1,0,0,1,0,0,0,1,0,0,0,0,0
0.4342113552145089,-0.8266137133437864,1,0,1,0,-1.1006521028582368,-1.4709447454046127,0.0,0,0,0,0,1,0,0,0,1,0,0,0,0,0,1
-0.166509541695856,-1.1142330707230248,0,1,1,0,-0.3785934192715759,-1.4709447454046127,0.0,0,0,0,0,1,0,1,0,0,0,0,0,0,0,1
-1.5515739936960211,1.7185667535924343,1,0,1,1,-0.23418168255424376,0.2985241478694439,0.0,0,0,0,0,1,0,1,0,0,0,0,1,0,0,0
1.4505725577167934,0.8332446148800531,0,0,1,1,-0.08976994583691159,-1.4709447454046127,0.0,0,0,1,0,0,1,0,0,0,0,0,0,0,0,1
0.5226278327982815,0.9727787076061138,0,0,1,0,1.2099356846190779,-1.4709447454046127,0.0,0,0,1,0,0,0,0,1,0,0,0,0,0,0,1
0.167486508111483,-0.8078907844872344,1,1,1,1,-1.2450638395755689,-0.29129881655524165,0.0,0,0,0,0,1,0,1,0,0,1,0,0,0,0,0
-1.689175611326791,0.7595855784715658,1,0,1,0,-1.6782990497275654,0.8883471122941295,0.0,0,0,1,0,0,0,1,0,0,0,0,0,1,0,0
0.211696495024639,0.5351776563156673,1,0,1,1,0.7767004744670813,-0.8811217809799272,0.0,0,0,1,0,0,0,0,1,0,0,0,0,0,1,0
1.2472380840991317,1.1854373884952167,1,0,1,0,-1.1006521028582368,-0.8811217809799272,0.0,0,0,0,1,0,0,0,0,1,0,0,0,0,1,0
-0.12585173720292664,0.24855823436339017,1,0,1,0,-1.5338873130102333,-0.8811217809799272,0.0,0,0,0,0,1,0,1,0,0,0,0,0,0,1,0
0.8109839324937709,-0.7262581250620297,1,0,0,1,-1.6782990497275654,-1.4709447454046127,0.0,0,0,0,0,1,0,0,1,0,0,0,0,0,0,1
-0.46591726405899947,0.6133191618794986,0,0,1,1,0.6322887377497493,-0.29129881655524165,0.0,0,0,0,1,0,0,0,0,1,1,0,0,0,0,0
0.30767534522155154,-1.6028566891874723,1,1,0,1,-1.389475576292901,0.8883471122941295,0.0,0,0,1,0,0,0,0,0,1,0,0,0,1,0,0
0.3140874540391655,-1.4963032252851534,1,0,1,1,-0.6674168927062403,0.8883471122941295,0.0,0,0,1,0,0,1,0,0,0,0,0,0,1,0,0
-0.09780487955031017,-0.7488170130995969,1,1,1,1,0.6322887377497493,-0.8811217809799272,0.0,0,0,0,0,1,0,1,0,0,0,0,0,0,1,0
0.9924389202986582,-0.5989042802523169,1,1,0,0,-1.2450638395755689,0.2985241478694439,0.0,0,0,0,0,1,0,1,0,0,0,0,1,0,0,0
1.1249884674597157,-1.6098993378411566,1,0,1,0,-1.2450638395755689,-1.4709447454046127,0.0,0,0,0,1,0,0,0,0,1,0,0,0,0,0,1
0.8695320100617987,-0.8436212357351198,0,0,0,0,-1.2450638395755689,0.2985241478694439,0.0,0,0,0,1,0,0,0,0,1,0,0,1,0,0,0
-1.519286193842878,-1.4672619972383196,1,0,1,0,0.48787700103241705,-0.29129881655524165,0.0,0,0,0,1,0,0,1,0,0,1,0,0,0,0,0
-0.3871783858248209,0.9689599886910802,1,0,1,0,-1.2450638395755689,0.8883471122941295,0.0,0,0,0,0,1,0,1,0,0,0,0,0,1,0,0
0.30708098398982075,0.6720050272825393,1,0,1,0,-1.2450638395755689,0.2985241478694439,0.0,0,0,0,0,1,0,1,0,0,0,0,1,0,0,0
0.6539956499809566,1.6753885074402852,1,0,0,0,1.0655239479017458,-0.8811217809799272,0.0,0,0,0,1,0,0,1,0,0,0,0,0,0,1,0
0.15113807799634507,-0.29228614976081346,0,0,0,1,0.9211122111844136,0.2985241478694439,0.0,0,0,1,0,0,1,0,0,0,0,0,1,0,0,0
0.992655687336113,-1.086105576773242,1,0,0,1,-1.1006521028582368,-0.29129881655524165,0.0,0,0,1,0,0,0,1,0,0,1,0,0,0,0,0
1.6846145295597021,1.2355031209072114,1,0,1,1,-1.1006521028582368,-0.8811217809799272,0.0,0,0,0,0,1,1,0,0,0,0,0,0,0,1,0
0.8364190969693114,1.291413303487135,1,0,1,0,1.6431708947710744,-0.8811217809799272,0.0,0,0,0,1,0,0,0,1,0,0,0,0,0,1,0
-0.3622431840324421,-1.051219898558479,1,0,1,0,1.6431708947710744,-1.4709447454046127,0.0,0,0,0,1,0,1,0,0,0,0,0,0,0,0,1
-0.31397755577335795,-1.1985983123063912,1,0,1,1,1.2099356846190779,1.478170076718815,0.0,0,0,1,0,0,0,1,0,0,0,1,0,0,0,0
1.5104771773901835,0.11817010274082929,1,0,1,0,0.3434652643150849,-0.8811217809799272,0.0,0,0,0,0,1,1,0,0,0,0,0,0,0,1,0
-1.1781613054973084,0.05055377955906498,1,0,1,0,1.2099356846190779,0.2985241478694439,0.0,0,0,1,0,0,0,0,1,0,0,0,1,0,0,0
0.4768340480146896,-0.407408025856232,1,0,1,0,-0.8118286294235724,-1.4709447454046127,0.0,0,0,0,1,0,1,0,0,0,0,0,0,0,0,1
-0.5294789534288039,0.2020870974086613,1,0,1,1,1.0655239479017458,0.8883471122941295,0.0,0,0,1,0,0,1,0,0,0,0,0,0,1,0,0
0.8976697700204447,-1.4324970008854314,1,0,0,0,0.9211122111844136,-0.29129881655524165,0.0,0,0,0,0,1,0,1,0,0,1,0,0,0,0,0
-1.5526123777302805,-1.4427549591447761,1,0,1,0,-1.6782990497275654,0.8883471122941295,0.0,0,0,0,1,0,0,0,0,1,0,0,0,1,0,0
0.8843490859445944,0.02534851069324688,1,1,0,0,0.19905352759775274,0.2985241478694439,0.0,0,0,1,0,0,0,1,0,0,0,0,1,0,0,0
-0.5770278519672715,0.7192950768714169,1,0,1,0,-0.3785934192715759,-1.4709447454046127,0.0,0,0,0,1,0,0,0,0,1,0,0,0,0,0,1
0.08447172525138173,0.8418388874721261,1,0,1,0,-0.6674168927062403,0.8883471122941295,0.0,0,0,0,1,0,1,0,0,0,0,0,0,1,0,0
-1.540186731744566,-0.9185732920922642,1,0,1,0,0.9211122111844136,0.2985241478694439,0.0,0,0,0,1,0,1,0,0,0,0,0,1,0,0,0
1.6647663606624314,-0.7186810281629004,1,0,0,0,0.19905352759775274,0.2985241478694439,0.0,0,0,0,1,0,0,0,1,0,0,0,1,0,0,0
-1.594693152936824,-1.0338675708475036,1,0,1,1,0.6322887377497493,0.2985241478694439,0.0,0,0,0,1,0,0,1,0,0,0,0,1,0,0,0
1.634191719653689,-1.535473109596466,1,0,1,1,-0.5230051559889081,-0.29129881655524165,0.0,0,0,0,0,1,0,1,0,0,1,0,0,0,0,0
0.8332619899560585,0.8426405598402932,1,0,0,0,1.0655239479017458,0.2985241478694439,0.0,0,0,0,1,0,0,0,0,1,0,0,1,0,0,0
-1.5157305151801117,-0.03320805271492796,1,0,1,0,1.2099356846190779,1.478170076718815,0.0,0,0,0,1,0,0,1,0,0,0,1,0,0,0,0
1.4086386246969123,1.181161802531658,1,0,1,0,-1.5338873130102333,-0.8811217809799272,0.0,0,0,0,0,1,0,0,0,1,0,0,0,0,1,0
-0.06523738029399927,-1.0494527712953146,0,0,1,0,-1.6782990497275654,0.2985241478694439,0.0,0,0,0,1,0,1,0,0,0,0,0,1,0,0,0
-0.6535431199462689,0.39308338409126603,1,0,0,0,0.9211122111844136,0.8883471122941295,0.0,0,0,0,0,1,1,0,0,0,0,0,0,1,0,0
-1.2956700172530362,0.010349479288826888,1,0,1,0,-0.08976994583691159,-0.29129881655524165,0.0,0,0,1,0,0,1,0,0,0,1,0,0,0,0,0
-0.23531559487505035,-1.2604477665171459,1,0,1,0,0.9211122111844136,-1.4709447454046127,0.0,0,0,0,1,0,0,0,0,1,0,0,0,0,0,1
-0.9189393948842495,0.3416125700017308,0,1,0,0,-0.3785934192715759,-0.8811217809799272,0.0,0,0,0,1,0,0,0,0,1,0,0,0,0,1,0
-1.2801711740750195,0.059079091087209684,1,0,1,0,-0.5230051559889081,1.478170076718815,0.0,0,0,0,0,1,0,0,0,1,0,1,0,0,0,0
0.6529327922489202,-0.9875602164196048,1,0,1,1,-0.23418168255424376,-1.4709447454046127,0.0,0,0,0,1,0,0,1,0,0,0,0,0,0,0,1
0.5073282754450216,-1.364682414644873,1,0,1,1,-0.23418168255424376,-0.29129881655524165,0.0,0,0,1,0,0,1,0,0,0,1,0,0,0,0,0
-0.9645059239027677,1.444024137960612,1,0,1,0,0.9211122111844136,-0.8811217809799272,0.0,0,0,1,0,0,1,0,0,0,0,0,0,0,1,0
1.7528821613877992,0.02755526473895459,1,0,1,0,-0.9562403661409046,1.478170076718815,0.0,0,0,0,0,1,0,1,0,0,0,1,0,0,0,0
-0.5384363268152418,-0.15393301525452632,1,0,1,0,-0.08976994583691159,1.478170076718815,0.0,0,0,0,0,1,0,1,0,0,0,1,0,0,0,0
0.7164175642828536,1.6080738889132073,1,0,0,0,0.48787700103241705,0.2985241478694439,0.0,0,0,0,0,1,0,1,0,0,0,0,1,0,0,0
1.4437234185817303,0.7785326307858847,1,0,1,1,1.35434742133641,0.8883471122941295,0.0,0,0,0,1,0,0,0,0,1,0,0,0,1,0,0
-1.0195507664461232,1.5683178355585037,1,0,1,0,0.05464179088042058,0.2985241478694439,0.0,0,0,0,0,1,0,1,0,0,0,0,1,0,0,0
0.28416661038532687,1.3250145818862324,1,0,0,0,0.3434652643150849,0.8883471122941295,0.0,0,0,0,0,1,0,1,0,0,0,0,0,1,0,0
0.3303379893631949,-0.39079702958248647,0,0,0,0,1.35434742133641,-1.4709447454046127,0.0,0,0,1,0,0,0,0,1,0,0,0,0,0,0,1
-1.1733155133374324,0.8134441693996207,1,0,1,0,0.19905352759775274,1.478170076718815,0.0,0,0,1,0,0,0,0,1,0,0,1,0,0,0,0
0.5709004535424448,-0.10716017364511134,1,0,1,0,-0.08976994583691159,0.8883471122941295,0.0,0,0,0,1,0,0,0,1,0,0,0,0,1,0,0
0.23257955171362907,0.18588986751848605,1,0,1,1,0.19905352759775274,0.8883471122941295,0.0,0,0,0,1,0,1,0,0,0,0,0,0,1,0,0
-0.8260092681818622,-0.21607555398697653,1,0,1,0,0.7767004744670813,-0.8811217809799272,0.0,0,0,1,0,0,0,0,1,0,0,0,0,0,1,0
-1.3331357523073168,0.20122508410955672,1,0,0,0,-1.6782990497275654,-0.8811217809799272,0.0,0,0,0,1,0,0,0,1,0,0,0,0,0,1,0
0.9553682606513513,-1.150497970216355,1,0,1,0,0.9211122111844136,-0.8811217809799272,0.0,0,0,1,0,0,0,0,1,0,0,0,0,0,1,0
0.4126849898982336,-0.7468171422456741,1,0,1,0,-1.1006521028582368,0.2985241478694439,0.0,0,0,0,1,0,0,0,0,1,0,0,1,0,0,0
-0.23801819035815608,-0.6865020717073259,1,0,0,0,-0.8118286294235724,0.8883471122941295,0.0,0,0,0,0,1,1,0,0,0,0,0,0,1,0,0
0.8767132922381231,-1.3987836607574509,0,0,1,0,-0.3785934192715759,0.2985241478694439,0.0,0,0,0,0,1,0,0,0,1,0,0,1,0,0,0
1.5701825112388168,-0.07604149354743522,1,0,0,0,0.19905352759775274,0.8883471122941295,0.0,0,0,0,0,1,0,0,0,1,0,0,0,1,0,0
-1.4701220312511185,0.46453566645404565,1,0,0,0,-0.6674168927062403,-0.8811217809799272,0.0,0,0,0,1,0,1,0,0,0,0,0,0,0,1,0
0.26298986932301094,0.8685095789464222,1,0,1,0,0.9211122111844136,-0.29129881655524165,0.0,0,0,0,1,0,0,0,1,0,1,0,0,0,0,0
-0.11693981496950363,-0.658572840816337,0,0,1,1,0.9211122111844136,0.2985241478694439,0.0,0,0,1,0,0,0,0,0,1,0,0,1,0,0,0
-0.6000610978181116,0.351973969856968,1,0,1,0,1.6431708947710744,0.2985241478694439,0.0,0,0,0,1,0,0,1,0,0,0,0,1,0,0,0
-0.24687067646840596,-0.03639750192161519,1,0,1,1,1.35434742133641,-0.8811217809799272,0.0,0,0,0,1,0,0,0,0,1,0,0,0,0,1,0
0.946732541578556,-0.9133150109677263,1,0,1,0,0.6322887377497493,-1.4709447454046127,0.0,0,0,0,1,0,1,0,0,0,0,0,0,0,0,1
-1.0110339196196743,-0.45624107925050683,1,0,1,0,-1.2450638395755689,0.2985241478694439,0.0,0,0,1,0,0,0,0,0,1,0,0,1,0,0,0
1.6770311794913242,-1.388301579040339,1,0,1,0,0.05464179088042058,-1.4709447454046127,0.0,0,0,0,0,1,1,0,0,0,0,0,0,0,0,1
0.9638396563247857,-1.3326327601841643,1,0,1,0,0.6322887377497493,-1.4709447454046127,0.0,0,0,1,0,0,0,0,1,0,0,0,0,0,0,1
0.1227905434853234,-1.0787439831988885,1,0,0,0,1.35434742133641,-0.8811217809799272,0.0,0,0,1,0,0,0,1,0,0,0,0,0,0,1,0
-0.3011183757127341,-1.2038307330319562,1,0,0,0,1.2099356846190779,-1.4709447454046127,0.0,0,0,1,0,0,0,0,0,1,0,0,0,0,0,1
0.09477165577302334,0.1711580602367888,0,0,0,0,0.19905352759775274,0.8883471122941295,0.0,0,0,0,0,1,0,1,0,0,0,0,0,1,0,0
1.5896775596395885,-0.1821553306672109,0,0,1,1,0.05464179088042058,-1.4709447454046127,0.0,0,0,0,0,1,0,0,1,0,0,0,0,0,0,1
1.6082985474054614,-0.4415523726337646,1,0,1,0,0.6322887377497493,-1.4709447454046127,0.0,0,0,0,1,0,0,0,0,1,0,0,0,0,0,1
-0.5497641526435236,0.033529016901749274,0,1,1,0,-0.23418168255424376,-0.8811217809799272,0.0,0,0,1,0,0,0,1,0,0,0,0,0,0,1,0
-0.1956507232633655,0.008461670163787783,1,0,1,0,1.35434742133641,0.2985241478694439,0.0,0,0,0,1,0,1,0,0,0,0,0,1,0,0,0
-1.740091391430887,-0.012726616728203043,1,0,0,0,0.48787700103241705,-0.8811217809799272,0.0,0,0,1,0,0,0,0,1,0,0,0,0,0,1,0
-0.8349456641130624,-1.3397874705667325,1,0,0,0,-0.23418168255424376,0.2985241478694439,0.0,0,0,0,0,1,0,0,1,0,0,0,1,0,0,0
-0.026464050529910743,-1.6833514910578589,1,0,0,0,1.6431708947710744,1.478170076718815,0.0,0,0,1,0,0,0,0,0,1,0,1,0,0,0,0
1.4768887753123117,-1.237578553691901,1,0,1,1,-0.9562403661409046,-0.8811217809799272,0.0,0,0,0,0,1,0,0,0,1,0,0,0,0,1,0
0.4605730239630418,0.25897997514956445,1,0,0,0,0.48787700103241705,-1.4709447454046127,0.0,0,0,0,1,0,0,0,1,0,0,0,0,0,0,1
-1.3480122643132861,0.7109594082690759,1,0,1,0,-0.8118286294235724,0.8883471122941295,0.0,0,0,0,0,1,0,1,0,0,0,0,0,1,0,0
-0.7832537181651769,-1.267231811181099,1,0,1,0,0.6322887377497493,0.2985241478694439,0.0,0,0,1,0,0,0,0,1,0,0,0,1,0,0,0
0.1378104014354158,0.8870170044781976,1,0,1,0,1.6431708947710744,0.2985241478694439,0.0,0,0,0,0,1,0,1,0,0,0,0,1,0,0,0
0.5928079092955358,0.6571266777399938,0,0,1,0,-1.1006521028582368,-1.4709447454046127,0.0,0,0,0,0,1,0,0,1,0,0,0,0,0,0,1
-0.508774205109333,-1.3296588143022536,1,0,1,0,-0.9562403661409046,1.478170076718815,0.0,0,0,0,0,1,0,1,0,0,0,1,0,0,0,0
-0.7827992066350297,-0.23923785133391687,1,0,1,1,-1.389475576292901,-1.4709447454046127,0.0,0,0,0,0,1,1,0,0,0,0,0,0,0,0,1
0.47249171478051477,0.09168905419233636,1,0,1,0,-0.5230051559889081,-0.29129881655524165,0.0,0,0,0,1,0,0,0,1,0,1,0,0,0,0,0
-0.961537613986653,1.028430286196306,1,0,1,0,1.0655239479017458,-0.8811217809799272,0.0,0,0,0,1,0,0,0,0,1,0,0,0,0,1,0
-0.5265770721209416,1.2086772670390766,1,0,1,0,0.48787700103241705,-0.29129881655524165,0.0,0,0,1,0,0,1,0,0,0,1,0,0,0,0,0
1.5898978229195826,0.4597342523780333,1,0,0,0,1.4987591580537423,0.2985241478694439,0.0,0,0,1,0,0,0,0,0,1,0,0,1,0,0,0
0.44954587499316484,0.1305830942479355,1,1,1,0,-0.8118286294235724,1.478170076718815,0.0,0,0,0,1,0,0,1,0,0,0,1,0,0,0,0
1.410215430082269,1.724945652005808,0,0,1,0,1.35434742133641,0.2985241478694439,0.0,0,0,0,1,0,0,0,0,1,0,0,1,0,0,0
0.15973883464374417,-0.4215278036955649,1,0,1,0,-1.2450638395755689,-1.4709447454046127,0.0,0,0,1,0,0,1,0,0,0,0,0,0,0,0,1
-0.12131011814399513,0.35017236206183966,0,0,1,0,-0.6674168927062403,-0.8811217809799272,0.0,0,0,0,0,1,0,0,0,1,0,0,0,0,1,0
1.1300999740526008,0.47974158105025094,1,0,1,0,0.7767004744670813,1.478170076718815,0.0,0,0,1,0,0,0,1,0,0,0,1,0,0,0,0
1.7357610616714114,0.6051645160699691,1,0,1,0,-1.5338873130102333,0.8883471122941295,0.0,0,0,1,0,0,0,0,1,0,0,0,0,1,0,0
0.6872414202899484,-0.6711840953822373,1,0,0,0,0.9211122111844136,-0.8811217809799272,0.0,0,0,1,0,0,0,0,1,0,0,0,0,0,1,0
1.7410194104509593,-0.03837151237656468,1,0,1,1,-0.6674168927062403,0.2985241478694439,0.0,0,0,0,0,1,1,0,0,0,0,0,1,0,0,0
-1.6220932057196165,-0.6686497762828698,1,0,1,0,-0.08976994583691159,-0.8811217809799272,0.0,0,0,0,1,0,0,0,1,0,0,0,0,0,1,0
1.0643076819425359,0.47272479279553925,0,0,1,0,-0.9562403661409046,0.8883471122941295,0.0,0,0,1,0,0,1,0,0,0,0,0,0,1,0,0
1.6742446741872687,0.6167154942779705,1,0,1,0,-0.3785934192715759,-0.29129881655524165,0.0,0,0,0,1,0,0,0,0,1,1,0,0,0,0,0
0.964902514056822,1.6582947837190412,1,0,0,1,-1.389475576292901,-0.8811217809799272,0.0,0,0,0,1,0,0,1,0,0,0,0,0,0,1,0
-0.0023224957940195935,0.011564918040564238,1,0,0,0,-0.23418168255424376,1.478170076718815,0.0,0,0,0,1,0,0,0,1,0,0,1,0,0,0,0
-1.5690202439685914,1.5083820508717616,1,0,1,0,-0.8118286294235724,0.2985241478694439,0.0,0,0,0,1,0,0,0,1,0,0,0,1,0,0,0
-0.6702132043750493,0.6593506720516836,0,0,1,1,1.0655239479017458,0.2985241478694439,0.0,0,0,0,0,1,0,1,0,0,0,0,1,0,0,0
0.6749870901886742,0.132332981245118,1,0,1,1,1.6431708947710744,-0.29129881655524165,0.0,0,0,0,0,1,1,0,0,0,1,0,0,0,0,0
-0.6234894190759257,0.04986416891978154,1,0,1,1,-0.23418168255424376,-0.29129881655524165,0.0,0,0,0,0,1,0,0,0,1,1,0,0,0,0,0
-1.5754218640585864,-0.7830820417390045,1,0,0,0,0.7767004744670813,-0.8811217809799272,0.0,0,0,1,0,0,0,0,1,0,0,0,0,0,1,0
0.6731235929150711,-0.42711364987376266,1,0,0,0,-0.8118286294235724,0.2985241478694439,0.0,0,0,1,0,0,0,1,0,0,0,0,1,0,0,0
0.31558034960357195,1.624736605984899,1,0,1,1,-0.5230051559889081,1.478170076718815,0.0,0,0,0,0,1,1,0,0,0,0,1,0,0,0,0
0.4984932705474697,1.4443344627482901,0,0,1,0,-0.9562403661409046,-1.4709447454046127,0.0,0,0,0,1,0,1,0,0,0,0,0,0,0,0,1
-0.10755939623577508,0.6471618040023448,1,1,0,1,-1.389475576292901,-0.29129881655524165,0.0,0,0,0,0,1,0,0,1,0,1,0,0,0,0,0
1.6226681042431896,0.6876419485282964,0,0,1,0,1.35434742133641,0.2985241478694439,0.0,0,0,1,0,0,1,0,0,0,0,0,1,0,0,0
-0.9211035690162577,0.9227991765240295,0,0,0,0,0.9211122111844136,1.478170076718815,0.0,0,0,1,0,0,0,1,0,0,0,1,0,0,0,0
0.020490486776826074,1.168740190891561,1,0,1,0,-1.1006521028582368,1.478170076718815,0.0,0,0,1,0,0,0,0,0,1,0,1,0,0,0,0
0.17811858167438588,0.07163000472217251,0,0,1,0,0.19905352759775274,0.8883471122941295,0.0,0,0,1,0,0,0,0,0,1,0,0,0,1,0,0
-0.009217086082097484,0.8262536870243151,0,0,0,1,0.19905352759775274,0.2985241478694439,0.0,0,0,0,0,1,0,0,0,1,0,0,1,0,0,0
0.9201645945201874,-0.7012683595209873,1,0,1,0,-0.8118286294235724,-0.29129881655524165,0.0,0,0,0,0,1,0,0,0,1,1,0,0,0,0,0
0.2089834108139146,-0.37033283386174326,0,0,1,0,1.0655239479017458,0.2985241478694439,0.0,0,0,0,1,0,0,1,0,0,0,0,1,0,0,0
1.3668025864681401,1.4356281284273336,1,0,0,0,-0.6674168927062403,-0.8811217809799272,0.0,0,0,0,0,1,0,0,0,1,0,0,0,0,1,0
1.7152835691170134,1.0194394874866455,1,0,1,0,1.6431708947710744,0.8883471122941295,0.0,0,0,0,0,1,0,0,1,0,0,0,0,1,0,0
-0.43880739940699376,-1.0164635223385816,0,0,0,1,1.0655239479017458,-0.8811217809799272,0.0,0,0,0,0,1,0,1,0,0,0,0,0,0,1,0
-0.7756633756117199,1.3276782029804657,1,0,0,0,1.2099356846190779,0.8883471122941295,0.0,0,0,0,0,1,0,0,0,1,0,0,0,1,0,0
-1.1680991194683592,0.7954453317143168,1,0,1,1,-0.3785934192715759,-0.29129881655524165,0.0,0,0,1,0,0,0,1,0,0,1,0,0,0,0,0
1.483311372857544,1.0954345799357064,0,0,1,0,-1.6782990497275654,-0.8811217809799272,0.0,0,0,0,1,0,0,1,0,0,0,0,0,0,1,0
1.5218119957035445,1.3042055808458473,1,0,0,0,0.6322887377497493,0.8883471122941295,0.0,0,0,1,0,0,0,0,1,0,0,0,0,1,0,0
-1.7302214987416153,1.529578957896743,1,0,1,0,0.19905352759775274,0.8883471122941295,0.0,0,0,0,1,0,0,0,0,1,0,0,0,1,0,0
0.4067868287339399,-0.2878812618023889,1,0,1,0,-1.6782990497275654,-0.29129881655524165,0.0,0,0,0,1,0,0,0,0,1,1,0,0,0,0,0
-1.6832040290691659,-1.4763303771449,1,0,1,0,0.7767004744670813,-0.8811217809799272,0.0,0,0,1,0,0,1,0,0,0,0,0,0,0,1,0
0.0066768325028932415,0.5876311655661817,1,0,0,0,-0.23418168255424376,-0.29129881655524165,0.0,0,0,0,0,1,0,0,0,1,1,0,0,0,0,0
-0.4790666322504096,-0.05120689040023195,1,0,0,0,0.9211122111844136,-0.29129881655524165,0.0,0,0,0,1,0,0,0,0,1,1,0,0,0,0,0
-0.21962795459989568,-0.36760887183657287,0,0,1,0,-0.8118286294235724,1.478170076718815,0.0,0,0,0,0,1,0,1,0,0,0,1,0,0,0,0
1.6984141988634762,-1.2576289830290739,1,0,1,0,-1.1006521028582368,-0.8811217809799272,0.0,0,0,0,1,0,1,0,0,0,0,0,0,0,1,0
-0.3602573182699532,1.0941156995880765,1,0,0,0,0.3434652643150849,-0.29129881655524165,0.0,0,0,0,1,0,0,1,0,0,1,0,0,0,0,0
1.256656961500796,1.4094660247995097,1,0,1,0,0.19905352759775274,-0.8811217809799272,0.0,0,0,0,0,1,0,0,0,1,0,0,0,0,1,0
-1.10096776646563,-1.017265194706749,1,1,1,0,1.0655239479017458,-0.29129881655524165,0.0,0,0,1,0,0,0,0,1,0,1,0,0,0,0,0
0.16138206863735324,1.3536161831505231,1,0,1,0,0.48787700103241705,1.478170076718815,0.0,0,0,0,1,0,0,1,0,0,0,1,0,0,0,0
1.5394820054986484,-1.2510173410249414,1,0,1,0,-1.389475576292901,-0.8811217809799272,0.0,0,0,0,1,0,0,1,0,0,0,0,0,0,1,0
0.14976055843574518,0.563658575718083,1,0,1,0,1.4987591580537423,0.8883471122941295,0.0,0,0,0,0,1,1,0,0,0,0,0,0,1,0,0
0.8496348937689735,-0.31507778138913894,1,0,1,0,-0.23418168255424376,-1.4709447454046127,0.0,0,0,1,0,0,1,0,0,0,0,0,0,0,0,1
0.10710989569524774,-1.6693782554793735,0,0,0,0,1.2099356846190779,-0.8811217809799272,0.0,0,0,0,0,1,0,1,0,0,0,0,0,0,1,0
-0.8491334163387315,1.254881179871083,1,0,1,0,1.6431708947710744,1.478170076718815,0.0,0,0,1,0,0,0,0,0,1,0,1,0,0,0,0
-0.035078792147468195,-0.08941993994953848,1,0,1,1,0.7767004744670813,0.2985241478694439,0.0,0,0,1,0,0,0,0,1,0,0,0,1,0,0,0
-1.1800143140432928,1.5002187849292408,0,0,1,0,1.0655239479017458,0.2985241478694439,0.0,0,0,0,0,1,1,0,0,0,0,0,1,0,0,0
1.6212136673467188,-0.7992534112302064,1,0,0,0,1.6431708947710744,0.8883471122941295,0.0,0,0,0,1,0,0,0,1,0,0,0,0,1,0,0
0.5688201892313869,1.0640486757153083,1,0,1,1,-0.8118286294235724,0.8883471122941295,0.0,0,0,0,1,0,1,0,0,0,0,0,0,1,0,0
-1.004915495175386,-1.5115694808122957,1,0,1,0,0.48787700103241705,0.2985241478694439,0.0,0,0,0,1,0,0,0,1,0,0,0,1,0,0,0
0.46253791227029317,1.7156531486414608,0,0,1,1,1.6431708947710744,0.8883471122941295,0.0,0,0,0,0,1,1,0,0,0,0,0,0,1,0,0
1.4070303531286994,1.6029880104484906,1,0,1,0,1.6431708947710744,0.2985241478694439,0.0,0,0,0,0,1,1,0,0,0,0,0,1,0,0,0
1.1090351127515519,-0.44483664330335304,1,0,1,0,-1.5338873130102333,-0.29129881655524165,0.0,0,0,0,1,0,0,1,0,0,1,0,0,0,0,0
1.1630205938054103,-0.2366776718355764,0,0,0,0,0.7767004744670813,-0.29129881655524165,0.0,0,0,0,1,0,0,0,0,1,1,0,0,0,0,0
-0.20710441382307293,0.24815308811281078,1,1,1,1,-0.5230051559889081,-1.4709447454046127,0.0,0,0,0,0,1,1,0,0,0,0,0,0,0,0,1
-1.4999554688414674,0.1006539925030242,1,0,1,0,-0.9562403661409046,-0.29129881655524165,0.0,0,0,1,0,0,0,0,0,1,1,0,0,0,0,0
-0.6839429488280317,0.482439682676448,1,0,0,0,0.19905352759775274,-1.4709447454046127,0.0,0,0,1,0,0,0,1,0,0,0,0,0,0,0,1
-1.3196577373171852,-1.7095394550846563,0,0,1,0,1.2099356846190779,1.478170076718815,0.0,0,0,1,0,0,1,0,0,0,0,1,0,0,0,0
1.7423235089182274,-0.17892278079556867,0,0,0,1,-1.389475576292901,0.2985241478694439,0.0,0,0,0,0,1,0,1,0,0,0,0,1,0,0,0
-1.6880987686245965,0.094102691429829,1,0,1,0,-0.6674168927062403,1.478170076718815,0.0,0,0,0,0,1,0,1,0,0,0,1,0,0,0,0
-0.45838286138617607,-1.208675247772924,1,0,1,0,0.05464179088042058,-0.8811217809799272,0.0,0,0,0,0,1,0,0,0,1,0,0,0,0,1,0
-0.2518318446320886,0.6915727291722134,1,0,1,0,-1.1006521028582368,-0.8811217809799272,0.0,0,0,1,0,0,1,0,0,0,0,0,0,0,1,0
-0.6303875056065431,1.3809420047321386,1,0,0,0,0.3434652643150849,0.2985241478694439,0.0,0,0,0,0,1,0,1,0,0,0,0,1,0,0,0
-0.7603987806838559,0.06720787649776586,1,0,1,0,-0.23418168255424376,0.8883471122941295,0.0,0,0,1,0,0,0,1,0,0,0,0,0,1,0,0
-1.702136182421063,-1.0364191302128531,1,0,1,0,0.48787700103241705,0.2985241478694439,0.0,0,0,0,0,1,0,1,0,0,0,0,1,0,0,0
1.6683639942356732,-0.7978483295526663,1,0,0,0,-1.6782990497275654,-1.4709447454046127,0.0,0,0,1,0,0,1,0,0,0,0,0,0,0,0,1
-0.5889115803593489,0.06616484040584927,1,0,1,1,-1.2450638395755689,0.2985241478694439,0.0,0,0,0,0,1,0,0,0,1,0,0,1,0,0,0
-0.11826838713454911,-0.3214825402014859,1,0,0,0,-0.3785934192715759,-0.8811217809799272,0.0,0,0,0,0,1,0,0,1,0,0,0,0,0,1,0
-1.476443237762703,-1.2877822082317523,0,0,1,0,0.3434652643150849,0.2985241478694439,0.0,0,0,1,0,0,0,0,1,0,0,0,1,0,0,0
-0.5600605869226257,0.2259734859268496,0,0,1,1,1.0655239479017458,-0.8811217809799272,0.0,0,0,0,0,1,0,1,0,0,0,0,0,0,1,0
1.5378142978072629,1.0404467515858244,1,0,0,0,-0.8118286294235724,-0.8811217809799272,0.0,0,0,0,0,1,0,1,0,0,0,0,0,0,1,0
0.4147198030562767,-0.9767505696488332,1,0,1,0,1.6431708947710744,-0.29129881655524165,0.0,0,0,0,0,1,0,1,0,0,1,0,0,0,0,0
0.31618519956292146,1.08903844125635,1,0,1,0,1.6431708947710744,0.8883471122941295,0.0,0,0,0,1,0,1,0,0,0,0,0,0,1,0,0
-1.7109467136208378,-1.6160368725307814,1,0,1,0,0.48787700103241705,1.478170076718815,0.0,0,0,0,1,0,0,0,1,0,0,1,0,0,0,0
-1.6571220597238006,-1.6874115736966415,0,0,0,0,-1.5338873130102333,-0.8811217809799272,0.0,0,0,1,0,0,0,0,0,1,0,0,0,0,1,0
1.5440865569232927,0.5561073392179265,1,0,1,0,0.3434652643150849,0.2985241478694439,0.0,0,0,0,1,0,0,0,1,0,0,0,1,0,0,0
-1.5947246191196804,1.7100673024632627,1,0,1,0,0.19905352759775274,-0.29129881655524165,0.0,0,0,0,1,0,0,0,0,1,1,0,0,0,0,0
-1.661516836596069,-1.0618140420044744,1,0,1,0,0.05464179088042058,-1.4709447454046127,0.0,0,0,0,1,0,0,1,0,0,0,0,0,0,0,1
0.019543005048596303,1.720394221786536,1,0,1,0,-0.8118286294235724,0.2985241478694439,0.0,0,0,1,0,0,0,0,0,1,0,0,1,0,0,0
0.8491384273283512,-0.7176810927359392,1,0,1,0,-1.1006521028582368,-0.8811217809799272,0.0,0,0,1,0,0,0,1,0,0,0,0,0,0,1,0
-0.9697397989845388,-1.2256827701642574,1,0,1,0,-0.6674168927062403,0.8883471122941295,0.0,0,0,0,1,0,0,0,0,1,0,0,0,1,0,0
-0.16527886432191938,-1.575453286408937,0,0,1,0,-1.389475576292901,-0.8811217809799272,0.0,0,0,0,1,0,0,1,0,0,0,0,0,0,1,0
-0.7791561219087735,1.31155855428721,1,0,1,1,-0.8118286294235724,0.8883471122941295,0.0,0,0,0,1,0,0,1,0,0,0,0,0,1,0,0
1.0251462692565525,-0.7571354414359563,1,0,1,0,1.0655239479017458,0.2985241478694439,0.0,0,0,0,1,0,1,0,0,0,0,0,1,0,0,0
-1.1350001913460304,0.29290019846933046,0,1,1,0,-0.08976994583691159,-0.29129881655524165,0.0,0,0,0,1,0,0,0,0,1,1,0,0,0,0,0
1.7312019613997816,-0.9438044213570557,1,0,0,0,-0.9562403661409046,-1.4709447454046127,0.0,0,0,1,0,0,0,0,0,1,0,0,0,0,0,1
-0.3365772675492884,-1.636802772906211,1,0,1,0,-1.5338873130102333,0.8883471122941295,0.0,0,0,1,0,0,0,1,0,0,0,0,0,1,0,0
-1.4718247013679002,0.6389640575278603,1,1,1,0,-1.1006521028582368,0.8883471122941295,0.0,0,0,0,1,0,1,0,0,0,0,0,0,1,0,0
1.065381028402191,-0.7441362808854587,1,0,0,0,0.6322887377497493,0.2985241478694439,0.0,0,0,0,1,0,0,1,0,0,0,0,1,0,0,0
-1.584536568359306,-1.5663504259703924,1,0,1,0,0.6322887377497493,-1.4709447454046127,0.0,0,0,0,0,1,0,0,1,0,0,0,0,0,0,1
0.4643105072378668,0.24750657813848234,1,0,0,0,0.9211122111844136,0.8883471122941295,0.0,0,0,1,0,0,0,0,1,0,0,0,0,1,0,0
0.4286907882444912,1.397389218479054,1,0,1,1,-0.23418168255424376,1.478170076718815,0.0,0,0,1,0,0,0,1,0,0,0,1,0,0,0,0
-0.6997249876517554,-0.6009817323031593,1,0,1,1,0.9211122111844136,0.8883471122941295,0.0,0,0,0,0,1,1,0,0,0,0,0,0,1,0,0
0.08416755215043717,0.8233142216743682,1,0,1,0,0.9211122111844136,-1.4709447454046127,0.0,0,0,0,1,0,0,0,1,0,0,0,0,0,0,1
-0.6159270464627855,-1.277429428509506,1,0,0,0,-0.3785934192715759,-1.4709447454046127,0.0,0,0,0,0,1,0,0,1,0,0,0,0,0,0,1
-0.8077763633378835,1.1478018878563103,1,0,1,0,0.7767004744670813,-0.29129881655524165,0.0,0,0,0,1,0,1,0,0,0,1,0,0,0,0,0
-1.0777597084878106,0.782351349700918,1,0,0,1,0.48787700103241705,-0.29129881655524165,0.0,0,0,0,0,1,0,0,0,1,1,0,0,0,0,0
-0.42640972336159627,-1.5082162490787787,1,0,0,0,1.0655239479017458,1.478170076718815,0.0,0,0,0,1,0,0,0,0,1,0,1,0,0,0,0
-1.535375902010086,-1.4782440466689122,1,0,1,0,1.2099356846190779,-0.29129881655524165,0.0,0,0,0,1,0,0,0,0,1,1,0,0,0,0,0
-0.3437130985725981,-1.2486381843194128,1,0,1,0,0.19905352759775274,-0.29129881655524165,0.0,0,0,0,0,1,0,0,1,0,1,0,0,0,0,0
0.5807423762913999,-0.6686756366818427,1,0,0,0,-0.5230051559889081,-0.29129881655524165,0.0,0,0,1,0,0,1,0,0,0,1,0,0,0,0,0
1.0977352568635865,0.21510349822514097,1,0,1,0,0.19905352759775274,0.2985241478694439,0.0,0,0,0,1,0,0,1,0,0,0,0,1,0,0,0
-0.380129960865001,1.1787136847622006,1,0,1,1,-1.5338873130102333,0.2985241478694439,0.0,0,0,0,0,1,0,0,0,1,0,0,1,0,0,0
-0.11660067944316299,-1.1489635865439487,1,0,0,0,1.2099356846190779,-1.4709447454046127,0.0,0,0,0,0,1,1,0,0,0,0,0,0,0,0,1
1.0325023635598565,-0.361100671428333,1,0,1,0,-0.8118286294235724,0.8883471122941295,0.0,0,0,0,0,1,0,1,0,0,0,0,0,1,0,0
0.053477535137888096,-1.2572496971774678,1,0,1,0,-0.23418168255424376,-0.29129881655524165,0.0,0,0,0,0,1,0,1,0,0,1,0,0,0,0,0
-1.036182392206968,0.5665290800041012,0,0,1,0,0.7767004744670813,0.8883471122941295,0.0,0,0,1,0,0,0,0,1,0,0,0,0,1,0,0
1.0884352517082687,0.8928442143801449,1,0,0,0,0.9211122111844136,-1.4709447454046127,0.0,0,0,0,1,0,0,1,0,0,0,0,0,0,0,1
0.36196150313381537,-0.48961823419183687,1,0,0,0,0.9211122111844136,0.2985241478694439,0.0,0,0,0,0,1,0,0,0,1,0,0,1,0,0,0
1.444286313630605,-1.2609649744966085,1,0,1,0,0.3434652643150849,1.478170076718815,0.0,0,0,1,0,0,1,0,0,0,0,1,0,0,0,0
1.3062371769547672,-0.4579478655827339,0,0,0,0,1.2099356846190779,0.8883471122941295,0.0,0,0,1,0,0,0,1,0,0,0,0,0,1,0,0
1.2299037135878286,1.2798019843481967,0,0,1,0,1.0655239479017458,1.478170076718815,0.0,0,0,1,0,0,1,0,0,0,0,1,0,0,0,0
1.5724410839193936,-1.6791190057592553,1,0,1,0,0.3434652643150849,-0.8811217809799272,0.0,0,0,0,1,0,0,0,0,1,0,0,0,0,1,0
-1.1550406535829787,-0.15560532105478928,1,0,0,1,-0.23418168255424376,-0.8811217809799272,0.0,0,0,0,1,0,0,0,0,1,0,0,0,0,1,0
0.2310167312984308,0.4062980479665394,1,0,1,0,1.2099356846190779,0.2985241478694439,0.0,0,0,0,1,0,1,0,0,0,0,0,1,0,0,0
-1.3883344295224145,0.36717126432018204,0,0,1,0,-1.5338873130102333,-0.8811217809799272,0.0,0,0,0,1,0,0,0,1,0,0,0,0,0,1,0
0.17140579599836667,-0.9440802656127693,1,0,1,1,-0.9562403661409046,1.478170076718815,0.0,0,0,1,0,0,0,0,0,1,0,1,0,0,0,0
1.0031723848952092,-1.015972174758092,1,0,1,0,-0.08976994583691159,-0.8811217809799272,0.0,0,0,0,0,1,1,0,0,0,0,0,0,0,1,0
-1.6229777550821334,0.6503857337409962,1,0,1,0,1.0655239479017458,-0.29129881655524165,0.0,0,0,0,0,1,0,0,1,0,1,0,0,0,0,0
-1.2313985906476943,1.0768409530740204,1,0,1,0,-1.5338873130102333,-0.29129881655524165,0.0,0,0,1,0,0,0,1,0,0,1,0,0,0,0,0
-1.6125309823738287,-0.45718929387952223,1,0,1,0,0.05464179088042058,0.8883471122941295,0.0,0,0,1,0,0,1,0,0,0,0,0,0,1,0,0
-0.8484516490435109,-0.4830065921877046,1,0,1,1,-0.9562403661409046,0.8883471122941295,0.0,0,0,1,0,0,1,0,0,0,0,0,0,1,0,0
1.5027260076799052,-0.05643931112579697,0,0,1,0,-1.5338873130102333,-0.8811217809799272,0.0,0,0,0,1,0,0,0,1,0,0,0,0,0,1,0
-1.3026799835449205,-0.6007403685794098,1,0,1,0,1.6431708947710744,0.2985241478694439,0.0,0,0,0,1,0,0,0,0,1,0,0,1,0,0,0
0.8924603686364508,-1.5112936365565823,1,0,0,0,-1.1006521028582368,1.478170076718815,0.0,0,0,0,1,0,1,0,0,0,0,1,0,0,0,0
0.14170521562452246,-0.7312319417978631,1,1,0,0,-1.6782990497275654,-0.29129881655524165,0.0,0,0,0,1,0,0,0,0,1,1,0,0,0,0,0
1.5922368091785706,-0.06057697496149878,1,0,0,0,0.48787700103241705,1.478170076718815,0.0,0,0,0,0,1,0,0,0,1,0,1,0,0,0,0
-1.1184349941934377,-0.6114982945522351,1,0,0,0,1.4987591580537423,-0.8811217809799272,0.0,0,0,0,1,0,0,0,1,0,0,0,0,0,1,0
-1.2274023854249392,-0.29596694654799005,1,1,1,0,0.48787700103241705,-0.8811217809799272,0.0,0,0,0,0,1,1,0,0,0,0,0,0,0,1,0
-0.5253883496574798,-0.6287213202683449,1,0,1,0,-0.23418168255424376,0.8883471122941295,0.0,0,0,1,0,0,1,0,0,0,0,0,0,1,0,0
0.5127719250791681,-0.7714621024670746,1,0,1,1,0.9211122111844136,0.8883471122941295,0.0,0,0,0,1,0,0,1,0,0,0,0,0,1,0,0
0.8756819006889428,0.5743647808929621,0,0,1,0,-0.3785934192715759,-0.8811217809799272,0.0,0,0,1,0,0,0,0,1,0,0,0,0,0,1,0
-1.6437244583120796,-0.49274734246758667,1,0,1,0,-1.6782990497275654,-1.4709447454046127,0.0,0,0,1,0,0,0,0,0,1,0,0,0,0,0,1
-0.5468377976378842,0.0108753074012808,1,0,0,0,-1.389475576292901,-0.29129881655524165,0.0,0,0,0,0,1,0,0,0,1,1,0,0,0,0,0
-0.4979848006321483,-0.46547324168391707,1,0,1,0,0.05464179088042058,-0.29129881655524165,0.0,0,0,0,0,1,0,0,0,1,1,0,0,0,0,0
1.6962919796419433,-0.7229997147914141,1,0,1,0,-0.9562403661409046,0.8883471122941295,0.0,0,0,0,0,1,1,0,0,0,0,0,0,1,0,0
0.3339181417237383,-0.6973979198080079,1,0,1,0,-1.5338873130102333,1.478170076718815,0.0,0,0,1,0,0,0,0,0,1,0,1,0,0,0,0
-1.4666152999839062,1.474203223562264,1,0,1,0,-0.5230051559889081,-0.29129881655524165,0.0,0,0,0,0,1,0,1,0,0,1,0,0,0,0,0
-0.006612385390100292,-0.2081795121671782,1,0,1,0,-0.6674168927062403,-1.4709447454046127,0.0,0,0,0,1,0,0,1,0,0,0,0,0,0,0,1
0.06264817931924092,-0.46797308025132045,0,0,1,0,-0.6674168927062403,-0.8811217809799272,0.0,0,0,0,0,1,1,0,0,0,0,0,0,0,1,0
0.015190183086802825,0.7822306678390435,1,0,1,1,-1.5338873130102333,-0.29129881655524165,0.0,0,0,1,0,0,0,1,0,0,1,0,0,0,0,0
-0.380129960865001,1.027499311833273,1,0,1,0,-1.2450638395755689,0.8883471122941295,0.0,0,0,0,1,0,0,0,1,0,0,0,0,1,0,0
1.5000443896520372,-0.13214131905316207,1,0,1,0,-0.5230051559889081,0.8883471122941295,0.0,0,0,1,0,0,0,1,0,0,0,0,0,1,0,0
-0.8295964130274847,0.15181448180488172,1,0,1,1,0.19905352759775274,1.478170076718815,0.0,0,0,1,0,0,0,0,0,1,0,1,0,0,0,0
-1.6501085971893765,-0.08921305675775357,1,0,1,0,-0.23418168255424376,0.8883471122941295,0.0,0,0,1,0,0,0,0,0,1,0,0,0,1,0,0
-1.695759036028845,0.3450778634641312,1,0,0,0,-0.6674168927062403,-1.4709447454046127,0.0,0,0,0,1,0,1,0,0,0,0,0,0,0,0,1
0.06959521324541258,-1.2243294092846633,1,0,1,0,1.6431708947710744,-1.4709447454046127,0.0,0,0,1,0,0,0,1,0,0,0,0,0,0,0,1
-0.7863339078425584,1.3046452076283908,0,0,1,0,-0.9562403661409046,0.2985241478694439,0.0,0,0,0,1,0,1,0,0,0,0,0,1,0,0,0
1.455869365164277,0.8427353813031948,0,0,0,0,0.6322887377497493,0.2985241478694439,0.0,0,0,0,0,1,0,0,1,0,0,0,1,0,0,0
1.2993425866666894,0.6892883939295861,1,0,0,0,-1.5338873130102333,0.2985241478694439,0.0,0,0,1,0,0,0,0,0,1,0,0,1,0,0,0
0.9295729831942326,1.4973310403772402,0,0,0,0,0.05464179088042058,0.2985241478694439,0.0,0,0,0,0,1,0,1,0,0,0,0,1,0,0,0
-0.6560534220896967,-1.4659000162257343,1,0,1,0,1.35434742133641,0.2985241478694439,0.0,0,0,0,0,1,0,0,1,0,0,0,1,0,0,0
1.631485627928044,-1.2282774301945623,1,0,1,1,1.6431708947710744,1.478170076718815,0.0,0,0,0,0,1,0,1,0,0,0,1,0,0,0,0
0.577595758005766,0.7951005263946749,0,0,0,0,1.35434742133641,0.2985241478694439,0.0,0,0,1,0,0,0,0,1,0,0,0,1,0,0,0
-1.1968102632034987,0.13517762513216292,0,0,1,0,0.9211122111844136,-1.4709447454046127,0.0,0,0,0,0,1,0,0,1,0,0,0,0,0,0,1
1.3211801175689883,0.6327661819072982,0,0,0,0,-0.5230051559889081,-1.4709447454046127,0.0,0,0,0,1,0,0,1,0,0,0,0,0,0,0,1
0.2269086463144088,0.30414085188965434,1,0,1,0,1.6431708947710744,-0.8811217809799272,0.0,0,0,0,1,0,0,0,1,0,0,0,0,0,1,0
-0.2285293881057,1.3866485327722107,1,0,1,0,-1.6782990497275654,-0.29129881655524165,0.0,0,0,0,1,0,0,1,0,0,1,0,0,0,0,0
-1.5396063554829937,-0.06108556280797062,1,0,1,0,1.6431708947710744,-1.4709447454046127,0.0,0,0,0,1,0,1,0,0,0,0,0,0,0,0,1
-0.20269565198064568,-1.6224071508111642,1,0,1,1,0.3434652643150849,-0.29129881655524165,0.0,0,0,0,0,1,0,1,0,0,1,0,0,0,0,0
0.7107012077306186,0.5821142804519122,1,0,0,0,1.2099356846190779,-0.8811217809799272,0.0,0,0,0,1,0,1,0,0,0,0,0,0,0,1,0
0.7416324654783998,-0.4262947372396135,1,0,1,0,-0.5230051559889081,-1.4709447454046127,0.0,0,0,0,1,0,0,0,1,0,0,0,0,0,0,1
1.5894048527215001,-0.42882905633898105,1,0,1,0,1.4987591580537423,0.8883471122941295,0.0,0,0,0,0,1,0,1,0,0,0,0,0,1,0,0
-0.21283825158800565,-1.0503320248604013,1,0,1,0,-1.2450638395755689,-0.8811217809799272,0.0,0,0,0,1,0,0,0,1,0,0,0,0,0,1,0
-1.0291025010642918,-0.7669451527797663,1,1,1,0,0.05464179088042058,-0.29129881655524165,0.0,0,0,0,1,0,0,0,0,1,1,0,0,0,0,0
-0.8693626756728179,0.21518969955505135,0,0,1,0,0.05464179088042058,-1.4709447454046127,0.0,0,0,0,0,1,1,0,0,0,0,0,0,0,0,1
-0.43216104233922703,1.1859632166076701,1,0,1,0,1.2099356846190779,1.478170076718815,0.0,0,0,1,0,0,1,0,0,0,0,1,0,0,0,0
1.3927202324141448,-1.1910039751412798,1,0,0,1,0.05464179088042058,1.478170076718815,0.0,0,0,0,1,0,0,0,0,1,0,1,0,0,0,0
0.3836976430024664,0.5583744341945717,1,0,1,0,0.7767004744670813,1.478170076718815,0.0,0,0,0,0,1,0,0,0,1,0,1,0,0,0,0
1.4032718923986367,1.664889185457191,1,0,1,0,-0.08976994583691159,-1.4709447454046127,0.0,0,0,0,0,1,0,1,0,0,0,0,0,0,0,1
1.533377566024519,0.6443861211792281,1,0,1,0,1.0655239479017458,1.478170076718815,0.0,0,0,1,0,0,0,0,1,0,0,1,0,0,0,0
0.664753588275285,-1.2845582784931013,1,0,0,0,-0.8118286294235724,-0.8811217809799272,0.0,0,0,1,0,0,1,0,0,0,0,0,0,0,1,0
-0.7224225942187945,1.0743411145066166,1,1,1,1,0.05464179088042058,0.2985241478694439,0.0,0,0,0,0,1,1,0,0,0,0,0,1,0,0,0
-1.596455259176779,0.4343910613843582,1,0,1,1,0.7767004744670813,-0.29129881655524165,0.0,0,0,0,1,0,1,0,0,0,1,0,0,0,0,0
-1.5191218704435172,1.620995468266785,1,0,1,0,-1.6782990497275654,1.478170076718815,0.0,0,0,0,0,1,1,0,0,0,0,1,0,0,0,0
1.2380289812498433,0.9567883609077235,0,0,1,0,-0.08976994583691159,-0.29129881655524165,0.0,0,0,0,1,0,0,0,1,0,1,0,0,0,0,0
1.5151971048186343,0.22877502914893952,1,0,1,1,1.2099356846190779,-1.4709447454046127,0.0,0,0,0,1,0,1,0,0,0,0,0,0,0,0,1
0.7018417291352897,1.052075310990745,1,0,1,0,0.9211122111844136,-0.29129881655524165,0.0,0,0,1,0,0,1,0,0,0,1,0,0,0,0,0
0.29973887465667504,-1.6357252562823301,1,0,1,0,-0.08976994583691159,-0.8811217809799272,0.0,0,0,1,0,0,1,0,0,0,0,0,0,0,1,0
-0.01952750533135777,0.6856075971424095,0,0,0,0,1.0655239479017458,0.2985241478694439,0.0,0,0,1,0,0,0,1,0,0,0,0,1,0,0,0
1.5749443935777423,1.7229285408859032,1,0,0,0,-0.5230051559889081,-0.8811217809799272,0.0,0,0,1,0,0,0,1,0,0,0,0,0,0,1,0
0.11690287104864838,0.20861253808288321,1,0,1,0,-0.5230051559889081,-0.29129881655524165,0.0,0,0,0,1,0,0,0,1,0,1,0,0,0,0,0
-1.005751097142349,-0.4911698581302249,1,0,1,0,-1.1006521028582368,0.8883471122941295,0.0,0,0,0,1,0,0,0,1,0,0,0,0,1,0,0
-0.9184149585033105,-1.167427911410769,1,0,0,0,1.35434742133641,0.8883471122941295,0.0,0,0,0,0,1,1,0,0,0,0,0,0,1,0,0
-0.09543093086592608,-0.6500130487562286,1,0,1,0,-0.08976994583691159,-0.29129881655524165,0.0,0,0,1,0,0,0,1,0,0,1,0,0,0,0,0
-0.3990411367616606,-1.656715280115527,1,0,1,1,-0.8118286294235724,0.8883471122941295,0.0,0,0,0,0,1,1,0,0,0,0,0,0,1,0,0
0.6415280490847672,-0.14695070753177922,1,0,0,0,1.2099356846190779,0.8883471122941295,0.0,0,0,0,1,0,0,0,0,1,0,0,0,1,0,0
0.5537548801282798,-0.20901566506730987,1,0,1,0,0.3434652643150849,0.2985241478694439,0.0,0,0,0,1,0,0,0,1,0,0,0,1,0,0,0
0.38092162642602917,-0.030820275876408256,1,0,1,1,-0.8118286294235724,0.8883471122941295,0.0,0,0,0,1,0,0,0,1,0,0,0,0,1,0,0
-0.385192520062332,0.5132135574544822,1,0,0,0,-0.08976994583691159,-1.4709447454046127,0.0,0,0,0,1,0,0,1,0,0,0,0,0,0,0,1
0.2371491407128776,-1.4730805870072756,1,0,1,0,1.2099356846190779,0.8883471122941295,0.0,0,0,0,0,1,0,0,1,0,0,0,0,1,0,0
0.5206699369761092,-1.6011585229882361,1,0,1,0,-0.6674168927062403,1.478170076718815,0.0,0,0,0,0,1,0,1,0,0,0,1,0,0,0,0
-1.6794420720965637,0.2844524681381053,0,0,1,0,1.35434742133641,-1.4709447454046127,0.0,0,0,1,0,0,0,0,0,1,0,0,0,0,0,1
0.15956052627422518,-1.6018308933615377,0,0,1,0,1.6431708947710744,1.478170076718815,0.0,0,0,0,0,1,0,0,0,1,0,1,0,0,0,0
1.2399169522212234,1.1255360843404387,0,0,1,1,1.0655239479017458,0.8883471122941295,0.0,0,0,1,0,0,0,1,0,0,0,0,0,1,0,0
1.5939604567505903,0.9428927065261575,1,0,1,1,-0.23418168255424376,-0.8811217809799272,0.0,0,0,0,1,0,0,0,0,1,0,0,0,0,1,0
-0.7558641541100036,0.7954625719802989,1,0,1,0,-1.389475576292901,-0.8811217809799272,0.0,0,0,0,1,0,1,0,0,0,0,0,0,0,1,0
-0.3625578458610055,0.506196769199771,1,0,0,0,0.19905352759775274,-0.8811217809799272,0.0,0,0,0,1,0,0,0,1,0,0,0,0,0,1,0
-1.3691085917971915,1.1289324167389105,1,0,1,0,0.05464179088042058,1.478170076718815,0.0,0,0,1,0,0,1,0,0,0,0,1,0,0,0,0
0.8272729264857354,-1.181651130845995,0,0,1,1,-0.5230051559889081,1.478170076718815,0.0,0,0,0,0,1,0,1,0,0,0,1,0,0,0,0
0.7267209910470349,0.632912724168146,1,0,0,0,1.35434742133641,0.2985241478694439,0.0,0,0,0,0,1,0,1,0,0,0,0,1,0,0,0
-0.5601829554115114,-0.07797240333742972,0,0,0,0,1.0655239479017458,1.478170076718815,0.0,0,0,0,1,0,0,0,1,0,0,1,0,0,0,0
1.1515634070031637,-1.596641573300928,0,0,1,0,-0.6674168927062403,0.8883471122941295,0.0,0,0,0,1,0,0,0,0,1,0,0,0,1,0,0
-0.12764181338319833,1.291413303487135,1,0,1,0,1.6431708947710744,0.8883471122941295,0.0,0,0,0,1,0,0,0,1,0,0,0,0,1,0,0
0.8520053462108179,1.6842069034901248,1,0,1,1,0.48787700103241705,0.8883471122941295,0.0,0,0,1,0,0,0,0,1,0,0,0,0,1,0,0
-0.11753417620123441,-0.5492092135589375,1,0,0,1,-1.5338873130102333,-0.8811217809799272,0.0,0,0,0,0,1,0,1,0,0,0,0,0,0,1,0
0.4097691236202128,-1.5075352585724862,0,0,1,0,-0.9562403661409046,-0.29129881655524165,0.0,0,0,1,0,0,0,0,0,1,1,0,0,0,0,0
1.7434877576839118,-1.4362208983375633,1,0,0,1,0.6322887377497493,0.2985241478694439,0.0,0,0,1,0,0,0,0,0,1,0,0,1,0,0,0
1.1205901943449075,-1.353398660559594,1,0,1,0,0.9211122111844136,0.2985241478694439,0.0,0,0,0,0,1,1,0,0,0,0,0,1,0,0,0
1.2820606597934803,-1.4248595630553649,1,0,0,0,-1.6782990497275654,-1.4709447454046127,0.0,0,0,1,0,0,0,0,1,0,0,0,0,0,0,1
0.5642401115045197,-0.3958225671162662,1,0,1,0,0.05464179088042058,-0.8811217809799272,0.0,0,0,0,0,1,0,0,0,1,0,0,0,0,1,0
0.08543319194976987,-0.5580103693427954,0,1,1,0,-0.3785934192715759,-0.29129881655524165,0.0,0,0,0,0,1,1,0,0,0,1,0,0,0,0,0
0.4369733868207877,0.4699318697064406,1,0,1,0,0.19905352759775274,1.478170076718815,0.0,0,0,0,1,0,0,0,1,0,0,1,0,0,0,0
1.536643056556499,-0.0907646806961416,1,0,0,0,0.9211122111844136,0.8883471122941295,0.0,0,0,0,1,0,0,0,1,0,0,0,0,1,0,0
0.777755643397477,1.4493772405480516,1,0,1,0,1.0655239479017458,-0.8811217809799272,0.0,0,0,1,0,0,0,0,0,1,0,0,0,0,1,0
0.6651591524098778,-0.4700246719031895,1,0,0,1,0.6322887377497493,-0.8811217809799272,0.0,0,0,1,0,0,1,0,0,0,0,0,0,0,1,0
0.7653859372923962,-1.1050095284226056,1,0,1,0,0.48787700103241705,-1.4709447454046127,0.0,0,0,0,0,1,1,0,0,0,0,0,0,0,0,1
-1.3360026711897832,1.5362940414967683,0,0,1,0,-1.389475576292901,0.8883471122941295,0.0,0,0,0,1,0,0,1,0,0,0,0,0,1,0,0
1.2512028231390304,-1.127059828613701,0,0,1,0,0.19905352759775274,0.8883471122941295,0.0,0,0,1,0,0,0,1,0,0,0,0,0,1,0,0
-1.3056902483715103,-1.4355485279642617,1,0,1,0,0.6322887377497493,-0.29129881655524165,0.0,0,0,0,1,0,1,0,0,0,1,0,0,0,0,0
-0.6862924238146383,-0.3963139146967556,1,0,1,0,0.6322887377497493,-0.8811217809799272,0.0,0,0,0,1,0,0,0,1,0,0,0,0,0,1,0
0.3550319504203414,1.196721142580496,1,0,0,0,1.4987591580537423,0.2985241478694439,0.0,0,0,0,1,0,0,1,0,0,0,0,1,0,0,0
1.6826706187076885,-0.2210666109887921,1,0,1,0,1.6431708947710744,0.2985241478694439,0.0,0,0,0,0,1,1,0,0,0,0,0,1,0,0,0
1.5371010643291856,-1.2376561348888204,1,0,1,0,-0.08976994583691159,-1.4709447454046127,0.0,0,0,0,0,1,0,0,0,1,0,0,0,0,0,1
-0.22308573847155347,-1.006343486207094,1,0,1,1,-0.6674168927062403,-1.4709447454046127,0.0,0,0,0,0,1,1,0,0,0,0,0,0,0,0,1
-0.16054495192331017,-1.2372940893031963,1,0,1,1,-0.6674168927062403,1.478170076718815,0.0,0,0,1,0,0,0,0,1,0,0,1,0,0,0,0
1.1068149987389102,-0.3030699361326121,1,0,1,0,0.05464179088042058,-1.4709447454046127,0.0,0,0,0,0,1,0,1,0,0,0,0,0,0,0,1
-1.0031149302674955,-0.6730977649062494,1,0,0,0,-1.6782990497275654,-1.4709447454046127,0.0,0,0,0,0,1,0,0,0,1,0,0,0,0,0,1
1.39439143634807,-0.7087764953561884,0,1,1,0,0.05464179088042058,-0.29129881655524165,0.0,0,0,1,0,0,0,0,1,0,1,0,0,0,0,0
-0.7158496582443594,-0.5366582999239746,0,0,0,1,-1.6782990497275654,0.2985241478694439,0.0,0,0,0,1,0,0,1,0,0,0,0,1,0,0,0
-1.4285936623658302,1.2941717460442703,0,0,0,1,0.9211122111844136,0.8883471122941295,0.0,0,0,1,0,0,0,1,0,0,0,0,0,1,0,0
-1.6177438800003623,-0.9054103490149371,1,0,0,0,1.6431708947710744,0.8883471122941295,0.0,0,0,1,0,0,0,1,0,0,0,0,0,1,0,0
0.7399752465146328,-1.3299087981589939,1,0,1,0,0.48787700103241705,-0.29129881655524165,0.0,0,0,0,0,1,0,0,0,1,1,0,0,0,0,0
0.5217607646484622,0.9971995443697469,1,1,1,0,-1.5338873130102333,1.478170076718815,0.0,0,0,1,0,0,0,1,0,0,0,1,0,0,0,0
1.1795613172602262,1.6867843232544482,1,0,1,0,-1.2450638395755689,0.8883471122941295,0.0,0,0,0,0,1,1,0,0,0,0,0,0,1,0,0
0.526456218379136,-0.19146507429754026,1,0,1,0,-0.08976994583691159,-1.4709447454046127,0.0,0,0,0,0,1,0,1,0,0,0,0,0,0,0,1
-0.752406370238346,1.70658476873488,0,0,0,0,-0.9562403661409046,-0.29129881655524165,0.0,0,0,1,0,0,0,0,0,1,1,0,0,0,0,0
1.1574091245293634,-0.6845194411193852,1,0,1,0,-0.3785934192715759,0.8883471122941295,0.0,0,0,0,0,1,0,0,1,0,0,0,0,1,0,0
-0.7695834098353672,-1.4764165784748104,0,0,1,0,-0.08976994583691159,0.2985241478694439,0.0,0,0,0,0,1,1,0,0,0,0,0,1,0,0,0
0.806571674408804,0.9314279296480663,1,1,1,0,1.0655239479017458,1.478170076718815,0.0,0,0,0,1,0,0,1,0,0,0,1,0,0,0,0
1.4463560892140441,-0.8548705092884349,1,0,1,0,1.4987591580537423,-0.29129881655524165,0.0,0,0,0,0,1,0,0,0,1,1,0,0,0,0,0
1.319526394847761,1.2857929767769734,1,0,1,0,0.9211122111844136,0.2985241478694439,0.0,0,0,0,0,1,1,0,0,0,0,0,1,0,0,0
-0.3413496386158332,1.3954496885560688,1,0,1,0,-0.3785934192715759,0.8883471122941295,0.0,0,0,0,0,1,0,0,1,0,0,0,0,1,0,0
-0.991447968912873,-1.1671520671550557,1,0,1,0,-0.08976994583691159,-1.4709447454046127,0.0,0,0,1,0,0,0,0,0,1,0,0,0,0,0,1
-0.6058473792211384,-0.6481079993652075,0,0,1,0,-1.2450638395755689,-0.8811217809799272,0.0,0,0,0,0,1,0,0,1,0,0,0,0,0,1,0
-1.5784950612508888,1.249459116219715,1,0,0,0,0.9211122111844136,-0.8811217809799272,0.0,0,0,0,0,1,0,0,0,1,0,0,0,0,1,0
0.8836428449515967,0.27730637788852824,1,0,1,0,1.35434742133641,0.8883471122941295,0.0,0,0,0,0,1,0,1,0,0,0,0,0,1,0,0
-0.8923364854004848,1.0018371759189297,1,0,1,1,1.2099356846190779,-0.29129881655524165,0.0,0,0,0,0,1,0,1,0,0,1,0,0,0,0,0
0.3405260401235693,-0.1047896370725737,1,0,0,0,0.6322887377497493,-0.29129881655524165,0.0,0,0,0,1,0,0,1,0,0,1,0,0,0,0,0
-0.455582371111962,0.16889096526014363,0,0,1,0,-1.2450638395755689,-0.29129881655524165,0.0,0,0,0,0,1,0,0,0,1,1,0,0,0,0,0
1.3466362594997663,-0.3598766125436044,1,1,1,0,-1.5338873130102333,1.478170076718815,0.0,0,0,0,0,1,0,0,1,0,0,1,0,0,0,0
0.10318361532328472,-1.4048005135852006,1,0,0,0,0.9211122111844136,-0.29129881655524165,0.0,0,0,0,1,0,0,0,0,1,1,0,0,0,0,0
1.5602182200009762,-1.5682468552284228,1,0,0,0,-0.5230051559889081,-0.8811217809799272,0.0,0,0,1,0,0,0,0,1,0,0,0,0,0,1,0
-1.3804504025956317,-1.4188168498286415,0,0,0,0,0.7767004744670813,-0.8811217809799272,0.0,0,0,0,0,1,1,0,0,0,0,0,0,0,1,0
0.042684634418163905,0.5729338388164482,1,0,1,0,-1.389475576292901,-0.8811217809799272,0.0,0,0,1,0,0,0,1,0,0,0,0,0,0,1,0
0.9392820487266831,1.5728865060437582,1,0,1,1,1.0655239479017458,0.8883471122941295,0.0,0,0,0,0,1,0,1,0,0,0,0,0,1,0,0
0.21772052092035796,1.0049059432637415,1,0,1,0,-1.389475576292901,0.2985241478694439,0.0,0,0,0,1,0,1,0,0,0,0,0,1,0,0,0
-0.4908244959110614,-0.977845326538696,1,0,1,0,0.6322887377497493,-1.4709447454046127,0.0,0,0,0,1,0,1,0,0,0,0,0,0,0,0,1
0.487221384599821,-0.8023825195059562,0,0,1,1,-0.23418168255424376,0.2985241478694439,0.0,0,0,0,1,0,0,0,0,1,0,0,1,0,0,0
1.3730748455841704,1.073418760276575,1,0,0,0,-1.6782990497275654,0.2985241478694439,0.0,0,0,1,0,0,0,0,0,1,0,0,1,0,0,0
-1.154753961694732,-1.4166704367138712,0,0,1,0,-1.389475576292901,-1.4709447454046127,0.0,0,0,0,0,1,0,0,0,1,0,0,0,0,0,1
-1.5703872748015724,0.9723994217545073,1,0,1,0,1.2099356846190779,-1.4709447454046127,0.0,0,0,0,0,1,0,0,0,1,0,0,0,0,0,1
1.6671123394064986,0.23167139383393107,1,0,1,1,0.48787700103241705,0.8883471122941295,0.0,0,0,0,1,0,0,1,0,0,0,0,0,1,0,0
0.16318263354524362,0.04364043290024616,1,0,1,1,-0.23418168255424376,-0.29129881655524165,0.0,0,0,1,0,0,1,0,0,0,1,0,0,0,0,0
-0.17809259322952833,0.0994471738842777,1,0,0,0,0.3434652643150849,-0.29129881655524165,0.0,0,0,0,1,0,0,0,0,1,1,0,0,0,0,0
-0.9457695601330878,0.5421858244373877,1,0,1,0,-0.9562403661409046,-1.4709447454046127,0.0,0,0,0,1,0,0,0,1,0,0,0,0,0,0,1
-1.4369252083376811,0.6298784373552979,1,0,1,0,-1.2450638395755689,0.8883471122941295,0.0,0,0,1,0,0,0,1,0,0,0,0,0,1,0,0
-0.19423124879229053,-1.274929589942103,1,0,1,0,0.19905352759775274,-0.29129881655524165,0.0,0,0,1,0,0,0,0,1,0,1,0,0,0,0,0
0.03407688528568516,-1.6830756468021455,0,0,0,0,-0.3785934192715759,0.8883471122941295,0.0,0,0,1,0,0,0,1,0,0,0,0,0,1,0,0
0.8380728196905388,0.35268944089522475,1,0,1,0,0.48787700103241705,0.8883471122941295,0.0,0,0,0,0,1,0,0,1,0,0,0,0,1,0,0
-1.6328231740736276,-1.2358286666947185,1,0,0,1,1.35434742133641,-0.29129881655524165,0.0,0,0,0,1,0,1,0,0,0,1,0,0,0,0,0
1.4607920746600243,1.1752397711668094,0,0,1,1,-0.3785934192715759,-1.4709447454046127,0.0,0,0,0,0,1,0,0,0,1,0,0,0,0,0,1
1.5819858260524835,-0.2440220251439475,1,1,0,0,-0.3785934192715759,-0.8811217809799272,0.0,0,0,1,0,0,1,0,0,0,0,0,0,0,1,0
0.1634553404633318,-1.4931310163444484,1,0,1,0,0.19905352759775274,-0.8811217809799272,0.0,0,0,0,0,1,0,0,1,0,0,0,0,0,1,0
0.7145610594943298,0.7025030578048599,1,0,1,0,-0.23418168255424376,0.2985241478694439,0.0,0,0,1,0,0,0,0,1,0,0,0,1,0,0,0
1.4330179239254957,-0.8885666091504334,1,0,0,1,-0.9562403661409046,-1.4709447454046127,0.0,0,0,1,0,0,0,0,1,0,0,0,0,0,0,1
1.383185979008674,-1.440858529886746,1,0,1,0,-1.389475576292901,0.8883471122941295,0.0,0,0,0,1,0,1,0,0,0,0,0,0,1,0,0
1.4830491546670745,-1.4070417481628728,0,0,1,0,-0.08976994583691159,0.8883471122941295,0.0,0,0,1,0,0,0,0,1,0,0,0,0,1,0,0
0.35838484701581136,-0.9262452104542952,1,0,1,0,0.9211122111844136,0.8883471122941295,0.0,0,0,1,0,0,0,0,1,0,0,0,0,1,0,0
1.5837793984752946,1.3564004861066306,0,0,1,0,-0.6674168927062403,0.8883471122941295,0.0,0,0,0,0,1,0,0,0,1,0,0,0,1,0,0
-0.24171721496504567,-1.2931956517501293,1,0,1,0,1.35434742133641,-0.29129881655524165,0.0,0,0,1,0,0,1,0,0,0,1,0,0,0,0,0
0.8527710233269886,-1.0755028131942552,1,0,1,0,0.48787700103241705,-1.4709447454046127,0.0,0,0,0,0,1,0,1,0,0,0,0,0,0,0,1
0.3089339925358052,-1.0516422850750402,1,0,1,0,-0.8118286294235724,0.8883471122941295,0.0,0,0,0,1,0,0,0,0,1,0,0,0,1,0,0
-0.8111677186012889,-0.00021880375819521456,1,0,0,0,-1.2450638395755689,-1.4709447454046127,0.0,0,0,1,0,0,0,1,0,0,0,0,0,0,0,1
-1.5025741545036224,1.7309538847005672,1,0,1,0,-1.1006521028582368,1.478170076718815,0.0,0,0,1,0,0,1,0,0,0,0,1,0,0,0,0
-0.30726127385479923,0.7322769971559324,1,0,0,0,1.0655239479017458,-0.8811217809799272,0.0,0,0,1,0,0,0,0,1,0,0,0,0,0,1,0
-0.32422853889944514,1.2110909042765696,1,1,1,0,0.19905352759775274,0.2985241478694439,0.0,0,0,0,0,1,0,0,0,1,0,0,1,0,0,0
1.2122057338524075,-1.5502480175431186,0,0,1,0,1.2099356846190779,1.478170076718815,0.0,0,0,1,0,0,0,0,0,1,0,1,0,0,0,0
-1.361256031053265,-0.02600162153441385,0,0,1,1,-1.6782990497275654,1.478170076718815,0.0,0,0,1,0,0,0,0,0,1,0,1,0,0,0,0
-0.4075405023754116,-0.7632729761255809,1,0,1,0,0.9211122111844136,-0.29129881655524165,0.0,0,0,0,0,1,0,1,0,0,1,0,0,0,0,0
-0.4213122017388694,-0.896566092566124,1,0,1,0,0.9211122111844136,-0.29129881655524165,0.0,0,0,1,0,0,0,1,0,0,1,0,0,0,0,0
-0.7312541028738071,-1.161411058583019,0,0,1,0,-1.5338873130102333,0.2985241478694439,0.0,0,0,0,1,0,0,0,1,0,0,0,1,0,0,0
-0.8332884451492951,-0.9437268401601363,1,0,0,1,1.0655239479017458,0.8883471122941295,0.0,0,0,1,0,0,0,0,0,1,0,0,0,1,0,0
0.4480320019735207,0.4598118335749525,1,0,0,0,-0.5230051559889081,-0.8811217809799272,0.0,0,0,0,1,0,1,0,0,0,0,0,0,0,1,0
-1.682875382270444,-1.6158817101369425,1,0,1,0,1.2099356846190779,-0.8811217809799272,0.0,0,0,0,1,0,0,0,1,0,0,0,0,0,1,0
0.7304759555345579,0.30402017002777937,1,0,1,0,-0.9562403661409046,0.2985241478694439,0.0,0,0,1,0,0,0,1,0,0,0,0,1,0,0,0
-0.6509698854371282,-0.8101751197298617,1,0,1,0,-0.23418168255424376,0.2985241478694439,0.0,0,0,0,1,0,0,1,0,0,0,0,1,0,0,0
-0.8560524803245865,-1.1796512599920723,1,0,1,0,1.2099356846190779,-0.29129881655524165,0.0,0,0,0,1,0,0,0,0,1,1,0,0,0,0,0
1.2770120855663074,-0.22648005450716874,1,0,1,0,0.6322887377497493,-0.29129881655524165,0.0,0,0,1,0,0,0,0,0,1,1,0,0,0,0,0
-0.33465783039505165,1.220538570034756,0,0,0,1,1.6431708947710744,-0.8811217809799272,0.0,0,0,1,0,0,0,0,1,0,0,0,0,0,1,0
1.1678069498421135,0.0027810025226887836,1,0,1,0,0.6322887377497493,-0.29129881655524165,0.0,0,0,0,0,1,1,0,0,0,1,0,0,0,0,0
0.009019315004420944,-1.3949735619754084,1,0,1,0,-0.08976994583691159,-0.29129881655524165,0.0,0,0,1,0,0,0,0,0,1,1,0,0,0,0,0
-1.641011374101355,-1.3606481924050637,1,0,1,0,-0.8118286294235724,-0.29129881655524165,0.0,0,0,0,0,1,1,0,0,0,1,0,0,0,0,0
-1.4779815844801238,0.1224025880394331,1,0,0,0,-1.1006521028582368,-0.29129881655524165,0.0,0,0,0,1,0,1,0,0,0,1,0,0,0,0,0
-1.2294022361575865,0.31058009123396546,1,0,1,0,0.05464179088042058,-0.8811217809799272,0.0,0,0,0,0,1,0,1,0,0,0,0,0,0,1,0
-1.6552480737225788,0.12329046173751061,1,0,0,0,-1.389475576292901,0.8883471122941295,0.0,0,0,0,0,1,0,1,0,0,0,0,0,1,0,0
-0.5602319028070657,0.12118714928769536,1,0,1,0,0.48787700103241705,-0.8811217809799272,0.0,0,0,0,1,0,0,0,0,1,0,0,0,0,1,0
0.5700718440605613,-1.1732637414457072,1,0,1,1,-0.6674168927062403,-0.8811217809799272,0.0,0,0,1,0,0,0,0,0,1,0,0,0,0,1,0
-0.322906959219479,1.2939734829854759,0,0,0,0,1.6431708947710744,-1.4709447454046127,0.0,0,0,1,0,0,0,0,0,1,0,0,0,0,0,1
-0.14631874102970524,-1.2987211569973895,1,1,1,0,0.19905352759775274,-0.29129881655524165,0.0,0,0,0,1,0,0,0,0,1,1,0,0,0,0,0
0.6966113502960583,-0.019795125780860547,1,0,1,0,0.19905352759775274,0.2985241478694439,0.0,0,0,0,0,1,0,0,1,0,0,0,1,0,0,0
-0.36101949914358444,-0.44011281042426026,1,0,1,1,1.35434742133641,0.8883471122941295,0.0,0,0,1,0,0,0,0,1,0,0,0,0,1,0,0
-1.30672513616323,1.3781059809780845,1,1,1,0,1.0655239479017458,-1.4709447454046127,0.0,0,0,1,0,0,0,1,0,0,0,0,0,0,0,1
-1.5111853998786406,0.682487108999651,0,0,0,0,0.05464179088042058,1.478170076718815,0.0,0,0,1,0,0,0,1,0,0,0,1,0,0,0,0
-1.5942351451641377,-0.8063822612138014,1,0,1,1,0.19905352759775274,0.2985241478694439,0.0,0,0,0,0,1,0,0,1,0,0,0,1,0,0,0
0.035265607749147034,1.1706366201495908,1,0,1,0,0.6322887377497493,0.2985241478694439,0.0,0,0,1,0,0,1,0,0,0,0,0,1,0,0,0
1.3091110883223125,1.42241346455206,1,0,1,1,1.4987591580537423,0.2985241478694439,0.0,0,0,0,1,0,0,1,0,0,0,0,1,0,0,0
0.538721037208029,-0.11600443009392425,1,0,1,0,-0.8118286294235724,1.478170076718815,0.0,0,0,0,0,1,0,0,0,1,0,1,0,0,0,0
0.5621388697382245,1.544181463183575,1,0,1,0,-0.6674168927062403,-0.8811217809799272,0.0,0,0,1,0,0,0,1,0,0,0,0,0,0,1,0
0.0900622170721912,1.695852703161028,1,0,0,0,1.4987591580537423,-0.8811217809799272,0.0,0,0,1,0,0,0,0,0,1,0,0,0,0,1,0
0.4205515356123183,-1.2661198140252539,1,0,0,1,0.05464179088042058,0.2985241478694439,0.0,0,0,1,0,0,0,0,1,0,0,0,1,0,0,0
-0.4308184852040233,-0.7028975646562953,1,1,0,1,-1.6782990497275654,0.8883471122941295,0.0,0,0,1,0,0,0,1,0,0,0,0,0,1,0,0
0.3522209714185085,1.1396041413818254,1,0,0,0,1.6431708947710744,-0.8811217809799272,0.0,0,0,0,0,1,0,0,1,0,0,0,0,0,1,0
0.5388608869096125,-0.9187974155500314,0,0,1,0,-0.5230051559889081,0.2985241478694439,0.0,0,0,0,0,1,0,0,1,0,0,0,1,0,0,0
-0.7143882288628094,1.67740561856019,0,0,1,0,-1.6782990497275654,1.478170076718815,0.0,0,0,1,0,0,0,0,1,0,0,1,0,0,0,0
0.5498041260585393,1.5251309692733632,1,0,0,0,-1.6782990497275654,-1.4709447454046127,0.0,0,0,1,0,0,0,0,1,0,0,0,0,0,0,1
-1.0243406187253659,0.7385179734414495,1,0,1,0,-0.08976994583691159,0.8883471122941295,0.0,0,0,1,0,0,0,0,1,0,0,0,0,1,0,0
-0.49696739405312673,-0.9975681908222092,0,0,1,0,1.6431708947710744,0.2985241478694439,0.0,0,0,1,0,0,0,1,0,0,0,0,1,0,0,0
-0.253496056080935,-1.1318440024237315,1,0,0,0,-1.2450638395755689,0.8883471122941295,0.0,0,0,0,0,1,1,0,0,0,0,0,0,1,0,0
0.43753977811220174,-1.1764531906523943,1,0,1,0,0.7767004744670813,0.8883471122941295,0.0,0,0,1,0,0,1,0,0,0,0,0,0,1,0,0
0.168559854571138,0.1551332330064343,1,0,1,0,0.9211122111844136,0.8883471122941295,0.0,0,0,0,1,0,0,0,1,0,0,0,0,1,0,0
1.5335453856664192,-0.1025828830268656,1,0,1,0,-1.6782990497275654,-0.29129881655524165,0.0,0,0,0,1,0,0,0,1,0,1,0,0,0,0,0
-0.3436781361472022,0.019495440392326726,1,0,1,0,-0.8118286294235724,-0.29129881655524165,0.0,0,0,1,0,0,1,0,0,0,1,0,0,0,0,0
-1.1909925156176155,1.001207906210583,1,0,1,0,0.9211122111844136,1.478170076718815,0.0,0,0,1,0,0,0,1,0,0,0,1,0,0,0,0
0.045027116919691294,1.251165902551942,1,0,0,0,-1.1006521028582368,0.8883471122941295,0.0,0,0,1,0,0,1,0,0,0,0,0,0,1,0,0
0.5767321860984864,0.4511227395199782,1,0,1,1,-0.23418168255424376,1.478170076718815,0.0,0,0,0,0,1,0,0,0,1,0,1,0,0,0,0
-1.7153519792207255,1.0946242874345475,0,0,1,1,-0.3785934192715759,-0.29129881655524165,0.0,0,0,0,0,1,0,0,1,0,1,0,0,0,0,0
0.22660447321346425,1.2070566820367599,1,0,0,0,-0.8118286294235724,1.478170076718815,0.0,0,0,0,0,1,0,0,1,0,0,1,0,0,0,0
0.5641037580454757,-1.2093045174812702,1,0,1,1,1.0655239479017458,-1.4709447454046127,0.0,0,0,1,0,0,0,1,0,0,0,0,0,0,0,1
0.017242477457544,0.07087143301896037,1,1,1,0,0.48787700103241705,-1.4709447454046127,0.0,0,0,0,0,1,0,0,1,0,0,0,0,0,0,1
1.0877674693832065,0.49288728386159597,1,0,1,0,-0.8118286294235724,-1.4709447454046127,0.0,0,0,0,0,1,0,0,0,1,0,0,0,0,0,1
0.38554715530591116,-1.6703695707733437,1,0,1,1,0.9211122111844136,-0.8811217809799272,0.0,0,0,1,0,0,1,0,0,0,0,0,0,0,1,0
-1.0733963977983982,0.44956249544859894,1,0,1,0,-0.3785934192715759,1.478170076718815,0.0,0,0,0,0,1,1,0,0,0,0,1,0,0,0,0
-0.41786490659483044,-0.7224825068119515,1,0,1,0,-1.1006521028582368,1.478170076718815,0.0,0,0,1,0,0,1,0,0,0,0,1,0,0,0,0
-0.5552812233710018,-1.2104423750360884,1,0,1,0,-1.2450638395755689,0.2985241478694439,0.0,0,0,0,0,1,0,1,0,0,0,0,1,0,0,0
-0.4248783691292544,-0.15313996301935004,1,0,1,0,-0.8118286294235724,0.8883471122941295,0.0,0,0,0,0,1,0,1,0,0,0,0,0,1,0,0
0.588287267691842,0.751887799710562,1,0,1,0,0.05464179088042058,-1.4709447454046127,0.0,0,0,0,0,1,0,1,0,0,0,0,0,0,0,1
1.6341987121387678,-0.5876894872309664,0,0,0,1,-0.08976994583691159,1.478170076718815,0.0,0,0,1,0,0,0,0,0,1,0,1,0,0,0,0
0.6358291737452303,0.2603160957631767,1,0,0,0,-0.5230051559889081,0.8883471122941295,0.0,0,0,1,0,0,0,0,1,0,0,0,0,1,0,0
-1.3963373286955434,0.8952578516176375,1,0,1,0,1.6431708947710744,-0.29129881655524165,0.0,0,0,0,1,0,0,0,1,0,1,0,0,0,0,0
0.7404402467723986,-0.4715073347776492,0,0,1,0,-0.08976994583691159,-0.8811217809799272,0.0,0,0,0,1,0,0,1,0,0,0,0,0,0,1,0
0.8933833766669033,-0.3590232193774911,1,0,1,0,0.9211122111844136,0.8883471122941295,0.0,0,0,0,0,1,1,0,0,0,0,0,0,1,0,0
-0.9371373373028321,-0.5390977975604406,1,0,1,0,-0.6674168927062403,-1.4709447454046127,0.0,0,0,0,1,0,1,0,0,0,0,0,0,0,0,1
0.7537539383631695,-1.6623873276236352,1,0,1,0,-0.6674168927062403,-0.8811217809799272,0.0,0,0,0,0,1,1,0,0,0,0,0,0,0,1,0
-1.1282279695468385,-0.04719852855939552,1,0,1,0,1.2099356846190779,-0.8811217809799272,0.0,0,0,1,0,0,0,0,0,1,0,0,0,0,1,0
0.7310213693707346,1.5498362704257007,1,0,1,0,-1.6782990497275654,1.478170076718815,0.0,0,0,0,0,1,0,0,1,0,0,1,0,0,0,0
1.1714500345683696,1.4447051284669055,1,0,0,0,-1.2450638395755689,-0.8811217809799272,0.0,0,0,0,0,1,0,1,0,0,0,0,0,0,1,0
1.006028815050057,-1.4398068736618383,1,1,1,0,-0.8118286294235724,0.2985241478694439,0.0,0,0,0,1,0,0,0,0,1,0,0,1,0,0,0
-0.9152578514900579,-0.4730934392480018,1,0,0,0,1.0655239479017458,-0.8811217809799272,0.0,0,0,0,0,1,1,0,0,0,0,0,0,0,1,0
0.29884034032399964,0.6783925458289042,1,0,1,0,0.9211122111844136,-1.4709447454046127,0.0,0,0,1,0,0,0,0,0,1,0,0,0,0,0,1
-0.22284799397886104,0.5621845329766141,1,0,1,0,0.48787700103241705,1.478170076718815,0.0,0,0,1,0,0,1,0,0,0,0,1,0,0,0,0
0.11655324679468906,1.010431448511002,0,0,1,1,0.3434652643150849,-0.29129881655524165,0.0,0,0,0,0,1,0,0,0,1,1,0,0,0,0,0
-1.5422565073280055,1.3184719009460284,1,0,1,0,-0.8118286294235724,-0.8811217809799272,0.0,0,0,1,0,0,1,0,0,0,0,0,0,0,1,0
0.37888681326798607,0.6165517117511409,1,0,0,0,0.9211122111844136,-0.29129881655524165,0.0,0,0,0,0,1,0,0,0,1,1,0,0,0,0,0
1.7338206470619368,-1.5307665169833549,1,0,0,1,1.0655239479017458,-0.29129881655524165,0.0,0,0,0,1,0,0,1,0,0,1,0,0,0,0,0
-1.630938699344787,-1.2962816593609237,1,0,0,0,-0.08976994583691159,0.8883471122941295,0.0,0,0,0,1,0,0,0,0,1,0,0,0,1,0,0
1.198570387947994,-1.1939779210231904,1,0,0,0,0.48787700103241705,-0.8811217809799272,0.0,0,0,1,0,0,0,1,0,0,0,0,0,0,1,0
0.057687011155558306,-0.030104804838151505,0,1,0,0,-1.1006521028582368,0.8883471122941295,0.0,0,0,0,1,0,0,0,0,1,0,0,0,1,0,0
-0.07373324966521082,0.14707340865980645,0,0,0,0,0.48787700103241705,1.478170076718815,0.0,0,0,0,0,1,0,0,1,0,0,1,0,0,0,0
1.530206474041108,0.13993593854322026,1,0,1,0,-0.8118286294235724,-0.8811217809799272,0.0,0,0,1,0,0,1,0,0,0,0,0,0,0,1,0
-1.482002263400656,1.5345786350315496,1,0,0,1,0.6322887377497493,-0.29129881655524165,0.0,0,0,0,1,0,0,1,0,0,1,0,0,0,0,0
0.8966978145944379,1.638270214780841,1,0,0,1,-1.6782990497275654,-0.29129881655524165,0.0,0,0,1,0,0,0,0,0,1,1,0,0,0,0,0
0.2510047498972852,-1.5809701715232065,1,0,1,0,-1.1006521028582368,-1.4709447454046127,0.0,0,0,1,0,0,1,0,0,0,0,0,0,0,0,1
1.573580858987301,-0.2970186027728979,0,0,1,0,-1.6782990497275654,-1.4709447454046127,0.0,0,0,0,0,1,0,0,0,1,0,0,0,0,0,1
-0.3689105185554464,-0.1341929107050311,1,0,1,0,0.9211122111844136,-1.4709447454046127,0.0,0,0,1,0,0,0,0,0,1,0,0,0,0,0,1
0.6165508923819132,-1.621226192591391,1,0,0,1,-1.389475576292901,-0.8811217809799272,0.0,0,0,1,0,0,0,0,1,0,0,0,0,0,1,0
0.8506802702883121,-1.4603658908454829,1,0,1,0,-0.6674168927062403,1.478170076718815,0.0,0,0,0,1,0,1,0,0,0,0,1,0,0,0,0
0.4406269602746625,0.5433667826571609,0,0,0,1,-0.3785934192715759,-0.29129881655524165,0.0,0,0,0,1,0,0,0,1,0,1,0,0,0,0,0
-1.1570684742559427,-1.2113302487341662,0,0,1,0,0.6322887377497493,1.478170076718815,0.0,0,0,0,0,1,0,1,0,0,0,1,0,0,0,0
1.432706758339472,-1.3432269036301598,1,0,1,0,-0.23418168255424376,0.8883471122941295,0.0,0,0,1,0,0,0,1,0,0,0,0,0,1,0,0
1.6658851582751015,1.2358306859608712,1,0,0,0,-1.1006521028582368,-0.29129881655524165,0.0,0,0,1,0,0,0,1,0,0,1,0,0,0,0,0
-1.1257106749183312,-1.180340870631356,1,0,1,0,-0.23418168255424376,-0.8811217809799272,0.0,0,0,0,0,1,0,1,0,0,0,0,0,0,1,0
-0.706535668118883,1.341797980819799,1,0,1,1,-0.6674168927062403,-0.8811217809799272,0.0,0,0,1,0,0,0,0,0,1,0,0,0,0,1,0
-0.7800441675138301,-0.47422267666982876,1,0,1,0,-1.5338873130102333,-0.29129881655524165,0.0,0,0,1,0,0,1,0,0,0,1,0,0,0,0,0
0.7145680519794089,-0.9601481935080788,1,0,0,0,-1.5338873130102333,1.478170076718815,0.0,0,0,1,0,0,0,1,0,0,0,1,0,0,0,0
0.45832144376754363,-1.3532779786977192,1,0,0,0,0.9211122111844136,-0.29129881655524165,0.0,0,0,0,1,0,1,0,0,0,1,0,0,0,0,0
0.6888322106454634,-0.7534115439838244,1,0,1,1,-0.23418168255424376,0.2985241478694439,0.0,0,0,1,0,0,0,1,0,0,0,0,1,0,0,0
-1.0135057630951665,-0.00915788166991014,1,0,0,0,-1.1006521028582368,-0.29129881655524165,0.0,0,0,1,0,0,0,0,0,1,1,0,0,0,0,0
-0.10325202542699635,0.48337927717247214,0,0,1,0,-0.8118286294235724,0.2985241478694439,0.0,0,0,0,0,1,1,0,0,0,0,0,1,0,0,0
0.8137179941597327,1.0611609311633075,1,0,1,0,-0.23418168255424376,1.478170076718815,0.0,0,0,1,0,0,0,0,0,1,0,1,0,0,0,0
-0.08285145020846987,1.1629733219205507,0,0,1,0,-0.5230051559889081,1.478170076718815,0.0,0,0,0,0,1,0,0,0,1,0,1,0,0,0,0
1.2653486204542244,0.42199531014323405,1,0,1,0,-1.389475576292901,0.2985241478694439,0.0,0,0,0,1,0,0,1,0,0,0,0,1,0,0,0
1.7054521350956777,0.841080315768914,1,0,1,0,-0.23418168255424376,-0.29129881655524165,0.0,0,0,0,0,1,0,0,1,0,1,0,0,0,0,0
1.0195243112528865,-1.27309350161501,1,0,1,0,0.9211122111844136,1.478170076718815,0.0,0,0,0,0,1,1,0,0,0,0,1,0,0,0,0
0.1452573980447491,-1.3677770423886586,1,0,1,0,-1.1006521028582368,0.2985241478694439,0.0,0,0,0,0,1,0,1,0,0,0,0,1,0,0,0
-1.3788386347848793,-1.142455386135709,1,0,1,0,-0.9562403661409046,-0.29129881655524165,0.0,0,0,0,1,0,1,0,0,0,1,0,0,0,0,0
-1.642832916464483,-0.8760156955154705,1,0,0,0,0.19905352759775274,-0.8811217809799272,0.0,0,0,1,0,0,0,0,0,1,0,0,0,0,1,0
1.4482755263682807,1.368778997081772,1,0,0,0,-1.1006521028582368,-0.8811217809799272,0.0,0,0,0,0,1,1,0,0,0,0,0,0,0,1,0
-0.6652835023942228,0.6924088820723451,0,0,1,0,1.35434742133641,0.2985241478694439,0.0,0,0,0,1,0,0,0,1,0,0,0,1,0,0,0
-1.4535288641582091,1.439834753326964,1,0,1,0,-0.23418168255424376,0.2985241478694439,0.0,0,0,1,0,0,0,1,0,0,0,0,1,0,0,0
-1.5998990580782786,-0.043276368048469856,1,0,1,0,-0.5230051559889081,-1.4709447454046127,0.0,0,0,0,0,1,0,1,0,0,0,0,0,0,0,1
1.4779376480741895,1.2793192569006977,0,0,0,0,-1.1006521028582368,1.478170076718815,0.0,0,0,0,0,1,0,0,1,0,0,1,0,0,0,0
-0.9069997266115386,1.2419251199855403,1,0,1,0,-0.23418168255424376,-1.4709447454046127,0.0,0,0,1,0,0,0,0,1,0,0,0,0,0,0,1
-1.1360280866526709,1.530699575185579,1,0,1,1,-0.23418168255424376,1.478170076718815,0.0,0,0,0,1,0,0,1,0,0,0,1,0,0,0,0
-1.402441768169673,-1.6626545517463576,0,0,1,0,-0.6674168927062403,0.8883471122941295,0.0,0,0,1,0,0,1,0,0,0,0,0,0,1,0,0
0.547685403079546,0.35437898696146974,1,0,1,0,1.2099356846190779,-1.4709447454046127,0.0,0,0,0,1,0,1,0,0,0,0,0,0,0,0,1
-1.4103922237047082,-0.980069320850386,0,0,0,0,-0.9562403661409046,-0.29129881655524165,0.0,0,0,0,0,1,0,0,0,1,1,0,0,0,0,0
1.109954624539465,-1.5406365692581026,1,0,1,0,-0.3785934192715759,1.478170076718815,0.0,0,0,0,1,0,0,0,0,1,0,1,0,0,0,0
0.13986619204869666,-0.9782332325232931,1,1,1,1,1.35434742133641,-1.4709447454046127,0.0,0,0,0,0,1,1,0,0,0,0,0,0,0,0,1
0.4865885647001548,0.6727032580548139,0,0,0,0,1.35434742133641,1.478170076718815,0.0,0,0,0,0,1,1,0,0,0,0,1,0,0,0,0
-0.8833651270438886,0.291107210807193,1,0,1,0,0.9211122111844136,0.2985241478694439,0.0,0,0,1,0,0,0,0,1,0,0,0,1,0,0,0
0.45706279645329023,-0.8905061390734187,0,0,1,0,0.9211122111844136,-1.4709447454046127,0.0,0,0,1,0,0,1,0,0,0,0,0,0,0,0,1
-0.6727235065184771,1.631512030515861,1,0,1,0,0.9211122111844136,1.478170076718815,0.0,0,0,0,0,1,1,0,0,0,0,1,0,0,0,0
0.24664493545041272,-0.3057852780247913,1,0,1,0,0.3434652643150849,0.2985241478694439,0.0,0,0,1,0,0,1,0,0,0,0,0,1,0,0,0
0.4224779652516342,-1.5099575159429701,1,0,1,0,1.0655239479017458,0.2985241478694439,0.0,0,0,0,1,0,0,1,0,0,0,0,1,0,0,0
-0.41801874126657257,1.228831137972142,0,0,1,0,-1.6782990497275654,1.478170076718815,0.0,0,0,0,0,1,1,0,0,0,0,1,0,0,0,0
0.8840274316309518,0.7180968783856616,1,0,0,1,0.19905352759775274,0.2985241478694439,0.0,0,0,1,0,0,1,0,0,0,0,0,1,0,0,0
-1.1022438949925817,0.9736924417031643,1,0,1,1,1.35434742133641,-0.8811217809799272,0.0,0,0,0,0,1,0,0,1,0,0,0,0,0,1,0
-1.0571004113213542,0.01856446602929383,1,0,1,0,1.6431708947710744,-1.4709447454046127,0.0,0,0,1,0,0,0,1,0,0,0,0,0,0,0,1
0.440347260871495,1.2388304922417548,1,1,1,0,-0.8118286294235724,0.2985241478694439,0.0,0,0,0,0,1,0,1,0,0,0,0,1,0,0,0
0.6894090906644962,0.7408367892160409,1,0,1,0,-0.5230051559889081,0.8883471122941295,0.0,0,0,1,0,0,1,0,0,0,0,0,0,1,0,0
-1.5617410670011584,-1.3574328827994036,0,0,1,1,-1.389475576292901,-1.4709447454046127,0.0,0,0,1,0,0,1,0,0,0,0,0,0,0,0,1
1.6528371811173397,0.19893212873393862,1,0,0,0,-1.6782990497275654,0.8883471122941295,0.0,0,0,0,1,0,0,0,0,1,0,0,0,1,0,0
-1.6481926562776794,1.0409036186343497,1,0,1,1,-0.5230051559889081,-1.4709447454046127,0.0,0,0,0,0,1,0,0,1,0,0,0,0,0,0,1
-0.11024451050618277,0.38991979528355214,1,0,1,0,-0.5230051559889081,1.478170076718815,0.0,0,0,1,0,0,0,0,1,0,0,1,0,0,0,0
-0.07160753420113818,1.1260963929848564,1,0,1,1,0.19905352759775274,-1.4709447454046127,0.0,0,0,0,1,0,0,1,0,0,0,0,0,0,0,1
1.6909532172839843,0.7577494901444729,1,0,1,0,0.3434652643150849,0.8883471122941295,0.0,0,0,0,0,1,0,0,0,1,0,0,0,1,0,0
1.3296550094849622,0.24140352398082188,1,0,1,0,-0.8118286294235724,0.8883471122941295,0.0,0,0,1,0,0,0,1,0,0,0,0,0,1,0,0
0.6979574036738014,-0.8348373202172442,1,0,0,0,0.6322887377497493,-0.8811217809799272,0.0,0,0,0,0,1,0,0,0,1,0,0,0,0,1,0
-1.2671197006747181,-1.360165464957565,1,0,1,0,0.3434652643150849,-0.29129881655524165,0.0,0,0,1,0,0,0,0,1,0,1,0,0,0,0,0
-0.9590098306305272,0.3132350921952075,1,0,1,0,-0.6674168927062403,-1.4709447454046127,0.0,0,0,0,1,0,0,0,1,0,0,0,0,0,0,1
-1.6595694295015158,-0.6907345570059293,1,0,1,0,-1.5338873130102333,-0.8811217809799272,0.0,0,0,1,0,0,0,1,0,0,0,0,0,0,1,0
-0.11006270589412377,0.2689276086212318,1,0,1,0,0.48787700103241705,0.2985241478694439,0.0,0,0,0,0,1,1,0,0,0,0,0,1,0,0,0
1.6019388822259417,1.7107569131025464,1,0,1,0,-1.6782990497275654,-0.29129881655524165,0.0,0,0,0,1,0,1,0,0,0,1,0,0,0,0,0
-0.08713085107693189,0.19425139651980083,1,0,1,0,0.7767004744670813,-0.8811217809799272,0.0,0,0,0,0,1,0,1,0,0,0,0,0,0,1,0
1.0308975882341835,-0.5213748041308502,1,0,1,0,1.6431708947710744,1.478170076718815,0.0,0,0,1,0,0,0,1,0,0,0,1,0,0,0,0
0.7809407203510463,-0.2520818494905754,1,0,1,0,0.19905352759775274,-1.4709447454046127,0.0,0,0,0,0,1,0,0,0,1,0,0,0,0,0,1
-0.9826933775937315,0.5097741243910546,1,0,1,1,-0.3785934192715759,0.2985241478694439,0.0,0,0,0,1,0,0,0,0,1,0,0,1,0,0,0
-1.1575754294241838,-1.529111451449074,1,0,1,0,-1.5338873130102333,1.478170076718815,0.0,0,0,0,0,1,0,1,0,0,0,1,0,0,0,0
0.16142052730528866,0.18577780578960273,1,0,1,0,1.6431708947710744,0.2985241478694439,0.0,0,0,0,0,1,0,0,0,1,0,0,1,0,0,0
-1.190859658401111,-1.401076616133069,0,0,1,0,0.9211122111844136,-0.8811217809799272,0.0,0,0,0,0,1,0,0,0,1,0,0,0,0,1,0
1.0786178026570912,0.8621479207990302,0,0,1,0,0.05464179088042058,-0.29129881655524165,0.0,0,0,1,0,0,0,0,1,0,1,0,0,0,0,0
-0.11804462761201504,-0.07021428364548837,1,0,1,0,-0.5230051559889081,0.2985241478694439,0.0,0,0,1,0,0,0,1,0,0,0,0,1,0,0,0
-1.4144513612931757,0.4084530812143009,1,0,1,0,-0.8118286294235724,-1.4709447454046127,0.0,0,0,0,1,0,0,0,1,0,0,0,0,0,0,1
1.2324070232461775,-0.0013652814460046521,1,0,1,1,0.05464179088042058,-1.4709447454046127,0.0,0,0,0,0,1,0,0,0,1,0,0,0,0,0,1
0.5043284993460506,-0.6285661578745062,1,0,1,0,-0.6674168927062403,0.2985241478694439,0.0,0,0,0,1,0,0,0,1,0,0,0,1,0,0,0
0.5600551091846269,1.0116296469967576,1,1,0,0,-0.5230051559889081,0.2985241478694439,0.0,0,0,0,1,0,0,0,1,0,0,0,1,0,0,0
0.8663539255933084,1.3520559390791433,0,0,0,0,-1.6782990497275654,-0.8811217809799272,0.0,0,0,1,0,0,0,0,1,0,0,0,0,0,1,0
1.0114025398334117,0.7613958063996854,1,0,1,1,0.05464179088042058,-0.29129881655524165,0.0,0,0,1,0,0,0,0,0,1,1,0,0,0,0,0
-0.3069780782090924,-1.6520776485663444,1,0,1,1,-1.1006521028582368,-1.4709447454046127,0.0,0,0,0,0,1,0,0,0,1,0,0,0,0,0,1
1.6561621077724928,-0.9911548118768709,1,0,1,1,-0.23418168255424376,-1.4709447454046127,0.0,0,0,0,1,0,0,1,0,0,0,0,0,0,0,1
-1.6481437088821251,0.13813433074809192,1,0,1,0,-0.23418168255424376,0.2985241478694439,0.0,0,0,0,1,0,0,0,0,1,0,0,1,0,0,0
-0.8259952832117038,1.4367746061151425,1,0,0,1,1.2099356846190779,-0.8811217809799272,0.0,0,0,1,0,0,1,0,0,0,0,0,0,0,1,0
-1.2817724531581531,-1.5750136596263937,1,0,1,0,-1.6782990497275654,0.8883471122941295,0.0,0,0,0,0,1,0,0,1,0,0,0,0,1,0,0
-0.6557142865633563,-0.5661822554183069,0,0,0,0,1.4987591580537423,1.478170076718815,0.0,0,0,1,0,0,0,1,0,0,0,1,0,0,0,0
0.5322285148120045,-0.3433173370678052,1,0,1,0,0.05464179088042058,0.8883471122941295,0.0,0,0,0,1,0,0,1,0,0,0,0,0,1,0,0
-1.026092236237702,-1.472606479692768,1,0,1,0,-1.5338873130102333,1.478170076718815,0.0,0,0,0,0,1,1,0,0,0,0,1,0,0,0,0
-0.9630619757339158,-0.4810239615997639,1,0,1,0,-0.9562403661409046,1.478170076718815,0.0,0,0,0,0,1,0,1,0,0,0,1,0,0,0,0
0.07438506552465521,-1.6280360976543171,1,0,1,0,-0.5230051559889081,1.478170076718815,0.0,0,0,0,1,0,1,0,0,0,0,1,0,0,0,0
1.3869619209514343,-1.4415912411909848,1,0,1,1,0.7767004744670813,-1.4709447454046127,0.0,0,0,1,0,0,0,0,1,0,0,0,0,0,0,1
-0.2667922664590079,-1.0464271046154576,1,0,1,0,-0.6674168927062403,0.8883471122941295,0.0,0,0,0,1,0,1,0,0,0,0,0,0,1,0,0
1.3241589162127219,1.2423130259701374,1,0,1,1,-1.5338873130102333,-0.8811217809799272,0.0,0,0,0,1,0,1,0,0,0,0,0,0,0,1,0
1.343556069822385,0.8612772873669344,1,0,1,0,0.7767004744670813,-0.29129881655524165,0.0,0,0,0,0,1,0,0,1,0,1,0,0,0,0,0
0.097086168334234,-0.6848556263060359,0,0,1,1,-0.3785934192715759,1.478170076718815,0.0,0,0,0,0,1,0,1,0,0,0,1,0,0,0,0
-0.2953076206119302,0.6796424651126056,1,0,1,0,-1.6782990497275654,0.8883471122941295,0.0,0,0,0,0,1,0,0,1,0,0,0,0,1,0,0
-0.11614966415555548,-0.4055805576621299,1,0,1,0,-0.3785934192715759,0.2985241478694439,0.0,0,0,0,1,0,1,0,0,0,0,0,1,0,0,0
1.2896964534999518,0.4473729816688733,1,0,0,0,-0.6674168927062403,0.2985241478694439,0.0,0,0,1,0,0,1,0,0,0,0,0,1,0,0,0
1.2664569293392753,0.0292620510711817,1,0,1,0,0.6322887377497493,0.2985241478694439,0.0,0,0,0,0,1,0,0,1,0,0,0,1,0,0,0
1.7209474820311548,1.307817416569096,1,0,1,0,0.05464179088042058,-1.4709447454046127,0.0,0,0,1,0,0,0,1,0,0,0,0,0,0,0,1
1.6121024592885391,-0.9801210416483322,0,1,1,1,-0.8118286294235724,0.8883471122941295,0.0,0,0,1,0,0,0,0,1,0,0,0,0,1,0,0
1.6597107939501798,0.015599140280373984,1,0,1,0,1.4987591580537423,0.8883471122941295,0.0,0,0,0,1,0,0,0,0,1,0,0,0,1,0,0
-0.6058438829785987,-0.17445755190620663,1,0,0,0,1.35434742133641,0.2985241478694439,0.0,0,0,1,0,0,0,0,1,0,0,0,1,0,0,0
-1.1019851730446517,-0.6427204162458037,1,0,1,0,0.05464179088042058,-0.8811217809799272,0.0,0,0,0,1,0,0,0,1,0,0,0,0,0,1,0
0.6905943168854184,1.4012596581920336,1,0,1,0,1.35434742133641,1.478170076718815,0.0,0,0,0,1,0,0,0,1,0,0,1,0,0,0,0
0.016749507259461408,0.25616981179448367,1,0,0,0,-0.8118286294235724,-0.8811217809799272,0.0,0,0,1,0,0,0,0,1,0,0,0,0,0,1,0
0.9755730462876604,1.0879695447654607,1,0,1,0,-1.5338873130102333,0.2985241478694439,0.0,0,0,1,0,0,0,0,0,1,0,0,1,0,0,0
0.14858232469990232,-0.10914280423305166,1,0,1,1,-0.3785934192715759,0.2985241478694439,0.0,0,0,1,0,0,0,0,0,1,0,0,1,0,0,0
0.20766183113394845,-0.298182320726689,0,0,1,1,-1.6782990497275654,-1.4709447454046127,0.0,0,0,0,0,1,0,0,1,0,0,0,0,0,0,1
0.15335819200898657,-0.3532477302734901,1,0,1,0,0.9211122111844136,-1.4709447454046127,0.0,0,0,0,1,0,1,0,0,0,0,0,0,0,0,1
-1.4827819254869854,-0.9181336653097208,1,0,1,0,1.2099356846190779,-0.29129881655524165,0.0,0,0,0,0,1,0,0,1,0,1,0,0,0,0,0
1.3874129362390422,-1.395266646497104,1,0,1,0,0.19905352759775274,-0.8811217809799272,0.0,0,0,1,0,0,0,0,0,1,0,0,0,0,1,0
1.1550072059046632,0.9810281748785445,1,0,1,0,1.2099356846190779,-0.8811217809799272,0.0,0,0,0,1,0,0,1,0,0,0,0,0,0,1,0
0.38368365803230803,0.07487117472680557,1,0,0,0,0.9211122111844136,1.478170076718815,0.0,0,0,1,0,0,1,0,0,0,0,1,0,0,0,0
0.830122364155504,0.2592989200702334,0,0,1,0,-0.8118286294235724,-1.4709447454046127,0.0,0,0,0,0,1,0,0,0,1,0,0,0,0,0,1
1.2053670834449635,-1.1982793673857224,1,1,1,0,0.48787700103241705,-1.4709447454046127,0.0,0,0,1,0,0,1,0,0,0,0,0,0,0,0,1
-0.5874012035822446,0.5195493552029009,1,0,0,0,-1.1006521028582368,0.8883471122941295,0.0,0,0,0,0,1,1,0,0,0,0,0,0,1,0,0
0.3447180349285415,0.6641520861276963,1,0,0,0,-1.389475576292901,0.2985241478694439,0.0,0,0,1,0,0,0,0,0,1,0,0,1,0,0,0
0.014092362929370444,0.17043396906554084,1,0,0,0,-1.2450638395755689,1.478170076718815,0.0,0,0,1,0,0,0,0,1,0,0,1,0,0,0,0
-1.4266357665436582,1.5365957461514546,1,0,1,0,0.19905352759775274,-0.8811217809799272,0.0,0,0,0,1,0,0,0,0,1,0,0,0,0,1,0
-1.2083688410393938,1.2019880438380246,0,0,1,1,-0.08976994583691159,-0.29129881655524165,0.0,0,0,0,0,1,0,1,0,0,1,0,0,0,0,0
0.41573371339275894,-0.6822954468076954,1,0,1,0,-0.08976994583691159,-0.8811217809799272,0.0,0,0,1,0,0,0,1,0,0,0,0,0,0,1,0
-1.589700518590285,-0.00709766988504988,1,0,0,0,0.05464179088042058,-0.8811217809799272,0.0,0,0,1,0,0,0,1,0,0,0,0,0,0,1,0
-0.27306802181757794,1.3778128964563887,1,0,1,1,-0.5230051559889081,-0.8811217809799272,0.0,0,0,1,0,0,1,0,0,0,0,0,0,0,1,0
1.5766121012691285,1.61452174839051,1,0,1,0,-1.389475576292901,-0.29129881655524165,0.0,0,0,1,0,0,0,0,0,1,1,0,0,0,0,0
-0.07147817322717326,1.1618613247647058,1,0,0,0,-1.5338873130102333,1.478170076718815,0.0,0,0,1,0,0,0,0,1,0,0,1,0,0,0,0
1.4306579602112701,0.5530644322720876,1,0,0,0,0.48787700103241705,1.478170076718815,0.0,0,0,1,0,0,0,0,1,0,0,1,0,0,0,0
-0.174890035063261,-1.2464745309386602,0,0,0,0,-0.08976994583691159,-0.8811217809799272,0.0,0,0,0,0,1,0,0,1,0,0,0,0,0,1,0
0.31772354628034233,-1.2193814529478029,1,0,1,0,-0.3785934192715759,1.478170076718815,0.0,0,0,0,1,0,0,1,0,0,0,1,0,0,0,0
-1.4894597487376082,1.579360225920033,1,0,1,0,-0.3785934192715759,-0.29129881655524165,0.0,0,0,0,1,0,1,0,0,0,1,0,0,0,0,0
-1.196499097617475,-0.04805192172550927,1,0,0,0,0.3434652643150849,1.478170076718815,0.0,0,0,1,0,0,0,0,1,0,0,1,0,0,0,0
-0.683708700577879,0.3426469859606565,1,0,1,0,-1.2450638395755689,0.2985241478694439,0.0,0,0,0,0,1,1,0,0,0,0,0,1,0,0,0
1.3699107460858382,-0.5558122354300785,1,0,1,1,-0.08976994583691159,-0.29129881655524165,0.0,0,0,0,1,0,0,0,0,1,1,0,0,0,0,0
-0.6722969649286468,0.4862584015914816,1,0,0,0,-1.5338873130102333,-0.29129881655524165,0.0,0,0,0,0,1,0,0,1,0,1,0,0,0,0,0
-1.2730982754174223,-0.042483315813293565,0,0,1,0,-1.2450638395755689,-0.29129881655524165,0.0,0,0,1,0,0,0,1,0,0,1,0,0,0,0,0
1.1322816293973075,-0.6657792719968516,0,0,0,0,-0.23418168255424376,1.478170076718815,0.0,0,0,0,0,1,0,1,0,0,0,1,0,0,0,0
1.2928710417259024,-1.1806856759509978,1,0,1,0,-1.2450638395755689,-0.29129881655524165,0.0,0,0,0,0,1,1,0,0,0,1,0,0,0,0,0
1.6288459648106508,0.32524293745173477,1,0,1,0,0.19905352759775274,-0.8811217809799272,0.0,0,0,1,0,0,0,0,1,0,0,0,0,0,1,0
-0.10761883235894819,0.10525714352024247,0,0,1,0,-1.5338873130102333,0.8883471122941295,0.0,0,0,0,0,1,0,0,0,1,0,0,0,1,0,0
-0.10932849496080907,-0.4818687346328864,1,0,1,0,1.0655239479017458,0.2985241478694439,0.0,0,0,0,0,1,0,0,1,0,0,0,1,0,0,0
0.020280712224450353,-0.9850345174532285,1,0,1,0,-1.1006521028582368,-0.8811217809799272,0.0,0,0,1,0,0,0,0,0,1,0,0,0,0,1,0
0.896781724415388,1.0737290850642525,1,0,1,0,-1.1006521028582368,-1.4709447454046127,0.0,0,0,0,1,0,0,0,0,1,0,0,0,0,0,1
-1.1776263803887508,1.5717227880899667,1,0,0,1,0.6322887377497493,1.478170076718815,0.0,0,0,1,0,0,0,1,0,0,0,1,0,0,0,0
-1.3657487027166422,1.1334062657612638,1,0,1,0,-0.23418168255424376,1.478170076718815,0.0,0,0,0,0,1,0,0,0,1,0,1,0,0,0,0
1.6792722709592034,-0.7762031756121498,1,0,1,1,0.9211122111844136,-0.29129881655524165,0.0,0,0,0,0,1,0,1,0,0,1,0,0,0,0,0
0.8862370569159749,0.38221339638955704,1,0,1,1,-0.23418168255424376,-1.4709447454046127,0.0,0,0,0,0,1,0,1,0,0,0,0,0,0,0,1
-1.4082665082406354,-0.9322362028830722,1,0,1,0,0.3434652643150849,0.2985241478694439,0.0,0,0,0,1,0,0,1,0,0,0,0,1,0,0,0
0.005121004572774329,-0.3260339704207583,0,0,1,0,0.48787700103241705,-1.4709447454046127,0.0,0,0,1,0,0,0,0,0,1,0,0,0,0,0,1
-1.598521538517679,-0.8239069915845979,1,0,1,0,-1.5338873130102333,-0.29129881655524165,0.0,0,0,1,0,0,0,0,0,1,1,0,0,0,0,0
-1.3006801328122732,1.044291330899831,1,0,1,0,0.19905352759775274,-0.8811217809799272,0.0,0,0,1,0,0,1,0,0,0,0,0,0,0,1,0
0.9923794841754852,0.030270606631134137,1,0,0,0,-1.2450638395755689,1.478170076718815,0.0,0,0,0,1,0,0,0,0,1,0,1,0,0,0,0
0.38915527760677127,-0.4433712206948754,1,0,1,0,-0.08976994583691159,-1.4709447454046127,0.0,0,0,0,1,0,0,0,1,0,0,0,0,0,0,1
0.5146459110803903,-1.5062594788898114,1,0,1,0,-1.1006521028582368,0.8883471122941295,0.0,0,0,0,0,1,0,0,1,0,0,0,0,1,0,0
-1.6622125888614483,0.16358096333765948,1,0,0,0,-0.6674168927062403,0.2985241478694439,0.0,0,0,0,0,1,0,0,1,0,0,0,1,0,0,0
0.6470940672077996,0.29357256884263183,1,0,0,1,1.0655239479017458,-0.29129881655524165,0.0,0,0,0,0,1,0,0,0,1,1,0,0,0,0,0
-1.349337340235792,-0.7380935676587357,0,0,1,0,0.19905352759775274,-1.4709447454046127,0.0,0,0,1,0,0,0,0,1,0,0,0,0,0,0,1
1.6570921082880246,0.9525472554761288,1,0,1,0,0.3434652643150849,-0.29129881655524165,0.0,0,0,0,1,0,0,1,0,0,1,0,0,0,0,0
1.256573051679846,0.8986541840161096,1,0,1,0,-0.8118286294235724,-0.29129881655524165,0.0,0,0,0,1,0,0,0,1,0,1,0,0,0,0,0
0.003121153840126926,0.35080163177018603,1,0,1,1,-1.2450638395755689,-0.29129881655524165,0.0,0,0,0,1,0,0,1,0,0,1,0,0,0,0,0
0.32803746177214227,0.9838124778346528,1,0,1,0,-0.08976994583691159,-0.8811217809799272,0.0,0,0,0,1,0,0,1,0,0,0,0,0,0,1,0
1.5260599303891502,-0.4278032605130465,1,0,1,0,-1.389475576292901,0.2985241478694439,0.0,0,0,0,0,1,1,0,0,0,0,0,1,0,0,0
0.5553211967860177,0.12166125660220305,1,0,1,1,0.19905352759775274,-0.8811217809799272,0.0,0,0,1,0,0,0,0,1,0,0,0,0,0,1,0
-0.7210625558708929,1.469350088688305,1,0,1,0,-0.6674168927062403,-0.8811217809799272,0.0,0,0,1,0,0,0,0,1,0,0,0,0,0,1,0
0.07768551848203137,0.22443048212145242,1,0,1,0,0.05464179088042058,1.478170076718815,0.0,0,0,0,0,1,0,0,1,0,0,1,0,0,0,0
0.2219160119678698,-1.0240233789717292,1,0,1,0,-1.389475576292901,-0.29129881655524165,0.0,0,0,0,0,1,0,1,0,0,1,0,0,0,0,0
-1.4834741815098247,-0.020329574026305693,1,0,1,0,1.35434742133641,0.2985241478694439,0.0,0,0,0,0,1,0,0,1,0,0,0,1,0,0,0
0.05120497748715251,1.261027334693698,1,0,1,0,1.35434742133641,0.8883471122941295,0.0,0,0,1,0,0,0,1,0,0,0,0,0,1,0,0
0.08385638656441326,-0.9561225914012602,1,0,1,0,0.9211122111844136,-1.4709447454046127,0.0,0,0,0,0,1,0,1,0,0,0,0,0,0,0,1
1.718178457939797,-0.31332789439195646,1,0,1,0,-1.389475576292901,-0.29129881655524165,0.0,0,0,0,1,0,0,0,0,1,1,0,0,0,0,0
1.370543565985505,1.6899651523281438,1,0,0,0,-1.1006521028582368,-1.4709447454046127,0.0,0,0,0,0,1,0,0,0,1,0,0,0,0,0,1
1.7144060122395761,-0.2715288695183749,1,0,0,0,-0.8118286294235724,-0.8811217809799272,0.0,0,0,0,0,1,0,1,0,0,0,0,0,0,1,0
-1.6794455683391032,0.6945552951871152,1,0,1,0,-0.3785934192715759,0.2985241478694439,0.0,0,0,1,0,0,0,0,1,0,0,0,1,0,0,0
-1.0578381184972083,1.072901552297112,1,0,1,0,1.35434742133641,0.8883471122941295,0.0,0,0,0,1,0,0,0,1,0,0,0,0,1,0,0
0.8065332157408686,0.7373973561526134,1,0,0,0,0.48787700103241705,-1.4709447454046127,0.0,0,0,1,0,0,0,0,0,1,0,0,0,0,0,1
0.16768229769370002,-0.1409941956349666,1,0,1,1,1.6431708947710744,-0.8811217809799272,0.0,0,0,0,0,1,0,1,0,0,0,0,0,0,1,0
-0.9775434123329109,-0.2116275653635966,1,0,1,1,-1.389475576292901,-1.4709447454046127,0.0,0,0,0,1,0,1,0,0,0,0,0,0,0,0,1
0.8400447004828695,1.6181163438477757,1,0,1,0,0.3434652643150849,0.2985241478694439,0.0,0,0,0,0,1,0,0,0,1,0,0,1,0,0,0
1.5422160671646108,-1.1358609843975591,0,0,0,0,-0.3785934192715759,-0.29129881655524165,0.0,0,0,1,0,0,0,1,0,0,1,0,0,0,0,0
0.047750689858034386,-0.3032078582604687,1,0,0,0,-1.1006521028582368,0.2985241478694439,0.0,0,0,0,0,1,0,0,1,0,0,0,1,0,0,0
0.49684304406878166,0.36526621492916084,1,0,1,0,-0.9562403661409046,-1.4709447454046127,0.0,0,0,1,0,0,0,1,0,0,0,0,0,0,0,1
-1.304197352807104,0.7191485346105695,1,1,0,1,0.05464179088042058,0.8883471122941295,0.0,0,0,0,1,0,0,0,1,0,0,0,0,1,0,0
1.3857067698797205,0.25735939014724807,0,0,1,0,1.2099356846190779,1.478170076718815,0.0,0,0,0,1,0,0,1,0,0,0,1,0,0,0,0
-0.9997095900339317,-1.3954821498218801,1,0,0,0,1.0655239479017458,-0.29129881655524165,0.0,0,0,0,0,1,0,0,1,0,1,0,0,0,0,0
1.5070543559439213,1.0132329917330918,1,0,1,0,-1.389475576292901,0.2985241478694439,0.0,0,0,0,0,1,0,0,1,0,0,0,1,0,0,0
-0.7269467320650281,0.5587364797801957,1,0,1,1,-0.9562403661409046,0.8883471122941295,0.0,0,0,1,0,0,0,1,0,0,0,0,0,1,0,0
1.2634151983298296,1.314420438440237,0,0,0,0,1.2099356846190779,-0.29129881655524165,0.0,0,0,0,1,0,0,0,0,1,1,0,0,0,0,0
-0.050364364530569784,1.1455692734116292,1,0,1,0,1.0655239479017458,-0.8811217809799272,0.0,0,0,1,0,0,0,1,0,0,0,0,0,0,1,0
0.8821324681744925,-0.8773776765280558,1,0,0,0,1.2099356846190779,-0.8811217809799272,0.0,0,0,1,0,0,0,1,0,0,0,0,0,0,1,0
1.5258466595942348,0.3392506535621844,1,0,1,0,0.6322887377497493,0.2985241478694439,0.0,0,0,1,0,0,0,0,0,1,0,0,1,0,0,0
-0.10789853176211571,-0.5204955505657636,1,0,1,0,0.7767004744670813,0.2985241478694439,0.0,0,0,1,0,0,0,0,0,1,0,0,1,0,0,0
-0.1537902113368159,-1.0929499623681322,1,0,1,0,-0.08976994583691159,-1.4709447454046127,0.0,0,0,0,1,0,0,0,1,0,0,0,0,0,0,1
0.5585272511948244,-1.1345507241829198,1,0,1,0,1.4987591580537423,-0.8811217809799272,0.0,0,0,1,0,0,0,1,0,0,0,0,0,0,1,0
-1.331261766306095,-0.0474226520171629,0,0,0,0,-0.08976994583691159,-0.29129881655524165,0.0,0,0,0,0,1,0,0,0,1,1,0,0,0,0,0
-1.7074015236856905,-0.6060589906348852,1,0,0,1,0.05464179088042058,-0.29129881655524165,0.0,0,0,0,0,1,1,0,0,0,1,0,0,0,0,0
1.3732566501962296,-0.5105910177590516,1,0,0,0,0.3434652643150849,0.8883471122941295,0.0,0,0,1,0,0,0,0,0,1,0,0,0,1,0,0
0.9584973977242871,-0.7226807698707455,1,0,1,1,-1.6782990497275654,0.8883471122941295,0.0,0,0,1,0,0,0,0,0,1,0,0,0,1,0,0
1.2566394802880978,-0.14586457077490722,1,1,0,0,1.0655239479017458,-0.29129881655524165,0.0,0,0,1,0,0,0,0,0,1,1,0,0,0,0,0
-0.3980656850931141,-1.225389685642562,1,0,1,0,0.48787700103241705,1.478170076718815,0.0,0,0,0,0,1,0,1,0,0,0,1,0,0,0,0
-0.7339706833270709,-1.5930038771787065,1,0,1,0,-1.5338873130102333,-1.4709447454046127,0.0,0,0,0,1,0,0,1,0,0,0,0,0,0,0,1
1.347688628504184,1.0050524855245895,1,0,1,0,-1.6782990497275654,-0.29129881655524165,0.0,0,0,0,0,1,1,0,0,0,1,0,0,0,0,0
-0.44315322888370806,1.3466942163587126,1,0,0,0,0.48787700103241705,0.8883471122941295,0.0,0,0,0,1,0,0,0,1,0,0,0,0,1,0,0
1.2189150232858872,-0.34205879765111286,1,0,1,1,0.9211122111844136,-0.8811217809799272,0.0,0,0,1,0,0,0,0,0,1,0,0,0,0,1,0
-1.5050739679194316,-1.6798775774624675,1,0,0,0,-0.08976994583691159,0.2985241478694439,0.0,0,0,0,0,1,0,1,0,0,0,0,1,0,0,0
-1.6776205297334355,-0.850750085718715,0,0,1,1,-0.23418168255424376,-1.4709447454046127,0.0,0,0,0,1,0,1,0,0,0,0,0,0,0,0,1
0.9628397309584619,0.5111964463345773,1,0,1,0,0.6322887377497493,-0.29129881655524165,0.0,0,0,0,0,1,0,0,0,1,1,0,0,0,0,0
0.9876840304448113,0.38208409439469165,1,0,1,0,-0.8118286294235724,0.8883471122941295,0.0,0,0,0,1,0,0,0,0,1,0,0,0,1,0,0
-0.7633845718126685,1.4085091900375029,0,0,1,0,0.19905352759775274,0.2985241478694439,0.0,0,0,0,1,0,0,0,1,0,0,0,1,0,0,0
0.4386236132994754,0.4738885107493308,1,0,1,0,1.35434742133641,1.478170076718815,0.0,0,0,1,0,0,1,0,0,0,0,1,0,0,0,0
0.9863169996118304,-0.13968393542032723,1,0,1,0,-0.8118286294235724,1.478170076718815,0.0,0,0,0,1,0,0,1,0,0,0,1,0,0,0,0
0.17426921863829367,-0.6783905265627515,1,0,0,0,0.6322887377497493,-0.8811217809799272,0.0,0,0,0,0,1,0,1,0,0,0,0,0,0,1,0
0.15311345503121512,-0.7366281450502576,0,0,1,1,0.3434652643150849,0.2985241478694439,0.0,0,0,0,0,1,0,1,0,0,0,0,1,0,0,0
-1.2142145585655937,-0.8590426536561011,0,0,1,0,1.0655239479017458,-0.29129881655524165,0.0,0,0,0,0,1,0,0,1,0,1,0,0,0,0,0
-1.388855369660814,1.3553402097487321,1,0,0,0,1.2099356846190779,1.478170076718815,0.0,0,0,0,0,1,1,0,0,0,0,1,0,0,0,0
-0.42051505843984205,1.1592925251333746,0,0,1,0,1.4987591580537423,0.2985241478694439,0.0,0,0,0,0,1,0,1,0,0,0,0,1,0,0,0
1.654249663103335,-0.11889217464592455,1,0,1,0,-1.1006521028582368,1.478170076718815,0.0,0,0,0,1,0,0,0,0,1,0,1,0,0,0,0
0.1706401188821959,-0.2830970879923586,0,0,0,0,-0.3785934192715759,1.478170076718815,0.0,0,0,0,1,0,1,0,0,0,0,1,0,0,0,0
1.2873434822708052,-1.0107828546974826,1,0,1,0,-1.6782990497275654,-0.29129881655524165,0.0,0,0,1,0,0,0,0,0,1,1,0,0,0,0,0
-0.7567242297747435,1.6898358503332784,1,0,1,1,0.3434652643150849,-1.4709447454046127,0.0,0,0,0,0,1,0,0,1,0,0,0,0,0,0,1
-0.9445773414270864,-1.3355549852681288,1,1,0,0,0.7767004744670813,0.2985241478694439,0.0,0,0,0,0,1,0,0,0,1,0,0,1,0,0,0
0.8127740086740425,-0.6146618833599491,1,1,0,0,-1.6782990497275654,-1.4709447454046127,0.0,0,0,0,0,1,0,0,0,1,0,0,0,0,0,1
-0.18300481399765686,1.2002640172398156,1,0,1,0,0.19905352759775274,1.478170076718815,0.0,0,0,0,0,1,1,0,0,0,0,1,0,0,0,0
0.3764184660350331,-1.0925879167825086,1,0,1,0,-0.3785934192715759,1.478170076718815,0.0,0,0,0,1,0,0,0,1,0,0,1,0,0,0,0
1.399142829959377,-1.1039233916657338,1,0,1,0,0.05464179088042058,1.478170076718815,0.0,0,0,0,1,0,0,1,0,0,0,1,0,0,0,0
0.4359489877566868,0.907136394879299,1,0,0,0,1.6431708947710744,0.2985241478694439,0.0,0,0,1,0,0,1,0,0,0,0,0,1,0,0,0
-0.08112430639391097,-0.5396753464708407,1,0,0,0,-1.6782990497275654,-0.29129881655524165,0.0,0,0,0,0,1,0,0,1,0,1,0,0,0,0,0
-1.2463415312619155,-0.40196872193888206,1,0,1,0,1.4987591580537423,0.8883471122941295,0.0,0,0,1,0,0,1,0,0,0,0,0,0,1,0,0
-0.3202777848297049,1.4681949908675056,1,0,0,0,-1.6782990497275654,-1.4709447454046127,0.0,0,0,0,1,0,0,1,0,0,0,0,0,0,0,1
0.5623276668353625,0.20698333294757565,1,0,1,0,-0.3785934192715759,0.8883471122941295,0.0,0,0,0,1,0,1,0,0,0,0,0,0,1,0,0
-0.7750969843203057,1.2509676394931482,1,0,1,0,-0.08976994583691159,-0.29129881655524165,0.0,0,0,0,1,0,0,0,1,0,1,0,0,0,0,0
1.0837013393096595,0.4283914488225902,1,0,0,0,0.6322887377497493,1.478170076718815,0.0,0,0,1,0,0,0,0,0,1,0,1,0,0,0,0
-0.9287813176332044,1.4972189786483565,1,0,1,0,-1.6782990497275654,0.2985241478694439,0.0,0,0,0,1,0,1,0,0,0,0,0,1,0,0,0
-0.32230910174520855,-1.2614821824760711,0,0,0,0,0.9211122111844136,-0.8811217809799272,0.0,0,0,0,0,1,0,0,0,1,0,0,0,0,1,0
-0.8533813510243373,0.6429293187037414,1,0,1,0,1.35434742133641,-0.29129881655524165,0.0,0,0,0,0,1,0,0,1,0,1,0,0,0,0,0
-1.4129654582138487,0.7060373123311886,1,0,1,1,-0.3785934192715759,-0.29129881655524165,0.0,0,0,1,0,0,0,0,1,0,1,0,0,0,0,0
0.32656204742043415,0.030468869689928207,1,0,1,0,-1.2450638395755689,1.478170076718815,0.0,0,0,1,0,0,0,0,0,1,0,1,0,0,0,0
1.0770130273314178,1.362115634279694,1,0,1,0,0.3434652643150849,0.8883471122941295,0.0,0,0,1,0,0,0,1,0,0,0,0,0,1,0,0
-0.600323316008581,-1.6906182631693107,1,0,1,0,-0.9562403661409046,-0.29129881655524165,0.0,0,0,0,0,1,0,0,1,0,1,0,0,0,0,0
0.43549797246907923,-1.68146368193282,1,0,1,1,1.6431708947710744,0.8883471122941295,0.0,0,0,1,0,0,1,0,0,0,0,0,0,1,0,0
1.166834994416107,-0.04822432438533003,1,0,1,0,0.48787700103241705,-0.8811217809799272,0.0,0,0,0,1,0,0,1,0,0,0,0,0,0,1,0
-0.10022777563024804,0.09952475508119724,1,0,1,0,1.4987591580537423,-0.29129881655524165,0.0,0,0,1,0,0,0,0,0,1,1,0,0,0,0,0
-0.7577731025366214,-1.2948162367524458,1,0,0,0,-0.8118286294235724,0.2985241478694439,0.0,0,0,0,0,1,0,0,1,0,0,0,1,0,0,0
-0.48697513287496935,-0.2706323756873062,1,0,1,1,0.7767004744670813,-0.8811217809799272,0.0,0,0,0,0,1,0,1,0,0,0,0,0,0,1,0
-0.3616383340730924,-0.9758540758177644,1,0,0,0,-0.8118286294235724,1.478170076718815,0.0,0,0,0,0,1,0,0,1,0,0,1,0,0,0,0
0.9148363208898475,-0.06594731781492041,1,0,1,1,0.48787700103241705,-0.8811217809799272,0.0,0,0,0,0,1,0,0,1,0,0,0,0,0,1,0
1.744826818576576,-0.8162781738875223,1,0,1,0,-1.389475576292901,0.2985241478694439,0.0,0,0,0,1,0,0,0,1,0,0,0,1,0,0,0
-1.6586009703180482,1.6570017637703842,1,0,1,0,0.9211122111844136,-0.8811217809799272,0.0,0,0,1,0,0,0,0,1,0,0,0,0,0,1,0
-0.5067848431043044,-1.5302837895358565,0,1,1,1,0.6322887377497493,-1.4709447454046127,0.0,0,0,0,1,0,0,1,0,0,0,0,0,0,0,1
1.4179875772477846,0.07681070464979091,1,0,1,0,-0.8118286294235724,0.2985241478694439,0.0,0,0,0,0,1,1,0,0,0,0,0,1,0,0,0
-0.6656366228907217,0.07628487653733738,1,0,0,0,0.3434652643150849,-1.4709447454046127,0.0,0,0,1,0,0,0,0,0,1,0,0,0,0,0,1
-1.4345827258361534,1.244571500813792,1,0,0,0,1.2099356846190779,1.478170076718815,0.0,0,0,0,1,0,1,0,0,0,0,1,0,0,0,0
-0.3293610229475681,0.5326605774822818,0,0,1,0,1.2099356846190779,0.8883471122941295,0.0,0,0,1,0,0,1,0,0,0,0,0,0,1,0,0
1.2579400825128269,-0.3807545746479179,1,0,0,0,0.6322887377497493,0.8883471122941295,0.0,0,0,1,0,0,0,0,0,1,0,0,0,1,0,0
-0.65662680586619,-0.8890148560659678,1,0,1,0,1.2099356846190779,0.2985241478694439,0.0,0,0,1,0,0,1,0,0,0,0,0,1,0,0,0
-0.1345259149436575,-1.474252925094058,1,0,1,0,1.4987591580537423,0.2985241478694439,0.0,0,0,0,1,0,0,1,0,0,0,0,1,0,0,0
-0.1801763537831259,1.0764702873554053,0,0,1,0,1.2099356846190779,0.8883471122941295,0.0,0,0,0,0,1,1,0,0,0,0,0,0,1,0,0
1.3043142435579909,0.3084509183851773,1,0,1,0,0.19905352759775274,-0.29129881655524165,0.0,0,0,0,0,1,0,0,1,0,1,0,0,0,0,0
-0.8758447093412236,1.1012617898376535,1,0,1,0,1.4987591580537423,0.8883471122941295,0.0,0,0,0,0,1,0,1,0,0,0,0,0,1,0,0
1.6665284669023865,-0.6088174331920198,1,0,1,0,-1.1006521028582368,-0.8811217809799272,0.0,0,0,0,1,0,0,0,1,0,0,0,0,0,1,0
-1.170189872507036,1.395337626827185,1,0,0,0,1.6431708947710744,1.478170076718815,0.0,0,0,0,0,1,0,1,0,0,0,1,0,0,0,0
-1.3576653899651028,0.5793816982937505,1,0,0,0,-1.389475576292901,-0.29129881655524165,0.0,0,0,1,0,0,1,0,0,0,1,0,0,0,0,0
-0.6174024608144938,-0.9026260460588292,1,0,1,1,0.48787700103241705,0.8883471122941295,0.0,0,0,0,1,0,1,0,0,0,0,0,0,1,0,0
-1.1757069432345142,0.11024820052205803,1,0,1,0,-0.5230051559889081,0.2985241478694439,0.0,0,0,0,0,1,0,0,1,0,0,0,1,0,0,0
0.3894594507077158,-1.2116060929898795,1,0,1,0,-0.23418168255424376,-1.4709447454046127,0.0,0,0,0,0,1,1,0,0,0,0,0,0,0,0,1
1.681425956363593,-1.5734189350230503,0,0,1,0,-0.9562403661409046,0.2985241478694439,0.0,0,0,0,1,0,0,1,0,0,0,0,1,0,0,0
-1.5245480388649657,0.016237030121711193,1,0,1,0,0.3434652643150849,-0.29129881655524165,0.0,0,0,1,0,0,0,0,1,0,1,0,0,0,0,0
0.5186910636986996,0.09985232013485669,1,0,1,0,-1.6782990497275654,1.478170076718815,0.0,0,0,0,1,0,0,0,1,0,0,1,0,0,0,0
0.4528742978908574,-0.8196658861530033,1,0,1,0,-1.389475576292901,-1.4709447454046127,0.0,0,0,0,1,0,0,1,0,0,0,0,0,0,0,1
0.8548757613358239,-1.2168902345133907,1,0,1,0,-0.5230051559889081,0.8883471122941295,0.0,0,0,0,0,1,0,0,0,1,0,0,0,1,0,0
1.531940610340746,-1.0442203505697496,1,0,0,0,0.3434652643150849,0.8883471122941295,0.0,0,0,0,0,1,0,1,0,0,0,0,0,1,0,0
-0.280053514411685,0.5949151779436153,1,0,1,0,-0.23418168255424376,0.2985241478694439,0.0,0,0,1,0,0,1,0,0,0,0,0,1,0,0,0
-0.6834185124470927,1.6958613232940192,1,0,1,0,0.9211122111844136,1.478170076718815,0.0,0,0,1,0,0,0,0,0,1,0,1,0,0,0,0
-1.3133015683802047,0.3002100712457374,1,0,1,0,1.4987591580537423,0.2985241478694439,0.0,0,0,0,0,1,0,0,1,0,0,0,1,0,0,0
0.0920410903496009,-0.7908229211649638,1,0,0,0,0.6322887377497493,-0.29129881655524165,0.0,0,0,0,1,0,0,0,1,0,1,0,0,0,0,0
0.3583324033777176,-0.1064447026068542,0,0,0,0,-1.2450638395755689,1.478170076718815,0.0,0,0,0,0,1,1,0,0,0,0,1,0,0,0,0
0.7622358227642226,0.7845839641455989,1,1,1,0,-0.5230051559889081,0.2985241478694439,0.0,0,0,0,0,1,0,0,0,1,0,0,1,0,0,0
-0.3921290652608848,1.0106124713038138,1,1,0,0,0.3434652643150849,0.8883471122941295,0.0,0,0,0,1,0,0,1,0,0,0,0,0,1,0,0
0.3930780617361949,1.3567883920912274,1,0,0,0,-0.08976994583691159,1.478170076718815,0.0,0,0,1,0,0,0,1,0,0,0,1,0,0,0,0
1.1672090923678433,-1.110362631010045,1,0,1,0,1.6431708947710744,-1.4709447454046127,0.0,0,0,0,1,0,0,0,1,0,0,0,0,0,0,1
1.4625716621126772,0.29787401520516393,1,0,1,0,0.19905352759775274,0.2985241478694439,0.0,0,0,1,0,0,0,0,1,0,0,0,1,0,0,0
0.23406545479295618,-1.107914513240588,1,0,1,0,1.4987591580537423,0.2985241478694439,0.0,0,0,0,0,1,1,0,0,0,0,0,1,0,0,0
0.41669867633368646,0.2018629739508943,1,0,1,1,0.48787700103241705,-1.4709447454046127,0.0,0,0,1,0,0,0,0,1,0,0,0,0,0,0,1
1.048088612801363,-1.19141774152485,1,0,0,0,-1.1006521028582368,0.2985241478694439,0.0,0,0,1,0,0,1,0,0,0,0,0,1,0,0,0
1.4631240684339328,-0.16936305330849863,1,0,0,0,-0.8118286294235724,-0.8811217809799272,0.0,0,0,0,1,0,1,0,0,0,0,0,0,0,1,0
-0.6135670827485601,1.4566957334574502,1,0,0,1,1.0655239479017458,-0.8811217809799272,0.0,0,0,1,0,0,1,0,0,0,0,0,0,0,1,0
0.27180040052278576,-1.082002393469504,1,0,1,0,-0.3785934192715759,0.2985241478694439,0.0,0,0,0,0,1,0,0,0,1,0,0,1,0,0,0
-1.1245918773056613,1.0424207620407737,1,0,1,0,1.6431708947710744,-0.29129881655524165,0.0,0,0,0,0,1,0,0,0,1,1,0,0,0,0,0
0.12073125662950289,0.8702853263425777,1,0,0,0,0.19905352759775274,-0.8811217809799272,0.0,0,0,0,0,1,0,0,1,0,0,0,0,0,1,0
1.395999707916283,1.7093518314250058,0,1,1,0,-1.6782990497275654,-0.29129881655524165,0.0,0,0,0,0,1,1,0,0,0,1,0,0,0,0,0
-1.2947784754054399,1.6723542206274367,1,0,0,1,0.6322887377497493,0.2985241478694439,0.0,0,0,0,0,1,1,0,0,0,0,0,1,0,0,0
-1.5637583989465036,0.9936135690454719,1,0,1,0,-0.8118286294235724,-0.8811217809799272,0.0,0,0,1,0,0,0,1,0,0,0,0,0,0,1,0
0.038789820229056964,-0.08595464648713803,1,0,0,1,1.2099356846190779,0.8883471122941295,0.0,0,0,1,0,0,0,1,0,0,0,0,0,1,0,0
-0.6957113012163024,-0.4558100726009545,1,1,0,0,-1.2450638395755689,0.2985241478694439,0.0,0,0,0,0,1,0,0,0,1,0,0,1,0,0,0
1.1902248570059855,-0.949666111790967,1,0,1,1,1.6431708947710744,0.8883471122941295,0.0,0,0,0,0,1,0,0,0,1,0,0,0,1,0,0
1.0845299487915432,0.9110068345922784,1,0,0,0,-1.389475576292901,1.478170076718815,0.0,0,0,0,0,1,0,1,0,0,0,1,0,0,0,0
-0.9517026837227773,-0.8583099423518623,1,1,1,0,0.48787700103241705,-1.4709447454046127,0.0,0,0,0,0,1,0,1,0,0,0,0,0,0,0,1
-1.149562041523436,1.1052184308805428,1,0,1,1,1.35434742133641,-0.8811217809799272,0.0,0,0,0,1,0,1,0,0,0,0,0,0,0,1,0
0.11609174277946287,-0.20835191482699936,1,0,1,0,-0.9562403661409046,-1.4709447454046127,0.0,0,0,1,0,0,0,0,1,0,0,0,0,0,0,1
0.6578904641700635,1.1441297112021245,0,1,0,0,-1.6782990497275654,-1.4709447454046127,0.0,0,0,0,1,0,1,0,0,0,0,0,0,0,0,1
1.6883694940472251,-1.5638592075359803,1,0,1,0,-1.5338873130102333,1.478170076718815,0.0,0,0,1,0,0,0,0,1,0,0,1,0,0,0,0
1.7038438635274646,1.4102849374336588,1,0,1,1,-1.2450638395755689,-1.4709447454046127,0.0,0,0,0,1,0,0,1,0,0,0,0,0,0,0,1
-0.09179483862474927,-1.0683567229446782,1,0,1,0,-1.1006521028582368,0.2985241478694439,0.0,0,0,0,1,0,1,0,0,0,0,0,1,0,0,0
0.8021978749917731,1.0600747944064355,1,0,0,0,0.7767004744670813,-0.29129881655524165,0.0,0,0,0,0,1,0,0,0,1,1,0,0,0,0,0
-1.500284115640189,0.9084983758918842,1,0,1,1,0.7767004744670813,0.2985241478694439,0.0,0,0,1,0,0,0,1,0,0,0,0,1,0,0,0
-1.0398569431160805,-1.1910125952742707,1,0,1,0,0.05464179088042058,1.478170076718815,0.0,0,0,1,0,0,0,0,0,1,0,1,0,0,0,0
-1.2047152675855188,-1.2193038717508835,0,0,1,0,-0.8118286294235724,0.8883471122941295,0.0,0,0,0,0,1,0,1,0,0,0,0,0,1,0,0
1.0926482239684787,-0.40554607713016577,0,0,1,0,0.3434652643150849,1.478170076718815,0.0,0,0,0,1,0,0,0,0,1,0,1,0,0,0,0
0.7491354019683668,-0.22054940300932943,1,0,1,0,-0.6674168927062403,1.478170076718815,0.0,0,0,1,0,0,0,0,1,0,0,1,0,0,0,0
0.5447450631037483,-1.7090394873711758,1,0,1,0,0.3434652643150849,-0.29129881655524165,0.0,0,0,0,0,1,1,0,0,0,1,0,0,0,0,0
0.7973066316788819,0.6795907443146595,1,0,1,0,-0.9562403661409046,-0.8811217809799272,0.0,0,0,0,1,0,0,0,0,1,0,0,0,0,1,0
-0.3399196754171395,0.026262244790297703,1,0,0,0,1.0655239479017458,0.2985241478694439,0.0,0,0,1,0,0,0,0,0,1,0,0,1,0,0,0
1.0163427305418569,-1.1124918038588334,1,0,1,0,-1.2450638395755689,1.478170076718815,0.0,0,0,0,0,1,0,1,0,0,0,1,0,0,0,0
0.8914045033894936,-1.4331176504607868,1,0,1,0,-0.08976994583691159,1.478170076718815,0.0,0,0,0,0,1,0,1,0,0,0,1,0,0,0,0
-0.3954050445204836,-1.6500950179784037,1,0,1,0,-1.5338873130102333,-0.29129881655524165,0.0,0,0,0,0,1,0,1,0,0,1,0,0,0,0,0
1.4108622349520938,-0.7633850378544647,0,0,0,0,-0.8118286294235724,0.8883471122941295,0.0,0,0,0,0,1,0,0,1,0,0,0,0,1,0,0
-0.42925216854628556,-0.786926621053011,1,0,1,0,0.19905352759775274,-0.29129881655524165,0.0,0,0,1,0,0,0,0,1,0,1,0,0,0,0,0
0.004725929165800258,1.6010743409244783,1,0,0,1,-1.2450638395755689,-0.29129881655524165,0.0,0,0,0,1,0,1,0,0,0,1,0,0,0,0,0
0.4754180697861546,-1.1779703340588183,1,0,1,0,-1.1006521028582368,-1.4709447454046127,0.0,0,0,1,0,0,0,1,0,0,0,0,0,0,0,1
1.0650873440288655,-1.0710979252358308,0,0,1,0,0.6322887377497493,0.2985241478694439,0.0,0,0,0,0,1,1,0,0,0,0,0,1,0,0,0
1.1579720195782381,1.0030698549366488,1,0,1,0,1.2099356846190779,-0.29129881655524165,0.0,0,0,1,0,0,0,1,0,0,1,0,0,0,0,0
-0.8593809032222792,-0.11553032277941656,1,0,1,0,-0.3785934192715759,0.8883471122941295,0.0,0,0,0,1,0,0,0,1,0,0,0,0,1,0,0
0.07825890225852478,-0.7017769473674591,0,0,1,0,-1.1006521028582368,-0.29129881655524165,0.0,0,0,0,0,1,0,1,0,0,1,0,0,0,0,0
-0.9503041867069401,-1.323736782937405,1,0,1,0,-1.2450638395755689,1.478170076718815,0.0,0,0,0,0,1,1,0,0,0,0,1,0,0,0,0
-0.2670964395599525,0.3194674483477338,1,0,0,1,-1.5338873130102333,0.8883471122941295,0.0,0,0,0,0,1,0,0,1,0,0,0,0,1,0,0
-0.32494526862006184,-0.830122107471142,1,0,1,0,-1.6782990497275654,-1.4709447454046127,0.0,0,0,0,1,0,0,1,0,0,0,0,0,0,0,1
-1.053509770233192,0.5362637930725388,0,0,1,0,-0.6674168927062403,0.2985241478694439,0.0,0,0,1,0,0,1,0,0,0,0,0,1,0,0,0
-1.1004153601443742,-0.44826745623378933,1,0,1,0,1.6431708947710744,-1.4709447454046127,0.0,0,0,0,1,0,0,1,0,0,0,0,0,0,0,1
-1.6106674851002256,-0.8797395929676024,1,0,1,0,0.19905352759775274,1.478170076718815,0.0,0,0,1,0,0,0,0,0,1,0,1,0,0,0,0
1.3156560543564313,-1.702850231883605,0,0,1,0,0.05464179088042058,-1.4709447454046127,0.0,0,0,1,0,0,0,0,1,0,0,0,0,0,0,1
-1.3430930510600785,-0.36589346537135453,1,0,1,0,-1.1006521028582368,-0.29129881655524165,0.0,0,0,0,0,1,0,0,1,0,1,0,0,0,0,0
-0.41252964047941115,-1.1313957555081973,1,0,1,0,0.05464179088042058,-0.29129881655524165,0.0,0,0,0,0,1,0,1,0,0,1,0,0,0,0,0
-1.5196463068244561,1.5859546276581837,1,0,1,0,-0.08976994583691159,0.2985241478694439,0.0,0,0,0,1,0,0,1,0,0,0,0,1,0,0,0
-0.9547234372769858,0.7619733553100855,1,0,1,0,-1.6782990497275654,-0.8811217809799272,0.0,0,0,0,1,0,0,0,0,1,0,0,0,0,1,0
1.550456710830432,0.7365956837844463,0,0,1,1,0.05464179088042058,-0.29129881655524165,0.0,0,0,0,1,0,0,1,0,0,1,0,0,0,0,0
-1.400354511373536,-0.8217002375388902,1,0,1,0,-1.6782990497275654,1.478170076718815,0.0,0,0,0,0,1,0,1,0,0,0,1,0,0,0,0
0.3129896338817331,-1.3791556179368392,0,0,1,0,0.7767004744670813,1.478170076718815,0.0,0,0,1,0,0,0,0,1,0,0,1,0,0,0,0
1.4695151997963094,-1.521767098140703,1,0,1,0,1.4987591580537423,1.478170076718815,0.0,0,0,0,0,1,0,0,0,1,0,1,0,0,0,0
0.02989887545087134,1.1349578896996513,1,0,1,1,1.2099356846190779,-1.4709447454046127,0.0,0,0,1,0,0,0,1,0,0,0,0,0,0,0,1
-0.9247536462275929,-0.5194956151388019,1,0,1,0,1.35434742133641,-1.4709447454046127,0.0,0,0,0,0,1,1,0,0,0,0,0,0,0,0,1
-1.6945318548974477,-0.00855447236053669,1,0,1,0,-1.5338873130102333,-0.8811217809799272,0.0,0,0,1,0,0,0,1,0,0,0,0,0,0,1,0
-1.1932021409026385,0.829805181816626,1,0,0,0,0.05464179088042058,0.8883471122941295,0.0,0,0,0,0,1,0,1,0,0,0,0,0,1,0,0
-0.15207355624987567,1.70221436130842,1,0,1,0,0.48787700103241705,0.8883471122941295,0.0,0,0,0,0,1,0,1,0,0,0,0,0,1,0,0
-0.10297232602382883,-0.29185514311126115,0,1,1,0,-1.5338873130102333,-0.8811217809799272,0.0,0,0,1,0,0,1,0,0,0,0,0,0,0,1,0
0.4798617940539772,0.6005872254517238,1,0,1,0,0.48787700103241705,0.2985241478694439,0.0,0,0,1,0,0,0,1,0,0,0,0,1,0,0,0
-0.5171512022341983,-1.4223683446209525,1,0,1,0,-0.23418168255424376,-0.29129881655524165,0.0,0,0,0,1,0,0,1,0,0,1,0,0,0,0,0
0.439469703994057,-0.06480946026010259,1,0,1,0,-0.6674168927062403,0.2985241478694439,0.0,0,0,0,0,1,1,0,0,0,0,0,1,0,0,0
0.8469427870134868,-1.1992534424137107,0,1,1,0,1.2099356846190779,-0.8811217809799272,0.0,0,0,0,0,1,0,0,1,0,0,0,0,0,1,0
0.9822578620233625,-1.6680679952647344,1,0,1,0,-0.23418168255424376,1.478170076718815,0.0,0,0,0,0,1,0,0,0,1,0,1,0,0,0,0
-0.3768015379673083,0.8721731354676168,0,0,1,0,-0.3785934192715759,-0.8811217809799272,0.0,0,0,1,0,0,1,0,0,0,0,0,0,0,1,0
0.10167673478871991,-0.9488989199547638,1,0,1,1,-1.389475576292901,-1.4709447454046127,0.0,0,0,0,0,1,0,1,0,0,0,0,0,0,0,1
1.524937636533941,-0.1672942213906475,1,0,1,0,0.48787700103241705,-0.8811217809799272,0.0,0,0,1,0,0,1,0,0,0,0,0,0,0,1,0
-1.4520639385341194,-1.4383500711863515,1,0,0,0,1.0655239479017458,1.478170076718815,0.0,0,0,1,0,0,1,0,0,0,0,1,0,0,0,0
-1.583075138977756,-0.7014924829787547,0,0,1,0,-1.1006521028582368,-0.8811217809799272,0.0,0,0,0,1,0,0,0,0,1,0,0,0,0,1,0
-1.359004450857767,1.4205859963579586,0,0,1,0,0.05464179088042058,-0.29129881655524165,0.0,0,0,1,0,0,0,1,0,0,1,0,0,0,0,0
-0.19969237963913508,-0.9535020709719823,0,0,1,0,-1.2450638395755689,1.478170076718815,0.0,0,0,1,0,0,0,0,0,1,0,1,0,0,0,0
-1.6110485755370414,-0.34043821264879615,1,0,0,0,0.05464179088042058,0.8883471122941295,0.0,0,0,0,0,1,0,1,0,0,0,0,0,1,0,0
-1.7202432225336162,0.4954647036259185,1,0,1,0,-1.389475576292901,0.8883471122941295,0.0,0,0,0,1,0,0,1,0,0,0,0,0,1,0,0
0.4229954091474939,-1.5075266384394952,1,0,1,0,0.48787700103241705,0.2985241478694439,0.0,0,0,0,0,1,0,1,0,0,0,0,1,0,0,0
0.2881802968207797,-1.590840223797954,1,0,1,0,-0.9562403661409046,0.8883471122941295,0.0,0,0,0,0,1,0,0,0,1,0,0,0,1,0,0
0.9999488492737043,-0.3646176856886797,1,0,1,0,0.48787700103241705,-0.8811217809799272,0.0,0,0,0,1,0,1,0,0,0,0,0,0,0,1,0
-0.3871294384292666,-1.0986651105411958,1,0,1,0,-0.6674168927062403,-0.8811217809799272,0.0,0,0,1,0,0,0,0,1,0,0,0,0,0,1,0
-0.5455791503236307,0.8204178569893771,0,0,0,0,-1.2450638395755689,1.478170076718815,0.0,0,0,1,0,0,0,1,0,0,0,1,0,0,0,0
0.6863428859572731,1.3160841241075092,1,0,1,0,1.35434742133641,0.8883471122941295,0.0,0,0,1,0,0,0,0,1,0,0,0,0,1,0,0
0.6912481142403223,0.837373658582764,0,0,1,0,-1.389475576292901,0.2985241478694439,0.0,0,0,0,0,1,0,0,0,1,0,0,1,0,0,0
0.9671995454053347,1.6392356696758381,0,0,0,0,1.0655239479017458,-1.4709447454046127,0.0,0,0,1,0,0,0,0,1,0,0,0,0,0,0,1
-0.22251585093759974,-1.4469357236454334,1,0,1,1,-0.3785934192715759,-0.29129881655524165,0.0,0,0,0,0,1,1,0,0,0,1,0,0,0,0,0
-1.141674518354114,-0.8313030656909153,1,0,0,0,1.6431708947710744,0.8883471122941295,0.0,0,0,0,1,0,1,0,0,0,0,0,0,1,0,0
1.6985715297777582,0.25557502261810144,1,0,1,0,-0.6674168927062403,1.478170076718815,0.0,0,0,0,1,0,1,0,0,0,0,1,0,0,0,0
-0.882760277084539,-0.11364251365437786,1,0,1,0,1.6431708947710744,0.8883471122941295,0.0,0,0,0,0,1,0,0,1,0,0,0,0,1,0,0
-0.8315962637601321,-0.7867369781272078,0,0,1,0,-0.08976994583691159,-0.29129881655524165,0.0,0,0,0,0,1,0,0,0,1,1,0,0,0,0,0
0.6997789460369296,-0.998102639067654,1,0,1,1,0.48787700103241705,-1.4709447454046127,0.0,0,0,0,1,0,0,1,0,0,0,0,0,0,0,1
1.257901623844891,0.3222431311708508,1,0,0,0,-1.2450638395755689,-1.4709447454046127,0.0,0,0,1,0,0,1,0,0,0,0,0,0,0,0,1
0.9499001373194277,0.03271872440059131,1,0,1,0,0.19905352759775274,-0.29129881655524165,0.0,0,0,0,0,1,0,0,0,1,1,0,0,0,0,0
-1.666289207662614,0.5014643161876865,0,1,0,0,1.4987591580537423,-1.4709447454046127,0.0,0,0,0,1,0,0,1,0,0,0,0,0,0,0,1
-0.49486265604429164,-0.7592990948167087,0,0,1,0,-1.1006521028582368,0.8883471122941295,0.0,0,0,0,0,1,1,0,0,0,0,0,0,1,0,0
0.585441326264613,1.1916094037168055,1,0,1,0,0.9211122111844136,0.8883471122941295,0.0,0,0,0,0,1,0,1,0,0,0,0,0,1,0,0
-1.3372997771719723,-0.4330270611056203,1,0,1,0,0.3434652643150849,-1.4709447454046127,0.0,0,0,1,0,0,1,0,0,0,0,0,0,0,0,1
0.7525617196571682,-0.36803125835313394,1,0,1,0,-1.1006521028582368,0.8883471122941295,0.0,0,0,1,0,0,0,1,0,0,0,0,0,1,0,0
0.10683019629208022,1.0364814904099429,1,0,1,0,-0.3785934192715759,-1.4709447454046127,0.0,0,0,0,1,0,1,0,0,0,0,0,0,0,0,1
-0.007210242864370742,1.0637211106616484,0,0,0,0,-0.8118286294235724,-0.8811217809799272,0.0,0,0,0,1,0,1,0,0,0,0,0,0,0,1,0
-0.8593739107372,-1.1325594734619884,1,0,1,0,-1.5338873130102333,-0.8811217809799272,0.0,0,0,0,0,1,0,0,0,1,0,0,0,0,1,0
0.2085219067986884,-0.525452127035615,1,0,0,0,0.19905352759775274,-0.29129881655524165,0.0,0,0,0,1,0,0,1,0,0,1,0,0,0,0,0
-1.478471058435667,-1.3232626756228973,1,0,0,1,0.05464179088042058,0.2985241478694439,0.0,0,0,1,0,0,0,0,0,1,0,0,1,0,0,0
-0.7092033011765927,1.2623031143763732,1,0,1,0,0.3434652643150849,-0.8811217809799272,0.0,0,0,0,1,0,1,0,0,0,0,0,0,0,1,0
-0.6260102099469724,0.9418238100352676,1,0,0,1,0.9211122111844136,0.2985241478694439,0.0,0,0,0,0,1,1,0,0,0,0,0,1,0,0,0
-0.05113703413181989,-0.25559886375092206,1,0,0,1,1.0655239479017458,0.8883471122941295,0.0,0,0,0,0,1,1,0,0,0,0,0,0,1,0,0
1.590306883296715,0.9851313581822826,1,0,0,0,1.6431708947710744,0.2985241478694439,0.0,0,0,0,1,0,0,1,0,0,0,0,1,0,0,0
0.9227273403017092,-0.8448625348858305,1,0,1,0,1.4987591580537423,0.8883471122941295,0.0,0,0,0,0,1,0,1,0,0,0,0,0,1,0,0
-1.4121683149148214,0.8216505360070965,1,0,1,0,-1.5338873130102333,-0.29129881655524165,0.0,0,0,1,0,0,0,0,0,1,1,0,0,0,0,0
-1.4574901069555681,0.15069386451604558,0,1,1,1,1.0655239479017458,-1.4709447454046127,0.0,0,0,0,0,1,1,0,0,0,0,0,0,0,0,1
1.0952249547201587,1.5889802943380409,1,0,1,0,1.6431708947710744,1.478170076718815,0.0,0,0,1,0,0,0,1,0,0,0,1,0,0,0,0
0.23530312465197217,-0.2560471106664564,1,0,0,0,-0.6674168927062403,-1.4709447454046127,0.0,0,0,0,0,1,0,0,0,1,0,0,0,0,0,1
0.5520417212838792,1.307119185796821,0,0,1,0,0.3434652643150849,-0.29129881655524165,0.0,0,0,1,0,0,0,0,0,1,1,0,0,0,0,0
1.4154248314662627,-0.1874739527226859,1,0,1,0,0.05464179088042058,1.478170076718815,0.0,0,0,0,0,1,0,1,0,0,0,1,0,0,0,0
-0.2683970417846812,-1.277619071435309,1,0,0,1,-1.389475576292901,0.8883471122941295,0.0,0,0,1,0,0,0,0,1,0,0,0,0,1,0,0
-0.5059142787119458,-1.545032837083536,0,0,1,0,0.19905352759775274,0.8883471122941295,0.0,0,0,0,1,0,0,0,1,0,0,0,0,1,0,0
-0.0017875706854619219,0.3739553089841351,0,1,1,0,-1.5338873130102333,-0.29129881655524165,0.0,0,0,0,1,0,0,0,0,1,1,0,0,0,0,0
1.3118136838054186,0.8284604410700228,1,0,1,1,1.6431708947710744,0.2985241478694439,0.0,0,0,0,1,0,0,0,1,0,0,0,1,0,0,0
-0.23478416600903235,-1.6637320683702383,1,0,1,0,0.05464179088042058,0.2985241478694439,0.0,0,0,0,1,0,0,1,0,0,0,0,1,0,0,0
-0.023855853595374198,-0.7393348668094464,1,0,0,0,-0.08976994583691159,-1.4709447454046127,0.0,0,0,0,1,0,0,0,1,0,0,0,0,0,0,1
-1.1180014601185282,0.6007337677125713,1,0,1,0,0.05464179088042058,0.8883471122941295,0.0,0,0,1,0,0,1,0,0,0,0,0,0,1,0,0
-0.2605130148578985,-0.6335485947433306,0,0,1,1,-0.5230051559889081,1.478170076718815,0.0,0,0,1,0,0,0,0,1,0,0,1,0,0,0,0
-0.03812401939945389,-0.9852155402460402,1,0,1,1,1.35434742133641,-1.4709447454046127,0.0,0,0,0,1,0,0,0,1,0,0,0,0,0,0,1
-0.2253128449692743,-0.8454745643281948,0,0,1,0,-0.9562403661409046,-0.8811217809799272,0.0,0,0,0,0,1,0,0,0,1,0,0,0,0,1,0
-0.307495522104952,-0.4526292435272589,1,0,1,0,-1.2450638395755689,-0.8811217809799272,0.0,0,0,0,0,1,0,1,0,0,0,0,0,0,1,0
0.6576736971326088,-0.2953893976375899,1,0,0,0,-0.3785934192715759,0.2985241478694439,0.0,0,0,0,0,1,0,0,0,1,0,0,1,0,0,0
0.5257849398115341,0.289840051257509,1,0,1,0,1.4987591580537423,0.2985241478694439,0.0,0,0,0,0,1,1,0,0,0,0,0,1,0,0,0
0.07393754647958736,-0.529098443290827,1,0,1,0,-1.5338873130102333,0.2985241478694439,0.0,0,0,0,1,0,0,1,0,0,0,0,1,0,0,0
1.416903742060511,-0.9857672287574673,0,0,1,0,-0.23418168255424376,0.8883471122941295,0.0,0,0,0,1,0,0,0,0,1,0,0,0,1,0,0
0.15113458175380542,-0.10945312902072943,1,0,0,0,-1.5338873130102333,-0.29129881655524165,0.0,0,0,1,0,0,0,1,0,0,1,0,0,0,0,0
0.7393179529171892,0.28321978912038587,1,0,1,0,1.4987591580537423,0.8883471122941295,0.0,0,0,0,0,1,0,0,1,0,0,0,0,1,0,0
-1.059226126785427,-0.8167178006700657,0,0,0,0,-0.3785934192715759,-0.8811217809799272,0.0,0,0,1,0,0,0,0,0,1,0,0,0,0,1,0
-1.7378258262652304,0.7758776298246427,1,0,1,1,-0.5230051559889081,-0.29129881655524165,0.0,0,0,0,0,1,1,0,0,0,1,0,0,0,0,0
0.10350876587946668,-0.8054857673827327,0,0,0,0,-0.8118286294235724,-0.8811217809799272,0.0,0,0,0,1,0,0,0,1,0,0,0,0,0,1,0
0.7472579197246053,-0.03206157502711891,1,0,0,0,-1.6782990497275654,0.8883471122941295,0.0,0,0,0,1,0,0,1,0,0,0,0,0,1,0,0
-1.5401762430169474,-0.8625855283154209,1,0,1,0,0.3434652643150849,0.2985241478694439,0.0,0,0,1,0,0,0,0,0,1,0,0,1,0,0,0
-0.7556229133747716,-0.2758130756149246,1,0,1,0,0.9211122111844136,-0.8811217809799272,0.0,0,0,1,0,0,1,0,0,0,0,0,0,0,1,0
-0.8146919310811988,1.566249003640653,0,0,1,1,0.9211122111844136,0.2985241478694439,0.0,0,0,0,0,1,0,0,1,0,0,0,1,0,0,0
-0.44571247842269035,-1.0060935023503534,0,0,1,0,0.3434652643150849,-1.4709447454046127,0.0,0,0,1,0,0,0,0,0,1,0,0,0,0,0,1
-1.666831125256251,0.38233407825143195,1,0,1,0,-1.5338873130102333,0.8883471122941295,0.0,0,0,0,0,1,1,0,0,0,0,0,0,1,0,0
-0.739316438170109,0.12977280174677713,1,1,1,0,1.35434742133641,0.2985241478694439,0.0,0,0,0,1,0,1,0,0,0,0,0,1,0,0,0
1.6703009126026074,0.17340791494745153,1,0,1,0,-1.6782990497275654,-0.29129881655524165,0.0,0,0,0,1,0,1,0,0,0,1,0,0,0,0,0
-1.18785988230214,1.361632906832195,1,0,0,0,1.4987591580537423,-0.29129881655524165,0.0,0,0,0,1,0,0,0,1,0,1,0,0,0,0,0
-0.7464312917381811,-0.24325483330774414,0,1,1,0,1.4987591580537423,0.2985241478694439,0.0,0,0,0,1,0,0,0,1,0,0,0,1,0,0,0
0.9805971468170558,-0.1704060894004152,0,0,1,0,-1.5338873130102333,0.2985241478694439,0.0,0,0,0,1,0,0,0,0,1,0,0,1,0,0,0
1.472812156511146,-1.2221485156379288,0,0,1,0,-1.2450638395755689,1.478170076718815,0.0,0,0,0,0,1,0,0,0,1,0,1,0,0,0,0
0.8348352990988754,-0.788116199405775,1,0,0,0,1.35434742133641,1.478170076718815,0.0,0,0,0,1,0,0,1,0,0,0,1,0,0,0,0
0.4738167907030206,-0.8868512026852152,0,0,0,0,-0.23418168255424376,-0.29129881655524165,0.0,0,0,0,0,1,0,0,0,1,1,0,0,0,0,0
-1.0400737101535351,-0.8002188661252039,0,0,1,0,-0.23418168255424376,-0.8811217809799272,0.0,0,0,0,0,1,1,0,0,0,0,0,0,0,1,0
0.39599043177167603,-0.9215730983731483,1,0,1,0,1.4987591580537423,0.2985241478694439,0.0,0,0,0,0,1,0,1,0,0,0,0,1,0,0,0
0.29491056370949664,1.102115183003767,1,0,1,0,-0.5230051559889081,1.478170076718815,0.0,0,0,1,0,0,0,0,0,1,0,1,0,0,0,0
-0.9907871790728898,-1.411041489870718,1,0,1,0,1.4987591580537423,-0.29129881655524165,0.0,0,0,0,0,1,0,0,0,1,1,0,0,0,0,0
-0.8975214130867015,1.6923270687676901,1,0,1,0,1.2099356846190779,0.8883471122941295,0.0,0,0,0,1,0,1,0,0,0,0,0,0,1,0,0
1.5771505226202254,0.920325198355599,1,0,1,0,-0.23418168255424376,-0.8811217809799272,0.0,0,0,0,1,0,0,1,0,0,0,0,0,0,1,0
0.31333226565061345,-1.6241053170104003,0,0,1,0,-1.2450638395755689,-1.4709447454046127,0.0,0,0,1,0,0,0,0,1,0,0,0,0,0,0,1
-1.5742191566249666,-0.8894975835134663,1,0,1,0,0.48787700103241705,0.2985241478694439,0.0,0,0,1,0,0,0,0,0,1,0,0,1,0,0,0
-0.7194612767877592,-0.18538788053885313,0,0,0,0,-1.5338873130102333,-0.29129881655524165,0.0,0,0,0,1,0,1,0,0,0,1,0,0,0,0,0
1.4275463043510324,-0.7421536502975185,1,0,0,0,0.9211122111844136,-0.29129881655524165,0.0,0,0,0,0,1,0,0,0,1,1,0,0,0,0,0
-1.5371589857052785,-0.9817933474485951,1,0,1,0,-0.6674168927062403,-1.4709447454046127,0.0,0,0,1,0,0,0,1,0,0,0,0,0,0,0,1
-0.014069870727052892,-0.9187974155500314,1,0,1,0,-0.5230051559889081,-1.4709447454046127,0.0,0,0,0,0,1,1,0,0,0,0,0,0,0,0,1
1.498145929953038,-0.6335227343443577,1,0,0,0,-1.5338873130102333,-0.29129881655524165,0.0,0,0,0,1,0,0,0,0,1,1,0,0,0,0,0
-1.6882526032963385,0.7221052402264981,1,0,1,0,0.48787700103241705,0.2985241478694439,0.0,0,0,0,1,0,1,0,0,0,0,0,1,0,0,0
-1.5381938734969982,0.8420112901319469,1,0,0,0,-1.1006521028582368,-0.29129881655524165,0.0,0,0,0,1,0,0,0,1,0,1,0,0,0,0,0
0.028891957599468457,-0.5076343121431229,0,0,1,0,0.48787700103241705,-1.4709447454046127,0.0,0,0,1,0,0,1,0,0,0,0,0,0,0,0,1
0.9018163136724021,-0.959260319810001,0,0,1,1,-1.1006521028582368,1.478170076718815,0.0,0,0,0,0,1,1,0,0,0,0,1,0,0,0,0
1.0554831657726027,0.31066629256387585,1,0,1,0,0.19905352759775274,1.478170076718815,0.0,0,0,0,0,1,1,0,0,0,0,1,0,0,0,0
-1.4440295731781343,-0.6935878210259655,1,0,1,0,1.0655239479017458,0.8883471122941295,0.0,0,0,1,0,0,0,0,1,0,0,0,0,1,0,0
-0.9855323265358813,0.8470282075327358,1,0,0,1,-0.23418168255424376,-1.4709447454046127,0.0,0,0,0,1,0,0,0,0,1,0,0,0,0,0,1
0.8394398505235198,1.4575146460915993,1,0,0,0,-1.1006521028582368,0.2985241478694439,0.0,0,0,1,0,0,1,0,0,0,0,0,1,0,0,0
-0.667164480880524,0.3897387724907401,1,0,1,0,-0.08976994583691159,0.8883471122941295,0.0,0,0,0,1,0,0,0,0,1,0,0,0,1,0,0
-1.4084203429123774,0.9540643988825531,1,0,1,0,-1.1006521028582368,-0.8811217809799272,0.0,0,0,0,1,0,0,0,1,0,0,0,0,0,1,0
-1.3218743550872871,1.1525774415333496,1,0,0,0,0.9211122111844136,-1.4709447454046127,0.0,0,0,0,1,0,0,0,1,0,0,0,0,0,0,1
0.052526557167118654,-0.32764593529008385,1,0,0,1,-0.9562403661409046,-1.4709447454046127,0.0,0,0,1,0,0,0,0,0,1,0,0,0,0,0,1
-0.020845588768784243,-0.859982248152125,1,0,1,0,1.0655239479017458,-0.8811217809799272,0.0,0,0,0,0,1,0,0,0,1,0,0,0,0,1,0
0.46963178838312775,0.27294459059505904,1,0,1,0,1.6431708947710744,-0.29129881655524165,0.0,0,0,1,0,0,0,0,0,1,1,0,0,0,0,0
0.6283996583485947,-0.5641392838994288,0,0,1,0,-0.3785934192715759,-1.4709447454046127,0.0,0,0,1,0,0,0,0,0,1,0,0,0,0,0,1
-1.596283943292339,-1.5270857201961783,1,0,1,0,0.05464179088042058,-0.8811217809799272,0.0,0,0,0,1,0,1,0,0,0,0,0,0,0,1,0
0.8298811234202719,-0.05786163306931963,1,0,1,1,-0.6674168927062403,0.8883471122941295,0.0,0,0,0,0,1,0,1,0,0,0,0,0,1,0,0
0.9697552987017775,-1.7060655414892651,1,0,1,0,-0.6674168927062403,1.478170076718815,0.0,0,0,0,1,0,1,0,0,0,0,1,0,0,0,0
-1.6309666692851037,-0.6668912691526965,0,0,1,0,0.19905352759775274,0.8883471122941295,0.0,0,0,1,0,0,0,0,1,0,0,0,0,1,0,0
0.15941018784502256,-1.0934240696826398,1,0,0,0,0.7767004744670813,0.2985241478694439,0.0,0,0,0,0,1,0,0,0,1,0,0,1,0,0,0
0.6575583211288019,-0.4902992246981295,1,0,0,0,0.6322887377497493,-0.29129881655524165,0.0,0,0,1,0,0,0,1,0,0,1,0,0,0,0,0
-0.22423250602453995,0.25150631984632793,1,0,0,0,0.48787700103241705,-0.29129881655524165,0.0,0,0,0,1,0,0,0,1,0,1,0,0,0,0,0
1.164450557004104,-1.247000359051114,1,0,1,1,-0.3785934192715759,-1.4709447454046127,0.0,0,0,0,0,1,0,1,0,0,0,0,0,0,0,1
0.12582877825222974,0.47093180513340177,1,0,1,0,-0.23418168255424376,0.8883471122941295,0.0,0,0,0,0,1,0,0,1,0,0,0,0,1,0,0
-0.2373818742159499,-1.0907604485884066,0,0,1,0,-1.5338873130102333,1.478170076718815,0.0,0,0,0,0,1,0,1,0,0,0,1,0,0,0,0
-0.6658254199878597,0.07385399903386229,1,0,0,0,-1.2450638395755689,-0.8811217809799272,0.0,0,0,0,1,0,0,0,1,0,0,0,0,0,1,0
0.5184253492656904,-0.9806382496277949,1,0,1,0,0.6322887377497493,-1.4709447454046127,0.0,0,0,0,0,1,0,0,0,1,0,0,0,0,0,1
-1.725179916999522,0.010513261815656807,1,0,1,1,1.35434742133641,-1.4709447454046127,0.0,0,0,0,1,0,1,0,0,0,0,0,0,0,0,1
-1.6081257167739413,-1.4816489992003752,1,0,1,0,0.3434652643150849,-1.4709447454046127,0.0,0,0,0,0,1,0,0,1,0,0,0,0,0,0,1
-0.4382654818133568,-1.5024666203737513,1,0,1,0,0.7767004744670813,1.478170076718815,0.0,0,0,1,0,0,0,0,1,0,0,1,0,0,0,0
0.4811728850063247,0.33137185200836816,0,0,1,0,-0.08976994583691159,1.478170076718815,0.0,0,0,0,0,1,0,0,0,1,0,1,0,0,0,0
-0.5245807176308339,-0.6335658350093126,0,0,1,1,0.48787700103241705,-1.4709447454046127,0.0,0,0,1,0,0,0,1,0,0,0,0,0,0,0,1
0.6820914550291275,0.6800993321611313,1,0,1,0,1.0655239479017458,0.8883471122941295,0.0,0,0,0,1,0,1,0,0,0,0,0,0,1,0,0
0.3035847414502275,0.0522174652263371,1,0,0,0,-0.5230051559889081,-1.4709447454046127,0.0,0,0,0,1,0,1,0,0,0,0,0,0,0,0,1
1.1345891494734384,-0.8318978548672975,0,0,1,1,0.3434652643150849,-1.4709447454046127,0.0,0,0,0,1,0,1,0,0,0,0,0,0,0,0,1
-0.539611064308545,1.6402183648368176,1,0,1,0,0.9211122111844136,0.8883471122941295,0.0,0,0,0,1,0,0,1,0,0,0,0,0,1,0,0
0.15112059678364706,-1.594969267500665,0,0,1,0,-1.1006521028582368,0.2985241478694439,0.0,0,0,0,0,1,0,0,1,0,0,0,1,0,0,0
-0.7075251047575879,1.2637599168518596,1,0,1,0,-0.23418168255424376,-0.8811217809799272,0.0,0,0,0,0,1,0,0,0,1,0,0,0,0,1,0
0.3427181841958944,-0.8941265949296581,1,0,0,0,1.6431708947710744,1.478170076718815,0.0,0,0,1,0,0,0,0,0,1,0,1,0,0,0,0
0.044862793520330325,0.5430650780024744,1,0,1,0,0.05464179088042058,-1.4709447454046127,0.0,0,0,0,0,1,0,0,1,0,0,0,0,0,0,1
-1.3624272723040287,0.05704473970132274,1,0,1,0,-1.389475576292901,-0.8811217809799272,0.0,0,0,0,0,1,0,0,0,1,0,0,0,0,1,0
-1.4243037727697494,0.13664304774064095,1,0,1,0,-0.5230051559889081,1.478170076718815,0.0,0,0,0,0,1,0,0,0,1,0,1,0,0,0,0
0.4377250789668001,1.6857326670295403,1,0,1,0,1.4987591580537423,1.478170076718815,0.0,0,0,1,0,0,1,0,0,0,0,1,0,0,0,0
-1.4871032812659226,0.9357379961435892,1,0,0,0,0.9211122111844136,0.8883471122941295,0.0,0,0,0,1,0,1,0,0,0,0,0,0,1,0,0
1.5796852984614305,1.614245904134796,1,0,1,0,-1.5338873130102333,1.478170076718815,0.0,0,0,0,1,0,0,1,0,0,0,1,0,0,0,0
0.6914788662479353,0.4095650783701458,1,0,1,0,-1.2450638395755689,-0.8811217809799272,0.0,0,0,0,1,0,1,0,0,0,0,0,0,0,1,0
-0.4802238885310149,-0.9469852504307517,1,1,1,0,-0.6674168927062403,0.8883471122941295,0.0,0,0,1,0,0,0,0,0,1,0,0,0,1,0,0
-1.1794374340242602,-1.1513082627175133,1,0,0,0,-1.389475576292901,1.478170076718815,0.0,0,0,0,0,1,0,0,0,1,0,1,0,0,0,0
-1.4806632025079918,-1.3495282208466144,1,0,1,0,1.4987591580537423,-0.29129881655524165,0.0,0,0,0,1,0,0,1,0,0,1,0,0,0,0,0
0.7794722984844172,0.19191534047922734,1,0,0,1,-0.3785934192715759,-0.29129881655524165,0.0,0,0,1,0,0,0,1,0,0,1,0,0,0,0,0
0.44710200145798895,-1.0429962916850213,1,0,1,0,-0.08976994583691159,-1.4709447454046127,0.0,0,0,1,0,0,0,0,1,0,0,0,0,0,0,1
-0.14496919140942238,0.6143621979714152,0,0,1,0,1.0655239479017458,1.478170076718815,0.0,0,0,0,1,0,1,0,0,0,0,1,0,0,0,0
0.8930652185958003,-0.19378389007213168,1,0,1,0,-0.5230051559889081,1.478170076718815,0.0,0,0,0,1,0,0,1,0,0,0,1,0,0,0,0
0.17283925543960002,1.1081578962304903,1,0,1,0,-0.08976994583691159,1.478170076718815,0.0,0,0,0,1,0,0,0,1,0,0,1,0,0,0,0
-1.2539983024236248,-0.43369943147892204,0,0,1,0,0.3434652643150849,-1.4709447454046127,0.0,0,0,1,0,0,0,0,0,1,0,0,0,0,0,1
1.1378336625501813,-0.9614498335897267,1,1,1,1,-0.8118286294235724,-0.29129881655524165,0.0,0,0,1,0,0,0,0,0,1,1,0,0,0,0,0
0.49481172715327787,-0.24958201092317198,1,0,1,1,-0.9562403661409046,0.8883471122941295,0.0,0,0,0,0,1,0,1,0,0,0,0,0,1,0,0
1.2435775181601778,-1.667757670477057,1,0,1,0,0.3434652643150849,-1.4709447454046127,0.0,0,0,1,0,0,0,1,0,0,0,0,0,0,0,1
-1.650888259275706,0.7999105606036788,1,0,1,1,-0.5230051559889081,-0.8811217809799272,0.0,0,0,0,1,0,0,1,0,0,0,0,0,0,1,0
-0.9179534544880843,-0.08279967781241536,1,0,1,0,0.9211122111844136,0.2985241478694439,0.0,0,0,1,0,0,0,1,0,0,0,0,1,0,0,0
-0.7513155425659928,-0.018140060246579666,1,0,1,0,1.6431708947710744,1.478170076718815,0.0,0,0,0,0,1,0,0,1,0,0,1,0,0,0,0
0.7225289962420628,0.42678810408625556,0,0,0,0,-0.6674168927062403,-0.29129881655524165,0.0,0,0,0,1,0,0,0,1,0,1,0,0,0,0,0
-0.6348382223594452,-0.8904457981424815,1,1,1,0,-0.08976994583691159,-0.8811217809799272,0.0,0,0,1,0,0,0,0,0,1,0,0,0,0,1,0
1.574157739006334,0.9027401270538656,1,0,1,1,-1.5338873130102333,0.8883471122941295,0.0,0,0,0,1,0,0,0,1,0,0,0,0,1,0,0
1.6095467059920967,1.4842284382308506,1,0,1,0,-0.8118286294235724,1.478170076718815,0.0,0,0,0,0,1,1,0,0,0,0,1,0,0,0,0
1.527877976509739,0.41277176784281505,1,1,1,1,0.7767004744670813,0.8883471122941295,0.0,0,0,0,0,1,0,1,0,0,0,0,0,1,0,0
1.5280353074240203,0.4977145583365816,0,0,1,0,1.6431708947710744,0.2985241478694439,0.0,0,0,0,0,1,1,0,0,0,0,0,1,0,0,0
0.8847022064410934,-1.2098734462586793,1,0,1,0,-1.2450638395755689,-0.29129881655524165,0.0,0,0,1,0,0,1,0,0,0,1,0,0,0,0,0
1.710409807016821,1.640080442708961,0,0,0,1,0.19905352759775274,0.8883471122941295,0.0,0,0,1,0,0,0,1,0,0,0,0,0,1,0,0
-0.6187065592817621,-0.6639862843347136,1,0,1,0,0.05464179088042058,-0.8811217809799272,0.0,0,0,0,1,0,0,0,0,1,0,0,0,0,1,0
-0.6733388452054456,0.9159030701311928,1,0,1,1,1.35434742133641,0.2985241478694439,0.0,0,0,0,0,1,0,0,0,1,0,0,1,0,0,0
-1.0576493214000704,-0.49616091513204086,1,0,1,1,-0.3785934192715759,-1.4709447454046127,0.0,0,0,1,0,0,0,1,0,0,0,0,0,0,0,1
-1.65970578296056,-1.2130542753323752,1,0,1,0,-1.1006521028582368,-0.29129881655524165,0.0,0,0,0,0,1,1,0,0,0,1,0,0,0,0,0
0.8405027082555561,0.34900864410804816,1,0,0,0,1.35434742133641,0.8883471122941295,0.0,0,0,1,0,0,0,0,1,0,0,0,0,1,0,0
0.1890897907636294,-1.0490648653107175,1,0,1,0,0.9211122111844136,-1.4709447454046127,0.0,0,0,0,0,1,0,0,1,0,0,0,0,0,0,1
-1.353158733331567,-0.5480972164030926,1,0,0,0,1.6431708947710744,-0.8811217809799272,0.0,0,0,0,0,1,0,1,0,0,0,0,0,0,1,0
-1.0076600455689666,1.711920631056338,1,0,1,0,0.7767004744670813,-1.4709447454046127,0.0,0,0,0,1,0,1,0,0,0,0,0,0,0,0,1
1.189473164859973,0.35474103254709377,1,0,1,0,-0.9562403661409046,0.8883471122941295,0.0,0,0,1,0,0,0,1,0,0,0,0,0,1,0,0
1.0952529246604754,0.04287324106404319,1,0,1,0,-1.6782990497275654,0.2985241478694439,0.0,0,0,1,0,0,0,0,0,1,0,0,1,0,0,0
1.0437392870821092,0.6181291960885023,1,0,0,0,0.6322887377497493,-0.29129881655524165,0.0,0,0,0,1,0,1,0,0,0,1,0,0,0,0,0
-0.7895224810386674,0.3902128798052478,1,0,1,0,-1.1006521028582368,-0.29129881655524165,0.0,0,0,0,1,0,0,1,0,0,1,0,0,0,0,0
-1.2917227594258354,-0.5924391805090324,1,0,1,0,-0.9562403661409046,-1.4709447454046127,0.0,0,0,0,0,1,0,0,0,1,0,0,0,0,0,1
1.3101984197521261,0.6173447639863168,1,0,1,0,0.6322887377497493,0.8883471122941295,0.0,0,0,0,0,1,0,1,0,0,0,0,0,1,0,0
-0.015304044343529204,1.4191722945474268,1,0,1,0,0.05464179088042058,0.8883471122941295,0.0,0,0,0,1,0,1,0,0,0,0,0,0,1,0,0
-0.2380846189664082,0.35578406863901035,1,0,1,0,-0.23418168255424376,-1.4709447454046127,0.0,0,0,1,0,0,0,0,0,1,0,0,0,0,0,1
-0.42290648833692385,1.3032228856848684,1,0,1,0,-0.23418168255424376,1.478170076718815,0.0,0,0,1,0,0,0,1,0,0,0,1,0,0,0,0
-0.11568116765524995,-0.4383629234270778,1,0,1,1,-1.5338873130102333,-1.4709447454046127,0.0,0,0,1,0,0,0,0,0,1,0,0,0,0,0,1
1.3147260538408996,-0.7812028527469562,1,0,0,1,-0.23418168255424376,-0.29129881655524165,0.0,0,0,0,1,0,0,0,1,0,1,0,0,0,0,0
0.7193718892288099,0.043304247713595485,1,0,0,0,-1.1006521028582368,0.2985241478694439,0.0,0,0,0,0,1,0,0,1,0,0,0,1,0,0,0
1.3246448939257252,0.889680625572431,1,1,1,0,0.6322887377497493,1.478170076718815,0.0,0,0,0,1,0,0,0,0,1,0,1,0,0,0,0
1.1493852479009967,0.29282261727241093,1,0,0,0,-0.3785934192715759,0.8883471122941295,0.0,0,0,0,0,1,0,1,0,0,0,0,0,1,0,0
-0.21014264858997928,-0.821277851022329,1,0,1,1,1.35434742133641,1.478170076718815,0.0,0,0,0,0,1,0,0,1,0,0,1,0,0,0,0
0.06711987352738062,-0.39467608942845717,1,0,0,0,1.0655239479017458,-0.29129881655524165,0.0,0,0,0,0,1,0,0,0,1,1,0,0,0,0,0
-0.674796778344456,0.38887675919163556,1,0,0,0,-0.5230051559889081,-0.29129881655524165,0.0,0,0,0,1,0,0,1,0,0,1,0,0,0,0,0
-0.03248108394055066,-1.0145670930805517,1,0,1,0,1.0655239479017458,0.2985241478694439,0.0,0,0,0,1,0,1,0,0,0,0,0,1,0,0,0
-1.0051147810001428,-0.3951329564769824,1,0,1,0,0.6322887377497493,0.8883471122941295,0.0,0,0,0,1,0,0,1,0,0,0,0,0,1,0,0
-1.1241688319583707,-1.4891743753015583,1,0,1,1,-1.5338873130102333,-1.4709447454046127,0.0,0,0,0,0,1,0,0,1,0,0,0,0,0,0,1
-0.9940771433026471,1.6960682064858041,1,0,0,0,-1.2450638395755689,0.2985241478694439,0.0,0,0,1,0,0,1,0,0,0,0,0,1,0,0,0
0.12019982776348488,-1.1781685971176123,1,0,1,0,-1.1006521028582368,-0.29129881655524165,0.0,0,0,0,1,0,0,0,1,0,1,0,0,0,0,0
-1.5204294651533248,1.6732162339265413,1,0,0,0,0.19905352759775274,0.8883471122941295,0.0,0,0,1,0,0,1,0,0,0,0,0,0,1,0,0
0.6878497664918376,-0.6830367782449255,1,0,1,0,0.19905352759775274,-0.29129881655524165,0.0,0,0,0,1,0,0,0,0,1,1,0,0,0,0,0
-0.03932323059053446,-0.4475864657274968,1,0,0,0,-0.23418168255424376,-0.8811217809799272,0.0,0,0,1,0,0,0,0,0,1,0,0,0,0,1,0
-1.570450207167285,1.3517025136265106,0,0,0,0,0.6322887377497493,-1.4709447454046127,0.0,0,0,0,0,1,0,1,0,0,0,0,0,0,0,1
-0.6006694440200009,-1.57432404898711,1,0,1,0,1.2099356846190779,0.8883471122941295,0.0,0,0,1,0,0,0,0,0,1,0,0,0,1,0,0
0.6595441868912909,1.5482070652903936,1,0,1,0,0.6322887377497493,-0.29129881655524165,0.0,0,0,0,1,0,0,0,0,1,1,0,0,0,0,0
-0.5478342267616682,-0.37708239799373217,1,0,1,0,-0.08976994583691159,-0.8811217809799272,0.0,0,0,1,0,0,1,0,0,0,0,0,0,0,1,0
-1.059722593226049,1.0127933649505492,0,0,0,1,0.05464179088042058,-1.4709447454046127,0.0,0,0,0,1,0,0,0,0,1,0,0,0,0,0,1
-0.27696982849176394,0.9236180891581787,1,0,1,0,-0.23418168255424376,-1.4709447454046127,0.0,0,0,1,0,0,0,0,0,1,0,0,0,0,0,1
-0.7408582811300696,0.5472199821041582,1,0,0,1,0.9211122111844136,-0.8811217809799272,0.0,0,0,0,1,0,1,0,0,0,0,0,0,0,1,0
-0.3832695866655557,-0.7092850832026601,1,0,1,0,0.48787700103241705,0.2985241478694439,0.0,0,0,0,0,1,0,1,0,0,0,0,1,0,0,0
-1.6612161597376642,-0.7868059391911361,0,0,1,1,-1.5338873130102333,0.8883471122941295,0.0,0,0,0,0,1,1,0,0,0,0,0,0,1,0,0
0.6579394115656176,-1.1381711800391592,1,0,1,0,-0.23418168255424376,1.478170076718815,0.0,0,0,0,0,1,0,0,0,1,0,1,0,0,0,0
1.215271938559631,0.44436455525499846,1,0,1,0,0.05464179088042058,-0.8811217809799272,0.0,0,0,0,1,0,0,0,0,1,0,0,0,0,1,0
-1.6350083256608736,0.3041580921556364,1,0,1,0,1.4987591580537423,-0.8811217809799272,0.0,0,0,0,1,0,0,1,0,0,0,0,0,0,1,0
0.6113170173001424,-1.6098389969102194,0,0,1,0,0.3434652643150849,0.8883471122941295,0.0,0,0,1,0,0,0,1,0,0,0,0,0,1,0,0
0.06012389220565454,0.04804532085867074,1,0,0,0,-1.6782990497275654,-0.8811217809799272,0.0,0,0,0,0,1,0,0,1,0,0,0,0,0,1,0
-1.7057268235092253,-0.1812933173681063,1,0,1,0,1.6431708947710744,1.478170076718815,0.0,0,0,1,0,0,1,0,0,0,0,1,0,0,0,0
0.04788704331707832,-1.6209244879367042,1,0,1,0,1.35434742133641,-0.8811217809799272,0.0,0,0,0,1,0,0,1,0,0,0,0,0,0,1,0
-0.39696436869314217,-0.11339252979763716,1,0,1,0,0.3434652643150849,-1.4709447454046127,0.0,0,0,1,0,0,0,0,1,0,0,0,0,0,0,1
1.6230561871650846,1.0675915503746278,1,0,1,1,0.7767004744670813,1.478170076718815,0.0,0,0,0,1,0,0,1,0,0,0,1,0,0,0,0
-1.1006496083945272,-0.9585362286387532,1,0,1,0,1.2099356846190779,1.478170076718815,0.0,0,0,1,0,0,1,0,0,0,0,1,0,0,0,0
-0.7734187879013011,-1.6472503740913587,1,0,0,0,-1.1006521028582368,1.478170076718815,0.0,0,0,1,0,0,0,0,0,1,0,1,0,0,0,0
0.7514673957422755,-0.25942620279894646,1,0,1,0,1.4987591580537423,0.2985241478694439,0.0,0,0,1,0,0,0,1,0,0,0,0,1,0,0,0
1.7437989232699362,0.9375051234067538,1,0,0,1,-0.3785934192715759,0.2985241478694439,0.0,0,0,0,0,1,1,0,0,0,0,0,1,0,0,0
-1.0450978106829307,-0.6729598427783927,1,0,1,0,0.48787700103241705,-0.29129881655524165,0.0,0,0,0,0,1,0,1,0,0,1,0,0,0,0,0
-0.9738373952409419,-0.36306606175029166,1,0,1,0,-0.23418168255424376,0.2985241478694439,0.0,0,0,0,1,0,0,1,0,0,0,0,1,0,0,0
1.6120989630459994,-0.8183987266033195,1,0,1,0,1.0655239479017458,-0.8811217809799272,0.0,0,0,0,1,0,0,1,0,0,0,0,0,0,1,0
-1.5816172058387457,-1.4148343483867782,0,0,1,0,-0.6674168927062403,-1.4709447454046127,0.0,0,0,0,0,1,0,0,0,1,0,0,0,0,0,1
-0.17987218068218133,-1.0393154948978447,1,0,1,1,-0.3785934192715759,-0.8811217809799272,0.0,0,0,0,1,0,1,0,0,0,0,0,0,0,1,0
-1.4551056695435658,0.1623396641869488,1,0,0,0,-0.8118286294235724,-1.4709447454046127,0.0,0,0,0,0,1,0,1,0,0,0,0,0,0,0,1
-0.4200780281223929,-0.7202929930322258,1,0,0,0,-1.5338873130102333,-1.4709447454046127,0.0,0,0,0,1,0,1,0,0,0,0,0,0,0,0,1
1.4213474663283336,-0.5766988176673828,1,0,0,0,-0.5230051559889081,-1.4709447454046127,0.0,0,0,0,0,1,1,0,0,0,0,0,0,0,0,1
0.5175093337203169,-0.7521012837691854,1,0,1,0,-0.23418168255424376,-0.29129881655524165,0.0,0,0,1,0,0,0,0,0,1,1,0,0,0,0,0
0.9812404554443409,-1.617864340724883,0,0,1,0,-0.3785934192715759,0.2985241478694439,0.0,0,0,0,0,1,0,0,0,1,0,0,1,0,0,0
-0.48181467888652973,1.3633310730314314,1,0,1,0,-0.23418168255424376,-1.4709447454046127,0.0,0,0,1,0,0,0,1,0,0,0,0,0,0,0,1
-1.578596452284537,0.2886159923727804,1,0,0,0,1.2099356846190779,1.478170076718815,0.0,0,0,0,1,0,0,1,0,0,0,1,0,0,0,0
0.8401600764866761,-1.0427290675622987,1,0,1,0,1.35434742133641,-1.4709447454046127,0.0,0,0,1,0,0,1,0,0,0,0,0,0,0,0,1
1.1216600445620228,-0.24671150663715374,1,0,1,0,-0.08976994583691159,0.2985241478694439,0.0,0,0,0,1,0,1,0,0,0,0,0,1,0,0,0
0.4342533101249839,1.6063067616500428,1,0,1,1,-1.6782990497275654,-1.4709447454046127,0.0,0,0,0,1,0,0,0,0,1,0,0,0,0,0,1
-1.0982337047996682,-0.8605511769295341,1,0,1,0,-0.5230051559889081,-1.4709447454046127,0.0,0,0,0,1,0,1,0,0,0,0,0,0,0,0,1
-0.4715741844880612,-1.3407356851957475,1,1,1,1,0.6322887377497493,1.478170076718815,0.0,0,0,0,0,1,1,0,0,0,0,1,0,0,0,0
1.1553078827630678,0.7050977178351645,1,0,1,1,0.05464179088042058,-0.8811217809799272,0.0,0,0,0,1,0,1,0,0,0,0,0,0,0,1,0
-1.6939444861507962,-1.5907540224680434,1,0,0,0,-0.6674168927062403,0.2985241478694439,0.0,0,0,1,0,0,0,0,1,0,0,0,1,0,0,0
0.6184703295361501,-1.3709492513293633,1,0,0,0,-1.6782990497275654,0.8883471122941295,0.0,0,0,0,0,1,0,0,1,0,0,0,0,1,0,0
0.8025719729435095,0.8035913573908554,1,0,0,0,0.6322887377497493,1.478170076718815,0.0,0,0,1,0,0,1,0,0,0,0,1,0,0,0,0
-0.07180682002589489,0.818349025071526,1,0,0,0,0.19905352759775274,-0.8811217809799272,0.0,0,0,0,0,1,1,0,0,0,0,0,0,0,1,0
-0.2839623135709503,1.1971090485650928,1,0,1,0,1.35434742133641,1.478170076718815,0.0,0,0,1,0,0,0,0,0,1,0,1,0,0,0,0
1.5913837259989096,-0.7477912172736624,1,0,0,0,-0.5230051559889081,0.2985241478694439,0.0,0,0,0,0,1,0,0,1,0,0,0,1,0,0,0
-1.40650789824322,0.9502370598345287,1,0,1,0,-0.08976994583691159,0.8883471122941295,0.0,0,0,0,1,0,1,0,0,0,0,0,0,1,0,0
0.31445805574836255,-0.8047185755465297,1,0,1,1,-1.5338873130102333,-1.4709447454046127,0.0,0,0,0,1,0,0,0,0,1,0,0,0,0,0,1
0.2463722285323242,-0.45749961866719957,0,0,0,0,1.6431708947710744,-1.4709447454046127,0.0,0,0,0,1,0,0,1,0,0,0,0,0,0,0,1
-1.5068395704019262,-1.51671570020795,1,0,0,1,-0.9562403661409046,-1.4709447454046127,0.0,0,0,0,1,0,0,1,0,0,0,0,0,0,0,1
1.243248871361456,0.683228440436881,1,0,0,0,-0.08976994583691159,0.8883471122941295,0.0,0,0,0,1,0,0,0,0,1,0,0,0,1,0,0
0.6444753815456444,-1.2610770362254922,0,0,1,0,1.0655239479017458,-1.4709447454046127,0.0,0,0,0,1,0,0,0,1,0,0,0,0,0,0,1
0.6013282523645244,-1.0139464435051964,1,0,0,0,0.48787700103241705,0.8883471122941295,0.0,0,0,0,0,1,0,0,1,0,0,0,0,1,0,0
0.17210854074882498,1.320721755656691,0,0,1,0,1.4987591580537423,0.8883471122941295,0.0,0,0,1,0,0,0,1,0,0,0,0,0,1,0,0
-0.7365753840190679,-0.0036927173535868957,1,0,1,0,-0.8118286294235724,-0.8811217809799272,0.0,0,0,1,0,0,0,0,1,0,0,0,0,0,1,0
0.10145297526618584,0.21057792840484185,1,0,0,0,-1.1006521028582368,0.8883471122941295,0.0,0,0,0,1,0,0,0,1,0,0,0,0,1,0,0
-1.0762353467405479,0.6832801612348273,1,0,1,1,-0.08976994583691159,1.478170076718815,0.0,0,0,0,1,0,0,1,0,0,0,1,0,0,0,0
-0.9385917741993028,-1.454581781608491,1,0,1,0,0.7767004744670813,0.2985241478694439,0.0,0,0,1,0,0,0,0,1,0,0,0,1,0,0,0
-1.6177124138175059,0.8325291438417963,1,0,0,0,-0.5230051559889081,1.478170076718815,0.0,0,0,0,1,0,0,1,0,0,0,1,0,0,0,0
0.3103744444621176,-1.4119035031698226,0,0,1,1,-1.6782990497275654,1.478170076718815,0.0,0,0,0,1,0,0,1,0,0,0,1,0,0,0,0
-0.6783209908243659,-0.21068797086757285,0,1,1,0,1.35434742133641,0.2985241478694439,0.0,0,0,0,1,0,0,1,0,0,0,0,1,0,0,0
1.1432248685462338,-0.6285230572095508,1,0,1,0,1.4987591580537423,-0.8811217809799272,0.0,0,0,0,0,1,0,0,1,0,0,0,0,0,1,0
-0.1113143607232981,1.2458300402304847,1,0,1,0,0.48787700103241705,-0.8811217809799272,0.0,0,0,1,0,0,0,0,0,1,0,0,0,0,1,0
0.2930190964955768,-1.1323784506691763,1,0,1,0,-1.5338873130102333,0.2985241478694439,0.0,0,0,1,0,0,0,0,0,1,0,0,1,0,0,0
-0.09683991660938236,-0.5197283587295601,1,0,1,0,1.2099356846190779,0.8883471122941295,0.0,0,0,0,1,0,0,1,0,0,0,0,0,1,0,0
1.3994959504558762,-0.6011455148299892,1,0,0,0,1.0655239479017458,1.478170076718815,0.0,0,0,0,1,0,1,0,0,0,0,1,0,0,0,0
0.15033394221223859,-0.37183273700218544,1,0,1,0,0.19905352759775274,-0.8811217809799272,0.0,0,0,0,1,0,1,0,0,0,0,0,0,0,1,0
0.26149347751606483,-1.6706281747630751,0,0,1,0,0.3434652643150849,0.2985241478694439,0.0,0,0,0,0,1,0,1,0,0,0,0,1,0,0,0
-0.5252205300155794,0.3740328901810546,1,0,0,1,-0.8118286294235724,-1.4709447454046127,0.0,0,0,0,1,0,0,0,0,1,0,0,0,0,0,1
-0.1028045063819282,1.0732463576167544,0,0,1,0,-0.5230051559889081,1.478170076718815,0.0,0,0,0,1,0,0,0,1,0,0,1,0,0,0,0
1.6149658819284662,-0.9017812730257068,0,0,1,1,-0.9562403661409046,0.2985241478694439,0.0,0,0,1,0,0,1,0,0,0,0,0,1,0,0,0
-0.27123599072683086,1.1939713201563518,1,0,1,0,-0.5230051559889081,-0.29129881655524165,0.0,0,0,0,0,1,1,0,0,0,1,0,0,0,0,0
0.0013310776598552429,0.7419056857069304,1,0,0,0,-0.6674168927062403,-1.4709447454046127,0.0,0,0,0,1,0,0,0,1,0,0,0,0,0,0,1
-0.16280002836134774,1.06522101380209,1,0,1,0,0.48787700103241705,-1.4709447454046127,0.0,0,0,0,0,1,0,1,0,0,0,0,0,0,0,1
0.17698579909155743,0.2298353055068382,0,0,1,0,-0.23418168255424376,-1.4709447454046127,0.0,0,0,0,0,1,0,0,1,0,0,0,0,0,0,1
-0.3220958309502933,-1.2825066868412323,1,0,1,0,1.2099356846190779,0.2985241478694439,0.0,0,0,1,0,0,0,1,0,0,0,0,1,0,0,0
-0.16933800191038698,-0.7626868070821895,1,0,1,1,0.3434652643150849,1.478170076718815,0.0,0,0,0,0,1,0,0,1,0,0,1,0,0,0,0
-1.537368760257654,-0.4523447791385541,1,0,0,0,0.19905352759775274,0.8883471122941295,0.0,0,0,1,0,0,0,1,0,0,0,0,0,1,0,0
0.13836980024175055,0.03863213563244853,1,0,1,0,0.48787700103241705,-0.29129881655524165,0.0,0,0,1,0,0,0,0,0,1,1,0,0,0,0,0
0.13533156547484418,0.40637562916345893,1,0,1,0,-1.6782990497275654,-0.8811217809799272,0.0,0,0,0,0,1,0,1,0,0,0,0,0,0,1,0
0.7496843120470829,0.17532158447146393,0,0,1,0,1.0655239479017458,0.8883471122941295,0.0,0,0,0,1,0,0,1,0,0,0,0,0,1,0,0
-0.21450945552193112,-0.20756748272481393,1,0,0,0,-1.5338873130102333,0.2985241478694439,0.0,0,0,1,0,0,0,1,0,0,0,0,1,0,0,0
0.8943867982757665,1.6892065806249317,1,0,0,0,-1.6782990497275654,0.2985241478694439,0.0,0,0,1,0,0,0,1,0,0,0,0,1,0,0,0
-0.5822512383214238,-1.0938895568641565,1,0,1,0,-1.5338873130102333,-0.29129881655524165,0.0,0,0,1,0,0,0,1,0,0,1,0,0,0,0,0
0.9967288098947389,1.7018436955898049,1,0,0,0,-1.6782990497275654,-0.8811217809799272,0.0,0,0,0,1,0,0,1,0,0,0,0,0,0,1,0
-0.3021707447171517,-0.9759488972806659,1,0,0,1,-0.3785934192715759,-0.8811217809799272,0.0,0,0,0,1,0,0,0,0,1,0,0,0,0,1,0
0.8785243458736322,-0.45722377441148637,1,0,1,0,1.2099356846190779,-0.8811217809799272,0.0,0,0,0,1,0,0,1,0,0,0,0,0,0,1,0
-1.7211802155342273,1.6068670702944614,1,0,1,1,0.05464179088042058,-1.4709447454046127,0.0,0,0,0,1,0,0,0,1,0,0,0,0,0,0,1
1.4180924645239728,-1.1492480509326533,1,0,1,0,-1.2450638395755689,-1.4709447454046127,0.0,0,0,0,0,1,0,0,1,0,0,0,0,0,0,1
-0.22764833498572234,1.1064166293662987,0,0,1,0,1.4987591580537423,-0.29129881655524165,0.0,0,0,0,0,1,0,0,1,0,1,0,0,0,0,0
1.4448876673474147,1.3960272374664688,1,0,1,0,-0.08976994583691159,-1.4709447454046127,0.0,0,0,0,1,0,0,1,0,0,0,0,0,0,0,1
-0.6889390794171104,-1.5376022824452544,1,0,1,0,0.6322887377497493,0.2985241478694439,0.0,0,0,0,0,1,1,0,0,0,0,0,1,0,0,0
-0.3460765585293632,-1.607554661667592,1,0,1,0,1.2099356846190779,-1.4709447454046127,0.0,0,0,0,1,0,0,0,1,0,0,0,0,0,0,1
-1.3977707881367765,-0.8178728984908658,1,0,1,0,1.35434742133641,-1.4709447454046127,0.0,0,0,0,1,0,0,0,1,0,0,0,0,0,0,1
-1.0519294686052958,1.6813622596030802,1,0,1,1,-1.2450638395755689,-1.4709447454046127,0.0,0,0,0,0,1,0,1,0,0,0,0,0,0,0,1
1.1467980284216979,-0.8830497240361639,1,0,0,0,-1.6782990497275654,-0.8811217809799272,0.0,0,0,0,0,1,0,1,0,0,0,0,0,0,1,0
-1.7409095121851517,1.0935812513426308,1,0,0,0,-1.6782990497275654,-1.4709447454046127,0.0,0,0,0,1,0,1,0,0,0,0,0,0,0,0,1
0.9376038523076783,-0.13509802466909104,1,1,1,0,0.7767004744670813,0.2985241478694439,0.0,0,0,1,0,0,0,1,0,0,0,0,1,0,0,0
1.2245404775320927,-1.0552196402663243,1,0,1,1,-1.389475576292901,-1.4709447454046127,0.0,0,0,1,0,0,1,0,0,0,0,0,0,0,0,1
-0.6310098367785906,0.6918313331619449,1,0,1,0,-1.389475576292901,0.8883471122941295,0.0,0,0,0,0,1,0,0,1,0,0,0,0,1,0,0
0.13732442372241224,0.5272988547618513,1,1,0,0,-1.2450638395755689,0.8883471122941295,0.0,0,0,0,1,0,0,0,0,1,0,0,0,1,0,0
1.6011137689865975,1.468625997517058,1,0,0,0,1.6431708947710744,1.478170076718815,0.0,0,0,0,1,0,0,0,0,1,0,1,0,0,0,0
1.4740393376425434,-0.14177862773715166,0,0,1,0,1.2099356846190779,-0.29129881655524165,0.0,0,0,1,0,0,0,0,0,1,1,0,0,0,0,0
-0.18535428898426357,0.26062642055085444,1,0,1,1,-0.08976994583691159,-0.29129881655524165,0.0,0,0,0,1,0,0,1,0,0,1,0,0,0,0,0
-1.1104355912628485,0.5561073392179265,1,0,0,1,0.7767004744670813,-0.8811217809799272,0.0,0,0,0,0,1,0,0,1,0,0,0,0,0,1,0
-0.8035459098649758,-0.8710763593116012,0,0,1,0,0.9211122111844136,-0.8811217809799272,0.0,0,0,0,0,1,1,0,0,0,0,0,0,0,1,0
0.8985473268978826,1.5020979739212892,1,0,1,0,0.19905352759775274,-0.8811217809799272,0.0,0,0,0,0,1,1,0,0,0,0,0,0,0,1,0
-0.45896673389028814,0.3183209706599247,1,0,1,1,-0.8118286294235724,-0.29129881655524165,0.0,0,0,0,0,1,0,0,1,0,1,0,0,0,0,0
0.9827298547662078,0.9758733353498994,1,0,0,0,-0.08976994583691159,1.478170076718815,0.0,0,0,0,0,1,0,0,1,0,0,1,0,0,0,0
0.10633722609399764,0.13046241238606096,1,0,0,1,1.35434742133641,-1.4709447454046127,0.0,0,0,1,0,0,1,0,0,0,0,0,0,0,0,1
1.1912842184954817,1.4624108816305137,1,0,1,0,0.05464179088042058,-1.4709447454046127,0.0,0,0,0,1,0,0,1,0,0,0,0,0,0,0,1
0.3889769692372519,-0.39916717871679214,0,0,0,0,1.35434742133641,0.8883471122941295,0.0,0,0,0,0,1,0,1,0,0,0,0,0,1,0,0
-0.4080859162115882,-1.2674990353038211,1,0,0,1,-0.3785934192715759,-0.29129881655524165,0.0,0,0,1,0,0,0,0,0,1,1,0,0,0,0,0
-0.9874098087796428,-0.3605489829169062,1,0,0,0,-0.23418168255424376,-0.8811217809799272,0.0,0,0,0,0,1,0,0,1,0,0,0,0,0,1,0
-1.0268998682643482,-0.008769975685312837,0,0,0,0,-1.6782990497275654,-0.8811217809799272,0.0,0,0,0,0,1,0,1,0,0,0,0,0,0,1,0
-0.5742972865438492,0.12927283403329654,0,0,1,0,-0.08976994583691159,1.478170076718815,0.0,0,0,0,0,1,0,0,0,1,0,1,0,0,0,0
-0.7857989827340006,1.39422562967134,0,0,0,0,0.9211122111844136,-1.4709447454046127,0.0,0,0,0,0,1,1,0,0,0,0,0,0,0,0,1
-0.8334982197016708,0.5731148616092602,1,0,1,0,0.3434652643150849,0.8883471122941295,0.0,0,0,0,0,1,0,1,0,0,0,0,0,1,0,0
0.16625583073754602,-1.4608917189579367,1,0,1,0,-0.23418168255424376,-0.29129881655524165,0.0,0,0,0,1,0,0,0,0,1,1,0,0,0,0,0
1.0433302267049767,-0.40234800779048774,1,0,1,1,-0.23418168255424376,0.8883471122941295,0.0,0,0,1,0,0,0,0,0,1,0,0,0,1,0,0
0.2073576580330039,1.1217863264893335,0,0,1,0,0.7767004744670813,-0.29129881655524165,0.0,0,0,0,0,1,1,0,0,0,1,0,0,0,0,0
-1.731675935638086,1.1438452468134201,1,0,0,1,-0.8118286294235724,0.8883471122941295,0.0,0,0,0,1,0,0,1,0,0,0,0,0,1,0,0
0.009257059497113066,0.08632733147190558,1,0,1,0,0.19905352759775274,-0.29129881655524165,0.0,0,0,0,1,0,0,1,0,0,1,0,0,0,0,0
1.2177752482179798,-0.8483192082152399,1,0,0,0,-1.389475576292901,-0.29129881655524165,0.0,0,0,0,1,0,0,1,0,0,1,0,0,0,0,0
-1.3205108204968459,0.7917645349271402,1,0,1,1,1.6431708947710744,0.8883471122941295,0.0,0,0,0,1,0,1,0,0,0,0,0,0,1,0,0
0.032395192624141,0.9541850807444276,1,0,1,0,1.4987591580537423,-0.8811217809799272,0.0,0,0,0,0,1,0,1,0,0,0,0,0,0,1,0
0.4618526487325329,1.2881376529505382,0,0,0,0,-0.6674168927062403,0.8883471122941295,0.0,0,0,0,1,0,1,0,0,0,0,0,0,1,0,0
-1.5317852609219238,-1.0575901768388618,1,0,1,0,-0.5230051559889081,0.8883471122941295,0.0,0,0,0,1,0,0,1,0,0,0,0,0,1,0,0
-0.09580852506020243,0.10085225556181829,1,0,1,0,-0.6674168927062403,1.478170076718815,0.0,0,0,0,0,1,0,0,0,1,0,1,0,0,0,0
-0.2176385925948673,1.3915533884441156,1,0,1,0,-0.23418168255424376,0.8883471122941295,0.0,0,0,1,0,0,0,0,1,0,0,0,0,1,0,0
0.39047685728673737,0.12264395176318217,1,0,1,0,0.3434652643150849,0.8883471122941295,0.0,0,0,0,0,1,0,0,1,0,0,0,0,1,0,0
1.0409632705056724,-0.9264951943110354,1,0,1,0,-1.2450638395755689,-0.29129881655524165,0.0,0,0,0,0,1,0,1,0,0,1,0,0,0,0,0
-1.0367382947707633,0.8732592722244884,1,0,1,0,1.4987591580537423,1.478170076718815,0.0,0,0,0,0,1,0,1,0,0,0,1,0,0,0,0
-1.6275753140216982,-1.4627709079499847,1,0,1,0,-0.08976994583691159,0.8883471122941295,0.0,0,0,0,0,1,1,0,0,0,0,0,0,1,0,0
0.7955200517411499,-0.06678347071505208,1,1,0,1,0.3434652643150849,-0.8811217809799272,0.0,0,0,1,0,0,0,0,0,1,0,0,0,0,1,0
1.2281590885605718,1.3010506121711245,0,0,1,1,0.9211122111844136,-1.4709447454046127,0.0,0,0,1,0,0,1,0,0,0,0,0,0,0,0,1
-1.6247818162325633,-1.5535753888776624,1,0,1,0,-1.1006521028582368,0.2985241478694439,0.0,0,0,0,1,0,1,0,0,0,0,0,1,0,0,0
-0.6077213652223602,-0.39110735437016386,1,0,0,0,1.35434742133641,-0.29129881655524165,0.0,0,0,0,0,1,0,0,0,1,1,0,0,0,0,0
-0.16156235850233175,0.30364088417617374,0,0,1,0,-1.2450638395755689,-0.29129881655524165,0.0,0,0,1,0,0,0,0,1,0,1,0,0,0,0,0
0.7764025975346541,-1.524603121894757,1,0,1,1,0.7767004744670813,1.478170076718815,0.0,0,0,1,0,0,0,0,0,1,0,1,0,0,0,0
-1.634927912082463,-0.8736106784109688,0,0,0,0,0.3434652643150849,0.8883471122941295,0.0,0,0,1,0,0,0,0,1,0,0,0,0,1,0,0
-1.6245650491951087,-0.7579715943360876,1,0,1,0,-1.5338873130102333,0.8883471122941295,0.0,0,0,1,0,0,0,1,0,0,0,0,0,1,0,0
0.7072084614335651,0.34896554344309316,0,0,1,0,-0.9562403661409046,-0.8811217809799272,0.0,0,0,1,0,0,0,1,0,0,0,0,0,0,1,0
1.0302857457897547,0.294934549855217,1,0,1,1,-0.23418168255424376,0.2985241478694439,0.0,0,0,0,1,0,0,0,0,1,0,0,1,0,0,0
0.7254168925797665,-0.7520668032372212,1,0,1,0,1.0655239479017458,1.478170076718815,0.0,0,0,0,1,0,0,0,1,0,0,1,0,0,0,0
-0.5570643070661943,1.1410954243892768,1,0,1,0,-1.5338873130102333,0.8883471122941295,0.0,0,0,1,0,0,0,1,0,0,0,0,0,1,0,0
-1.0376997614691514,0.17164078768428734,1,0,1,0,1.6431708947710744,0.2985241478694439,0.0,0,0,0,0,1,0,0,1,0,0,0,1,0,0,0
-1.515667582814399,1.2753970963897716,1,0,1,0,1.0655239479017458,-0.8811217809799272,0.0,0,0,0,0,1,1,0,0,0,0,0,0,0,1,0
0.004652508072468788,-0.3333697035961382,1,0,1,1,-1.2450638395755689,1.478170076718815,0.0,0,0,1,0,0,0,0,0,1,0,1,0,0,0,0
-1.6910565898130923,1.4108797266100406,1,0,1,0,-0.9562403661409046,1.478170076718815,0.0,0,0,1,0,0,0,0,1,0,0,1,0,0,0,0
-1.5790684450273822,-0.2680204753910191,1,0,1,0,0.48787700103241705,0.2985241478694439,0.0,0,0,0,1,0,0,0,1,0,0,0,1,0,0,0
-0.920704997366744,-0.49556612595565863,1,0,0,0,0.48787700103241705,0.2985241478694439,0.0,0,0,0,0,1,0,0,1,0,0,0,1,0,0,0
-0.1156951526254083,-1.6037359427525588,1,0,1,0,-0.6674168927062403,-0.29129881655524165,0.0,0,0,0,1,0,0,1,0,0,1,0,0,0,0,0
-0.6394637512393271,1.0061817229464167,1,0,0,0,-0.3785934192715759,-0.8811217809799272,0.0,0,0,1,0,0,0,0,0,1,0,0,0,0,1,0
0.391700542175595,0.7875320496285367,1,0,0,0,-0.3785934192715759,0.2985241478694439,0.0,0,0,0,1,0,0,0,0,1,0,0,1,0,0,0
-1.068851282496927,1.377881857520317,1,0,0,0,0.19905352759775274,0.2985241478694439,0.0,0,0,0,1,0,0,0,0,1,0,0,1,0,0,0
0.10712737690794577,0.45282090571921446,1,0,1,0,-0.3785934192715759,-0.29129881655524165,0.0,0,0,0,1,0,1,0,0,0,1,0,0,0,0,0
-0.4599142156185179,1.3112827100314959,1,0,1,0,1.0655239479017458,-1.4709447454046127,0.0,0,0,0,1,0,0,0,1,0,0,0,0,0,0,1
-0.3399196754171395,0.043062883989846416,1,0,1,0,-0.5230051559889081,1.478170076718815,0.0,0,0,0,1,0,0,1,0,0,0,1,0,0,0,0
1.3691380764845884,0.04701090489974539,0,0,1,0,0.05464179088042058,1.478170076718815,0.0,0,0,1,0,0,0,1,0,0,0,1,0,0,0,0
0.4360154163649389,-1.5275339671117127,1,0,1,0,0.19905352759775274,0.8883471122941295,0.0,0,0,0,1,0,0,0,1,0,0,0,0,1,0,0
1.479385092485581,0.6262579814990584,1,0,1,0,-0.23418168255424376,0.2985241478694439,0.0,0,0,0,1,0,0,0,0,1,0,0,1,0,0,0
-1.1506388842256308,0.056139625737262756,1,0,1,0,-0.23418168255424376,1.478170076718815,0.0,0,0,1,0,0,0,1,0,0,0,1,0,0,0,0
-1.6868016626424074,-0.6982340727081392,1,0,1,0,0.6322887377497493,-0.29129881655524165,0.0,0,0,0,0,1,0,0,0,1,1,0,0,0,0,0
1.5212001532591157,-1.3292019472537282,1,0,1,0,1.6431708947710744,-1.4709447454046127,0.0,0,0,0,0,1,0,1,0,0,0,0,0,0,0,1
-1.3361215434361295,-1.633053015055106,1,0,1,0,1.6431708947710744,0.2985241478694439,0.0,0,0,0,1,0,0,1,0,0,0,0,1,0,0,0
1.4154143427386443,1.7241094991056765,0,0,1,0,-0.23418168255424376,0.8883471122941295,0.0,0,0,0,1,0,0,0,0,1,0,0,0,1,0,0
-1.4055044766343567,-0.2065416868988798,1,0,0,0,1.6431708947710744,-1.4709447454046127,0.0,0,0,0,0,1,0,0,1,0,0,0,0,0,0,1
-0.19474869268815048,0.9931394617309642,0,0,1,0,-1.389475576292901,0.2985241478694439,0.0,0,0,0,0,1,0,1,0,0,0,0,1,0,0,0
1.6178188158407742,0.4253226814777779,1,0,1,0,0.19905352759775274,1.478170076718815,0.0,0,0,1,0,0,0,0,1,0,0,1,0,0,0,0
0.05350550507820481,0.2757375136841578,0,0,1,0,1.35434742133641,1.478170076718815,0.0,0,0,0,0,1,0,0,0,1,0,1,0,0,0,0
-1.7003845649087268,0.47733656394574914,1,0,0,0,-0.23418168255424376,1.478170076718815,0.0,0,0,1,0,0,0,0,0,1,0,1,0,0,0,0
-1.1650958471268487,-0.20076619779487878,1,0,0,0,1.35434742133641,-0.29129881655524165,0.0,0,0,0,0,1,0,1,0,0,1,0,0,0,0,0
-1.3009283660325843,-0.5636134557869753,0,0,1,0,-0.9562403661409046,0.2985241478694439,0.0,0,0,1,0,0,1,0,0,0,0,0,1,0,0,0
-0.14558103385385118,1.603056971512419,1,0,0,0,-0.23418168255424376,1.478170076718815,0.0,0,0,0,1,0,0,1,0,0,0,1,0,0,0,0
-0.4881918252787478,0.6326282597794413,1,0,1,0,-0.9562403661409046,-0.8811217809799272,0.0,0,0,0,0,1,0,1,0,0,0,0,0,0,1,0
0.995868734229999,-0.311371124202989,1,0,1,1,1.35434742133641,-1.4709447454046127,0.0,0,0,1,0,0,1,0,0,0,0,0,0,0,0,1
0.8639415182409889,-1.1890041042873571,1,0,1,1,-1.2450638395755689,0.2985241478694439,0.0,0,0,1,0,0,1,0,0,0,0,0,1,0,0,0
-1.5465498931666257,0.08798239700618646,1,0,1,0,0.48787700103241705,0.8883471122941295,0.0,0,0,1,0,0,0,0,1,0,0,0,0,1,0,0
1.4019433202335914,-0.18202602867234513,0,0,0,0,1.4987591580537423,0.8883471122941295,0.0,0,0,0,0,1,0,0,1,0,0,0,0,1,0,0
-0.011024643475067196,0.4867325089059889,0,0,0,0,1.4987591580537423,0.2985241478694439,0.0,0,0,1,0,0,0,1,0,0,0,0,1,0,0,0
1.7472497146565142,-0.8093303466967392,1,0,0,0,1.4987591580537423,-0.29129881655524165,0.0,0,0,0,0,1,0,0,0,1,1,0,0,0,0,0
0.36016443446846436,-0.9931288223318204,1,0,1,0,0.48787700103241705,-0.29129881655524165,0.0,0,0,1,0,0,0,1,0,0,1,0,0,0,0,0
1.4610333153952564,0.830365490461044,1,0,1,0,1.35434742133641,-1.4709447454046127,0.0,0,0,0,0,1,0,1,0,0,0,0,0,0,0,1
0.8278882651727038,-0.0869718221800817,1,0,1,0,0.6322887377497493,1.478170076718815,0.0,0,0,0,1,0,0,1,0,0,0,1,0,0,0,0
-0.9900949230500503,-1.605442729084786,0,0,0,1,1.4987591580537423,-0.8811217809799272,0.0,0,0,0,0,1,0,0,1,0,0,0,0,0,1,0
-0.4569249282471657,0.698994663677504,1,0,1,0,0.48787700103241705,-1.4709447454046127,0.0,0,0,0,1,0,0,0,0,1,0,0,0,0,0,1
-0.46127425396641963,1.3528662315803013,0,0,1,0,0.3434652643150849,-1.4709447454046127,0.0,0,0,0,1,0,0,0,1,0,0,0,0,0,0,1
-1.336771844548494,-0.36250575310587363,0,0,1,1,1.0655239479017458,0.8883471122941295,0.0,0,0,0,0,1,0,0,1,0,0,0,0,1,0,0
0.6355110156741274,-1.2175626048866923,1,1,0,0,1.6431708947710744,-0.29129881655524165,0.0,0,0,0,1,0,1,0,0,0,1,0,0,0,0,0
1.1726527420019899,1.5252602712682295,1,0,0,0,1.35434742133641,-0.29129881655524165,0.0,0,0,0,0,1,0,0,0,1,1,0,0,0,0,0
1.629978747393479,0.18370897387175164,1,0,1,0,-0.3785934192715759,-0.8811217809799272,0.0,0,0,1,0,0,1,0,0,0,0,0,0,0,1,0
-0.9965070318676643,-1.0732443383506014,1,0,0,0,-1.5338873130102333,-0.29129881655524165,0.0,0,0,1,0,0,0,0,0,1,1,0,0,0,0,0
-0.26082767668646206,0.5549177608651625,1,0,0,0,-1.1006521028582368,-1.4709447454046127,0.0,0,0,0,0,1,0,0,0,1,0,0,0,0,0,1
1.6336288246048145,0.4484246378937811,1,0,1,0,-1.5338873130102333,0.2985241478694439,0.0,0,0,0,0,1,0,0,0,1,0,0,1,0,0,0
-0.33864005064764846,-1.4845281236193846,1,0,0,1,-1.5338873130102333,1.478170076718815,0.0,0,0,0,0,1,0,0,0,1,0,1,0,0,0,0
-0.43654183424133736,1.4088626154901358,1,0,1,0,-1.389475576292901,0.8883471122941295,0.0,0,0,0,1,0,0,0,1,0,0,0,0,1,0,0
1.1164226732377125,0.6831249988409885,0,0,1,0,-0.23418168255424376,-0.8811217809799272,0.0,0,0,0,0,1,1,0,0,0,0,0,0,0,1,0
-0.8368511162971406,0.6914348070443568,1,0,1,1,0.3434652643150849,-0.8811217809799272,0.0,0,0,0,0,1,0,0,0,1,0,0,0,0,1,0
1.3843747014721355,1.5267429341426888,1,0,1,0,1.2099356846190779,-0.8811217809799272,0.0,0,0,0,0,1,0,0,1,0,0,0,0,0,1,0
-1.3723041574783794,-0.6360398131777432,0,0,1,0,0.48787700103241705,-0.29129881655524165,0.0,0,0,0,0,1,0,0,0,1,1,0,0,0,0,0
1.127512754573302,0.07064730956119339,1,0,1,0,-1.389475576292901,0.2985241478694439,0.0,0,0,0,0,1,0,0,0,1,0,0,1,0,0,0
-1.0250293785056657,-0.5007640661492592,1,0,1,0,-0.3785934192715759,-1.4709447454046127,0.0,0,0,1,0,0,1,0,0,0,0,0,0,0,0,1
1.4117607692847691,-0.6211097428372514,1,0,1,0,1.4987591580537423,0.8883471122941295,0.0,0,0,0,0,1,1,0,0,0,0,0,0,1,0,0
0.46332456684170165,-1.0921741503989382,1,0,0,0,0.05464179088042058,-0.29129881655524165,0.0,0,0,0,1,0,0,1,0,0,1,0,0,0,0,0
0.1909987391902473,0.6917882324969895,1,0,1,0,-0.5230051559889081,0.2985241478694439,0.0,0,0,0,1,0,1,0,0,0,0,0,1,0,0,0
0.24981952367636331,0.5894500136272924,1,1,1,0,1.2099356846190779,0.2985241478694439,0.0,0,0,0,0,1,0,0,1,0,0,0,1,0,0,0
-0.09131235715428537,-0.1529503200935472,1,0,1,0,0.05464179088042058,-1.4709447454046127,0.0,0,0,1,0,0,0,0,0,1,0,0,0,0,0,1
0.3198282842891776,-0.2942946407477271,1,0,1,0,-0.8118286294235724,0.2985241478694439,0.0,0,0,1,0,0,0,0,0,1,0,0,1,0,0,0
-1.346662714693003,0.44476108137258663,1,0,1,0,0.3434652643150849,-0.8811217809799272,0.0,0,0,0,1,0,0,1,0,0,0,0,0,0,1,0
-1.3197381508955959,-0.059835643524269115,1,0,1,0,-1.6782990497275654,0.8883471122941295,0.0,0,0,1,0,0,0,0,0,1,0,0,0,1,0,0
0.18720531603478854,-0.39351237147466567,1,0,0,0,1.2099356846190779,-0.29129881655524165,0.0,0,0,1,0,0,0,0,0,1,1,0,0,0,0,0
1.7425507646833014,-0.9630445581930703,1,0,1,0,1.0655239479017458,-0.29129881655524165,0.0,0,0,0,1,0,1,0,0,0,1,0,0,0,0,0
0.47855419934416943,0.8478729805658582,1,0,0,1,1.2099356846190779,1.478170076718815,0.0,0,0,1,0,0,0,0,1,0,0,1,0,0,0,0
-0.21110761153090707,0.25115289439369476,0,0,0,0,0.6322887377497493,-0.8811217809799272,0.0,0,0,1,0,0,0,0,1,0,0,0,0,0,1,0
0.5430738591698224,-1.3585017792902931,1,0,1,0,1.35434742133641,0.2985241478694439,0.0,0,0,0,1,0,0,0,0,1,0,0,1,0,0,0
-0.9267325195050027,1.287585964439111,1,0,0,0,0.05464179088042058,-0.29129881655524165,0.0,0,0,0,0,1,0,0,1,0,1,0,0,0,0,0
-0.6849393779518158,-1.3504678153426384,1,0,0,0,-1.5338873130102333,1.478170076718815,0.0,0,0,0,1,0,0,0,1,0,0,1,0,0,0,0
1.1715863880274136,-1.2183901376538326,1,0,1,0,-1.6782990497275654,-0.29129881655524165,0.0,0,0,0,1,0,0,0,0,1,1,0,0,0,0,0
-0.7053539381405005,1.588342404496703,1,0,1,0,0.48787700103241705,-1.4709447454046127,0.0,0,0,0,1,0,1,0,0,0,0,0,0,0,0,1
1.205492948176389,-0.679399082122704,1,0,1,0,-0.3785934192715759,-0.29129881655524165,0.0,0,0,0,0,1,0,0,0,1,1,0,0,0,0,0
1.280116748941466,1.2395545834130028,1,0,1,0,-1.1006521028582368,1.478170076718815,0.0,0,0,0,1,0,0,1,0,0,0,1,0,0,0,0
0.5289420468247867,0.1610121637063278,1,0,1,0,0.05464179088042058,1.478170076718815,0.0,0,0,1,0,0,0,1,0,0,0,1,0,0,0,0
0.43069413521967825,-1.1462137641198051,1,0,1,0,0.7767004744670813,1.478170076718815,0.0,0,0,1,0,0,0,0,1,0,0,1,0,0,0,0
-1.6878994827998395,1.2930942294203895,1,0,0,0,0.7767004744670813,-1.4709447454046127,0.0,0,0,0,0,1,1,0,0,0,0,0,0,0,0,1
-1.0068943684527958,-1.182978631326616,1,0,0,0,1.2099356846190779,0.2985241478694439,0.0,0,0,0,1,0,0,0,0,1,0,0,1,0,0,0
-1.5022769738877568,-1.0460305784978694,1,0,1,0,0.9211122111844136,1.478170076718815,0.0,0,0,0,0,1,0,0,1,0,0,1,0,0,0,0
0.2736359278560722,-1.4355657682302436,1,0,0,1,-1.1006521028582368,-0.29129881655524165,0.0,0,0,0,1,0,0,0,0,1,1,0,0,0,0,0
-0.2337352932471544,-1.7099187409362624,1,0,0,0,1.6431708947710744,-0.29129881655524165,0.0,0,0,1,0,0,0,0,1,0,1,0,0,0,0,0
-0.05195165864354508,1.2687940745186306,1,1,0,1,-1.1006521028582368,-0.29129881655524165,0.0,0,0,0,1,0,0,0,1,0,1,0,0,0,0,0
1.148063668221031,1.4003804046269472,1,0,1,0,0.19905352759775274,0.2985241478694439,0.0,0,0,1,0,0,0,0,0,1,0,0,1,0,0,0
0.028944401237562548,0.07438844727930705,1,0,1,0,-1.389475576292901,0.8883471122941295,0.0,0,0,0,0,1,0,0,0,1,0,0,0,1,0,0
-0.7187200733693653,-1.678886262168497,1,0,0,0,-0.6674168927062403,0.2985241478694439,0.0,0,0,1,0,0,0,0,0,1,0,0,1,0,0,0
-0.33919944945398334,-0.5419165810485126,1,0,1,0,0.19905352759775274,1.478170076718815,0.0,0,0,0,0,1,0,0,1,0,0,1,0,0,0,0
-1.722557735094827,1.7089122046424632,1,0,1,0,-0.8118286294235724,-0.8811217809799272,0.0,0,0,0,0,1,0,0,1,0,0,0,0,0,1,0
-0.5509703563196834,0.33521643132237466,1,0,0,0,-1.2450638395755689,-0.8811217809799272,0.0,0,0,0,1,0,0,0,1,0,0,0,0,0,1,0
-0.6058543717062176,-1.393577100430859,1,0,1,0,0.3434652643150849,-0.29129881655524165,0.0,0,0,1,0,0,0,0,0,1,1,0,0,0,0,0
-0.015800510784151466,-1.049892398077858,1,0,1,1,0.19905352759775274,-0.8811217809799272,0.0,0,0,0,1,0,1,0,0,0,0,0,0,0,1,0
1.3899826745056434,-1.4617623523900323,1,0,0,0,0.05464179088042058,1.478170076718815,0.0,0,0,1,0,0,0,1,0,0,0,1,0,0,0,0
-1.012159709717423,1.3605640103413057,1,0,1,0,-1.5338873130102333,-1.4709447454046127,0.0,0,0,0,1,0,1,0,0,0,0,0,0,0,0,1
-0.04340684187677943,1.1973935129537974,1,0,1,0,0.9211122111844136,1.478170076718815,0.0,0,0,1,0,0,1,0,0,0,0,1,0,0,0,0
-0.2840637046045985,0.2504719038874022,0,0,0,0,0.19905352759775274,-0.29129881655524165,0.0,0,0,1,0,0,1,0,0,0,1,0,0,0,0,0
-0.8656181999129136,1.5508879266506086,1,0,1,0,-0.5230051559889081,-1.4709447454046127,0.0,0,0,1,0,0,1,0,0,0,0,0,0,0,0,1
-1.5537976039512027,0.9062916218461765,1,1,0,0,-1.5338873130102333,0.8883471122941295,0.0,0,0,0,1,0,0,1,0,0,0,0,0,1,0,0
0.9728040221963025,0.48632736265540993,1,0,1,0,-0.3785934192715759,0.8883471122941295,0.0,0,0,0,1,0,0,0,1,0,0,0,0,1,0,0
-0.7438475685014218,-1.3154700753989919,1,0,1,0,0.7767004744670813,1.478170076718815,0.0,0,0,1,0,0,0,0,0,1,0,1,0,0,0,0
-0.90097220447328,-0.07076597215691521,1,0,1,0,1.35434742133641,-0.8811217809799272,0.0,0,0,0,1,0,1,0,0,0,0,0,0,0,1,0
-1.3090746111498366,1.3679083636496772,0,1,0,1,-1.2450638395755689,-1.4709447454046127,0.0,0,0,0,1,0,0,0,0,1,0,0,0,0,0,1
-1.1378076741053238,-1.0523060353153508,1,0,0,0,0.7767004744670813,-0.29129881655524165,0.0,0,0,1,0,0,0,1,0,0,1,0,0,0,0,0
-0.1809595121119947,0.0022551744102348725,1,0,1,1,-0.9562403661409046,-0.29129881655524165,0.0,0,0,1,0,0,1,0,0,0,1,0,0,0,0,0
1.563609575264381,-1.5157330050469708,0,0,1,0,1.0655239479017458,0.8883471122941295,0.0,0,0,0,1,0,0,0,0,1,0,0,0,1,0,0
0.31280782926967443,0.5793127372298222,1,0,0,0,-0.6674168927062403,-0.29129881655524165,0.0,0,0,0,0,1,1,0,0,0,1,0,0,0,0,0
0.40399682718734437,-0.10664296566564826,1,0,1,0,0.48787700103241705,0.8883471122941295,0.0,0,0,0,1,0,0,1,0,0,0,0,0,1,0,0
0.36393338392614577,-1.3908358981397064,1,0,1,0,1.2099356846190779,1.478170076718815,0.0,0,0,0,0,1,0,0,0,1,0,1,0,0,0,0
1.477287346961825,1.5369922722690426,1,0,1,0,1.6431708947710744,-1.4709447454046127,0.0,0,0,0,1,0,0,1,0,0,0,0,0,0,0,1
1.1728135691588109,-1.261766646864776,1,0,0,0,0.9211122111844136,-0.29129881655524165,0.0,0,0,0,0,1,0,0,0,1,1,0,0,0,0,0
1.5720285272997216,1.4375848986163013,1,0,1,0,-0.5230051559889081,0.2985241478694439,0.0,0,0,1,0,0,0,0,0,1,0,0,1,0,0,0
-0.3142992100870004,-0.8172091482505552,1,0,1,1,0.19905352759775274,0.2985241478694439,0.0,0,0,0,1,0,0,0,1,0,0,0,1,0,0,0
-0.05000425154899177,0.977183595564538,1,0,1,0,-1.5338873130102333,1.478170076718815,0.0,0,0,0,1,0,0,0,1,0,0,1,0,0,0,0
0.21884631101810706,0.026770832636769538,1,0,0,0,-0.8118286294235724,-1.4709447454046127,0.0,0,0,1,0,0,0,1,0,0,0,0,0,0,0,1
1.4737456532692175,-0.21840298989455878,1,0,0,0,0.19905352759775274,0.2985241478694439,0.0,0,0,0,1,0,0,0,1,0,0,0,1,0,0,0
-0.11230030111946329,0.12377318918500914,0,0,1,1,0.6322887377497493,1.478170076718815,0.0,0,0,1,0,0,1,0,0,0,0,1,0,0,0,0
0.4651146430219733,-0.2114293023048025,1,0,1,0,0.9211122111844136,0.8883471122941295,0.0,0,0,0,1,0,0,1,0,0,0,0,0,1,0,0
-0.3715991290683936,1.6584499461128794,1,0,1,0,-1.5338873130102333,0.2985241478694439,0.0,0,0,0,1,0,0,1,0,0,0,0,1,0,0,0
1.2345642048931065,-0.9754230691682122,1,0,1,0,1.0655239479017458,1.478170076718815,0.0,0,0,0,0,1,0,1,0,0,0,1,0,0,0,0
0.03697876659354758,-0.8677576081100484,1,0,0,0,0.9211122111844136,-1.4709447454046127,0.0,0,0,0,0,1,1,0,0,0,0,0,0,0,0,1
-0.38447229409917566,-1.4079813426588967,1,0,0,0,-1.389475576292901,1.478170076718815,0.0,0,0,1,0,0,0,1,0,0,0,1,0,0,0,0
1.1318795615052537,-0.3170259314451151,1,0,1,0,-1.2450638395755689,1.478170076718815,0.0,0,0,1,0,0,1,0,0,0,0,1,0,0,0,0
1.0494241774514879,-1.2301652393196014,0,0,0,0,0.05464179088042058,0.8883471122941295,0.0,0,0,1,0,0,1,0,0,0,0,0,0,1,0,0
-0.9791936388115988,1.0557474876449309,1,0,0,0,-1.2450638395755689,-1.4709447454046127,0.0,0,0,0,0,1,1,0,0,0,0,0,0,0,0,1
1.1495320900876598,-0.39665009988340666,1,0,1,0,1.35434742133641,-1.4709447454046127,0.0,0,0,1,0,0,1,0,0,0,0,0,0,0,0,1
-1.5465009457710717,0.5104206343653831,1,0,0,0,1.2099356846190779,0.2985241478694439,0.0,0,0,0,1,0,0,0,0,1,0,0,1,0,0,0
1.544240391595035,-0.13620140169194472,1,0,1,0,1.35434742133641,0.2985241478694439,0.0,0,0,0,1,0,1,0,0,0,0,0,1,0,0,0
-0.9873678538691677,0.04443348513542245,1,0,1,0,-0.23418168255424376,-0.8811217809799272,0.0,0,0,0,0,1,0,0,1,0,0,0,0,0,1,0
-1.324954544764669,-1.3335982150791614,1,0,1,0,0.6322887377497493,0.2985241478694439,0.0,0,0,1,0,0,0,1,0,0,0,0,1,0,0,0
-0.9619921255168002,-0.17311281115960353,1,0,1,0,-0.6674168927062403,-1.4709447454046127,0.0,0,0,1,0,0,0,0,1,0,0,0,0,0,0,1
-0.8929413353598344,1.4860128057599968,1,0,1,0,-1.2450638395755689,0.8883471122941295,0.0,0,0,0,0,1,1,0,0,0,0,0,0,1,0,0
-0.6485469893571902,-0.8029083476184101,1,0,0,0,-1.5338873130102333,-0.8811217809799272,0.0,0,0,0,0,1,0,0,1,0,0,0,0,0,1,0
-1.12099424373242,-0.7996154568158305,1,0,1,0,1.2099356846190779,-0.8811217809799272,0.0,0,0,1,0,0,0,1,0,0,0,0,0,0,1,0
0.636759174260762,0.34857763745849585,1,0,1,1,-0.6674168927062403,0.2985241478694439,0.0,0,0,0,1,0,0,0,0,1,0,0,1,0,0,0
-0.4994951774092526,-1.4535559857825566,0,1,0,0,-0.9562403661409046,1.478170076718815,0.0,0,0,0,0,1,0,0,1,0,0,1,0,0,0,0
1.0542979395516805,-1.1106384752657585,1,0,0,0,1.35434742133641,1.478170076718815,0.0,0,0,1,0,0,0,1,0,0,0,1,0,0,0,0
-0.37597992097050376,0.6494978600429182,1,0,0,1,-0.9562403661409046,1.478170076718815,0.0,0,0,1,0,0,0,1,0,0,0,1,0,0,0,0
-0.12932700228728244,1.489934966270923,1,0,0,0,-1.2450638395755689,-1.4709447454046127,0.0,0,0,0,1,0,1,0,0,0,0,0,0,0,0,1
-0.5784333414681879,-1.4284196779806666,0,0,0,0,-0.23418168255424376,-1.4709447454046127,0.0,0,0,0,0,1,0,1,0,0,0,0,0,0,0,1
-0.6636262834304556,-1.5982449180372624,1,0,1,0,-0.9562403661409046,0.2985241478694439,0.0,0,0,1,0,0,0,0,1,0,0,0,1,0,0,0
-0.7310618095341294,0.901119542051549,1,0,1,1,-1.1006521028582368,0.2985241478694439,0.0,0,0,1,0,0,1,0,0,0,0,0,1,0,0,0
-0.3000345405254601,-1.079959421950626,1,0,0,0,1.35434742133641,1.478170076718815,0.0,0,0,0,1,0,1,0,0,0,0,1,0,0,0,0
1.5896635746694299,0.2095693728448894,1,0,1,0,0.05464179088042058,-0.8811217809799272,0.0,0,0,0,1,0,0,0,1,0,0,0,0,0,1,0
-0.3799446600104025,-0.7995723561508754,1,0,0,0,0.7767004744670813,-0.29129881655524165,0.0,0,0,1,0,0,0,1,0,0,1,0,0,0,0,0
1.182938687553473,0.23175759516384145,1,0,1,0,-0.3785934192715759,-1.4709447454046127,0.0,0,0,0,0,1,0,0,1,0,0,0,0,0,0,1
-1.3536656884998084,-1.135309295886132,0,1,0,0,1.2099356846190779,-0.29129881655524165,0.0,0,0,1,0,0,1,0,0,0,1,0,0,0,0,0
0.6461850441475053,-1.2647492128796778,1,0,1,0,-0.5230051559889081,1.478170076718815,0.0,0,0,0,0,1,0,0,1,0,0,1,0,0,0,0
0.8586237333382676,1.6895600060775644,1,0,1,1,-1.1006521028582368,0.2985241478694439,0.0,0,0,1,0,0,1,0,0,0,0,0,1,0,0,0
-0.9958462420276812,-1.5834269094256546,1,0,0,0,-0.08976994583691159,-0.8811217809799272,0.0,0,0,0,1,0,0,0,0,1,0,0,0,0,1,0
-0.8936126139274362,0.03566680988352868,1,0,1,0,-1.2450638395755689,-0.8811217809799272,0.0,0,0,0,0,1,0,0,0,1,0,0,0,0,1,0
-1.67964485416386,-0.4244586489125206,0,0,1,0,1.35434742133641,-0.8811217809799272,0.0,0,0,0,0,1,1,0,0,0,0,0,0,0,1,0
1.2112372746689408,-1.072796091435067,1,0,0,0,0.9211122111844136,0.8883471122941295,0.0,0,0,0,1,0,1,0,0,0,0,0,0,1,0,0
-1.3353978212304338,-0.5864999088782019,1,0,1,0,-1.389475576292901,-1.4709447454046127,0.0,0,0,1,0,0,0,0,1,0,0,0,0,0,0,1
1.1403929120891634,-0.5375461736220521,1,0,0,0,-1.1006521028582368,-0.29129881655524165,0.0,0,0,0,1,0,0,0,1,0,1,0,0,0,0,0
0.9007884183657618,0.14055658811857577,1,0,0,0,-0.3785934192715759,-1.4709447454046127,0.0,0,0,0,1,0,1,0,0,0,0,0,0,0,0,1
0.23871545737061522,-1.48325234393671,1,0,1,0,0.19905352759775274,0.8883471122941295,0.0,0,0,0,0,1,0,0,0,1,0,0,0,1,0,0
-1.2364052099643916,1.2543294913596559,1,0,1,0,0.48787700103241705,-0.29129881655524165,0.0,0,0,0,0,1,0,0,0,1,1,0,0,0,0,0
0.7437861508827892,1.4901590897286903,1,0,1,0,-1.1006521028582368,-0.8811217809799272,0.0,0,0,1,0,0,0,0,0,1,0,0,0,0,1,0
-1.3964142460314144,-0.9247884079788083,0,0,1,0,-0.6674168927062403,-1.4709447454046127,0.0,0,0,0,1,0,0,0,0,1,0,0,0,0,0,1
0.7662110505317401,-1.4832351036707276,0,0,1,0,0.48787700103241705,-0.8811217809799272,0.0,0,0,1,0,0,1,0,0,0,0,0,0,0,1,0
-0.9186806729363196,1.4592472928227997,1,0,1,0,1.6431708947710744,0.8883471122941295,0.0,0,0,0,0,1,0,0,1,0,0,0,0,1,0,0
1.1960705745321851,0.3029943742018453,1,0,1,0,1.4987591580537423,-1.4709447454046127,0.0,0,0,0,1,0,0,0,0,1,0,0,0,0,0,1
-1.1872340548875528,1.278241740276817,1,0,0,0,-1.5338873130102333,-0.8811217809799272,0.0,0,0,0,1,0,0,0,0,1,0,0,0,0,1,0
0.707495153321812,0.5449528871275131,0,0,1,0,-0.3785934192715759,0.2985241478694439,0.0,0,0,0,0,1,1,0,0,0,0,0,1,0,0,0
0.0628020139909832,-0.5678804216175428,1,0,1,0,-0.23418168255424376,0.2985241478694439,0.0,0,0,1,0,0,0,0,0,1,0,0,1,0,0,0
1.55897705389942,1.2931718106173082,1,0,1,0,-0.3785934192715759,-0.8811217809799272,0.0,0,0,1,0,0,0,1,0,0,0,0,0,0,1,0
1.522574176577176,0.837899486695218,1,0,1,0,0.48787700103241705,-1.4709447454046127,0.0,0,0,1,0,0,0,0,0,1,0,0,0,0,0,1
-0.9709040477502233,0.36291291862260533,0,0,1,0,1.35434742133641,1.478170076718815,0.0,0,0,0,0,1,1,0,0,0,0,1,0,0,0,0
-0.5113754095587904,0.49960236746162073,0,0,1,0,-0.8118286294235724,-1.4709447454046127,0.0,0,0,1,0,0,1,0,0,0,0,0,0,0,0,1
1.3005278128876114,-0.33146465420511706,1,0,1,0,0.3434652643150849,-1.4709447454046127,0.0,0,0,1,0,0,0,0,1,0,0,0,0,0,0,1
-1.06031695445778,1.4665916461311705,1,0,1,0,-1.389475576292901,-1.4709447454046127,0.0,0,0,0,1,0,0,1,0,0,0,0,0,0,0,1
-1.2212140361298593,-0.851525897687909,0,0,1,0,0.05464179088042058,1.478170076718815,0.0,0,0,0,0,1,0,0,0,1,0,1,0,0,0,0
0.3962037025665911,1.107787230511875,1,0,0,0,-0.3785934192715759,0.8883471122941295,0.0,0,0,0,0,1,0,0,0,1,0,0,0,1,0,0
-0.6186855818265246,-0.07425712601828896,1,0,1,0,-1.389475576292901,-0.8811217809799272,0.0,0,0,0,0,1,0,0,1,0,0,0,0,0,1,0
0.6876155182416848,1.2472265017750341,1,0,0,1,0.48787700103241705,0.8883471122941295,0.0,0,0,0,0,1,1,0,0,0,0,0,0,1,0,0
0.3787085048984667,0.8362185607619642,1,0,1,1,0.7767004744670813,-0.29129881655524165,0.0,0,0,0,0,1,0,0,0,1,1,0,0,0,0,0
-1.5907354063820047,-0.48756664253996784,0,0,1,0,-0.9562403661409046,-1.4709447454046127,0.0,0,0,0,0,1,0,0,0,1,0,0,0,0,0,1
1.5463031746933948,0.7024082363419583,1,0,0,0,1.35434742133641,0.2985241478694439,0.0,0,0,0,0,1,1,0,0,0,0,0,1,0,0,0
0.8184134478904064,1.043843083984296,1,0,1,0,-0.08976994583691159,-1.4709447454046127,0.0,0,0,0,0,1,0,0,0,1,0,0,0,0,0,1
1.1712927036540883,-0.5245039124065995,0,0,1,0,-0.5230051559889081,-1.4709447454046127,0.0,0,0,1,0,0,1,0,0,0,0,0,0,0,0,1
-1.1816855179772185,-1.0733132994145296,1,0,0,0,1.6431708947710744,0.2985241478694439,0.0,0,0,0,0,1,0,1,0,0,0,0,1,0,0,0
1.3485312229562259,-0.812295672445659,1,0,1,0,-1.2450638395755689,0.2985241478694439,0.0,0,0,1,0,0,0,1,0,0,0,0,1,0,0,0
0.2628919745319021,0.6519114972804112,1,0,1,0,-1.1006521028582368,0.2985241478694439,0.0,0,0,0,1,0,0,0,0,1,0,0,1,0,0,0
0.30575241182477525,0.24739451640959903,1,1,1,0,1.4987591580537423,0.8883471122941295,0.0,0,0,0,0,1,1,0,0,0,0,0,0,1,0,0
-1.4496515311818001,0.29083136655147934,1,0,1,0,-0.5230051559889081,-0.29129881655524165,0.0,0,0,0,0,1,0,1,0,0,1,0,0,0,0,0
1.0718350921302802,0.9703823106346032,0,0,0,0,-1.389475576292901,-0.29129881655524165,0.0,0,0,0,0,1,0,0,0,1,1,0,0,0,0,0
-1.2566904091791116,0.7936523440521793,1,0,1,0,-0.5230051559889081,1.478170076718815,0.0,0,0,0,0,1,0,0,0,1,0,1,0,0,0,0
0.4833720215637291,-0.4374233289310536,1,0,1,1,0.6322887377497493,0.8883471122941295,0.0,0,0,0,1,0,0,0,1,0,0,0,0,1,0,0
0.9856492172867681,1.2099185661897869,1,0,1,0,-0.5230051559889081,-0.8811217809799272,0.0,0,0,1,0,0,0,1,0,0,0,0,0,0,1,0
1.3653061946611946,-1.4270404567020993,1,0,1,0,1.6431708947710744,0.8883471122941295,0.0,0,0,0,1,0,0,1,0,0,0,0,0,1,0,0
1.231704278495719,-1.4571936819047782,1,0,1,0,0.6322887377497493,1.478170076718815,0.0,0,0,0,1,0,0,1,0,0,0,1,0,0,0,0
1.3274663616551767,-1.6781104501993032,1,0,1,0,1.6431708947710744,1.478170076718815,0.0,0,0,1,0,0,1,0,0,0,0,1,0,0,0,0
0.31758369657875873,-0.4588874600787581,1,0,1,1,0.9211122111844136,0.2985241478694439,0.0,0,0,1,0,0,0,0,1,0,0,0,1,0,0,0
-1.4283559178731378,-0.462999263515487,1,0,1,1,-0.6674168927062403,-0.8811217809799272,0.0,0,0,0,1,0,0,0,1,0,0,0,0,0,1,0
0.9926906497615087,-1.2011498716717408,1,0,0,0,1.0655239479017458,0.2985241478694439,0.0,0,0,0,0,1,0,0,1,0,0,0,1,0,0,0
-1.3052741955092988,-0.14743343497927774,0,0,0,1,-0.3785934192715759,-0.29129881655524165,0.0,0,0,1,0,0,0,0,1,0,1,0,0,0,0,0
1.6810658433820151,1.2703887991219744,1,0,1,0,-1.6782990497275654,-0.29129881655524165,0.0,0,0,0,1,0,0,1,0,0,1,0,0,0,0,0
-1.674848009399538,-0.17233699919040932,1,0,1,0,0.48787700103241705,0.2985241478694439,0.0,0,0,1,0,0,0,0,0,1,0,0,1,0,0,0
-0.8893052431186576,1.0427052264294783,1,0,0,0,0.3434652643150849,-1.4709447454046127,0.0,0,0,0,0,1,0,1,0,0,0,0,0,0,0,1
1.638009616506925,1.487133423048833,0,0,0,1,0.9211122111844136,0.8883471122941295,0.0,0,0,0,1,0,0,1,0,0,0,0,0,1,0,0
-0.48270622073412606,1.0867110053487679,1,0,0,0,-0.08976994583691159,0.2985241478694439,0.0,0,0,0,1,0,1,0,0,0,0,0,1,0,0,0
-0.6234684416206882,1.6820604903753544,1,0,1,0,1.4987591580537423,1.478170076718815,0.0,0,0,0,1,0,0,0,0,1,0,1,0,0,0,0
-0.8250408089983948,-0.43374253214387704,1,0,1,0,-1.389475576292901,-1.4709447454046127,0.0,0,0,0,0,1,0,0,0,1,0,0,0,0,0,1
0.08942240468744567,1.7276351334990143,1,0,1,0,0.05464179088042058,0.8883471122941295,0.0,0,0,0,0,1,0,0,0,1,0,0,0,1,0,0
-1.1038906252287302,-0.4777655513291487,1,0,0,0,0.9211122111844136,-0.8811217809799272,0.0,0,0,1,0,0,0,0,0,1,0,0,0,0,1,0
1.047392860535984,-0.14904539984860324,1,0,1,0,1.2099356846190779,-1.4709447454046127,0.0,0,0,0,0,1,1,0,0,0,0,0,0,0,0,1
1.1402111074771042,-0.48569607368091083,1,0,1,0,1.4987591580537423,-0.8811217809799272,0.0,0,0,1,0,0,0,0,0,1,0,0,0,0,1,0
0.5980977242579404,0.812185629982928,1,0,1,1,0.9211122111844136,0.8883471122941295,0.0,0,0,1,0,0,0,0,1,0,0,0,0,1,0,0
1.5696266086750215,-0.14816614628351657,1,0,0,0,-1.389475576292901,-1.4709447454046127,0.0,0,0,0,1,0,0,0,1,0,0,0,0,0,0,1
-0.491971263464048,-1.5952623520223606,1,0,1,0,0.48787700103241705,-0.29129881655524165,0.0,0,0,0,1,0,0,1,0,0,1,0,0,0,0,0
0.1950578767787149,-0.5350204746556758,1,0,0,0,1.4987591580537423,0.2985241478694439,0.0,0,0,1,0,0,1,0,0,0,0,0,1,0,0,0
1.3359307648435323,-0.6472373659331115,0,0,1,0,-0.9562403661409046,1.478170076718815,0.0,0,0,1,0,0,0,0,1,0,0,1,0,0,0,0
-0.7388829040951993,1.292232216121285,0,1,1,1,-1.389475576292901,0.8883471122941295,0.0,0,0,0,0,1,0,0,0,1,0,0,0,1,0,0
-0.41946968192050377,0.2317920756958056,1,0,0,0,0.19905352759775274,-1.4709447454046127,0.0,0,0,0,1,0,0,1,0,0,0,0,0,0,0,1
0.034384554629169395,1.6520365671675417,1,0,1,0,-1.389475576292901,0.2985241478694439,0.0,0,0,0,1,0,1,0,0,0,0,0,1,0,0,0
-0.2277567185044499,-0.43647511430203867,0,0,0,1,-0.5230051559889081,0.8883471122941295,0.0,0,0,1,0,0,0,0,0,1,0,0,0,1,0,0
-0.7092767222699241,-1.1718586597681668,1,0,1,0,0.3434652643150849,-0.29129881655524165,0.0,0,0,0,0,1,0,0,0,1,1,0,0,0,0,0
-0.7046407046624235,-0.5599412791327895,1,0,1,0,-0.9562403661409046,-0.29129881655524165,0.0,0,0,1,0,0,0,1,0,0,1,0,0,0,0,0
-1.2833947096965244,0.17426130811356527,1,0,1,0,0.6322887377497493,0.8883471122941295,0.0,0,0,1,0,0,0,0,0,1,0,0,0,1,0,0
-1.468188609126723,-0.15791551669638945,1,0,1,0,-1.5338873130102333,0.2985241478694439,0.0,0,0,1,0,0,0,0,0,1,0,0,1,0,0,0
-0.6963056624480334,-1.263137248010352,1,0,1,0,0.19905352759775274,-0.29129881655524165,0.0,0,0,0,1,0,0,0,0,1,1,0,0,0,0,0
0.32033523945741854,-0.39844308754554414,1,0,0,0,-1.2450638395755689,1.478170076718815,0.0,0,0,0,1,0,0,0,1,0,0,1,0,0,0,0
-1.3592352028653802,1.622866037125842,1,1,0,0,-0.23418168255424376,0.2985241478694439,0.0,0,0,0,0,1,1,0,0,0,0,0,1,0,0,0
-0.7240273695444679,0.28978833045956276,1,0,0,1,-0.3785934192715759,0.8883471122941295,0.0,0,0,1,0,0,1,0,0,0,0,0,0,1,0,0
0.011505143450071599,-0.1336757027255684,0,0,1,0,-1.1006521028582368,-0.29129881655524165,0.0,0,0,1,0,0,1,0,0,0,1,0,0,0,0,0
-0.836452544647627,1.5415695628872883,1,0,1,0,1.0655239479017458,0.8883471122941295,0.0,0,0,0,0,1,0,1,0,0,0,0,0,1,0,0
-1.078511400633823,1.2903099264642812,0,0,1,1,1.35434742133641,0.2985241478694439,0.0,0,0,0,1,0,0,0,0,1,0,0,1,0,0,0
-1.2924394891464521,1.6869050051163224,1,0,1,0,-1.1006521028582368,-0.29129881655524165,0.0,0,0,1,0,0,0,0,0,1,1,0,0,0,0,0
1.6566690629407335,-1.628742948559583,0,0,0,0,1.6431708947710744,-0.29129881655524165,0.0,0,0,0,1,0,0,0,1,0,1,0,0,0,0,0
-0.9798928873195174,-0.6044728861645327,0,0,1,0,-0.3785934192715759,1.478170076718815,0.0,0,0,0,0,1,0,0,0,1,0,1,0,0,0,0
-0.6349326209080143,1.5791792031272218,1,0,0,0,-1.6782990497275654,1.478170076718815,0.0,0,0,0,0,1,0,0,1,0,0,1,0,0,0,0
-0.578262025583748,1.425749456019595,0,0,0,0,-0.9562403661409046,-0.8811217809799272,0.0,0,0,0,0,1,0,0,1,0,0,0,0,0,1,0
-1.6341412575110545,-0.09899690770259062,0,0,0,1,-0.3785934192715759,-0.29129881655524165,0.0,0,0,0,1,0,0,1,0,0,1,0,0,0,0,0
-0.24926210636548776,-0.22771273352488855,1,0,1,0,1.4987591580537423,0.2985241478694439,0.0,0,0,0,0,1,1,0,0,0,0,0,1,0,0,0
-1.6692330438809515,-1.0765544694191629,1,0,1,0,0.7767004744670813,-0.8811217809799272,0.0,0,0,0,0,1,0,0,0,1,0,0,0,0,1,0
-1.3696994567863827,0.18214872980037236,1,0,1,0,0.48787700103241705,-1.4709447454046127,0.0,0,0,0,1,0,1,0,0,0,0,0,0,0,0,1
-1.6412001711984932,-0.7393693473414106,0,1,1,0,-0.5230051559889081,0.2985241478694439,0.0,0,0,0,1,0,1,0,0,0,0,0,1,0,0,0
0.8068338925992734,0.35632713701744634,1,0,1,1,1.35434742133641,0.2985241478694439,0.0,0,0,0,0,1,0,0,1,0,0,0,1,0,0,0
-0.7773485645158038,1.643244031516675,1,0,1,0,-1.389475576292901,0.8883471122941295,0.0,0,0,1,0,0,0,1,0,0,0,0,0,1,0,0
-1.1839580756279542,0.3058821187538456,1,0,1,0,-1.5338873130102333,1.478170076718815,0.0,0,0,0,1,0,1,0,0,0,0,1,0,0,0,0
1.0775444561974357,-1.6354838925585808,1,0,0,0,-0.08976994583691159,-1.4709447454046127,0.0,0,0,0,0,1,0,1,0,0,0,0,0,0,0,1
-1.5142271308880866,0.5753388559209499,0,0,1,0,0.19905352759775274,0.8883471122941295,0.0,0,0,0,1,0,0,1,0,0,0,0,0,1,0,0
-0.7944801529598104,-0.2619691420313049,0,0,1,0,1.2099356846190779,-0.8811217809799272,0.0,0,0,0,0,1,0,0,0,1,0,0,0,0,1,0
-0.06930700661008588,-0.9860947938111271,1,0,0,0,0.05464179088042058,-0.29129881655524165,0.0,0,0,0,0,1,1,0,0,0,1,0,0,0,0,0
-0.627139496287261,1.306188211433788,1,0,0,0,-0.6674168927062403,1.478170076718815,0.0,0,0,0,1,0,0,0,1,0,0,1,0,0,0,0
-0.5381356499568367,0.9197217890462259,1,0,1,0,1.2099356846190779,0.2985241478694439,0.0,0,0,0,0,1,0,0,0,1,0,0,1,0,0,0
0.15863751824377245,0.8487608542639358,1,0,1,0,-1.2450638395755689,-0.29129881655524165,0.0,0,0,0,0,1,0,0,0,1,1,0,0,0,0,0
0.7849124518760241,-0.9379168705241713,1,0,0,0,-0.23418168255424376,-1.4709447454046127,0.0,0,0,1,0,0,0,1,0,0,0,0,0,0,0,1
-0.8431128866855521,-0.7123538505474725,1,0,1,0,0.3434652643150849,-0.29129881655524165,0.0,0,0,0,0,1,1,0,0,0,1,0,0,0,0,0
-0.6616159439701895,-1.2711367314260427,1,0,1,0,-1.389475576292901,0.8883471122941295,0.0,0,0,0,0,1,0,1,0,0,0,0,0,1,0,0
0.383872455129446,1.678241771460321,0,0,1,1,0.48787700103241705,0.8883471122941295,0.0,0,0,0,1,0,0,0,0,1,0,0,0,1,0,0
0.9835130130950765,-0.4371561048083313,1,1,1,1,-1.6782990497275654,0.8883471122941295,0.0,0,0,0,1,0,0,0,1,0,0,0,0,1,0,0
0.15847669108695114,1.481651018466528,1,0,1,1,-0.6674168927062403,-0.8811217809799272,0.0,0,0,0,1,0,0,0,1,0,0,0,0,0,1,0
-0.817380541594146,-0.6498837467613628,1,0,0,0,-0.6674168927062403,0.8883471122941295,0.0,0,0,1,0,0,1,0,0,0,0,0,0,1,0,0
-1.2225530970225233,-0.8539567751913839,0,0,1,0,-1.389475576292901,0.2985241478694439,0.0,0,0,0,1,0,0,0,0,1,0,0,1,0,0,0
-0.005720843542504278,0.10923102482911475,1,0,1,0,-1.5338873130102333,0.2985241478694439,0.0,0,0,0,0,1,0,0,0,1,0,0,1,0,0,0
0.15646984786922472,0.5634344522603155,0,0,1,0,1.35434742133641,1.478170076718815,0.0,0,0,0,1,0,0,0,1,0,0,1,0,0,0,0
-0.27289670593313764,-1.2530689326768103,1,0,1,0,1.35434742133641,0.2985241478694439,0.0,0,0,0,1,0,0,0,1,0,0,0,1,0,0,0
-0.9846547696584433,-1.595167530559459,1,0,1,0,1.2099356846190779,1.478170076718815,0.0,0,0,1,0,0,0,0,0,1,0,1,0,0,0,0
-0.998839025641573,-1.331451801964391,0,0,1,1,1.35434742133641,0.8883471122941295,0.0,0,0,0,1,0,0,0,0,1,0,0,0,1,0,0
-0.7922145877941541,-0.13783060682725268,1,0,1,0,-1.1006521028582368,-0.29129881655524165,0.0,0,0,0,1,0,1,0,0,0,1,0,0,0,0,0
1.2644046349685345,1.2016690989173562,1,0,1,1,-0.08976994583691159,0.2985241478694439,0.0,0,0,0,0,1,0,0,0,1,0,0,1,0,0,0
-0.3199980854265374,-0.1646564606953875,1,0,1,0,1.35434742133641,-0.8811217809799272,0.0,0,0,0,1,0,1,0,0,0,0,0,0,0,1,0
0.013868603406836683,0.49758525634171585,1,0,1,1,-1.2450638395755689,-0.29129881655524165,0.0,0,0,0,1,0,1,0,0,0,1,0,0,0,0,0
0.2912395090429238,1.1763431481896631,1,1,1,0,-0.23418168255424376,0.2985241478694439,0.0,0,0,1,0,0,0,0,0,1,0,0,1,0,0,0
-0.24910127920866648,-1.026083590756589,1,0,1,0,0.05464179088042058,0.2985241478694439,0.0,0,0,1,0,0,0,1,0,0,0,0,1,0,0,0
0.5660406764124104,-1.6523017720241115,0,0,0,1,0.7767004744670813,-0.8811217809799272,0.0,0,0,0,0,1,0,1,0,0,0,0,0,0,1,0
-1.1859649188456807,1.342608273320957,1,0,0,0,1.35434742133641,0.8883471122941295,0.0,0,0,0,1,0,0,1,0,0,0,0,0,1,0,0
0.6687078385875648,-1.6354149314946527,1,0,1,0,-0.9562403661409046,0.8883471122941295,0.0,0,0,1,0,0,0,0,1,0,0,0,0,1,0,0
1.0124933675057648,-0.06250788475149327,1,0,1,0,-1.1006521028582368,1.478170076718815,0.0,0,0,1,0,0,0,1,0,0,0,1,0,0,0,0
-0.7078572477988493,1.6774918198901,1,0,0,0,1.2099356846190779,1.478170076718815,0.0,0,0,0,0,1,0,0,0,1,0,1,0,0,0,0
0.22119228976217412,0.7080889039830572,0,0,1,0,-1.389475576292901,-1.4709447454046127,0.0,0,0,1,0,0,1,0,0,0,0,0,0,0,0,1
-0.7531720473545169,-1.4358933332839035,1,0,1,1,0.3434652643150849,0.2985241478694439,0.0,0,0,0,0,1,0,1,0,0,0,0,1,0,0,0
-1.349061137075164,-0.10449655255087802,1,0,1,0,-0.23418168255424376,-0.8811217809799272,0.0,0,0,0,0,1,1,0,0,0,0,0,0,0,1,0
-0.22614495069369753,-0.563622075919966,1,0,1,0,1.35434742133641,-0.29129881655524165,0.0,0,0,0,0,1,0,0,1,0,1,0,0,0,0,0
1.1141571080720558,0.5371344265046346,0,0,1,0,-0.08976994583691159,0.2985241478694439,0.0,0,0,1,0,0,1,0,0,0,0,0,1,0,0,0
0.016165634755349316,-1.7085653800566682,1,1,1,0,1.6431708947710744,-0.29129881655524165,0.0,0,0,0,0,1,1,0,0,0,1,0,0,0,0,0
0.14019134260487862,-0.023622464828884984,1,0,1,0,1.4987591580537423,-0.8811217809799272,0.0,0,0,1,0,0,1,0,0,0,0,0,0,0,1,0
0.026210339571600443,-1.1994689457384868,0,0,1,0,-1.6782990497275654,-0.29129881655524165,0.0,0,0,1,0,0,0,1,0,0,1,0,0,0,0,0
0.2958265792548704,-0.6397809508958567,1,0,1,0,-0.08976994583691159,-1.4709447454046127,0.0,0,0,1,0,0,0,0,1,0,0,0,0,0,0,1
-1.4422709631807187,1.4526615112176404,0,1,1,0,-0.5230051559889081,-1.4709447454046127,0.0,0,0,0,0,1,0,0,0,1,0,0,0,0,0,1
0.38341444735675917,-1.4256008944925946,0,1,1,0,-0.6674168927062403,0.8883471122941295,0.0,0,0,0,0,1,1,0,0,0,0,0,0,1,0,0
0.2658952468734127,0.29883084996716974,0,1,1,0,1.4987591580537423,0.8883471122941295,0.0,0,0,0,1,0,0,0,0,1,0,0,0,1,0,0
-0.6829849783721833,1.4500496109213536,1,0,1,0,1.6431708947710744,0.2985241478694439,0.0,0,0,0,1,0,0,0,1,0,0,0,1,0,0,0
0.7560509697116821,-0.3972104085278243,1,0,1,1,0.6322887377497493,0.8883471122941295,0.0,0,0,1,0,0,0,0,0,1,0,0,0,1,0,0
-0.6248040062708127,-0.8696798977670517,1,0,1,0,0.6322887377497493,-1.4709447454046127,0.0,0,0,0,0,1,1,0,0,0,0,0,0,0,0,1
-1.706356147166352,1.5771965725392811,1,0,0,1,0.05464179088042058,0.8883471122941295,0.0,0,0,0,0,1,1,0,0,0,0,0,0,1,0,0
-1.6565626609174655,0.6264303841588795,1,0,0,1,-0.3785934192715759,-0.8811217809799272,0.0,0,0,0,1,0,1,0,0,0,0,0,0,0,1,0
0.7377726137146889,1.227986364939019,1,0,0,0,-0.5230051559889081,0.8883471122941295,0.0,0,0,0,0,1,0,0,0,1,0,0,0,1,0,0
-1.1616590407104286,-1.5785479141527226,1,0,1,0,-1.6782990497275654,-1.4709447454046127,0.0,0,0,0,1,0,1,0,0,0,0,0,0,0,0,1
-1.1430695191274114,-1.0060590218183894,0,0,0,0,-0.5230051559889081,0.2985241478694439,0.0,0,0,1,0,0,0,0,0,1,0,0,1,0,0,0
0.7114319224213936,1.3689686400075753,1,0,1,0,0.9211122111844136,1.478170076718815,0.0,0,0,1,0,0,0,0,0,1,0,1,0,0,0,0
-1.4552455192451492,-1.1891334062822227,1,0,1,1,-0.8118286294235724,0.8883471122941295,0.0,0,0,1,0,0,0,1,0,0,0,0,0,1,0,0
0.2647135168950302,1.1389231508755329,1,0,0,0,1.0655239479017458,-1.4709447454046127,0.0,0,0,0,0,1,0,1,0,0,0,0,0,0,0,1
1.5944534269486728,0.42994307276097865,0,0,1,0,1.2099356846190779,-0.29129881655524165,0.0,0,0,0,0,1,1,0,0,0,1,0,0,0,0,0
0.6300883434952181,-0.6589262662689698,1,0,0,0,1.0655239479017458,-0.29129881655524165,0.0,0,0,0,0,1,0,1,0,0,1,0,0,0,0,0
-0.2539680488237802,-1.4617537322570413,1,0,1,0,-0.23418168255424376,0.2985241478694439,0.0,0,0,0,0,1,0,0,1,0,0,0,1,0,0,0
0.44271421707079944,0.7898681056691103,1,0,1,1,0.9211122111844136,1.478170076718815,0.0,0,0,0,1,0,0,0,1,0,0,1,0,0,0,0
1.1179015838319601,0.4421147005443354,1,0,1,0,1.6431708947710744,1.478170076718815,0.0,0,0,0,1,0,0,1,0,0,0,1,0,0,0,0
1.1353443378619905,0.6667295058920193,1,0,0,0,-1.389475576292901,-0.8811217809799272,0.0,0,0,0,1,0,0,0,0,1,0,0,0,0,1,0
-0.6346669064750051,1.679422729680095,1,0,1,0,-0.08976994583691159,0.8883471122941295,0.0,0,0,1,0,0,0,0,1,0,0,0,0,1,0,0
0.8862755155839104,-0.5762591908848393,1,0,1,0,1.0655239479017458,0.8883471122941295,0.0,0,0,0,0,1,0,0,1,0,0,0,0,1,0,0
-1.6738306028205165,-0.43338048655825306,1,0,1,0,-0.6674168927062403,1.478170076718815,0.0,0,0,0,0,1,0,1,0,0,0,1,0,0,0,0
1.4583167349419923,-1.1105867544678123,1,0,1,0,-1.2450638395755689,-0.29129881655524165,0.0,0,0,0,1,0,0,0,0,1,1,0,0,0,0,0
-0.1450670862005309,0.053019137594504225,1,0,0,1,0.05464179088042058,0.8883471122941295,0.0,0,0,1,0,0,0,0,1,0,0,0,0,1,0,0
1.026936345436824,1.474384246355076,1,0,1,0,0.3434652643150849,1.478170076718815,0.0,0,0,0,0,1,1,0,0,0,0,1,0,0,0,0
1.60899779591338,0.402806894105166,0,0,0,0,0.7767004744670813,-0.8811217809799272,0.0,0,0,1,0,0,0,0,0,1,0,0,0,0,1,0
-0.5682522831928926,1.6595274627367602,1,0,0,0,-1.2450638395755689,-0.8811217809799272,0.0,0,0,1,0,0,1,0,0,0,0,0,0,0,1,0
1.6438448453055055,0.5064639933224933,1,0,0,0,1.6431708947710744,0.2985241478694439,0.0,0,0,0,1,0,0,0,1,0,0,0,1,0,0,0
-0.42415464692355853,1.0414639272787671,1,0,1,0,-0.08976994583691159,0.2985241478694439,0.0,0,0,1,0,0,1,0,0,0,0,0,1,0,0,0
0.6151733728213137,-0.9097548960424242,1,0,1,0,0.6322887377497493,0.8883471122941295,0.0,0,0,0,0,1,0,1,0,0,0,0,0,1,0,0
0.45555241967618576,-0.8155368424502922,0,0,1,0,-1.5338873130102333,0.2985241478694439,0.0,0,0,0,0,1,0,1,0,0,0,0,1,0,0,0
-0.2396509356241458,-0.8245966022238815,0,0,1,0,0.3434652643150849,-0.29129881655524165,0.0,0,0,1,0,0,1,0,0,0,1,0,0,0,0,0
-0.36990694767923044,-0.6769940650182021,1,0,1,0,-0.8118286294235724,-1.4709447454046127,0.0,0,0,0,1,0,0,0,1,0,0,0,0,0,0,1
-1.5131118295179564,0.3582752870734225,1,0,0,0,-0.9562403661409046,-1.4709447454046127,0.0,0,0,0,1,0,0,0,1,0,0,0,0,0,0,1
1.5539005097319307,-0.10997895713318333,1,0,0,0,-0.9562403661409046,-0.29129881655524165,0.0,0,0,1,0,0,0,0,0,1,1,0,0,0,0,0
1.489111639230729,-0.14226135518465016,1,0,1,0,-1.2450638395755689,-1.4709447454046127,0.0,0,0,1,0,0,0,0,0,1,0,0,0,0,0,1
0.5446856269805751,0.6043197430368467,1,0,1,0,0.3434652643150849,0.8883471122941295,0.0,0,0,1,0,0,0,0,0,1,0,0,0,1,0,0
0.7390592309692593,-0.6486769281426163,0,1,1,0,0.3434652643150849,0.8883471122941295,0.0,0,0,0,0,1,0,0,1,0,0,0,0,1,0,0
0.9298701638100982,1.7278247764248176,1,0,0,0,-0.8118286294235724,-0.8811217809799272,0.0,0,0,0,1,0,1,0,0,0,0,0,0,0,1,0
0.9699965394370093,-1.1779703340588183,0,0,1,0,0.6322887377497493,0.8883471122941295,0.0,0,0,1,0,0,0,1,0,0,0,0,0,1,0,0
1.3488039298743144,-1.3956890330136653,1,0,1,0,-0.08976994583691159,1.478170076718815,0.0,0,0,0,1,0,0,0,0,1,0,1,0,0,0,0
0.10417654820452893,-0.4767914763011605,1,0,1,0,-1.2450638395755689,-0.8811217809799272,0.0,0,0,0,0,1,0,0,0,1,0,0,0,0,1,0
-1.2303147554604204,-0.004106483737157116,0,0,1,1,0.9211122111844136,-0.8811217809799272,0.0,0,0,0,0,1,1,0,0,0,0,0,0,0,1,0
-0.6416174366437164,-0.7872283257076975,0,0,1,0,-0.6674168927062403,-0.8811217809799272,0.0,0,0,0,0,1,0,1,0,0,0,0,0,0,1,0
-0.11554831043874568,-1.423609643771663,1,0,1,0,-1.2450638395755689,-0.8811217809799272,0.0,0,0,1,0,0,0,1,0,0,0,0,0,0,1,0
1.3372558407660378,-0.339093471902193,1,0,1,0,-0.8118286294235724,-1.4709447454046127,0.0,0,0,0,1,0,1,0,0,0,0,0,0,0,0,1
-0.41550843912314456,1.3383413074903894,1,0,1,0,-1.6782990497275654,-0.8811217809799272,0.0,0,0,0,0,1,0,1,0,0,0,0,0,0,1,0
-1.263794774019565,1.0778408885009816,1,0,1,0,0.9211122111844136,1.478170076718815,0.0,0,0,0,1,0,0,0,1,0,0,1,0,0,0,0
-1.2211895624320823,-0.260451998624881,1,0,1,0,-1.389475576292901,1.478170076718815,0.0,0,0,0,1,0,0,0,1,0,0,1,0,0,0,0
0.19250561972481178,-0.8201227532015286,1,0,0,0,-0.6674168927062403,1.478170076718815,0.0,0,0,0,0,1,0,1,0,0,0,1,0,0,0,0
-1.4249645626097325,-0.19124957097276413,1,0,1,0,-1.5338873130102333,-1.4709447454046127,0.0,0,0,0,0,1,0,0,0,1,0,0,0,0,0,1
1.6716399734952716,0.6499633472244347,0,0,1,0,-1.6782990497275654,0.8883471122941295,0.0,0,0,1,0,0,0,0,0,1,0,0,0,1,0,0
-1.2067535769861018,-0.33532647378510566,1,0,1,1,-0.23418168255424376,0.8883471122941295,0.0,0,0,0,1,0,0,0,1,0,0,0,0,1,0,0
0.17334970685038062,-0.09659189059808884,1,0,0,0,-0.9562403661409046,0.2985241478694439,0.0,0,0,1,0,0,0,0,0,1,0,0,1,0,0,0
0.8797620157326481,1.3254024878708293,1,0,0,1,-1.5338873130102333,0.2985241478694439,0.0,0,0,0,0,1,1,0,0,0,0,0,1,0,0,0
-0.11178984970868298,-0.3573595337102194,0,0,0,0,-0.6674168927062403,-1.4709447454046127,0.0,0,0,0,1,0,0,1,0,0,0,0,0,0,0,1
0.4767851006191355,-0.40127049116660696,1,0,0,0,-0.3785934192715759,0.8883471122941295,0.0,0,0,0,0,1,1,0,0,0,0,0,0,1,0,0
-0.7224086092486361,0.7137954320231299,0,0,1,0,1.4987591580537423,-0.8811217809799272,0.0,0,0,0,1,0,0,0,0,1,0,0,0,0,1,0
-0.048140754275388616,-0.23319513810719347,1,0,0,1,0.7767004744670813,-1.4709447454046127,0.0,0,0,1,0,0,0,1,0,0,0,0,0,0,0,1
-1.7057233272666859,-0.008183806641921854,1,0,1,0,-0.8118286294235724,0.8883471122941295,0.0,0,0,0,1,0,1,0,0,0,0,0,0,1,0,0
-0.2514892128632086,0.6837456484163437,1,0,1,1,0.9211122111844136,-0.29129881655524165,0.0,0,0,1,0,0,0,0,0,1,1,0,0,0,0,0
0.5740890267385538,-0.2682273585828044,0,0,0,0,1.6431708947710744,-1.4709447454046127,0.0,0,0,1,0,0,0,1,0,0,0,0,0,0,0,1
0.38933708221883023,-1.291118199699287,1,0,1,0,1.2099356846190779,-1.4709447454046127,0.0,0,0,1,0,0,1,0,0,0,0,0,0,0,0,1
1.0464244013525168,-0.011924944360035912,1,0,0,0,-0.9562403661409046,0.2985241478694439,0.0,0,0,1,0,0,0,0,1,0,0,0,1,0,0,0
0.736003514989655,-0.489833737516613,1,0,1,0,1.35434742133641,-0.29129881655524165,0.0,0,0,0,0,1,0,1,0,0,1,0,0,0,0,0
-0.20212576444669195,0.3499137580721081,1,0,1,1,0.19905352759775274,0.8883471122941295,0.0,0,0,1,0,0,0,1,0,0,0,0,0,1,0,0
0.931373548102123,1.6160992327278716,1,0,1,0,-1.2450638395755689,0.2985241478694439,0.0,0,0,0,1,0,1,0,0,0,0,0,1,0,0,0
-0.7697687106899658,0.07923296202027477,1,0,1,1,1.2099356846190779,0.2985241478694439,0.0,0,0,1,0,0,1,0,0,0,0,0,1,0,0,0
-0.05516820177997077,0.9170236874200285,1,0,1,1,-0.5230051559889081,-0.8811217809799272,0.0,0,0,0,0,1,0,0,1,0,0,0,0,0,1,0
-1.0326791571822957,-0.7114832171153771,1,0,1,0,-1.389475576292901,1.478170076718815,0.0,0,0,1,0,0,0,0,0,1,0,1,0,0,0,0
-1.0342105114146376,-0.4885234773019741,1,0,0,0,0.05464179088042058,-1.4709447454046127,0.0,0,0,0,0,1,0,0,0,1,0,0,0,0,0,1
-0.9226978556143122,0.668936259937727,0,0,1,0,-1.5338873130102333,-1.4709447454046127,0.0,0,0,1,0,0,0,1,0,0,0,0,0,0,0,1
-1.0352733691466738,-0.47272277352938696,0,0,0,0,-1.5338873130102333,-0.29129881655524165,0.0,0,0,1,0,0,0,0,0,1,1,0,0,0,0,0
0.015323040303307405,-0.35276500282599155,1,0,1,0,-1.389475576292901,-0.8811217809799272,0.0,0,0,0,1,0,0,0,1,0,0,0,0,0,1,0
-0.3629634099955983,-0.23509156736522382,1,0,1,0,1.2099356846190779,-1.4709447454046127,0.0,0,0,1,0,0,0,1,0,0,0,0,0,0,0,1
1.5655674710865535,0.19028613534391978,0,0,0,1,1.4987591580537423,-1.4709447454046127,0.0,0,0,0,0,1,0,0,1,0,0,0,0,0,0,1
-0.1650516085568456,-0.029682418321590444,1,0,0,0,-1.1006521028582368,-0.8811217809799272,0.0,0,0,1,0,0,0,0,0,1,0,0,0,0,1,0
-1.3505085814865556,-0.369513921227594,1,0,0,0,-1.1006521028582368,0.2985241478694439,0.0,0,0,0,1,0,1,0,0,0,0,0,1,0,0,0
0.056561221057809204,-0.3225686769583579,1,0,1,0,0.19905352759775274,0.2985241478694439,0.0,0,0,0,1,0,0,0,1,0,0,0,1,0,0,0
0.7086349283897191,0.9407721538103602,1,0,0,0,-1.6782990497275654,0.2985241478694439,0.0,0,0,1,0,0,0,0,1,0,0,0,1,0,0,0
-0.03598781520776256,-0.2171789310098302,1,1,1,0,-0.08976994583691159,0.8883471122941295,0.0,0,0,0,1,0,0,0,0,1,0,0,0,1,0,0
-1.644311827058731,1.3059296074440565,1,0,1,0,-1.5338873130102333,0.2985241478694439,0.0,0,0,0,0,1,0,1,0,0,0,0,1,0,0,0
-0.4103340001645467,1.0840129037225705,0,0,0,0,0.3434652643150849,-1.4709447454046127,0.0,0,0,1,0,0,0,0,0,1,0,0,0,0,0,1
0.6211274738662408,-0.8735503374800313,0,0,1,0,-0.9562403661409046,1.478170076718815,0.0,0,0,0,0,1,0,1,0,0,0,1,0,0,0,0
1.6453097709295952,1.4113365936585667,1,1,1,0,-1.1006521028582368,-1.4709447454046127,0.0,0,0,0,1,0,0,0,0,1,0,0,0,0,0,1
1.119177712358912,-0.788098959139793,1,0,1,0,0.05464179088042058,1.478170076718815,0.0,0,0,1,0,0,1,0,0,0,0,1,0,0,0,0
-1.2685251901756345,0.480526013152436,0,0,1,0,0.48787700103241705,0.2985241478694439,0.0,0,0,0,0,1,1,0,0,0,0,0,1,0,0,0
-0.0038258800860447354,0.6921588982156047,0,0,0,0,-1.1006521028582368,1.478170076718815,0.0,0,0,0,1,0,0,0,0,1,0,1,0,0,0,0
-1.4121927886125984,-0.12934839596406336,1,1,0,0,-1.6782990497275654,-0.29129881655524165,0.0,0,0,0,1,0,0,0,1,0,1,0,0,0,0,0
-0.9931121803617193,-1.6121750529507928,0,0,1,0,0.9211122111844136,-0.8811217809799272,0.0,0,0,0,0,1,1,0,0,0,0,0,0,0,1,0
-1.1768502145449609,0.7442762222794681,1,0,1,0,-0.6674168927062403,-0.29129881655524165,0.0,0,0,1,0,0,0,0,1,0,1,0,0,0,0,0
-1.0408953271503396,-0.7897712649400559,1,0,1,0,-0.8118286294235724,1.478170076718815,0.0,0,0,0,1,0,0,0,1,0,0,1,0,0,0,0
1.0309919867827524,-0.4392335568591732,1,0,1,0,-0.3785934192715759,-1.4709447454046127,0.0,0,0,1,0,0,0,0,1,0,0,0,0,0,0,1
1.7411487714249245,-0.11464244908133905,1,1,0,0,-0.8118286294235724,0.2985241478694439,0.0,0,0,0,1,0,0,1,0,0,0,0,1,0,0,0
1.6342511557768622,0.2538423758869014,1,0,1,0,0.7767004744670813,1.478170076718815,0.0,0,0,0,1,0,1,0,0,0,0,1,0,0,0,0
0.6442970731761251,-1.4604779525743665,1,0,0,0,0.3434652643150849,-1.4709447454046127,0.0,0,0,1,0,0,0,1,0,0,0,0,0,0,0,1
-0.8592550384908538,-1.388508462232124,1,0,1,1,1.0655239479017458,-1.4709447454046127,0.0,0,0,0,1,0,0,0,1,0,0,0,0,0,0,1
0.6571527569942092,1.2412355093462566,0,0,0,0,0.6322887377497493,0.2985241478694439,0.0,0,0,0,0,1,0,0,0,1,0,0,1,0,0,0
1.4031844863351468,-1.3266417677553874,1,0,1,0,-1.1006521028582368,0.8883471122941295,0.0,0,0,0,1,0,0,0,1,0,0,0,0,1,0,0
1.2647367780097956,-0.6410394903125495,1,0,0,0,0.7767004744670813,-1.4709447454046127,0.0,0,0,0,0,1,0,0,0,1,0,0,0,0,0,1
0.40644769320759927,-1.5134141892723794,0,0,0,0,-0.8118286294235724,-0.29129881655524165,0.0,0,0,1,0,0,0,1,0,0,1,0,0,0,0,0
-0.6276709251532792,1.5163642940214694,1,1,1,1,0.48787700103241705,0.8883471122941295,0.0,0,0,0,1,0,1,0,0,0,0,0,0,1,0,0
0.8242976240845418,-1.2517500523291802,0,0,1,1,1.4987591580537423,-0.8811217809799272,0.0,0,0,0,0,1,0,0,0,1,0,0,0,0,1,0
-0.5577320893912567,0.476621092907492,1,1,1,0,0.48787700103241705,-1.4709447454046127,0.0,0,0,1,0,0,0,0,1,0,0,0,0,0,0,1
-0.507389693063654,-0.5673028727071426,1,0,1,0,0.48787700103241705,0.8883471122941295,0.0,0,0,0,0,1,0,0,0,1,0,0,0,1,0,0
0.3246006553557222,-1.2115198916599692,1,0,1,0,1.2099356846190779,0.8883471122941295,0.0,0,0,1,0,0,0,0,1,0,0,0,0,1,0,0
-0.8691389161502838,1.4504375169059507,1,0,1,0,0.3434652643150849,-0.8811217809799272,0.0,0,0,1,0,0,1,0,0,0,0,0,0,0,1,0
1.2865218652740011,0.5583399536626076,1,0,1,0,1.4987591580537423,0.2985241478694439,0.0,0,0,1,0,0,0,0,1,0,0,0,1,0,0,0
0.0014988973017558821,-0.7682812733933786,1,0,1,0,-0.08976994583691159,1.478170076718815,0.0,0,0,0,0,1,1,0,0,0,0,1,0,0,0,0
-0.3710117603217418,-0.9452784640985246,1,0,1,0,-0.5230051559889081,-1.4709447454046127,0.0,0,0,0,1,0,0,1,0,0,0,0,0,0,0,1
-0.16822969302533589,-0.6287989014652644,1,0,1,0,0.9211122111844136,0.2985241478694439,0.0,0,0,0,1,0,0,1,0,0,0,0,1,0,0,0
0.7701757895716389,-0.7485325487108925,0,0,1,0,-0.8118286294235724,-0.29129881655524165,0.0,0,0,1,0,0,1,0,0,0,1,0,0,0,0,0
0.5716836118713137,0.39051458445993437,1,0,1,0,1.4987591580537423,0.2985241478694439,0.0,0,0,1,0,0,0,0,1,0,0,0,1,0,0,0
0.013270745932566231,-0.6087312318621094,1,0,1,1,-1.1006521028582368,0.8883471122941295,0.0,0,0,0,0,1,0,1,0,0,0,0,0,1,0,0
-0.9135621738583553,1.1428539315194501,0,0,1,1,0.19905352759775274,0.2985241478694439,0.0,0,0,0,0,1,0,0,0,1,0,0,1,0,0,0
-1.1823113453918057,1.0587645341917968,0,0,1,0,0.05464179088042058,-1.4709447454046127,0.0,0,0,1,0,0,0,1,0,0,0,0,0,0,0,1
0.6740815633709195,0.5142824539453718,1,0,1,1,-0.6674168927062403,-1.4709447454046127,0.0,0,0,0,1,0,0,1,0,0,0,0,0,0,0,1
0.9638291675971667,-0.04002657791084556,0,0,1,0,0.3434652643150849,-0.8811217809799272,0.0,0,0,1,0,0,0,0,1,0,0,0,0,0,1,0
0.7029745117181179,0.9877001578136139,1,0,0,1,0.6322887377497493,0.8883471122941295,0.0,0,0,0,1,0,0,0,1,0,0,0,0,1,0,0
0.38179219081838783,1.6513986773262044,1,0,1,0,0.9211122111844136,0.8883471122941295,0.0,0,0,1,0,0,0,1,0,0,0,0,0,1,0,0
1.3349063657794313,-0.9081084506411345,1,1,1,0,-0.9562403661409046,-0.8811217809799272,0.0,0,0,1,0,0,1,0,0,0,0,0,0,0,1,0
0.5870530940753653,-1.553859853266367,1,0,0,0,-0.5230051559889081,-1.4709447454046127,0.0,0,0,0,0,1,1,0,0,0,0,0,0,0,0,1
-0.6447675511718898,-1.2198814206612836,0,0,1,1,-1.6782990497275654,0.8883471122941295,0.0,0,0,0,1,0,1,0,0,0,0,0,0,1,0,0
1.021747921508068,-1.4807611255022977,1,0,1,1,-1.389475576292901,1.478170076718815,0.0,0,0,1,0,0,0,0,1,0,0,1,0,0,0,0
-1.0640404527624467,-1.64206967416374,1,0,0,0,-0.5230051559889081,0.8883471122941295,0.0,0,0,1,0,0,0,0,1,0,0,0,0,1,0,0
0.7962507664319249,1.2187542025056088,1,0,0,0,0.48787700103241705,1.478170076718815,0.0,0,0,1,0,0,1,0,0,0,0,1,0,0,0,0
-1.214623618942726,0.22243061126753,1,0,0,0,-0.08976994583691159,0.8883471122941295,0.0,0,0,0,0,1,0,1,0,0,0,0,0,1,0,0
-1.598546012215456,-1.535619651857314,1,0,0,0,-1.389475576292901,-1.4709447454046127,0.0,0,0,0,0,1,0,0,1,0,0,0,0,0,0,1
-0.7598883292730753,1.6877325378834627,0,0,1,0,-0.6674168927062403,0.8883471122941295,0.0,0,0,0,1,0,0,0,0,1,0,0,0,1,0,0
0.03121695888829813,-0.1331326343471324,0,0,1,0,0.3434652643150849,-0.8811217809799272,0.0,0,0,0,0,1,0,1,0,0,0,0,0,0,1,0
1.4107608439184454,0.3957814857174635,1,0,1,0,0.48787700103241705,-1.4709447454046127,0.0,0,0,0,1,0,0,1,0,0,0,0,0,0,0,1
-1.671358759345024,0.022391805077318267,1,0,1,0,-0.3785934192715759,-0.8811217809799272,0.0,0,0,0,0,1,0,0,1,0,0,0,0,0,1,0
0.20826668109329793,1.336970706344813,0,0,0,0,-1.5338873130102333,1.478170076718815,0.0,0,0,1,0,0,0,0,0,1,0,1,0,0,0,0
-0.828047577582445,1.2115908719900501,1,0,1,1,0.19905352759775274,-0.8811217809799272,0.0,0,0,0,0,1,0,1,0,0,0,0,0,0,1,0
-1.355620088079441,-0.6067227408751957,1,0,1,0,0.48787700103241705,-1.4709447454046127,0.0,0,0,0,1,0,0,0,1,0,0,0,0,0,0,1
-1.4020676702179364,0.33630256807924663,0,0,1,1,0.05464179088042058,0.2985241478694439,0.0,0,0,0,0,1,0,1,0,0,0,0,1,0,0,0
0.05581652139687581,0.6075005721105426,1,0,0,0,0.48787700103241705,-1.4709447454046127,0.0,0,0,1,0,0,0,1,0,0,0,0,0,0,0,1
1.6735978693174438,-0.992111646638877,1,0,1,0,0.19905352759775274,-1.4709447454046127,0.0,0,0,0,0,1,0,1,0,0,0,0,0,0,0,1
1.6841040781489218,0.2509115306699457,1,0,1,1,1.4987591580537423,-0.29129881655524165,0.0,0,0,1,0,0,1,0,0,0,1,0,0,0,0,0
0.3702231242548742,0.008168585642092488,1,0,0,0,1.2099356846190779,0.2985241478694439,0.0,0,0,0,0,1,0,0,1,0,0,0,1,0,0,0
-1.5773133312725063,0.6400846748166961,1,0,1,1,0.9211122111844136,-0.29129881655524165,0.0,0,0,1,0,0,0,0,0,1,1,0,0,0,0,0
-1.3290136823531364,-0.43276845711588874,1,0,0,0,-1.1006521028582368,0.2985241478694439,0.0,0,0,0,0,1,0,1,0,0,0,0,1,0,0,0
-1.520849014258076,-1.6656629781602328,1,0,1,0,1.2099356846190779,-0.29129881655524165,0.0,0,0,0,1,0,0,0,0,1,1,0,0,0,0,0
0.40633581344633235,-0.1912237105737912,1,0,1,1,-1.6782990497275654,-0.8811217809799272,0.0,0,0,0,0,1,1,0,0,0,0,0,0,0,1,0
0.6081494215592709,0.36793845615638504,0,0,0,0,-1.1006521028582368,0.8883471122941295,0.0,0,0,1,0,0,0,0,1,0,0,0,0,1,0,0
-1.3319715035416324,0.05438111860708942,1,0,0,0,1.2099356846190779,1.478170076718815,0.0,0,0,0,0,1,0,0,1,0,0,1,0,0,0,0
1.6126443768821759,0.7989364855756905,0,0,0,1,-0.8118286294235724,-0.29129881655524165,0.0,0,0,0,1,0,0,1,0,0,1,0,0,0,0,0
-0.8447281507388441,0.7785067703869114,1,0,1,1,0.3434652643150849,0.8883471122941295,0.0,0,0,0,0,1,0,0,1,0,0,0,0,1,0,0
0.8303705973758151,0.7551548301141683,1,0,1,0,0.05464179088042058,0.8883471122941295,0.0,0,0,0,1,0,0,0,0,1,0,0,0,1,0,0
0.5699634605418338,0.6708585495947302,0,0,1,0,0.7767004744670813,0.8883471122941295,0.0,0,0,0,1,0,1,0,0,0,0,0,0,1,0,0
-0.6491868017419358,0.26556575675472377,1,1,1,1,-1.1006521028582368,0.8883471122941295,0.0,0,0,0,1,0,1,0,0,0,0,0,0,1,0,0
-1.1800632614388473,-0.34700675398797304,1,0,1,0,-1.2450638395755689,0.2985241478694439,0.0,0,0,1,0,0,0,0,1,0,0,0,1,0,0,0
-0.5355449342349982,0.9179115611181065,1,0,1,0,1.2099356846190779,0.2985241478694439,0.0,0,0,1,0,0,0,0,1,0,0,0,1,0,0,0
-0.7231183464841737,1.409991852911963,1,0,1,0,0.48787700103241705,-1.4709447454046127,0.0,0,0,1,0,0,0,1,0,0,0,0,0,0,0,1
-0.5994177891908263,-0.17654362409003982,1,0,1,1,-0.8118286294235724,-1.4709447454046127,0.0,0,0,0,1,0,0,1,0,0,0,0,0,0,0,1
-0.8301732930465175,0.7580511947991595,0,0,1,0,-0.3785934192715759,1.478170076718815,0.0,0,0,0,1,0,0,0,1,0,0,1,0,0,0,0
1.1150136874942562,1.4636435606482328,1,0,1,0,1.35434742133641,-0.29129881655524165,0.0,0,0,0,1,0,0,0,1,0,1,0,0,0,0,0
0.488640859070896,0.9248766285748714,1,0,1,0,0.05464179088042058,0.8883471122941295,0.0,0,0,1,0,0,0,0,1,0,0,0,0,1,0,0
1.2757534382520537,0.19611334524586663,0,0,1,0,-0.23418168255424376,0.2985241478694439,0.0,0,0,1,0,0,1,0,0,0,0,0,1,0,0,0
0.38285854479296383,1.6630444769971076,1,0,1,0,1.35434742133641,0.8883471122941295,0.0,0,0,0,0,1,0,1,0,0,0,0,0,1,0,0
0.6737249466318811,0.6564887878986566,0,0,1,0,0.6322887377497493,-0.29129881655524165,0.0,0,0,0,1,0,1,0,0,0,1,0,0,0,0,0
-1.5808550249651143,-1.121405021371575,1,0,0,0,-0.08976994583691159,0.2985241478694439,0.0,0,0,0,0,1,0,0,0,1,0,0,1,0,0,0
-0.5215215054086898,0.9021194774785102,1,0,1,0,-0.23418168255424376,0.2985241478694439,0.0,0,0,1,0,0,0,1,0,0,0,0,1,0,0,0
-1.2387896473763944,-0.9533124280461792,1,0,1,0,1.0655239479017458,0.2985241478694439,0.0,0,0,1,0,0,1,0,0,0,0,0,1,0,0,0
1.0317017240182897,-1.4645294150801582,1,0,1,0,0.3434652643150849,-0.29129881655524165,0.0,0,0,1,0,0,0,1,0,0,1,0,0,0,0,0
-0.9840394309714751,-1.572643123053856,0,0,1,0,1.2099356846190779,-1.4709447454046127,0.0,0,0,0,1,0,0,0,1,0,0,0,0,0,0,1
0.7704135340643313,-1.4722358139741532,1,0,1,0,1.4987591580537423,0.8883471122941295,0.0,0,0,0,1,0,0,1,0,0,0,0,0,1,0,0
0.9592910447807749,-1.379448702458535,1,0,1,0,1.2099356846190779,-0.29129881655524165,0.0,0,0,0,0,1,0,1,0,0,1,0,0,0,0,0
1.12701279189014,-0.0661283406077324,1,0,0,0,-0.8118286294235724,-0.8811217809799272,0.0,0,0,0,1,0,1,0,0,0,0,0,0,0,1,0
1.6723427182457298,1.2308223886930731,1,0,0,1,1.0655239479017458,0.2985241478694439,0.0,0,0,1,0,0,1,0,0,0,0,0,1,0,0,0
-0.07066704495798742,-0.05633586952990451,0,0,1,0,0.9211122111844136,-1.4709447454046127,0.0,0,0,0,0,1,0,0,1,0,0,0,0,0,0,1
-0.1602302900947466,-0.41965723483650824,0,0,1,0,0.9211122111844136,0.2985241478694439,0.0,0,0,1,0,0,0,0,1,0,0,0,1,0,0,0
-1.0687428989781995,1.042541443902648,1,0,0,1,0.05464179088042058,-0.29129881655524165,0.0,0,0,0,0,1,0,0,0,1,1,0,0,0,0,0
1.0036164076977374,0.12450590048924796,0,0,0,0,0.7767004744670813,-0.29129881655524165,0.0,0,0,0,0,1,0,1,0,0,1,0,0,0,0,0
-0.7665696487662379,0.21489661503335566,1,0,1,0,1.6431708947710744,0.8883471122941295,0.0,0,0,0,0,1,0,0,0,1,0,0,0,1,0,0
-0.0685692994342315,-0.31337961518990265,1,0,0,1,1.35434742133641,1.478170076718815,0.0,0,0,1,0,0,0,0,1,0,0,1,0,0,0,0
0.14033468854900188,-1.633458161305685,1,0,1,0,-0.9562403661409046,0.2985241478694439,0.0,0,0,1,0,0,0,1,0,0,0,0,1,0,0,0
-0.8994863013939529,1.0350850288653937,1,0,1,0,0.3434652643150849,1.478170076718815,0.0,0,0,0,1,0,0,1,0,0,0,1,0,0,0,0
1.5531418251008395,0.6296284534985572,0,0,1,0,-0.6674168927062403,1.478170076718815,0.0,0,0,0,1,0,0,0,0,1,0,1,0,0,0,0
0.8225390140871262,0.6210686614384487,1,0,1,0,-1.389475576292901,-1.4709447454046127,0.0,0,0,1,0,0,1,0,0,0,0,0,0,0,0,1
0.6782316032654165,0.07099211488083491,1,0,1,0,-1.389475576292901,-1.4709447454046127,0.0,0,0,0,0,1,0,1,0,0,0,0,0,0,0,1
-1.414381436442384,-1.5253961741299333,1,0,0,0,-0.08976994583691159,1.478170076718815,0.0,0,0,1,0,0,0,0,1,0,0,1,0,0,0,0
-0.0423544728723618,-0.7826337948234701,1,0,1,0,1.2099356846190779,1.478170076718815,0.0,0,0,0,1,0,0,1,0,0,0,1,0,0,0,0
0.9068648878995749,1.45273909241456,1,0,0,0,0.6322887377497493,-1.4709447454046127,0.0,0,0,0,0,1,0,0,0,1,0,0,0,0,0,1
-0.3136174427917798,1.5503534784051638,1,0,1,0,-1.6782990497275654,-1.4709447454046127,0.0,0,0,1,0,0,0,0,0,1,0,0,0,0,0,1
-0.42197648782139197,0.12632474855035877,1,0,1,0,-1.2450638395755689,0.8883471122941295,0.0,0,0,0,1,0,0,1,0,0,0,0,0,1,0,0
-1.520530856186973,-0.6834936452934507,1,0,0,1,-1.2450638395755689,0.2985241478694439,0.0,0,0,0,0,1,0,0,0,1,0,0,1,0,0,0
0.34505367421234245,0.869587095570303,1,0,1,0,1.6431708947710744,-1.4709447454046127,0.0,0,0,1,0,0,1,0,0,0,0,0,0,0,0,1
-0.4542817688872332,-0.5276157804163673,1,0,1,0,0.3434652643150849,0.8883471122941295,0.0,0,0,0,1,0,0,0,0,1,0,0,0,1,0,0
0.7962857288573211,-0.6719081865534849,1,1,1,0,0.05464179088042058,1.478170076718815,0.0,0,0,1,0,0,0,0,1,0,0,1,0,0,0,0
1.2737256175790899,1.2294086868825422,1,0,0,0,1.6431708947710744,0.2985241478694439,0.0,0,0,0,0,1,0,0,0,1,0,0,1,0,0,0
0.9032812392964918,0.0013328201801928172,1,0,1,0,1.35434742133641,-0.29129881655524165,0.0,0,0,0,0,1,1,0,0,0,1,0,0,0,0,0
1.7408830569919154,-1.5443346063112613,0,0,0,1,-0.6674168927062403,1.478170076718815,0.0,0,0,1,0,0,0,1,0,0,0,1,0,0,0,0
1.077621373533307,1.3242732504490027,1,0,1,0,1.2099356846190779,1.478170076718815,0.0,0,0,0,0,1,0,1,0,0,0,1,0,0,0,0
-1.6363823489789338,0.8914649931015772,1,0,0,1,-1.389475576292901,-1.4709447454046127,0.0,0,0,0,0,1,0,1,0,0,0,0,0,0,0,1
0.9637872126866917,-1.0745545985652403,1,0,0,0,-0.08976994583691159,-0.8811217809799272,0.0,0,0,1,0,0,1,0,0,0,0,0,0,0,1,0
-0.5478307305191287,-0.5417700387876647,1,0,1,0,-1.389475576292901,-0.29129881655524165,0.0,0,0,0,1,0,0,0,1,0,1,0,0,0,0,0
1.4014818162183653,-1.277619071435309,1,0,0,1,-0.23418168255424376,0.2985241478694439,0.0,0,0,0,0,1,0,1,0,0,0,0,1,0,0,0
0.4812428098571168,-0.015872965269934886,1,0,1,0,0.7767004744670813,0.2985241478694439,0.0,0,0,0,1,0,0,1,0,0,0,0,1,0,0,0
-1.07501166185169,1.2651391381304273,0,0,1,0,-1.6782990497275654,-0.29129881655524165,0.0,0,0,1,0,0,1,0,0,0,1,0,0,0,0,0
1.1164016957824747,1.5202433538674403,0,0,0,0,0.3434652643150849,-0.8811217809799272,0.0,0,0,0,1,0,0,1,0,0,0,0,0,0,1,0
0.750596831349917,0.9956996412293051,1,0,1,0,-1.5338873130102333,0.8883471122941295,0.0,0,0,0,1,0,1,0,0,0,0,0,0,1,0,0
-0.8126501254380765,-0.8260534046993684,1,0,1,1,-0.3785934192715759,0.8883471122941295,0.0,0,0,0,0,1,1,0,0,0,0,0,0,1,0,0
0.6403812815317808,0.22074106520128497,1,0,0,0,1.2099356846190779,-0.8811217809799272,0.0,0,0,1,0,0,0,1,0,0,0,0,0,0,1,0
-1.6128316592322338,-0.6640811057976153,1,0,0,1,-0.23418168255424376,-0.29129881655524165,0.0,0,0,0,1,0,0,0,0,1,1,0,0,0,0,0
-0.05598282629169596,-0.9997835650009079,1,0,1,0,-0.9562403661409046,0.8883471122941295,0.0,0,0,0,1,0,1,0,0,0,0,0,0,1,0,0
0.011347812535789968,0.8419423290680186,1,0,0,1,-0.08976994583691159,0.8883471122941295,0.0,0,0,1,0,0,0,0,0,1,0,0,0,1,0,0
0.5795921124958734,-1.5601266899508575,1,0,0,0,0.48787700103241705,0.8883471122941295,0.0,0,0,0,1,0,1,0,0,0,0,0,0,1,0,0
1.2636634315501405,-0.20830881416204397,1,0,1,0,0.9211122111844136,-0.29129881655524165,0.0,0,0,0,0,1,0,0,1,0,1,0,0,0,0,0
-1.4284083615112317,0.8141337800389046,1,0,0,0,-0.3785934192715759,0.2985241478694439,0.0,0,0,1,0,0,1,0,0,0,0,0,1,0,0,0
-0.040078418979086546,0.7838684931073422,0,0,1,1,1.35434742133641,-0.8811217809799272,0.0,0,0,0,1,0,1,0,0,0,0,0,0,0,1,0
-1.5778272789258265,0.1680375720940299,0,0,0,0,0.9211122111844136,1.478170076718815,0.0,0,0,0,0,1,0,0,1,0,0,1,0,0,0,0
-0.966970774893181,0.6584110775556599,0,1,0,0,0.6322887377497493,-0.8811217809799272,0.0,0,0,1,0,0,0,0,1,0,0,0,0,0,1,0
1.662878389691051,1.1895922925969005,1,0,1,0,0.05464179088042058,-0.8811217809799272,0.0,0,0,0,1,0,0,1,0,0,0,0,0,0,1,0
1.3269384290316981,1.6296414616568047,1,0,0,1,1.2099356846190779,0.2985241478694439,0.0,0,0,0,1,0,0,0,1,0,0,0,1,0,0,0
-0.012937088144224451,1.7044211153541282,1,0,1,0,1.4987591580537423,-0.29129881655524165,0.0,0,0,1,0,0,0,0,0,1,1,0,0,0,0,0
-0.9439689952251973,-0.4760587649969216,1,0,1,0,-0.5230051559889081,-0.29129881655524165,0.0,0,0,0,1,0,0,0,0,1,1,0,0,0,0,0
0.6455697054605368,-0.41682983121544503,1,0,1,0,0.19905352759775274,-1.4709447454046127,0.0,0,0,0,1,0,0,0,1,0,0,0,0,0,0,1
1.633037959615623,-1.6486123551039438,1,0,1,1,-1.1006521028582368,-0.8811217809799272,0.0,0,0,0,1,0,0,0,1,0,0,0,0,0,1,0
0.867902761038348,0.7079854623871648,1,0,1,0,1.4987591580537423,1.478170076718815,0.0,0,0,0,1,0,0,0,1,0,0,1,0,0,0,0
0.8332200350455834,-0.5896548775529247,1,1,1,0,-1.5338873130102333,0.2985241478694439,0.0,0,0,0,1,0,0,0,0,1,0,0,1,0,0,0
1.349650020568896,-1.1917280663125276,1,0,0,0,-1.6782990497275654,-0.8811217809799272,0.0,0,0,0,1,0,0,1,0,0,0,0,0,0,1,0
1.2397351476091645,-0.4367768189567252,1,0,1,0,-0.6674168927062403,-1.4709447454046127,0.0,0,0,0,1,0,0,0,1,0,0,0,0,0,0,1
1.3246623751384237,1.3399705126256973,1,0,0,0,-0.3785934192715759,0.2985241478694439,0.0,0,0,1,0,0,0,0,0,1,0,0,1,0,0,0
0.5177191082726927,1.363408654228351,1,0,0,1,-1.1006521028582368,0.2985241478694439,0.0,0,0,1,0,0,0,1,0,0,0,0,1,0,0,0
-0.9027203257430766,0.22653379457126765,1,0,1,1,1.35434742133641,0.2985241478694439,0.0,0,0,0,1,0,1,0,0,0,0,0,1,0,0,0
1.400314071210141,-0.6898035826428964,0,0,1,0,0.6322887377497493,1.478170076718815,0.0,0,0,0,1,0,0,0,1,0,0,1,0,0,0,0
0.9304190738888142,-1.5537133110055192,1,0,0,0,1.4987591580537423,-0.8811217809799272,0.0,0,0,0,0,1,0,0,0,1,0,0,0,0,1,0
1.33569302035084,1.6528727200676734,1,0,0,0,0.9211122111844136,0.8883471122941295,0.0,0,0,0,1,0,0,0,1,0,0,0,0,1,0,0
0.16300432517572427,1.4312749612668552,0,0,0,0,1.0655239479017458,-0.29129881655524165,0.0,0,0,1,0,0,1,0,0,0,1,0,0,0,0,0
0.4503779807175878,1.0932795466879448,1,0,0,0,1.4987591580537423,1.478170076718815,0.0,0,0,0,0,1,1,0,0,0,0,1,0,0,0,0
1.2888853252307657,-0.525133182114946,0,1,0,1,-1.6782990497275654,-0.8811217809799272,0.0,0,0,1,0,0,0,1,0,0,0,0,0,0,1,0
-0.9571183634166073,-0.6184719821419914,1,0,0,0,-0.3785934192715759,1.478170076718815,0.0,0,0,0,1,0,1,0,0,0,0,1,0,0,0,0
0.4653488912721261,-0.6046711492233267,1,0,1,0,0.9211122111844136,-0.8811217809799272,0.0,0,0,0,1,0,0,0,0,1,0,0,0,0,1,0
1.2373052590441476,-1.6819722697792916,0,0,0,0,0.6322887377497493,-0.29129881655524165,0.0,0,0,0,1,0,0,1,0,0,1,0,0,0,0,0
-1.4645350356728484,-0.15882925079344026,0,0,1,0,0.19905352759775274,-1.4709447454046127,0.0,0,0,0,1,0,0,1,0,0,0,0,0,0,0,1
0.07045878515269219,1.4695483517470995,1,0,1,0,-1.6782990497275654,-1.4709447454046127,0.0,0,0,0,1,0,0,0,0,1,0,0,0,0,0,1
0.27047532460027995,0.462527175467132,1,0,1,0,-1.389475576292901,-0.29129881655524165,0.0,0,0,0,1,0,0,1,0,0,1,0,0,0,0,0
-0.5513374617863406,0.10055055090713136,1,0,1,0,0.05464179088042058,-0.8811217809799272,0.0,0,0,1,0,0,0,0,0,1,0,0,0,0,1,0
1.0196431834992328,0.5796403022834821,1,0,1,0,1.35434742133641,-1.4709447454046127,0.0,0,0,1,0,0,0,0,1,0,0,0,0,0,0,1
-0.31243221657085773,0.24084321533640382,0,0,0,1,-1.389475576292901,-0.8811217809799272,0.0,0,0,1,0,0,0,0,0,1,0,0,0,0,1,0
1.1388161067038067,-1.516655359277013,1,0,0,0,1.0655239479017458,1.478170076718815,0.0,0,0,0,1,0,0,1,0,0,0,1,0,0,0,0
0.6498211363886824,-1.151653068037155,0,0,1,0,0.19905352759775274,-0.29129881655524165,0.0,0,0,0,1,0,0,1,0,0,1,0,0,0,0,0
0.9047356761929626,-1.262189033381337,0,0,1,0,-0.23418168255424376,0.8883471122941295,0.0,0,0,0,0,1,1,0,0,0,0,0,0,1,0,0
0.06056791500818303,0.027701806999802434,1,0,1,1,-0.08976994583691159,0.8883471122941295,0.0,0,0,0,0,1,1,0,0,0,0,0,0,1,0,0
-0.028428938837162084,0.6332575294877876,1,0,0,0,0.19905352759775274,-1.4709447454046127,0.0,0,0,1,0,0,0,0,1,0,0,0,0,0,0,1
1.488831939827562,0.02496060470864997,1,0,1,0,0.3434652643150849,1.478170076718815,0.0,0,0,1,0,0,0,1,0,0,0,1,0,0,0,0
1.107856879015709,0.36342150646907717,1,0,0,0,1.35434742133641,0.2985241478694439,0.0,0,0,1,0,0,0,1,0,0,0,0,1,0,0,0
0.32897445477275333,0.15022837733452912,1,0,1,1,-1.5338873130102333,-0.29129881655524165,0.0,0,0,0,0,1,0,0,0,1,1,0,0,0,0,0
0.3822117399231393,-0.62406644845318,1,0,1,0,0.6322887377497493,1.478170076718815,0.0,0,0,0,1,0,0,0,0,1,0,1,0,0,0,0
-0.22502615308102744,-0.24414270700582202,1,0,1,0,-0.08976994583691159,-0.29129881655524165,0.0,0,0,0,1,0,0,0,1,0,1,0,0,0,0,0
-0.08590366994553458,0.16373612573149815,1,0,1,0,1.0655239479017458,-0.29129881655524165,0.0,0,0,1,0,0,0,1,0,0,1,0,0,0,0,0
0.5645058259375288,-1.6384233579085277,1,0,0,0,0.48787700103241705,-1.4709447454046127,0.0,0,0,0,0,1,0,0,0,1,0,0,0,0,0,1
-1.2405867160417452,0.8632340575559019,1,0,0,0,-0.08976994583691159,0.2985241478694439,0.0,0,0,0,0,1,0,0,1,0,0,0,1,0,0,0
0.39255362535525595,1.3244197927098498,1,0,1,0,1.35434742133641,0.8883471122941295,0.0,0,0,0,1,0,0,0,1,0,0,0,0,1,0,0
1.6715385824616236,1.4278182879374464,1,0,0,0,0.6322887377497493,-0.29129881655524165,0.0,0,0,0,1,0,0,1,0,0,1,0,0,0,0,0
0.8515997820762248,1.4691949262944668,1,0,0,0,0.19905352759775274,-1.4709447454046127,0.0,0,0,0,0,1,1,0,0,0,0,0,0,0,0,1
0.3569653725447367,1.593169678971689,1,0,1,0,-1.6782990497275654,-0.8811217809799272,0.0,0,0,1,0,0,0,0,1,0,0,0,0,0,1,0
0.48807796402202125,-0.8106406069113782,1,1,1,0,0.19905352759775274,0.2985241478694439,0.0,0,0,0,1,0,1,0,0,0,0,0,1,0,0,0
-1.6160586910962784,-0.019907187509744236,1,0,0,0,1.35434742133641,-0.8811217809799272,0.0,0,0,0,0,1,0,0,0,1,0,0,0,0,1,0
0.49551796814627586,0.6250253024813389,1,0,1,1,1.6431708947710744,0.8883471122941295,0.0,0,0,0,0,1,1,0,0,0,0,0,0,1,0,0
-0.17884778161808043,-0.30996604252544885,0,0,1,1,-1.6782990497275654,0.2985241478694439,0.0,0,0,1,0,0,1,0,0,0,0,0,1,0,0,0
-0.6635074111841095,-0.20786056724650961,1,0,0,0,-1.2450638395755689,0.2985241478694439,0.0,0,0,0,0,1,0,0,0,1,0,0,1,0,0,0
-1.113627660701497,0.7695590723422061,1,0,1,0,-0.3785934192715759,-0.29129881655524165,0.0,0,0,0,0,1,0,1,0,0,1,0,0,0,0,0
0.1898729490924982,-1.4984065377349687,1,0,1,0,-0.3785934192715759,0.2985241478694439,0.0,0,0,0,0,1,0,1,0,0,0,0,1,0,0,0
-0.09678048048620926,1.3715977805698445,1,0,1,1,-0.9562403661409046,1.478170076718815,0.0,0,0,1,0,0,0,0,1,0,0,1,0,0,0,0
-0.4301297254237234,-0.4572582549434505,1,0,1,0,-1.5338873130102333,-0.29129881655524165,0.0,0,0,0,1,0,0,0,0,1,1,0,0,0,0,0
0.6110722803223709,-0.9169699473559297,1,0,0,1,-0.5230051559889081,0.2985241478694439,0.0,0,0,1,0,0,0,0,0,1,0,0,1,0,0,0
1.4194839690547305,0.776868945118613,1,0,1,0,-1.6782990497275654,-0.29129881655524165,0.0,0,0,0,0,1,0,0,0,1,1,0,0,0,0,0
0.13437709126153508,0.6030698237531448,1,0,0,0,-1.2450638395755689,0.2985241478694439,0.0,0,0,0,0,1,0,0,1,0,0,0,1,0,0,0
0.8331396214671729,-0.3244306256844237,1,0,1,0,-0.5230051559889081,-0.8811217809799272,0.0,0,0,1,0,0,0,1,0,0,0,0,0,0,1,0
-1.4035151146293283,-0.268951449754052,1,0,0,0,1.2099356846190779,-0.8811217809799272,0.0,0,0,0,1,0,1,0,0,0,0,0,0,0,1,0
0.0976980107786628,-0.2991736360206594,1,0,1,0,0.48787700103241705,-0.29129881655524165,0.0,0,0,1,0,0,0,0,0,1,1,0,0,0,0,0
0.24773925936530541,0.14259093950446233,1,0,1,0,0.9211122111844136,-0.29129881655524165,0.0,0,0,1,0,0,1,0,0,0,1,0,0,0,0,0
1.1086330448594985,0.5710891303563644,1,0,1,0,0.7767004744670813,-1.4709447454046127,0.0,0,0,1,0,0,0,0,1,0,0,0,0,0,0,1
-0.22269765554965842,-1.3577863082520363,1,0,0,1,0.48787700103241705,-0.8811217809799272,0.0,0,0,0,0,1,1,0,0,0,0,0,0,0,1,0
1.2346620996842153,-1.5318785141392,0,0,1,1,1.6431708947710744,-0.8811217809799272,0.0,0,0,0,0,1,0,1,0,0,0,0,0,0,1,0
-0.9220965018975021,1.586411494706709,1,0,0,0,-1.2450638395755689,-1.4709447454046127,0.0,0,0,0,0,1,0,0,0,1,0,0,0,0,0,1
1.7173848108833092,-1.5964260699761519,0,0,1,0,0.05464179088042058,0.2985241478694439,0.0,0,0,0,0,1,0,1,0,0,0,0,1,0,0,0
-1.501179153730325,1.1101922476163768,0,0,1,0,-0.3785934192715759,0.8883471122941295,0.0,0,0,0,0,1,0,1,0,0,0,0,0,1,0,0
-1.0184634350163098,-1.0092312307590943,1,0,0,0,-0.08976994583691159,-0.8811217809799272,0.0,0,0,0,1,0,0,0,0,1,0,0,0,0,1,0
-0.410519301019145,0.7380007654619868,0,0,1,0,-0.6674168927062403,1.478170076718815,0.0,0,0,0,0,1,1,0,0,0,0,1,0,0,0,0
1.4061982474042765,0.36808499841723286,1,0,1,0,1.2099356846190779,-1.4709447454046127,0.0,0,0,1,0,0,0,0,1,0,0,0,0,0,0,1
0.8292238298228283,0.40272069277525524,1,0,0,1,-1.1006521028582368,-0.8811217809799272,0.0,0,0,0,1,0,0,1,0,0,0,0,0,0,1,0
0.3717649672148347,0.012771736659310747,1,0,1,1,0.9211122111844136,0.8883471122941295,0.0,0,0,0,1,0,1,0,0,0,0,0,0,1,0,0
-0.6164200166608681,0.5743561607599709,1,0,1,0,-1.2450638395755689,-1.4709447454046127,0.0,0,0,1,0,0,1,0,0,0,0,0,0,0,0,1
-1.0439475468874047,1.2443301370900421,1,0,1,0,-0.08976994583691159,0.2985241478694439,0.0,0,0,1,0,0,0,1,0,0,0,0,1,0,0,0
1.2787042669554707,0.46826818403916887,1,0,0,0,-0.9562403661409046,-0.29129881655524165,0.0,0,0,0,0,1,0,0,1,0,1,0,0,0,0,0
-0.1351797122985614,-0.7185689664340167,1,0,1,0,1.4987591580537423,-0.29129881655524165,0.0,0,0,0,1,0,0,0,1,0,1,0,0,0,0,0
-1.250883150320847,0.3553616821224493,1,0,1,0,1.35434742133641,-1.4709447454046127,0.0,0,0,0,0,1,0,1,0,0,0,0,0,0,0,1
1.0392815778441278,-0.39733971052269007,1,0,1,0,0.48787700103241705,0.2985241478694439,0.0,0,0,0,1,0,0,0,1,0,0,0,1,0,0,0
1.376787855161218,-0.48874760075974105,1,0,1,1,1.0655239479017458,1.478170076718815,0.0,0,0,1,0,0,0,1,0,0,0,1,0,0,0,0
0.21381172176109298,0.5248679772583763,1,0,0,1,0.3434652643150849,0.8883471122941295,0.0,0,0,0,0,1,1,0,0,0,0,0,0,1,0,0
-0.3353500864178911,-0.3944864465026539,1,0,1,0,0.9211122111844136,0.8883471122941295,0.0,0,0,0,1,0,0,1,0,0,0,0,0,1,0,0
1.414347988764068,0.8432612094156487,0,1,1,0,1.6431708947710744,-1.4709447454046127,0.0,0,0,1,0,0,0,0,0,1,0,0,0,0,0,1
-0.3579602869214404,0.6810303065241642,0,0,0,0,1.35434742133641,1.478170076718815,0.0,0,0,0,1,0,0,0,1,0,0,1,0,0,0,0
0.8192735235551464,1.3625466409292464,1,0,1,0,1.4987591580537423,-1.4709447454046127,0.0,0,0,1,0,0,0,0,1,0,0,0,0,0,0,1
-1.7161491225197527,-0.15288997916260974,1,0,0,0,-1.1006521028582368,0.8883471122941295,0.0,0,0,1,0,0,0,0,1,0,0,0,0,1,0,0
-0.9909200362893944,-1.6846789915384799,1,0,1,0,-1.2450638395755689,0.2985241478694439,0.0,0,0,0,0,1,0,0,0,1,0,0,1,0,0,0
-1.2862546360939116,1.2758970641032523,1,0,1,0,-0.6674168927062403,1.478170076718815,0.0,0,0,0,0,1,0,1,0,0,0,1,0,0,0,0
-0.22667637955971554,1.5885837682204529,1,0,1,0,-0.9562403661409046,0.8883471122941295,0.0,0,0,0,1,0,0,0,0,1,0,0,0,1,0,0
1.6694338444527883,0.7792825823561057,1,0,1,0,-1.389475576292901,1.478170076718815,0.0,0,0,1,0,0,0,0,1,0,0,1,0,0,0,0
-0.0189925802228001,-0.2521852910864678,0,0,0,0,-1.389475576292901,-0.8811217809799272,0.0,0,0,0,0,1,0,1,0,0,0,0,0,0,1,0
-1.4174860998175427,-1.0011886466784485,0,0,1,1,0.48787700103241705,-0.8811217809799272,0.0,0,0,0,0,1,0,0,0,1,0,0,0,0,1,0
-1.601717104198867,1.332807182110138,1,0,1,0,-1.6782990497275654,0.2985241478694439,0.0,0,0,0,0,1,1,0,0,0,0,0,1,0,0,0
0.48083724572252406,-0.2254714989472167,1,0,1,0,-0.5230051559889081,0.2985241478694439,0.0,0,0,0,0,1,0,1,0,0,0,0,1,0,0,0
-0.23132987837991423,1.6181766847787136,1,0,1,0,-0.08976994583691159,-1.4709447454046127,0.0,0,0,0,1,0,0,0,0,1,0,0,0,0,0,1
-0.28727675149848453,1.6718628730469474,1,0,0,0,-0.6674168927062403,-0.29129881655524165,0.0,0,0,0,1,0,0,1,0,0,1,0,0,0,0,0
1.0178845735018174,-0.33577472070064,1,0,0,0,0.19905352759775274,0.2985241478694439,0.0,0,0,0,0,1,0,1,0,0,0,0,1,0,0,0
-1.3116898005694522,-0.22175622162807554,1,1,1,0,0.48787700103241705,-0.8811217809799272,0.0,0,0,1,0,0,0,0,1,0,0,0,0,0,1,0
-1.5552170784222772,-0.5130218952625266,1,0,1,0,1.6431708947710744,-0.8811217809799272,0.0,0,0,0,0,1,0,1,0,0,0,0,0,0,1,0
1.0363132679280134,0.890430577142652,1,0,1,0,1.2099356846190779,1.478170076718815,0.0,0,0,1,0,0,0,0,1,0,0,1,0,0,0,0
0.08040209893529512,-1.6577669363404346,1,0,1,0,0.19905352759775274,-0.8811217809799272,0.0,0,0,0,1,0,1,0,0,0,0,0,0,0,1,0
-0.1335015158795566,0.6388519957989766,1,0,1,1,0.6322887377497493,0.2985241478694439,0.0,0,0,0,0,1,0,0,1,0,0,0,1,0,0,0
-0.1331414028979786,-0.3020613805726597,1,0,0,0,-0.23418168255424376,-0.8811217809799272,0.0,0,0,1,0,0,0,0,1,0,0,0,0,0,1,0
1.6480683062933341,0.9561246106674125,0,0,1,0,-0.9562403661409046,-1.4709447454046127,0.0,0,0,0,1,0,0,0,1,0,0,0,0,0,0,1
0.06106088520626562,1.666966637508033,1,0,1,0,1.6431708947710744,0.2985241478694439,0.0,0,0,0,0,1,0,1,0,0,0,0,1,0,0,0
-0.42925916103136474,0.6377399986431317,1,0,1,0,1.35434742133641,0.2985241478694439,0.0,0,0,1,0,0,0,0,1,0,0,0,1,0,0,0
0.6775218660298793,0.27433243200661755,1,0,1,1,-0.08976994583691159,1.478170076718815,0.0,0,0,1,0,0,0,1,0,0,0,1,0,0,0,0
0.03471669767043101,-0.3641780589061366,1,0,0,0,-0.6674168927062403,-1.4709447454046127,0.0,0,0,0,1,0,0,0,0,1,0,0,0,0,0,1
-0.9359521110819101,1.6847672121345432,1,0,0,0,-0.6674168927062403,-1.4709447454046127,0.0,0,0,0,0,1,1,0,0,0,0,0,0,0,0,1
0.09460383613112301,-0.26189156083438575,1,0,1,0,1.0655239479017458,0.2985241478694439,0.0,0,0,1,0,0,0,1,0,0,0,0,1,0,0,0
0.4580487368494554,1.608151470110127,1,0,1,1,0.19905352759775274,0.2985241478694439,0.0,0,0,1,0,0,0,0,0,1,0,0,1,0,0,0
-1.6558843898647846,-1.5459982919785331,1,0,0,0,-1.2450638395755689,-0.29129881655524165,0.0,0,0,1,0,0,0,0,1,0,1,0,0,0,0,0
0.41585957812418417,0.7193985184673097,1,0,1,0,0.48787700103241705,-1.4709447454046127,0.0,0,0,0,1,0,1,0,0,0,0,0,0,0,0,1
-0.6033195958650125,0.3912990165621194,0,0,0,1,-0.3785934192715759,-0.8811217809799272,0.0,0,0,0,0,1,0,0,0,1,0,0,0,0,1,0
-0.14743404239983565,-0.8028480066874727,1,0,1,1,1.2099356846190779,0.8883471122941295,0.0,0,0,0,0,1,0,0,0,1,0,0,0,1,0,0
-0.5719408190721634,0.3257515252982062,0,0,1,0,0.48787700103241705,-0.8811217809799272,0.0,0,0,0,0,1,0,0,0,1,0,0,0,0,1,0
0.5434759270618759,-1.325460809535614,0,0,0,0,0.05464179088042058,1.478170076718815,0.0,0,0,1,0,0,0,1,0,0,0,1,0,0,0,0
-1.669184096485397,-1.3426838352517239,1,0,0,0,0.48787700103241705,0.2985241478694439,0.0,0,0,0,1,0,0,1,0,0,0,0,1,0,0,0
1.2314665340030266,1.707248518975191,1,0,1,0,-0.08976994583691159,-1.4709447454046127,0.0,0,0,1,0,0,0,1,0,0,0,0,0,0,0,1
1.359806605146414,-1.590107512493715,1,0,1,0,1.35434742133641,-0.8811217809799272,0.0,0,0,0,1,0,0,1,0,0,0,0,0,0,1,0
-0.9569120851067713,0.5468320761195613,1,0,1,0,-0.08976994583691159,1.478170076718815,0.0,0,0,0,1,0,0,0,1,0,0,1,0,0,0,0
0.7574634516976778,0.5004988612926895,1,0,0,0,0.19905352759775274,0.8883471122941295,0.0,0,0,0,0,1,0,0,0,1,0,0,0,1,0,0
0.11014813046215442,-0.8982125379674138,1,0,0,0,0.3434652643150849,0.2985241478694439,0.0,0,0,0,0,1,0,0,1,0,0,0,1,0,0,0
0.5352457721236735,-1.4714082812070128,0,0,0,1,-1.389475576292901,0.2985241478694439,0.0,0,0,0,1,0,1,0,0,0,0,0,1,0,0,0
-1.6418679535235554,0.6019147259323449,1,0,0,0,1.0655239479017458,-0.29129881655524165,0.0,0,0,0,1,0,0,0,1,0,1,0,0,0,0,0
-0.12325752523854845,-1.0069813760484312,1,0,0,0,-0.5230051559889081,-1.4709447454046127,0.0,0,0,0,1,0,0,1,0,0,0,0,0,0,0,1
0.2922324419241683,-0.5629583256796555,1,0,1,0,1.4987591580537423,-1.4709447454046127,0.0,0,0,0,1,0,0,1,0,0,0,0,0,0,0,1
0.06973855918953585,1.036153925356283,1,0,1,0,-0.5230051559889081,-1.4709447454046127,0.0,0,0,1,0,0,0,1,0,0,0,0,0,0,0,1
-0.9065906662344063,0.45703615075183585,1,0,0,0,0.3434652643150849,-1.4709447454046127,0.0,0,0,1,0,0,1,0,0,0,0,0,0,0,0,1
0.45141286850930734,-0.15033841979726012,1,0,0,0,-0.8118286294235724,-1.4709447454046127,0.0,0,0,1,0,0,0,1,0,0,0,0,0,0,0,1
-0.5490404304378279,1.404716331521443,0,0,1,1,-0.23418168255424376,-0.8811217809799272,0.0,0,0,0,1,0,0,0,1,0,0,0,0,0,1,0
-0.8400396894932496,0.5024039106837106,1,0,0,0,1.4987591580537423,0.2985241478694439,0.0,0,0,0,1,0,0,0,0,1,0,0,1,0,0,0
-0.9906088707033707,-1.0269025033907384,1,0,1,0,1.2099356846190779,0.8883471122941295,0.0,0,0,0,1,0,1,0,0,0,0,0,0,1,0,0
0.5459093118694327,1.5596804623014753,1,0,1,0,-0.5230051559889081,0.8883471122941295,0.0,0,0,0,0,1,0,0,1,0,0,0,0,1,0,0
0.9119379358245246,-0.05100862734143788,1,0,1,0,-0.23418168255424376,0.2985241478694439,0.0,0,0,1,0,0,0,0,0,1,0,0,1,0,0,0
-0.2837105841080995,-1.6585599885756108,1,0,1,0,-1.389475576292901,-1.4709447454046127,0.0,0,0,0,1,0,0,1,0,0,0,0,0,0,0,1
0.7721791365468256,-1.2887649033927315,1,0,1,0,0.9211122111844136,0.8883471122941295,0.0,0,0,0,0,1,0,0,1,0,0,0,0,1,0,0
-1.0799693337728333,0.9187994348161839,1,0,0,0,-1.2450638395755689,0.8883471122941295,0.0,0,0,0,0,1,1,0,0,0,0,0,0,1,0,0
0.2598047923694413,-0.8301824484020793,1,0,1,0,0.7767004744670813,0.2985241478694439,0.0,0,0,1,0,0,0,0,0,1,0,0,1,0,0,0
-0.400876664094947,1.5692746703205096,1,0,1,0,-1.2450638395755689,-0.29129881655524165,0.0,0,0,1,0,0,0,0,0,1,1,0,0,0,0,0
-0.5526590414663068,-0.6176185889758776,1,0,1,1,1.35434742133641,-0.8811217809799272,0.0,0,0,0,1,0,0,0,1,0,0,0,0,0,1,0
-1.5354003757078631,0.5352552375125864,1,0,1,0,-0.9562403661409046,-0.29129881655524165,0.0,0,0,0,1,0,0,1,0,0,1,0,0,0,0,0
-1.09203137053443,-1.6230709010514748,1,0,1,0,-1.6782990497275654,-0.8811217809799272,0.0,0,0,1,0,0,0,1,0,0,0,0,0,0,1,0
0.23527865095419512,-0.05739614588780318,1,0,1,0,0.05464179088042058,-1.4709447454046127,0.0,0,0,0,1,0,1,0,0,0,0,0,0,0,0,1
-0.13342110230114612,0.05162267604995488,1,0,1,0,-1.389475576292901,0.2985241478694439,0.0,0,0,0,1,0,0,1,0,0,0,0,1,0,0,0
1.0027703170031559,-1.2540343875718076,1,0,1,0,-0.08976994583691159,0.8883471122941295,0.0,0,0,1,0,0,0,0,0,1,0,0,0,1,0,0
-0.8755370399977395,1.1716796562415073,1,0,0,1,-1.5338873130102333,1.478170076718815,0.0,0,0,0,1,0,1,0,0,0,0,1,0,0,0,0
-1.41450030868873,1.3708650692656053,1,0,0,0,-0.5230051559889081,-0.8811217809799272,0.0,0,0,1,0,0,1,0,0,0,0,0,0,0,1,0
-0.14483983043545748,-0.9630962789910165,1,0,0,0,0.7767004744670813,-1.4709447454046127,0.0,0,0,0,1,0,0,0,0,1,0,0,0,0,0,1
-1.234213065892067,-0.8107095679753065,1,1,0,0,0.6322887377497493,0.2985241478694439,0.0,0,0,0,0,1,0,1,0,0,0,0,1,0,0,0
1.7044661946995125,0.7813600344069476,1,0,1,0,1.2099356846190779,-1.4709447454046127,0.0,0,0,0,0,1,0,0,1,0,0,0,0,0,0,1
0.337358444382698,0.8460541325047475,0,0,1,0,-1.389475576292901,-0.29129881655524165,0.0,0,0,1,0,0,0,0,1,0,1,0,0,0,0,0
1.6574627099972212,1.3435047671520257,1,0,0,0,-1.6782990497275654,1.478170076718815,0.0,0,0,1,0,0,0,0,1,0,0,1,0,0,0,0
0.5236242619220655,0.18432962344710677,1,1,1,0,-1.1006521028582368,1.478170076718815,0.0,0,0,0,0,1,0,1,0,0,0,1,0,0,0,0
-1.3012185541633705,0.38117036029764045,1,0,0,1,-0.8118286294235724,0.8883471122941295,0.0,0,0,1,0,0,0,1,0,0,0,0,0,1,0,0
0.2290098880807044,-0.7306716331534451,0,0,1,0,-0.6674168927062403,-0.8811217809799272,0.0,0,0,0,1,0,0,1,0,0,0,0,0,0,1,0
0.5348087418062243,0.9057485534677405,1,0,0,1,0.19905352759775274,1.478170076718815,0.0,0,0,0,0,1,0,0,1,0,0,1,0,0,0,0
-1.6403470880188324,-1.5700915636885064,1,0,1,0,0.48787700103241705,1.478170076718815,0.0,0,0,0,1,0,0,0,0,1,0,1,0,0,0,0
-0.291605099762501,-0.5929822488874684,0,0,0,1,0.7767004744670813,-1.4709447454046127,0.0,0,0,1,0,0,0,0,0,1,0,0,0,0,0,1
-1.3725978418517053,0.2318610367597343,1,0,1,0,-0.3785934192715759,0.8883471122941295,0.0,0,0,0,0,1,0,0,0,1,0,0,0,1,0,0
0.23614921534655375,-1.040375771255743,1,0,1,0,-0.9562403661409046,-0.29129881655524165,0.0,0,0,1,0,0,1,0,0,0,1,0,0,0,0,0
-0.40610005044909925,1.522200124056408,1,0,1,0,0.48787700103241705,1.478170076718815,0.0,0,0,0,0,1,0,0,0,1,0,1,0,0,0,0
0.5223621183652724,0.0658114149532165,0,0,1,0,0.48787700103241705,-0.8811217809799272,0.0,0,0,0,0,1,0,1,0,0,0,0,0,0,1,0
-1.225178775169758,0.10042124891226599,0,0,1,0,1.2099356846190779,-0.8811217809799272,0.0,0,0,1,0,0,1,0,0,0,0,0,0,0,1,0
-0.5208642118112462,0.8663631658316516,0,1,1,0,0.7767004744670813,-0.29129881655524165,0.0,0,0,1,0,0,1,0,0,0,1,0,0,0,0,0
0.643524403574875,-1.2040289960907502,1,0,1,0,0.3434652643150849,-0.29129881655524165,0.0,0,0,1,0,0,0,0,1,0,1,0,0,0,0,0
0.03749271424686787,0.1462631161586481,1,0,0,0,1.0655239479017458,-0.8811217809799272,0.0,0,0,0,1,0,0,1,0,0,0,0,0,0,1,0
0.8186057412300838,-0.13277058876150843,1,0,1,0,1.35434742133641,0.2985241478694439,0.0,0,0,0,1,0,1,0,0,0,0,0,1,0,0,0
-0.20392632935458266,0.9337984662206039,1,0,1,0,-0.6674168927062403,-1.4709447454046127,0.0,0,0,0,0,1,1,0,0,0,0,0,0,0,0,1
-0.9617089298710931,1.7130843490101286,1,0,1,0,-0.9562403661409046,-0.29129881655524165,0.0,0,0,0,1,0,0,1,0,0,1,0,0,0,0,0
-0.6371807048609727,0.3276910552211915,0,0,1,0,0.48787700103241705,0.8883471122941295,0.0,0,0,0,1,0,0,0,1,0,0,0,0,1,0,0
-0.38274515028461675,1.128949657004893,1,0,0,0,0.9211122111844136,-0.29129881655524165,0.0,0,0,0,1,0,0,0,0,1,1,0,0,0,0,0
1.4917268286503447,-1.4472719088320842,1,1,1,0,0.7767004744670813,0.2985241478694439,0.0,0,0,0,1,0,0,1,0,0,0,0,1,0,0,0
1.3326477930988538,1.4579542728741428,1,0,1,0,0.48787700103241705,-1.4709447454046127,0.0,0,0,0,0,1,1,0,0,0,0,0,0,0,0,1
-1.462405823966236,0.6758151260645816,1,0,1,0,-0.08976994583691159,-0.29129881655524165,0.0,0,0,1,0,0,0,0,1,0,1,0,0,0,0,0
-1.4954732859057085,-0.9612084698659774,0,0,1,0,-1.1006521028582368,-0.29129881655524165,0.0,0,0,0,0,1,1,0,0,0,1,0,0,0,0,0
-0.10283597256478459,-0.456637605368095,1,0,1,0,-0.8118286294235724,-0.8811217809799272,0.0,0,0,0,0,1,1,0,0,0,0,0,0,0,1,0
-1.288289449251955,1.0407484562405105,0,0,1,0,1.4987591580537423,-0.8811217809799272,0.0,0,0,0,1,0,0,0,1,0,0,0,0,0,1,0
-0.16861427970469128,-0.37678931347203687,0,0,0,0,0.7767004744670813,-0.8811217809799272,0.0,0,0,1,0,0,1,0,0,0,0,0,0,0,1,0
0.3968260337386386,1.331307278969696,0,0,1,1,0.19905352759775274,1.478170076718815,0.0,0,0,0,1,0,0,1,0,0,0,1,0,0,0,0
0.9881700081578149,0.5924411997751852,0,0,1,0,-0.3785934192715759,0.8883471122941295,0.0,0,0,0,1,0,0,1,0,0,0,0,0,1,0,0
-0.525094665284154,-0.6495992823726584,0,0,0,0,0.05464179088042058,0.8883471122941295,0.0,0,0,1,0,0,0,1,0,0,0,0,0,1,0,0
-0.34725129602266636,1.4844784220875908,0,0,1,0,-0.5230051559889081,0.2985241478694439,0.0,0,0,0,0,1,1,0,0,0,0,0,1,0,0,0
-1.7298229270921015,0.17826104982141047,1,0,0,0,0.05464179088042058,0.2985241478694439,0.0,0,0,0,0,1,1,0,0,0,0,0,1,0,0,0
0.5540310832889076,-1.0449272014750155,0,0,1,0,-1.389475576292901,-0.8811217809799272,0.0,0,0,1,0,0,0,0,0,1,0,0,0,0,1,0
1.4200678415588426,-1.221424424466681,1,0,0,1,0.9211122111844136,0.8883471122941295,0.0,0,0,0,0,1,1,0,0,0,0,0,0,1,0,0
0.8736470875308997,-1.4693825499541169,1,0,1,0,-1.1006521028582368,1.478170076718815,0.0,0,0,0,1,0,0,0,0,1,0,1,0,0,0,0
-1.493123810919102,0.005487724281877095,1,0,1,0,-0.9562403661409046,-0.29129881655524165,0.0,0,0,0,0,1,0,1,0,0,1,0,0,0,0,0
0.11056767956690554,0.22860262648911878,1,0,1,0,-0.6674168927062403,0.2985241478694439,0.0,0,0,1,0,0,0,1,0,0,0,0,1,0,0,0
-0.9873573651415489,1.2256761692974194,0,0,1,0,-0.3785934192715759,-1.4709447454046127,0.0,0,0,1,0,0,0,0,1,0,0,0,0,0,0,1
-0.032561497518961154,-0.8817998047524624,1,0,1,0,1.2099356846190779,0.2985241478694439,0.0,0,0,0,0,1,0,0,1,0,0,0,1,0,0,0
-0.01281122341279921,0.004668811647727497,1,0,0,0,0.7767004744670813,0.2985241478694439,0.0,0,0,1,0,0,0,0,0,1,0,0,1,0,0,0
-0.8412214194716321,-0.19417179605672857,0,0,0,0,-1.5338873130102333,-0.8811217809799272,0.0,0,0,0,0,1,0,0,1,0,0,0,0,0,1,0
-0.4800280989487977,-1.2729986801521087,1,0,1,0,-0.8118286294235724,0.2985241478694439,0.0,0,0,0,1,0,0,0,0,1,0,0,1,0,0,0
-0.679453773407194,0.02968443758774276,1,0,1,0,-0.23418168255424376,0.2985241478694439,0.0,0,0,0,1,0,0,0,0,1,0,0,1,0,0,0
0.9824851177884363,-0.3634884482668527,0,0,1,0,1.4987591580537423,-0.8811217809799272,0.0,0,0,0,0,1,1,0,0,0,0,0,0,0,1,0
-1.063523008866587,0.5665377001370924,1,0,1,0,-0.3785934192715759,-0.8811217809799272,0.0,0,0,0,0,1,0,1,0,0,0,0,0,0,1,0
-0.927152068609754,1.5309581791753104,0,0,1,1,1.0655239479017458,0.2985241478694439,0.0,0,0,0,0,1,1,0,0,0,0,0,1,0,0,0
-1.2325383657156017,-1.1019924818757394,1,0,1,0,-0.3785934192715759,1.478170076718815,0.0,0,0,0,0,1,0,0,1,0,0,1,0,0,0,0
0.3346558488995923,1.6374771625456648,1,0,0,0,-1.389475576292901,1.478170076718815,0.0,0,0,0,0,1,1,0,0,0,0,1,0,0,0,0
-0.36527442631426943,-1.3112806907653436,0,0,0,0,0.19905352759775274,-0.29129881655524165,0.0,0,0,0,0,1,0,0,1,0,1,0,0,0,0,0
0.8558162505789744,0.6023629728478792,0,0,1,0,-0.6674168927062403,-0.8811217809799272,0.0,0,0,1,0,0,0,0,0,1,0,0,0,0,1,0
-0.8320402865626604,-0.05045693883001105,1,0,0,0,-1.5338873130102333,-0.8811217809799272,0.0,0,0,0,1,0,0,0,0,1,0,0,0,0,1,0
-0.9352563588165309,-0.753566706377663,1,0,1,0,0.3434652643150849,0.2985241478694439,0.0,0,0,0,1,0,1,0,0,0,0,0,1,0,0,0
1.224183860793054,1.0891763633842066,1,0,1,0,-0.8118286294235724,0.8883471122941295,0.0,0,0,0,0,1,0,0,0,1,0,0,0,1,0,0
-1.437834231397975,0.7882561407997843,1,1,1,0,0.6322887377497493,1.478170076718815,0.0,0,0,0,0,1,1,0,0,0,0,1,0,0,0,0
0.8234480371474205,-1.6120716113549,1,0,1,0,0.3434652643150849,-0.29129881655524165,0.0,0,0,0,1,0,0,1,0,0,1,0,0,0,0,0
-1.2439780713051505,0.6364469786944749,1,0,1,0,-1.1006521028582368,-0.8811217809799272,0.0,0,0,0,1,0,1,0,0,0,0,0,0,0,1,0
1.3723231534381581,-0.2732097954516287,1,0,1,0,0.7767004744670813,0.2985241478694439,0.0,0,0,0,1,0,0,1,0,0,0,0,1,0,0,0
-1.7088979154926365,0.8516141182839719,1,0,1,0,-0.23418168255424376,0.8883471122941295,0.0,0,0,1,0,0,0,0,0,1,0,0,0,1,0,0
1.165338602609161,0.9655808965585901,1,0,0,1,0.7767004744670813,1.478170076718815,0.0,0,0,0,0,1,0,1,0,0,0,1,0,0,0,0
1.6716399734952716,-1.5004581293868373,1,0,1,0,-1.5338873130102333,-1.4709447454046127,0.0,0,0,0,1,0,0,0,1,0,0,0,0,0,0,1
-0.24112634997585422,-0.8157523457750684,1,0,1,0,0.7767004744670813,-1.4709447454046127,0.0,0,0,1,0,0,0,0,0,1,0,0,0,0,0,1
0.44503222587454977,-0.20477455963571523,0,1,1,0,0.48787700103241705,0.2985241478694439,0.0,0,0,1,0,0,1,0,0,0,0,0,1,0,0,0
0.5273372714991137,0.7724985376921526,0,0,1,0,0.3434652643150849,1.478170076718815,0.0,0,0,0,0,1,0,1,0,0,0,1,0,0,0,0
0.8395552265273263,-0.24351343729747565,0,0,1,0,-0.9562403661409046,-0.8811217809799272,0.0,0,0,0,1,0,0,0,1,0,0,0,0,0,1,0
0.7330701674989362,0.5714166954100243,1,0,1,1,0.05464179088042058,1.478170076718815,0.0,0,0,0,1,0,1,0,0,0,0,1,0,0,0,0
-1.1487823794371068,0.9789248624287297,1,0,0,0,-0.5230051559889081,1.478170076718815,0.0,0,0,0,0,1,1,0,0,0,0,1,0,0,0,0
1.4471986836660862,1.0915900006216999,1,0,1,0,0.05464179088042058,0.8883471122941295,0.0,0,0,1,0,0,0,1,0,0,0,0,0,1,0,0
1.1824736872957073,-1.3727077584595369,1,0,1,0,0.48787700103241705,0.2985241478694439,0.0,0,0,0,1,0,1,0,0,0,0,0,1,0,0,0
-1.2395658132201839,-0.09173875572412989,0,0,1,0,-0.6674168927062403,-0.29129881655524165,0.0,0,0,0,1,0,0,0,1,0,1,0,0,0,0,0
0.5182050859856959,-1.1655745828176942,0,0,1,0,1.4987591580537423,-1.4709447454046127,0.0,0,0,0,0,1,0,0,1,0,0,0,0,0,0,1
0.40364370669084537,0.3447502984104714,1,0,1,1,-0.5230051559889081,0.8883471122941295,0.0,0,0,1,0,0,0,0,0,1,0,0,0,1,0,0
1.1202685400312649,-0.1471058699256179,0,0,0,0,0.6322887377497493,-0.29129881655524165,0.0,0,0,0,0,1,0,0,1,0,1,0,0,0,0,0
-1.3906664232963233,-0.17946584917400427,1,0,1,0,0.3434652643150849,0.8883471122941295,0.0,0,0,0,1,0,1,0,0,0,0,0,0,1,0,0
1.5369437334149036,0.14246163750959695,1,0,1,0,-1.2450638395755689,1.478170076718815,0.0,0,0,0,1,0,0,0,0,1,0,1,0,0,0,0
-0.6218042301718417,1.2389511741036296,1,0,1,0,-0.3785934192715759,-0.29129881655524165,0.0,0,0,1,0,0,0,1,0,0,1,0,0,0,0,0
-0.9011924677532744,-1.5731430907673367,1,0,1,0,1.6431708947710744,0.8883471122941295,0.0,0,0,1,0,0,0,0,0,1,0,0,0,1,0,0
0.6380947389108869,-1.6244242619310691,1,0,1,0,1.4987591580537423,0.2985241478694439,0.0,0,0,0,1,0,0,1,0,0,0,0,1,0,0,0
0.6968316135760527,0.970640914624334,1,0,1,0,-1.6782990497275654,-0.8811217809799272,0.0,0,0,1,0,0,0,0,0,1,0,0,0,0,1,0
1.3739069513085933,1.1192089067250108,1,0,1,0,1.2099356846190779,-1.4709447454046127,0.0,0,0,0,0,1,0,1,0,0,0,0,0,0,0,1
-0.09659867587415026,-0.36055760304989704,1,1,1,0,1.6431708947710744,0.2985241478694439,0.0,0,0,0,1,0,0,0,1,0,0,0,1,0,0,0
0.7682109012643875,1.0115693060658204,0,0,1,0,-0.9562403661409046,0.8883471122941295,0.0,0,0,0,0,1,1,0,0,0,0,0,0,1,0,0
0.5635198855413637,1.3885966828281873,1,0,1,1,-0.6674168927062403,-0.8811217809799272,0.0,0,0,1,0,0,0,0,1,0,0,0,0,0,1,0
1.2140867123387091,-0.9315896929087437,1,0,1,0,-1.5338873130102333,-0.29129881655524165,0.0,0,0,0,0,1,0,1,0,0,1,0,0,0,0,0
-0.3027860834041202,1.5059942740332415,1,0,1,0,1.2099356846190779,-0.29129881655524165,0.0,0,0,0,0,1,1,0,0,0,1,0,0,0,0,0
-1.4675767666822943,1.1434401005628407,0,0,1,0,-1.1006521028582368,-1.4709447454046127,0.0,0,0,0,1,0,0,1,0,0,0,0,0,0,0,1
-0.5866215414959153,-1.1569372095606663,0,0,0,0,0.9211122111844136,-1.4709447454046127,0.0,0,0,0,1,0,1,0,0,0,0,0,0,0,0,1
0.027070415236340385,1.2552346053237158,0,0,1,0,-1.1006521028582368,1.478170076718815,0.0,0,0,0,1,0,1,0,0,0,0,1,0,0,0,0
-0.5549350953595822,0.6502305713471571,0,0,1,0,-1.6782990497275654,-0.29129881655524165,0.0,0,0,0,1,0,1,0,0,0,1,0,0,0,0,0
0.058438703301570714,0.04208880896185813,0,0,1,0,-1.1006521028582368,-0.8811217809799272,0.0,0,0,0,0,1,1,0,0,0,0,0,0,0,1,0
0.9171822996339145,-1.2551032840626972,1,0,1,0,0.3434652643150849,-0.29129881655524165,0.0,0,0,1,0,0,0,0,1,0,1,0,0,0,0,0
-0.1809874820523114,0.24167074810354428,1,0,1,1,1.0655239479017458,0.8883471122941295,0.0,0,0,0,0,1,1,0,0,0,0,0,0,1,0,0
-1.6472416783069102,0.766947172045919,1,0,0,0,-1.1006521028582368,-0.8811217809799272,0.0,0,0,1,0,0,0,0,1,0,0,0,0,0,1,0
-1.5031055833696405,-1.293359434276959,1,0,0,0,-1.2450638395755689,-1.4709447454046127,0.0,0,0,1,0,0,0,0,0,1,0,0,0,0,0,1
-0.202503358640968,-1.0768216935418855,1,0,0,0,1.35434742133641,1.478170076718815,0.0,0,0,1,0,0,1,0,0,0,0,1,0,0,0,0
-0.7800651449690676,1.0238616157110523,1,0,1,0,1.0655239479017458,-0.8811217809799272,0.0,0,0,1,0,0,0,1,0,0,0,0,0,0,1,0
-1.5825437101117377,0.9715632688543765,1,0,1,0,1.2099356846190779,-1.4709447454046127,0.0,0,0,0,0,1,0,0,1,0,0,0,0,0,0,1
0.8543932798653601,-1.4788905566432404,1,0,0,1,1.35434742133641,-0.29129881655524165,0.0,0,0,1,0,0,0,0,1,0,1,0,0,0,0,0
1.292122845822429,-1.1930210862611845,1,0,1,0,-1.5338873130102333,-1.4709447454046127,0.0,0,0,0,1,0,1,0,0,0,0,0,0,0,0,1
1.0820231428906548,-1.3067120202800893,1,0,0,0,0.9211122111844136,1.478170076718815,0.0,0,0,1,0,0,0,0,1,0,0,1,0,0,0,0
0.7618827022677237,1.3149548866856817,0,0,1,0,-0.8118286294235724,0.2985241478694439,0.0,0,0,1,0,0,0,1,0,0,0,0,1,0,0,0
0.9754821439816311,1.2798278447471696,1,0,0,0,-0.3785934192715759,1.478170076718815,0.0,0,0,0,0,1,1,0,0,0,0,1,0,0,0,0
-0.7343238038235698,0.12466968301607788,1,0,0,1,0.7767004744670813,-0.29129881655524165,0.0,0,0,0,0,1,0,0,0,1,1,0,0,0,0,0
0.12097948984981402,0.9125843189296398,1,0,1,0,-0.6674168927062403,-0.29129881655524165,0.0,0,0,1,0,0,0,1,0,0,1,0,0,0,0,0
0.9942604626617862,1.2039965348249384,1,0,0,0,-0.5230051559889081,-0.29129881655524165,0.0,0,0,0,0,1,0,0,0,1,1,0,0,0,0,0
-0.22910976436727243,0.354025561508837,1,0,1,0,1.4987591580537423,-1.4709447454046127,0.0,0,0,0,1,0,1,0,0,0,0,0,0,0,0,1
0.9339153164284074,0.9305141955510154,1,0,0,0,-1.2450638395755689,-0.8811217809799272,0.0,0,0,1,0,0,0,0,0,1,0,0,0,0,1,0
1.3508282543047385,-0.0709469949497272,0,0,1,0,-1.6782990497275654,-0.8811217809799272,0.0,0,0,0,0,1,0,1,0,0,0,0,0,0,1,0
1.5852163541590676,0.901524688302128,1,0,1,0,1.4987591580537423,-0.29129881655524165,0.0,0,0,0,0,1,0,0,0,1,1,0,0,0,0,0
-0.46737519719800985,-0.2932774650547838,1,0,0,0,-0.9562403661409046,-1.4709447454046127,0.0,0,0,0,0,1,0,1,0,0,0,0,0,0,0,1
1.712839695581838,-0.04103513347079799,0,0,1,1,0.19905352759775274,-0.8811217809799272,0.0,0,0,0,0,1,1,0,0,0,0,0,0,0,1,0
-1.5326802990120594,-0.5418734803835572,1,0,0,0,1.35434742133641,-0.29129881655524165,0.0,0,0,0,1,0,0,0,1,0,1,0,0,0,0,0
0.2255660891792053,0.673323907630169,1,0,0,0,1.0655239479017458,0.2985241478694439,0.0,0,0,0,0,1,0,1,0,0,0,0,1,0,0,0
-1.4088573732298266,-0.2598658295814896,1,0,0,1,-1.6782990497275654,-0.29129881655524165,0.0,0,0,1,0,0,1,0,0,0,1,0,0,0,0,0
1.7011028093764236,0.5855709537813217,1,0,1,1,-0.08976994583691159,-1.4709447454046127,0.0,0,0,1,0,0,0,1,0,0,0,0,0,0,0,1
-0.2656035439955463,1.0269907239868012,0,1,1,0,-0.23418168255424376,-0.8811217809799272,0.0,0,0,0,0,1,0,1,0,0,0,0,0,0,1,0
0.5732953796820663,-1.2959799547062372,1,0,1,0,-0.23418168255424376,-1.4709447454046127,0.0,0,0,0,1,0,0,0,1,0,0,0,0,0,0,1
-0.06788053965393187,1.04296383041921,1,0,0,0,-1.389475576292901,1.478170076718815,0.0,0,0,0,0,1,1,0,0,0,0,1,0,0,0,0
0.9956554634350839,-0.9918530426491456,1,0,1,0,-1.1006521028582368,1.478170076718815,0.0,0,0,1,0,0,0,0,0,1,0,1,0,0,0,0
0.887894275879742,-1.1737981896911522,0,0,0,0,-0.9562403661409046,0.8883471122941295,0.0,0,0,1,0,0,1,0,0,0,0,0,0,1,0,0
1.334462342976903,-0.8748002567637331,0,0,1,0,-0.3785934192715759,-0.8811217809799272,0.0,0,0,0,1,0,0,0,1,0,0,0,0,0,1,0
-1.5394525208112517,-0.4338028730748145,1,0,1,0,0.7767004744670813,1.478170076718815,0.0,0,0,0,0,1,0,0,1,0,0,1,0,0,0,0
1.187903351959695,0.16891682565911695,1,0,1,0,-1.6782990497275654,0.2985241478694439,0.0,0,0,0,1,0,0,1,0,0,0,0,1,0,0,0
1.007504229401765,-1.3779832798500569,1,0,1,0,-0.6674168927062403,1.478170076718815,0.0,0,0,0,0,1,0,1,0,0,0,1,0,0,0,0
0.9740172183575414,1.219547254740785,1,0,1,0,-1.389475576292901,0.8883471122941295,0.0,0,0,0,1,0,0,0,0,1,0,0,0,1,0,0
0.5960699035849762,-0.4487329434153062,1,0,0,0,0.9211122111844136,-0.29129881655524165,0.0,0,0,0,1,0,0,1,0,0,1,0,0,0,0,0
-0.609588358738503,-0.6235147599417532,1,0,1,0,1.0655239479017458,0.2985241478694439,0.0,0,0,0,0,1,0,0,0,1,0,0,1,0,0,0
-0.48534588385151883,-1.5888317328110402,1,0,1,0,0.48787700103241705,-0.29129881655524165,0.0,0,0,1,0,0,0,0,0,1,1,0,0,0,0,0
0.17056320154632476,-0.37585833910900357,1,0,1,0,1.35434742133641,1.478170076718815,0.0,0,0,0,1,0,1,0,0,0,0,1,0,0,0,0
1.2172018644414866,-1.4211960065341702,1,0,1,0,1.35434742133641,0.2985241478694439,0.0,0,0,1,0,0,1,0,0,0,0,0,1,0,0,0
-1.0300429903074424,-0.5571914567086458,1,0,1,0,0.48787700103241705,0.8883471122941295,0.0,0,0,0,1,0,0,0,0,1,0,0,0,1,0,0
0.2685384062333453,1.678034888268536,1,0,1,1,-0.8118286294235724,-0.29129881655524165,0.0,0,0,1,0,0,0,0,1,0,1,0,0,0,0,0
0.21195521697256883,1.1377077121237955,1,0,1,0,-0.3785934192715759,-1.4709447454046127,0.0,0,0,0,0,1,0,0,1,0,0,0,0,0,0,1
0.0370067365338643,1.3911396220605456,0,0,1,0,-1.389475576292901,1.478170076718815,0.0,0,0,0,0,1,1,0,0,0,0,1,0,0,0,0
0.6670016722282432,0.15059904305314437,0,0,1,1,0.6322887377497493,0.8883471122941295,0.0,0,0,1,0,0,0,1,0,0,0,0,0,1,0,0
1.3256727892323659,-1.0978634381730286,1,0,0,0,-0.9562403661409046,-0.29129881655524165,0.0,0,0,0,0,1,1,0,0,0,1,0,0,0,0,0
-1.230353214128356,1.7134722549947263,0,0,1,1,0.19905352759775274,1.478170076718815,0.0,0,0,0,1,0,1,0,0,0,0,1,0,0,0,0
0.5368120887814111,-0.9746817377309823,0,0,1,0,0.48787700103241705,-0.8811217809799272,0.0,0,0,0,1,0,0,1,0,0,0,0,0,0,1,0
-0.9837946939937033,-1.396594146977725,1,0,1,1,-1.1006521028582368,1.478170076718815,0.0,0,0,0,0,1,0,1,0,0,0,1,0,0,0,0
0.3069446305307765,1.4812200118169756,1,0,1,0,-0.9562403661409046,-0.8811217809799272,0.0,0,0,0,0,1,0,0,0,1,0,0,0,0,1,0
-0.5738183013159249,0.2690051898181509,0,0,1,0,1.35434742133641,-1.4709447454046127,0.0,0,0,0,0,1,1,0,0,0,0,0,0,0,0,1
0.6190017584021681,-1.2800413288057932,1,0,1,0,0.6322887377497493,0.2985241478694439,0.0,0,0,1,0,0,0,1,0,0,0,0,1,0,0,0
0.6111002502626877,-1.4844419222894742,0,0,1,0,0.3434652643150849,-0.29129881655524165,0.0,0,0,0,0,1,0,1,0,0,1,0,0,0,0,0
1.4172743437697077,0.3973675901878161,1,0,0,0,-1.5338873130102333,0.2985241478694439,0.0,0,0,1,0,0,0,0,1,0,0,0,1,0,0,0
0.6431747793209157,-1.4408326694877729,1,0,1,1,0.3434652643150849,0.2985241478694439,0.0,0,0,1,0,0,0,0,1,0,0,0,1,0,0,0
1.6333351402314886,0.8097202719474887,1,0,1,0,1.6431708947710744,-0.8811217809799272,0.0,0,0,0,1,0,0,0,1,0,0,0,0,0,1,0
-0.029054766251749256,0.43069302433119955,1,0,1,1,-0.8118286294235724,0.8883471122941295,0.0,0,0,0,1,0,0,0,0,1,0,0,0,1,0,0
-0.601802226602829,1.680836431490626,1,0,1,0,0.6322887377497493,1.478170076718815,0.0,0,0,1,0,0,0,0,1,0,0,1,0,0,0,0
0.7062854534031127,0.39801410016214456,1,0,1,0,-0.8118286294235724,-0.8811217809799272,0.0,0,0,1,0,0,0,0,1,0,0,0,0,0,1,0
1.7330934286137014,1.3975616211388748,1,0,1,0,0.3434652643150849,1.478170076718815,0.0,0,0,1,0,0,0,1,0,0,0,1,0,0,0,0
-1.3070922416298871,-0.3892109251121339,1,0,1,1,0.19905352759775274,0.8883471122941295,0.0,0,0,0,0,1,0,1,0,0,0,0,0,1,0,0
-0.033655821433853865,-0.5347532505329534,1,0,1,0,-0.5230051559889081,1.478170076718815,0.0,0,0,0,1,0,0,0,0,1,0,1,0,0,0,0
1.642984769640766,1.0827888448378418,1,0,1,0,-1.389475576292901,-0.8811217809799272,0.0,0,0,0,0,1,0,0,0,1,0,0,0,0,1,0
0.13946762039918292,-1.6068736711612994,1,0,1,0,0.3434652643150849,-0.29129881655524165,0.0,0,0,1,0,0,0,1,0,0,1,0,0,0,0,0
0.43703282294396045,-0.8257258396457086,1,0,1,0,0.9211122111844136,-0.29129881655524165,0.0,0,0,1,0,0,0,0,0,1,1,0,0,0,0,0
-0.9218517649197305,0.20125094450853,0,0,1,0,1.6431708947710744,-0.29129881655524165,0.0,0,0,0,0,1,0,0,1,0,1,0,0,0,0,0
0.36146154045065343,-0.236815593963433,0,0,1,0,-0.3785934192715759,-1.4709447454046127,0.0,0,0,0,1,0,0,1,0,0,0,0,0,0,0,1
-1.5670343782061025,0.08108629061334972,0,0,1,0,1.4987591580537423,1.478170076718815,0.0,0,0,1,0,0,0,0,0,1,0,1,0,0,0,0
0.6577121558005442,0.7990054466396188,0,1,0,0,-1.2450638395755689,0.2985241478694439,0.0,0,0,1,0,0,0,0,1,0,0,0,1,0,0,0
1.0568187304227272,1.2768107982003034,1,0,0,0,0.7767004744670813,0.8883471122941295,0.0,0,0,0,0,1,1,0,0,0,0,0,0,1,0,0
-0.2802283265386647,0.8309171789724709,1,0,1,0,0.9211122111844136,-0.8811217809799272,0.0,0,0,0,1,0,0,0,1,0,0,0,0,0,1,0
0.12712588423441884,-1.513138345016666,1,0,1,0,1.2099356846190779,-0.8811217809799272,0.0,0,0,0,0,1,1,0,0,0,0,0,0,0,1,0
-0.22490728083468156,-1.5620748400068338,1,0,1,0,-0.6674168927062403,-0.8811217809799272,0.0,0,0,1,0,0,1,0,0,0,0,0,0,0,1,0
-0.5386600863377757,-0.18105195364435686,1,0,1,0,0.19905352759775274,-0.29129881655524165,0.0,0,0,0,1,0,0,0,1,0,1,0,0,0,0,0
-1.4575705205339786,0.8346669368235757,1,1,1,0,0.3434652643150849,1.478170076718815,0.0,0,0,0,1,0,0,0,0,1,0,1,0,0,0,0
1.6522183461878315,-1.1196551343743926,1,0,1,0,-1.2450638395755689,0.2985241478694439,0.0,0,0,1,0,0,0,1,0,0,0,0,1,0,0,0
-0.7173775162341616,-0.7833751262606998,1,0,0,0,1.0655239479017458,-1.4709447454046127,0.0,0,0,0,1,0,0,0,1,0,0,0,0,0,0,1
0.40448280490034794,-0.6363501379654205,1,0,1,0,1.35434742133641,-0.8811217809799272,0.0,0,0,0,1,0,1,0,0,0,0,0,0,0,1,0
-0.30519149827136005,1.4913831486134188,0,0,1,0,1.2099356846190779,0.8883471122941295,0.0,0,0,0,1,0,0,0,0,1,0,0,0,1,0,0
-0.3885209429600247,0.8786209949449192,1,0,0,0,0.6322887377497493,-1.4709447454046127,0.0,0,0,1,0,0,0,0,0,1,0,0,0,0,0,1
-0.7151154473110447,1.7069640545864866,1,0,0,0,1.35434742133641,-1.4709447454046127,0.0,0,0,1,0,0,0,0,1,0,0,0,0,0,0,1
-1.2715529362149223,-1.5719707526805544,1,0,1,0,0.6322887377497493,-0.8811217809799272,0.0,0,0,1,0,0,0,1,0,0,0,0,0,0,1,0
0.22225514749421044,-1.4568919772500912,1,0,1,0,0.3434652643150849,0.8883471122941295,0.0,0,0,1,0,0,0,1,0,0,0,0,0,1,0,0
-0.9292428216484308,-1.4347813361280586,1,0,0,0,1.0655239479017458,0.2985241478694439,0.0,0,0,0,0,1,0,1,0,0,0,0,1,0,0,0
1.187123689873366,-0.3955294825945705,0,0,0,0,0.48787700103241705,-1.4709447454046127,0.0,0,0,0,0,1,1,0,0,0,0,0,0,0,0,1
1.6581339885648232,-0.7450931156474649,1,0,0,1,-0.3785934192715759,-1.4709447454046127,0.0,0,0,1,0,0,0,1,0,0,0,0,0,0,0,1
0.21957702570888207,-0.22265271545914428,1,0,1,0,1.4987591580537423,1.478170076718815,0.0,0,0,1,0,0,0,0,1,0,0,1,0,0,0,0
0.013893077104613733,-1.4458926875535167,1,0,1,0,1.35434742133641,-1.4709447454046127,0.0,0,0,0,1,0,1,0,0,0,0,0,0,0,0,1
1.6168328754446084,0.2244046217224795,0,0,1,1,1.2099356846190779,0.8883471122941295,0.0,0,0,1,0,0,1,0,0,0,0,0,0,1,0,0
-1.3454704959870016,1.2011174104059288,0,0,0,0,-0.9562403661409046,-0.29129881655524165,0.0,0,0,1,0,0,0,0,0,1,1,0,0,0,0,0
0.30395184691688487,1.4751255777923065,1,0,0,0,0.48787700103241705,-0.29129881655524165,0.0,0,0,0,0,1,0,1,0,0,1,0,0,0,0,0
0.8665427226904464,0.342207359178113,1,0,1,0,-1.5338873130102333,0.2985241478694439,0.0,0,0,0,0,1,0,0,1,0,0,0,1,0,0,0
-0.41358900196890797,0.6054317401926915,1,0,1,0,-0.23418168255424376,0.8883471122941295,0.0,0,0,0,1,0,0,1,0,0,0,0,0,1,0,0
-0.7635104365440939,0.44042515447809033,1,0,1,0,0.9211122111844136,-0.29129881655524165,0.0,0,0,1,0,0,0,0,0,1,1,0,0,0,0,0
-1.1501598989977064,0.5267816467823883,1,0,1,0,1.35434742133641,1.478170076718815,0.0,0,0,0,1,0,0,0,0,1,0,1,0,0,0,0
0.037671022616387204,-1.419109934350337,1,0,1,0,-0.23418168255424376,-0.29129881655524165,0.0,0,0,0,1,0,0,1,0,0,1,0,0,0,0,0
-1.6376759587185832,-1.3787246112872868,1,0,0,0,-0.5230051559889081,-1.4709447454046127,0.0,0,0,0,1,0,0,0,0,1,0,0,0,0,0,1
1.5803915394544286,-0.5390805572944585,0,0,1,0,-0.08976994583691159,0.2985241478694439,0.0,0,0,1,0,0,0,1,0,0,0,0,1,0,0,0
0.7021703759340113,1.0215686603354333,0,1,0,0,-1.389475576292901,-0.8811217809799272,0.0,0,0,0,1,0,1,0,0,0,0,0,0,0,1,0
1.0618952745902168,-0.4515689671693603,0,0,1,1,-1.6782990497275654,-0.29129881655524165,0.0,0,0,0,1,0,0,0,1,0,1,0,0,0,0,0
1.0664194124364503,-0.593844262186573,1,0,1,0,1.35434742133641,0.2985241478694439,0.0,0,0,1,0,0,0,0,0,1,0,0,1,0,0,0
1.408275015472795,0.6975120008030439,1,0,1,0,-1.1006521028582368,0.2985241478694439,0.0,0,0,0,1,0,0,0,0,1,0,0,1,0,0,0
-0.6910578023961039,-0.1655874350584204,1,0,0,0,0.9211122111844136,1.478170076718815,0.0,0,0,0,1,0,0,1,0,0,0,1,0,0,0,0
-1.503402763985506,1.2544070725565752,1,0,1,0,-0.9562403661409046,0.2985241478694439,0.0,0,0,1,0,0,0,1,0,0,0,0,1,0,0,0
0.0638264130550838,0.9462804187916384,1,0,1,0,-1.5338873130102333,-0.8811217809799272,0.0,0,0,1,0,0,0,0,0,1,0,0,0,0,1,0
1.2785014848881742,-0.5685700322568267,1,0,1,0,-0.23418168255424376,-0.8811217809799272,0.0,0,0,0,0,1,0,0,0,1,0,0,0,0,1,0
0.4670270876911309,-0.8421471929936512,1,0,1,1,-0.8118286294235724,-0.29129881655524165,0.0,0,0,0,1,0,0,1,0,0,1,0,0,0,0,0
0.2798976982444836,0.6438430528007921,1,0,1,0,-0.6674168927062403,0.8883471122941295,0.0,0,0,0,0,1,0,0,0,1,0,0,0,1,0,0
0.6181137127971115,0.5156702953569302,1,0,0,1,0.48787700103241705,0.8883471122941295,0.0,0,0,0,0,1,0,0,1,0,0,0,0,1,0,0
-1.1564846017518304,0.7084423294356904,1,0,1,0,-1.1006521028582368,-0.8811217809799272,0.0,0,0,0,0,1,0,0,1,0,0,0,0,0,1,0
0.4132129225217122,-0.3522477948465289,1,0,1,1,0.3434652643150849,-0.29129881655524165,0.0,0,0,0,1,0,0,0,0,1,1,0,0,0,0,0
-1.0907167833395428,-0.8181918434115344,1,0,1,0,1.2099356846190779,1.478170076718815,0.0,0,0,1,0,0,0,0,0,1,0,1,0,0,0,0
0.37422632196270833,0.5043951614046422,1,0,0,1,0.7767004744670813,-1.4709447454046127,0.0,0,0,1,0,0,1,0,0,0,0,0,0,0,0,1
1.0501478996571836,0.857225824861143,1,0,1,1,-0.08976994583691159,1.478170076718815,0.0,0,0,0,1,0,0,1,0,0,0,1,0,0,0,0
-0.30081420261178954,-0.4992727831418082,1,0,1,0,0.3434652643150849,-0.29129881655524165,0.0,0,0,1,0,0,1,0,0,0,1,0,0,0,0,0
1.1470602466121673,-1.445582362765839,1,0,1,0,0.3434652643150849,-0.8811217809799272,0.0,0,0,0,0,1,0,0,1,0,0,0,0,0,1,0
0.5562511973015494,-0.4949196159813302,0,0,1,0,-1.389475576292901,0.8883471122941295,0.0,0,0,0,0,1,1,0,0,0,0,0,0,1,0,0
-0.520685903441727,0.23128348784933417,0,0,1,0,-0.23418168255424376,-0.8811217809799272,0.0,0,0,0,1,0,0,0,1,0,0,0,0,0,1,0
1.522986733196848,-1.5717293889568051,0,0,1,0,-0.8118286294235724,-1.4709447454046127,0.0,0,0,1,0,0,0,1,0,0,0,0,0,0,0,1
-1.699419601967799,0.12621268682147507,1,0,1,0,0.48787700103241705,-0.8811217809799272,0.0,0,0,0,0,1,0,0,0,1,0,0,0,0,1,0
-1.620907979498694,0.04155436071641338,1,0,1,0,0.6322887377497493,0.2985241478694439,0.0,0,0,0,1,0,0,1,0,0,0,0,1,0,0,0
0.4970528186211571,-0.642065286138484,0,0,1,0,1.0655239479017458,-0.29129881655524165,0.0,0,0,1,0,0,0,0,1,0,1,0,0,0,0,0
0.7531211184635033,0.6151293898076182,1,0,0,0,-0.8118286294235724,0.2985241478694439,0.0,0,0,1,0,0,1,0,0,0,0,0,1,0,0,0
-1.7018984379283706,1.696300950076563,1,0,0,0,0.9211122111844136,-0.8811217809799272,0.0,0,0,1,0,0,0,1,0,0,0,0,0,0,1,0
0.2605355070602164,1.3360138715828072,1,0,0,0,1.0655239479017458,-1.4709447454046127,0.0,0,0,0,0,1,1,0,0,0,0,0,0,0,0,1
0.3129826413966541,1.314023912322649,1,0,1,0,1.0655239479017458,-0.29129881655524165,0.0,0,0,0,0,1,0,0,1,0,1,0,0,0,0,0
-0.7109409337187704,0.5469699982474179,0,1,0,0,1.0655239479017458,-1.4709447454046127,0.0,0,0,0,1,0,0,0,1,0,0,0,0,0,0,1
1.3744278914469927,1.2211333592111377,1,0,1,0,-0.8118286294235724,-0.29129881655524165,0.0,0,0,1,0,0,0,1,0,0,1,0,0,0,0,0
-0.9770294646795906,1.6206937636120988,0,0,0,0,0.6322887377497493,0.8883471122941295,0.0,0,0,0,1,0,0,0,1,0,0,0,0,1,0,0
1.1898192928713927,1.2591481457016507,1,0,1,0,-0.9562403661409046,0.2985241478694439,0.0,0,0,1,0,0,0,0,1,0,0,0,1,0,0,0
0.9511972433016167,1.1408195801335628,1,0,1,0,0.9211122111844136,-0.8811217809799272,0.0,0,0,0,0,1,0,0,0,1,0,0,0,0,1,0
-0.5578859240629986,-1.3953442276940236,1,0,1,1,0.9211122111844136,-0.8811217809799272,0.0,0,0,0,1,0,0,0,1,0,0,0,0,0,1,0
0.9659653717888583,-1.4808128463002437,1,0,1,0,0.9211122111844136,-0.8811217809799272,0.0,0,0,0,0,1,0,0,1,0,0,0,0,0,1,0
0.7329617839802086,0.9663567085277848,1,0,1,1,-0.23418168255424376,0.2985241478694439,0.0,0,0,0,1,0,0,1,0,0,0,0,1,0,0,0
-1.0064538418928068,0.22793887624880824,1,0,1,0,0.6322887377497493,1.478170076718815,0.0,0,0,0,1,0,0,1,0,0,0,1,0,0,0,0
-1.3308631946565814,1.2162112632732505,1,1,1,0,-1.389475576292901,1.478170076718815,0.0,0,0,0,0,1,0,0,0,1,0,1,0,0,0,0
-0.5318633908408065,-1.4577970912141511,1,0,1,0,-1.6782990497275654,1.478170076718815,0.0,0,0,1,0,0,0,0,0,1,0,1,0,0,0,0
-0.2715191863725381,-1.0927947999742935,1,0,1,0,0.05464179088042058,1.478170076718815,0.0,0,0,0,1,0,0,1,0,0,0,1,0,0,0,0
0.9460367893131771,1.2872066785875051,1,0,1,0,-0.8118286294235724,1.478170076718815,0.0,0,0,1,0,0,0,0,0,1,0,1,0,0,0,0
0.9090780094271373,-1.3910945021294379,1,0,1,0,1.6431708947710744,1.478170076718815,0.0,0,0,1,0,0,0,1,0,0,0,1,0,0,0,0
-0.7315827496725289,0.2039749065337004,0,0,1,1,-0.9562403661409046,1.478170076718815,0.0,0,0,1,0,0,1,0,0,0,0,1,0,0,0,0
0.5268373088159517,-1.4744080874878966,1,0,1,0,-0.3785934192715759,-0.8811217809799272,0.0,0,0,0,1,0,0,1,0,0,0,0,0,0,1,0
1.1329284342671317,0.9088000805465707,1,0,0,0,0.6322887377497493,0.8883471122941295,0.0,0,0,0,0,1,1,0,0,0,0,0,0,1,0,0
-0.34070982623108764,1.3758647464004121,1,0,0,1,1.0655239479017458,-0.8811217809799272,0.0,0,0,1,0,0,0,0,0,1,0,0,0,0,1,0
-0.3105582305696358,-0.5162285847351956,1,0,1,0,1.35434742133641,0.2985241478694439,0.0,0,0,0,1,0,0,0,0,1,0,0,1,0,0,0
-0.017066150583484166,1.3400394736896257,1,0,0,0,0.9211122111844136,1.478170076718815,0.0,0,0,1,0,0,1,0,0,0,0,1,0,0,0,0
0.3625698493357045,1.6995852207461508,1,0,0,0,0.48787700103241705,0.8883471122941295,0.0,0,0,1,0,0,0,0,1,0,0,0,0,1,0,0
-0.3899823723415746,0.0053498021540204855,1,0,0,0,0.19905352759775274,0.2985241478694439,0.0,0,0,1,0,0,1,0,0,0,0,0,1,0,0,0
-1.0736411347761696,-1.6562153124020462,1,0,0,0,-0.08976994583691159,0.8883471122941295,0.0,0,0,0,1,0,1,0,0,0,0,0,0,1,0,0
-1.0559081926153528,-1.3156338579258218,1,0,1,0,1.0655239479017458,-1.4709447454046127,0.0,0,0,0,0,1,1,0,0,0,0,0,0,0,0,1
0.6131910033013642,-1.4745029089507982,1,0,1,0,1.6431708947710744,0.2985241478694439,0.0,0,0,1,0,0,1,0,0,0,0,0,1,0,0,0
-0.7906168049535601,-1.3946287566557667,1,0,1,0,1.0655239479017458,-0.29129881655524165,0.0,0,0,1,0,0,0,0,0,1,1,0,0,0,0,0
0.5076149673332682,0.4015052540235179,1,0,0,0,-0.9562403661409046,-1.4709447454046127,0.0,0,0,1,0,0,1,0,0,0,0,0,0,0,0,1
1.405093434761765,-0.6154376953291433,0,0,0,0,-1.6782990497275654,0.2985241478694439,0.0,0,0,0,0,1,0,0,1,0,0,0,1,0,0,0
1.2722886618953169,1.168809151955489,1,0,1,0,1.0655239479017458,-1.4709447454046127,0.0,0,0,0,1,0,0,0,1,0,0,0,0,0,0,1
-0.05321380220033812,1.1073389835963403,1,0,1,0,-0.3785934192715759,0.8883471122941295,0.0,0,0,1,0,0,0,0,0,1,0,0,0,1,0,0
0.9995537738667302,0.758671844374515,0,1,1,0,-0.08976994583691159,1.478170076718815,0.0,0,0,0,0,1,0,0,1,0,0,1,0,0,0,0
0.5575413107986592,1.37691640262532,1,0,0,0,-0.3785934192715759,-0.8811217809799272,0.0,0,0,0,1,0,0,1,0,0,0,0,0,0,1,0
-0.23001529118502712,-1.6114509617795447,0,0,1,0,1.6431708947710744,0.8883471122941295,0.0,0,0,1,0,0,0,1,0,0,0,0,0,1,0,0
0.4322779330901139,-1.5420071704036789,1,0,1,0,0.7767004744670813,-0.29129881655524165,0.0,0,0,0,1,0,0,0,0,1,1,0,0,0,0,0
-0.7377745952101483,1.1987468738333913,1,0,1,0,0.9211122111844136,-0.29129881655524165,0.0,0,0,0,0,1,1,0,0,0,1,0,0,0,0,0
1.1839491016474155,-0.9906979448283456,1,0,1,0,-0.9562403661409046,-0.29129881655524165,0.0,0,0,0,0,1,0,0,0,1,1,0,0,0,0,0
1.0960955191125175,-1.2977212215704284,1,0,1,1,-0.8118286294235724,0.2985241478694439,0.0,0,0,1,0,0,0,0,0,1,0,0,1,0,0,0
1.7474000530857168,0.1838813765315724,0,0,1,0,-0.5230051559889081,-1.4709447454046127,0.0,0,0,0,0,1,0,0,1,0,0,0,0,0,0,1
-0.5800521017640197,-0.3012683283374834,0,1,1,0,-0.9562403661409046,-0.29129881655524165,0.0,0,0,0,1,0,0,0,0,1,1,0,0,0,0,0
-0.7398443707935874,-0.9834397928498848,1,0,1,0,0.7767004744670813,-0.8811217809799272,0.0,0,0,0,1,0,0,0,1,0,0,0,0,0,1,0
-1.009016587674329,-1.3698027736415543,1,1,0,1,1.35434742133641,0.2985241478694439,0.0,0,0,1,0,0,0,0,1,0,0,0,1,0,0,0
-0.6965049482727901,-1.5871421867447955,0,0,1,0,-0.9562403661409046,-0.8811217809799272,0.0,0,0,0,1,0,1,0,0,0,0,0,0,0,1,0
0.7281334730330306,0.0827413561476306,1,0,0,0,-1.6782990497275654,-0.8811217809799272,0.0,0,0,0,0,1,0,0,0,1,0,0,0,0,1,0
0.03270635821016491,1.1938678785604593,1,0,1,0,-1.6782990497275654,-0.29129881655524165,0.0,0,0,1,0,0,0,1,0,0,1,0,0,0,0,0
-0.3451395655287521,1.4784701893928316,1,0,1,0,-0.3785934192715759,-1.4709447454046127,0.0,0,0,0,0,1,0,0,0,1,0,0,0,0,0,1
1.4735533599295394,-1.7035398425228883,1,0,1,1,1.6431708947710744,-0.8811217809799272,0.0,0,0,0,1,0,0,0,0,1,0,0,0,0,1,0
0.5712151153710084,0.5458321406926001,1,0,1,0,0.7767004744670813,-0.29129881655524165,0.0,0,0,0,0,1,0,0,0,1,1,0,0,0,0,0
-0.31726402376057544,-0.6865882730372364,1,0,1,0,1.35434742133641,-0.8811217809799272,0.0,0,0,0,1,0,0,0,1,0,0,0,0,0,1,0
-0.08441776686620747,0.9043693321891733,0,1,1,0,1.6431708947710744,0.8883471122941295,0.0,0,0,0,1,0,0,1,0,0,0,0,0,1,0,0
-1.6164607589883315,-0.9207369454730168,1,0,1,1,1.35434742133641,1.478170076718815,0.0,0,0,1,0,0,0,1,0,0,0,1,0,0,0,0
1.6239966764082354,-1.257861726619832,1,0,1,0,-0.8118286294235724,0.2985241478694439,0.0,0,0,0,0,1,0,0,1,0,0,0,1,0,0,0
1.1398440020104472,1.5186831097960614,1,0,0,1,-0.9562403661409046,0.8883471122941295,0.0,0,0,0,1,0,0,0,1,0,0,0,0,1,0,0
0.6888112331902256,-0.16985440088898798,1,0,0,0,0.6322887377497493,-1.4709447454046127,0.0,0,0,0,1,0,0,0,0,1,0,0,0,0,0,1
1.7306775250188426,0.6996497937848233,1,0,0,1,-1.1006521028582368,0.2985241478694439,0.0,0,0,0,0,1,1,0,0,0,0,0,1,0,0,0
-1.5545213261568984,0.6595403149774868,0,0,0,0,-0.5230051559889081,-0.8811217809799272,0.0,0,0,0,1,0,1,0,0,0,0,0,0,0,1,0
-0.06131109992203625,0.27557373115732786,1,0,1,1,1.2099356846190779,-0.29129881655524165,0.0,0,0,0,1,0,0,0,0,1,1,0,0,0,0,0
1.5716159706800494,1.0889522399264393,1,0,1,0,-0.9562403661409046,0.2985241478694439,0.0,0,0,0,1,0,0,1,0,0,0,0,1,0,0,0
-0.9953672567997569,-0.9597689076564727,0,0,1,0,-0.9562403661409046,-0.29129881655524165,0.0,0,0,0,0,1,0,0,1,0,1,0,0,0,0,0
1.3810707522722196,0.2542475221374804,1,0,1,1,0.9211122111844136,-0.8811217809799272,0.0,0,0,0,0,1,1,0,0,0,0,0,0,0,1,0
0.7881919273781626,-1.4474787920238694,1,0,0,0,-1.2450638395755689,0.2985241478694439,0.0,0,0,1,0,0,1,0,0,0,0,0,1,0,0,0
-1.5843267938069303,1.2447266632076304,1,0,1,0,0.19905352759775274,0.8883471122941295,0.0,0,0,0,0,1,0,0,1,0,0,0,0,1,0,0
1.0942879617195478,0.37744646284550887,0,0,0,0,1.35434742133641,1.478170076718815,0.0,0,0,1,0,0,0,1,0,0,0,1,0,0,0,0
-1.0225750162428713,-0.07176590758387641,1,0,1,0,-0.9562403661409046,-1.4709447454046127,0.0,0,0,1,0,0,0,0,1,0,0,0,0,0,0,1
-1.0522651078890968,0.4277794193802259,1,0,1,0,-1.5338873130102333,-1.4709447454046127,0.0,0,0,0,1,0,0,1,0,0,0,0,0,0,0,1
-0.5620674301403521,-1.1122676804010663,1,0,0,1,-1.1006521028582368,0.8883471122941295,0.0,0,0,0,0,1,1,0,0,0,0,0,0,1,0,0
1.704179502811266,-1.0766148103501003,1,0,1,0,1.6431708947710744,1.478170076718815,0.0,0,0,0,1,0,0,1,0,0,0,1,0,0,0,0
-0.7133987922241045,-1.0704169347295382,0,0,1,0,-0.8118286294235724,-0.8811217809799272,0.0,0,0,1,0,0,0,1,0,0,0,0,0,0,1,0
-0.5635463407346001,-0.7127676169310427,1,0,1,0,0.05464179088042058,0.2985241478694439,0.0,0,0,0,1,0,0,0,0,1,0,0,1,0,0,0
-1.434233101582194,0.6414983766272274,1,0,1,1,-1.1006521028582368,-0.29129881655524165,0.0,0,0,0,1,0,0,0,0,1,1,0,0,0,0,0
-0.3973559478575768,1.1776965090692577,1,0,1,0,-0.5230051559889081,0.2985241478694439,0.0,0,0,1,0,0,0,1,0,0,0,0,1,0,0,0
1.4234836705200253,-1.216778172784507,1,1,0,0,-1.5338873130102333,1.478170076718815,0.0,0,0,1,0,0,0,1,0,0,0,1,0,0,0,0
-0.7178704864322442,-0.8557066621885664,0,0,1,0,0.6322887377497493,-0.8811217809799272,0.0,0,0,0,0,1,0,0,0,1,0,0,0,0,1,0
-1.295327385484156,1.6649926270530835,0,0,1,1,-0.3785934192715759,0.2985241478694439,0.0,0,0,0,0,1,0,0,0,1,0,0,1,0,0,0
1.3132541357317307,0.1654687724626986,0,1,1,0,1.6431708947710744,0.8883471122941295,0.0,0,0,1,0,0,0,0,1,0,0,0,0,1,0,0
-0.4862758843670507,0.6050093536761301,1,0,1,1,0.9211122111844136,0.8883471122941295,0.0,0,0,0,1,0,0,0,0,1,0,0,0,1,0,0
0.3451550652459906,-1.1244306880514319,1,0,1,1,-0.08976994583691159,0.8883471122941295,0.0,0,0,1,0,0,1,0,0,0,0,0,0,1,0,0
-1.56765670937815,-0.26418451621000383,0,0,0,0,1.6431708947710744,-0.29129881655524165,0.0,0,0,0,1,0,0,1,0,0,1,0,0,0,0,0
0.896103453362707,-0.3682553818109013,1,0,0,0,-1.1006521028582368,1.478170076718815,0.0,0,0,1,0,0,0,1,0,0,0,1,0,0,0,0
1.7221711669200124,-1.139602122115673,1,0,0,0,1.35434742133641,1.478170076718815,0.0,0,0,0,1,0,1,0,0,0,0,1,0,0,0,0
-1.6470633699373907,1.2133235187212505,1,0,0,1,1.35434742133641,0.8883471122941295,0.0,0,0,1,0,0,1,0,0,0,0,0,0,1,0,0
0.3101297074843461,1.1204846864076854,0,0,0,0,0.48787700103241705,-1.4709447454046127,0.0,0,0,0,1,0,0,1,0,0,0,0,0,0,0,1
0.1732937669697472,-1.5047509556163783,1,0,0,1,1.2099356846190779,0.8883471122941295,0.0,0,0,0,0,1,0,0,1,0,0,0,0,1,0,0
1.4358673615952646,0.8197972074140215,1,0,1,0,-0.3785934192715759,1.478170076718815,0.0,0,0,1,0,0,0,0,0,1,0,1,0,0,0,0
-1.5018154698725308,-0.8136231729262801,1,1,1,0,0.6322887377497493,1.478170076718815,0.0,0,0,0,1,0,1,0,0,0,0,1,0,0,0,0
1.450041128850775,-1.4423153323622329,1,0,1,0,-1.5338873130102333,1.478170076718815,0.0,0,0,0,0,1,0,0,1,0,0,1,0,0,0,0
1.422113143444505,-0.8005378110458725,1,0,1,0,-1.5338873130102333,0.8883471122941295,0.0,0,0,0,1,0,0,0,1,0,0,0,0,1,0,0
0.687503638480418,1.6239263134837412,1,0,1,1,0.7767004744670813,-0.29129881655524165,0.0,0,0,0,0,1,0,0,0,1,1,0,0,0,0,0
1.1486999843632368,-0.8968591770878195,1,0,1,0,1.4987591580537423,0.8883471122941295,0.0,0,0,1,0,0,0,0,0,1,0,0,0,1,0,0
0.5426263401247546,-0.47337790363670623,1,0,1,0,-1.2450638395755689,0.2985241478694439,0.0,0,0,0,0,1,0,0,1,0,0,0,1,0,0,0
-1.1422723758283844,0.20175091222201064,0,0,1,0,1.4987591580537423,0.8883471122941295,0.0,0,0,1,0,0,0,0,0,1,0,0,0,1,0,0
1.5408944874846444,0.8476488571080909,1,0,0,0,-1.6782990497275654,-0.8811217809799272,0.0,0,0,1,0,0,0,1,0,0,0,0,0,0,1,0
0.5718828976960707,1.407698897536345,1,0,1,0,0.6322887377497493,-0.8811217809799272,0.0,0,0,0,1,0,0,0,1,0,0,0,0,0,1,0
0.8847546500791875,0.6739359370725334,1,0,1,0,1.35434742133641,1.478170076718815,0.0,0,0,0,1,0,1,0,0,0,0,1,0,0,0,0
-1.1852237154272869,-1.7043673752900288,1,0,1,0,-0.23418168255424376,0.2985241478694439,0.0,0,0,1,0,0,0,1,0,0,0,0,1,0,0,0
0.7153721877635154,-0.7821424472429803,1,0,0,0,1.6431708947710744,-0.8811217809799272,0.0,0,0,0,1,0,0,0,1,0,0,0,0,0,1,0
-0.4704344094201539,1.2129873335345995,1,0,1,1,1.6431708947710744,-0.29129881655524165,0.0,0,0,0,1,0,0,0,1,0,1,0,0,0,0,0
1.12950910906341,1.0222668911077084,1,0,1,0,-1.1006521028582368,-0.8811217809799272,0.0,0,0,1,0,0,0,0,0,1,0,0,0,0,1,0
0.9815656060005232,0.645161933148422,1,0,1,0,-0.8118286294235724,-0.29129881655524165,0.0,0,0,1,0,0,0,0,1,0,1,0,0,0,0,0
0.12762934316012045,1.5423195144575093,1,0,1,0,1.4987591580537423,-0.29129881655524165,0.0,0,0,1,0,0,1,0,0,0,1,0,0,0,0,0
-0.8034375263462484,-0.9647254841263241,1,0,1,0,1.4987591580537423,0.8883471122941295,0.0,0,0,0,1,0,0,0,1,0,0,0,0,1,0,0
-0.6468408229978687,-0.964906506919136,1,0,0,0,-0.3785934192715759,1.478170076718815,0.0,0,0,0,1,0,0,1,0,0,0,1,0,0,0,0
0.369586808112668,0.33476818440684025,1,0,1,1,0.3434652643150849,-1.4709447454046127,0.0,0,0,0,1,0,0,0,0,1,0,0,0,0,0,1
0.17730395716266067,1.5642318925207481,1,0,1,0,-0.8118286294235724,1.478170076718815,0.0,0,0,1,0,0,1,0,0,0,0,1,0,0,0,0
0.9249264768591133,1.5902302136217425,1,0,0,0,-0.9562403661409046,1.478170076718815,0.0,0,0,1,0,0,0,0,0,1,0,1,0,0,0,0
-0.2988213443642215,-1.6481296276564454,1,0,1,0,0.48787700103241705,-0.29129881655524165,0.0,0,0,1,0,0,0,1,0,0,1,0,0,0,0,0
1.474983323128233,0.981493662060061,1,0,1,1,1.4987591580537423,0.8883471122941295,0.0,0,0,0,1,0,1,0,0,0,0,0,0,1,0,0
0.7043275575809403,0.522764664808561,1,0,1,1,-1.2450638395755689,0.8883471122941295,0.0,0,0,0,1,0,0,1,0,0,0,0,0,1,0,0
-1.1840734516317606,-0.70417334433897,0,0,1,1,-0.9562403661409046,-0.29129881655524165,0.0,0,0,1,0,0,0,1,0,0,1,0,0,0,0,0
-1.5972314250205688,1.3384619893522645,1,0,0,0,-0.5230051559889081,-0.29129881655524165,0.0,0,0,0,1,0,1,0,0,0,1,0,0,0,0,0
-0.4787974215748607,-1.0765544694191629,0,0,1,0,1.6431708947710744,0.8883471122941295,0.0,0,0,0,0,1,0,0,1,0,0,0,0,1,0,0
-1.2854155378844094,0.18595882858241475,1,0,1,0,-0.6674168927062403,0.8883471122941295,0.0,0,0,0,1,0,1,0,0,0,0,0,0,1,0,0
-0.44938003684672356,-0.8570858834671337,1,0,1,0,-0.6674168927062403,-1.4709447454046127,0.0,0,0,0,0,1,0,1,0,0,0,0,0,0,0,1
-1.258809132158105,1.7329192750225255,1,0,1,0,1.2099356846190779,-0.29129881655524165,0.0,0,0,1,0,0,0,0,1,0,1,0,0,0,0,0
-1.3802476205283354,1.3840107720769503,1,0,1,0,-1.389475576292901,1.478170076718815,0.0,0,0,1,0,0,0,0,1,0,0,1,0,0,0,0
0.8771573150406513,-0.021286408788311506,1,0,0,0,-0.8118286294235724,-0.8811217809799272,0.0,0,0,0,0,1,0,0,1,0,0,0,0,0,1,0
-0.9181981914658557,-1.338727194208834,1,0,1,1,-0.6674168927062403,0.2985241478694439,0.0,0,0,1,0,0,0,1,0,0,0,0,1,0,0,0
-1.660237211826578,-0.28339879264704515,0,0,0,1,-0.3785934192715759,-0.8811217809799272,0.0,0,0,1,0,0,0,1,0,0,0,0,0,0,1,0
-1.6908048603502415,0.9417289885723664,1,1,1,0,1.4987591580537423,1.478170076718815,0.0,0,0,0,1,0,1,0,0,0,0,1,0,0,0,0
-1.2937330988861016,1.411767600308119,1,0,0,0,-1.6782990497275654,-0.29129881655524165,0.0,0,0,0,0,1,1,0,0,0,1,0,0,0,0,0
-0.9267604894453195,-0.6538145274052797,0,0,0,0,0.7767004744670813,1.478170076718815,0.0,0,0,1,0,0,0,0,1,0,0,1,0,0,0,0
-0.5620289714724167,1.045170584464917,1,0,0,0,0.9211122111844136,1.478170076718815,0.0,0,0,1,0,0,0,0,0,1,0,1,0,0,0,0
-1.273066809234566,-0.047715736538858584,0,0,1,0,1.6431708947710744,-0.8811217809799272,0.0,0,0,1,0,0,1,0,0,0,0,0,0,0,1,0
-1.6569996912349148,-0.6318676688100767,1,0,1,1,-1.389475576292901,1.478170076718815,0.0,0,0,0,1,0,0,0,1,0,0,1,0,0,0,0
1.5144139464897655,-0.2581935237812267,1,0,0,0,-0.5230051559889081,-0.8811217809799272,0.0,0,0,1,0,0,1,0,0,0,0,0,0,0,1,0
0.3834319285694572,-1.5463172368992018,1,0,1,1,0.7767004744670813,1.478170076718815,0.0,0,0,1,0,0,0,0,0,1,0,1,0,0,0,0
0.3757436912248918,0.007289332077005819,1,0,1,1,-0.3785934192715759,-0.8811217809799272,0.0,0,0,0,0,1,0,1,0,0,0,0,0,0,1,0
-1.5658911068956556,-1.4032057889818572,1,0,0,0,-1.1006521028582368,-0.8811217809799272,0.0,0,0,0,1,0,1,0,0,0,0,0,0,0,1,0
-0.6134761804425306,1.5418023064780462,1,0,1,0,-0.8118286294235724,-1.4709447454046127,0.0,0,0,0,1,0,1,0,0,0,0,0,0,0,0,1
1.0753453196400315,-1.7089791464402384,1,0,0,0,-0.8118286294235724,1.478170076718815,0.0,0,0,1,0,0,0,0,1,0,0,1,0,0,0,0
-0.6614201543879723,1.5250275276774707,1,0,0,0,-1.2450638395755689,-0.8811217809799272,0.0,0,0,0,1,0,0,0,0,1,0,0,0,0,1,0
-0.7037281853595897,1.6588723326294412,1,0,1,1,0.3434652643150849,0.8883471122941295,0.0,0,0,1,0,0,1,0,0,0,0,0,0,1,0,0
-0.6783839231900786,-0.8519827647364344,0,0,0,0,1.35434742133641,-1.4709447454046127,0.0,0,0,0,0,1,0,0,1,0,0,0,0,0,0,1
1.6042708759998505,-0.6089294949209034,1,0,1,0,-0.5230051559889081,0.2985241478694439,0.0,0,0,0,0,1,1,0,0,0,0,0,1,0,0,0
0.045471139722219465,-0.6554006318756324,1,0,0,0,0.19905352759775274,0.8883471122941295,0.0,0,0,1,0,0,0,0,1,0,0,0,0,1,0,0
1.3098243218003898,-1.415334316100259,1,0,1,0,0.3434652643150849,0.2985241478694439,0.0,0,0,1,0,0,0,1,0,0,0,0,1,0,0,0
-0.2931399502373825,1.6387012214303933,0,0,1,0,-0.08976994583691159,-0.29129881655524165,0.0,0,0,0,0,1,0,0,1,0,1,0,0,0,0,0
0.22770928585597597,0.47213000361915747,0,0,1,0,-1.6782990497275654,-0.29129881655524165,0.0,0,0,0,0,1,0,0,0,1,1,0,0,0,0,0
1.6114067070231601,1.1303288782834597,1,0,0,0,0.6322887377497493,-1.4709447454046127,0.0,0,0,0,1,0,0,0,0,1,0,0,0,0,0,1
1.641047851273831,0.5294280276106396,1,0,1,0,-0.08976994583691159,0.8883471122941295,0.0,0,0,1,0,0,0,0,1,0,0,0,0,1,0,0
-1.4182937318441886,-0.7176983330019212,1,0,1,0,0.48787700103241705,1.478170076718815,0.0,0,0,0,1,0,0,0,1,0,0,1,0,0,0,0
1.517357782708103,-0.5798451662091146,1,0,1,0,0.05464179088042058,0.8883471122941295,0.0,0,0,1,0,0,0,0,1,0,0,0,0,1,0,0
-1.4892429817001536,-0.0800153748563075,1,0,0,0,0.05464179088042058,-1.4709447454046127,0.0,0,0,0,0,1,0,1,0,0,0,0,0,0,0,1
-1.3449740295463795,0.8210471266977234,1,0,1,0,0.48787700103241705,-0.8811217809799272,0.0,0,0,0,0,1,0,0,1,0,0,0,0,0,1,0
-0.5192769176982709,1.2592602074305344,0,0,1,0,-1.5338873130102333,-1.4709447454046127,0.0,0,0,0,1,0,1,0,0,0,0,0,0,0,0,1
-1.2555995815067584,-1.2824377257773039,1,0,1,0,-0.9562403661409046,-0.8811217809799272,0.0,0,0,0,1,0,1,0,0,0,0,0,0,0,1,0
-0.3950239540836681,-1.1539891240777287,1,0,1,0,-1.1006521028582368,-1.4709447454046127,0.0,0,0,0,1,0,0,0,1,0,0,0,0,0,0,1
0.9976692991378897,-1.7014968710040106,1,0,0,0,0.05464179088042058,-1.4709447454046127,0.0,0,0,0,1,0,0,0,1,0,0,0,0,0,0,1
0.8189204030586473,0.6674277366642939,0,0,0,0,1.6431708947710744,0.8883471122941295,0.0,0,0,1,0,0,0,1,0,0,0,0,0,1,0,0
-0.7637971284323406,1.22716745230487,1,0,1,1,-1.6782990497275654,0.8883471122941295,0.0,0,0,0,0,1,1,0,0,0,0,0,0,1,0,0
1.7140633804706955,1.4301888245099839,0,0,1,0,0.9211122111844136,0.2985241478694439,0.0,0,0,0,1,0,0,1,0,0,0,0,1,0,0,0
-1.0962583277647981,0.18948446297575225,1,0,1,0,0.6322887377497493,-1.4709447454046127,0.0,0,0,0,1,0,0,0,1,0,0,0,0,0,0,1
-0.9468603878054408,1.350806019795442,1,0,1,1,0.05464179088042058,1.478170076718815,0.0,0,0,0,1,0,1,0,0,0,0,1,0,0,0,0
0.4885394680372478,0.30241682529144515,1,0,0,1,1.4987591580537423,0.2985241478694439,0.0,0,0,1,0,0,0,1,0,0,0,0,1,0,0,0
1.2911683716091202,-1.3475369701256827,1,0,1,0,0.48787700103241705,-0.8811217809799272,0.0,0,0,0,1,0,0,0,0,1,0,0,0,0,1,0
-0.047403047099534246,-0.44244024633184253,0,0,1,0,-0.9562403661409046,0.8883471122941295,0.0,0,0,1,0,0,1,0,0,0,0,0,0,1,0,0
-1.3607945270380388,0.889137557193995,1,0,1,0,0.48787700103241705,1.478170076718815,0.0,0,0,0,1,0,0,0,0,1,0,1,0,0,0,0
1.2209498364439302,-1.2462676477468753,1,1,0,0,0.48787700103241705,0.8883471122941295,0.0,0,0,0,0,1,0,0,0,1,0,0,0,1,0,0
-0.7883372548177453,-0.7398175942569449,1,0,1,1,-0.8118286294235724,0.2985241478694439,0.0,0,0,1,0,0,0,0,0,1,0,0,1,0,0,0
-1.5553639206089402,0.9535644311690725,0,0,1,0,-1.1006521028582368,1.478170076718815,0.0,0,0,1,0,0,0,0,1,0,0,1,0,0,0,0
-0.3283820750364819,1.0699103661492189,0,0,0,0,-0.5230051559889081,1.478170076718815,0.0,0,0,0,0,1,1,0,0,0,0,1,0,0,0,0
0.011676459334511589,-1.1106557155317407,1,0,1,0,0.9211122111844136,1.478170076718815,0.0,0,0,1,0,0,0,0,0,1,0,1,0,0,0,0
0.19378524449430284,-0.39964990616429064,1,0,1,0,-0.3785934192715759,0.2985241478694439,0.0,0,0,0,0,1,0,1,0,0,0,0,1,0,0,0
1.517235414219217,0.966063624006089,1,0,1,0,0.6322887377497493,-0.29129881655524165,0.0,0,0,0,0,1,0,1,0,0,1,0,0,0,0,0
-0.6160389262240525,1.1803170294985357,1,0,0,1,0.48787700103241705,-0.29129881655524165,0.0,0,0,0,0,1,1,0,0,0,1,0,0,0,0,0
-0.9313615446274242,1.0379038123534658,0,0,1,0,1.6431708947710744,-0.8811217809799272,0.0,0,0,0,1,0,1,0,0,0,0,0,0,0,1,0
-1.324765747667531,-1.2794982604273573,1,0,1,1,0.7767004744670813,-0.29129881655524165,0.0,0,0,0,0,1,1,0,0,0,1,0,0,0,0,0
-0.28205336514433244,-1.594771004441871,1,0,1,0,0.7767004744670813,1.478170076718815,0.0,0,0,0,1,0,0,1,0,0,0,1,0,0,0,0
0.710543876816337,-0.6504957762037271,1,0,1,0,-1.1006521028582368,0.8883471122941295,0.0,0,0,1,0,0,0,1,0,0,0,0,0,1,0,0
-0.8359805519047819,-1.4066452220452847,0,0,1,0,1.35434742133641,0.2985241478694439,0.0,0,0,1,0,0,0,0,1,0,0,0,1,0,0,0
1.1145032360834755,-0.12370220885492812,0,0,0,1,1.2099356846190779,1.478170076718815,0.0,0,0,0,0,1,1,0,0,0,0,1,0,0,0,0
-0.10671680178373318,-1.308005040228746,1,0,1,1,0.6322887377497493,0.2985241478694439,0.0,0,0,0,0,1,0,1,0,0,0,0,1,0,0,0
-1.7340184181396134,1.6804312852400465,1,0,1,0,-0.08976994583691159,-1.4709447454046127,0.0,0,0,1,0,0,0,0,1,0,0,0,0,0,0,1
-0.46284406686669705,-0.720525736622984,0,0,1,0,-1.389475576292901,0.2985241478694439,0.0,0,0,1,0,0,0,0,0,1,0,0,1,0,0,0
0.3309673130203214,-1.247353784503747,1,0,1,1,1.6431708947710744,-0.29129881655524165,0.0,0,0,0,1,0,1,0,0,0,1,0,0,0,0,0
0.5179743339780828,0.6904607320163685,0,0,1,0,-0.6674168927062403,0.8883471122941295,0.0,0,0,1,0,0,0,0,1,0,0,0,0,1,0,0
0.40929363463482826,-0.7153967574933119,0,0,1,0,-0.9562403661409046,0.2985241478694439,0.0,0,0,1,0,0,0,0,0,1,0,0,1,0,0,0
0.003991718232485876,0.06438047287670262,1,0,0,0,-0.23418168255424376,1.478170076718815,0.0,0,0,0,1,0,0,0,0,1,0,1,0,0,0,0
-1.6613035658011541,-1.204916869788828,1,0,1,0,-1.5338873130102333,-0.8811217809799272,0.0,0,0,1,0,0,0,1,0,0,0,0,0,0,1,0
0.7631168758842,-0.4543274097264948,1,0,0,0,-0.8118286294235724,0.2985241478694439,0.0,0,0,0,1,0,0,1,0,0,0,0,1,0,0,0
-0.38310526326619476,0.6317834867463187,1,0,1,0,-0.5230051559889081,0.8883471122941295,0.0,0,0,0,1,0,0,1,0,0,0,0,0,1,0,0
-1.5677790778670357,-0.07524844131225894,0,0,1,0,0.3434652643150849,-0.29129881655524165,0.0,0,0,1,0,0,1,0,0,0,1,0,0,0,0,0
1.33629087782511,0.7352423229048519,0,0,1,0,1.6431708947710744,-0.29129881655524165,0.0,0,0,1,0,0,0,1,0,0,1,0,0,0,0,0
-0.5924392890817984,-0.47829137944160266,1,0,1,0,-1.389475576292901,0.8883471122941295,0.0,0,0,0,0,1,0,0,0,1,0,0,0,1,0,0
-1.38777153447354,-0.8106837075763336,1,1,0,0,-0.8118286294235724,-0.8811217809799272,0.0,0,0,0,1,0,1,0,0,0,0,0,0,0,1,0
-0.12637267734132596,-0.2789335637576835,1,0,1,0,0.7767004744670813,1.478170076718815,0.0,0,0,1,0,0,1,0,0,0,0,1,0,0,0,0
1.5940933139670945,1.0335592653259789,1,0,1,1,-0.6674168927062403,0.2985241478694439,0.0,0,0,0,1,0,0,0,0,1,0,0,1,0,0,0
-0.7504100157482382,0.3957814857174635,1,0,0,0,0.19905352759775274,1.478170076718815,0.0,0,0,0,1,0,0,0,0,1,0,1,0,0,0,0
-0.6090814035702621,-0.7521530045671316,1,0,1,0,0.19905352759775274,1.478170076718815,0.0,0,0,0,0,1,0,0,1,0,0,1,0,0,0,0
0.463345544296939,-1.264438888092,1,0,1,0,1.0655239479017458,0.8883471122941295,0.0,0,0,0,1,0,0,0,0,1,0,0,0,1,0,0
1.3383082097704555,0.6730222029754825,1,0,1,0,-1.389475576292901,0.2985241478694439,0.0,0,0,0,1,0,1,0,0,0,0,0,1,0,0,0
-0.4789617449742217,-0.4149075415584418,0,0,0,1,1.6431708947710744,0.8883471122941295,0.0,0,0,1,0,0,0,1,0,0,0,0,0,1,0,0
1.0129234053381346,-0.009459586324596668,1,0,1,0,-0.8118286294235724,-0.29129881655524165,0.0,0,0,1,0,0,0,1,0,0,1,0,0,0,0,0
-1.3203080384295496,0.6142932369074865,1,0,1,0,1.6431708947710744,-1.4709447454046127,0.0,0,0,0,1,0,0,0,1,0,0,0,0,0,0,1
-0.15577607709930494,0.5103344330354728,1,0,1,0,1.0655239479017458,-0.29129881655524165,0.0,0,0,1,0,0,1,0,0,0,1,0,0,0,0,0
0.8914604432701271,1.5911267074528113,0,0,0,0,-0.08976994583691159,-0.29129881655524165,0.0,0,0,0,1,0,0,1,0,0,1,0,0,0,0,0
-0.5767341675939457,-1.3677080813247302,1,0,0,1,-0.8118286294235724,0.2985241478694439,0.0,0,0,1,0,0,0,1,0,0,0,0,1,0,0,0
-0.5065191286712954,0.5762525900180012,1,0,1,0,0.9211122111844136,-0.8811217809799272,0.0,0,0,1,0,0,0,0,0,1,0,0,0,0,1,0
0.5484475839531772,-0.536003169816655,1,0,1,1,0.7767004744670813,0.8883471122941295,0.0,0,0,1,0,0,0,0,0,1,0,0,0,1,0,0
