Transaction_Row,Prediction,Fraud_Probability,Fraud_Probability_Percent,Risk_Level
1,1,0.5456449048402189,54.56449048402189,Medium
2,1,0.5623093181889477,56.23093181889477,Medium
3,0,0.4828037110864618,48.28037110864618,Medium
4,0,0.4746809249070217,47.46809249070217,Medium
5,1,0.5209907337016201,52.09907337016201,Medium
6,1,0.5310681897025258,53.106818970252576,Medium
7,0,0.4780141366153105,47.80141366153105,Medium
8,1,0.5183668392262076,51.836683922620765,Medium
9,0,0.42273368313810333,42.27336831381033,Medium
10,0,0.49773720837115,49.773720837115,Medium
11,1,0.502370949162749,50.237094916274906,Medium
12,0,0.4904024345543511,49.04024345543511,Medium
13,0,0.4909655782009739,49.096557820097395,Medium
14,0,0.480674234419249,48.0674234419249,Medium
15,1,0.5158911234369378,51.58911234369378,Medium
16,1,0.5221878823430619,52.21878823430619,Medium
17,1,0.5328146382577784,53.28146382577784,Medium
18,1,0.5029386691059443,50.29386691059443,Medium
19,0,0.48906882525257783,48.906882525257785,Medium
20,1,0.526486741836639,52.6486741836639,Medium
21,0,0.47944626385531275,47.94462638553127,Medium
22,1,0.5097555661622776,50.975556616227756,Medium
23,1,0.5019042904536346,50.19042904536346,Medium
24,1,0.5107431683871368,51.074316838713685,Medium
25,1,0.5120039934275905,51.20039934275905,Medium
26,1,0.5438148879445559,54.38148879445559,Medium
27,1,0.5250046253643005,52.50046253643005,Medium
28,0,0.4884890847532314,48.848908475323135,Medium
29,1,0.5014839484744075,50.14839484744075,Medium
30,1,0.5348053181105658,53.48053181105657,Medium
31,1,0.5194471936080238,51.94471936080238,Medium
32,0,0.4668136978100843,46.68136978100843,Medium
33,1,0.5080310161806496,50.80310161806496,Medium
34,1,0.5441880664654366,54.41880664654366,Medium
35,0,0.4727492296147976,47.27492296147976,Medium
36,1,0.541364958585171,54.136495858517094,Medium
37,0,0.48143039329960857,48.14303932996086,Medium
38,0,0.4827838305518089,48.27838305518089,Medium
39,0,0.4950195117366051,49.50195117366051,Medium
40,0,0.48733918345175087,48.733918345175084,Medium
41,0,0.45736071928306526,45.73607192830653,Medium
42,0,0.45085885848226953,45.08588584822695,Medium
43,1,0.5069409557445093,50.69409557445093,Medium
44,0,0.49261020594515087,49.26102059451509,Medium
45,0,0.4599315985218074,45.993159852180746,Medium
46,1,0.5154493527303566,51.54493527303566,Medium
47,0,0.48003195724933717,48.00319572493372,Medium
48,0,0.48398336831862876,48.39833683186288,Medium
49,1,0.5168805085127698,51.68805085127698,Medium
50,1,0.5067329482537246,50.67329482537246,Medium
51,0,0.489899103306114,48.9899103306114,Medium
52,0,0.4829723552361459,48.29723552361459,Medium
53,1,0.52105182516912,52.105182516911995,Medium
54,1,0.5185112429111971,51.85112429111971,Medium
55,1,0.5231539690995475,52.31539690995475,Medium
56,0,0.4677302269274654,46.773022692746544,Medium
57,0,0.4982233319587639,49.82233319587639,Medium
58,0,0.44841683201810634,44.84168320181063,Medium
59,0,0.4499693397929409,44.99693397929409,Medium
60,0,0.4812636555708285,48.12636555708285,Medium
61,0,0.4945995942303097,49.459959423030966,Medium
62,0,0.49318044585422066,49.318044585422065,Medium
63,1,0.5486286662409422,54.86286662409422,Medium
64,0,0.47416233942039077,47.41623394203908,Medium
65,0,0.47956076243644175,47.956076243644176,Medium
66,0,0.4956578118677295,49.56578118677295,Medium
67,0,0.4889318520502879,48.893185205028786,Medium
68,1,0.5157224699242329,51.57224699242329,Medium
69,1,0.5064643162276067,50.646431622760666,Medium
70,1,0.5135794143940224,51.357941439402246,Medium
71,0,0.4960715674112907,49.607156741129074,Medium
72,1,0.5373959076963956,53.739590769639555,Medium
73,0,0.4967318049215491,49.67318049215491,Medium
74,1,0.5156484086125654,51.56484086125654,Medium
75,1,0.5215566317065206,52.155663170652055,Medium
76,0,0.4729118233373845,47.291182333738455,Medium
77,1,0.5427820916177466,54.27820916177466,Medium
78,0,0.47274010969379643,47.274010969379646,Medium
79,0,0.49003570288508685,49.00357028850868,Medium
80,1,0.506087962219347,50.6087962219347,Medium
81,1,0.502818086000425,50.281808600042496,Medium
82,1,0.5254970771511921,52.54970771511921,Medium
83,0,0.48819105507153676,48.81910550715368,Medium
84,0,0.47221141385716564,47.221141385716564,Medium
85,0,0.4914625406689253,49.14625406689253,Medium
86,0,0.49949365360172276,49.94936536017228,Medium
87,1,0.50849947150313,50.849947150313,Medium
88,1,0.5443314285598808,54.43314285598808,Medium
89,0,0.4802504537746907,48.02504537746907,Medium
90,1,0.5334642591097568,53.34642591097568,Medium
91,0,0.48564353300415747,48.564353300415746,Medium
92,0,0.49432232470272697,49.432232470272695,Medium
93,0,0.4698448664355191,46.98448664355191,Medium
94,1,0.5271696915818097,52.71696915818097,Medium
95,1,0.5366808546193046,53.66808546193046,Medium
96,1,0.5077479470283841,50.77479470283841,Medium
97,1,0.5041073970520306,50.410739705203056,Medium
98,0,0.49178357997856903,49.17835799785691,Medium
99,1,0.5114172361069063,51.141723610690626,Medium
100,1,0.5106504041102631,51.06504041102631,Medium
101,1,0.5408430689612956,54.08430689612956,Medium
102,1,0.5347430687032659,53.47430687032659,Medium
103,1,0.5441530333701123,54.41530333701123,Medium
104,0,0.4798644255128595,47.986442551285954,Medium
105,1,0.5430111452298888,54.30111452298888,Medium
106,0,0.4774259545643503,47.742595456435026,Medium
107,0,0.47343766191794723,47.34376619179472,Medium
108,0,0.4610681188213646,46.10681188213646,Medium
109,1,0.5102192190017721,51.02192190017721,Medium
110,0,0.43595789191704193,43.59578919170419,Medium
111,1,0.5087682387199681,50.87682387199681,Medium
112,0,0.48703311472213895,48.7033114722139,Medium
113,1,0.5057144808239379,50.571448082393786,Medium
114,1,0.5023615360904026,50.23615360904026,Medium
115,0,0.41402676120392845,41.40267612039285,Medium
116,0,0.46019518204679005,46.019518204679,Medium
117,0,0.484228872713372,48.4228872713372,Medium
118,1,0.5079560460299087,50.79560460299087,Medium
119,0,0.48425466788885024,48.425466788885025,Medium
120,0,0.47596095032503616,47.59609503250361,Medium
121,0,0.4741266697254883,47.41266697254883,Medium
122,0,0.4429221580193419,44.29221580193419,Medium
123,0,0.49218754341818355,49.218754341818354,Medium
124,1,0.5256021124311394,52.56021124311394,Medium
125,0,0.45112198422565575,45.11219842256558,Medium
126,0,0.4708291092040598,47.08291092040598,Medium
127,0,0.49690159023139907,49.690159023139906,Medium
128,0,0.4848783253423716,48.48783253423716,Medium
129,1,0.5074644251938777,50.74644251938777,Medium
130,1,0.5251490599940993,52.51490599940993,Medium
131,0,0.48576683486848876,48.57668348684888,Medium
132,0,0.4979224150746853,49.79224150746853,Medium
133,0,0.4853439713496362,48.53439713496362,Medium
134,0,0.49827072479246004,49.827072479246006,Medium
135,1,0.5190416357297732,51.904163572977325,Medium
136,0,0.4926812504335664,49.26812504335664,Medium
137,1,0.5038150204114356,50.381502041143555,Medium
138,0,0.481949592028024,48.1949592028024,Medium
139,1,0.5079204098253686,50.792040982536854,Medium
140,1,0.5174050621138347,51.740506211383476,Medium
141,0,0.49804166966581503,49.804166966581505,Medium
142,1,0.526764906736384,52.6764906736384,Medium
143,0,0.4964123330661004,49.64123330661004,Medium
144,0,0.494136904070744,49.4136904070744,Medium
145,1,0.5251004557417744,52.51004557417745,Medium
146,0,0.491963620777498,49.1963620777498,Medium
147,1,0.5035187564497573,50.35187564497573,Medium
148,0,0.4997295596017942,49.97295596017942,Medium
149,0,0.48633030888592743,48.63303088859274,Medium
150,1,0.505828624226098,50.5828624226098,Medium
151,0,0.4886555871568663,48.86555871568663,Medium
152,1,0.506393521290554,50.6393521290554,Medium
153,1,0.508278225248744,50.8278225248744,Medium
154,0,0.49110994203344505,49.110994203344504,Medium
155,1,0.5119754130282697,51.19754130282696,Medium
156,1,0.5030188991630258,50.30188991630258,Medium
157,0,0.4889685845596041,48.89685845596041,Medium
158,1,0.5031998637577115,50.31998637577115,Medium
159,0,0.47692915242871675,47.69291524287168,Medium
160,0,0.47084792370909223,47.08479237090922,Medium
161,0,0.47765546532423525,47.76554653242353,Medium
162,1,0.5133250360619315,51.33250360619315,Medium
163,1,0.5035210826610174,50.35210826610174,Medium
164,0,0.4874131104118174,48.74131104118174,Medium
165,1,0.5131282258169554,51.31282258169554,Medium
166,1,0.5188476220956335,51.88476220956335,Medium
167,1,0.526877777491348,52.6877777491348,Medium
168,0,0.499126133323708,49.912613332370796,Medium
169,0,0.42731923227351626,42.73192322735163,Medium
170,1,0.5154820448258972,51.548204482589725,Medium
171,0,0.483993787161962,48.3993787161962,Medium
172,0,0.495409526482138,49.540952648213796,Medium
173,1,0.5056287557654526,50.56287557654527,Medium
174,1,0.505675165513587,50.56751655135871,Medium
175,1,0.5236387917812494,52.36387917812494,Medium
176,1,0.5014259332932013,50.14259332932013,Medium
177,0,0.4922939109162922,49.22939109162922,Medium
178,1,0.5262687516679148,52.62687516679148,Medium
179,0,0.4908463579531446,49.084635795314455,Medium
180,1,0.5215037565932951,52.150375659329505,Medium
181,0,0.491207226261101,49.1207226261101,Medium
182,1,0.5277836667463167,52.77836667463167,Medium
183,0,0.48485783210031574,48.48578321003158,Medium
184,1,0.5197030531440037,51.97030531440036,Medium
185,0,0.48919481321882985,48.919481321882984,Medium
186,0,0.47239631163171575,47.23963116317157,Medium
187,0,0.48591823661114314,48.59182366111431,Medium
188,1,0.5183596722670648,51.83596722670648,Medium
189,1,0.5166599195437485,51.665991954374846,Medium
190,0,0.4955455552797296,49.55455552797296,Medium
191,1,0.5377007817594927,53.770078175949266,Medium
192,0,0.47389474617828403,47.389474617828405,Medium
193,1,0.5093549829628432,50.93549829628432,Medium
194,0,0.47847236765316453,47.84723676531645,Medium
195,0,0.4860642484931017,48.60642484931017,Medium
196,1,0.5161155150955077,51.611551509550765,Medium
197,1,0.5109491459478792,51.09491459478792,Medium
198,0,0.4992838655217296,49.92838655217296,Medium
199,1,0.5062316745493816,50.623167454938155,Medium
200,1,0.511300913321499,51.130091332149895,Medium
201,1,0.5674035812410887,56.740358124108866,Medium
202,1,0.5152916871320877,51.529168713208776,Medium
203,1,0.5281714900655585,52.81714900655585,Medium
204,0,0.4749295237263496,47.49295237263496,Medium
205,0,0.4945197421619111,49.45197421619111,Medium
206,1,0.5303317262503527,53.03317262503528,Medium
207,1,0.5127563588348787,51.275635883487865,Medium
208,1,0.5235304568222101,52.35304568222101,Medium
209,1,0.5009821781519923,50.098217815199234,Medium
210,0,0.4986551740518405,49.86551740518405,Medium
211,1,0.5449241968948986,54.49241968948986,Medium
212,1,0.5378927358619503,53.78927358619503,Medium
213,0,0.481510762240915,48.1510762240915,Medium
214,0,0.49154440914529646,49.154440914529644,Medium
215,0,0.4969475577021596,49.69475577021596,Medium
216,0,0.43137400698441936,43.13740069844194,Medium
217,0,0.4856199598071086,48.56199598071086,Medium
218,0,0.46809964398892856,46.80996439889286,Medium
219,0,0.4910334719306421,49.10334719306421,Medium
220,0,0.47691865020086477,47.691865020086475,Medium
221,0,0.4780583942611712,47.80583942611712,Medium
222,0,0.4778047832553075,47.78047832553075,Medium
223,0,0.4693184698881839,46.931846988818386,Medium
224,0,0.4940592801506468,49.40592801506468,Medium
225,0,0.49820359015140464,49.82035901514046,Medium
226,1,0.5080790458830402,50.80790458830402,Medium
227,0,0.4838106462687171,48.38106462687171,Medium
228,0,0.4877807930359611,48.77807930359611,Medium
229,0,0.4634317298234886,46.34317298234886,Medium
230,1,0.5391309586593086,53.91309586593086,Medium
231,1,0.52215409884567,52.215409884567,Medium
232,1,0.5025119502733701,50.25119502733701,Medium
233,0,0.4756017428221596,47.56017428221596,Medium
234,0,0.4799755067120177,47.99755067120177,Medium
235,1,0.5150110835761421,51.501108357614214,Medium
236,0,0.4750708806035783,47.50708806035783,Medium
237,0,0.49478595367971856,49.478595367971856,Medium
238,1,0.5104906348229172,51.04906348229172,Medium
239,0,0.4798092141586202,47.98092141586202,Medium
240,0,0.4786197314268505,47.86197314268505,Medium
241,1,0.5418478260839525,54.18478260839525,Medium
242,1,0.5251540053368877,52.51540053368877,Medium
243,1,0.523355963581207,52.335596358120696,Medium
244,1,0.5125167790222124,51.25167790222124,Medium
245,0,0.43748104881678535,43.748104881678536,Medium
246,0,0.49161789349625085,49.16178934962508,Medium
247,0,0.49560869484057735,49.56086948405773,Medium
248,1,0.5288308887232682,52.88308887232682,Medium
249,0,0.48976065275418196,48.97606527541819,Medium
250,0,0.4976227143726348,49.76227143726348,Medium
251,0,0.4838501972030472,48.385019720304726,Medium
252,0,0.4896195101857896,48.96195101857896,Medium
253,1,0.522627309519477,52.2627309519477,Medium
254,1,0.508491150530089,50.849115053008894,Medium
255,1,0.5252877827704857,52.52877827704857,Medium
256,1,0.5090210778513699,50.902107785136984,Medium
257,1,0.529575069087295,52.9575069087295,Medium
258,1,0.5017240483824136,50.172404838241356,Medium
259,1,0.5147848296326104,51.478482963261044,Medium
260,1,0.5447994062590523,54.47994062590523,Medium
261,1,0.5036799987376056,50.36799987376056,Medium
262,0,0.4701899491314964,47.01899491314964,Medium
263,0,0.46965956181352814,46.965956181352816,Medium
264,0,0.4913694976141738,49.136949761417384,Medium
265,0,0.485913875210623,48.5913875210623,Medium
266,1,0.5266196745866718,52.66196745866718,Medium
267,0,0.46451972023281013,46.451972023281016,Medium
268,1,0.5068421738060617,50.684217380606164,Medium
269,1,0.5221020809286512,52.210208092865116,Medium
270,1,0.5118675437174254,51.18675437174254,Medium
271,1,0.5181241948889351,51.81241948889351,Medium
272,1,0.5171566702535196,51.71566702535196,Medium
273,1,0.5158804643419975,51.588046434199754,Medium
274,1,0.5044110074230826,50.441100742308265,Medium
275,0,0.45159542572373035,45.159542572373034,Medium
276,0,0.49857027803862153,49.85702780386215,Medium
277,1,0.5047870821930883,50.478708219308835,Medium
278,1,0.5414762399128451,54.14762399128451,Medium
279,1,0.5010080894254255,50.10080894254255,Medium
280,0,0.4751943184079117,47.51943184079117,Medium
281,1,0.5234551683434948,52.34551683434948,Medium
282,0,0.480730506368291,48.0730506368291,Medium
283,1,0.5061556885451546,50.61556885451546,Medium
284,0,0.48929420853278244,48.929420853278245,Medium
285,1,0.5801505762574419,58.01505762574419,Medium
286,1,0.5141860295745619,51.418602957456194,Medium
287,1,0.5252106776095127,52.52106776095127,Medium
288,1,0.5294131881340843,52.94131881340844,Medium
289,0,0.43432419986835313,43.43241998683531,Medium
290,1,0.548024762200063,54.802476220006305,Medium
291,1,0.5274823317417061,52.74823317417061,Medium
292,0,0.42990658143103244,42.990658143103246,Medium
293,1,0.5223313121093106,52.23313121093106,Medium
294,1,0.5049206819778597,50.49206819778597,Medium
295,0,0.4655982293390483,46.55982293390483,Medium
296,1,0.5223619345802952,52.236193458029526,Medium
297,1,0.5147715150699306,51.47715150699306,Medium
298,0,0.43642750871405245,43.64275087140525,Medium
299,1,0.5359967400669139,53.59967400669139,Medium
300,1,0.5184065422746005,51.84065422746005,Medium
301,0,0.4887611230901873,48.87611230901873,Medium
302,1,0.5157320700929077,51.57320700929077,Medium
303,0,0.42916182166021516,42.916182166021514,Medium
304,0,0.48089245220672394,48.089245220672396,Medium
305,1,0.5490149005126036,54.90149005126036,Medium
306,0,0.48842651909445844,48.84265190944584,Medium
307,0,0.48696107834776714,48.69610783477671,Medium
308,1,0.5683606950541303,56.836069505413036,Medium
309,0,0.4838807786400471,48.38807786400471,Medium
310,1,0.5011603338577929,50.11603338577929,Medium
311,1,0.5132969713913651,51.32969713913651,Medium
312,0,0.49676164120332045,49.67616412033205,Medium
313,0,0.4704933467304242,47.049334673042424,Medium
314,0,0.49949576988277455,49.94957698827746,Medium
315,1,0.5163633660436108,51.63633660436108,Medium
316,1,0.5002360328044795,50.02360328044795,Medium
317,1,0.5178166976701454,51.781669767014535,Medium
318,0,0.4839350162220017,48.39350162220017,Medium
319,1,0.5306846002534943,53.06846002534943,Medium
320,0,0.48109732207020345,48.10973220702034,Medium
321,0,0.4787887628489813,47.87887628489813,Medium
322,0,0.43566166153700553,43.56616615370055,Medium
323,0,0.4662626195954017,46.62626195954017,Medium
324,0,0.4910471099182401,49.10471099182401,Medium
325,1,0.5347262754135595,53.472627541355955,Medium
326,0,0.4255285673604905,42.55285673604905,Medium
327,1,0.5198135758874064,51.98135758874064,Medium
328,0,0.4741260436610953,47.41260436610953,Medium
329,0,0.4737048946860715,47.370489468607154,Medium
330,0,0.4692717391682361,46.92717391682361,Medium
331,0,0.49495689637367046,49.49568963736704,Medium
332,0,0.4771262012637864,47.71262012637864,Medium
333,0,0.47021603677138074,47.021603677138074,Medium
334,0,0.46405861666160536,46.40586166616053,Medium
335,1,0.5134729881435722,51.347298814357224,Medium
336,1,0.5232083796576142,52.32083796576143,Medium
337,1,0.5188305773439639,51.88305773439639,Medium
338,1,0.5148803894947831,51.48803894947831,Medium
339,1,0.514766287594831,51.4766287594831,Medium
340,0,0.4977919154876899,49.77919154876899,Medium
341,1,0.5032657014852099,50.326570148520986,Medium
342,1,0.5305913993162924,53.05913993162924,Medium
343,1,0.5261858493059239,52.61858493059239,Medium
344,1,0.5106356352244581,51.06356352244581,Medium
345,0,0.429686527441639,42.9686527441639,Medium
346,0,0.47627573346965374,47.62757334696538,Medium
347,1,0.5166818754044018,51.66818754044018,Medium
348,1,0.5382763160894088,53.827631608940884,Medium
349,0,0.49333295966067725,49.33329596606772,Medium
350,1,0.5009634726117211,50.09634726117211,Medium
351,0,0.48041190248357263,48.04119024835726,Medium
352,1,0.5342035802907942,53.420358029079416,Medium
353,0,0.4877982030419767,48.77982030419767,Medium
354,0,0.49677264075918237,49.67726407591824,Medium
355,1,0.5124346732603408,51.24346732603408,Medium
356,1,0.5042750251849333,50.42750251849333,Medium
357,0,0.46575975333301955,46.575975333301955,Medium
358,1,0.5001363640415956,50.013636404159556,Medium
359,1,0.5352476608728519,53.524766087285194,Medium
360,0,0.4719623573941934,47.19623573941934,Medium
361,1,0.5460354459989698,54.60354459989698,Medium
362,0,0.47752060893216336,47.75206089321634,Medium
363,0,0.4976803985071887,49.76803985071887,Medium
364,0,0.4966652623334466,49.66652623334466,Medium
365,1,0.5127822463504782,51.27822463504782,Medium
366,1,0.515940486487449,51.594048648744895,Medium
367,1,0.5190909788446195,51.90909788446195,Medium
368,1,0.5217990114174405,52.17990114174405,Medium
369,0,0.46857793349006244,46.85779334900624,Medium
370,0,0.47482132049508335,47.48213204950834,Medium
371,0,0.49188055756159005,49.188055756159,Medium
372,1,0.5133956007429773,51.33956007429773,Medium
373,0,0.499251233161963,49.9251233161963,Medium
374,0,0.492086319610495,49.2086319610495,Medium
375,1,0.5100565690171593,51.00565690171594,Medium
376,0,0.48699605524662337,48.69960552466234,Medium
377,0,0.4710204119933657,47.10204119933657,Medium
378,0,0.48056915815123974,48.05691581512397,Medium
379,1,0.5091303968706988,50.91303968706988,Medium
380,0,0.450979714000307,45.0979714000307,Medium
381,1,0.5302361211110581,53.02361211110581,Medium
382,1,0.5005662134943846,50.05662134943846,Medium
383,0,0.4871824382161344,48.71824382161344,Medium
384,0,0.4973796303391335,49.73796303391335,Medium
385,1,0.554559008573535,55.4559008573535,Medium
386,1,0.5072255528357003,50.722555283570024,Medium
387,1,0.5234370977470588,52.343709774705886,Medium
388,0,0.4999336800900818,49.99336800900818,Medium
389,0,0.49056820496298476,49.05682049629848,Medium
390,0,0.49827028450014743,49.827028450014744,Medium
391,0,0.47272217376757786,47.27221737675779,Medium
392,1,0.5016162686173162,50.16162686173162,Medium
393,0,0.49158762828357583,49.15876282835758,Medium
394,1,0.5029202193791201,50.29202193791201,Medium
395,0,0.4789804667041127,47.89804667041127,Medium
396,1,0.5023203081049334,50.23203081049334,Medium
397,0,0.4800058582393853,48.00058582393853,Medium
398,1,0.5089829975420453,50.89829975420454,Medium
399,1,0.5178691818819311,51.78691818819311,Medium
400,0,0.4911983510200291,49.11983510200291,Medium
401,1,0.5138128684823687,51.381286848236876,Medium
402,0,0.47847028684519616,47.847028684519614,Medium
403,1,0.5415624539469844,54.156245394698445,Medium
404,0,0.4958658068278717,49.586580682787165,Medium
405,1,0.5188713531578942,51.88713531578942,Medium
406,1,0.508465662446992,50.8465662446992,Medium
407,0,0.4843372384972757,48.43372384972757,Medium
408,0,0.4928686812804313,49.28686812804313,Medium
409,0,0.4423386783619322,44.23386783619322,Medium
410,1,0.5593240233193159,55.932402331931584,Medium
411,1,0.515563661461334,51.556366146133406,Medium
412,1,0.5489175172068813,54.891751720688134,Medium
413,0,0.482444577646802,48.2444577646802,Medium
414,1,0.5296421586750943,52.96421586750944,Medium
415,1,0.5014104585907456,50.14104585907456,Medium
416,1,0.5191405735166899,51.91405735166899,Medium
417,0,0.498900112748434,49.890011274843395,Medium
418,0,0.4579007818803127,45.790078188031266,Medium
419,1,0.570161374006476,57.0161374006476,Medium
420,0,0.4951516583634774,49.51516583634774,Medium
421,1,0.5037455942256285,50.37455942256285,Medium
422,0,0.48960341282461217,48.960341282461215,Medium
423,1,0.5115481660675822,51.154816606758224,Medium
424,0,0.48796234831418767,48.796234831418765,Medium
425,0,0.49740675684099156,49.74067568409916,Medium
426,0,0.48470414697491604,48.470414697491606,Medium
427,1,0.5234520881584398,52.34520881584398,Medium
428,0,0.48085116130808414,48.085116130808416,Medium
429,0,0.49179083000724494,49.179083000724496,Medium
430,1,0.5192444695217221,51.92444695217221,Medium
431,0,0.4786649096475345,47.86649096475345,Medium
432,0,0.4853160781814947,48.53160781814947,Medium
433,1,0.5080777695278036,50.80777695278036,Medium
434,0,0.479174597399756,47.9174597399756,Medium
435,1,0.5125660534153098,51.25660534153098,Medium
436,0,0.49658413829048514,49.65841382904851,Medium
437,1,0.5016460976085164,50.16460976085164,Medium
438,1,0.536916364659803,53.691636465980295,Medium
439,1,0.532939893346564,53.2939893346564,Medium
440,1,0.5358234766322012,53.58234766322012,Medium
441,1,0.500110468302681,50.0110468302681,Medium
442,0,0.4814378969126609,48.14378969126609,Medium
443,0,0.4731831812263169,47.318318122631695,Medium
444,0,0.4822563425161111,48.22563425161111,Medium
445,1,0.5049109653087867,50.491096530878664,Medium
446,1,0.5079558888865495,50.795588888654954,Medium
447,1,0.5224784975444993,52.24784975444992,Medium
448,0,0.4834636934945525,48.34636934945525,Medium
449,1,0.5151290896437332,51.51290896437332,Medium
450,1,0.5078123373517224,50.781233735172236,Medium
451,1,0.506612073255267,50.6612073255267,Medium
452,0,0.4923008507849972,49.23008507849972,Medium
453,1,0.5150224732272174,51.502247322721736,Medium
454,1,0.5224219107457082,52.24219107457082,Medium
455,1,0.5186674746977715,51.86674746977715,Medium
456,1,0.5182680693436207,51.82680693436207,Medium
457,0,0.4544898693684478,45.44898693684478,Medium
458,1,0.5025446913328203,50.25446913328203,Medium
459,0,0.4814400808641215,48.14400808641215,Medium
460,0,0.46582539211133167,46.58253921113317,Medium
461,0,0.47288289214866425,47.288289214866424,Medium
462,1,0.5370787770430766,53.70787770430766,Medium
463,1,0.5361218022953957,53.612180229539575,Medium
464,0,0.44711908767662717,44.71190876766272,Medium
465,0,0.49421092698859775,49.42109269885977,Medium
466,1,0.5441143311849257,54.41143311849257,Medium
467,0,0.4323492753258694,43.234927532586944,Medium
468,1,0.5077481841083135,50.774818410831344,Medium
469,0,0.4838671026495695,48.38671026495695,Medium
470,0,0.4917884219951361,49.17884219951361,Medium
471,0,0.48988662875677963,48.98866287567796,Medium
472,1,0.5113491489298684,51.134914892986835,Medium
473,0,0.4977946546872223,49.77946546872223,Medium
474,1,0.5091916135397551,50.919161353975504,Medium
475,0,0.49106145917728605,49.106145917728604,Medium
476,1,0.5195358012061172,51.95358012061172,Medium
477,0,0.4930932249263484,49.30932249263484,Medium
478,1,0.5107686210186463,51.07686210186463,Medium
479,1,0.5506158684921444,55.061586849214436,Medium
480,0,0.49932151133070124,49.93215113307012,Medium
481,1,0.5157467658565246,51.574676585652455,Medium
482,1,0.5189978798192676,51.89978798192676,Medium
483,0,0.4952433541222402,49.52433541222402,Medium
484,0,0.49663618022894424,49.663618022894426,Medium
485,0,0.49208968866187014,49.208968866187014,Medium
486,0,0.46963734733695145,46.96373473369515,Medium
487,0,0.49346506946266977,49.34650694626698,Medium
488,0,0.4820765237848022,48.20765237848022,Medium
489,0,0.48776320352426866,48.776320352426865,Medium
490,0,0.4965172142040407,49.65172142040407,Medium
491,0,0.47906422678545063,47.90642267854506,Medium
492,0,0.49536001721329487,49.536001721329484,Medium
493,1,0.5357524493938143,53.57524493938143,Medium
494,1,0.5143608898206303,51.43608898206303,Medium
495,0,0.4999772804194945,49.99772804194945,Medium
496,0,0.46841133470484214,46.841133470484216,Medium
497,1,0.508169759333373,50.816975933337304,Medium
498,0,0.4981788269187515,49.81788269187515,Medium
499,1,0.5162515211025688,51.62515211025688,Medium
500,1,0.5029263306099048,50.292633060990475,Medium
501,1,0.5239534620430113,52.39534620430113,Medium
502,1,0.5241487158352223,52.41487158352223,Medium
503,1,0.5196225075400006,51.96225075400006,Medium
504,1,0.5171323500856164,51.71323500856164,Medium
505,1,0.5166336811716152,51.663368117161525,Medium
506,0,0.47794347445586766,47.794347445586766,Medium
507,0,0.4917135339029403,49.17135339029403,Medium
508,1,0.5030709135247721,50.30709135247721,Medium
509,0,0.4747138459012629,47.47138459012629,Medium
510,0,0.4950723090158063,49.50723090158063,Medium
511,1,0.5012622123181183,50.126221231811826,Medium
512,1,0.5068194925896493,50.681949258964934,Medium
513,1,0.5318478649112175,53.18478649112175,Medium
514,1,0.5080388371591946,50.80388371591946,Medium
515,1,0.5224063094151253,52.240630941512535,Medium
516,0,0.49084885540713136,49.08488554071314,Medium
517,0,0.4968689565804649,49.686895658046495,Medium
518,1,0.5177671451140058,51.77671451140058,Medium
519,1,0.5030188467081254,50.301884670812534,Medium
520,0,0.48499777839182434,48.499777839182435,Medium
521,0,0.49672560646990993,49.672560646990995,Medium
522,1,0.5483437842204198,54.834378422041986,Medium
523,1,0.5294675242980216,52.94675242980216,Medium
524,1,0.5534967146261957,55.34967146261957,Medium
525,0,0.49686885378151163,49.68688537815116,Medium
526,1,0.5003908363945266,50.03908363945266,Medium
527,0,0.4911188484207699,49.11188484207699,Medium
528,1,0.5016694409219437,50.16694409219436,Medium
529,1,0.5124073466410566,51.24073466410566,Medium
530,0,0.43745683051328227,43.74568305132823,Medium
531,0,0.45515645062527144,45.51564506252714,Medium
532,0,0.4878999967889319,48.789999678893196,Medium
533,0,0.48251680067636565,48.25168006763656,Medium
534,1,0.5263871100763688,52.638711007636886,Medium
535,0,0.4097002048375649,40.97002048375649,Medium
536,1,0.5382112288217159,53.82112288217159,Medium
537,0,0.48022757418767187,48.022757418767185,Medium
538,0,0.4996069237483086,49.96069237483086,Medium
539,0,0.49614649511792713,49.61464951179271,Medium
540,1,0.5359143420463485,53.591434204634844,Medium
541,1,0.5243620762305057,52.43620762305057,Medium
542,0,0.48600098100895944,48.60009810089594,Medium
543,1,0.5833111551770003,58.33111551770003,Medium
544,1,0.5318451640385166,53.18451640385165,Medium
545,0,0.49813979029443994,49.81397902944399,Medium
546,0,0.49076038074312334,49.076038074312336,Medium
547,1,0.5127790269549594,51.27790269549594,Medium
548,0,0.48683801081742883,48.683801081742885,Medium
549,0,0.4789231176342055,47.89231176342055,Medium
550,0,0.4937709876783192,49.37709876783192,Medium
551,1,0.5194545800115515,51.94545800115515,Medium
552,1,0.5103530019355975,51.03530019355975,Medium
553,1,0.5199518111900807,51.99518111900807,Medium
554,1,0.5022478972885364,50.22478972885364,Medium
555,0,0.4959554445570505,49.595544455705046,Medium
556,0,0.4780879617509448,47.80879617509448,Medium
557,0,0.49918200123566714,49.91820012356671,Medium
558,0,0.4669035073076735,46.69035073076735,Medium
559,1,0.5209772654402547,52.09772654402547,Medium
560,1,0.5078565817843911,50.78565817843911,Medium
561,0,0.48596253804310446,48.59625380431044,Medium
562,1,0.517843465822327,51.7843465822327,Medium
563,1,0.5025781835222066,50.25781835222066,Medium
564,1,0.5155239631245117,51.552396312451165,Medium
565,1,0.5201314468185246,52.01314468185247,Medium
566,1,0.5021834972301965,50.21834972301965,Medium
567,0,0.48385015926308694,48.3850159263087,Medium
568,1,0.5214662812921982,52.14662812921982,Medium
569,1,0.511678947234153,51.167894723415294,Medium
570,1,0.5303950477969942,53.03950477969942,Medium
571,0,0.4344843041672518,43.44843041672518,Medium
572,0,0.48679783404812277,48.67978340481228,Medium
573,1,0.5666899072054192,56.66899072054192,Medium
574,0,0.4803809722053659,48.03809722053659,Medium
575,0,0.48321136183410085,48.32113618341008,Medium
576,0,0.4417848134505371,44.17848134505371,Medium
577,0,0.40258190691693063,40.258190691693066,Medium
578,0,0.4660736124872253,46.607361248722526,Medium
579,1,0.5243305200919113,52.43305200919113,Medium
580,0,0.4553221348324565,45.53221348324565,Medium
581,0,0.46829273836496005,46.82927383649601,Medium
582,0,0.497057055733325,49.7057055733325,Medium
583,1,0.5136924848755574,51.369248487555744,Medium
584,1,0.5247623664246343,52.47623664246343,Medium
585,0,0.4976203827737987,49.76203827737987,Medium
586,0,0.41652342906940704,41.6523429069407,Medium
587,1,0.52447289185523,52.447289185523005,Medium
588,0,0.4868402259622971,48.68402259622971,Medium
589,1,0.5317168277486847,53.171682774868465,Medium
590,1,0.506072302120751,50.6072302120751,Medium
591,1,0.5174838765211578,51.74838765211578,Medium
592,1,0.5132398102066802,51.32398102066802,Medium
593,0,0.49177293833418123,49.177293833418126,Medium
594,1,0.5191899086827778,51.91899086827778,Medium
595,1,0.5136085386931044,51.36085386931044,Medium
596,0,0.46891031070985695,46.8910310709857,Medium
597,1,0.5055654947406092,50.556549474060915,Medium
598,0,0.4023344079277387,40.23344079277387,Medium
599,1,0.5454130067638718,54.54130067638718,Medium
600,0,0.4882778576247894,48.82778576247894,Medium
601,1,0.5208035384155867,52.08035384155867,Medium
602,0,0.4726548803925845,47.26548803925845,Medium
603,1,0.5281073650656879,52.81073650656879,Medium
604,0,0.48124191347597695,48.124191347597694,Medium
605,1,0.5358691897778554,53.58691897778554,Medium
606,0,0.4969333782070752,49.69333782070752,Medium
607,0,0.48509596362031543,48.509596362031544,Medium
608,0,0.4682250296389506,46.822502963895055,Medium
609,1,0.5117885420670417,51.17885420670417,Medium
610,1,0.512279098806899,51.22790988068991,Medium
611,1,0.5017834814474089,50.178348144740895,Medium
612,1,0.5238678566829423,52.38678566829423,Medium
613,1,0.5398244962156311,53.98244962156311,Medium
614,0,0.4859582016277046,48.59582016277046,Medium
615,1,0.5033497024415288,50.33497024415288,Medium
616,0,0.4907033015846165,49.07033015846165,Medium
617,0,0.48137723248989955,48.13772324898996,Medium
618,0,0.49605457461917474,49.605457461917474,Medium
619,0,0.48074742049672936,48.074742049672935,Medium
620,0,0.46863143822241965,46.863143822241966,Medium
621,0,0.49353866263652224,49.35386626365222,Medium
622,1,0.5380796937776576,53.807969377765765,Medium
623,0,0.48613481315022433,48.61348131502243,Medium
624,1,0.515749740579886,51.5749740579886,Medium
625,0,0.47302553401341074,47.30255340134107,Medium
626,0,0.4902582242768254,49.02582242768254,Medium
627,0,0.4659822765740761,46.59822765740761,Medium
628,1,0.5064230959740269,50.642309597402694,Medium
629,1,0.5182151943780795,51.82151943780795,Medium
630,1,0.5027182878680738,50.27182878680738,Medium
631,0,0.4791635159794829,47.91635159794829,Medium
632,1,0.5099938918548451,50.99938918548451,Medium
633,1,0.5025428622194162,50.254286221941626,Medium
634,0,0.47579546519329646,47.57954651932965,Medium
635,1,0.5061581993424318,50.61581993424318,Medium
636,0,0.48175512000274784,48.175512000274786,Medium
637,1,0.5128210250086167,51.28210250086167,Medium
638,1,0.5149270887206318,51.492708872063176,Medium
639,1,0.506080586299378,50.6080586299378,Medium
640,0,0.47408107687071466,47.408107687071464,Medium
641,0,0.491460958063689,49.1460958063689,Medium
642,0,0.4922870702952448,49.22870702952448,Medium
643,0,0.47623839752368097,47.6238397523681,Medium
644,0,0.4944135881853374,49.44135881853374,Medium
645,1,0.5153799409227884,51.537994092278836,Medium
646,0,0.4804001737334859,48.04001737334859,Medium
647,0,0.4912702303179708,49.12702303179708,Medium
648,1,0.527160387732797,52.716038773279706,Medium
649,1,0.5264332250063258,52.643322500632586,Medium
650,1,0.5053774297602048,50.53774297602048,Medium
651,1,0.5679271930371741,56.79271930371741,Medium
652,1,0.5277526907412143,52.77526907412143,Medium
653,1,0.5029886768563956,50.29886768563956,Medium
654,1,0.5373681556172957,53.736815561729564,Medium
655,0,0.4929421052659222,49.29421052659222,Medium
656,1,0.5160357649254456,51.603576492544555,Medium
657,0,0.4656835676038569,46.56835676038569,Medium
658,0,0.45723961878034014,45.72396187803401,Medium
659,0,0.48128566912875137,48.12856691287514,Medium
660,0,0.4948122965114904,49.481229651149036,Medium
661,0,0.486039408538524,48.6039408538524,Medium
662,1,0.5192375959227867,51.92375959227867,Medium
663,0,0.4907740951926484,49.07740951926484,Medium
664,0,0.4847838933115343,48.47838933115343,Medium
665,0,0.49298848570474385,49.298848570474384,Medium
666,0,0.4866774982507158,48.66774982507158,Medium
667,1,0.5213170152436711,52.13170152436712,Medium
668,1,0.5293165153153395,52.93165153153395,Medium
669,1,0.5166641728578881,51.66641728578881,Medium
670,0,0.4827786628567451,48.277866285674506,Medium
671,1,0.5770039654142631,57.700396541426315,Medium
672,1,0.5615493551692327,56.15493551692327,Medium
673,0,0.49032571990930957,49.032571990930954,Medium
674,1,0.523738029505612,52.3738029505612,Medium
675,0,0.4431323999466546,44.31323999466546,Medium
676,1,0.5123573140337915,51.23573140337915,Medium
677,0,0.4987220024415263,49.87220024415263,Medium
678,1,0.5146097149320404,51.46097149320404,Medium
679,1,0.5098407146933113,50.98407146933113,Medium
680,0,0.47596721247082957,47.596721247082954,Medium
681,1,0.5072083500037442,50.72083500037442,Medium
682,1,0.5073911215042096,50.739112150420965,Medium
683,0,0.4928508029843105,49.28508029843105,Medium
684,1,0.5304778178739944,53.04778178739944,Medium
685,0,0.47870263948230896,47.87026394823089,Medium
686,0,0.45132052629673247,45.13205262967325,Medium
687,1,0.5105449381805394,51.054493818053935,Medium
688,0,0.4853726640062242,48.53726640062242,Medium
689,0,0.4869030767680912,48.69030767680912,Medium
690,0,0.4746245240790801,47.46245240790801,Medium
691,0,0.4798853658333879,47.98853658333879,Medium
692,0,0.4645848253288974,46.45848253288974,Medium
693,1,0.5150858275567939,51.50858275567939,Medium
694,0,0.48169063173638804,48.169063173638804,Medium
695,1,0.5298303907088591,52.98303907088591,Medium
696,1,0.5615369831445512,56.15369831445513,Medium
697,0,0.4886946048399654,48.86946048399654,Medium
698,0,0.45770319344993465,45.77031934499347,Medium
699,0,0.4987506699025035,49.875066990250346,Medium
700,0,0.488378023645576,48.8378023645576,Medium
701,1,0.5170278610540403,51.70278610540403,Medium
702,1,0.5008667785591392,50.08667785591392,Medium
703,0,0.4867763394728571,48.677633947285706,Medium
704,1,0.5494314590371495,54.94314590371495,Medium
705,0,0.4746865747135956,47.46865747135956,Medium
706,1,0.5001259537895212,50.01259537895212,Medium
707,0,0.4730743503213011,47.30743503213011,Medium
708,1,0.5442661964360281,54.42661964360281,Medium
709,0,0.482386696423806,48.2386696423806,Medium
710,1,0.5179182337624579,51.791823376245794,Medium
711,1,0.5288020636374082,52.880206363740825,Medium
712,0,0.4996220664596087,49.96220664596087,Medium
713,0,0.4810597907879295,48.10597907879295,Medium
714,0,0.4764315445118622,47.64315445118622,Medium
715,0,0.48369783089444085,48.369783089444084,Medium
716,0,0.4717438255651064,47.17438255651064,Medium
717,0,0.4936629802601281,49.366298026012814,Medium
718,1,0.5001739733553525,50.01739733553525,Medium
719,0,0.40954076279446067,40.95407627944606,Medium
720,0,0.4352151371463107,43.52151371463107,Medium
721,1,0.5254384403541715,52.54384403541715,Medium
722,0,0.46799147419514536,46.79914741951453,Medium
723,1,0.5172690255350038,51.72690255350037,Medium
724,0,0.4861133768310455,48.61133768310455,Medium
725,0,0.4967468345845223,49.67468345845223,Medium
726,1,0.5227375725003288,52.27375725003288,Medium
727,1,0.5241363042575872,52.41363042575872,Medium
728,1,0.5372373087421637,53.72373087421637,Medium
729,0,0.4147327815090409,41.47327815090409,Medium
730,1,0.5105928807692834,51.05928807692835,Medium
731,0,0.4272353011658209,42.72353011658209,Medium
732,0,0.4768326148369653,47.68326148369653,Medium
733,0,0.49042090823957885,49.042090823957885,Medium
734,1,0.5045715930214524,50.457159302145236,Medium
735,1,0.5133072421947736,51.33072421947736,Medium
736,0,0.48984136510054127,48.98413651005413,Medium
737,0,0.4763506160735758,47.635061607357585,Medium
738,0,0.4878174760120282,48.78174760120282,Medium
739,1,0.5110821596217638,51.10821596217639,Medium
740,0,0.470520133836179,47.052013383617904,Medium
741,0,0.46837949938711193,46.83794993871119,Medium
742,0,0.4684190209899342,46.84190209899342,Medium
743,0,0.4908075430469642,49.08075430469642,Medium
744,0,0.4858989445287843,48.58989445287843,Medium
745,0,0.47300140344848607,47.30014034484861,Medium
746,1,0.5236147791330878,52.36147791330878,Medium
747,1,0.5104865986487181,51.048659864871816,Medium
748,1,0.5196290600707058,51.96290600707057,Medium
749,0,0.4190157094024076,41.90157094024076,Medium
750,0,0.49882823524801295,49.882823524801296,Medium
751,1,0.5097249745035287,50.97249745035287,Medium
752,0,0.49025672957774213,49.02567295777421,Medium
753,1,0.5201653436457354,52.016534364573545,Medium
754,0,0.4794859959805883,47.94859959805883,Medium
755,0,0.4517207445534222,45.17207445534222,Medium
756,1,0.5019294716650536,50.19294716650536,Medium
757,1,0.5160962915675424,51.609629156754245,Medium
758,0,0.4968571433792796,49.68571433792796,Medium
759,0,0.48848002679537067,48.84800267953707,Medium
760,0,0.46499315362787946,46.49931536278795,Medium
761,0,0.4884034800261377,48.84034800261377,Medium
762,1,0.5286518907930853,52.86518907930853,Medium
763,0,0.48972324550909646,48.97232455090965,Medium
764,1,0.5242974141342391,52.42974141342391,Medium
765,1,0.5212551874364632,52.12551874364632,Medium
766,1,0.5118160582777007,51.18160582777007,Medium
767,0,0.47590476913730007,47.59047691373001,Medium
768,1,0.513499207034386,51.3499207034386,Medium
769,0,0.4847925101209869,48.479251012098686,Medium
770,1,0.525797816186198,52.579781618619805,Medium
771,0,0.49968428264665893,49.968428264665896,Medium
772,1,0.5004262387591046,50.042623875910465,Medium
773,0,0.4834165047232135,48.34165047232135,Medium
774,1,0.5264871684606444,52.64871684606444,Medium
775,1,0.5172367507178136,51.72367507178136,Medium
776,0,0.47071944318259634,47.07194431825963,Medium
777,0,0.497889274820618,49.7889274820618,Medium
778,1,0.5354668612750533,53.546686127505325,Medium
779,1,0.5384155356911434,53.84155356911434,Medium
780,0,0.4943367181026525,49.43367181026525,Medium
781,0,0.4752343293410955,47.52343293410955,Medium
782,1,0.515332197196754,51.53321971967541,Medium
783,0,0.4985816721646586,49.85816721646586,Medium
784,0,0.4903938341667561,49.039383416675605,Medium
785,1,0.5088244440465713,50.882444404657136,Medium
786,1,0.5314060106506246,53.14060106506246,Medium
787,0,0.4969106155179029,49.69106155179029,Medium
788,1,0.5154334974931294,51.54334974931294,Medium
789,0,0.49359586723931465,49.359586723931464,Medium
790,0,0.4684751151543414,46.84751151543414,Medium
791,1,0.5331116652900478,53.31116652900478,Medium
792,0,0.4993170442249813,49.93170442249813,Medium
793,1,0.5090970431172122,50.909704311721214,Medium
794,1,0.521935787251963,52.193578725196296,Medium
795,0,0.48321502359758683,48.32150235975868,Medium
796,0,0.4994440837811179,49.94440837811179,Medium
797,0,0.480208243737543,48.0208243737543,Medium
798,0,0.47257934394876827,47.25793439487683,Medium
799,1,0.5070275976678879,50.70275976678879,Medium
800,0,0.467279752873596,46.727975287359605,Medium
801,0,0.4696316153512208,46.963161535122076,Medium
802,1,0.5144472985878827,51.44472985878827,Medium
803,1,0.5124851298702441,51.248512987024405,Medium
804,0,0.48658084092909826,48.658084092909824,Medium
805,1,0.5206421110855588,52.06421110855588,Medium
806,0,0.49624529831933617,49.624529831933614,Medium
807,1,0.5115044610956606,51.15044610956606,Medium
808,1,0.5485912676467669,54.85912676467669,Medium
809,0,0.49572689935333775,49.57268993533378,Medium
810,0,0.4814834180703534,48.14834180703534,Medium
811,0,0.45957747231151397,45.957747231151394,Medium
812,1,0.5313552496164298,53.13552496164298,Medium
813,0,0.47058790507014125,47.05879050701412,Medium
814,0,0.4941089951197898,49.410899511978975,Medium
815,0,0.49781699399936546,49.78169939993655,Medium
816,1,0.5053147974750808,50.53147974750808,Medium
817,1,0.5388364800319823,53.883648003198225,Medium
818,0,0.49684265537576955,49.684265537576955,Medium
819,0,0.48998938051079993,48.998938051079996,Medium
820,0,0.48477332183581034,48.477332183581034,Medium
821,0,0.3996718576855684,39.96718576855684,Medium
822,0,0.49725075158809484,49.72507515880948,Medium
823,0,0.4738322228497492,47.38322228497492,Medium
824,0,0.4196182048519334,41.96182048519334,Medium
825,0,0.493532765872653,49.3532765872653,Medium
826,0,0.4810366050148286,48.10366050148286,Medium
827,1,0.5352263132733057,53.52263132733057,Medium
828,1,0.5320909022419827,53.20909022419828,Medium
829,0,0.4974946810547079,49.74946810547079,Medium
830,1,0.5047919207255743,50.47919207255743,Medium
831,0,0.45339550376758614,45.339550376758616,Medium
832,1,0.5370508310228791,53.70508310228791,Medium
833,0,0.49667385125324065,49.66738512532407,Medium
834,1,0.5393580315171995,53.93580315171995,Medium
835,0,0.48149511922678717,48.14951192267872,Medium
836,0,0.4918802713815494,49.188027138154936,Medium
837,1,0.5029935997868777,50.299359978687775,Medium
838,1,0.5008559650415768,50.08559650415768,Medium
839,0,0.49007913397998093,49.007913397998095,Medium
840,0,0.4679869837324086,46.79869837324086,Medium
841,1,0.5114238260061236,51.14238260061236,Medium
842,0,0.4830691140010082,48.30691140010082,Medium
843,1,0.5174076468382807,51.74076468382807,Medium
844,0,0.4750576749858245,47.50576749858245,Medium
845,0,0.4121097167386005,41.210971673860044,Medium
846,0,0.4902166698681444,49.02166698681444,Medium
847,1,0.5029016385787648,50.29016385787648,Medium
848,1,0.5025698224693878,50.256982246938776,Medium
849,0,0.46553227648844686,46.55322764884468,Medium
850,1,0.505768951874972,50.57689518749719,Medium
851,0,0.4635021064280783,46.35021064280783,Medium
852,0,0.4830561197085225,48.305611970852254,Medium
853,1,0.5152759614506333,51.52759614506333,Medium
854,1,0.5363003156050353,53.63003156050353,Medium
855,1,0.5303520365053619,53.03520365053619,Medium
856,1,0.5479999341153103,54.799993411531034,Medium
857,1,0.5106523562754726,51.06523562754725,Medium
858,0,0.4985342911743182,49.853429117431816,Medium
859,1,0.5098374189927664,50.98374189927664,Medium
860,0,0.49162372200417986,49.162372200417984,Medium
861,0,0.4778358907246109,47.78358907246109,Medium
862,0,0.4869872075378131,48.69872075378131,Medium
863,1,0.523572697347026,52.357269734702605,Medium
864,1,0.5065141403456789,50.651414034567885,Medium
865,0,0.4765736761746253,47.65736761746253,Medium
866,1,0.5213242903861107,52.13242903861107,Medium
867,0,0.4181806648824208,41.81806648824208,Medium
868,1,0.5052490809681468,50.52490809681468,Medium
869,0,0.4841829361289826,48.41829361289826,Medium
870,0,0.49195680361261274,49.195680361261275,Medium
871,1,0.5098567900397201,50.98567900397201,Medium
872,0,0.49175407033813545,49.17540703381354,Medium
873,1,0.5054000730286852,50.54000730286852,Medium
874,1,0.5042607488227893,50.426074882278925,Medium
875,0,0.4946699416463621,49.466994164636205,Medium
876,0,0.47892779041377004,47.892779041377004,Medium
877,0,0.4120578318653007,41.20578318653007,Medium
878,1,0.5279631890452838,52.796318904528384,Medium
879,1,0.5267066823537896,52.67066823537896,Medium
880,1,0.5235327683180502,52.35327683180502,Medium
881,1,0.5056544398174723,50.56544398174723,Medium
882,0,0.4666724076291416,46.66724076291416,Medium
883,0,0.4817410841994983,48.17410841994983,Medium
884,1,0.5035111853201054,50.35111853201054,Medium
885,0,0.48594033501186784,48.594033501186786,Medium
886,0,0.4736716378854587,47.36716378854587,Medium
887,0,0.4934746782250127,49.347467822501265,Medium
888,1,0.520626716512132,52.0626716512132,Medium
889,1,0.5262579149279784,52.62579149279784,Medium
890,0,0.45781644936849686,45.78164493684969,Medium
891,0,0.4767486376367438,47.67486376367438,Medium
892,1,0.5335452829931665,53.35452829931665,Medium
893,1,0.5182976449133491,51.829764491334906,Medium
894,1,0.5593553615205725,55.93553615205725,Medium
895,0,0.49759326508895274,49.75932650889527,Medium
896,0,0.4829941713722713,48.29941713722713,Medium
897,1,0.5250449027745783,52.504490277457826,Medium
898,0,0.4950705078093657,49.50705078093657,Medium
899,1,0.5175662909269649,51.75662909269649,Medium
900,0,0.4931963830436939,49.31963830436939,Medium
901,0,0.4824733149924512,48.24733149924512,Medium
902,1,0.5032244726692449,50.322447266924485,Medium
903,0,0.490216423097456,49.0216423097456,Medium
904,0,0.4752097942944702,47.52097942944702,Medium
905,1,0.5341146116325075,53.41146116325075,Medium
906,1,0.5059165564022515,50.591655640225156,Medium
907,1,0.5058355975439156,50.58355975439156,Medium
908,0,0.4809481787375184,48.094817873751836,Medium
909,0,0.493619924920178,49.3619924920178,Medium
910,1,0.5461925259381019,54.61925259381019,Medium
911,0,0.4750423586122308,47.50423586122308,Medium
912,1,0.5132825377021887,51.328253770218865,Medium
913,1,0.5171039426520669,51.710394265206695,Medium
914,1,0.5193057454526799,51.930574545267994,Medium
915,1,0.5157215749046895,51.57215749046895,Medium
916,1,0.5013492223371625,50.13492223371625,Medium
917,1,0.5188481070545875,51.88481070545875,Medium
918,1,0.5147058902517928,51.47058902517928,Medium
919,0,0.4956648523837764,49.56648523837764,Medium
920,1,0.5135672617345454,51.35672617345454,Medium
921,1,0.5285057440564008,52.85057440564008,Medium
922,0,0.4020718131187085,40.20718131187085,Medium
923,1,0.5510954023032054,55.10954023032054,Medium
924,0,0.48932668989577793,48.93266898957779,Medium
925,0,0.45222479162463197,45.222479162463195,Medium
926,0,0.49105162906893507,49.105162906893504,Medium
927,1,0.5129362028181707,51.29362028181706,Medium
928,0,0.46930162890675414,46.93016289067541,Medium
929,1,0.5467854047741003,54.67854047741003,Medium
930,1,0.5198767472193546,51.98767472193546,Medium
931,0,0.4873766236804759,48.73766236804759,Medium
932,0,0.4750995149774605,47.50995149774605,Medium
933,1,0.5018017348431384,50.18017348431384,Medium
934,1,0.51240417857247,51.240417857247,Medium
935,1,0.5022551487840845,50.22551487840845,Medium
936,0,0.49531422349030585,49.531422349030585,Medium
937,1,0.5429168427322666,54.29168427322666,Medium
938,0,0.4185213660193937,41.85213660193937,Medium
939,0,0.4923314429684852,49.23314429684852,Medium
940,0,0.4909197711930047,49.091977119300466,Medium
941,0,0.45860156508420247,45.860156508420246,Medium
942,1,0.543574618479889,54.357461847988894,Medium
943,1,0.5242888702440333,52.42888702440332,Medium
944,1,0.5322599750078886,53.22599750078886,Medium
945,1,0.5137615263314615,51.376152633146155,Medium
946,0,0.48817302243233557,48.817302243233556,Medium
947,1,0.5191190338440209,51.911903384402095,Medium
948,1,0.5274896640464546,52.74896640464546,Medium
949,0,0.4943012117241987,49.430121172419874,Medium
950,1,0.5104176394209015,51.04176394209014,Medium
951,1,0.5218781038716958,52.18781038716958,Medium
952,0,0.4946096099304281,49.46096099304281,Medium
953,0,0.49489087513866886,49.489087513866885,Medium
954,0,0.4976440777151226,49.76440777151226,Medium
955,0,0.4677470186744485,46.774701867444854,Medium
956,0,0.4964891978326673,49.648919783266734,Medium
957,0,0.4802715048024954,48.02715048024954,Medium
958,0,0.49977228750495345,49.97722875049534,Medium
959,1,0.5045839811247693,50.458398112476935,Medium
960,0,0.48674672895455584,48.674672895455586,Medium
961,1,0.548434414485306,54.843441448530605,Medium
962,1,0.5221384365631179,52.21384365631179,Medium
963,0,0.41366452496690875,41.366452496690876,Medium
964,1,0.5316844663146556,53.16844663146556,Medium
965,0,0.49648648063249146,49.64864806324915,Medium
966,0,0.49083203015467936,49.08320301546794,Medium
967,0,0.4788109868794837,47.88109868794837,Medium
968,1,0.5117495541338417,51.17495541338417,Medium
969,1,0.5007476561971149,50.07476561971149,Medium
970,0,0.47039563396924944,47.03956339692495,Medium
971,0,0.4861105498905894,48.611054989058935,Medium
972,0,0.49210340348744536,49.21034034874454,Medium
973,0,0.4961700294310741,49.61700294310741,Medium
974,1,0.510574543096524,51.05745430965239,Medium
975,0,0.47868193041735735,47.868193041735736,Medium
976,1,0.523760113254764,52.3760113254764,Medium
977,0,0.4685848492250737,46.85848492250737,Medium
978,1,0.5211141710733546,52.111417107335456,Medium
979,0,0.49939252490129493,49.93925249012949,Medium
980,1,0.5275322825184074,52.753228251840746,Medium
981,0,0.4570129425721447,45.70129425721447,Medium
982,0,0.4507404616954259,45.07404616954259,Medium
983,1,0.5261807019203439,52.618070192034395,Medium
984,1,0.5221504654243985,52.21504654243985,Medium
985,1,0.5283300776852482,52.83300776852482,Medium
986,0,0.4801045839673844,48.01045839673844,Medium
987,0,0.49625662032791473,49.625662032791475,Medium
988,0,0.4471387578792698,44.71387578792698,Medium
989,0,0.4648278409933892,46.48278409933892,Medium
990,0,0.46416541755615076,46.41654175561508,Medium
991,1,0.5030173214521118,50.301732145211176,Medium
992,1,0.5397884959468321,53.97884959468321,Medium
993,0,0.48442031333751084,48.44203133375108,Medium
994,0,0.47537760227560727,47.537760227560725,Medium
995,0,0.4457365098918382,44.57365098918382,Medium
996,1,0.5218277021808453,52.18277021808453,Medium
997,0,0.4988081102369502,49.880811023695024,Medium
998,0,0.49896839914371155,49.89683991437116,Medium
999,0,0.4734715763041768,47.34715763041768,Medium
1000,0,0.48499884519962455,48.49988451996246,Medium
1001,0,0.47008052823243063,47.00805282324306,Medium
1002,0,0.47863185963877686,47.86318596387768,Medium
1003,1,0.5152426560923048,51.52426560923048,Medium
1004,0,0.4955468146649564,49.554681466495644,Medium
1005,0,0.4152588893815217,41.52588893815217,Medium
1006,0,0.48485096151286655,48.485096151286655,Medium
1007,0,0.4817769312775073,48.17769312775073,Medium
1008,0,0.49742323967972596,49.742323967972595,Medium
1009,1,0.5265618383649131,52.65618383649131,Medium
1010,1,0.5216474999691625,52.16474999691625,Medium
1011,0,0.48525632855569223,48.52563285556922,Medium
1012,0,0.47459132394850356,47.45913239485036,Medium
1013,0,0.4973535497735981,49.735354977359805,Medium
1014,1,0.5035530548988376,50.35530548988376,Medium
1015,1,0.5103807077053774,51.038070770537736,Medium
1016,1,0.5179190985341058,51.79190985341058,Medium
1017,1,0.5017773191204349,50.17773191204349,Medium
1018,1,0.5027395355655233,50.27395355655233,Medium
1019,1,0.5262819254948025,52.62819254948025,Medium
1020,0,0.4784969016891302,47.84969016891302,Medium
1021,0,0.46704179744353413,46.70417974435341,Medium
1022,1,0.5136516494702702,51.36516494702702,Medium
1023,1,0.5138496981507649,51.38496981507649,Medium
1024,0,0.47019390332550126,47.019390332550124,Medium
1025,0,0.49474068292072326,49.474068292072324,Medium
1026,0,0.4218241177306834,42.18241177306834,Medium
1027,1,0.533000952409172,53.3000952409172,Medium
1028,1,0.5342088868146607,53.420888681466074,Medium
1029,1,0.5224145878498987,52.24145878498987,Medium
1030,1,0.5003406295793974,50.03406295793974,Medium
1031,0,0.44566566687304726,44.56656668730473,Medium
1032,1,0.5106622261813721,51.06622261813721,Medium
1033,1,0.5234918559273216,52.34918559273216,Medium
1034,0,0.49939431236249776,49.939431236249774,Medium
1035,0,0.48763268211518584,48.763268211518586,Medium
1036,0,0.47918713372971455,47.91871337297145,Medium
1037,0,0.48038816913573845,48.03881691357385,Medium
1038,1,0.5135245960792938,51.352459607929376,Medium
1039,1,0.511526896985284,51.1526896985284,Medium
1040,1,0.5045778103945575,50.45778103945575,Medium
1041,1,0.5097849983425937,50.978499834259374,Medium
1042,0,0.4964138105171016,49.64138105171016,Medium
1043,1,0.5163268290682347,51.63268290682347,Medium
1044,0,0.48139895738071836,48.139895738071836,Medium
1045,0,0.4726643231618564,47.26643231618564,Medium
1046,0,0.47449389165907274,47.44938916590728,Medium
1047,1,0.5119210954558044,51.19210954558044,Medium
1048,0,0.4713636083964296,47.13636083964296,Medium
1049,0,0.47973236712313205,47.9732367123132,Medium
1050,0,0.4999260404524706,49.992604045247056,Medium
1051,1,0.5317188480792572,53.17188480792572,Medium
1052,0,0.4555829448247096,45.55829448247096,Medium
1053,1,0.5043413832575582,50.43413832575582,Medium
1054,1,0.5542072966366585,55.420729663665846,Medium
1055,0,0.4983062654962879,49.83062654962879,Medium
1056,0,0.49790901606736737,49.79090160673674,Medium
1057,1,0.541482913230383,54.1482913230383,Medium
1058,1,0.5534122625686279,55.34122625686278,Medium
1059,1,0.5229539795636658,52.295397956366585,Medium
1060,1,0.5228985970093969,52.28985970093969,Medium
1061,0,0.48887887649421935,48.887887649421934,Medium
1062,1,0.5276870778327882,52.76870778327882,Medium
1063,1,0.5171804287112121,51.718042871121206,Medium
1064,1,0.510571665978162,51.05716659781619,Medium
1065,0,0.4898120321903093,48.98120321903093,Medium
1066,0,0.4861177490037932,48.61177490037932,Medium
1067,0,0.49474925430171446,49.474925430171446,Medium
1068,1,0.5071039836061583,50.71039836061583,Medium
1069,0,0.46967375949398166,46.96737594939817,Medium
1070,0,0.49510985365178106,49.51098536517811,Medium
1071,1,0.5101418740755012,51.01418740755012,Medium
1072,0,0.41741380682945906,41.7413806829459,Medium
1073,1,0.512809371829317,51.280937182931694,Medium
1074,0,0.4703649057339981,47.03649057339981,Medium
1075,1,0.5426992538295277,54.26992538295276,Medium
1076,1,0.502867458915288,50.286745891528795,Medium
1077,1,0.5072768464329478,50.72768464329478,Medium
1078,0,0.4540735292190568,45.407352921905684,Medium
1079,0,0.48273099206765985,48.273099206765984,Medium
1080,0,0.48545862182816524,48.54586218281652,Medium
1081,1,0.5335438693503813,53.354386935038136,Medium
1082,0,0.49100621088607865,49.100621088607866,Medium
1083,0,0.4710498017234168,47.10498017234168,Medium
1084,1,0.500706872504475,50.0706872504475,Medium
1085,1,0.5338286403393053,53.38286403393053,Medium
1086,0,0.49181100678639683,49.18110067863968,Medium
1087,0,0.49359885274059623,49.35988527405962,Medium
1088,0,0.4769098871629399,47.690988716293994,Medium
1089,1,0.5083596320409579,50.83596320409579,Medium
1090,0,0.485806383958093,48.5806383958093,Medium
1091,0,0.4889555103823254,48.89555103823254,Medium
1092,1,0.5066554411081241,50.66554411081241,Medium
1093,0,0.48863021124531447,48.86302112453145,Medium
1094,1,0.5219490735128011,52.19490735128011,Medium
1095,1,0.5180290814669142,51.802908146691415,Medium
1096,0,0.4269345527802791,42.69345527802791,Medium
1097,1,0.5152869963370408,51.52869963370408,Medium
1098,0,0.4858289401051974,48.58289401051974,Medium
1099,0,0.4927621989763354,49.27621989763354,Medium
1100,0,0.4996063529501741,49.96063529501741,Medium
1101,0,0.4766093539645426,47.66093539645426,Medium
1102,0,0.46879222929816333,46.879222929816336,Medium
1103,0,0.4953194747851127,49.53194747851127,Medium
1104,0,0.49711449567686705,49.71144956768671,Medium
1105,0,0.4778376838962336,47.78376838962336,Medium
1106,0,0.4783737364117069,47.837373641170686,Medium
1107,0,0.477430298722177,47.743029872217704,Medium
1108,1,0.5030783659397522,50.30783659397522,Medium
1109,0,0.49949795155656457,49.94979515565646,Medium
1110,0,0.4858888561724978,48.58888561724978,Medium
1111,0,0.48655146232642515,48.655146232642515,Medium
1112,1,0.5019409668048932,50.19409668048932,Medium
1113,1,0.5211734386741973,52.11734386741973,Medium
1114,0,0.46135982153146887,46.135982153146884,Medium
1115,1,0.527759230427929,52.775923042792904,Medium
1116,0,0.4968825205356726,49.68825205356726,Medium
1117,0,0.48863485127337514,48.86348512733751,Medium
1118,1,0.5041179035001161,50.41179035001161,Medium
1119,1,0.5300346139837847,53.00346139837847,Medium
1120,0,0.4262056281117891,42.62056281117891,Medium
1121,1,0.5513014374574197,55.13014374574197,Medium
1122,1,0.5116116485858254,51.161164858582545,Medium
1123,1,0.5078354270578139,50.78354270578139,Medium
1124,0,0.49045567793115946,49.04556779311594,Medium
1125,1,0.5140180735496583,51.40180735496583,Medium
1126,0,0.4807767394260119,48.07767394260119,Medium
1127,1,0.5320022478484081,53.20022478484081,Medium
1128,0,0.4935605620848243,49.35605620848243,Medium
1129,0,0.4942708587656416,49.427085876564156,Medium
1130,1,0.5464618627266209,54.64618627266209,Medium
1131,0,0.46524652745988326,46.52465274598833,Medium
1132,0,0.47452826938078535,47.45282693807854,Medium
1133,1,0.5006508668914629,50.065086689146284,Medium
1134,1,0.525936880018133,52.5936880018133,Medium
1135,0,0.49073175057097157,49.07317505709716,Medium
1136,1,0.5176977634601165,51.76977634601165,Medium
1137,1,0.5256218504791198,52.56218504791198,Medium
1138,1,0.535634792759066,53.5634792759066,Medium
1139,1,0.5029247802189579,50.29247802189579,Medium
1140,1,0.5504178994657591,55.04178994657592,Medium
1141,0,0.46587081952748943,46.587081952748946,Medium
1142,0,0.47521857232614245,47.521857232614245,Medium
1143,1,0.5100157274753413,51.00157274753413,Medium
1144,0,0.48397185891269306,48.39718589126931,Medium
1145,1,0.551467137563771,55.146713756377096,Medium
1146,1,0.5348482777159403,53.484827771594034,Medium
1147,1,0.5041896812584867,50.41896812584867,Medium
1148,1,0.5285315245668256,52.853152456682565,Medium
1149,1,0.5276951180456195,52.76951180456195,Medium
1150,1,0.5091936861502971,50.91936861502971,Medium
1151,0,0.4830679076671907,48.30679076671907,Medium
1152,1,0.5332436953853842,53.32436953853842,Medium
1153,0,0.4616891391331389,46.168913913313894,Medium
1154,0,0.4904113406738329,49.04113406738329,Medium
1155,1,0.5034764017772096,50.34764017772096,Medium
1156,1,0.5017826163885587,50.17826163885587,Medium
1157,0,0.433300256633542,43.3300256633542,Medium
1158,0,0.4905105002961458,49.05105002961458,Medium
1159,1,0.5087109553704637,50.87109553704637,Medium
1160,1,0.530201021239038,53.0201021239038,Medium
1161,1,0.5187804912927025,51.87804912927025,Medium
1162,1,0.5215785364130894,52.15785364130894,Medium
1163,1,0.5234657505178859,52.34657505178859,Medium
1164,0,0.4797479353549439,47.97479353549439,Medium
1165,1,0.5096287009670261,50.96287009670261,Medium
1166,0,0.48963584903572555,48.96358490357255,Medium
1167,1,0.5322001739116572,53.22001739116572,Medium
1168,1,0.5167190390186448,51.67190390186448,Medium
1169,1,0.5030144181568827,50.30144181568828,Medium
1170,1,0.5184983312936458,51.849833129364576,Medium
1171,0,0.48550287010505083,48.55028701050508,Medium
1172,1,0.5029892427956593,50.298924279565924,Medium
1173,1,0.5068209049424002,50.682090494240015,Medium
1174,0,0.4954653872912003,49.54653872912003,Medium
1175,0,0.48452678206029837,48.45267820602984,Medium
1176,0,0.496030970045752,49.6030970045752,Medium
1177,1,0.5137988490340675,51.37988490340675,Medium
1178,1,0.5311195536851817,53.111955368518174,Medium
1179,1,0.5376486463540061,53.76486463540061,Medium
1180,0,0.476016988349618,47.601698834961795,Medium
1181,0,0.49927818318291944,49.92781831829195,Medium
1182,1,0.5270444804336175,52.70444804336175,Medium
1183,0,0.48479364736232083,48.479364736232085,Medium
1184,1,0.5353066902283514,53.53066902283514,Medium
1185,0,0.48583753340384417,48.58375334038442,Medium
1186,0,0.49809689110458877,49.809689110458876,Medium
1187,0,0.4849768543701117,48.49768543701117,Medium
1188,1,0.5234726111731454,52.34726111731454,Medium
1189,1,0.5208146086628903,52.08146086628903,Medium
1190,0,0.483137543637111,48.3137543637111,Medium
1191,0,0.4799450235115519,47.99450235115519,Medium
1192,1,0.50916607919273,50.916607919273005,Medium
1193,0,0.49269723604925914,49.269723604925915,Medium
1194,0,0.49900694330354395,49.9006943303544,Medium
1195,1,0.5215933045600654,52.159330456006536,Medium
1196,1,0.5109376056458247,51.09376056458247,Medium
1197,0,0.49927119346729826,49.927119346729825,Medium
1198,1,0.5186499682009347,51.86499682009347,Medium
1199,0,0.4639772415273428,46.397724152734284,Medium
1200,1,0.5016516639382973,50.16516639382973,Medium
1201,0,0.4977933810812832,49.77933810812832,Medium
1202,1,0.546685333894819,54.6685333894819,Medium
1203,0,0.47453768005464264,47.45376800546426,Medium
1204,0,0.4930000058159504,49.300000581595036,Medium
1205,1,0.5189311630966944,51.89311630966944,Medium
1206,0,0.45671239062765384,45.67123906276539,Medium
1207,1,0.526074377650856,52.6074377650856,Medium
1208,1,0.5057115554647275,50.571155546472745,Medium
1209,1,0.5162643730192905,51.62643730192905,Medium
1210,0,0.48583129871107245,48.583129871107246,Medium
1211,0,0.4971870931397955,49.718709313979545,Medium
1212,0,0.49713391436849375,49.71339143684938,Medium
1213,1,0.5559960007112569,55.599600071125685,Medium
1214,1,0.527376856950192,52.737685695019195,Medium
1215,1,0.5145857752847771,51.45857752847771,Medium
1216,1,0.5120598357702383,51.20598357702383,Medium
1217,1,0.5046203707509263,50.462037075092624,Medium
1218,0,0.49243149189302643,49.24314918930264,Medium
1219,1,0.509763256409081,50.9763256409081,Medium
1220,1,0.500566266503577,50.05662665035771,Medium
1221,1,0.51856586361691,51.856586361691,Medium
1222,0,0.4781746453062425,47.81746453062425,Medium
1223,1,0.5208241883303112,52.08241883303112,Medium
1224,1,0.5186181434563234,51.86181434563234,Medium
1225,1,0.5110740126528323,51.10740126528322,Medium
1226,1,0.5219258070700626,52.192580707006265,Medium
1227,0,0.4907658036199264,49.07658036199264,Medium
1228,0,0.48968082053085765,48.968082053085766,Medium
1229,1,0.5247139699248135,52.471396992481345,Medium
1230,1,0.5058954686990376,50.58954686990376,Medium
1231,1,0.5095428587084948,50.95428587084948,Medium
1232,0,0.47129684720463666,47.129684720463665,Medium
1233,0,0.493186435153808,49.3186435153808,Medium
1234,1,0.5110578989268553,51.10578989268553,Medium
1235,0,0.4662850220872367,46.628502208723674,Medium
1236,1,0.5254474434142707,52.54474434142708,Medium
1237,1,0.5008129103568149,50.08129103568149,Medium
1238,0,0.48646502242393735,48.64650224239374,Medium
1239,1,0.5001458538942616,50.01458538942616,Medium
1240,1,0.5473003870672316,54.730038706723164,Medium
1241,1,0.5216769148574629,52.16769148574629,Medium
1242,0,0.49493515890916023,49.49351589091602,Medium
1243,1,0.5001459272122972,50.014592721229725,Medium
1244,1,0.5124551943975442,51.24551943975442,Medium
1245,0,0.49503882366603863,49.50388236660386,Medium
1246,1,0.5473760993370205,54.737609933702046,Medium
1247,0,0.4640304500858507,46.40304500858507,Medium
1248,1,0.5084233245824846,50.842332458248464,Medium
1249,0,0.4937971816067323,49.37971816067323,Medium
1250,1,0.5377538768859591,53.77538768859591,Medium
1251,0,0.4568764362087334,45.687643620873345,Medium
1252,0,0.47599317923802403,47.5993179238024,Medium
1253,0,0.49308943777163783,49.30894377716378,Medium
1254,1,0.5256972909081578,52.56972909081578,Medium
1255,0,0.49251759604471995,49.25175960447199,Medium
1256,1,0.5400760080535605,54.00760080535605,Medium
1257,0,0.4837225498738945,48.372254987389454,Medium
1258,1,0.5288238959870252,52.88238959870252,Medium
1259,1,0.5042933727253675,50.42933727253674,Medium
1260,0,0.4988315747890383,49.883157478903826,Medium
1261,0,0.499972710129761,49.9972710129761,Medium
1262,1,0.5115709986253937,51.15709986253937,Medium
1263,1,0.5168578504793967,51.68578504793967,Medium
1264,0,0.4569243761823508,45.69243761823508,Medium
1265,0,0.4867849908408489,48.67849908408489,Medium
1266,0,0.4990672482910188,49.906724829101876,Medium
1267,1,0.5148486296377742,51.484862963777424,Medium
1268,0,0.48044656986953455,48.044656986953456,Medium
1269,1,0.5390398265976416,53.90398265976416,Medium
1270,0,0.4694784368618347,46.94784368618347,Medium
1271,0,0.4961353187187014,49.613531871870144,Medium
1272,0,0.4802700366627164,48.02700366627164,Medium
1273,0,0.478397546600102,47.8397546600102,Medium
1274,1,0.522581655898848,52.2581655898848,Medium
1275,1,0.5106214400471428,51.062144004714284,Medium
1276,0,0.4898072508464057,48.98072508464057,Medium
1277,0,0.4713424271738811,47.134242717388105,Medium
1278,1,0.5057272137858485,50.57272137858485,Medium
1279,0,0.48751049816975695,48.751049816975694,Medium
1280,0,0.4795307840785001,47.95307840785001,Medium
1281,1,0.5168440390773633,51.68440390773633,Medium
1282,0,0.47034204280350217,47.03420428035022,Medium
1283,1,0.5027078609819917,50.270786098199174,Medium
1284,0,0.48216259142821133,48.21625914282113,Medium
1285,1,0.5101419142339996,51.01419142339996,Medium
1286,0,0.4785248181867729,47.85248181867729,Medium
1287,1,0.5162885073979416,51.62885073979416,Medium
1288,0,0.41897781762983916,41.89778176298392,Medium
1289,1,0.50515367826538,50.515367826538004,Medium
1290,0,0.4683370781105246,46.83370781105246,Medium
1291,1,0.5106556083798307,51.06556083798307,Medium
1292,0,0.4703701935620897,47.03701935620897,Medium
1293,1,0.5563164537101177,55.63164537101177,Medium
1294,0,0.49646781987610134,49.64678198761013,Medium
1295,0,0.4846544756375546,48.46544756375546,Medium
1296,0,0.48226707262214885,48.22670726221489,Medium
1297,1,0.5182074927910949,51.82074927910949,Medium
1298,1,0.5001870397322812,50.01870397322812,Medium
1299,0,0.47502828822491583,47.50282882249158,Medium
1300,1,0.5020801985289994,50.208019852899945,Medium
1301,1,0.5036450516226043,50.36450516226043,Medium
1302,0,0.4741718237553656,47.41718237553656,Medium
1303,1,0.5078350042470059,50.78350042470059,Medium
1304,0,0.49332346597372584,49.332346597372585,Medium
1305,0,0.45953760000192645,45.953760000192645,Medium
1306,0,0.47895672780387166,47.895672780387166,Medium
1307,1,0.5006762065210147,50.067620652101475,Medium
1308,1,0.5046579310469324,50.46579310469323,Medium
1309,0,0.48184590044462294,48.1845900444623,Medium
1310,1,0.5042894922984641,50.42894922984641,Medium
1311,1,0.5036729878719848,50.36729878719848,Medium
1312,0,0.4757814892613075,47.57814892613075,Medium
1313,1,0.5086437645512394,50.86437645512394,Medium
1314,0,0.4205754715180509,42.05754715180509,Medium
1315,0,0.48941422902129794,48.941422902129794,Medium
1316,0,0.4904348830027222,49.04348830027222,Medium
1317,1,0.5028059786081663,50.280597860816634,Medium
1318,1,0.5274966001770264,52.74966001770264,Medium
1319,0,0.4926285646755468,49.26285646755468,Medium
1320,1,0.5270538946745126,52.705389467451255,Medium
1321,0,0.495596975125427,49.5596975125427,Medium
1322,0,0.4997432054493228,49.97432054493228,Medium
1323,1,0.5168329910984413,51.68329910984413,Medium
1324,0,0.4987945572636912,49.87945572636912,Medium
1325,1,0.513385309268757,51.338530926875706,Medium
1326,1,0.500493612825701,50.0493612825701,Medium
1327,0,0.49893933948461777,49.89393394846178,Medium
1328,0,0.4692715870685017,46.92715870685017,Medium
1329,1,0.5129738768621478,51.297387686214776,Medium
1330,1,0.5183554891868476,51.83554891868476,Medium
1331,0,0.4943117193227322,49.43117193227322,Medium
1332,1,0.5141262629692863,51.41262629692863,Medium
1333,1,0.5539378909599575,55.39378909599575,Medium
1334,0,0.4936746695676483,49.36746695676483,Medium
1335,1,0.5029398782665795,50.29398782665795,Medium
1336,0,0.49212972626736345,49.212972626736345,Medium
1337,1,0.503254122054871,50.3254122054871,Medium
1338,0,0.4748858318801825,47.488583188018254,Medium
1339,0,0.4982603843753348,49.826038437533484,Medium
1340,1,0.5176625886452698,51.76625886452698,Medium
1341,1,0.5337572481079337,53.375724810793365,Medium
1342,1,0.5017978687138768,50.17978687138768,Medium
1343,0,0.4882294363622167,48.82294363622167,Medium
1344,0,0.49388102440738385,49.388102440738386,Medium
1345,1,0.5215506297189011,52.15506297189011,Medium
1346,1,0.5423800428421071,54.2380042842107,Medium
1347,1,0.5099925818066173,50.999258180661734,Medium
1348,0,0.48261555280259083,48.26155528025908,Medium
1349,1,0.5014859267647882,50.14859267647882,Medium
1350,0,0.4899971770455896,48.99971770455896,Medium
1351,0,0.4816500739782845,48.165007397828454,Medium
1352,0,0.43327449466018375,43.32744946601837,Medium
1353,1,0.5012550846852106,50.12550846852106,Medium
1354,1,0.5474749841188117,54.74749841188117,Medium
1355,0,0.4627812725006405,46.27812725006405,Medium
1356,0,0.48232274510479434,48.232274510479435,Medium
1357,0,0.3922287706212286,39.222877062122855,Medium
1358,0,0.4960694833762255,49.60694833762255,Medium
1359,1,0.5079695238177436,50.79695238177436,Medium
1360,1,0.5312536112939932,53.125361129399316,Medium
1361,0,0.4818619084327268,48.18619084327268,Medium
1362,0,0.4991239110711495,49.91239110711495,Medium
1363,1,0.5398342006151751,53.983420061517506,Medium
1364,0,0.4674184367945099,46.74184367945099,Medium
1365,1,0.5022213598858882,50.222135988588825,Medium
1366,0,0.49856940223991963,49.85694022399196,Medium
1367,0,0.48623364391394475,48.623364391394475,Medium
1368,1,0.5032529374926689,50.32529374926688,Medium
1369,1,0.5376344011244025,53.76344011244025,Medium
1370,1,0.5254489172100442,52.54489172100442,Medium
1371,0,0.4618900098356641,46.18900098356641,Medium
1372,1,0.5309382174472426,53.09382174472426,Medium
1373,1,0.5100211110120625,51.002111101206246,Medium
1374,1,0.5040390251636215,50.40390251636215,Medium
1375,1,0.5113200817463552,51.13200817463552,Medium
1376,1,0.5184491411139348,51.84491411139348,Medium
1377,0,0.4542389402981247,45.42389402981247,Medium
1378,0,0.4900965907156436,49.00965907156436,Medium
1379,0,0.4868910303408452,48.68910303408452,Medium
1380,0,0.4964360097866989,49.64360097866989,Medium
1381,1,0.519278143200867,51.927814320086696,Medium
1382,0,0.4866088057814823,48.66088057814823,Medium
1383,1,0.502087333783886,50.2087333783886,Medium
1384,0,0.42970434374432526,42.97043437443253,Medium
1385,0,0.4884584479945855,48.84584479945855,Medium
1386,1,0.5023333272455027,50.23333272455027,Medium
1387,1,0.5004157134830474,50.041571348304736,Medium
1388,0,0.47608872134836033,47.608872134836034,Medium
1389,1,0.5243465510558315,52.43465510558315,Medium
1390,1,0.5258780633502148,52.58780633502148,Medium
1391,0,0.4801135782937776,48.01135782937776,Medium
1392,1,0.531770407575441,53.177040757544106,Medium
1393,1,0.5116394594121833,51.16394594121832,Medium
1394,0,0.49704313849146187,49.70431384914619,Medium
1395,0,0.4916647792398496,49.16647792398496,Medium
1396,0,0.4794278766619081,47.94278766619081,Medium
1397,0,0.4842300398287846,48.42300398287846,Medium
1398,1,0.5051377046204684,50.513770462046836,Medium
1399,1,0.5328604172866741,53.28604172866741,Medium
1400,0,0.49988600143864953,49.98860014386495,Medium
1401,0,0.48263638849096974,48.26363884909697,Medium
1402,0,0.43099302714531407,43.099302714531404,Medium
1403,1,0.5231301353862978,52.31301353862978,Medium
1404,1,0.5150618335299508,51.50618335299508,Medium
1405,0,0.46701044387385554,46.70104438738555,Medium
1406,0,0.48428497416674204,48.428497416674205,Medium
1407,1,0.535501304058125,53.5501304058125,Medium
1408,0,0.43725978825246614,43.725978825246614,Medium
1409,0,0.4802702266845073,48.02702266845073,Medium
1410,0,0.4947706406300891,49.47706406300891,Medium
1411,1,0.5055551890953592,50.55551890953593,Medium
1412,1,0.5033372323278569,50.33372323278569,Medium
1413,0,0.48822807854873185,48.82280785487318,Medium
1414,1,0.5208130119955574,52.08130119955574,Medium
1415,0,0.45815301184288854,45.815301184288856,Medium
1416,1,0.5273263883042356,52.73263883042356,Medium
1417,1,0.5197686824946887,51.976868249468865,Medium
1418,1,0.5204463296736679,52.04463296736679,Medium
1419,0,0.48250392087455857,48.25039208745586,Medium
1420,0,0.4949963738737455,49.49963738737455,Medium
1421,0,0.48454329401213025,48.45432940121302,Medium
1422,1,0.507461946356385,50.746194635638496,Medium
1423,0,0.4999955500347801,49.99955500347801,Medium
1424,0,0.45750993835884596,45.75099383588459,Medium
1425,0,0.49336101750411276,49.336101750411274,Medium
1426,0,0.4955413835563697,49.554138355636965,Medium
1427,0,0.4676852099920185,46.768520999201854,Medium
1428,1,0.5087087368973318,50.87087368973317,Medium
1429,0,0.4943033351899199,49.43033351899199,Medium
1430,1,0.5435719718329521,54.35719718329521,Medium
1431,0,0.49555426020632765,49.555426020632765,Medium
1432,0,0.4997040302084127,49.97040302084127,Medium
1433,0,0.46168699392832263,46.168699392832266,Medium
1434,1,0.5007670488831625,50.07670488831625,Medium
1435,1,0.517074468583585,51.707446858358495,Medium
1436,0,0.49537536284690326,49.537536284690326,Medium
1437,1,0.5236879507890962,52.36879507890963,Medium
1438,0,0.4744153861238657,47.441538612386566,Medium
1439,0,0.4944508063744778,49.44508063744778,Medium
1440,1,0.5032227844969273,50.322278449692725,Medium
1441,0,0.4900212710173299,49.00212710173299,Medium
1442,1,0.5248524941295091,52.48524941295091,Medium
1443,1,0.5156540184390944,51.56540184390944,Medium
1444,0,0.4655334506689653,46.553345066896526,Medium
1445,0,0.4719179056489639,47.191790564896394,Medium
1446,0,0.48494872044376003,48.494872044376,Medium
1447,1,0.5300411640026587,53.004116400265865,Medium
1448,0,0.4829682897163419,48.29682897163419,Medium
1449,0,0.49130881640281193,49.130881640281196,Medium
1450,1,0.5078256193940057,50.78256193940057,Medium
1451,1,0.5122661496320406,51.226614963204064,Medium
1452,1,0.5292411895365505,52.924118953655054,Medium
1453,0,0.4724047203419212,47.24047203419212,Medium
1454,1,0.5532372420406003,55.323724204060035,Medium
1455,0,0.4906364361946269,49.06364361946269,Medium
1456,0,0.4953172722615907,49.53172722615907,Medium
1457,1,0.5253415710617121,52.53415710617121,Medium
1458,1,0.5105773273823818,51.05773273823818,Medium
1459,0,0.49738697073132193,49.738697073132194,Medium
1460,0,0.4884694987661388,48.846949876613884,Medium
1461,0,0.49049036808912005,49.04903680891201,Medium
1462,1,0.5002438929757604,50.02438929757604,Medium
1463,0,0.4924270253599583,49.24270253599583,Medium
1464,0,0.4823149615507504,48.231496155075035,Medium
1465,0,0.46156224930438833,46.15622493043883,Medium
1466,1,0.5561456357724429,55.61456357724429,Medium
1467,0,0.4978357969667095,49.78357969667095,Medium
1468,1,0.5211924880416579,52.119248804165785,Medium
1469,0,0.49214895080679855,49.21489508067985,Medium
1470,1,0.5201702828323878,52.01702828323877,Medium
1471,1,0.516621367179664,51.6621367179664,Medium
1472,1,0.5081678512375848,50.81678512375848,Medium
1473,1,0.5037807471838243,50.37807471838243,Medium
1474,0,0.4896704262836573,48.96704262836573,Medium
1475,1,0.5022570635642495,50.22570635642495,Medium
1476,0,0.4763084580696556,47.63084580696556,Medium
1477,1,0.5071962937070692,50.71962937070692,Medium
1478,1,0.5082568115196746,50.82568115196746,Medium
1479,0,0.49044937059743965,49.044937059743965,Medium
1480,0,0.49353164852923176,49.35316485292318,Medium
1481,0,0.4665402753319955,46.654027533199546,Medium
1482,1,0.5232660795809512,52.32660795809512,Medium
1483,0,0.49828750710189934,49.82875071018994,Medium
1484,0,0.4999446719703754,49.99446719703754,Medium
1485,1,0.5287776329763949,52.87776329763949,Medium
1486,0,0.4963090037727,49.630900377269995,Medium
1487,0,0.489616526172229,48.9616526172229,Medium
1488,1,0.5003104171689978,50.03104171689978,Medium
1489,0,0.43409622965135797,43.409622965135796,Medium
1490,1,0.5027626552449963,50.27626552449963,Medium
1491,0,0.48989409020584224,48.989409020584226,Medium
1492,1,0.5194496976663633,51.944969766636326,Medium
1493,0,0.4851793896609247,48.51793896609247,Medium
1494,1,0.5044719125969683,50.44719125969684,Medium
1495,1,0.5167490566640132,51.674905666401315,Medium
1496,1,0.5230047423025384,52.30047423025383,Medium
1497,0,0.4810242611606003,48.10242611606003,Medium
1498,0,0.477949296279559,47.7949296279559,Medium
1499,1,0.502198684182857,50.2198684182857,Medium
1500,0,0.4946110050092356,49.461100500923564,Medium
1501,0,0.4866655660073872,48.66655660073872,Medium
1502,0,0.4733445974984708,47.33445974984708,Medium
1503,0,0.4042761924834424,40.427619248344236,Medium
1504,0,0.4830141458806142,48.30141458806142,Medium
1505,0,0.49435060100589356,49.435060100589354,Medium
1506,1,0.5015493901826571,50.15493901826571,Medium
1507,0,0.4058426008138116,40.58426008138116,Medium
1508,0,0.46038280595890624,46.038280595890626,Medium
1509,1,0.5185210934361109,51.85210934361108,Medium
1510,0,0.475862317260369,47.5862317260369,Medium
1511,1,0.5257328012491038,52.57328012491038,Medium
1512,0,0.4419609291095098,44.19609291095098,Medium
1513,0,0.4675727360976124,46.75727360976124,Medium
1514,0,0.4816333747868249,48.163337478682486,Medium
1515,0,0.4791051267371236,47.91051267371236,Medium
1516,1,0.6012198924589498,60.12198924589498,Medium
1517,1,0.5126297884922667,51.26297884922667,Medium
1518,0,0.45679665965180827,45.679665965180824,Medium
1519,0,0.4949509435291504,49.49509435291504,Medium
1520,0,0.4305739232695738,43.05739232695738,Medium
1521,0,0.49256889999877934,49.256889999877934,Medium
1522,1,0.5133084319228091,51.33084319228091,Medium
1523,1,0.5202741719995041,52.027417199950406,Medium
1524,0,0.4859064739659407,48.59064739659407,Medium
1525,0,0.4712008908130691,47.12008908130691,Medium
1526,1,0.5360753150002608,53.607531500026084,Medium
1527,0,0.48385738815922447,48.385738815922444,Medium
1528,0,0.4909977414160353,49.09977414160353,Medium
1529,0,0.482810694777508,48.2810694777508,Medium
1530,1,0.5274730505413537,52.747305054135374,Medium
1531,0,0.4782369293466133,47.82369293466133,Medium
1532,0,0.4907142668978608,49.07142668978608,Medium
1533,1,0.5032944960479405,50.32944960479405,Medium
1534,0,0.48241757040966454,48.241757040966455,Medium
1535,0,0.4599004856932638,45.99004856932638,Medium
1536,0,0.46530603229684553,46.53060322968455,Medium
1537,0,0.43771693613727625,43.77169361372763,Medium
1538,0,0.4997278374296639,49.97278374296639,Medium
1539,1,0.5169617925189214,51.69617925189214,Medium
1540,0,0.4302382574048921,43.02382574048921,Medium
1541,1,0.5095715127715332,50.95715127715332,Medium
1542,0,0.47885381957253137,47.88538195725314,Medium
1543,1,0.5051094309079465,50.51094309079465,Medium
1544,0,0.4938602410110577,49.38602410110577,Medium
1545,0,0.4915112245390719,49.15112245390719,Medium
1546,1,0.5117063615089728,51.17063615089727,Medium
1547,1,0.5083902654580874,50.83902654580874,Medium
1548,0,0.4219248937770272,42.19248937770272,Medium
1549,0,0.48298266247810206,48.298266247810204,Medium
1550,0,0.49141137934095774,49.141137934095774,Medium
1551,0,0.4804880679442896,48.04880679442896,Medium
1552,0,0.49073800047495675,49.07380004749567,Medium
1553,1,0.5063486427899991,50.63486427899991,Medium
1554,1,0.5806336569515799,58.063365695157984,Medium
1555,0,0.48309789334288633,48.30978933428863,Medium
1556,0,0.4212054802900917,42.12054802900917,Medium
1557,1,0.5360240598535883,53.60240598535883,Medium
1558,0,0.47859764153408557,47.859764153408555,Medium
1559,0,0.4953271076579878,49.53271076579878,Medium
1560,0,0.49618644832882763,49.618644832882765,Medium
1561,1,0.5049389883764969,50.49389883764969,Medium
1562,0,0.48535320610636445,48.53532061063645,Medium
1563,1,0.5180974693307515,51.809746933075154,Medium
1564,1,0.5199841167727496,51.99841167727496,Medium
1565,0,0.4970856656825305,49.70856656825305,Medium
1566,0,0.4721874273649092,47.218742736490924,Medium
1567,0,0.4818259065780712,48.18259065780712,Medium
1568,1,0.5098436077805885,50.98436077805884,Medium
1569,1,0.5006006131114362,50.06006131114362,Medium
1570,0,0.4851107998586207,48.51107998586207,Medium
1571,1,0.5396259611769079,53.96259611769079,Medium
1572,0,0.47579001622208134,47.57900162220813,Medium
1573,0,0.4834287017629545,48.34287017629545,Medium
1574,1,0.5141169846447436,51.41169846447436,Medium
1575,1,0.5212935876468617,52.129358764686174,Medium
1576,1,0.5071751391858581,50.71751391858581,Medium
1577,1,0.5119801870931571,51.198018709315704,Medium
1578,1,0.516273014102794,51.6273014102794,Medium
1579,0,0.47295553236286547,47.295553236286544,Medium
1580,1,0.5266063325864837,52.66063325864837,Medium
1581,1,0.5104874146598667,51.048741465986666,Medium
1582,0,0.418685042388758,41.8685042388758,Medium
1583,1,0.5213575751592882,52.135757515928816,Medium
1584,0,0.4752282762917181,47.52282762917181,Medium
1585,1,0.5075478517925079,50.754785179250796,Medium
1586,1,0.5599296721921598,55.992967219215984,Medium
1587,1,0.501863158003431,50.186315800343095,Medium
1588,1,0.5775589444312128,57.75589444312128,Medium
1589,0,0.49867069566504507,49.867069566504505,Medium
1590,0,0.4290643211602793,42.90643211602793,Medium
1591,0,0.48251781734991905,48.25178173499191,Medium
1592,1,0.5101345932472968,51.01345932472968,Medium
1593,0,0.4678358762543556,46.78358762543556,Medium
1594,1,0.5109524154536853,51.09524154536853,Medium
1595,0,0.4940073400188339,49.40073400188339,Medium
1596,1,0.5160687400164718,51.606874001647185,Medium
1597,0,0.4874349978510618,48.74349978510618,Medium
1598,1,0.5065178806495572,50.65178806495572,Medium
1599,1,0.5369263315274523,53.69263315274523,Medium
1600,0,0.40724362661781704,40.724362661781704,Medium
1601,1,0.5179109433137615,51.79109433137615,Medium
1602,1,0.5004036856723371,50.040368567233706,Medium
1603,1,0.5178167349912542,51.781673499125425,Medium
1604,1,0.5219453816733811,52.19453816733811,Medium
1605,0,0.4918359262108676,49.18359262108676,Medium
1606,0,0.48619351510509956,48.61935151050996,Medium
1607,0,0.49774283161157645,49.77428316115765,Medium
1608,0,0.49372092892306263,49.37209289230626,Medium
1609,1,0.5225306762270141,52.25306762270141,Medium
1610,1,0.5024820169482502,50.24820169482502,Medium
1611,0,0.4780420177319059,47.80420177319059,Medium
1612,0,0.4519660075472835,45.19660075472835,Medium
1613,0,0.48564093236517114,48.56409323651712,Medium
1614,1,0.5228070468982812,52.28070468982812,Medium
1615,0,0.4975460680035378,49.75460680035378,Medium
1616,0,0.49751701461116365,49.75170146111637,Medium
1617,0,0.4987252384493031,49.87252384493031,Medium
1618,0,0.4212136576914746,42.12136576914746,Medium
1619,1,0.5043856749327601,50.43856749327601,Medium
1620,1,0.5158561476854262,51.58561476854262,Medium
1621,1,0.505851645361004,50.5851645361004,Medium
1622,1,0.5035562329978807,50.355623299788064,Medium
1623,0,0.46507939962574557,46.507939962574554,Medium
1624,0,0.49615830930920435,49.61583093092044,Medium
1625,1,0.5034342590566903,50.34342590566902,Medium
1626,1,0.5295321554405586,52.953215544055865,Medium
1627,1,0.5356246873784105,53.56246873784105,Medium
1628,1,0.5311994165133602,53.11994165133602,Medium
1629,0,0.39753565154379694,39.75356515437969,Medium
1630,1,0.5188092670272333,51.88092670272333,Medium
1631,0,0.48962236754989275,48.96223675498928,Medium
1632,0,0.4819610541263631,48.19610541263631,Medium
1633,0,0.4979156146914293,49.791561469142934,Medium
1634,1,0.5124869075410634,51.24869075410634,Medium
1635,0,0.47285114175386433,47.28511417538643,Medium
1636,0,0.49559225463856377,49.55922546385638,Medium
1637,0,0.4885862229134039,48.858622291340396,Medium
1638,0,0.4965410285215676,49.65410285215676,Medium
1639,0,0.484704635084245,48.4704635084245,Medium
1640,1,0.5210691390072436,52.10691390072436,Medium
1641,0,0.4924258487151613,49.24258487151613,Medium
1642,1,0.5271343186323213,52.71343186323213,Medium
1643,0,0.48832404724375084,48.83240472437508,Medium
1644,1,0.5186144725771958,51.86144725771958,Medium
1645,0,0.46607536345422873,46.60753634542287,Medium
1646,0,0.48292358588497736,48.292358588497734,Medium
1647,1,0.519038486351797,51.90384863517969,Medium
1648,1,0.5401743333518711,54.017433335187114,Medium
1649,0,0.4978880243365061,49.78880243365061,Medium
1650,0,0.48217667697930994,48.21766769793099,Medium
1651,1,0.506747265827541,50.674726582754104,Medium
1652,1,0.5409478369289816,54.09478369289816,Medium
1653,0,0.4956436089080075,49.56436089080075,Medium
1654,0,0.46379912721231364,46.37991272123136,Medium
1655,0,0.48985192126329086,48.98519212632909,Medium
1656,1,0.5058045140049356,50.580451400493565,Medium
1657,0,0.4883992465916368,48.83992465916368,Medium
1658,0,0.473184658012129,47.3184658012129,Medium
1659,1,0.514068755159866,51.406875515986606,Medium
1660,1,0.5224886459023557,52.24886459023557,Medium
1661,0,0.46174104789858406,46.174104789858404,Medium
1662,0,0.44353167622776307,44.353167622776304,Medium
1663,1,0.5414230555919265,54.14230555919265,Medium
1664,0,0.46149259456383723,46.149259456383724,Medium
1665,0,0.4937361724401595,49.373617244015946,Medium
1666,0,0.4861400771281915,48.61400771281915,Medium
1667,0,0.48007964289665156,48.00796428966515,Medium
1668,1,0.5502193989554689,55.02193989554689,Medium
1669,1,0.5087344605751959,50.87344605751959,Medium
1670,1,0.5497947473175289,54.97947473175289,Medium
1671,0,0.4792773537571429,47.92773537571429,Medium
1672,1,0.5234962528209597,52.34962528209597,Medium
1673,1,0.5271887263187711,52.71887263187711,Medium
1674,0,0.4919351013778101,49.19351013778101,Medium
1675,0,0.49622530273738735,49.62253027373873,Medium
1676,1,0.5333247140128822,53.33247140128822,Medium
1677,1,0.5152884003163654,51.528840031636534,Medium
1678,0,0.45826360907607033,45.82636090760703,Medium
1679,1,0.5214899032495961,52.14899032495961,Medium
1680,0,0.46970492996898006,46.970492996898,Medium
1681,0,0.4649004696966437,46.49004696966437,Medium
1682,0,0.4801398916192055,48.01398916192055,Medium
1683,0,0.4253794085469994,42.53794085469994,Medium
1684,0,0.4738052627250514,47.38052627250514,Medium
1685,0,0.49105064204989674,49.105064204989674,Medium
1686,0,0.49712898716008375,49.712898716008375,Medium
1687,1,0.5165483200793717,51.654832007937166,Medium
1688,0,0.49868087362159286,49.86808736215929,Medium
1689,1,0.5043684785883318,50.436847858833175,Medium
1690,0,0.47674633923409837,47.674633923409836,Medium
1691,1,0.5332921600360954,53.32921600360954,Medium
1692,1,0.5265482254829684,52.65482254829684,Medium
1693,1,0.5047813472789004,50.478134727890044,Medium
1694,1,0.5053997591750785,50.53997591750785,Medium
1695,0,0.4312002103524423,43.120021035244235,Medium
1696,1,0.5208166025156293,52.08166025156294,Medium
1697,1,0.5124689617379339,51.24689617379339,Medium
1698,0,0.4866347225481089,48.66347225481089,Medium
1699,0,0.4963926309507318,49.639263095073176,Medium
1700,0,0.49613738731889806,49.6137387318898,Medium
1701,1,0.5096615982454511,50.96615982454511,Medium
1702,1,0.5228475126603483,52.28475126603483,Medium
1703,1,0.5107005721330109,51.07005721330109,Medium
1704,0,0.46661310276773693,46.66131027677369,Medium
1705,0,0.4758340349238898,47.58340349238898,Medium
1706,0,0.48382473607074694,48.382473607074694,Medium
1707,0,0.4836830372453358,48.368303724533575,Medium
1708,1,0.514547101584079,51.4547101584079,Medium
1709,1,0.5297567285036117,52.975672850361164,Medium
1710,0,0.48987847059229334,48.98784705922933,Medium
1711,0,0.431193414837603,43.1193414837603,Medium
1712,1,0.5289322562391782,52.893225623917814,Medium
1713,1,0.513453960733106,51.3453960733106,Medium
1714,0,0.48490397738836616,48.49039773883661,Medium
1715,1,0.5018734298167757,50.187342981677574,Medium
1716,1,0.5091705359732628,50.91705359732628,Medium
1717,1,0.5211237991096762,52.11237991096762,Medium
1718,1,0.5048513469235444,50.485134692354436,Medium
1719,1,0.5052541033448585,50.525410334485855,Medium
1720,0,0.4744586898531018,47.44586898531018,Medium
1721,0,0.43046780962077635,43.046780962077634,Medium
1722,0,0.47213166514425947,47.21316651442595,Medium
1723,1,0.5154373600228588,51.543736002285875,Medium
1724,0,0.46657173234197524,46.65717323419752,Medium
1725,1,0.5001036759119224,50.01036759119224,Medium
1726,0,0.4885920977551666,48.85920977551666,Medium
1727,0,0.48984678060424314,48.984678060424315,Medium
1728,1,0.5159924728521327,51.599247285213266,Medium
1729,0,0.4945167949219351,49.45167949219351,Medium
1730,1,0.5316945290778607,53.169452907786074,Medium
1731,1,0.5065908352485576,50.65908352485577,Medium
1732,1,0.5360599915294234,53.60599915294234,Medium
1733,0,0.4868144105691133,48.68144105691133,Medium
1734,0,0.42553135299349737,42.553135299349734,Medium
1735,1,0.5339310731477542,53.39310731477542,Medium
1736,0,0.4791378075590502,47.91378075590502,Medium
1737,1,0.5416402103789273,54.16402103789273,Medium
1738,0,0.4814057744468778,48.14057744468778,Medium
1739,0,0.49963181868427153,49.96318186842716,Medium
1740,1,0.5134475870350806,51.34475870350806,Medium
1741,1,0.5207551176773605,52.075511767736046,Medium
1742,0,0.49466874860887394,49.466874860887394,Medium
1743,1,0.5340713818644377,53.40713818644377,Medium
1744,1,0.5272746101962248,52.72746101962248,Medium
1745,1,0.5117613010913129,51.17613010913129,Medium
1746,0,0.46229434472817676,46.22943447281768,Medium
1747,0,0.4902835707837774,49.02835707837774,Medium
1748,1,0.5087689240678269,50.876892406782694,Medium
1749,1,0.5042331746469476,50.42331746469476,Medium
1750,0,0.4675024322642984,46.75024322642984,Medium
1751,1,0.5035710613240844,50.35710613240843,Medium
1752,0,0.46063402661059866,46.06340266105987,Medium
1753,1,0.5353162000411346,53.531620004113456,Medium
1754,0,0.4913654662526962,49.136546625269624,Medium
1755,0,0.49348069433047553,49.348069433047556,Medium
1756,1,0.5580747896016802,55.80747896016802,Medium
1757,1,0.5179411446400608,51.79411446400608,Medium
1758,0,0.4525443329697786,45.25443329697786,Medium
1759,0,0.4819010097620908,48.19010097620908,Medium
1760,1,0.5264896961542537,52.648969615425365,Medium
1761,1,0.5137590274397553,51.37590274397553,Medium
1762,1,0.5090447644543538,50.90447644543538,Medium
1763,1,0.5248546227924684,52.48546227924684,Medium
1764,0,0.4776312016240914,47.76312016240914,Medium
1765,0,0.46895691503993714,46.89569150399372,Medium
1766,1,0.5244593489846173,52.44593489846173,Medium
1767,0,0.4906529677998326,49.06529677998326,Medium
1768,0,0.4719297254604918,47.19297254604918,Medium
1769,1,0.5232308119571794,52.32308119571793,Medium
1770,0,0.4428440545431255,44.28440545431255,Medium
1771,1,0.5443980831143022,54.43980831143021,Medium
1772,0,0.48547955278643795,48.5479552786438,Medium
1773,0,0.4789181134345829,47.89181134345829,Medium
1774,1,0.515114507873127,51.5114507873127,Medium
1775,0,0.4978667308985477,49.78667308985477,Medium
1776,0,0.4888953478334358,48.88953478334358,Medium
1777,1,0.5122932490591163,51.22932490591163,Medium
1778,0,0.49707854442631283,49.70785444263128,Medium
1779,0,0.4887115933224143,48.87115933224143,Medium
1780,0,0.4856604539997388,48.56604539997388,Medium
1781,1,0.5185545119150003,51.85545119150004,Medium
1782,1,0.5031332334268047,50.31332334268047,Medium
1783,1,0.5035542360410773,50.35542360410773,Medium
1784,0,0.46376451374330924,46.37645137433093,Medium
1785,0,0.49476488119292145,49.47648811929214,Medium
1786,0,0.45951736590181785,45.95173659018179,Medium
1787,0,0.48972945334590934,48.97294533459093,Medium
1788,0,0.4810058397200297,48.10058397200297,Medium
1789,0,0.4888337623864764,48.88337623864764,Medium
1790,1,0.5012470500474528,50.12470500474529,Medium
1791,0,0.4989032222251047,49.89032222251047,Medium
1792,1,0.5144726045167923,51.447260451679234,Medium
1793,0,0.4305864711665071,43.05864711665071,Medium
1794,1,0.5529721746183166,55.29721746183166,Medium
1795,0,0.4761978766255189,47.619787662551886,Medium
1796,1,0.5239960134689856,52.399601346898564,Medium
1797,1,0.5250161873227878,52.50161873227878,Medium
1798,1,0.5369831130410376,53.69831130410376,Medium
1799,0,0.48007334563024956,48.007334563024955,Medium
1800,1,0.508385978468995,50.8385978468995,Medium
1801,0,0.49097229245623186,49.09722924562318,Medium
1802,0,0.4066719952640407,40.66719952640407,Medium
1803,0,0.48145626294529315,48.145626294529315,Medium
1804,0,0.4930929520295462,49.30929520295462,Medium
1805,0,0.4990317966361401,49.90317966361401,Medium
1806,1,0.5184106563958031,51.84106563958031,Medium
1807,1,0.5228796236676548,52.287962366765484,Medium
1808,0,0.48645860767544385,48.645860767544384,Medium
1809,0,0.4888864091663055,48.88864091663055,Medium
1810,0,0.49292615340463475,49.29261534046348,Medium
1811,0,0.4974790754419532,49.74790754419532,Medium
1812,0,0.4906626761861323,49.06626761861323,Medium
1813,0,0.48388761026850935,48.388761026850936,Medium
1814,1,0.5229161052945793,52.291610529457934,Medium
1815,1,0.5338551066129977,53.385510661299776,Medium
1816,0,0.49815677264580954,49.815677264580955,Medium
1817,0,0.4795701075740104,47.957010757401044,Medium
1818,0,0.47698913431937884,47.69891343193788,Medium
1819,1,0.5458110345757724,54.58110345757724,Medium
1820,1,0.5250866810632907,52.50866810632907,Medium
1821,0,0.4676485470690835,46.76485470690835,Medium
1822,1,0.5155987406487308,51.55987406487308,Medium
1823,1,0.5054445976450898,50.54445976450898,Medium
1824,1,0.529670024500919,52.967002450091904,Medium
1825,1,0.5049780044637172,50.49780044637172,Medium
1826,0,0.4843328749503971,48.433287495039714,Medium
1827,0,0.4859476732021358,48.59476732021358,Medium
1828,1,0.5241718768865529,52.41718768865529,Medium
1829,1,0.5131915193564315,51.31915193564315,Medium
1830,0,0.4813610179916695,48.13610179916695,Medium
1831,0,0.42580837689959194,42.580837689959196,Medium
1832,0,0.47372708603780117,47.37270860378012,Medium
1833,0,0.47398824695181,47.398824695181005,Medium
1834,0,0.46761718598281415,46.76171859828141,Medium
1835,1,0.5464802658519426,54.648026585194266,Medium
1836,0,0.4878753293122999,48.78753293122999,Medium
1837,1,0.5131881402850693,51.318814028506935,Medium
1838,1,0.5284507605028371,52.845076050283716,Medium
1839,1,0.5144198557985465,51.44198557985465,Medium
1840,1,0.5282285264055486,52.82285264055486,Medium
1841,0,0.47713019526449524,47.71301952644952,Medium
1842,0,0.4856882598380379,48.56882598380379,Medium
1843,1,0.5192062302593224,51.920623025932244,Medium
1844,0,0.4984179661572932,49.84179661572932,Medium
1845,1,0.5387826307285214,53.87826307285214,Medium
1846,1,0.5068269290055923,50.68269290055923,Medium
1847,0,0.4793747671070595,47.93747671070595,Medium
1848,1,0.5115130654836952,51.151306548369526,Medium
1849,0,0.4886673008266438,48.866730082664375,Medium
1850,1,0.5105967939985728,51.05967939985728,Medium
1851,0,0.4827290823679678,48.27290823679678,Medium
1852,1,0.5049466429417796,50.49466429417796,Medium
1853,0,0.49425516275487935,49.42551627548794,Medium
1854,0,0.4717241117262303,47.17241117262303,Medium
1855,1,0.5442364947586327,54.423649475863265,Medium
1856,0,0.4745290490591276,47.45290490591276,Medium
1857,0,0.46517000523641644,46.51700052364164,Medium
1858,1,0.5288746843360729,52.88746843360729,Medium
1859,0,0.40111938067145597,40.111938067145594,Medium
1860,1,0.5258770940874669,52.58770940874668,Medium
1861,0,0.47368393398483544,47.36839339848354,Medium
1862,1,0.512705640295181,51.2705640295181,Medium
1863,1,0.5324817502395206,53.24817502395206,Medium
1864,1,0.5232356448549321,52.323564485493215,Medium
1865,0,0.48417341074431924,48.417341074431924,Medium
1866,0,0.4820450540609901,48.20450540609901,Medium
1867,1,0.5248759530943049,52.48759530943049,Medium
1868,0,0.49568905928084156,49.568905928084156,Medium
1869,0,0.48605217510478504,48.605217510478504,Medium
1870,0,0.47630507181626347,47.63050718162635,Medium
1871,1,0.5077229969094508,50.772299690945076,Medium
1872,0,0.4861465601649894,48.61465601649894,Medium
1873,0,0.4880258946474869,48.80258946474869,Medium
1874,0,0.49674507841065807,49.674507841065804,Medium
1875,0,0.478310373605336,47.8310373605336,Medium
1876,0,0.4951608186768235,49.516081867682345,Medium
1877,0,0.4612903828273159,46.129038282731585,Medium
1878,1,0.5060151480243076,50.601514802430756,Medium
1879,1,0.5104187846557843,51.04187846557843,Medium
1880,1,0.5153752570060407,51.53752570060407,Medium
1881,0,0.49941070065012605,49.9410700650126,Medium
1882,0,0.46283432612256803,46.2834326122568,Medium
1883,1,0.5489856012784642,54.898560127846416,Medium
1884,1,0.533369943577566,53.336994357756595,Medium
1885,0,0.48186013380701465,48.18601338070147,Medium
1886,1,0.5061971757094846,50.61971757094847,Medium
1887,1,0.5236914740402505,52.36914740402505,Medium
1888,0,0.46657311242694544,46.65731124269455,Medium
1889,0,0.47037724211011267,47.037724211011266,Medium
1890,1,0.567518597656712,56.7518597656712,Medium
1891,0,0.48453886934410084,48.453886934410086,Medium
1892,1,0.5214642568658575,52.14642568658575,Medium
1893,1,0.502663109957752,50.2663109957752,Medium
1894,0,0.4997494562408615,49.974945624086146,Medium
1895,0,0.4912057792469915,49.12057792469915,Medium
1896,0,0.47371682429934625,47.37168242993462,Medium
1897,1,0.5009916554389039,50.099165543890386,Medium
1898,1,0.5063795214760841,50.63795214760841,Medium
1899,1,0.5019030032665979,50.19030032665979,Medium
1900,0,0.4729193073579426,47.29193073579426,Medium
1901,0,0.4617259665424059,46.172596654240586,Medium
1902,0,0.49733825855828157,49.73382585582816,Medium
1903,1,0.5312433322605615,53.12433322605615,Medium
1904,1,0.5059744189010592,50.59744189010592,Medium
1905,1,0.5110528999867042,51.10528999867042,Medium
1906,1,0.5173269282152794,51.732692821527934,Medium
1907,0,0.4723751800865915,47.23751800865915,Medium
1908,1,0.5077124271804659,50.771242718046594,Medium
1909,0,0.4751902430271092,47.519024302710925,Medium
1910,0,0.48744700377603,48.744700377603,Medium
1911,1,0.5246765417102963,52.46765417102963,Medium
1912,0,0.49968906695590837,49.96890669559084,Medium
1913,0,0.4755989250829602,47.559892508296016,Medium
1914,1,0.5524261766547011,55.24261766547011,Medium
1915,1,0.5070862429477757,50.70862429477757,Medium
1916,1,0.5056871269133122,50.56871269133122,Medium
1917,0,0.48243907789881624,48.243907789881625,Medium
1918,1,0.5252676821976741,52.526768219767405,Medium
1919,0,0.4584831194244267,45.84831194244267,Medium
1920,1,0.5225951284745841,52.25951284745841,Medium
1921,1,0.5185899233671476,51.85899233671476,Medium
1922,1,0.5008598960403005,50.08598960403005,Medium
1923,0,0.49968824305292286,49.96882430529229,Medium
1924,0,0.4877686643087097,48.77686643087097,Medium
1925,0,0.4736540064250171,47.36540064250171,Medium
1926,0,0.49570234026890275,49.570234026890276,Medium
1927,1,0.5730719445648115,57.30719445648115,Medium
1928,1,0.5180220876271926,51.80220876271926,Medium
1929,1,0.5407061173791758,54.07061173791759,Medium
1930,1,0.5038572333497554,50.38572333497554,Medium
1931,0,0.48125218815050963,48.125218815050964,Medium
1932,0,0.49322259192077683,49.32225919207768,Medium
1933,0,0.48615717925831514,48.61571792583151,Medium
1934,0,0.48402342195445847,48.40234219544585,Medium
1935,0,0.49463981653773564,49.463981653773565,Medium
1936,1,0.5210381447899224,52.10381447899224,Medium
1937,1,0.5474910250661744,54.74910250661744,Medium
1938,0,0.4906556324566773,49.06556324566773,Medium
1939,0,0.48099707916989903,48.09970791698991,Medium
1940,1,0.5079072208272881,50.79072208272881,Medium
1941,1,0.5559292668699707,55.59292668699707,Medium
1942,1,0.5000957012260596,50.009570122605965,Medium
1943,0,0.49255090313374233,49.25509031337423,Medium
1944,0,0.4886613921993661,48.86613921993661,Medium
1945,1,0.5073375580622779,50.73375580622779,Medium
1946,0,0.462775806429753,46.2775806429753,Medium
1947,0,0.4178591341025828,41.78591341025828,Medium
1948,1,0.5079841684559536,50.79841684559536,Medium
1949,0,0.4409219694822416,44.092196948224164,Medium
1950,0,0.4769763470568495,47.69763470568495,Medium
1951,1,0.5307389334920838,53.073893349208376,Medium
1952,0,0.47773523254546985,47.77352325454699,Medium
1953,0,0.47676992817949454,47.676992817949454,Medium
1954,0,0.4801290147300017,48.01290147300017,Medium
1955,0,0.4853455955080953,48.53455955080953,Medium
1956,0,0.4815542074485228,48.15542074485228,Medium
1957,1,0.5170553064725163,51.70553064725163,Medium
1958,0,0.4854384842951885,48.543848429518846,Medium
1959,0,0.48849487471507225,48.849487471507224,Medium
1960,0,0.4716852803424073,47.16852803424073,Medium
1961,0,0.48864668087850655,48.86466808785065,Medium
1962,0,0.49614791188182,49.614791188182004,Medium
1963,1,0.5827450213399568,58.274502133995675,Medium
1964,0,0.4838162097120079,48.38162097120079,Medium
1965,0,0.49019277710805564,49.01927771080557,Medium
1966,0,0.4942895560995817,49.428955609958166,Medium
1967,0,0.4920576050156501,49.20576050156501,Medium
1968,1,0.5206808900313441,52.06808900313441,Medium
1969,0,0.4923024659398141,49.230246593981406,Medium
1970,1,0.5373315991667786,53.73315991667786,Medium
1971,0,0.49873043862413663,49.87304386241366,Medium
1972,1,0.5053478577240988,50.53478577240988,Medium
1973,0,0.46161367348586535,46.16136734858654,Medium
1974,0,0.48274402582808285,48.274402582808285,Medium
1975,1,0.544122651814608,54.412265181460796,Medium
1976,0,0.4536021879347698,45.36021879347698,Medium
1977,0,0.412482945924662,41.2482945924662,Medium
1978,0,0.4832447032868137,48.32447032868137,Medium
1979,1,0.5296298619057074,52.96298619057074,Medium
1980,0,0.49612618424412186,49.61261842441218,Medium
1981,0,0.49831042366657335,49.831042366657336,Medium
1982,1,0.5291775878047882,52.91775878047882,Medium
1983,0,0.49169521092084323,49.169521092084324,Medium
1984,1,0.5085857939070817,50.85857939070817,Medium
1985,1,0.545690200237303,54.569020023730296,Medium
1986,0,0.42828429294501863,42.828429294501866,Medium
1987,1,0.524299092814058,52.4299092814058,Medium
1988,0,0.49986215875563433,49.98621587556343,Medium
1989,0,0.4729860416882892,47.29860416882892,Medium
1990,0,0.48945721837330614,48.945721837330616,Medium
1991,0,0.42553925306837587,42.553925306837584,Medium
1992,0,0.48967838749887826,48.967838749887825,Medium
1993,1,0.5124175666882295,51.241756668822944,Medium
1994,0,0.4736878140714445,47.36878140714445,Medium
1995,1,0.5122581254216809,51.22581254216809,Medium
1996,1,0.513954059203501,51.3954059203501,Medium
1997,1,0.5002303172516125,50.023031725161246,Medium
1998,1,0.5182049384353732,51.82049384353732,Medium
1999,1,0.542694615065855,54.2694615065855,Medium
2000,1,0.5183001982627038,51.83001982627038,Medium
2001,0,0.4347379791497001,43.47379791497001,Medium
2002,0,0.4725171180286428,47.251711802864286,Medium
2003,0,0.4629983401503739,46.29983401503739,Medium
2004,1,0.5173608338495992,51.73608338495992,Medium
2005,1,0.503063457166054,50.306345716605406,Medium
2006,0,0.4931822688419617,49.31822688419617,Medium
2007,0,0.4926668779914153,49.26668779914153,Medium
2008,0,0.48282680015761353,48.28268001576135,Medium
2009,0,0.4387034895518281,43.870348955182806,Medium
2010,1,0.5087270229592389,50.87270229592389,Medium
2011,1,0.5195622384596911,51.956223845969106,Medium
2012,0,0.48117968403418065,48.11796840341807,Medium
2013,1,0.5222826636897944,52.22826636897943,Medium
2014,1,0.5203239899422988,52.03239899422988,Medium
2015,0,0.47864202528373573,47.864202528373575,Medium
2016,1,0.5055613085030343,50.556130850303425,Medium
2017,0,0.4879412009424196,48.79412009424196,Medium
2018,0,0.49664683496261464,49.66468349626146,Medium
2019,0,0.4906214809060314,49.062148090603145,Medium
2020,1,0.5085271499299086,50.852714992990855,Medium
2021,0,0.46964406988311386,46.96440698831139,Medium
2022,0,0.47261570715442897,47.26157071544289,Medium
2023,1,0.5290550227118436,52.90550227118436,Medium
2024,1,0.5268539683822956,52.68539683822956,Medium
2025,0,0.4348196236124838,43.48196236124838,Medium
2026,1,0.508174787776436,50.8174787776436,Medium
2027,0,0.4971268282801665,49.71268282801665,Medium
2028,1,0.5563267883962991,55.63267883962991,Medium
2029,0,0.4802545261725577,48.02545261725577,Medium
2030,1,0.5032060700600144,50.32060700600144,Medium
2031,0,0.48571770172357914,48.571770172357915,Medium
2032,1,0.5224150448937974,52.24150448937974,Medium
2033,0,0.4987472538154951,49.87472538154951,Medium
2034,1,0.5060203951974374,50.602039519743734,Medium
2035,0,0.49840986513521945,49.84098651352195,Medium
2036,0,0.49746258577671354,49.746258577671355,Medium
2037,1,0.5212433919190614,52.124339191906145,Medium
2038,0,0.49775393224950676,49.775393224950676,Medium
2039,0,0.49189428778187616,49.18942877818762,Medium
2040,0,0.4844082680624321,48.44082680624321,Medium
2041,1,0.5364580688471526,53.64580688471526,Medium
2042,0,0.43067084793976845,43.067084793976846,Medium
2043,1,0.5050794972848917,50.507949728489166,Medium
2044,0,0.49580305519187434,49.580305519187434,Medium
2045,0,0.4450258691776282,44.50258691776282,Medium
2046,0,0.42076376782787395,42.07637678278739,Medium
2047,1,0.5269984068506585,52.699840685065844,Medium
2048,0,0.49190139351581924,49.19013935158193,Medium
2049,0,0.4993218462857103,49.93218462857103,Medium
2050,1,0.5224032409971204,52.24032409971204,Medium
2051,0,0.4866478366355836,48.66478366355836,Medium
2052,1,0.543305229915125,54.330522991512495,Medium
2053,0,0.4968295658421329,49.68295658421329,Medium
2054,1,0.5439652261027321,54.39652261027321,Medium
2055,1,0.5138505995173822,51.38505995173822,Medium
2056,1,0.5050741447040895,50.50741447040895,Medium
2057,1,0.522355624323108,52.2355624323108,Medium
2058,0,0.4971140364080969,49.71140364080969,Medium
2059,1,0.515112241576578,51.5112241576578,Medium
2060,1,0.5401460670184083,54.014606701840826,Medium
2061,1,0.5015525430942395,50.155254309423945,Medium
2062,0,0.485971295928153,48.5971295928153,Medium
2063,0,0.4901670496332939,49.01670496332939,Medium
2064,1,0.5004730043080006,50.04730043080006,Medium
2065,0,0.48682937564476353,48.682937564476354,Medium
2066,0,0.4731088416949532,47.310884169495324,Medium
2067,1,0.5212169972061462,52.12169972061462,Medium
2068,1,0.5251405972438029,52.51405972438029,Medium
2069,0,0.4985657548952915,49.85657548952915,Medium
2070,1,0.555324003712393,55.5324003712393,Medium
2071,1,0.5144756980541106,51.447569805411064,Medium
2072,0,0.4870891822708987,48.70891822708987,Medium
2073,0,0.48912716250606086,48.91271625060609,Medium
2074,0,0.48447494086969256,48.44749408696926,Medium
2075,0,0.48215036896517494,48.215036896517496,Medium
2076,0,0.4862139608811332,48.62139608811332,Medium
2077,0,0.48058876913041165,48.05887691304117,Medium
2078,1,0.5153527738793149,51.53527738793149,Medium
2079,1,0.5773110320383683,57.73110320383683,Medium
2080,0,0.4197165929820671,41.97165929820671,Medium
2081,1,0.5297778204747423,52.97778204747423,Medium
2082,0,0.4586818174130195,45.86818174130195,Medium
2083,0,0.4720500983711789,47.20500983711789,Medium
2084,1,0.5047998569409223,50.479985694092235,Medium
2085,0,0.47294812219119653,47.294812219119656,Medium
2086,0,0.48506626366325867,48.50662636632587,Medium
2087,0,0.49257539742542267,49.257539742542264,Medium
2088,0,0.41809966772081625,41.80996677208162,Medium
2089,1,0.5096469919240966,50.964699192409654,Medium
2090,1,0.5015243613435647,50.15243613435647,Medium
2091,1,0.5165460003131983,51.65460003131983,Medium
2092,1,0.5264543906869468,52.64543906869468,Medium
2093,0,0.4895434198908261,48.954341989082614,Medium
2094,1,0.5097752021254941,50.97752021254941,Medium
2095,0,0.4893550116844152,48.93550116844152,Medium
2096,1,0.5100083689586861,51.00083689586861,Medium
2097,0,0.49807471906702533,49.80747190670253,Medium
2098,0,0.46927704444917007,46.927704444917005,Medium
2099,1,0.5026954905133304,50.26954905133304,Medium
2100,0,0.4784803036023819,47.84803036023819,Medium
2101,0,0.4558968577792486,45.589685777924856,Medium
2102,0,0.44518168399873154,44.518168399873154,Medium
2103,1,0.5094658512967118,50.946585129671185,Medium
2104,1,0.5339418408371566,53.39418408371566,Medium
2105,1,0.5136583743167906,51.36583743167906,Medium
2106,1,0.5381787310243515,53.81787310243516,Medium
2107,1,0.5066942400048267,50.669424000482664,Medium
2108,1,0.5140665886802552,51.406658868025524,Medium
2109,0,0.4755656347217714,47.55656347217714,Medium
2110,1,0.5569522738919436,55.69522738919436,Medium
2111,1,0.5217915658997256,52.179156589972564,Medium
2112,1,0.5182317356782767,51.82317356782767,Medium
2113,0,0.49110961850848006,49.11096185084801,Medium
2114,0,0.48012194065885205,48.012194065885204,Medium
2115,0,0.4760080125983045,47.60080125983045,Medium
2116,1,0.5018954078153619,50.18954078153619,Medium
2117,1,0.5410438301702853,54.10438301702853,Medium
2118,0,0.47068406692708037,47.06840669270804,Medium
2119,0,0.49800758934392075,49.80075893439208,Medium
2120,0,0.48396530022141476,48.39653002214148,Medium
2121,0,0.4664498335325491,46.64498335325491,Medium
2122,1,0.5057236047933905,50.57236047933905,Medium
2123,1,0.555324504430707,55.5324504430707,Medium
2124,0,0.48054291862115506,48.054291862115505,Medium
2125,0,0.45505284482925457,45.505284482925454,Medium
2126,1,0.5381160574106063,53.81160574106063,Medium
2127,1,0.5152302580362448,51.52302580362448,Medium
2128,0,0.4913835881264731,49.13835881264731,Medium
2129,1,0.5466905889414123,54.66905889414123,Medium
2130,1,0.5201124519195407,52.01124519195407,Medium
2131,0,0.4741454727129296,47.41454727129296,Medium
2132,1,0.5466995156203344,54.66995156203344,Medium
2133,0,0.4184606636650664,41.84606636650664,Medium
2134,1,0.5210551217736533,52.105512177365334,Medium
2135,1,0.5274905077686253,52.749050776862525,Medium
2136,1,0.5425720348869785,54.25720348869785,Medium
2137,0,0.4761537762511719,47.61537762511719,Medium
2138,1,0.5295337144530852,52.95337144530852,Medium
2139,1,0.5210035199968472,52.100351999684726,Medium
2140,1,0.5501478262989531,55.01478262989531,Medium
2141,0,0.49601875437029563,49.60187543702956,Medium
2142,1,0.5074592528436769,50.74592528436769,Medium
2143,0,0.4737461434280645,47.374614342806446,Medium
2144,1,0.5739716235250366,57.39716235250366,Medium
2145,1,0.5106586734524424,51.06586734524424,Medium
2146,0,0.4973733475563168,49.73733475563168,Medium
2147,0,0.4978911852169351,49.78911852169351,Medium
2148,1,0.5131854378619068,51.31854378619069,Medium
2149,1,0.5065217888989826,50.65217888989826,Medium
2150,1,0.5329523773805014,53.29523773805014,Medium
2151,1,0.5158818069260828,51.588180692608276,Medium
2152,0,0.4916675654315179,49.16675654315179,Medium
2153,1,0.5085381680114547,50.85381680114547,Medium
2154,1,0.5081313956355117,50.81313956355117,Medium
2155,0,0.46658306308110176,46.65830630811018,Medium
2156,0,0.49645945175806205,49.645945175806204,Medium
2157,1,0.5045379641991199,50.45379641991199,Medium
2158,1,0.5135378437824724,51.353784378247234,Medium
2159,0,0.4724141269205605,47.24141269205605,Medium
2160,1,0.5081119331789395,50.81119331789395,Medium
2161,1,0.5374008385542717,53.740083855427166,Medium
2162,1,0.5210429162062116,52.104291620621154,Medium
2163,1,0.5196581889983838,51.96581889983838,Medium
2164,0,0.49602634485623043,49.60263448562304,Medium
2165,1,0.5121824256499561,51.218242564995606,Medium
2166,1,0.5090716328262171,50.90716328262172,Medium
2167,0,0.48033827462045015,48.03382746204502,Medium
2168,1,0.537661294373557,53.7661294373557,Medium
2169,0,0.4856442832477946,48.564428324779456,Medium
2170,0,0.48707869934036097,48.7078699340361,Medium
2171,0,0.4883200443344542,48.83200443344542,Medium
2172,1,0.5022779119805543,50.22779119805543,Medium
2173,1,0.5238755388069686,52.387553880696856,Medium
2174,0,0.4999170304995677,49.99170304995677,Medium
2175,1,0.5101971963050504,51.019719630505044,Medium
2176,0,0.4809536428161086,48.095364281610856,Medium
2177,0,0.4874798269203071,48.74798269203071,Medium
2178,0,0.4739063732272152,47.39063732272152,Medium
2179,0,0.4813932897219824,48.13932897219824,Medium
2180,0,0.492594571632238,49.2594571632238,Medium
2181,0,0.4872859209519032,48.72859209519032,Medium
2182,0,0.4731111785793897,47.311117857938974,Medium
2183,0,0.4905364444024171,49.05364444024171,Medium
2184,0,0.46846461047481147,46.84646104748115,Medium
2185,0,0.4849737460613355,48.49737460613355,Medium
2186,1,0.5148393272709281,51.48393272709281,Medium
2187,1,0.52111994026197,52.111994026196996,Medium
2188,0,0.47081306985240085,47.08130698524008,Medium
2189,0,0.46603839134811226,46.603839134811224,Medium
2190,1,0.5086495320943327,50.864953209433274,Medium
2191,1,0.5013721460068744,50.13721460068744,Medium
2192,0,0.4846056489837748,48.46056489837748,Medium
2193,0,0.4827476513243973,48.274765132439725,Medium
2194,1,0.5106670193308491,51.066701933084914,Medium
2195,0,0.494978737990026,49.4978737990026,Medium
2196,1,0.5066491310921651,50.66491310921651,Medium
2197,1,0.5171705838591669,51.717058385916694,Medium
2198,0,0.46213708021096755,46.21370802109676,Medium
2199,1,0.5279497830474246,52.79497830474246,Medium
2200,0,0.49360581383333896,49.360581383333894,Medium
2201,0,0.4849347808001232,48.49347808001232,Medium
2202,1,0.5359693695974423,53.596936959744234,Medium
2203,1,0.5039690422353194,50.396904223531934,Medium
2204,1,0.5099373870832042,50.99373870832042,Medium
2205,1,0.5211066218048523,52.110662180485235,Medium
2206,0,0.4929033064357812,49.290330643578116,Medium
2207,0,0.49589961159728685,49.58996115972869,Medium
2208,0,0.48482084503054995,48.48208450305499,Medium
2209,1,0.5248373459242658,52.48373459242658,Medium
2210,1,0.5000005706500887,50.000057065008875,Medium
2211,0,0.49564590283290993,49.564590283291,Medium
2212,1,0.528750829702051,52.8750829702051,Medium
2213,1,0.5112011035959557,51.12011035959557,Medium
2214,0,0.45732510571672913,45.73251057167291,Medium
2215,1,0.5216193827398612,52.16193827398612,Medium
2216,0,0.48021923095939645,48.02192309593964,Medium
2217,1,0.5096042703481587,50.96042703481587,Medium
2218,1,0.5098204634731662,50.982046347316626,Medium
2219,0,0.48857847672133076,48.857847672133076,Medium
2220,1,0.5368915356630941,53.689153566309415,Medium
2221,0,0.4363331454533459,43.63331454533459,Medium
2222,0,0.47717696013112776,47.71769601311278,Medium
2223,0,0.49643904239685943,49.643904239685945,Medium
2224,1,0.5081805948277622,50.81805948277622,Medium
2225,0,0.4841969542748543,48.41969542748543,Medium
2226,0,0.4854221350923726,48.54221350923726,Medium
2227,1,0.5384345477741759,53.84345477741759,Medium
2228,1,0.509389316942579,50.9389316942579,Medium
2229,1,0.5113378469923747,51.133784699237474,Medium
2230,1,0.5062305181582167,50.623051815821675,Medium
2231,0,0.4846768179004008,48.46768179004008,Medium
2232,0,0.4289092089157481,42.89092089157481,Medium
2233,1,0.5191626770534015,51.91626770534015,Medium
2234,1,0.5007955068979538,50.07955068979538,Medium
2235,0,0.4736786954386131,47.36786954386131,Medium
2236,0,0.49096177525829976,49.09617752582997,Medium
2237,1,0.5077552996986058,50.77552996986058,Medium
2238,1,0.5102002075902302,51.02002075902302,Medium
2239,1,0.5023443449669902,50.23443449669902,Medium
2240,0,0.4018588810745808,40.18588810745808,Medium
2241,0,0.48403748331115226,48.403748331115224,Medium
2242,0,0.47613646986967456,47.61364698696745,Medium
2243,0,0.4858600261090661,48.58600261090661,Medium
2244,1,0.5076362973049902,50.76362973049902,Medium
2245,1,0.5148985620000316,51.48985620000316,Medium
2246,1,0.5100124442336232,51.00124442336232,Medium
2247,0,0.4937759578018016,49.37759578018016,Medium
2248,0,0.48906557843234943,48.90655784323494,Medium
2249,1,0.515014834064623,51.5014834064623,Medium
2250,0,0.48156243607896715,48.15624360789671,Medium
2251,1,0.5210708615927723,52.10708615927723,Medium
2252,0,0.486871253886441,48.6871253886441,Medium
2253,0,0.4769986265693485,47.69986265693485,Medium
2254,0,0.468645372731578,46.8645372731578,Medium
2255,0,0.48294214017420456,48.29421401742046,Medium
2256,0,0.4860956953729007,48.60956953729007,Medium
2257,0,0.4875620487517479,48.75620487517479,Medium
2258,1,0.5038304662278587,50.38304662278586,Medium
2259,1,0.5056123069429609,50.561230694296086,Medium
2260,0,0.4642713289034697,46.427132890346975,Medium
2261,1,0.5190990008225752,51.90990008225752,Medium
2262,0,0.49865931751959564,49.865931751959565,Medium
2263,1,0.5440395610762104,54.40395610762104,Medium
2264,1,0.518106488994974,51.8106488994974,Medium
2265,1,0.5517418316700076,55.174183167000756,Medium
2266,1,0.5059369495945666,50.593694959456656,Medium
2267,0,0.47699578751687677,47.699578751687675,Medium
2268,0,0.49409927293961964,49.409927293961964,Medium
2269,1,0.5020288530744516,50.20288530744516,Medium
2270,0,0.4961079434533247,49.61079434533247,Medium
2271,0,0.478033246468643,47.8033246468643,Medium
2272,1,0.534893891640233,53.48938916402331,Medium
2273,0,0.497727466247872,49.7727466247872,Medium
2274,0,0.47859538168079296,47.8595381680793,Medium
2275,0,0.4596419283762606,45.96419283762606,Medium
2276,0,0.4974249218654294,49.74249218654294,Medium
2277,1,0.5114104504526467,51.14104504526467,Medium
2278,0,0.46206627707389836,46.206627707389835,Medium
2279,1,0.5030426953759288,50.30426953759288,Medium
2280,0,0.44484295065525375,44.48429506552537,Medium
2281,0,0.47553703732198704,47.553703732198706,Medium
2282,1,0.5091808755115437,50.918087551154365,Medium
2283,0,0.4712008597763086,47.12008597763086,Medium
2284,0,0.49740459969439393,49.74045996943939,Medium
2285,1,0.5373697047543607,53.736970475436074,Medium
2286,0,0.49437533565775194,49.43753356577519,Medium
2287,1,0.5067895791815756,50.678957918157565,Medium
2288,1,0.5528595959065298,55.28595959065298,Medium
2289,0,0.4874882992238747,48.74882992238747,Medium
2290,1,0.5038249548431694,50.382495484316934,Medium
2291,0,0.493005966053302,49.3005966053302,Medium
2292,1,0.5088837343076406,50.888373430764055,Medium
2293,1,0.5240075370536327,52.400753705363265,Medium
2294,0,0.4938893688385476,49.38893688385476,Medium
2295,1,0.513521593678584,51.3521593678584,Medium
2296,1,0.5096330829037544,50.963308290375444,Medium
2297,0,0.46668943640871474,46.668943640871476,Medium
2298,0,0.48028445607617,48.028445607617,Medium
2299,1,0.5187228288701763,51.872282887017626,Medium
2300,1,0.5076380528671179,50.76380528671179,Medium
2301,0,0.4790379668453096,47.90379668453096,Medium
2302,1,0.5002911400356694,50.029114003566946,Medium
2303,0,0.4900617199843762,49.00617199843762,Medium
2304,0,0.41843113370428625,41.843113370428625,Medium
2305,0,0.4666856421071261,46.66856421071261,Medium
2306,1,0.516611040639499,51.66110406394991,Medium
2307,1,0.5138326202491406,51.38326202491405,Medium
2308,1,0.5484438973415601,54.84438973415601,Medium
2309,1,0.5003810024049535,50.03810024049535,Medium
2310,1,0.5147985605216235,51.479856052162354,Medium
2311,1,0.5213509732577282,52.13509732577282,Medium
2312,1,0.5195169654342494,51.951696543424944,Medium
2313,1,0.5306171262898386,53.06171262898386,Medium
2314,0,0.48235714826655807,48.23571482665581,Medium
2315,1,0.5111753094368059,51.11753094368059,Medium
2316,0,0.4822786511615864,48.22786511615864,Medium
2317,1,0.5255930314268968,52.559303142689686,Medium
2318,1,0.5141681789802008,51.416817898020085,Medium
2319,0,0.450869817785046,45.0869817785046,Medium
2320,1,0.542288050847422,54.228805084742206,Medium
2321,0,0.4994359346587897,49.94359346587897,Medium
2322,0,0.4965873237026252,49.65873237026252,Medium
2323,1,0.5219569552884926,52.195695528849264,Medium
2324,0,0.48742180453989836,48.74218045398984,Medium
2325,1,0.5259465863835586,52.59465863835586,Medium
2326,1,0.5103276352345214,51.03276352345214,Medium
2327,0,0.47753050591895313,47.75305059189531,Medium
2328,1,0.51322395390338,51.322395390338,Medium
2329,1,0.5103115599475311,51.03115599475311,Medium
2330,1,0.5178834360858235,51.78834360858235,Medium
2331,0,0.4800314068315523,48.00314068315523,Medium
2332,0,0.49778446081759603,49.778446081759604,Medium
2333,0,0.4680954047797895,46.80954047797895,Medium
2334,0,0.49663043203879714,49.66304320387972,Medium
2335,1,0.5120886350180021,51.20886350180021,Medium
2336,0,0.497176046725581,49.7176046725581,Medium
2337,0,0.48517839250212824,48.51783925021282,Medium
2338,1,0.5506593281280601,55.065932812806004,Medium
2339,1,0.5322901753412693,53.22901753412693,Medium
2340,1,0.5256850756564024,52.568507565640246,Medium
2341,1,0.5164361787342904,51.64361787342904,Medium
2342,1,0.5054157800060116,50.54157800060116,Medium
2343,0,0.487088411145972,48.7088411145972,Medium
2344,1,0.5166465824236833,51.66465824236833,Medium
2345,1,0.5291135431736159,52.91135431736159,Medium
2346,1,0.5064818161724173,50.648181617241725,Medium
2347,0,0.4966881660057899,49.66881660057899,Medium
2348,1,0.5166180817144781,51.66180817144781,Medium
2349,1,0.5294959873379173,52.949598733791724,Medium
2350,1,0.5178828556827697,51.78828556827697,Medium
2351,0,0.4997959961307086,49.97959961307086,Medium
2352,1,0.5173209285023112,51.73209285023111,Medium
2353,0,0.4843371030791384,48.43371030791384,Medium
2354,1,0.5045198142479217,50.451981424792166,Medium
2355,0,0.46057884666024285,46.057884666024286,Medium
2356,0,0.4785948908402484,47.859489084024844,Medium
2357,1,0.5077323164090316,50.77323164090316,Medium
2358,1,0.5202540526573237,52.025405265732374,Medium
2359,1,0.5244209413597216,52.44209413597216,Medium
2360,1,0.5309959082465654,53.09959082465654,Medium
2361,1,0.5166750745291908,51.66750745291908,Medium
2362,0,0.47963320631014894,47.963320631014895,Medium
2363,0,0.4937176845232264,49.37176845232264,Medium
2364,0,0.47191914471481483,47.19191447148148,Medium
2365,1,0.5134657835708597,51.34657835708597,Medium
2366,1,0.5024945023361703,50.24945023361703,Medium
2367,0,0.47170607113434815,47.17060711343481,Medium
2368,0,0.45273994945124946,45.27399494512495,Medium
2369,1,0.5087133396185488,50.87133396185488,Medium
2370,0,0.4775832837288922,47.75832837288922,Medium
2371,1,0.5128035106330594,51.28035106330594,Medium
2372,0,0.48664961413241964,48.66496141324196,Medium
2373,0,0.49997270536290356,49.99727053629036,Medium
2374,1,0.505560675869151,50.5560675869151,Medium
2375,0,0.4834491470767636,48.34491470767636,Medium
2376,1,0.5459438139079953,54.594381390799526,Medium
2377,1,0.5163932413523998,51.63932413523998,Medium
2378,1,0.5007589800276246,50.075898002762465,Medium
2379,0,0.49850576973604166,49.85057697360416,Medium
2380,0,0.47399442266278535,47.399442266278534,Medium
2381,0,0.4974564876210554,49.74564876210554,Medium
2382,0,0.49606791098433023,49.60679109843302,Medium
2383,1,0.5224714019274931,52.247140192749306,Medium
2384,0,0.47521027171601987,47.521027171601986,Medium
2385,1,0.5230711908958684,52.30711908958684,Medium
2386,1,0.538261713781665,53.8261713781665,Medium
2387,1,0.564847686921356,56.4847686921356,Medium
2388,0,0.4716291129482303,47.162911294823026,Medium
2389,1,0.5206658526301261,52.06658526301261,Medium
2390,0,0.4957165643899474,49.57165643899474,Medium
2391,1,0.5107836586192119,51.07836586192119,Medium
2392,1,0.5292705742276635,52.92705742276635,Medium
2393,0,0.4953388124499173,49.533881244991726,Medium
2394,0,0.4937168313738769,49.37168313738769,Medium
2395,1,0.527299556902148,52.7299556902148,Medium
2396,0,0.4833378693311838,48.333786933118375,Medium
2397,0,0.48890521415746563,48.89052141574656,Medium
2398,1,0.5522750738156529,55.22750738156529,Medium
2399,1,0.512702840747754,51.2702840747754,Medium
2400,0,0.4915235078715436,49.15235078715436,Medium
2401,0,0.48720913338377514,48.720913338377514,Medium
2402,1,0.5378895131613164,53.78895131613164,Medium
2403,1,0.5270415226389954,52.70415226389954,Medium
2404,1,0.5007545423824991,50.075454238249904,Medium
2405,1,0.5041264018346802,50.412640183468014,Medium
2406,0,0.47394051583297475,47.394051583297475,Medium
2407,1,0.5142777815846898,51.42777815846898,Medium
2408,1,0.5298289173056026,52.982891730560254,Medium
2409,0,0.48452679329547355,48.45267932954735,Medium
2410,0,0.47822430883821804,47.8224308838218,Medium
2411,0,0.4223190522943841,42.23190522943841,Medium
2412,1,0.5099272138730346,50.99272138730346,Medium
2413,1,0.5109877446238634,51.098774462386345,Medium
2414,1,0.5395228449374578,53.952284493745786,Medium
2415,0,0.4774963083219863,47.74963083219863,Medium
2416,1,0.5296654712123244,52.966547121232445,Medium
2417,1,0.5472101113521094,54.72101113521094,Medium
2418,0,0.4678050048965319,46.780500489653186,Medium
2419,1,0.5066119658244541,50.66119658244541,Medium
2420,1,0.5083850792280535,50.838507922805356,Medium
2421,1,0.5034065813179688,50.34065813179688,Medium
2422,1,0.5147495962951172,51.474959629511716,Medium
2423,1,0.5310810112456795,53.10810112456795,Medium
2424,0,0.47759508783316545,47.75950878331655,Medium
2425,0,0.4952255484814804,49.52255484814804,Medium
2426,1,0.5344897557373836,53.44897557373835,Medium
2427,1,0.5040075845481503,50.40075845481503,Medium
2428,1,0.5254797849294093,52.54797849294093,Medium
2429,1,0.5057324544485207,50.57324544485206,Medium
2430,0,0.47698619699262024,47.698619699262025,Medium
2431,0,0.49159291772411484,49.159291772411486,Medium
2432,1,0.5088997646008534,50.88997646008534,Medium
2433,0,0.4999064642131163,49.99064642131163,Medium
2434,0,0.45820413804122556,45.82041380412256,Medium
2435,1,0.5356972163533069,53.569721635330694,Medium
2436,0,0.4765132741076021,47.65132741076021,Medium
2437,1,0.5153826560887407,51.53826560887407,Medium
2438,0,0.48420743332809263,48.420743332809266,Medium
2439,1,0.5378755395701131,53.78755395701131,Medium
2440,0,0.4894104880178173,48.941048801781726,Medium
2441,0,0.47525762854807463,47.52576285480746,Medium
2442,1,0.5209078191621977,52.090781916219775,Medium
2443,0,0.4713805348225454,47.13805348225454,Medium
2444,0,0.4811619643250322,48.11619643250322,Medium
2445,0,0.4941973444057779,49.41973444057779,Medium
2446,0,0.4802354848478376,48.02354848478376,Medium
2447,0,0.4793352463787386,47.93352463787386,Medium
2448,1,0.5319351415642454,53.193514156424534,Medium
2449,0,0.48762072575070015,48.762072575070015,Medium
2450,1,0.5411996390276239,54.11996390276239,Medium
2451,1,0.5359522373213133,53.59522373213132,Medium
2452,0,0.41699902809903494,41.69990280990349,Medium
2453,0,0.49054213052268214,49.05421305226822,Medium
2454,0,0.47692729348665713,47.692729348665715,Medium
2455,0,0.4744418933976457,47.44418933976457,Medium
2456,1,0.5013375546981618,50.13375546981618,Medium
2457,0,0.49511544246327666,49.51154424632767,Medium
2458,1,0.5264917656235184,52.64917656235184,Medium
2459,1,0.51867834117892,51.867834117891995,Medium
2460,1,0.5218972949647301,52.189729496473014,Medium
2461,0,0.4693498757017892,46.93498757017892,Medium
2462,1,0.5378502952960668,53.785029529606675,Medium
2463,1,0.5081826476352569,50.81826476352569,Medium
2464,1,0.542264483168658,54.226448316865806,Medium
2465,0,0.48883612386750236,48.88361238675024,Medium
2466,0,0.4733701705964988,47.33701705964988,Medium
2467,1,0.5448286726882756,54.48286726882756,Medium
2468,0,0.4705970225984692,47.05970225984692,Medium
2469,1,0.5213125414038572,52.13125414038572,Medium
2470,0,0.486771671894573,48.6771671894573,Medium
2471,1,0.5117470540357119,51.17470540357119,Medium
2472,1,0.5066606895129488,50.66606895129488,Medium
2473,1,0.5034957044243528,50.34957044243528,Medium
2474,1,0.5070039599821577,50.700395998215775,Medium
2475,0,0.4926104646577265,49.26104646577265,Medium
2476,0,0.4793041905332876,47.93041905332876,Medium
2477,0,0.4810607089458338,48.10607089458338,Medium
2478,1,0.5173349243614134,51.73349243614134,Medium
2479,1,0.5021929878789811,50.21929878789811,Medium
2480,1,0.509575806041834,50.95758060418339,Medium
2481,0,0.46952960774695,46.952960774695,Medium
2482,0,0.4699140924862459,46.991409248624585,Medium
2483,1,0.5221038201188383,52.21038201188383,Medium
2484,0,0.49483927004023914,49.48392700402391,Medium
2485,0,0.4788103520668469,47.88103520668469,Medium
2486,1,0.515577164149503,51.557716414950306,Medium
2487,0,0.4987647030062667,49.87647030062667,Medium
2488,1,0.5221058500731135,52.21058500731135,Medium
2489,1,0.5076458635860212,50.764586358602116,Medium
2490,0,0.49764612844613043,49.76461284461304,Medium
2491,0,0.46965964819110345,46.96596481911035,Medium
2492,1,0.5162078672086677,51.620786720866775,Medium
2493,1,0.5600120644139841,56.00120644139841,Medium
2494,1,0.5301902518244463,53.019025182444636,Medium
2495,0,0.4872304250857272,48.723042508572725,Medium
2496,1,0.5339695331573845,53.39695331573845,Medium
2497,0,0.49500775813884285,49.50077581388428,Medium
2498,1,0.5000849167332798,50.00849167332798,Medium
2499,1,0.5068701934347838,50.687019343478376,Medium
2500,1,0.5018889022916275,50.18889022916275,Medium
2501,1,0.5080368820361092,50.80368820361092,Medium
2502,0,0.48011287972521305,48.0112879725213,Medium
2503,1,0.5055413045536793,50.55413045536793,Medium
2504,1,0.5325688160868894,53.25688160868894,Medium
2505,1,0.5044535320734627,50.445353207346265,Medium
2506,1,0.5050888257822941,50.50888257822941,Medium
2507,1,0.5169065034149704,51.69065034149703,Medium
2508,0,0.4785678406614685,47.85678406614685,Medium
2509,1,0.5212381083392202,52.12381083392202,Medium
2510,0,0.4728481548346334,47.28481548346334,Medium
2511,1,0.5070249892556602,50.70249892556602,Medium
2512,1,0.5206543132751598,52.065431327515974,Medium
2513,0,0.4855958426009116,48.55958426009116,Medium
2514,1,0.5031647844234073,50.31647844234073,Medium
2515,0,0.4393212605473663,43.93212605473663,Medium
2516,0,0.46596214653258927,46.596214653258926,Medium
2517,1,0.5168322410929421,51.683224109294216,Medium
2518,1,0.52255490389919,52.255490389919004,Medium
2519,1,0.5209956799128789,52.099567991287884,Medium
2520,0,0.4911306256766655,49.113062567666546,Medium
2521,1,0.5304006325741184,53.04006325741184,Medium
2522,1,0.5245308484519423,52.45308484519423,Medium
2523,0,0.4504570797261463,45.04570797261463,Medium
2524,0,0.485708360460356,48.570836046035595,Medium
2525,0,0.4973618032104829,49.73618032104829,Medium
2526,0,0.4830216407933986,48.30216407933986,Medium
2527,1,0.5066578683197764,50.66578683197764,Medium
2528,1,0.5589461519647135,55.89461519647136,Medium
2529,1,0.5081778077716265,50.817780777162646,Medium
2530,1,0.5058072694396001,50.58072694396001,Medium
2531,0,0.48351427444604633,48.35142744460463,Medium
2532,1,0.5004581754444765,50.045817544447644,Medium
2533,1,0.5495382126445708,54.95382126445708,Medium
2534,1,0.5086790304961125,50.86790304961125,Medium
2535,1,0.5054109040983955,50.54109040983955,Medium
2536,1,0.5421821816008555,54.21821816008555,Medium
2537,1,0.5061329716345557,50.61329716345557,Medium
2538,1,0.5213361699448226,52.13361699448226,Medium
2539,1,0.5166410095815633,51.66410095815633,Medium
2540,1,0.5176513320928006,51.76513320928006,Medium
2541,1,0.5128289990695719,51.28289990695719,Medium
2542,0,0.4969762762415534,49.69762762415534,Medium
2543,1,0.5144783654444852,51.44783654444852,Medium
2544,1,0.5028407009254631,50.28407009254631,Medium
2545,1,0.5223771081284692,52.23771081284691,Medium
2546,1,0.5109873141171588,51.09873141171588,Medium
2547,1,0.5372660677153497,53.72660677153497,Medium
2548,1,0.5099440293002557,50.99440293002557,Medium
2549,0,0.49584582748568107,49.58458274856811,Medium
2550,1,0.5293038246459678,52.93038246459678,Medium
2551,0,0.481755285462832,48.175528546283196,Medium
2552,1,0.5442518040013454,54.42518040013454,Medium
2553,1,0.5540766455244692,55.407664552446924,Medium
2554,0,0.49490380099087317,49.49038009908732,Medium
2555,1,0.510123562979284,51.0123562979284,Medium
2556,0,0.495498325369422,49.5498325369422,Medium
2557,1,0.5146637350001343,51.46637350001343,Medium
2558,1,0.5338201305978894,53.38201305978893,Medium
2559,0,0.49425397963530476,49.42539796353048,Medium
2560,1,0.5020393308303425,50.203933083034244,Medium
2561,0,0.49306563798804093,49.30656379880409,Medium
2562,0,0.4883265806206723,48.83265806206723,Medium
2563,0,0.47853104689339626,47.853104689339624,Medium
2564,1,0.5055835680643012,50.55835680643012,Medium
2565,1,0.5077515851283632,50.77515851283631,Medium
2566,1,0.518537076030701,51.8537076030701,Medium
2567,0,0.4935201278550401,49.352012785504016,Medium
2568,1,0.5215732514612306,52.15732514612306,Medium
2569,0,0.491706740088683,49.170674008868296,Medium
2570,0,0.48080005755090977,48.08000575509098,Medium
2571,1,0.5529749807356883,55.29749807356883,Medium
2572,1,0.5214063721570454,52.140637215704544,Medium
2573,1,0.5117433377789418,51.17433377789418,Medium
2574,0,0.49473429228659455,49.473429228659455,Medium
2575,0,0.4963653266614476,49.63653266614476,Medium
2576,1,0.5259467261520036,52.59467261520035,Medium
2577,1,0.5045168302560424,50.45168302560425,Medium
2578,1,0.5503372799084408,55.033727990844085,Medium
2579,0,0.48863442583757255,48.863442583757255,Medium
2580,1,0.5029809432622936,50.29809432622936,Medium
2581,0,0.4660436179770144,46.604361797701436,Medium
2582,1,0.5199010828805676,51.99010828805676,Medium
2583,0,0.4772443661799946,47.72443661799946,Medium
2584,1,0.5358979479490018,53.58979479490018,Medium
2585,0,0.48760951025024324,48.760951025024326,Medium
2586,1,0.508076956462807,50.807695646280706,Medium
2587,1,0.5163190956703324,51.63190956703324,Medium
2588,1,0.5043202052981823,50.43202052981823,Medium
2589,0,0.48474392787289594,48.474392787289595,Medium
2590,1,0.5197211286826512,51.97211286826512,Medium
2591,1,0.5218202078898956,52.18202078898956,Medium
2592,1,0.5053643898124328,50.53643898124328,Medium
2593,0,0.4952124817546922,49.52124817546922,Medium
2594,0,0.49650281631074344,49.65028163107434,Medium
2595,1,0.5081900300931796,50.81900300931797,Medium
2596,1,0.5068279997982422,50.682799979824225,Medium
2597,0,0.4030989280397571,40.309892803975714,Medium
2598,1,0.5188902301989924,51.88902301989924,Medium
2599,1,0.508592169839859,50.8592169839859,Medium
2600,0,0.4930942883363527,49.30942883363527,Medium
2601,0,0.48467899839595396,48.4678998395954,Medium
2602,1,0.5050897371464097,50.50897371464097,Medium
2603,1,0.5236365356731464,52.363653567314635,Medium
2604,1,0.5199513552667023,51.99513552667023,Medium
2605,1,0.5026765266480279,50.26765266480279,Medium
2606,0,0.48537633918166334,48.537633918166335,Medium
2607,0,0.46587810111174927,46.587810111174925,Medium
2608,1,0.5579694399987818,55.79694399987818,Medium
2609,0,0.48291638797953074,48.29163879795308,Medium
2610,1,0.5349222184170258,53.49222184170258,Medium
2611,1,0.5185868786877261,51.85868786877261,Medium
2612,1,0.5034731278372238,50.34731278372237,Medium
2613,1,0.5035428440706163,50.354284407061634,Medium
2614,0,0.48625270284813576,48.625270284813574,Medium
2615,0,0.4864183467608487,48.64183467608487,Medium
2616,0,0.4984779607969328,49.84779607969328,Medium
2617,1,0.5425709815259978,54.25709815259978,Medium
2618,1,0.5048860086681904,50.48860086681904,Medium
2619,0,0.47772160908055433,47.77216090805543,Medium
2620,0,0.48439853728506205,48.43985372850621,Medium
2621,0,0.47083393965001724,47.083393965001726,Medium
2622,0,0.47775876087536945,47.77587608753694,Medium
2623,1,0.5177661254438609,51.77661254438609,Medium
2624,1,0.5090530701536006,50.90530701536006,Medium
2625,0,0.4387849923115495,43.87849923115495,Medium
2626,0,0.47278874117151687,47.27887411715169,Medium
2627,0,0.4985875829972309,49.858758299723085,Medium
2628,1,0.5218669724470542,52.186697244705414,Medium
2629,0,0.42449867462206814,42.44986746220681,Medium
2630,0,0.48642634265590273,48.642634265590274,Medium
2631,0,0.48899362975664795,48.89936297566479,Medium
2632,0,0.4817933364980106,48.17933364980106,Medium
2633,1,0.513696182834596,51.369618283459594,Medium
2634,1,0.5183985263413972,51.83985263413972,Medium
2635,0,0.4910743176046254,49.10743176046254,Medium
2636,0,0.49844831011275936,49.844831011275936,Medium
2637,0,0.4770281879423544,47.70281879423544,Medium
2638,0,0.47960539967712756,47.960539967712755,Medium
2639,1,0.5379654249978368,53.79654249978368,Medium
2640,0,0.49014734662939813,49.014734662939816,Medium
2641,0,0.4821308500543183,48.213085005431836,Medium
2642,0,0.49652831818333076,49.65283181833308,Medium
2643,1,0.5452514981204696,54.525149812046955,Medium
2644,0,0.49569058342784283,49.56905834278428,Medium
2645,1,0.5685157655827515,56.851576558275156,Medium
2646,0,0.48831228687554246,48.831228687554244,Medium
2647,1,0.5278342965380289,52.78342965380289,Medium
2648,0,0.47429390491601003,47.429390491601005,Medium
2649,1,0.51714386644431,51.714386644431,Medium
2650,0,0.4755364462413396,47.55364462413396,Medium
2651,1,0.5006732576904374,50.067325769043734,Medium
2652,0,0.4861652652786233,48.616526527862334,Medium
2653,0,0.47355588225764117,47.355588225764116,Medium
2654,0,0.48504194923964045,48.50419492396404,Medium
2655,0,0.4869864657149991,48.69864657149991,Medium
2656,1,0.5268880448508526,52.688804485085264,Medium
2657,1,0.5401946346908695,54.01946346908695,Medium
2658,1,0.5197407644602566,51.97407644602566,Medium
2659,0,0.39620723961944954,39.620723961944954,Medium
2660,1,0.5135864620770122,51.35864620770122,Medium
2661,1,0.521057885011024,52.1057885011024,Medium
2662,0,0.48292167975027217,48.29216797502722,Medium
2663,1,0.5206963994188075,52.06963994188075,Medium
2664,0,0.4606450518268904,46.06450518268904,Medium
2665,1,0.5268708091795781,52.68708091795781,Medium
2666,0,0.4874837715397936,48.74837715397936,Medium
2667,1,0.5046260297970632,50.46260297970632,Medium
2668,0,0.4986943258168663,49.86943258168663,Medium
2669,0,0.4800293499051405,48.00293499051405,Medium
2670,1,0.5516191313789706,55.16191313789706,Medium
2671,0,0.4828433939259783,48.28433939259783,Medium
2672,0,0.4916598012370648,49.16598012370648,Medium
2673,0,0.4996303437848583,49.96303437848583,Medium
2674,1,0.5017439323883642,50.17439323883642,Medium
2675,0,0.4755154892909067,47.55154892909067,Medium
2676,0,0.43405196137656804,43.4051961376568,Medium
2677,0,0.48122380296133865,48.12238029613386,Medium
2678,1,0.538836844245339,53.8836844245339,Medium
2679,0,0.4181114362829184,41.811143628291845,Medium
2680,1,0.5104445508911934,51.044455089119346,Medium
2681,0,0.45971305584900257,45.97130558490026,Medium
2682,0,0.4891959756247208,48.91959756247208,Medium
2683,0,0.4685887304141778,46.85887304141778,Medium
2684,1,0.5005437320807365,50.054373208073656,Medium
2685,0,0.48176103177841423,48.176103177841426,Medium
2686,1,0.5210624615995392,52.10624615995392,Medium
2687,1,0.510290981020191,51.0290981020191,Medium
2688,0,0.45901847660595,45.901847660595,Medium
2689,0,0.4844771085550885,48.44771085550885,Medium
2690,1,0.5527139358395894,55.27139358395894,Medium
2691,1,0.5073359301410235,50.733593014102354,Medium
2692,1,0.5201878033958688,52.018780339586876,Medium
2693,0,0.4702977816602716,47.02977816602716,Medium
2694,1,0.5080023281671646,50.80023281671646,Medium
2695,0,0.46038984760135515,46.03898476013551,Medium
2696,1,0.5378321670052724,53.783216700527234,Medium
2697,1,0.5046575678418616,50.465756784186155,Medium
2698,1,0.5071608923500143,50.71608923500143,Medium
2699,1,0.5021945927040239,50.21945927040239,Medium
2700,0,0.49795878792135734,49.79587879213573,Medium
2701,1,0.5115731649669012,51.15731649669012,Medium
2702,0,0.49833505705356507,49.83350570535651,Medium
2703,1,0.5053719403071463,50.53719403071463,Medium
2704,1,0.5075096617841761,50.75096617841761,Medium
2705,1,0.5398061007273227,53.98061007273227,Medium
2706,0,0.45643422242341436,45.64342224234144,Medium
2707,1,0.5045466421821294,50.45466421821294,Medium
2708,1,0.5062449309318805,50.62449309318805,Medium
2709,1,0.5140472063479992,51.404720634799915,Medium
2710,1,0.5166007766217455,51.66007766217455,Medium
2711,0,0.48785530426462514,48.785530426462515,Medium
2712,0,0.4914389108428836,49.14389108428836,Medium
2713,0,0.481718242099841,48.1718242099841,Medium
2714,1,0.5183254790399668,51.832547903996684,Medium
2715,1,0.5105321826448784,51.053218264487846,Medium
2716,1,0.5025530651993133,50.25530651993133,Medium
2717,0,0.48760114873622407,48.760114873622406,Medium
2718,0,0.4945719352950656,49.45719352950656,Medium
2719,0,0.4908042092960342,49.08042092960342,Medium
2720,1,0.5185422862814001,51.85422862814001,Medium
2721,0,0.4902526165103985,49.02526165103985,Medium
2722,0,0.47645547856239817,47.645547856239816,Medium
2723,0,0.473911187953263,47.3911187953263,Medium
2724,1,0.5321105821504527,53.21105821504527,Medium
2725,1,0.518026783379554,51.8026783379554,Medium
2726,1,0.5392214310454276,53.92214310454276,Medium
2727,0,0.4967264114658624,49.67264114658624,Medium
2728,0,0.470698197950632,47.069819795063204,Medium
2729,1,0.5098833300631141,50.988333006311414,Medium
2730,1,0.5353083876567781,53.530838765677814,Medium
2731,1,0.506604376906411,50.6604376906411,Medium
2732,0,0.496147485966023,49.6147485966023,Medium
2733,1,0.5615305079802906,56.15305079802906,Medium
2734,0,0.48187574920604875,48.187574920604874,Medium
2735,0,0.4959921491140753,49.59921491140753,Medium
2736,1,0.5089225469869407,50.892254698694074,Medium
2737,0,0.4976167465242547,49.76167465242547,Medium
2738,1,0.5163964686660736,51.63964686660736,Medium
2739,0,0.48505421524918335,48.50542152491833,Medium
2740,1,0.5128259923320965,51.282599233209645,Medium
2741,1,0.5247862856399144,52.478628563991435,Medium
2742,0,0.48566366227735697,48.5663662277357,Medium
2743,0,0.49780949516258977,49.78094951625898,Medium
2744,1,0.5785416063903119,57.85416063903119,Medium
2745,1,0.536922744200728,53.692274420072806,Medium
2746,0,0.4840995626776583,48.40995626776583,Medium
2747,1,0.5129454696795971,51.29454696795971,Medium
2748,0,0.4919030681511814,49.19030681511814,Medium
2749,0,0.47432642833480226,47.43264283348022,Medium
2750,0,0.4281613766148385,42.81613766148385,Medium
2751,1,0.5418307585789222,54.18307585789221,Medium
2752,1,0.5023295375671538,50.23295375671538,Medium
2753,1,0.5384496866895133,53.84496866895133,Medium
2754,0,0.4906866334807538,49.06866334807538,Medium
2755,0,0.48582685605059694,48.582685605059694,Medium
2756,0,0.4885109880072973,48.85109880072973,Medium
2757,0,0.4854996069219196,48.54996069219196,Medium
2758,0,0.44978363370027286,44.97836337002729,Medium
2759,0,0.49824784527698734,49.82478452769873,Medium
2760,1,0.5335598129614845,53.35598129614845,Medium
2761,0,0.4783349467088683,47.83349467088683,Medium
2762,0,0.4918526343359577,49.18526343359577,Medium
2763,0,0.4822364326789461,48.22364326789461,Medium
2764,1,0.5206564064846084,52.06564064846084,Medium
2765,0,0.486238737375179,48.6238737375179,Medium
2766,1,0.5253488730469128,52.53488730469128,Medium
2767,0,0.4736009338389873,47.360093383898736,Medium
2768,1,0.5023934261775743,50.23934261775743,Medium
2769,0,0.49983923431819055,49.98392343181906,Medium
2770,1,0.5091197089332476,50.911970893324764,Medium
2771,1,0.5169303391481023,51.69303391481023,Medium
2772,1,0.5087337588276283,50.87337588276283,Medium
2773,1,0.5087692053000854,50.87692053000854,Medium
2774,0,0.4958274480939362,49.58274480939362,Medium
2775,0,0.49541037390817094,49.541037390817095,Medium
2776,0,0.4854258200711447,48.54258200711447,Medium
2777,1,0.5468572236192778,54.68572236192778,Medium
2778,0,0.4703984730876293,47.03984730876293,Medium
2779,0,0.4807174920188506,48.07174920188506,Medium
2780,0,0.4932439083037902,49.32439083037902,Medium
2781,1,0.5212369249485681,52.12369249485681,Medium
2782,1,0.5049899580714496,50.498995807144965,Medium
2783,1,0.543226680637027,54.32266806370269,Medium
2784,1,0.5159182618906648,51.59182618906648,Medium
2785,1,0.5009114413985897,50.09114413985897,Medium
2786,1,0.5219034299030979,52.19034299030979,Medium
2787,0,0.46978224832512444,46.978224832512446,Medium
2788,0,0.49839605080866395,49.83960508086639,Medium
2789,0,0.4840800469858292,48.40800469858292,Medium
2790,0,0.49706636001329785,49.706636001329784,Medium
2791,1,0.5329540240000497,53.29540240000497,Medium
2792,1,0.5139237833382075,51.39237833382075,Medium
2793,1,0.5578040726817489,55.78040726817489,Medium
2794,1,0.5153283053480334,51.532830534803345,Medium
2795,0,0.44762373915287407,44.762373915287405,Medium
2796,1,0.5211339054675579,52.11339054675579,Medium
2797,1,0.5048298381374074,50.482983813740745,Medium
2798,1,0.5053143033251869,50.53143033251869,Medium
2799,1,0.5129541804271968,51.295418042719675,Medium
2800,0,0.4818171626054052,48.18171626054052,Medium
2801,1,0.5307614478148376,53.076144781483755,Medium
2802,1,0.5173586187748384,51.735861877483835,Medium
2803,1,0.5107865048810972,51.07865048810972,Medium
2804,1,0.5853877820435963,58.53877820435963,Medium
2805,1,0.5199413487199037,51.99413487199037,Medium
2806,1,0.519082552026569,51.9082552026569,Medium
2807,1,0.5006592368675793,50.06592368675793,Medium
2808,0,0.49404422539195086,49.40442253919509,Medium
2809,1,0.5641158519552032,56.41158519552032,Medium
2810,1,0.5014399680792109,50.143996807921084,Medium
2811,0,0.4849267836731264,48.49267836731264,Medium
2812,1,0.5003142052625974,50.03142052625974,Medium
2813,1,0.5589680210145641,55.89680210145641,Medium
2814,0,0.4902449538768601,49.02449538768601,Medium
2815,1,0.5001926878405472,50.01926878405472,Medium
2816,1,0.5715098360882503,57.15098360882504,Medium
2817,1,0.533890270182374,53.3890270182374,Medium
2818,1,0.524145664558928,52.414566455892796,Medium
2819,0,0.48281579316900747,48.281579316900746,Medium
2820,0,0.4769632103603176,47.696321036031755,Medium
2821,0,0.4009585557817064,40.09585557817064,Medium
2822,1,0.5224085342084916,52.24085342084916,Medium
2823,0,0.4957488928193177,49.574889281931775,Medium
2824,0,0.49399933437911137,49.39993343791114,Medium
2825,1,0.5290734700612301,52.907347006123004,Medium
2826,1,0.5596524269431522,55.96524269431522,Medium
2827,0,0.4907209484925634,49.072094849256345,Medium
2828,0,0.49138242107003544,49.13824210700354,Medium
2829,1,0.5230826317434465,52.308263174344646,Medium
2830,0,0.47547082013739034,47.547082013739036,Medium
2831,0,0.491699552073203,49.1699552073203,Medium
2832,0,0.4293213493068148,42.93213493068148,Medium
2833,0,0.423910923568398,42.3910923568398,Medium
2834,0,0.4669659826620464,46.69659826620464,Medium
2835,1,0.5026534305323661,50.26534305323661,Medium
2836,1,0.5006671100892133,50.06671100892133,Medium
2837,1,0.5077889060012468,50.77889060012468,Medium
2838,0,0.4733604206107036,47.33604206107036,Medium
2839,0,0.4814134139643969,48.14134139643969,Medium
2840,0,0.4901489000677186,49.014890006771864,Medium
2841,1,0.5250206553955992,52.502065539559915,Medium
2842,1,0.5164945862573939,51.649458625739385,Medium
2843,0,0.49919865737075064,49.919865737075064,Medium
2844,0,0.4514239169441359,45.14239169441359,Medium
2845,0,0.46511834020974724,46.511834020974725,Medium
2846,1,0.501468168707906,50.1468168707906,Medium
2847,1,0.515892726143176,51.58927261431761,Medium
2848,0,0.4853298090712304,48.53298090712304,Medium
2849,0,0.47978498324362295,47.97849832436229,Medium
2850,0,0.49413172922139914,49.413172922139914,Medium
2851,1,0.5401961512437187,54.01961512437187,Medium
2852,0,0.48931780156586835,48.93178015658683,Medium
2853,0,0.4897446735134183,48.97446735134183,Medium
2854,0,0.48050428303348075,48.05042830334808,Medium
2855,1,0.5028821041829402,50.28821041829402,Medium
2856,1,0.52204683389835,52.204683389835004,Medium
2857,1,0.515556359072062,51.555635907206195,Medium
2858,0,0.4708629693884759,47.08629693884759,Medium
2859,1,0.5326000651618011,53.26000651618011,Medium
2860,1,0.5215434258364413,52.15434258364413,Medium
2861,0,0.48887889280956737,48.887889280956735,Medium
2862,0,0.48159188261027985,48.159188261027985,Medium
2863,0,0.4445051251390656,44.45051251390656,Medium
2864,0,0.47189416309549287,47.18941630954929,Medium
2865,1,0.5273623633621666,52.736236336216656,Medium
2866,1,0.5359973030454528,53.599730304545275,Medium
2867,1,0.5227482873763589,52.27482873763589,Medium
2868,1,0.5116878808665946,51.168788086659454,Medium
2869,0,0.48721386781368164,48.72138678136817,Medium
2870,1,0.5324784957757495,53.24784957757495,Medium
2871,1,0.5031814241671806,50.31814241671806,Medium
2872,0,0.4763508305933485,47.635083059334846,Medium
2873,1,0.503088174372006,50.3088174372006,Medium
2874,1,0.5105252002112644,51.05252002112643,Medium
2875,0,0.4600323161029629,46.00323161029629,Medium
2876,0,0.49523282847966454,49.523282847966456,Medium
2877,0,0.48210175118532206,48.210175118532206,Medium
2878,1,0.5383502536236046,53.835025362360454,Medium
2879,0,0.4926719935516529,49.26719935516529,Medium
2880,0,0.4288990540709905,42.88990540709905,Medium
2881,1,0.5066249985057902,50.662499850579024,Medium
2882,1,0.5468954212975004,54.68954212975004,Medium
2883,1,0.549261708179522,54.926170817952205,Medium
2884,0,0.49708516164804417,49.708516164804415,Medium
2885,0,0.4903524468673614,49.03524468673614,Medium
2886,1,0.5132238895268579,51.32238895268579,Medium
2887,1,0.5240199858104575,52.40199858104575,Medium
2888,0,0.48429623917664527,48.42962391766453,Medium
2889,1,0.5137521261557542,51.375212615575414,Medium
2890,0,0.4873366832874522,48.733668328745225,Medium
2891,0,0.4991921568153914,49.91921568153914,Medium
2892,0,0.44900783847749925,44.90078384774993,Medium
2893,1,0.5087924855354163,50.879248553541636,Medium
2894,1,0.531127934530424,53.11279345304239,Medium
2895,0,0.46024427194536727,46.02442719453673,Medium
2896,0,0.4955368907224851,49.55368907224851,Medium
2897,1,0.5745856290591216,57.45856290591216,Medium
2898,1,0.5258362834485546,52.58362834485546,Medium
2899,0,0.4945655429075905,49.45655429075905,Medium
2900,0,0.47467631349350475,47.46763134935048,Medium
2901,1,0.5254574658516412,52.545746585164125,Medium
2902,0,0.4908026364725635,49.08026364725635,Medium
2903,1,0.515952382403075,51.595238240307495,Medium
2904,1,0.5251110995347921,52.511109953479206,Medium
2905,0,0.46175361262530834,46.175361262530835,Medium
2906,0,0.4816501562007389,48.165015620073895,Medium
2907,0,0.4908745077893635,49.08745077893635,Medium
2908,1,0.5312167971939966,53.12167971939966,Medium
2909,0,0.4970611170539955,49.70611170539955,Medium
2910,1,0.522171031006217,52.2171031006217,Medium
2911,0,0.492056164193189,49.2056164193189,Medium
2912,1,0.5014138843078831,50.14138843078831,Medium
2913,0,0.45777507155960484,45.777507155960485,Medium
2914,1,0.5256326980479517,52.56326980479516,Medium
2915,1,0.5272634638453468,52.726346384534686,Medium
2916,0,0.46719879492642163,46.719879492642164,Medium
2917,0,0.4877605199317904,48.776051993179045,Medium
2918,1,0.5403899516427318,54.03899516427318,Medium
2919,1,0.5113124303890288,51.13124303890289,Medium
2920,0,0.49438887571851375,49.438887571851375,Medium
2921,0,0.48866445035588213,48.866445035588214,Medium
2922,1,0.5179366776024082,51.79366776024082,Medium
2923,0,0.49399349338305915,49.39934933830592,Medium
2924,0,0.4755360474867253,47.55360474867253,Medium
2925,1,0.5393781462300781,53.93781462300781,Medium
2926,1,0.5191422191896379,51.91422191896379,Medium
2927,1,0.5061856707221485,50.61856707221485,Medium
2928,1,0.506261037156499,50.6261037156499,Medium
2929,0,0.47624739959812273,47.624739959812274,Medium
2930,0,0.4833115019722782,48.33115019722782,Medium
2931,0,0.4848030506097107,48.48030506097107,Medium
2932,0,0.4891707218920576,48.91707218920576,Medium
2933,1,0.5212156850429518,52.121568504295176,Medium
2934,0,0.47790322436264865,47.790322436264866,Medium
2935,1,0.5125131360049654,51.25131360049654,Medium
2936,1,0.5246511184494561,52.46511184494561,Medium
2937,0,0.49891602788856004,49.891602788856005,Medium
2938,0,0.4952407365061984,49.52407365061984,Medium
2939,0,0.4725950207047958,47.259502070479584,Medium
2940,1,0.5273777149897803,52.73777149897803,Medium
2941,1,0.5001515076750859,50.01515076750859,Medium
2942,1,0.5519381719590634,55.193817195906334,Medium
2943,1,0.504146128434117,50.414612843411696,Medium
2944,0,0.4880160195821557,48.80160195821557,Medium
2945,0,0.48000350302206696,48.0003503022067,Medium
2946,0,0.4672811890347783,46.72811890347783,Medium
2947,1,0.5132952381708084,51.32952381708083,Medium
2948,1,0.5035620364876924,50.35620364876924,Medium
2949,1,0.5380277386242274,53.80277386242274,Medium
2950,1,0.5092730347464717,50.92730347464717,Medium
2951,0,0.48587364478121464,48.587364478121465,Medium
2952,0,0.4606069277442984,46.06069277442984,Medium
2953,0,0.4450420033049992,44.50420033049992,Medium
2954,0,0.4450951275658289,44.50951275658289,Medium
2955,0,0.49243755969489944,49.243755969489946,Medium
2956,1,0.5205503691393435,52.05503691393435,Medium
2957,0,0.4943878924950907,49.43878924950907,Medium
2958,1,0.5199438952388923,51.994389523889225,Medium
2959,1,0.5357208303318618,53.57208303318618,Medium
2960,0,0.4995840889719456,49.95840889719456,Medium
2961,1,0.5266730881625704,52.66730881625704,Medium
2962,1,0.5512475298525501,55.12475298525501,Medium
2963,0,0.47000040862308246,47.000040862308246,Medium
2964,0,0.46110045686570716,46.110045686570714,Medium
2965,0,0.4306069628418576,43.06069628418576,Medium
2966,1,0.5232951380935854,52.32951380935854,Medium
2967,0,0.4929576755779817,49.29576755779817,Medium
2968,1,0.5280959614160311,52.80959614160311,Medium
2969,0,0.47427744136968586,47.427744136968585,Medium
2970,0,0.4995274342023965,49.95274342023965,Medium
2971,0,0.49182821255648834,49.18282125564883,Medium
2972,0,0.49527674608605776,49.52767460860578,Medium
2973,1,0.5203392360399222,52.033923603992214,Medium
2974,0,0.49052441295246424,49.052441295246425,Medium
2975,1,0.5422505293337073,54.22505293337073,Medium
2976,1,0.5130044190602129,51.30044190602129,Medium
2977,0,0.4933728124553585,49.337281245535856,Medium
2978,1,0.517121076094593,51.7121076094593,Medium
2979,1,0.5034977973272728,50.349779732727285,Medium
2980,1,0.548731712075929,54.8731712075929,Medium
2981,0,0.4609466247560824,46.09466247560824,Medium
2982,1,0.5039445965473813,50.394459654738135,Medium
2983,0,0.4989977910722523,49.89977910722523,Medium
2984,1,0.5366039854473792,53.660398544737916,Medium
2985,0,0.4952020523479901,49.52020523479901,Medium
2986,0,0.4902953335449056,49.02953335449056,Medium
2987,1,0.5282542471961555,52.825424719615555,Medium
2988,1,0.5148211408077981,51.48211408077981,Medium
2989,0,0.48217673631487856,48.217673631487855,Medium
2990,0,0.4972312846238036,49.72312846238036,Medium
2991,0,0.4930258873723093,49.30258873723093,Medium
2992,0,0.4963324450521759,49.63324450521759,Medium
2993,0,0.456173438667618,45.6173438667618,Medium
2994,1,0.5009833799198056,50.09833799198056,Medium
2995,1,0.55832978678558,55.832978678558,Medium
2996,0,0.4969660188101755,49.69660188101755,Medium
2997,1,0.5076423976787238,50.764239767872375,Medium
2998,1,0.5239732021997062,52.397320219970624,Medium
2999,0,0.4870081694714834,48.70081694714834,Medium
3000,0,0.48437825804668977,48.437825804668975,Medium
3001,1,0.5026247072278964,50.262470722789644,Medium
3002,1,0.5378673779346467,53.78673779346467,Medium
3003,1,0.5242068149415633,52.42068149415633,Medium
3004,0,0.46699096154601977,46.699096154601975,Medium
3005,0,0.46311807635234137,46.31180763523414,Medium
3006,1,0.5073715745567279,50.73715745567279,Medium
3007,1,0.5282690630265175,52.82690630265176,Medium
3008,1,0.530361232846146,53.036123284614604,Medium
3009,0,0.4173527161884141,41.73527161884141,Medium
3010,1,0.5086065389815279,50.86065389815278,Medium
3011,0,0.4719243675179358,47.19243675179358,Medium
3012,1,0.5453238664329223,54.53238664329223,Medium
3013,0,0.4986429944393332,49.86429944393332,Medium
3014,1,0.5036401245097356,50.36401245097356,Medium
3015,1,0.5180230607082986,51.802306070829864,Medium
3016,1,0.5244325457903359,52.44325457903359,Medium
3017,1,0.5128060161822439,51.28060161822439,Medium
3018,0,0.48550129645502194,48.550129645502196,Medium
3019,1,0.515693466011842,51.56934660118419,Medium
3020,0,0.4959439211380381,49.594392113803806,Medium
3021,1,0.5735210155958237,57.352101559582366,Medium
3022,0,0.493367696047609,49.3367696047609,Medium
3023,0,0.47729951511809027,47.72995151180903,Medium
3024,1,0.521874640494828,52.1874640494828,Medium
3025,0,0.4913756755104955,49.13756755104955,Medium
3026,1,0.5301690172645745,53.016901726457455,Medium
3027,1,0.5425495081061756,54.254950810617565,Medium
3028,1,0.5245298290087026,52.45298290087026,Medium
3029,0,0.4818564915221057,48.185649152210566,Medium
3030,0,0.47951576923293654,47.95157692329365,Medium
3031,1,0.5649414821948431,56.49414821948431,Medium
3032,0,0.479806483184138,47.9806483184138,Medium
3033,1,0.5218282706233993,52.18282706233993,Medium
3034,1,0.5067091691709484,50.67091691709484,Medium
3035,0,0.4910033099132205,49.10033099132205,Medium
3036,0,0.4945453870789303,49.45453870789303,Medium
3037,1,0.5110752610472762,51.10752610472762,Medium
3038,0,0.4861418475504849,48.61418475504849,Medium
3039,0,0.4991858277844586,49.91858277844586,Medium
3040,1,0.5062178132307003,50.621781323070024,Medium
3041,1,0.5181211417193247,51.812114171932464,Medium
3042,1,0.5371882246044408,53.71882246044408,Medium
3043,1,0.5249891459450674,52.49891459450674,Medium
3044,1,0.5272321329724803,52.72321329724803,Medium
3045,0,0.44845266809933404,44.845266809933406,Medium
3046,0,0.47566259092309815,47.566259092309814,Medium
3047,0,0.4740678402186289,47.40678402186289,Medium
3048,1,0.5096399306801473,50.96399306801474,Medium
3049,1,0.500763140210389,50.076314021038904,Medium
3050,0,0.4529718433547416,45.297184335474164,Medium
3051,1,0.5322541846334679,53.225418463346784,Medium
3052,0,0.44303175947721574,44.30317594772157,Medium
3053,0,0.48381361740290546,48.381361740290544,Medium
3054,1,0.5063764241996013,50.63764241996013,Medium
3055,1,0.5003544478407652,50.035444784076525,Medium
3056,1,0.5146504889953868,51.46504889953868,Medium
3057,0,0.47266841063459775,47.26684106345977,Medium
3058,0,0.4976197124934585,49.76197124934585,Medium
3059,1,0.5329264480433519,53.29264480433519,Medium
3060,1,0.5435256507470885,54.35256507470885,Medium
3061,1,0.500176653069451,50.017665306945105,Medium
3062,1,0.5423673011695814,54.23673011695814,Medium
3063,1,0.5255839237157537,52.558392371575366,Medium
3064,1,0.5005015124428237,50.05015124428237,Medium
3065,0,0.46055883697243877,46.05588369724388,Medium
3066,1,0.5161827675290921,51.61827675290921,Medium
3067,0,0.4762031535419197,47.62031535419197,Medium
3068,0,0.48241384887594724,48.24138488759473,Medium
3069,1,0.5028489123187951,50.28489123187951,Medium
3070,0,0.48919368383183076,48.91936838318308,Medium
3071,1,0.5510488667079579,55.10488667079579,Medium
3072,1,0.5033411280240048,50.334112802400476,Medium
3073,0,0.4706888667221792,47.06888667221792,Medium
3074,1,0.5060191323816986,50.60191323816986,Medium
3075,0,0.4782574405501157,47.82574405501157,Medium
3076,0,0.48780389167231203,48.780389167231206,Medium
3077,1,0.5375688419990283,53.756884199902835,Medium
3078,1,0.5026725790933553,50.26725790933553,Medium
3079,0,0.4792185768914916,47.921857689149164,Medium
3080,1,0.5277940512731031,52.779405127310305,Medium
3081,1,0.5174466080102812,51.74466080102812,Medium
3082,0,0.4948567780154849,49.48567780154849,Medium
3083,0,0.4950663291147479,49.50663291147479,Medium
3084,1,0.5161040795757088,51.61040795757088,Medium
3085,1,0.5145474970964609,51.45474970964609,Medium
3086,0,0.45512348251040463,45.512348251040464,Medium
3087,1,0.5084759232236533,50.84759232236533,Medium
3088,0,0.4720473034385632,47.20473034385632,Medium
3089,1,0.5152260751190444,51.52260751190444,Medium
3090,1,0.5482551693308216,54.82551693308216,Medium
3091,1,0.500308262118177,50.030826211817704,Medium
3092,1,0.5439803839710133,54.39803839710133,Medium
3093,0,0.4850762349662774,48.50762349662774,Medium
3094,0,0.49504641972656854,49.504641972656856,Medium
3095,0,0.47980123419226745,47.98012341922674,Medium
3096,1,0.5146148192248441,51.46148192248441,Medium
3097,1,0.5510737927532872,55.10737927532872,Medium
3098,1,0.5153860937651104,51.53860937651103,Medium
3099,1,0.5173121906951968,51.73121906951968,Medium
3100,1,0.5410272345165317,54.10272345165317,Medium
3101,0,0.481755034803779,48.1755034803779,Medium
3102,0,0.48835162307439867,48.835162307439866,Medium
3103,1,0.5158245143071384,51.58245143071384,Medium
3104,1,0.507557534849465,50.755753484946496,Medium
3105,1,0.5046958697487174,50.46958697487174,Medium
3106,0,0.47901446227750005,47.90144622775001,Medium
3107,0,0.4907437358831808,49.07437358831808,Medium
3108,1,0.5168216705881131,51.68216705881131,Medium
3109,1,0.5007810878238874,50.07810878238874,Medium
3110,0,0.48518906377121335,48.51890637712133,Medium
3111,1,0.5037554838472201,50.375548384722016,Medium
3112,1,0.5190288739510156,51.90288739510156,Medium
3113,1,0.5025132938752869,50.251329387528685,Medium
3114,0,0.49660867436176886,49.660867436176886,Medium
3115,1,0.5059778005332259,50.597780053322595,Medium
3116,1,0.5296607140890822,52.96607140890822,Medium
3117,1,0.5058777500713723,50.587775007137225,Medium
3118,1,0.5356617687081705,53.56617687081705,Medium
3119,1,0.5009755038854035,50.09755038854035,Medium
3120,1,0.5010953303928083,50.10953303928083,Medium
3121,0,0.4991280813026141,49.91280813026141,Medium
3122,1,0.5575253566565158,55.75253566565158,Medium
3123,0,0.4305392472984026,43.05392472984026,Medium
3124,0,0.48629009434831605,48.6290094348316,Medium
3125,0,0.47490811683954326,47.49081168395433,Medium
3126,0,0.4603198894885531,46.031988948855314,Medium
3127,1,0.540423828329546,54.04238283295461,Medium
3128,1,0.5171259813350265,51.71259813350265,Medium
3129,0,0.4350956920371097,43.50956920371097,Medium
3130,0,0.4857098715180402,48.57098715180402,Medium
3131,1,0.5384853564539106,53.84853564539106,Medium
3132,1,0.5120955302827885,51.209553028278854,Medium
3133,1,0.5369751698962346,53.69751698962346,Medium
3134,1,0.5175975776837886,51.759757768378854,Medium
3135,1,0.518358722782768,51.835872278276796,Medium
3136,1,0.547618519578041,54.7618519578041,Medium
3137,1,0.5505121472957917,55.051214729579165,Medium
3138,1,0.5059338321224094,50.59338321224094,Medium
3139,0,0.46624750514852087,46.62475051485209,Medium
3140,0,0.4904104493877533,49.04104493877533,Medium
3141,0,0.4776589140429722,47.76589140429722,Medium
3142,1,0.5456974628711485,54.56974628711485,Medium
3143,0,0.4987235867625452,49.87235867625452,Medium
3144,0,0.49849664341928923,49.84966434192892,Medium
3145,0,0.4766091158171167,47.660911581711666,Medium
3146,1,0.5029540776731352,50.29540776731351,Medium
3147,1,0.515659628742498,51.565962874249806,Medium
3148,1,0.5031753848395022,50.317538483950216,Medium
3149,1,0.507373273888792,50.73732738887921,Medium
3150,0,0.4922498347447911,49.22498347447911,Medium
3151,0,0.4743353545941369,47.43353545941369,Medium
3152,1,0.5096869801588864,50.968698015888634,Medium
3153,1,0.501618144996329,50.1618144996329,Medium
3154,1,0.5391045161493458,53.91045161493459,Medium
3155,0,0.49659076995500545,49.65907699550055,Medium
3156,1,0.513443560773981,51.3443560773981,Medium
3157,0,0.413568195547299,41.3568195547299,Medium
3158,0,0.47234543945537844,47.234543945537844,Medium
3159,0,0.4759412111221854,47.59412111221854,Medium
3160,1,0.5243324760385667,52.43324760385667,Medium
3161,1,0.502535805815218,50.253580581521796,Medium
3162,0,0.47206020050392267,47.20602005039227,Medium
3163,0,0.4657341873390401,46.573418733904006,Medium
3164,1,0.510420208301834,51.0420208301834,Medium
3165,0,0.4862537893536046,48.62537893536046,Medium
3166,1,0.5290452662106621,52.9045266210662,Medium
3167,0,0.4761129092478999,47.61129092478999,Medium
3168,0,0.4955650573369847,49.55650573369847,Medium
3169,0,0.4980119857185684,49.801198571856844,Medium
3170,1,0.5028542118865222,50.28542118865222,Medium
3171,1,0.5144415166701125,51.44415166701125,Medium
3172,1,0.5076388054033697,50.76388054033697,Medium
3173,1,0.5037426250718385,50.37426250718385,Medium
3174,0,0.4892941389110973,48.92941389110973,Medium
3175,1,0.5323323063031383,53.233230630313834,Medium
3176,1,0.5341237724343005,53.41237724343005,Medium
3177,0,0.4650748741234278,46.507487412342776,Medium
3178,1,0.5035091545334738,50.350915453347376,Medium
3179,0,0.4871268848029503,48.71268848029503,Medium
3180,1,0.5066458416239963,50.66458416239963,Medium
3181,1,0.51298687800424,51.298687800424005,Medium
3182,1,0.5201330311421868,52.01330311421868,Medium
3183,0,0.48118276397140913,48.11827639714091,Medium
3184,1,0.5821817560523611,58.21817560523611,Medium
3185,0,0.4938584230401164,49.38584230401164,Medium
3186,1,0.5455737980649613,54.55737980649613,Medium
3187,1,0.5118673627836002,51.18673627836002,Medium
3188,0,0.4865662638893485,48.656626388934846,Medium
3189,1,0.5050095255417038,50.500952554170375,Medium
3190,1,0.5161115877460212,51.61115877460212,Medium
3191,1,0.5433748627605878,54.337486276058776,Medium
3192,1,0.5166815173991692,51.66815173991692,Medium
3193,1,0.5068299765221058,50.68299765221058,Medium
3194,1,0.542637875878144,54.263787587814406,Medium
3195,0,0.417401125507641,41.7401125507641,Medium
3196,0,0.4768122568289115,47.681225682891146,Medium
3197,0,0.4841134304697496,48.411343046974956,Medium
3198,0,0.42978829865345186,42.97882986534518,Medium
3199,0,0.4934488600514512,49.34488600514512,Medium
3200,1,0.5084959726016466,50.84959726016466,Medium
3201,1,0.5293104247572489,52.93104247572489,Medium
3202,1,0.511921431766697,51.1921431766697,Medium
3203,0,0.4877669818709372,48.77669818709372,Medium
3204,1,0.5474476531639069,54.74476531639068,Medium
3205,0,0.4906245997848027,49.06245997848027,Medium
3206,1,0.5556713566276335,55.56713566276335,Medium
3207,1,0.5014626461614016,50.14626461614016,Medium
3208,1,0.5200689008755158,52.00689008755158,Medium
3209,0,0.49816572193741615,49.816572193741614,Medium
3210,0,0.46927314873181186,46.92731487318119,Medium
3211,1,0.5115144861862657,51.151448618626574,Medium
3212,0,0.49685198551691045,49.685198551691045,Medium
3213,1,0.5263181963725715,52.63181963725715,Medium
3214,0,0.43701602595537625,43.70160259553762,Medium
3215,1,0.5171125979667583,51.71125979667583,Medium
3216,0,0.4301836220490723,43.01836220490723,Medium
3217,1,0.5073204110940769,50.73204110940769,Medium
3218,1,0.5122008930425962,51.220089304259616,Medium
3219,0,0.4923967286632522,49.239672866325215,Medium
3220,0,0.49588198011382295,49.588198011382296,Medium
3221,1,0.5624078397813483,56.240783978134836,Medium
3222,1,0.5313896203649082,53.138962036490824,Medium
3223,0,0.4792089767282756,47.920897672827564,Medium
3224,1,0.5171613183133362,51.71613183133362,Medium
3225,1,0.5143434952902465,51.43434952902465,Medium
3226,1,0.5143807584178122,51.43807584178121,Medium
3227,1,0.5053323028481335,50.53323028481335,Medium
3228,1,0.5002189695548552,50.02189695548552,Medium
3229,0,0.4442989754460277,44.42989754460277,Medium
3230,0,0.4780682208043833,47.80682208043833,Medium
3231,1,0.5316258049453956,53.162580494539554,Medium
3232,1,0.5016863707855931,50.16863707855931,Medium
3233,0,0.47892707212519403,47.892707212519404,Medium
3234,0,0.4860125041013893,48.60125041013893,Medium
3235,1,0.5637703163945119,56.37703163945119,Medium
3236,0,0.46961346122992786,46.961346122992786,Medium
3237,1,0.5261143666709562,52.611436667095624,Medium
3238,1,0.5164663464117868,51.64663464117868,Medium
3239,1,0.5173949963159208,51.73949963159208,Medium
3240,1,0.5150584956368032,51.505849563680314,Medium
3241,1,0.5258762477559468,52.587624775594676,Medium
3242,1,0.5037361741286847,50.37361741286846,Medium
3243,0,0.4950198504114327,49.50198504114327,Medium
3244,0,0.4442589203251174,44.42589203251174,Medium
3245,0,0.46785949333382354,46.785949333382355,Medium
3246,1,0.5216765288497612,52.16765288497612,Medium
3247,0,0.47362136807627975,47.36213680762798,Medium
3248,1,0.5333633741409843,53.33633741409843,Medium
3249,0,0.425731144210126,42.5731144210126,Medium
3250,0,0.4660650480628889,46.60650480628889,Medium
3251,1,0.5314473905544257,53.14473905544257,Medium
3252,1,0.5077498859877072,50.77498859877072,Medium
3253,1,0.5095834953859292,50.95834953859292,Medium
3254,1,0.5199253311560252,51.99253311560253,Medium
3255,1,0.5720801571512591,57.20801571512592,Medium
3256,1,0.5239111672600678,52.39111672600678,Medium
3257,1,0.5263769177173686,52.63769177173686,Medium
3258,1,0.5063191242371452,50.63191242371452,Medium
3259,1,0.5138609970066809,51.38609970066808,Medium
3260,0,0.4961748401905939,49.61748401905939,Medium
3261,0,0.4986290898840881,49.86290898840881,Medium
3262,0,0.4816860666939865,48.16860666939865,Medium
3263,1,0.5058093869146022,50.58093869146022,Medium
3264,0,0.448338522471875,44.8338522471875,Medium
3265,0,0.4847867035944717,48.478670359447165,Medium
3266,0,0.4788301574564931,47.88301574564931,Medium
3267,0,0.49972557073194424,49.97255707319442,Medium
3268,1,0.5181408206336579,51.81408206336579,Medium
3269,0,0.4549586027858887,45.495860278588864,Medium
3270,1,0.5402816940936973,54.02816940936973,Medium
3271,1,0.5339726806057625,53.39726806057625,Medium
3272,1,0.5359194682502285,53.59194682502285,Medium
3273,1,0.5054560661302638,50.545606613026386,Medium
3274,1,0.5120145957479175,51.201459574791755,Medium
3275,0,0.48958232948965225,48.958232948965225,Medium
3276,1,0.5206838422439458,52.068384224394585,Medium
3277,0,0.477107480404256,47.7107480404256,Medium
3278,0,0.494417669989809,49.4417669989809,Medium
3279,1,0.5281172455673285,52.811724556732855,Medium
3280,1,0.5053189175851942,50.53189175851942,Medium
3281,1,0.5078961154895578,50.78961154895578,Medium
3282,1,0.5028249737815145,50.28249737815145,Medium
3283,1,0.5412232564040921,54.12232564040921,Medium
3284,1,0.5346548833966648,53.46548833966648,Medium
3285,0,0.48594905288547946,48.59490528854795,Medium
3286,1,0.5227182715767558,52.271827157675574,Medium
3287,1,0.5081998867868364,50.819988678683636,Medium
3288,1,0.5128371813483628,51.28371813483628,Medium
3289,0,0.4977395982721179,49.77395982721179,Medium
3290,0,0.4321524113128649,43.21524113128649,Medium
3291,0,0.4945859161824334,49.45859161824334,Medium
3292,1,0.5013183391201862,50.13183391201862,Medium
3293,0,0.4803756206278846,48.03756206278846,Medium
3294,0,0.4835624021605908,48.356240216059085,Medium
3295,0,0.4960710453765291,49.60710453765291,Medium
3296,1,0.5046157929154736,50.461579291547366,Medium
3297,1,0.5187340464161896,51.87340464161896,Medium
3298,1,0.5104702623425541,51.04702623425541,Medium
3299,1,0.5019575351554554,50.19575351554554,Medium
3300,0,0.4452601015923379,44.52601015923379,Medium
3301,0,0.48649772038728006,48.64977203872801,Medium
3302,1,0.5048582345915574,50.485823459155746,Medium
3303,0,0.4909583354647422,49.095833546474225,Medium
3304,1,0.515505398117566,51.5505398117566,Medium
3305,1,0.5116061107831883,51.16061107831883,Medium
3306,0,0.48949591028533396,48.9495910285334,Medium
3307,0,0.464526413835252,46.4526413835252,Medium
3308,1,0.5069395035647384,50.693950356473835,Medium
3309,1,0.5163686333185252,51.636863331852524,Medium
3310,0,0.4996450005375176,49.964500053751756,Medium
3311,1,0.5326627416398332,53.26627416398332,Medium
3312,0,0.4751165533089975,47.51165533089975,Medium
3313,1,0.5053786424057938,50.53786424057938,Medium
3314,0,0.4991920139879398,49.91920139879398,Medium
3315,1,0.5137971352916193,51.37971352916193,Medium
3316,0,0.47882515297847517,47.88251529784752,Medium
3317,0,0.47190354492164194,47.1903544921642,Medium
3318,1,0.518193784564586,51.8193784564586,Medium
3319,0,0.4864101523524426,48.64101523524426,Medium
3320,1,0.5404417069479223,54.04417069479223,Medium
3321,0,0.4718548748236899,47.185487482368984,Medium
3322,0,0.4932814307872995,49.32814307872995,Medium
3323,1,0.5267339657545559,52.67339657545559,Medium
3324,0,0.49068819525033336,49.068819525033334,Medium
3325,0,0.48600099205186736,48.60009920518674,Medium
3326,1,0.5461502159838013,54.61502159838013,Medium
3327,1,0.5102047989960308,51.020479899603075,Medium
3328,0,0.48925590112682266,48.925590112682265,Medium
3329,0,0.48310778278752275,48.310778278752274,Medium
3330,0,0.4895516930809345,48.955169308093446,Medium
3331,1,0.520793287272996,52.079328727299604,Medium
3332,0,0.49446805836313606,49.44680583631361,Medium
3333,1,0.5139536448555444,51.39536448555444,Medium
3334,0,0.42858536665472546,42.85853666547255,Medium
3335,0,0.48714222710617316,48.714222710617314,Medium
3336,0,0.49178899608990584,49.178899608990584,Medium
3337,1,0.532472318062618,53.247231806261794,Medium
3338,0,0.471448382298029,47.1448382298029,Medium
3339,1,0.5212577064754684,52.125770647546844,Medium
3340,1,0.5296190620582187,52.961906205821876,Medium
3341,0,0.4752185093794759,47.52185093794759,Medium
3342,1,0.555542118891175,55.5542118891175,Medium
3343,0,0.48947075943825086,48.947075943825084,Medium
3344,1,0.537540713895844,53.754071389584404,Medium
3345,1,0.5032946564067623,50.32946564067623,Medium
3346,0,0.48316928979907486,48.31692897990749,Medium
3347,1,0.5007263780705966,50.072637807059664,Medium
3348,0,0.48710302088705615,48.71030208870562,Medium
3349,1,0.5297529673607205,52.97529673607205,Medium
3350,0,0.4747308374620498,47.47308374620498,Medium
3351,1,0.522040063385639,52.2040063385639,Medium
3352,0,0.4885465190039761,48.85465190039761,Medium
3353,1,0.5528057584849921,55.28057584849921,Medium
3354,1,0.5317328187734067,53.17328187734067,Medium
3355,1,0.5208169783197988,52.08169783197988,Medium
3356,0,0.4919943968581582,49.19943968581582,Medium
3357,0,0.49556554996888763,49.556554996888764,Medium
3358,1,0.5408681593667614,54.08681593667614,Medium
3359,1,0.5178089544802187,51.780895448021866,Medium
3360,1,0.5304438108111953,53.04438108111953,Medium
3361,0,0.47120053817337276,47.12005381733728,Medium
3362,1,0.5190898095033039,51.90898095033039,Medium
3363,0,0.4803970926119297,48.03970926119297,Medium
3364,0,0.48553084115159045,48.553084115159045,Medium
3365,0,0.4249649000976948,42.49649000976948,Medium
3366,0,0.44876768538153233,44.876768538153236,Medium
3367,0,0.4999149618505865,49.99149618505865,Medium
3368,1,0.505767676731049,50.576767673104904,Medium
3369,1,0.532794667116344,53.279466711634406,Medium
3370,1,0.5309715272004272,53.097152720042715,Medium
3371,1,0.5142827224493755,51.428272244937546,Medium
3372,0,0.4913240021300455,49.13240021300455,Medium
3373,0,0.4706014982068437,47.06014982068437,Medium
3374,0,0.4751128872883785,47.511288728837854,Medium
3375,1,0.508026158437605,50.8026158437605,Medium
3376,0,0.48916808248665666,48.91680824866567,Medium
3377,1,0.5270547885805398,52.70547885805398,Medium
3378,0,0.4806221253403657,48.06221253403657,Medium
3379,0,0.47869262035346855,47.86926203534686,Medium
3380,0,0.493973591874079,49.3973591874079,Medium
3381,1,0.5331055234554697,53.31055234554697,Medium
3382,1,0.5001483355332144,50.01483355332144,Medium
3383,0,0.46989952275063257,46.98995227506326,Medium
3384,0,0.4857694568077714,48.576945680777136,Medium
3385,1,0.5006446272362818,50.064462723628175,Medium
3386,1,0.5120425531809266,51.20425531809266,Medium
3387,1,0.5055077214013962,50.55077214013962,Medium
3388,0,0.46128577444338326,46.128577444338326,Medium
3389,1,0.5253693352420369,52.53693352420369,Medium
3390,1,0.5225826956725784,52.25826956725784,Medium
3391,1,0.5172113159687168,51.721131596871686,Medium
3392,0,0.4875572531773383,48.75572531773383,Medium
3393,1,0.5233547841802814,52.33547841802814,Medium
3394,0,0.482201675589563,48.2201675589563,Medium
3395,0,0.42636742951689505,42.636742951689506,Medium
3396,1,0.5282082979208403,52.820829792084034,Medium
3397,1,0.5090319095932402,50.90319095932402,Medium
3398,0,0.47830620991368655,47.830620991368654,Medium
3399,1,0.5017335359089715,50.17335359089715,Medium
3400,0,0.4267188722022493,42.67188722022493,Medium
3401,1,0.5059278283799313,50.592782837993134,Medium
3402,0,0.47763982489148943,47.763982489148944,Medium
3403,1,0.5016714521581788,50.167145215817875,Medium
3404,0,0.48123272580624865,48.123272580624864,Medium
3405,1,0.5249279831827857,52.49279831827857,Medium
3406,0,0.416222111546796,41.6222111546796,Medium
3407,1,0.504686493536005,50.468649353600505,Medium
3408,0,0.469459327815906,46.9459327815906,Medium
3409,0,0.4879890538479734,48.798905384797344,Medium
3410,1,0.531846697070575,53.184669707057495,Medium
3411,1,0.5227063829912869,52.27063829912869,Medium
3412,0,0.47583148774822714,47.58314877482272,Medium
3413,0,0.4885624347647922,48.85624347647922,Medium
3414,0,0.49623398542363684,49.62339854236368,Medium
3415,1,0.532646084474293,53.264608447429296,Medium
3416,1,0.5099942828346378,50.99942828346378,Medium
3417,0,0.49495784860630154,49.49578486063015,Medium
3418,1,0.5005363269014151,50.05363269014151,Medium
3419,0,0.48889202630267425,48.88920263026743,Medium
3420,0,0.4786052670577147,47.86052670577147,Medium
3421,1,0.530712822718152,53.0712822718152,Medium
3422,0,0.47231539186482463,47.231539186482465,Medium
3423,1,0.5090209264286284,50.90209264286284,Medium
3424,0,0.4766301815117647,47.663018151176466,Medium
3425,0,0.4454792331667039,44.54792331667039,Medium
3426,1,0.5097623417971382,50.97623417971382,Medium
3427,1,0.5032823126496786,50.32823126496786,Medium
3428,1,0.5091825221621837,50.91825221621838,Medium
3429,0,0.47693076086468167,47.69307608646817,Medium
3430,1,0.5157868303111443,51.57868303111442,Medium
3431,0,0.4623082084865649,46.23082084865649,Medium
3432,1,0.5301152429816136,53.01152429816136,Medium
3433,0,0.488600767721607,48.860076772160696,Medium
3434,1,0.5491694933134488,54.91694933134488,Medium
3435,1,0.5184655473546229,51.84655473546229,Medium
3436,1,0.5206829743831575,52.068297438315746,Medium
3437,1,0.5318924616891515,53.18924616891515,Medium
3438,0,0.4978279918756827,49.78279918756827,Medium
3439,1,0.5234820324833738,52.34820324833738,Medium
3440,0,0.4959835953674168,49.59835953674168,Medium
3441,1,0.5211005383031366,52.11005383031366,Medium
3442,1,0.542146001096681,54.2146001096681,Medium
3443,1,0.5201481555963938,52.01481555963938,Medium
3444,0,0.4919641597711169,49.19641597711169,Medium
3445,1,0.5082338192836344,50.823381928363446,Medium
3446,0,0.49256543659138036,49.25654365913804,Medium
3447,0,0.48923078598396297,48.923078598396295,Medium
3448,0,0.48046323262072876,48.046323262072875,Medium
3449,1,0.5119129623255367,51.191296232553675,Medium
3450,1,0.5311858117623114,53.11858117623114,Medium
3451,0,0.48203134487579535,48.20313448757953,Medium
3452,0,0.49433317956908474,49.433317956908475,Medium
3453,0,0.49877714366201914,49.877714366201914,Medium
3454,1,0.5134049494816947,51.34049494816947,Medium
3455,0,0.49505798841090753,49.50579884109075,Medium
3456,0,0.4956259455739175,49.56259455739175,Medium
3457,1,0.5294054672879079,52.94054672879079,Medium
3458,0,0.48576114764100486,48.57611476410049,Medium
3459,0,0.4940413229158822,49.40413229158822,Medium
3460,1,0.5089955734499182,50.89955734499182,Medium
3461,0,0.45684386249667397,45.6843862496674,Medium
3462,0,0.4963770685518429,49.63770685518429,Medium
3463,0,0.48700903815353314,48.700903815353314,Medium
3464,1,0.5221520135019602,52.21520135019602,Medium
3465,1,0.5032391375979152,50.323913759791516,Medium
3466,0,0.49607977101181133,49.607977101181135,Medium
3467,0,0.4902973602121191,49.02973602121191,Medium
3468,0,0.4786028048423876,47.86028048423876,Medium
3469,1,0.5079287822985704,50.79287822985704,Medium
3470,1,0.537130465624968,53.7130465624968,Medium
3471,0,0.4865882539166015,48.65882539166015,Medium
3472,1,0.5110391187436082,51.10391187436082,Medium
3473,1,0.5444653274824948,54.446532748249474,Medium
3474,1,0.5138057009135487,51.38057009135487,Medium
3475,0,0.4724427933890509,47.24427933890509,Medium
3476,0,0.470969558300043,47.0969558300043,Medium
3477,0,0.4900630076121753,49.00630076121753,Medium
3478,1,0.5364055317838319,53.640553178383186,Medium
3479,0,0.49821701889767955,49.82170188976796,Medium
3480,1,0.5284879424356366,52.84879424356366,Medium
3481,1,0.5429687509842478,54.29687509842478,Medium
3482,0,0.3940839316083222,39.40839316083222,Medium
3483,0,0.49327765602662504,49.3277656026625,Medium
3484,0,0.4996269653393714,49.96269653393714,Medium
3485,1,0.5052127752838463,50.52127752838464,Medium
3486,1,0.5188071395270774,51.88071395270774,Medium
3487,1,0.5040109439891898,50.40109439891898,Medium
3488,1,0.5054981771389134,50.54981771389134,Medium
3489,1,0.5116902391725918,51.16902391725918,Medium
3490,1,0.5303653793764902,53.03653793764902,Medium
3491,0,0.49579764876715854,49.579764876715856,Medium
3492,1,0.5175640358699266,51.75640358699266,Medium
3493,1,0.5149287085547459,51.49287085547459,Medium
3494,0,0.4791006551464152,47.910065514641516,Medium
3495,0,0.4982926377496259,49.82926377496259,Medium
3496,1,0.5049193330593847,50.491933305938474,Medium
3497,1,0.5014414617330659,50.144146173306595,Medium
3498,0,0.4683615267171485,46.83615267171485,Medium
3499,0,0.48732025757396946,48.73202575739695,Medium
3500,0,0.46877400657430923,46.877400657430925,Medium
3501,0,0.4940363996360233,49.40363996360233,Medium
3502,1,0.5107268842293069,51.07268842293069,Medium
3503,0,0.48170852161992356,48.17085216199236,Medium
3504,0,0.4896350072858227,48.96350072858227,Medium
3505,0,0.4837990870275329,48.37990870275329,Medium
3506,0,0.4583484886932794,45.834848869327935,Medium
3507,1,0.5325714563572471,53.25714563572471,Medium
3508,0,0.48945499557351263,48.94549955735126,Medium
3509,0,0.49863178818769033,49.863178818769036,Medium
3510,0,0.4821076161875195,48.21076161875195,Medium
3511,1,0.5071132362752111,50.71132362752111,Medium
3512,1,0.5224102937737304,52.24102937737304,Medium
3513,1,0.5223102493211058,52.23102493211058,Medium
3514,1,0.5226100457704438,52.26100457704438,Medium
3515,0,0.4926268382062879,49.26268382062879,Medium
3516,0,0.405032608573083,40.5032608573083,Medium
3517,1,0.5154974164677538,51.54974164677538,Medium
3518,0,0.49276336337437443,49.27633633743744,Medium
3519,0,0.482256616433564,48.225661643356396,Medium
3520,1,0.5561571456102782,55.615714561027815,Medium
3521,1,0.501252957120819,50.12529571208189,Medium
3522,1,0.511534254318253,51.1534254318253,Medium
3523,1,0.5350788887480685,53.50788887480685,Medium
3524,0,0.4834632057252981,48.34632057252981,Medium
3525,0,0.45923165116505377,45.92316511650537,Medium
3526,1,0.5160945904488158,51.609459044881575,Medium
3527,0,0.48276563818144,48.276563818144005,Medium
3528,0,0.4890404329690752,48.90404329690752,Medium
3529,0,0.48836976314551844,48.83697631455185,Medium
3530,0,0.4885025012894728,48.85025012894728,Medium
3531,0,0.49034922822508425,49.03492282250843,Medium
3532,1,0.5078453391128837,50.784533911288364,Medium
3533,0,0.46550619262488774,46.55061926248877,Medium
3534,1,0.5091038951347436,50.910389513474364,Medium
3535,1,0.5376620368830478,53.766203688304785,Medium
3536,0,0.48640316896172725,48.64031689617273,Medium
3537,1,0.5395260803109393,53.95260803109393,Medium
3538,1,0.5285343927807895,52.85343927807895,Medium
3539,1,0.5029826657805951,50.29826657805951,Medium
3540,0,0.46421735608093057,46.42173560809306,Medium
3541,0,0.4997260983760625,49.97260983760625,Medium
3542,0,0.476147435453602,47.6147435453602,Medium
3543,0,0.47704766472320265,47.704766472320266,Medium
3544,1,0.5167930790644265,51.67930790644265,Medium
3545,0,0.48506777632339965,48.50677763233996,Medium
3546,0,0.4894891137215531,48.948911372155315,Medium
3547,0,0.4905762293312921,49.05762293312921,Medium
3548,1,0.5226496663705651,52.26496663705651,Medium
3549,0,0.46765624429452496,46.765624429452494,Medium
3550,1,0.5349511336458145,53.49511336458145,Medium
3551,0,0.4967956070759593,49.67956070759593,Medium
3552,0,0.48199439128303656,48.19943912830366,Medium
3553,0,0.45113113729497617,45.11311372949762,Medium
3554,0,0.4868073489941455,48.68073489941455,Medium
3555,1,0.5057412403744221,50.57412403744222,Medium
3556,0,0.48871917924935604,48.8719179249356,Medium
3557,0,0.47773393063992053,47.77339306399205,Medium
3558,1,0.5118111252061913,51.18111252061913,Medium
3559,1,0.513857062226451,51.3857062226451,Medium
3560,1,0.5444557308206077,54.445573082060776,Medium
3561,0,0.4753541780936667,47.53541780936667,Medium
3562,1,0.5120348180065754,51.203481800657535,Medium
3563,0,0.4907570942178049,49.07570942178049,Medium
3564,0,0.48698586701525814,48.69858670152581,Medium
3565,1,0.5053059250709911,50.530592507099115,Medium
3566,0,0.4740895272926388,47.40895272926388,Medium
3567,0,0.49569086807368196,49.569086807368194,Medium
3568,1,0.5124136503610011,51.241365036100106,Medium
3569,1,0.5055077299156155,50.55077299156155,Medium
3570,0,0.4758690533520263,47.58690533520263,Medium
3571,0,0.4762330370474305,47.623303704743044,Medium
3572,0,0.47087077936255767,47.08707793625577,Medium
3573,1,0.5135274167694901,51.35274167694901,Medium
3574,1,0.5087487213471503,50.874872134715034,Medium
3575,1,0.5215762956163696,52.157629561636966,Medium
3576,0,0.4931176179372747,49.31176179372747,Medium
3577,1,0.5211313188644437,52.11313188644438,Medium
3578,1,0.5115362321599752,51.15362321599753,Medium
3579,0,0.40845238910969345,40.84523891096934,Medium
3580,1,0.5119070469849429,51.190704698494294,Medium
3581,1,0.5162641386407351,51.626413864073506,Medium
3582,1,0.5263505199342567,52.63505199342568,Medium
3583,1,0.5219004293532657,52.190042935326574,Medium
3584,1,0.5264890571670513,52.64890571670513,Medium
3585,1,0.5188715746335021,51.887157463350206,Medium
3586,0,0.4987737184190726,49.87737184190726,Medium
3587,0,0.47293226724506837,47.29322672450684,Medium
3588,0,0.4931410456012526,49.31410456012526,Medium
3589,1,0.5091238773149859,50.91238773149859,Medium
3590,1,0.5725875092199882,57.258750921998825,Medium
3591,1,0.5113433992616603,51.13433992616603,Medium
3592,0,0.49514508015039777,49.51450801503977,Medium
3593,0,0.4884171735929243,48.84171735929243,Medium
3594,1,0.5042411752318715,50.42411752318715,Medium
3595,1,0.5124715538212565,51.247155382125655,Medium
3596,0,0.4955763987554537,49.55763987554537,Medium
3597,0,0.42999979390531373,42.99997939053137,Medium
3598,1,0.5161378196766468,51.613781967664686,Medium
3599,1,0.5318401696521254,53.18401696521254,Medium
3600,1,0.503695568727865,50.369556872786504,Medium
3601,1,0.5007239666498333,50.07239666498333,Medium
3602,0,0.49365605193374806,49.365605193374805,Medium
3603,1,0.5252873474313254,52.528734743132546,Medium
3604,1,0.5295337428943518,52.95337428943518,Medium
3605,0,0.47723172545945686,47.72317254594569,Medium
3606,1,0.5045027180567713,50.450271805677126,Medium
3607,0,0.4452300029460594,44.52300029460594,Medium
3608,0,0.49850007686274045,49.85000768627405,Medium
3609,0,0.49004746501070984,49.00474650107098,Medium
3610,1,0.5023587005432891,50.23587005432891,Medium
3611,1,0.5299062112144889,52.99062112144889,Medium
3612,0,0.4993122224481751,49.931222244817505,Medium
3613,0,0.4953259372694279,49.53259372694279,Medium
3614,0,0.49147134733735914,49.14713473373592,Medium
3615,0,0.49251671324192137,49.25167132419214,Medium
3616,0,0.49214091781585895,49.21409178158589,Medium
3617,1,0.5028869806647159,50.288698066471596,Medium
3618,0,0.4957852290178329,49.57852290178329,Medium
3619,0,0.4715197991852589,47.15197991852589,Medium
3620,0,0.45663916250184583,45.663916250184585,Medium
3621,1,0.5039094434436642,50.39094434436642,Medium
3622,1,0.5000001969145308,50.000019691453076,Medium
3623,0,0.48459471827698203,48.4594718276982,Medium
3624,1,0.5164040703275483,51.64040703275483,Medium
3625,0,0.4801094523811511,48.01094523811511,Medium
3626,0,0.49746019966743077,49.74601996674308,Medium
3627,0,0.49787794974783084,49.78779497478308,Medium
3628,1,0.5081942741738984,50.81942741738984,Medium
3629,0,0.41025667618907496,41.0256676189075,Medium
3630,1,0.5222636301039387,52.226363010393875,Medium
3631,1,0.5186226763476892,51.86226763476892,Medium
3632,1,0.5205511491134739,52.05511491134739,Medium
3633,0,0.4718405487217713,47.18405487217713,Medium
3634,0,0.49227869386963247,49.22786938696325,Medium
3635,0,0.49691578131380276,49.691578131380275,Medium
3636,0,0.4623434253000708,46.234342530007076,Medium
3637,1,0.5069307711299675,50.693077112996754,Medium
3638,0,0.48632087680651614,48.632087680651615,Medium
3639,0,0.48982650677083167,48.982650677083164,Medium
3640,1,0.5156122138548698,51.561221385486974,Medium
3641,1,0.5098971105426262,50.98971105426262,Medium
3642,0,0.4506258951925715,45.06258951925715,Medium
3643,1,0.5108946570036428,51.08946570036428,Medium
3644,0,0.4570568391706025,45.705683917060256,Medium
3645,0,0.4828838982830198,48.28838982830198,Medium
3646,1,0.5452112201812374,54.521122018123734,Medium
3647,1,0.5027959663911755,50.27959663911755,Medium
3648,0,0.4728317840514258,47.28317840514258,Medium
3649,1,0.5033116956019705,50.331169560197054,Medium
3650,0,0.43989346218861647,43.98934621886165,Medium
3651,1,0.5038366043000853,50.383660430008526,Medium
3652,1,0.5064372849484589,50.64372849484589,Medium
3653,0,0.4733574239082698,47.33574239082698,Medium
3654,0,0.49445885156159053,49.44588515615905,Medium
3655,1,0.5240318286457429,52.40318286457429,Medium
3656,1,0.5067524162592926,50.67524162592926,Medium
3657,0,0.4881337989151622,48.81337989151622,Medium
3658,0,0.49049804279218917,49.04980427921892,Medium
3659,0,0.4733655135570666,47.33655135570666,Medium
3660,1,0.5195389335092324,51.95389335092324,Medium
3661,0,0.4846576445470265,48.46576445470265,Medium
3662,1,0.5101179106844533,51.01179106844533,Medium
3663,1,0.5095822544677485,50.958225446774854,Medium
3664,0,0.4992249290210302,49.92249290210302,Medium
3665,1,0.514667274733124,51.4667274733124,Medium
3666,1,0.5233845333446346,52.338453334463466,Medium
3667,1,0.5286419472485354,52.86419472485354,Medium
3668,1,0.5025254060228032,50.25254060228031,Medium
3669,1,0.5536183840043499,55.36183840043499,Medium
3670,0,0.49881450126953747,49.881450126953744,Medium
3671,1,0.5032242862120447,50.32242862120447,Medium
3672,0,0.4975245844183904,49.75245844183904,Medium
3673,1,0.5268661646544559,52.68661646544559,Medium
3674,0,0.48686414498300523,48.68641449830052,Medium
3675,1,0.5056474704276563,50.56474704276563,Medium
3676,1,0.52694703863887,52.69470386388701,Medium
3677,0,0.4679255006303133,46.79255006303133,Medium
3678,0,0.4928354458714133,49.28354458714133,Medium
3679,0,0.4686153025585437,46.86153025585437,Medium
3680,0,0.4913320135109132,49.13320135109132,Medium
3681,1,0.5201949926387605,52.01949926387604,Medium
3682,0,0.43765659131914064,43.76565913191406,Medium
3683,1,0.524474867202676,52.4474867202676,Medium
3684,0,0.4828755424928003,48.28755424928003,Medium
3685,0,0.48972982049793945,48.97298204979394,Medium
3686,0,0.49400845562899,49.400845562899,Medium
3687,0,0.48245252870005784,48.245252870005785,Medium
3688,1,0.5260871903567629,52.60871903567629,Medium
3689,1,0.5367200393439868,53.67200393439868,Medium
3690,0,0.49080702007661403,49.0807020076614,Medium
3691,0,0.4752873877644485,47.528738776444854,Medium
3692,0,0.48273578528700545,48.27357852870055,Medium
3693,1,0.5104373492858563,51.04373492858563,Medium
3694,1,0.5083302069965029,50.83302069965029,Medium
3695,0,0.4659880972146012,46.59880972146012,Medium
3696,0,0.485488216130717,48.5488216130717,Medium
3697,0,0.46159037602698255,46.159037602698255,Medium
3698,0,0.48066251464608895,48.0662514646089,Medium
3699,0,0.49928589867442824,49.928589867442824,Medium
3700,1,0.5233436535358943,52.334365353589426,Medium
3701,0,0.4770447773670256,47.70447773670256,Medium
3702,1,0.5140092852559448,51.40092852559448,Medium
3703,1,0.5095307838664527,50.95307838664527,Medium
3704,0,0.4770671127099683,47.706711270996834,Medium
3705,0,0.47659970485902786,47.65997048590279,Medium
3706,0,0.44867465394829564,44.867465394829566,Medium
3707,1,0.5043175464536388,50.43175464536388,Medium
3708,1,0.5178240021090046,51.78240021090046,Medium
3709,0,0.433907395410094,43.390739541009395,Medium
3710,0,0.4884992597516958,48.849925975169576,Medium
3711,0,0.4984988943075677,49.849889430756775,Medium
3712,1,0.5089549364280855,50.89549364280855,Medium
3713,1,0.5108631122142122,51.08631122142122,Medium
3714,1,0.5067416905774375,50.67416905774375,Medium
3715,0,0.4731138865999504,47.31138865999504,Medium
3716,1,0.504884515570507,50.488451557050695,Medium
3717,0,0.4663191680342037,46.63191680342037,Medium
3718,0,0.4982264017234212,49.82264017234212,Medium
3719,1,0.5221915297867245,52.21915297867245,Medium
3720,1,0.5396999773851866,53.96999773851866,Medium
3721,0,0.4829467439697134,48.29467439697134,Medium
3722,0,0.4883130745355754,48.831307453557535,Medium
3723,0,0.4909349402271911,49.093494022719106,Medium
3724,1,0.5516834705198063,55.168347051980625,Medium
3725,0,0.482412100919828,48.2412100919828,Medium
3726,0,0.48386749315199373,48.386749315199374,Medium
3727,0,0.4960901772156383,49.60901772156383,Medium
3728,1,0.5234369230119098,52.343692301190984,Medium
3729,0,0.4864871193787673,48.64871193787673,Medium
3730,0,0.4721032950687351,47.210329506873514,Medium
3731,1,0.5272443179398499,52.72443179398499,Medium
3732,0,0.472356124146861,47.2356124146861,Medium
3733,1,0.5055052155481075,50.55052155481074,Medium
3734,1,0.5545042280483514,55.45042280483514,Medium
3735,1,0.5056212806008611,50.56212806008611,Medium
3736,1,0.527543313488671,52.7543313488671,Medium
3737,0,0.49182935775221837,49.182935775221836,Medium
3738,1,0.511877326966938,51.1877326966938,Medium
3739,1,0.545807263086283,54.5807263086283,Medium
3740,0,0.483703633776383,48.3703633776383,Medium
3741,0,0.4904217605810406,49.04217605810406,Medium
3742,1,0.5018017125860684,50.18017125860684,Medium
3743,0,0.4889527866935388,48.89527866935388,Medium
3744,0,0.49270775281077545,49.27077528107755,Medium
3745,1,0.5111078958199011,51.11078958199011,Medium
3746,0,0.46590204873443886,46.59020487344389,Medium
3747,0,0.4980778099358047,49.80778099358047,Medium
3748,1,0.5052110684302981,50.521106843029806,Medium
3749,0,0.4779320308234618,47.79320308234618,Medium
3750,1,0.5149646833989093,51.49646833989093,Medium
3751,0,0.46947903241172184,46.947903241172185,Medium
3752,0,0.4768876951293813,47.68876951293813,Medium
3753,1,0.5147740736317582,51.47740736317582,Medium
3754,0,0.4883058675562622,48.83058675562622,Medium
3755,0,0.47003115504938103,47.0031155049381,Medium
3756,1,0.5583828661409532,55.838286614095324,Medium
3757,1,0.5003900059014961,50.039000590149605,Medium
3758,0,0.49038678705521754,49.038678705521754,Medium
3759,1,0.5021092854638414,50.21092854638414,Medium
3760,0,0.4838213943073073,48.38213943073073,Medium
3761,1,0.506596732201502,50.659673220150204,Medium
3762,1,0.504119462897174,50.4119462897174,Medium
3763,0,0.49241332271836613,49.24133227183661,Medium
3764,1,0.507078587006658,50.707858700665795,Medium
3765,0,0.47979575772250677,47.979575772250676,Medium
3766,1,0.5534438943129327,55.34438943129327,Medium
3767,0,0.4919498036805887,49.19498036805887,Medium
3768,0,0.48368102145264547,48.368102145264544,Medium
3769,0,0.49659408232623875,49.659408232623875,Medium
3770,0,0.4694224985562202,46.94224985562202,Medium
3771,0,0.4961329467745472,49.613294677454725,Medium
3772,0,0.4873854432793545,48.73854432793545,Medium
3773,1,0.507829614470013,50.7829614470013,Medium
3774,1,0.5178906580713908,51.78906580713908,Medium
3775,1,0.5188290389150609,51.882903891506096,Medium
3776,0,0.48809889605270235,48.809889605270236,Medium
3777,0,0.48088017800471256,48.088017800471256,Medium
3778,0,0.46809226251418556,46.80922625141856,Medium
3779,1,0.5346733131805579,53.46733131805579,Medium
3780,0,0.4839698697560775,48.396986975607746,Medium
3781,1,0.5176092538413379,51.76092538413379,Medium
3782,1,0.5328746754763192,53.28746754763192,Medium
3783,0,0.42405119624732457,42.40511962473246,Medium
3784,1,0.5038645062607048,50.38645062607048,Medium
3785,1,0.5685286541918371,56.85286541918371,Medium
3786,0,0.495429987977093,49.542998797709295,Medium
3787,0,0.47354575731697784,47.354575731697786,Medium
3788,1,0.5429027465957471,54.29027465957471,Medium
3789,1,0.5119730372918033,51.197303729180334,Medium
3790,0,0.4987308388919486,49.87308388919486,Medium
3791,0,0.47847963930125026,47.847963930125026,Medium
3792,1,0.5056667364054347,50.56667364054347,Medium
3793,1,0.5582250991468378,55.822509914683785,Medium
3794,1,0.5020516862956075,50.205168629560745,Medium
3795,0,0.4731589977872863,47.315899778728635,Medium
3796,0,0.48703562845989157,48.703562845989154,Medium
3797,0,0.46618040507588593,46.618040507588596,Medium
3798,0,0.4859817724107437,48.59817724107437,Medium
3799,0,0.48469085052019323,48.469085052019324,Medium
3800,0,0.48765257887521246,48.765257887521244,Medium
3801,0,0.49186330333281003,49.186330333281006,Medium
3802,0,0.4971156806153488,49.71156806153488,Medium
3803,1,0.5219507461329873,52.19507461329873,Medium
3804,0,0.4973693868601848,49.736938686018476,Medium
3805,0,0.49269911432568714,49.26991143256871,Medium
3806,0,0.48291987356498295,48.291987356498296,Medium
3807,1,0.5139138444221434,51.39138444221434,Medium
3808,0,0.42771546882404354,42.77154688240435,Medium
3809,1,0.5053267184099297,50.53267184099297,Medium
3810,1,0.5162809114568062,51.62809114568062,Medium
3811,1,0.5132384720629593,51.32384720629592,Medium
3812,0,0.47897118342004763,47.89711834200476,Medium
3813,1,0.5095161953594934,50.95161953594934,Medium
3814,1,0.5200789521793847,52.00789521793847,Medium
3815,0,0.4682500558492007,46.82500558492007,Medium
3816,1,0.548593726060012,54.8593726060012,Medium
3817,0,0.4414296057588938,44.142960575889376,Medium
3818,1,0.5488372176113439,54.88372176113438,Medium
3819,0,0.4831769436726311,48.31769436726311,Medium
3820,1,0.5172156351109629,51.72156351109629,Medium
3821,0,0.48198711056393123,48.19871105639312,Medium
3822,1,0.5242091021489308,52.42091021489308,Medium
3823,1,0.5033777791151846,50.33777791151846,Medium
3824,0,0.49722324317738675,49.722324317738675,Medium
3825,1,0.5033526899982576,50.33526899982576,Medium
3826,1,0.5025192478709454,50.25192478709454,Medium
3827,0,0.47576109083083906,47.57610908308391,Medium
3828,1,0.5000391116088155,50.00391116088155,Medium
3829,0,0.4946565146912564,49.46565146912564,Medium
3830,0,0.4953372427135668,49.53372427135668,Medium
3831,1,0.5314513161422724,53.14513161422724,Medium
3832,0,0.48313782298370883,48.31378229837088,Medium
3833,0,0.4948509441926369,49.48509441926369,Medium
3834,1,0.5269911096771988,52.699110967719875,Medium
3835,0,0.4436710580913783,44.36710580913783,Medium
3836,1,0.556664857878445,55.6664857878445,Medium
3837,0,0.49317964570234535,49.31796457023454,Medium
3838,0,0.46985363317623174,46.985363317623175,Medium
3839,1,0.529631836855268,52.96318368552681,Medium
3840,0,0.48228284239047164,48.22828423904716,Medium
3841,0,0.4830455637052198,48.30455637052198,Medium
3842,1,0.5254290714404818,52.54290714404818,Medium
3843,1,0.5116622685671456,51.16622685671456,Medium
3844,1,0.528273202973337,52.8273202973337,Medium
3845,0,0.4669907173801907,46.69907173801907,Medium
3846,0,0.48746776321028157,48.74677632102816,Medium
3847,0,0.48224102110474903,48.2241021104749,Medium
3848,1,0.5233810731284088,52.338107312840876,Medium
3849,1,0.5169417563182754,51.69417563182754,Medium
3850,0,0.46029909095679206,46.02990909567921,Medium
3851,0,0.4706402971138375,47.064029711383746,Medium
3852,1,0.5238385923774436,52.38385923774436,Medium
3853,0,0.49023277784315317,49.02327778431532,Medium
3854,1,0.5292761704568683,52.92761704568682,Medium
3855,0,0.4710732180943828,47.10732180943828,Medium
3856,0,0.4597211460046427,45.97211460046427,Medium
3857,0,0.4469390738316734,44.69390738316734,Medium
3858,0,0.4740634526509381,47.406345265093805,Medium
3859,0,0.49741206460214216,49.741206460214215,Medium
3860,0,0.4762534673487565,47.62534673487565,Medium
3861,0,0.4810572509977385,48.10572509977385,Medium
3862,1,0.5177653239964854,51.776532399648545,Medium
3863,1,0.5110633829199841,51.10633829199841,Medium
3864,0,0.47705328985090995,47.70532898509099,Medium
3865,1,0.5233155529244695,52.33155529244695,Medium
3866,1,0.5073831301691739,50.73831301691739,Medium
3867,0,0.4861276611559729,48.61276611559729,Medium
3868,0,0.468121429301315,46.8121429301315,Medium
3869,1,0.521886814429478,52.188681442947804,Medium
3870,0,0.49128523280885616,49.12852328088562,Medium
3871,1,0.5081352837336853,50.813528373368534,Medium
3872,1,0.5477977162230377,54.77977162230378,Medium
3873,1,0.5412556469500237,54.12556469500237,Medium
3874,1,0.5050856972270124,50.50856972270124,Medium
3875,1,0.5094029203279085,50.94029203279084,Medium
3876,0,0.47389276159104976,47.38927615910497,Medium
3877,1,0.5370217727306984,53.70217727306984,Medium
3878,0,0.4938200830708488,49.38200830708488,Medium
3879,0,0.4990653200484279,49.90653200484279,Medium
3880,1,0.5095934788975616,50.95934788975616,Medium
3881,1,0.5270915607590811,52.70915607590811,Medium
3882,0,0.4672399802125244,46.72399802125244,Medium
3883,1,0.5084368621785353,50.84368621785353,Medium
3884,1,0.5180264733183871,51.80264733183871,Medium
3885,1,0.5287025740543704,52.87025740543704,Medium
3886,0,0.49988656449501434,49.988656449501434,Medium
3887,1,0.5108914178013727,51.08914178013727,Medium
3888,0,0.4934036510456642,49.340365104566416,Medium
3889,0,0.4556160082406801,45.56160082406801,Medium
3890,0,0.4593790034173507,45.93790034173507,Medium
3891,1,0.5084624836652809,50.84624836652809,Medium
3892,1,0.5144720080941662,51.447200809416614,Medium
3893,0,0.4291076654986041,42.910766549860405,Medium
3894,0,0.489230098357242,48.9230098357242,Medium
3895,0,0.4803719933222726,48.03719933222726,Medium
3896,1,0.506192661421646,50.6192661421646,Medium
3897,0,0.4823606730544548,48.23606730544548,Medium
3898,0,0.47890466964789685,47.89046696478969,Medium
3899,0,0.47588035096719605,47.58803509671961,Medium
3900,1,0.5357096472557081,53.57096472557081,Medium
3901,1,0.5324790223861755,53.24790223861755,Medium
3902,0,0.4783806778564695,47.83806778564695,Medium
3903,0,0.4971215635178861,49.712156351788614,Medium
3904,0,0.46862111110489507,46.86211111048951,Medium
3905,1,0.5165756921143583,51.65756921143583,Medium
3906,1,0.5041156712753196,50.41156712753197,Medium
3907,0,0.48736705697994026,48.736705697994026,Medium
3908,1,0.5311483385540348,53.114833855403475,Medium
3909,0,0.48354668709632104,48.3546687096321,Medium
3910,1,0.5088782489322919,50.887824893229194,Medium
3911,0,0.4743403860605016,47.43403860605016,Medium
3912,1,0.5134101230243292,51.34101230243292,Medium
3913,1,0.5160215274811634,51.60215274811634,Medium
3914,0,0.49416972815171534,49.41697281517153,Medium
3915,1,0.5258289679861015,52.58289679861014,Medium
3916,1,0.5139747983276958,51.39747983276958,Medium
3917,0,0.47783760200126235,47.78376020012624,Medium
3918,0,0.4652861508977807,46.52861508977807,Medium
3919,0,0.48252603694975615,48.25260369497562,Medium
3920,0,0.48165822035027994,48.16582203502799,Medium
3921,1,0.5230293023327135,52.30293023327135,Medium
3922,1,0.5195979350582018,51.95979350582019,Medium
3923,1,0.5175157891526169,51.75157891526169,Medium
3924,1,0.5406736934524661,54.067369345246604,Medium
3925,0,0.4828992725918093,48.28992725918093,Medium
3926,1,0.5161768036365442,51.617680363654415,Medium
3927,0,0.47250042013650034,47.25004201365003,Medium
3928,1,0.52598363221113,52.598363221113,Medium
3929,1,0.5063660177589758,50.63660177589758,Medium
3930,1,0.5033747670856705,50.33747670856705,Medium
3931,0,0.49199809190362115,49.19980919036212,Medium
3932,1,0.5305565933317257,53.055659333172564,Medium
3933,0,0.4939982456711878,49.39982456711878,Medium
3934,0,0.47962276078701016,47.96227607870102,Medium
3935,0,0.4832903866453586,48.32903866453586,Medium
3936,1,0.5277177476627352,52.771774766273516,Medium
3937,0,0.4894917843363645,48.94917843363645,Medium
3938,0,0.49952023313385047,49.95202331338505,Medium
3939,0,0.49553824195767454,49.553824195767454,Medium
3940,1,0.5067851724302725,50.67851724302726,Medium
3941,0,0.4889227369951357,48.892273699513574,Medium
3942,0,0.4796550814301403,47.96550814301403,Medium
3943,0,0.4413635856226992,44.13635856226992,Medium
3944,0,0.49639519035432333,49.639519035432336,Medium
3945,0,0.4810593533052706,48.10593533052706,Medium
3946,1,0.5234202975241863,52.342029752418625,Medium
3947,0,0.47157164922104094,47.157164922104094,Medium
3948,0,0.4332231157676917,43.32231157676917,Medium
3949,1,0.5010330133907048,50.103301339070484,Medium
3950,1,0.5055478073568551,50.55478073568551,Medium
3951,0,0.4768845141365708,47.68845141365708,Medium
3952,1,0.5034087046191016,50.34087046191016,Medium
3953,0,0.4753832340867494,47.538323408674934,Medium
3954,1,0.530864724208972,53.0864724208972,Medium
3955,1,0.510640082925777,51.064008292577704,Medium
3956,1,0.5198989865544257,51.989898655442566,Medium
3957,0,0.4935712675500069,49.35712675500069,Medium
3958,1,0.5043430469447758,50.43430469447758,Medium
3959,1,0.5380910630897595,53.80910630897595,Medium
3960,0,0.4789608420325462,47.89608420325462,Medium
3961,0,0.4898098058547818,48.98098058547818,Medium
3962,0,0.48577611546870214,48.577611546870216,Medium
3963,1,0.564171260422081,56.417126042208096,Medium
3964,0,0.4627320809986037,46.27320809986037,Medium
3965,1,0.5008432362148448,50.08432362148449,Medium
3966,1,0.5087111551404008,50.87111551404008,Medium
3967,0,0.469575624100204,46.9575624100204,Medium
3968,0,0.48256912767059357,48.256912767059355,Medium
3969,0,0.49485442793012463,49.48544279301246,Medium
3970,1,0.5157001445645398,51.57001445645398,Medium
3971,1,0.5392488588616506,53.924885886165065,Medium
3972,1,0.5007455827725371,50.074558277253715,Medium
3973,0,0.48710761323943635,48.710761323943636,Medium
3974,0,0.49099637419559794,49.09963741955979,Medium
3975,1,0.5327663971728841,53.27663971728841,Medium
3976,1,0.5342716535287811,53.42716535287811,Medium
3977,0,0.48932374591780314,48.93237459178032,Medium
3978,1,0.5218655326230763,52.18655326230763,Medium
3979,0,0.4837280527220101,48.372805272201006,Medium
3980,0,0.4406520529145456,44.06520529145456,Medium
3981,0,0.4699832531467342,46.99832531467342,Medium
3982,1,0.5008787055169016,50.08787055169016,Medium
3983,1,0.5389850436980004,53.89850436980004,Medium
3984,0,0.475833437116745,47.583343711674495,Medium
3985,1,0.5395316285196227,53.95316285196227,Medium
3986,1,0.5456955470517738,54.56955470517738,Medium
3987,0,0.4763102241885287,47.63102241885287,Medium
3988,0,0.49265550065359454,49.265550065359456,Medium
3989,0,0.4730015734427862,47.300157344278624,Medium
3990,1,0.552772708429127,55.2772708429127,Medium
3991,1,0.5164552877355927,51.64552877355927,Medium
3992,0,0.496999809264301,49.6999809264301,Medium
3993,1,0.5537668242824068,55.37668242824068,Medium
3994,1,0.5033164090275365,50.33164090275365,Medium
3995,0,0.4952084091514365,49.52084091514365,Medium
3996,1,0.5484393635625249,54.843936356252485,Medium
3997,1,0.5194269080388038,51.942690803880375,Medium
3998,0,0.4636933692168114,46.36933692168114,Medium
3999,1,0.5118363536142614,51.18363536142614,Medium
4000,1,0.5243097825170525,52.43097825170525,Medium
4001,0,0.41738693392215737,41.73869339221574,Medium
4002,1,0.518795565092446,51.879556509244594,Medium
4003,0,0.42711293996862476,42.71129399686247,Medium
4004,1,0.5157432168832787,51.57432168832787,Medium
4005,1,0.5241771353978489,52.41771353978489,Medium
4006,0,0.48688131154579756,48.68813115457976,Medium
4007,0,0.48451950111812436,48.45195011181244,Medium
4008,0,0.49169416652035186,49.16941665203519,Medium
4009,1,0.5011356964219911,50.11356964219911,Medium
4010,0,0.49565482561656915,49.565482561656914,Medium
4011,1,0.509006894825324,50.9006894825324,Medium
4012,1,0.5412054536854217,54.120545368542174,Medium
4013,0,0.48687952343360263,48.687952343360266,Medium
4014,1,0.5047114672847597,50.47114672847597,Medium
4015,0,0.4749771173086282,47.49771173086282,Medium
4016,1,0.50401384029177,50.401384029176995,Medium
4017,1,0.536931076975749,53.6931076975749,Medium
4018,1,0.5001431270578259,50.014312705782594,Medium
4019,1,0.501103718812338,50.110371881233796,Medium
4020,0,0.4716762035856032,47.16762035856032,Medium
4021,0,0.49784934162754807,49.78493416275481,Medium
4022,1,0.5087410011910806,50.87410011910806,Medium
4023,0,0.49198609600105425,49.19860960010543,Medium
4024,0,0.4758802929333031,47.58802929333031,Medium
4025,1,0.5207288696362989,52.07288696362989,Medium
4026,1,0.5174421277969133,51.74421277969133,Medium
4027,0,0.49994460344689606,49.99446034468961,Medium
4028,0,0.4874712353148595,48.74712353148595,Medium
4029,1,0.5093887235112662,50.93887235112662,Medium
4030,1,0.5159447892930441,51.59447892930441,Medium
4031,1,0.5004115619249173,50.041156192491734,Medium
4032,0,0.4885056653155382,48.85056653155382,Medium
4033,1,0.5447284336156785,54.47284336156785,Medium
4034,0,0.4508900921422198,45.08900921422198,Medium
4035,1,0.5357695605407646,53.57695605407646,Medium
4036,1,0.5221830981375886,52.21830981375886,Medium
4037,0,0.46293989756420695,46.29398975642069,Medium
4038,0,0.4701027351591904,47.01027351591904,Medium
4039,1,0.540662019549986,54.066201954998604,Medium
4040,0,0.4802812042733341,48.02812042733341,Medium
4041,1,0.5337397766587432,53.373977665874314,Medium
4042,0,0.4829389687701202,48.293896877012024,Medium
4043,1,0.5092788448226492,50.927884482264915,Medium
4044,1,0.5324222863753297,53.242228637532975,Medium
4045,1,0.5046910061667909,50.469100616679086,Medium
4046,0,0.47411160150783,47.411160150783,Medium
4047,0,0.4874285151360014,48.74285151360014,Medium
4048,0,0.47608324358669263,47.608324358669265,Medium
4049,1,0.5160909103806474,51.60909103806473,Medium
4050,1,0.5137480362420352,51.37480362420352,Medium
4051,1,0.5034218432572436,50.34218432572436,Medium
4052,0,0.49462417011322457,49.46241701132246,Medium
4053,0,0.49940745130395153,49.94074513039515,Medium
4054,1,0.5052490902069018,50.52490902069018,Medium
4055,0,0.46013169579864116,46.01316957986412,Medium
4056,0,0.4985054888462518,49.85054888462518,Medium
4057,1,0.5186914728343405,51.869147283434046,Medium
4058,1,0.5074525434741589,50.745254347415894,Medium
4059,1,0.5277758944216281,52.77758944216281,Medium
4060,0,0.4973146258154002,49.73146258154002,Medium
4061,0,0.4771698329793413,47.71698329793413,Medium
4062,1,0.523898566168544,52.3898566168544,Medium
4063,1,0.5080398920990342,50.80398920990342,Medium
4064,1,0.5152188580987772,51.52188580987772,Medium
4065,0,0.4833343883625613,48.33343883625613,Medium
4066,1,0.502611912286293,50.2611912286293,Medium
4067,1,0.5225806731205201,52.25806731205201,Medium
4068,1,0.5018303905478189,50.18303905478189,Medium
4069,1,0.5095531144348153,50.955311443481534,Medium
4070,0,0.47388206796085014,47.388206796085015,Medium
4071,0,0.48898283220963923,48.898283220963926,Medium
4072,0,0.4802393703723845,48.023937037238454,Medium
4073,1,0.5446664230699908,54.46664230699908,Medium
4074,1,0.5285688302308625,52.856883023086255,Medium
4075,1,0.5607543227627991,56.07543227627991,Medium
4076,1,0.5199570665839941,51.99570665839941,Medium
4077,1,0.5246681217287448,52.46681217287448,Medium
4078,1,0.5209028812436761,52.09028812436761,Medium
4079,0,0.485750079974076,48.575007997407596,Medium
4080,0,0.4996591974257856,49.965919742578556,Medium
4081,1,0.5155863823704272,51.55863823704272,Medium
4082,0,0.49154293048590436,49.15429304859044,Medium
4083,0,0.49766961683780336,49.76696168378034,Medium
4084,1,0.5362213933884095,53.622139338840945,Medium
4085,1,0.5193570672338855,51.935706723388556,Medium
4086,0,0.48619856819483315,48.61985681948332,Medium
4087,0,0.47304684758748355,47.30468475874836,Medium
4088,0,0.49786416555926843,49.78641655592684,Medium
4089,0,0.4730833274890991,47.30833274890991,Medium
4090,1,0.5038274182841125,50.38274182841125,Medium
4091,0,0.4697602128982043,46.97602128982043,Medium
4092,0,0.49208375243190733,49.20837524319073,Medium
4093,0,0.4925768607599115,49.257686075991145,Medium
4094,0,0.45831862886538227,45.831862886538225,Medium
4095,1,0.5082303615267688,50.823036152676885,Medium
4096,1,0.5121078786133476,51.21078786133476,Medium
4097,0,0.48289524502104375,48.28952450210438,Medium
4098,0,0.39511273650830037,39.511273650830034,Medium
4099,1,0.5117555322444649,51.17555322444649,Medium
4100,0,0.47407951053560166,47.40795105356017,Medium
4101,1,0.5146677786320418,51.466777863204186,Medium
4102,1,0.5256106589395323,52.56106589395323,Medium
4103,1,0.52308966486452,52.308966486452,Medium
4104,1,0.5165937491272703,51.65937491272703,Medium
4105,1,0.5164343789685265,51.64343789685265,Medium
4106,0,0.40765076783189486,40.765076783189485,Medium
4107,1,0.5083703408914224,50.83703408914224,Medium
4108,1,0.5179729646149933,51.79729646149933,Medium
4109,0,0.4655915576889854,46.55915576889854,Medium
4110,0,0.4852502101884442,48.52502101884442,Medium
4111,1,0.5140565750171069,51.40565750171069,Medium
4112,1,0.5024634954092688,50.246349540926886,Medium
4113,1,0.521498313790973,52.1498313790973,Medium
4114,0,0.4981047727207687,49.81047727207687,Medium
4115,0,0.4919428108702103,49.19428108702103,Medium
4116,1,0.5184193521181935,51.84193521181935,Medium
4117,1,0.5508505078534488,55.08505078534488,Medium
4118,0,0.4645355440684792,46.45355440684792,Medium
4119,0,0.4975925479981371,49.75925479981371,Medium
4120,1,0.539700492245712,53.970049224571206,Medium
4121,1,0.5412091803490364,54.12091803490364,Medium
4122,0,0.49771869166900123,49.771869166900125,Medium
4123,1,0.5341986258775729,53.419862587757294,Medium
4124,1,0.5114878331935709,51.14878331935709,Medium
4125,1,0.5134951973158631,51.34951973158631,Medium
4126,1,0.5375862393947347,53.75862393947347,Medium
4127,1,0.506084713262371,50.6084713262371,Medium
4128,0,0.48590228271830516,48.59022827183052,Medium
4129,1,0.5115373637340004,51.15373637340004,Medium
4130,1,0.5107349223753471,51.073492237534715,Medium
4131,0,0.4865323447762509,48.65323447762509,Medium
4132,1,0.5283618911016706,52.83618911016706,Medium
4133,0,0.48031630301543743,48.03163030154374,Medium
4134,1,0.5091113246470109,50.91113246470109,Medium
4135,0,0.48817488086095534,48.81748808609554,Medium
4136,0,0.484121992351715,48.4121992351715,Medium
4137,1,0.5355316737435879,53.55316737435879,Medium
4138,1,0.5206359167823731,52.06359167823731,Medium
4139,0,0.4640696466539389,46.40696466539389,Medium
4140,1,0.5026629697982744,50.26629697982744,Medium
4141,1,0.5393789694323372,53.937896943233724,Medium
4142,0,0.4355228253149831,43.55228253149831,Medium
4143,0,0.4824774556941589,48.24774556941589,Medium
4144,0,0.48776965800643785,48.77696580064379,Medium
4145,1,0.5256240512396805,52.56240512396805,Medium
4146,1,0.5290270981139176,52.90270981139176,Medium
4147,0,0.4931350871683685,49.31350871683685,Medium
4148,1,0.5141133608774434,51.41133608774434,Medium
4149,1,0.5100783368553542,51.00783368553542,Medium
4150,0,0.48664302515870883,48.66430251587089,Medium
4151,1,0.507604158943831,50.7604158943831,Medium
4152,1,0.5265982898568919,52.659828985689195,Medium
4153,1,0.5011974494072936,50.11974494072936,Medium
4154,1,0.5297704417596825,52.977044175968246,Medium
4155,1,0.5029167173303329,50.2916717330333,Medium
4156,0,0.4724483582793925,47.244835827939255,Medium
4157,0,0.4228469649397874,42.28469649397874,Medium
4158,0,0.40196505146978345,40.196505146978346,Medium
4159,0,0.49122950071195826,49.122950071195824,Medium
4160,1,0.5368007878385009,53.68007878385009,Medium
4161,1,0.5446237513007909,54.46237513007909,Medium
4162,0,0.48589546973961933,48.58954697396193,Medium
4163,1,0.547494598203595,54.749459820359505,Medium
4164,1,0.5149685026078809,51.49685026078809,Medium
4165,1,0.5070209726079494,50.70209726079494,Medium
4166,1,0.513480177766447,51.3480177766447,Medium
4167,0,0.4899713059767865,48.99713059767865,Medium
4168,0,0.4555662570074271,45.55662570074271,Medium
4169,1,0.5596219964748222,55.96219964748222,Medium
4170,0,0.49122641823625135,49.12264182362514,Medium
4171,1,0.5028303505217614,50.28303505217614,Medium
4172,1,0.5014085221722637,50.140852217226374,Medium
4173,0,0.412028387230327,41.2028387230327,Medium
4174,0,0.47862003919907475,47.86200391990747,Medium
4175,1,0.5005540372157495,50.055403721574955,Medium
4176,0,0.48020297741402723,48.02029774140272,Medium
4177,0,0.46928906393084124,46.92890639308413,Medium
4178,0,0.486755134082867,48.675513408286704,Medium
4179,1,0.5182803742230954,51.828037422309535,Medium
4180,1,0.5079641036468834,50.79641036468834,Medium
4181,0,0.4773210341989581,47.73210341989581,Medium
4182,1,0.5000805213022534,50.008052130225344,Medium
4183,0,0.4898779377246348,48.987793772463476,Medium
4184,1,0.5091502713716434,50.91502713716434,Medium
4185,0,0.49679322022472533,49.67932202247253,Medium
4186,0,0.49627795937704144,49.62779593770414,Medium
4187,0,0.4883772224892873,48.83772224892873,Medium
4188,0,0.4956995268576164,49.56995268576164,Medium
4189,0,0.47787269424613815,47.78726942461382,Medium
4190,0,0.4957419494693134,49.574194946931335,Medium
4191,0,0.47356554162956865,47.35655416295687,Medium
4192,1,0.5294313692648377,52.94313692648377,Medium
4193,0,0.4912729203562262,49.127292035622624,Medium
4194,0,0.48746685328643974,48.74668532864398,Medium
4195,1,0.5246215793015525,52.46215793015525,Medium
4196,1,0.5047197690330232,50.47197690330232,Medium
4197,0,0.4670978159724888,46.70978159724888,Medium
4198,1,0.5227729422205069,52.277294222050685,Medium
4199,1,0.5049814470349109,50.498144703491086,Medium
4200,0,0.4584784979051905,45.84784979051905,Medium
4201,0,0.493782326670277,49.3782326670277,Medium
4202,0,0.487567742352882,48.756774235288205,Medium
4203,1,0.5191579620648987,51.91579620648987,Medium
4204,1,0.5511165956739398,55.11165956739398,Medium
4205,0,0.49031157332228087,49.031157332228084,Medium
4206,0,0.4752271886493252,47.52271886493252,Medium
4207,1,0.5146066238513654,51.46066238513654,Medium
4208,0,0.4929038097868447,49.290380978684475,Medium
4209,1,0.5498201630667866,54.98201630667866,Medium
4210,1,0.5179170522599293,51.791705225992935,Medium
4211,1,0.519551721282807,51.9551721282807,Medium
4212,1,0.5508177056299299,55.08177056299299,Medium
4213,1,0.5184491325968436,51.844913259684354,Medium
4214,0,0.47905710499978993,47.905710499978994,Medium
4215,1,0.5284793771746802,52.84793771746802,Medium
4216,1,0.5000708550030786,50.00708550030786,Medium
4217,0,0.47963955275529246,47.963955275529244,Medium
4218,0,0.4935918266433027,49.35918266433027,Medium
4219,1,0.5386823323286893,53.86823323286893,Medium
4220,0,0.48836360967758935,48.836360967758935,Medium
4221,0,0.49869323145817884,49.86932314581789,Medium
4222,1,0.5170860054978703,51.70860054978703,Medium
4223,0,0.48572166053735816,48.57216605373581,Medium
4224,1,0.5352409454896057,53.52409454896056,Medium
4225,0,0.4752810118050958,47.52810118050958,Medium
4226,1,0.5172649689054749,51.726496890547494,Medium
4227,1,0.505375447471568,50.5375447471568,Medium
4228,0,0.4861748862001842,48.61748862001842,Medium
4229,0,0.42193150429755755,42.193150429755754,Medium
4230,1,0.5460180931604222,54.601809316042214,Medium
4231,1,0.5096848162016443,50.96848162016443,Medium
4232,1,0.5091497552670406,50.91497552670406,Medium
4233,0,0.417855958691782,41.7855958691782,Medium
4234,0,0.4951667028992151,49.516670289921514,Medium
4235,0,0.4833244428430623,48.332444284306234,Medium
4236,1,0.515748471954609,51.574847195460904,Medium
4237,1,0.5114941801908808,51.149418019088074,Medium
4238,0,0.49739500729654196,49.739500729654196,Medium
4239,0,0.4614470932904221,46.14470932904221,Medium
4240,0,0.4945134289985839,49.45134289985839,Medium
4241,1,0.5350304844931079,53.50304844931079,Medium
4242,0,0.48608448230551193,48.60844823055119,Medium
4243,1,0.5385076665134464,53.85076665134464,Medium
4244,0,0.45754309780443125,45.75430978044312,Medium
4245,1,0.5156878919187218,51.56878919187218,Medium
4246,1,0.515532030495569,51.55320304955689,Medium
4247,0,0.49765727813985977,49.765727813985976,Medium
4248,0,0.4663236387291769,46.63236387291769,Medium
4249,1,0.5019788644518088,50.197886445180885,Medium
4250,0,0.45570994483949984,45.57099448394998,Medium
4251,1,0.5104696560471972,51.046965604719716,Medium
4252,1,0.5154171316682995,51.54171316682995,Medium
4253,1,0.5435867228180484,54.35867228180484,Medium
4254,0,0.47805000886271615,47.805000886271614,Medium
4255,0,0.48807774233391804,48.807774233391804,Medium
4256,0,0.4783080786369107,47.83080786369107,Medium
4257,1,0.5139857391019944,51.39857391019944,Medium
4258,0,0.4805311070251915,48.05311070251915,Medium
4259,0,0.4924518669255491,49.24518669255491,Medium
4260,1,0.520559165739026,52.05591657390261,Medium
4261,1,0.5031392494265162,50.313924942651624,Medium
4262,1,0.5486812479145864,54.86812479145864,Medium
4263,0,0.4829718870047221,48.29718870047221,Medium
4264,0,0.4950764294751971,49.507642947519706,Medium
4265,1,0.5137642730220897,51.376427302208974,Medium
4266,1,0.5219000830222352,52.190008302223525,Medium
4267,1,0.5145584256717145,51.45584256717145,Medium
4268,1,0.5210011553307228,52.10011553307228,Medium
4269,0,0.4985813071752313,49.85813071752313,Medium
4270,1,0.5636833420889977,56.368334208899775,Medium
4271,0,0.47813910209563437,47.81391020956344,Medium
4272,0,0.4882691467513093,48.82691467513093,Medium
4273,1,0.5176110963809201,51.76110963809201,Medium
4274,0,0.4822832346330839,48.22832346330839,Medium
4275,1,0.5328709449029561,53.28709449029561,Medium
4276,1,0.5226080378403988,52.26080378403988,Medium
4277,1,0.5020205084535965,50.20205084535965,Medium
4278,0,0.44858828380977844,44.85882838097785,Medium
4279,1,0.5043962257515487,50.43962257515487,Medium
4280,1,0.5177558443263671,51.77558443263671,Medium
4281,0,0.46799076342809826,46.799076342809826,Medium
4282,1,0.5011074037464295,50.11074037464295,Medium
4283,1,0.5468420694451279,54.684206944512795,Medium
4284,1,0.516420002287453,51.6420002287453,Medium
4285,0,0.4241049992409416,42.41049992409416,Medium
4286,1,0.5110637040510977,51.10637040510977,Medium
4287,0,0.49690199818709935,49.690199818709935,Medium
4288,1,0.5356002893605578,53.56002893605578,Medium
4289,1,0.5277060487967938,52.77060487967938,Medium
4290,1,0.5152414304041,51.524143040409996,Medium
4291,1,0.5361393452779253,53.61393452779253,Medium
4292,1,0.5314729247304207,53.14729247304207,Medium
4293,0,0.4617087119526234,46.17087119526234,Medium
4294,1,0.5392952855149156,53.92952855149156,Medium
4295,0,0.4920356017019963,49.20356017019963,Medium
4296,1,0.5093587707057471,50.93587707057471,Medium
4297,0,0.49563549367746207,49.563549367746205,Medium
4298,0,0.4716235172900291,47.16235172900291,Medium
4299,0,0.4736782917341201,47.36782917341201,Medium
4300,0,0.4885588919173418,48.85588919173418,Medium
4301,0,0.4987625950800991,49.87625950800991,Medium
4302,1,0.5006849379162637,50.068493791626366,Medium
4303,1,0.5057426977861854,50.57426977861854,Medium
4304,0,0.4889511635211601,48.895116352116005,Medium
4305,0,0.4995331948754961,49.95331948754961,Medium
4306,0,0.4938042778819838,49.380427788198375,Medium
4307,0,0.42937881231018493,42.937881231018494,Medium
4308,1,0.5039385661963757,50.39385661963757,Medium
4309,1,0.5186420318129709,51.864203181297086,Medium
4310,1,0.5058908564921644,50.589085649216436,Medium
4311,0,0.49748274836042355,49.748274836042356,Medium
4312,0,0.4881621617755406,48.81621617755406,Medium
4313,0,0.4945373531479327,49.45373531479327,Medium
4314,1,0.526867310116768,52.6867310116768,Medium
4315,1,0.5484914320456431,54.849143204564314,Medium
4316,1,0.5082842910621264,50.82842910621264,Medium
4317,0,0.4230558976194582,42.305589761945825,Medium
4318,0,0.47419563587811087,47.41956358781108,Medium
4319,1,0.5407092421769293,54.07092421769293,Medium
4320,1,0.5033699380349115,50.33699380349115,Medium
4321,0,0.49415661673006195,49.4156616730062,Medium
4322,0,0.48217044073738424,48.21704407373842,Medium
4323,0,0.48691521496787155,48.69152149678715,Medium
4324,0,0.4822437868124052,48.22437868124052,Medium
4325,1,0.5021164243749019,50.21164243749019,Medium
4326,0,0.49137752626823095,49.137752626823094,Medium
4327,1,0.5249030091744686,52.490300917446866,Medium
4328,1,0.5392238040712032,53.922380407120315,Medium
4329,1,0.5250856445951102,52.50856445951102,Medium
4330,1,0.5209983202222457,52.09983202222457,Medium
4331,1,0.5154790289191875,51.54790289191875,Medium
4332,1,0.5017436838323702,50.174368383237024,Medium
4333,0,0.49413732389769377,49.41373238976938,Medium
4334,1,0.5125401672429853,51.25401672429854,Medium
4335,0,0.4776289596589733,47.76289596589733,Medium
4336,1,0.5146056908225835,51.460569082258345,Medium
4337,0,0.4819290445247421,48.19290445247421,Medium
4338,1,0.5094953697891944,50.94953697891944,Medium
4339,1,0.5162975792860753,51.62975792860753,Medium
4340,1,0.528875273236889,52.8875273236889,Medium
4341,1,0.5391249819286338,53.91249819286338,Medium
4342,1,0.5156534539274209,51.56534539274209,Medium
4343,1,0.5096652044702668,50.966520447026674,Medium
4344,1,0.5102124806677254,51.02124806677254,Medium
4345,1,0.5101434275157621,51.014342751576216,Medium
4346,1,0.5397176411393428,53.971764113934285,Medium
4347,0,0.47674850598655866,47.674850598655865,Medium
4348,0,0.4988356764119486,49.88356764119486,Medium
4349,1,0.5087023591008283,50.870235910082826,Medium
4350,1,0.5692900205322585,56.92900205322585,Medium
4351,0,0.4771610199430815,47.716101994308154,Medium
4352,1,0.5117144039739541,51.17144039739541,Medium
4353,0,0.4926853742771983,49.26853742771983,Medium
4354,0,0.47760215625216057,47.760215625216055,Medium
4355,1,0.5485312725155173,54.853127251551726,Medium
4356,1,0.500489692910722,50.0489692910722,Medium
4357,0,0.4876365622683441,48.763656226834414,Medium
4358,0,0.4831512538527516,48.31512538527516,Medium
4359,1,0.5476524798867638,54.76524798867638,Medium
4360,0,0.49726958016212786,49.726958016212784,Medium
4361,1,0.5122455587614487,51.224555876144876,Medium
4362,0,0.4778838269096689,47.78838269096689,Medium
4363,1,0.5166872520947992,51.668725209479916,Medium
4364,0,0.4460380143767747,44.60380143767747,Medium
4365,0,0.49729834186527827,49.729834186527825,Medium
4366,0,0.49207867576541586,49.20786757654159,Medium
4367,1,0.5311168677988606,53.11168677988606,Medium
4368,0,0.4574009093681501,45.74009093681501,Medium
4369,1,0.5058290768409232,50.58290768409231,Medium
4370,0,0.4409269154198505,44.092691541985054,Medium
4371,1,0.510325415441526,51.0325415441526,Medium
4372,1,0.5204589332340088,52.04589332340088,Medium
4373,1,0.5000805691296559,50.00805691296559,Medium
4374,1,0.5300419529662219,53.00419529662219,Medium
4375,1,0.5102501627449576,51.02501627449576,Medium
4376,1,0.5059851402826809,50.59851402826809,Medium
4377,1,0.5366174730102627,53.661747301026274,Medium
4378,0,0.49371660793726346,49.37166079372635,Medium
4379,1,0.5012296428635338,50.12296428635338,Medium
4380,1,0.5106022657808628,51.06022657808628,Medium
4381,1,0.5336419939855509,53.36419939855509,Medium
4382,0,0.4849321982739268,48.49321982739268,Medium
4383,0,0.49488976346298885,49.488976346298884,Medium
4384,1,0.5109150194435094,51.09150194435094,Medium
4385,0,0.48542099037677144,48.54209903767715,Medium
4386,0,0.4197969144929623,41.97969144929623,Medium
4387,0,0.4920115725008072,49.20115725008072,Medium
4388,1,0.5124190686004524,51.24190686004524,Medium
4389,1,0.5106620044723541,51.06620044723541,Medium
4390,1,0.5029818991655158,50.298189916551586,Medium
4391,0,0.49576848521196654,49.57684852119665,Medium
4392,1,0.5161103653006179,51.611036530061796,Medium
4393,0,0.49224980334196217,49.22498033419622,Medium
4394,0,0.48750138844867597,48.7501388448676,Medium
4395,1,0.5139769912454478,51.39769912454478,Medium
4396,1,0.5363238649908195,53.63238649908195,Medium
4397,1,0.5138496152221879,51.38496152221879,Medium
4398,1,0.5435869340356797,54.35869340356797,Medium
4399,0,0.48271144008776234,48.27114400877623,Medium
4400,1,0.5212443261355569,52.12443261355569,Medium
4401,0,0.40736684804923445,40.73668480492344,Medium
4402,0,0.489438336166074,48.9438336166074,Medium
4403,1,0.5193264615753982,51.93264615753982,Medium
4404,0,0.49148615187666633,49.148615187666636,Medium
4405,0,0.4615590033309434,46.155900333094344,Medium
4406,1,0.5014489600074098,50.14489600074098,Medium
4407,0,0.4956222381012449,49.562223810124486,Medium
4408,1,0.520041274146319,52.004127414631895,Medium
4409,1,0.5404012123861898,54.04012123861898,Medium
4410,1,0.5040683187546114,50.406831875461144,Medium
4411,0,0.40765015234069135,40.76501523406913,Medium
4412,1,0.5381133958694089,53.81133958694089,Medium
4413,0,0.4875980853781314,48.759808537813136,Medium
4414,0,0.47940922148295356,47.94092214829536,Medium
4415,0,0.48972769773202557,48.97276977320256,Medium
4416,0,0.4879646196576004,48.79646196576004,Medium
4417,0,0.4938053091501708,49.380530915017076,Medium
4418,0,0.49015971756080245,49.01597175608025,Medium
4419,1,0.5240566221992212,52.40566221992212,Medium
4420,1,0.504192441097764,50.41924410977639,Medium
4421,1,0.5160409525298316,51.604095252983164,Medium
4422,0,0.47263192097189644,47.263192097189645,Medium
4423,1,0.5151252802082575,51.512528020825755,Medium
4424,0,0.46612654890588046,46.61265489058805,Medium
4425,0,0.49577056576256484,49.57705657625648,Medium
4426,0,0.49822775810746434,49.822775810746435,Medium
4427,1,0.5015331769744842,50.153317697448415,Medium
4428,0,0.4644268951593019,46.44268951593019,Medium
4429,1,0.5177084920876043,51.770849208760424,Medium
4430,1,0.5145961030958662,51.45961030958662,Medium
4431,0,0.4791971958032205,47.91971958032205,Medium
4432,0,0.47296823090373136,47.29682309037314,Medium
4433,0,0.49874185629544576,49.87418562954458,Medium
4434,0,0.4970643942220805,49.70643942220805,Medium
4435,0,0.4954777265591698,49.54777265591698,Medium
4436,0,0.4932111764504213,49.32111764504213,Medium
4437,0,0.4944119209315278,49.44119209315278,Medium
4438,1,0.5287199300634016,52.871993006340155,Medium
4439,1,0.504703406832003,50.4703406832003,Medium
4440,0,0.4795665290921625,47.95665290921625,Medium
4441,1,0.5109190638138772,51.091906381387716,Medium
4442,0,0.4840807585433314,48.40807585433314,Medium
4443,1,0.5238266672428908,52.38266672428908,Medium
4444,1,0.5074088448312076,50.740884483120766,Medium
4445,0,0.48124851658138806,48.12485165813881,Medium
4446,0,0.4784170660067005,47.84170660067005,Medium
4447,1,0.5453791176750128,54.53791176750128,Medium
4448,0,0.4737262051850629,47.372620518506295,Medium
4449,0,0.4949768097491532,49.49768097491532,Medium
4450,1,0.537509550185287,53.7509550185287,Medium
4451,1,0.5443000425026336,54.430004250263366,Medium
4452,1,0.5427240267734621,54.27240267734621,Medium
4453,1,0.5021660733731876,50.21660733731876,Medium
4454,1,0.523342488092129,52.3342488092129,Medium
4455,1,0.5218496660522,52.18496660522,Medium
4456,1,0.559810276163425,55.9810276163425,Medium
4457,0,0.4899015696782674,48.99015696782674,Medium
4458,1,0.5048586161151367,50.48586161151367,Medium
4459,1,0.5074411806730106,50.74411806730106,Medium
4460,1,0.5283919197982744,52.83919197982744,Medium
4461,1,0.5004576853992816,50.04576853992816,Medium
4462,1,0.530820230004833,53.082023000483304,Medium
4463,1,0.5308080613249387,53.080806132493876,Medium
4464,0,0.4829876361850689,48.29876361850689,Medium
4465,0,0.49237575059450717,49.23757505945072,Medium
4466,1,0.5069646403762944,50.69646403762944,Medium
4467,0,0.48270829266356646,48.27082926635665,Medium
4468,0,0.49847303960668615,49.84730396066862,Medium
4469,1,0.5618517073019469,56.18517073019469,Medium
4470,0,0.4796581309159797,47.96581309159797,Medium
4471,0,0.4936243067094053,49.36243067094053,Medium
4472,1,0.541887213550504,54.1887213550504,Medium
4473,1,0.5001354808315527,50.01354808315527,Medium
4474,0,0.47312320227158605,47.31232022715861,Medium
4475,0,0.4810861737917773,48.10861737917773,Medium
4476,1,0.518202027118729,51.820202711872895,Medium
4477,0,0.4854534829703739,48.545348297037386,Medium
4478,0,0.41592668827338763,41.59266882733876,Medium
4479,1,0.5037262048146851,50.37262048146851,Medium
4480,0,0.4837810097508674,48.37810097508674,Medium
4481,0,0.4710693229453966,47.10693229453966,Medium
4482,0,0.46050014807345324,46.05001480734533,Medium
4483,1,0.5016061436530315,50.16061436530315,Medium
4484,0,0.4530695287240111,45.306952872401105,Medium
4485,1,0.5073983366652054,50.73983366652054,Medium
4486,0,0.4926702260921243,49.26702260921243,Medium
4487,0,0.481563079710048,48.1563079710048,Medium
4488,0,0.499865215270472,49.9865215270472,Medium
4489,0,0.49356126025686403,49.3561260256864,Medium
4490,0,0.49679983550666584,49.679983550666584,Medium
4491,1,0.5025101662569934,50.25101662569934,Medium
4492,1,0.5155213743559444,51.55213743559444,Medium
4493,0,0.48727502861029376,48.72750286102938,Medium
4494,0,0.4956818101928842,49.568181019288424,Medium
4495,0,0.49813129560607,49.813129560607,Medium
4496,0,0.4822660247289991,48.22660247289991,Medium
4497,1,0.5048888750915739,50.48888750915739,Medium
4498,1,0.5123364828732567,51.23364828732567,Medium
4499,0,0.3938240311180702,39.382403111807015,Medium
4500,1,0.5423173957709541,54.231739577095404,Medium
4501,0,0.49710729606505294,49.710729606505296,Medium
4502,0,0.4968908295887231,49.68908295887231,Medium
4503,0,0.4855898090493197,48.55898090493197,Medium
4504,0,0.48739245881996596,48.739245881996595,Medium
4505,0,0.45223486701338605,45.22348670133861,Medium
4506,1,0.5037781558478593,50.377815584785935,Medium
4507,0,0.48171923786141,48.171923786141,Medium
4508,1,0.5166391877844408,51.663918778444085,Medium
4509,1,0.5363305829316093,53.63305829316093,Medium
4510,1,0.5154703245505516,51.54703245505517,Medium
4511,0,0.47357468081495857,47.35746808149586,Medium
4512,0,0.4597655021646977,45.97655021646977,Medium
4513,1,0.5449987612866307,54.499876128663075,Medium
4514,1,0.5226207210938538,52.262072109385386,Medium
4515,0,0.4889586384201181,48.89586384201181,Medium
4516,0,0.48663424840385,48.663424840385,Medium
4517,1,0.513369127753847,51.336912775384704,Medium
4518,1,0.5004061799108821,50.04061799108821,Medium
4519,0,0.45156456215488605,45.1564562154886,Medium
4520,1,0.5026538447647849,50.265384476478495,Medium
4521,1,0.5044289304711935,50.442893047119355,Medium
4522,0,0.48763955454354463,48.763955454354466,Medium
4523,0,0.4920114552346825,49.20114552346825,Medium
4524,1,0.5049355515426627,50.49355515426627,Medium
4525,1,0.5091925761467879,50.91925761467879,Medium
4526,1,0.5387677036588465,53.87677036588465,Medium
4527,1,0.514888882623349,51.488888262334896,Medium
4528,0,0.4096365312338712,40.963653123387125,Medium
4529,0,0.4802967924991221,48.02967924991221,Medium
4530,1,0.5393728062870108,53.93728062870108,Medium
4531,0,0.4976907239969925,49.76907239969925,Medium
4532,1,0.5062758597057984,50.62758597057984,Medium
4533,1,0.5258414488019123,52.58414488019123,Medium
4534,0,0.48322647779722766,48.322647779722764,Medium
4535,1,0.5033927427784137,50.33927427784137,Medium
4536,1,0.5299935553399865,52.999355533998646,Medium
4537,1,0.5089468240756161,50.89468240756161,Medium
4538,0,0.46638996768439017,46.638996768439014,Medium
4539,1,0.5006267130804729,50.06267130804729,Medium
4540,1,0.5162368645126779,51.623686451267794,Medium
4541,1,0.5331360337359798,53.313603373597985,Medium
4542,1,0.5343277269670906,53.432772696709065,Medium
4543,0,0.48634298749760657,48.63429874976066,Medium
4544,0,0.4949555189637191,49.49555189637191,Medium
4545,1,0.5120864892746483,51.20864892746483,Medium
4546,0,0.4813604442476532,48.136044424765316,Medium
4547,1,0.5213951275516123,52.139512755161235,Medium
4548,1,0.5513967577814869,55.139675778148685,Medium
4549,1,0.5196946130073798,51.96946130073798,Medium
4550,0,0.4941049537640492,49.410495376404924,Medium
4551,1,0.5126520680846919,51.26520680846919,Medium
4552,0,0.4803302038464806,48.03302038464806,Medium
4553,1,0.5023337024675489,50.233370246754895,Medium
4554,0,0.45325673202605865,45.32567320260586,Medium
4555,0,0.46735110314901784,46.73511031490178,Medium
4556,0,0.4454642455011207,44.54642455011207,Medium
4557,0,0.48597430151954446,48.59743015195445,Medium
4558,1,0.5061823383538712,50.618233835387116,Medium
4559,0,0.48830809844934153,48.83080984493415,Medium
4560,0,0.4768652876488614,47.68652876488614,Medium
4561,1,0.5554768998187694,55.547689981876935,Medium
4562,1,0.5270831533304696,52.70831533304696,Medium
4563,0,0.48825293287065075,48.82529328706507,Medium
4564,0,0.48203568768499344,48.203568768499345,Medium
4565,0,0.49993479708758903,49.993479708758905,Medium
4566,0,0.4584533114368893,45.84533114368893,Medium
4567,1,0.5064853972957983,50.64853972957983,Medium
4568,1,0.5187901260099611,51.87901260099611,Medium
4569,1,0.5323919023489693,53.239190234896924,Medium
4570,0,0.4839521962283275,48.395219622832755,Medium
4571,1,0.5313341158719623,53.133411587196235,Medium
4572,0,0.4829527649753747,48.29527649753747,Medium
4573,0,0.4924558908123787,49.245589081237874,Medium
4574,1,0.5275165321773841,52.751653217738415,Medium
4575,1,0.5168531272282423,51.68531272282423,Medium
4576,1,0.5149005977429613,51.49005977429613,Medium
4577,0,0.48133750200398673,48.13375020039867,Medium
4578,0,0.4762899281322918,47.62899281322918,Medium
4579,0,0.49761593658965786,49.761593658965786,Medium
4580,1,0.5289052386420277,52.89052386420276,Medium
4581,1,0.5323164836747831,53.231648367478314,Medium
4582,0,0.41172591730134667,41.17259173013467,Medium
4583,1,0.5309049319263041,53.090493192630404,Medium
4584,1,0.5234162518052404,52.34162518052404,Medium
4585,0,0.393471175159394,39.3471175159394,Medium
4586,1,0.5231525901603103,52.315259016031035,Medium
4587,0,0.49296232125194056,49.29623212519406,Medium
4588,0,0.4951309230573206,49.51309230573206,Medium
4589,0,0.4597106749145637,45.97106749145637,Medium
4590,0,0.4930062988617385,49.30062988617385,Medium
4591,1,0.5352589876153273,53.52589876153273,Medium
4592,0,0.4379096163460381,43.79096163460381,Medium
4593,0,0.47750959059611475,47.750959059611475,Medium
4594,1,0.5048858527793678,50.48858527793678,Medium
4595,0,0.49339063249856474,49.33906324985647,Medium
4596,1,0.5113037120298574,51.130371202985735,Medium
4597,1,0.5594419979513998,55.94419979513998,Medium
4598,1,0.5249646627931314,52.49646627931314,Medium
4599,1,0.5269967298367628,52.69967298367628,Medium
4600,0,0.4860229169767475,48.60229169767475,Medium
4601,0,0.43220222357019866,43.220222357019864,Medium
4602,0,0.4695663648347945,46.95663648347945,Medium
4603,0,0.4847807257331331,48.478072573313305,Medium
4604,0,0.49807816444553626,49.80781644455362,Medium
4605,1,0.5229682899075901,52.29682899075902,Medium
4606,0,0.49770743560231856,49.77074356023186,Medium
4607,1,0.5409619960337767,54.09619960337767,Medium
4608,1,0.5136685456225984,51.366854562259846,Medium
4609,0,0.4976162916510476,49.76162916510476,Medium
4610,1,0.5132305020710733,51.323050207107336,Medium
4611,0,0.48738892781666165,48.738892781666166,Medium
4612,0,0.48214289791821696,48.2142897918217,Medium
4613,1,0.5025461952403166,50.25461952403166,Medium
4614,1,0.5050783300237167,50.50783300237167,Medium
4615,1,0.5165190072492291,51.6519007249229,Medium
4616,0,0.44812848643101305,44.812848643101304,Medium
4617,0,0.43458302819051153,43.458302819051156,Medium
4618,0,0.4689685674683766,46.89685674683766,Medium
4619,1,0.5225967377338617,52.259673773386176,Medium
4620,1,0.5185700077656547,51.857000776565464,Medium
4621,0,0.48226762278654006,48.22676227865401,Medium
4622,1,0.506419119941584,50.64191199415839,Medium
4623,1,0.5093906415338786,50.93906415338786,Medium
4624,1,0.5347664074472332,53.476640744723326,Medium
4625,1,0.5013017605825867,50.13017605825867,Medium
4626,0,0.4790314948488779,47.90314948488779,Medium
4627,0,0.4292212397271523,42.922123972715234,Medium
4628,0,0.45756149247422245,45.75614924742224,Medium
4629,0,0.49083612783114533,49.08361278311453,Medium
4630,1,0.507591679760475,50.7591679760475,Medium
4631,0,0.4981691523698648,49.81691523698648,Medium
4632,1,0.5052226037351574,50.522260373515735,Medium
4633,1,0.5113955287646251,51.13955287646251,Medium
4634,1,0.5145374105416016,51.45374105416016,Medium
4635,1,0.5079687943601842,50.796879436018415,Medium
4636,0,0.4907814943239739,49.07814943239739,Medium
4637,0,0.47522487477981135,47.52248747798114,Medium
4638,0,0.4795112239132991,47.95112239132991,Medium
4639,1,0.5273862913541886,52.738629135418854,Medium
4640,1,0.5018916037625868,50.18916037625868,Medium
4641,0,0.494965502191775,49.4965502191775,Medium
4642,1,0.5599171821614657,55.991718216146566,Medium
4643,1,0.5068403060921794,50.68403060921794,Medium
4644,1,0.5040430959620853,50.40430959620853,Medium
4645,0,0.40928431779986457,40.928431779986454,Medium
4646,0,0.4641566159292056,46.41566159292056,Medium
4647,0,0.4998234886033125,49.98234886033125,Medium
4648,1,0.5000428222439547,50.00428222439547,Medium
4649,1,0.5105254657686749,51.052546576867485,Medium
4650,1,0.5336172064512985,53.36172064512985,Medium
4651,1,0.544530838576281,54.4530838576281,Medium
4652,1,0.5019405298073177,50.194052980731776,Medium
4653,1,0.5012678774358912,50.12678774358912,Medium
4654,1,0.5389235284319909,53.892352843199085,Medium
4655,1,0.5129231312845449,51.292313128454495,Medium
4656,0,0.4942747355703587,49.427473557035874,Medium
4657,1,0.5016539826654347,50.16539826654347,Medium
4658,0,0.39366228459165503,39.366228459165505,Medium
4659,1,0.5017820105777674,50.17820105777674,Medium
4660,0,0.49520189953629257,49.520189953629256,Medium
4661,1,0.5137075966599846,51.370759665998456,Medium
4662,1,0.5012588347711431,50.12588347711431,Medium
4663,1,0.5282784484228394,52.827844842283945,Medium
4664,0,0.4723618472155213,47.236184721552135,Medium
4665,1,0.5481551364744355,54.815513647443545,Medium
4666,1,0.5226028588884901,52.26028588884901,Medium
4667,1,0.5249447033550074,52.49447033550074,Medium
4668,0,0.4462549686646887,44.62549686646887,Medium
4669,1,0.5172695084120552,51.72695084120552,Medium
4670,1,0.5278513967351397,52.78513967351397,Medium
4671,1,0.5595671674424613,55.95671674424613,Medium
4672,1,0.5165234615505514,51.65234615505514,Medium
4673,1,0.5071638475582801,50.71638475582802,Medium
4674,0,0.48692311630539775,48.69231163053978,Medium
4675,0,0.48400372297867966,48.40037229786797,Medium
4676,1,0.5004944092737903,50.04944092737903,Medium
4677,0,0.48458363259513426,48.458363259513426,Medium
4678,1,0.5161584379906952,51.615843799069516,Medium
4679,0,0.4840370758364138,48.40370758364138,Medium
4680,1,0.5126979482078489,51.26979482078489,Medium
4681,1,0.5002228160379626,50.02228160379626,Medium
4682,1,0.5104765277625315,51.04765277625315,Medium
4683,1,0.5519843407245414,55.19843407245414,Medium
4684,1,0.5235237812592066,52.352378125920666,Medium
4685,1,0.5558906625970066,55.58906625970066,Medium
4686,1,0.518486006215624,51.848600621562404,Medium
4687,1,0.5012167126678694,50.12167126678694,Medium
4688,0,0.4926612887640512,49.26612887640512,Medium
4689,0,0.4452109829485657,44.52109829485657,Medium
4690,1,0.5098134525920159,50.981345259201596,Medium
4691,0,0.46083680796892157,46.08368079689215,Medium
4692,1,0.5262124095704803,52.62124095704803,Medium
4693,1,0.5442141247049194,54.42141247049194,Medium
4694,1,0.5224393549465975,52.24393549465975,Medium
4695,1,0.5249838571314895,52.498385713148956,Medium
4696,1,0.5485904571001218,54.859045710012175,Medium
4697,1,0.5067529330880631,50.67529330880631,Medium
4698,0,0.4869333834549169,48.69333834549169,Medium
4699,1,0.502072380508631,50.207238050863104,Medium
4700,0,0.4885249160086236,48.85249160086236,Medium
4701,0,0.49525550315709177,49.525550315709175,Medium
4702,1,0.5360926940818542,53.609269408185426,Medium
4703,0,0.4830614219579629,48.30614219579629,Medium
4704,1,0.5127947862224495,51.279478622244945,Medium
4705,1,0.5445954153804586,54.45954153804586,Medium
4706,1,0.5172952661291792,51.72952661291792,Medium
4707,0,0.4814513648467956,48.14513648467956,Medium
4708,0,0.4842834848063501,48.42834848063501,Medium
4709,1,0.5325676045712481,53.256760457124805,Medium
4710,1,0.5093964923276164,50.93964923276164,Medium
4711,1,0.512255370310041,51.225537031004095,Medium
4712,0,0.4730150965638259,47.30150965638259,Medium
4713,0,0.46856638470422396,46.856638470422396,Medium
4714,0,0.48557769410839835,48.55776941083983,Medium
4715,0,0.4118925219237774,41.18925219237774,Medium
4716,0,0.4848093478093204,48.48093478093204,Medium
4717,1,0.5544871791453142,55.44871791453142,Medium
4718,0,0.48001089902257466,48.00108990225746,Medium
4719,0,0.45755243696323067,45.75524369632306,Medium
4720,1,0.5501750473990118,55.01750473990118,Medium
4721,1,0.5171628947656873,51.71628947656873,Medium
4722,1,0.5342677421095027,53.42677421095027,Medium
4723,1,0.5320831117598568,53.20831117598568,Medium
4724,1,0.5407581803842907,54.07581803842907,Medium
4725,1,0.5231533685367222,52.31533685367222,Medium
4726,1,0.5074114020830208,50.741140208302085,Medium
4727,0,0.48978318246904046,48.978318246904045,Medium
4728,0,0.47374124458748845,47.374124458748845,Medium
4729,1,0.5147249992292312,51.47249992292312,Medium
4730,1,0.5087625739605179,50.87625739605179,Medium
4731,1,0.5304857994729261,53.04857994729261,Medium
4732,1,0.5181251157341851,51.812511573418504,Medium
4733,1,0.5431991157501126,54.31991157501126,Medium
4734,1,0.5093255900151126,50.93255900151126,Medium
4735,0,0.47021306974842314,47.02130697484231,Medium
4736,1,0.5162597691202038,51.62597691202038,Medium
4737,1,0.5288485486797867,52.88485486797867,Medium
4738,1,0.520327048328425,52.032704832842505,Medium
4739,0,0.49503198509807944,49.503198509807945,Medium
4740,0,0.49414317713052897,49.414317713052895,Medium
4741,1,0.5318941157915481,53.18941157915481,Medium
4742,0,0.484214884799544,48.4214884799544,Medium
4743,1,0.5001599853821234,50.01599853821234,Medium
4744,1,0.5273787528660203,52.73787528660203,Medium
4745,0,0.4957589181908785,49.57589181908785,Medium
4746,0,0.4861523754403416,48.61523754403416,Medium
4747,0,0.49040508136899086,49.040508136899085,Medium
4748,1,0.5021806125150524,50.21806125150524,Medium
4749,1,0.5610900192587489,56.10900192587489,Medium
4750,1,0.5154400224914527,51.54400224914527,Medium
4751,0,0.4912424716059024,49.12424716059024,Medium
4752,1,0.5312559726187389,53.12559726187389,Medium
4753,0,0.46870025781969876,46.87002578196988,Medium
4754,0,0.4852714551618935,48.52714551618935,Medium
4755,0,0.4909383039556806,49.09383039556806,Medium
4756,0,0.49856538698541597,49.8565386985416,Medium
4757,0,0.47539664025111816,47.53966402511182,Medium
4758,0,0.49295137955952345,49.29513795595234,Medium
4759,1,0.5091438155756238,50.91438155756238,Medium
4760,1,0.5047900564022336,50.47900564022336,Medium
4761,0,0.44795446360103797,44.795446360103796,Medium
4762,1,0.5280976669015937,52.809766690159364,Medium
4763,1,0.5579721955623589,55.79721955623589,Medium
4764,1,0.5090025227247958,50.900252272479584,Medium
4765,0,0.47982588181244434,47.98258818124444,Medium
4766,1,0.5086144568782829,50.86144568782829,Medium
4767,0,0.4619948334140048,46.19948334140048,Medium
4768,1,0.518369351177412,51.8369351177412,Medium
4769,0,0.4826136714638288,48.26136714638288,Medium
4770,0,0.47473951163500483,47.47395116350048,Medium
4771,1,0.5270601238245984,52.706012382459846,Medium
4772,1,0.5117509110969288,51.175091109692886,Medium
4773,0,0.46855715328804587,46.855715328804585,Medium
4774,0,0.48288117712835815,48.28811771283581,Medium
4775,0,0.4919119296630306,49.19119296630306,Medium
4776,1,0.5355050005467276,53.55050005467275,Medium
4777,1,0.5129194997261036,51.29194997261036,Medium
4778,1,0.5299840415107071,52.99840415107071,Medium
4779,1,0.51917862414955,51.917862414954996,Medium
4780,1,0.5200583802881293,52.00583802881293,Medium
4781,0,0.49730023739560386,49.73002373956039,Medium
4782,1,0.5273589128261293,52.73589128261293,Medium
4783,0,0.49815338630229045,49.81533863022904,Medium
4784,1,0.5073810003259714,50.738100032597146,Medium
4785,1,0.5151619367620834,51.516193676208346,Medium
4786,1,0.5183504408880764,51.835044088807635,Medium
4787,0,0.4742012842346466,47.42012842346466,Medium
4788,0,0.4911418212022696,49.114182120226964,Medium
4789,1,0.5173153536115249,51.731535361152496,Medium
4790,0,0.49603021840319705,49.603021840319705,Medium
4791,1,0.5116195108546326,51.161951085463265,Medium
4792,1,0.5566543110879717,55.66543110879717,Medium
4793,0,0.4840537446317739,48.405374463177395,Medium
4794,0,0.49360398902385216,49.360398902385214,Medium
4795,1,0.5019651698142658,50.196516981426576,Medium
4796,1,0.5166863803001727,51.66863803001726,Medium
4797,1,0.5127823244249958,51.278232442499586,Medium
4798,1,0.5029169532341067,50.291695323410664,Medium
4799,0,0.49496203269213795,49.496203269213794,Medium
4800,1,0.5136761187167221,51.36761187167222,Medium
4801,1,0.5267343882921607,52.67343882921607,Medium
4802,0,0.47069308800931686,47.06930880093169,Medium
4803,1,0.5050596385672871,50.505963856728705,Medium
4804,1,0.5351832056910444,53.51832056910444,Medium
4805,1,0.5323909339835956,53.23909339835956,Medium
4806,1,0.5201145606404926,52.011456064049256,Medium
4807,0,0.468069418299256,46.806941829925606,Medium
4808,0,0.48510453067092923,48.510453067092925,Medium
4809,0,0.46720949412598867,46.72094941259887,Medium
4810,0,0.4838991559376501,48.38991559376501,Medium
4811,1,0.5477616612667232,54.77616612667232,Medium
4812,1,0.5024896864946661,50.248968649466605,Medium
4813,0,0.47379783210945503,47.379783210945504,Medium
4814,1,0.5224220437643083,52.242204376430834,Medium
4815,0,0.424904340157062,42.4904340157062,Medium
4816,1,0.5036399123513791,50.3639912351379,Medium
4817,1,0.5617337020480379,56.17337020480379,Medium
4818,0,0.4696744933212897,46.96744933212897,Medium
4819,0,0.48931167107409895,48.9311671074099,Medium
4820,0,0.49087126123266084,49.08712612326608,Medium
4821,0,0.4957273221590909,49.572732215909085,Medium
4822,1,0.555128118667183,55.5128118667183,Medium
4823,0,0.49211305281539447,49.211305281539445,Medium
4824,0,0.4920194921534334,49.20194921534334,Medium
4825,1,0.513903905146687,51.3903905146687,Medium
4826,1,0.5029150021381059,50.29150021381059,Medium
4827,0,0.4870364594493013,48.70364594493013,Medium
4828,0,0.4397908867205096,43.979088672050956,Medium
4829,0,0.47456485229072604,47.456485229072605,Medium
4830,1,0.5217100036338388,52.17100036338388,Medium
4831,1,0.5037851488378077,50.37851488378077,Medium
4832,1,0.504479556074623,50.447955607462305,Medium
4833,0,0.4842152533282826,48.42152533282826,Medium
4834,1,0.5194399442016463,51.94399442016463,Medium
4835,1,0.5132226887126342,51.32226887126342,Medium
4836,1,0.5168276770021477,51.68276770021477,Medium
4837,0,0.4864368403101046,48.64368403101046,Medium
4838,0,0.489352084682582,48.9352084682582,Medium
4839,0,0.4977276798854913,49.772767988549134,Medium
4840,1,0.5177415187978202,51.77415187978202,Medium
4841,1,0.5250879557733422,52.50879557733422,Medium
4842,1,0.527038899851809,52.70388998518089,Medium
4843,1,0.5056220094480774,50.56220094480774,Medium
4844,0,0.4976562611816379,49.765626118163794,Medium
4845,0,0.47601662983041154,47.60166298304115,Medium
4846,1,0.5034974828129715,50.349748281297146,Medium
4847,0,0.4966309562757103,49.66309562757103,Medium
4848,1,0.5204851314487069,52.04851314487069,Medium
4849,0,0.4938678203822662,49.38678203822662,Medium
4850,1,0.5596787275110665,55.967872751106654,Medium
4851,0,0.47531182075653006,47.53118207565301,Medium
4852,1,0.5068727232190606,50.687272321906065,Medium
4853,1,0.5328779690688404,53.28779690688405,Medium
4854,0,0.4970663787565726,49.706637875657265,Medium
4855,0,0.41068858783860934,41.06885878386093,Medium
4856,0,0.49459670555180263,49.45967055518026,Medium
4857,1,0.5272184669080258,52.72184669080258,Medium
4858,1,0.5481005816273212,54.81005816273212,Medium
4859,0,0.48571047819501484,48.57104781950149,Medium
4860,0,0.496014455827242,49.6014455827242,Medium
4861,0,0.49591025722919274,49.59102572291928,Medium
4862,0,0.4859360165028173,48.593601650281734,Medium
4863,0,0.49143699823222464,49.14369982322246,Medium
4864,1,0.5068875308025071,50.68875308025071,Medium
4865,0,0.4582226799074539,45.82226799074539,Medium
4866,0,0.45571905571440874,45.57190557144087,Medium
4867,0,0.4988416915844572,49.884169158445715,Medium
4868,1,0.5271099881645159,52.71099881645159,Medium
4869,0,0.4788716980677026,47.88716980677026,Medium
4870,0,0.48869532108949126,48.86953210894912,Medium
4871,1,0.5452153150343881,54.521531503438815,Medium
4872,0,0.48271753392333017,48.27175339233302,Medium
4873,0,0.4918919209124899,49.18919209124899,Medium
4874,0,0.48865758049127617,48.865758049127614,Medium
4875,0,0.49471834968651845,49.47183496865185,Medium
4876,0,0.4949662419300176,49.49662419300176,Medium
4877,1,0.5060206814425239,50.602068144252385,Medium
4878,0,0.4597330827108766,45.97330827108766,Medium
4879,0,0.4722232488649402,47.22232488649402,Medium
4880,1,0.5129000352043747,51.290003520437466,Medium
4881,1,0.5089091070822893,50.89091070822893,Medium
4882,1,0.5018526097995867,50.18526097995867,Medium
4883,0,0.468899832381068,46.8899832381068,Medium
4884,0,0.49290499013322503,49.2904990133225,Medium
4885,0,0.47360909803627416,47.360909803627415,Medium
4886,0,0.48894892465479883,48.894892465479884,Medium
4887,0,0.4834119717300281,48.34119717300281,Medium
4888,0,0.47414554285881216,47.414554285881216,Medium
4889,0,0.4789335754250082,47.89335754250082,Medium
4890,0,0.49134674904602793,49.13467490460279,Medium
4891,0,0.4956771814953236,49.56771814953236,Medium
4892,1,0.5227734165723253,52.27734165723253,Medium
4893,1,0.5125837273091024,51.25837273091024,Medium
4894,1,0.509445837886216,50.9445837886216,Medium
4895,0,0.4918049578495502,49.18049578495502,Medium
4896,0,0.49919455451829875,49.919455451829876,Medium
4897,0,0.4774136685485811,47.74136685485811,Medium
4898,1,0.5185620882037265,51.85620882037265,Medium
4899,0,0.49700679999494346,49.70067999949435,Medium
4900,1,0.5082342018154417,50.823420181544165,Medium
4901,0,0.4891167381266508,48.91167381266508,Medium
4902,0,0.4809233497143994,48.09233497143994,Medium
4903,1,0.5020416666282519,50.20416666282519,Medium
4904,1,0.5102097235990563,51.02097235990563,Medium
4905,0,0.47999308448753253,47.999308448753254,Medium
4906,1,0.5311412190956056,53.114121909560566,Medium
4907,0,0.49728564635355116,49.72856463535511,Medium
4908,0,0.4694041388995,46.94041388995,Medium
4909,0,0.4906779139386401,49.067791393864006,Medium
4910,0,0.49329324653091133,49.329324653091135,Medium
4911,0,0.4024336771548208,40.24336771548208,Medium
4912,0,0.4815777489486202,48.15777489486202,Medium
4913,0,0.4779634470343381,47.79634470343381,Medium
4914,0,0.4962029051403596,49.62029051403596,Medium
4915,1,0.5061135512965981,50.611355129659806,Medium
4916,1,0.5097238232742929,50.97238232742929,Medium
4917,1,0.5222341381202529,52.223413812025285,Medium
4918,1,0.5188219678275139,51.882196782751386,Medium
4919,1,0.5280544432807901,52.80544432807901,Medium
4920,1,0.5017496030475752,50.17496030475752,Medium
4921,0,0.4819666194227391,48.19666194227391,Medium
4922,0,0.4596474799215672,45.96474799215672,Medium
4923,1,0.5008513622141402,50.08513622141402,Medium
4924,0,0.44168200773729155,44.168200773729154,Medium
4925,1,0.5024183740477662,50.241837404776625,Medium
4926,1,0.5387011363792042,53.870113637920426,Medium
4927,0,0.4809440933591971,48.09440933591971,Medium
4928,1,0.5112822630984498,51.12822630984498,Medium
4929,0,0.4217091056087085,42.17091056087085,Medium
4930,1,0.5093291535414809,50.932915354148086,Medium
4931,0,0.49193326223796946,49.193326223796944,Medium
4932,1,0.5072795006209093,50.72795006209093,Medium
4933,1,0.5218551343783048,52.18551343783048,Medium
4934,1,0.5299357712474457,52.993577124744576,Medium
4935,1,0.5121202732033092,51.21202732033092,Medium
4936,1,0.5017504671434386,50.175046714343864,Medium
4937,1,0.5095174364911697,50.95174364911696,Medium
4938,1,0.5168886043076363,51.688860430763626,Medium
4939,1,0.5153557344121342,51.53557344121342,Medium
4940,1,0.5022851007853911,50.22851007853911,Medium
4941,1,0.5164503487384025,51.645034873840245,Medium
4942,0,0.4677823229192823,46.77823229192823,Medium
4943,1,0.500831026039576,50.0831026039576,Medium
4944,1,0.5211844523347325,52.11844523347325,Medium
4945,1,0.5125819113702756,51.258191137027566,Medium
4946,0,0.44867710969477936,44.86771096947793,Medium
4947,1,0.5143512372098203,51.435123720982034,Medium
4948,1,0.5413283443277962,54.13283443277962,Medium
4949,1,0.5142107293028012,51.42107293028012,Medium
4950,1,0.5262998570219257,52.62998570219257,Medium
4951,1,0.5127753273038738,51.27753273038738,Medium
4952,1,0.5354376728619621,53.54376728619621,Medium
4953,1,0.5297254470604249,52.97254470604249,Medium
4954,1,0.507482327351641,50.7482327351641,Medium
4955,1,0.5610776965138357,56.10776965138356,Medium
4956,1,0.5008108942279776,50.08108942279777,Medium
4957,0,0.4193608011503847,41.93608011503847,Medium
4958,1,0.5116064848103103,51.16064848103103,Medium
4959,1,0.5114363946499593,51.14363946499593,Medium
4960,0,0.48859664685191434,48.85966468519143,Medium
4961,0,0.45262801403826003,45.262801403826,Medium
4962,1,0.5057694254149014,50.57694254149014,Medium
4963,1,0.5148276082857444,51.482760828574435,Medium
4964,1,0.509515700385634,50.951570038563396,Medium
4965,0,0.4527584213168539,45.27584213168539,Medium
4966,1,0.5145333571817687,51.453335718176874,Medium
4967,1,0.5536049184750467,55.36049184750467,Medium
4968,0,0.4722648300891141,47.22648300891141,Medium
4969,1,0.5169642590236528,51.696425902365284,Medium
4970,0,0.49300543694994803,49.3005436949948,Medium
4971,1,0.5343785636921734,53.43785636921734,Medium
4972,0,0.4769068016798033,47.69068016798033,Medium
4973,1,0.5349901922205051,53.499019222050514,Medium
4974,1,0.5256920022285961,52.569200222859614,Medium
4975,1,0.5073057602499408,50.73057602499408,Medium
4976,0,0.4904007222750254,49.04007222750254,Medium
4977,0,0.48879507744638456,48.87950774463846,Medium
4978,1,0.5045598751360978,50.45598751360978,Medium
4979,1,0.5188239100186259,51.882391001862594,Medium
4980,0,0.48655118042187745,48.655118042187745,Medium
4981,1,0.5039341381981268,50.39341381981268,Medium
4982,0,0.49263488326597876,49.26348832659787,Medium
4983,1,0.5448518926746884,54.48518926746884,Medium
4984,1,0.5235805549285965,52.35805549285965,Medium
4985,1,0.5087641554740119,50.87641554740119,Medium
4986,0,0.4938357073304014,49.38357073304014,Medium
4987,0,0.49978914970771793,49.97891497077179,Medium
4988,1,0.5262478222642943,52.62478222642943,Medium
4989,0,0.48962740699884477,48.96274069988448,Medium
4990,1,0.5103005671410007,51.03005671410007,Medium
4991,0,0.4242206278062251,42.42206278062251,Medium
4992,0,0.49258566781108776,49.258566781108776,Medium
4993,1,0.5261052943178155,52.61052943178155,Medium
4994,1,0.5314304603401603,53.14304603401603,Medium
4995,0,0.48811173681061937,48.81117368106194,Medium
4996,0,0.48271510854849864,48.271510854849865,Medium
4997,1,0.5148875687727713,51.48875687727713,Medium
4998,0,0.49013425294111707,49.013425294111705,Medium
4999,1,0.5146457689663494,51.46457689663494,Medium
5000,0,0.49456866265447336,49.45686626544734,Medium
5001,0,0.4890624823958017,48.90624823958017,Medium
5002,1,0.5350933762664916,53.509337626649156,Medium
5003,0,0.47892119474033185,47.89211947403319,Medium
5004,1,0.5487585091503747,54.875850915037475,Medium
5005,0,0.49795031701247316,49.79503170124732,Medium
5006,0,0.4822438132544565,48.22438132544565,Medium
5007,0,0.4889968106698941,48.89968106698941,Medium
5008,0,0.49835990928470597,49.83599092847059,Medium
5009,0,0.48466389189557874,48.46638918955787,Medium
5010,1,0.5036361986216916,50.36361986216916,Medium
5011,0,0.4933224703243375,49.33224703243375,Medium
5012,0,0.4430620508194651,44.30620508194651,Medium
5013,1,0.5000521856088838,50.00521856088837,Medium
5014,0,0.46187900011200045,46.18790001120004,Medium
5015,1,0.5303434406759467,53.034344067594674,Medium
5016,1,0.5193113060442739,51.93113060442739,Medium
5017,0,0.48087642299204075,48.08764229920408,Medium
5018,1,0.5325299888958688,53.25299888958688,Medium
5019,1,0.5158573920580459,51.58573920580459,Medium
5020,0,0.4812404867259059,48.12404867259059,Medium
5021,1,0.5123554928911123,51.235549289111226,Medium
5022,1,0.5105036939268053,51.05036939268053,Medium
5023,1,0.5411471891955131,54.11471891955131,Medium
5024,0,0.495898199241083,49.589819924108305,Medium
5025,0,0.4718707429507456,47.18707429507456,Medium
5026,0,0.4885525821306809,48.85525821306809,Medium
5027,0,0.4885245563202495,48.85245563202495,Medium
5028,0,0.4855054162326632,48.55054162326632,Medium
5029,1,0.5160131854447519,51.60131854447519,Medium
5030,1,0.5284910886622513,52.84910886622512,Medium
5031,1,0.5009196563989062,50.091965639890624,Medium
5032,0,0.49725933499559866,49.725933499559865,Medium
5033,0,0.48421474427274064,48.42147442727406,Medium
5034,1,0.5365181752372955,53.65181752372955,Medium
5035,1,0.5174818020899141,51.748180208991414,Medium
5036,1,0.5044254496754255,50.442544967542545,Medium
5037,1,0.5058976798019731,50.58976798019731,Medium
5038,0,0.4755494061493085,47.55494061493085,Medium
5039,1,0.5068125032594386,50.681250325943864,Medium
5040,1,0.5055676716768658,50.55676716768658,Medium
5041,0,0.4767689715024867,47.67689715024867,Medium
5042,1,0.5160606699990242,51.606066999902424,Medium
5043,1,0.5193836216615457,51.938362166154576,Medium
5044,1,0.5065098719549403,50.65098719549403,Medium
5045,0,0.49386132425477286,49.386132425477285,Medium
5046,0,0.4965554356611038,49.655543566110374,Medium
5047,0,0.49955355025038567,49.955355025038564,Medium
5048,0,0.49883983035098883,49.883983035098886,Medium
5049,0,0.4567172663243435,45.67172663243435,Medium
5050,1,0.536535157375187,53.653515737518696,Medium
5051,1,0.5242705593823674,52.42705593823674,Medium
5052,0,0.4878441476272914,48.78441476272914,Medium
5053,1,0.5419347312596154,54.193473125961546,Medium
5054,1,0.531374364326689,53.137436432668906,Medium
5055,0,0.48121284550263244,48.12128455026324,Medium
5056,1,0.5025719863941319,50.25719863941319,Medium
5057,0,0.49124597531503816,49.12459753150382,Medium
5058,1,0.5318235360705643,53.182353607056434,Medium
5059,0,0.4636700162873546,46.36700162873546,Medium
5060,1,0.5431185378697797,54.31185378697797,Medium
5061,1,0.5102754186071028,51.02754186071028,Medium
5062,0,0.46211327467084723,46.21132746708472,Medium
5063,0,0.49118548532393774,49.118548532393774,Medium
5064,0,0.4712159124551787,47.12159124551787,Medium
5065,1,0.5031118970806313,50.31118970806313,Medium
5066,0,0.48730979027387283,48.730979027387285,Medium
5067,0,0.4855738886072674,48.55738886072674,Medium
5068,1,0.5073915562675111,50.739155626751106,Medium
5069,1,0.5568942374245502,55.68942374245503,Medium
5070,0,0.4554234714468457,45.54234714468457,Medium
5071,1,0.5065661957977229,50.65661957977229,Medium
5072,0,0.4689203711353797,46.892037113537974,Medium
5073,1,0.5281422383210741,52.81422383210741,Medium
5074,1,0.5003900701999066,50.039007019990656,Medium
5075,1,0.5302642382526548,53.02642382526548,Medium
5076,1,0.5241475121814313,52.41475121814313,Medium
5077,1,0.5218467325114956,52.18467325114956,Medium
5078,1,0.5040688311037989,50.40688311037989,Medium
5079,0,0.4878023761285306,48.780237612853064,Medium
5080,0,0.4947097991035932,49.47097991035932,Medium
5081,0,0.4679635741928813,46.79635741928813,Medium
5082,0,0.4661969847790436,46.61969847790436,Medium
5083,0,0.4930828889328377,49.308288893283766,Medium
5084,1,0.5155900893281006,51.55900893281006,Medium
5085,1,0.5105930520068189,51.05930520068189,Medium
5086,0,0.4376067920218811,43.76067920218811,Medium
5087,0,0.48121698790843914,48.121698790843915,Medium
5088,0,0.4725850436047821,47.25850436047821,Medium
5089,0,0.4694380992044172,46.94380992044172,Medium
5090,0,0.4792998603147987,47.92998603147987,Medium
5091,1,0.5292614255828779,52.92614255828779,Medium
5092,1,0.508736871991497,50.8736871991497,Medium
5093,0,0.48175123182217683,48.17512318221768,Medium
5094,0,0.4874502238006048,48.74502238006048,Medium
5095,0,0.4778323680269576,47.78323680269576,Medium
5096,1,0.5321795930827895,53.21795930827895,Medium
5097,0,0.49502424711843335,49.50242471184333,Medium
5098,0,0.4911416328876012,49.11416328876012,Medium
5099,0,0.4931047264369238,49.310472643692385,Medium
5100,0,0.48242028672868187,48.24202867286819,Medium
5101,0,0.4662810759771158,46.62810759771158,Medium
5102,0,0.4916987343404835,49.16987343404835,Medium
5103,0,0.488902546876297,48.8902546876297,Medium
5104,0,0.4950390135788319,49.50390135788319,Medium
5105,1,0.5180239749780344,51.80239749780344,Medium
5106,0,0.4669018875073114,46.69018875073114,Medium
5107,1,0.51913962782929,51.913962782929005,Medium
5108,1,0.5238902419186066,52.389024191860656,Medium
5109,0,0.47577602511612627,47.577602511612625,Medium
5110,0,0.4727077737374032,47.270777373740316,Medium
5111,1,0.5510639534098425,55.10639534098425,Medium
5112,0,0.49468907961944714,49.468907961944716,Medium
5113,1,0.5170760307780625,51.707603077806255,Medium
5114,1,0.5207103394278256,52.07103394278256,Medium
5115,0,0.4617703757405497,46.17703757405497,Medium
5116,1,0.5272285421928942,52.72285421928942,Medium
5117,1,0.5194914956163897,51.949149561638976,Medium
5118,0,0.46403181533017984,46.403181533017985,Medium
5119,0,0.46767395643571913,46.767395643571916,Medium
5120,1,0.502679385427692,50.267938542769194,Medium
5121,1,0.5281916019328776,52.819160193287765,Medium
5122,0,0.4877354145173541,48.77354145173541,Medium
5123,1,0.5239769565621641,52.39769565621641,Medium
5124,0,0.4675175704391821,46.751757043918204,Medium
5125,0,0.48152248244852924,48.15224824485293,Medium
5126,1,0.516534822680342,51.6534822680342,Medium
5127,1,0.5314378325675251,53.143783256752506,Medium
5128,1,0.5492703003078777,54.92703003078777,Medium
5129,1,0.5095744777671848,50.95744777671848,Medium
5130,1,0.5184906390187479,51.84906390187479,Medium
5131,1,0.5085437808034261,50.85437808034261,Medium
5132,1,0.5225064180675593,52.25064180675593,Medium
5133,0,0.47787794082635393,47.78779408263539,Medium
5134,0,0.4829536269805506,48.29536269805506,Medium
5135,0,0.46559092709130767,46.559092709130766,Medium
5136,1,0.505375888232747,50.5375888232747,Medium
5137,1,0.5455883159217231,54.55883159217231,Medium
5138,0,0.48238885639516155,48.238885639516155,Medium
5139,1,0.5479638435492672,54.79638435492672,Medium
5140,0,0.47903893275286574,47.90389327528658,Medium
5141,0,0.4937884615184467,49.37884615184467,Medium
5142,1,0.533214607039634,53.321460703963396,Medium
5143,0,0.48546340645749625,48.54634064574962,Medium
5144,1,0.5133190512949796,51.331905129497954,Medium
5145,0,0.4604782397821903,46.047823978219036,Medium
5146,1,0.5273823912998519,52.73823912998519,Medium
5147,1,0.5025431532889231,50.254315328892304,Medium
5148,0,0.49721400646406755,49.72140064640676,Medium
5149,1,0.5179375466879242,51.793754668792424,Medium
5150,0,0.4898674193767459,48.98674193767459,Medium
5151,0,0.49732850248120436,49.732850248120435,Medium
5152,1,0.5170580669128422,51.70580669128422,Medium
5153,0,0.49503967016029826,49.503967016029826,Medium
5154,1,0.5416317870572729,54.16317870572729,Medium
5155,1,0.5099603274558898,50.996032745588984,Medium
5156,1,0.5062284383448247,50.62284383448247,Medium
5157,0,0.490934871071001,49.093487107100096,Medium
5158,0,0.4601754433502398,46.01754433502398,Medium
5159,1,0.5291739174867577,52.91739174867577,Medium
5160,0,0.4781788705574829,47.817887055748294,Medium
5161,1,0.5262423808268164,52.62423808268164,Medium
5162,0,0.49593738607863436,49.593738607863436,Medium
5163,0,0.4949143179604154,49.49143179604154,Medium
5164,1,0.5044816885703775,50.44816885703774,Medium
5165,0,0.46869566320506495,46.86956632050649,Medium
5166,0,0.48489412899764134,48.48941289976413,Medium
5167,0,0.4962277152270846,49.62277152270846,Medium
5168,0,0.4340503990032419,43.40503990032419,Medium
5169,1,0.5141783228023754,51.41783228023754,Medium
5170,1,0.5157692691232478,51.57692691232478,Medium
5171,0,0.4917600905235456,49.17600905235456,Medium
5172,0,0.45694562758320956,45.694562758320956,Medium
5173,0,0.4998551939591184,49.985519395911844,Medium
5174,0,0.4981886760213371,49.81886760213371,Medium
5175,1,0.5146236036136417,51.46236036136417,Medium
5176,1,0.5051388331443603,50.51388331443603,Medium
5177,0,0.49605873326505345,49.605873326505346,Medium
5178,0,0.4711029627925581,47.110296279255806,Medium
5179,1,0.5700200896277199,57.00200896277199,Medium
5180,0,0.4528162511963366,45.28162511963366,Medium
5181,0,0.48965749929882574,48.96574992988258,Medium
5182,1,0.5278970259880046,52.78970259880046,Medium
5183,1,0.5161611981907239,51.616119819072395,Medium
5184,1,0.5114397476491217,51.14397476491217,Medium
5185,1,0.5409449043653215,54.09449043653215,Medium
5186,0,0.48525839711707713,48.52583971170771,Medium
5187,0,0.494830797254635,49.483079725463504,Medium
5188,1,0.501908144478099,50.19081444780989,Medium
5189,0,0.4522512372318072,45.22512372318072,Medium
5190,0,0.4673962918280051,46.739629182800506,Medium
5191,0,0.4989676306308651,49.89676306308651,Medium
5192,0,0.4722275471921747,47.22275471921747,Medium
5193,0,0.45286391917410423,45.28639191741043,Medium
5194,1,0.5133625379616912,51.33625379616912,Medium
5195,1,0.5307790303313197,53.07790303313197,Medium
5196,0,0.4893923866251636,48.93923866251636,Medium
5197,1,0.5067833831283629,50.67833831283629,Medium
5198,0,0.4788935158370333,47.88935158370333,Medium
5199,1,0.5259228705088801,52.59228705088801,Medium
5200,1,0.5217789362085876,52.17789362085876,Medium
5201,0,0.4730837262700401,47.30837262700401,Medium
5202,0,0.4733858417767527,47.33858417767527,Medium
5203,0,0.45334824499762966,45.334824499762966,Medium
5204,0,0.4806316426359713,48.06316426359713,Medium
5205,1,0.5282593446904199,52.82593446904199,Medium
5206,1,0.5000841321541283,50.00841321541283,Medium
5207,1,0.5276416199961844,52.764161999618445,Medium
5208,1,0.5248117794243482,52.48117794243482,Medium
5209,1,0.5146939519386882,51.46939519386882,Medium
5210,0,0.4823868591783622,48.23868591783622,Medium
5211,1,0.513090575709112,51.3090575709112,Medium
5212,0,0.49462485395696665,49.46248539569667,Medium
5213,1,0.5168690209199223,51.68690209199222,Medium
5214,0,0.4841241348749986,48.41241348749986,Medium
5215,1,0.5002359242669641,50.0235924266964,Medium
5216,0,0.4925074572163995,49.25074572163995,Medium
5217,1,0.5076818832940828,50.76818832940828,Medium
5218,0,0.48757191296891794,48.7571912968918,Medium
5219,0,0.49491941141128903,49.491941141128905,Medium
5220,1,0.5027906317986957,50.27906317986957,Medium
5221,0,0.4659202350868471,46.59202350868471,Medium
5222,0,0.49441884473561964,49.44188447356196,Medium
5223,0,0.49106510834815637,49.10651083481564,Medium
5224,1,0.5364383699964509,53.64383699964509,Medium
5225,0,0.47678260338049444,47.67826033804944,Medium
5226,1,0.5017772840811945,50.17772840811945,Medium
5227,0,0.48961350952159355,48.96135095215936,Medium
5228,1,0.5246926747403625,52.46926747403625,Medium
5229,1,0.5047602817020519,50.47602817020519,Medium
5230,0,0.4756293256293396,47.562932562933966,Medium
5231,1,0.5417100980109778,54.17100980109778,Medium
5232,0,0.48104738192672675,48.10473819267268,Medium
5233,1,0.5329800612318953,53.29800612318954,Medium
5234,0,0.48502292632388877,48.50229263238888,Medium
5235,0,0.496896539265623,49.6896539265623,Medium
5236,0,0.46176220507023413,46.176220507023416,Medium
5237,0,0.4916902573742811,49.169025737428115,Medium
5238,1,0.5041104616253591,50.41104616253591,Medium
5239,1,0.5477766426127328,54.77766426127329,Medium
5240,0,0.47428094183559116,47.42809418355912,Medium
5241,1,0.5377108749502395,53.77108749502395,Medium
5242,1,0.5036626237301789,50.36626237301789,Medium
5243,0,0.4937757668445901,49.377576684459015,Medium
5244,0,0.47475753683587557,47.475753683587556,Medium
5245,1,0.5258240256160249,52.58240256160249,Medium
5246,0,0.4783971174223772,47.839711742237725,Medium
5247,0,0.44899276931562754,44.89927693156275,Medium
5248,0,0.4375756177231156,43.75756177231156,Medium
5249,0,0.49289870415841347,49.28987041584135,Medium
5250,1,0.5006536230435221,50.06536230435221,Medium
5251,0,0.46864920074428745,46.864920074428746,Medium
5252,1,0.5257255002541176,52.57255002541176,Medium
5253,0,0.4759725894989068,47.59725894989068,Medium
5254,0,0.4868356702566915,48.68356702566915,Medium
5255,0,0.49966165891564857,49.966165891564856,Medium
5256,1,0.5150332862602985,51.503328626029855,Medium
5257,0,0.4507114145921924,45.07114145921924,Medium
5258,0,0.49601949131503753,49.60194913150375,Medium
5259,0,0.47207219230028497,47.2072192300285,Medium
5260,0,0.49531362710671334,49.53136271067133,Medium
5261,0,0.4916219291512586,49.16219291512586,Medium
5262,1,0.5106142917925974,51.06142917925974,Medium
5263,1,0.5376337172968016,53.763371729680166,Medium
5264,1,0.5170567415387872,51.705674153878725,Medium
5265,0,0.4568617831953787,45.686178319537866,Medium
5266,1,0.5249463048058639,52.49463048058639,Medium
5267,0,0.460237210377538,46.0237210377538,Medium
5268,1,0.5037316952836417,50.37316952836417,Medium
5269,0,0.47335290765473254,47.33529076547325,Medium
5270,1,0.5139464022285091,51.39464022285091,Medium
5271,0,0.43782780332039517,43.782780332039515,Medium
5272,1,0.5119618046302129,51.19618046302129,Medium
5273,0,0.44029039335400616,44.02903933540062,Medium
5274,1,0.5058345466372495,50.58345466372495,Medium
5275,0,0.4520718417583967,45.20718417583967,Medium
5276,1,0.5389229682842683,53.892296828426836,Medium
5277,0,0.4802486062795335,48.024860627953345,Medium
5278,0,0.469441503530368,46.944150353036804,Medium
5279,0,0.4319976952367639,43.19976952367639,Medium
5280,0,0.48767721680833015,48.76772168083301,Medium
5281,1,0.5108659139420447,51.086591394204476,Medium
5282,0,0.48134538202874827,48.13453820287483,Medium
5283,1,0.5125061988944548,51.25061988944548,Medium
5284,1,0.5025122383650437,50.251223836504366,Medium
5285,0,0.4918564199371055,49.18564199371055,Medium
5286,0,0.49754172105465727,49.75417210546573,Medium
5287,0,0.46877932871756905,46.877932871756904,Medium
5288,0,0.43923314873842384,43.923314873842386,Medium
5289,1,0.5090295741837839,50.90295741837839,Medium
5290,0,0.489168286566581,48.916828656658105,Medium
5291,1,0.5083699189660832,50.83699189660832,Medium
5292,1,0.5112465898225371,51.12465898225371,Medium
5293,1,0.5788419078959316,57.88419078959316,Medium
5294,0,0.49477222437469587,49.477222437469585,Medium
5295,1,0.5090495518710653,50.90495518710652,Medium
5296,1,0.5418045643471221,54.18045643471221,Medium
5297,1,0.5409511150485644,54.09511150485644,Medium
5298,0,0.39481573117978763,39.48157311797876,Medium
5299,1,0.5350745351606847,53.50745351606847,Medium
5300,1,0.505648899499782,50.564889949978195,Medium
5301,1,0.5218524309796451,52.18524309796451,Medium
5302,1,0.5072569858066845,50.72569858066846,Medium
5303,1,0.51087374457144,51.087374457143994,Medium
5304,0,0.47029874847904685,47.029874847904686,Medium
5305,1,0.5133146570887467,51.33146570887467,Medium
5306,0,0.49543148346574617,49.54314834657462,Medium
5307,1,0.5406260107655823,54.062601076558224,Medium
5308,1,0.5270963074256868,52.70963074256868,Medium
5309,1,0.5014854897176109,50.14854897176109,Medium
5310,1,0.5257180162188044,52.57180162188044,Medium
5311,0,0.48084189786358955,48.084189786358955,Medium
5312,1,0.5084454283306437,50.84454283306437,Medium
5313,0,0.4793046824069507,47.93046824069507,Medium
5314,0,0.4963635819688951,49.63635819688951,Medium
5315,1,0.5072657281771678,50.72657281771677,Medium
5316,1,0.5109248691803802,51.09248691803801,Medium
5317,0,0.4775826032292002,47.75826032292002,Medium
5318,1,0.5540157377219342,55.40157377219342,Medium
5319,0,0.46998386776952145,46.998386776952145,Medium
5320,1,0.5310938951464689,53.109389514646885,Medium
5321,0,0.47640415245670137,47.640415245670134,Medium
5322,1,0.5033942948219012,50.33942948219013,Medium
5323,1,0.5379890159983137,53.798901599831375,Medium
5324,0,0.4831355118876543,48.31355118876543,Medium
5325,1,0.5271925658546351,52.71925658546351,Medium
5326,1,0.519779772488394,51.9779772488394,Medium
5327,1,0.5155434617323243,51.55434617323243,Medium
5328,0,0.47082175818986927,47.082175818986926,Medium
5329,1,0.504303639478888,50.4303639478888,Medium
5330,1,0.5024874847288823,50.248748472888224,Medium
5331,1,0.5152982688464207,51.52982688464207,Medium
5332,0,0.4595278916175339,45.95278916175339,Medium
5333,0,0.48165417287455103,48.16541728745511,Medium
5334,1,0.5071114756816854,50.711147568168535,Medium
5335,1,0.5041827532786023,50.41827532786023,Medium
5336,1,0.5363313169463807,53.63313169463807,Medium
5337,1,0.5110738079747418,51.10738079747418,Medium
5338,0,0.41478233197292136,41.478233197292134,Medium
5339,0,0.48256254061731135,48.256254061731134,Medium
5340,1,0.5095225281347977,50.952252813479774,Medium
5341,0,0.4734610099700847,47.34610099700847,Medium
5342,0,0.49801681083840743,49.80168108384074,Medium
5343,1,0.5082421695131534,50.824216951315336,Medium
5344,0,0.49675155830011103,49.6751558300111,Medium
5345,0,0.47084259188800115,47.08425918880012,Medium
5346,1,0.5386228626691235,53.86228626691235,Medium
5347,0,0.47779152479075776,47.779152479075776,Medium
5348,0,0.4993238564177916,49.932385641779156,Medium
5349,1,0.5282790925291156,52.82790925291157,Medium
5350,1,0.5592457726824653,55.92457726824654,Medium
5351,1,0.5118362930487383,51.18362930487383,Medium
5352,0,0.4813484629326183,48.13484629326183,Medium
5353,1,0.5037094212896546,50.37094212896546,Medium
5354,0,0.48721489740616797,48.721489740616796,Medium
5355,0,0.49799542913811934,49.79954291381193,Medium
5356,1,0.5038297352768053,50.382973527680534,Medium
5357,0,0.46775421554305885,46.775421554305886,Medium
5358,0,0.48049321896497815,48.049321896497815,Medium
5359,1,0.5199027614856397,51.99027614856397,Medium
5360,1,0.5057796741795803,50.57796741795803,Medium
5361,0,0.4943570785978077,49.43570785978077,Medium
5362,0,0.497808596065705,49.7808596065705,Medium
5363,1,0.5127219806334946,51.272198063349464,Medium
5364,0,0.48654932154749325,48.654932154749325,Medium
5365,1,0.5305626790702296,53.056267907022956,Medium
5366,1,0.5148889824570643,51.48889824570643,Medium
5367,1,0.5200806402345067,52.00806402345067,Medium
5368,0,0.4805449995036186,48.05449995036186,Medium
5369,1,0.5280535154803773,52.80535154803773,Medium
5370,0,0.44790610704216316,44.79061070421631,Medium
5371,0,0.4610023575750359,46.10023575750359,Medium
5372,1,0.5355644554403968,53.556445544039676,Medium
5373,1,0.5454502699437602,54.54502699437602,Medium
5374,1,0.5536372623978331,55.363726239783304,Medium
5375,0,0.47400891932465444,47.40089193246544,Medium
5376,0,0.4952507084357118,49.52507084357118,Medium
5377,1,0.5404445229635729,54.04445229635729,Medium
5378,0,0.4931529937357996,49.31529937357996,Medium
5379,1,0.5366580300424211,53.66580300424211,Medium
5380,0,0.46370654286234136,46.370654286234135,Medium
5381,0,0.485802061611079,48.580206161107895,Medium
5382,0,0.47001321136494223,47.00132113649423,Medium
5383,0,0.4981973994207038,49.81973994207038,Medium
5384,1,0.5096869344167652,50.968693441676514,Medium
5385,1,0.5143058352913913,51.43058352913913,Medium
5386,1,0.5097374788632689,50.97374788632689,Medium
5387,0,0.49495578509862387,49.49557850986238,Medium
5388,1,0.5406583028986018,54.06583028986019,Medium
5389,0,0.49018527823090585,49.01852782309059,Medium
5390,0,0.4729214028427231,47.29214028427231,Medium
5391,1,0.5333760231363324,53.337602313633234,Medium
5392,0,0.4968702238119164,49.68702238119164,Medium
5393,0,0.4921209032705988,49.21209032705988,Medium
5394,0,0.4812370836134384,48.123708361343844,Medium
5395,1,0.5052477409442673,50.524774094426725,Medium
5396,0,0.49898373858427625,49.898373858427625,Medium
5397,0,0.49710031079003797,49.7100310790038,Medium
5398,1,0.5089947869557013,50.89947869557013,Medium
5399,0,0.4517171668019742,45.17171668019742,Medium
5400,1,0.5271725483647778,52.71725483647778,Medium
5401,1,0.5389662616976795,53.89662616976795,Medium
5402,0,0.44021316496082735,44.02131649608273,Medium
5403,1,0.5066707154604448,50.66707154604448,Medium
5404,1,0.5590778943887512,55.90778943887512,Medium
5405,0,0.49235919960106667,49.23591996010666,Medium
5406,0,0.48387812242378897,48.3878122423789,Medium
5407,0,0.49204319234209326,49.20431923420933,Medium
5408,1,0.5386727666339687,53.867276663396865,Medium
5409,1,0.5147946418659747,51.47946418659747,Medium
5410,0,0.497750568926874,49.7750568926874,Medium
5411,1,0.5023804574823741,50.23804574823741,Medium
5412,1,0.5253984694403753,52.53984694403753,Medium
5413,0,0.4816189613527101,48.16189613527101,Medium
5414,1,0.5182483084191648,51.82483084191648,Medium
5415,1,0.5155193068559605,51.55193068559605,Medium
5416,1,0.5156067370044658,51.56067370044658,Medium
5417,1,0.5349300976712533,53.49300976712533,Medium
5418,1,0.5541538204284997,55.41538204284997,Medium
5419,0,0.4790708559941196,47.90708559941196,Medium
5420,0,0.4920535027384726,49.20535027384726,Medium
5421,0,0.49634549922187343,49.63454992218735,Medium
5422,1,0.5084723574706297,50.84723574706297,Medium
5423,0,0.48243695773228046,48.24369577322805,Medium
5424,1,0.5187797365678524,51.87797365678524,Medium
5425,0,0.4654760828629039,46.547608286290384,Medium
5426,0,0.48675137986334793,48.675137986334796,Medium
5427,0,0.475289661892025,47.5289661892025,Medium
5428,0,0.4969763756752141,49.697637567521404,Medium
5429,1,0.5047851065419103,50.478510654191034,Medium
5430,1,0.5222499274459661,52.22499274459661,Medium
5431,0,0.4612915383381225,46.129153833812246,Medium
5432,0,0.4809774635322846,48.09774635322846,Medium
5433,0,0.4902628005385594,49.02628005385594,Medium
5434,0,0.44266475788128257,44.266475788128254,Medium
5435,0,0.46389873548581323,46.38987354858132,Medium
5436,1,0.5089560971278209,50.89560971278209,Medium
5437,0,0.468632333274659,46.8632333274659,Medium
5438,1,0.5036323240556332,50.363232405563316,Medium
5439,0,0.4932535305727374,49.32535305727374,Medium
5440,0,0.47294506026434097,47.2945060264341,Medium
5441,1,0.5022954016260515,50.22954016260515,Medium
5442,1,0.5484111346430457,54.84111346430457,Medium
5443,1,0.5293230856163114,52.93230856163114,Medium
5444,1,0.5007735049528197,50.07735049528197,Medium
5445,0,0.48336251727943663,48.33625172794366,Medium
5446,1,0.5315191921851333,53.151919218513335,Medium
5447,1,0.520801144745384,52.0801144745384,Medium
5448,0,0.4992292846221222,49.92292846221222,Medium
5449,0,0.4859753057110983,48.59753057110983,Medium
5450,0,0.48186948159450615,48.186948159450615,Medium
5451,1,0.530054556623015,53.0054556623015,Medium
5452,0,0.43003232598274876,43.00323259827488,Medium
5453,0,0.4906052171423439,49.06052171423439,Medium
5454,0,0.47992815810124984,47.99281581012498,Medium
5455,1,0.5065136058213482,50.65136058213482,Medium
5456,1,0.517380218460504,51.738021846050394,Medium
5457,0,0.48799246134183205,48.79924613418321,Medium
5458,0,0.47193311970407553,47.19331197040756,Medium
5459,0,0.499265410481426,49.926541048142596,Medium
5460,0,0.4969726136950268,49.697261369502684,Medium
5461,0,0.4369281014036163,43.69281014036163,Medium
5462,0,0.4921797129146527,49.21797129146527,Medium
5463,1,0.5405741581474863,54.05741581474863,Medium
5464,1,0.5129431509613298,51.29431509613298,Medium
5465,0,0.46514265689846745,46.514265689846745,Medium
5466,1,0.5095796942601117,50.957969426011175,Medium
5467,0,0.4581267118435812,45.81267118435812,Medium
5468,1,0.543768136946708,54.3768136946708,Medium
5469,0,0.49929257516580927,49.929257516580925,Medium
5470,1,0.5514105468447809,55.141054684478085,Medium
5471,0,0.4907615706233794,49.07615706233794,Medium
5472,0,0.48545739560527257,48.54573956052726,Medium
5473,0,0.4927571891601847,49.27571891601847,Medium
5474,0,0.4988324077028736,49.883240770287365,Medium
5475,0,0.49256319887291783,49.25631988729178,Medium
5476,0,0.4942640150852067,49.42640150852067,Medium
5477,1,0.5268592264136676,52.68592264136676,Medium
5478,0,0.4682148377618467,46.82148377618467,Medium
5479,0,0.4918319923086406,49.18319923086406,Medium
5480,1,0.5099610580498307,50.996105804983074,Medium
5481,0,0.4975028830528423,49.75028830528423,Medium
5482,0,0.4950852082511116,49.508520825111155,Medium
5483,0,0.4949463465328893,49.494634653288934,Medium
5484,0,0.49512065906081365,49.51206590608137,Medium
5485,1,0.5391349933563426,53.91349933563426,Medium
5486,1,0.5035783448574024,50.35783448574024,Medium
5487,1,0.5154256577038242,51.54256577038242,Medium
5488,1,0.523280807745463,52.3280807745463,Medium
5489,0,0.48155753411715113,48.15575341171511,Medium
5490,0,0.47713794419629313,47.713794419629316,Medium
5491,1,0.5222970289642273,52.22970289642272,Medium
5492,0,0.4898608825534034,48.986088255340334,Medium
5493,1,0.5093694842754845,50.936948427548444,Medium
5494,1,0.5125578269763856,51.255782697638566,Medium
5495,1,0.5085052796047752,50.85052796047752,Medium
5496,1,0.5386184391102659,53.86184391102658,Medium
5497,1,0.5482965091172582,54.82965091172582,Medium
5498,1,0.506402897993595,50.64028979935949,Medium
5499,0,0.48663942500118723,48.66394250011872,Medium
5500,0,0.4948734271552136,49.48734271552136,Medium
5501,0,0.4891180742771241,48.91180742771241,Medium
5502,1,0.5373116766331213,53.73116766331213,Medium
5503,0,0.48854171565298427,48.85417156529843,Medium
5504,1,0.5423960533657455,54.23960533657455,Medium
5505,1,0.5341829260856278,53.41829260856278,Medium
5506,0,0.49080323801984777,49.080323801984775,Medium
5507,0,0.4774769901812633,47.74769901812633,Medium
5508,1,0.5056080608805251,50.560806088052516,Medium
5509,1,0.5049342532243343,50.493425322433424,Medium
5510,0,0.4921115028195694,49.21115028195694,Medium
5511,1,0.501095780181862,50.1095780181862,Medium
5512,0,0.4652696789259846,46.526967892598456,Medium
5513,0,0.4981920460620201,49.819204606202014,Medium
5514,0,0.49924548618227194,49.92454861822719,Medium
5515,1,0.5432426066498668,54.32426066498668,Medium
5516,1,0.5296541279041507,52.965412790415066,Medium
5517,0,0.46132521969149853,46.132521969149856,Medium
5518,1,0.530864659824544,53.0864659824544,Medium
5519,0,0.49801367406930214,49.80136740693021,Medium
5520,0,0.48533140527523855,48.533140527523855,Medium
5521,0,0.48387245881995494,48.3872458819955,Medium
5522,0,0.4908238105451342,49.08238105451342,Medium
5523,1,0.5257512526971974,52.575125269719734,Medium
5524,1,0.508452430394499,50.845243039449905,Medium
5525,0,0.48031082100721467,48.03108210072147,Medium
5526,1,0.5125399850590964,51.253998505909635,Medium
5527,1,0.5132534703256226,51.32534703256226,Medium
5528,1,0.5114155397401755,51.14155397401755,Medium
5529,0,0.4566240592472627,45.662405924726265,Medium
5530,1,0.5045207600066914,50.452076000669145,Medium
5531,1,0.5404837812022214,54.04837812022214,Medium
5532,0,0.47960523475616235,47.960523475616235,Medium
5533,0,0.4777377074177286,47.77377074177286,Medium
5534,1,0.5136861038816397,51.36861038816397,Medium
5535,1,0.5217350067585083,52.173500675850825,Medium
5536,0,0.4946905414746818,49.46905414746818,Medium
5537,0,0.4931532638916063,49.31532638916063,Medium
5538,1,0.5041276728722951,50.41276728722951,Medium
5539,1,0.5129653556126713,51.296535561267135,Medium
5540,1,0.5018110400941389,50.18110400941389,Medium
5541,1,0.5235052384161631,52.350523841616315,Medium
5542,1,0.5044826227269508,50.448262272695075,Medium
5543,1,0.5156659457755702,51.56659457755703,Medium
5544,0,0.4871636197027039,48.71636197027039,Medium
5545,1,0.5076742869813309,50.76742869813309,Medium
5546,0,0.4771982850904662,47.71982850904662,Medium
5547,1,0.5123349158309849,51.23349158309849,Medium
5548,0,0.48061850997660366,48.061850997660365,Medium
5549,0,0.48796246895988427,48.796246895988425,Medium
5550,0,0.48832901900324194,48.832901900324195,Medium
5551,1,0.5088174881449335,50.881748814493356,Medium
5552,0,0.4892227362891059,48.92227362891059,Medium
5553,0,0.48841608559650285,48.84160855965028,Medium
5554,0,0.49147145462495456,49.14714546249546,Medium
5555,1,0.5246797232701287,52.467972327012866,Medium
5556,0,0.49237058895387975,49.237058895387975,Medium
5557,0,0.49541924916785485,49.54192491678548,Medium
5558,1,0.5291223550270898,52.91223550270898,Medium
5559,0,0.4793586085067994,47.93586085067994,Medium
5560,0,0.4571380859454276,45.71380859454276,Medium
5561,1,0.5059501165434335,50.595011654343345,Medium
5562,0,0.4858490265729685,48.58490265729685,Medium
5563,1,0.5069896420958162,50.69896420958162,Medium
5564,1,0.5017979353186339,50.179793531863396,Medium
5565,1,0.5131716655724092,51.317166557240924,Medium
5566,0,0.4341124516822435,43.41124516822435,Medium
5567,0,0.4967224585448541,49.67224585448541,Medium
5568,1,0.501229770974152,50.1229770974152,Medium
5569,1,0.5338294819208896,53.38294819208896,Medium
5570,1,0.5102678874308461,51.02678874308461,Medium
5571,1,0.5189858699493419,51.89858699493419,Medium
5572,0,0.4888049841835874,48.88049841835874,Medium
5573,1,0.512313892258439,51.231389225843905,Medium
5574,1,0.5041148783246607,50.41148783246607,Medium
5575,0,0.4650454216317637,46.504542163176374,Medium
5576,1,0.5120885443848295,51.20885443848295,Medium
5577,0,0.4892369103716482,48.923691037164815,Medium
5578,1,0.5218101443952476,52.181014439524766,Medium
5579,0,0.49423454356779184,49.42345435677918,Medium
5580,0,0.4930483937559976,49.30483937559976,Medium
5581,0,0.4999258659193666,49.99258659193666,Medium
5582,1,0.5307171614186912,53.07171614186912,Medium
5583,1,0.5220957433044457,52.209574330444575,Medium
5584,1,0.5589486092323339,55.894860923233395,Medium
5585,1,0.5306169937184821,53.06169937184821,Medium
5586,1,0.5133597708891332,51.33597708891332,Medium
5587,0,0.4679938571888261,46.79938571888261,Medium
5588,1,0.515063327820193,51.50633278201931,Medium
5589,1,0.5007119725509626,50.07119725509626,Medium
5590,0,0.4923682641684818,49.23682641684818,Medium
5591,1,0.5259474481937716,52.59474481937716,Medium
5592,0,0.4220374038881145,42.203740388811454,Medium
5593,0,0.495977173832635,49.5977173832635,Medium
5594,0,0.48356453538663935,48.356453538663935,Medium
5595,0,0.41897983051279825,41.89798305127982,Medium
5596,1,0.5160885407503493,51.60885407503493,Medium
5597,0,0.4831365424641225,48.313654246412256,Medium
5598,1,0.5543205331185649,55.432053311856485,Medium
5599,0,0.394688224578008,39.4688224578008,Medium
5600,0,0.49444810795530053,49.44481079553005,Medium
5601,0,0.4971064174000359,49.710641740003595,Medium
5602,0,0.46005040194191554,46.00504019419155,Medium
5603,1,0.5097700642004162,50.97700642004162,Medium
5604,1,0.515177328091137,51.5177328091137,Medium
5605,0,0.4818786066028937,48.187860660289374,Medium
5606,1,0.5045044519790457,50.45044519790457,Medium
5607,1,0.5176012321587493,51.760123215874934,Medium
5608,0,0.47943860668787536,47.943860668787536,Medium
5609,1,0.5055109826670546,50.551098266705466,Medium
5610,0,0.4802638159537602,48.02638159537602,Medium
5611,0,0.48420657553033536,48.420657553033536,Medium
5612,0,0.49210986404392815,49.21098640439281,Medium
5613,0,0.4930031035369684,49.300310353696844,Medium
5614,0,0.4938278695318116,49.38278695318116,Medium
5615,1,0.546933752771204,54.6933752771204,Medium
5616,0,0.491856256845601,49.1856256845601,Medium
5617,1,0.5285631646650552,52.85631646650552,Medium
5618,1,0.5019366462573422,50.19366462573422,Medium
5619,0,0.49130439557204186,49.130439557204184,Medium
5620,1,0.5470572233337181,54.70572233337181,Medium
5621,1,0.5006522663474507,50.06522663474507,Medium
5622,0,0.4778517129597591,47.78517129597591,Medium
5623,1,0.5297286517306494,52.972865173064946,Medium
5624,0,0.45457113689439704,45.4571136894397,Medium
5625,1,0.5319856182422121,53.198561824221215,Medium
5626,0,0.4765986495585055,47.65986495585055,Medium
5627,1,0.5453334865830799,54.533348658307986,Medium
5628,1,0.5121613655969439,51.21613655969439,Medium
5629,1,0.5138459331063712,51.384593310637115,Medium
5630,1,0.525731015559335,52.5731015559335,Medium
5631,0,0.49215122587100046,49.21512258710005,Medium
5632,0,0.4772844480382536,47.72844480382536,Medium
5633,0,0.4728959927867563,47.28959927867563,Medium
5634,1,0.5318711458426045,53.187114584260456,Medium
5635,0,0.49884599124236967,49.88459912423696,Medium
5636,0,0.4838901739398986,48.38901739398986,Medium
5637,1,0.5162607645485527,51.62607645485527,Medium
5638,1,0.5169683598584558,51.69683598584558,Medium
5639,1,0.5115420302493822,51.15420302493822,Medium
5640,1,0.5178395130671547,51.78395130671547,Medium
5641,0,0.49924590548117453,49.92459054811745,Medium
5642,0,0.4776472495714198,47.76472495714198,Medium
5643,1,0.51388354600442,51.388354600442,Medium
5644,0,0.47628039830305946,47.628039830305944,Medium
5645,1,0.5018858360385403,50.18858360385403,Medium
5646,1,0.5014407294638697,50.14407294638698,Medium
5647,0,0.4951100735232449,49.51100735232449,Medium
5648,1,0.5259111144903029,52.591111449030294,Medium
5649,1,0.5015208159643343,50.152081596433426,Medium
5650,0,0.47910985095198055,47.91098509519806,Medium
5651,1,0.5150811077153776,51.508110771537766,Medium
5652,1,0.5063342948286246,50.63342948286246,Medium
5653,0,0.4738627550157249,47.38627550157249,Medium
5654,0,0.47675260571563566,47.67526057156356,Medium
5655,1,0.5103743525329151,51.037435253291505,Medium
5656,1,0.5122971845842205,51.22971845842205,Medium
5657,0,0.49716610008316675,49.71661000831668,Medium
5658,1,0.5170559157127133,51.70559157127133,Medium
5659,0,0.4971486594114971,49.71486594114971,Medium
5660,1,0.5532822057915805,55.32822057915805,Medium
5661,1,0.5084868139072738,50.84868139072738,Medium
5662,0,0.49436673935022657,49.436673935022654,Medium
5663,0,0.47994182633329413,47.994182633329416,Medium
5664,1,0.5314604518186377,53.14604518186377,Medium
5665,1,0.5319380619509939,53.19380619509939,Medium
5666,1,0.5200478599277283,52.00478599277283,Medium
5667,1,0.5340908052058779,53.40908052058779,Medium
5668,0,0.48886696689890285,48.886696689890286,Medium
5669,0,0.4660992266559678,46.609922665596784,Medium
5670,0,0.47486927835037723,47.486927835037726,Medium
5671,1,0.516148102796499,51.6148102796499,Medium
5672,1,0.5281392947817574,52.81392947817574,Medium
5673,1,0.5175912180356742,51.75912180356742,Medium
5674,1,0.5135295250077933,51.352952500779324,Medium
5675,0,0.4822379500486499,48.22379500486499,Medium
5676,0,0.4896933685856115,48.96933685856115,Medium
5677,0,0.4040571362149819,40.405713621498194,Medium
5678,0,0.4863255947662025,48.63255947662025,Medium
5679,0,0.48571129593666795,48.5711295936668,Medium
5680,1,0.503524083170295,50.35240831702949,Medium
5681,1,0.5082430628870415,50.82430628870414,Medium
5682,1,0.526354489437147,52.6354489437147,Medium
5683,0,0.4050866031447722,40.50866031447722,Medium
5684,1,0.5187442290780033,51.87442290780033,Medium
5685,0,0.49577725125638916,49.57772512563891,Medium
5686,1,0.5444019068990403,54.440190689904036,Medium
5687,1,0.5582143046726605,55.821430467266055,Medium
5688,0,0.4878993906458414,48.78993906458414,Medium
5689,1,0.5304209736381228,53.04209736381228,Medium
5690,1,0.5475273371080951,54.75273371080951,Medium
5691,0,0.4717844007786137,47.178440077861374,Medium
5692,0,0.4792836348084375,47.92836348084375,Medium
5693,1,0.5131588774478884,51.31588774478884,Medium
5694,1,0.5325158314764153,53.25158314764153,Medium
5695,0,0.47857910412114957,47.857910412114954,Medium
5696,0,0.49399392961909455,49.399392961909456,Medium
5697,0,0.4532927816470138,45.32927816470138,Medium
5698,1,0.5014567139468736,50.14567139468736,Medium
5699,0,0.4966525861767725,49.665258617677246,Medium
5700,0,0.46087271223242526,46.087271223242524,Medium
5701,0,0.4663951046207355,46.63951046207355,Medium
5702,0,0.4961461386732126,49.61461386732126,Medium
5703,0,0.4789408633675604,47.89408633675604,Medium
5704,0,0.45562895563509354,45.56289556350935,Medium
5705,1,0.5175951160719074,51.759511607190746,Medium
5706,0,0.4985133097275172,49.85133097275172,Medium
5707,1,0.5134130260383537,51.34130260383537,Medium
5708,0,0.4614854072321883,46.14854072321883,Medium
5709,1,0.5066175643087623,50.661756430876224,Medium
5710,0,0.4976166201314893,49.76166201314893,Medium
5711,0,0.4797330569444219,47.97330569444219,Medium
5712,0,0.47301792373003343,47.301792373003344,Medium
5713,0,0.4809523319792409,48.095233197924095,Medium
5714,0,0.4792067851943957,47.92067851943957,Medium
5715,0,0.498647327174838,49.864732717483804,Medium
5716,1,0.5067927750199882,50.67927750199882,Medium
5717,1,0.5442742673345956,54.42742673345956,Medium
5718,1,0.501400032909962,50.140003290996205,Medium
5719,0,0.46298867822754525,46.298867822754524,Medium
5720,0,0.4849059285060314,48.49059285060314,Medium
5721,1,0.5154880140672892,51.54880140672892,Medium
5722,0,0.494139049367325,49.4139049367325,Medium
5723,1,0.5198481789035385,51.98481789035385,Medium
5724,0,0.47059120742923694,47.059120742923696,Medium
5725,1,0.5245669007744115,52.456690077441145,Medium
5726,1,0.5073620143147377,50.73620143147377,Medium
5727,1,0.5042393936261447,50.42393936261447,Medium
5728,1,0.5069322234182557,50.693222341825575,Medium
5729,1,0.5268143167738787,52.68143167738787,Medium
5730,1,0.5005058442945866,50.05058442945865,Medium
5731,1,0.5182037747936891,51.82037747936891,Medium
5732,1,0.5497058016432723,54.97058016432723,Medium
5733,1,0.5164949210112255,51.649492101122554,Medium
5734,0,0.48597272188616103,48.5972721886161,Medium
5735,1,0.5123940568811896,51.23940568811896,Medium
5736,0,0.4980267832442983,49.80267832442983,Medium
5737,1,0.5420975625654954,54.20975625654953,Medium
5738,1,0.5104653850212537,51.04653850212537,Medium
5739,0,0.4885834667102443,48.85834667102443,Medium
5740,0,0.48238732918757365,48.238732918757364,Medium
5741,0,0.47385296310631425,47.385296310631425,Medium
5742,1,0.5069124593297519,50.69124593297519,Medium
5743,1,0.5138841060195125,51.38841060195125,Medium
5744,1,0.5517757875343237,55.177578753432364,Medium
5745,0,0.48350565307813814,48.35056530781382,Medium
5746,0,0.4707162262623822,47.07162262623822,Medium
5747,1,0.5116598800882779,51.16598800882779,Medium
5748,0,0.4922302884204736,49.22302884204736,Medium
5749,1,0.5297917815537374,52.97917815537374,Medium
5750,0,0.48925446767922887,48.925446767922885,Medium
5751,1,0.5343071090173155,53.43071090173155,Medium
5752,1,0.5200468140812033,52.004681408120334,Medium
5753,0,0.46683588215615845,46.68358821561584,Medium
5754,0,0.47731460019727584,47.731460019727585,Medium
5755,1,0.540879708333076,54.087970833307594,Medium
5756,1,0.5105076112437986,51.05076112437986,Medium
5757,0,0.48442168642864275,48.442168642864274,Medium
5758,1,0.5061743835938107,50.617438359381076,Medium
5759,0,0.49853733799827604,49.8537337998276,Medium
5760,0,0.46204238603521675,46.204238603521674,Medium
5761,1,0.5195062191398669,51.950621913986694,Medium
5762,1,0.512966251398772,51.29662513987721,Medium
5763,1,0.5090423089302369,50.904230893023694,Medium
5764,0,0.453180566648333,45.3180566648333,Medium
5765,0,0.47878702472445045,47.87870247244504,Medium
5766,1,0.5177940285729166,51.77940285729166,Medium
5767,0,0.4814610225729438,48.14610225729438,Medium
5768,1,0.5155274156745708,51.55274156745708,Medium
5769,0,0.45548641728831146,45.54864172883114,Medium
5770,1,0.5055612079917499,50.556120799174984,Medium
5771,0,0.4793126788082834,47.93126788082834,Medium
5772,1,0.5261795028730595,52.617950287305945,Medium
5773,0,0.48915061947859495,48.91506194785949,Medium
5774,1,0.5009146315344516,50.09146315344516,Medium
5775,1,0.5127600928081539,51.276009280815394,Medium
5776,1,0.5053246259573774,50.53246259573774,Medium
5777,0,0.4928200783084089,49.28200783084089,Medium
5778,1,0.5010055915545465,50.10055915545465,Medium
5779,0,0.48857863900711923,48.857863900711926,Medium
5780,1,0.5223333990181638,52.23333990181638,Medium
5781,0,0.4997796689572086,49.97796689572086,Medium
5782,1,0.5053585455168409,50.53585455168409,Medium
5783,1,0.5293414065185075,52.93414065185075,Medium
5784,0,0.4727272413198666,47.27272413198666,Medium
5785,0,0.4835119344958352,48.35119344958352,Medium
5786,1,0.51904016542954,51.904016542954004,Medium
5787,0,0.4806978665124436,48.069786651244364,Medium
5788,1,0.5145982116483395,51.459821164833954,Medium
5789,0,0.48470638352749607,48.4706383527496,Medium
5790,1,0.5403816253526628,54.038162535266274,Medium
5791,0,0.49015299941361323,49.01529994136132,Medium
5792,1,0.5153369264140378,51.53369264140378,Medium
5793,0,0.4719734411523419,47.19734411523419,Medium
5794,1,0.5052659716238962,50.52659716238962,Medium
5795,1,0.5038095725271683,50.380957252716826,Medium
5796,1,0.5260655775950851,52.60655775950851,Medium
5797,0,0.4833886894268144,48.33886894268144,Medium
5798,1,0.5780248755652955,57.80248755652955,Medium
5799,1,0.5086144268298354,50.86144268298354,Medium
5800,1,0.500415340789461,50.04153407894611,Medium
5801,1,0.5058563743975313,50.58563743975313,Medium
5802,1,0.5137182586509078,51.371825865090784,Medium
5803,1,0.50614639844178,50.614639844178,Medium
5804,0,0.4752360445980145,47.52360445980145,Medium
5805,1,0.5344029652474842,53.44029652474842,Medium
5806,0,0.475898418818774,47.5898418818774,Medium
5807,1,0.5210440600951687,52.104406009516865,Medium
5808,1,0.5276492952630961,52.764929526309615,Medium
5809,0,0.4900652697749759,49.006526977497586,Medium
5810,1,0.523376934620441,52.3376934620441,Medium
5811,1,0.5132155790247409,51.32155790247409,Medium
5812,1,0.5252281797907533,52.522817979075334,Medium
5813,0,0.48668084424493224,48.66808442449322,Medium
5814,1,0.5035460593543217,50.354605935432176,Medium
5815,0,0.4981897527534054,49.818975275340534,Medium
5816,0,0.4882227711065001,48.822277110650006,Medium
5817,0,0.4671140814604992,46.71140814604992,Medium
5818,0,0.4971975891755436,49.71975891755436,Medium
5819,0,0.49783105430881613,49.78310543088161,Medium
5820,1,0.504290167958788,50.4290167958788,Medium
5821,0,0.4837414026246003,48.37414026246003,Medium
5822,0,0.460414173771041,46.041417377104096,Medium
5823,0,0.49165599755306066,49.16559975530607,Medium
5824,0,0.4609164359751528,46.09164359751528,Medium
5825,0,0.4983463376669542,49.83463376669542,Medium
5826,0,0.4860234779315922,48.60234779315922,Medium
5827,0,0.4745378523787103,47.45378523787103,Medium
5828,0,0.49174600734437673,49.174600734437675,Medium
5829,1,0.5315261352910615,53.152613529106155,Medium
5830,1,0.5122999129060908,51.22999129060908,Medium
5831,1,0.5172231311878303,51.72231311878303,Medium
5832,0,0.4499118126990887,44.99118126990887,Medium
5833,0,0.4898999531369241,48.98999531369241,Medium
5834,0,0.48716018648992054,48.716018648992055,Medium
5835,0,0.48930823579606375,48.930823579606376,Medium
5836,0,0.4899918194939817,48.99918194939817,Medium
5837,1,0.543275986724718,54.3275986724718,Medium
5838,1,0.5057416981258978,50.57416981258977,Medium
5839,0,0.47910024828126485,47.91002482812649,Medium
5840,0,0.4676150303901893,46.76150303901893,Medium
5841,0,0.49203585354233964,49.203585354233965,Medium
5842,1,0.5196894973741093,51.96894973741093,Medium
5843,0,0.46144891570351704,46.1448915703517,Medium
5844,0,0.4998034164269313,49.98034164269313,Medium
5845,0,0.47173281619273894,47.173281619273894,Medium
5846,0,0.49362978849946015,49.36297884994602,Medium
5847,1,0.5305075249873401,53.05075249873401,Medium
5848,1,0.5008475087150127,50.08475087150127,Medium
5849,0,0.46872552069983,46.872552069983,Medium
5850,0,0.4864856251111928,48.64856251111928,Medium
5851,0,0.4183943397100359,41.839433971003594,Medium
5852,1,0.522836399262962,52.283639926296196,Medium
5853,0,0.49030442557697823,49.030442557697825,Medium
5854,0,0.44356301576727136,44.356301576727134,Medium
5855,1,0.5193231732887955,51.93231732887955,Medium
5856,0,0.4610990949593592,46.109909495935916,Medium
5857,0,0.4934204537006493,49.34204537006493,Medium
5858,1,0.5136775567826395,51.36775567826395,Medium
5859,0,0.48800208194917943,48.80020819491794,Medium
5860,1,0.512932836509197,51.2932836509197,Medium
5861,0,0.46924837532504604,46.924837532504604,Medium
5862,0,0.4801669021988284,48.01669021988284,Medium
5863,0,0.4935222131924128,49.35222131924128,Medium
5864,1,0.5310014145571764,53.10014145571764,Medium
5865,0,0.4528195905953044,45.28195905953044,Medium
5866,0,0.4968663278922283,49.68663278922283,Medium
5867,1,0.5042358059729707,50.42358059729707,Medium
5868,0,0.49907607120849085,49.907607120849086,Medium
5869,1,0.5208813428391998,52.088134283919985,Medium
5870,1,0.5218688411678012,52.18688411678012,Medium
5871,1,0.5016858859741591,50.168588597415905,Medium
5872,1,0.5236031128325466,52.36031128325466,Medium
5873,1,0.5038883732458157,50.38883732458157,Medium
5874,1,0.5593095659912016,55.930956599120165,Medium
5875,1,0.5068478213293296,50.68478213293296,Medium
5876,1,0.5119807342501869,51.198073425018684,Medium
5877,0,0.4888967417879454,48.88967417879454,Medium
5878,0,0.47630779646647514,47.63077964664751,Medium
5879,1,0.504192737202314,50.419273720231395,Medium
5880,1,0.512925512509299,51.2925512509299,Medium
5881,1,0.5019402212872703,50.194022128727035,Medium
5882,1,0.501849042773125,50.184904277312505,Medium
5883,0,0.48003761113859283,48.003761113859284,Medium
5884,0,0.4822666086357686,48.22666086357686,Medium
5885,0,0.48254072153875327,48.25407215387533,Medium
5886,1,0.5234637025783576,52.34637025783576,Medium
5887,1,0.5454194219443989,54.54194219443988,Medium
5888,0,0.48172964817872643,48.172964817872646,Medium
5889,1,0.5164055844970911,51.640558449709104,Medium
5890,1,0.5151523181882054,51.51523181882054,Medium
5891,0,0.4199233269952114,41.99233269952114,Medium
5892,0,0.49317110812545156,49.31711081254516,Medium
5893,0,0.473351603470228,47.3351603470228,Medium
5894,0,0.45375386162728837,45.37538616272884,Medium
5895,1,0.531546227820702,53.154622782070206,Medium
5896,0,0.4837870726134266,48.37870726134266,Medium
5897,0,0.4885474245672058,48.85474245672058,Medium
5898,1,0.5156019296505568,51.560192965055684,Medium
5899,0,0.47293088461654914,47.29308846165491,Medium
5900,0,0.4662354382089906,46.62354382089906,Medium
5901,0,0.44886690412339597,44.8866904123396,Medium
5902,0,0.4896914697733519,48.969146977335186,Medium
5903,0,0.47480695599087375,47.480695599087376,Medium
5904,1,0.509804543233949,50.980454323394895,Medium
5905,1,0.5360256042235505,53.60256042235505,Medium
5906,1,0.5016480535344229,50.16480535344229,Medium
5907,1,0.5145492440787556,51.45492440787556,Medium
5908,0,0.43087320628168785,43.08732062816878,Medium
5909,0,0.4971109796132795,49.71109796132795,Medium
5910,0,0.48898888112020217,48.89888811202022,Medium
5911,1,0.5019006059344514,50.19006059344514,Medium
5912,0,0.4675560219823233,46.75560219823233,Medium
5913,1,0.5105838253225803,51.05838253225803,Medium
5914,1,0.5200844910929244,52.00844910929244,Medium
5915,1,0.5085200006525313,50.85200006525314,Medium
5916,0,0.47573603057008634,47.57360305700863,Medium
5917,0,0.4792569659245314,47.925696592453136,Medium
5918,0,0.48355788686567774,48.35578868656778,Medium
5919,0,0.49042795605424594,49.042795605424594,Medium
5920,1,0.5123886180208124,51.23886180208124,Medium
5921,0,0.4641224767281375,46.41224767281375,Medium
5922,0,0.4990338550436088,49.903385504360884,Medium
5923,1,0.5283528209481829,52.83528209481829,Medium
5924,1,0.5226001144790686,52.26001144790686,Medium
5925,0,0.4877053179227163,48.77053179227163,Medium
5926,0,0.4241253711104792,42.41253711104792,Medium
5927,0,0.4737932528263719,47.37932528263719,Medium
5928,1,0.5109304297301345,51.093042973013446,Medium
5929,0,0.4930913312924854,49.309133129248536,Medium
5930,0,0.4931815690064613,49.31815690064613,Medium
5931,0,0.4839806131694612,48.39806131694612,Medium
5932,1,0.5277215677921128,52.77215677921128,Medium
5933,0,0.4965595225378511,49.65595225378511,Medium
5934,0,0.4720471162807378,47.20471162807378,Medium
5935,0,0.48620932811896045,48.62093281189605,Medium
5936,1,0.53195648150589,53.195648150589,Medium
5937,1,0.5018551476518531,50.18551476518531,Medium
5938,1,0.5043509179487152,50.435091794871525,Medium
5939,1,0.504995063475751,50.49950634757509,Medium
5940,1,0.535270461471448,53.527046147144794,Medium
5941,0,0.4847560655841406,48.47560655841406,Medium
5942,1,0.5076883315402818,50.76883315402818,Medium
5943,1,0.5107426593203972,51.07426593203972,Medium
5944,0,0.49718993880186496,49.718993880186495,Medium
5945,1,0.5262468444951613,52.62468444951614,Medium
5946,1,0.5028706445964191,50.287064459641904,Medium
5947,1,0.5030812167294489,50.30812167294489,Medium
5948,1,0.5302530295311654,53.02530295311654,Medium
5949,1,0.5183745560957672,51.83745560957672,Medium
5950,1,0.5226566895646297,52.265668956462974,Medium
5951,1,0.5385143881004288,53.851438810042886,Medium
5952,1,0.5104677367210992,51.04677367210992,Medium
5953,1,0.5027104751514592,50.271047515145916,Medium
5954,1,0.5102119733425099,51.02119733425099,Medium
5955,1,0.5305930797892345,53.05930797892346,Medium
5956,0,0.4287913450237227,42.87913450237227,Medium
5957,1,0.5190464263208918,51.90464263208918,Medium
5958,0,0.47803277780346476,47.80327778034648,Medium
5959,0,0.49169219344376985,49.169219344376984,Medium
5960,1,0.5137935382601343,51.37935382601343,Medium
5961,0,0.48630563200026267,48.630563200026266,Medium
5962,0,0.4220282050093699,42.20282050093699,Medium
5963,1,0.5219603685362836,52.19603685362836,Medium
5964,1,0.5070293126817442,50.702931268174424,Medium
5965,1,0.5091427299751208,50.91427299751208,Medium
5966,0,0.4918611140059834,49.18611140059834,Medium
5967,1,0.5253762925410586,52.53762925410585,Medium
5968,1,0.5162149726923527,51.62149726923527,Medium
5969,0,0.490529419379175,49.0529419379175,Medium
5970,1,0.5087715699892634,50.877156998926345,Medium
5971,0,0.4908895329243725,49.088953292437246,Medium
5972,0,0.4944441782016398,49.44441782016398,Medium
5973,1,0.5162904978688303,51.62904978688303,Medium
5974,0,0.49768404000439465,49.76840400043947,Medium
5975,0,0.471779640584131,47.1779640584131,Medium
5976,0,0.4752866400917223,47.528664009172225,Medium
5977,1,0.5240700244711431,52.407002447114316,Medium
5978,1,0.5042488982925915,50.42488982925914,Medium
5979,0,0.4727213404216306,47.27213404216306,Medium
5980,1,0.5149365025823148,51.49365025823148,Medium
5981,0,0.47413740856118786,47.413740856118785,Medium
5982,1,0.519232078579368,51.9232078579368,Medium
5983,1,0.5105787864611363,51.05787864611363,Medium
5984,0,0.4735218627413025,47.35218627413025,Medium
5985,1,0.5185488144984781,51.85488144984781,Medium
5986,1,0.501964885794068,50.1964885794068,Medium
5987,1,0.5278951919516209,52.78951919516209,Medium
5988,0,0.4856531743463986,48.56531743463986,Medium
5989,0,0.4893182711636423,48.93182711636423,Medium
5990,1,0.5637539754026192,56.375397540261915,Medium
5991,1,0.5055876049292942,50.55876049292942,Medium
5992,0,0.48730056431641944,48.73005643164194,Medium
5993,0,0.4722961032972872,47.22961032972872,Medium
5994,1,0.5236117903623588,52.36117903623588,Medium
5995,0,0.48194655459575175,48.19465545957517,Medium
5996,0,0.48253454577685284,48.25345457768528,Medium
5997,0,0.4990144665529204,49.90144665529204,Medium
5998,1,0.5075092190515257,50.750921905152566,Medium
5999,1,0.538246541716561,53.82465417165611,Medium
6000,1,0.5580230007811405,55.80230007811405,Medium
6001,1,0.5280104739100798,52.801047391007984,Medium
6002,0,0.48503531084904333,48.50353108490433,Medium
6003,1,0.5104147058663341,51.04147058663341,Medium
6004,1,0.5238821729645494,52.38821729645494,Medium
6005,0,0.4736038690835532,47.360386908355316,Medium
6006,1,0.5062966131962847,50.62966131962847,Medium
6007,0,0.4950544529152374,49.50544529152374,Medium
6008,1,0.5110155114578726,51.10155114578726,Medium
6009,1,0.5260017242985854,52.60017242985854,Medium
6010,0,0.48048907386922607,48.04890738692261,Medium
6011,0,0.48392458030568836,48.39245803056883,Medium
6012,0,0.4991567111622628,49.91567111622628,Medium
6013,1,0.5018351586507118,50.18351586507118,Medium
6014,0,0.47381333211100696,47.381333211100696,Medium
6015,1,0.5290705071478335,52.90705071478335,Medium
6016,1,0.5163897217594395,51.638972175943955,Medium
6017,0,0.4926224979021118,49.26224979021118,Medium
6018,0,0.48825321031272073,48.825321031272075,Medium
6019,0,0.4783702196252823,47.83702196252823,Medium
6020,0,0.49055923244354804,49.0559232443548,Medium
6021,1,0.5204813828351276,52.048138283512756,Medium
6022,1,0.5100394144741847,51.00394144741847,Medium
6023,1,0.5272890053689313,52.72890053689313,Medium
6024,0,0.49423995491429706,49.42399549142971,Medium
6025,0,0.46672502538209293,46.672502538209294,Medium
6026,0,0.4658779827703313,46.58779827703313,Medium
6027,1,0.5338767478221507,53.387674782215065,Medium
6028,0,0.48683658824790177,48.68365882479018,Medium
6029,0,0.41512746113706084,41.512746113706086,Medium
6030,0,0.48573291084632425,48.57329108463242,Medium
6031,0,0.4834833457233516,48.34833457233516,Medium
6032,0,0.4890606481296392,48.90606481296392,Medium
6033,1,0.5070887466730057,50.70887466730058,Medium
6034,0,0.4937428959556846,49.37428959556846,Medium
6035,0,0.4587507402890566,45.87507402890566,Medium
6036,0,0.49368422529553396,49.3684225295534,Medium
6037,0,0.491191483062166,49.1191483062166,Medium
6038,0,0.49612278955311534,49.61227895531153,Medium
6039,1,0.5554038798304127,55.54038798304127,Medium
6040,0,0.4831368814903437,48.31368814903437,Medium
6041,1,0.5033630516159112,50.33630516159112,Medium
6042,1,0.5239916596322093,52.39916596322093,Medium
6043,1,0.5261271706554668,52.612717065546676,Medium
6044,0,0.4137200282605093,41.37200282605093,Medium
6045,0,0.4986561446698727,49.86561446698727,Medium
6046,1,0.5059312005758388,50.59312005758388,Medium
6047,1,0.5085574587502564,50.85574587502564,Medium
6048,1,0.5035160164932286,50.351601649322866,Medium
6049,1,0.5073307947409103,50.73307947409103,Medium
6050,0,0.4904039281940577,49.04039281940577,Medium
6051,0,0.47869013951013684,47.869013951013685,Medium
6052,1,0.5432050182421464,54.32050182421464,Medium
6053,1,0.5215780434317209,52.15780434317209,Medium
6054,0,0.498885853653811,49.8885853653811,Medium
6055,0,0.4895251542236662,48.95251542236662,Medium
6056,1,0.5252944806607467,52.52944806607467,Medium
6057,0,0.4963923263478488,49.63923263478488,Medium
6058,0,0.4991817740443069,49.91817740443069,Medium
6059,0,0.4848996978481547,48.489969784815464,Medium
6060,0,0.4993499231927019,49.93499231927019,Medium
6061,1,0.5008706300600381,50.08706300600381,Medium
6062,1,0.501436727161279,50.143672716127895,Medium
6063,1,0.5017769691246851,50.177696912468505,Medium
6064,0,0.4741050210668334,47.41050210668334,Medium
6065,1,0.5090326801696747,50.90326801696747,Medium
6066,0,0.49679681123438135,49.67968112343814,Medium
6067,0,0.4910341427242786,49.103414272427855,Medium
6068,0,0.4929101324337755,49.29101324337755,Medium
6069,0,0.4122026234111736,41.22026234111736,Medium
6070,0,0.4888269845885593,48.88269845885593,Medium
6071,0,0.46594692392691467,46.594692392691464,Medium
6072,1,0.5002865270425121,50.02865270425121,Medium
6073,0,0.4955220298136021,49.55220298136021,Medium
6074,1,0.5432206938363461,54.322069383634606,Medium
6075,1,0.5031556766881338,50.31556766881338,Medium
6076,1,0.5035016202398639,50.350162023986385,Medium
6077,0,0.49198287423260134,49.19828742326013,Medium
6078,1,0.5033887668119423,50.338876681194236,Medium
6079,0,0.48956940003636634,48.95694000363663,Medium
6080,1,0.5202796693925057,52.02796693925057,Medium
6081,0,0.498954536646688,49.8954536646688,Medium
6082,0,0.47776858587728127,47.77685858772813,Medium
6083,0,0.4609724544032602,46.09724544032602,Medium
6084,1,0.501736285959293,50.1736285959293,Medium
6085,0,0.47561644466997355,47.56164446699736,Medium
6086,1,0.5196847982736257,51.96847982736257,Medium
6087,1,0.5038814170275173,50.38814170275173,Medium
6088,1,0.513089602403116,51.3089602403116,Medium
6089,0,0.4355820590308649,43.55820590308649,Medium
6090,1,0.5071738167147116,50.71738167147116,Medium
6091,1,0.5085246263873396,50.85246263873396,Medium
6092,1,0.5065045888683954,50.650458886839544,Medium
6093,0,0.4826706906578165,48.26706906578165,Medium
6094,1,0.5046816982550945,50.46816982550945,Medium
6095,0,0.48357484518792,48.357484518792,Medium
6096,0,0.45497132828776016,45.49713282877602,Medium
6097,0,0.49501197308761136,49.501197308761135,Medium
6098,1,0.5339329300333112,53.393293003331124,Medium
6099,1,0.5418408996454243,54.18408996454242,Medium
6100,0,0.4820143719446157,48.20143719446157,Medium
6101,0,0.470757716591546,47.075771659154604,Medium
6102,0,0.49096584437912866,49.09658443791287,Medium
6103,1,0.5058158416543563,50.581584165435636,Medium
6104,1,0.5297960199357604,52.97960199357604,Medium
6105,1,0.5202820219178094,52.028202191780935,Medium
6106,0,0.48499278313734,48.499278313734,Medium
6107,0,0.4928442901164784,49.28442901164784,Medium
6108,0,0.4880021839023414,48.80021839023414,Medium
6109,1,0.5221769722188903,52.217697221889026,Medium
6110,1,0.5271636027179446,52.71636027179446,Medium
6111,1,0.5112577815109886,51.12577815109886,Medium
6112,0,0.45868381718325596,45.868381718325594,Medium
6113,0,0.49591382375200177,49.591382375200176,Medium
6114,0,0.4808054536855676,48.08054536855676,Medium
6115,1,0.5341977803554205,53.41977803554205,Medium
6116,0,0.49076987962930946,49.07698796293094,Medium
6117,1,0.5044507386120165,50.44507386120165,Medium
6118,0,0.4930402464518824,49.304024645188235,Medium
6119,1,0.5138934857804663,51.389348578046636,Medium
6120,1,0.5142183489104791,51.421834891047915,Medium
6121,0,0.4973196868797306,49.73196868797306,Medium
6122,1,0.5331598262606781,53.315982626067814,Medium
6123,0,0.4971045786222986,49.71045786222986,Medium
6124,0,0.49946110670573357,49.946110670573354,Medium
6125,0,0.4339562375807045,43.39562375807045,Medium
6126,0,0.4451760114114852,44.517601141148525,Medium
6127,1,0.5364012344739063,53.64012344739063,Medium
6128,1,0.5147016479755055,51.47016479755055,Medium
6129,0,0.4860675020148376,48.60675020148376,Medium
6130,1,0.5354089227571415,53.54089227571415,Medium
6131,1,0.5208649795971323,52.08649795971323,Medium
6132,0,0.498284582116176,49.8284582116176,Medium
6133,1,0.5349193325026382,53.49193325026383,Medium
6134,0,0.42476910184271455,42.47691018427145,Medium
6135,1,0.5552754584480157,55.52754584480157,Medium
6136,1,0.5067269190222491,50.67269190222491,Medium
6137,0,0.4608624029266746,46.086240292667455,Medium
6138,1,0.502884544299169,50.2884544299169,Medium
6139,1,0.5064590194794009,50.64590194794009,Medium
6140,0,0.49088203233495226,49.08820323349523,Medium
6141,0,0.47033987849565495,47.03398784956549,Medium
6142,0,0.46469006301966875,46.46900630196688,Medium
6143,1,0.5250647926115469,52.506479261154695,Medium
6144,0,0.4578845454325156,45.78845454325156,Medium
6145,1,0.5108068761123217,51.080687611232165,Medium
6146,1,0.5352617295768496,53.526172957684956,Medium
6147,1,0.50183201897331,50.183201897330996,Medium
6148,0,0.4886755392032943,48.867553920329435,Medium
6149,1,0.5113736736853354,51.13736736853354,Medium
6150,0,0.4882481705736958,48.82481705736958,Medium
6151,0,0.4834875719697036,48.34875719697036,Medium
6152,0,0.49577704884021545,49.57770488402154,Medium
6153,0,0.4729740587777566,47.29740587777566,Medium
6154,0,0.4928085695849664,49.280856958496635,Medium
6155,0,0.4922222001879705,49.22222001879705,Medium
6156,1,0.5157040407469617,51.57040407469617,Medium
6157,0,0.4960755649917527,49.60755649917527,Medium
6158,1,0.5045133561303913,50.45133561303913,Medium
6159,0,0.48601628871193,48.601628871193,Medium
6160,0,0.48147323958574495,48.147323958574496,Medium
6161,1,0.5082079840878835,50.82079840878835,Medium
6162,1,0.500161294105039,50.01612941050389,Medium
6163,0,0.49392867425214265,49.39286742521426,Medium
6164,1,0.5193257544351605,51.93257544351605,Medium
6165,1,0.5001175225473391,50.011752254733906,Medium
6166,1,0.5031764197919574,50.317641979195734,Medium
6167,0,0.47770793309348436,47.770793309348434,Medium
6168,1,0.511877108881506,51.1877108881506,Medium
6169,1,0.5284483705961203,52.844837059612026,Medium
6170,0,0.47147345761224857,47.147345761224855,Medium
6171,1,0.517983314467778,51.7983314467778,Medium
6172,0,0.48419447257249404,48.4194472572494,Medium
6173,0,0.47967166871174555,47.967166871174555,Medium
6174,1,0.5148800679342681,51.48800679342681,Medium
6175,1,0.5023798891590375,50.237988915903756,Medium
6176,0,0.4809393905852976,48.09393905852976,Medium
6177,1,0.5299763893766207,52.997638937662074,Medium
6178,0,0.44152753804418693,44.152753804418694,Medium
6179,0,0.4933174691690872,49.33174691690872,Medium
6180,1,0.5142904511546452,51.429045115464525,Medium
6181,1,0.5006790595140276,50.06790595140276,Medium
6182,0,0.49365685252241476,49.36568525224148,Medium
6183,0,0.4572779518046296,45.72779518046296,Medium
6184,1,0.5144597320525399,51.44597320525399,Medium
6185,1,0.5045413648933295,50.454136489332946,Medium
6186,1,0.5224169994789335,52.24169994789335,Medium
6187,0,0.4953991150374454,49.53991150374454,Medium
6188,0,0.4463994228534371,44.63994228534371,Medium
6189,0,0.4934926757099138,49.34926757099138,Medium
6190,1,0.5002285730721179,50.02285730721179,Medium
6191,1,0.5162928764101335,51.629287641013356,Medium
6192,0,0.4747880575562421,47.47880575562421,Medium
6193,1,0.5035805825422713,50.35805825422713,Medium
6194,0,0.4415255948455356,44.152559484553564,Medium
6195,0,0.48123126878471834,48.12312687847184,Medium
6196,0,0.46779369784605873,46.779369784605876,Medium
6197,1,0.5189795272486635,51.89795272486635,Medium
6198,1,0.5032448559597994,50.32448559597994,Medium
6199,1,0.5170302971094926,51.70302971094925,Medium
6200,0,0.4965737604109173,49.65737604109173,Medium
6201,0,0.4349635687540795,43.49635687540795,Medium
6202,0,0.4879708817012815,48.79708817012815,Medium
6203,1,0.5392831993666665,53.92831993666665,Medium
6204,0,0.4872772359097027,48.72772359097027,Medium
6205,0,0.48724061883854464,48.72406188385446,Medium
6206,1,0.5378082465654864,53.780824656548646,Medium
6207,0,0.4636770995713267,46.36770995713267,Medium
6208,1,0.5031616335934367,50.31616335934367,Medium
6209,0,0.4833198714164697,48.33198714164697,Medium
6210,0,0.46362411116916863,46.36241111691686,Medium
6211,0,0.45137521780163625,45.137521780163624,Medium
6212,0,0.47120423100020564,47.12042310002057,Medium
6213,1,0.5029795026592236,50.29795026592237,Medium
6214,0,0.48705012449073976,48.705012449073976,Medium
6215,0,0.48624664612023216,48.62466461202322,Medium
6216,0,0.45760687816965856,45.760687816965856,Medium
6217,0,0.4943011098644012,49.43011098644012,Medium
6218,1,0.5120342147659537,51.203421476595366,Medium
6219,0,0.489745929455279,48.9745929455279,Medium
6220,0,0.49734935032111455,49.73493503211145,Medium
6221,1,0.5003681806759749,50.03681806759749,Medium
6222,0,0.49171364156620867,49.17136415662087,Medium
6223,0,0.4986099766623507,49.86099766623507,Medium
6224,1,0.5009488647841381,50.09488647841381,Medium
6225,1,0.507475309010128,50.74753090101281,Medium
6226,1,0.5220405446076092,52.204054460760915,Medium
6227,1,0.503942483041794,50.3942483041794,Medium
6228,0,0.4711879868387433,47.11879868387433,Medium
6229,0,0.49072951742396037,49.072951742396036,Medium
6230,1,0.5573528041545796,55.73528041545796,Medium
6231,0,0.4477702475472686,44.77702475472686,Medium
6232,1,0.5442878174430391,54.42878174430391,Medium
6233,1,0.5419266721259284,54.19266721259284,Medium
6234,0,0.49979491294496964,49.97949129449697,Medium
6235,0,0.4945086166645857,49.450861666458565,Medium
6236,1,0.5259916021938632,52.59916021938632,Medium
6237,1,0.5009541830528893,50.09541830528893,Medium
6238,1,0.503471510146567,50.3471510146567,Medium
6239,0,0.4413193165701408,44.13193165701408,Medium
6240,1,0.5122219780693176,51.22219780693176,Medium
6241,1,0.518623976742168,51.8623976742168,Medium
6242,1,0.5041882209453313,50.418822094533134,Medium
6243,1,0.5207413704715244,52.07413704715243,Medium
6244,1,0.5490493639398274,54.90493639398274,Medium
6245,0,0.4746266572403118,47.462665724031176,Medium
6246,1,0.5484536090417027,54.84536090417027,Medium
6247,0,0.4856054557338296,48.56054557338296,Medium
6248,0,0.4865874141213573,48.65874141213573,Medium
6249,0,0.4932480045578667,49.32480045578667,Medium
6250,1,0.5255752813193729,52.55752813193729,Medium
6251,1,0.5260725631815765,52.607256318157646,Medium
6252,1,0.5083545222927566,50.83545222927566,Medium
6253,0,0.4916339154806316,49.16339154806316,Medium
6254,1,0.5338866164280536,53.38866164280536,Medium
6255,0,0.4815949376265655,48.15949376265655,Medium
6256,1,0.5061064450731939,50.61064450731939,Medium
6257,0,0.4985596787828902,49.85596787828902,Medium
6258,0,0.48977652259914045,48.977652259914045,Medium
6259,0,0.49622836474650633,49.62283647465063,Medium
6260,1,0.5509534958180733,55.095349581807326,Medium
6261,1,0.5431204779564008,54.31204779564008,Medium
6262,0,0.4986656502664176,49.866565026641766,Medium
6263,0,0.49144160738171777,49.14416073817178,Medium
6264,0,0.4988183226374472,49.88183226374472,Medium
6265,1,0.5234639625140951,52.34639625140951,Medium
6266,0,0.4779870741481578,47.79870741481578,Medium
6267,0,0.47701866153717304,47.701866153717305,Medium
6268,1,0.512113789541159,51.21137895411591,Medium
6269,1,0.5149050772154531,51.490507721545306,Medium
6270,1,0.5174234906008979,51.742349060089786,Medium
6271,1,0.5178984311723741,51.78984311723741,Medium
6272,0,0.4986372398155479,49.86372398155479,Medium
6273,0,0.49626460866779887,49.62646086677989,Medium
6274,0,0.49970412094741995,49.970412094741995,Medium
6275,1,0.521256651777148,52.125665177714794,Medium
6276,1,0.5229395222160331,52.29395222160331,Medium
6277,0,0.49297682105868373,49.297682105868375,Medium
6278,1,0.5461793600680216,54.61793600680216,Medium
6279,0,0.47581342292647133,47.581342292647136,Medium
6280,0,0.48627075450202,48.627075450202,Medium
6281,1,0.5037504172438662,50.37504172438661,Medium
6282,0,0.4644262234109266,46.44262234109266,Medium
6283,1,0.5108614275188124,51.08614275188123,Medium
6284,1,0.5158203311461375,51.58203311461374,Medium
6285,0,0.4793750415883972,47.93750415883972,Medium
6286,1,0.5017769341715649,50.17769341715649,Medium
6287,1,0.508437990712721,50.8437990712721,Medium
6288,1,0.5233326732837216,52.33326732837216,Medium
6289,0,0.47644315235840684,47.644315235840686,Medium
6290,0,0.49982259182664657,49.982259182664656,Medium
6291,0,0.46065964350829425,46.065964350829425,Medium
6292,0,0.4984421086118696,49.84421086118696,Medium
6293,1,0.50588428201426,50.588428201426,Medium
6294,1,0.5050252720324456,50.50252720324456,Medium
6295,0,0.4717155724320998,47.171557243209975,Medium
6296,1,0.5089454441360456,50.89454441360456,Medium
6297,1,0.5025761523574431,50.25761523574431,Medium
6298,1,0.5024146717256408,50.24146717256408,Medium
6299,1,0.5071768667664788,50.71768667664788,Medium
6300,1,0.5266271883952701,52.66271883952701,Medium
6301,0,0.4944382551725296,49.44382551725296,Medium
6302,0,0.4627355494082308,46.27355494082308,Medium
6303,1,0.5339817483891152,53.398174838911515,Medium
6304,1,0.5267501535411143,52.67501535411143,Medium
6305,0,0.4756626354799201,47.56626354799201,Medium
6306,1,0.5102002887116057,51.02002887116057,Medium
6307,1,0.503878739060614,50.3878739060614,Medium
6308,0,0.4855486778624732,48.55486778624732,Medium
6309,0,0.491573433959767,49.157343395976696,Medium
6310,1,0.5125795103674243,51.25795103674243,Medium
6311,0,0.4851545091000151,48.51545091000151,Medium
6312,1,0.5289632247154438,52.89632247154438,Medium
6313,0,0.4711129799992602,47.11129799992602,Medium
6314,1,0.5180617534435961,51.80617534435961,Medium
6315,0,0.48835297526128707,48.835297526128706,Medium
6316,1,0.5106971419107516,51.06971419107516,Medium
6317,0,0.4939950168393299,49.39950168393299,Medium
6318,0,0.4627103476200372,46.27103476200372,Medium
6319,0,0.4831131332087489,48.31131332087489,Medium
6320,1,0.5608350656635112,56.08350656635112,Medium
6321,0,0.49448859067454604,49.448859067454606,Medium
6322,1,0.541355339382882,54.135533938288205,Medium
6323,1,0.5393443948600768,53.934439486007676,Medium
6324,0,0.4607091226793432,46.070912267934325,Medium
6325,0,0.4725449132197345,47.254491321973454,Medium
6326,0,0.48283950610695725,48.283950610695726,Medium
6327,1,0.5138658925065253,51.38658925065253,Medium
6328,1,0.5295532704097828,52.95532704097828,Medium
6329,0,0.494337296486595,49.4337296486595,Medium
6330,0,0.4763963276242815,47.63963276242815,Medium
6331,0,0.48550657012246934,48.55065701224694,Medium
6332,1,0.5314284000440028,53.142840004400284,Medium
6333,0,0.4978915020527583,49.78915020527583,Medium
6334,1,0.5628917981845369,56.2891798184537,Medium
6335,1,0.5081328407021113,50.813284070211125,Medium
6336,1,0.5143035553530682,51.430355535306816,Medium
6337,1,0.5018991722458761,50.18991722458761,Medium
6338,0,0.47124976470207774,47.12497647020778,Medium
6339,1,0.5191155974511366,51.91155974511366,Medium
6340,0,0.47683586482988527,47.683586482988524,Medium
6341,0,0.47496725462758915,47.49672546275892,Medium
6342,1,0.5006268863122441,50.062688631224404,Medium
6343,0,0.43016649003994806,43.01664900399481,Medium
6344,1,0.5057571029076099,50.57571029076099,Medium
6345,0,0.4842917866429699,48.42917866429699,Medium
6346,1,0.5230862614495437,52.308626144954374,Medium
6347,0,0.46905476543852326,46.90547654385232,Medium
6348,1,0.5224154634506926,52.24154634506925,Medium
6349,1,0.519948057904253,51.9948057904253,Medium
6350,1,0.5194090127491877,51.94090127491877,Medium
6351,1,0.5018702050886132,50.18702050886132,Medium
6352,0,0.48890461064518936,48.89046106451894,Medium
6353,0,0.46826668215914247,46.826668215914246,Medium
6354,0,0.4980670250887123,49.80670250887123,Medium
6355,1,0.507892250358649,50.7892250358649,Medium
6356,1,0.5013204272362691,50.13204272362691,Medium
6357,1,0.5059348305514008,50.59348305514008,Medium
6358,0,0.4820497337673404,48.20497337673404,Medium
6359,1,0.5863911068947042,58.63911068947042,Medium
6360,0,0.48019842855885286,48.01984285588529,Medium
6361,1,0.5148895476249911,51.488954762499105,Medium
6362,0,0.49228509079733657,49.228509079733655,Medium
6363,0,0.48890225970595097,48.8902259705951,Medium
6364,1,0.5017781676546949,50.17781676546949,Medium
6365,1,0.5042814554436756,50.42814554436757,Medium
6366,1,0.5002920860340428,50.029208603404285,Medium
6367,0,0.46033525146238025,46.03352514623803,Medium
6368,0,0.49915334502466707,49.915334502466706,Medium
6369,0,0.490560327120424,49.0560327120424,Medium
6370,0,0.498170370690259,49.8170370690259,Medium
6371,0,0.49330821706976896,49.3308217069769,Medium
6372,1,0.5049400816090575,50.49400816090574,Medium
6373,1,0.5229881326757967,52.29881326757967,Medium
6374,1,0.5379447745635171,53.79447745635171,Medium
6375,1,0.5208018340365913,52.08018340365913,Medium
6376,1,0.509069057734873,50.906905773487296,Medium
6377,0,0.49907705944319836,49.90770594431984,Medium
6378,0,0.4735360564535475,47.353605645354754,Medium
6379,0,0.496159229159565,49.6159229159565,Medium
6380,0,0.4903192090282837,49.03192090282837,Medium
6381,1,0.5122386632465836,51.22386632465836,Medium
6382,0,0.49420272896515505,49.420272896515506,Medium
6383,0,0.49360719452148083,49.36071945214808,Medium
6384,1,0.519245447765339,51.9245447765339,Medium
6385,0,0.4827523986969019,48.27523986969019,Medium
6386,0,0.49597822719750223,49.597822719750226,Medium
6387,0,0.4839137955816949,48.39137955816949,Medium
6388,0,0.4936704164363231,49.36704164363231,Medium
6389,1,0.5035782650153995,50.35782650153995,Medium
6390,0,0.44387267391477125,44.387267391477124,Medium
6391,0,0.4961104949301971,49.611049493019706,Medium
6392,1,0.504421723459338,50.4421723459338,Medium
6393,0,0.4793158977608669,47.93158977608669,Medium
6394,0,0.3932432729812454,39.32432729812454,Medium
6395,0,0.47594989141674116,47.59498914167411,Medium
6396,1,0.5145532211803218,51.45532211803218,Medium
6397,0,0.486847122106867,48.6847122106867,Medium
6398,1,0.5108401089389947,51.08401089389947,Medium
6399,1,0.5013056315598075,50.130563155980745,Medium
6400,1,0.5029854888687453,50.29854888687453,Medium
6401,0,0.49597254264996876,49.59725426499688,Medium
6402,1,0.5164422386516192,51.64422386516192,Medium
6403,0,0.43114863472956655,43.11486347295666,Medium
6404,1,0.5308943500561515,53.08943500561515,Medium
6405,0,0.49718224253581533,49.71822425358153,Medium
6406,0,0.48580358479247693,48.58035847924769,Medium
6407,1,0.515279535837482,51.5279535837482,Medium
6408,1,0.5655933127281657,56.55933127281657,Medium
6409,1,0.5231601885456552,52.31601885456551,Medium
6410,1,0.5005634988481732,50.05634988481732,Medium
6411,1,0.5100837668328222,51.00837668328222,Medium
6412,1,0.5085500787282188,50.85500787282188,Medium
6413,1,0.5030480165921514,50.30480165921514,Medium
6414,1,0.5851668814717751,58.51668814717751,Medium
6415,1,0.5172922767031877,51.729227670318764,Medium
6416,1,0.5134880321803493,51.34880321803493,Medium
6417,1,0.5158587804367294,51.58587804367294,Medium
6418,1,0.5318009285636763,53.18009285636764,Medium
6419,0,0.47486903903542743,47.486903903542746,Medium
6420,1,0.5309285492886356,53.09285492886357,Medium
6421,1,0.5183077249496691,51.830772494966915,Medium
6422,0,0.49208300432220287,49.208300432220284,Medium
6423,0,0.4920979325150449,49.20979325150449,Medium
6424,0,0.46613995354653137,46.613995354653134,Medium
6425,1,0.5047075704915768,50.470757049157676,Medium
6426,1,0.5240895902921823,52.408959029218224,Medium
6427,1,0.5083674809096014,50.836748090960135,Medium
6428,0,0.4479881795030341,44.79881795030341,Medium
6429,1,0.5052668837851245,50.52668837851245,Medium
6430,0,0.4807893260782441,48.07893260782441,Medium
6431,1,0.5075404453471062,50.754044534710616,Medium
6432,0,0.48521722590086924,48.521722590086924,Medium
6433,0,0.4797909785114192,47.97909785114192,Medium
6434,1,0.5163604553669174,51.636045536691746,Medium
6435,1,0.5096394608271566,50.96394608271566,Medium
6436,1,0.504323677135863,50.4323677135863,Medium
6437,0,0.4842273735139964,48.42273735139964,Medium
6438,0,0.46620675392626093,46.62067539262609,Medium
6439,1,0.5183091518125743,51.83091518125743,Medium
6440,1,0.5002454872392897,50.02454872392897,Medium
6441,1,0.5454971675498185,54.549716754981844,Medium
6442,1,0.5105488877626225,51.05488877626225,Medium
6443,0,0.496821020016456,49.6821020016456,Medium
6444,1,0.5131682515755511,51.316825157555115,Medium
6445,0,0.42150830640208686,42.15083064020869,Medium
6446,1,0.5426989250077043,54.26989250077043,Medium
6447,1,0.5035839093014914,50.35839093014914,Medium
6448,0,0.48553953451412646,48.553953451412646,Medium
6449,0,0.4881779679860271,48.81779679860271,Medium
6450,1,0.5291605557040975,52.916055570409746,Medium
6451,1,0.5242215677922631,52.42215677922631,Medium
6452,0,0.4871718785902017,48.71718785902017,Medium
6453,0,0.4837466378919688,48.37466378919688,Medium
6454,0,0.49207119328908,49.207119328908,Medium
6455,0,0.4837950718026467,48.37950718026467,Medium
6456,1,0.5378928256423487,53.789282564234874,Medium
6457,0,0.4848365804215018,48.48365804215018,Medium
6458,0,0.4950742436952546,49.50742436952546,Medium
6459,1,0.5240133751311449,52.401337513114484,Medium
6460,1,0.5605044009481156,56.05044009481156,Medium
6461,1,0.5180649580964681,51.80649580964681,Medium
6462,0,0.4844150428720118,48.441504287201184,Medium
6463,0,0.4990466153347263,49.90466153347263,Medium
6464,1,0.508560553114795,50.856055311479494,Medium
6465,1,0.5182816290297679,51.82816290297679,Medium
6466,0,0.48586147345541947,48.586147345541946,Medium
6467,0,0.49933903144411257,49.93390314441125,Medium
6468,0,0.49124943185924025,49.124943185924025,Medium
6469,0,0.4794073029753418,47.94073029753418,Medium
6470,0,0.4486318366559916,44.86318366559916,Medium
6471,0,0.45349619683379694,45.34961968337969,Medium
6472,0,0.4626187691556485,46.26187691556485,Medium
6473,0,0.49440117788817156,49.440117788817155,Medium
6474,0,0.43621950235816565,43.62195023581656,Medium
6475,1,0.5475769284438097,54.75769284438097,Medium
6476,1,0.5255431709491732,52.55431709491732,Medium
6477,1,0.5239766732447706,52.39766732447706,Medium
6478,0,0.4764625414842146,47.646254148421455,Medium
6479,0,0.4762772368098377,47.62772368098377,Medium
6480,0,0.46512516344767935,46.51251634476793,Medium
6481,0,0.48333972706197786,48.333972706197784,Medium
6482,0,0.4896690848196848,48.96690848196848,Medium
6483,1,0.5080402185389303,50.80402185389303,Medium
6484,0,0.49112315918323085,49.112315918323084,Medium
6485,1,0.5056661119730024,50.56661119730024,Medium
6486,0,0.4952509642272522,49.52509642272522,Medium
6487,1,0.5109263388624814,51.09263388624814,Medium
6488,1,0.5245794137558937,52.45794137558937,Medium
6489,0,0.4814826117122597,48.14826117122597,Medium
6490,0,0.4872364602022693,48.72364602022693,Medium
6491,1,0.5416185180861047,54.16185180861047,Medium
6492,0,0.4836145463676697,48.36145463676697,Medium
6493,0,0.4965338458748948,49.65338458748948,Medium
6494,1,0.5017069553815791,50.17069553815791,Medium
6495,0,0.4981183933725467,49.81183933725467,Medium
6496,0,0.4131340740251662,41.313407402516624,Medium
6497,0,0.4556746325760578,45.56746325760578,Medium
6498,0,0.47874297401561305,47.87429740156131,Medium
6499,1,0.5210896089716693,52.10896089716693,Medium
6500,1,0.5582506512142724,55.825065121427244,Medium
6501,1,0.5262913017175418,52.62913017175418,Medium
6502,0,0.4883322893659235,48.83322893659235,Medium
6503,1,0.5276377706310496,52.76377706310495,Medium
6504,0,0.4953491498458947,49.53491498458947,Medium
6505,0,0.47717233779594587,47.71723377959459,Medium
6506,0,0.48602033140862244,48.60203314086225,Medium
6507,0,0.4946963435913625,49.46963435913625,Medium
6508,1,0.5048490926091247,50.48490926091247,Medium
6509,0,0.48243060655968284,48.243060655968286,Medium
6510,0,0.46697432595897526,46.697432595897524,Medium
6511,0,0.43793386103261867,43.79338610326187,Medium
6512,0,0.47046852823935803,47.0468528239358,Medium
6513,0,0.49691651737431086,49.69165173743109,Medium
6514,1,0.5013758035974826,50.137580359748256,Medium
6515,0,0.49822892407886915,49.82289240788692,Medium
6516,0,0.46709516315973787,46.70951631597379,Medium
6517,1,0.5044247081855181,50.44247081855181,Medium
6518,0,0.4855818233559009,48.55818233559009,Medium
6519,0,0.48776718281697895,48.776718281697896,Medium
6520,1,0.5066002428544641,50.66002428544641,Medium
6521,1,0.5252474165185567,52.52474165185566,Medium
6522,1,0.5225440760668721,52.25440760668722,Medium
6523,0,0.4911604438791235,49.11604438791235,Medium
6524,1,0.5073927483789988,50.739274837899885,Medium
6525,1,0.5082324319498273,50.82324319498272,Medium
6526,1,0.5069366836449279,50.693668364492794,Medium
6527,1,0.5069268670624691,50.69268670624692,Medium
6528,0,0.4944201113504073,49.44201113504073,Medium
6529,0,0.48181410753500786,48.181410753500785,Medium
6530,1,0.5029993035811836,50.29993035811836,Medium
6531,1,0.534803438504973,53.480343850497306,Medium
6532,0,0.465638814702945,46.5638814702945,Medium
6533,1,0.519253530095868,51.92535300958681,Medium
6534,0,0.4977783826644476,49.77783826644476,Medium
6535,0,0.4730735817986483,47.30735817986483,Medium
6536,0,0.4770672126078354,47.70672126078354,Medium
6537,0,0.48943212962307203,48.9432129623072,Medium
6538,0,0.4876510856455649,48.76510856455649,Medium
6539,1,0.5190241634153655,51.90241634153655,Medium
6540,0,0.48691117048721244,48.691117048721246,Medium
6541,1,0.5060380764759608,50.60380764759608,Medium
6542,0,0.4824671267080244,48.24671267080244,Medium
6543,1,0.524669455643753,52.4669455643753,Medium
6544,0,0.4656881847315947,46.56881847315947,Medium
6545,1,0.5016380144838523,50.16380144838523,Medium
6546,0,0.47822279908889437,47.822279908889435,Medium
6547,0,0.4995235551066629,49.952355510666294,Medium
6548,1,0.5342929789159874,53.429297891598736,Medium
6549,1,0.5111434533867931,51.114345338679314,Medium
6550,0,0.41561223046337803,41.5612230463378,Medium
6551,0,0.4998544708451152,49.98544708451152,Medium
6552,1,0.5097254903989838,50.97254903989838,Medium
6553,1,0.5109519887461047,51.09519887461047,Medium
6554,1,0.5275132373389415,52.751323733894154,Medium
6555,0,0.44469725079686523,44.469725079686526,Medium
6556,1,0.5034754855670625,50.34754855670624,Medium
6557,1,0.5000408088564656,50.00408088564656,Medium
6558,1,0.5079299727532123,50.79299727532123,Medium
6559,1,0.523119312193198,52.311931219319796,Medium
6560,0,0.4758206785674737,47.582067856747365,Medium
6561,1,0.5148200482215316,51.48200482215316,Medium
6562,1,0.5142670962166994,51.42670962166994,Medium
6563,0,0.47344229768027146,47.34422976802715,Medium
6564,1,0.5109526702087459,51.09526702087459,Medium
6565,0,0.4767921587472863,47.679215874728634,Medium
6566,1,0.5424065299698262,54.24065299698262,Medium
6567,1,0.5242760166009421,52.42760166009421,Medium
6568,1,0.5205439477026039,52.054394770260394,Medium
6569,0,0.467312603015703,46.7312603015703,Medium
6570,0,0.4855018657699134,48.55018657699134,Medium
6571,0,0.47644351912461386,47.64435191246139,Medium
6572,1,0.5153152149093486,51.531521490934864,Medium
6573,1,0.5156296518666172,51.56296518666173,Medium
6574,1,0.5033770253302805,50.33770253302805,Medium
6575,0,0.4736181959817179,47.36181959817179,Medium
6576,0,0.4702293298628493,47.022932986284935,Medium
6577,0,0.49535804002513,49.535804002513004,Medium
6578,1,0.5198453266382144,51.98453266382144,Medium
6579,0,0.48967886763409774,48.96788676340977,Medium
6580,1,0.5006713191386297,50.06713191386297,Medium
6581,0,0.47992807974011964,47.99280797401197,Medium
6582,0,0.47675194132742577,47.675194132742575,Medium
6583,0,0.4753009100278603,47.53009100278603,Medium
6584,1,0.505905347493544,50.5905347493544,Medium
6585,1,0.5401377345077235,54.01377345077235,Medium
6586,1,0.561540636344443,56.1540636344443,Medium
6587,0,0.47741812845432025,47.74181284543202,Medium
6588,1,0.5231582833092547,52.31582833092547,Medium
6589,0,0.48093286561421145,48.093286561421145,Medium
6590,0,0.49576730203361263,49.576730203361265,Medium
6591,0,0.4794336568067317,47.943365680673175,Medium
6592,1,0.5042113859034102,50.421138590341016,Medium
6593,1,0.5065656443965877,50.656564439658766,Medium
6594,1,0.5006130593650556,50.06130593650556,Medium
6595,0,0.48592394908397635,48.59239490839764,Medium
6596,0,0.4984157516631236,49.84157516631236,Medium
6597,0,0.49351828321701396,49.3518283217014,Medium
6598,0,0.4624864566045453,46.24864566045453,Medium
6599,0,0.49734304795830836,49.73430479583084,Medium
6600,1,0.5213013463457966,52.13013463457966,Medium
6601,1,0.5461335677800463,54.61335677800463,Medium
6602,0,0.4769534977369033,47.69534977369033,Medium
6603,0,0.4816975625577659,48.16975625577659,Medium
6604,1,0.5300774212659499,53.00774212659499,Medium
6605,0,0.4966517335161454,49.66517335161454,Medium
6606,0,0.48921116507949736,48.92111650794973,Medium
6607,0,0.48944606721131817,48.94460672113182,Medium
6608,0,0.49029206436014905,49.0292064360149,Medium
6609,1,0.5267094689666985,52.67094689666985,Medium
6610,1,0.5275870613200082,52.758706132000825,Medium
6611,1,0.5161410708311833,51.614107083118334,Medium
6612,0,0.43492133680626965,43.492133680626964,Medium
6613,0,0.47617882026999914,47.617882026999915,Medium
6614,1,0.5176973500806364,51.76973500806364,Medium
6615,0,0.4731257219627328,47.31257219627328,Medium
6616,0,0.46030945860064226,46.03094586006423,Medium
6617,0,0.48234732961446125,48.23473296144613,Medium
6618,0,0.49503564001672595,49.50356400167259,Medium
6619,0,0.49431708501161464,49.43170850116147,Medium
6620,0,0.4577518041453993,45.77518041453993,Medium
6621,0,0.4452053755663149,44.52053755663149,Medium
6622,1,0.543975237166571,54.397523716657105,Medium
6623,1,0.5102292511634717,51.022925116347174,Medium
6624,0,0.4817982025411866,48.17982025411866,Medium
6625,1,0.5357147056315525,53.57147056315525,Medium
6626,1,0.5119803570456709,51.19803570456709,Medium
6627,0,0.4967138668803636,49.671386688036364,Medium
6628,0,0.48175283052239637,48.175283052239635,Medium
6629,0,0.48800000505019453,48.800000505019455,Medium
6630,0,0.4706490303893372,47.06490303893372,Medium
6631,0,0.4812087090788857,48.120870907888566,Medium
6632,0,0.4930291569075409,49.30291569075409,Medium
6633,1,0.5419593680398881,54.19593680398881,Medium
6634,0,0.47781913145158716,47.78191314515872,Medium
6635,1,0.5156082259284712,51.560822592847124,Medium
6636,0,0.48025312720149027,48.025312720149024,Medium
6637,1,0.5437059253645828,54.37059253645828,Medium
6638,0,0.4849732701788207,48.49732701788207,Medium
6639,1,0.5104556845605076,51.04556845605076,Medium
6640,0,0.4058220471161112,40.58220471161112,Medium
6641,1,0.5031626863734269,50.31626863734269,Medium
6642,1,0.5121948491597158,51.21948491597158,Medium
6643,1,0.5067555749317458,50.67555749317458,Medium
6644,1,0.5366139278105748,53.66139278105748,Medium
6645,1,0.5186849148281768,51.86849148281768,Medium
6646,0,0.4680576370703943,46.805763707039425,Medium
6647,0,0.49516785220015974,49.516785220015976,Medium
6648,0,0.4986538628608482,49.86538628608482,Medium
6649,1,0.5116897104003731,51.16897104003731,Medium
6650,1,0.5111958509646288,51.119585096462885,Medium
6651,0,0.4961253456236254,49.61253456236254,Medium
6652,1,0.5121197037620118,51.21197037620118,Medium
6653,1,0.5325271473064438,53.25271473064438,Medium
6654,0,0.48339185353269837,48.33918535326983,Medium
6655,0,0.4979505502840527,49.79505502840527,Medium
6656,0,0.4986546862464937,49.86546862464937,Medium
6657,1,0.5034194426375206,50.34194426375206,Medium
6658,0,0.4875672443898139,48.756724438981394,Medium
6659,1,0.517954007468736,51.7954007468736,Medium
6660,0,0.49857006277333105,49.857006277333106,Medium
6661,1,0.5115677049997255,51.156770499972545,Medium
6662,1,0.5332085355241291,53.320853552412906,Medium
6663,1,0.5203016849690851,52.030168496908516,Medium
6664,0,0.4867621308090307,48.67621308090307,Medium
6665,1,0.523434144009879,52.343414400987896,Medium
6666,0,0.47280974078388677,47.280974078388674,Medium
6667,0,0.4946416984553439,49.464169845534386,Medium
6668,0,0.4781090215116423,47.81090215116423,Medium
6669,0,0.4833141319641659,48.33141319641659,Medium
6670,0,0.481068894824923,48.1068894824923,Medium
6671,1,0.527739813251674,52.7739813251674,Medium
6672,0,0.4981756537881997,49.81756537881997,Medium
6673,1,0.5110695290637661,51.10695290637661,Medium
6674,0,0.4764884878943884,47.648848789438844,Medium
6675,1,0.5254299668014614,52.54299668014614,Medium
6676,0,0.48714601195430507,48.714601195430504,Medium
6677,0,0.48591799864817403,48.5917998648174,Medium
6678,1,0.515489860904098,51.5489860904098,Medium
6679,0,0.4738517008983418,47.385170089834176,Medium
6680,0,0.4733152156847211,47.33152156847211,Medium
6681,1,0.5039492145365507,50.39492145365507,Medium
6682,1,0.5317953027908662,53.17953027908662,Medium
6683,0,0.4385817235157061,43.858172351570616,Medium
6684,0,0.47607125984774495,47.6071259847745,Medium
6685,0,0.49161314847990895,49.161314847990894,Medium
6686,0,0.4941181938196289,49.41181938196289,Medium
6687,1,0.512787582076347,51.2787582076347,Medium
6688,0,0.4814527086294956,48.14527086294956,Medium
6689,0,0.46561530398545736,46.561530398545734,Medium
6690,0,0.4923007314776079,49.23007314776079,Medium
6691,0,0.4594666148153029,45.946661481530285,Medium
6692,0,0.44989136579789557,44.98913657978956,Medium
6693,1,0.5045161239059759,50.45161239059759,Medium
6694,0,0.4939727567152243,49.39727567152243,Medium
6695,0,0.4890354986135959,48.90354986135959,Medium
6696,1,0.5302226539938198,53.022265399381986,Medium
6697,0,0.4601571839763866,46.01571839763866,Medium
6698,0,0.4628099418294276,46.280994182942756,Medium
6699,1,0.5061464044953505,50.61464044953505,Medium
6700,0,0.43889437954333965,43.889437954333964,Medium
6701,0,0.47404565258096165,47.40456525809616,Medium
6702,0,0.47112589751800477,47.11258975180048,Medium
6703,1,0.5080918695361503,50.809186953615026,Medium
6704,0,0.49659013381532774,49.65901338153277,Medium
6705,1,0.5096235303634138,50.962353036341376,Medium
6706,1,0.5097300423075809,50.97300423075809,Medium
6707,1,0.5315803842499397,53.15803842499397,Medium
6708,1,0.500745356433558,50.0745356433558,Medium
6709,0,0.4802608668211238,48.02608668211238,Medium
6710,1,0.5302211503880885,53.02211503880885,Medium
6711,1,0.5592940940087225,55.92940940087225,Medium
6712,0,0.4823646435120249,48.23646435120249,Medium
6713,0,0.4557238408173148,45.572384081731485,Medium
6714,0,0.4993294965623166,49.93294965623166,Medium
6715,1,0.5092875399592162,50.92875399592162,Medium
6716,1,0.5082562919292953,50.82562919292953,Medium
6717,0,0.4890023637767882,48.900236377678816,Medium
6718,0,0.4897957129339779,48.97957129339779,Medium
6719,0,0.4794959552779533,47.94959552779533,Medium
6720,0,0.494174597795357,49.4174597795357,Medium
6721,1,0.5037004567330126,50.370045673301256,Medium
6722,1,0.5017189597395001,50.17189597395001,Medium
6723,1,0.5001100180512797,50.011001805127975,Medium
6724,0,0.49088972091374256,49.08897209137425,Medium
6725,0,0.47977415715195976,47.977415715195974,Medium
6726,1,0.5225137303205347,52.25137303205347,Medium
6727,0,0.49624104538523234,49.624104538523234,Medium
6728,1,0.5245423623236529,52.45423623236529,Medium
6729,0,0.4905589478904493,49.05589478904493,Medium
6730,1,0.5324031078231752,53.24031078231752,Medium
6731,1,0.5260145298081375,52.60145298081375,Medium
6732,1,0.5085508426257063,50.85508426257063,Medium
6733,1,0.5164245555960999,51.64245555960999,Medium
6734,1,0.5151591917101627,51.515919171016264,Medium
6735,0,0.4965591937669342,49.65591937669342,Medium
6736,0,0.4682534779274714,46.82534779274714,Medium
6737,1,0.5023709157210007,50.23709157210007,Medium
6738,1,0.5198125431978647,51.98125431978647,Medium
6739,1,0.5234800784175099,52.348007841750984,Medium
6740,1,0.5130098401611752,51.300984016117525,Medium
6741,1,0.5203553675902106,52.03553675902106,Medium
6742,1,0.528302506101616,52.8302506101616,Medium
6743,0,0.49379551809131866,49.37955180913187,Medium
6744,1,0.5227054879220555,52.27054879220555,Medium
6745,1,0.5321769667384926,53.21769667384926,Medium
6746,1,0.5256900112783575,52.56900112783575,Medium
6747,0,0.492361000692656,49.236100069265596,Medium
6748,0,0.4832493987201338,48.32493987201338,Medium
6749,1,0.5223060469704616,52.230604697046154,Medium
6750,0,0.4809935692406521,48.09935692406521,Medium
6751,1,0.5405728235234396,54.05728235234396,Medium
6752,1,0.515556821660162,51.555682166016204,Medium
6753,0,0.4637938478441149,46.37938478441149,Medium
6754,0,0.48585979260101986,48.585979260101986,Medium
6755,0,0.49646417324788555,49.64641732478856,Medium
6756,0,0.4728919295775138,47.28919295775138,Medium
6757,1,0.5043336970602691,50.43336970602691,Medium
6758,0,0.4709815069832952,47.09815069832952,Medium
6759,1,0.5011411417939525,50.11411417939525,Medium
6760,0,0.48231028719706887,48.231028719706885,Medium
6761,0,0.4880112451679459,48.801124516794594,Medium
6762,0,0.49496426591678305,49.49642659167831,Medium
6763,0,0.4882053031983742,48.82053031983742,Medium
6764,1,0.504311531897868,50.431153189786805,Medium
6765,1,0.5404219724348032,54.04219724348032,Medium
6766,0,0.48714438633467255,48.71443863346725,Medium
6767,0,0.47438502424507595,47.4385024245076,Medium
6768,1,0.5395615127472512,53.956151274725116,Medium
6769,0,0.4823415426186425,48.23415426186425,Medium
6770,1,0.5258777535063209,52.58777535063209,Medium
6771,0,0.49262241947600904,49.262241947600906,Medium
6772,0,0.47117267446779,47.117267446778996,Medium
6773,0,0.4863098268081429,48.63098268081429,Medium
6774,1,0.5113493080168583,51.134930801685826,Medium
6775,0,0.49411402959967743,49.411402959967745,Medium
6776,0,0.4688501451359533,46.88501451359533,Medium
6777,0,0.49827800066308003,49.827800066308,Medium
6778,1,0.5113723210226974,51.137232102269735,Medium
6779,0,0.4801352572592879,48.013525725928794,Medium
6780,1,0.5177220583799358,51.77220583799358,Medium
6781,1,0.512207832037468,51.2207832037468,Medium
6782,1,0.5162427396620036,51.62427396620036,Medium
6783,0,0.49288645235493933,49.28864523549393,Medium
6784,1,0.518145090405864,51.8145090405864,Medium
6785,1,0.5157827302993114,51.57827302993114,Medium
6786,0,0.4571025185644087,45.71025185644087,Medium
6787,0,0.4706948303943807,47.06948303943807,Medium
6788,0,0.48722964969526483,48.72296496952649,Medium
6789,0,0.4895352490694457,48.953524906944565,Medium
6790,0,0.4246606542436517,42.46606542436517,Medium
6791,0,0.49062516209176127,49.062516209176124,Medium
6792,1,0.5334179137925161,53.34179137925161,Medium
6793,0,0.48377346478058997,48.377346478058996,Medium
6794,1,0.5218251101660337,52.18251101660337,Medium
6795,1,0.504468549882213,50.446854988221304,Medium
6796,1,0.5555030502264008,55.55030502264008,Medium
6797,0,0.49107684683120484,49.10768468312048,Medium
6798,1,0.5050871671828475,50.50871671828475,Medium
6799,0,0.4946890679533053,49.46890679533053,Medium
6800,0,0.4867284436444473,48.67284436444473,Medium
6801,0,0.4881769420636179,48.817694206361786,Medium
6802,0,0.46316090125718773,46.31609012571877,Medium
6803,1,0.5091960845630685,50.919608456306854,Medium
6804,0,0.4902983901309742,49.02983901309742,Medium
6805,0,0.47722510328859596,47.7225103288596,Medium
6806,1,0.5074105104232903,50.74105104232903,Medium
6807,0,0.491636424955052,49.1636424955052,Medium
6808,0,0.4885949853036296,48.85949853036296,Medium
6809,0,0.47270919737833383,47.27091973783338,Medium
6810,0,0.4832780843573177,48.327808435731775,Medium
6811,0,0.4717282513332711,47.17282513332711,Medium
6812,1,0.5270637556194919,52.706375561949194,Medium
6813,0,0.47977466782862765,47.97746678286276,Medium
6814,0,0.47087295753518604,47.0872957535186,Medium
6815,0,0.45796191320784396,45.796191320784395,Medium
6816,0,0.4837543641377589,48.375436413775894,Medium
6817,1,0.5096617176555497,50.96617176555497,Medium
6818,1,0.5111600963934324,51.11600963934324,Medium
6819,0,0.49562833279380775,49.562833279380776,Medium
6820,1,0.5091823083049022,50.91823083049022,Medium
6821,1,0.5631095378781907,56.310953787819074,Medium
6822,0,0.49419894176685586,49.41989417668559,Medium
6823,1,0.5431851807502169,54.31851807502169,Medium
6824,1,0.5085642969358595,50.856429693585945,Medium
6825,0,0.48198493772982764,48.198493772982765,Medium
6826,1,0.506109335832482,50.6109335832482,Medium
6827,1,0.515919650947503,51.5919650947503,Medium
6828,1,0.5514525272105475,55.145252721054746,Medium
6829,0,0.48222931928772556,48.22293192877255,Medium
6830,0,0.49814802968948063,49.814802968948065,Medium
6831,0,0.4904906937667813,49.049069376678126,Medium
6832,0,0.4942852791068207,49.42852791068207,Medium
6833,0,0.48026657852594257,48.026657852594255,Medium
6834,1,0.5390578681449859,53.90578681449859,Medium
6835,1,0.5284381871281405,52.84381871281405,Medium
6836,1,0.5105273521680921,51.05273521680921,Medium
6837,1,0.5264384893843306,52.64384893843306,Medium
6838,0,0.4534359257811365,45.34359257811365,Medium
6839,0,0.4957837139697855,49.57837139697855,Medium
6840,0,0.4988932049084904,49.88932049084904,Medium
6841,0,0.47193615795885496,47.1936157958855,Medium
6842,0,0.482946721136923,48.2946721136923,Medium
6843,0,0.486895123265793,48.6895123265793,Medium
6844,1,0.5044263117341651,50.44263117341651,Medium
6845,0,0.4848493992140606,48.48493992140606,Medium
6846,0,0.46895498034500616,46.89549803450062,Medium
6847,1,0.50530943648354,50.530943648354,Medium
6848,1,0.50289490217202,50.289490217202,Medium
6849,1,0.5280812789898224,52.808127898982235,Medium
6850,0,0.4852796025079139,48.52796025079139,Medium
6851,0,0.47527753129880096,47.5277531298801,Medium
6852,1,0.5314919966302258,53.149199663022586,Medium
6853,0,0.4958757951291098,49.58757951291098,Medium
6854,1,0.5440095776153092,54.40095776153092,Medium
6855,1,0.5139087567388929,51.39087567388929,Medium
6856,1,0.5251090179880117,52.51090179880117,Medium
6857,0,0.4908364086227135,49.08364086227135,Medium
6858,0,0.4876296360269207,48.762963602692075,Medium
6859,1,0.5119072582143054,51.19072582143054,Medium
6860,1,0.5287935267778425,52.879352677784254,Medium
6861,0,0.4421465258326103,44.214652583261035,Medium
6862,0,0.48673740438538615,48.673740438538616,Medium
6863,1,0.5263668877479997,52.636688774799964,Medium
6864,0,0.46470110625020866,46.470110625020865,Medium
6865,1,0.50131859649757,50.131859649757004,Medium
6866,1,0.5395697599139799,53.956975991398,Medium
6867,1,0.5103934042110301,51.039340421103006,Medium
6868,1,0.5245443395773424,52.45443395773424,Medium
6869,1,0.5221383829518316,52.21383829518316,Medium
6870,1,0.5321135391218532,53.211353912185324,Medium
6871,0,0.49637515292477513,49.63751529247752,Medium
6872,0,0.4882796812215199,48.82796812215199,Medium
6873,1,0.5270398340278045,52.70398340278045,Medium
6874,1,0.5391943839106024,53.91943839106024,Medium
6875,1,0.5358782990660902,53.58782990660902,Medium
6876,1,0.5203744084511716,52.03744084511715,Medium
6877,0,0.49685904298452316,49.685904298452314,Medium
6878,0,0.49378507110477593,49.37850711047759,Medium
6879,1,0.5485505663876871,54.85505663876871,Medium
6880,0,0.44880791751585586,44.88079175158558,Medium
6881,0,0.4814904819594304,48.14904819594304,Medium
6882,0,0.4804254036849165,48.04254036849165,Medium
6883,0,0.4939864707169233,49.39864707169233,Medium
6884,1,0.509243809669931,50.9243809669931,Medium
6885,1,0.5465001672998117,54.65001672998117,Medium
6886,0,0.4853899969261279,48.53899969261279,Medium
6887,0,0.47678620886289186,47.67862088628919,Medium
6888,0,0.4174634242116099,41.74634242116099,Medium
6889,0,0.4806577960567848,48.065779605678486,Medium
6890,1,0.5222362623072077,52.22362623072077,Medium
6891,0,0.4533138541350465,45.33138541350465,Medium
6892,1,0.5124397843115351,51.243978431153515,Medium
6893,1,0.5044388191831735,50.443881918317345,Medium
6894,0,0.4693571677972752,46.93571677972752,Medium
6895,0,0.4848335373175671,48.483353731756715,Medium
6896,0,0.46697873181980826,46.697873181980825,Medium
6897,0,0.4205913606425256,42.05913606425256,Medium
6898,1,0.5182815492917356,51.828154929173564,Medium
6899,0,0.47467744084860614,47.46774408486061,Medium
6900,0,0.4552057688688786,45.52057688688786,Medium
6901,0,0.4949837399774233,49.49837399774233,Medium
6902,0,0.47711455578096046,47.71145557809604,Medium
6903,1,0.5116580255284066,51.16580255284065,Medium
6904,0,0.45932518906516945,45.93251890651695,Medium
6905,0,0.44646795800438766,44.64679580043877,Medium
6906,1,0.5075036735948335,50.75036735948335,Medium
6907,1,0.5069350077988011,50.69350077988011,Medium
6908,0,0.484547442235545,48.4547442235545,Medium
6909,0,0.43114861741748434,43.114861741748435,Medium
6910,0,0.4774628772767319,47.74628772767319,Medium
6911,1,0.5228406393434581,52.28406393434582,Medium
6912,0,0.4955369503065775,49.55369503065775,Medium
6913,1,0.5106560979785324,51.06560979785324,Medium
6914,1,0.511474951011682,51.147495101168204,Medium
6915,1,0.5192526719654164,51.92526719654163,Medium
6916,1,0.5368829962428723,53.688299624287225,Medium
6917,0,0.43054140306977035,43.05414030697703,Medium
6918,0,0.4747790212948473,47.477902129484725,Medium
6919,0,0.4998659765830127,49.98659765830127,Medium
6920,1,0.5138457021583721,51.38457021583721,Medium
6921,1,0.5319202688548652,53.19202688548652,Medium
6922,0,0.45430978690974255,45.43097869097426,Medium
6923,0,0.49689548864926886,49.689548864926884,Medium
6924,1,0.5099345935063369,50.993459350633685,Medium
6925,0,0.49046647763585594,49.0466477635856,Medium
6926,0,0.47672044294038574,47.67204429403857,Medium
6927,1,0.50148107717338,50.148107717338,Medium
6928,0,0.4341695357624228,43.41695357624228,Medium
6929,1,0.5420144615760579,54.201446157605794,Medium
6930,0,0.4841288562203611,48.412885622036114,Medium
6931,0,0.4792180940973291,47.92180940973291,Medium
6932,0,0.49143145393623455,49.143145393623456,Medium
6933,0,0.4837717957410917,48.37717957410917,Medium
6934,0,0.48371738807390396,48.37173880739039,Medium
6935,1,0.5156326695500506,51.56326695500506,Medium
6936,0,0.4861364438573544,48.61364438573544,Medium
6937,0,0.47592506479507946,47.592506479507946,Medium
6938,0,0.49171511744838536,49.17151174483854,Medium
6939,0,0.4872763359270098,48.72763359270098,Medium
6940,0,0.39640866363624666,39.64086636362467,Medium
6941,0,0.4718132877393339,47.18132877393339,Medium
6942,0,0.4996484232399066,49.96484232399066,Medium
6943,1,0.5045530083965516,50.45530083965516,Medium
6944,0,0.46127330157741353,46.127330157741355,Medium
6945,1,0.5026736759876624,50.26736759876624,Medium
6946,0,0.42179005341695525,42.17900534169552,Medium
6947,0,0.4949547827588652,49.49547827588652,Medium
6948,0,0.4980698277013692,49.80698277013692,Medium
6949,1,0.5235533010728881,52.35533010728881,Medium
6950,0,0.49326350608982544,49.326350608982544,Medium
6951,0,0.49194925749271823,49.194925749271825,Medium
6952,1,0.5096425352518433,50.96425352518433,Medium
6953,0,0.48007487114251723,48.007487114251724,Medium
6954,0,0.4755194167472706,47.55194167472706,Medium
6955,0,0.49833595928875035,49.833595928875035,Medium
6956,1,0.5264650461240262,52.64650461240262,Medium
6957,0,0.49397462854883567,49.397462854883564,Medium
6958,1,0.5224467199395074,52.24467199395074,Medium
6959,1,0.5144667570737304,51.44667570737303,Medium
6960,0,0.49251688389174814,49.25168838917482,Medium
6961,1,0.5082209899972608,50.82209899972609,Medium
6962,1,0.5045776618299854,50.45776618299854,Medium
6963,1,0.5383308434059476,53.83308434059476,Medium
6964,1,0.533881228702895,53.3881228702895,Medium
6965,0,0.4923453876330023,49.23453876330023,Medium
6966,1,0.5568100473880447,55.681004738804475,Medium
6967,1,0.5355575204280478,53.555752042804784,Medium
6968,1,0.5031007426706785,50.31007426706785,Medium
6969,0,0.4795831293531944,47.95831293531944,Medium
6970,0,0.46482176020744886,46.48217602074489,Medium
6971,0,0.4929473202550988,49.29473202550988,Medium
6972,1,0.5094755609859265,50.94755609859265,Medium
6973,1,0.5057171408882363,50.571714088823626,Medium
6974,0,0.423527492312,42.3527492312,Medium
6975,1,0.5189517801501752,51.89517801501752,Medium
6976,1,0.5436322568029058,54.36322568029058,Medium
6977,1,0.5255118694028257,52.55118694028257,Medium
6978,1,0.5393942224340162,53.93942224340162,Medium
6979,0,0.4651235264362806,46.512352643628056,Medium
6980,0,0.47743406734334287,47.743406734334286,Medium
6981,1,0.5112645971953911,51.126459719539106,Medium
6982,0,0.4812286030183159,48.12286030183159,Medium
6983,0,0.4931892227321387,49.31892227321387,Medium
6984,1,0.5164279461931249,51.6427946193125,Medium
6985,0,0.4929549552586225,49.29549552586225,Medium
6986,1,0.5141165526729515,51.41165526729515,Medium
6987,1,0.5475183534516388,54.75183534516388,Medium
6988,0,0.48862652133092993,48.86265213309299,Medium
6989,1,0.5136345382920875,51.36345382920875,Medium
6990,1,0.5134828416907151,51.34828416907151,Medium
6991,1,0.52404146644775,52.404146644775,Medium
6992,1,0.5064294570740189,50.642945707401886,Medium
6993,1,0.5399675201232577,53.996752012325764,Medium
6994,0,0.4880500227132098,48.80500227132098,Medium
6995,1,0.5309716549195244,53.09716549195244,Medium
6996,1,0.5163939354334973,51.63939354334973,Medium
6997,0,0.4783741297270913,47.83741297270913,Medium
6998,0,0.49581282221047274,49.581282221047275,Medium
6999,1,0.5237723704207464,52.37723704207464,Medium
7000,0,0.4877136033269039,48.77136033269039,Medium
7001,0,0.49955057193839586,49.955057193839586,Medium
7002,1,0.5244492183594383,52.44492183594382,Medium
7003,0,0.47077576023597795,47.07757602359779,Medium
7004,1,0.5355879316216596,53.55879316216596,Medium
7005,1,0.510113279382021,51.0113279382021,Medium
7006,0,0.4784927409303153,47.84927409303153,Medium
7007,0,0.4803846928902156,48.03846928902156,Medium
7008,0,0.48493371943584884,48.49337194358488,Medium
7009,0,0.49400574206669706,49.40057420666971,Medium
7010,1,0.5007326479661454,50.07326479661454,Medium
7011,1,0.5137261997000543,51.37261997000543,Medium
7012,0,0.4820315639195917,48.20315639195917,Medium
7013,0,0.49670078523999955,49.670078523999955,Medium
7014,1,0.5014181667358355,50.14181667358355,Medium
7015,0,0.495037876818726,49.5037876818726,Medium
7016,1,0.5062369171227384,50.623691712273846,Medium
7017,0,0.4862525676936713,48.625256769367134,Medium
7018,0,0.48261138659514163,48.26113865951417,Medium
7019,1,0.5021596911830035,50.21596911830035,Medium
7020,1,0.5501654141493934,55.01654141493933,Medium
7021,0,0.48491139341056355,48.49113934105635,Medium
7022,1,0.5241990750988939,52.419907509889384,Medium
7023,0,0.4900414238194666,49.00414238194666,Medium
7024,0,0.39386988397231,39.386988397231,Medium
7025,0,0.465602429644495,46.5602429644495,Medium
7026,1,0.5077542163360561,50.77542163360561,Medium
7027,1,0.5040699832839692,50.406998328396924,Medium
7028,1,0.502371525383421,50.2371525383421,Medium
7029,1,0.5097790780263738,50.977907802637375,Medium
7030,0,0.485676726501612,48.5676726501612,Medium
7031,1,0.5135947225120502,51.35947225120502,Medium
7032,1,0.5013341080410346,50.13341080410346,Medium
7033,0,0.49441590446964234,49.441590446964234,Medium
7034,1,0.5464997348797412,54.64997348797412,Medium
7035,1,0.5167266958481226,51.67266958481226,Medium
7036,1,0.5143807275305021,51.438072753050214,Medium
7037,0,0.492859213585565,49.2859213585565,Medium
7038,1,0.526284939179242,52.6284939179242,Medium
7039,0,0.4869383264027113,48.693832640271125,Medium
7040,1,0.514759407208194,51.4759407208194,Medium
7041,1,0.5016253257335888,50.162532573358874,Medium
7042,1,0.508539563242741,50.853956324274094,Medium
7043,1,0.501957337501541,50.195733750154105,Medium
7044,0,0.4064763305937499,40.64763305937499,Medium
7045,0,0.479991438133649,47.999143813364896,Medium
7046,0,0.4940800668876059,49.408006688760594,Medium
7047,0,0.4903732978281441,49.03732978281441,Medium
7048,1,0.5487798539977824,54.87798539977824,Medium
7049,1,0.5139326583534833,51.39326583534833,Medium
7050,1,0.5303153750908266,53.03153750908266,Medium
7051,1,0.513608938672508,51.3608938672508,Medium
7052,1,0.5230242798647002,52.30242798647002,Medium
7053,0,0.4663963250423234,46.639632504232345,Medium
7054,0,0.4945256019008658,49.45256019008658,Medium
7055,0,0.4983453237275691,49.83453237275691,Medium
7056,1,0.5236276242845215,52.36276242845215,Medium
7057,1,0.5096063725249276,50.96063725249276,Medium
7058,1,0.5003018621257206,50.03018621257206,Medium
7059,1,0.5210454357672639,52.10454357672639,Medium
7060,1,0.5000810766164331,50.00810766164331,Medium
7061,0,0.4909050179891847,49.09050179891847,Medium
7062,1,0.5122274850425226,51.22274850425226,Medium
7063,1,0.535546576071197,53.55465760711971,Medium
7064,1,0.5281003895901311,52.810038959013106,Medium
7065,0,0.4963214947580074,49.63214947580074,Medium
7066,1,0.5144816861787316,51.44816861787316,Medium
7067,0,0.40381085671476885,40.38108567147688,Medium
7068,0,0.4928957790723235,49.28957790723235,Medium
7069,0,0.40362237464745054,40.36223746474506,Medium
7070,1,0.5194642622228313,51.94642622228313,Medium
7071,1,0.5035174174371723,50.35174174371723,Medium
7072,1,0.5329281498033901,53.29281498033901,Medium
7073,1,0.5166276674652107,51.66276674652107,Medium
7074,1,0.5173368572662317,51.73368572662317,Medium
7075,0,0.41447442406540247,41.44744240654025,Medium
7076,0,0.47613261504319265,47.61326150431927,Medium
7077,1,0.5289144466069554,52.89144466069554,Medium
7078,0,0.4946617982405763,49.46617982405763,Medium
7079,0,0.49258970612138125,49.25897061213813,Medium
7080,1,0.5161242413691716,51.612424136917156,Medium
7081,1,0.5400127550449179,54.00127550449179,Medium
7082,0,0.4975869943336971,49.758699433369706,Medium
7083,1,0.5030509388389446,50.30509388389446,Medium
7084,1,0.5050245950192916,50.50245950192917,Medium
7085,0,0.46905115794823216,46.90511579482322,Medium
7086,1,0.5135740970340107,51.35740970340107,Medium
7087,0,0.4859817483543167,48.59817483543167,Medium
7088,1,0.5258519627950112,52.585196279501126,Medium
7089,0,0.47958064588323557,47.95806458832356,Medium
7090,0,0.4742460946762084,47.42460946762084,Medium
7091,0,0.4852462144741903,48.52462144741903,Medium
7092,0,0.4953271428443232,49.53271428443232,Medium
7093,1,0.5165716338857866,51.65716338857867,Medium
7094,0,0.47799449232882824,47.79944923288282,Medium
7095,0,0.4843959107065901,48.43959107065901,Medium
7096,0,0.4876929141191379,48.76929141191379,Medium
7097,1,0.5330151973017383,53.30151973017383,Medium
7098,0,0.47956505270031513,47.95650527003151,Medium
7099,0,0.48786180335673013,48.78618033567301,Medium
7100,1,0.516226239634666,51.622623963466594,Medium
7101,0,0.48674344284450355,48.674344284450356,Medium
7102,0,0.4899278992287676,48.99278992287676,Medium
7103,1,0.5034887317546086,50.34887317546086,Medium
7104,1,0.5673444007193562,56.73444007193562,Medium
7105,1,0.5010079896545584,50.10079896545584,Medium
7106,1,0.5009392932105544,50.09392932105544,Medium
7107,0,0.4928938195562628,49.28938195562628,Medium
7108,1,0.5238640167444645,52.38640167444645,Medium
7109,0,0.49767036020135513,49.767036020135514,Medium
7110,0,0.4583023894184192,45.83023894184192,Medium
7111,0,0.4067404570766485,40.67404570766485,Medium
7112,0,0.49536770000159747,49.53677000015975,Medium
7113,1,0.5146113797946582,51.46113797946582,Medium
7114,0,0.46566123236592416,46.56612323659242,Medium
7115,1,0.5060287398227539,50.60287398227538,Medium
7116,1,0.5138504351121957,51.38504351121958,Medium
7117,1,0.5057804866505781,50.57804866505781,Medium
7118,1,0.5239366870252914,52.39366870252914,Medium
7119,0,0.4759586268314898,47.59586268314898,Medium
7120,0,0.4780711978667487,47.80711978667487,Medium
7121,0,0.48952189214274444,48.95218921427444,Medium
7122,1,0.5273570945983986,52.73570945983986,Medium
7123,1,0.518346002256521,51.8346002256521,Medium
7124,1,0.5131990754231512,51.31990754231512,Medium
7125,1,0.5106800846499858,51.068008464998584,Medium
7126,0,0.4794348129784437,47.94348129784437,Medium
7127,1,0.5170389466531016,51.70389466531016,Medium
7128,0,0.4907295682347209,49.07295682347209,Medium
7129,1,0.5067790627926099,50.67790627926099,Medium
7130,0,0.48179440403757207,48.179440403757205,Medium
7131,0,0.468272046458991,46.8272046458991,Medium
7132,1,0.5279239212393452,52.79239212393452,Medium
7133,0,0.41802011685729057,41.802011685729056,Medium
7134,0,0.4154713583567975,41.54713583567975,Medium
7135,0,0.47985219197611384,47.985219197611386,Medium
7136,0,0.4965877289212999,49.65877289212999,Medium
7137,1,0.5017219454673972,50.172194546739725,Medium
7138,0,0.484130685391868,48.413068539186796,Medium
7139,1,0.5185943273153338,51.85943273153338,Medium
7140,0,0.499605289709161,49.9605289709161,Medium
7141,1,0.5102171528586706,51.02171528586707,Medium
7142,0,0.4834078526185757,48.34078526185757,Medium
7143,0,0.4989629173748831,49.896291737488305,Medium
7144,0,0.48666958883770733,48.66695888377073,Medium
7145,1,0.5323424448303017,53.23424448303017,Medium
7146,0,0.4857812399654043,48.57812399654043,Medium
7147,1,0.5228377382361917,52.28377382361917,Medium
7148,0,0.49855828370510413,49.855828370510416,Medium
7149,0,0.44761401838479753,44.761401838479756,Medium
7150,1,0.5313356549965159,53.13356549965159,Medium
7151,0,0.44401657832701263,44.40165783270126,Medium
7152,0,0.47488267801663303,47.488267801663305,Medium
7153,0,0.4984733206108745,49.84733206108745,Medium
7154,1,0.5452240097603094,54.52240097603094,Medium
7155,0,0.477656461749869,47.7656461749869,Medium
7156,0,0.4783763733864444,47.83763733864444,Medium
7157,1,0.512954792978013,51.29547929780131,Medium
7158,1,0.511243084218493,51.12430842184929,Medium
7159,1,0.5215166259592116,52.15166259592115,Medium
7160,0,0.49406404261850695,49.406404261850696,Medium
7161,1,0.5026774179999702,50.267741799997026,Medium
7162,1,0.5200429738159555,52.004297381595556,Medium
7163,1,0.5293435593799097,52.93435593799097,Medium
7164,0,0.49453124182581043,49.45312418258104,Medium
7165,0,0.4849538553053125,48.49538553053125,Medium
7166,0,0.41634775273536423,41.63477527353642,Medium
7167,1,0.5465101307796283,54.65101307796283,Medium
7168,0,0.44212492957757604,44.212492957757604,Medium
7169,1,0.5073641891919112,50.73641891919112,Medium
7170,1,0.5354622186480428,53.54622186480428,Medium
7171,1,0.5012987833279964,50.129878332799635,Medium
7172,0,0.4614941932178793,46.14941932178793,Medium
7173,1,0.514378201230251,51.437820123025105,Medium
7174,0,0.48203000140932933,48.203000140932936,Medium
7175,1,0.5421029656978974,54.21029656978974,Medium
7176,1,0.5085910935479387,50.85910935479387,Medium
7177,0,0.4633710235743847,46.33710235743847,Medium
7178,0,0.4988827760321738,49.88827760321738,Medium
7179,0,0.48838788874189654,48.83878887418965,Medium
7180,0,0.4745505618163945,47.45505618163945,Medium
7181,0,0.486536863718414,48.653686371841395,Medium
7182,1,0.5057986325269834,50.579863252698345,Medium
7183,0,0.48297030499474297,48.297030499474296,Medium
7184,0,0.49235142545019894,49.2351425450199,Medium
7185,0,0.49834725185889217,49.83472518588922,Medium
7186,0,0.4676075083474218,46.76075083474218,Medium
7187,1,0.500834844563089,50.0834844563089,Medium
7188,1,0.5199368147912183,51.99368147912183,Medium
7189,1,0.5225457810670517,52.254578106705175,Medium
7190,0,0.4673464185325039,46.734641853250395,Medium
7191,0,0.4936597076742621,49.36597076742621,Medium
7192,1,0.5781925377707586,57.819253777075865,Medium
7193,0,0.44198209520833054,44.19820952083305,Medium
7194,0,0.4879346242444227,48.79346242444227,Medium
7195,1,0.502882067887304,50.288206788730406,Medium
7196,0,0.4672572628077052,46.725726280770516,Medium
7197,0,0.4650244221715064,46.502442217150644,Medium
7198,1,0.5358918000443236,53.58918000443236,Medium
7199,1,0.5422690690333987,54.22690690333987,Medium
7200,0,0.486089048985909,48.6089048985909,Medium
7201,1,0.5171411924264012,51.71411924264012,Medium
7202,0,0.484142362040336,48.4142362040336,Medium
7203,1,0.5434888696759128,54.348886967591284,Medium
7204,0,0.47740254484250744,47.74025448425074,Medium
7205,1,0.5131533411087262,51.31533411087263,Medium
7206,1,0.533627507948132,53.362750794813195,Medium
7207,1,0.5215241756017206,52.15241756017206,Medium
7208,1,0.5062685977874836,50.626859778748354,Medium
7209,0,0.49788937793536314,49.78893779353631,Medium
7210,0,0.47246891239754985,47.24689123975499,Medium
7211,1,0.5372755579932742,53.72755579932742,Medium
7212,0,0.46543874754108067,46.54387475410807,Medium
7213,0,0.4960116684119508,49.60116684119508,Medium
7214,0,0.4972459577605454,49.72459577605454,Medium
7215,0,0.49263391359409586,49.26339135940959,Medium
7216,0,0.44226550711419327,44.22655071141933,Medium
7217,1,0.5026792423142569,50.26792423142569,Medium
7218,0,0.4980307515403181,49.80307515403181,Medium
7219,0,0.46838756816938326,46.83875681693833,Medium
7220,1,0.5589171239647649,55.89171239647649,Medium
7221,1,0.530070389377174,53.0070389377174,Medium
7222,0,0.49349703564512915,49.349703564512915,Medium
7223,0,0.4694030100554945,46.94030100554945,Medium
7224,0,0.49749472046050364,49.749472046050364,Medium
7225,0,0.468479410085971,46.8479410085971,Medium
7226,1,0.5051467951423,50.51467951423,Medium
7227,0,0.49853006573532954,49.85300657353295,Medium
7228,1,0.5072359115889732,50.72359115889732,Medium
7229,0,0.4874400311163972,48.74400311163972,Medium
7230,0,0.4747756033112398,47.47756033112398,Medium
7231,1,0.5051742765621943,50.517427656219425,Medium
7232,1,0.5218608340481244,52.18608340481244,Medium
7233,1,0.5237639622026647,52.37639622026647,Medium
7234,1,0.5271796666160043,52.717966661600435,Medium
7235,1,0.5084772004247518,50.847720042475174,Medium
7236,0,0.4824796876110678,48.24796876110678,Medium
7237,0,0.4835803132804864,48.35803132804864,Medium
7238,0,0.47514868034513724,47.514868034513725,Medium
7239,1,0.5220481650088185,52.20481650088185,Medium
7240,0,0.44335927838247424,44.33592783824742,Medium
7241,0,0.44048747485517986,44.048747485517985,Medium
7242,1,0.5113849605731322,51.13849605731322,Medium
7243,1,0.5294565186119826,52.945651861198264,Medium
7244,1,0.5315886569067197,53.15886569067197,Medium
7245,0,0.4931766747761347,49.31766747761347,Medium
7246,1,0.5235916637725012,52.35916637725012,Medium
7247,0,0.4767477436692997,47.67477436692997,Medium
7248,0,0.49116938219378686,49.11693821937869,Medium
7249,1,0.5043448959086609,50.43448959086609,Medium
7250,0,0.4675148713536416,46.75148713536416,Medium
7251,1,0.5415182850675577,54.15182850675577,Medium
7252,1,0.5248959258408982,52.48959258408982,Medium
7253,1,0.5125687215708506,51.25687215708506,Medium
7254,1,0.5303799371311576,53.03799371311576,Medium
7255,0,0.4774178760737503,47.74178760737503,Medium
7256,0,0.49934310444001345,49.93431044400135,Medium
7257,0,0.4984304570179351,49.84304570179351,Medium
7258,1,0.5067591524919356,50.67591524919356,Medium
7259,0,0.4912746229680095,49.12746229680095,Medium
7260,1,0.5324202136114026,53.24202136114026,Medium
7261,0,0.49867477085772616,49.86747708577261,Medium
7262,0,0.45498221124089955,45.49822112408995,Medium
7263,0,0.47325550848798825,47.32555084879883,Medium
7264,1,0.5133966010882746,51.33966010882746,Medium
7265,0,0.4155065272114286,41.55065272114286,Medium
7266,0,0.49138414689797966,49.13841468979797,Medium
7267,0,0.495068673109765,49.506867310976496,Medium
7268,0,0.49203159026675314,49.203159026675316,Medium
7269,0,0.49825277159193,49.825277159193,Medium
7270,1,0.5246346156817647,52.46346156817647,Medium
7271,1,0.5123656755061783,51.23656755061783,Medium
7272,1,0.5267271204660636,52.672712046606364,Medium
7273,0,0.49355762748256654,49.35576274825665,Medium
7274,1,0.5277317285377063,52.77317285377063,Medium
7275,0,0.476717012836523,47.671701283652304,Medium
7276,1,0.5081066893024828,50.81066893024828,Medium
7277,1,0.5201931318007066,52.01931318007066,Medium
7278,1,0.5051051602223646,50.51051602223646,Medium
7279,0,0.4922735866967028,49.22735866967028,Medium
7280,0,0.41713429277602704,41.71342927760271,Medium
7281,1,0.5114954196833223,51.14954196833224,Medium
7282,0,0.48945938342163586,48.945938342163586,Medium
7283,1,0.5166533009986136,51.665330099861364,Medium
7284,1,0.511161059853868,51.116105985386795,Medium
7285,0,0.4846022069630924,48.46022069630924,Medium
7286,1,0.5121486267776317,51.21486267776317,Medium
7287,0,0.49428406097504196,49.428406097504194,Medium
7288,0,0.49111676089888967,49.11167608988897,Medium
7289,0,0.4860743399275009,48.60743399275009,Medium
7290,1,0.5289981252166803,52.89981252166803,Medium
7291,0,0.46618281821863716,46.61828182186372,Medium
7292,0,0.48968348659704053,48.968348659704056,Medium
7293,1,0.5049994336669126,50.499943366691255,Medium
7294,1,0.5389778997526138,53.897789975261375,Medium
7295,1,0.5186861015089614,51.868610150896146,Medium
7296,1,0.5219150176777361,52.19150176777361,Medium
7297,0,0.49749449762692216,49.749449762692215,Medium
7298,1,0.5053513003453691,50.53513003453691,Medium
7299,1,0.5212200022832317,52.122000228323174,Medium
7300,0,0.4686290704966593,46.86290704966593,Medium
7301,0,0.4687004545793562,46.870045457935625,Medium
7302,1,0.5041182104341315,50.411821043413156,Medium
7303,1,0.5068791531760115,50.68791531760115,Medium
7304,1,0.5061042854826225,50.610428548262256,Medium
7305,0,0.4966994505427987,49.66994505427987,Medium
7306,1,0.5366669918591062,53.666699185910616,Medium
7307,1,0.5263926983469036,52.63926983469036,Medium
7308,1,0.5032532415271691,50.32532415271691,Medium
7309,0,0.4882911432585103,48.82911432585103,Medium
7310,0,0.45708522773378496,45.7085227733785,Medium
7311,0,0.4802159889536292,48.02159889536292,Medium
7312,1,0.5055802075871202,50.55802075871202,Medium
7313,0,0.49500547161208175,49.500547161208175,Medium
7314,0,0.49074485411193947,49.07448541119395,Medium
7315,1,0.5158620022151341,51.58620022151341,Medium
7316,1,0.5373365583608389,53.73365583608389,Medium
7317,1,0.503319124235072,50.3319124235072,Medium
7318,0,0.46916815174667803,46.9168151746678,Medium
7319,0,0.46794423797466744,46.79442379746674,Medium
7320,1,0.5011931232998171,50.11931232998171,Medium
7321,1,0.5306861429694062,53.068614296940616,Medium
7322,0,0.4926192112363782,49.26192112363782,Medium
7323,1,0.5029023046609679,50.29023046609679,Medium
7324,1,0.500546661445039,50.0546661445039,Medium
7325,1,0.5154462934124548,51.54462934124548,Medium
7326,0,0.48142379718451966,48.14237971845196,Medium
7327,0,0.46416586744063776,46.41658674406378,Medium
7328,0,0.490919253831549,49.0919253831549,Medium
7329,0,0.49382740157801036,49.38274015780104,Medium
7330,1,0.5082691998662462,50.82691998662462,Medium
7331,1,0.5066427299996353,50.664272999963536,Medium
7332,0,0.4913685632467734,49.13685632467734,Medium
7333,1,0.5268261297489966,52.682612974899655,Medium
7334,0,0.4891938867814674,48.91938867814674,Medium
7335,1,0.515051133275533,51.505113327553296,Medium
7336,0,0.464341523602523,46.4341523602523,Medium
7337,1,0.5512813459591674,55.12813459591675,Medium
7338,1,0.5428717232204143,54.287172322041435,Medium
7339,1,0.522754353823682,52.275435382368194,Medium
7340,1,0.5043469540319133,50.434695403191334,Medium
7341,1,0.5074059503259727,50.74059503259727,Medium
7342,1,0.506069115509189,50.606911550918895,Medium
7343,0,0.43843215272233954,43.843215272233955,Medium
7344,0,0.49106584432071454,49.10658443207146,Medium
7345,0,0.4430393833873483,44.303938338734824,Medium
7346,1,0.5266922885849344,52.66922885849345,Medium
7347,0,0.4679438728333533,46.79438728333533,Medium
7348,1,0.5112950565777125,51.12950565777125,Medium
7349,1,0.5133495369398614,51.334953693986144,Medium
7350,1,0.5159756187277063,51.597561872770626,Medium
7351,1,0.548503570599031,54.8503570599031,Medium
7352,1,0.5184184786837828,51.841847868378274,Medium
7353,0,0.4989689913426791,49.896899134267905,Medium
7354,1,0.5354397613901789,53.54397613901789,Medium
7355,0,0.4861555100042015,48.61555100042015,Medium
7356,1,0.5274669147074182,52.74669147074182,Medium
7357,1,0.5007580958430575,50.07580958430575,Medium
7358,1,0.5280930863902294,52.809308639022944,Medium
7359,1,0.503283726947459,50.3283726947459,Medium
7360,0,0.4916729222717368,49.16729222717368,Medium
7361,0,0.4470855210852056,44.708552108520564,Medium
7362,0,0.49347110679138445,49.347110679138446,Medium
7363,1,0.5243060655801813,52.430606558018134,Medium
7364,1,0.5133286141133295,51.332861411332956,Medium
7365,1,0.5139862724223788,51.39862724223788,Medium
7366,0,0.4807141074727918,48.07141074727918,Medium
7367,1,0.5355033915301055,53.550339153010555,Medium
7368,0,0.493219894816526,49.3219894816526,Medium
7369,0,0.48352972215287376,48.35297221528737,Medium
7370,0,0.4873819191145906,48.73819191145906,Medium
7371,0,0.48689879620699905,48.689879620699905,Medium
7372,1,0.5116225541619916,51.162255416199166,Medium
7373,0,0.4801961209050927,48.01961209050927,Medium
7374,0,0.47027690690905904,47.02769069090591,Medium
7375,1,0.5029537053826271,50.29537053826271,Medium
7376,1,0.5372064738747749,53.72064738747749,Medium
7377,0,0.3810306395977438,38.10306395977438,Medium
7378,0,0.4609715038774686,46.09715038774686,Medium
7379,0,0.4893736051219976,48.93736051219976,Medium
7380,1,0.5219631504842596,52.19631504842596,Medium
7381,0,0.48335609478309033,48.33560947830903,Medium
7382,1,0.516904427265543,51.690442726554295,Medium
7383,0,0.4824532410939069,48.245324109390694,Medium
7384,1,0.5218884553614159,52.18884553614159,Medium
7385,0,0.49472347934701816,49.472347934701816,Medium
7386,0,0.47697168863019257,47.69716886301926,Medium
7387,1,0.5322483383935445,53.224833839354446,Medium
7388,0,0.4955175149345047,49.55175149345047,Medium
7389,0,0.49025288255996896,49.0252882559969,Medium
7390,1,0.5183552860490439,51.83552860490439,Medium
7391,1,0.5078219285862171,50.78219285862171,Medium
7392,0,0.4808951714247201,48.08951714247201,Medium
7393,1,0.5215663421480566,52.15663421480566,Medium
7394,1,0.5188703003489527,51.88703003489527,Medium
7395,0,0.4720217210077123,47.20217210077123,Medium
7396,1,0.5356557491006303,53.56557491006303,Medium
7397,0,0.4834579123119741,48.34579123119741,Medium
7398,1,0.5217972662612773,52.17972662612773,Medium
7399,0,0.49896815623698265,49.89681562369827,Medium
7400,1,0.5031074202460404,50.31074202460404,Medium
7401,1,0.5004540984327863,50.045409843278634,Medium
7402,1,0.5174268236610851,51.742682366108504,Medium
7403,1,0.528494802992982,52.8494802992982,Medium
7404,1,0.5075438862959382,50.75438862959382,Medium
7405,1,0.5175031330834766,51.750313308347664,Medium
7406,1,0.5096886878814547,50.96886878814547,Medium
7407,0,0.49927682501739096,49.9276825017391,Medium
7408,0,0.47546242289655116,47.54624228965512,Medium
7409,1,0.5405534931075414,54.05534931075414,Medium
7410,0,0.4813238631959447,48.132386319594474,Medium
7411,1,0.5377826330343868,53.77826330343868,Medium
7412,0,0.4795627568480661,47.95627568480661,Medium
7413,1,0.5285114277355297,52.85114277355297,Medium
7414,0,0.49775838626449265,49.775838626449264,Medium
7415,1,0.51652877345494,51.652877345494,Medium
7416,1,0.5203645649490429,52.03645649490429,Medium
7417,1,0.5017626721887319,50.17626721887319,Medium
7418,0,0.4824535468722142,48.24535468722142,Medium
7419,0,0.4926109538781132,49.261095387811324,Medium
7420,0,0.4930712920428683,49.30712920428683,Medium
7421,0,0.48680084528368045,48.68008452836804,Medium
7422,0,0.49085208630149657,49.08520863014966,Medium
7423,0,0.4860797997896709,48.607979978967094,Medium
7424,0,0.40774610182625914,40.77461018262591,Medium
7425,0,0.458903099397796,45.8903099397796,Medium
7426,0,0.4869231798187086,48.69231798187086,Medium
7427,0,0.48154812323089335,48.15481232308934,Medium
7428,0,0.4903467973396466,49.03467973396466,Medium
7429,0,0.4778563994923067,47.78563994923067,Medium
7430,1,0.5688237351056282,56.88237351056282,Medium
7431,0,0.42046239978026806,42.046239978026804,Medium
7432,0,0.4779706117971905,47.79706117971905,Medium
7433,0,0.47627632259341857,47.62763225934186,Medium
7434,1,0.5016087173393244,50.160871733932446,Medium
7435,0,0.4604756667000004,46.04756667000004,Medium
7436,1,0.5241865063733918,52.418650637339184,Medium
7437,1,0.5317531896357526,53.17531896357526,Medium
7438,0,0.44466855094491203,44.4668550944912,Medium
7439,1,0.5013763929449444,50.13763929449444,Medium
7440,0,0.4769722134419812,47.69722134419812,Medium
7441,0,0.4918242980161288,49.182429801612884,Medium
7442,1,0.5220690490540494,52.20690490540494,Medium
7443,0,0.4963118480955936,49.63118480955936,Medium
7444,0,0.4863953993586173,48.639539935861734,Medium
7445,0,0.4757530351063099,47.57530351063099,Medium
7446,0,0.4993288116019685,49.93288116019685,Medium
7447,1,0.5029118677741176,50.29118677741175,Medium
7448,1,0.5036390324760025,50.36390324760025,Medium
7449,0,0.49088288552926196,49.088288552926194,Medium
7450,0,0.47639224125634333,47.639224125634335,Medium
7451,1,0.5654967060749483,56.54967060749483,Medium
7452,1,0.5043926968932665,50.43926968932665,Medium
7453,1,0.523946640510829,52.3946640510829,Medium
7454,0,0.49161611910435077,49.16161191043508,Medium
7455,1,0.5347305573858954,53.47305573858954,Medium
7456,1,0.5380198639643424,53.801986396434245,Medium
7457,1,0.5191595011761434,51.915950117614344,Medium
7458,0,0.4897179491061406,48.97179491061406,Medium
7459,1,0.5024758306980981,50.24758306980981,Medium
7460,1,0.5022515777457465,50.22515777457465,Medium
7461,0,0.39053452468084215,39.05345246808422,Medium
7462,1,0.5071784027427846,50.71784027427846,Medium
7463,1,0.5194651568976649,51.94651568976649,Medium
7464,0,0.48832697315092544,48.832697315092545,Medium
7465,1,0.5276849311900571,52.76849311900571,Medium
7466,0,0.48573891078338954,48.57389107833895,Medium
7467,0,0.48730282335955916,48.73028233595591,Medium
7468,0,0.49425457937072714,49.425457937072714,Medium
7469,1,0.5364254713734685,53.64254713734685,Medium
7470,0,0.46111018293080047,46.11101829308005,Medium
7471,0,0.47037873736951763,47.03787373695177,Medium
7472,0,0.4736636463581182,47.36636463581182,Medium
7473,1,0.5071258749371759,50.712587493717585,Medium
7474,1,0.5099557689673593,50.995576896735926,Medium
7475,0,0.49939739707434627,49.939739707434626,Medium
7476,0,0.4632948753659651,46.32948753659651,Medium
7477,1,0.5390957622717806,53.90957622717806,Medium
7478,0,0.4736037516843642,47.36037516843642,Medium
7479,0,0.46614861703589555,46.614861703589554,Medium
7480,0,0.4952488040764655,49.52488040764655,Medium
7481,0,0.49820903774579645,49.82090377457965,Medium
7482,1,0.5029788694050389,50.297886940503886,Medium
7483,0,0.4741133202054548,47.41133202054548,Medium
7484,0,0.4984056700308563,49.84056700308563,Medium
7485,1,0.5239121209153949,52.39121209153949,Medium
7486,0,0.4870766949333363,48.707669493333626,Medium
7487,0,0.4891934670204863,48.91934670204863,Medium
7488,0,0.49995831672826346,49.99583167282635,Medium
7489,0,0.4955400991618192,49.55400991618192,Medium
7490,0,0.4979294281902269,49.79294281902269,Medium
7491,1,0.5135668634036996,51.35668634036996,Medium
7492,0,0.4824699176708445,48.24699176708445,Medium
7493,1,0.5284182459144592,52.84182459144592,Medium
7494,0,0.47538029723251585,47.53802972325158,Medium
7495,1,0.5177521461556748,51.77521461556748,Medium
7496,0,0.49560227445101945,49.560227445101944,Medium
7497,0,0.49304025341544855,49.30402534154486,Medium
7498,0,0.4884526529844777,48.84526529844777,Medium
7499,0,0.47326601318551287,47.32660131855128,Medium
7500,0,0.4923548573348782,49.23548573348782,Medium
7501,0,0.490457395366667,49.0457395366667,Medium
7502,0,0.4908070503995152,49.080705039951525,Medium
7503,0,0.4930460938019862,49.30460938019862,Medium
7504,1,0.5098728263474014,50.98728263474014,Medium
7505,0,0.4785747200119137,47.85747200119137,Medium
7506,1,0.5190523658194945,51.90523658194945,Medium
7507,0,0.4797068040761683,47.970680407616825,Medium
7508,0,0.48040619659449196,48.0406196594492,Medium
7509,1,0.5023247177994831,50.232471779948305,Medium
7510,1,0.5124607620053695,51.24607620053695,Medium
7511,1,0.5301301221344369,53.01301221344369,Medium
7512,0,0.4694677638606169,46.94677638606169,Medium
7513,0,0.4598268040171231,45.98268040171231,Medium
7514,0,0.4746306088152752,47.46306088152752,Medium
7515,1,0.5109509335340601,51.09509335340601,Medium
7516,1,0.51283380710413,51.283380710413,Medium
7517,0,0.47903192465754957,47.903192465754955,Medium
7518,0,0.49073847008627924,49.07384700862792,Medium
7519,1,0.520835737033632,52.08357370336319,Medium
7520,1,0.5326124493241992,53.26124493241991,Medium
7521,1,0.5360930166056066,53.60930166056066,Medium
7522,1,0.5130087604850487,51.300876048504875,Medium
7523,0,0.4908920270548997,49.08920270548997,Medium
7524,0,0.46408463443929193,46.40846344392919,Medium
7525,1,0.525880496360663,52.5880496360663,Medium
7526,1,0.5222462216858911,52.22462216858911,Medium
7527,0,0.4761824940704692,47.61824940704692,Medium
7528,1,0.5573589296054803,55.73589296054803,Medium
7529,1,0.5168949629501071,51.689496295010706,Medium
7530,0,0.49607129627499363,49.60712962749936,Medium
7531,0,0.4969716108522516,49.69716108522516,Medium
7532,1,0.5215066479894706,52.150664798947055,Medium
7533,1,0.5123779480990007,51.23779480990007,Medium
7534,1,0.5175736574666945,51.75736574666945,Medium
7535,0,0.4769169623892533,47.69169623892533,Medium
7536,1,0.522825155476123,52.2825155476123,Medium
7537,1,0.5283311945272977,52.83311945272977,Medium
7538,1,0.5581186665358454,55.81186665358454,Medium
7539,1,0.5150580782736346,51.50580782736346,Medium
7540,1,0.5110811998165274,51.10811998165274,Medium
7541,0,0.49607270203708287,49.60727020370829,Medium
7542,1,0.5010700812289961,50.10700812289961,Medium
7543,0,0.4760953358138886,47.60953358138886,Medium
7544,1,0.5477933014958698,54.77933014958698,Medium
7545,1,0.5045009101286536,50.450091012865364,Medium
7546,1,0.5650135245986897,56.50135245986897,Medium
7547,1,0.51212911150175,51.212911150175,Medium
7548,1,0.5386049894625194,53.860498946251944,Medium
7549,1,0.5418255661778354,54.18255661778354,Medium
7550,0,0.48531452980544576,48.53145298054458,Medium
7551,0,0.49894821799288525,49.89482179928852,Medium
7552,0,0.47670373788490294,47.670373788490295,Medium
7553,1,0.5224866307870051,52.24866307870051,Medium
7554,0,0.4975452852559395,49.75452852559395,Medium
7555,1,0.5220023371170192,52.20023371170191,Medium
7556,0,0.47520050656593465,47.52005065659347,Medium
7557,1,0.5116830853378403,51.168308533784035,Medium
7558,1,0.5858869124402375,58.58869124402375,Medium
7559,1,0.5232063402088565,52.32063402088565,Medium
7560,0,0.4983019441939873,49.83019441939873,Medium
7561,1,0.5280290372414645,52.802903724146454,Medium
7562,1,0.5504702152274302,55.04702152274302,Medium
7563,1,0.5449493761893838,54.49493761893838,Medium
7564,0,0.4940362652854585,49.40362652854585,Medium
7565,1,0.5170349544749657,51.70349544749657,Medium
7566,1,0.5207171900710432,52.07171900710432,Medium
7567,0,0.425726106074159,42.5726106074159,Medium
7568,1,0.5129553385301802,51.295533853018014,Medium
7569,0,0.4743213567062702,47.43213567062702,Medium
7570,1,0.514031178663487,51.4031178663487,Medium
7571,0,0.4876403342522682,48.76403342522682,Medium
7572,1,0.5195586568268573,51.95586568268573,Medium
7573,0,0.499745748646468,49.9745748646468,Medium
7574,0,0.4876627646925608,48.766276469256084,Medium
7575,0,0.4975844642807732,49.75844642807732,Medium
7576,0,0.49974542347736883,49.974542347736886,Medium
7577,1,0.5236646688364498,52.36646688364498,Medium
7578,1,0.5192343341260658,51.92343341260658,Medium
7579,1,0.5157935204055789,51.57935204055789,Medium
7580,0,0.48210758006919036,48.210758006919036,Medium
7581,0,0.48177969181881175,48.177969181881174,Medium
7582,0,0.4712777879886776,47.12777879886776,Medium
7583,0,0.4958509652907957,49.58509652907957,Medium
7584,1,0.5146071212049337,51.46071212049337,Medium
7585,1,0.529391516621118,52.939151662111804,Medium
7586,1,0.506730113258993,50.673011325899296,Medium
7587,0,0.4821136814275677,48.21136814275677,Medium
7588,1,0.5182969653648849,51.82969653648849,Medium
7589,0,0.49505403904137696,49.505403904137694,Medium
7590,0,0.4970955077866923,49.70955077866923,Medium
7591,0,0.49767451623867925,49.76745162386793,Medium
7592,1,0.5098678340563082,50.98678340563082,Medium
7593,1,0.5067120762204551,50.671207622045515,Medium
7594,0,0.4718116035243619,47.181160352436194,Medium
7595,1,0.5476190578682567,54.76190578682567,Medium
7596,1,0.5044250179519172,50.44250179519172,Medium
7597,0,0.4750024090868913,47.50024090868913,Medium
7598,0,0.4761940089348579,47.61940089348579,Medium
7599,1,0.5002895689300957,50.02895689300957,Medium
7600,1,0.5128882831986004,51.28882831986004,Medium
7601,1,0.5135477229526872,51.354772295268724,Medium
7602,0,0.47636756421407894,47.636756421407895,Medium
7603,0,0.47997202415672197,47.9972024156722,Medium
7604,1,0.5043155886279496,50.43155886279496,Medium
7605,0,0.4915654014125859,49.156540141258596,Medium
7606,1,0.507143970188634,50.7143970188634,Medium
7607,0,0.45054371964797724,45.054371964797724,Medium
7608,0,0.49685571936680134,49.685571936680134,Medium
7609,1,0.5153866131996464,51.53866131996464,Medium
7610,1,0.5097690142617322,50.976901426173214,Medium
7611,1,0.5396090033493489,53.96090033493489,Medium
7612,0,0.49385195391030046,49.385195391030045,Medium
7613,0,0.4830835427611452,48.30835427611452,Medium
7614,0,0.4882618029638415,48.826180296384145,Medium
7615,0,0.4994461863084629,49.944618630846286,Medium
7616,0,0.4923482164901938,49.23482164901938,Medium
7617,1,0.5352975362504934,53.52975362504934,Medium
7618,0,0.4911610393914068,49.11610393914068,Medium
7619,0,0.4418820759823274,44.188207598232744,Medium
7620,1,0.5006896713611153,50.06896713611153,Medium
7621,0,0.4787184222841941,47.87184222841941,Medium
7622,1,0.5254058379855739,52.54058379855739,Medium
7623,0,0.49071564438574117,49.071564438574114,Medium
7624,0,0.4999717962034753,49.99717962034753,Medium
7625,0,0.4843992463254477,48.439924632544766,Medium
7626,0,0.48345726965690056,48.345726965690055,Medium
7627,0,0.47499695172331274,47.49969517233127,Medium
7628,0,0.4827920965787094,48.27920965787094,Medium
7629,0,0.48077054312422096,48.0770543124221,Medium
7630,1,0.5075087667407011,50.75087667407011,Medium
7631,0,0.4879978981507126,48.79978981507126,Medium
7632,1,0.5193449008247966,51.934490082479655,Medium
7633,1,0.5191895552789147,51.91895552789148,Medium
7634,0,0.4891642314099748,48.91642314099748,Medium
7635,1,0.5213820982417537,52.13820982417538,Medium
7636,1,0.5169398845585422,51.693988455854225,Medium
7637,1,0.5072892125262286,50.72892125262286,Medium
7638,1,0.5128618027666003,51.28618027666003,Medium
7639,1,0.5387130477314385,53.87130477314385,Medium
7640,1,0.5102786219408876,51.027862194088755,Medium
7641,1,0.5038699887478867,50.38699887478867,Medium
7642,1,0.5129568122360053,51.29568122360053,Medium
7643,1,0.5414744699525071,54.14744699525072,Medium
7644,0,0.4785556689540144,47.85556689540144,Medium
7645,1,0.5228630952267282,52.28630952267282,Medium
7646,1,0.5058275248433832,50.58275248433832,Medium
7647,0,0.44685462567087786,44.68546256708778,Medium
7648,1,0.5040631870520658,50.40631870520657,Medium
7649,0,0.4864616458167291,48.64616458167291,Medium
7650,0,0.49481687705566285,49.48168770556629,Medium
7651,0,0.4994534420526791,49.94534420526791,Medium
7652,0,0.4807791409784595,48.07791409784595,Medium
7653,1,0.5195538277281658,51.955382772816584,Medium
7654,0,0.4857100263711259,48.57100263711259,Medium
7655,0,0.44492294002051497,44.492294002051494,Medium
7656,0,0.4890067283854194,48.900672838541944,Medium
7657,1,0.5070623683582375,50.706236835823745,Medium
7658,1,0.5143684490796824,51.436844907968236,Medium
7659,1,0.5445937306935659,54.45937306935659,Medium
7660,0,0.4979463365387232,49.794633653872324,Medium
7661,1,0.5144544600088959,51.445446000889596,Medium
7662,0,0.4869867746170305,48.69867746170305,Medium
7663,0,0.48802379072180296,48.802379072180294,Medium
7664,0,0.4733059921244028,47.330599212440276,Medium
7665,0,0.4813596848673769,48.13596848673769,Medium
7666,1,0.5074203893641195,50.74203893641195,Medium
7667,0,0.49188174017980896,49.1881740179809,Medium
7668,1,0.5120231716095834,51.202317160958344,Medium
7669,0,0.46061338656075296,46.06133865607529,Medium
7670,0,0.4868027304804761,48.68027304804761,Medium
7671,1,0.5301431634271302,53.014316342713016,Medium
7672,0,0.4977062068512396,49.77062068512396,Medium
7673,1,0.5109893090438701,51.09893090438701,Medium
7674,1,0.5149400703618972,51.494007036189714,Medium
7675,1,0.5434076236774855,54.34076236774855,Medium
7676,1,0.5257521581138951,52.57521581138951,Medium
7677,0,0.4767606888562837,47.67606888562837,Medium
7678,0,0.47996773552648686,47.99677355264868,Medium
7679,1,0.5232635932658047,52.32635932658047,Medium
7680,1,0.5067143275824258,50.67143275824259,Medium
7681,1,0.5150278762643132,51.50278762643132,Medium
7682,0,0.4587290754261345,45.87290754261345,Medium
7683,1,0.5008438909027358,50.08438909027358,Medium
7684,1,0.51217383295137,51.217383295137,Medium
7685,1,0.5130120993740247,51.30120993740247,Medium
7686,1,0.5088160297752164,50.881602977521645,Medium
7687,1,0.5201010003507317,52.01010003507317,Medium
7688,1,0.5161785992407157,51.617859924071574,Medium
7689,1,0.5055943352329801,50.55943352329801,Medium
7690,1,0.5141070925492951,51.41070925492951,Medium
7691,1,0.5044626337051425,50.44626337051425,Medium
7692,0,0.4815827682266891,48.15827682266891,Medium
7693,0,0.49237359349833126,49.23735934983313,Medium
7694,0,0.4886508243838461,48.86508243838461,Medium
7695,0,0.4920341795797474,49.203417957974736,Medium
7696,1,0.5180488549041009,51.80488549041009,Medium
7697,1,0.5019686866830617,50.19686866830617,Medium
7698,0,0.3963858580603008,39.63858580603008,Medium
7699,1,0.501298875896002,50.129887589600195,Medium
7700,1,0.521206014236194,52.1206014236194,Medium
7701,1,0.5316115842746143,53.16115842746143,Medium
7702,1,0.5311270925807206,53.11270925807206,Medium
7703,0,0.4903784642194377,49.03784642194377,Medium
7704,0,0.48965765449366994,48.96576544936699,Medium
7705,1,0.5136062538751978,51.360625387519775,Medium
7706,1,0.515468678552838,51.54686785528379,Medium
7707,0,0.48592808643576463,48.59280864357646,Medium
7708,1,0.5176166814257934,51.76166814257934,Medium
7709,0,0.4896353882833431,48.96353882833431,Medium
7710,0,0.4878049441724498,48.78049441724498,Medium
7711,1,0.5259416937421427,52.594169374214275,Medium
7712,0,0.48358152730697523,48.358152730697526,Medium
7713,0,0.4930974838390835,49.30974838390835,Medium
7714,0,0.4666219724523673,46.66219724523673,Medium
7715,1,0.529902629084319,52.990262908431895,Medium
7716,0,0.49111880345715947,49.111880345715946,Medium
7717,0,0.4949199019735708,49.491990197357076,Medium
7718,1,0.5489484000539725,54.89484000539725,Medium
7719,0,0.4597785123286975,45.977851232869746,Medium
7720,1,0.509892012549344,50.9892012549344,Medium
7721,1,0.5230021342746451,52.30021342746451,Medium
7722,0,0.4895455035619133,48.954550356191326,Medium
7723,0,0.44160346194565475,44.16034619456548,Medium
7724,1,0.5148862467033477,51.48862467033477,Medium
7725,1,0.5004716649217041,50.04716649217041,Medium
7726,0,0.49592967288549683,49.59296728854968,Medium
7727,1,0.5252295962043283,52.52295962043283,Medium
7728,0,0.4834740835875157,48.34740835875157,Medium
7729,0,0.4963994595437446,49.63994595437446,Medium
7730,0,0.4892470983749103,48.92470983749103,Medium
7731,0,0.4742418688654074,47.424186886540745,Medium
7732,1,0.5049356988493375,50.493569884933756,Medium
7733,0,0.4812765307146543,48.12765307146543,Medium
7734,1,0.5240643530823897,52.406435308238976,Medium
7735,1,0.5221000134046172,52.21000134046172,Medium
7736,0,0.4893282015827048,48.93282015827048,Medium
7737,1,0.510068248865746,51.0068248865746,Medium
7738,0,0.4999288439868538,49.992884398685376,Medium
7739,0,0.49268071717412726,49.268071717412724,Medium
7740,1,0.5190031070020148,51.90031070020148,Medium
7741,0,0.49167867010060645,49.16786701006065,Medium
7742,1,0.527807018615746,52.7807018615746,Medium
7743,0,0.4857094383242453,48.57094383242453,Medium
7744,0,0.4607159604157398,46.07159604157398,Medium
7745,1,0.5185413900115137,51.85413900115137,Medium
7746,1,0.548084441265242,54.8084441265242,Medium
7747,0,0.4902301282993882,49.02301282993882,Medium
7748,1,0.5168061730295492,51.68061730295492,Medium
7749,1,0.501837383551131,50.18373835511311,Medium
7750,1,0.5138126071934739,51.38126071934739,Medium
7751,1,0.512858782773184,51.285878277318396,Medium
7752,0,0.4569932025154656,45.69932025154656,Medium
7753,0,0.4893991684219112,48.939916842191124,Medium
7754,1,0.5212964164509413,52.129641645094125,Medium
7755,1,0.5112253322384561,51.122533223845615,Medium
7756,1,0.5109626714504282,51.096267145042816,Medium
7757,0,0.4971565239128163,49.71565239128163,Medium
7758,0,0.4626169325103896,46.26169325103896,Medium
7759,1,0.5657429861738202,56.57429861738203,Medium
7760,0,0.4755959925978077,47.55959925978077,Medium
7761,1,0.5011593745001459,50.11593745001459,Medium
7762,1,0.5039032899957255,50.39032899957255,Medium
7763,1,0.5061579268956931,50.615792689569304,Medium
7764,1,0.5060907020920358,50.60907020920358,Medium
7765,0,0.4852832511013195,48.528325110131945,Medium
7766,1,0.5408474842745101,54.08474842745101,Medium
7767,0,0.47955915246563796,47.9559152465638,Medium
7768,1,0.5328435758101394,53.28435758101394,Medium
7769,1,0.5363729848649322,53.63729848649322,Medium
7770,1,0.5222568629836286,52.22568629836286,Medium
7771,0,0.48748257759039915,48.748257759039916,Medium
7772,1,0.557348776853568,55.7348776853568,Medium
7773,1,0.5109348842373896,51.09348842373896,Medium
7774,0,0.47594656271336144,47.59465627133614,Medium
7775,1,0.5088762611400356,50.88762611400356,Medium
7776,1,0.5002938000375311,50.02938000375311,Medium
7777,1,0.5325744213254647,53.25744213254647,Medium
7778,0,0.4921545880662389,49.21545880662389,Medium
7779,0,0.47352694766639475,47.35269476663947,Medium
7780,0,0.45804665250634646,45.80466525063465,Medium
7781,0,0.48018895056877536,48.01889505687754,Medium
7782,0,0.4998178616090538,49.98178616090538,Medium
7783,1,0.5190456035979462,51.904560359794615,Medium
7784,0,0.4705023163840115,47.05023163840115,Medium
7785,1,0.5429484132369246,54.29484132369245,Medium
7786,0,0.48647324983461476,48.64732498346147,Medium
7787,0,0.48204883015410055,48.204883015410054,Medium
7788,1,0.5061118780367444,50.61118780367444,Medium
7789,1,0.5065532020468694,50.65532020468694,Medium
7790,0,0.4904223468744383,49.04223468744383,Medium
7791,0,0.48758051209900716,48.758051209900714,Medium
7792,1,0.5018805993034342,50.18805993034342,Medium
7793,1,0.5135357481070005,51.35357481070005,Medium
7794,1,0.5558791894466777,55.58791894466777,Medium
7795,1,0.5393881331235465,53.93881331235465,Medium
7796,1,0.5159560996158703,51.59560996158703,Medium
7797,1,0.5446496451454208,54.46496451454208,Medium
7798,0,0.48642816807420985,48.642816807420985,Medium
7799,1,0.5238329954535104,52.383299545351036,Medium
7800,1,0.5168606403705731,51.686064037057314,Medium
7801,1,0.50158927895195,50.158927895195006,Medium
7802,0,0.475450328918551,47.5450328918551,Medium
7803,0,0.4770819309662982,47.70819309662982,Medium
7804,1,0.5042773282098951,50.42773282098951,Medium
7805,0,0.45922525733143077,45.922525733143075,Medium
7806,0,0.4664277390209029,46.64277390209029,Medium
7807,0,0.4836198494611578,48.36198494611578,Medium
7808,1,0.5034406180389785,50.34406180389786,Medium
7809,0,0.47550433209085974,47.55043320908597,Medium
7810,1,0.5175784681659692,51.75784681659692,Medium
7811,1,0.5031242337499661,50.312423374996605,Medium
7812,1,0.5091961679483258,50.91961679483258,Medium
7813,0,0.44009826196778934,44.00982619677893,Medium
7814,1,0.5170399149450654,51.70399149450654,Medium
7815,0,0.4517342377460607,45.17342377460607,Medium
7816,1,0.5111821318730053,51.11821318730053,Medium
7817,0,0.47541951247515574,47.54195124751558,Medium
7818,0,0.46069529979844526,46.069529979844525,Medium
7819,0,0.48708516734491586,48.70851673449159,Medium
7820,1,0.5023801154985958,50.238011549859586,Medium
7821,1,0.5364659420539248,53.64659420539248,Medium
7822,1,0.5174848705238604,51.74848705238604,Medium
7823,0,0.48887421227674,48.887421227674,Medium
7824,1,0.5036945330111493,50.36945330111493,Medium
7825,0,0.47497181999968674,47.497181999968674,Medium
7826,0,0.4847286289312519,48.47286289312519,Medium
7827,1,0.5294492176901698,52.944921769016986,Medium
7828,0,0.492384788928333,49.2384788928333,Medium
7829,0,0.48612169942979194,48.61216994297919,Medium
7830,0,0.49944912471359176,49.944912471359174,Medium
7831,1,0.5115065600947621,51.150656009476215,Medium
7832,1,0.5042367563266081,50.42367563266082,Medium
7833,0,0.4692271088472448,46.92271088472448,Medium
7834,1,0.5080612151377247,50.806121513772474,Medium
7835,0,0.49723080551808063,49.72308055180806,Medium
7836,0,0.4548503254945054,45.48503254945054,Medium
7837,1,0.533338925905242,53.3338925905242,Medium
7838,1,0.5186446388392901,51.86446388392901,Medium
7839,0,0.49917905065899637,49.91790506589964,Medium
7840,0,0.42577007128258215,42.57700712825822,Medium
7841,0,0.4758818303069991,47.58818303069991,Medium
7842,0,0.47304265933789363,47.30426593378937,Medium
7843,0,0.48117137373502183,48.11713737350218,Medium
7844,1,0.500988108858643,50.098810885864296,Medium
7845,0,0.4957402519919758,49.57402519919758,Medium
7846,0,0.493227727064304,49.3227727064304,Medium
7847,1,0.5023771042753353,50.237710427533536,Medium
7848,0,0.4613086321524738,46.13086321524738,Medium
7849,1,0.5166932820297995,51.66932820297995,Medium
7850,0,0.47428364695385533,47.42836469538553,Medium
7851,0,0.49423815488467754,49.42381548846775,Medium
7852,0,0.4820671220674316,48.206712206743155,Medium
7853,1,0.5132819053415829,51.32819053415829,Medium
7854,1,0.5394796993143705,53.947969931437044,Medium
7855,1,0.5160128531253807,51.60128531253807,Medium
7856,0,0.4776917026935618,47.76917026935618,Medium
7857,0,0.4800775633966175,48.00775633966175,Medium
7858,0,0.49081327972347855,49.08132797234786,Medium
7859,0,0.45862492099322877,45.86249209932288,Medium
7860,0,0.4848149939758846,48.481499397588465,Medium
7861,1,0.5129901670820672,51.29901670820672,Medium
7862,1,0.5139362196742439,51.39362196742439,Medium
7863,0,0.484418831424634,48.441883142463396,Medium
7864,0,0.4781244674079076,47.81244674079076,Medium
7865,1,0.501417605265505,50.141760526550506,Medium
7866,1,0.513213730198266,51.3213730198266,Medium
7867,0,0.49671130453043133,49.67113045304313,Medium
7868,0,0.49653356234135076,49.653356234135074,Medium
7869,1,0.5019311539447091,50.19311539447091,Medium
7870,0,0.4854134488822148,48.54134488822148,Medium
7871,0,0.48091798559893545,48.09179855989355,Medium
7872,1,0.528114237151918,52.81142371519179,Medium
7873,1,0.5301178820847424,53.01178820847424,Medium
7874,0,0.4930026112216055,49.30026112216055,Medium
7875,0,0.4733048174514331,47.33048174514331,Medium
7876,0,0.47997804340348854,47.99780434034886,Medium
7877,0,0.4900482392072799,49.00482392072799,Medium
7878,0,0.45948795081258687,45.94879508125869,Medium
7879,0,0.4931329745780768,49.31329745780768,Medium
7880,0,0.46366578635775324,46.366578635775326,Medium
7881,1,0.5037886090443823,50.37886090443823,Medium
7882,1,0.5257500335423795,52.57500335423795,Medium
7883,0,0.49124056922475473,49.124056922475475,Medium
7884,1,0.5139634777872576,51.39634777872576,Medium
7885,0,0.48941507902684017,48.941507902684016,Medium
7886,0,0.4631093170017853,46.31093170017853,Medium
7887,0,0.4726049838778185,47.26049838778185,Medium
7888,0,0.4746433266425813,47.46433266425813,Medium
7889,1,0.5632606254920549,56.32606254920549,Medium
7890,0,0.41720517026391796,41.720517026391796,Medium
7891,0,0.4431844795823145,44.31844795823145,Medium
7892,0,0.48961183854736046,48.96118385473605,Medium
7893,0,0.4945405018028648,49.45405018028648,Medium
7894,1,0.5250465691433818,52.50465691433818,Medium
7895,0,0.4856294547997555,48.562945479975554,Medium
7896,0,0.48488905261814186,48.48890526181419,Medium
7897,1,0.5026794613690317,50.26794613690318,Medium
7898,1,0.5006158039192176,50.06158039192176,Medium
7899,0,0.486572271262097,48.657227126209705,Medium
7900,0,0.49346900327397053,49.34690032739705,Medium
7901,1,0.5321750903256497,53.21750903256497,Medium
7902,0,0.47892422836401466,47.892422836401465,Medium
7903,0,0.475570918389936,47.5570918389936,Medium
7904,1,0.532269439653586,53.2269439653586,Medium
7905,1,0.5191350377453019,51.91350377453019,Medium
7906,0,0.4763699674518383,47.63699674518383,Medium
7907,0,0.4744853575889436,47.44853575889436,Medium
7908,0,0.4785943246337244,47.85943246337244,Medium
7909,1,0.5029702504621675,50.297025046216746,Medium
7910,0,0.46986084771980424,46.98608477198042,Medium
7911,0,0.4782351207902493,47.82351207902493,Medium
7912,1,0.5041192324986519,50.41192324986519,Medium
7913,0,0.49534002249400777,49.53400224940078,Medium
7914,1,0.5111375026150793,51.11375026150793,Medium
7915,1,0.5186006833258412,51.86006833258412,Medium
7916,0,0.47940845628554024,47.94084562855402,Medium
7917,1,0.5163966687485818,51.63966687485818,Medium
7918,1,0.5280331870041051,52.80331870041051,Medium
7919,0,0.4984335015971299,49.84335015971299,Medium
7920,0,0.4909374641209959,49.09374641209959,Medium
7921,1,0.5135978943179776,51.359789431797765,Medium
7922,1,0.5155644380494071,51.55644380494071,Medium
7923,1,0.5228489826675438,52.284898266754375,Medium
7924,1,0.5056966068732692,50.56966068732692,Medium
7925,0,0.4695016466345117,46.95016466345117,Medium
7926,0,0.49936472623608597,49.936472623608594,Medium
7927,1,0.51384601886098,51.384601886098004,Medium
7928,1,0.5000665835027621,50.00665835027621,Medium
7929,1,0.5038704292346752,50.38704292346752,Medium
7930,1,0.5591827809116473,55.91827809116473,Medium
7931,0,0.466470503929236,46.6470503929236,Medium
7932,1,0.5408846616007974,54.08846616007974,Medium
7933,1,0.5200654343519802,52.00654343519802,Medium
7934,0,0.4665194792891587,46.651947928915874,Medium
7935,1,0.5248519162371095,52.485191623710946,Medium
7936,1,0.5383619489049651,53.836194890496515,Medium
7937,1,0.5143424289471957,51.434242894719574,Medium
7938,1,0.5315333018720887,53.153330187208866,Medium
7939,1,0.5366976344163075,53.66976344163075,Medium
7940,0,0.49206630619215264,49.20663061921526,Medium
7941,0,0.49005766396077366,49.00576639607736,Medium
7942,0,0.49223914495520754,49.22391449552075,Medium
7943,1,0.5217005485554777,52.17005485554777,Medium
7944,0,0.49457582038977776,49.457582038977776,Medium
7945,1,0.5443250724668411,54.43250724668411,Medium
7946,0,0.47980211967068126,47.98021196706813,Medium
7947,0,0.4816574642521974,48.165746425219744,Medium
7948,0,0.48131462738029646,48.13146273802965,Medium
7949,0,0.48139439558084407,48.139439558084405,Medium
7950,0,0.49932024457118795,49.93202445711879,Medium
7951,0,0.4896540708339858,48.96540708339858,Medium
7952,1,0.5052941689720931,50.52941689720931,Medium
7953,0,0.496780475014628,49.6780475014628,Medium
7954,0,0.4674283629346966,46.74283629346966,Medium
7955,0,0.4951610994046748,49.51610994046748,Medium
7956,0,0.4801384001816913,48.01384001816913,Medium
7957,1,0.5029754449186673,50.29754449186673,Medium
7958,0,0.483887069733775,48.3887069733775,Medium
7959,0,0.48613236563100437,48.613236563100436,Medium
7960,1,0.5241314052421856,52.41314052421856,Medium
7961,0,0.4721758866194839,47.21758866194839,Medium
7962,1,0.5335979492174875,53.35979492174875,Medium
7963,1,0.5008748147747581,50.08748147747581,Medium
7964,0,0.4383825986864691,43.838259868646915,Medium
7965,0,0.4613707503142912,46.13707503142912,Medium
7966,1,0.509207816450677,50.920781645067706,Medium
7967,0,0.48571865472995895,48.571865472995896,Medium
7968,0,0.4794183514673725,47.94183514673725,Medium
7969,0,0.499301159604058,49.9301159604058,Medium
7970,1,0.5142006057528592,51.420060575285916,Medium
7971,1,0.5104282147732536,51.04282147732536,Medium
7972,1,0.5198649956426369,51.98649956426369,Medium
7973,1,0.5161929629772027,51.619296297720275,Medium
7974,0,0.48838636268936625,48.838636268936625,Medium
7975,0,0.4812413394559903,48.12413394559903,Medium
7976,0,0.46553563436805906,46.55356343680591,Medium
7977,0,0.49310745442493614,49.31074544249361,Medium
7978,1,0.5297798096776763,52.977980967767635,Medium
7979,1,0.5201072211498677,52.01072211498678,Medium
7980,0,0.4866583510016357,48.66583510016357,Medium
7981,0,0.478677650765966,47.867765076596605,Medium
7982,1,0.5026944984843108,50.26944984843108,Medium
7983,1,0.5247122576681307,52.47122576681307,Medium
7984,1,0.5211594091559558,52.11594091559558,Medium
7985,0,0.4764771155055884,47.64771155055884,Medium
7986,0,0.49409323226474455,49.409323226474456,Medium
7987,0,0.47802525108115135,47.802525108115134,Medium
7988,0,0.41443212267256746,41.44321226725675,Medium
7989,0,0.4934460952351759,49.34460952351759,Medium
7990,0,0.4715556745361475,47.15556745361475,Medium
7991,1,0.5162065861748397,51.62065861748397,Medium
7992,0,0.413875668995307,41.3875668995307,Medium
7993,0,0.4904104008871796,49.041040088717956,Medium
7994,0,0.46925861186108736,46.92586118610873,Medium
7995,1,0.5139973798952487,51.39973798952487,Medium
7996,1,0.5282386123866348,52.82386123866348,Medium
7997,0,0.4950112639220206,49.50112639220206,Medium
7998,0,0.46681779903899084,46.681779903899084,Medium
7999,1,0.5413035948197183,54.13035948197184,Medium
8000,0,0.49042845450591727,49.04284545059173,Medium
8001,1,0.50562651701462,50.562651701462,Medium
8002,1,0.5419873089890743,54.198730898907435,Medium
8003,1,0.5001394394149751,50.01394394149751,Medium
8004,1,0.5224545692862351,52.24545692862351,Medium
8005,0,0.46731430069211144,46.73143006921114,Medium
8006,1,0.5142032845431951,51.42032845431951,Medium
8007,0,0.47856402287586247,47.85640228758625,Medium
8008,1,0.5090304179641304,50.90304179641304,Medium
8009,0,0.46653666518770254,46.65366651877025,Medium
8010,0,0.4882868419615495,48.828684196154946,Medium
8011,1,0.5075806506195483,50.758065061954824,Medium
8012,1,0.5049027305557874,50.49027305557874,Medium
8013,1,0.5063962374132,50.639623741319994,Medium
8014,0,0.49733038823569625,49.73303882356962,Medium
8015,0,0.48100190044072644,48.10019004407265,Medium
8016,0,0.4980896875866637,49.808968758666374,Medium
8017,1,0.5073501026101824,50.735010261018246,Medium
8018,1,0.5232817599383154,52.328175993831536,Medium
8019,0,0.4894538741113867,48.94538741113867,Medium
8020,0,0.47587739820922476,47.58773982092247,Medium
8021,0,0.4810659053073184,48.10659053073184,Medium
8022,1,0.5318501244452701,53.18501244452701,Medium
8023,0,0.4821192930388164,48.21192930388164,Medium
8024,1,0.5426787820085336,54.26787820085336,Medium
8025,1,0.5106774897278976,51.06774897278976,Medium
8026,0,0.4175827025860614,41.75827025860614,Medium
8027,1,0.505905909982663,50.59059099826631,Medium
8028,0,0.4978702073538256,49.78702073538256,Medium
8029,1,0.5028567561125561,50.28567561125561,Medium
8030,0,0.49067552577021034,49.06755257702103,Medium
8031,0,0.4850630749734729,48.50630749734729,Medium
8032,0,0.4948025583917976,49.48025583917976,Medium
8033,0,0.4783256692745735,47.83256692745735,Medium
8034,1,0.522474479164262,52.247447916426204,Medium
8035,0,0.4956628074336157,49.56628074336157,Medium
8036,1,0.50527711137048,50.527711137048,Medium
8037,1,0.5005150046285829,50.051500462858286,Medium
8038,1,0.5118688401818615,51.18688401818615,Medium
8039,0,0.478066209769157,47.806620976915696,Medium
8040,0,0.4556403680920765,45.56403680920765,Medium
8041,0,0.4356097601554917,43.560976015549166,Medium
8042,0,0.45788821725211465,45.78882172521146,Medium
8043,1,0.5264611321543312,52.64611321543312,Medium
8044,0,0.4931139251905139,49.31139251905139,Medium
8045,1,0.5254767482387589,52.54767482387589,Medium
8046,0,0.4694719377026882,46.94719377026882,Medium
8047,0,0.47763143883787956,47.763143883787954,Medium
8048,1,0.5227720373071296,52.27720373071296,Medium
8049,1,0.5375956020114969,53.75956020114969,Medium
8050,0,0.4790562730614701,47.90562730614701,Medium
8051,1,0.5080291629787105,50.80291629787105,Medium
8052,1,0.5008993078214196,50.089930782141955,Medium
8053,1,0.5039517538848645,50.39517538848644,Medium
8054,0,0.43146008848270084,43.146008848270085,Medium
8055,0,0.4100627781868368,41.00627781868368,Medium
8056,0,0.4933062390597422,49.33062390597422,Medium
8057,1,0.5461758508917702,54.61758508917703,Medium
8058,0,0.47574881020638893,47.57488102063889,Medium
8059,0,0.46016958808982306,46.0169588089823,Medium
8060,1,0.5019738348461591,50.19738348461591,Medium
8061,0,0.4804146395595074,48.04146395595074,Medium
8062,1,0.5144813036551393,51.44813036551393,Medium
8063,0,0.4786993143858348,47.86993143858348,Medium
8064,0,0.426624498504192,42.6624498504192,Medium
8065,0,0.49863469151151396,49.8634691511514,Medium
8066,1,0.50918766505424,50.918766505423996,Medium
8067,0,0.4842314907463589,48.42314907463589,Medium
8068,1,0.5135819407679336,51.35819407679336,Medium
8069,0,0.4919545206615464,49.19545206615464,Medium
8070,1,0.5283346831491433,52.833468314914334,Medium
8071,0,0.44081607969083125,44.08160796908312,Medium
8072,0,0.4784999934387167,47.849999343871666,Medium
8073,0,0.4962443896516519,49.62443896516519,Medium
8074,1,0.508942103826888,50.8942103826888,Medium
8075,0,0.48038703863842996,48.038703863843,Medium
8076,0,0.46758576506180327,46.758576506180326,Medium
8077,0,0.48912477088288436,48.91247708828843,Medium
8078,0,0.4699940708932434,46.99940708932434,Medium
8079,1,0.5091441748233645,50.91441748233645,Medium
8080,0,0.48984846841271673,48.984846841271676,Medium
8081,0,0.47581316857392014,47.58131685739201,Medium
8082,0,0.4703720605087639,47.03720605087639,Medium
8083,1,0.5022612373302717,50.22612373302717,Medium
8084,1,0.5108279400476513,51.082794004765134,Medium
8085,0,0.4620306070760577,46.20306070760577,Medium
8086,1,0.5010551195309647,50.10551195309647,Medium
8087,1,0.512233168776124,51.223316877612405,Medium
8088,1,0.5401677572944421,54.01677572944421,Medium
8089,1,0.5286141954356167,52.861419543561674,Medium
8090,0,0.49457608625445904,49.4576086254459,Medium
8091,1,0.5398966283639702,53.989662836397024,Medium
8092,0,0.48393424900739546,48.39342490073955,Medium
8093,0,0.47134860735281187,47.13486073528119,Medium
8094,1,0.506354900953275,50.6354900953275,Medium
8095,1,0.5171028307882934,51.71028307882934,Medium
8096,0,0.4824926042151171,48.24926042151171,Medium
8097,0,0.4371515270473208,43.71515270473208,Medium
8098,0,0.4761974296473274,47.619742964732744,Medium
8099,1,0.5093830301140106,50.93830301140107,Medium
8100,0,0.48906549902246765,48.906549902246766,Medium
8101,1,0.533154279570733,53.315427957073304,Medium
8102,1,0.5318475683708701,53.18475683708701,Medium
8103,1,0.5331064681863183,53.31064681863184,Medium
8104,1,0.5505108075543939,55.051080755439386,Medium
8105,0,0.4918094562903478,49.18094562903478,Medium
8106,0,0.47861409945887384,47.86140994588738,Medium
8107,0,0.4891084287115304,48.91084287115304,Medium
8108,1,0.5450073309625205,54.50073309625205,Medium
8109,0,0.4732049430195338,47.32049430195338,Medium
8110,1,0.5007476907649787,50.07476907649787,Medium
8111,0,0.4737556495856135,47.37556495856135,Medium
8112,1,0.5311147536512862,53.111475365128626,Medium
8113,0,0.4705511744451156,47.055117444511566,Medium
8114,0,0.4952203805566496,49.52203805566496,Medium
8115,0,0.4922091013545775,49.22091013545775,Medium
8116,1,0.5073572936120386,50.735729361203866,Medium
8117,0,0.4984061800092839,49.84061800092839,Medium
8118,0,0.46938373867306304,46.938373867306304,Medium
8119,1,0.5346039172016361,53.460391720163614,Medium
8120,1,0.5205760275049892,52.05760275049892,Medium
8121,1,0.5099211266415122,50.99211266415122,Medium
8122,1,0.5002251066270763,50.02251066270763,Medium
8123,0,0.4764485510062131,47.64485510062131,Medium
8124,1,0.5166610567416623,51.66610567416623,Medium
8125,0,0.4326639551020742,43.266395510207424,Medium
8126,1,0.5394307969718801,53.94307969718801,Medium
8127,1,0.5061159661544589,50.61159661544588,Medium
8128,0,0.4589383341740925,45.893833417409255,Medium
8129,0,0.4938787593309138,49.38787593309138,Medium
8130,1,0.5385888980197345,53.858889801973454,Medium
8131,1,0.522774069489432,52.277406948943195,Medium
8132,1,0.5231301881730047,52.313018817300474,Medium
8133,1,0.5124139625310412,51.24139625310412,Medium
8134,0,0.49843688638766614,49.843688638766615,Medium
8135,0,0.4962893523259085,49.62893523259085,Medium
8136,0,0.4986402716449519,49.86402716449519,Medium
8137,1,0.5027102999895557,50.271029998955576,Medium
8138,0,0.4952413291932257,49.524132919322575,Medium
8139,0,0.484097968555045,48.4097968555045,Medium
8140,1,0.5106629540042317,51.066295400423165,Medium
8141,1,0.5292472331954039,52.92472331954039,Medium
8142,0,0.49832519144085624,49.83251914408562,Medium
8143,1,0.5200439775099002,52.004397750990016,Medium
8144,0,0.4837970857875238,48.37970857875238,Medium
8145,0,0.46292618886272424,46.29261888627242,Medium
8146,0,0.4902791564165701,49.02791564165701,Medium
8147,1,0.5065290077737377,50.652900777373766,Medium
8148,0,0.4772292923957162,47.72292923957162,Medium
8149,0,0.4676449729359229,46.764497293592285,Medium
8150,0,0.49851213218541535,49.85121321854153,Medium
8151,1,0.5206614106637836,52.06614106637836,Medium
8152,1,0.5098509731182338,50.98509731182338,Medium
8153,0,0.4912601851930647,49.12601851930647,Medium
8154,0,0.493507233064946,49.3507233064946,Medium
8155,0,0.45899944491577627,45.89994449157763,Medium
8156,0,0.49033663135014993,49.03366313501499,Medium
8157,0,0.48150234239281126,48.150234239281126,Medium
8158,0,0.4609967348054247,46.09967348054247,Medium
8159,0,0.4823276172315586,48.23276172315586,Medium
8160,0,0.41410325831338746,41.410325831338746,Medium
8161,1,0.5079156594338299,50.79156594338299,Medium
8162,1,0.5008543052584971,50.0854305258497,Medium
8163,0,0.49534489754964633,49.53448975496463,Medium
8164,1,0.5002475767421699,50.02475767421699,Medium
8165,1,0.5149730599021313,51.49730599021313,Medium
8166,0,0.46624634536630444,46.624634536630445,Medium
8167,0,0.48041910278525674,48.04191027852568,Medium
8168,1,0.5291803944454784,52.91803944454784,Medium
8169,1,0.5086067417574559,50.860674175745594,Medium
8170,1,0.5066416169769995,50.66416169769995,Medium
8171,1,0.5018596244619573,50.18596244619573,Medium
8172,0,0.4923947933478447,49.23947933478447,Medium
8173,1,0.5285897200987979,52.85897200987979,Medium
8174,1,0.5140961436956524,51.40961436956524,Medium
8175,0,0.4970946351902688,49.70946351902688,Medium
8176,1,0.5137901826472072,51.37901826472072,Medium
8177,1,0.5545063302640055,55.45063302640055,Medium
8178,1,0.5162772765198639,51.62772765198639,Medium
8179,1,0.5134233310383072,51.34233310383072,Medium
8180,1,0.5191583233373039,51.91583233373039,Medium
8181,0,0.49242072350310123,49.242072350310124,Medium
8182,0,0.49380338920068484,49.38033892006848,Medium
8183,0,0.48652317608269935,48.65231760826993,Medium
8184,1,0.5112796419918142,51.12796419918142,Medium
8185,0,0.46394742239012027,46.394742239012025,Medium
8186,1,0.5058450336208808,50.584503362088086,Medium
8187,0,0.4938440263974405,49.38440263974405,Medium
8188,1,0.5035012618995868,50.35012618995868,Medium
8189,1,0.5319105332211952,53.19105332211952,Medium
8190,1,0.500207364745831,50.0207364745831,Medium
8191,1,0.5055419552942444,50.55419552942444,Medium
8192,1,0.5091351941052347,50.91351941052346,Medium
8193,0,0.489878136766779,48.9878136766779,Medium
8194,1,0.5136626447563961,51.36626447563961,Medium
8195,1,0.5640737095641408,56.407370956414084,Medium
8196,0,0.4173298437415503,41.73298437415503,Medium
8197,0,0.49796702919720803,49.7967029197208,Medium
8198,0,0.4667820041454958,46.67820041454958,Medium
8199,0,0.44599212784303083,44.599212784303084,Medium
8200,0,0.48262676353725414,48.26267635372542,Medium
8201,0,0.49966128520270686,49.966128520270686,Medium
8202,1,0.5079737488392388,50.79737488392389,Medium
8203,1,0.50299198482033,50.299198482033006,Medium
8204,0,0.496667284287874,49.6667284287874,Medium
8205,0,0.4910890814369985,49.10890814369985,Medium
8206,1,0.5272723705864842,52.72723705864843,Medium
8207,0,0.498979917772366,49.8979917772366,Medium
8208,0,0.49924876437768945,49.924876437768944,Medium
8209,1,0.5132908565808497,51.32908565808497,Medium
8210,1,0.5020248551141091,50.20248551141091,Medium
8211,0,0.4896696763672749,48.96696763672749,Medium
8212,1,0.503053332154791,50.305333215479095,Medium
8213,0,0.4993966061762513,49.93966061762513,Medium
8214,1,0.508865969948651,50.886596994865094,Medium
8215,1,0.5467529362436548,54.67529362436549,Medium
8216,0,0.42269428924064306,42.26942892406431,Medium
8217,0,0.4721719299875671,47.21719299875671,Medium
8218,0,0.4115506034159497,41.15506034159497,Medium
8219,0,0.45301828604447186,45.30182860444719,Medium
8220,0,0.4929164540716724,49.29164540716724,Medium
8221,1,0.5015197459603046,50.151974596030456,Medium
8222,0,0.4985061102692649,49.85061102692649,Medium
8223,0,0.4852888191778225,48.52888191778225,Medium
8224,1,0.5362525424081741,53.62525424081741,Medium
8225,1,0.5466156216876058,54.66156216876058,Medium
8226,0,0.49567214160898154,49.56721416089815,Medium
8227,1,0.5170405367815457,51.70405367815457,Medium
8228,0,0.4846433653435613,48.46433653435613,Medium
8229,1,0.5078133966259087,50.781339662590874,Medium
8230,0,0.499074409439287,49.9074409439287,Medium
8231,0,0.48825123373388607,48.82512337338861,Medium
8232,1,0.5295373338676905,52.95373338676905,Medium
8233,0,0.4682852714722266,46.82852714722266,Medium
8234,0,0.48977926878676936,48.97792687867694,Medium
8235,1,0.5035739152002864,50.357391520028635,Medium
8236,1,0.5007219031187525,50.072190311875254,Medium
8237,0,0.47561152483411295,47.5611524834113,Medium
8238,0,0.4917837360171835,49.17837360171835,Medium
8239,0,0.4695633970895186,46.95633970895186,Medium
8240,1,0.5112931729741632,51.12931729741632,Medium
8241,0,0.4865558043000667,48.655580430006665,Medium
8242,0,0.46978588785402237,46.97858878540224,Medium
8243,1,0.5055103753209791,50.55103753209791,Medium
8244,0,0.49299072652598125,49.29907265259813,Medium
8245,0,0.48727671052497346,48.72767105249734,Medium
8246,0,0.4709549056839658,47.09549056839658,Medium
8247,0,0.4769123106488703,47.69123106488703,Medium
8248,0,0.4270858900372374,42.70858900372374,Medium
8249,0,0.49486957903259876,49.48695790325988,Medium
8250,0,0.462691343221805,46.2691343221805,Medium
8251,1,0.508176331574569,50.817633157456896,Medium
8252,0,0.4922641158382262,49.226411583822625,Medium
8253,1,0.5057266384456485,50.57266384456484,Medium
8254,1,0.5059456069012055,50.59456069012055,Medium
8255,1,0.5206561974677558,52.06561974677558,Medium
8256,1,0.5377036998068752,53.77036998068752,Medium
8257,0,0.4825953843551851,48.259538435518515,Medium
8258,1,0.5183048719996372,51.83048719996371,Medium
8259,0,0.4990080205505509,49.90080205505509,Medium
8260,0,0.4840930163288156,48.40930163288156,Medium
8261,1,0.5391531160233705,53.91531160233705,Medium
8262,1,0.5348657491824527,53.48657491824527,Medium
8263,1,0.5080152588634553,50.80152588634553,Medium
8264,1,0.5794485849553105,57.94485849553105,Medium
8265,1,0.5176307556822823,51.76307556822823,Medium
8266,0,0.46241522092443893,46.241522092443894,Medium
8267,0,0.4898188301193789,48.98188301193789,Medium
8268,0,0.48639821129230626,48.639821129230626,Medium
8269,0,0.3838567353720761,38.38567353720761,Medium
8270,1,0.5693731212435932,56.937312124359316,Medium
8271,1,0.5128568544777935,51.28568544777935,Medium
8272,1,0.5072021758898589,50.720217588985896,Medium
8273,1,0.5294804561872543,52.94804561872542,Medium
8274,0,0.40960276052812505,40.9602760528125,Medium
8275,1,0.5202565913428125,52.025659134281256,Medium
8276,0,0.43785807968002854,43.78580796800286,Medium
8277,1,0.5141759762897566,51.41759762897566,Medium
8278,1,0.516945940939317,51.6945940939317,Medium
8279,0,0.4945250935283392,49.452509352833914,Medium
8280,1,0.5665003281494971,56.65003281494971,Medium
8281,0,0.4914500415233702,49.145004152337016,Medium
8282,1,0.5104514643488075,51.04514643488075,Medium
8283,1,0.5136178286616856,51.36178286616856,Medium
8284,0,0.4963376046846995,49.63376046846995,Medium
8285,1,0.5052427302870245,50.524273028702446,Medium
8286,0,0.49711500894455973,49.71150089445597,Medium
8287,1,0.5439724167363583,54.39724167363583,Medium
8288,1,0.500127919978741,50.012791997874096,Medium
8289,0,0.48359642661117885,48.35964266111789,Medium
8290,0,0.49203460087596335,49.20346008759633,Medium
8291,0,0.4572966415157503,45.72966415157503,Medium
8292,1,0.532843064076642,53.2843064076642,Medium
8293,1,0.5117228738516724,51.17228738516724,Medium
8294,0,0.47956040380380494,47.95604038038049,Medium
8295,0,0.4734835190951433,47.34835190951433,Medium
8296,0,0.49313410867818763,49.31341086781876,Medium
8297,0,0.45994525220462595,45.9945252204626,Medium
8298,1,0.5058257465603346,50.582574656033465,Medium
8299,0,0.4969160488025425,49.691604880254246,Medium
8300,0,0.4830050201314707,48.30050201314707,Medium
8301,0,0.4921156393369461,49.211563933694606,Medium
8302,0,0.4950478431668793,49.504784316687925,Medium
8303,1,0.5199871693355583,51.99871693355583,Medium
8304,0,0.4462087936131002,44.62087936131002,Medium
8305,0,0.4720840585943394,47.20840585943394,Medium
8306,0,0.49347812033641986,49.347812033641986,Medium
8307,1,0.5201770821071796,52.01770821071796,Medium
8308,0,0.4927929705390658,49.27929705390658,Medium
8309,1,0.5097091565382317,50.97091565382317,Medium
8310,0,0.4701293468478153,47.012934684781534,Medium
8311,1,0.5486936086675018,54.869360866750185,Medium
8312,1,0.5084768554710698,50.84768554710698,Medium
8313,0,0.4999562885070033,49.99562885070033,Medium
8314,0,0.49434029554848047,49.434029554848046,Medium
8315,1,0.507360363746266,50.7360363746266,Medium
8316,0,0.48352451586921247,48.35245158692125,Medium
8317,0,0.4943469805749625,49.43469805749625,Medium
8318,1,0.5000073880777332,50.00073880777332,Medium
8319,1,0.5268071148879493,52.68071148879493,Medium
8320,1,0.5041163421501337,50.411634215013365,Medium
8321,0,0.4832436112409018,48.32436112409018,Medium
8322,1,0.511793400778321,51.1793400778321,Medium
8323,1,0.5019617104742595,50.19617104742595,Medium
8324,1,0.5221046647649114,52.210466476491135,Medium
8325,1,0.506047576374091,50.6047576374091,Medium
8326,0,0.4298422234352962,42.98422234352962,Medium
8327,0,0.4773641162642318,47.736411626423184,Medium
8328,1,0.528975483058799,52.8975483058799,Medium
8329,0,0.4070026324625541,40.70026324625541,Medium
8330,0,0.4836053174404418,48.36053174404418,Medium
8331,1,0.5028768444934821,50.28768444934821,Medium
8332,0,0.4547311981877305,45.47311981877305,Medium
8333,1,0.5250560301247508,52.50560301247508,Medium
8334,0,0.4842843594278236,48.42843594278236,Medium
8335,1,0.5005973725610995,50.05973725610995,Medium
8336,0,0.4724266877369766,47.24266877369766,Medium
8337,0,0.469051491172304,46.9051491172304,Medium
8338,0,0.48768723660098295,48.768723660098296,Medium
8339,1,0.558359140626282,55.8359140626282,Medium
8340,0,0.4758954870914865,47.58954870914865,Medium
8341,0,0.46406309567381504,46.406309567381506,Medium
8342,1,0.5027380146285463,50.27380146285463,Medium
8343,0,0.4772920751475559,47.729207514755586,Medium
8344,0,0.4628384219398115,46.28384219398115,Medium
8345,1,0.5267549287754987,52.67549287754987,Medium
8346,1,0.5182068046862919,51.820680468629185,Medium
8347,1,0.5068559361120384,50.68559361120384,Medium
8348,1,0.5108413204521811,51.08413204521811,Medium
8349,0,0.4652333539649357,46.52333539649357,Medium
8350,1,0.5022589697316969,50.22589697316969,Medium
8351,0,0.49963865366458776,49.963865366458776,Medium
8352,1,0.5156502830246512,51.56502830246512,Medium
8353,1,0.5072879841315829,50.728798413158295,Medium
8354,0,0.4911597435614702,49.11597435614702,Medium
8355,1,0.5047291106581657,50.472911065816575,Medium
8356,0,0.48344409010351536,48.344409010351534,Medium
8357,0,0.45724350554861115,45.72435055486112,Medium
8358,1,0.5615148861564813,56.15148861564813,Medium
8359,0,0.4734369954331546,47.34369954331546,Medium
8360,1,0.5412083777388823,54.12083777388823,Medium
8361,1,0.5045155670833698,50.45155670833697,Medium
8362,1,0.5026166768956504,50.26166768956504,Medium
8363,1,0.5088210347382662,50.882103473826625,Medium
8364,1,0.5118761128642725,51.18761128642725,Medium
8365,0,0.48601932358802247,48.601932358802244,Medium
8366,0,0.4686576468903953,46.86576468903953,Medium
8367,1,0.51216867346035,51.216867346035,Medium
8368,1,0.5286589453436084,52.865894534360834,Medium
8369,0,0.45031086348021654,45.03108634802165,Medium
8370,1,0.5131651899080764,51.31651899080764,Medium
8371,1,0.5441492453300313,54.41492453300313,Medium
8372,0,0.4927200026735164,49.27200026735164,Medium
8373,1,0.5039851155701635,50.39851155701635,Medium
8374,0,0.4846601851460627,48.46601851460627,Medium
8375,0,0.4913579673105235,49.13579673105235,Medium
8376,0,0.4674257063107729,46.74257063107729,Medium
8377,1,0.52993036166732,52.993036166732,Medium
8378,0,0.4544431101327614,45.44431101327614,Medium
8379,0,0.45662565169725255,45.662565169725255,Medium
8380,0,0.4961435691274269,49.61435691274269,Medium
8381,0,0.44397533016255647,44.39753301625565,Medium
8382,1,0.5170451086650456,51.70451086650456,Medium
8383,1,0.5086547083574887,50.86547083574887,Medium
8384,1,0.5372354449957673,53.723544499576725,Medium
8385,0,0.47999844678384646,47.99984467838465,Medium
8386,0,0.47747050048817985,47.74705004881798,Medium
8387,1,0.5128316163013146,51.28316163013146,Medium
8388,1,0.5104227596630813,51.042275966308125,Medium
8389,0,0.47896444425002155,47.89644442500215,Medium
8390,1,0.5420989165398943,54.20989165398943,Medium
8391,0,0.46538583826468444,46.53858382646845,Medium
8392,1,0.523978944488043,52.39789444880431,Medium
8393,1,0.5126965508351795,51.269655083517954,Medium
8394,0,0.4961737958270328,49.61737958270328,Medium
8395,0,0.491522330016681,49.1522330016681,Medium
8396,1,0.5436532832133001,54.36532832133001,Medium
8397,1,0.5121265856867802,51.212658568678016,Medium
8398,0,0.47893669348612045,47.89366934861204,Medium
8399,1,0.5239455732370362,52.394557323703616,Medium
8400,1,0.5377373357111145,53.77373357111145,Medium
8401,1,0.5199421788481112,51.99421788481112,Medium
8402,1,0.5134523038458493,51.34523038458493,Medium
8403,1,0.525680886490119,52.5680886490119,Medium
8404,0,0.48714627702983965,48.71462770298397,Medium
8405,1,0.5208520561953672,52.08520561953672,Medium
8406,0,0.48665010793071656,48.66501079307166,Medium
8407,0,0.47798638514896014,47.79863851489601,Medium
8408,0,0.48688896409629756,48.688896409629756,Medium
8409,0,0.49642102908203506,49.642102908203505,Medium
8410,1,0.5095883514029463,50.95883514029463,Medium
8411,1,0.5090748016553206,50.90748016553206,Medium
8412,1,0.508051346013103,50.8051346013103,Medium
8413,0,0.49308578646928686,49.30857864692869,Medium
8414,1,0.5072045325170079,50.72045325170079,Medium
8415,1,0.5128208965650801,51.28208965650801,Medium
8416,1,0.5053305104864206,50.533051048642065,Medium
8417,1,0.5223027541617218,52.23027541617218,Medium
8418,0,0.48450258947343744,48.45025894734374,Medium
8419,1,0.5225582987910397,52.25582987910396,Medium
8420,0,0.4575901366470347,45.75901366470347,Medium
8421,1,0.5314209299967042,53.14209299967042,Medium
8422,0,0.4073823798093552,40.73823798093552,Medium
8423,1,0.5084642145912543,50.84642145912544,Medium
8424,1,0.5206949370401905,52.06949370401905,Medium
8425,1,0.5129557956912155,51.29557956912155,Medium
8426,0,0.47073671808227546,47.073671808227544,Medium
8427,1,0.5329317899874251,53.293178998742505,Medium
8428,0,0.47040662453001275,47.040662453001275,Medium
8429,0,0.475017107576142,47.501710757614205,Medium
8430,1,0.5142035307462177,51.42035307462177,Medium
8431,1,0.507559285165337,50.7559285165337,Medium
8432,0,0.4761275027133951,47.61275027133951,Medium
8433,0,0.47509975470562404,47.5099754705624,Medium
8434,0,0.4965337845642052,49.65337845642052,Medium
8435,0,0.498099655302345,49.8099655302345,Medium
8436,1,0.5143476984405888,51.43476984405888,Medium
8437,1,0.527479119655695,52.74791196556951,Medium
8438,0,0.4770874430592514,47.70874430592514,Medium
8439,0,0.4870697566465116,48.70697566465116,Medium
8440,0,0.494019218920718,49.4019218920718,Medium
8441,0,0.487699423283526,48.7699423283526,Medium
8442,0,0.4979502181245356,49.79502181245356,Medium
8443,0,0.49164200459460106,49.164200459460105,Medium
8444,0,0.4709465161423704,47.09465161423704,Medium
8445,0,0.47391824652865155,47.391824652865154,Medium
8446,1,0.5164682529451372,51.64682529451372,Medium
8447,1,0.5111003729927929,51.110037299279284,Medium
8448,0,0.4967116155650928,49.67116155650928,Medium
8449,1,0.5059061394936045,50.59061394936045,Medium
8450,0,0.42003078270603805,42.00307827060381,Medium
8451,0,0.4790108841693305,47.90108841693305,Medium
8452,1,0.5045507215787194,50.45507215787194,Medium
8453,0,0.48866222145781707,48.866222145781705,Medium
8454,0,0.4392294512614056,43.92294512614056,Medium
8455,1,0.5067334269747971,50.673342697479704,Medium
8456,1,0.5107141661090941,51.07141661090942,Medium
8457,1,0.520475001021989,52.047500102198896,Medium
8458,0,0.47480751423314427,47.48075142331443,Medium
8459,1,0.5210831368788663,52.10831368788663,Medium
8460,1,0.5138333361571891,51.383333615718904,Medium
8461,0,0.4962783497541893,49.62783497541893,Medium
8462,1,0.5372436776458004,53.72436776458004,Medium
8463,0,0.46625901088817345,46.62590108881734,Medium
8464,1,0.5007244873780704,50.07244873780704,Medium
8465,0,0.45876035437578133,45.87603543757813,Medium
8466,1,0.5173220374982029,51.73220374982029,Medium
8467,0,0.4772476512982376,47.72476512982376,Medium
8468,0,0.48906361089044015,48.90636108904401,Medium
8469,1,0.5146574173685375,51.46574173685375,Medium
8470,0,0.4873133800962639,48.73133800962639,Medium
8471,1,0.5456489604357405,54.56489604357405,Medium
8472,1,0.5039040540810281,50.390405408102815,Medium
8473,0,0.49311484940424677,49.31148494042468,Medium
8474,1,0.5310990418469994,53.10990418469994,Medium
8475,1,0.5063015598794236,50.63015598794236,Medium
8476,1,0.5183612068838062,51.83612068838062,Medium
8477,0,0.4872383639570249,48.72383639570249,Medium
8478,1,0.5152102253551062,51.52102253551062,Medium
8479,1,0.5278545405163039,52.78545405163039,Medium
8480,1,0.5305168785887995,53.051687858879944,Medium
8481,0,0.4621780947886947,46.21780947886947,Medium
8482,0,0.4855036635285092,48.55036635285092,Medium
8483,1,0.5189233337417988,51.89233337417988,Medium
8484,1,0.5131245183299113,51.31245183299114,Medium
8485,0,0.4822495548677308,48.224955486773084,Medium
8486,1,0.5399732187427454,53.99732187427454,Medium
8487,1,0.5111489784342967,51.114897843429674,Medium
8488,0,0.48551348322290777,48.55134832229078,Medium
8489,0,0.4925458880189636,49.25458880189636,Medium
8490,0,0.4837273061613336,48.37273061613336,Medium
8491,0,0.47094134622568506,47.094134622568504,Medium
8492,1,0.5294616876271617,52.94616876271617,Medium
8493,0,0.452265864268058,45.226586426805795,Medium
8494,1,0.5108875114808067,51.08875114808067,Medium
8495,0,0.4864212366654327,48.64212366654327,Medium
8496,0,0.4843355465473259,48.43355465473259,Medium
8497,1,0.5197323044803488,51.97323044803488,Medium
8498,1,0.5285034678359469,52.850346783594695,Medium
8499,1,0.526406451264131,52.6406451264131,Medium
8500,1,0.504734281131663,50.4734281131663,Medium
8501,0,0.47825849761387323,47.825849761387325,Medium
8502,1,0.5001809067445251,50.01809067445251,Medium
8503,1,0.5090685062038923,50.906850620389235,Medium
8504,1,0.5230317030415498,52.303170304154975,Medium
8505,1,0.5049698217465476,50.49698217465476,Medium
8506,0,0.47042562677555033,47.04256267755503,Medium
8507,0,0.4980900805679519,49.80900805679519,Medium
8508,0,0.4998602065621529,49.98602065621529,Medium
8509,1,0.5412448942373279,54.12448942373279,Medium
8510,1,0.5199755147832117,51.99755147832117,Medium
8511,0,0.46189850192119475,46.18985019211947,Medium
8512,0,0.4817991133791683,48.17991133791683,Medium
8513,1,0.5149040524107867,51.490405241078676,Medium
8514,0,0.4563649475510011,45.63649475510011,Medium
8515,1,0.5085011411452482,50.85011411452483,Medium
8516,1,0.5106633798865042,51.066337988650425,Medium
8517,0,0.40267284450415647,40.267284450415644,Medium
8518,1,0.5012136169791267,50.12136169791267,Medium
8519,1,0.520252315859356,52.02523158593561,Medium
8520,0,0.4821157196341171,48.21157196341171,Medium
8521,0,0.4551229867218105,45.51229867218105,Medium
8522,1,0.5251209844038768,52.512098440387675,Medium
8523,0,0.47428015921816524,47.428015921816524,Medium
8524,0,0.47882985313997656,47.88298531399766,Medium
8525,1,0.5159326661141717,51.593266611417164,Medium
8526,0,0.46253700554991223,46.25370055499122,Medium
8527,1,0.5164360818192258,51.64360818192259,Medium
8528,0,0.48338941809493496,48.3389418094935,Medium
8529,1,0.5403812414852359,54.03812414852359,Medium
8530,1,0.5101400256426196,51.014002564261965,Medium
8531,1,0.5322349415629969,53.22349415629969,Medium
8532,0,0.4908248734764249,49.08248734764249,Medium
8533,1,0.5132041914691068,51.32041914691068,Medium
8534,0,0.46681263250044563,46.681263250044566,Medium
8535,1,0.5191513320116733,51.91513320116733,Medium
8536,1,0.5054829063039721,50.548290630397204,Medium
8537,1,0.5178957393017187,51.78957393017187,Medium
8538,1,0.5224885664466649,52.24885664466649,Medium
8539,0,0.4929149239105072,49.29149239105072,Medium
8540,0,0.48248493893654576,48.248493893654576,Medium
8541,1,0.506750237633872,50.675023763387195,Medium
8542,0,0.48297710970007984,48.297710970007984,Medium
8543,1,0.5104167554775945,51.041675547759446,Medium
8544,1,0.5219279905445344,52.192799054453445,Medium
8545,1,0.5289226104666336,52.89226104666336,Medium
8546,0,0.46684401425011685,46.684401425011686,Medium
8547,1,0.5022201840128865,50.22201840128865,Medium
8548,1,0.5373579410794456,53.73579410794456,Medium
8549,0,0.48705623542344034,48.705623542344036,Medium
8550,1,0.5442162811980754,54.421628119807544,Medium
8551,1,0.5048570663737054,50.48570663737054,Medium
8552,0,0.4356888717766396,43.56888717766396,Medium
8553,0,0.4688516996135015,46.88516996135015,Medium
8554,0,0.4912225155062405,49.12225155062405,Medium
8555,0,0.48381350660618405,48.3813506606184,Medium
8556,1,0.5081307375960018,50.81307375960018,Medium
8557,1,0.5058463367229897,50.58463367229897,Medium
8558,0,0.48218848748570875,48.21884874857088,Medium
8559,0,0.4775658749016645,47.75658749016645,Medium
8560,0,0.48030463687892944,48.03046368789295,Medium
8561,0,0.48715951146436665,48.715951146436666,Medium
8562,0,0.48765662936580156,48.765662936580156,Medium
8563,1,0.5246095543224236,52.460955432242365,Medium
8564,0,0.49743812461017295,49.74381246101729,Medium
8565,1,0.5427279560715751,54.27279560715751,Medium
8566,0,0.4983384986569768,49.83384986569768,Medium
8567,0,0.495628545207406,49.5628545207406,Medium
8568,1,0.5169150629990911,51.69150629990911,Medium
8569,0,0.4803721249121194,48.03721249121194,Medium
8570,0,0.4903768504993616,49.03768504993616,Medium
8571,1,0.5027883649313584,50.278836493135834,Medium
8572,1,0.5411670584158441,54.11670584158441,Medium
8573,1,0.5099518415590388,50.995184155903885,Medium
8574,0,0.4213316482164383,42.13316482164383,Medium
8575,1,0.5147368324679418,51.47368324679418,Medium
8576,1,0.516007305719029,51.6007305719029,Medium
8577,1,0.5188506481709156,51.88506481709156,Medium
8578,0,0.4971755780238135,49.71755780238135,Medium
8579,1,0.5006340100316188,50.06340100316188,Medium
8580,1,0.5062951939008458,50.629519390084575,Medium
8581,1,0.5152712589241055,51.52712589241055,Medium
8582,0,0.4647128654529036,46.471286545290354,Medium
8583,0,0.49163714822707527,49.163714822707526,Medium
8584,0,0.4822883160939271,48.22883160939271,Medium
8585,0,0.49383157690972396,49.383157690972396,Medium
8586,0,0.4841824964684954,48.418249646849546,Medium
8587,0,0.4985422400845245,49.854224008452455,Medium
8588,0,0.49089606824993576,49.089606824993574,Medium
8589,1,0.5165101173397886,51.651011733978855,Medium
8590,0,0.4978144133032906,49.78144133032906,Medium
8591,1,0.5042040839095486,50.42040839095486,Medium
8592,1,0.5227919813936803,52.279198139368035,Medium
8593,1,0.5138352926087543,51.38352926087543,Medium
8594,1,0.536502855134505,53.6502855134505,Medium
8595,0,0.43705739883509814,43.705739883509814,Medium
8596,1,0.5280270555858501,52.802705558585004,Medium
8597,1,0.5038755160082529,50.38755160082529,Medium
8598,0,0.47986589469837315,47.98658946983731,Medium
8599,1,0.5171240879724306,51.71240879724306,Medium
8600,1,0.5001197755035132,50.01197755035132,Medium
8601,0,0.49980205741598527,49.980205741598525,Medium
8602,1,0.5159265280652796,51.59265280652796,Medium
8603,1,0.5199559948465334,51.99559948465334,Medium
8604,1,0.5169754189759743,51.69754189759743,Medium
8605,0,0.4985506464304005,49.855064643040045,Medium
8606,1,0.5296638739755668,52.96638739755668,Medium
8607,1,0.5062636730614603,50.62636730614602,Medium
8608,0,0.47861099228422216,47.86109922842222,Medium
8609,0,0.4947911288874794,49.47911288874794,Medium
8610,1,0.5157442668210219,51.57442668210219,Medium
8611,0,0.48918300923867175,48.91830092386718,Medium
8612,1,0.5007538482672379,50.07538482672379,Medium
8613,0,0.49470580835100963,49.47058083510096,Medium
8614,1,0.5040172043792804,50.40172043792804,Medium
8615,1,0.5192790673037109,51.927906730371085,Medium
8616,0,0.4834169191626861,48.34169191626861,Medium
8617,1,0.5182953281848027,51.829532818480274,Medium
8618,0,0.4801768185658184,48.01768185658184,Medium
8619,1,0.5095251490051749,50.952514900517485,Medium
8620,0,0.47420853464582835,47.420853464582834,Medium
8621,1,0.5043569753077701,50.43569753077701,Medium
8622,1,0.5189805018353421,51.8980501835342,Medium
8623,0,0.4752289995353362,47.52289995353362,Medium
8624,0,0.49956202705080865,49.95620270508086,Medium
8625,0,0.429407560078157,42.9407560078157,Medium
8626,1,0.5163224744149741,51.63224744149741,Medium
8627,1,0.5116744350427398,51.167443504273976,Medium
8628,0,0.49455567663100003,49.455567663100005,Medium
8629,1,0.5103294555743743,51.03294555743743,Medium
8630,0,0.4839411003624619,48.39411003624619,Medium
8631,0,0.49206809844971344,49.206809844971346,Medium
8632,0,0.4698079992391896,46.98079992391896,Medium
8633,0,0.4995457569129691,49.95457569129691,Medium
8634,0,0.4796021301699547,47.96021301699547,Medium
8635,1,0.5099382316518788,50.99382316518788,Medium
8636,0,0.46673814224140764,46.67381422414076,Medium
8637,1,0.5013759623970431,50.13759623970431,Medium
8638,0,0.4812761914591837,48.12761914591837,Medium
8639,1,0.504073821019049,50.40738210190489,Medium
8640,1,0.5108515135405125,51.08515135405125,Medium
8641,0,0.48319994744437583,48.31999474443759,Medium
8642,0,0.4902737938473693,49.02737938473693,Medium
8643,1,0.5082951886655047,50.82951886655047,Medium
8644,0,0.48610405845678145,48.610405845678144,Medium
8645,1,0.5317625442918422,53.17625442918422,Medium
8646,0,0.4923089286382265,49.23089286382265,Medium
8647,0,0.4986737213096068,49.86737213096068,Medium
8648,0,0.4899553266769297,48.99553266769297,Medium
8649,0,0.48491905744230546,48.49190574423054,Medium
8650,1,0.5395326036708826,53.95326036708826,Medium
8651,1,0.515053625067715,51.505362506771505,Medium
8652,0,0.41203283222319165,41.203283222319165,Medium
8653,1,0.5334757814396133,53.34757814396133,Medium
8654,0,0.47740480145538705,47.740480145538704,Medium
8655,0,0.49389995839096823,49.38999583909683,Medium
8656,0,0.4640206053589453,46.40206053589453,Medium
8657,1,0.5236923883810197,52.36923883810197,Medium
8658,0,0.48346134269871527,48.34613426987153,Medium
8659,1,0.5084762717630849,50.847627176308485,Medium
8660,0,0.47636200814053536,47.63620081405354,Medium
8661,1,0.5075286216060648,50.75286216060648,Medium
8662,1,0.5148191148413123,51.481911484131224,Medium
8663,0,0.4981686643261666,49.816866432616656,Medium
8664,0,0.49238294374765046,49.23829437476505,Medium
8665,0,0.4706847271984782,47.06847271984782,Medium
8666,1,0.5098658172342555,50.98658172342555,Medium
8667,0,0.471497946694554,47.1497946694554,Medium
8668,1,0.5205710158420433,52.05710158420433,Medium
8669,1,0.5103482980376676,51.034829803766755,Medium
8670,1,0.5028509742139324,50.285097421393246,Medium
8671,1,0.5452186149196577,54.52186149196577,Medium
8672,1,0.5093271848351865,50.93271848351865,Medium
8673,0,0.49538346059832256,49.53834605983226,Medium
8674,1,0.5257496996452403,52.57496996452403,Medium
8675,1,0.5001612624834539,50.016126248345394,Medium
8676,1,0.5365371273020295,53.653712730202955,Medium
8677,1,0.5079338372568908,50.793383725689075,Medium
8678,1,0.5413438512766459,54.134385127664586,Medium
8679,0,0.451003285083495,45.1003285083495,Medium
8680,0,0.4703768215577407,47.03768215577407,Medium
8681,1,0.5366707855459307,53.667078554593076,Medium
8682,0,0.49314450963255435,49.31445096325543,Medium
8683,1,0.5053442836650379,50.53442836650379,Medium
8684,0,0.48775989247300755,48.77598924730076,Medium
8685,1,0.505945318500415,50.594531850041506,Medium
8686,0,0.47440091589577577,47.44009158957758,Medium
8687,0,0.4912537668727431,49.12537668727431,Medium
8688,0,0.4481543680847447,44.815436808474466,Medium
8689,0,0.419406631110674,41.9406631110674,Medium
8690,0,0.4916682045614964,49.16682045614964,Medium
8691,0,0.4881077278393788,48.81077278393788,Medium
8692,0,0.4960178135745749,49.60178135745749,Medium
8693,0,0.4818045304913486,48.18045304913486,Medium
8694,1,0.5313481691434152,53.13481691434152,Medium
8695,1,0.5367393635822433,53.673936358224324,Medium
8696,0,0.485563966557047,48.556396655704695,Medium
8697,0,0.4943439451898178,49.434394518981776,Medium
8698,0,0.48853332913747427,48.85333291374743,Medium
8699,1,0.5307298175819106,53.07298175819106,Medium
8700,0,0.46998387688047755,46.99838768804776,Medium
8701,1,0.5139320862120721,51.39320862120721,Medium
8702,1,0.5056404284056782,50.56404284056782,Medium
8703,0,0.4810400719541197,48.10400719541197,Medium
8704,0,0.47997878966239943,47.997878966239945,Medium
8705,1,0.5212520725267075,52.12520725267075,Medium
8706,1,0.5333704897678617,53.33704897678617,Medium
8707,1,0.5114421750820601,51.14421750820601,Medium
8708,0,0.49123591601464306,49.123591601464305,Medium
8709,1,0.5182182397569142,51.821823975691416,Medium
8710,0,0.4695206145263411,46.95206145263411,Medium
8711,1,0.5110034075524594,51.100340755245945,Medium
8712,1,0.5254644219516337,52.546442195163365,Medium
8713,0,0.498964091859861,49.8964091859861,Medium
8714,0,0.4713267930156387,47.13267930156387,Medium
8715,1,0.5368722570481234,53.687225704812334,Medium
8716,0,0.488839781475426,48.8839781475426,Medium
8717,0,0.4946807463409888,49.46807463409888,Medium
8718,1,0.5083187954926935,50.83187954926935,Medium
8719,0,0.48279377618210284,48.27937761821028,Medium
8720,0,0.47877783780746086,47.877783780746086,Medium
8721,0,0.46771610897641347,46.771610897641345,Medium
8722,1,0.5260145178799307,52.60145178799307,Medium
8723,1,0.5038529197052498,50.38529197052498,Medium
8724,1,0.5259946703955852,52.599467039558526,Medium
8725,1,0.5098265478145522,50.98265478145522,Medium
8726,1,0.5063418139554388,50.63418139554388,Medium
8727,0,0.4550822070213888,45.50822070213888,Medium
8728,1,0.5218075078122765,52.180750781227644,Medium
8729,0,0.48335689657007475,48.33568965700748,Medium
8730,1,0.5159407358028797,51.59407358028797,Medium
8731,1,0.538980599038306,53.8980599038306,Medium
8732,1,0.5111577124204137,51.115771242041376,Medium
8733,0,0.48893977147845735,48.89397714784573,Medium
8734,0,0.48982664222897143,48.98266422289714,Medium
8735,1,0.5325950365929424,53.25950365929424,Medium
8736,0,0.4946040668621091,49.46040668621091,Medium
8737,0,0.4937488551599921,49.37488551599921,Medium
8738,1,0.5520910584399696,55.209105843996966,Medium
8739,0,0.4994751799610991,49.94751799610991,Medium
8740,0,0.4636002049166347,46.36002049166347,Medium
8741,1,0.5503888520817968,55.03888520817968,Medium
8742,0,0.48658145096272865,48.65814509627286,Medium
8743,1,0.5038836191004413,50.38836191004413,Medium
8744,1,0.5227808412108488,52.27808412108488,Medium
8745,1,0.5008652626191662,50.08652626191662,Medium
8746,0,0.4410297353575649,44.10297353575649,Medium
8747,1,0.5139804228112073,51.39804228112072,Medium
8748,1,0.5298670166564423,52.98670166564423,Medium
8749,1,0.5002102895269126,50.02102895269126,Medium
8750,1,0.5294739182907829,52.94739182907829,Medium
8751,1,0.5127628949773512,51.276289497735114,Medium
8752,1,0.5308523997805801,53.085239978058006,Medium
8753,1,0.5308565186011502,53.08565186011502,Medium
8754,0,0.41849691641944237,41.84969164194424,Medium
8755,1,0.5100436241299564,51.00436241299564,Medium
8756,1,0.5596301868054049,55.963018680540486,Medium
8757,0,0.40010955848384494,40.01095584838449,Medium
8758,1,0.506531635128008,50.6531635128008,Medium
8759,0,0.48703631871155456,48.70363187115546,Medium
8760,0,0.45362975383672216,45.362975383672214,Medium
8761,1,0.5457031507053421,54.570315070534214,Medium
8762,0,0.478046144165674,47.8046144165674,Medium
8763,0,0.48756015838050154,48.75601583805015,Medium
8764,0,0.4863034271420292,48.63034271420292,Medium
8765,0,0.49267313729099627,49.26731372909963,Medium
8766,0,0.46207352319400524,46.20735231940053,Medium
8767,1,0.5027825100084099,50.27825100084099,Medium
8768,1,0.5139138895027815,51.39138895027815,Medium
8769,1,0.5289942219613271,52.899422196132704,Medium
8770,0,0.4869065650930054,48.69065650930054,Medium
8771,1,0.5196974446667044,51.96974446667044,Medium
8772,1,0.5246095802203721,52.460958022037204,Medium
8773,1,0.5055679378266825,50.55679378266825,Medium
8774,1,0.5410654524306635,54.10654524306635,Medium
8775,1,0.5017390460563911,50.17390460563911,Medium
8776,0,0.49660639275775464,49.660639275775466,Medium
8777,0,0.45301830619055106,45.3018306190551,Medium
8778,0,0.46676141569628266,46.676141569628264,Medium
8779,1,0.5094893342964076,50.94893342964076,Medium
8780,1,0.5259005580321013,52.590055803210134,Medium
8781,1,0.5151739127007464,51.51739127007464,Medium
8782,1,0.5130402844359931,51.304028443599314,Medium
8783,1,0.5082063481737799,50.820634817377986,Medium
8784,0,0.48711320057207036,48.71132005720703,Medium
8785,1,0.5079252993577935,50.79252993577935,Medium
8786,0,0.4758727304922962,47.58727304922962,Medium
8787,1,0.5118956801432605,51.18956801432605,Medium
8788,0,0.4777684774958055,47.77684774958055,Medium
8789,1,0.5198789916181888,51.98789916181889,Medium
8790,1,0.5129192435851238,51.291924358512375,Medium
8791,1,0.519614643768266,51.961464376826605,Medium
8792,0,0.4906546212687201,49.06546212687201,Medium
8793,1,0.5506039557541375,55.06039557541374,Medium
8794,0,0.4740824625748,47.40824625748,Medium
8795,1,0.5006996826187634,50.06996826187634,Medium
8796,1,0.5231404941979397,52.314049419793974,Medium
8797,0,0.48836287467465683,48.83628746746568,Medium
8798,0,0.47925718938026374,47.92571893802637,Medium
8799,1,0.5152568866829189,51.52568866829189,Medium
8800,1,0.5270075426907896,52.70075426907896,Medium
8801,1,0.5238339010451842,52.383390104518426,Medium
8802,0,0.47926745728074543,47.92674572807454,Medium
8803,0,0.49948306247294755,49.94830624729475,Medium
8804,0,0.4953823089719609,49.53823089719609,Medium
8805,1,0.523341131701544,52.334113170154396,Medium
8806,1,0.5561801921373576,55.61801921373576,Medium
8807,1,0.5447142478442528,54.47142478442528,Medium
8808,0,0.4773561264798468,47.73561264798468,Medium
8809,0,0.4978452631175609,49.78452631175609,Medium
8810,1,0.520264115499931,52.0264115499931,Medium
8811,1,0.5186111066233078,51.86111066233078,Medium
8812,0,0.4980177826927201,49.80177826927201,Medium
8813,0,0.49752614180472965,49.75261418047297,Medium
8814,1,0.5360377628289418,53.60377628289418,Medium
8815,0,0.48041961556334056,48.04196155633406,Medium
8816,0,0.48303705612968684,48.303705612968685,Medium
8817,1,0.5123171318675872,51.23171318675872,Medium
8818,0,0.4967005902223138,49.67005902223138,Medium
8819,0,0.4651843045110082,46.51843045110082,Medium
8820,0,0.4954898860954627,49.54898860954627,Medium
8821,1,0.510902921937529,51.090292193752894,Medium
8822,1,0.5425490348021818,54.254903480218175,Medium
8823,1,0.5082580119146753,50.825801191467534,Medium
8824,1,0.5166144503730428,51.661445037304276,Medium
8825,1,0.5321498055804594,53.214980558045944,Medium
8826,1,0.5257969114634989,52.579691146349894,Medium
8827,0,0.47854481457010273,47.85448145701027,Medium
8828,0,0.4824676082114856,48.24676082114856,Medium
8829,1,0.5215835605438164,52.15835605438164,Medium
8830,1,0.5208783494675573,52.08783494675573,Medium
8831,1,0.5028685246823289,50.28685246823289,Medium
8832,0,0.4759285105802531,47.59285105802531,Medium
8833,0,0.4675958660693663,46.75958660693663,Medium
8834,0,0.4714864774661406,47.14864774661406,Medium
8835,0,0.4774617897393434,47.74617897393434,Medium
8836,0,0.4995507037189958,49.95507037189958,Medium
8837,1,0.5147984741764516,51.47984741764516,Medium
8838,1,0.5127191318749923,51.27191318749923,Medium
8839,1,0.5089247825937078,50.892478259370776,Medium
8840,1,0.5319014847950235,53.190148479502355,Medium
8841,1,0.5326716531551402,53.26716531551402,Medium
8842,1,0.5169542738830653,51.69542738830653,Medium
8843,1,0.503141777775156,50.3141777775156,Medium
8844,1,0.5135993465231005,51.359934652310045,Medium
8845,0,0.49357627522145653,49.357627522145656,Medium
8846,0,0.46505024462486044,46.50502446248604,Medium
8847,1,0.5100208101162126,51.00208101162126,Medium
8848,1,0.5246989039996012,52.469890399960114,Medium
8849,0,0.4647826133333184,46.47826133333184,Medium
8850,1,0.5012346194029551,50.12346194029551,Medium
8851,1,0.5226144735673907,52.26144735673907,Medium
8852,0,0.45795375249605397,45.7953752496054,Medium
8853,0,0.48947970195217594,48.94797019521759,Medium
8854,1,0.5109115725125504,51.09115725125504,Medium
8855,0,0.48040813670263044,48.04081367026304,Medium
8856,0,0.4913878085434731,49.13878085434731,Medium
8857,1,0.5124789634744727,51.24789634744727,Medium
8858,0,0.4949912694915324,49.499126949153236,Medium
8859,1,0.5168119152797465,51.68119152797465,Medium
8860,0,0.48902779850764205,48.902779850764205,Medium
8861,1,0.500953424990585,50.0953424990585,Medium
8862,0,0.4782060957823708,47.820609578237075,Medium
8863,0,0.4297884742691864,42.97884742691864,Medium
8864,0,0.4875023717421228,48.75023717421228,Medium
8865,0,0.4936144313684888,49.361443136848884,Medium
8866,0,0.46639245201780277,46.63924520178028,Medium
8867,1,0.5423438531999927,54.23438531999927,Medium
8868,1,0.5158839168660377,51.58839168660377,Medium
8869,0,0.4932248547507382,49.32248547507382,Medium
8870,0,0.49406522823635673,49.406522823635676,Medium
8871,1,0.5002646582599567,50.02646582599567,Medium
8872,1,0.5127432687531579,51.27432687531579,Medium
8873,1,0.5416198333390488,54.161983333904885,Medium
8874,0,0.49845988504522476,49.845988504522474,Medium
8875,1,0.5181620330861478,51.81620330861478,Medium
8876,1,0.5180869595608114,51.80869595608114,Medium
8877,1,0.5041652045799311,50.41652045799311,Medium
8878,1,0.5031956588751415,50.31956588751415,Medium
8879,0,0.491469298231372,49.1469298231372,Medium
8880,1,0.506496177827263,50.649617782726295,Medium
8881,1,0.5104075779446686,51.04075779446686,Medium
8882,0,0.49826528731737435,49.82652873173743,Medium
8883,1,0.531375994108215,53.1375994108215,Medium
8884,0,0.46851136050030684,46.85113605003068,Medium
8885,0,0.49254721207540364,49.25472120754036,Medium
8886,0,0.48027153804084716,48.02715380408472,Medium
8887,0,0.46903349428803254,46.90334942880325,Medium
8888,1,0.5379813391243194,53.79813391243194,Medium
8889,1,0.5257143892638095,52.57143892638096,Medium
8890,0,0.4955241531264979,49.55241531264979,Medium
8891,0,0.48287763760875896,48.2877637608759,Medium
8892,0,0.4794287009133763,47.94287009133763,Medium
8893,1,0.5018768567855599,50.187685678555994,Medium
8894,1,0.5044762132851203,50.44762132851203,Medium
8895,0,0.4818934060876879,48.18934060876879,Medium
8896,0,0.4930854699497539,49.30854699497539,Medium
8897,1,0.5294219542592996,52.94219542592996,Medium
8898,0,0.4954585448244264,49.54585448244264,Medium
8899,1,0.5072588343446159,50.72588343446159,Medium
8900,0,0.48775369526630685,48.77536952663068,Medium
8901,1,0.5085874222807015,50.858742228070156,Medium
8902,1,0.5148304337635574,51.48304337635574,Medium
8903,1,0.5068087399581224,50.680873995812235,Medium
8904,0,0.4520342592178794,45.20342592178794,Medium
8905,0,0.49901627557068073,49.901627557068075,Medium
8906,0,0.48904890250236577,48.904890250236576,Medium
8907,1,0.517173524042817,51.717352404281705,Medium
8908,0,0.4923898892230905,49.238988922309055,Medium
8909,0,0.40465249026577693,40.465249026577695,Medium
8910,0,0.48596272236667515,48.59627223666752,Medium
8911,0,0.4760786145504764,47.60786145504764,Medium
8912,0,0.40337671849435836,40.337671849435836,Medium
8913,0,0.4977789517411247,49.777895174112466,Medium
8914,1,0.5087601374828554,50.876013748285544,Medium
8915,1,0.5252202832493664,52.52202832493664,Medium
8916,1,0.506475733106045,50.6475733106045,Medium
8917,1,0.5127672607496817,51.276726074968174,Medium
8918,1,0.5218381143686057,52.18381143686057,Medium
8919,0,0.49078880320692253,49.07888032069225,Medium
8920,1,0.5041672593807038,50.416725938070385,Medium
8921,1,0.5047677685970403,50.47677685970403,Medium
8922,0,0.4929867765524918,49.29867765524918,Medium
8923,0,0.4854799986936227,48.54799986936227,Medium
8924,0,0.4795379802763253,47.95379802763253,Medium
8925,1,0.5097824759969551,50.978247599695514,Medium
8926,0,0.46399324824264343,46.39932482426434,Medium
8927,0,0.47887866278138813,47.887866278138816,Medium
8928,0,0.4608088662632042,46.08088662632042,Medium
8929,0,0.4815498503935131,48.15498503935131,Medium
8930,0,0.482545335948466,48.2545335948466,Medium
8931,0,0.4809638919887626,48.09638919887626,Medium
8932,0,0.48308349319839566,48.308349319839564,Medium
8933,1,0.5018184027164869,50.181840271648696,Medium
8934,0,0.48184383270582387,48.18438327058239,Medium
8935,0,0.493829672474789,49.382967247478895,Medium
8936,0,0.4747362536166729,47.47362536166729,Medium
8937,1,0.5299336093331843,52.993360933318435,Medium
8938,0,0.47270185568270673,47.270185568270676,Medium
8939,1,0.5661367869504219,56.61367869504219,Medium
8940,0,0.46961452286749017,46.961452286749015,Medium
8941,0,0.47373520961126053,47.373520961126054,Medium
8942,1,0.521702568915178,52.170256891517795,Medium
8943,0,0.4839788051462259,48.397880514622585,Medium
8944,0,0.4717830327638986,47.17830327638986,Medium
8945,1,0.5133297739601738,51.33297739601738,Medium
8946,1,0.5038351737633656,50.38351737633656,Medium
8947,0,0.496856684609782,49.6856684609782,Medium
8948,1,0.5215611119819886,52.156111198198865,Medium
8949,1,0.5157823293744621,51.57823293744621,Medium
8950,1,0.5334459521644987,53.344595216449875,Medium
8951,0,0.49821874154832746,49.82187415483275,Medium
8952,1,0.5258959747282335,52.58959747282334,Medium
8953,0,0.44183014483865235,44.183014483865236,Medium
8954,1,0.5014615739040573,50.14615739040573,Medium
8955,1,0.537295486538219,53.7295486538219,Medium
8956,0,0.4627646708402344,46.276467084023444,Medium
8957,1,0.5105211561296826,51.052115612968265,Medium
8958,0,0.47281152549498767,47.28115254949877,Medium
8959,0,0.4870681804027051,48.70681804027051,Medium
8960,0,0.49786850425621904,49.78685042562191,Medium
8961,0,0.4957543891584499,49.57543891584499,Medium
8962,1,0.5237481394815525,52.37481394815525,Medium
8963,1,0.5012900454930291,50.12900454930291,Medium
8964,0,0.46235768020934215,46.235768020934216,Medium
8965,1,0.5360042080551932,53.60042080551932,Medium
8966,1,0.5265556609383362,52.65556609383361,Medium
8967,0,0.47443175141307964,47.44317514130796,Medium
8968,0,0.4767423383372461,47.674233833724614,Medium
8969,1,0.5278089238036427,52.78089238036428,Medium
8970,1,0.507102613996609,50.71026139966091,Medium
8971,0,0.4772745433666292,47.72745433666292,Medium
8972,0,0.47321277613138973,47.321277613138975,Medium
8973,0,0.4519246492123641,45.19246492123641,Medium
8974,0,0.4426077105507406,44.26077105507406,Medium
8975,0,0.4698376306963586,46.983763069635856,Medium
8976,0,0.4721580714947676,47.21580714947676,Medium
8977,0,0.47070529551771806,47.070529551771806,Medium
8978,1,0.520655447199251,52.06554471992511,Medium
8979,0,0.48097894760631776,48.097894760631775,Medium
8980,1,0.5027502403670437,50.27502403670437,Medium
8981,1,0.5230141122075753,52.30141122075753,Medium
8982,1,0.517808352814179,51.7808352814179,Medium
8983,0,0.48960035054727774,48.960035054727776,Medium
8984,1,0.5137850476419346,51.37850476419346,Medium
8985,1,0.5113336100316742,51.13336100316742,Medium
8986,1,0.5346103164198163,53.46103164198163,Medium
8987,0,0.495994162495433,49.599416249543296,Medium
8988,0,0.4804164478738232,48.04164478738232,Medium
8989,1,0.508910823629169,50.8910823629169,Medium
8990,0,0.47420048568133477,47.420048568133474,Medium
8991,1,0.5231535220110574,52.31535220110574,Medium
8992,0,0.4897841152726093,48.97841152726093,Medium
8993,0,0.4840459110284078,48.40459110284078,Medium
8994,1,0.5222229663491466,52.222296634914656,Medium
8995,0,0.4853358748116068,48.53358748116068,Medium
8996,0,0.48700827134422237,48.700827134422234,Medium
8997,0,0.4791678779747445,47.916787797474456,Medium
8998,0,0.496167498566239,49.6167498566239,Medium
8999,1,0.5306905845571782,53.06905845571782,Medium
9000,0,0.4877539338427658,48.775393384276576,Medium
9001,1,0.5300489463638074,53.00489463638074,Medium
9002,1,0.5012901236711516,50.12901236711515,Medium
9003,0,0.4876737971105641,48.76737971105641,Medium
9004,0,0.4667810619488008,46.67810619488008,Medium
9005,1,0.5229336576458865,52.29336576458865,Medium
9006,0,0.4784439976226288,47.84439976226288,Medium
9007,1,0.5070955576746218,50.70955576746218,Medium
9008,1,0.5227247244094895,52.272472440948945,Medium
9009,0,0.4924481735577583,49.24481735577583,Medium
9010,0,0.4860087708394942,48.60087708394942,Medium
9011,0,0.46976327664365636,46.976327664365634,Medium
9012,1,0.5149730152214801,51.49730152214801,Medium
9013,1,0.5409561108192918,54.095611081929185,Medium
9014,0,0.475171351652914,47.5171351652914,Medium
9015,0,0.49443892944588924,49.443892944588924,Medium
9016,1,0.5427481436932021,54.27481436932021,Medium
9017,1,0.5180642404543845,51.80642404543845,Medium
9018,0,0.4970484182213548,49.70484182213548,Medium
9019,1,0.5190941336106065,51.90941336106065,Medium
9020,1,0.5562838705660154,55.62838705660154,Medium
9021,1,0.5118667385439375,51.186673854393746,Medium
9022,0,0.49343945900906977,49.343945900906974,Medium
9023,0,0.46252556956458635,46.25255695645863,Medium
9024,0,0.48243633706436384,48.243633706436384,Medium
9025,0,0.4614202593785406,46.14202593785406,Medium
9026,1,0.5242465607722,52.42465607722,Medium
9027,0,0.4597691902758089,45.97691902758089,Medium
9028,0,0.4858560992409238,48.58560992409238,Medium
9029,0,0.4774682226011556,47.746822260115565,Medium
9030,1,0.5346517414176886,53.465174141768856,Medium
9031,0,0.476796889589918,47.679688958991804,Medium
9032,0,0.49226498289280535,49.226498289280535,Medium
9033,0,0.4757726928708859,47.57726928708859,Medium
9034,0,0.4794529964727509,47.94529964727509,Medium
9035,1,0.5094608082506474,50.94608082506474,Medium
9036,0,0.46521956253159946,46.52195625315995,Medium
9037,1,0.5597410605010891,55.97410605010891,Medium
9038,1,0.5095974641255078,50.95974641255078,Medium
9039,1,0.509277733507585,50.9277733507585,Medium
9040,0,0.4910032909348939,49.10032909348939,Medium
9041,0,0.494588467637101,49.4588467637101,Medium
9042,0,0.47248622850005634,47.24862285000563,Medium
9043,1,0.5097310509493965,50.973105094939655,Medium
9044,0,0.4783704558371285,47.83704558371285,Medium
9045,0,0.46617812191531566,46.61781219153156,Medium
9046,1,0.5001182306790944,50.01182306790945,Medium
9047,1,0.513035609533845,51.3035609533845,Medium
9048,1,0.5150102115523887,51.50102115523887,Medium
9049,1,0.5196673839782197,51.96673839782196,Medium
9050,1,0.5084741781646118,50.84741781646118,Medium
9051,1,0.5420254960886279,54.202549608862796,Medium
9052,0,0.49212896214831586,49.21289621483159,Medium
9053,0,0.48481095957944104,48.481095957944106,Medium
9054,0,0.4978101004133459,49.78101004133459,Medium
9055,1,0.5009586092710231,50.09586092710231,Medium
9056,1,0.5074061928666659,50.740619286666586,Medium
9057,0,0.49654972828429883,49.654972828429884,Medium
9058,0,0.473712148694029,47.3712148694029,Medium
9059,0,0.4911824292944265,49.11824292944265,Medium
9060,1,0.5087336100135033,50.873361001350325,Medium
9061,0,0.46617786378002857,46.617786378002855,Medium
9062,1,0.5409916864109395,54.099168641093954,Medium
9063,0,0.4956491274495919,49.56491274495919,Medium
9064,0,0.4502875237849452,45.02875237849452,Medium
9065,0,0.48895042729682436,48.89504272968244,Medium
9066,1,0.5126863686370566,51.268636863705666,Medium
9067,0,0.4846434416860077,48.46434416860077,Medium
9068,1,0.518234107761077,51.82341077610771,Medium
9069,0,0.4623138678371469,46.23138678371469,Medium
9070,0,0.49374139906975756,49.374139906975756,Medium
9071,1,0.5409756038361895,54.09756038361895,Medium
9072,1,0.5026659696229433,50.26659696229433,Medium
9073,1,0.5047024324871584,50.47024324871584,Medium
9074,1,0.5095548280167334,50.955482801673334,Medium
9075,0,0.49451404517663894,49.451404517663896,Medium
9076,0,0.44980386154436913,44.980386154436914,Medium
9077,1,0.506287065498211,50.6287065498211,Medium
9078,0,0.49708092565220113,49.70809256522011,Medium
9079,1,0.5157297848893755,51.57297848893755,Medium
9080,0,0.4932480312666021,49.324803126660214,Medium
9081,1,0.5337380610487117,53.37380610487117,Medium
9082,0,0.4921602346212329,49.21602346212329,Medium
9083,0,0.48928369062982713,48.92836906298271,Medium
9084,0,0.4938878988338057,49.38878988338057,Medium
9085,1,0.522229242066718,52.22292420667179,Medium
9086,0,0.4849810027665054,48.49810027665054,Medium
9087,1,0.5290562573227882,52.905625732278814,Medium
9088,1,0.5054702550897661,50.5470255089766,Medium
9089,1,0.5341021380087058,53.41021380087058,Medium
9090,0,0.49985951266865725,49.985951266865726,Medium
9091,0,0.49899208962376523,49.89920896237653,Medium
9092,1,0.5224073720061607,52.240737200616074,Medium
9093,1,0.5360204981047479,53.602049810474796,Medium
9094,0,0.49762159247149845,49.762159247149846,Medium
9095,0,0.4985159558320661,49.85159558320661,Medium
9096,1,0.5302889308004812,53.02889308004812,Medium
9097,1,0.5740062983347745,57.400629833477446,Medium
9098,0,0.48247012978317044,48.247012978317045,Medium
9099,1,0.5247367533691601,52.47367533691602,Medium
9100,0,0.45929375831029257,45.929375831029255,Medium
9101,0,0.4987589664642504,49.87589664642504,Medium
9102,1,0.5178141918114348,51.781419181143484,Medium
9103,0,0.46258026897112975,46.25802689711298,Medium
9104,1,0.5779565091483186,57.79565091483187,Medium
9105,0,0.4946570708337257,49.465707083372564,Medium
9106,0,0.4804590017047998,48.04590017047998,Medium
9107,1,0.5012693564063297,50.12693564063297,Medium
9108,1,0.5534203950189545,55.34203950189544,Medium
9109,0,0.4597802913240181,45.97802913240181,Medium
9110,0,0.4947200362775454,49.47200362775454,Medium
9111,0,0.4749463755757407,47.49463755757407,Medium
9112,0,0.48066258983816423,48.066258983816425,Medium
9113,0,0.48728452970012276,48.72845297001228,Medium
9114,0,0.4918097586801662,49.18097586801662,Medium
9115,1,0.5105466420283168,51.05466420283168,Medium
9116,1,0.5269914252681609,52.69914252681609,Medium
9117,0,0.48448681768462615,48.44868176846261,Medium
9118,1,0.5262814540205236,52.62814540205236,Medium
9119,0,0.4558087660830779,45.58087660830779,Medium
9120,1,0.5037389357965244,50.37389357965244,Medium
9121,0,0.49503462963954764,49.50346296395477,Medium
9122,1,0.5257989228076003,52.579892280760035,Medium
9123,1,0.5392272689480203,53.92272689480203,Medium
9124,0,0.457932920997792,45.7932920997792,Medium
9125,1,0.5238380446817097,52.38380446817097,Medium
9126,1,0.5461582289223701,54.615822892237006,Medium
9127,1,0.5140298770782911,51.402987707829105,Medium
9128,0,0.482141768130608,48.2141768130608,Medium
9129,0,0.4781088988386647,47.81088988386647,Medium
9130,1,0.5204545269067086,52.04545269067086,Medium
9131,0,0.47686389346026803,47.6863893460268,Medium
9132,0,0.47618939232765306,47.61893923276531,Medium
9133,1,0.5140733248140604,51.407332481406044,Medium
9134,1,0.5147824241627021,51.47824241627021,Medium
9135,1,0.5091426011970085,50.91426011970085,Medium
9136,1,0.5007587086126608,50.07587086126608,Medium
9137,1,0.5340930880199117,53.40930880199117,Medium
9138,1,0.5001210422366631,50.01210422366631,Medium
9139,1,0.5062571510034923,50.62571510034923,Medium
9140,1,0.5496837599086837,54.96837599086837,Medium
9141,0,0.4985731716376125,49.85731716376125,Medium
9142,1,0.5236971744583816,52.36971744583816,Medium
9143,1,0.5177634614391192,51.77634614391192,Medium
9144,0,0.49706126539101925,49.70612653910192,Medium
9145,0,0.4921294273493884,49.21294273493884,Medium
9146,1,0.5205609592331583,52.05609592331582,Medium
9147,1,0.5405387097974418,54.053870979744175,Medium
9148,0,0.47808616153199535,47.80861615319954,Medium
9149,0,0.47740870863754803,47.7408708637548,Medium
9150,0,0.4295350057260873,42.95350057260873,Medium
9151,0,0.4777515981994937,47.77515981994937,Medium
9152,0,0.4932748682863584,49.32748682863584,Medium
9153,0,0.4065768350092912,40.65768350092912,Medium
9154,0,0.4751964016379745,47.51964016379745,Medium
9155,1,0.5035800197175672,50.358001971756714,Medium
9156,1,0.5181953225065116,51.81953225065116,Medium
9157,0,0.48079695029614616,48.07969502961462,Medium
9158,1,0.5062480661348476,50.624806613484765,Medium
9159,1,0.501160284525767,50.1160284525767,Medium
9160,1,0.5174212195355187,51.742121953551866,Medium
9161,0,0.4757070130216217,47.57070130216217,Medium
9162,0,0.4735547159830347,47.355471598303474,Medium
9163,1,0.5200442308153347,52.00442308153347,Medium
9164,1,0.5125325090999581,51.253250909995806,Medium
9165,0,0.4252004487527888,42.52004487527888,Medium
9166,0,0.499543355889281,49.9543355889281,Medium
9167,1,0.5444139924854907,54.441399248549075,Medium
9168,0,0.4839474056828946,48.394740568289464,Medium
9169,1,0.5130774781699702,51.307747816997015,Medium
9170,1,0.5019806642942433,50.19806642942433,Medium
9171,0,0.4842290999709034,48.42290999709034,Medium
9172,1,0.5124561408283244,51.24561408283243,Medium
9173,0,0.47077741044270244,47.07774104427024,Medium
9174,0,0.4891419615745736,48.91419615745736,Medium
9175,0,0.4865319596102424,48.653195961024245,Medium
9176,1,0.5353831707451001,53.53831707451001,Medium
9177,0,0.49401761022186713,49.40176102218671,Medium
9178,0,0.48038615027462445,48.03861502746244,Medium
9179,0,0.4885138621617825,48.85138621617825,Medium
9180,0,0.49276831716126474,49.27683171612647,Medium
9181,0,0.4398476466802845,43.98476466802845,Medium
9182,1,0.5802916356759655,58.029163567596555,Medium
9183,1,0.520889055012747,52.088905501274695,Medium
9184,1,0.5168066322703088,51.68066322703088,Medium
9185,1,0.5207138694856526,52.071386948565255,Medium
9186,0,0.4759436456818824,47.59436456818824,Medium
9187,1,0.5481371699073835,54.81371699073835,Medium
9188,0,0.4706264589394833,47.06264589394833,Medium
9189,1,0.5025987399079369,50.25987399079369,Medium
9190,0,0.47568366467933515,47.568366467933515,Medium
9191,0,0.4894446736568768,48.944467365687686,Medium
9192,1,0.5227141040201693,52.271410402016926,Medium
9193,1,0.5028386535009617,50.28386535009617,Medium
9194,1,0.5422827546637711,54.228275466377106,Medium
9195,1,0.5089841573452926,50.89841573452926,Medium
9196,1,0.5137545689818861,51.37545689818861,Medium
9197,1,0.5123888461961995,51.23888461961995,Medium
9198,0,0.4763853945549326,47.63853945549326,Medium
9199,1,0.503643921587826,50.3643921587826,Medium
9200,0,0.42285587136442326,42.285587136442324,Medium
9201,1,0.5049966185238443,50.49966185238443,Medium
9202,1,0.5087787738123798,50.87787738123798,Medium
9203,0,0.42563698967296554,42.56369896729655,Medium
9204,0,0.47736523119904256,47.736523119904255,Medium
9205,1,0.501679095554998,50.167909555499804,Medium
9206,1,0.5077720459670885,50.77720459670885,Medium
9207,0,0.42777337747725347,42.77733774772535,Medium
9208,1,0.5032507809542598,50.32507809542598,Medium
9209,0,0.47530306045680176,47.53030604568018,Medium
9210,0,0.47140511356999704,47.1405113569997,Medium
9211,1,0.5269373008255254,52.693730082552534,Medium
9212,1,0.5092397628988008,50.92397628988008,Medium
9213,1,0.5004140026811257,50.04140026811257,Medium
9214,1,0.5017765670622618,50.17765670622618,Medium
9215,1,0.5122684311122767,51.22684311122767,Medium
9216,1,0.5125897599487261,51.258975994872614,Medium
9217,1,0.5044608084028123,50.446080840281226,Medium
9218,0,0.4982408378180966,49.824083781809655,Medium
9219,1,0.5485733942706272,54.857339427062726,Medium
9220,1,0.5289068878547325,52.89068878547325,Medium
9221,1,0.5450821790563596,54.50821790563596,Medium
9222,0,0.4875984612675146,48.75984612675146,Medium
9223,1,0.5111439819158601,51.114398191586005,Medium
9224,0,0.49671816375917555,49.67181637591756,Medium
9225,0,0.48731633798814844,48.73163379881484,Medium
9226,0,0.4662668455472364,46.62668455472364,Medium
9227,1,0.5334047355900419,53.34047355900419,Medium
9228,0,0.49054330537767404,49.054330537767406,Medium
9229,0,0.4628732470173156,46.287324701731556,Medium
9230,1,0.5190133929501836,51.90133929501835,Medium
9231,1,0.5019953089888364,50.19953089888364,Medium
9232,0,0.45093064921537107,45.093064921537106,Medium
9233,1,0.5233383561535713,52.333835615357124,Medium
9234,0,0.4940011979595327,49.400119795953266,Medium
9235,1,0.521217594079049,52.1217594079049,Medium
9236,0,0.4951206242317158,49.512062423171585,Medium
9237,1,0.5090670889789074,50.90670889789074,Medium
9238,1,0.5114834764774655,51.14834764774655,Medium
9239,1,0.5206291018278236,52.06291018278236,Medium
9240,0,0.45854842488438297,45.854842488438294,Medium
9241,1,0.5005514104000647,50.05514104000647,Medium
9242,1,0.5284507301387247,52.845073013872465,Medium
9243,1,0.5235840827301432,52.35840827301432,Medium
9244,1,0.529300781931179,52.9300781931179,Medium
9245,0,0.482228244285911,48.222824428591096,Medium
9246,0,0.4800916633597526,48.00916633597526,Medium
9247,1,0.5123601517836599,51.23601517836599,Medium
9248,1,0.5260707833774968,52.60707833774968,Medium
9249,0,0.4159984834609145,41.59984834609145,Medium
9250,1,0.5126676517939031,51.266765179390305,Medium
9251,0,0.48217588590960603,48.2175885909606,Medium
9252,0,0.4850389883526409,48.503898835264096,Medium
9253,1,0.5334066188488167,53.34066188488167,Medium
9254,1,0.5230467808248271,52.30467808248272,Medium
9255,1,0.5055301882485846,50.55301882485846,Medium
9256,0,0.49368337678313007,49.368337678313004,Medium
9257,1,0.5126253797283854,51.26253797283854,Medium
9258,0,0.47151389602564014,47.15138960256402,Medium
9259,0,0.4807190126852193,48.071901268521934,Medium
9260,1,0.5020455371131439,50.20455371131439,Medium
9261,0,0.45885176031589103,45.885176031589104,Medium
9262,1,0.5070746843756329,50.707468437563286,Medium
9263,1,0.5021608801340334,50.216088013403336,Medium
9264,0,0.4896516327532066,48.96516327532066,Medium
9265,0,0.4965856142297142,49.65856142297142,Medium
9266,1,0.5162605272395878,51.62605272395878,Medium
9267,1,0.5336080910675544,53.36080910675543,Medium
9268,0,0.49215412898828903,49.2154128988289,Medium
9269,0,0.48764947697302197,48.7649476973022,Medium
9270,0,0.4916336684569141,49.16336684569141,Medium
9271,1,0.5070773218213185,50.70773218213185,Medium
9272,0,0.4910338817445009,49.10338817445009,Medium
9273,1,0.5111797286996164,51.11797286996163,Medium
9274,1,0.5241327563299538,52.41327563299538,Medium
9275,0,0.4928713580756421,49.28713580756421,Medium
9276,1,0.5094757335597377,50.94757335597377,Medium
9277,0,0.49492506104577516,49.492506104577515,Medium
9278,1,0.518341360132247,51.83413601322469,Medium
9279,0,0.4783363172608131,47.83363172608131,Medium
9280,1,0.5118923035668071,51.18923035668072,Medium
9281,0,0.4874596836769403,48.74596836769403,Medium
9282,1,0.5006367440534009,50.06367440534009,Medium
9283,0,0.4989496777068725,49.894967770687245,Medium
9284,0,0.47160298830371294,47.160298830371296,Medium
9285,0,0.4873899730868895,48.73899730868895,Medium
9286,1,0.5066615503417954,50.66615503417954,Medium
9287,1,0.5545921817272683,55.459218172726835,Medium
9288,1,0.5049997104485353,50.49997104485353,Medium
9289,1,0.5073496671214487,50.73496671214487,Medium
9290,1,0.502799662479415,50.2799662479415,Medium
9291,0,0.4918785439636742,49.18785439636742,Medium
9292,0,0.4718659637237791,47.186596372377906,Medium
9293,0,0.496132789193116,49.6132789193116,Medium
9294,1,0.5144993504715138,51.449935047151385,Medium
9295,1,0.5188983386059134,51.88983386059134,Medium
9296,1,0.5052138578639281,50.52138578639281,Medium
9297,1,0.5132170370577693,51.32170370577693,Medium
9298,0,0.4989076527673197,49.89076527673197,Medium
9299,0,0.49274511518484465,49.274511518484466,Medium
9300,1,0.5047824068135792,50.478240681357924,Medium
9301,1,0.5055150177412729,50.551501774127296,Medium
9302,0,0.4786527535789077,47.865275357890766,Medium
9303,1,0.5085340411570809,50.85340411570809,Medium
9304,1,0.5091773391308729,50.91773391308729,Medium
9305,0,0.4869031512935533,48.690315129355334,Medium
9306,0,0.49267380295574337,49.267380295574334,Medium
9307,1,0.513198266653263,51.319826665326296,Medium
9308,1,0.5220705126579771,52.20705126579771,Medium
9309,1,0.517224435901849,51.722443590184895,Medium
9310,0,0.4981318053495433,49.813180534954334,Medium
9311,1,0.5252879530709486,52.52879530709485,Medium
9312,1,0.5084819769172872,50.84819769172873,Medium
9313,1,0.5115655377241417,51.15655377241417,Medium
9314,0,0.4746741592732652,47.46741592732652,Medium
9315,0,0.4620635854787152,46.20635854787152,Medium
9316,1,0.5403859477624428,54.038594776244274,Medium
9317,0,0.48859655242932903,48.8596552429329,Medium
9318,1,0.517337635750116,51.73376357501161,Medium
9319,0,0.4741539346840821,47.41539346840821,Medium
9320,0,0.46613664290503937,46.613664290503934,Medium
9321,1,0.5196043798216731,51.960437982167306,Medium
9322,1,0.537082480290614,53.7082480290614,Medium
9323,1,0.5419574790666588,54.19574790666588,Medium
9324,1,0.5416691654863403,54.16691654863403,Medium
9325,1,0.5311831296778258,53.11831296778258,Medium
9326,0,0.4760352221006757,47.603522210067574,Medium
9327,0,0.4871877999148477,48.718779991484766,Medium
9328,0,0.49582800858789633,49.58280085878963,Medium
9329,1,0.5265632803290816,52.65632803290816,Medium
9330,0,0.4710575879113386,47.10575879113386,Medium
9331,0,0.4927221703066318,49.27221703066318,Medium
9332,1,0.5252622092359738,52.52622092359738,Medium
9333,0,0.47472987094142066,47.47298709414206,Medium
9334,1,0.5104504276138923,51.045042761389226,Medium
9335,0,0.46793345432101646,46.793345432101646,Medium
9336,0,0.4992968979883925,49.92968979883925,Medium
9337,1,0.5042619071295285,50.426190712952845,Medium
9338,0,0.4990183670406303,49.90183670406303,Medium
9339,0,0.4635688361295184,46.35688361295184,Medium
9340,0,0.4705713649144826,47.05713649144826,Medium
9341,0,0.45166944774449186,45.166944774449185,Medium
9342,1,0.5109065372734305,51.09065372734305,Medium
9343,1,0.5055351630069677,50.553516300696764,Medium
9344,1,0.5112837082874356,51.12837082874356,Medium
9345,0,0.46933469222598523,46.933469222598525,Medium
9346,0,0.4832936353225845,48.329363532258455,Medium
9347,1,0.5109273493774674,51.09273493774674,Medium
9348,0,0.47800377475808115,47.80037747580811,Medium
9349,0,0.48088014552624464,48.088014552624465,Medium
9350,1,0.5129143193381072,51.29143193381071,Medium
9351,1,0.502998219884894,50.2998219884894,Medium
9352,0,0.4807760436862286,48.077604368622865,Medium
9353,0,0.48239177736821076,48.23917773682108,Medium
9354,1,0.5146926600965187,51.46926600965187,Medium
9355,1,0.5047359437795254,50.47359437795254,Medium
9356,1,0.5030022707407108,50.30022707407108,Medium
9357,0,0.48490029264890816,48.490029264890815,Medium
9358,0,0.48157895364164205,48.157895364164204,Medium
9359,1,0.501805929496078,50.18059294960781,Medium
9360,0,0.4645844691048916,46.45844691048916,Medium
9361,0,0.47495666337209486,47.495666337209485,Medium
9362,0,0.4998514632197751,49.98514632197751,Medium
9363,0,0.4843166464466609,48.43166464466609,Medium
9364,0,0.4920448444474747,49.20448444474747,Medium
9365,0,0.4771273426305781,47.71273426305781,Medium
9366,0,0.4932157067524705,49.32157067524705,Medium
9367,0,0.4920514973065809,49.205149730658086,Medium
9368,0,0.4894936379595838,48.94936379595838,Medium
9369,0,0.4840346225119243,48.40346225119243,Medium
9370,0,0.47070809905817773,47.070809905817775,Medium
9371,0,0.47994782845839823,47.99478284583982,Medium
9372,0,0.41705341734770424,41.70534173477042,Medium
9373,0,0.47141725860225125,47.14172586022512,Medium
9374,1,0.5128607171766051,51.286071717660505,Medium
9375,1,0.5534206787115755,55.34206787115755,Medium
9376,0,0.49687651636412666,49.68765163641267,Medium
9377,0,0.4858835004949857,48.588350049498565,Medium
9378,1,0.5065906482543515,50.65906482543515,Medium
9379,0,0.49362067069968485,49.36206706996848,Medium
9380,1,0.520336312488384,52.0336312488384,Medium
9381,1,0.5202594653267608,52.02594653267608,Medium
9382,1,0.5318139218280806,53.18139218280806,Medium
9383,1,0.5143053470352218,51.43053470352218,Medium
9384,1,0.5211070142592902,52.110701425929015,Medium
9385,0,0.4659883689246781,46.59883689246781,Medium
9386,0,0.436430596111216,43.6430596111216,Medium
9387,1,0.5552687258074733,55.52687258074733,Medium
9388,0,0.47605382769660626,47.60538276966063,Medium
9389,0,0.48875829180366975,48.87582918036698,Medium
9390,1,0.5062071405894889,50.62071405894889,Medium
9391,1,0.5167570140434689,51.67570140434689,Medium
9392,0,0.48720527683888576,48.72052768388858,Medium
9393,1,0.5359900281119614,53.59900281119614,Medium
9394,1,0.5280185197853856,52.80185197853856,Medium
9395,0,0.47980089354272787,47.980089354272785,Medium
9396,0,0.49810268895213944,49.810268895213945,Medium
9397,0,0.49961801673797807,49.96180167379781,Medium
9398,1,0.5078046337426031,50.78046337426031,Medium
9399,1,0.5018577906246071,50.18577906246071,Medium
9400,0,0.48919810120553575,48.91981012055358,Medium
9401,1,0.5319616309588938,53.19616309588938,Medium
9402,1,0.5027784219898388,50.277842198983876,Medium
9403,0,0.4408431145834749,44.08431145834749,Medium
9404,0,0.49148757422236444,49.14875742223644,Medium
9405,0,0.4883543785356195,48.835437853561956,Medium
9406,1,0.5206503073751636,52.06503073751636,Medium
9407,1,0.5548818528493574,55.488185284935746,Medium
9408,1,0.5008686451921688,50.08686451921688,Medium
9409,1,0.5289128568915673,52.89128568915673,Medium
9410,0,0.4911199371946089,49.11199371946089,Medium
9411,0,0.4968743142038843,49.68743142038843,Medium
9412,1,0.5027683352561808,50.27683352561808,Medium
9413,1,0.5148430355397644,51.48430355397644,Medium
9414,0,0.47124631937836,47.124631937836,Medium
9415,1,0.5043870067476177,50.43870067476177,Medium
9416,0,0.4923237488387741,49.23237488387741,Medium
9417,0,0.4861640709217903,48.61640709217903,Medium
9418,0,0.4787457025925788,47.87457025925788,Medium
9419,1,0.5047861436212528,50.478614362125285,Medium
9420,1,0.5010874461591422,50.108744615914226,Medium
9421,0,0.48347060798722524,48.347060798722524,Medium
9422,1,0.5116955871093286,51.16955871093286,Medium
9423,0,0.47969980802367423,47.969980802367424,Medium
9424,0,0.45982443376771565,45.98244337677156,Medium
9425,1,0.506468653692734,50.6468653692734,Medium
9426,0,0.48593406989099375,48.59340698909938,Medium
9427,1,0.5049957858983993,50.499578589839935,Medium
9428,0,0.49832123723206023,49.832123723206024,Medium
9429,0,0.4924036506009436,49.24036506009436,Medium
9430,0,0.49574708581268623,49.574708581268624,Medium
9431,1,0.5285573425020199,52.85573425020199,Medium
9432,0,0.4816196675050462,48.16196675050462,Medium
9433,0,0.4959394186687474,49.593941866874744,Medium
9434,1,0.5141699788149631,51.41699788149631,Medium
9435,1,0.5205679456804146,52.05679456804147,Medium
9436,1,0.5250739562862264,52.507395628622646,Medium
9437,1,0.5019932095248774,50.19932095248774,Medium
9438,0,0.4870397051741425,48.703970517414255,Medium
9439,0,0.4838051327020664,48.380513270206635,Medium
9440,1,0.5601769581979646,56.017695819796465,Medium
9441,1,0.5860949826308032,58.60949826308032,Medium
9442,0,0.4727216276754211,47.272162767542106,Medium
9443,1,0.5389218531279172,53.89218531279172,Medium
9444,1,0.5017608474984666,50.17608474984666,Medium
9445,0,0.4944328689742065,49.44328689742065,Medium
9446,1,0.5378935240868926,53.78935240868926,Medium
9447,0,0.48204526032387357,48.204526032387356,Medium
9448,1,0.5085630280266473,50.85630280266473,Medium
9449,0,0.45349277546741473,45.349277546741476,Medium
9450,0,0.4750585551941566,47.505855519415654,Medium
9451,1,0.5193095752862249,51.93095752862249,Medium
9452,0,0.4881970596520785,48.81970596520785,Medium
9453,1,0.5089199619318592,50.89199619318592,Medium
9454,1,0.5444282184325437,54.44282184325437,Medium
9455,1,0.5323216705696617,53.232167056966176,Medium
9456,1,0.5392873754496107,53.928737544961066,Medium
9457,1,0.5158356963433542,51.583569634335426,Medium
9458,0,0.45989875150207776,45.98987515020777,Medium
9459,1,0.5026278356025073,50.26278356025073,Medium
9460,0,0.49844682443980504,49.8446824439805,Medium
9461,1,0.5216088786739012,52.160887867390116,Medium
9462,1,0.5144298227115123,51.44298227115123,Medium
9463,1,0.5328924241890167,53.28924241890167,Medium
9464,1,0.5001556302885755,50.01556302885754,Medium
9465,1,0.5133271413524794,51.33271413524794,Medium
9466,0,0.47726363497157853,47.726363497157855,Medium
9467,1,0.5161389385453471,51.61389385453471,Medium
9468,1,0.517395075069569,51.739507506956905,Medium
9469,1,0.5183917612111697,51.83917612111697,Medium
9470,1,0.5057052065761638,50.57052065761638,Medium
9471,0,0.49027323305940107,49.02732330594011,Medium
9472,1,0.5169909355765664,51.69909355765664,Medium
9473,0,0.4825242658699065,48.25242658699065,Medium
9474,0,0.49415517604094744,49.415517604094745,Medium
9475,0,0.48549569451740565,48.54956945174057,Medium
9476,1,0.5071321406751715,50.71321406751716,Medium
9477,0,0.48094443315466584,48.094443315466584,Medium
9478,1,0.5158166242014055,51.58166242014055,Medium
9479,0,0.48443739688528775,48.44373968852877,Medium
9480,1,0.5124397884809597,51.24397884809597,Medium
9481,0,0.4877588309129004,48.77588309129004,Medium
9482,1,0.5022842566568907,50.228425665689066,Medium
9483,0,0.4890447900097693,48.90447900097693,Medium
9484,1,0.5249298511781298,52.492985117812985,Medium
9485,0,0.48117842189017357,48.11784218901736,Medium
9486,0,0.49940520943898203,49.94052094389821,Medium
9487,1,0.5046329750004067,50.463297500040674,Medium
9488,0,0.47591037805925807,47.59103780592581,Medium
9489,1,0.5144681792173368,51.446817921733675,Medium
9490,1,0.5086042148760341,50.86042148760341,Medium
9491,0,0.4969209012571734,49.69209012571734,Medium
9492,0,0.49284703896777515,49.284703896777515,Medium
9493,0,0.49685648352897527,49.68564835289753,Medium
9494,1,0.5020873966682631,50.208739666826304,Medium
9495,0,0.48664871016008066,48.664871016008064,Medium
9496,0,0.46328121988412674,46.328121988412676,Medium
9497,0,0.49377892881373847,49.377892881373846,Medium
9498,0,0.4657501997100858,46.57501997100858,Medium
9499,0,0.43060147310836194,43.06014731083619,Medium
9500,0,0.4833740782809823,48.33740782809823,Medium
9501,1,0.5330100707512633,53.30100707512633,Medium
9502,0,0.4795430965122543,47.95430965122543,Medium
9503,1,0.5060203076371248,50.60203076371248,Medium
9504,0,0.4965735359625106,49.657353596251056,Medium
9505,0,0.48060299532151046,48.06029953215105,Medium
9506,0,0.49087094106126045,49.087094106126045,Medium
9507,1,0.5038654926257948,50.386549262579486,Medium
9508,0,0.49165288733715684,49.165288733715684,Medium
9509,1,0.5018721671818621,50.187216718186214,Medium
9510,1,0.512862273172841,51.28622731728411,Medium
9511,1,0.5165111748821353,51.65111748821353,Medium
9512,1,0.506730983403324,50.6730983403324,Medium
9513,1,0.5079744376215759,50.79744376215759,Medium
9514,0,0.46671639895404243,46.67163989540424,Medium
9515,0,0.46847497352853446,46.847497352853445,Medium
9516,0,0.495739023651234,49.5739023651234,Medium
9517,1,0.531114966820915,53.1114966820915,Medium
9518,0,0.4660783842266765,46.607838422667655,Medium
9519,0,0.481747538743103,48.1747538743103,Medium
9520,0,0.4968316330886302,49.68316330886302,Medium
9521,1,0.515632872226979,51.563287222697895,Medium
9522,0,0.47829227814327324,47.829227814327325,Medium
9523,1,0.5296486766172787,52.964867661727865,Medium
9524,1,0.5138192917945483,51.38192917945483,Medium
9525,0,0.48485949789017324,48.485949789017326,Medium
9526,1,0.5118804068304096,51.18804068304096,Medium
9527,0,0.49837166724741616,49.837166724741614,Medium
9528,0,0.45796311870487666,45.79631187048766,Medium
9529,1,0.5260384568747541,52.60384568747541,Medium
9530,1,0.5137395950291244,51.373959502912435,Medium
9531,0,0.4942500295426649,49.42500295426649,Medium
9532,0,0.4794301221958882,47.94301221958882,Medium
9533,1,0.5166097523836538,51.66097523836538,Medium
9534,0,0.47499612679154746,47.499612679154744,Medium
9535,0,0.49559598034857116,49.55959803485712,Medium
9536,0,0.4935701478970998,49.35701478970998,Medium
9537,1,0.5548709446635101,55.487094466351,Medium
9538,1,0.5092358390056201,50.92358390056201,Medium
9539,1,0.5103197036356865,51.03197036356865,Medium
9540,1,0.5308712555722949,53.087125557229484,Medium
9541,1,0.5310764406609548,53.10764406609548,Medium
9542,1,0.5182545578954697,51.82545578954697,Medium
9543,0,0.4888434100543717,48.88434100543717,Medium
9544,0,0.47806642931963744,47.806642931963744,Medium
9545,0,0.49452963283381046,49.452963283381045,Medium
9546,1,0.542624065028856,54.2624065028856,Medium
9547,1,0.5012956328853125,50.12956328853125,Medium
9548,0,0.4819772966444259,48.19772966444259,Medium
9549,1,0.5470556780567591,54.70556780567591,Medium
9550,1,0.5267319358367888,52.67319358367888,Medium
9551,0,0.4837593112192892,48.37593112192892,Medium
9552,1,0.5031379816637777,50.313798166377765,Medium
9553,1,0.5074539545622976,50.74539545622976,Medium
9554,1,0.529892715782405,52.989271578240505,Medium
9555,1,0.5518188798222973,55.181887982229725,Medium
9556,1,0.5180923276553766,51.80923276553766,Medium
9557,1,0.5279081402490327,52.79081402490326,Medium
9558,0,0.48297732454427705,48.2977324544277,Medium
9559,0,0.48842721709618425,48.842721709618424,Medium
9560,1,0.5240364027627934,52.40364027627934,Medium
9561,1,0.5492147597081971,54.92147597081971,Medium
9562,1,0.510983689275747,51.0983689275747,Medium
9563,1,0.5755947644256153,57.55947644256153,Medium
9564,1,0.5098556811080966,50.985568110809666,Medium
9565,1,0.5023617267255309,50.236172672553096,Medium
9566,1,0.5070159571945065,50.70159571945065,Medium
9567,0,0.48227733610559814,48.22773361055982,Medium
9568,1,0.509902881873555,50.9902881873555,Medium
9569,0,0.4192050037615233,41.92050037615233,Medium
9570,1,0.5260266787754833,52.60266787754833,Medium
9571,1,0.5080672111372165,50.80672111372165,Medium
9572,1,0.5129630281317734,51.29630281317734,Medium
9573,0,0.423337985386457,42.3337985386457,Medium
9574,1,0.5112140447376069,51.12140447376069,Medium
9575,1,0.5055938135015052,50.559381350150524,Medium
9576,0,0.48019627698605244,48.01962769860524,Medium
9577,1,0.5407290346526565,54.072903465265654,Medium
9578,0,0.48312615814099064,48.31261581409906,Medium
9579,1,0.5437313646222721,54.37313646222721,Medium
9580,1,0.516806022604746,51.68060226047459,Medium
9581,0,0.4795141091664677,47.95141091664677,Medium
9582,1,0.5190801051516472,51.90801051516472,Medium
9583,0,0.4985847589580673,49.858475895806734,Medium
9584,0,0.4921695008689469,49.21695008689469,Medium
9585,0,0.46242974387912783,46.24297438791278,Medium
9586,0,0.4144560696869257,41.44560696869257,Medium
9587,0,0.426737307419569,42.6737307419569,Medium
9588,0,0.4895928224922664,48.95928224922664,Medium
9589,0,0.49318604270763455,49.31860427076346,Medium
9590,1,0.5368058418521243,53.68058418521243,Medium
9591,1,0.527879872857481,52.787987285748095,Medium
9592,0,0.48848037949171785,48.84803794917178,Medium
9593,0,0.49382749485581406,49.38274948558141,Medium
9594,0,0.4790846358772222,47.908463587722224,Medium
9595,1,0.5084558943522349,50.845589435223495,Medium
9596,0,0.45540519531652196,45.540519531652194,Medium
9597,1,0.5017605372754725,50.176053727547256,Medium
9598,0,0.4751279780827048,47.51279780827048,Medium
9599,1,0.5053875304804859,50.53875304804859,Medium
9600,0,0.48931928852162176,48.93192885216217,Medium
9601,1,0.5158404371865382,51.58404371865382,Medium
9602,1,0.5068559944936358,50.685599449363586,Medium
9603,1,0.5401135602509012,54.011356025090116,Medium
9604,0,0.4793384258704627,47.93384258704627,Medium
9605,0,0.4861006341146965,48.61006341146965,Medium
9606,0,0.4776624122941709,47.76624122941709,Medium
9607,1,0.5020316879825621,50.203168798256215,Medium
9608,0,0.4912534036915226,49.12534036915226,Medium
9609,0,0.47514795474264326,47.514795474264325,Medium
9610,0,0.48689341246416573,48.689341246416575,Medium
9611,1,0.5613559253886861,56.13559253886861,Medium
9612,1,0.5023829259782211,50.23829259782211,Medium
9613,0,0.48303267878628176,48.303267878628176,Medium
9614,0,0.4970964897044979,49.70964897044979,Medium
9615,1,0.5043347904007563,50.43347904007563,Medium
9616,0,0.4941571504294125,49.41571504294125,Medium
9617,1,0.515902454354484,51.5902454354484,Medium
9618,0,0.4840571422414477,48.405714224144766,Medium
9619,1,0.5120216491041248,51.202164910412485,Medium
9620,0,0.48081889240526543,48.08188924052654,Medium
9621,1,0.5091307571968456,50.913075719684564,Medium
9622,0,0.4921789375545811,49.21789375545811,Medium
9623,1,0.522811733282828,52.281173328282804,Medium
9624,0,0.47390347159267315,47.390347159267314,Medium
9625,0,0.4103763411493606,41.03763411493606,Medium
9626,1,0.5364161361748575,53.64161361748575,Medium
9627,1,0.5268194658993657,52.681946589936565,Medium
9628,1,0.5241901530732782,52.41901530732782,Medium
9629,0,0.4926415672394784,49.264156723947835,Medium
9630,1,0.5160971986426189,51.60971986426189,Medium
9631,0,0.48446812635302056,48.44681263530205,Medium
9632,0,0.4846821939250383,48.46821939250383,Medium
9633,1,0.5058076370839699,50.580763708396994,Medium
9634,1,0.506332774150217,50.6332774150217,Medium
9635,0,0.4918720831903287,49.18720831903287,Medium
9636,0,0.448199851760864,44.819985176086405,Medium
9637,1,0.5094730278099338,50.947302780993375,Medium
9638,1,0.5072996465274662,50.72996465274662,Medium
9639,0,0.48269674475306856,48.26967447530686,Medium
9640,0,0.4695579294741951,46.95579294741951,Medium
9641,0,0.49599365230637044,49.59936523063704,Medium
9642,1,0.5273001598106458,52.73001598106458,Medium
9643,1,0.5879035015808887,58.79035015808887,Medium
9644,0,0.4800393523774569,48.00393523774569,Medium
9645,1,0.5047215251198262,50.472152511982614,Medium
9646,1,0.5060489302315465,50.60489302315465,Medium
9647,0,0.4913120357198672,49.13120357198672,Medium
9648,1,0.5428120613191781,54.28120613191781,Medium
9649,0,0.47258727730879907,47.258727730879905,Medium
9650,0,0.4651789371460884,46.51789371460884,Medium
9651,0,0.4939074626560849,49.390746265608485,Medium
9652,1,0.5052173688182644,50.52173688182644,Medium
9653,0,0.4686182002494944,46.86182002494944,Medium
9654,1,0.5178787415687044,51.78787415687044,Medium
9655,0,0.49312209653437056,49.31220965343706,Medium
9656,1,0.5031022765520367,50.31022765520367,Medium
9657,0,0.4755321290616172,47.55321290616172,Medium
9658,0,0.4612142952765346,46.12142952765346,Medium
9659,0,0.48129895470158274,48.129895470158274,Medium
9660,0,0.4826178434324639,48.26178434324639,Medium
9661,0,0.4950977672688711,49.50977672688711,Medium
9662,1,0.5244814796314751,52.448147963147505,Medium
9663,0,0.49581747733968823,49.581747733968825,Medium
9664,1,0.5099297676135837,50.99297676135836,Medium
9665,0,0.49672734207019426,49.672734207019424,Medium
9666,0,0.45428964878277683,45.42896487827768,Medium
9667,1,0.5003611958546892,50.03611958546892,Medium
9668,0,0.48136109537485094,48.1361095374851,Medium
9669,0,0.47673774718403106,47.67377471840311,Medium
9670,0,0.4894520193399319,48.94520193399319,Medium
9671,0,0.49457647932605403,49.457647932605404,Medium
9672,1,0.5123434609148604,51.23434609148604,Medium
9673,1,0.5048882701414583,50.48882701414583,Medium
9674,0,0.4870182309567625,48.70182309567625,Medium
9675,1,0.5290759039349477,52.90759039349477,Medium
9676,1,0.5061367790960458,50.61367790960458,Medium
9677,0,0.4380258719994835,43.80258719994835,Medium
9678,1,0.5178438358822567,51.784383588225666,Medium
9679,1,0.5151899635035335,51.518996350353355,Medium
9680,0,0.4929172855660948,49.291728556609485,Medium
9681,1,0.5655128181501298,56.55128181501298,Medium
9682,0,0.4796488342454875,47.96488342454875,Medium
9683,0,0.48768607877283376,48.76860787728338,Medium
9684,0,0.44222561198228105,44.22256119822811,Medium
9685,1,0.506612121539554,50.661212153955404,Medium
9686,0,0.48313330371000185,48.313330371000184,Medium
9687,1,0.5240381379974326,52.40381379974326,Medium
9688,0,0.4514381742875484,45.14381742875484,Medium
9689,1,0.5099459976096415,50.99459976096416,Medium
9690,1,0.5154346719128228,51.543467191282275,Medium
9691,0,0.4836931878992784,48.36931878992784,Medium
9692,0,0.49244931378396817,49.244931378396814,Medium
9693,1,0.5034470067580726,50.34470067580726,Medium
9694,0,0.4762567431001106,47.625674310011064,Medium
9695,0,0.49963105081712855,49.963105081712854,Medium
9696,1,0.5082502502506792,50.825025025067916,Medium
9697,0,0.49720320497332554,49.72032049733255,Medium
9698,1,0.532489389649478,53.2489389649478,Medium
9699,1,0.5408887164931475,54.088871649314754,Medium
9700,1,0.5343468523352581,53.43468523352581,Medium
9701,0,0.4926750390459626,49.26750390459626,Medium
9702,0,0.4899843938932834,48.99843938932834,Medium
9703,0,0.48653903200918514,48.65390320091851,Medium
9704,0,0.4924761402781232,49.24761402781232,Medium
9705,1,0.5183554301452871,51.83554301452871,Medium
9706,0,0.4998605370616105,49.98605370616105,Medium
9707,0,0.42713730113904835,42.71373011390484,Medium
9708,0,0.47565461180306307,47.56546118030631,Medium
9709,1,0.5252743184208725,52.527431842087246,Medium
9710,0,0.48719502788037156,48.719502788037154,Medium
9711,1,0.504000616785479,50.4000616785479,Medium
9712,1,0.5032692646882748,50.32692646882748,Medium
9713,0,0.4884430152835629,48.84430152835629,Medium
9714,0,0.49310359329683456,49.31035932968346,Medium
9715,0,0.4731595714629321,47.31595714629321,Medium
9716,1,0.5263595712643311,52.635957126433105,Medium
9717,1,0.5373883099308615,53.738830993086154,Medium
9718,1,0.5179344443790049,51.79344443790049,Medium
9719,1,0.517550050127905,51.7550050127905,Medium
9720,0,0.4763123217340351,47.63123217340351,Medium
9721,1,0.5362498273846262,53.62498273846262,Medium
9722,0,0.4899152928021195,48.99152928021195,Medium
9723,1,0.5025396541073185,50.25396541073185,Medium
9724,0,0.4830803177174105,48.30803177174105,Medium
9725,0,0.4988362725127533,49.88362725127533,Medium
9726,1,0.5127187187599773,51.27187187599773,Medium
9727,0,0.49982521185039847,49.98252118503984,Medium
9728,1,0.565431689724205,56.543168972420496,Medium
9729,0,0.48060863912407265,48.060863912407264,Medium
9730,0,0.4664156972078389,46.641569720783885,Medium
9731,1,0.535602359450877,53.5602359450877,Medium
9732,1,0.5068625019142449,50.686250191424485,Medium
9733,1,0.5243734376191491,52.43734376191491,Medium
9734,1,0.5351627771445164,53.51627771445165,Medium
9735,0,0.4889750002104403,48.89750002104403,Medium
9736,0,0.48273057321668267,48.27305732166827,Medium
9737,1,0.5218014298884717,52.180142988847166,Medium
9738,1,0.5070838178869291,50.70838178869291,Medium
9739,0,0.4971488088997871,49.71488088997871,Medium
9740,0,0.42622259705096427,42.622259705096425,Medium
9741,0,0.4956331192253878,49.56331192253878,Medium
9742,0,0.486700460414212,48.6700460414212,Medium
9743,0,0.49872926024665465,49.87292602466547,Medium
9744,0,0.4289378982710473,42.893789827104726,Medium
9745,0,0.48152485297319886,48.152485297319885,Medium
9746,1,0.5100517289902609,51.005172899026086,Medium
9747,0,0.48317700087629634,48.31770008762963,Medium
9748,0,0.48767995134222775,48.76799513422277,Medium
9749,0,0.4566915983259128,45.669159832591276,Medium
9750,0,0.4696744265729844,46.96744265729844,Medium
9751,1,0.5015657756234918,50.15657756234918,Medium
9752,0,0.47360794430833886,47.360794430833884,Medium
9753,1,0.5031961168356193,50.319611683561924,Medium
9754,0,0.4852401092897061,48.52401092897061,Medium
9755,1,0.5220963854848207,52.209638548482076,Medium
9756,0,0.483121497055746,48.3121497055746,Medium
9757,1,0.5243840979327531,52.43840979327531,Medium
9758,1,0.5183115696495243,51.83115696495243,Medium
9759,0,0.4605807800368565,46.05807800368565,Medium
9760,1,0.5268996151137095,52.68996151137095,Medium
9761,0,0.476299371132116,47.629937113211604,Medium
9762,0,0.4034959355891943,40.34959355891943,Medium
9763,1,0.511464425439866,51.1464425439866,Medium
9764,0,0.48908728710325566,48.90872871032557,Medium
9765,1,0.5341784767882983,53.41784767882983,Medium
9766,1,0.5069771645797495,50.69771645797495,Medium
9767,1,0.532224252883812,53.2224252883812,Medium
9768,0,0.49657163468804344,49.65716346880434,Medium
9769,0,0.4940275329438683,49.402753294386834,Medium
9770,0,0.4280317429303985,42.803174293039845,Medium
9771,1,0.5151216585100604,51.512165851006046,Medium
9772,0,0.4892344899787383,48.923448997873834,Medium
9773,0,0.4996348295272859,49.96348295272859,Medium
9774,1,0.507241977492783,50.7241977492783,Medium
9775,0,0.495267255807481,49.5267255807481,Medium
9776,1,0.5072969502452127,50.72969502452127,Medium
9777,1,0.53741775910284,53.741775910284,Medium
9778,0,0.4401765385285132,44.01765385285132,Medium
9779,1,0.520095451711215,52.009545171121495,Medium
9780,1,0.5369398550404408,53.693985504044086,Medium
9781,1,0.5167913062285192,51.67913062285192,Medium
9782,1,0.520105553266907,52.0105553266907,Medium
9783,0,0.47645930332772085,47.64593033277208,Medium
9784,0,0.48695430194852807,48.695430194852804,Medium
9785,0,0.4408256069147429,44.082560691474285,Medium
9786,1,0.5119676668913536,51.196766689135366,Medium
9787,0,0.48292315056806023,48.292315056806025,Medium
9788,0,0.4865032859311411,48.65032859311411,Medium
9789,1,0.5281856633531664,52.81856633531664,Medium
9790,0,0.4660221124936982,46.602211249369816,Medium
9791,0,0.49924830004580484,49.924830004580485,Medium
9792,1,0.525906918707014,52.5906918707014,Medium
9793,1,0.5379695894023073,53.79695894023073,Medium
9794,0,0.41514147019439274,41.51414701943927,Medium
9795,1,0.5136295305635395,51.36295305635395,Medium
9796,0,0.4895798104989066,48.957981049890655,Medium
9797,0,0.4681319976553059,46.81319976553059,Medium
9798,0,0.46377870539428073,46.37787053942807,Medium
9799,0,0.4961647356579606,49.616473565796056,Medium
9800,1,0.5188403849049327,51.88403849049327,Medium
9801,1,0.5190339531715611,51.90339531715611,Medium
9802,0,0.48486641078520004,48.48664107852,Medium
9803,0,0.47400927132184795,47.4009271321848,Medium
9804,1,0.5151538043102523,51.51538043102523,Medium
9805,0,0.4877835336783119,48.77835336783119,Medium
9806,0,0.49778039631847804,49.778039631847804,Medium
9807,1,0.5262399078031976,52.623990780319765,Medium
9808,1,0.5056144370486572,50.56144370486572,Medium
9809,1,0.5021689480084686,50.21689480084686,Medium
9810,1,0.5039082666554219,50.390826665542185,Medium
9811,1,0.516396520227736,51.639652022773596,Medium
9812,1,0.5002283041902462,50.02283041902462,Medium
9813,0,0.49980071450126745,49.980071450126744,Medium
9814,1,0.52952042213646,52.952042213646,Medium
9815,1,0.5048071853207947,50.48071853207947,Medium
9816,0,0.45498129981859464,45.498129981859464,Medium
9817,1,0.5210635733688948,52.106357336889474,Medium
9818,0,0.47559349299634346,47.55934929963435,Medium
9819,1,0.5332594747166663,53.32594747166664,Medium
9820,0,0.45780669179574585,45.78066917957459,Medium
9821,0,0.4753783800897831,47.53783800897831,Medium
9822,0,0.47859030006401554,47.859030006401554,Medium
9823,1,0.5062960022227195,50.629600222271954,Medium
9824,0,0.4663440703720918,46.63440703720918,Medium
9825,1,0.5082865084567952,50.828650845679526,Medium
9826,0,0.46852008817107893,46.852008817107894,Medium
9827,0,0.4735461395897734,47.35461395897734,Medium
9828,0,0.48754683709212293,48.754683709212294,Medium
9829,0,0.49709839620472646,49.70983962047264,Medium
9830,0,0.48732743110952675,48.732743110952676,Medium
9831,1,0.5211941479630655,52.11941479630655,Medium
9832,1,0.5260966843151572,52.60966843151572,Medium
9833,0,0.49067968557156383,49.067968557156384,Medium
9834,1,0.5237670256461426,52.37670256461426,Medium
9835,1,0.5451050839146995,54.51050839146995,Medium
9836,0,0.46728491152921614,46.72849115292161,Medium
9837,1,0.5253640009379972,52.53640009379972,Medium
9838,0,0.4551457311527468,45.51457311527468,Medium
9839,0,0.47348147348510194,47.348147348510196,Medium
9840,0,0.48948783470147983,48.94878347014798,Medium
9841,1,0.5248504359468475,52.485043594684754,Medium
9842,1,0.5151747152829595,51.51747152829596,Medium
9843,0,0.43931179703910833,43.931179703910836,Medium
9844,1,0.5018904265848332,50.18904265848332,Medium
9845,0,0.4694384406251531,46.94384406251531,Medium
9846,0,0.4788794591137797,47.88794591137797,Medium
9847,1,0.5124134661692776,51.241346616927764,Medium
9848,1,0.5069366939733945,50.69366939733945,Medium
9849,1,0.5230195129831946,52.30195129831946,Medium
9850,1,0.5002318678877713,50.02318678877713,Medium
9851,1,0.5114840113729676,51.14840113729676,Medium
9852,1,0.5206293791646042,52.06293791646041,Medium
9853,0,0.4893760302329148,48.93760302329148,Medium
9854,1,0.5467692195573989,54.676921955739886,Medium
9855,1,0.5687555659632951,56.87555659632951,Medium
9856,1,0.5098175062105316,50.98175062105316,Medium
9857,1,0.5106364308978179,51.063643089781785,Medium
9858,0,0.44159199768583085,44.159199768583086,Medium
9859,1,0.5032024448475321,50.3202444847532,Medium
9860,1,0.5214004080542473,52.140040805424725,Medium
9861,1,0.5513705509158993,55.13705509158993,Medium
9862,0,0.4677607602339666,46.77607602339666,Medium
9863,1,0.5436277852402892,54.36277852402892,Medium
9864,0,0.43561504371028964,43.56150437102897,Medium
9865,1,0.5170623717173796,51.70623717173795,Medium
9866,1,0.5633121427840244,56.33121427840244,Medium
9867,0,0.4398806702957477,43.988067029574765,Medium
9868,1,0.501436312919444,50.1436312919444,Medium
9869,0,0.467996498172052,46.7996498172052,Medium
9870,1,0.5074965346746162,50.74965346746162,Medium
9871,1,0.501771660421833,50.177166042183295,Medium
9872,0,0.4725659713740865,47.256597137408654,Medium
9873,0,0.42770197209865,42.770197209865,Medium
9874,1,0.5135760043462553,51.357600434625525,Medium
9875,0,0.44267269826334954,44.26726982633495,Medium
9876,1,0.516497752367859,51.6497752367859,Medium
9877,1,0.512380314892223,51.2380314892223,Medium
9878,0,0.48077722195003847,48.077722195003844,Medium
9879,0,0.47016566507936897,47.01656650793689,Medium
9880,0,0.4779971570585102,47.79971570585102,Medium
9881,0,0.48599034534548596,48.59903453454859,Medium
9882,1,0.505916008600281,50.591600860028095,Medium
9883,1,0.5357539150939228,53.575391509392276,Medium
9884,1,0.5508231055066489,55.08231055066489,Medium
9885,1,0.5353498086570442,53.53498086570442,Medium
9886,0,0.4633456557297631,46.33456557297631,Medium
9887,1,0.5032976917612948,50.32976917612948,Medium
9888,0,0.4981135247471765,49.81135247471765,Medium
9889,0,0.4925181203467455,49.25181203467455,Medium
9890,1,0.5155196416444947,51.55196416444947,Medium
9891,0,0.47717063736289606,47.7170637362896,Medium
9892,1,0.5045612403591523,50.45612403591523,Medium
9893,0,0.4805026964007984,48.05026964007984,Medium
9894,1,0.5067010728168543,50.670107281685425,Medium
9895,1,0.5010373167936801,50.10373167936801,Medium
9896,1,0.5433122602940589,54.33122602940589,Medium
9897,1,0.5216574601435445,52.165746014354454,Medium
9898,0,0.49264678905089093,49.26467890508909,Medium
9899,0,0.4818674930628293,48.18674930628293,Medium
9900,0,0.47550689204236973,47.550689204236974,Medium
9901,1,0.5326262250046893,53.26262250046893,Medium
9902,0,0.45457018021905193,45.45701802190519,Medium
9903,0,0.4972863249444279,49.72863249444279,Medium
9904,1,0.5168478538135113,51.684785381351126,Medium
9905,1,0.502823805630434,50.282380563043404,Medium
9906,0,0.48952390197654755,48.95239019765476,Medium
9907,1,0.5101418857774461,51.01418857774461,Medium
9908,0,0.4304463086583554,43.04463086583554,Medium
9909,1,0.5323269562350059,53.23269562350059,Medium
9910,0,0.47036087606316385,47.036087606316386,Medium
9911,1,0.5301264314673094,53.012643146730944,Medium
9912,1,0.5030034414656347,50.30034414656347,Medium
9913,1,0.5189555516414976,51.89555516414976,Medium
9914,0,0.4896082380786929,48.96082380786929,Medium
9915,0,0.49256694372290455,49.256694372290454,Medium
9916,1,0.5262475434956211,52.62475434956211,Medium
9917,1,0.55364893387983,55.364893387983,Medium
9918,0,0.49118529031198394,49.11852903119839,Medium
9919,0,0.4904045956010595,49.04045956010595,Medium
9920,1,0.5264061016277257,52.640610162772575,Medium
9921,0,0.4371142486363998,43.711424863639984,Medium
9922,0,0.49699879115942974,49.69987911594298,Medium
9923,0,0.46449195495398676,46.449195495398676,Medium
9924,0,0.4939776393804686,49.397763938046864,Medium
9925,0,0.49608387731056275,49.608387731056276,Medium
9926,0,0.4514485013482105,45.14485013482105,Medium
9927,0,0.49275419506661605,49.275419506661606,Medium
9928,0,0.49954677368052686,49.954677368052685,Medium
9929,0,0.48553811966652466,48.55381196665247,Medium
9930,1,0.5005572465333314,50.055724653333144,Medium
9931,0,0.4691002458161896,46.910024581618956,Medium
9932,0,0.4961700455252176,49.61700455252176,Medium
9933,0,0.48348746761090267,48.34874676109027,Medium
9934,0,0.4952200341722164,49.52200341722164,Medium
9935,0,0.4665772782720065,46.65772782720065,Medium
9936,1,0.5135605859426889,51.356058594268895,Medium
9937,1,0.5181472367938876,51.81472367938876,Medium
9938,0,0.477481877394985,47.7481877394985,Medium
9939,0,0.4952314351787905,49.52314351787905,Medium
9940,0,0.48853589340168174,48.85358934016818,Medium
9941,1,0.5186083894867729,51.86083894867729,Medium
9942,0,0.48383149705033024,48.38314970503303,Medium
9943,1,0.5356179315732991,53.56179315732991,Medium
9944,1,0.512291586556324,51.2291586556324,Medium
9945,0,0.4983647360866825,49.83647360866825,Medium
9946,0,0.4985038293610389,49.850382936103884,Medium
9947,0,0.4853380993766089,48.53380993766089,Medium
9948,1,0.53322520870917,53.322520870917,Medium
9949,0,0.49416165955700786,49.416165955700784,Medium
9950,1,0.5008121082348791,50.08121082348791,Medium
9951,1,0.5130620125241262,51.30620125241262,Medium
9952,1,0.5145158052028417,51.45158052028417,Medium
9953,0,0.493753922696765,49.375392269676496,Medium
9954,1,0.5018515240397884,50.18515240397884,Medium
9955,0,0.4965865659785583,49.65865659785583,Medium
9956,1,0.5046682269881314,50.46682269881314,Medium
9957,0,0.49802322252046294,49.802322252046295,Medium
9958,1,0.5091716850619828,50.91716850619829,Medium
9959,1,0.5353394824351406,53.53394824351406,Medium
9960,0,0.4965278706973487,49.65278706973487,Medium
9961,0,0.48341050535214614,48.34105053521461,Medium
9962,1,0.5213749286588987,52.13749286588987,Medium
9963,0,0.46627496033827964,46.62749603382797,Medium
9964,0,0.4887543434347149,48.87543434347149,Medium
9965,0,0.496104155400083,49.610415540008304,Medium
9966,1,0.5361451557824338,53.614515578243385,Medium
9967,0,0.4983830481725858,49.838304817258575,Medium
9968,1,0.513541295600821,51.35412956008209,Medium
9969,1,0.5064054552817336,50.64054552817336,Medium
9970,0,0.4832709464620345,48.32709464620345,Medium
9971,0,0.4661995058365075,46.61995058365075,Medium
9972,0,0.4940880458328552,49.40880458328552,Medium
9973,1,0.5253381218401468,52.533812184014685,Medium
9974,0,0.4937179453959124,49.37179453959124,Medium
9975,0,0.4681441675467752,46.81441675467752,Medium
9976,1,0.5177391459735514,51.773914597355144,Medium
9977,1,0.5125057352931778,51.250573529317776,Medium
9978,0,0.4766248433099087,47.662484330990864,Medium
9979,1,0.5357632776716111,53.57632776716111,Medium
9980,0,0.47535432777559866,47.53543277755987,Medium
9981,0,0.49715990889646483,49.715990889646484,Medium
9982,0,0.4752899957314301,47.52899957314301,Medium
9983,1,0.5711176124131941,57.111761241319414,Medium
9984,0,0.49662656976635444,49.662656976635446,Medium
9985,0,0.484808034692594,48.4808034692594,Medium
9986,1,0.5210387431086428,52.103874310864285,Medium
9987,1,0.5206190520564431,52.06190520564431,Medium
9988,1,0.5061868200760639,50.61868200760639,Medium
9989,1,0.5041111137478288,50.41111137478288,Medium
9990,0,0.4793199368564898,47.93199368564898,Medium
9991,0,0.48187535210193827,48.18753521019383,Medium
9992,0,0.44966385552551835,44.966385552551834,Medium
9993,0,0.48423440186213357,48.423440186213355,Medium
9994,1,0.5199768046911709,51.99768046911709,Medium
9995,0,0.40836872914989664,40.83687291498966,Medium
9996,0,0.48874284574435123,48.87428457443512,Medium
9997,0,0.4835866788172627,48.35866788172627,Medium
9998,1,0.5119107341591248,51.19107341591248,Medium
9999,0,0.4787425719805156,47.87425719805156,Medium
10000,1,0.514086833255241,51.408683325524095,Medium
