transaction_id,user_id,amount,timestamp,location,device_type,merchant_category,is_fraud
TXN_001936,USR_0462,80.56,2026-01-05 15:10:42,"London, UK",Desktop,Electronics,0
TXN_006495,USR_0160,29.06,2026-04-01 18:10:50,"Tokyo, JP",Mobile,Electronics,0
TXN_001721,USR_0422,105.54,2026-02-14 18:50:25,"Paris, FR",POS,Electronics,0
TXN_009121,USR_0331,16.73,2026-01-13 16:39:17,Online,Desktop,Travel,0
TXN_000361,USR_0048,15.02,2026-03-06 14:41:10,Online,POS,Retail,0
TXN_009664,USR_0415,77.2,2026-03-02 04:44:31,"London, UK",Desktop,Travel,0
TXN_005278,USR_0076,150.55,2026-01-26 01:18:57,"Paris, FR",Desktop,Travel,0
TXN_008547,USR_0246,111.6,2026-01-13 16:03:25,"Paris, FR",Desktop,Electronics,0
TXN_002222,USR_0171,50.81,2026-03-18 12:06:52,"Tokyo, JP",POS,Retail,0
TXN_004618,USR_0210,62.9,2026-02-21 10:00:16,"Tokyo, JP",Mobile,Travel,0
TXN_003466,USR_0320,22.83,2026-03-19 09:34:18,Online,Mobile,Retail,0
TXN_001409,USR_0050,33.97,2026-01-10 05:42:48,Online,Desktop,Retail,0
TXN_000469,USR_0161,140.75,2026-02-22 10:02:36,"London, UK",POS,Retail,0
TXN_001176,USR_0201,113.99,2026-01-24 17:44:58,"Tokyo, JP",Desktop,Retail,0
TXN_005225,USR_0108,37.71,2026-03-02 19:54:53,"New York, US",Desktop,Retail,0
TXN_008129,USR_0482,125.85,2026-03-27 15:46:15,"Paris, FR",Mobile,Grocery,0
TXN_000425,USR_0061,40.28,2026-03-01 09:19:10,"Paris, FR",POS,Travel,0
TXN_007048,USR_0315,26.23,2026-01-28 02:33:19,"Tokyo, JP",Desktop,Travel,0
TXN_002484,USR_0234,2.72,2026-03-17 15:36:44,"Paris, FR",POS,Retail,0
TXN_001826,USR_0243,84.6,2026-02-13 13:38:27,"Tokyo, JP",Desktop,Electronics,0
TXN_010558,USR_0330,14.91,2026-01-31 08:35:17,"Paris, FR",POS,Grocery,0
TXN_001484,USR_0231,142.0,2026-02-01 17:23:37,"Paris, FR",Mobile,Grocery,0
TXN_009291,USR_0415,141.95,2026-03-22 21:05:37,"New York, US",Desktop,Grocery,0
TXN_009710,USR_0378,29.57,2026-01-31 12:48:47,"Tokyo, JP",Desktop,Travel,0
TXN_001651,USR_0253,29.48,2026-01-22 14:35:12,Online,POS,Electronics,0
TXN_009787,USR_0041,61.41,2026-03-20 10:01:21,"London, UK",Mobile,Travel,0
TXN_002814,USR_0477,80.41,2026-03-30 20:25:18,Online,Desktop,Grocery,0
TXN_003705,USR_0129,41.2,2026-01-23 08:03:18,"Paris, FR",Desktop,Electronics,0
TXN_006119,USR_0387,7.87,2026-02-19 13:09:32,Online,Desktop,Electronics,0
TXN_005043,USR_0416,24.36,2026-01-12 20:19:38,"New York, US",Mobile,Retail,0
TXN_011209,USR_0041,183.74,2026-01-09 05:13:00,"New York, US",POS,Grocery,0
TXN_007239,USR_0168,31.05,2026-03-19 13:06:58,"Paris, FR",Desktop,Grocery,0
TXN_011506,USR_0232,22.49,2026-03-27 08:06:07,"New York, US",Mobile,Grocery,0
TXN_011075,USR_0241,20.18,2026-01-14 22:22:30,"Tokyo, JP",Desktop,Grocery,0
TXN_010997,USR_0185,44.06,2026-01-11 07:40:12,"New York, US",POS,Retail,0
TXN_005000,USR_0499,38.87,2026-02-08 10:51:49,"Tokyo, JP",Desktop,Retail,0
TXN_008481,USR_0454,149.56,2026-03-05 21:10:55,"Paris, FR",Desktop,Travel,0
TXN_009268,USR_0481,28.49,2026-03-28 10:55:46,Online,Desktop,Grocery,0
TXN_008399,USR_0480,15.69,2026-02-12 11:14:28,Online,POS,Retail,0
TXN_002632,USR_0280,20.67,2026-03-26 20:16:35,Online,Desktop,Electronics,0
TXN_003132,USR_0496,175.9,2026-01-20 18:59:52,"Paris, FR",Desktop,Electronics,0
TXN_009584,USR_0345,2.1,2026-01-22 10:35:45,Online,Mobile,Travel,0
TXN_008219,USR_0224,15.69,2026-03-30 08:10:08,"London, UK",Desktop,Travel,0
TXN_009277,USR_0235,118.4,2026-01-05 13:38:22,"Paris, FR",Desktop,Grocery,0
TXN_003814,USR_0215,3.05,2026-01-10 17:24:59,Online,Desktop,Grocery,0
TXN_005887,USR_0106,16.35,2026-03-12 13:52:41,Online,Mobile,Electronics,0
TXN_005083,USR_0136,5.79,2026-03-16 20:32:27,"Paris, FR",Mobile,Grocery,0
TXN_011816,USR_0378,4726.36,2026-03-06 00:33:31,"Moscow, RU",ATM,Electronics,1
TXN_008824,USR_0395,23.21,2026-01-23 21:26:32,"Tokyo, JP",POS,Retail,0
TXN_001218,USR_0316,6.4,2026-02-05 12:17:54,"Tokyo, JP",Mobile,Electronics,0
TXN_003992,USR_0348,28.32,2026-03-13 14:40:11,"New York, US",Desktop,Electronics,0
TXN_011148,USR_0487,66.14,2026-02-18 15:36:58,"Paris, FR",Desktop,Retail,0
TXN_007616,USR_0221,150.85,2026-02-20 19:24:38,"Tokyo, JP",POS,Travel,0
TXN_010692,USR_0069,15.18,2026-03-17 19:14:01,"Paris, FR",POS,Grocery,0
TXN_010185,USR_0465,12.17,2026-02-03 11:04:06,"New York, US",Mobile,Electronics,0
TXN_001684,USR_0097,40.44,2026-03-27 14:30:44,"Paris, FR",POS,Electronics,0
TXN_004575,USR_0068,25.2,2026-01-01 22:51:34,"New York, US",Desktop,Travel,0
TXN_011541,USR_0085,19.14,2026-03-28 07:10:37,"Tokyo, JP",Desktop,Retail,0
TXN_010751,USR_0329,63.36,2026-03-28 14:22:01,Online,Desktop,Electronics,0
TXN_011284,USR_0083,27.59,2026-03-17 13:38:55,"Paris, FR",POS,Grocery,0
TXN_007563,USR_0475,43.81,2026-01-14 15:18:29,"New York, US",Mobile,Retail,0
TXN_005904,USR_0056,12.85,2026-03-17 19:39:05,"Paris, FR",Mobile,Grocery,0
TXN_002583,USR_0300,10.21,2026-01-02 08:16:23,Online,POS,Travel,0
TXN_003003,USR_0037,41.4,2026-01-09 21:16:28,"New York, US",Desktop,Grocery,0
TXN_010044,USR_0042,155.14,2026-03-29 11:30:38,"New York, US",POS,Retail,0
TXN_002088,USR_0220,34.45,2026-02-17 11:11:35,Online,Mobile,Travel,0
TXN_008929,USR_0460,57.33,2026-03-10 15:15:12,"Tokyo, JP",Desktop,Grocery,0
TXN_004149,USR_0371,9.15,2026-01-17 15:13:18,"London, UK",Mobile,Travel,0
TXN_000136,USR_0389,5.12,2026-01-31 14:44:30,"Paris, FR",Desktop,Grocery,0
TXN_009918,USR_0169,165.68,2026-02-26 03:21:14,"Paris, FR",POS,Grocery,0
TXN_001744,USR_0467,38.23,2026-03-14 10:56:31,"Paris, FR",Desktop,Travel,0
TXN_007342,USR_0488,16.79,2026-03-30 21:19:35,"Paris, FR",Desktop,Retail,0
TXN_010875,USR_0078,14.44,2026-03-29 05:32:03,"Paris, FR",Mobile,Grocery,0
TXN_003708,USR_0083,20.7,2026-01-02 04:52:50,"Tokyo, JP",Desktop,Retail,0
TXN_005471,USR_0224,7.69,2026-03-05 18:03:19,"Tokyo, JP",Mobile,Electronics,0
TXN_000701,USR_0487,14.36,2026-02-27 14:11:10,"London, UK",Mobile,Retail,0
TXN_008558,USR_0360,67.78,2026-03-06 11:19:23,"Tokyo, JP",Desktop,Retail,0
TXN_011716,USR_0186,3622.25,2026-03-07 01:22:06,"Lagos, NG",ATM,Gaming,1
TXN_001609,USR_0024,18.03,2026-03-27 18:56:28,"Tokyo, JP",POS,Grocery,0
TXN_005864,USR_0024,460.53,2026-03-04 12:03:29,"London, UK",Mobile,Travel,0
TXN_000430,USR_0448,88.47,2026-01-11 15:33:28,Online,POS,Grocery,0
TXN_004024,USR_0279,55.49,2026-02-23 08:22:15,"London, UK",POS,Electronics,0
TXN_006689,USR_0331,379.89,2026-03-04 08:57:35,"New York, US",Desktop,Retail,0
TXN_004101,USR_0079,15.26,2026-03-28 01:30:40,"London, UK",Desktop,Travel,0
TXN_008876,USR_0082,12.14,2026-03-07 07:10:32,"Tokyo, JP",Mobile,Retail,0
TXN_008515,USR_0367,54.2,2026-03-10 21:53:33,Online,Mobile,Grocery,0
TXN_009650,USR_0296,33.5,2026-01-23 07:26:11,Online,POS,Retail,0
TXN_002271,USR_0474,10.47,2026-03-26 17:58:56,"New York, US",Mobile,Retail,0
TXN_007693,USR_0488,43.9,2026-01-25 11:40:42,"New York, US",Mobile,Grocery,0
TXN_000071,USR_0187,27.32,2026-01-06 07:57:22,"London, UK",POS,Retail,0
TXN_005721,USR_0133,44.33,2026-01-17 13:45:38,"London, UK",Desktop,Retail,0
TXN_010748,USR_0234,40.63,2026-02-15 05:29:44,Online,Desktop,Retail,0
TXN_010153,USR_0159,37.81,2026-03-10 16:48:25,"Paris, FR",Mobile,Grocery,0
TXN_011958,USR_0334,499.99,2026-02-13 04:44:00,"Sydney, AU",ATM,Electronics,1
TXN_009138,USR_0283,28.51,2026-01-01 22:31:12,"London, UK",Desktop,Grocery,0
TXN_002020,USR_0061,9.08,2026-03-31 10:45:09,"Paris, FR",POS,Grocery,0
TXN_009837,USR_0324,57.64,2026-02-02 19:44:55,"Paris, FR",Mobile,Grocery,0
TXN_011352,USR_0341,219.79,2026-03-04 17:28:19,"Paris, FR",Desktop,Retail,0
TXN_006703,USR_0305,249.08,2026-03-07 09:23:48,Online,POS,Retail,0
TXN_004030,USR_0414,53.29,2026-02-18 13:17:18,Online,POS,Retail,0
TXN_007760,USR_0433,143.08,2026-03-10 13:58:27,"New York, US",POS,Grocery,0
TXN_011691,USR_0036,1879.47,2026-03-20 02:28:48,"Lagos, NG",Mobile,Wire_Transfer,1
TXN_008484,USR_0108,29.9,2026-01-24 17:02:12,"New York, US",Desktop,Grocery,0
TXN_003859,USR_0481,215.09,2026-01-05 09:56:13,"Paris, FR",Mobile,Travel,0
TXN_000745,USR_0191,43.27,2026-02-03 17:37:18,"Paris, FR",Mobile,Retail,0
TXN_001384,USR_0387,131.82,2026-01-13 09:50:07,Online,Mobile,Travel,0
TXN_005644,USR_0405,7.85,2026-01-30 17:31:21,"Tokyo, JP",Mobile,Retail,0
TXN_008686,USR_0237,217.85,2026-02-19 21:33:50,"London, UK",Desktop,Electronics,0
TXN_010614,USR_0271,32.49,2026-02-03 11:26:53,"Paris, FR",POS,Grocery,0
TXN_000150,USR_0392,17.23,2026-02-23 16:38:38,Online,Mobile,Travel,0
TXN_011880,USR_0421,3285.22,2026-02-27 02:01:02,Online,ATM,Gaming,1
TXN_000812,USR_0259,288.59,2026-02-19 21:26:38,"London, UK",Desktop,Retail,0
TXN_005901,USR_0053,4.99,2026-03-06 10:24:52,Online,Mobile,Grocery,0
TXN_004329,USR_0099,92.91,2026-03-07 00:52:40,"Paris, FR",Mobile,Retail,0
TXN_006374,USR_0252,137.33,2026-03-11 08:34:56,"Paris, FR",Mobile,Travel,0
TXN_003996,USR_0471,5.02,2026-03-07 22:01:40,"New York, US",POS,Grocery,0
TXN_004383,USR_0495,8.67,2026-03-09 20:26:20,"Tokyo, JP",Desktop,Retail,0
TXN_001731,USR_0444,7.28,2026-02-20 13:24:13,"Paris, FR",Mobile,Travel,0
TXN_004360,USR_0423,133.21,2026-01-29 13:48:19,"Tokyo, JP",Mobile,Retail,0
TXN_005028,USR_0308,9.87,2026-02-18 08:26:26,"Paris, FR",Mobile,Grocery,0
TXN_001794,USR_0217,23.79,2026-03-06 11:39:47,"Paris, FR",Mobile,Retail,0
TXN_009080,USR_0236,40.49,2026-03-26 14:53:36,"Paris, FR",Desktop,Travel,0
TXN_005467,USR_0132,50.33,2026-03-09 05:07:32,"Paris, FR",Desktop,Retail,0
TXN_011128,USR_0088,18.38,2026-02-22 11:19:28,"London, UK",Desktop,Electronics,0
TXN_008487,USR_0349,23.53,2026-03-10 15:14:12,"London, UK",Mobile,Electronics,0
TXN_001122,USR_0414,22.45,2026-01-01 16:38:56,"Paris, FR",Mobile,Retail,0
TXN_004619,USR_0185,19.95,2026-02-25 11:12:11,"New York, US",Desktop,Grocery,0
TXN_005938,USR_0372,45.68,2026-02-27 18:21:58,"Paris, FR",Desktop,Grocery,0
TXN_009528,USR_0190,44.48,2026-02-28 22:48:23,"Paris, FR",POS,Grocery,0
TXN_002035,USR_0100,34.26,2026-02-04 20:06:06,"New York, US",Desktop,Travel,0
TXN_003127,USR_0013,28.21,2026-03-07 04:13:40,Online,Desktop,Grocery,0
TXN_011065,USR_0403,351.03,2026-01-27 12:41:49,"Tokyo, JP",Mobile,Grocery,0
TXN_011823,USR_0147,499.99,2026-03-20 22:50:34,"Moscow, RU",ATM,Gaming,1
TXN_003828,USR_0397,33.41,2026-01-10 14:02:16,"Tokyo, JP",Mobile,Retail,0
TXN_004368,USR_0286,32.13,2026-01-04 13:43:08,"Tokyo, JP",Desktop,Electronics,0
TXN_005298,USR_0319,37.15,2026-02-17 20:48:55,"New York, US",POS,Retail,0
TXN_003211,USR_0100,18.84,2026-03-03 11:59:48,"Tokyo, JP",Mobile,Grocery,0
TXN_009929,USR_0327,101.78,2026-01-06 08:40:42,"Tokyo, JP",POS,Grocery,0
TXN_002699,USR_0376,43.78,2026-02-15 11:33:38,"London, UK",POS,Travel,0
TXN_008046,USR_0150,23.6,2026-03-16 17:11:10,"New York, US",Mobile,Travel,0
TXN_004280,USR_0041,15.94,2026-02-05 08:58:21,Online,Mobile,Grocery,0
TXN_000374,USR_0255,9.07,2026-01-03 12:05:25,Online,Desktop,Retail,0
TXN_000625,USR_0478,35.76,2026-02-22 10:01:14,Online,Desktop,Electronics,0
TXN_011618,USR_0007,1250.15,2026-03-10 01:31:06,Online,Desktop,Gaming,1
TXN_006097,USR_0247,65.94,2026-02-03 19:36:02,"Paris, FR",Desktop,Travel,0
TXN_004984,USR_0464,24.52,2026-04-01 19:32:42,"Paris, FR",POS,Grocery,0
TXN_003489,USR_0434,32.36,2026-02-04 07:50:25,"London, UK",Mobile,Travel,0
TXN_011980,USR_0430,2050.24,2026-03-24 04:18:51,Online,Mobile,Electronics,1
TXN_002037,USR_0055,66.21,2026-01-09 16:13:38,"New York, US",Desktop,Retail,0
TXN_008389,USR_0411,127.88,2026-03-23 09:20:35,"New York, US",POS,Travel,0
TXN_000748,USR_0212,15.55,2026-01-07 16:55:54,"London, UK",Mobile,Retail,0
TXN_009038,USR_0411,24.43,2026-01-03 07:51:01,"New York, US",Mobile,Retail,0
TXN_009146,USR_0181,148.26,2026-03-10 20:08:52,"London, UK",Desktop,Retail,0
TXN_004448,USR_0042,33.19,2026-03-09 09:09:29,"London, UK",Mobile,Electronics,0
TXN_011020,USR_0195,34.25,2026-03-29 21:19:04,"Tokyo, JP",Desktop,Retail,0
TXN_006744,USR_0303,72.79,2026-03-28 09:24:17,"Paris, FR",POS,Electronics,0
TXN_007503,USR_0302,27.59,2026-01-30 10:36:05,"New York, US",Desktop,Electronics,0
TXN_003101,USR_0241,37.87,2026-02-24 10:57:10,"London, UK",Mobile,Retail,0
TXN_003300,USR_0291,19.2,2026-01-28 13:28:27,"London, UK",POS,Retail,0
TXN_006246,USR_0150,10.16,2026-01-21 05:13:13,"New York, US",Mobile,Travel,0
TXN_008293,USR_0091,5.15,2026-03-08 19:44:14,Online,Desktop,Retail,0
TXN_007567,USR_0031,71.31,2026-03-24 17:06:13,"Tokyo, JP",Mobile,Electronics,0
TXN_003432,USR_0083,23.74,2026-03-14 12:44:59,Online,Mobile,Grocery,0
TXN_007119,USR_0271,13.55,2026-02-12 19:40:59,"Tokyo, JP",POS,Grocery,0
TXN_006806,USR_0435,18.03,2026-01-25 12:43:48,Online,Desktop,Retail,0
TXN_001262,USR_0022,27.63,2026-02-21 04:07:13,Online,Desktop,Electronics,0
TXN_000648,USR_0196,54.36,2026-03-29 16:27:11,"Tokyo, JP",Mobile,Retail,0
TXN_000020,USR_0300,11.5,2026-02-24 20:57:37,"Paris, FR",Desktop,Retail,0
TXN_005609,USR_0384,109.31,2026-03-15 12:37:11,"New York, US",POS,Retail,0
TXN_002146,USR_0205,55.35,2026-01-11 13:35:49,"Tokyo, JP",Desktop,Travel,0
TXN_006921,USR_0003,54.01,2026-03-17 08:27:32,"Tokyo, JP",Desktop,Travel,0
TXN_005923,USR_0126,330.29,2026-01-25 19:05:36,"Tokyo, JP",Desktop,Travel,0
TXN_009412,USR_0139,30.05,2026-03-11 13:33:27,Online,POS,Travel,0
TXN_002792,USR_0219,8.17,2026-02-21 20:27:24,"New York, US",Desktop,Grocery,0
TXN_004955,USR_0002,53.76,2026-02-19 17:25:11,Online,Mobile,Electronics,0
TXN_006728,USR_0454,80.58,2026-03-15 05:40:44,"London, UK",POS,Retail,0
TXN_001906,USR_0485,108.91,2026-02-19 14:11:22,Online,POS,Travel,0
TXN_002022,USR_0038,22.28,2026-03-03 15:53:38,"London, UK",Mobile,Retail,0
TXN_005358,USR_0148,20.74,2026-03-06 10:32:45,"London, UK",Desktop,Retail,0
TXN_003502,USR_0171,37.68,2026-03-16 12:15:17,"New York, US",Mobile,Grocery,0
TXN_001370,USR_0358,13.23,2026-03-30 19:23:06,Online,POS,Grocery,0
TXN_004768,USR_0391,16.06,2026-03-26 16:11:02,"London, UK",POS,Grocery,0
TXN_001369,USR_0279,10.78,2026-02-11 14:55:20,"Tokyo, JP",Desktop,Electronics,0
TXN_009374,USR_0267,33.06,2026-02-18 08:13:40,"London, UK",POS,Grocery,0
TXN_009785,USR_0181,29.7,2026-01-26 09:54:21,Online,POS,Retail,0
TXN_001942,USR_0149,14.81,2026-02-06 08:31:05,"Paris, FR",Mobile,Travel,0
TXN_007589,USR_0283,17.39,2026-02-22 18:07:30,"London, UK",POS,Electronics,0
TXN_001979,USR_0030,14.95,2026-03-22 11:52:00,"Tokyo, JP",Mobile,Electronics,0
TXN_008727,USR_0070,14.24,2026-02-16 17:47:01,"New York, US",Desktop,Grocery,0
TXN_005365,USR_0202,17.68,2026-03-10 14:21:16,Online,Mobile,Electronics,0
TXN_003367,USR_0349,46.43,2026-01-28 13:25:23,Online,Desktop,Retail,0
TXN_006619,USR_0385,19.83,2026-03-31 04:30:53,"Tokyo, JP",Desktop,Retail,0
TXN_007114,USR_0009,47.3,2026-03-22 23:55:23,"Tokyo, JP",POS,Grocery,0
TXN_005047,USR_0073,152.1,2026-01-24 14:34:58,Online,Mobile,Travel,0
TXN_003890,USR_0491,10.74,2026-01-22 13:06:41,Online,POS,Electronics,0
TXN_003373,USR_0038,12.2,2026-01-31 00:28:17,"Tokyo, JP",Desktop,Retail,0
TXN_004554,USR_0237,77.18,2026-03-31 11:10:48,"Paris, FR",Mobile,Travel,0
TXN_011193,USR_0427,62.95,2026-02-12 12:44:55,"New York, US",POS,Electronics,0
TXN_003046,USR_0255,7.3,2026-01-10 21:27:38,"New York, US",Desktop,Grocery,0
TXN_004811,USR_0209,3.14,2026-01-17 15:55:26,"London, UK",Mobile,Grocery,0
TXN_002334,USR_0335,2.39,2026-03-03 21:38:14,"Paris, FR",Desktop,Retail,0
TXN_000840,USR_0112,9.73,2026-03-21 09:33:30,Online,POS,Grocery,0
TXN_005263,USR_0418,23.97,2026-02-19 15:51:22,"London, UK",POS,Retail,0
TXN_008517,USR_0481,493.18,2026-01-23 10:09:38,"London, UK",Mobile,Retail,0
TXN_010905,USR_0094,106.11,2026-02-03 17:29:25,"London, UK",POS,Travel,0
TXN_001435,USR_0222,87.87,2026-03-26 13:34:20,"London, UK",Desktop,Retail,0
TXN_003858,USR_0460,25.58,2026-03-16 08:07:00,"Tokyo, JP",Desktop,Retail,0
TXN_004602,USR_0286,25.72,2026-02-25 12:22:06,"Tokyo, JP",POS,Grocery,0
TXN_002674,USR_0391,86.3,2026-03-18 21:46:33,"London, UK",Mobile,Grocery,0
TXN_005181,USR_0016,84.69,2026-02-10 13:12:20,"Paris, FR",Mobile,Retail,0
TXN_000488,USR_0433,48.54,2026-02-25 09:41:50,"Tokyo, JP",POS,Grocery,0
TXN_005518,USR_0059,20.92,2026-02-25 12:15:17,Online,Desktop,Grocery,0
TXN_000534,USR_0244,40.21,2026-01-13 16:28:46,"Paris, FR",Desktop,Grocery,0
TXN_007603,USR_0189,60.31,2026-01-26 11:29:41,"London, UK",Mobile,Retail,0
TXN_007607,USR_0080,36.76,2026-01-23 14:37:35,"London, UK",Mobile,Grocery,0
TXN_006082,USR_0308,26.92,2026-01-20 15:31:53,Online,POS,Travel,0
TXN_002961,USR_0377,87.54,2026-02-08 09:53:44,"London, UK",POS,Grocery,0
TXN_002184,USR_0011,42.22,2026-01-23 09:16:56,"New York, US",Mobile,Electronics,0
TXN_010965,USR_0405,7.12,2026-03-14 12:46:59,"Paris, FR",Mobile,Travel,0
TXN_004169,USR_0043,22.75,2026-03-06 01:21:40,"New York, US",POS,Travel,0
TXN_005720,USR_0101,92.8,2026-03-10 18:04:52,"Tokyo, JP",Desktop,Retail,0
TXN_011204,USR_0156,16.76,2026-02-02 15:43:16,Online,Desktop,Grocery,0
TXN_011556,USR_0444,228.83,2026-03-21 09:04:32,"Paris, FR",Mobile,Retail,0
TXN_007092,USR_0179,132.55,2026-02-28 17:57:53,"Tokyo, JP",POS,Retail,0
TXN_009327,USR_0080,35.87,2026-03-07 08:31:19,Online,Mobile,Retail,0
TXN_006715,USR_0470,35.8,2026-03-18 01:18:00,"London, UK",POS,Travel,0
TXN_000201,USR_0197,42.31,2026-03-03 06:06:15,"Paris, FR",POS,Grocery,0
TXN_011773,USR_0056,6126.91,2026-03-28 04:51:29,"Lagos, NG",ATM,Electronics,1
TXN_002211,USR_0306,86.51,2026-02-09 13:11:36,"Paris, FR",POS,Grocery,0
TXN_008252,USR_0028,36.65,2026-01-20 21:59:20,"Tokyo, JP",Desktop,Grocery,0
TXN_007839,USR_0178,60.06,2026-01-06 20:07:57,"Tokyo, JP",Desktop,Retail,0
TXN_009120,USR_0313,60.46,2026-02-08 12:40:59,"Paris, FR",Desktop,Grocery,0
TXN_008762,USR_0424,18.47,2026-01-30 13:36:52,"New York, US",Desktop,Travel,0
TXN_009118,USR_0443,116.95,2026-02-22 08:05:28,"Tokyo, JP",POS,Travel,0
TXN_011719,USR_0419,9479.84,2026-01-16 04:17:55,Online,ATM,Electronics,1
TXN_002445,USR_0179,232.37,2026-01-23 13:01:55,"Tokyo, JP",Desktop,Electronics,0
TXN_003313,USR_0349,17.54,2026-02-05 07:54:21,"New York, US",Mobile,Grocery,0
TXN_000219,USR_0060,33.94,2026-01-18 15:02:02,"Tokyo, JP",Desktop,Grocery,0
TXN_002616,USR_0138,19.31,2026-01-30 15:59:16,"Paris, FR",Desktop,Grocery,0
TXN_008030,USR_0375,109.52,2026-02-23 15:47:02,"New York, US",Mobile,Retail,0
TXN_003778,USR_0428,16.52,2026-01-10 22:21:01,"New York, US",Desktop,Retail,0
TXN_004630,USR_0423,72.84,2026-02-24 22:42:09,"London, UK",POS,Grocery,0
TXN_010737,USR_0087,7.52,2026-01-30 06:43:23,"New York, US",POS,Grocery,0
TXN_009193,USR_0279,7.71,2026-03-12 20:05:55,"New York, US",POS,Grocery,0
TXN_011999,USR_0500,9016.51,2026-03-20 04:16:53,"Lagos, NG",Mobile,Wire_Transfer,1
TXN_011752,USR_0451,2500.0,2026-03-04 23:17:06,"Sydney, AU",ATM,Wire_Transfer,1
TXN_007190,USR_0036,17.91,2026-03-30 14:21:31,"Tokyo, JP",Mobile,Travel,0
TXN_011591,USR_0043,999.0,2026-02-15 22:10:45,"Sydney, AU",Mobile,Wire_Transfer,1
TXN_001671,USR_0317,12.82,2026-02-22 11:14:55,Online,POS,Travel,0
TXN_001189,USR_0455,64.75,2026-03-16 14:57:48,"New York, US",Mobile,Electronics,0
TXN_001615,USR_0425,19.47,2026-04-01 15:53:56,Online,Desktop,Grocery,0
TXN_002341,USR_0013,33.54,2026-03-30 10:10:04,"London, UK",POS,Travel,0
TXN_005668,USR_0251,16.89,2026-03-05 08:16:50,"Paris, FR",Desktop,Travel,0
TXN_002874,USR_0294,16.22,2026-01-03 23:19:24,"London, UK",Desktop,Retail,0
TXN_005944,USR_0368,54.6,2026-02-08 09:51:30,"Paris, FR",Mobile,Grocery,0
TXN_003018,USR_0252,50.8,2026-01-23 10:57:28,"Tokyo, JP",Mobile,Grocery,0
TXN_004093,USR_0367,79.36,2026-01-17 18:02:08,Online,Desktop,Retail,0
TXN_003291,USR_0152,38.88,2026-02-28 09:03:42,"Paris, FR",Mobile,Travel,0
TXN_000096,USR_0125,16.21,2026-01-19 08:41:44,"New York, US",Mobile,Retail,0
TXN_003404,USR_0286,6.08,2026-03-02 07:09:25,"New York, US",Desktop,Retail,0
TXN_011578,USR_0377,13.23,2026-01-10 12:53:33,"Tokyo, JP",Mobile,Retail,0
TXN_007189,USR_0164,57.64,2026-01-27 21:22:15,Online,POS,Grocery,0
TXN_005803,USR_0005,61.4,2026-01-27 16:12:58,"Tokyo, JP",POS,Grocery,0
TXN_003099,USR_0160,35.97,2026-01-22 13:33:04,"London, UK",Mobile,Travel,0
TXN_003419,USR_0001,39.65,2026-01-01 17:42:54,Online,Desktop,Travel,0
TXN_007635,USR_0357,60.26,2026-03-25 17:15:55,"New York, US",POS,Retail,0
TXN_011044,USR_0240,15.17,2026-01-25 04:49:19,"Tokyo, JP",Mobile,Retail,0
TXN_009718,USR_0400,155.42,2026-03-22 18:54:31,"Paris, FR",Mobile,Grocery,0
TXN_001414,USR_0286,25.03,2026-03-26 08:55:49,"Tokyo, JP",POS,Retail,0
TXN_011794,USR_0274,5000.0,2026-02-07 00:20:27,Online,Mobile,Gaming,1
TXN_007316,USR_0246,160.74,2026-03-01 13:42:04,"London, UK",Mobile,Travel,0
TXN_001374,USR_0354,106.65,2026-03-09 01:54:34,Online,POS,Grocery,0
TXN_002361,USR_0375,3.04,2026-02-26 19:33:08,"Paris, FR",Desktop,Grocery,0
TXN_002058,USR_0263,14.5,2026-03-21 16:20:23,"New York, US",POS,Retail,0
TXN_003149,USR_0215,23.48,2026-03-14 11:21:19,"New York, US",Mobile,Retail,0
TXN_005014,USR_0407,24.53,2026-02-19 07:54:30,"Tokyo, JP",Desktop,Retail,0
TXN_004505,USR_0024,118.85,2026-03-27 17:51:38,"Paris, FR",Mobile,Retail,0
TXN_009404,USR_0355,30.73,2026-03-24 07:12:47,"London, UK",POS,Retail,0
TXN_009647,USR_0042,105.76,2026-01-10 13:35:39,"New York, US",Desktop,Electronics,0
TXN_004405,USR_0211,66.92,2026-01-04 07:28:20,"Paris, FR",POS,Travel,0
TXN_000857,USR_0274,19.07,2026-01-29 15:08:47,"Paris, FR",POS,Grocery,0
TXN_005177,USR_0270,110.67,2026-01-25 16:22:38,Online,POS,Grocery,0
TXN_010550,USR_0418,9.17,2026-03-11 15:13:05,"New York, US",POS,Retail,0
TXN_010659,USR_0109,23.61,2026-03-23 14:53:11,Online,Desktop,Retail,0
TXN_002320,USR_0213,5.0,2026-01-10 11:41:27,"Tokyo, JP",Mobile,Grocery,0
TXN_009762,USR_0302,27.45,2026-02-05 18:57:47,Online,Desktop,Retail,0
TXN_008032,USR_0054,44.25,2026-02-26 08:16:39,"Tokyo, JP",Mobile,Travel,0
TXN_005063,USR_0334,6.05,2026-01-01 20:09:55,"Paris, FR",POS,Electronics,0
TXN_001209,USR_0041,36.67,2026-03-08 10:56:39,"New York, US",Mobile,Retail,0
TXN_010130,USR_0211,3.37,2026-03-06 10:01:02,"Paris, FR",Mobile,Grocery,0
TXN_011812,USR_0437,3904.53,2026-01-09 04:34:25,"Sydney, AU",Desktop,Gaming,1
TXN_008894,USR_0071,52.46,2026-03-24 16:20:34,"New York, US",POS,Retail,0
TXN_006499,USR_0213,24.35,2026-03-03 08:35:34,"New York, US",Desktop,Travel,0
TXN_009518,USR_0412,38.69,2026-02-07 14:09:35,"London, UK",Mobile,Retail,0
TXN_001278,USR_0355,83.23,2026-01-05 12:38:11,"Paris, FR",POS,Grocery,0
TXN_002472,USR_0136,19.44,2026-01-12 15:31:22,Online,Desktop,Grocery,0
TXN_003939,USR_0187,25.11,2026-03-10 11:15:14,"London, UK",Desktop,Retail,0
TXN_000102,USR_0385,50.04,2026-02-01 14:53:40,"Tokyo, JP",POS,Retail,0
TXN_006900,USR_0397,63.06,2026-03-13 21:01:35,Online,Desktop,Retail,0
TXN_000725,USR_0084,39.23,2026-03-15 06:49:13,"London, UK",POS,Retail,0
TXN_004817,USR_0022,33.66,2026-02-20 06:25:15,"Paris, FR",Mobile,Grocery,0
TXN_002378,USR_0058,57.88,2026-02-06 09:26:28,"Tokyo, JP",Mobile,Electronics,0
TXN_000813,USR_0494,17.4,2026-02-13 22:18:28,"London, UK",Mobile,Retail,0
TXN_000305,USR_0271,18.6,2026-02-23 08:10:52,"London, UK",POS,Retail,0
TXN_008938,USR_0012,76.26,2026-02-06 17:57:05,"Tokyo, JP",Desktop,Retail,0
TXN_005404,USR_0013,10.26,2026-03-12 17:53:12,Online,Desktop,Electronics,0
TXN_004641,USR_0154,37.15,2026-03-31 14:11:02,"London, UK",Desktop,Travel,0
TXN_008698,USR_0021,232.13,2026-03-30 14:57:14,"London, UK",POS,Retail,0
TXN_006366,USR_0196,19.78,2026-01-24 17:46:04,Online,POS,Retail,0
TXN_000100,USR_0487,72.75,2026-02-26 17:39:52,Online,Desktop,Travel,0
TXN_005100,USR_0321,44.81,2026-03-12 17:59:14,"Tokyo, JP",Desktop,Retail,0
TXN_000851,USR_0037,186.23,2026-03-15 19:52:14,"Tokyo, JP",Desktop,Retail,0
TXN_005703,USR_0376,194.4,2026-03-06 16:21:10,"Tokyo, JP",Desktop,Grocery,0
TXN_000386,USR_0316,28.66,2026-02-08 08:37:21,Online,POS,Travel,0
TXN_004786,USR_0277,40.53,2026-02-05 10:01:48,"London, UK",POS,Electronics,0
TXN_004044,USR_0041,60.56,2026-02-10 17:39:18,Online,POS,Travel,0
TXN_009781,USR_0199,12.56,2026-02-26 12:43:01,Online,POS,Electronics,0
TXN_007884,USR_0369,19.99,2026-03-16 09:21:32,"Paris, FR",Mobile,Electronics,0
TXN_010787,USR_0112,566.58,2026-01-09 21:21:04,"London, UK",Desktop,Electronics,0
TXN_009902,USR_0205,13.47,2026-01-11 17:36:01,"Paris, FR",Desktop,Grocery,0
TXN_008254,USR_0211,2.95,2026-02-26 13:41:28,Online,POS,Grocery,0
TXN_006413,USR_0445,1.5,2026-03-18 21:27:20,Online,POS,Retail,0
TXN_008302,USR_0474,53.34,2026-01-16 08:50:03,"Tokyo, JP",POS,Grocery,0
TXN_005386,USR_0400,43.35,2026-02-01 14:00:55,Online,Desktop,Retail,0
TXN_010718,USR_0159,79.88,2026-02-09 14:14:35,"Paris, FR",POS,Retail,0
TXN_010332,USR_0311,1.69,2026-03-15 18:46:29,"London, UK",POS,Grocery,0
TXN_008721,USR_0443,36.88,2026-03-16 22:31:54,"New York, US",POS,Grocery,0
TXN_010939,USR_0437,20.77,2026-03-04 06:18:02,Online,POS,Grocery,0
TXN_010445,USR_0032,22.44,2026-01-04 17:54:45,"Tokyo, JP",POS,Retail,0
TXN_002733,USR_0402,14.79,2026-01-07 01:20:29,"Tokyo, JP",Mobile,Retail,0
TXN_009446,USR_0449,64.55,2026-01-28 10:12:05,"Tokyo, JP",Mobile,Grocery,0
TXN_009599,USR_0234,52.18,2026-02-25 05:02:31,Online,Mobile,Retail,0
TXN_000462,USR_0412,65.46,2026-03-17 18:46:42,Online,Mobile,Retail,0
TXN_010568,USR_0167,30.5,2026-02-06 11:54:56,"Paris, FR",Desktop,Electronics,0
TXN_000120,USR_0343,9.53,2026-01-15 16:36:13,"Paris, FR",POS,Grocery,0
TXN_001571,USR_0174,25.63,2026-02-10 22:25:49,"London, UK",Desktop,Grocery,0
TXN_007736,USR_0162,5.84,2026-01-16 14:16:23,"New York, US",POS,Retail,0
TXN_008619,USR_0234,17.56,2026-01-09 10:39:45,Online,Desktop,Retail,0
TXN_000358,USR_0079,10.75,2026-02-08 14:10:10,"Tokyo, JP",POS,Retail,0
TXN_004309,USR_0447,130.62,2026-03-23 17:58:19,"Paris, FR",Desktop,Grocery,0
TXN_003910,USR_0225,53.55,2026-03-05 17:22:54,"London, UK",POS,Grocery,0
TXN_002047,USR_0494,26.15,2026-03-06 17:33:46,Online,POS,Travel,0
TXN_005366,USR_0256,4.25,2026-03-27 22:08:18,"New York, US",Mobile,Grocery,0
TXN_002151,USR_0098,22.58,2026-02-17 08:52:57,Online,Mobile,Electronics,0
TXN_008123,USR_0288,39.33,2026-03-06 07:42:57,"Tokyo, JP",POS,Grocery,0
TXN_004049,USR_0063,34.57,2026-02-20 13:36:59,Online,POS,Retail,0
TXN_001982,USR_0446,2.74,2026-03-22 07:40:38,Online,Mobile,Retail,0
TXN_001403,USR_0143,8.68,2026-03-16 16:37:17,"Paris, FR",Desktop,Retail,0
TXN_010592,USR_0298,7.78,2026-03-24 10:03:46,"Tokyo, JP",Mobile,Retail,0
TXN_005584,USR_0205,5.57,2026-03-08 11:42:47,"Tokyo, JP",POS,Grocery,0
TXN_000397,USR_0340,68.15,2026-03-03 01:33:24,"Tokyo, JP",Mobile,Retail,0
TXN_001040,USR_0289,16.13,2026-03-11 11:13:24,Online,POS,Grocery,0
TXN_010610,USR_0272,3.06,2026-01-02 07:24:36,"London, UK",Mobile,Electronics,0
TXN_001587,USR_0458,30.55,2026-03-22 10:42:34,Online,Mobile,Grocery,0
TXN_003692,USR_0217,27.73,2026-03-20 14:42:34,Online,Mobile,Electronics,0
TXN_005426,USR_0398,122.11,2026-03-05 14:16:03,"Paris, FR",POS,Retail,0
TXN_000380,USR_0259,102.16,2026-02-27 15:48:35,"Tokyo, JP",POS,Electronics,0
TXN_007803,USR_0489,15.59,2026-03-20 21:04:30,"New York, US",Desktop,Grocery,0
TXN_002143,USR_0146,8.26,2026-01-17 13:53:25,"New York, US",POS,Travel,0
TXN_004129,USR_0278,354.0,2026-01-11 21:09:51,Online,Mobile,Grocery,0
TXN_002460,USR_0343,19.18,2026-01-08 07:04:12,Online,Mobile,Electronics,0
TXN_011279,USR_0179,1215.4,2026-01-04 15:45:45,"London, UK",Mobile,Grocery,0
TXN_001054,USR_0269,11.85,2026-01-06 16:20:34,Online,Mobile,Grocery,0
TXN_001787,USR_0267,8.87,2026-02-11 19:11:28,"New York, US",Mobile,Retail,0
TXN_008205,USR_0386,41.04,2026-02-20 16:18:41,"New York, US",Desktop,Grocery,0
TXN_004843,USR_0226,15.03,2026-03-15 18:03:23,"London, UK",Mobile,Grocery,0
TXN_010320,USR_0482,13.86,2026-01-27 13:09:39,Online,Desktop,Retail,0
TXN_010288,USR_0480,42.11,2026-03-23 12:40:32,"London, UK",Desktop,Grocery,0
TXN_002246,USR_0093,70.18,2026-03-15 20:45:59,Online,POS,Travel,0
TXN_008608,USR_0391,37.85,2026-01-16 16:09:42,"New York, US",Desktop,Travel,0
TXN_007283,USR_0388,20.85,2026-02-15 06:46:38,"New York, US",Desktop,Electronics,0
TXN_007842,USR_0066,22.52,2026-03-06 20:44:01,"New York, US",POS,Grocery,0
TXN_003820,USR_0023,50.08,2026-01-05 15:29:04,"Paris, FR",POS,Grocery,0
TXN_003379,USR_0484,56.7,2026-01-25 07:55:03,Online,Mobile,Grocery,0
TXN_003922,USR_0215,201.56,2026-03-04 04:00:32,"New York, US",Desktop,Retail,0
TXN_009605,USR_0017,28.52,2026-03-25 11:06:18,"Paris, FR",Mobile,Travel,0
TXN_002964,USR_0441,50.6,2026-02-12 19:13:31,"Paris, FR",POS,Grocery,0
TXN_009864,USR_0425,44.68,2026-04-01 07:24:41,"London, UK",Mobile,Grocery,0
TXN_007621,USR_0245,129.9,2026-01-24 13:24:24,Online,Mobile,Retail,0
TXN_001497,USR_0409,22.86,2026-02-26 20:03:12,"London, UK",Mobile,Retail,0
TXN_007467,USR_0248,35.0,2026-03-22 09:37:12,"Paris, FR",Desktop,Grocery,0
TXN_005764,USR_0066,58.61,2026-01-18 15:53:37,"New York, US",Mobile,Grocery,0
TXN_003703,USR_0249,32.4,2026-01-01 12:03:01,Online,POS,Electronics,0
TXN_003895,USR_0302,14.02,2026-02-10 13:36:47,"Paris, FR",POS,Retail,0
TXN_009319,USR_0102,7.82,2026-03-13 13:44:26,Online,Mobile,Retail,0
TXN_006467,USR_0040,60.1,2026-01-27 14:34:44,"New York, US",Desktop,Travel,0
TXN_003661,USR_0061,49.51,2026-02-03 06:57:50,"New York, US",POS,Retail,0
TXN_002086,USR_0333,45.04,2026-02-28 11:26:26,"Tokyo, JP",Desktop,Travel,0
TXN_009819,USR_0261,114.54,2026-03-03 19:19:45,Online,POS,Grocery,0
TXN_004254,USR_0116,26.75,2026-03-03 05:51:51,Online,Mobile,Grocery,0
TXN_002352,USR_0433,23.5,2026-02-24 05:18:20,"Paris, FR",Desktop,Retail,0
TXN_004376,USR_0384,91.4,2026-01-30 13:28:52,Online,Mobile,Travel,0
TXN_000555,USR_0043,46.65,2026-03-14 17:01:50,"London, UK",Desktop,Grocery,0
TXN_007086,USR_0427,23.66,2026-01-24 22:45:36,Online,Desktop,Retail,0
TXN_007458,USR_0215,82.1,2026-03-14 15:32:47,"Tokyo, JP",POS,Grocery,0
TXN_009573,USR_0425,86.71,2026-01-25 10:01:59,Online,POS,Grocery,0
TXN_005021,USR_0342,136.35,2026-03-03 09:24:44,"New York, US",POS,Travel,0
TXN_000669,USR_0406,171.06,2026-03-23 14:31:41,"Tokyo, JP",Mobile,Electronics,0
TXN_003743,USR_0326,22.35,2026-01-25 07:02:24,Online,Mobile,Grocery,0
TXN_000048,USR_0085,24.56,2026-02-18 13:00:24,"Tokyo, JP",Desktop,Grocery,0
TXN_010061,USR_0017,5.13,2026-02-12 10:57:48,"Paris, FR",POS,Grocery,0
TXN_010040,USR_0041,40.19,2026-03-31 18:49:12,"New York, US",Desktop,Retail,0
TXN_006840,USR_0444,73.69,2026-01-17 18:26:13,"Tokyo, JP",POS,Travel,0
TXN_011951,USR_0401,3343.1,2026-02-13 23:23:39,"Moscow, RU",Desktop,Wire_Transfer,1
TXN_001179,USR_0066,61.3,2026-03-07 04:06:25,"New York, US",Desktop,Travel,0
TXN_007602,USR_0375,17.13,2026-02-03 23:21:22,"Paris, FR",POS,Electronics,0
TXN_010962,USR_0359,24.8,2026-02-01 14:37:06,Online,Desktop,Retail,0
TXN_002992,USR_0418,24.22,2026-01-27 18:52:44,"Paris, FR",Mobile,Retail,0
TXN_001784,USR_0267,5.74,2026-02-23 05:41:52,"Tokyo, JP",Mobile,Retail,0
TXN_004873,USR_0404,40.75,2026-02-06 09:15:13,"London, UK",Mobile,Retail,0
TXN_005848,USR_0377,20.05,2026-03-25 15:50:40,"Tokyo, JP",Desktop,Grocery,0
TXN_002219,USR_0263,18.23,2026-02-17 19:08:39,Online,POS,Grocery,0
TXN_010448,USR_0084,46.57,2026-01-03 09:43:32,"Tokyo, JP",Mobile,Travel,0
TXN_003915,USR_0183,5.27,2026-02-20 06:57:37,"New York, US",POS,Travel,0
TXN_003223,USR_0275,87.68,2026-02-24 15:18:02,"New York, US",Mobile,Grocery,0
TXN_005139,USR_0108,24.65,2026-02-10 19:12:04,"Paris, FR",Mobile,Electronics,0
TXN_005101,USR_0482,253.54,2026-03-26 05:18:26,Online,Desktop,Travel,0
TXN_004421,USR_0125,78.27,2026-03-08 15:09:29,"New York, US",Mobile,Grocery,0
TXN_004314,USR_0233,31.78,2026-01-15 13:33:48,Online,Mobile,Travel,0
TXN_003004,USR_0339,9.99,2026-02-21 00:00:44,Online,Desktop,Grocery,0
TXN_006683,USR_0019,71.8,2026-01-30 20:51:14,"Paris, FR",POS,Electronics,0
TXN_000246,USR_0426,118.83,2026-01-11 15:05:27,"New York, US",POS,Electronics,0
TXN_009363,USR_0493,94.74,2026-01-30 19:28:46,"Paris, FR",Mobile,Retail,0
TXN_003530,USR_0077,8.63,2026-01-01 08:08:23,Online,POS,Electronics,0
TXN_009534,USR_0003,42.41,2026-02-06 19:20:53,"London, UK",Mobile,Grocery,0
TXN_008142,USR_0323,129.16,2026-01-13 14:31:58,"Paris, FR",Desktop,Retail,0
TXN_009859,USR_0260,8.32,2026-01-09 12:00:31,"New York, US",POS,Electronics,0
TXN_007690,USR_0241,17.01,2026-03-23 12:45:53,"Tokyo, JP",Desktop,Grocery,0
TXN_010865,USR_0497,178.47,2026-03-04 13:34:23,"Tokyo, JP",Desktop,Retail,0
TXN_002040,USR_0025,24.92,2026-02-10 16:05:19,"New York, US",Desktop,Grocery,0
TXN_001023,USR_0166,24.31,2026-02-22 18:41:20,"New York, US",Mobile,Travel,0
TXN_002689,USR_0322,64.84,2026-03-15 07:25:28,"London, UK",Desktop,Travel,0
TXN_008135,USR_0180,24.08,2026-02-18 16:50:03,"New York, US",Desktop,Grocery,0
TXN_011627,USR_0482,999.0,2026-03-14 05:43:39,Online,ATM,Crypto,1
TXN_008117,USR_0385,59.35,2026-03-21 13:53:16,"Tokyo, JP",POS,Electronics,0
TXN_010260,USR_0417,47.33,2026-01-01 11:47:21,"Paris, FR",Desktop,Retail,0
TXN_004694,USR_0381,18.98,2026-02-05 16:42:50,"London, UK",Mobile,Electronics,0
TXN_002373,USR_0313,25.63,2026-01-27 21:45:11,"New York, US",Desktop,Electronics,0
TXN_005839,USR_0173,11.35,2026-02-21 00:16:06,"London, UK",Desktop,Grocery,0
TXN_010697,USR_0273,71.76,2026-02-06 12:42:30,"Tokyo, JP",Mobile,Travel,0
TXN_004868,USR_0269,78.23,2026-01-20 09:56:38,"New York, US",POS,Retail,0
TXN_011702,USR_0134,3285.91,2026-03-29 01:04:25,"Lagos, NG",Mobile,Electronics,1
TXN_001693,USR_0090,46.26,2026-02-13 18:54:35,"London, UK",Mobile,Retail,0
TXN_011595,USR_0198,1688.89,2026-01-13 22:12:24,"Moscow, RU",Mobile,Gaming,1
TXN_010308,USR_0388,17.59,2026-01-14 17:41:24,"Paris, FR",POS,Electronics,0
TXN_001492,USR_0450,96.69,2026-03-01 14:08:05,"Tokyo, JP",POS,Travel,0
TXN_003786,USR_0274,28.59,2026-03-14 12:36:39,"Paris, FR",Mobile,Retail,0
TXN_003653,USR_0478,5.31,2026-01-02 10:34:11,"New York, US",Mobile,Grocery,0
TXN_003672,USR_0496,54.13,2026-03-15 08:50:49,"London, UK",Desktop,Travel,0
TXN_010935,USR_0223,46.18,2026-03-16 14:20:37,"New York, US",Desktop,Grocery,0
TXN_008566,USR_0345,39.25,2026-01-17 12:28:13,Online,Mobile,Grocery,0
TXN_008573,USR_0139,142.18,2026-03-30 20:11:19,"New York, US",Mobile,Grocery,0
TXN_010615,USR_0283,33.31,2026-03-01 11:30:51,"London, UK",Desktop,Retail,0
TXN_005266,USR_0113,31.5,2026-02-01 00:31:53,"Tokyo, JP",POS,Retail,0
TXN_003449,USR_0424,75.37,2026-01-24 09:06:40,"London, UK",Desktop,Travel,0
TXN_003680,USR_0458,30.72,2026-01-01 22:21:11,"London, UK",Mobile,Grocery,0
TXN_006190,USR_0470,12.37,2026-03-19 11:24:28,"New York, US",Desktop,Grocery,0
TXN_007445,USR_0263,17.08,2026-03-22 14:34:27,"Paris, FR",POS,Grocery,0
TXN_006878,USR_0404,30.29,2026-03-29 05:41:34,"London, UK",Mobile,Travel,0
TXN_004468,USR_0491,51.67,2026-02-26 15:21:14,"Tokyo, JP",POS,Retail,0
TXN_004098,USR_0326,26.42,2026-03-30 16:31:20,"Tokyo, JP",Desktop,Grocery,0
TXN_007338,USR_0234,231.04,2026-01-18 05:43:42,"New York, US",Desktop,Grocery,0
TXN_004157,USR_0057,24.22,2026-03-12 19:01:03,"London, UK",Desktop,Retail,0
TXN_007135,USR_0391,29.24,2026-03-31 17:04:03,"Tokyo, JP",POS,Grocery,0
TXN_005212,USR_0158,49.29,2026-01-15 04:46:21,"Tokyo, JP",Mobile,Retail,0
TXN_004681,USR_0477,28.22,2026-03-28 04:57:56,"New York, US",Desktop,Retail,0
TXN_002630,USR_0212,14.85,2026-01-20 17:55:09,Online,Desktop,Travel,0
TXN_006364,USR_0107,16.05,2026-03-16 13:54:13,"Tokyo, JP",Desktop,Travel,0
TXN_002532,USR_0466,177.22,2026-01-24 10:43:18,"Tokyo, JP",Mobile,Retail,0
TXN_001513,USR_0437,46.98,2026-01-27 03:10:24,"Paris, FR",Desktop,Electronics,0
TXN_004005,USR_0335,36.7,2026-03-13 09:20:09,"New York, US",POS,Grocery,0
TXN_004465,USR_0351,4.61,2026-03-20 09:48:03,Online,Desktop,Grocery,0
TXN_001011,USR_0256,290.31,2026-01-12 21:43:39,"Tokyo, JP",POS,Grocery,0
TXN_006508,USR_0432,36.66,2026-02-05 19:10:26,"Tokyo, JP",Mobile,Retail,0
TXN_011106,USR_0105,13.25,2026-01-26 19:10:56,"Paris, FR",Mobile,Retail,0
TXN_002423,USR_0268,12.37,2026-03-29 09:13:51,Online,POS,Grocery,0
TXN_002055,USR_0132,72.45,2026-02-26 19:41:59,"London, UK",Mobile,Travel,0
TXN_010307,USR_0284,36.79,2026-02-25 20:10:39,"London, UK",Mobile,Travel,0
TXN_007638,USR_0427,135.13,2026-01-27 08:31:31,Online,Mobile,Electronics,0
TXN_006128,USR_0411,20.03,2026-01-15 07:54:11,"London, UK",POS,Retail,0
TXN_005573,USR_0470,14.38,2026-03-17 18:35:48,"New York, US",Mobile,Retail,0
TXN_000909,USR_0405,39.51,2026-02-18 13:22:37,Online,Mobile,Retail,0
TXN_011098,USR_0311,35.15,2026-01-11 11:38:46,"Tokyo, JP",Mobile,Retail,0
TXN_007699,USR_0300,66.58,2026-02-13 10:08:17,Online,Desktop,Electronics,0
TXN_008080,USR_0192,14.76,2026-01-17 10:44:58,"Paris, FR",Desktop,Travel,0
TXN_008983,USR_0256,16.4,2026-03-04 19:43:54,"Tokyo, JP",Mobile,Grocery,0
TXN_006312,USR_0204,65.32,2026-03-07 05:41:06,Online,Desktop,Retail,0
TXN_000215,USR_0189,29.7,2026-03-28 10:47:43,"Tokyo, JP",POS,Retail,0
TXN_002987,USR_0178,7.42,2026-02-07 12:09:52,"Paris, FR",POS,Travel,0
TXN_009100,USR_0044,14.44,2026-01-29 07:07:56,Online,Mobile,Grocery,0
TXN_003116,USR_0196,42.9,2026-02-18 15:19:23,"New York, US",Desktop,Retail,0
TXN_007262,USR_0413,7.19,2026-03-12 14:10:50,Online,POS,Retail,0
TXN_011102,USR_0497,66.28,2026-03-29 07:29:17,"Paris, FR",Mobile,Retail,0
TXN_006189,USR_0041,13.76,2026-01-31 21:17:36,"London, UK",Mobile,Retail,0
TXN_010549,USR_0226,20.19,2026-02-19 14:36:37,"New York, US",Desktop,Retail,0
TXN_006456,USR_0404,37.51,2026-02-07 18:30:38,"London, UK",Desktop,Electronics,0
TXN_000015,USR_0139,19.21,2026-03-23 14:44:35,"London, UK",POS,Grocery,0
TXN_002803,USR_0473,29.27,2026-02-18 19:13:57,"New York, US",Desktop,Grocery,0
TXN_011515,USR_0298,28.83,2026-01-20 22:29:49,"Paris, FR",Mobile,Grocery,0
TXN_001702,USR_0028,124.69,2026-03-22 11:50:17,"London, UK",POS,Travel,0
TXN_002702,USR_0085,24.4,2026-03-23 17:40:54,Online,Mobile,Electronics,0
TXN_001321,USR_0410,32.93,2026-03-28 11:44:51,"New York, US",Mobile,Retail,0
TXN_010081,USR_0341,23.1,2026-02-02 11:32:59,"New York, US",Mobile,Electronics,0
TXN_010141,USR_0253,17.87,2026-03-11 16:57:29,"London, UK",Mobile,Travel,0
TXN_008063,USR_0480,31.37,2026-03-27 16:32:54,"Paris, FR",POS,Grocery,0
TXN_005029,USR_0072,24.97,2026-02-10 11:47:25,"London, UK",Desktop,Retail,0
TXN_000519,USR_0394,131.92,2026-03-12 08:01:46,"Paris, FR",POS,Retail,0
TXN_010444,USR_0326,8.84,2026-01-14 13:39:41,"Paris, FR",POS,Grocery,0
TXN_003541,USR_0167,22.13,2026-01-19 09:39:05,Online,POS,Electronics,0
TXN_011942,USR_0163,4011.62,2026-01-13 05:49:22,Online,Desktop,Crypto,1
TXN_011836,USR_0163,5000.0,2026-01-27 00:34:31,"Sydney, AU",Mobile,Crypto,1
TXN_010459,USR_0299,30.51,2026-03-21 17:54:08,"London, UK",Desktop,Travel,0
TXN_004411,USR_0077,17.28,2026-02-20 12:09:02,Online,Desktop,Travel,0
TXN_005701,USR_0193,151.31,2026-01-05 10:19:31,"Tokyo, JP",Desktop,Retail,0
TXN_002381,USR_0308,45.81,2026-02-22 13:43:15,"New York, US",Desktop,Grocery,0
TXN_002103,USR_0265,22.86,2026-01-21 09:27:14,"New York, US",POS,Retail,0
TXN_006831,USR_0136,4.54,2026-03-30 14:58:51,"London, UK",POS,Electronics,0
TXN_006907,USR_0007,22.48,2026-01-12 13:00:55,Online,Desktop,Grocery,0
TXN_007846,USR_0007,20.15,2026-03-04 12:37:39,"London, UK",POS,Electronics,0
TXN_010096,USR_0281,18.49,2026-03-24 23:51:12,"Paris, FR",POS,Grocery,0
TXN_010821,USR_0173,58.83,2026-01-23 09:53:36,"Tokyo, JP",POS,Grocery,0
TXN_001644,USR_0181,47.39,2026-02-18 09:52:38,"Tokyo, JP",Desktop,Retail,0
TXN_000032,USR_0393,22.53,2026-01-17 22:08:42,"Paris, FR",POS,Retail,0
TXN_002228,USR_0059,39.9,2026-01-09 12:00:09,Online,Mobile,Travel,0
TXN_009292,USR_0082,288.29,2026-03-29 13:17:11,"London, UK",Desktop,Electronics,0
TXN_010505,USR_0148,60.23,2026-03-04 10:16:50,"Tokyo, JP",Mobile,Electronics,0
TXN_007172,USR_0064,16.76,2026-01-20 18:24:51,"Paris, FR",Mobile,Travel,0
TXN_001792,USR_0147,55.46,2026-03-15 18:28:40,"London, UK",Desktop,Retail,0
TXN_005399,USR_0419,7.95,2026-02-11 21:10:11,Online,POS,Travel,0
TXN_007173,USR_0046,22.9,2026-03-14 10:26:37,Online,Mobile,Retail,0
TXN_000674,USR_0114,6.39,2026-03-23 13:36:06,"Paris, FR",Mobile,Grocery,0
TXN_000051,USR_0377,14.75,2026-03-11 20:03:47,"Tokyo, JP",Mobile,Grocery,0
TXN_000484,USR_0408,41.86,2026-02-20 15:05:23,"Paris, FR",Desktop,Travel,0
TXN_001924,USR_0154,22.13,2026-03-03 15:18:16,"London, UK",Mobile,Electronics,0
TXN_011780,USR_0117,9063.15,2026-01-19 03:19:16,"Moscow, RU",ATM,Crypto,1
TXN_009222,USR_0138,84.02,2026-02-20 15:23:00,"New York, US",Mobile,Travel,0
TXN_010516,USR_0316,16.73,2026-01-28 17:31:31,"Paris, FR",Mobile,Electronics,0
TXN_000928,USR_0358,15.61,2026-01-30 11:39:10,"New York, US",Desktop,Retail,0
TXN_005532,USR_0336,65.74,2026-02-06 05:42:24,"New York, US",Desktop,Grocery,0
TXN_004920,USR_0030,22.75,2026-02-15 11:04:26,"Paris, FR",Desktop,Grocery,0
TXN_008499,USR_0283,37.56,2026-03-23 18:38:08,"London, UK",Desktop,Grocery,0
TXN_001951,USR_0156,39.46,2026-01-15 15:17:23,"Tokyo, JP",Desktop,Electronics,0
TXN_008076,USR_0328,23.46,2026-01-20 05:22:53,"London, UK",POS,Electronics,0
TXN_002168,USR_0382,7.9,2026-01-15 08:15:01,"Paris, FR",Mobile,Grocery,0
TXN_007069,USR_0199,115.83,2026-03-28 08:45:04,"London, UK",POS,Retail,0
TXN_004925,USR_0374,31.05,2026-01-09 14:28:01,"London, UK",Desktop,Retail,0
TXN_008385,USR_0230,7.91,2026-03-08 13:10:22,"Tokyo, JP",Desktop,Retail,0
TXN_003035,USR_0137,11.06,2026-03-16 09:33:00,"Tokyo, JP",Mobile,Grocery,0
TXN_011914,USR_0358,2500.0,2026-03-15 00:29:00,"Sydney, AU",ATM,Gaming,1
TXN_007061,USR_0207,136.98,2026-02-09 14:41:09,"London, UK",POS,Grocery,0
TXN_009339,USR_0119,7.6,2026-01-07 19:52:44,"Paris, FR",Desktop,Travel,0
TXN_007906,USR_0071,20.29,2026-03-07 11:57:10,"London, UK",POS,Retail,0
TXN_004607,USR_0070,60.59,2026-02-21 19:50:11,"New York, US",POS,Travel,0
TXN_002349,USR_0233,32.81,2026-02-18 08:20:28,"London, UK",POS,Electronics,0
TXN_001348,USR_0367,19.14,2026-02-24 15:23:24,"Tokyo, JP",Mobile,Grocery,0
TXN_002767,USR_0397,64.77,2026-01-10 08:39:04,Online,Desktop,Electronics,0
TXN_004041,USR_0026,98.02,2026-03-30 10:23:37,"Paris, FR",POS,Grocery,0
TXN_002237,USR_0238,54.94,2026-02-23 08:52:27,"London, UK",Mobile,Grocery,0
TXN_005717,USR_0236,23.7,2026-02-14 03:48:39,"London, UK",Mobile,Travel,0
TXN_010119,USR_0108,19.9,2026-01-09 19:18:27,"Tokyo, JP",Desktop,Retail,0
TXN_007404,USR_0182,34.4,2026-02-28 20:46:32,"New York, US",Mobile,Retail,0
TXN_007986,USR_0223,37.55,2026-02-11 05:44:03,"London, UK",Desktop,Grocery,0
TXN_011227,USR_0366,21.75,2026-02-25 14:26:52,Online,Desktop,Retail,0
TXN_001431,USR_0136,53.18,2026-01-07 08:19:36,"Paris, FR",Mobile,Travel,0
TXN_001276,USR_0356,8.76,2026-03-02 21:44:08,"London, UK",Mobile,Electronics,0
TXN_007756,USR_0391,53.55,2026-02-18 17:39:38,"Paris, FR",POS,Grocery,0
TXN_010182,USR_0458,7.69,2026-03-14 07:24:58,"New York, US",POS,Electronics,0
TXN_006516,USR_0144,13.23,2026-01-26 01:20:25,"Paris, FR",Mobile,Retail,0
TXN_003155,USR_0082,106.43,2026-03-18 12:20:37,"Paris, FR",Mobile,Grocery,0
TXN_003370,USR_0277,3.84,2026-02-07 17:14:14,"Paris, FR",POS,Retail,0
TXN_010903,USR_0275,20.85,2026-02-22 08:48:25,"New York, US",Mobile,Retail,0
TXN_005636,USR_0494,37.34,2026-01-28 20:51:33,"Tokyo, JP",POS,Retail,0
TXN_004709,USR_0329,36.33,2026-03-24 08:29:40,"Tokyo, JP",Mobile,Grocery,0
TXN_004839,USR_0101,32.72,2026-02-15 14:51:04,"Tokyo, JP",POS,Grocery,0
TXN_003049,USR_0156,36.7,2026-03-10 01:38:20,"Tokyo, JP",Desktop,Travel,0
TXN_007811,USR_0401,1.73,2026-03-01 22:29:15,"Paris, FR",Desktop,Retail,0
TXN_011176,USR_0354,58.65,2026-01-30 15:13:14,"London, UK",Desktop,Travel,0
TXN_009800,USR_0379,79.06,2026-02-22 06:11:41,"Tokyo, JP",Mobile,Retail,0
TXN_005581,USR_0134,18.78,2026-02-15 13:16:06,"London, UK",POS,Travel,0
TXN_007808,USR_0114,15.11,2026-03-02 18:58:35,Online,Mobile,Electronics,0
TXN_003289,USR_0141,18.23,2026-01-25 15:11:52,"London, UK",Mobile,Electronics,0
TXN_002013,USR_0472,9.3,2026-02-01 09:24:26,Online,Desktop,Travel,0
TXN_007093,USR_0186,57.19,2026-03-21 12:38:01,"Tokyo, JP",Mobile,Retail,0
TXN_001454,USR_0413,26.19,2026-01-31 13:59:27,"London, UK",Mobile,Grocery,0
TXN_001079,USR_0096,30.31,2026-01-26 08:32:29,Online,POS,Grocery,0
TXN_006464,USR_0385,1.81,2026-03-04 09:04:34,"Paris, FR",POS,Electronics,0
TXN_010502,USR_0261,9.94,2026-03-16 16:59:37,"Tokyo, JP",Desktop,Grocery,0
TXN_000435,USR_0263,17.97,2026-02-23 10:29:36,"New York, US",POS,Retail,0
TXN_007196,USR_0009,7.63,2026-02-21 15:36:48,"Tokyo, JP",Mobile,Travel,0
TXN_000614,USR_0081,42.98,2026-02-02 09:49:06,Online,POS,Electronics,0
TXN_011926,USR_0357,9340.7,2026-03-09 23:56:25,Online,Mobile,Gaming,1
TXN_002994,USR_0295,97.72,2026-01-01 12:16:59,Online,POS,Retail,0
TXN_011663,USR_0075,2500.0,2026-02-14 03:35:57,"Sydney, AU",Mobile,Wire_Transfer,1
TXN_001112,USR_0070,130.9,2026-02-20 13:26:20,"Paris, FR",Mobile,Retail,0
TXN_007248,USR_0410,2.51,2026-01-06 22:52:28,"Paris, FR",Desktop,Grocery,0
TXN_007710,USR_0457,36.24,2026-03-29 12:40:01,"London, UK",POS,Grocery,0
TXN_010791,USR_0453,44.99,2026-03-04 16:05:14,"Tokyo, JP",Mobile,Retail,0
TXN_001283,USR_0082,2.45,2026-03-27 18:59:02,"New York, US",POS,Grocery,0
TXN_002454,USR_0015,65.38,2026-03-20 15:57:45,"London, UK",POS,Electronics,0
TXN_010513,USR_0129,9.09,2026-01-31 16:05:30,Online,Desktop,Retail,0
TXN_007891,USR_0144,32.6,2026-02-13 12:00:12,"London, UK",POS,Retail,0
TXN_011959,USR_0385,499.99,2026-03-25 22:44:08,Online,Desktop,Gaming,1
TXN_006593,USR_0398,13.12,2026-02-04 17:16:51,"New York, US",Desktop,Retail,0
TXN_008367,USR_0115,70.39,2026-02-05 13:19:59,"London, UK",Desktop,Retail,0
TXN_000915,USR_0438,61.51,2026-03-10 05:27:36,"Tokyo, JP",POS,Grocery,0
TXN_005282,USR_0105,20.59,2026-01-30 09:41:39,Online,Mobile,Grocery,0
TXN_005837,USR_0340,105.11,2026-01-10 23:52:57,"Tokyo, JP",POS,Travel,0
TXN_009328,USR_0082,45.92,2026-02-22 02:58:44,"Tokyo, JP",POS,Travel,0
TXN_001198,USR_0340,12.16,2026-01-23 18:30:08,"London, UK",POS,Retail,0
TXN_006388,USR_0070,87.87,2026-03-07 21:50:09,"Paris, FR",POS,Electronics,0
TXN_009567,USR_0368,19.8,2026-03-17 09:26:04,"New York, US",Desktop,Electronics,0
TXN_007734,USR_0334,69.77,2026-03-21 13:39:33,"Paris, FR",Desktop,Electronics,0
TXN_002877,USR_0176,8.23,2026-01-17 04:22:46,"Tokyo, JP",POS,Retail,0
TXN_008324,USR_0091,88.64,2026-03-19 19:59:14,"London, UK",Desktop,Retail,0
TXN_005909,USR_0231,99.23,2026-03-29 14:03:07,Online,Mobile,Electronics,0
TXN_007999,USR_0212,6.79,2026-03-09 05:06:36,"London, UK",Mobile,Travel,0
TXN_000108,USR_0011,141.67,2026-03-15 13:24:30,"New York, US",Desktop,Grocery,0
TXN_003690,USR_0139,11.9,2026-02-22 13:33:54,"New York, US",Mobile,Grocery,0
TXN_004608,USR_0137,21.98,2026-02-20 08:30:08,Online,Mobile,Grocery,0
TXN_009976,USR_0438,49.32,2026-01-02 16:04:35,"Paris, FR",Desktop,Electronics,0
TXN_011335,USR_0015,16.64,2026-01-16 18:47:14,"Paris, FR",POS,Retail,0
TXN_008092,USR_0446,13.84,2026-03-25 13:28:54,"Paris, FR",Mobile,Grocery,0
TXN_008217,USR_0314,16.56,2026-02-19 16:23:24,Online,Mobile,Retail,0
TXN_000968,USR_0167,8.62,2026-03-28 13:32:31,"Paris, FR",Mobile,Retail,0
TXN_006250,USR_0455,81.31,2026-03-02 07:43:45,Online,POS,Retail,0
TXN_000218,USR_0033,33.54,2026-03-23 13:52:29,"Tokyo, JP",POS,Retail,0
TXN_002983,USR_0025,167.13,2026-02-06 15:23:05,Online,Desktop,Retail,0
TXN_007444,USR_0144,35.78,2026-01-16 18:14:59,"New York, US",Mobile,Retail,0
TXN_005580,USR_0063,78.12,2026-03-31 12:34:25,"London, UK",POS,Travel,0
TXN_007700,USR_0015,101.19,2026-01-13 12:30:02,Online,Mobile,Grocery,0
TXN_008476,USR_0225,121.03,2026-02-07 15:27:56,Online,Desktop,Travel,0
TXN_004951,USR_0332,38.25,2026-01-29 21:10:57,"Paris, FR",Mobile,Electronics,0
TXN_000511,USR_0401,414.44,2026-01-10 18:23:16,"London, UK",POS,Electronics,0
TXN_005235,USR_0379,24.91,2026-02-17 08:22:38,"Tokyo, JP",Mobile,Electronics,0
TXN_006821,USR_0267,36.82,2026-02-11 14:47:53,Online,POS,Grocery,0
TXN_004484,USR_0411,63.1,2026-02-26 08:43:43,"Tokyo, JP",Mobile,Retail,0
TXN_006063,USR_0037,20.91,2026-01-11 21:37:39,"London, UK",Desktop,Grocery,0
TXN_000574,USR_0112,10.4,2026-02-24 16:52:13,"Paris, FR",Desktop,Grocery,0
TXN_006576,USR_0399,9.02,2026-03-04 16:18:18,Online,POS,Travel,0
TXN_000040,USR_0068,27.5,2026-03-15 10:36:30,"London, UK",Desktop,Retail,0
TXN_004218,USR_0139,20.08,2026-02-07 12:19:16,"London, UK",POS,Travel,0
TXN_003911,USR_0125,21.55,2026-02-17 18:45:12,"New York, US",Mobile,Travel,0
TXN_001624,USR_0123,16.98,2026-03-18 20:37:15,"Paris, FR",POS,Travel,0
TXN_007282,USR_0176,4.94,2026-01-14 11:43:14,"Paris, FR",Mobile,Retail,0
TXN_001415,USR_0252,72.99,2026-02-25 18:08:19,"Paris, FR",Desktop,Grocery,0
TXN_002565,USR_0370,49.93,2026-01-09 15:00:47,"New York, US",POS,Electronics,0
TXN_006849,USR_0154,121.31,2026-02-11 13:45:44,Online,Desktop,Grocery,0
TXN_002407,USR_0395,29.02,2026-01-30 11:28:23,"Paris, FR",POS,Grocery,0
TXN_008845,USR_0353,7.57,2026-03-01 19:40:56,"Paris, FR",POS,Electronics,0
TXN_008644,USR_0129,173.24,2026-03-15 16:17:25,"London, UK",Desktop,Grocery,0
TXN_005227,USR_0301,56.51,2026-01-21 16:32:02,"Tokyo, JP",POS,Grocery,0
TXN_003285,USR_0408,9.49,2026-02-22 22:56:21,"New York, US",Mobile,Travel,0
TXN_005479,USR_0403,29.18,2026-01-31 11:06:15,"Tokyo, JP",Mobile,Retail,0
TXN_000347,USR_0356,93.46,2026-03-04 07:12:07,"London, UK",Mobile,Retail,0
TXN_007223,USR_0175,9.27,2026-03-18 13:51:58,"New York, US",Desktop,Retail,0
TXN_007111,USR_0498,29.57,2026-01-23 09:05:44,Online,Mobile,Retail,0
TXN_002629,USR_0242,42.35,2026-01-18 12:56:47,"New York, US",Desktop,Electronics,0
TXN_009844,USR_0051,16.96,2026-03-28 16:00:59,Online,POS,Electronics,0
TXN_003315,USR_0043,118.04,2026-02-11 13:10:48,Online,Mobile,Grocery,0
TXN_007633,USR_0363,139.52,2026-02-11 02:26:51,"New York, US",Mobile,Electronics,0
TXN_003044,USR_0465,33.89,2026-01-17 08:30:39,Online,Desktop,Electronics,0
TXN_010671,USR_0499,14.07,2026-01-29 19:53:44,Online,POS,Grocery,0
TXN_004994,USR_0276,56.31,2026-01-27 10:06:04,"Tokyo, JP",Mobile,Grocery,0
TXN_007423,USR_0035,457.28,2026-02-02 11:12:57,"Tokyo, JP",POS,Travel,0
TXN_004048,USR_0158,23.13,2026-04-01 16:16:50,"New York, US",Desktop,Travel,0
TXN_009058,USR_0179,15.19,2026-01-12 15:41:58,"New York, US",Mobile,Retail,0
TXN_011996,USR_0314,4366.41,2026-01-29 01:48:46,"Lagos, NG",Mobile,Gaming,1
TXN_005035,USR_0077,64.53,2026-03-23 17:19:17,"Paris, FR",Mobile,Grocery,0
TXN_004611,USR_0094,300.81,2026-02-14 13:00:48,"New York, US",POS,Retail,0
TXN_011957,USR_0462,3649.41,2026-03-15 23:12:16,"Lagos, NG",Desktop,Electronics,1
TXN_005336,USR_0472,49.03,2026-02-19 10:12:00,Online,Mobile,Grocery,0
TXN_009592,USR_0304,9.16,2026-01-23 07:04:30,"Tokyo, JP",Mobile,Retail,0
TXN_011792,USR_0298,4002.32,2026-03-04 01:46:46,Online,ATM,Wire_Transfer,1
TXN_005012,USR_0178,29.26,2026-03-22 09:47:16,Online,Mobile,Travel,0
TXN_009040,USR_0455,25.26,2026-03-08 05:42:58,"Paris, FR",Mobile,Grocery,0
TXN_000938,USR_0460,22.12,2026-03-17 19:55:01,"Paris, FR",Mobile,Grocery,0
TXN_004533,USR_0433,35.84,2026-01-24 22:30:13,"Paris, FR",POS,Retail,0
TXN_004845,USR_0227,92.02,2026-03-14 19:16:03,"Paris, FR",Desktop,Electronics,0
TXN_003465,USR_0286,35.29,2026-03-17 13:34:49,"Tokyo, JP",Mobile,Retail,0
TXN_008070,USR_0353,19.78,2026-02-05 10:58:33,"Paris, FR",Desktop,Electronics,0
TXN_000178,USR_0283,45.03,2026-01-19 18:24:12,Online,POS,Electronics,0
TXN_007334,USR_0164,22.85,2026-02-04 09:18:59,"New York, US",Desktop,Travel,0
TXN_003603,USR_0316,32.32,2026-02-16 17:58:57,"Paris, FR",Desktop,Travel,0
TXN_008303,USR_0200,43.17,2026-02-03 19:03:28,Online,Desktop,Electronics,0
TXN_007502,USR_0195,83.8,2026-02-19 09:00:18,"Tokyo, JP",Desktop,Travel,0
TXN_010632,USR_0287,15.81,2026-01-20 08:47:09,"Tokyo, JP",Mobile,Travel,0
TXN_001220,USR_0338,41.71,2026-02-27 06:23:51,"London, UK",Desktop,Electronics,0
TXN_008311,USR_0472,69.11,2026-03-19 22:24:38,Online,Mobile,Grocery,0
TXN_011354,USR_0035,134.43,2026-03-09 13:34:28,"London, UK",Desktop,Retail,0
TXN_007020,USR_0378,76.57,2026-02-23 03:29:57,"Tokyo, JP",POS,Grocery,0
TXN_009843,USR_0066,81.18,2026-02-10 12:49:14,"London, UK",Desktop,Grocery,0
TXN_000458,USR_0288,40.76,2026-02-22 14:26:35,Online,Mobile,Retail,0
TXN_005065,USR_0092,39.99,2026-04-01 16:47:12,"New York, US",Desktop,Grocery,0
TXN_001158,USR_0074,19.91,2026-01-13 13:52:33,"London, UK",Mobile,Electronics,0
TXN_009515,USR_0114,8.92,2026-01-23 12:05:21,"London, UK",POS,Grocery,0
TXN_003239,USR_0491,59.11,2026-03-29 14:32:15,"Paris, FR",Mobile,Electronics,0
TXN_009831,USR_0062,62.64,2026-02-04 20:46:08,"Paris, FR",Desktop,Grocery,0
TXN_001214,USR_0356,42.26,2026-03-18 12:47:19,Online,Desktop,Grocery,0
TXN_011132,USR_0363,17.35,2026-03-22 09:17:08,"Tokyo, JP",POS,Retail,0
TXN_011481,USR_0178,25.76,2026-02-07 21:50:46,Online,Desktop,Grocery,0
TXN_011849,USR_0180,5706.03,2026-03-07 05:05:58,Online,Desktop,Electronics,1
TXN_007837,USR_0276,12.97,2026-02-16 10:21:16,"Paris, FR",Mobile,Grocery,0
TXN_010624,USR_0032,76.65,2026-01-03 16:06:00,"London, UK",Mobile,Retail,0
TXN_008944,USR_0443,90.02,2026-03-20 14:30:26,"Paris, FR",Mobile,Grocery,0
TXN_000933,USR_0116,35.44,2026-03-19 08:12:29,"Paris, FR",POS,Grocery,0
TXN_004723,USR_0390,17.69,2026-02-27 19:00:08,"Tokyo, JP",Mobile,Retail,0
TXN_004194,USR_0181,53.27,2026-03-29 10:39:54,Online,Desktop,Retail,0
TXN_002232,USR_0349,47.61,2026-02-26 13:54:42,Online,Mobile,Retail,0
TXN_002652,USR_0277,118.22,2026-02-14 15:04:20,"Tokyo, JP",Mobile,Electronics,0
TXN_001985,USR_0462,18.51,2026-03-03 15:05:31,"London, UK",Desktop,Retail,0
TXN_008807,USR_0496,159.67,2026-03-22 07:26:03,"London, UK",Desktop,Retail,0
TXN_002474,USR_0198,12.63,2026-01-20 02:34:36,"London, UK",POS,Retail,0
TXN_001434,USR_0108,24.65,2026-02-14 00:50:04,"Tokyo, JP",POS,Grocery,0
TXN_010884,USR_0495,4.81,2026-03-10 12:06:58,"Paris, FR",Desktop,Retail,0
TXN_005368,USR_0341,26.4,2026-01-07 22:05:19,"Paris, FR",Mobile,Grocery,0
TXN_004032,USR_0216,15.84,2026-03-13 17:29:25,"Tokyo, JP",Desktop,Travel,0
TXN_002215,USR_0050,35.17,2026-01-18 10:33:28,"Tokyo, JP",POS,Electronics,0
TXN_011258,USR_0251,28.87,2026-01-17 12:33:19,Online,Mobile,Travel,0
TXN_000304,USR_0348,13.36,2026-03-15 19:28:29,"Tokyo, JP",Desktop,Travel,0
TXN_008945,USR_0271,44.35,2026-02-09 18:52:00,"Paris, FR",POS,Grocery,0
TXN_010762,USR_0295,49.65,2026-01-29 22:35:53,"New York, US",POS,Travel,0
TXN_000971,USR_0435,55.36,2026-01-10 19:05:10,"Tokyo, JP",Mobile,Grocery,0
TXN_010422,USR_0209,53.6,2026-01-01 12:44:40,"Paris, FR",Mobile,Travel,0
TXN_005415,USR_0375,30.93,2026-01-20 17:21:40,"New York, US",Mobile,Electronics,0
TXN_000211,USR_0496,32.51,2026-02-07 05:47:55,"Tokyo, JP",Mobile,Retail,0
TXN_001935,USR_0146,321.32,2026-01-06 09:08:25,"Paris, FR",POS,Grocery,0
TXN_011696,USR_0046,4839.2,2026-03-12 05:13:30,"Moscow, RU",Desktop,Gaming,1
TXN_000652,USR_0071,108.53,2026-02-23 15:12:41,Online,Mobile,Electronics,0
TXN_011206,USR_0196,20.72,2026-03-09 16:04:19,Online,POS,Grocery,0
TXN_009310,USR_0095,23.28,2026-03-13 05:33:50,"London, UK",Desktop,Grocery,0
TXN_010143,USR_0480,73.18,2026-03-08 20:25:00,"London, UK",Desktop,Grocery,0
TXN_008234,USR_0475,132.35,2026-01-13 12:05:42,"New York, US",Desktop,Grocery,0
TXN_003614,USR_0101,54.83,2026-03-07 14:02:26,"Paris, FR",Mobile,Retail,0
TXN_006818,USR_0033,11.12,2026-02-16 11:52:59,"Paris, FR",Mobile,Retail,0
TXN_006023,USR_0298,149.65,2026-02-23 09:03:40,"New York, US",POS,Grocery,0
TXN_003015,USR_0400,23.4,2026-01-04 07:59:32,"Paris, FR",Mobile,Travel,0
TXN_011923,USR_0461,5000.0,2026-02-10 02:03:13,"Sydney, AU",Desktop,Crypto,1
TXN_002975,USR_0286,8.71,2026-02-04 13:17:01,Online,Desktop,Grocery,0
TXN_008107,USR_0168,16.35,2026-03-03 09:44:10,Online,Mobile,Travel,0
TXN_002319,USR_0040,25.98,2026-01-31 08:13:20,Online,Desktop,Electronics,0
TXN_001422,USR_0180,57.24,2026-01-08 20:42:15,"London, UK",Mobile,Electronics,0
TXN_003548,USR_0211,91.74,2026-01-22 09:06:46,"Paris, FR",Desktop,Electronics,0
TXN_001140,USR_0321,40.99,2026-01-16 13:47:54,"London, UK",POS,Retail,0
TXN_009756,USR_0119,102.53,2026-03-30 18:08:49,"New York, US",Mobile,Grocery,0
TXN_006855,USR_0326,34.88,2026-01-16 11:00:51,"Paris, FR",Mobile,Grocery,0
TXN_007794,USR_0114,22.2,2026-03-30 22:34:21,"New York, US",POS,Retail,0
TXN_007247,USR_0127,19.69,2026-02-02 12:10:15,Online,Desktop,Retail,0
TXN_002880,USR_0416,10.79,2026-01-17 09:51:48,"New York, US",Mobile,Grocery,0
TXN_000750,USR_0442,32.81,2026-01-24 18:49:05,"Paris, FR",Desktop,Electronics,0
TXN_011353,USR_0300,38.53,2026-02-27 11:42:46,"New York, US",Mobile,Retail,0
TXN_008373,USR_0374,62.11,2026-04-01 12:07:38,"Paris, FR",Mobile,Travel,0
TXN_000399,USR_0349,19.6,2026-03-24 15:51:44,"Tokyo, JP",POS,Retail,0
TXN_006984,USR_0486,29.66,2026-03-18 12:42:39,"Paris, FR",Desktop,Retail,0
TXN_010450,USR_0292,31.91,2026-01-05 22:53:29,Online,Desktop,Retail,0
TXN_000322,USR_0200,27.03,2026-03-02 21:02:40,"Paris, FR",Desktop,Grocery,0
TXN_003618,USR_0290,30.01,2026-02-25 10:11:22,Online,POS,Electronics,0
TXN_007349,USR_0069,118.02,2026-02-09 12:53:24,"Paris, FR",POS,Travel,0
TXN_010443,USR_0002,18.12,2026-02-06 17:43:48,"Tokyo, JP",POS,Retail,0
TXN_004603,USR_0085,33.05,2026-02-13 08:29:45,Online,POS,Grocery,0
TXN_006606,USR_0490,30.88,2026-01-29 10:33:24,Online,Desktop,Grocery,0
TXN_004095,USR_0368,39.77,2026-01-21 13:10:42,"London, UK",Desktop,Grocery,0
TXN_007590,USR_0159,100.6,2026-03-01 14:41:01,"London, UK",Desktop,Grocery,0
TXN_010413,USR_0466,219.52,2026-02-09 10:31:27,"Paris, FR",POS,Grocery,0
TXN_011479,USR_0442,21.75,2026-02-27 11:15:14,"Paris, FR",POS,Grocery,0
TXN_003887,USR_0456,9.54,2026-01-04 09:44:38,"London, UK",Mobile,Retail,0
TXN_011178,USR_0425,343.78,2026-02-27 09:00:10,"Paris, FR",POS,Retail,0
TXN_009165,USR_0103,9.47,2026-03-08 14:46:09,Online,Mobile,Grocery,0
TXN_000765,USR_0056,38.42,2026-03-25 22:53:01,"New York, US",POS,Grocery,0
TXN_006677,USR_0032,57.01,2026-02-15 15:53:53,"London, UK",Desktop,Electronics,0
TXN_006163,USR_0274,61.86,2026-03-19 20:25:41,"Tokyo, JP",Desktop,Retail,0
TXN_011834,USR_0231,2670.36,2026-03-15 04:08:55,"Lagos, NG",Mobile,Gaming,1
TXN_010924,USR_0124,18.44,2026-03-12 04:24:41,Online,POS,Grocery,0
TXN_009742,USR_0234,21.65,2026-02-17 00:01:06,"Paris, FR",Desktop,Grocery,0
TXN_008329,USR_0165,60.32,2026-01-05 22:29:43,"London, UK",POS,Retail,0
TXN_003034,USR_0031,162.22,2026-03-07 10:50:00,"New York, US",POS,Electronics,0
TXN_005096,USR_0451,154.9,2026-03-15 11:35:56,"Tokyo, JP",POS,Retail,0
TXN_006358,USR_0380,65.08,2026-02-01 07:25:36,"Paris, FR",POS,Electronics,0
TXN_010744,USR_0378,45.39,2026-03-04 15:30:58,"Tokyo, JP",Mobile,Electronics,0
TXN_001666,USR_0392,10.51,2026-01-13 21:40:28,Online,Mobile,Grocery,0
TXN_003133,USR_0366,22.98,2026-02-26 13:46:46,"Tokyo, JP",Mobile,Retail,0
TXN_008127,USR_0416,28.11,2026-02-22 10:26:40,"Tokyo, JP",Desktop,Retail,0
TXN_000474,USR_0408,96.11,2026-02-15 17:10:08,Online,Desktop,Retail,0
TXN_003995,USR_0068,38.02,2026-01-19 08:13:13,"London, UK",Mobile,Retail,0
TXN_011514,USR_0083,43.23,2026-01-14 22:22:42,Online,POS,Grocery,0
TXN_003027,USR_0243,6.48,2026-01-05 12:17:27,Online,POS,Retail,0
TXN_011714,USR_0282,5000.0,2026-03-29 01:32:53,"Moscow, RU",Mobile,Electronics,1
TXN_004680,USR_0430,170.96,2026-01-08 13:48:04,"Paris, FR",Mobile,Travel,0
TXN_004650,USR_0321,95.37,2026-02-10 00:30:47,"Tokyo, JP",Mobile,Grocery,0
TXN_010102,USR_0329,45.39,2026-01-09 10:27:34,"London, UK",Desktop,Retail,0
TXN_007066,USR_0125,14.93,2026-03-27 00:49:41,"London, UK",Desktop,Retail,0
TXN_006787,USR_0369,59.63,2026-01-18 01:03:27,"London, UK",Mobile,Grocery,0
TXN_003835,USR_0281,154.34,2026-02-08 18:11:20,"London, UK",Desktop,Electronics,0
TXN_002996,USR_0167,12.44,2026-02-17 06:35:59,"Paris, FR",POS,Electronics,0
TXN_001400,USR_0044,352.08,2026-01-16 11:09:25,"Paris, FR",POS,Travel,0
TXN_004732,USR_0497,85.09,2026-03-09 10:26:18,Online,Mobile,Retail,0
TXN_001352,USR_0307,42.96,2026-01-12 09:09:13,"Tokyo, JP",Desktop,Travel,0
TXN_011257,USR_0276,11.4,2026-03-28 19:58:08,"New York, US",POS,Travel,0
TXN_005355,USR_0016,74.39,2026-03-06 11:02:08,"Paris, FR",Desktop,Travel,0
TXN_005121,USR_0046,30.47,2026-03-21 12:26:28,"New York, US",Desktop,Electronics,0
TXN_001698,USR_0061,218.7,2026-01-19 14:56:59,"London, UK",Mobile,Retail,0
TXN_000252,USR_0414,130.14,2026-02-24 09:54:35,Online,POS,Electronics,0
TXN_005525,USR_0041,12.2,2026-01-31 16:28:28,"New York, US",POS,Electronics,0
TXN_001884,USR_0003,113.3,2026-03-13 11:28:51,"Tokyo, JP",Mobile,Grocery,0
TXN_010054,USR_0485,41.02,2026-01-15 16:23:12,"Tokyo, JP",Mobile,Electronics,0
TXN_004784,USR_0421,120.11,2026-03-02 10:00:03,"Tokyo, JP",Mobile,Travel,0
TXN_005211,USR_0393,21.66,2026-01-05 00:17:05,"Paris, FR",POS,Retail,0
TXN_008682,USR_0323,25.54,2026-03-03 15:01:36,"New York, US",Desktop,Grocery,0
TXN_005545,USR_0169,45.55,2026-03-18 12:14:17,"New York, US",Mobile,Grocery,0
TXN_011361,USR_0370,92.24,2026-02-21 05:54:20,"New York, US",Desktop,Retail,0
TXN_007579,USR_0422,8.33,2026-01-21 22:47:49,Online,Desktop,Travel,0
TXN_009804,USR_0103,440.22,2026-02-24 10:52:17,"London, UK",Desktop,Grocery,0
TXN_011322,USR_0475,140.77,2026-03-23 16:41:50,Online,Desktop,Retail,0
TXN_002981,USR_0230,17.44,2026-01-01 15:41:02,Online,Desktop,Travel,0
TXN_005131,USR_0020,17.98,2026-01-10 00:16:58,Online,Mobile,Grocery,0
TXN_010847,USR_0201,23.99,2026-01-22 18:30:05,"Tokyo, JP",Desktop,Retail,0
TXN_008147,USR_0197,14.62,2026-03-01 14:57:32,"London, UK",POS,Grocery,0
TXN_010064,USR_0330,27.5,2026-03-16 12:04:44,"Paris, FR",Desktop,Retail,0
TXN_007413,USR_0194,37.16,2026-01-30 18:32:05,"New York, US",Mobile,Grocery,0
TXN_002443,USR_0365,4.21,2026-01-19 14:53:27,Online,Desktop,Retail,0
TXN_008899,USR_0056,62.94,2026-02-07 09:24:44,"London, UK",POS,Grocery,0
TXN_008664,USR_0413,124.33,2026-01-13 07:25:11,"Tokyo, JP",Desktop,Electronics,0
TXN_006801,USR_0222,39.24,2026-03-18 09:35:14,Online,POS,Travel,0
TXN_010689,USR_0127,348.87,2026-01-11 07:47:03,"Paris, FR",Desktop,Retail,0
TXN_009783,USR_0179,20.69,2026-01-05 08:17:26,"London, UK",POS,Travel,0
TXN_011294,USR_0440,5.84,2026-01-09 16:49:38,Online,Mobile,Travel,0
TXN_009153,USR_0242,14.79,2026-01-02 22:33:01,"Tokyo, JP",Mobile,Travel,0
TXN_002496,USR_0202,66.41,2026-03-31 18:13:58,"Paris, FR",POS,Retail,0
TXN_009003,USR_0496,64.66,2026-01-24 03:18:33,Online,Mobile,Grocery,0
TXN_008829,USR_0219,14.82,2026-02-16 10:36:30,"London, UK",POS,Retail,0
TXN_010047,USR_0163,1.66,2026-03-31 17:36:08,"New York, US",Desktop,Travel,0
TXN_007823,USR_0383,50.27,2026-02-08 08:19:52,Online,Desktop,Retail,0
TXN_004813,USR_0500,51.72,2026-01-02 16:08:47,"Paris, FR",Mobile,Electronics,0
TXN_011639,USR_0178,5000.0,2026-02-10 01:42:32,"Lagos, NG",Mobile,Gaming,1
TXN_004509,USR_0236,29.56,2026-01-27 17:03:52,Online,Desktop,Grocery,0
TXN_009397,USR_0166,11.81,2026-02-12 18:53:28,Online,POS,Travel,0
TXN_005980,USR_0424,13.64,2026-03-31 15:04:16,"London, UK",Desktop,Travel,0
TXN_002326,USR_0017,173.51,2026-03-26 00:46:09,"Paris, FR",POS,Grocery,0
TXN_002389,USR_0400,6.94,2026-04-01 12:21:58,"Tokyo, JP",POS,Grocery,0
TXN_008282,USR_0048,39.69,2026-02-02 19:00:30,"Paris, FR",Mobile,Electronics,0
TXN_003652,USR_0263,24.17,2026-01-30 13:36:28,Online,Desktop,Retail,0
TXN_002453,USR_0243,59.83,2026-03-24 07:48:34,"New York, US",Mobile,Grocery,0
TXN_009140,USR_0268,148.27,2026-01-06 15:57:19,Online,Mobile,Travel,0
TXN_007683,USR_0233,10.21,2026-03-24 08:38:28,"London, UK",POS,Retail,0
TXN_005578,USR_0432,16.08,2026-02-02 16:53:31,"Paris, FR",Mobile,Grocery,0
TXN_009281,USR_0474,78.23,2026-03-23 10:20:47,"Tokyo, JP",Desktop,Retail,0
TXN_007529,USR_0337,17.15,2026-01-27 19:51:53,Online,POS,Travel,0
TXN_002847,USR_0338,54.55,2026-02-19 06:59:33,"Paris, FR",Mobile,Retail,0
TXN_003388,USR_0122,76.49,2026-03-03 12:55:42,Online,POS,Travel,0
TXN_010118,USR_0436,9.16,2026-01-09 13:14:01,"New York, US",Mobile,Grocery,0
TXN_006562,USR_0395,12.02,2026-02-20 11:22:03,"Paris, FR",Desktop,Grocery,0
TXN_005567,USR_0411,123.47,2026-03-30 16:12:26,"New York, US",Mobile,Grocery,0
TXN_005338,USR_0440,68.52,2026-02-05 13:09:12,"Tokyo, JP",POS,Grocery,0
TXN_000249,USR_0445,260.02,2026-01-07 19:18:38,"Tokyo, JP",Desktop,Grocery,0
TXN_004128,USR_0291,20.62,2026-01-20 13:01:26,"New York, US",Desktop,Grocery,0
TXN_001796,USR_0276,80.94,2026-01-20 23:35:46,"London, UK",Desktop,Retail,0
TXN_001480,USR_0061,10.62,2026-01-29 00:45:13,"London, UK",Desktop,Grocery,0
TXN_010136,USR_0044,50.63,2026-02-08 07:14:13,"New York, US",Desktop,Grocery,0
TXN_011869,USR_0168,2072.46,2026-03-24 01:48:56,Online,ATM,Gaming,1
TXN_004011,USR_0037,123.23,2026-01-10 11:36:49,"Tokyo, JP",Desktop,Retail,0
TXN_010166,USR_0242,116.2,2026-01-23 07:22:37,"London, UK",Mobile,Electronics,0
TXN_000563,USR_0085,37.64,2026-03-20 09:08:50,"London, UK",Mobile,Grocery,0
TXN_007489,USR_0457,34.57,2026-03-03 16:45:31,"Tokyo, JP",Mobile,Electronics,0
TXN_011912,USR_0488,1500.0,2026-02-04 04:51:06,"Sydney, AU",Desktop,Crypto,1
TXN_003245,USR_0059,22.56,2026-02-21 07:37:12,"Tokyo, JP",POS,Retail,0
TXN_008580,USR_0471,52.14,2026-03-30 09:27:25,"Tokyo, JP",Mobile,Grocery,0
TXN_009323,USR_0297,65.91,2026-01-24 21:23:44,Online,POS,Retail,0
TXN_008448,USR_0332,3.83,2026-03-06 08:39:50,"Paris, FR",Mobile,Retail,0
TXN_010057,USR_0440,26.28,2026-03-13 17:41:44,Online,Mobile,Grocery,0
TXN_008912,USR_0453,18.81,2026-01-06 15:36:29,"New York, US",Mobile,Travel,0
TXN_007769,USR_0003,67.93,2026-02-05 17:52:54,"London, UK",POS,Grocery,0
TXN_004150,USR_0073,19.98,2026-02-25 22:51:09,"London, UK",Mobile,Retail,0
TXN_001003,USR_0018,2.22,2026-01-26 10:29:47,"New York, US",POS,Electronics,0
TXN_006347,USR_0076,29.2,2026-03-03 09:43:46,"New York, US",Desktop,Grocery,0
TXN_006106,USR_0254,14.23,2026-03-30 17:35:30,"New York, US",POS,Retail,0
TXN_010832,USR_0092,32.41,2026-01-07 21:02:33,"Tokyo, JP",POS,Grocery,0
TXN_009148,USR_0192,46.71,2026-01-03 13:04:05,"Tokyo, JP",Mobile,Retail,0
TXN_005801,USR_0284,21.1,2026-01-07 08:36:40,Online,Desktop,Retail,0
TXN_000863,USR_0093,14.61,2026-03-27 05:51:36,"New York, US",POS,Retail,0
TXN_005614,USR_0347,36.98,2026-01-03 17:53:39,"London, UK",Desktop,Retail,0
TXN_007755,USR_0073,28.54,2026-02-17 13:02:54,"Paris, FR",POS,Retail,0
TXN_003080,USR_0123,194.06,2026-03-27 04:19:27,Online,POS,Retail,0
TXN_003852,USR_0325,32.71,2026-03-21 10:21:02,"Paris, FR",Desktop,Grocery,0
TXN_002628,USR_0176,285.7,2026-02-05 11:34:23,"Paris, FR",Desktop,Grocery,0
TXN_000593,USR_0308,17.26,2026-03-18 19:46:38,"Tokyo, JP",POS,Grocery,0
TXN_008401,USR_0115,9.36,2026-03-02 05:06:30,"London, UK",Mobile,Retail,0
TXN_003283,USR_0383,2.9,2026-03-22 14:48:15,"New York, US",Desktop,Electronics,0
TXN_001865,USR_0156,192.71,2026-02-28 14:41:10,Online,Mobile,Retail,0
TXN_005392,USR_0246,103.18,2026-02-20 14:55:57,"London, UK",POS,Travel,0
TXN_003470,USR_0153,13.86,2026-03-19 07:21:54,Online,POS,Travel,0
TXN_005712,USR_0108,11.21,2026-03-21 17:59:33,Online,Desktop,Electronics,0
TXN_000181,USR_0153,32.43,2026-03-17 11:37:42,"Paris, FR",Mobile,Retail,0
TXN_007713,USR_0147,221.59,2026-03-10 19:18:17,"London, UK",POS,Retail,0
TXN_008999,USR_0294,12.92,2026-02-26 15:35:18,"Tokyo, JP",Mobile,Travel,0
TXN_006334,USR_0210,232.52,2026-03-16 16:37:38,"Tokyo, JP",Mobile,Travel,0
TXN_006331,USR_0014,17.38,2026-03-24 09:40:00,"Paris, FR",POS,Travel,0
TXN_002756,USR_0275,87.17,2026-02-10 07:06:51,Online,Mobile,Electronics,0
TXN_000034,USR_0387,61.05,2026-03-30 18:12:45,"Tokyo, JP",Desktop,Electronics,0
TXN_007564,USR_0209,43.18,2026-02-24 11:06:21,"London, UK",POS,Retail,0
TXN_003308,USR_0283,113.07,2026-01-11 12:21:33,Online,Mobile,Grocery,0
TXN_008954,USR_0397,79.78,2026-02-03 10:06:14,Online,Mobile,Retail,0
TXN_001767,USR_0343,34.51,2026-01-09 09:14:56,"New York, US",POS,Retail,0
TXN_005514,USR_0195,33.18,2026-03-18 10:00:29,Online,POS,Electronics,0
TXN_004025,USR_0293,19.53,2026-03-31 13:44:19,"London, UK",Mobile,Travel,0
TXN_006828,USR_0139,35.89,2026-02-03 14:56:47,"London, UK",POS,Grocery,0
TXN_007449,USR_0462,58.37,2026-02-01 10:25:26,Online,Desktop,Electronics,0
TXN_006912,USR_0093,21.9,2026-01-05 19:37:43,"Paris, FR",Mobile,Grocery,0
TXN_001905,USR_0139,288.6,2026-03-19 19:06:57,"New York, US",Mobile,Grocery,0
TXN_007117,USR_0075,53.45,2026-01-14 10:45:33,"London, UK",Mobile,Retail,0
TXN_009368,USR_0212,28.93,2026-01-14 17:39:52,Online,Desktop,Grocery,0
TXN_006884,USR_0338,15.29,2026-02-20 10:02:56,"Tokyo, JP",POS,Grocery,0
TXN_006962,USR_0094,60.58,2026-01-31 17:56:46,"Paris, FR",Mobile,Retail,0
TXN_009444,USR_0325,13.37,2026-02-15 22:25:33,"Paris, FR",POS,Retail,0
TXN_002930,USR_0145,4.69,2026-02-01 21:50:24,"Paris, FR",POS,Grocery,0
TXN_009670,USR_0420,18.33,2026-02-03 09:56:49,"London, UK",Mobile,Electronics,0
TXN_002175,USR_0026,32.88,2026-03-24 07:15:07,"London, UK",Mobile,Grocery,0
TXN_007827,USR_0224,25.68,2026-03-14 05:20:52,"Paris, FR",Mobile,Grocery,0
TXN_003998,USR_0418,78.67,2026-03-27 12:43:40,"London, UK",Mobile,Electronics,0
TXN_005077,USR_0274,24.5,2026-02-09 12:13:14,Online,Mobile,Retail,0
TXN_000901,USR_0262,73.28,2026-02-03 08:10:46,"Tokyo, JP",Desktop,Travel,0
TXN_008306,USR_0374,41.45,2026-03-02 17:47:40,"London, UK",POS,Retail,0
TXN_006875,USR_0236,74.89,2026-01-03 15:14:25,"Paris, FR",Desktop,Grocery,0
TXN_010641,USR_0496,13.74,2026-02-02 14:41:49,"London, UK",Desktop,Retail,0
TXN_009189,USR_0317,128.24,2026-03-30 12:28:19,"Paris, FR",Mobile,Retail,0
TXN_009454,USR_0395,16.84,2026-02-16 11:03:46,"Paris, FR",Desktop,Grocery,0
TXN_003471,USR_0323,68.35,2026-01-09 09:41:05,"Tokyo, JP",Desktop,Retail,0
TXN_004880,USR_0148,38.36,2026-01-11 09:46:52,"New York, US",POS,Retail,0
TXN_001007,USR_0443,166.05,2026-03-27 14:13:07,"London, UK",POS,Retail,0
TXN_007055,USR_0421,70.74,2026-02-25 13:26:15,"Paris, FR",POS,Electronics,0
TXN_005806,USR_0168,26.7,2026-02-03 08:17:26,"New York, US",Desktop,Retail,0
TXN_004499,USR_0467,16.32,2026-03-05 03:26:16,"London, UK",Desktop,Travel,0
TXN_003884,USR_0203,201.46,2026-01-06 05:14:53,"London, UK",Desktop,Electronics,0
TXN_000093,USR_0420,16.78,2026-01-31 08:43:19,"London, UK",Mobile,Retail,0
TXN_005524,USR_0200,95.07,2026-01-15 16:38:11,"Paris, FR",Desktop,Retail,0
TXN_010994,USR_0201,14.27,2026-01-13 07:19:24,"London, UK",POS,Travel,0
TXN_002158,USR_0248,53.57,2026-01-29 10:05:16,"Tokyo, JP",POS,Grocery,0
TXN_006233,USR_0027,34.22,2026-01-22 21:59:22,Online,Mobile,Electronics,0
TXN_008250,USR_0296,116.6,2026-03-31 17:46:53,"London, UK",POS,Travel,0
TXN_009435,USR_0351,37.64,2026-03-20 13:33:26,"Tokyo, JP",Mobile,Travel,0
TXN_006076,USR_0482,16.69,2026-01-10 21:20:02,"Tokyo, JP",Mobile,Grocery,0
TXN_001419,USR_0181,632.13,2026-02-06 11:20:03,"New York, US",POS,Grocery,0
TXN_003234,USR_0027,9.83,2026-01-18 11:04:06,Online,Mobile,Grocery,0
TXN_010673,USR_0038,35.84,2026-03-20 13:04:57,"Tokyo, JP",POS,Retail,0
TXN_003007,USR_0252,19.73,2026-01-05 23:31:20,"Tokyo, JP",Mobile,Grocery,0
TXN_007214,USR_0242,8.17,2026-03-29 16:03:46,"New York, US",Desktop,Grocery,0
TXN_001656,USR_0481,86.08,2026-02-24 21:41:43,"New York, US",Desktop,Retail,0
TXN_007933,USR_0368,11.67,2026-03-26 18:03:48,"Tokyo, JP",POS,Travel,0
TXN_009613,USR_0466,50.65,2026-02-02 14:00:58,Online,Mobile,Electronics,0
TXN_010537,USR_0007,90.84,2026-02-04 17:03:53,Online,POS,Retail,0
TXN_006965,USR_0053,119.59,2026-03-31 10:47:13,"London, UK",Desktop,Retail,0
TXN_002929,USR_0062,93.73,2026-02-07 19:46:03,"London, UK",POS,Travel,0
TXN_001502,USR_0093,77.83,2026-01-22 09:47:32,"Tokyo, JP",POS,Electronics,0
TXN_007304,USR_0341,31.93,2026-01-17 07:01:17,"London, UK",POS,Grocery,0
TXN_007841,USR_0217,50.23,2026-03-04 17:09:48,"Tokyo, JP",Mobile,Electronics,0
TXN_007721,USR_0204,28.87,2026-03-30 05:12:16,"Tokyo, JP",Mobile,Retail,0
TXN_009648,USR_0083,165.35,2026-03-07 20:17:21,Online,Desktop,Travel,0
TXN_001428,USR_0346,24.2,2026-01-27 18:21:31,Online,POS,Grocery,0
TXN_006597,USR_0450,35.45,2026-02-18 13:04:05,Online,POS,Retail,0
TXN_007741,USR_0381,44.16,2026-03-03 07:34:40,"Paris, FR",Mobile,Grocery,0
TXN_008511,USR_0309,178.71,2026-01-20 16:01:58,"New York, US",Desktop,Electronics,0
TXN_007585,USR_0277,13.65,2026-02-17 11:13:02,"New York, US",Mobile,Travel,0
TXN_002778,USR_0192,120.63,2026-01-09 19:11:12,Online,Desktop,Retail,0
TXN_010842,USR_0042,20.53,2026-04-01 15:21:57,"New York, US",Desktop,Grocery,0
TXN_009309,USR_0020,308.43,2026-03-27 16:08:18,"Tokyo, JP",Desktop,Electronics,0
TXN_010069,USR_0272,146.6,2026-03-17 08:09:20,Online,POS,Grocery,0
TXN_007511,USR_0254,11.57,2026-03-09 19:08:37,Online,POS,Retail,0
TXN_000409,USR_0368,19.63,2026-03-02 09:06:43,"London, UK",Mobile,Travel,0
TXN_001471,USR_0081,18.05,2026-02-01 11:33:45,"London, UK",POS,Electronics,0
TXN_007348,USR_0147,75.08,2026-03-26 10:18:14,"New York, US",Desktop,Retail,0
TXN_010032,USR_0378,44.28,2026-01-27 14:32:30,"London, UK",Mobile,Grocery,0
TXN_010810,USR_0298,13.96,2026-03-03 06:05:06,"Tokyo, JP",POS,Grocery,0
TXN_001741,USR_0295,27.5,2026-02-09 18:37:12,Online,POS,Electronics,0
TXN_005122,USR_0456,131.28,2026-03-12 12:14:13,"Tokyo, JP",Mobile,Travel,0
TXN_004084,USR_0069,15.85,2026-03-08 16:09:39,"London, UK",Mobile,Retail,0
TXN_006735,USR_0406,52.01,2026-01-28 20:44:14,Online,Desktop,Travel,0
TXN_007554,USR_0390,12.23,2026-03-18 20:13:47,"London, UK",Mobile,Travel,0
TXN_008249,USR_0258,56.97,2026-03-18 18:19:28,"Paris, FR",Mobile,Retail,0
TXN_006621,USR_0213,7.99,2026-01-09 16:41:28,"London, UK",Desktop,Grocery,0
TXN_003036,USR_0472,30.94,2026-02-01 20:55:30,"London, UK",Mobile,Electronics,0
TXN_010816,USR_0498,59.82,2026-03-26 11:38:36,Online,Desktop,Retail,0
TXN_003974,USR_0340,7.23,2026-01-25 18:07:27,"New York, US",POS,Grocery,0
TXN_001603,USR_0251,222.32,2026-01-01 12:07:35,"Tokyo, JP",Mobile,Grocery,0
TXN_010117,USR_0191,32.63,2026-01-30 15:03:13,"New York, US",Mobile,Grocery,0
TXN_003693,USR_0500,6.82,2026-03-16 19:25:44,Online,POS,Retail,0
TXN_007497,USR_0428,21.55,2026-03-09 19:57:53,"London, UK",Mobile,Grocery,0
TXN_002465,USR_0046,38.75,2026-01-15 15:58:05,"London, UK",POS,Grocery,0
TXN_011437,USR_0066,10.59,2026-01-08 18:22:15,"London, UK",POS,Retail,0
TXN_002418,USR_0384,21.54,2026-01-16 18:10:12,"Paris, FR",Mobile,Grocery,0
TXN_004216,USR_0272,15.27,2026-03-02 04:10:26,"New York, US",Mobile,Grocery,0
TXN_003414,USR_0288,148.45,2026-03-03 13:51:27,"New York, US",POS,Electronics,0
TXN_009385,USR_0403,34.34,2026-01-03 13:24:35,"London, UK",Desktop,Retail,0
TXN_011061,USR_0224,22.86,2026-01-26 06:34:12,"Paris, FR",Desktop,Retail,0
TXN_008549,USR_0188,50.16,2026-02-27 10:28:28,"Tokyo, JP",Mobile,Electronics,0
TXN_008338,USR_0199,13.84,2026-02-12 10:15:59,"London, UK",Mobile,Grocery,0
TXN_006572,USR_0253,6.23,2026-01-14 16:47:43,"Tokyo, JP",POS,Grocery,0
TXN_003380,USR_0200,44.99,2026-02-20 23:56:38,"New York, US",Mobile,Retail,0
TXN_005772,USR_0226,15.62,2026-01-17 11:35:15,Online,Desktop,Grocery,0
TXN_009907,USR_0138,40.2,2026-03-24 14:50:54,"New York, US",Mobile,Electronics,0
TXN_003955,USR_0342,44.32,2026-02-03 16:41:34,Online,Mobile,Retail,0
TXN_002752,USR_0362,129.04,2026-02-16 08:51:51,"Tokyo, JP",Desktop,Grocery,0
TXN_001433,USR_0173,21.82,2026-02-04 08:04:36,Online,Desktop,Retail,0
TXN_003106,USR_0259,9.25,2026-01-08 11:25:08,"London, UK",Mobile,Retail,0
TXN_007468,USR_0411,51.16,2026-03-07 09:53:28,"Tokyo, JP",Desktop,Travel,0
TXN_010783,USR_0162,7.4,2026-02-08 17:45:16,Online,Mobile,Grocery,0
TXN_001069,USR_0176,122.77,2026-03-30 10:51:07,"Tokyo, JP",Desktop,Retail,0
TXN_004318,USR_0089,1.5,2026-03-06 09:34:48,"Tokyo, JP",POS,Travel,0
TXN_003956,USR_0406,34.2,2026-01-21 17:26:52,"New York, US",Desktop,Grocery,0
TXN_001845,USR_0171,13.25,2026-01-29 09:59:36,Online,Mobile,Electronics,0
TXN_011596,USR_0003,7988.35,2026-02-25 04:41:55,"Sydney, AU",Desktop,Wire_Transfer,1
TXN_005026,USR_0331,39.84,2026-03-16 16:24:45,"London, UK",Mobile,Travel,0
TXN_009001,USR_0326,38.07,2026-02-03 20:08:07,"London, UK",POS,Retail,0
TXN_005504,USR_0153,54.77,2026-03-22 14:04:34,"London, UK",Mobile,Retail,0
TXN_007253,USR_0039,102.89,2026-01-06 16:28:41,"Tokyo, JP",Mobile,Grocery,0
TXN_000331,USR_0170,79.13,2026-02-04 11:07:51,"Tokyo, JP",Desktop,Retail,0
TXN_003083,USR_0012,182.11,2026-03-11 16:48:17,"London, UK",POS,Retail,0
TXN_005509,USR_0275,4.17,2026-03-26 08:35:10,"Tokyo, JP",Mobile,Retail,0
TXN_002676,USR_0058,34.26,2026-03-02 09:29:26,Online,Desktop,Retail,0
TXN_002911,USR_0031,322.41,2026-02-15 08:06:04,"Tokyo, JP",POS,Retail,0
TXN_008496,USR_0257,35.89,2026-02-23 20:54:11,"London, UK",POS,Retail,0
TXN_003117,USR_0102,54.85,2026-01-03 11:13:27,"London, UK",Desktop,Travel,0
TXN_007024,USR_0229,19.59,2026-02-03 08:39:46,"New York, US",Desktop,Grocery,0
TXN_006833,USR_0448,33.13,2026-02-08 08:02:48,"London, UK",Mobile,Grocery,0
TXN_011678,USR_0148,6002.35,2026-01-15 05:09:52,"Sydney, AU",ATM,Electronics,1
TXN_010038,USR_0487,51.61,2026-01-31 16:02:19,"New York, US",Mobile,Grocery,0
TXN_006272,USR_0404,57.31,2026-02-12 19:35:01,"New York, US",Desktop,Electronics,0
TXN_009925,USR_0210,29.19,2026-01-06 12:05:01,"Paris, FR",Desktop,Grocery,0
TXN_001670,USR_0287,72.05,2026-01-07 14:18:54,"Paris, FR",Desktop,Grocery,0
TXN_010468,USR_0245,66.29,2026-02-15 06:36:55,Online,POS,Electronics,0
TXN_008139,USR_0221,7.46,2026-01-28 18:47:20,"New York, US",Desktop,Grocery,0
TXN_010128,USR_0403,59.1,2026-02-07 18:39:39,"Paris, FR",Desktop,Retail,0
TXN_000042,USR_0211,128.54,2026-03-01 12:55:46,"New York, US",POS,Electronics,0
TXN_003205,USR_0437,17.44,2026-01-01 13:15:04,"Tokyo, JP",Mobile,Grocery,0
TXN_010987,USR_0201,76.1,2026-02-24 06:34:35,"Tokyo, JP",Desktop,Grocery,0
TXN_005071,USR_0164,54.01,2026-03-17 22:36:09,"New York, US",Mobile,Retail,0
TXN_000319,USR_0150,56.25,2026-02-24 12:00:39,"Tokyo, JP",Mobile,Travel,0
TXN_002253,USR_0311,33.72,2026-03-22 14:53:01,"London, UK",Desktop,Grocery,0
TXN_007285,USR_0073,121.53,2026-01-31 11:16:08,"Paris, FR",POS,Retail,0
TXN_006862,USR_0013,57.02,2026-01-06 06:47:13,"Tokyo, JP",Mobile,Grocery,0
TXN_011829,USR_0107,999.0,2026-02-10 00:46:32,"Lagos, NG",Mobile,Wire_Transfer,1
TXN_010072,USR_0106,47.71,2026-01-11 16:09:03,"Tokyo, JP",POS,Travel,0
TXN_002475,USR_0178,97.52,2026-03-24 18:51:43,"Tokyo, JP",Mobile,Grocery,0
TXN_006146,USR_0484,37.85,2026-03-13 12:40:06,"Tokyo, JP",Mobile,Grocery,0
TXN_006108,USR_0345,53.16,2026-01-20 18:00:54,"New York, US",Mobile,Grocery,0
TXN_007310,USR_0069,126.28,2026-01-07 08:46:30,"London, UK",POS,Electronics,0
TXN_008359,USR_0260,30.4,2026-02-05 11:32:29,"Paris, FR",Desktop,Retail,0
TXN_006537,USR_0047,43.25,2026-01-23 06:51:45,"New York, US",POS,Grocery,0
TXN_000086,USR_0260,9.67,2026-02-09 13:42:26,"Tokyo, JP",Desktop,Electronics,0
TXN_006441,USR_0241,33.62,2026-03-29 07:16:38,Online,Desktop,Retail,0
TXN_001211,USR_0314,39.05,2026-01-07 18:57:21,Online,Mobile,Retail,0
TXN_001036,USR_0219,38.35,2026-01-14 05:10:50,"London, UK",POS,Retail,0
TXN_005822,USR_0192,28.6,2026-02-17 07:04:09,Online,POS,Electronics,0
TXN_005025,USR_0218,27.14,2026-03-23 19:22:59,"New York, US",POS,Electronics,0
TXN_002808,USR_0378,141.56,2026-02-04 17:26:44,"New York, US",Desktop,Retail,0
TXN_011082,USR_0069,104.09,2026-02-22 13:47:47,"London, UK",Mobile,Grocery,0
TXN_003413,USR_0294,46.58,2026-02-18 19:22:26,"New York, US",Mobile,Grocery,0
TXN_007712,USR_0217,7.48,2026-01-26 20:45:38,Online,Desktop,Retail,0
TXN_010019,USR_0220,14.64,2026-03-10 06:42:46,"London, UK",Desktop,Travel,0
TXN_003959,USR_0493,120.36,2026-03-29 12:57:01,"New York, US",POS,Electronics,0
TXN_008574,USR_0450,10.76,2026-03-02 06:20:56,"Tokyo, JP",POS,Retail,0
TXN_003066,USR_0421,30.23,2026-02-05 11:32:36,"Paris, FR",Mobile,Grocery,0
TXN_011537,USR_0126,8.96,2026-03-24 13:52:34,"Tokyo, JP",Desktop,Retail,0
TXN_005345,USR_0194,88.17,2026-03-09 08:54:15,"London, UK",Desktop,Grocery,0
TXN_011806,USR_0054,999.0,2026-02-26 03:06:09,Online,Mobile,Crypto,1
TXN_010037,USR_0386,48.31,2026-01-08 22:46:40,"Paris, FR",POS,Grocery,0
TXN_009053,USR_0295,20.52,2026-03-25 05:24:11,"Tokyo, JP",POS,Retail,0
TXN_004623,USR_0048,57.09,2026-01-12 10:37:14,"Paris, FR",Mobile,Electronics,0
TXN_004056,USR_0052,29.83,2026-02-01 14:10:06,"New York, US",POS,Retail,0
TXN_001167,USR_0294,8.62,2026-02-01 18:10:04,"Tokyo, JP",POS,Grocery,0
TXN_011431,USR_0333,11.71,2026-03-21 07:52:20,Online,POS,Travel,0
TXN_000959,USR_0412,111.85,2026-01-31 11:35:27,"Paris, FR",Mobile,Retail,0
TXN_010360,USR_0208,140.56,2026-03-26 09:49:50,"Tokyo, JP",POS,Electronics,0
TXN_002865,USR_0454,60.92,2026-02-17 16:04:11,"London, UK",POS,Grocery,0
TXN_000466,USR_0398,24.31,2026-02-06 16:24:29,Online,POS,Grocery,0
TXN_009456,USR_0334,25.44,2026-03-04 09:56:15,"London, UK",POS,Retail,0
TXN_005383,USR_0179,11.22,2026-03-15 11:19:49,"Paris, FR",POS,Grocery,0
TXN_007646,USR_0094,22.21,2026-02-01 11:07:35,Online,Desktop,Retail,0
TXN_008433,USR_0374,40.77,2026-01-05 07:16:22,"London, UK",POS,Electronics,0
TXN_000869,USR_0491,30.49,2026-02-24 14:10:00,"Tokyo, JP",Mobile,Retail,0
TXN_006819,USR_0045,107.56,2026-01-19 09:20:09,"Tokyo, JP",Mobile,Retail,0
TXN_011943,USR_0253,5000.0,2026-03-22 01:35:33,"Sydney, AU",Mobile,Gaming,1
TXN_010975,USR_0164,109.04,2026-02-21 14:57:58,Online,Desktop,Retail,0
TXN_003108,USR_0401,163.94,2026-02-05 18:29:15,"Paris, FR",Mobile,Electronics,0
TXN_004692,USR_0175,45.43,2026-03-10 15:28:12,"New York, US",Desktop,Grocery,0
TXN_011668,USR_0224,8964.83,2026-01-06 22:47:32,"Lagos, NG",Desktop,Wire_Transfer,1
TXN_006473,USR_0349,17.44,2026-03-08 19:11:21,"London, UK",Mobile,Retail,0
TXN_010850,USR_0191,41.75,2026-03-31 16:48:28,"Paris, FR",Mobile,Electronics,0
TXN_005023,USR_0014,28.64,2026-01-17 12:37:51,"London, UK",POS,Retail,0
TXN_008978,USR_0343,143.5,2026-02-02 15:00:40,"London, UK",Desktop,Grocery,0
TXN_010521,USR_0023,66.58,2026-02-26 10:19:58,"New York, US",POS,Retail,0
TXN_007851,USR_0492,83.35,2026-02-15 11:43:03,"Paris, FR",Desktop,Travel,0
TXN_004610,USR_0042,89.86,2026-03-16 13:25:10,Online,Mobile,Retail,0
TXN_007604,USR_0204,14.01,2026-02-22 12:02:17,"New York, US",Desktop,Retail,0
TXN_007200,USR_0077,11.25,2026-01-15 15:58:00,"New York, US",POS,Grocery,0
TXN_004673,USR_0385,13.43,2026-01-27 07:36:26,"London, UK",Desktop,Electronics,0
TXN_005329,USR_0190,59.37,2026-04-01 13:03:10,"Tokyo, JP",Mobile,Travel,0
TXN_010442,USR_0313,11.18,2026-01-13 18:59:55,"New York, US",Desktop,Electronics,0
TXN_011057,USR_0080,43.38,2026-02-11 09:04:41,"Paris, FR",Desktop,Retail,0
TXN_011908,USR_0483,6245.15,2026-01-19 01:51:56,"Lagos, NG",Desktop,Electronics,1
TXN_005114,USR_0095,50.43,2026-02-11 18:41:17,"London, UK",POS,Travel,0
TXN_006832,USR_0239,13.85,2026-03-03 09:37:48,Online,Mobile,Electronics,0
TXN_002956,USR_0192,25.61,2026-03-07 13:24:10,"London, UK",POS,Grocery,0
TXN_004848,USR_0478,16.7,2026-01-11 08:48:41,Online,POS,Travel,0
TXN_007235,USR_0318,9.5,2026-03-06 12:41:19,"Tokyo, JP",Desktop,Travel,0
TXN_009627,USR_0293,40.42,2026-01-22 23:10:13,Online,Desktop,Retail,0
TXN_011179,USR_0062,16.58,2026-03-19 14:36:24,"New York, US",Desktop,Travel,0
TXN_001663,USR_0222,62.83,2026-01-04 05:37:51,"Tokyo, JP",Desktop,Retail,0
TXN_009630,USR_0031,27.57,2026-02-27 10:00:53,"London, UK",Desktop,Electronics,0
TXN_001143,USR_0158,6.64,2026-02-08 09:32:35,"Tokyo, JP",Mobile,Grocery,0
TXN_006033,USR_0497,28.64,2026-01-02 07:56:00,"New York, US",POS,Grocery,0
TXN_004585,USR_0118,43.11,2026-01-13 08:30:23,"London, UK",POS,Retail,0
TXN_011278,USR_0186,72.59,2026-02-13 15:08:22,"Paris, FR",Desktop,Grocery,0
TXN_011781,USR_0461,2500.0,2026-01-08 03:35:33,"Lagos, NG",ATM,Electronics,1
TXN_004744,USR_0103,14.14,2026-03-19 13:33:47,"London, UK",POS,Grocery,0
TXN_005031,USR_0358,85.89,2026-01-29 11:17:39,Online,POS,Grocery,0
TXN_006720,USR_0482,14.7,2026-01-27 11:24:42,"Paris, FR",Mobile,Electronics,0
TXN_002743,USR_0365,79.1,2026-03-18 07:58:56,"Paris, FR",Desktop,Retail,0
TXN_010400,USR_0453,35.27,2026-01-15 11:09:27,"London, UK",Desktop,Grocery,0
TXN_004140,USR_0401,136.93,2026-01-10 06:23:47,"Tokyo, JP",POS,Electronics,0
TXN_009235,USR_0073,15.58,2026-01-01 20:16:54,Online,Desktop,Grocery,0
TXN_006835,USR_0319,55.34,2026-03-14 08:55:43,Online,Mobile,Travel,0
TXN_010834,USR_0347,102.15,2026-02-27 20:02:13,"Paris, FR",POS,Grocery,0
TXN_002488,USR_0304,3.6,2026-01-04 16:10:32,"London, UK",Desktop,Travel,0
TXN_006873,USR_0450,353.66,2026-03-09 11:13:51,"Paris, FR",POS,Retail,0
TXN_002390,USR_0336,10.18,2026-01-07 17:33:13,"Tokyo, JP",POS,Retail,0
TXN_008848,USR_0273,15.49,2026-01-28 10:26:06,"New York, US",POS,Travel,0
TXN_000544,USR_0161,67.25,2026-03-18 16:24:39,"Paris, FR",POS,Grocery,0
TXN_009289,USR_0334,7.48,2026-01-30 13:09:36,Online,Desktop,Retail,0
TXN_003329,USR_0374,34.38,2026-01-06 11:35:45,"New York, US",POS,Retail,0
TXN_010083,USR_0453,73.5,2026-02-01 11:44:36,"Paris, FR",Mobile,Grocery,0
TXN_002993,USR_0451,25.6,2026-01-15 06:32:34,"New York, US",POS,Grocery,0
TXN_005637,USR_0053,51.98,2026-02-13 18:25:30,"Tokyo, JP",Desktop,Retail,0
TXN_006885,USR_0119,28.19,2026-01-13 19:11:12,"Tokyo, JP",POS,Grocery,0
TXN_002345,USR_0024,88.8,2026-01-10 12:47:58,"Tokyo, JP",Desktop,Retail,0
TXN_001840,USR_0340,230.72,2026-03-11 07:15:15,"London, UK",Mobile,Electronics,0
TXN_007845,USR_0128,395.7,2026-01-14 08:26:06,"London, UK",POS,Grocery,0
TXN_002617,USR_0075,16.79,2026-02-09 08:21:46,"Tokyo, JP",POS,Grocery,0
TXN_008696,USR_0132,95.91,2026-01-10 14:40:27,"Tokyo, JP",Desktop,Retail,0
TXN_006999,USR_0275,47.04,2026-01-21 06:31:09,"London, UK",POS,Retail,0
TXN_001499,USR_0224,13.36,2026-01-15 18:57:59,"Paris, FR",Mobile,Retail,0
TXN_008344,USR_0166,102.82,2026-01-22 16:07:38,"Tokyo, JP",Mobile,Grocery,0
TXN_000734,USR_0328,24.31,2026-02-11 18:55:17,"Tokyo, JP",POS,Electronics,0
TXN_004097,USR_0453,81.86,2026-03-11 11:29:46,"New York, US",Desktop,Electronics,0
TXN_005562,USR_0046,9.41,2026-03-15 13:53:57,"London, UK",POS,Electronics,0
TXN_010300,USR_0116,24.8,2026-02-27 15:43:01,"Paris, FR",POS,Electronics,0
TXN_002302,USR_0478,35.87,2026-03-28 18:18:54,Online,Desktop,Retail,0
TXN_011103,USR_0121,62.1,2026-03-26 11:05:38,"New York, US",Mobile,Retail,0
TXN_002614,USR_0099,15.91,2026-02-20 18:50:10,"London, UK",POS,Electronics,0
TXN_010304,USR_0405,183.24,2026-03-09 21:52:49,Online,Desktop,Grocery,0
TXN_005066,USR_0028,165.35,2026-01-24 09:12:03,"London, UK",POS,Retail,0
TXN_006559,USR_0165,18.7,2026-01-04 11:07:15,"London, UK",Mobile,Grocery,0
TXN_011964,USR_0217,2500.0,2026-01-17 05:11:28,"Moscow, RU",Mobile,Electronics,1
TXN_006463,USR_0028,123.51,2026-01-28 10:53:28,"London, UK",POS,Electronics,0
TXN_004234,USR_0218,15.02,2026-02-04 06:34:41,Online,POS,Retail,0
TXN_005734,USR_0073,83.49,2026-02-22 05:39:54,Online,Desktop,Grocery,0
TXN_010432,USR_0386,15.72,2026-03-13 08:38:15,Online,Desktop,Retail,0
TXN_010171,USR_0165,75.0,2026-01-20 13:59:41,"Paris, FR",Desktop,Retail,0
TXN_011809,USR_0448,5000.0,2026-01-05 02:58:33,"Moscow, RU",Mobile,Gaming,1
TXN_006857,USR_0477,85.05,2026-02-09 17:22:45,"Paris, FR",Desktop,Grocery,0
TXN_004960,USR_0304,46.33,2026-01-03 15:59:26,"London, UK",Mobile,Retail,0
TXN_006073,USR_0211,18.9,2026-01-18 12:54:54,"New York, US",POS,Electronics,0
TXN_009396,USR_0352,21.96,2026-01-21 10:05:50,"London, UK",Desktop,Electronics,0
TXN_004185,USR_0274,21.09,2026-02-19 12:48:10,Online,Desktop,Travel,0
TXN_011496,USR_0480,43.86,2026-02-05 06:42:43,"London, UK",Mobile,Grocery,0
TXN_000903,USR_0009,52.8,2026-01-26 14:33:55,Online,POS,Retail,0
TXN_007880,USR_0364,12.88,2026-02-26 09:19:55,"Paris, FR",Mobile,Electronics,0
TXN_005834,USR_0185,30.61,2026-03-17 18:29:29,"New York, US",Mobile,Electronics,0
TXN_010545,USR_0188,14.33,2026-03-05 14:39:51,Online,POS,Retail,0
TXN_011439,USR_0197,13.36,2026-01-07 18:33:36,Online,Mobile,Grocery,0
TXN_007947,USR_0180,4.69,2026-02-07 13:08:59,Online,POS,Grocery,0
TXN_003188,USR_0395,18.92,2026-01-06 12:29:46,Online,POS,Grocery,0
TXN_010793,USR_0128,12.52,2026-02-03 08:55:53,"New York, US",Mobile,Retail,0
TXN_004210,USR_0109,44.5,2026-01-06 18:43:22,"Paris, FR",POS,Retail,0
TXN_008913,USR_0409,6.75,2026-03-16 08:34:10,"Tokyo, JP",Desktop,Retail,0
TXN_005502,USR_0333,48.2,2026-01-07 12:17:00,Online,POS,Retail,0
TXN_009968,USR_0246,33.08,2026-02-16 09:24:11,"Paris, FR",Desktop,Grocery,0
TXN_009431,USR_0093,253.34,2026-02-22 09:26:46,"Paris, FR",POS,Travel,0
TXN_000151,USR_0195,9.39,2026-02-27 21:58:28,"Tokyo, JP",POS,Retail,0
TXN_003686,USR_0248,52.46,2026-01-09 15:49:33,"London, UK",POS,Grocery,0
TXN_006670,USR_0065,252.44,2026-02-19 07:42:57,"Tokyo, JP",Desktop,Retail,0
TXN_003459,USR_0193,98.49,2026-03-11 19:09:05,"London, UK",Mobile,Retail,0
TXN_003095,USR_0434,27.94,2026-01-05 12:24:23,"New York, US",Mobile,Grocery,0
TXN_005200,USR_0312,20.59,2026-03-11 10:27:00,"Paris, FR",Mobile,Electronics,0
TXN_010116,USR_0055,21.95,2026-02-07 12:23:48,"Paris, FR",Mobile,Electronics,0
TXN_010940,USR_0033,22.0,2026-02-28 20:52:12,"New York, US",POS,Retail,0
TXN_003722,USR_0008,18.03,2026-01-14 12:30:37,Online,Desktop,Retail,0
TXN_003953,USR_0446,165.33,2026-02-05 15:08:15,"Tokyo, JP",POS,Travel,0
TXN_010767,USR_0065,22.65,2026-02-22 05:08:19,Online,Mobile,Grocery,0
TXN_008103,USR_0218,86.44,2026-03-15 12:37:06,"Paris, FR",Desktop,Travel,0
TXN_000709,USR_0197,14.83,2026-03-25 12:31:36,Online,Desktop,Grocery,0
TXN_004065,USR_0443,18.33,2026-02-15 11:33:45,Online,Desktop,Retail,0
TXN_002997,USR_0420,25.22,2026-02-20 14:14:36,"Tokyo, JP",POS,Retail,0
TXN_010262,USR_0500,91.5,2026-03-29 16:05:32,"New York, US",Mobile,Retail,0
TXN_004195,USR_0142,11.52,2026-01-10 16:32:12,Online,POS,Grocery,0
TXN_001635,USR_0379,4.12,2026-03-10 18:36:04,"Tokyo, JP",Mobile,Retail,0
TXN_005647,USR_0064,25.12,2026-02-08 06:02:54,"London, UK",Desktop,Grocery,0
TXN_007300,USR_0013,25.69,2026-03-11 12:05:28,"New York, US",Mobile,Travel,0
TXN_007376,USR_0139,22.95,2026-03-20 15:37:52,"Tokyo, JP",Mobile,Retail,0
TXN_000036,USR_0127,84.04,2026-01-29 06:04:21,"New York, US",POS,Travel,0
TXN_002056,USR_0250,21.52,2026-01-06 17:23:54,"Tokyo, JP",Desktop,Retail,0
TXN_005007,USR_0343,193.06,2026-01-19 14:42:28,"London, UK",Mobile,Travel,0
TXN_003772,USR_0476,19.11,2026-02-10 07:41:15,"New York, US",POS,Travel,0
TXN_001745,USR_0021,30.13,2026-01-12 16:18:41,"Paris, FR",Desktop,Electronics,0
TXN_004078,USR_0492,21.25,2026-01-07 06:09:56,"New York, US",POS,Electronics,0
TXN_004516,USR_0271,12.8,2026-02-21 12:09:57,"Paris, FR",Mobile,Travel,0
TXN_006979,USR_0283,44.46,2026-03-13 09:42:36,"Tokyo, JP",POS,Travel,0
TXN_000429,USR_0411,42.78,2026-03-27 14:52:13,"London, UK",POS,Travel,0
TXN_011593,USR_0054,6820.06,2026-02-27 23:05:48,"Sydney, AU",Mobile,Wire_Transfer,1
TXN_003017,USR_0335,11.54,2026-01-07 12:16:37,"New York, US",POS,Travel,0
TXN_005546,USR_0026,32.43,2026-02-18 14:47:59,"London, UK",POS,Grocery,0
TXN_007637,USR_0138,17.59,2026-03-02 19:26:37,"New York, US",Mobile,Electronics,0
TXN_010005,USR_0123,8.7,2026-02-02 15:21:17,"London, UK",Desktop,Retail,0
TXN_004130,USR_0335,133.68,2026-02-17 20:36:46,"London, UK",Mobile,Travel,0
TXN_004120,USR_0450,4.73,2026-01-03 11:19:32,Online,Desktop,Travel,0
TXN_002612,USR_0157,71.65,2026-02-10 14:49:33,"Paris, FR",Mobile,Electronics,0
TXN_004029,USR_0301,45.14,2026-01-09 12:22:53,"New York, US",Desktop,Retail,0
TXN_001627,USR_0468,2.12,2026-01-03 14:17:35,Online,POS,Grocery,0
TXN_008502,USR_0031,4.67,2026-03-09 11:18:02,"New York, US",Desktop,Retail,0
TXN_001394,USR_0254,53.09,2026-02-16 13:45:18,Online,POS,Grocery,0
TXN_004464,USR_0400,371.96,2026-01-14 17:56:40,"Paris, FR",Mobile,Grocery,0
TXN_010755,USR_0133,16.91,2026-01-09 17:11:43,"Tokyo, JP",Mobile,Electronics,0
TXN_002202,USR_0077,15.85,2026-03-08 08:18:39,Online,POS,Retail,0
TXN_004148,USR_0145,71.11,2026-02-21 16:47:19,"New York, US",POS,Retail,0
TXN_000705,USR_0470,34.6,2026-01-02 14:50:44,Online,POS,Travel,0
TXN_009011,USR_0478,16.92,2026-02-27 09:34:47,"Tokyo, JP",Desktop,Travel,0
TXN_007679,USR_0252,13.08,2026-01-07 18:46:00,Online,POS,Electronics,0
TXN_001356,USR_0427,13.14,2026-02-18 16:18:35,"Paris, FR",Mobile,Grocery,0
TXN_002686,USR_0324,44.48,2026-01-07 11:50:12,"London, UK",Mobile,Retail,0
TXN_009898,USR_0325,22.92,2026-01-19 12:51:55,"New York, US",POS,Retail,0
TXN_000609,USR_0084,63.58,2026-03-05 20:22:33,Online,POS,Grocery,0
TXN_011527,USR_0374,79.88,2026-02-28 13:55:28,"New York, US",POS,Travel,0
TXN_010820,USR_0227,23.19,2026-02-22 22:23:54,"New York, US",Mobile,Retail,0
TXN_010518,USR_0084,102.24,2026-02-02 22:07:10,"Tokyo, JP",Mobile,Electronics,0
TXN_010196,USR_0291,30.51,2026-01-25 03:46:25,"Paris, FR",Desktop,Retail,0
TXN_007795,USR_0346,1.8,2026-03-19 15:55:30,"Paris, FR",POS,Retail,0
TXN_001324,USR_0448,77.41,2026-01-27 02:33:40,"New York, US",Desktop,Retail,0
TXN_009490,USR_0482,138.62,2026-01-02 18:43:54,Online,Desktop,Retail,0
TXN_001596,USR_0066,77.1,2026-03-04 12:45:29,"London, UK",POS,Travel,0
TXN_001517,USR_0229,46.3,2026-02-19 09:30:17,Online,POS,Retail,0
TXN_000759,USR_0234,35.32,2026-03-08 12:38:33,"Tokyo, JP",Desktop,Electronics,0
TXN_010645,USR_0206,41.63,2026-01-12 00:44:13,Online,POS,Retail,0
TXN_003903,USR_0066,51.03,2026-03-22 12:59:53,"London, UK",Mobile,Electronics,0
TXN_008797,USR_0023,82.07,2026-01-11 09:53:56,"New York, US",Mobile,Electronics,0
TXN_011904,USR_0122,499.99,2026-03-15 22:23:17,"Sydney, AU",Desktop,Electronics,1
TXN_006019,USR_0186,3.35,2026-03-02 13:07:21,"Paris, FR",POS,Grocery,0
TXN_004739,USR_0309,38.77,2026-03-12 21:15:13,"Tokyo, JP",POS,Electronics,0
TXN_004861,USR_0193,58.14,2026-03-21 09:55:37,"London, UK",Desktop,Retail,0
TXN_000400,USR_0099,54.02,2026-02-01 09:17:35,"Tokyo, JP",Mobile,Grocery,0
TXN_000931,USR_0378,215.57,2026-04-01 17:04:58,"New York, US",POS,Grocery,0
TXN_004004,USR_0343,29.15,2026-02-10 18:14:54,Online,Desktop,Grocery,0
TXN_000543,USR_0059,11.93,2026-02-03 06:42:55,"Paris, FR",POS,Electronics,0
TXN_011337,USR_0427,30.11,2026-01-28 12:09:57,"Tokyo, JP",POS,Travel,0
TXN_008638,USR_0265,32.59,2026-01-01 12:39:51,Online,Mobile,Retail,0
TXN_011712,USR_0288,2181.88,2026-03-20 03:16:25,"Sydney, AU",Desktop,Crypto,1
TXN_006132,USR_0425,11.36,2026-03-12 06:51:51,"Tokyo, JP",Desktop,Grocery,0
TXN_004036,USR_0017,15.26,2026-01-03 07:26:15,"Tokyo, JP",Desktop,Electronics,0
TXN_001689,USR_0106,150.87,2026-02-21 03:11:52,"New York, US",Desktop,Grocery,0
TXN_002129,USR_0192,4.16,2026-03-22 07:52:04,"Paris, FR",Mobile,Grocery,0
TXN_002289,USR_0270,10.08,2026-02-04 08:20:44,Online,POS,Grocery,0
TXN_004689,USR_0491,438.59,2026-02-11 13:19:43,Online,POS,Grocery,0
TXN_001748,USR_0094,59.36,2026-03-31 11:36:06,"Paris, FR",POS,Grocery,0
TXN_000368,USR_0161,98.91,2026-02-10 11:46:55,"Tokyo, JP",Desktop,Retail,0
TXN_009434,USR_0481,41.13,2026-01-26 17:09:47,"Paris, FR",Mobile,Grocery,0
TXN_011467,USR_0296,5.48,2026-01-11 05:18:03,"London, UK",Desktop,Travel,0
TXN_008482,USR_0134,22.01,2026-04-01 22:52:38,"New York, US",POS,Grocery,0
TXN_003265,USR_0265,52.32,2026-02-09 21:47:25,"New York, US",Mobile,Travel,0
TXN_005951,USR_0380,102.99,2026-02-23 19:00:53,"Paris, FR",Desktop,Electronics,0
TXN_002710,USR_0037,31.27,2026-01-29 09:17:08,"Paris, FR",Mobile,Electronics,0
TXN_009682,USR_0234,52.61,2026-01-01 18:18:52,"New York, US",POS,Electronics,0
TXN_000064,USR_0080,49.6,2026-02-04 16:18:38,"London, UK",POS,Grocery,0
TXN_002190,USR_0340,28.16,2026-03-04 14:16:23,"Paris, FR",Mobile,Grocery,0
TXN_010451,USR_0167,2.14,2026-02-12 10:02:45,"Tokyo, JP",Desktop,Grocery,0
TXN_004773,USR_0253,405.63,2026-02-25 12:01:28,Online,Desktop,Retail,0
TXN_004881,USR_0406,55.18,2026-04-01 11:19:46,"New York, US",Mobile,Retail,0
TXN_010093,USR_0033,108.99,2026-01-22 16:45:13,"London, UK",POS,Grocery,0
TXN_008060,USR_0328,38.02,2026-02-02 16:52:06,"Tokyo, JP",POS,Retail,0
TXN_010237,USR_0448,23.07,2026-01-01 06:39:09,Online,Mobile,Retail,0
TXN_007733,USR_0089,22.15,2026-02-02 12:28:46,"London, UK",Desktop,Retail,0
TXN_007665,USR_0113,23.25,2026-01-15 13:06:27,"Paris, FR",POS,Grocery,0
TXN_006249,USR_0072,108.33,2026-03-07 16:29:14,"London, UK",Mobile,Grocery,0
TXN_002819,USR_0316,29.52,2026-02-17 12:28:47,"London, UK",Desktop,Travel,0
TXN_003976,USR_0271,30.18,2026-03-22 10:44:05,"Paris, FR",Mobile,Grocery,0
TXN_000428,USR_0233,53.12,2026-03-19 01:23:26,Online,Desktop,Travel,0
TXN_009247,USR_0060,16.52,2026-02-03 22:45:27,"Tokyo, JP",Desktop,Grocery,0
TXN_009336,USR_0374,7.26,2026-01-20 16:15:49,"London, UK",Mobile,Retail,0
TXN_006352,USR_0190,49.69,2026-02-11 12:51:21,Online,Desktop,Grocery,0
TXN_009732,USR_0243,66.59,2026-02-16 20:54:40,"London, UK",Mobile,Grocery,0
TXN_004708,USR_0265,41.71,2026-03-06 15:42:37,"Tokyo, JP",POS,Retail,0
TXN_005771,USR_0415,18.42,2026-03-14 10:46:03,"Tokyo, JP",Mobile,Grocery,0
TXN_004338,USR_0489,13.77,2026-03-23 23:59:09,"London, UK",Desktop,Travel,0
TXN_011610,USR_0373,1515.97,2026-03-13 00:32:11,"Lagos, NG",Mobile,Gaming,1
TXN_007678,USR_0120,51.14,2026-03-05 11:32:16,"Paris, FR",Desktop,Travel,0
TXN_000677,USR_0136,70.73,2026-01-27 09:15:44,"New York, US",Desktop,Grocery,0
TXN_011885,USR_0482,2500.0,2026-02-24 22:20:13,Online,ATM,Gaming,1
TXN_006867,USR_0060,63.38,2026-02-16 13:36:37,"London, UK",Desktop,Travel,0
TXN_011150,USR_0036,12.34,2026-01-13 22:22:05,Online,Desktop,Travel,0
TXN_007076,USR_0134,175.71,2026-03-23 11:16:38,"Tokyo, JP",Mobile,Retail,0
TXN_010478,USR_0486,23.33,2026-01-23 09:11:47,"New York, US",POS,Retail,0
TXN_010860,USR_0391,12.11,2026-03-11 04:26:34,"Tokyo, JP",POS,Electronics,0
TXN_006176,USR_0151,15.23,2026-01-12 19:51:22,"Tokyo, JP",POS,Retail,0
TXN_002003,USR_0185,62.84,2026-01-11 08:57:02,Online,Mobile,Retail,0
TXN_007128,USR_0332,19.61,2026-01-19 23:06:50,"Paris, FR",Mobile,Electronics,0
TXN_006837,USR_0442,7.94,2026-02-09 18:10:26,"Tokyo, JP",Desktop,Travel,0
TXN_005569,USR_0019,11.83,2026-01-06 21:19:44,Online,Mobile,Retail,0
TXN_009098,USR_0143,77.63,2026-03-27 16:40:10,"London, UK",POS,Grocery,0
TXN_008982,USR_0352,34.87,2026-02-15 10:03:54,"Tokyo, JP",Mobile,Grocery,0
TXN_008884,USR_0184,36.21,2026-01-12 13:52:18,"New York, US",Mobile,Grocery,0
TXN_002291,USR_0041,7.12,2026-01-27 14:58:08,Online,Mobile,Grocery,0
TXN_008445,USR_0232,2.96,2026-02-20 13:11:49,"London, UK",POS,Grocery,0
TXN_003014,USR_0211,20.13,2026-01-13 10:00:43,"London, UK",POS,Electronics,0
TXN_000741,USR_0260,48.84,2026-02-08 20:54:10,Online,Mobile,Grocery,0
TXN_000001,USR_0328,54.42,2026-01-15 16:01:47,"Tokyo, JP",Mobile,Retail,0
TXN_004615,USR_0126,61.09,2026-02-05 14:05:18,Online,POS,Retail,0
TXN_002518,USR_0346,119.56,2026-02-07 17:49:52,"New York, US",POS,Grocery,0
TXN_004330,USR_0280,8.09,2026-01-17 03:25:08,"Tokyo, JP",Desktop,Retail,0
TXN_010482,USR_0244,66.9,2026-01-15 08:51:48,"New York, US",Desktop,Retail,0
TXN_005762,USR_0451,22.41,2026-02-18 15:22:27,Online,POS,Retail,0
TXN_005381,USR_0202,49.65,2026-01-22 14:34:58,"New York, US",POS,Grocery,0
TXN_004686,USR_0422,48.82,2026-02-09 11:39:16,"London, UK",Desktop,Travel,0
TXN_006533,USR_0487,104.27,2026-01-08 19:12:52,"Tokyo, JP",POS,Retail,0
TXN_008731,USR_0252,95.21,2026-02-03 06:58:17,Online,Desktop,Grocery,0
TXN_005059,USR_0212,44.93,2026-01-22 08:40:06,"New York, US",Desktop,Travel,0
TXN_005126,USR_0100,14.67,2026-01-29 15:14:17,"Tokyo, JP",Mobile,Retail,0
TXN_006102,USR_0470,13.66,2026-03-22 09:41:28,"London, UK",POS,Retail,0
TXN_008669,USR_0320,50.79,2026-03-23 13:07:08,"New York, US",Desktop,Retail,0
TXN_004336,USR_0111,24.54,2026-01-21 17:17:23,"London, UK",POS,Electronics,0
TXN_005217,USR_0074,50.82,2026-03-21 20:50:21,Online,Desktop,Grocery,0
TXN_006356,USR_0440,82.57,2026-01-25 03:36:46,Online,Mobile,Grocery,0
TXN_005400,USR_0347,54.55,2026-03-10 14:38:00,"Paris, FR",Desktop,Travel,0
TXN_003474,USR_0206,13.22,2026-02-27 13:24:30,"London, UK",POS,Electronics,0
TXN_009424,USR_0212,21.07,2026-03-08 11:38:38,"New York, US",POS,Grocery,0
TXN_009585,USR_0160,56.1,2026-02-14 11:16:33,"London, UK",Desktop,Retail,0
TXN_002448,USR_0185,6.81,2026-03-09 08:12:00,Online,Desktop,Grocery,0
TXN_004606,USR_0278,62.32,2026-01-22 16:49:20,"Paris, FR",POS,Retail,0
TXN_010347,USR_0380,192.6,2026-01-09 07:31:03,Online,Mobile,Travel,0
TXN_011238,USR_0204,23.07,2026-03-13 11:37:11,"Paris, FR",POS,Electronics,0
TXN_003207,USR_0262,39.63,2026-01-16 07:30:42,Online,Desktop,Grocery,0
TXN_001531,USR_0133,23.3,2026-03-28 16:06:27,Online,Mobile,Grocery,0
TXN_006376,USR_0355,62.06,2026-03-26 06:33:53,"New York, US",Mobile,Retail,0
TXN_004027,USR_0016,34.27,2026-03-07 03:43:46,Online,POS,Grocery,0
TXN_000217,USR_0318,41.43,2026-03-13 06:20:58,Online,Mobile,Electronics,0
TXN_003621,USR_0102,54.13,2026-03-27 10:51:55,"London, UK",POS,Retail,0
TXN_006424,USR_0316,75.61,2026-02-20 14:33:32,"New York, US",Desktop,Grocery,0
TXN_000922,USR_0494,168.12,2026-03-23 19:00:51,"New York, US",Mobile,Retail,0
TXN_000867,USR_0163,10.57,2026-03-04 10:28:21,Online,POS,Grocery,0
TXN_006144,USR_0149,28.46,2026-01-09 10:02:14,"Tokyo, JP",Mobile,Grocery,0
TXN_009563,USR_0365,72.96,2026-03-24 06:03:43,"Paris, FR",POS,Grocery,0
TXN_000018,USR_0109,24.74,2026-03-25 12:31:25,"Paris, FR",Mobile,Grocery,0
TXN_004227,USR_0351,41.15,2026-02-11 15:23:38,"London, UK",POS,Retail,0
TXN_011758,USR_0014,4592.43,2026-03-13 03:44:07,Online,Mobile,Crypto,1
TXN_011229,USR_0398,68.6,2026-01-08 14:56:11,Online,POS,Grocery,0
TXN_006465,USR_0083,14.59,2026-02-06 19:19:29,"Tokyo, JP",Desktop,Retail,0
TXN_002508,USR_0376,44.2,2026-01-13 10:41:55,"Paris, FR",Mobile,Retail,0
TXN_011480,USR_0035,89.94,2026-01-07 18:27:23,"London, UK",Desktop,Grocery,0
TXN_004809,USR_0385,83.77,2026-01-09 20:18:24,"New York, US",POS,Travel,0
TXN_009055,USR_0482,179.26,2026-03-27 15:04:54,"Tokyo, JP",Desktop,Retail,0
TXN_010804,USR_0352,10.65,2026-01-18 02:52:58,"New York, US",Mobile,Grocery,0
TXN_006686,USR_0229,20.14,2026-01-02 19:17:12,"London, UK",Mobile,Retail,0
TXN_002169,USR_0015,121.03,2026-03-02 02:42:33,"Paris, FR",Desktop,Grocery,0
TXN_000796,USR_0061,157.83,2026-03-05 13:47:41,"New York, US",Mobile,Retail,0
TXN_011291,USR_0231,10.44,2026-03-12 10:31:02,Online,Mobile,Travel,0
TXN_011154,USR_0329,3.65,2026-03-25 09:19:44,Online,Mobile,Retail,0
TXN_002317,USR_0433,168.96,2026-02-15 09:34:45,"New York, US",POS,Retail,0
TXN_001563,USR_0081,42.66,2026-02-07 22:45:28,Online,Desktop,Electronics,0
TXN_006762,USR_0449,46.01,2026-01-04 23:04:11,"Tokyo, JP",Desktop,Retail,0
TXN_010306,USR_0219,23.65,2026-02-27 13:09:54,"New York, US",Desktop,Grocery,0
TXN_002343,USR_0357,21.48,2026-03-13 08:15:45,"Tokyo, JP",Mobile,Grocery,0
TXN_007250,USR_0479,48.09,2026-03-26 12:42:37,Online,Desktop,Electronics,0
TXN_010088,USR_0056,27.45,2026-03-05 10:51:27,"New York, US",Mobile,Grocery,0
TXN_002914,USR_0160,32.76,2026-03-29 13:39:27,Online,Mobile,Travel,0
TXN_007771,USR_0448,13.1,2026-01-18 12:33:22,Online,POS,Retail,0
TXN_003782,USR_0414,52.8,2026-02-27 15:34:20,"New York, US",Desktop,Travel,0
TXN_011002,USR_0248,78.14,2026-02-18 07:04:39,"Paris, FR",POS,Retail,0
TXN_010963,USR_0137,8.35,2026-01-29 19:29:09,Online,POS,Grocery,0
TXN_003483,USR_0373,28.3,2026-03-21 14:21:43,"Paris, FR",POS,Grocery,0
TXN_000684,USR_0174,6.89,2026-03-18 09:39:57,"Paris, FR",POS,Grocery,0
TXN_007008,USR_0059,37.47,2026-02-11 11:47:01,Online,POS,Retail,0
TXN_006487,USR_0497,39.84,2026-01-11 08:47:00,"Paris, FR",Mobile,Electronics,0
TXN_010866,USR_0362,33.55,2026-03-30 07:57:24,"Tokyo, JP",Mobile,Grocery,0
TXN_000578,USR_0001,16.74,2026-02-24 06:12:44,"London, UK",POS,Grocery,0
TXN_011141,USR_0039,85.94,2026-03-02 14:21:41,"London, UK",Mobile,Grocery,0
TXN_002969,USR_0374,6.51,2026-03-14 10:10:06,"New York, US",Desktop,Retail,0
TXN_011473,USR_0283,69.09,2026-01-18 17:12:31,"New York, US",POS,Electronics,0
TXN_007664,USR_0185,78.72,2026-01-19 00:41:55,"New York, US",Mobile,Grocery,0
TXN_006754,USR_0373,10.24,2026-03-15 06:52:43,"Paris, FR",POS,Grocery,0
TXN_006521,USR_0190,292.17,2026-02-17 07:01:57,"Tokyo, JP",Desktop,Electronics,0
TXN_000762,USR_0109,60.34,2026-01-03 15:37:32,"London, UK",Mobile,Grocery,0
TXN_005268,USR_0226,46.11,2026-03-07 10:18:37,"Paris, FR",Mobile,Retail,0
TXN_008991,USR_0309,48.38,2026-03-05 20:29:45,"Tokyo, JP",Desktop,Electronics,0
TXN_010794,USR_0189,279.68,2026-02-28 13:52:57,"London, UK",POS,Electronics,0
TXN_001458,USR_0244,10.89,2026-02-17 16:52:19,"New York, US",POS,Travel,0
TXN_001618,USR_0441,24.34,2026-03-09 09:20:24,"Tokyo, JP",Mobile,Grocery,0
TXN_004450,USR_0404,20.96,2026-02-06 02:32:55,Online,Mobile,Electronics,0
TXN_006570,USR_0442,34.61,2026-02-20 18:25:43,Online,Mobile,Electronics,0
TXN_002251,USR_0373,171.29,2026-02-19 12:48:26,"New York, US",Mobile,Travel,0
TXN_010011,USR_0407,47.8,2026-02-20 17:57:55,"Tokyo, JP",Desktop,Retail,0
TXN_002577,USR_0305,141.47,2026-01-05 07:48:08,"London, UK",POS,Grocery,0
TXN_006522,USR_0123,5.34,2026-03-30 23:40:24,"London, UK",POS,Electronics,0
TXN_002615,USR_0081,7.06,2026-02-11 19:33:30,Online,Desktop,Electronics,0
TXN_005590,USR_0450,11.77,2026-01-27 19:13:39,"Paris, FR",Mobile,Retail,0
TXN_004399,USR_0061,31.22,2026-01-13 07:46:53,"London, UK",Desktop,Grocery,0
TXN_006591,USR_0227,44.69,2026-03-03 16:25:02,"New York, US",Desktop,Grocery,0
TXN_008772,USR_0181,4.72,2026-01-26 08:10:27,"Paris, FR",POS,Travel,0
TXN_009776,USR_0481,40.06,2026-02-11 14:11:46,"London, UK",Mobile,Grocery,0
TXN_008116,USR_0290,3.64,2026-02-21 12:31:01,"Paris, FR",Mobile,Retail,0
TXN_001808,USR_0131,52.0,2026-02-01 15:38:37,"London, UK",Mobile,Grocery,0
TXN_006585,USR_0101,9.72,2026-02-20 00:56:36,"London, UK",Mobile,Retail,0
TXN_010904,USR_0298,64.87,2026-02-08 10:01:25,"London, UK",Desktop,Retail,0
TXN_010280,USR_0091,15.61,2026-03-17 13:59:23,Online,Mobile,Electronics,0
TXN_005715,USR_0156,14.35,2026-04-01 13:56:43,"New York, US",Mobile,Travel,0
TXN_003533,USR_0098,28.28,2026-01-09 21:08:12,Online,Mobile,Electronics,0
TXN_001042,USR_0146,35.76,2026-03-18 11:01:33,"London, UK",Desktop,Grocery,0
TXN_003854,USR_0433,15.63,2026-01-17 07:29:38,Online,Mobile,Grocery,0
TXN_004975,USR_0205,40.77,2026-01-11 11:09:15,Online,Desktop,Electronics,0
TXN_005008,USR_0202,19.93,2026-03-13 10:49:47,"London, UK",POS,Grocery,0
TXN_000174,USR_0410,17.77,2026-01-31 10:45:10,"Tokyo, JP",POS,Grocery,0
TXN_007021,USR_0224,53.83,2026-02-24 12:08:12,Online,Desktop,Retail,0
TXN_000170,USR_0443,9.6,2026-03-07 13:52:00,Online,Desktop,Retail,0
TXN_008862,USR_0027,24.33,2026-03-23 13:00:27,"Paris, FR",Desktop,Travel,0
TXN_007901,USR_0257,204.2,2026-02-15 11:10:51,Online,POS,Retail,0
TXN_008551,USR_0173,27.39,2026-01-25 20:09:08,"Paris, FR",POS,Travel,0
TXN_003942,USR_0015,268.03,2026-02-17 10:46:17,"Tokyo, JP",Desktop,Electronics,0
TXN_001273,USR_0474,238.99,2026-03-16 13:02:08,"New York, US",POS,Travel,0
TXN_007154,USR_0344,14.94,2026-03-17 15:29:08,"Paris, FR",POS,Retail,0
TXN_000961,USR_0256,49.59,2026-01-18 15:57:54,Online,POS,Electronics,0
TXN_002544,USR_0181,12.99,2026-03-14 07:27:26,"New York, US",Desktop,Travel,0
TXN_004719,USR_0337,41.84,2026-02-17 11:13:26,Online,Mobile,Travel,0
TXN_007945,USR_0055,51.48,2026-03-15 06:33:20,Online,Desktop,Retail,0
TXN_000884,USR_0199,194.85,2026-03-02 16:58:29,"New York, US",Mobile,Electronics,0
TXN_010438,USR_0004,10.7,2026-03-15 12:44:02,"New York, US",POS,Grocery,0
TXN_002523,USR_0221,10.03,2026-02-05 16:22:29,Online,Mobile,Electronics,0
TXN_000800,USR_0433,39.83,2026-02-28 01:21:35,Online,POS,Retail,0
TXN_011846,USR_0042,4014.28,2026-02-23 04:33:07,Online,Mobile,Crypto,1
TXN_008331,USR_0351,28.5,2026-01-07 11:33:34,"New York, US",POS,Retail,0
TXN_004031,USR_0410,129.85,2026-02-06 17:30:00,"New York, US",Mobile,Retail,0
TXN_001594,USR_0447,4.82,2026-02-03 22:37:31,"Paris, FR",Desktop,Electronics,0
TXN_002537,USR_0305,26.73,2026-02-12 19:34:24,"Paris, FR",POS,Grocery,0
TXN_002883,USR_0446,92.64,2026-03-21 15:04:09,Online,POS,Retail,0
TXN_006497,USR_0267,57.71,2026-03-19 08:46:50,"London, UK",POS,Retail,0
TXN_006766,USR_0192,17.11,2026-01-05 09:56:22,"Tokyo, JP",Mobile,Travel,0
TXN_003602,USR_0364,29.18,2026-02-06 14:02:15,"New York, US",Mobile,Grocery,0
TXN_004419,USR_0032,8.03,2026-03-01 08:38:11,"London, UK",Mobile,Grocery,0
TXN_004783,USR_0342,13.1,2026-01-15 17:58:25,"New York, US",POS,Retail,0
TXN_004221,USR_0155,185.99,2026-01-05 13:24:09,"London, UK",Mobile,Grocery,0
TXN_006552,USR_0081,22.99,2026-01-25 00:07:52,Online,Mobile,Electronics,0
TXN_003679,USR_0209,23.38,2026-01-14 10:14:13,"Paris, FR",POS,Retail,0
TXN_001161,USR_0240,14.55,2026-01-06 00:06:33,"Tokyo, JP",Mobile,Travel,0
TXN_003885,USR_0412,91.0,2026-01-23 07:51:00,"London, UK",Desktop,Grocery,0
TXN_009625,USR_0246,28.91,2026-03-22 14:10:50,"London, UK",Mobile,Retail,0
TXN_004481,USR_0494,92.78,2026-01-24 18:10:52,"New York, US",Desktop,Travel,0
TXN_010372,USR_0409,57.66,2026-03-27 12:50:22,"Paris, FR",POS,Grocery,0
TXN_008453,USR_0190,65.62,2026-01-24 11:27:16,"Tokyo, JP",Desktop,Electronics,0
TXN_007996,USR_0491,55.22,2026-02-02 15:30:26,"London, UK",Mobile,Electronics,0
TXN_000587,USR_0397,81.06,2026-01-18 10:41:43,"London, UK",Mobile,Travel,0
TXN_001580,USR_0379,18.96,2026-01-17 10:33:34,"Tokyo, JP",Mobile,Grocery,0
TXN_005397,USR_0228,78.04,2026-03-07 13:53:44,Online,Mobile,Travel,0
TXN_006998,USR_0168,38.68,2026-01-31 08:33:53,"New York, US",Desktop,Grocery,0
TXN_010668,USR_0199,105.77,2026-02-23 06:32:51,"London, UK",Mobile,Travel,0
TXN_011049,USR_0358,39.91,2026-02-01 06:07:58,"Paris, FR",Desktop,Grocery,0
TXN_002958,USR_0334,110.23,2026-02-06 14:28:01,"Paris, FR",POS,Electronics,0
TXN_007517,USR_0213,15.7,2026-02-25 18:12:37,"New York, US",Mobile,Retail,0
TXN_008683,USR_0489,90.27,2026-02-25 08:22:19,Online,Desktop,Grocery,0
TXN_002586,USR_0194,76.07,2026-03-04 05:41:10,Online,Desktop,Retail,0
TXN_001148,USR_0402,9.59,2026-02-22 14:59:47,"New York, US",POS,Grocery,0
TXN_008716,USR_0065,9.69,2026-03-10 12:36:28,"Tokyo, JP",Desktop,Retail,0
TXN_009620,USR_0282,175.81,2026-02-19 12:20:26,"London, UK",Desktop,Grocery,0
TXN_009503,USR_0246,30.32,2026-03-05 19:12:39,"London, UK",Mobile,Retail,0
TXN_004563,USR_0023,31.87,2026-03-11 15:00:42,"New York, US",POS,Retail,0
TXN_011489,USR_0362,11.03,2026-01-03 13:30:20,Online,Desktop,Grocery,0
TXN_005020,USR_0428,311.35,2026-02-06 21:57:06,"London, UK",Desktop,Grocery,0
TXN_011109,USR_0109,71.05,2026-01-09 16:05:24,"London, UK",Mobile,Grocery,0
TXN_002535,USR_0116,12.7,2026-01-03 14:45:20,"London, UK",Mobile,Travel,0
TXN_009303,USR_0208,53.16,2026-02-21 10:14:30,"New York, US",Mobile,Travel,0
TXN_008349,USR_0480,93.57,2026-02-10 15:37:07,Online,POS,Grocery,0
TXN_003266,USR_0491,269.95,2026-01-14 11:15:57,"Tokyo, JP",Desktop,Retail,0
TXN_008986,USR_0256,25.46,2026-02-13 13:22:38,Online,Desktop,Grocery,0
TXN_005107,USR_0460,9.37,2026-03-07 04:41:12,"Paris, FR",Mobile,Grocery,0
TXN_009728,USR_0171,180.22,2026-02-06 07:41:30,"London, UK",Mobile,Grocery,0
TXN_007872,USR_0334,14.23,2026-01-03 09:53:33,"Tokyo, JP",POS,Grocery,0
TXN_002677,USR_0439,55.64,2026-03-19 22:51:40,"New York, US",Desktop,Retail,0
TXN_011181,USR_0158,188.83,2026-02-28 18:22:27,"New York, US",Desktop,Electronics,0
TXN_010265,USR_0169,55.74,2026-02-16 15:55:03,"Paris, FR",Mobile,Retail,0
TXN_011393,USR_0408,9.43,2026-01-18 16:43:59,"New York, US",POS,Retail,0
TXN_010472,USR_0119,5.16,2026-01-30 06:50:30,Online,Desktop,Electronics,0
TXN_000104,USR_0121,15.58,2026-02-04 09:21:20,Online,Mobile,Retail,0
TXN_011211,USR_0297,46.91,2026-04-01 16:35:07,"New York, US",POS,Electronics,0
TXN_009239,USR_0465,108.31,2026-03-16 15:59:28,"Tokyo, JP",Desktop,Retail,0
TXN_009529,USR_0454,23.57,2026-01-29 04:51:46,"London, UK",Desktop,Electronics,0
TXN_005419,USR_0209,43.14,2026-03-19 07:13:52,"New York, US",POS,Travel,0
TXN_003232,USR_0337,185.33,2026-02-08 08:06:57,"Paris, FR",Mobile,Grocery,0
TXN_005710,USR_0097,61.49,2026-01-02 12:09:22,Online,Desktop,Retail,0
TXN_005269,USR_0143,4.2,2026-03-15 15:18:45,"Tokyo, JP",Mobile,Grocery,0
TXN_010992,USR_0053,33.66,2026-02-24 08:11:11,"Paris, FR",Desktop,Grocery,0
TXN_006046,USR_0371,35.69,2026-04-01 11:47:03,"Paris, FR",Desktop,Grocery,0
TXN_003353,USR_0132,33.15,2026-03-17 18:20:56,"New York, US",Desktop,Electronics,0
TXN_009996,USR_0280,11.97,2026-03-08 12:46:36,"Paris, FR",Desktop,Retail,0
TXN_006307,USR_0246,41.04,2026-03-15 08:56:55,Online,Mobile,Retail,0
TXN_008224,USR_0458,87.02,2026-03-07 13:01:05,"Paris, FR",Desktop,Grocery,0
TXN_008512,USR_0341,113.61,2026-02-20 17:11:25,"New York, US",Desktop,Grocery,0
TXN_000292,USR_0340,14.0,2026-01-19 17:58:22,"Tokyo, JP",POS,Electronics,0
TXN_008164,USR_0288,10.4,2026-02-21 13:34:31,"Tokyo, JP",Desktop,Grocery,0
TXN_009241,USR_0491,12.13,2026-03-13 06:03:03,"London, UK",POS,Travel,0
TXN_010649,USR_0032,12.26,2026-01-06 09:58:53,"Tokyo, JP",POS,Retail,0
TXN_005147,USR_0163,11.04,2026-01-18 09:58:31,"New York, US",POS,Retail,0
TXN_002610,USR_0049,29.79,2026-02-26 12:21:40,Online,Mobile,Retail,0
TXN_003725,USR_0229,31.2,2026-01-18 22:45:26,"Tokyo, JP",Mobile,Electronics,0
TXN_008277,USR_0112,42.5,2026-02-02 20:13:48,"London, UK",Desktop,Retail,0
TXN_007676,USR_0166,44.53,2026-02-10 16:00:33,"Tokyo, JP",POS,Grocery,0
TXN_008450,USR_0049,40.31,2026-02-24 03:02:57,"Tokyo, JP",Mobile,Retail,0
TXN_003791,USR_0186,138.98,2026-02-28 13:54:04,Online,Desktop,Retail,0
TXN_003648,USR_0460,74.37,2026-01-15 05:05:28,"New York, US",POS,Travel,0
TXN_005770,USR_0038,33.42,2026-03-17 08:45:48,"New York, US",Desktop,Retail,0
TXN_003746,USR_0019,22.34,2026-03-31 14:50:40,"New York, US",POS,Grocery,0
TXN_002240,USR_0465,170.82,2026-02-15 13:08:29,"Paris, FR",Desktop,Grocery,0
TXN_002517,USR_0026,45.75,2026-03-18 14:43:23,"Tokyo, JP",Desktop,Grocery,0
TXN_006897,USR_0253,23.46,2026-03-02 07:31:23,Online,Mobile,Grocery,0
TXN_011910,USR_0270,5528.9,2026-02-25 05:19:11,Online,Mobile,Electronics,1
TXN_009765,USR_0111,29.01,2026-02-18 09:04:57,"Tokyo, JP",Mobile,Travel,0
TXN_006955,USR_0442,70.6,2026-01-03 20:27:05,"Tokyo, JP",Desktop,Retail,0
TXN_001714,USR_0196,17.15,2026-01-04 15:11:28,"London, UK",Desktop,Electronics,0
TXN_004707,USR_0168,74.41,2026-01-04 21:42:54,"New York, US",Desktop,Retail,0
TXN_000579,USR_0082,12.16,2026-02-05 14:05:41,"Tokyo, JP",Desktop,Grocery,0
TXN_010186,USR_0088,164.09,2026-01-05 17:34:36,"Paris, FR",Desktop,Retail,0
TXN_001512,USR_0131,4.65,2026-01-23 09:15:49,"Paris, FR",Mobile,Grocery,0
TXN_006138,USR_0416,23.4,2026-01-16 15:58:16,"New York, US",POS,Retail,0
TXN_011407,USR_0229,63.24,2026-02-25 09:56:30,"London, UK",Mobile,Electronics,0
TXN_006160,USR_0009,56.67,2026-01-29 07:10:27,"Paris, FR",Desktop,Retail,0
TXN_002233,USR_0075,248.46,2026-03-23 08:01:11,"London, UK",POS,Electronics,0
TXN_005652,USR_0344,52.42,2026-02-19 19:12:20,Online,Desktop,Retail,0
TXN_009532,USR_0299,31.67,2026-03-22 11:13:47,"Paris, FR",POS,Grocery,0
TXN_003752,USR_0361,12.98,2026-03-12 19:06:00,"Tokyo, JP",Mobile,Electronics,0
TXN_009822,USR_0375,82.37,2026-02-07 04:58:36,"London, UK",Mobile,Grocery,0
TXN_010684,USR_0385,59.08,2026-01-02 06:43:24,"Tokyo, JP",Desktop,Travel,0
TXN_004455,USR_0096,9.43,2026-02-01 19:55:01,"New York, US",POS,Retail,0
TXN_006419,USR_0235,48.0,2026-03-20 05:49:14,"Paris, FR",Desktop,Retail,0
TXN_001769,USR_0166,53.17,2026-03-13 11:40:12,Online,Mobile,Travel,0
TXN_004863,USR_0115,23.2,2026-03-10 20:55:21,"London, UK",Mobile,Retail,0
TXN_000622,USR_0189,105.72,2026-01-26 07:18:36,"Tokyo, JP",POS,Travel,0
TXN_008488,USR_0164,80.89,2026-03-27 08:56:46,"New York, US",POS,Grocery,0
TXN_007653,USR_0436,258.48,2026-02-09 19:33:15,"Tokyo, JP",Mobile,Travel,0
TXN_003834,USR_0368,18.04,2026-02-02 12:57:19,Online,POS,Retail,0
TXN_011210,USR_0122,6.55,2026-03-24 22:13:37,"New York, US",Desktop,Grocery,0
TXN_005613,USR_0048,18.22,2026-01-09 10:40:52,Online,Mobile,Travel,0
TXN_004537,USR_0217,7.37,2026-01-22 13:03:49,"Tokyo, JP",Mobile,Travel,0
TXN_007364,USR_0327,28.66,2026-01-09 13:07:37,"New York, US",POS,Retail,0
TXN_005226,USR_0065,11.44,2026-02-15 15:48:02,"London, UK",Mobile,Retail,0
TXN_000266,USR_0195,86.07,2026-03-10 08:45:14,Online,POS,Electronics,0
TXN_000834,USR_0239,33.83,2026-04-01 13:59:09,"New York, US",Mobile,Grocery,0
TXN_008286,USR_0427,34.51,2026-03-27 23:17:30,"London, UK",POS,Grocery,0
TXN_002920,USR_0294,28.49,2026-01-30 21:45:37,Online,Mobile,Retail,0
TXN_011320,USR_0236,19.85,2026-03-27 07:12:03,"Paris, FR",POS,Grocery,0
TXN_001286,USR_0403,11.35,2026-01-04 15:31:32,"New York, US",Mobile,Retail,0
TXN_010008,USR_0044,68.67,2026-02-26 20:05:50,Online,Mobile,Retail,0
TXN_011498,USR_0174,28.53,2026-02-13 06:33:49,"London, UK",Mobile,Grocery,0
TXN_004191,USR_0211,71.97,2026-02-24 12:37:19,"New York, US",Desktop,Travel,0
TXN_006342,USR_0356,34.31,2026-02-27 12:02:58,"London, UK",Mobile,Grocery,0
TXN_010329,USR_0100,7.17,2026-03-19 13:17:59,"Tokyo, JP",Mobile,Retail,0
TXN_011960,USR_0281,4565.76,2026-01-25 01:18:56,Online,Desktop,Electronics,1
TXN_009472,USR_0040,169.34,2026-01-17 05:03:25,Online,Mobile,Electronics,0
TXN_009900,USR_0306,14.18,2026-03-29 09:39:01,Online,Desktop,Grocery,0
TXN_005435,USR_0269,61.9,2026-03-02 15:00:59,Online,POS,Grocery,0
TXN_011566,USR_0039,84.64,2026-02-23 09:50:48,"Tokyo, JP",POS,Travel,0
TXN_010858,USR_0327,33.33,2026-01-06 19:26:50,"Tokyo, JP",Desktop,Grocery,0
TXN_001397,USR_0209,15.44,2026-02-07 11:54:27,"London, UK",Mobile,Retail,0
TXN_000260,USR_0339,31.33,2026-02-24 22:31:38,"Paris, FR",Desktop,Grocery,0
TXN_010324,USR_0263,107.28,2026-02-16 20:32:59,"Paris, FR",POS,Electronics,0
TXN_001672,USR_0006,190.06,2026-02-28 19:24:29,"Paris, FR",POS,Travel,0
TXN_007924,USR_0113,362.5,2026-02-26 01:10:01,"London, UK",POS,Retail,0
TXN_006974,USR_0067,45.95,2026-03-03 06:11:32,"New York, US",POS,Grocery,0
TXN_008264,USR_0324,51.39,2026-01-20 13:51:55,"London, UK",Mobile,Grocery,0
TXN_000757,USR_0450,35.05,2026-02-14 21:19:08,"New York, US",Desktop,Travel,0
TXN_004755,USR_0094,60.56,2026-01-30 11:21:53,"London, UK",Mobile,Travel,0
TXN_008242,USR_0346,47.84,2026-02-13 18:03:10,"New York, US",POS,Travel,0
TXN_011538,USR_0002,129.78,2026-02-16 11:09:05,"Paris, FR",Mobile,Retail,0
TXN_008383,USR_0014,10.03,2026-03-29 02:05:01,"Paris, FR",POS,Retail,0
TXN_009508,USR_0313,76.15,2026-03-29 09:41:04,"Paris, FR",POS,Electronics,0
TXN_004220,USR_0489,27.67,2026-02-24 09:35:57,"Paris, FR",Desktop,Retail,0
TXN_004891,USR_0132,189.49,2026-03-18 20:58:45,Online,Desktop,Grocery,0
TXN_010236,USR_0316,178.43,2026-01-26 11:44:26,"New York, US",Desktop,Retail,0
TXN_010453,USR_0190,6.18,2026-02-27 09:48:29,"New York, US",Desktop,Travel,0
TXN_008672,USR_0500,37.03,2026-03-31 18:20:00,Online,Mobile,Travel,0
TXN_000695,USR_0429,16.41,2026-02-04 14:36:03,"London, UK",POS,Electronics,0
TXN_010188,USR_0485,32.97,2026-01-24 14:06:53,"Tokyo, JP",Mobile,Electronics,0
TXN_008072,USR_0307,103.55,2026-02-18 06:25:24,"New York, US",Desktop,Retail,0
TXN_008177,USR_0395,18.63,2026-02-12 17:15:09,"London, UK",Mobile,Electronics,0
TXN_009879,USR_0384,2.39,2026-02-06 19:49:04,"London, UK",Desktop,Retail,0
TXN_003577,USR_0474,13.12,2026-03-31 16:29:26,"Paris, FR",POS,Retail,0
TXN_006099,USR_0391,136.87,2026-03-04 17:57:06,"New York, US",Desktop,Grocery,0
TXN_009074,USR_0398,52.25,2026-02-07 03:10:34,Online,Mobile,Retail,0
TXN_008883,USR_0062,40.71,2026-03-09 21:40:17,"New York, US",POS,Grocery,0
TXN_007703,USR_0285,20.55,2026-01-01 06:16:45,"Tokyo, JP",Mobile,Grocery,0
TXN_005732,USR_0222,27.15,2026-01-31 10:47:51,"Tokyo, JP",Desktop,Grocery,0
TXN_002010,USR_0492,96.96,2026-02-05 14:09:05,"Tokyo, JP",Mobile,Retail,0
TXN_006320,USR_0119,74.37,2026-02-08 15:49:28,"Tokyo, JP",POS,Grocery,0
TXN_011543,USR_0276,104.4,2026-01-28 16:31:52,"New York, US",Desktop,Travel,0
TXN_005378,USR_0279,22.63,2026-03-18 01:48:11,Online,POS,Grocery,0
TXN_011722,USR_0171,499.99,2026-01-17 02:08:04,Online,Mobile,Crypto,1
TXN_004116,USR_0077,139.26,2026-01-19 04:07:24,"London, UK",Desktop,Electronics,0
TXN_006367,USR_0352,20.49,2026-01-31 04:48:43,"London, UK",POS,Electronics,0
TXN_010467,USR_0451,16.85,2026-01-25 10:35:22,"Paris, FR",Mobile,Retail,0
TXN_011521,USR_0264,26.55,2026-03-01 10:47:44,"New York, US",POS,Retail,0
TXN_007204,USR_0158,10.31,2026-03-06 20:56:40,"New York, US",Mobile,Grocery,0
TXN_003170,USR_0077,193.74,2026-04-01 07:09:02,"New York, US",Mobile,Travel,0
TXN_004827,USR_0479,229.49,2026-02-07 05:42:20,"Tokyo, JP",Desktop,Electronics,0
TXN_006115,USR_0113,30.49,2026-03-27 15:03:01,"New York, US",POS,Grocery,0
TXN_003888,USR_0059,51.93,2026-01-12 08:51:22,"London, UK",Mobile,Electronics,0
TXN_003947,USR_0493,32.95,2026-01-09 00:27:13,"Tokyo, JP",Mobile,Grocery,0
TXN_001238,USR_0063,153.46,2026-04-01 08:07:05,Online,Mobile,Retail,0
TXN_002999,USR_0459,17.17,2026-01-25 21:45:00,Online,Mobile,Retail,0
TXN_007677,USR_0084,12.66,2026-03-12 09:18:26,"Paris, FR",Desktop,Grocery,0
TXN_002755,USR_0066,16.75,2026-01-13 07:58:50,Online,POS,Retail,0
TXN_010838,USR_0447,29.28,2026-02-20 15:10:54,"New York, US",Desktop,Retail,0
TXN_008803,USR_0128,130.45,2026-02-13 09:34:46,"New York, US",Desktop,Retail,0
TXN_007140,USR_0361,26.77,2026-03-22 21:18:59,"Tokyo, JP",Mobile,Electronics,0
TXN_011250,USR_0477,10.2,2026-01-12 10:37:28,"Paris, FR",POS,Electronics,0
TXN_011385,USR_0055,23.93,2026-03-24 15:12:29,"New York, US",POS,Retail,0
TXN_001965,USR_0368,23.88,2026-01-16 08:58:27,"New York, US",Desktop,Retail,0
TXN_008508,USR_0478,3.74,2026-01-21 14:07:18,"New York, US",Desktop,Retail,0
TXN_010828,USR_0165,93.96,2026-02-21 15:48:04,"Tokyo, JP",POS,Retail,0
TXN_010722,USR_0170,31.0,2026-02-25 17:10:46,"Paris, FR",Mobile,Travel,0
TXN_000820,USR_0458,4.64,2026-03-10 14:18:56,"Paris, FR",Mobile,Travel,0
TXN_011366,USR_0130,23.89,2026-02-25 15:53:26,"New York, US",Mobile,Retail,0
TXN_011447,USR_0063,76.31,2026-02-24 09:01:15,"Tokyo, JP",Mobile,Retail,0
TXN_007749,USR_0053,41.66,2026-01-14 16:57:10,"Tokyo, JP",Mobile,Retail,0
TXN_002541,USR_0250,63.93,2026-03-13 15:22:05,"London, UK",POS,Travel,0
TXN_005722,USR_0053,41.02,2026-03-30 21:38:56,"Tokyo, JP",POS,Retail,0
TXN_006086,USR_0376,66.21,2026-02-15 09:05:33,"Tokyo, JP",Desktop,Travel,0
TXN_007550,USR_0121,52.07,2026-01-07 13:41:31,"Tokyo, JP",Desktop,Travel,0
TXN_001062,USR_0127,74.5,2026-02-01 14:04:17,"Paris, FR",Desktop,Electronics,0
TXN_005925,USR_0007,120.2,2026-01-29 06:21:51,Online,Desktop,Grocery,0
TXN_008284,USR_0044,23.14,2026-03-26 11:36:38,"New York, US",Desktop,Grocery,0
TXN_001255,USR_0431,9.48,2026-02-28 10:48:49,"Tokyo, JP",POS,Retail,0
TXN_000953,USR_0353,121.15,2026-01-02 10:00:43,"London, UK",Desktop,Travel,0
TXN_009134,USR_0125,8.47,2026-01-16 13:29:20,"London, UK",Desktop,Retail,0
TXN_010100,USR_0441,40.1,2026-03-15 16:49:41,"New York, US",Desktop,Electronics,0
TXN_004793,USR_0224,117.49,2026-04-01 07:38:13,"London, UK",POS,Retail,0
TXN_007857,USR_0062,69.39,2026-03-31 07:26:07,"New York, US",Mobile,Retail,0
TXN_001119,USR_0394,59.95,2026-01-07 15:26:19,"Tokyo, JP",POS,Retail,0
TXN_007453,USR_0139,19.22,2026-03-26 12:20:58,"New York, US",POS,Electronics,0
TXN_009576,USR_0271,67.58,2026-01-08 17:44:59,Online,Desktop,Retail,0
TXN_001955,USR_0130,34.89,2026-03-04 09:23:21,"Tokyo, JP",Mobile,Grocery,0
TXN_004059,USR_0147,5.79,2026-03-22 17:45:50,"Paris, FR",Desktop,Grocery,0
TXN_010429,USR_0125,125.77,2026-02-11 16:46:06,"Tokyo, JP",POS,Retail,0
TXN_004090,USR_0461,33.51,2026-01-08 14:11:17,"Tokyo, JP",Mobile,Grocery,0
TXN_006682,USR_0091,16.16,2026-01-24 07:21:48,Online,Mobile,Grocery,0
TXN_001719,USR_0433,18.42,2026-02-05 11:12:45,Online,Mobile,Electronics,0
TXN_004402,USR_0169,69.73,2026-03-06 00:09:48,Online,Desktop,Retail,0
TXN_004239,USR_0230,19.51,2026-01-09 10:03:21,"New York, US",POS,Electronics,0
TXN_008646,USR_0165,51.27,2026-01-30 08:58:22,"Tokyo, JP",POS,Travel,0
TXN_010563,USR_0048,14.27,2026-01-18 06:38:42,Online,Mobile,Electronics,0
TXN_002338,USR_0295,15.69,2026-03-05 19:40:56,"London, UK",Mobile,Retail,0
TXN_003028,USR_0035,13.4,2026-01-09 10:05:16,"Tokyo, JP",Desktop,Retail,0
TXN_008909,USR_0245,12.58,2026-03-06 19:38:26,"Paris, FR",Mobile,Retail,0
TXN_003644,USR_0046,89.66,2026-02-22 05:03:53,"London, UK",POS,Electronics,0
TXN_002413,USR_0353,105.57,2026-03-14 14:38:26,"New York, US",Desktop,Electronics,0
TXN_009565,USR_0373,79.97,2026-03-27 15:40:47,"London, UK",Mobile,Retail,0
TXN_004443,USR_0486,36.07,2026-01-15 17:09:05,"Tokyo, JP",POS,Retail,0
TXN_011774,USR_0234,5883.12,2026-02-14 03:57:31,"Moscow, RU",ATM,Crypto,1
TXN_002715,USR_0313,64.04,2026-02-28 05:09:04,"Tokyo, JP",Desktop,Grocery,0
TXN_001057,USR_0114,10.04,2026-02-25 10:18:50,"Paris, FR",Mobile,Retail,0
TXN_001147,USR_0322,62.52,2026-02-28 22:57:55,Online,Desktop,Retail,0
TXN_004454,USR_0160,106.82,2026-01-26 22:42:47,"Tokyo, JP",Mobile,Electronics,0
TXN_003448,USR_0008,13.83,2026-01-21 12:40:05,"Paris, FR",POS,Travel,0
TXN_003659,USR_0372,66.9,2026-02-20 08:37:42,"Paris, FR",POS,Electronics,0
TXN_006245,USR_0238,12.69,2026-02-25 11:06:06,"London, UK",Desktop,Travel,0
TXN_003899,USR_0193,96.43,2026-03-19 14:09:32,Online,Desktop,Retail,0
TXN_000009,USR_0041,42.18,2026-03-12 12:18:53,Online,Desktop,Travel,0
TXN_007160,USR_0206,25.3,2026-01-31 15:54:59,Online,POS,Electronics,0
TXN_003450,USR_0477,14.34,2026-02-23 19:10:36,Online,Desktop,Electronics,0
TXN_003681,USR_0165,22.91,2026-03-13 14:32:06,"Paris, FR",Desktop,Electronics,0
TXN_006381,USR_0080,26.4,2026-03-30 16:40:16,"Tokyo, JP",Mobile,Grocery,0
TXN_000097,USR_0113,213.96,2026-01-23 15:51:44,Online,Desktop,Grocery,0
TXN_001460,USR_0197,192.22,2026-02-09 18:40:44,"Tokyo, JP",POS,Grocery,0
TXN_001972,USR_0258,34.86,2026-04-01 11:46:33,"Tokyo, JP",Desktop,Retail,0
TXN_000427,USR_0189,92.68,2026-03-20 08:14:14,"London, UK",Desktop,Retail,0
TXN_002955,USR_0469,11.52,2026-03-22 15:47:39,"Tokyo, JP",Desktop,Travel,0
TXN_003897,USR_0023,16.67,2026-04-01 07:03:48,"Tokyo, JP",Mobile,Retail,0
TXN_010672,USR_0058,36.24,2026-01-26 17:14:51,"Paris, FR",POS,Retail,0
TXN_003774,USR_0329,31.47,2026-01-18 22:12:20,"Tokyo, JP",Desktop,Travel,0
TXN_010581,USR_0249,8.11,2026-01-29 19:04:06,"Paris, FR",Mobile,Grocery,0
TXN_010742,USR_0489,19.65,2026-02-04 10:19:59,"London, UK",Mobile,Grocery,0
TXN_005385,USR_0038,7.15,2026-01-12 10:02:22,Online,Mobile,Electronics,0
TXN_010710,USR_0378,39.27,2026-02-14 16:12:38,"Tokyo, JP",POS,Retail,0
TXN_005639,USR_0373,5.63,2026-03-06 09:27:01,"New York, US",Desktop,Retail,0
TXN_000980,USR_0430,30.25,2026-01-22 20:01:02,"Tokyo, JP",Desktop,Retail,0
TXN_005854,USR_0019,17.13,2026-01-16 09:29:01,"London, UK",POS,Retail,0
TXN_001043,USR_0154,39.2,2026-01-29 15:13:54,"Tokyo, JP",Mobile,Electronics,0
TXN_007218,USR_0001,44.32,2026-01-22 00:10:18,"New York, US",Desktop,Grocery,0
TXN_010643,USR_0323,37.43,2026-02-11 11:18:32,"Paris, FR",Desktop,Grocery,0
TXN_010397,USR_0027,11.29,2026-01-30 08:40:31,"London, UK",POS,Grocery,0
TXN_003273,USR_0183,55.15,2026-01-13 22:24:30,Online,Mobile,Retail,0
TXN_001966,USR_0269,26.75,2026-03-06 17:50:01,"London, UK",POS,Grocery,0
TXN_002679,USR_0343,164.74,2026-01-13 07:30:31,Online,Mobile,Retail,0
TXN_003711,USR_0099,42.68,2026-03-06 05:51:38,"New York, US",Desktop,Retail,0
TXN_002895,USR_0272,25.59,2026-01-01 09:41:56,"Tokyo, JP",Desktop,Retail,0
TXN_006706,USR_0223,9.97,2026-03-25 13:33:25,"New York, US",Desktop,Electronics,0
TXN_005744,USR_0255,55.46,2026-03-15 09:51:59,"New York, US",POS,Grocery,0
TXN_011682,USR_0460,7625.85,2026-02-17 01:11:06,"Moscow, RU",Mobile,Wire_Transfer,1
TXN_000583,USR_0068,134.2,2026-03-17 03:14:33,"Paris, FR",Mobile,Grocery,0
TXN_011800,USR_0447,8063.09,2026-02-01 05:07:02,"Sydney, AU",ATM,Electronics,1
TXN_010230,USR_0340,42.65,2026-02-06 15:03:32,"London, UK",POS,Retail,0
TXN_003317,USR_0332,14.62,2026-02-17 13:03:50,Online,Mobile,Electronics,0
TXN_006859,USR_0050,8.51,2026-01-16 10:43:54,"Tokyo, JP",Mobile,Retail,0
TXN_011821,USR_0068,8173.93,2026-03-01 01:41:36,Online,ATM,Crypto,1
TXN_007064,USR_0200,135.21,2026-02-23 12:42:51,Online,Mobile,Grocery,0
TXN_000004,USR_0309,26.2,2026-01-04 19:35:12,Online,Desktop,Retail,0
TXN_005791,USR_0166,39.74,2026-01-16 21:53:47,"New York, US",POS,Travel,0
TXN_000411,USR_0103,6.98,2026-02-06 15:20:18,"New York, US",Mobile,Electronics,0
TXN_001733,USR_0328,41.48,2026-02-08 15:05:10,"New York, US",POS,Travel,0
TXN_009808,USR_0177,13.92,2026-01-20 15:56:53,"Tokyo, JP",Mobile,Grocery,0
TXN_008261,USR_0293,16.54,2026-02-24 12:08:25,"London, UK",POS,Travel,0
TXN_010342,USR_0026,22.96,2026-02-27 19:50:42,"Paris, FR",POS,Travel,0
TXN_010845,USR_0479,8.62,2026-02-05 13:37:24,"New York, US",POS,Retail,0
TXN_006026,USR_0451,38.22,2026-01-22 07:25:24,"London, UK",Mobile,Grocery,0
TXN_000264,USR_0155,12.94,2026-01-28 10:49:08,"Tokyo, JP",Desktop,Grocery,0
TXN_005099,USR_0329,28.74,2026-02-28 11:55:41,"Paris, FR",Mobile,Electronics,0
TXN_000440,USR_0331,39.84,2026-02-23 09:23:57,"Paris, FR",Desktop,Retail,0
TXN_011705,USR_0269,2207.65,2026-03-27 22:49:39,Online,ATM,Electronics,1
TXN_011728,USR_0168,4955.88,2026-02-07 22:11:23,Online,Mobile,Crypto,1
TXN_004542,USR_0493,23.05,2026-03-14 17:50:35,"New York, US",Mobile,Grocery,0
TXN_005788,USR_0082,6.24,2026-03-06 14:44:39,"Paris, FR",Desktop,Travel,0
TXN_001108,USR_0453,32.16,2026-02-08 19:49:52,"Tokyo, JP",Desktop,Retail,0
TXN_011404,USR_0451,52.24,2026-03-10 13:19:27,"Tokyo, JP",POS,Retail,0
TXN_005889,USR_0400,115.27,2026-01-13 14:34:49,"Tokyo, JP",Desktop,Grocery,0
TXN_006785,USR_0433,73.0,2026-03-19 11:59:14,"London, UK",Mobile,Retail,0
TXN_000089,USR_0427,42.94,2026-01-01 10:19:18,"London, UK",Desktop,Travel,0
TXN_002974,USR_0058,19.15,2026-01-12 05:46:15,"Paris, FR",POS,Electronics,0
TXN_005130,USR_0032,19.46,2026-01-10 12:55:27,"Paris, FR",POS,Retail,0
TXN_007961,USR_0325,67.74,2026-03-21 01:55:43,"Paris, FR",POS,Grocery,0
TXN_002125,USR_0089,15.15,2026-01-26 05:43:54,"Tokyo, JP",Desktop,Grocery,0
TXN_003575,USR_0496,66.08,2026-01-15 10:09:25,"New York, US",POS,Retail,0
TXN_007878,USR_0019,15.72,2026-01-28 12:54:47,"London, UK",Desktop,Retail,0
TXN_000275,USR_0373,29.6,2026-03-24 18:52:09,"London, UK",Mobile,Retail,0
TXN_001282,USR_0100,21.74,2026-01-15 06:50:09,"Paris, FR",Desktop,Retail,0
TXN_003753,USR_0306,42.83,2026-01-16 15:09:34,"Paris, FR",POS,Travel,0
TXN_002076,USR_0182,43.15,2026-03-30 18:36:24,"New York, US",POS,Travel,0
TXN_011739,USR_0146,999.0,2026-01-05 05:11:42,"Moscow, RU",Mobile,Gaming,1
TXN_007825,USR_0126,89.65,2026-02-02 10:42:08,"Paris, FR",POS,Travel,0
TXN_010925,USR_0060,77.88,2026-02-25 21:33:57,"New York, US",Mobile,Grocery,0
TXN_006436,USR_0355,29.24,2026-03-10 07:00:56,"New York, US",Mobile,Retail,0
TXN_003316,USR_0353,12.43,2026-01-25 09:30:51,"New York, US",Desktop,Travel,0
TXN_006110,USR_0013,55.96,2026-03-26 07:03:21,"Tokyo, JP",POS,Grocery,0
TXN_008375,USR_0259,36.54,2026-03-25 14:55:35,"London, UK",POS,Retail,0
TXN_006194,USR_0416,97.03,2026-03-17 13:35:39,"London, UK",Desktop,Grocery,0
TXN_010988,USR_0342,57.22,2026-02-12 10:15:49,"Paris, FR",Mobile,Retail,0
TXN_004439,USR_0107,8.67,2026-02-16 11:00:02,"Paris, FR",Mobile,Travel,0
TXN_000416,USR_0279,49.36,2026-03-09 12:31:56,"London, UK",POS,Retail,0
TXN_007412,USR_0173,28.12,2026-03-26 13:23:06,"New York, US",Mobile,Travel,0
TXN_002217,USR_0493,23.35,2026-02-22 18:29:01,Online,Mobile,Retail,0
TXN_011429,USR_0489,19.41,2026-03-12 12:01:31,"London, UK",Desktop,Retail,0
TXN_010848,USR_0027,8.91,2026-02-24 12:20:59,Online,POS,Retail,0
TXN_002128,USR_0056,53.07,2026-03-19 11:24:27,"London, UK",POS,Grocery,0
TXN_006348,USR_0016,11.32,2026-02-26 11:47:25,"New York, US",Mobile,Retail,0
TXN_004316,USR_0409,24.78,2026-01-06 09:26:31,"Paris, FR",Desktop,Electronics,0
TXN_011077,USR_0420,120.58,2026-01-03 21:10:11,"New York, US",POS,Retail,0
TXN_007188,USR_0469,24.46,2026-01-17 14:42:19,"London, UK",Desktop,Electronics,0
TXN_000711,USR_0356,58.5,2026-02-21 09:02:25,"Tokyo, JP",POS,Retail,0
TXN_007403,USR_0310,82.68,2026-03-31 17:47:57,"Tokyo, JP",POS,Travel,0
TXN_003412,USR_0076,91.84,2026-02-25 10:42:17,"New York, US",POS,Retail,0
TXN_005468,USR_0008,20.15,2026-03-17 08:39:59,"New York, US",Desktop,Travel,0
TXN_000408,USR_0116,9.48,2026-03-23 19:14:03,"New York, US",Desktop,Grocery,0
TXN_003060,USR_0371,19.62,2026-02-07 09:40:15,"London, UK",POS,Electronics,0
TXN_009871,USR_0455,99.8,2026-01-27 19:13:52,Online,POS,Electronics,0
TXN_008937,USR_0225,19.93,2026-01-14 10:08:26,Online,POS,Retail,0
TXN_006761,USR_0174,63.76,2026-03-03 16:12:50,Online,Mobile,Grocery,0
TXN_004598,USR_0322,15.12,2026-03-28 19:20:44,Online,Mobile,Travel,0
TXN_004413,USR_0117,47.48,2026-02-15 20:40:12,"Paris, FR",Desktop,Retail,0
TXN_003853,USR_0490,51.54,2026-03-05 13:06:48,"Paris, FR",POS,Retail,0
TXN_008162,USR_0016,39.75,2026-02-26 08:00:47,"Tokyo, JP",POS,Grocery,0
TXN_011769,USR_0180,8735.26,2026-02-26 05:55:56,"Lagos, NG",Mobile,Wire_Transfer,1
TXN_005881,USR_0432,25.99,2026-02-12 10:51:39,"Tokyo, JP",Desktop,Grocery,0
TXN_003208,USR_0183,127.12,2026-01-12 17:22:11,"Paris, FR",Mobile,Travel,0
TXN_002656,USR_0229,29.12,2026-02-26 17:25:12,"London, UK",Desktop,Travel,0
TXN_005240,USR_0376,47.56,2026-02-06 10:53:15,"Paris, FR",Mobile,Electronics,0
TXN_001984,USR_0080,168.88,2026-02-27 08:14:46,"Paris, FR",Desktop,Retail,0
TXN_007840,USR_0481,8.12,2026-01-06 10:47:59,Online,POS,Retail,0
TXN_003871,USR_0002,228.92,2026-02-20 19:31:29,"Paris, FR",Mobile,Grocery,0
TXN_008274,USR_0179,80.4,2026-04-01 18:42:08,Online,Desktop,Travel,0
TXN_007402,USR_0303,34.08,2026-02-03 13:36:26,"Tokyo, JP",Desktop,Grocery,0
TXN_001524,USR_0283,138.57,2026-01-10 15:58:02,Online,Mobile,Travel,0
TXN_011555,USR_0191,24.78,2026-02-20 10:27:28,"New York, US",Mobile,Electronics,0
TXN_009081,USR_0221,10.67,2026-03-28 11:12:06,Online,POS,Grocery,0
TXN_005677,USR_0330,66.63,2026-01-06 10:36:54,"Tokyo, JP",POS,Grocery,0
TXN_001111,USR_0257,18.25,2026-01-15 13:11:49,Online,POS,Travel,0
TXN_010071,USR_0024,94.42,2026-01-25 09:30:01,"London, UK",Desktop,Retail,0
TXN_001407,USR_0426,19.11,2026-01-09 12:31:43,"New York, US",Mobile,Retail,0
TXN_008236,USR_0434,24.84,2026-03-13 16:11:25,"New York, US",Mobile,Electronics,0
TXN_003039,USR_0066,60.87,2026-03-07 08:09:55,"New York, US",Desktop,Travel,0
TXN_009408,USR_0136,61.61,2026-03-27 08:01:59,"London, UK",POS,Electronics,0
TXN_011889,USR_0201,999.0,2026-03-05 23:49:26,Online,Desktop,Wire_Transfer,1
TXN_003913,USR_0203,121.51,2026-01-26 14:00:43,"New York, US",Desktop,Electronics,0
TXN_008269,USR_0393,111.23,2026-01-06 04:36:44,"Paris, FR",Desktop,Grocery,0
TXN_004561,USR_0001,10.41,2026-03-06 22:54:34,"Paris, FR",Desktop,Grocery,0
TXN_006087,USR_0024,14.68,2026-02-14 08:40:02,Online,Desktop,Grocery,0
TXN_010654,USR_0253,180.43,2026-01-16 15:26:19,Online,Desktop,Grocery,0
TXN_010839,USR_0311,244.19,2026-03-26 08:52:46,"Tokyo, JP",POS,Retail,0
TXN_011580,USR_0327,95.69,2026-02-21 10:23:06,"London, UK",Mobile,Retail,0
TXN_011050,USR_0406,41.54,2026-01-09 08:38:39,"New York, US",POS,Retail,0
TXN_004899,USR_0003,63.07,2026-03-31 08:04:11,"Paris, FR",Desktop,Electronics,0
TXN_011745,USR_0285,5000.0,2026-02-06 00:19:06,Online,ATM,Crypto,1
TXN_000634,USR_0168,42.05,2026-02-10 07:28:17,"London, UK",Mobile,Retail,0
TXN_011136,USR_0079,135.56,2026-02-09 00:50:49,"Paris, FR",Desktop,Grocery,0
TXN_008934,USR_0453,33.74,2026-03-15 10:30:40,"Tokyo, JP",Mobile,Electronics,0
TXN_004123,USR_0194,62.51,2026-03-06 16:43:22,"New York, US",POS,Grocery,0
TXN_004808,USR_0396,105.95,2026-01-18 10:58:40,"London, UK",Mobile,Retail,0
TXN_006212,USR_0372,35.63,2026-02-23 08:04:38,"London, UK",Mobile,Grocery,0
TXN_007929,USR_0209,230.48,2026-03-04 11:30:02,"Tokyo, JP",Desktop,Retail,0
TXN_000132,USR_0125,63.52,2026-03-01 10:36:39,"Paris, FR",Desktop,Grocery,0
TXN_010696,USR_0372,47.89,2026-03-18 20:53:20,"Tokyo, JP",Mobile,Grocery,0
TXN_000456,USR_0154,52.41,2026-02-18 12:11:48,Online,Desktop,Retail,0
TXN_007526,USR_0038,25.1,2026-02-27 16:36:56,Online,Mobile,Electronics,0
TXN_009442,USR_0273,69.06,2026-01-02 16:58:01,Online,Mobile,Grocery,0
TXN_009389,USR_0417,302.27,2026-03-29 08:07:32,"Paris, FR",Desktop,Travel,0
TXN_010878,USR_0123,25.85,2026-03-18 05:38:53,"Paris, FR",POS,Retail,0
TXN_000775,USR_0253,56.91,2026-01-20 17:05:49,Online,Mobile,Electronics,0
TXN_005036,USR_0151,7.06,2026-01-04 07:39:10,"London, UK",Mobile,Grocery,0
TXN_000312,USR_0172,34.75,2026-01-19 14:08:02,"Tokyo, JP",Desktop,Electronics,0
TXN_005166,USR_0390,20.57,2026-03-25 07:23:25,"Tokyo, JP",Mobile,Grocery,0
TXN_003596,USR_0247,99.33,2026-01-07 22:27:07,"Tokyo, JP",POS,Retail,0
TXN_003839,USR_0041,13.96,2026-02-16 16:25:10,"London, UK",POS,Retail,0
TXN_003694,USR_0160,14.62,2026-03-06 17:24:36,"Tokyo, JP",POS,Grocery,0
TXN_002070,USR_0488,35.62,2026-03-29 16:27:17,"Tokyo, JP",POS,Retail,0
TXN_000470,USR_0009,40.31,2026-02-03 15:35:59,Online,POS,Electronics,0
TXN_003847,USR_0419,242.75,2026-02-04 16:44:05,"London, UK",Mobile,Grocery,0
TXN_001351,USR_0413,21.9,2026-02-24 09:46:57,"Paris, FR",Mobile,Travel,0
TXN_008656,USR_0047,28.06,2026-01-13 08:36:50,"New York, US",POS,Retail,0
TXN_004396,USR_0432,41.86,2026-01-11 16:54:55,Online,Desktop,Retail,0
TXN_006957,USR_0485,3.41,2026-03-02 09:33:37,"London, UK",Desktop,Grocery,0
TXN_010947,USR_0055,24.79,2026-03-15 15:06:09,"Paris, FR",Mobile,Grocery,0
TXN_000248,USR_0169,37.18,2026-03-27 19:07:26,"Tokyo, JP",POS,Retail,0
TXN_000994,USR_0149,183.21,2026-01-15 08:40:29,Online,Desktop,Grocery,0
TXN_000737,USR_0164,15.09,2026-03-29 06:08:46,"New York, US",POS,Retail,0
TXN_010528,USR_0082,18.37,2026-01-12 10:33:38,"Tokyo, JP",Desktop,Grocery,0
TXN_002953,USR_0252,60.35,2026-01-01 13:22:44,"New York, US",POS,Grocery,0
TXN_003350,USR_0426,6.82,2026-03-31 13:03:43,"Tokyo, JP",Mobile,Grocery,0
TXN_004990,USR_0169,50.85,2026-02-13 20:40:02,"Tokyo, JP",Desktop,Electronics,0
TXN_003706,USR_0443,120.16,2026-02-05 12:50:57,Online,POS,Retail,0
TXN_009583,USR_0310,102.37,2026-03-23 13:11:37,"Tokyo, JP",Mobile,Retail,0
TXN_000564,USR_0292,16.76,2026-02-14 17:34:17,Online,POS,Retail,0
TXN_001723,USR_0117,8.4,2026-01-27 07:30:14,Online,POS,Travel,0
TXN_004780,USR_0001,59.42,2026-02-14 16:22:34,"New York, US",POS,Electronics,0
TXN_003001,USR_0423,7.32,2026-01-27 20:34:40,"New York, US",Mobile,Grocery,0
TXN_005254,USR_0043,39.18,2026-02-06 11:54:09,Online,Desktop,Retail,0
TXN_001577,USR_0455,15.33,2026-03-11 15:39:50,Online,POS,Retail,0
TXN_000074,USR_0452,70.24,2026-02-22 16:01:11,"Tokyo, JP",Desktop,Electronics,0
TXN_010908,USR_0476,6.98,2026-03-28 07:45:19,"London, UK",POS,Electronics,0
TXN_002239,USR_0018,129.36,2026-03-24 12:41:57,Online,Desktop,Grocery,0
TXN_003524,USR_0036,54.48,2026-01-27 17:00:20,"Tokyo, JP",Desktop,Grocery,0
TXN_005665,USR_0237,22.2,2026-03-01 13:56:27,"London, UK",POS,Retail,0
TXN_002885,USR_0029,49.41,2026-04-01 13:08:12,"New York, US",Mobile,Grocery,0
TXN_006852,USR_0285,113.37,2026-02-16 18:38:12,"New York, US",Desktop,Electronics,0
TXN_006502,USR_0006,121.02,2026-02-08 13:17:32,"Tokyo, JP",POS,Electronics,0
TXN_005891,USR_0134,72.08,2026-03-26 20:33:15,"London, UK",Mobile,Grocery,0
TXN_008447,USR_0144,19.01,2026-02-16 09:02:35,"New York, US",POS,Travel,0
TXN_000080,USR_0450,35.47,2026-02-03 08:11:37,"Tokyo, JP",Mobile,Grocery,0
TXN_006428,USR_0296,60.92,2026-03-13 15:27:13,"London, UK",Desktop,Grocery,0
TXN_010435,USR_0432,34.25,2026-01-09 09:27:37,"Tokyo, JP",Mobile,Grocery,0
TXN_002155,USR_0236,16.94,2026-01-16 15:08:20,"London, UK",POS,Retail,0
TXN_000797,USR_0212,52.46,2026-01-05 13:35:35,"New York, US",Mobile,Travel,0
TXN_008553,USR_0394,49.83,2026-02-14 11:10:25,"New York, US",Desktop,Travel,0
TXN_007081,USR_0444,20.42,2026-02-17 22:08:03,"London, UK",Desktop,Grocery,0
TXN_003091,USR_0177,23.89,2026-02-16 14:24:01,"Paris, FR",Desktop,Electronics,0
TXN_010606,USR_0289,17.4,2026-02-01 08:24:04,"London, UK",POS,Electronics,0
TXN_002520,USR_0153,55.37,2026-03-23 17:02:38,"New York, US",Desktop,Electronics,0
TXN_011604,USR_0143,499.99,2026-03-15 05:20:58,"Lagos, NG",Mobile,Gaming,1
TXN_005693,USR_0363,34.27,2026-03-20 09:01:47,"Tokyo, JP",POS,Retail,0
TXN_007212,USR_0127,41.39,2026-03-27 09:18:14,"Tokyo, JP",Desktop,Retail,0
TXN_009857,USR_0097,22.22,2026-01-03 11:47:27,"Paris, FR",Desktop,Retail,0
TXN_002716,USR_0196,14.82,2026-02-02 19:07:40,"Paris, FR",Desktop,Travel,0
TXN_005228,USR_0004,5.65,2026-01-24 16:09:02,"Paris, FR",Mobile,Electronics,0
TXN_007786,USR_0252,11.38,2026-02-11 11:49:10,"London, UK",Desktop,Travel,0
TXN_010481,USR_0264,38.15,2026-03-13 18:06:26,"Tokyo, JP",POS,Grocery,0
TXN_006068,USR_0477,48.04,2026-01-09 17:39:45,"Paris, FR",Mobile,Grocery,0
TXN_000334,USR_0373,12.08,2026-02-24 10:05:27,Online,Mobile,Travel,0
TXN_004412,USR_0455,23.89,2026-01-09 15:31:16,"Tokyo, JP",Mobile,Retail,0
TXN_010203,USR_0253,14.0,2026-02-12 07:02:17,"Tokyo, JP",POS,Grocery,0
TXN_008418,USR_0220,112.41,2026-03-29 13:52:07,"New York, US",Desktop,Electronics,0
TXN_010111,USR_0475,81.54,2026-03-24 22:42:10,Online,POS,Grocery,0
TXN_001085,USR_0045,29.75,2026-02-18 11:33:43,Online,POS,Electronics,0
TXN_005981,USR_0186,134.87,2026-02-22 10:11:36,"New York, US",Desktop,Electronics,0
TXN_001473,USR_0352,5.07,2026-03-17 09:52:20,"Tokyo, JP",Mobile,Grocery,0
TXN_000451,USR_0307,30.74,2026-03-28 08:52:20,"London, UK",Desktop,Retail,0
TXN_001852,USR_0395,148.92,2026-02-16 06:51:43,"London, UK",POS,Electronics,0
TXN_010187,USR_0383,197.14,2026-01-05 13:19:03,"Paris, FR",Mobile,Retail,0
TXN_003747,USR_0367,22.26,2026-02-20 15:28:30,Online,Desktop,Travel,0
TXN_010420,USR_0194,22.27,2026-03-20 13:31:39,"Tokyo, JP",Mobile,Electronics,0
TXN_003324,USR_0339,23.32,2026-02-03 11:56:15,"Paris, FR",Desktop,Electronics,0
TXN_000294,USR_0193,27.38,2026-03-24 11:50:21,"London, UK",POS,Electronics,0
TXN_001251,USR_0363,12.72,2026-03-04 14:30:27,"Paris, FR",POS,Grocery,0
TXN_001146,USR_0470,27.28,2026-03-02 12:51:02,"London, UK",Desktop,Retail,0
TXN_002456,USR_0327,109.45,2026-04-01 12:03:20,"New York, US",POS,Grocery,0
TXN_006179,USR_0192,57.66,2026-01-21 20:14:36,"New York, US",Desktop,Electronics,0
TXN_003520,USR_0496,47.49,2026-01-11 11:51:44,"Paris, FR",Desktop,Grocery,0
TXN_007018,USR_0009,57.52,2026-03-05 06:03:45,"Tokyo, JP",Desktop,Grocery,0
TXN_001954,USR_0242,26.61,2026-02-05 07:58:38,"New York, US",Desktop,Retail,0
TXN_010401,USR_0330,70.57,2026-01-08 10:31:48,Online,Desktop,Electronics,0
TXN_011509,USR_0243,264.58,2026-03-22 15:39:04,Online,Desktop,Electronics,0
TXN_008318,USR_0035,26.4,2026-03-09 09:17:11,"Tokyo, JP",Mobile,Electronics,0
TXN_006392,USR_0368,28.2,2026-02-20 17:34:32,"New York, US",Mobile,Grocery,0
TXN_010557,USR_0179,23.62,2026-03-02 09:55:19,"London, UK",POS,Retail,0
TXN_000853,USR_0345,8.02,2026-01-16 16:34:00,Online,Mobile,Electronics,0
TXN_001495,USR_0314,14.19,2026-02-03 10:33:20,"Paris, FR",Mobile,Grocery,0
TXN_002860,USR_0354,8.66,2026-02-01 20:07:42,"London, UK",Desktop,Grocery,0
TXN_004346,USR_0205,139.51,2026-02-27 23:44:41,"London, UK",Mobile,Retail,0
TXN_007415,USR_0309,6.65,2026-01-21 17:02:30,"Tokyo, JP",POS,Electronics,0
TXN_010520,USR_0148,29.54,2026-03-02 04:08:11,"London, UK",Desktop,Retail,0
TXN_001806,USR_0472,16.83,2026-02-16 09:40:45,"New York, US",POS,Electronics,0
TXN_008531,USR_0257,78.0,2026-01-01 16:18:12,"London, UK",Mobile,Grocery,0
TXN_006740,USR_0258,31.76,2026-01-31 13:28:17,"London, UK",Desktop,Grocery,0
TXN_010380,USR_0013,32.93,2026-03-25 13:12:39,"Tokyo, JP",Desktop,Retail,0
TXN_007088,USR_0355,7.9,2026-01-07 17:49:17,"London, UK",Mobile,Retail,0
TXN_010835,USR_0094,38.11,2026-02-01 09:51:31,"London, UK",Mobile,Grocery,0
TXN_000189,USR_0355,45.79,2026-02-20 21:41:05,"Tokyo, JP",POS,Travel,0
TXN_001124,USR_0308,49.75,2026-03-18 11:00:15,Online,Desktop,Travel,0
TXN_011363,USR_0365,11.17,2026-03-08 09:08:40,Online,POS,Electronics,0
TXN_011929,USR_0497,2189.43,2026-01-23 23:31:21,"Lagos, NG",Desktop,Wire_Transfer,1
TXN_006587,USR_0225,29.71,2026-02-16 06:33:19,"Paris, FR",Desktop,Grocery,0
TXN_011992,USR_0230,8400.91,2026-02-16 22:05:10,Online,Mobile,Wire_Transfer,1
TXN_009406,USR_0302,38.32,2026-02-23 14:30:20,"Tokyo, JP",Desktop,Travel,0
TXN_006758,USR_0191,11.35,2026-01-17 21:54:34,"Paris, FR",POS,Electronics,0
TXN_003707,USR_0221,282.31,2026-03-05 18:26:03,"Tokyo, JP",Desktop,Grocery,0
TXN_006770,USR_0160,8.79,2026-03-20 06:09:38,"London, UK",POS,Retail,0
TXN_005293,USR_0310,9.73,2026-02-21 13:31:46,"New York, US",POS,Retail,0
TXN_001595,USR_0477,25.06,2026-03-04 08:46:26,"London, UK",Mobile,Travel,0
TXN_011732,USR_0149,4699.73,2026-03-22 01:17:32,"Moscow, RU",Desktop,Crypto,1
TXN_002590,USR_0292,109.19,2026-03-23 16:58:00,Online,Mobile,Electronics,0
TXN_000501,USR_0366,17.94,2026-01-10 19:05:17,"London, UK",Desktop,Electronics,0
TXN_003600,USR_0441,7.86,2026-02-06 22:33:41,"New York, US",Desktop,Grocery,0
TXN_000291,USR_0494,35.78,2026-03-19 14:55:09,"Tokyo, JP",Mobile,Travel,0
TXN_005377,USR_0270,286.1,2026-03-24 02:14:21,"Tokyo, JP",Mobile,Grocery,0
TXN_011711,USR_0422,6708.76,2026-03-01 23:40:55,"Moscow, RU",Desktop,Gaming,1
TXN_010792,USR_0174,25.54,2026-01-31 09:41:51,Online,POS,Electronics,0
TXN_002933,USR_0398,17.54,2026-01-19 08:28:40,"Paris, FR",POS,Retail,0
TXN_003563,USR_0136,9.59,2026-03-12 15:31:38,"Paris, FR",POS,Travel,0
TXN_004973,USR_0259,6.26,2026-02-03 05:35:32,"Paris, FR",Desktop,Retail,0
TXN_005273,USR_0444,16.07,2026-02-23 05:49:08,"Paris, FR",Desktop,Electronics,0
TXN_008527,USR_0277,56.99,2026-03-05 11:23:02,"New York, US",POS,Retail,0
TXN_003469,USR_0307,15.29,2026-03-30 03:16:32,"Tokyo, JP",POS,Retail,0
TXN_000591,USR_0386,187.91,2026-01-16 06:37:46,"Paris, FR",Desktop,Retail,0
TXN_003689,USR_0427,19.75,2026-03-12 11:09:06,"Tokyo, JP",Mobile,Retail,0
TXN_008601,USR_0079,18.75,2026-03-06 11:04:33,"Tokyo, JP",Desktop,Electronics,0
TXN_002272,USR_0038,1.94,2026-03-14 10:57:39,"New York, US",Desktop,Grocery,0
TXN_007443,USR_0481,22.23,2026-01-09 14:29:21,"New York, US",Mobile,Electronics,0
TXN_005823,USR_0142,346.92,2026-02-08 13:06:50,"Tokyo, JP",POS,Retail,0
TXN_002770,USR_0485,22.8,2026-02-21 16:36:44,"Paris, FR",Desktop,Retail,0
TXN_001092,USR_0392,17.8,2026-02-10 10:56:26,"Paris, FR",Desktop,Retail,0
TXN_002772,USR_0160,10.45,2026-02-15 15:11:45,"Paris, FR",Desktop,Retail,0
TXN_003255,USR_0486,36.86,2026-02-05 12:27:03,"Tokyo, JP",Mobile,Retail,0
TXN_005054,USR_0147,162.14,2026-02-01 09:28:31,"Paris, FR",Desktop,Grocery,0
TXN_008006,USR_0134,25.06,2026-01-01 14:03:56,"London, UK",Desktop,Retail,0
TXN_000778,USR_0185,2.48,2026-03-28 09:20:27,"New York, US",Mobile,Grocery,0
TXN_009432,USR_0211,75.31,2026-01-09 17:25:57,"London, UK",Mobile,Travel,0
TXN_000300,USR_0306,20.35,2026-02-18 10:09:10,"London, UK",POS,Travel,0
TXN_009884,USR_0253,41.46,2026-03-08 09:16:39,"New York, US",Mobile,Retail,0
TXN_001091,USR_0273,15.06,2026-01-16 05:11:20,"London, UK",POS,Grocery,0
TXN_001195,USR_0361,23.84,2026-03-13 11:52:22,"New York, US",Desktop,Grocery,0
TXN_008181,USR_0286,11.73,2026-03-10 16:17:02,Online,POS,Electronics,0
TXN_005466,USR_0453,9.53,2026-01-13 18:11:48,"Paris, FR",Mobile,Travel,0
TXN_008742,USR_0349,23.13,2026-02-09 17:16:34,"London, UK",POS,Travel,0
TXN_000533,USR_0176,21.19,2026-02-28 10:50:13,Online,Desktop,Grocery,0
TXN_003264,USR_0190,16.7,2026-03-08 09:16:44,"New York, US",Desktop,Electronics,0
TXN_000972,USR_0163,39.63,2026-03-25 17:18:45,"Tokyo, JP",POS,Electronics,0
TXN_011381,USR_0298,6.79,2026-02-03 08:39:33,"London, UK",Desktop,Travel,0
TXN_004085,USR_0009,67.98,2026-01-18 21:21:25,Online,Mobile,Retail,0
TXN_001114,USR_0129,41.4,2026-02-11 11:44:41,"London, UK",POS,Electronics,0
TXN_003709,USR_0443,38.81,2026-02-16 08:31:48,"Paris, FR",Desktop,Travel,0
TXN_006713,USR_0465,9.95,2026-03-28 13:28:18,"London, UK",POS,Electronics,0
TXN_001593,USR_0347,49.1,2026-03-09 18:25:37,Online,POS,Retail,0
TXN_002392,USR_0467,30.62,2026-02-17 10:21:26,"London, UK",POS,Electronics,0
TXN_007925,USR_0115,68.22,2026-02-07 07:49:16,Online,Mobile,Retail,0
TXN_005886,USR_0097,16.71,2026-03-07 16:01:43,"Tokyo, JP",Mobile,Grocery,0
TXN_007308,USR_0007,77.82,2026-03-22 16:18:07,"London, UK",Mobile,Retail,0
TXN_005728,USR_0115,29.6,2026-01-05 11:12:03,"Tokyo, JP",Desktop,Grocery,0
TXN_001083,USR_0450,66.48,2026-02-19 14:56:52,"New York, US",POS,Grocery,0
TXN_005642,USR_0168,51.09,2026-01-03 12:56:59,"Tokyo, JP",Desktop,Grocery,0
TXN_003446,USR_0241,16.01,2026-03-10 15:06:59,"London, UK",Desktop,Electronics,0
TXN_011689,USR_0047,6184.97,2026-02-19 04:14:13,"Moscow, RU",Mobile,Electronics,1
TXN_008178,USR_0405,13.02,2026-02-03 12:57:56,"Paris, FR",Mobile,Electronics,0
TXN_008864,USR_0388,10.19,2026-01-01 11:17:27,"New York, US",Mobile,Electronics,0
TXN_002021,USR_0357,114.39,2026-02-24 01:23:03,"New York, US",POS,Travel,0
TXN_009737,USR_0399,67.39,2026-02-26 16:19:33,"Paris, FR",POS,Travel,0
TXN_001804,USR_0251,50.68,2026-03-23 13:44:23,"New York, US",POS,Retail,0
TXN_011634,USR_0306,499.99,2026-03-21 02:46:45,"Sydney, AU",ATM,Electronics,1
TXN_004099,USR_0319,11.53,2026-03-18 20:59:55,"London, UK",Desktop,Grocery,0
TXN_004890,USR_0384,62.69,2026-03-15 17:53:34,"Tokyo, JP",POS,Grocery,0
TXN_008564,USR_0408,36.69,2026-01-12 05:59:31,"Paris, FR",Mobile,Retail,0
TXN_002760,USR_0333,53.27,2026-01-08 18:57:22,"Paris, FR",POS,Retail,0
TXN_001643,USR_0334,19.39,2026-01-10 17:34:01,"Paris, FR",POS,Grocery,0
TXN_010364,USR_0334,23.86,2026-01-30 06:59:48,"New York, US",POS,Retail,0
TXN_008758,USR_0331,39.98,2026-03-30 19:11:36,"Tokyo, JP",Desktop,Grocery,0
TXN_008662,USR_0416,13.74,2026-03-10 15:37:08,"New York, US",Mobile,Grocery,0
TXN_007482,USR_0411,52.78,2026-02-26 16:52:01,"Paris, FR",Mobile,Retail,0
TXN_004644,USR_0257,43.33,2026-02-19 12:36:16,"Paris, FR",POS,Grocery,0
TXN_008262,USR_0195,51.16,2026-02-15 11:18:49,Online,POS,Retail,0
TXN_005387,USR_0477,49.78,2026-01-26 13:38:28,Online,POS,Grocery,0
TXN_009361,USR_0089,13.66,2026-03-21 16:21:50,Online,POS,Travel,0
TXN_002089,USR_0224,43.86,2026-02-18 12:18:54,"Paris, FR",POS,Grocery,0
TXN_004008,USR_0198,28.52,2026-01-09 11:20:46,"Tokyo, JP",Desktop,Grocery,0
TXN_000047,USR_0086,36.13,2026-02-22 10:31:30,"London, UK",Desktop,Grocery,0
TXN_010782,USR_0229,18.83,2026-02-08 21:41:47,"Tokyo, JP",Desktop,Electronics,0
TXN_001150,USR_0296,8.95,2026-03-29 19:21:51,"Tokyo, JP",Mobile,Retail,0
TXN_009187,USR_0143,8.95,2026-03-01 20:10:38,"New York, US",POS,Electronics,0
TXN_009335,USR_0128,40.17,2026-03-17 14:20:15,"Paris, FR",POS,Travel,0
TXN_000896,USR_0021,80.16,2026-03-15 19:09:03,"London, UK",Desktop,Retail,0
TXN_011265,USR_0377,4.91,2026-03-31 14:10:55,"London, UK",Mobile,Travel,0
TXN_007725,USR_0483,332.85,2026-02-09 12:13:17,"Tokyo, JP",Mobile,Grocery,0
TXN_000766,USR_0214,23.64,2026-02-26 09:24:07,Online,Desktop,Retail,0
TXN_009403,USR_0489,35.03,2026-02-18 07:31:38,"Tokyo, JP",POS,Electronics,0
TXN_011145,USR_0236,17.15,2026-01-24 07:49:23,"London, UK",Desktop,Grocery,0
TXN_007956,USR_0269,25.0,2026-03-15 07:20:57,"New York, US",Mobile,Grocery,0
TXN_003579,USR_0196,28.68,2026-02-21 21:06:08,"London, UK",Mobile,Grocery,0
TXN_002936,USR_0301,21.57,2026-01-17 19:20:01,"New York, US",Mobile,Grocery,0
TXN_001567,USR_0367,26.95,2026-02-23 06:23:40,"London, UK",Mobile,Travel,0
TXN_011857,USR_0227,5693.04,2026-03-08 03:36:00,"Sydney, AU",ATM,Crypto,1
TXN_009519,USR_0252,2.64,2026-01-18 14:13:08,"Tokyo, JP",Desktop,Electronics,0
TXN_001202,USR_0329,72.57,2026-02-23 12:55:29,Online,Desktop,Travel,0
TXN_005262,USR_0072,7.38,2026-01-06 20:06:06,"Tokyo, JP",POS,Grocery,0
TXN_003756,USR_0307,203.72,2026-01-08 07:19:20,"Paris, FR",POS,Electronics,0
TXN_005334,USR_0471,43.33,2026-01-15 22:07:56,Online,Desktop,Retail,0
TXN_011029,USR_0040,36.72,2026-03-08 13:03:34,"Tokyo, JP",Mobile,Travel,0
TXN_003038,USR_0284,69.39,2026-03-23 13:40:34,"New York, US",Mobile,Electronics,0
TXN_010582,USR_0179,24.08,2026-02-18 12:54:21,"London, UK",POS,Travel,0
TXN_000566,USR_0461,5.01,2026-03-28 06:52:06,"London, UK",Desktop,Grocery,0
TXN_008392,USR_0392,42.12,2026-01-26 11:44:35,"New York, US",Desktop,Retail,0
TXN_002620,USR_0500,1.95,2026-02-28 20:49:17,"New York, US",POS,Retail,0
TXN_008956,USR_0122,27.58,2026-03-20 09:08:51,"London, UK",POS,Electronics,0
TXN_004192,USR_0317,20.41,2026-02-20 18:31:01,Online,Mobile,Travel,0
TXN_004924,USR_0009,9.07,2026-03-07 08:49:14,"Tokyo, JP",Desktop,Grocery,0
TXN_001012,USR_0031,27.77,2026-02-15 14:41:09,Online,Mobile,Retail,0
TXN_011540,USR_0349,54.59,2026-03-13 11:37:10,Online,POS,Grocery,0
TXN_006393,USR_0354,60.65,2026-03-24 14:25:24,"Tokyo, JP",Desktop,Travel,0
TXN_011799,USR_0033,3944.09,2026-02-11 05:21:44,"Sydney, AU",ATM,Gaming,1
TXN_003425,USR_0268,182.61,2026-01-26 10:55:37,"Paris, FR",POS,Retail,0
TXN_007541,USR_0380,14.16,2026-03-28 08:55:08,"New York, US",Mobile,Travel,0
TXN_008733,USR_0210,282.23,2026-01-27 12:15:52,"Tokyo, JP",POS,Grocery,0
TXN_010607,USR_0011,8.16,2026-01-09 19:18:19,"Paris, FR",Desktop,Grocery,0
TXN_002109,USR_0335,3.75,2026-01-29 11:19:12,Online,Mobile,Electronics,0
TXN_002817,USR_0266,40.15,2026-01-05 13:30:30,"New York, US",Mobile,Retail,0
TXN_009206,USR_0357,7.78,2026-03-15 21:35:00,"Paris, FR",POS,Retail,0
TXN_002391,USR_0081,141.64,2026-03-10 14:25:55,"London, UK",Desktop,Retail,0
TXN_011855,USR_0476,5335.6,2026-01-02 03:43:00,"Sydney, AU",Mobile,Electronics,1
TXN_005588,USR_0236,12.67,2026-03-03 15:40:49,"London, UK",Desktop,Electronics,0
TXN_002120,USR_0311,75.44,2026-01-04 23:34:01,Online,POS,Retail,0
TXN_009945,USR_0433,23.89,2026-01-18 12:02:52,"London, UK",POS,Grocery,0
TXN_006378,USR_0361,18.37,2026-02-23 04:23:32,Online,Desktop,Retail,0
TXN_005838,USR_0248,40.19,2026-01-18 13:11:22,"Tokyo, JP",Desktop,Travel,0
TXN_008630,USR_0143,71.31,2026-03-09 05:53:49,"Tokyo, JP",POS,Electronics,0
TXN_010179,USR_0294,22.49,2026-01-31 13:10:07,Online,Desktop,Retail,0
TXN_010379,USR_0134,7.52,2026-02-11 08:00:38,"New York, US",POS,Electronics,0
TXN_006006,USR_0295,13.55,2026-03-24 11:54:12,"Paris, FR",POS,Grocery,0
TXN_010652,USR_0194,56.89,2026-01-05 15:40:10,Online,Desktop,Electronics,0
TXN_004914,USR_0004,80.23,2026-01-13 15:26:20,"Tokyo, JP",Desktop,Electronics,0
TXN_007821,USR_0009,156.55,2026-02-25 16:08:51,"Paris, FR",Mobile,Retail,0
TXN_001346,USR_0491,6.01,2026-01-12 10:32:25,"London, UK",Desktop,Grocery,0
TXN_001445,USR_0238,215.07,2026-03-04 16:35:27,"Paris, FR",POS,Grocery,0
TXN_002626,USR_0200,61.97,2026-03-30 13:58:45,"Paris, FR",Mobile,Grocery,0
TXN_008856,USR_0068,6.3,2026-02-16 17:15:55,"Paris, FR",POS,Retail,0
TXN_000081,USR_0306,13.2,2026-02-25 20:22:46,"Tokyo, JP",Desktop,Travel,0
TXN_005428,USR_0113,37.91,2026-02-02 11:21:46,"New York, US",Desktop,Retail,0
TXN_002408,USR_0330,19.61,2026-02-09 10:21:09,"New York, US",Mobile,Travel,0
TXN_000336,USR_0157,177.05,2026-02-27 19:38:45,"Paris, FR",Mobile,Electronics,0
TXN_002875,USR_0199,5.36,2026-01-05 20:44:43,"Tokyo, JP",POS,Retail,0
TXN_006158,USR_0118,44.69,2026-02-20 03:47:39,"Tokyo, JP",Mobile,Retail,0
TXN_003892,USR_0294,34.99,2026-03-04 18:46:00,"Tokyo, JP",POS,Grocery,0
TXN_001573,USR_0324,31.13,2026-03-26 09:56:33,"Tokyo, JP",Desktop,Retail,0
TXN_008218,USR_0190,58.94,2026-03-27 15:58:38,"Paris, FR",Mobile,Retail,0
TXN_003945,USR_0172,17.62,2026-01-26 09:23:15,"Paris, FR",Desktop,Travel,0
TXN_002110,USR_0400,39.59,2026-02-18 15:49:16,"New York, US",Desktop,Grocery,0
TXN_010243,USR_0081,122.93,2026-03-05 14:52:26,"London, UK",POS,Retail,0
TXN_001510,USR_0442,59.27,2026-01-07 16:51:41,"Tokyo, JP",Desktop,Grocery,0
TXN_001897,USR_0289,19.57,2026-03-26 18:41:52,Online,POS,Retail,0
TXN_009659,USR_0400,27.05,2026-01-28 15:24:54,"London, UK",Desktop,Electronics,0
TXN_007822,USR_0226,34.46,2026-02-06 07:45:06,"Tokyo, JP",POS,Grocery,0
TXN_009920,USR_0112,125.64,2026-03-25 16:16:11,Online,Mobile,Grocery,0
TXN_006045,USR_0128,48.91,2026-01-16 11:25:39,"Paris, FR",POS,Retail,0
TXN_001846,USR_0176,128.44,2026-02-18 01:58:45,"Paris, FR",POS,Electronics,0
TXN_000112,USR_0348,53.65,2026-02-21 21:46:10,"Paris, FR",Mobile,Travel,0
TXN_000473,USR_0495,35.96,2026-03-24 20:47:31,"Paris, FR",Mobile,Electronics,0
TXN_009546,USR_0396,29.0,2026-02-17 08:32:01,"Tokyo, JP",Desktop,Electronics,0
TXN_007326,USR_0327,56.32,2026-02-11 10:15:42,"Paris, FR",POS,Retail,0
TXN_006776,USR_0447,145.89,2026-03-28 17:04:59,"Paris, FR",Desktop,Grocery,0
TXN_008799,USR_0424,17.38,2026-03-12 16:39:54,"London, UK",Mobile,Electronics,0
TXN_009015,USR_0132,23.98,2026-02-03 11:49:31,Online,POS,Travel,0
TXN_009982,USR_0282,26.78,2026-02-10 13:19:17,"London, UK",Desktop,Grocery,0
TXN_001184,USR_0356,9.77,2026-01-31 05:11:42,"New York, US",POS,Electronics,0
TXN_006598,USR_0205,75.04,2026-01-03 09:50:21,"Tokyo, JP",Desktop,Electronics,0
TXN_007079,USR_0091,176.96,2026-01-06 17:03:18,"London, UK",Mobile,Electronics,0
TXN_003438,USR_0053,36.14,2026-01-11 18:38:10,"New York, US",Desktop,Grocery,0
TXN_002311,USR_0297,127.88,2026-01-11 22:17:57,Online,POS,Grocery,0
TXN_009062,USR_0413,54.92,2026-02-21 17:46:29,"Paris, FR",Mobile,Grocery,0
TXN_011043,USR_0106,16.21,2026-01-07 10:50:52,"Tokyo, JP",Mobile,Travel,0
TXN_007320,USR_0130,50.27,2026-02-10 13:21:47,Online,Desktop,Travel,0
TXN_004342,USR_0095,46.21,2026-02-07 17:00:16,"London, UK",Mobile,Retail,0
TXN_002693,USR_0343,92.7,2026-02-13 07:48:33,"Tokyo, JP",Mobile,Grocery,0
TXN_008806,USR_0473,8.2,2026-01-09 21:45:07,Online,Desktop,Travel,0
TXN_008597,USR_0060,15.35,2026-03-08 22:20:39,"Paris, FR",POS,Travel,0
TXN_005529,USR_0482,43.31,2026-01-04 09:23:23,"Paris, FR",Mobile,Retail,0
TXN_002890,USR_0095,8.13,2026-03-06 11:00:05,"London, UK",Mobile,Grocery,0
TXN_002185,USR_0390,7.15,2026-01-02 17:38:22,"Paris, FR",POS,Grocery,0
TXN_005779,USR_0464,218.68,2026-01-22 08:45:34,"New York, US",Mobile,Travel,0
TXN_004395,USR_0005,21.14,2026-03-11 18:50:46,"Tokyo, JP",Desktop,Travel,0
TXN_010278,USR_0343,33.7,2026-03-29 17:36:01,"London, UK",Desktop,Retail,0
TXN_010388,USR_0014,8.23,2026-01-10 21:00:43,"New York, US",POS,Electronics,0
TXN_006024,USR_0291,12.18,2026-02-06 12:00:38,"New York, US",Desktop,Electronics,0
TXN_009036,USR_0451,35.47,2026-01-09 05:39:53,"Paris, FR",POS,Grocery,0
TXN_009422,USR_0313,110.95,2026-01-16 16:59:16,"Paris, FR",Mobile,Retail,0
TXN_001194,USR_0437,171.17,2026-02-07 08:03:23,Online,Mobile,Grocery,0
TXN_000046,USR_0051,158.32,2026-01-07 12:41:34,"New York, US",Mobile,Retail,0
TXN_003650,USR_0497,20.43,2026-03-11 17:59:25,"Tokyo, JP",Desktop,Travel,0
TXN_009731,USR_0009,17.86,2026-01-01 12:17:23,Online,POS,Retail,0
TXN_009476,USR_0194,14.22,2026-02-09 09:14:48,Online,Desktop,Grocery,0
TXN_001579,USR_0044,60.04,2026-01-05 07:34:21,"Paris, FR",POS,Electronics,0
TXN_003140,USR_0343,7.76,2026-02-28 13:51:57,"Tokyo, JP",POS,Electronics,0
TXN_008289,USR_0112,15.97,2026-01-20 17:22:48,"London, UK",Desktop,Travel,0
TXN_003430,USR_0306,45.61,2026-01-18 18:22:01,Online,Mobile,Electronics,0
TXN_001585,USR_0025,46.98,2026-03-25 09:07:28,"Tokyo, JP",POS,Electronics,0
TXN_004190,USR_0012,72.84,2026-02-26 11:17:40,"Paris, FR",Mobile,Travel,0
TXN_005973,USR_0171,235.93,2026-01-04 09:30:35,"Paris, FR",POS,Travel,0
TXN_010465,USR_0301,38.89,2026-04-01 12:49:24,Online,Mobile,Grocery,0
TXN_003335,USR_0376,54.91,2026-02-03 14:54:41,"London, UK",POS,Retail,0
TXN_006763,USR_0049,91.61,2026-03-11 16:05:58,"Tokyo, JP",POS,Grocery,0
TXN_011228,USR_0055,108.41,2026-01-25 08:10:43,Online,Mobile,Grocery,0
TXN_010122,USR_0466,43.83,2026-03-20 17:08:47,"London, UK",Desktop,Retail,0
TXN_000316,USR_0155,34.72,2026-01-16 07:03:15,"Paris, FR",POS,Travel,0
TXN_010287,USR_0044,106.13,2026-03-31 20:22:55,"Tokyo, JP",Mobile,Retail,0
TXN_006622,USR_0237,41.06,2026-03-16 17:42:50,"Tokyo, JP",POS,Grocery,0
TXN_006534,USR_0089,31.04,2026-01-12 21:50:10,"Tokyo, JP",Desktop,Grocery,0
TXN_009370,USR_0405,63.57,2026-01-27 01:43:05,"London, UK",Mobile,Travel,0
TXN_002145,USR_0425,13.56,2026-02-23 10:46:19,"Tokyo, JP",Desktop,Grocery,0
TXN_006501,USR_0236,341.39,2026-01-30 20:33:25,"Tokyo, JP",Desktop,Travel,0
TXN_010043,USR_0137,3.53,2026-03-15 12:21:39,Online,Mobile,Travel,0
TXN_005863,USR_0451,19.45,2026-03-28 16:50:22,Online,POS,Retail,0
TXN_005197,USR_0157,14.78,2026-03-31 08:49:01,Online,Desktop,Retail,0
TXN_006663,USR_0178,35.99,2026-01-08 07:54:30,"Tokyo, JP",POS,Grocery,0
TXN_005171,USR_0496,42.41,2026-03-23 21:52:26,"Paris, FR",POS,Travel,0
TXN_009027,USR_0138,65.16,2026-01-14 06:55:43,Online,POS,Electronics,0
TXN_001072,USR_0374,14.79,2026-01-19 14:44:44,"New York, US",Desktop,Travel,0
TXN_009213,USR_0104,34.2,2026-01-08 15:55:55,Online,Mobile,Grocery,0
TXN_007629,USR_0417,397.55,2026-03-12 00:24:48,Online,POS,Travel,0
TXN_005606,USR_0048,5.61,2026-03-29 09:40:39,"New York, US",POS,Retail,0
TXN_009964,USR_0153,53.89,2026-03-02 17:48:07,"Tokyo, JP",Desktop,Grocery,0
TXN_010436,USR_0473,48.52,2026-03-24 08:41:38,"Tokyo, JP",Mobile,Retail,0
TXN_000410,USR_0476,94.54,2026-01-21 11:26:41,"Paris, FR",Desktop,Electronics,0
TXN_003785,USR_0215,108.97,2026-03-12 12:12:18,Online,Mobile,Retail,0
TXN_003442,USR_0152,41.7,2026-02-09 08:16:37,"New York, US",POS,Retail,0
TXN_000577,USR_0321,25.86,2026-02-28 03:01:07,"London, UK",Desktop,Retail,0
TXN_008609,USR_0171,6.07,2026-03-19 23:08:56,Online,Mobile,Retail,0
TXN_005577,USR_0095,63.87,2026-02-11 21:35:56,"New York, US",POS,Electronics,0
TXN_007198,USR_0035,16.92,2026-01-03 12:19:09,"Paris, FR",POS,Travel,0
TXN_000714,USR_0051,12.0,2026-01-30 11:08:19,"Paris, FR",Desktop,Grocery,0
TXN_009467,USR_0497,82.73,2026-02-28 17:50:21,"New York, US",Mobile,Electronics,0
TXN_005872,USR_0469,36.33,2026-02-28 16:43:46,"London, UK",Desktop,Electronics,0
TXN_001088,USR_0335,38.2,2026-01-18 13:37:34,"London, UK",Mobile,Grocery,0
TXN_003248,USR_0024,9.65,2026-01-10 15:43:25,"London, UK",Mobile,Grocery,0
TXN_008474,USR_0078,196.46,2026-02-22 09:30:10,"Paris, FR",Mobile,Retail,0
TXN_008761,USR_0303,8.13,2026-02-14 05:06:05,"London, UK",Mobile,Retail,0
TXN_002216,USR_0365,48.83,2026-02-15 15:29:22,"Paris, FR",Desktop,Retail,0
TXN_001455,USR_0090,24.54,2026-01-28 17:17:28,"Paris, FR",Desktop,Travel,0
TXN_004588,USR_0053,7.24,2026-01-19 19:44:01,Online,Desktop,Grocery,0
TXN_002421,USR_0223,110.68,2026-02-07 13:46:59,"Tokyo, JP",POS,Grocery,0
TXN_002859,USR_0210,23.68,2026-01-21 11:35:35,"Paris, FR",POS,Grocery,0
TXN_000882,USR_0248,19.44,2026-02-15 12:02:14,"Paris, FR",Mobile,Grocery,0
TXN_001711,USR_0152,40.06,2026-02-26 13:33:22,"London, UK",POS,Grocery,0
TXN_003990,USR_0051,116.11,2026-01-02 13:31:07,"London, UK",Desktop,Grocery,0
TXN_011917,USR_0157,8736.5,2026-03-31 00:43:28,"Sydney, AU",Desktop,Gaming,1
TXN_009104,USR_0031,70.91,2026-02-14 07:43:51,Online,Mobile,Grocery,0
TXN_004717,USR_0349,65.13,2026-03-04 09:57:00,"New York, US",Mobile,Grocery,0
TXN_011694,USR_0016,1500.0,2026-02-20 00:03:52,Online,Desktop,Crypto,1
TXN_002406,USR_0366,4.5,2026-01-14 09:28:14,Online,Mobile,Retail,0
TXN_003882,USR_0285,27.41,2026-03-11 14:28:20,Online,Mobile,Grocery,0
TXN_011835,USR_0062,9203.08,2026-02-24 02:12:28,"Sydney, AU",Desktop,Wire_Transfer,1
TXN_003061,USR_0426,16.29,2026-02-13 10:11:56,"Paris, FR",Desktop,Retail,0
TXN_011620,USR_0490,1548.0,2026-03-11 05:07:22,"Lagos, NG",Desktop,Wire_Transfer,1
TXN_003354,USR_0114,7.07,2026-01-19 16:51:06,"New York, US",Mobile,Electronics,0
TXN_009129,USR_0268,27.91,2026-03-23 11:00:07,"New York, US",Desktop,Electronics,0
TXN_010996,USR_0338,50.51,2026-02-17 15:48:13,"London, UK",Mobile,Electronics,0
TXN_001598,USR_0017,182.02,2026-01-21 18:35:23,"New York, US",POS,Retail,0
TXN_006651,USR_0498,50.47,2026-03-16 16:03:39,"Paris, FR",POS,Retail,0
TXN_003527,USR_0269,463.07,2026-03-20 11:24:24,Online,POS,Electronics,0
TXN_007385,USR_0147,42.32,2026-02-05 16:36:24,"Tokyo, JP",POS,Retail,0
TXN_009660,USR_0096,10.72,2026-02-07 16:39:41,"Tokyo, JP",Desktop,Electronics,0
TXN_004654,USR_0434,72.35,2026-03-24 03:40:26,"New York, US",Desktop,Retail,0
TXN_010822,USR_0244,16.93,2026-02-25 21:03:15,Online,Desktop,Electronics,0
TXN_001181,USR_0303,33.13,2026-02-22 12:15:39,"London, UK",POS,Retail,0
TXN_008510,USR_0387,19.4,2026-01-26 21:37:01,"London, UK",POS,Grocery,0
TXN_008166,USR_0280,24.51,2026-03-17 07:27:41,"London, UK",Desktop,Travel,0
TXN_005628,USR_0169,30.47,2026-01-06 16:16:29,"New York, US",POS,Travel,0
TXN_007519,USR_0279,29.16,2026-03-31 19:12:36,"London, UK",Mobile,Grocery,0
TXN_008822,USR_0010,80.91,2026-03-09 19:34:03,"Tokyo, JP",Mobile,Grocery,0
TXN_004772,USR_0141,110.94,2026-02-27 11:18:35,Online,Mobile,Grocery,0
TXN_007149,USR_0301,321.85,2026-03-25 14:04:37,"Tokyo, JP",POS,Grocery,0
TXN_004722,USR_0422,3.11,2026-04-01 14:03:15,Online,Desktop,Electronics,0
TXN_002639,USR_0192,66.21,2026-01-03 14:36:27,"New York, US",POS,Grocery,0
TXN_008818,USR_0022,47.72,2026-03-13 09:10:25,"Paris, FR",POS,Travel,0
TXN_008472,USR_0097,10.52,2026-01-27 05:19:02,"London, UK",POS,Travel,0
TXN_004388,USR_0407,40.12,2026-02-07 11:47:45,"Paris, FR",Desktop,Retail,0
TXN_002910,USR_0371,26.81,2026-03-05 19:27:27,"London, UK",Desktop,Electronics,0
TXN_010589,USR_0219,75.44,2026-02-03 08:20:16,Online,Desktop,Grocery,0
TXN_002329,USR_0434,31.31,2026-03-09 13:51:03,Online,Desktop,Electronics,0
TXN_002761,USR_0033,15.31,2026-03-29 20:22:04,"Tokyo, JP",POS,Grocery,0
TXN_001692,USR_0102,35.78,2026-01-26 14:18:11,"London, UK",Desktop,Electronics,0
TXN_004193,USR_0401,20.95,2026-03-18 16:29:19,"Paris, FR",Desktop,Travel,0
TXN_000124,USR_0039,10.56,2026-03-17 17:44:53,"London, UK",Mobile,Electronics,0
TXN_010554,USR_0200,21.93,2026-01-08 13:07:42,"London, UK",Mobile,Grocery,0
TXN_001953,USR_0001,21.02,2026-01-07 08:42:47,"Tokyo, JP",Mobile,Grocery,0
TXN_008641,USR_0403,10.02,2026-02-01 16:34:00,"London, UK",Desktop,Electronics,0
TXN_005490,USR_0043,39.09,2026-01-07 19:46:32,"Paris, FR",Mobile,Travel,0
TXN_006109,USR_0341,32.14,2026-01-08 17:08:23,"Tokyo, JP",Desktop,Grocery,0
TXN_008823,USR_0169,132.79,2026-01-16 09:14:28,Online,POS,Retail,0
TXN_002393,USR_0128,18.36,2026-01-02 09:02:54,"New York, US",POS,Grocery,0
TXN_007810,USR_0477,13.48,2026-02-23 20:31:46,"Paris, FR",Desktop,Retail,0
TXN_006698,USR_0220,173.97,2026-03-08 23:33:23,Online,Mobile,Grocery,0
TXN_003401,USR_0406,54.73,2026-01-25 13:11:56,"London, UK",Mobile,Retail,0
TXN_008310,USR_0366,34.7,2026-01-05 12:30:05,"London, UK",POS,Travel,0
TXN_004075,USR_0366,25.61,2026-03-16 09:26:32,"Paris, FR",POS,Grocery,0
TXN_010010,USR_0500,26.9,2026-03-27 12:38:12,"New York, US",Mobile,Grocery,0
TXN_007090,USR_0316,29.88,2026-01-10 12:47:52,"Paris, FR",Mobile,Grocery,0
TXN_004642,USR_0113,138.01,2026-02-26 19:19:17,"Tokyo, JP",Mobile,Retail,0
TXN_004830,USR_0264,94.45,2026-01-12 08:07:35,"New York, US",POS,Travel,0
TXN_011744,USR_0481,5518.4,2026-03-18 00:47:22,Online,Desktop,Electronics,1
TXN_001892,USR_0309,12.43,2026-03-12 12:13:37,"Tokyo, JP",Desktop,Retail,0
TXN_005050,USR_0247,5.4,2026-02-07 18:37:53,"London, UK",Mobile,Grocery,0
TXN_006757,USR_0063,187.68,2026-02-10 11:33:38,"London, UK",Mobile,Retail,0
TXN_000296,USR_0217,223.5,2026-03-07 22:23:01,"Tokyo, JP",Desktop,Retail,0
TXN_011457,USR_0251,8.37,2026-01-13 22:01:48,"Paris, FR",Mobile,Travel,0
TXN_002255,USR_0101,2.22,2026-02-02 06:31:28,"Tokyo, JP",Mobile,Retail,0
TXN_010281,USR_0287,15.01,2026-02-11 21:00:32,"London, UK",Mobile,Retail,0
TXN_002358,USR_0283,31.09,2026-03-07 01:48:10,"New York, US",POS,Grocery,0
TXN_001786,USR_0465,21.85,2026-03-27 08:15:51,"London, UK",POS,Retail,0
TXN_009957,USR_0134,29.29,2026-02-20 09:01:05,"Paris, FR",POS,Grocery,0
TXN_000287,USR_0225,17.35,2026-02-26 07:33:33,Online,Mobile,Grocery,0
TXN_005740,USR_0073,27.53,2026-02-23 10:52:32,"London, UK",Mobile,Electronics,0
TXN_001759,USR_0091,94.51,2026-02-07 08:07:34,"Paris, FR",Mobile,Grocery,0
TXN_004263,USR_0246,15.88,2026-01-30 13:36:01,Online,Mobile,Electronics,0
TXN_001285,USR_0023,113.95,2026-01-14 17:47:03,Online,Mobile,Retail,0
TXN_011850,USR_0480,5125.8,2026-02-07 05:40:51,"Moscow, RU",Mobile,Electronics,1
TXN_005009,USR_0070,178.27,2026-03-14 04:53:05,"Tokyo, JP",POS,Grocery,0
TXN_010134,USR_0073,22.86,2026-01-17 21:44:23,Online,POS,Retail,0
TXN_007365,USR_0015,29.55,2026-02-18 09:00:31,"New York, US",Mobile,Electronics,0
TXN_005994,USR_0274,14.15,2026-02-13 09:18:47,Online,Mobile,Retail,0
TXN_011544,USR_0375,178.46,2026-03-16 05:46:04,Online,POS,Grocery,0
TXN_008361,USR_0388,40.7,2026-03-14 12:53:33,"Paris, FR",Desktop,Grocery,0
TXN_006561,USR_0221,20.02,2026-01-04 09:31:04,"Tokyo, JP",POS,Retail,0
TXN_008817,USR_0485,55.23,2026-01-10 02:36:31,"Tokyo, JP",Desktop,Retail,0
TXN_000550,USR_0276,16.58,2026-03-30 11:58:41,"London, UK",POS,Retail,0
TXN_002609,USR_0254,32.57,2026-01-21 16:11:04,"Paris, FR",POS,Grocery,0
TXN_002621,USR_0107,26.43,2026-03-26 16:45:16,"Tokyo, JP",Desktop,Grocery,0
TXN_004238,USR_0060,61.35,2026-03-06 14:20:31,"Tokyo, JP",POS,Grocery,0
TXN_005796,USR_0490,19.44,2026-01-27 16:22:47,Online,Mobile,Grocery,0
TXN_008204,USR_0435,273.72,2026-01-08 23:19:15,Online,POS,Electronics,0
TXN_005231,USR_0044,226.67,2026-03-19 18:03:00,"New York, US",POS,Grocery,0
TXN_006323,USR_0169,16.14,2026-03-22 17:40:45,Online,POS,Grocery,0
TXN_010512,USR_0163,2.92,2026-01-03 17:56:35,Online,Mobile,Grocery,0
TXN_003488,USR_0327,15.66,2026-02-01 14:40:08,Online,POS,Travel,0
TXN_010854,USR_0001,25.87,2026-01-17 12:10:41,"Paris, FR",POS,Retail,0
TXN_008144,USR_0378,7.07,2026-02-14 21:19:15,"New York, US",Desktop,Electronics,0
TXN_004334,USR_0389,89.53,2026-02-05 20:04:01,"New York, US",POS,Electronics,0
TXN_005633,USR_0234,37.47,2026-01-03 16:26:44,"New York, US",Desktop,Electronics,0
TXN_011601,USR_0227,9143.93,2026-01-28 04:17:04,"Lagos, NG",ATM,Gaming,1
TXN_009672,USR_0449,198.3,2026-02-14 20:29:15,"London, UK",Desktop,Travel,0
TXN_003071,USR_0217,36.86,2026-01-27 09:02:57,Online,Mobile,Grocery,0
TXN_009854,USR_0438,32.32,2026-02-20 15:53:27,"Tokyo, JP",POS,Grocery,0
TXN_009963,USR_0246,137.36,2026-02-18 06:21:16,"New York, US",Mobile,Retail,0
TXN_005956,USR_0458,25.47,2026-02-22 14:09:24,"London, UK",Desktop,Retail,0
TXN_005654,USR_0282,11.26,2026-03-15 15:24:38,"Tokyo, JP",Mobile,Travel,0
TXN_006799,USR_0006,20.99,2026-03-17 19:43:51,"Tokyo, JP",POS,Grocery,0
TXN_006741,USR_0023,60.97,2026-03-19 08:52:25,Online,Desktop,Travel,0
TXN_003089,USR_0492,4.63,2026-01-04 18:43:59,Online,Mobile,Electronics,0
TXN_001304,USR_0209,14.76,2026-01-28 08:08:22,"Tokyo, JP",Mobile,Electronics,0
TXN_003571,USR_0086,133.22,2026-03-17 11:47:22,"New York, US",Mobile,Grocery,0
TXN_005617,USR_0139,83.26,2026-02-22 11:12:12,"Tokyo, JP",POS,Travel,0
TXN_003022,USR_0094,3.66,2026-01-29 10:21:55,Online,Desktop,Retail,0
TXN_006780,USR_0333,51.41,2026-01-30 20:58:03,"Paris, FR",POS,Grocery,0
TXN_007826,USR_0233,69.15,2026-02-01 10:03:11,Online,Desktop,Grocery,0
TXN_009223,USR_0131,14.74,2026-03-23 18:57:23,"Tokyo, JP",POS,Electronics,0
TXN_009626,USR_0006,31.55,2026-02-28 14:04:03,Online,Mobile,Retail,0
TXN_011952,USR_0123,999.0,2026-02-08 00:20:26,Online,Desktop,Crypto,1
TXN_007388,USR_0153,380.29,2026-03-11 10:27:08,"Paris, FR",Desktop,Grocery,0
TXN_008207,USR_0478,61.62,2026-03-14 07:56:20,"London, UK",Mobile,Retail,0
TXN_011779,USR_0105,1500.0,2026-03-10 03:49:57,"Moscow, RU",Mobile,Wire_Transfer,1
TXN_009433,USR_0201,62.02,2026-01-27 08:50:34,"New York, US",Mobile,Grocery,0
TXN_003209,USR_0484,12.79,2026-02-02 13:46:01,Online,Mobile,Grocery,0
TXN_010669,USR_0307,27.39,2026-02-23 23:52:23,"Paris, FR",POS,Grocery,0
TXN_007723,USR_0094,21.93,2026-01-28 14:12:23,"Paris, FR",Mobile,Grocery,0
TXN_002528,USR_0407,18.58,2026-01-25 20:36:16,"Tokyo, JP",POS,Travel,0
TXN_007707,USR_0269,27.03,2026-03-14 07:35:30,"London, UK",Desktop,Electronics,0
TXN_002589,USR_0405,27.43,2026-01-16 16:41:12,"Tokyo, JP",Desktop,Retail,0
TXN_002634,USR_0379,175.1,2026-02-10 06:54:23,"Paris, FR",POS,Retail,0
TXN_007074,USR_0198,45.15,2026-03-13 10:43:00,"New York, US",Desktop,Grocery,0
TXN_000468,USR_0412,13.54,2026-03-02 10:48:53,"Tokyo, JP",Mobile,Grocery,0
TXN_006183,USR_0368,37.5,2026-01-15 08:47:39,"Paris, FR",POS,Retail,0
TXN_007311,USR_0066,188.28,2026-03-28 15:14:38,"Tokyo, JP",Desktop,Electronics,0
TXN_009013,USR_0084,34.15,2026-01-10 15:40:06,"New York, US",Mobile,Retail,0
TXN_000107,USR_0032,33.55,2026-01-27 14:53:26,"Paris, FR",POS,Electronics,0
TXN_007205,USR_0167,286.35,2026-03-05 11:02:54,"London, UK",Desktop,Retail,0
TXN_010597,USR_0120,23.56,2026-01-08 05:48:32,"New York, US",Desktop,Travel,0
TXN_006779,USR_0354,32.76,2026-01-24 05:57:26,"London, UK",POS,Grocery,0
TXN_005260,USR_0053,136.15,2026-03-04 11:42:35,"London, UK",POS,Retail,0
TXN_000412,USR_0294,60.7,2026-01-30 11:34:47,"New York, US",Mobile,Retail,0
TXN_005805,USR_0192,72.33,2026-03-09 21:25:25,"Paris, FR",Mobile,Grocery,0
TXN_010309,USR_0232,19.6,2026-02-10 11:47:44,Online,Desktop,Electronics,0
TXN_010146,USR_0380,27.79,2026-03-16 05:54:13,"Paris, FR",Mobile,Grocery,0
TXN_003468,USR_0374,13.68,2026-01-30 00:42:53,Online,Desktop,Electronics,0
TXN_009194,USR_0313,28.18,2026-01-22 05:01:26,"London, UK",Mobile,Grocery,0
TXN_005667,USR_0161,4.04,2026-03-31 10:02:32,Online,POS,Travel,0
TXN_010170,USR_0256,26.96,2026-03-02 14:18:40,Online,Desktop,Retail,0
TXN_009961,USR_0475,115.94,2026-03-18 12:41:58,"Paris, FR",Mobile,Retail,0
TXN_004094,USR_0035,35.82,2026-03-16 07:51:47,"New York, US",Mobile,Retail,0
TXN_006734,USR_0215,12.85,2026-02-25 19:36:53,"Tokyo, JP",Desktop,Retail,0
TXN_005145,USR_0083,9.45,2026-03-08 19:35:51,"New York, US",Desktop,Grocery,0
TXN_005713,USR_0086,41.83,2026-03-30 08:07:31,Online,POS,Grocery,0
TXN_006649,USR_0385,26.12,2026-03-25 13:46:49,Online,Mobile,Travel,0
TXN_009483,USR_0349,79.92,2026-02-16 09:49:45,"Tokyo, JP",POS,Grocery,0
TXN_009775,USR_0101,31.16,2026-03-08 10:46:50,"New York, US",Mobile,Travel,0
TXN_001863,USR_0271,99.57,2026-02-06 17:18:44,"London, UK",POS,Travel,0
TXN_011135,USR_0010,101.0,2026-03-14 11:06:35,Online,Mobile,Retail,0
TXN_009057,USR_0228,17.11,2026-01-08 08:20:43,"New York, US",POS,Retail,0
TXN_004834,USR_0077,103.31,2026-01-16 11:31:39,"Paris, FR",Mobile,Grocery,0
TXN_009628,USR_0484,14.22,2026-03-24 21:25:10,"New York, US",Desktop,Grocery,0
TXN_009022,USR_0252,73.47,2026-01-06 18:30:32,Online,POS,Electronics,0
TXN_008505,USR_0289,109.66,2026-03-20 13:30:41,"Tokyo, JP",Mobile,Retail,0
TXN_000030,USR_0476,95.31,2026-02-16 13:56:53,"Tokyo, JP",Mobile,Grocery,0
TXN_010155,USR_0379,50.84,2026-03-04 12:45:28,"London, UK",Desktop,Retail,0
TXN_011330,USR_0177,33.18,2026-02-24 08:54:53,"Paris, FR",POS,Retail,0
TXN_003932,USR_0471,31.45,2026-02-13 05:41:35,"Tokyo, JP",Desktop,Electronics,0
TXN_000569,USR_0296,72.66,2026-03-22 17:17:40,"Paris, FR",Desktop,Retail,0
TXN_005172,USR_0031,80.37,2026-03-28 23:17:51,"New York, US",Desktop,Retail,0
TXN_005408,USR_0491,80.79,2026-02-15 09:55:25,"Tokyo, JP",Mobile,Travel,0
TXN_001246,USR_0315,17.08,2026-03-24 08:06:58,"Paris, FR",POS,Grocery,0
TXN_005681,USR_0176,45.8,2026-01-24 20:58:12,"London, UK",Desktop,Retail,0
TXN_011458,USR_0416,4.47,2026-01-23 18:12:11,"London, UK",Desktop,Electronics,0
TXN_001459,USR_0018,43.84,2026-03-26 18:51:03,"London, UK",Desktop,Travel,0
TXN_007371,USR_0056,13.38,2026-03-29 14:20:42,Online,POS,Electronics,0
TXN_001836,USR_0338,16.24,2026-03-31 15:57:06,"Paris, FR",Desktop,Travel,0
TXN_000317,USR_0235,90.59,2026-01-09 09:07:53,"Paris, FR",POS,Travel,0
TXN_000109,USR_0386,61.91,2026-02-19 10:54:57,"Paris, FR",POS,Electronics,0
TXN_003119,USR_0073,15.71,2026-01-03 09:57:14,"Paris, FR",Desktop,Retail,0
TXN_009265,USR_0222,39.92,2026-01-16 15:00:09,Online,Desktop,Electronics,0
TXN_006881,USR_0219,7.34,2026-02-03 17:45:50,"London, UK",POS,Retail,0
TXN_009017,USR_0190,101.38,2026-01-04 20:28:01,Online,Desktop,Electronics,0
TXN_011679,USR_0488,3192.28,2026-01-09 22:24:12,"Moscow, RU",Mobile,Crypto,1
TXN_011736,USR_0181,999.0,2026-02-20 00:29:10,"Moscow, RU",Mobile,Electronics,1
TXN_007714,USR_0128,46.57,2026-03-16 07:35:14,"Tokyo, JP",POS,Retail,0
TXN_002665,USR_0332,68.23,2026-02-11 15:02:09,"London, UK",Mobile,Travel,0
TXN_002681,USR_0043,13.9,2026-01-13 11:45:25,"Tokyo, JP",POS,Grocery,0
TXN_008188,USR_0099,103.03,2026-01-28 11:18:45,"New York, US",Desktop,Grocery,0
TXN_003651,USR_0071,34.38,2026-01-21 11:48:07,"Paris, FR",Desktop,Travel,0
TXN_009955,USR_0228,46.72,2026-03-09 13:10:44,"Paris, FR",POS,Grocery,0
TXN_002587,USR_0248,40.83,2026-02-18 20:00:42,"New York, US",Desktop,Retail,0
TXN_008094,USR_0274,38.47,2026-01-09 12:38:19,"Tokyo, JP",Desktop,Grocery,0
TXN_008841,USR_0082,24.44,2026-02-27 17:11:47,"Tokyo, JP",POS,Retail,0
TXN_004851,USR_0121,118.47,2026-01-25 05:56:20,Online,Desktop,Grocery,0
TXN_004953,USR_0388,45.28,2026-02-05 15:10:29,"Paris, FR",Desktop,Grocery,0
TXN_007513,USR_0003,31.45,2026-02-25 13:04:43,Online,Desktop,Electronics,0
TXN_003345,USR_0350,107.88,2026-01-24 10:18:12,"New York, US",POS,Grocery,0
TXN_000974,USR_0267,100.45,2026-02-27 20:26:10,"London, UK",Mobile,Retail,0
TXN_004919,USR_0267,61.5,2026-02-23 17:51:33,"London, UK",Desktop,Electronics,0
TXN_009175,USR_0269,15.86,2026-01-09 16:05:56,"New York, US",Desktop,Grocery,0
TXN_008340,USR_0102,43.22,2026-03-03 20:36:57,"London, UK",Mobile,Electronics,0
TXN_003287,USR_0357,10.86,2026-02-14 06:59:22,"Paris, FR",POS,Electronics,0
TXN_004699,USR_0334,8.81,2026-02-02 15:56:49,Online,POS,Electronics,0
TXN_009377,USR_0162,36.92,2026-03-03 09:13:33,"Tokyo, JP",Mobile,Grocery,0
TXN_005913,USR_0128,25.35,2026-03-23 19:57:25,"London, UK",Desktop,Retail,0
TXN_001375,USR_0214,7.16,2026-02-28 12:58:04,"New York, US",Mobile,Grocery,0
TXN_010715,USR_0180,5.01,2026-01-16 12:31:15,"London, UK",Desktop,Travel,0
TXN_008877,USR_0084,18.79,2026-02-14 20:20:14,"London, UK",Mobile,Grocery,0
TXN_010428,USR_0420,64.89,2026-02-18 06:56:53,"London, UK",Desktop,Retail,0
TXN_011852,USR_0363,5000.0,2026-03-21 23:10:08,Online,ATM,Electronics,1
TXN_000011,USR_0438,12.03,2026-01-30 10:55:06,"Paris, FR",Desktop,Retail,0
TXN_004794,USR_0176,67.35,2026-02-23 18:08:12,"New York, US",Mobile,Travel,0
TXN_002440,USR_0124,10.45,2026-03-13 20:25:24,"Paris, FR",POS,Retail,0
TXN_001427,USR_0200,47.82,2026-02-11 15:36:06,"Paris, FR",Mobile,Electronics,0
TXN_009694,USR_0051,26.27,2026-02-03 16:14:43,"Paris, FR",POS,Grocery,0
TXN_006054,USR_0118,25.08,2026-02-24 10:19:06,"London, UK",Mobile,Grocery,0
TXN_009574,USR_0180,34.54,2026-01-11 19:40:33,"London, UK",Desktop,Retail,0
TXN_000719,USR_0449,4.51,2026-01-26 10:53:03,"London, UK",Mobile,Retail,0
TXN_004534,USR_0234,24.82,2026-01-27 10:11:03,"London, UK",Mobile,Electronics,0
TXN_010658,USR_0102,30.24,2026-02-02 16:10:29,Online,POS,Travel,0
TXN_005688,USR_0384,70.31,2026-02-27 09:50:59,"Tokyo, JP",Desktop,Retail,0
TXN_000736,USR_0461,86.2,2026-01-08 10:51:54,Online,Desktop,Electronics,0
TXN_006476,USR_0200,121.06,2026-03-17 13:59:45,Online,POS,Grocery,0
TXN_003525,USR_0268,6.08,2026-01-27 09:40:40,"Paris, FR",POS,Electronics,0
TXN_007890,USR_0333,9.31,2026-02-01 08:10:26,"Tokyo, JP",POS,Travel,0
TXN_002141,USR_0168,28.1,2026-03-17 10:24:15,Online,Mobile,Grocery,0
TXN_005158,USR_0187,48.99,2026-02-06 04:31:46,"New York, US",POS,Retail,0
TXN_004767,USR_0497,58.62,2026-02-14 10:03:14,"Paris, FR",Mobile,Travel,0
TXN_000910,USR_0069,22.94,2026-02-02 06:30:49,"London, UK",Mobile,Grocery,0
TXN_004521,USR_0071,23.89,2026-02-15 11:38:08,"London, UK",POS,Retail,0
TXN_000497,USR_0119,19.06,2026-01-10 09:21:38,Online,POS,Retail,0
TXN_009587,USR_0173,67.15,2026-03-08 16:06:08,Online,Desktop,Retail,0
TXN_005305,USR_0458,75.7,2026-03-07 12:21:04,"London, UK",Desktop,Retail,0
TXN_011831,USR_0448,3527.96,2026-03-26 05:46:18,Online,ATM,Wire_Transfer,1
TXN_006877,USR_0072,4.72,2026-01-21 07:54:35,"London, UK",Mobile,Retail,0
TXN_001207,USR_0189,64.9,2026-01-15 07:37:30,"New York, US",Mobile,Electronics,0
TXN_007177,USR_0401,178.15,2026-03-03 13:23:14,"London, UK",Desktop,Grocery,0
TXN_004296,USR_0354,66.98,2026-02-14 16:32:46,Online,Desktop,Travel,0
TXN_007654,USR_0466,104.48,2026-03-03 18:07:23,"New York, US",Desktop,Grocery,0
TXN_001196,USR_0121,60.53,2026-02-25 05:44:37,"Paris, FR",POS,Grocery,0
TXN_011878,USR_0219,3328.64,2026-03-02 23:03:58,"Lagos, NG",Mobile,Electronics,1
TXN_005422,USR_0334,32.17,2026-04-01 19:27:08,"Tokyo, JP",POS,Travel,0
TXN_003856,USR_0385,10.21,2026-01-09 14:03:00,"Paris, FR",Desktop,Electronics,0
TXN_004415,USR_0045,12.17,2026-01-21 10:39:06,Online,Mobile,Travel,0
TXN_009183,USR_0263,27.61,2026-02-08 16:44:15,"New York, US",POS,Retail,0
TXN_011092,USR_0228,15.35,2026-01-11 00:36:29,"London, UK",Mobile,Retail,0
TXN_006429,USR_0392,15.77,2026-02-01 17:20:09,"Paris, FR",POS,Travel,0
TXN_000289,USR_0027,178.96,2026-03-22 17:41:21,"New York, US",Desktop,Grocery,0
TXN_002627,USR_0311,66.92,2026-03-17 07:24:03,"New York, US",Mobile,Electronics,0
TXN_008863,USR_0150,24.52,2026-03-07 17:18:15,Online,Mobile,Grocery,0
TXN_003685,USR_0404,59.08,2026-03-14 14:26:25,"New York, US",Desktop,Electronics,0
TXN_007972,USR_0251,68.43,2026-03-09 19:30:07,Online,POS,Retail,0
TXN_006951,USR_0028,125.9,2026-01-12 11:01:11,"Paris, FR",Desktop,Grocery,0
TXN_000389,USR_0447,25.66,2026-03-30 13:40:01,Online,Desktop,Grocery,0
TXN_000837,USR_0270,70.34,2026-01-29 15:11:33,"New York, US",POS,Retail,0
TXN_009024,USR_0340,152.94,2026-02-12 18:10:44,"London, UK",POS,Travel,0
TXN_003182,USR_0022,78.64,2026-01-18 16:15:32,Online,Desktop,Grocery,0
TXN_000281,USR_0159,58.94,2026-03-01 13:28:02,"New York, US",Desktop,Grocery,0
TXN_008114,USR_0117,29.65,2026-01-08 08:45:50,"Tokyo, JP",Mobile,Retail,0
TXN_004460,USR_0424,7.5,2026-03-17 14:39:38,"New York, US",Mobile,Grocery,0
TXN_006299,USR_0238,30.14,2026-01-05 13:51:48,"New York, US",Desktop,Electronics,0
TXN_005861,USR_0395,82.74,2026-03-16 10:27:28,"Paris, FR",POS,Retail,0
TXN_001113,USR_0233,95.21,2026-03-17 22:57:45,"London, UK",Desktop,Grocery,0
TXN_003799,USR_0198,11.65,2026-03-19 11:11:50,"New York, US",Mobile,Travel,0
TXN_011184,USR_0431,41.59,2026-01-21 08:32:29,Online,Desktop,Electronics,0
TXN_010042,USR_0101,64.38,2026-01-24 01:06:47,"New York, US",Mobile,Grocery,0
TXN_009855,USR_0450,173.53,2026-01-11 14:02:21,"New York, US",Mobile,Travel,0
TXN_004769,USR_0427,29.57,2026-03-21 16:47:53,Online,POS,Electronics,0
TXN_003422,USR_0422,20.14,2026-01-04 19:03:04,"Paris, FR",POS,Grocery,0
TXN_008694,USR_0061,19.71,2026-02-17 08:36:21,Online,Mobile,Grocery,0
TXN_000268,USR_0236,14.99,2026-01-10 06:55:20,Online,Desktop,Travel,0
TXN_001599,USR_0057,85.75,2026-01-16 11:23:36,"Tokyo, JP",Mobile,Travel,0
TXN_004930,USR_0297,63.88,2026-01-02 15:37:49,"Paris, FR",POS,Grocery,0
TXN_009564,USR_0180,24.52,2026-03-24 12:49:06,Online,POS,Retail,0
TXN_007170,USR_0075,30.35,2026-01-05 15:53:05,Online,Mobile,Grocery,0
TXN_011563,USR_0152,116.8,2026-01-12 16:30:57,"Tokyo, JP",Mobile,Grocery,0
TXN_002499,USR_0374,57.51,2026-02-24 04:38:25,Online,Mobile,Grocery,0
TXN_007434,USR_0001,102.13,2026-03-19 11:03:30,"London, UK",Mobile,Grocery,0
TXN_011222,USR_0125,40.65,2026-03-02 16:26:59,"London, UK",Mobile,Retail,0
TXN_003843,USR_0052,14.33,2026-03-01 13:49:32,"Paris, FR",Mobile,Travel,0
TXN_008730,USR_0416,210.38,2026-02-11 13:08:23,"Paris, FR",POS,Retail,0
TXN_001380,USR_0108,27.82,2026-01-17 17:05:27,"New York, US",Mobile,Grocery,0
TXN_009489,USR_0181,10.38,2026-02-26 05:35:28,Online,Mobile,Travel,0
TXN_010490,USR_0115,11.21,2026-02-01 11:58:22,Online,Mobile,Retail,0
TXN_000417,USR_0140,37.12,2026-01-25 12:51:07,"Tokyo, JP",Mobile,Electronics,0
TXN_005968,USR_0428,32.2,2026-01-07 16:02:50,"Paris, FR",Desktop,Grocery,0
TXN_006796,USR_0355,10.3,2026-03-20 12:31:58,"New York, US",Desktop,Grocery,0
TXN_001963,USR_0023,152.96,2026-01-17 10:12:26,Online,POS,Grocery,0
TXN_000621,USR_0397,9.07,2026-02-09 17:20:05,Online,Desktop,Grocery,0
TXN_001704,USR_0315,93.54,2026-01-09 06:10:32,"Paris, FR",POS,Travel,0
TXN_006293,USR_0378,78.28,2026-02-15 13:36:26,"Paris, FR",Desktop,Retail,0
TXN_011314,USR_0352,11.06,2026-01-26 01:50:22,"Paris, FR",Mobile,Retail,0
TXN_003129,USR_0319,11.52,2026-02-11 15:18:23,"New York, US",POS,Travel,0
TXN_004976,USR_0056,37.81,2026-01-24 12:07:59,Online,Mobile,Electronics,0
TXN_006274,USR_0485,5.89,2026-02-22 09:53:44,"London, UK",POS,Grocery,0
TXN_005953,USR_0266,132.04,2026-01-17 20:59:26,Online,Desktop,Grocery,0
TXN_005999,USR_0039,65.67,2026-02-04 14:47:42,Online,Desktop,Travel,0
TXN_009214,USR_0500,98.26,2026-01-01 14:30:19,"New York, US",POS,Retail,0
TXN_001191,USR_0229,48.25,2026-01-26 16:13:43,"Tokyo, JP",Desktop,Travel,0
TXN_009133,USR_0241,506.99,2026-02-16 09:00:32,"London, UK",POS,Retail,0
TXN_006361,USR_0192,7.96,2026-02-13 00:43:01,"Paris, FR",Mobile,Retail,0
TXN_004124,USR_0098,29.44,2026-03-29 06:28:31,"Tokyo, JP",POS,Electronics,0
TXN_003195,USR_0002,90.95,2026-02-25 11:03:04,"Tokyo, JP",POS,Travel,0
TXN_009076,USR_0104,519.69,2026-01-08 14:59:36,"Paris, FR",Mobile,Grocery,0
TXN_006349,USR_0446,28.4,2026-01-20 22:58:34,"London, UK",POS,Electronics,0
TXN_006287,USR_0043,54.96,2026-02-26 12:17:34,Online,Mobile,Retail,0
TXN_001507,USR_0236,77.34,2026-04-01 18:42:30,"Paris, FR",POS,Grocery,0
TXN_005517,USR_0368,14.78,2026-01-13 09:49:03,"Paris, FR",Mobile,Retail,0
TXN_010392,USR_0409,75.05,2026-03-30 21:35:54,"Paris, FR",Mobile,Retail,0
TXN_006612,USR_0059,65.33,2026-01-09 18:12:26,"Tokyo, JP",Mobile,Retail,0
TXN_004111,USR_0307,16.19,2026-01-20 09:22:06,Online,POS,Travel,0
TXN_008769,USR_0125,109.31,2026-01-02 16:52:46,"London, UK",Desktop,Retail,0
TXN_011528,USR_0416,21.48,2026-03-23 11:27:44,"Paris, FR",Desktop,Retail,0
TXN_011700,USR_0110,1392.78,2026-03-18 02:35:36,"Lagos, NG",ATM,Gaming,1
TXN_000795,USR_0228,121.72,2026-03-15 05:28:05,"Paris, FR",Desktop,Grocery,0
TXN_000731,USR_0423,111.4,2026-03-21 13:25:37,"New York, US",Mobile,Travel,0
TXN_007147,USR_0063,22.1,2026-03-13 09:27:32,"New York, US",POS,Grocery,0
TXN_006422,USR_0164,50.77,2026-02-13 09:31:49,"New York, US",Desktop,Grocery,0
TXN_006014,USR_0122,4.58,2026-03-30 15:04:11,"Tokyo, JP",POS,Travel,0
TXN_009893,USR_0488,155.85,2026-02-17 13:54:13,"Tokyo, JP",Mobile,Grocery,0
TXN_003781,USR_0363,26.11,2026-01-12 08:45:53,"London, UK",Desktop,Grocery,0
TXN_001746,USR_0432,50.38,2026-02-08 10:25:39,"London, UK",Desktop,Retail,0
TXN_010705,USR_0165,38.11,2026-02-05 12:23:13,Online,POS,Electronics,0
TXN_007515,USR_0240,7.35,2026-03-28 13:14:41,Online,Desktop,Electronics,0
TXN_006261,USR_0107,29.73,2026-03-30 15:03:00,"London, UK",Desktop,Grocery,0
TXN_011706,USR_0042,1493.33,2026-01-23 01:40:23,"Sydney, AU",Desktop,Crypto,1
TXN_004895,USR_0114,10.3,2026-03-17 02:16:57,"Paris, FR",Mobile,Retail,0
TXN_001200,USR_0065,12.25,2026-01-18 11:00:04,"New York, US",Mobile,Electronics,0
TXN_009676,USR_0185,30.77,2026-01-04 10:46:27,"Paris, FR",Desktop,Travel,0
TXN_005752,USR_0263,25.48,2026-03-24 00:01:45,"London, UK",POS,Travel,0
TXN_011200,USR_0235,45.97,2026-03-19 18:10:28,Online,Desktop,Retail,0
TXN_005406,USR_0064,19.89,2026-02-26 01:06:57,"Paris, FR",Desktop,Retail,0
TXN_009278,USR_0179,12.81,2026-04-01 09:17:01,"Paris, FR",POS,Grocery,0
TXN_001890,USR_0311,28.06,2026-03-10 13:32:13,"New York, US",POS,Grocery,0
TXN_011261,USR_0190,60.31,2026-02-26 15:09:54,"Tokyo, JP",Desktop,Retail,0
TXN_011619,USR_0278,4545.17,2026-02-07 22:00:32,Online,Mobile,Wire_Transfer,1
TXN_000033,USR_0136,16.83,2026-03-09 00:55:38,"Paris, FR",Mobile,Travel,0
TXN_008036,USR_0466,16.51,2026-01-10 16:27:22,"New York, US",Mobile,Electronics,0
TXN_007109,USR_0433,54.72,2026-03-29 21:59:27,Online,Desktop,Grocery,0
TXN_004964,USR_0417,32.49,2026-02-24 11:20:52,"Tokyo, JP",POS,Travel,0
TXN_006988,USR_0413,24.33,2026-01-08 07:51:11,"Paris, FR",Mobile,Retail,0
TXN_010657,USR_0126,43.87,2026-03-30 06:52:57,"Paris, FR",Mobile,Grocery,0
TXN_006085,USR_0268,13.95,2026-01-15 06:26:32,"Paris, FR",POS,Travel,0
TXN_010239,USR_0350,30.8,2026-01-15 16:13:51,"Paris, FR",Desktop,Retail,0
TXN_007499,USR_0339,131.65,2026-03-31 16:00:18,"Tokyo, JP",POS,Grocery,0
TXN_008098,USR_0298,17.46,2026-01-13 08:59:03,Online,POS,Grocery,0
TXN_008814,USR_0173,84.56,2026-02-03 16:56:06,Online,Mobile,Retail,0
TXN_008378,USR_0372,63.14,2026-02-01 20:55:27,"Paris, FR",Desktop,Grocery,0
TXN_003950,USR_0045,5.6,2026-02-13 21:11:48,"Paris, FR",POS,Retail,0
TXN_006866,USR_0429,22.36,2026-03-02 07:32:25,"New York, US",POS,Retail,0
TXN_008858,USR_0168,72.77,2026-02-05 15:23:02,Online,Mobile,Retail,0
TXN_003616,USR_0417,44.99,2026-02-06 05:23:33,"Tokyo, JP",Desktop,Grocery,0
TXN_011182,USR_0022,23.89,2026-01-27 07:34:18,Online,Desktop,Electronics,0
TXN_001487,USR_0049,134.74,2026-03-13 08:03:03,"Tokyo, JP",Mobile,Retail,0
TXN_000606,USR_0224,94.36,2026-01-31 16:03:15,"New York, US",Desktop,Grocery,0
TXN_011008,USR_0245,232.02,2026-01-20 19:36:40,"Paris, FR",Mobile,Electronics,0
TXN_006707,USR_0235,22.15,2026-01-29 10:19:31,"Paris, FR",Desktop,Grocery,0
TXN_001534,USR_0417,8.17,2026-03-20 20:23:44,"Paris, FR",Desktop,Grocery,0
TXN_005563,USR_0364,95.76,2026-03-17 19:41:37,Online,Mobile,Retail,0
TXN_009449,USR_0265,37.26,2026-02-23 17:54:05,"London, UK",Desktop,Retail,0
TXN_010387,USR_0186,102.65,2026-03-12 00:22:46,"Tokyo, JP",POS,Retail,0
TXN_006291,USR_0458,30.68,2026-01-29 16:23:44,"Tokyo, JP",POS,Grocery,0
TXN_003500,USR_0458,214.32,2026-03-07 11:52:36,"New York, US",Mobile,Retail,0
TXN_001331,USR_0117,3.84,2026-03-03 07:23:18,"New York, US",Mobile,Grocery,0
TXN_004790,USR_0351,21.21,2026-02-05 21:40:44,"New York, US",POS,Retail,0
TXN_000958,USR_0295,13.17,2026-03-29 17:14:52,"New York, US",POS,Grocery,0
TXN_003593,USR_0098,25.56,2026-02-24 16:59:22,Online,Desktop,Travel,0
TXN_005207,USR_0328,197.8,2026-03-20 15:54:25,"Tokyo, JP",Desktop,Grocery,0
TXN_006652,USR_0211,12.0,2026-01-03 14:09:34,"Paris, FR",Desktop,Electronics,0
TXN_009237,USR_0117,20.57,2026-02-06 04:31:24,"Tokyo, JP",Mobile,Grocery,0
TXN_011793,USR_0116,4775.8,2026-01-29 03:31:49,"Lagos, NG",Desktop,Wire_Transfer,1
TXN_001661,USR_0116,89.71,2026-03-30 20:27:04,"London, UK",Mobile,Retail,0
TXN_001027,USR_0303,40.98,2026-02-02 07:03:23,"London, UK",POS,Electronics,0
TXN_004437,USR_0262,4.78,2026-02-04 12:50:39,"Tokyo, JP",Desktop,Retail,0
TXN_010780,USR_0097,11.09,2026-01-26 20:18:25,"New York, US",POS,Retail,0
TXN_001248,USR_0398,33.76,2026-02-27 08:01:57,"Paris, FR",Mobile,Electronics,0
TXN_010496,USR_0138,123.64,2026-01-02 13:29:53,"Paris, FR",Desktop,Grocery,0
TXN_000656,USR_0113,46.01,2026-01-04 17:57:51,"Tokyo, JP",Mobile,Retail,0
TXN_000624,USR_0462,53.36,2026-03-11 06:48:50,"London, UK",Mobile,Grocery,0
TXN_008651,USR_0247,208.08,2026-03-17 23:35:48,"London, UK",Desktop,Travel,0
TXN_003394,USR_0207,40.22,2026-03-18 12:45:36,Online,POS,Retail,0
TXN_002200,USR_0408,24.0,2026-02-28 15:36:50,"Tokyo, JP",Desktop,Grocery,0
TXN_011640,USR_0257,5757.1,2026-02-12 05:04:28,"Lagos, NG",ATM,Electronics,1
TXN_009516,USR_0031,54.16,2026-03-05 19:18:04,"Paris, FR",Desktop,Electronics,0
TXN_010507,USR_0132,73.94,2026-03-17 10:00:16,"Paris, FR",Desktop,Grocery,0
TXN_010425,USR_0440,27.43,2026-03-22 12:40:10,"New York, US",POS,Travel,0
TXN_009167,USR_0356,44.23,2026-01-24 11:31:32,"Tokyo, JP",POS,Retail,0
TXN_008835,USR_0284,22.1,2026-02-02 10:11:32,"Tokyo, JP",Desktop,Grocery,0
TXN_002685,USR_0192,19.4,2026-03-26 15:09:37,"New York, US",POS,Retail,0
TXN_004247,USR_0100,33.51,2026-01-16 16:33:13,"Paris, FR",Mobile,Grocery,0
TXN_006511,USR_0295,9.19,2026-03-07 20:01:44,"New York, US",Mobile,Electronics,0
TXN_011534,USR_0290,18.89,2026-01-31 05:17:29,"Tokyo, JP",POS,Grocery,0
TXN_001747,USR_0092,93.85,2026-03-21 21:46:27,"Paris, FR",Desktop,Electronics,0
TXN_005039,USR_0282,17.13,2026-02-19 09:15:31,"London, UK",Desktop,Retail,0
TXN_003069,USR_0186,15.31,2026-01-07 09:02:54,"New York, US",Desktop,Grocery,0
TXN_002458,USR_0435,34.21,2026-02-10 06:57:45,"London, UK",POS,Electronics,0
TXN_010920,USR_0487,31.8,2026-01-05 18:00:09,"Paris, FR",Mobile,Retail,0
TXN_004688,USR_0489,27.9,2026-03-27 23:15:56,"New York, US",POS,Retail,0
TXN_000077,USR_0421,12.3,2026-01-30 04:14:01,"London, UK",Desktop,Grocery,0
TXN_004715,USR_0345,14.33,2026-02-03 14:17:17,"London, UK",Desktop,Travel,0
TXN_010227,USR_0192,62.77,2026-03-28 17:31:10,"London, UK",POS,Grocery,0
TXN_008930,USR_0277,22.33,2026-02-18 18:58:44,"Paris, FR",POS,Electronics,0
TXN_008521,USR_0329,47.68,2026-01-11 10:32:34,"Paris, FR",Desktop,Grocery,0
TXN_006311,USR_0452,14.02,2026-01-19 21:32:23,Online,POS,Travel,0
TXN_007584,USR_0343,111.04,2026-03-03 15:06:03,Online,Mobile,Retail,0
TXN_002261,USR_0183,30.6,2026-03-21 18:57:35,"London, UK",Mobile,Retail,0
TXN_001776,USR_0069,13.51,2026-02-12 19:11:40,"Tokyo, JP",POS,Retail,0
TXN_002789,USR_0336,33.22,2026-02-11 22:58:33,Online,POS,Electronics,0
TXN_000094,USR_0013,41.77,2026-01-06 19:15:30,Online,Mobile,Retail,0
TXN_005333,USR_0433,20.49,2026-01-22 11:30:50,"Paris, FR",Desktop,Retail,0
TXN_008169,USR_0178,8.71,2026-01-09 13:23:05,"Paris, FR",POS,Retail,0
TXN_004203,USR_0309,85.47,2026-01-08 15:01:53,Online,Mobile,Grocery,0
TXN_000715,USR_0374,34.26,2026-02-23 05:38:41,"New York, US",Mobile,Retail,0
TXN_001077,USR_0445,57.18,2026-03-25 11:24:14,"Paris, FR",POS,Electronics,0
TXN_006791,USR_0441,67.3,2026-03-12 11:03:18,"Tokyo, JP",Mobile,Grocery,0
TXN_009306,USR_0188,21.83,2026-03-02 08:32:47,"New York, US",Desktop,Grocery,0
TXN_008689,USR_0073,33.35,2026-02-06 12:25:27,"London, UK",Desktop,Retail,0
TXN_002016,USR_0121,11.4,2026-02-16 14:00:13,"New York, US",Desktop,Travel,0
TXN_001886,USR_0132,162.48,2026-01-05 20:05:07,Online,Desktop,Grocery,0
TXN_003545,USR_0352,9.88,2026-01-28 20:12:28,"London, UK",POS,Electronics,0
TXN_005480,USR_0186,19.08,2026-02-17 10:28:24,"Paris, FR",Mobile,Travel,0
TXN_008414,USR_0388,69.43,2026-02-16 10:50:30,"London, UK",Mobile,Travel,0
TXN_003426,USR_0322,15.32,2026-01-19 09:03:46,"Tokyo, JP",Mobile,Electronics,0
TXN_001489,USR_0415,44.55,2026-01-06 20:00:16,Online,POS,Retail,0
TXN_007368,USR_0332,50.94,2026-02-24 15:50:59,"Paris, FR",POS,Retail,0
TXN_009877,USR_0303,33.19,2026-03-06 12:53:02,"Tokyo, JP",Desktop,Retail,0
TXN_008957,USR_0385,52.69,2026-03-19 19:33:24,"London, UK",Mobile,Grocery,0
TXN_005749,USR_0174,56.15,2026-03-20 08:31:47,"London, UK",Desktop,Retail,0
TXN_007478,USR_0335,47.58,2026-03-19 08:02:44,"London, UK",Mobile,Retail,0
TXN_008168,USR_0221,20.57,2026-01-04 07:02:24,"London, UK",Desktop,Electronics,0
TXN_007151,USR_0447,109.21,2026-01-26 12:08:31,"Paris, FR",POS,Retail,0
TXN_001438,USR_0110,9.41,2026-03-26 09:52:47,"Paris, FR",Desktop,Electronics,0
TXN_001234,USR_0345,39.83,2026-01-02 15:53:04,"New York, US",Desktop,Grocery,0
TXN_000186,USR_0065,74.7,2026-03-06 20:37:21,"New York, US",Desktop,Grocery,0
TXN_009543,USR_0128,53.53,2026-01-04 16:34:49,"New York, US",POS,Grocery,0
TXN_002466,USR_0096,39.5,2026-02-10 06:37:40,"New York, US",Mobile,Grocery,0
TXN_008958,USR_0332,23.11,2026-02-02 09:27:41,Online,POS,Retail,0
TXN_011234,USR_0498,11.18,2026-02-20 09:32:10,Online,POS,Grocery,0
TXN_005080,USR_0307,81.19,2026-02-02 19:21:53,"Paris, FR",POS,Grocery,0
TXN_001298,USR_0303,16.82,2026-03-02 16:53:29,"Tokyo, JP",Mobile,Electronics,0
TXN_011019,USR_0196,53.43,2026-03-20 11:06:17,"Paris, FR",POS,Grocery,0
TXN_009617,USR_0384,68.89,2026-02-07 20:02:09,Online,Mobile,Retail,0
TXN_008847,USR_0344,62.94,2026-01-22 16:21:48,"Paris, FR",Mobile,Grocery,0
TXN_000450,USR_0149,6.89,2026-01-30 06:52:58,Online,Desktop,Travel,0
TXN_011172,USR_0096,69.87,2026-02-21 11:16:43,"Tokyo, JP",Desktop,Retail,0
TXN_004337,USR_0039,16.01,2026-01-08 09:39:30,Online,Desktop,Grocery,0
TXN_003026,USR_0269,105.88,2026-03-30 10:23:40,Online,Mobile,Retail,0
TXN_008789,USR_0190,13.33,2026-01-27 06:57:04,"New York, US",Mobile,Grocery,0
TXN_006970,USR_0271,18.04,2026-01-27 05:48:34,"Tokyo, JP",Desktop,Travel,0
TXN_000382,USR_0286,10.95,2026-02-16 23:48:09,"London, UK",POS,Travel,0
TXN_007739,USR_0134,161.69,2026-02-11 13:47:12,"New York, US",Mobile,Electronics,0
TXN_001156,USR_0228,54.9,2026-03-06 13:01:51,"Paris, FR",POS,Retail,0
TXN_005736,USR_0412,14.6,2026-01-14 15:01:26,"New York, US",POS,Electronics,0
TXN_005112,USR_0294,23.5,2026-01-27 19:07:08,"New York, US",Desktop,Retail,0
TXN_004106,USR_0232,94.38,2026-03-15 20:49:04,"London, UK",Mobile,Retail,0
TXN_001729,USR_0154,30.16,2026-02-11 08:37:01,Online,Mobile,Retail,0
TXN_009595,USR_0321,20.11,2026-02-11 07:00:40,"New York, US",Desktop,Retail,0
TXN_008523,USR_0417,40.95,2026-03-22 18:53:53,Online,Mobile,Electronics,0
TXN_002426,USR_0214,66.92,2026-01-23 11:09:30,"New York, US",Mobile,Grocery,0
TXN_001254,USR_0324,33.09,2026-03-24 11:05:23,Online,Desktop,Grocery,0
TXN_004353,USR_0386,497.87,2026-01-05 20:41:28,"London, UK",Mobile,Grocery,0
TXN_010670,USR_0156,54.95,2026-03-19 22:57:40,"London, UK",POS,Grocery,0
TXN_002504,USR_0048,147.93,2026-02-13 08:24:41,"London, UK",Desktop,Retail,0
TXN_007279,USR_0381,9.19,2026-02-11 16:39:04,"Tokyo, JP",Desktop,Grocery,0
TXN_006729,USR_0264,422.44,2026-02-15 19:39:23,"Tokyo, JP",Mobile,Retail,0
TXN_006148,USR_0326,44.33,2026-01-15 20:28:55,Online,POS,Grocery,0
TXN_005658,USR_0168,39.48,2026-02-23 11:09:03,"London, UK",POS,Retail,0
TXN_003523,USR_0068,18.09,2026-03-24 18:56:52,"New York, US",Desktop,Grocery,0
TXN_007077,USR_0469,35.71,2026-01-29 20:10:29,"New York, US",Desktop,Retail,0
TXN_004871,USR_0224,30.96,2026-03-14 19:44:38,Online,Mobile,Retail,0
TXN_002192,USR_0248,59.3,2026-01-15 12:17:43,Online,POS,Electronics,0
TXN_008138,USR_0080,7.33,2026-02-27 14:36:45,"Paris, FR",Mobile,Retail,0
TXN_011402,USR_0082,13.65,2026-02-25 11:01:30,"London, UK",Desktop,Retail,0
TXN_010888,USR_0297,44.45,2026-03-19 07:33:01,"Paris, FR",POS,Grocery,0
TXN_003636,USR_0285,81.59,2026-02-07 16:06:26,"Paris, FR",Mobile,Retail,0
TXN_009126,USR_0436,92.92,2026-03-28 11:10:27,Online,Mobile,Retail,0
TXN_010211,USR_0343,20.26,2026-02-18 07:04:03,"London, UK",POS,Retail,0
TXN_005324,USR_0349,30.14,2026-02-12 14:34:52,"Tokyo, JP",Desktop,Retail,0
TXN_006792,USR_0084,38.95,2026-01-12 10:04:09,"New York, US",Mobile,Retail,0
TXN_000531,USR_0078,60.82,2026-02-14 07:01:30,"New York, US",Desktop,Retail,0
TXN_010807,USR_0261,78.85,2026-03-07 10:31:45,Online,Desktop,Travel,0
TXN_004467,USR_0445,7.82,2026-02-16 07:58:00,"New York, US",Mobile,Retail,0
TXN_011737,USR_0401,6209.14,2026-01-26 02:50:46,"Sydney, AU",ATM,Crypto,1
TXN_008294,USR_0431,15.41,2026-02-19 17:17:46,"Paris, FR",POS,Electronics,0
TXN_008029,USR_0262,13.01,2026-02-09 15:33:27,"New York, US",Mobile,Retail,0
TXN_007975,USR_0431,5.78,2026-02-23 16:30:16,"Tokyo, JP",Mobile,Electronics,0
TXN_008369,USR_0097,66.72,2026-03-20 16:14:15,"New York, US",Desktop,Grocery,0
TXN_011924,USR_0417,499.99,2026-02-05 04:13:13,"Lagos, NG",ATM,Crypto,1
TXN_005380,USR_0325,18.9,2026-02-26 12:26:27,"New York, US",Mobile,Retail,0
TXN_010892,USR_0210,42.45,2026-03-26 12:40:27,"London, UK",POS,Grocery,0
TXN_009391,USR_0099,86.19,2026-02-23 14:14:19,Online,Desktop,Grocery,0
TXN_003012,USR_0384,109.21,2026-02-13 10:15:38,"Paris, FR",Mobile,Grocery,0
TXN_000145,USR_0024,14.99,2026-01-07 02:35:18,"London, UK",POS,Retail,0
TXN_003102,USR_0309,50.82,2026-01-10 07:04:49,"New York, US",Desktop,Retail,0
TXN_004706,USR_0090,26.95,2026-03-25 10:55:49,"Tokyo, JP",Desktop,Travel,0
TXN_008012,USR_0407,7.79,2026-02-16 10:03:33,"Paris, FR",Mobile,Travel,0
TXN_006889,USR_0384,258.94,2026-01-31 17:29:35,"New York, US",Desktop,Electronics,0
TXN_002493,USR_0042,5.58,2026-01-24 06:15:54,"London, UK",Desktop,Grocery,0
TXN_009798,USR_0189,10.17,2026-03-23 11:42:45,"Tokyo, JP",POS,Grocery,0
TXN_011468,USR_0329,12.44,2026-03-28 20:24:58,"London, UK",Mobile,Grocery,0
TXN_011143,USR_0256,154.22,2026-03-18 17:30:00,Online,Desktop,Grocery,0
TXN_011155,USR_0039,108.54,2026-02-15 09:52:24,"Tokyo, JP",Mobile,Electronics,0
TXN_005251,USR_0249,60.9,2026-01-16 19:34:22,Online,Mobile,Grocery,0
TXN_011522,USR_0358,39.67,2026-03-28 17:38:48,"New York, US",POS,Retail,0
TXN_006118,USR_0291,16.5,2026-03-14 11:41:26,"Tokyo, JP",Desktop,Retail,0
TXN_005741,USR_0043,178.7,2026-03-23 22:51:31,"Tokyo, JP",POS,Retail,0
TXN_000789,USR_0353,16.96,2026-03-31 16:39:06,"Paris, FR",POS,Electronics,0
TXN_002728,USR_0368,10.11,2026-01-06 07:22:41,"Paris, FR",Desktop,Travel,0
TXN_002821,USR_0372,67.45,2026-02-10 09:02:36,"New York, US",Mobile,Grocery,0
TXN_005390,USR_0376,24.25,2026-02-15 22:41:01,"New York, US",Desktop,Retail,0
TXN_004562,USR_0215,4.57,2026-03-05 06:23:48,"Paris, FR",Mobile,Retail,0
TXN_002031,USR_0194,257.19,2026-01-17 09:47:13,"Paris, FR",POS,Grocery,0
TXN_006380,USR_0420,36.51,2026-03-30 19:52:01,"Paris, FR",Desktop,Retail,0
TXN_007926,USR_0186,39.99,2026-02-23 09:30:00,"Paris, FR",POS,Grocery,0
TXN_010252,USR_0070,75.31,2026-02-19 11:31:14,"London, UK",POS,Electronics,0
TXN_008066,USR_0315,67.19,2026-01-07 14:30:16,"Tokyo, JP",Desktop,Retail,0
TXN_006399,USR_0268,31.88,2026-02-26 06:00:59,"New York, US",Desktop,Grocery,0
TXN_000432,USR_0294,9.21,2026-03-10 04:09:10,"Tokyo, JP",POS,Retail,0
TXN_007418,USR_0320,78.62,2026-01-27 11:20:44,"Tokyo, JP",Mobile,Retail,0
TXN_001781,USR_0071,18.06,2026-02-17 07:31:18,"London, UK",Mobile,Retail,0
TXN_010647,USR_0218,14.35,2026-03-01 12:17:19,Online,Mobile,Retail,0
TXN_011613,USR_0348,4608.71,2026-03-14 01:13:03,"Moscow, RU",ATM,Wire_Transfer,1
TXN_006490,USR_0457,16.84,2026-02-24 19:11:12,"London, UK",Desktop,Retail,0
TXN_000350,USR_0365,12.44,2026-04-01 07:59:44,"London, UK",Desktop,Travel,0
TXN_009679,USR_0176,16.16,2026-02-15 12:16:25,"Tokyo, JP",Desktop,Retail,0
TXN_006691,USR_0321,20.25,2026-02-17 19:48:59,"New York, US",Desktop,Retail,0
TXN_000043,USR_0331,47.54,2026-01-13 17:03:25,"Tokyo, JP",Mobile,Retail,0
TXN_006248,USR_0359,144.12,2026-01-19 11:36:10,"Tokyo, JP",POS,Travel,0
TXN_000982,USR_0497,21.42,2026-03-31 20:34:11,Online,POS,Retail,0
TXN_002313,USR_0445,24.67,2026-03-05 19:08:14,"London, UK",Mobile,Travel,0
TXN_011310,USR_0042,63.71,2026-02-08 17:56:10,"New York, US",Mobile,Retail,0
TXN_008202,USR_0389,8.1,2026-02-23 05:25:22,"Paris, FR",POS,Electronics,0
TXN_008022,USR_0145,25.6,2026-03-15 12:05:40,"New York, US",Desktop,Retail,0
TXN_009717,USR_0067,19.85,2026-03-09 12:47:04,"New York, US",Desktop,Grocery,0
TXN_003405,USR_0498,75.21,2026-01-04 16:41:28,"London, UK",POS,Retail,0
TXN_003699,USR_0037,29.72,2026-03-02 17:05:27,"New York, US",Mobile,Travel,0
TXN_005129,USR_0423,7.22,2026-03-14 19:34:51,"Tokyo, JP",Mobile,Electronics,0
TXN_006509,USR_0212,19.22,2026-01-04 14:40:35,Online,Desktop,Retail,0
TXN_004265,USR_0210,18.88,2026-03-26 01:33:18,"Tokyo, JP",Mobile,Electronics,0
TXN_000917,USR_0248,27.58,2026-01-23 05:23:35,Online,Desktop,Grocery,0
TXN_008569,USR_0489,35.6,2026-02-24 19:16:00,"New York, US",Mobile,Travel,0
TXN_009910,USR_0463,94.43,2026-01-12 02:45:33,Online,Desktop,Retail,0
TXN_006926,USR_0140,31.66,2026-03-05 11:03:10,"Paris, FR",Mobile,Retail,0
TXN_008255,USR_0267,105.94,2026-03-14 09:33:50,"Paris, FR",Mobile,Electronics,0
TXN_001617,USR_0252,49.83,2026-01-03 09:21:27,"London, UK",Desktop,Grocery,0
TXN_007535,USR_0241,35.25,2026-02-23 13:45:10,Online,Mobile,Retail,0
TXN_011677,USR_0174,3957.58,2026-01-14 04:34:59,"Moscow, RU",Desktop,Gaming,1
TXN_011237,USR_0419,4.17,2026-02-18 11:25:03,"London, UK",Desktop,Grocery,0
TXN_007614,USR_0151,50.79,2026-03-05 06:25:29,Online,Mobile,Grocery,0
TXN_001834,USR_0167,38.4,2026-03-28 00:28:14,Online,Desktop,Retail,0
TXN_011425,USR_0244,14.59,2026-01-18 17:24:12,"London, UK",POS,Retail,0
TXN_007363,USR_0080,60.94,2026-01-27 19:07:04,"Tokyo, JP",Desktop,Grocery,0
TXN_008671,USR_0497,43.21,2026-03-19 07:01:54,"London, UK",Desktop,Electronics,0
TXN_011824,USR_0401,1814.07,2026-03-06 23:06:27,Online,ATM,Wire_Transfer,1
TXN_010636,USR_0438,21.88,2026-02-08 16:50:52,Online,Desktop,Grocery,0
TXN_000783,USR_0357,109.57,2026-01-08 06:54:10,"New York, US",Desktop,Travel,0
TXN_008247,USR_0408,9.81,2026-03-27 21:18:29,"Tokyo, JP",POS,Electronics,0
TXN_001157,USR_0098,49.03,2026-02-13 09:59:30,Online,Desktop,Grocery,0
TXN_001537,USR_0075,61.9,2026-03-25 14:15:27,Online,Mobile,Grocery,0
TXN_004119,USR_0419,41.43,2026-01-26 15:12:18,"Tokyo, JP",Desktop,Retail,0
TXN_004177,USR_0049,32.46,2026-03-25 12:02:27,"Tokyo, JP",POS,Retail,0
TXN_003823,USR_0168,3.61,2026-03-31 16:18:14,"London, UK",POS,Travel,0
TXN_007909,USR_0288,2.27,2026-02-03 10:37:49,"Tokyo, JP",Mobile,Electronics,0
TXN_011841,USR_0409,8187.71,2026-03-06 04:01:46,"Lagos, NG",Desktop,Electronics,1
TXN_005203,USR_0163,61.01,2026-01-19 07:28:26,"New York, US",Mobile,Retail,0
TXN_002402,USR_0104,13.63,2026-01-13 19:16:41,Online,Desktop,Retail,0
TXN_008888,USR_0288,9.73,2026-03-15 04:57:58,Online,Desktop,Retail,0
TXN_008118,USR_0473,65.11,2026-01-13 19:17:47,"Tokyo, JP",Mobile,Grocery,0
TXN_004636,USR_0245,126.29,2026-02-23 11:57:58,"New York, US",Desktop,Electronics,0
TXN_004831,USR_0062,22.55,2026-03-12 13:38:24,"Tokyo, JP",POS,Grocery,0
TXN_002153,USR_0485,22.2,2026-02-08 22:04:16,"Tokyo, JP",POS,Travel,0
TXN_008615,USR_0162,5.5,2026-03-25 16:31:14,"Paris, FR",Desktop,Retail,0
TXN_006223,USR_0455,31.13,2026-03-19 17:15:29,Online,Desktop,Travel,0
TXN_007158,USR_0200,22.22,2026-03-31 16:51:36,"New York, US",POS,Retail,0
TXN_008068,USR_0242,103.37,2026-01-16 16:31:16,"New York, US",Mobile,Retail,0
TXN_004082,USR_0083,33.62,2026-03-13 11:39:17,"Paris, FR",Desktop,Grocery,0
TXN_010533,USR_0070,11.26,2026-03-24 17:00:26,"Tokyo, JP",Mobile,Retail,0
TXN_002949,USR_0389,197.31,2026-01-30 07:09:55,"London, UK",POS,Grocery,0
TXN_004711,USR_0369,169.04,2026-03-18 09:56:57,"Paris, FR",Mobile,Retail,0
TXN_008413,USR_0230,36.39,2026-01-20 20:13:21,"Paris, FR",POS,Grocery,0
TXN_003131,USR_0342,179.32,2026-03-12 12:46:47,Online,POS,Grocery,0
TXN_010912,USR_0354,44.34,2026-01-03 23:59:20,"New York, US",Desktop,Travel,0
TXN_008711,USR_0432,1.87,2026-03-06 11:31:35,"New York, US",POS,Retail,0
TXN_010706,USR_0017,51.18,2026-02-14 12:28:45,Online,POS,Retail,0
TXN_008878,USR_0356,263.12,2026-01-18 18:34:23,"New York, US",Desktop,Grocery,0
TXN_004743,USR_0486,39.97,2026-02-02 15:57:38,"London, UK",Mobile,Grocery,0
TXN_002985,USR_0372,18.08,2026-03-12 14:34:09,"Tokyo, JP",POS,Electronics,0
TXN_005624,USR_0084,35.33,2026-03-13 14:40:57,Online,POS,Grocery,0
TXN_001732,USR_0198,45.68,2026-01-25 16:30:06,"Tokyo, JP",POS,Retail,0
TXN_009619,USR_0285,16.28,2026-02-27 14:08:33,"New York, US",Mobile,Retail,0
TXN_011476,USR_0045,10.59,2026-02-01 21:32:23,"Tokyo, JP",Mobile,Travel,0
TXN_009351,USR_0129,444.72,2026-03-24 18:14:56,"Paris, FR",Desktop,Electronics,0
TXN_003220,USR_0305,61.12,2026-03-08 12:35:49,"New York, US",POS,Retail,0
TXN_001871,USR_0497,40.29,2026-01-20 13:40:46,"Paris, FR",Mobile,Grocery,0
TXN_011293,USR_0289,21.22,2026-01-01 11:17:25,"London, UK",Desktop,Travel,0
TXN_002212,USR_0412,52.59,2026-03-16 08:08:43,"London, UK",Desktop,Retail,0
TXN_010109,USR_0321,5.92,2026-02-10 17:08:08,"New York, US",Desktop,Retail,0
TXN_005313,USR_0053,17.71,2026-02-25 09:05:06,"Tokyo, JP",POS,Retail,0
TXN_005072,USR_0218,10.18,2026-02-01 12:13:54,Online,Mobile,Retail,0
TXN_004047,USR_0498,45.35,2026-02-12 09:48:16,"Tokyo, JP",POS,Retail,0
TXN_007051,USR_0279,56.45,2026-01-30 12:19:32,"New York, US",Mobile,Grocery,0
TXN_009005,USR_0046,26.83,2026-02-16 18:49:54,Online,POS,Grocery,0
TXN_003493,USR_0200,2.2,2026-01-22 11:36:10,"Paris, FR",POS,Retail,0
TXN_011805,USR_0029,999.0,2026-03-07 00:12:48,Online,ATM,Wire_Transfer,1
TXN_002108,USR_0013,39.18,2026-01-17 07:29:40,"Tokyo, JP",Mobile,Retail,0
TXN_005152,USR_0147,19.42,2026-01-22 08:15:41,"London, UK",Mobile,Grocery,0
TXN_009091,USR_0226,9.89,2026-01-09 19:57:20,"Tokyo, JP",Desktop,Grocery,0
TXN_008887,USR_0111,86.26,2026-01-20 10:30:26,Online,Mobile,Retail,0
TXN_010285,USR_0357,29.71,2026-02-26 19:04:38,"New York, US",Desktop,Retail,0
TXN_000568,USR_0365,2.93,2026-02-11 10:53:15,"Paris, FR",Desktop,Retail,0
TXN_009851,USR_0077,20.23,2026-02-15 15:16:40,"London, UK",Desktop,Electronics,0
TXN_005322,USR_0082,5.16,2026-02-19 22:25:42,"London, UK",Mobile,Retail,0
TXN_002368,USR_0431,11.13,2026-03-13 09:42:53,"New York, US",POS,Electronics,0
TXN_009242,USR_0460,22.0,2026-01-03 15:27:46,Online,Desktop,Grocery,0
TXN_010419,USR_0234,63.73,2026-01-01 07:19:55,"London, UK",Desktop,Grocery,0
TXN_011801,USR_0444,8253.31,2026-03-30 00:50:45,"Sydney, AU",Desktop,Gaming,1
TXN_000441,USR_0193,18.62,2026-01-11 13:43:42,Online,Mobile,Electronics,0
TXN_002019,USR_0125,35.56,2026-01-27 09:52:14,"New York, US",POS,Retail,0
TXN_010110,USR_0066,12.4,2026-03-12 11:19:09,"Tokyo, JP",POS,Retail,0
TXN_008451,USR_0481,46.73,2026-01-11 20:16:53,"Tokyo, JP",Desktop,Grocery,0
TXN_004697,USR_0325,18.83,2026-02-18 15:41:17,"London, UK",POS,Grocery,0
TXN_004206,USR_0169,186.85,2026-03-03 21:19:42,Online,POS,Retail,0
TXN_004074,USR_0336,68.5,2026-01-14 11:01:19,"London, UK",POS,Retail,0
TXN_010099,USR_0309,16.18,2026-03-24 16:03:20,"London, UK",POS,Electronics,0
TXN_004666,USR_0228,93.01,2026-02-04 17:58:27,Online,POS,Retail,0
TXN_007581,USR_0238,196.64,2026-03-22 18:09:10,"Paris, FR",Desktop,Electronics,0
TXN_001225,USR_0136,54.5,2026-01-15 11:03:10,"Paris, FR",Desktop,Retail,0
TXN_005684,USR_0377,25.19,2026-02-01 08:52:19,Online,POS,Grocery,0
TXN_002593,USR_0434,57.16,2026-03-10 23:55:05,"New York, US",Desktop,Travel,0
TXN_002754,USR_0069,12.01,2026-02-11 09:55:52,"London, UK",POS,Travel,0
TXN_009064,USR_0001,19.95,2026-01-11 07:00:11,"Paris, FR",POS,Grocery,0
TXN_004418,USR_0010,57.09,2026-02-06 15:42:55,"Paris, FR",Mobile,Grocery,0
TXN_002692,USR_0414,42.5,2026-03-04 08:49:35,"Paris, FR",POS,Grocery,0
TXN_000037,USR_0118,14.31,2026-03-17 19:14:00,"New York, US",POS,Electronics,0
TXN_004343,USR_0052,16.21,2026-01-14 08:34:53,Online,Mobile,Grocery,0
TXN_003729,USR_0237,65.48,2026-03-12 14:22:52,"London, UK",Desktop,Grocery,0
TXN_002250,USR_0244,24.04,2026-02-11 01:48:14,"London, UK",Mobile,Retail,0
TXN_008996,USR_0468,4.39,2026-03-21 19:30:09,Online,Mobile,Electronics,0
TXN_005612,USR_0120,63.08,2026-01-30 07:34:24,"New York, US",POS,Grocery,0
TXN_005560,USR_0444,47.94,2026-02-23 07:06:26,Online,Desktop,Travel,0
TXN_002928,USR_0310,21.19,2026-03-10 09:12:52,"London, UK",POS,Travel,0
TXN_010126,USR_0344,8.14,2026-03-17 19:27:41,"Tokyo, JP",Mobile,Grocery,0
TXN_006430,USR_0056,22.61,2026-01-13 19:57:07,"New York, US",POS,Grocery,0
TXN_005564,USR_0272,136.19,2026-01-22 14:44:03,"New York, US",Mobile,Electronics,0
TXN_006224,USR_0434,38.99,2026-03-21 09:36:20,"London, UK",Mobile,Grocery,0
TXN_007650,USR_0358,60.94,2026-03-30 13:00:00,"New York, US",POS,Grocery,0
TXN_004366,USR_0321,67.58,2026-02-15 08:20:06,"London, UK",Mobile,Retail,0
TXN_003670,USR_0073,25.58,2026-01-21 22:59:22,Online,Mobile,Electronics,0
TXN_005280,USR_0498,66.81,2026-03-05 20:46:36,"Paris, FR",Mobile,Grocery,0
TXN_004864,USR_0123,172.07,2026-03-29 16:11:01,Online,Mobile,Grocery,0
TXN_001361,USR_0126,40.74,2026-01-04 14:07:48,"Tokyo, JP",Desktop,Grocery,0
TXN_010559,USR_0382,284.62,2026-03-30 09:34:17,"Tokyo, JP",POS,Grocery,0
TXN_006890,USR_0010,20.68,2026-02-09 17:35:45,"London, UK",Desktop,Grocery,0
TXN_000487,USR_0244,10.78,2026-01-08 23:40:00,"London, UK",Mobile,Retail,0
TXN_011272,USR_0220,9.02,2026-02-10 05:25:24,"Paris, FR",Desktop,Grocery,0
TXN_010605,USR_0180,57.57,2026-02-27 09:03:23,"London, UK",Mobile,Grocery,0
TXN_011932,USR_0261,1500.0,2026-03-19 23:04:44,Online,Desktop,Crypto,1
TXN_004522,USR_0370,241.14,2026-03-06 11:53:30,Online,Mobile,Retail,0
TXN_005229,USR_0300,75.96,2026-01-07 19:06:36,"London, UK",POS,Retail,0
TXN_009849,USR_0359,34.45,2026-03-24 22:11:33,Online,Desktop,Grocery,0
TXN_000638,USR_0414,30.55,2026-03-29 13:19:52,Online,Mobile,Retail,0
TXN_004639,USR_0440,21.99,2026-02-13 12:06:32,Online,Desktop,Grocery,0
TXN_008108,USR_0497,70.57,2026-01-19 10:53:49,Online,Mobile,Retail,0
TXN_003326,USR_0077,7.24,2026-02-21 15:24:36,"New York, US",Mobile,Retail,0
TXN_004105,USR_0379,97.05,2026-01-19 13:15:31,"London, UK",POS,Retail,0
TXN_003356,USR_0311,106.26,2026-01-26 11:15:37,"New York, US",POS,Electronics,0
TXN_002944,USR_0253,11.26,2026-02-21 10:34:03,Online,Desktop,Electronics,0
TXN_003920,USR_0432,16.97,2026-03-11 11:52:17,"New York, US",POS,Retail,0
TXN_010719,USR_0036,22.4,2026-02-28 16:59:04,"London, UK",Desktop,Electronics,0
TXN_011968,USR_0228,1500.0,2026-02-04 02:51:14,"Sydney, AU",Desktop,Electronics,1
TXN_003509,USR_0091,109.87,2026-02-28 16:24:39,Online,Mobile,Electronics,0
TXN_006602,USR_0450,11.21,2026-03-28 10:17:40,"Tokyo, JP",Desktop,Grocery,0
TXN_007255,USR_0019,4.4,2026-02-17 21:54:04,"New York, US",POS,Electronics,0
TXN_000168,USR_0211,22.53,2026-03-30 14:31:18,"Paris, FR",POS,Grocery,0
TXN_001916,USR_0261,22.1,2026-01-18 17:30:31,Online,POS,Electronics,0
TXN_008759,USR_0021,29.65,2026-02-01 08:04:06,Online,Mobile,Travel,0
TXN_006730,USR_0221,183.52,2026-01-08 06:50:52,Online,POS,Grocery,0
TXN_008747,USR_0289,103.76,2026-01-09 13:37:07,"Paris, FR",Mobile,Electronics,0
TXN_008880,USR_0240,32.9,2026-01-11 14:05:51,"Paris, FR",POS,Travel,0
TXN_011881,USR_0122,2500.0,2026-02-05 22:02:25,"Sydney, AU",Mobile,Electronics,1
TXN_002902,USR_0088,52.12,2026-01-06 09:44:22,"Paris, FR",Desktop,Retail,0
TXN_005062,USR_0170,38.43,2026-02-28 11:53:03,"Paris, FR",POS,Travel,0
TXN_000802,USR_0389,12.53,2026-03-26 17:14:00,"Tokyo, JP",Desktop,Electronics,0
TXN_002139,USR_0102,33.38,2026-01-26 17:03:51,"Paris, FR",Desktop,Grocery,0
TXN_009622,USR_0343,30.27,2026-01-16 07:55:33,Online,POS,Grocery,0
TXN_005675,USR_0153,15.59,2026-01-12 12:04:20,"Paris, FR",Mobile,Electronics,0
TXN_000743,USR_0391,35.94,2026-01-24 11:43:57,"Tokyo, JP",POS,Grocery,0
TXN_010462,USR_0454,41.27,2026-01-03 10:54:33,"London, UK",Desktop,Retail,0
TXN_005330,USR_0190,21.43,2026-02-08 08:27:06,"London, UK",Mobile,Travel,0
TXN_011225,USR_0180,215.63,2026-01-11 03:51:27,"London, UK",Desktop,Retail,0
TXN_011995,USR_0414,6891.83,2026-03-18 03:59:30,"Moscow, RU",ATM,Wire_Transfer,1
TXN_008299,USR_0298,99.61,2026-01-05 08:37:20,"New York, US",POS,Travel,0
TXN_011215,USR_0423,26.27,2026-03-17 16:10:36,Online,POS,Grocery,0
TXN_008050,USR_0498,243.08,2026-01-21 17:26:38,"Paris, FR",Mobile,Grocery,0
TXN_009331,USR_0262,128.89,2026-03-27 22:15:28,Online,POS,Retail,0
TXN_005485,USR_0335,1.5,2026-01-21 12:42:37,"Paris, FR",Desktop,Grocery,0
TXN_002848,USR_0013,6.1,2026-03-30 11:13:24,Online,POS,Retail,0
TXN_009360,USR_0255,5.72,2026-03-23 18:03:09,"New York, US",Desktop,Travel,0
TXN_002479,USR_0240,29.22,2026-03-17 03:20:23,Online,Desktop,Electronics,0
TXN_000716,USR_0109,15.33,2026-02-22 18:47:31,Online,Desktop,Grocery,0
TXN_009050,USR_0229,16.68,2026-03-19 21:12:46,"New York, US",Desktop,Electronics,0
TXN_011797,USR_0082,7489.94,2026-03-26 02:48:29,Online,ATM,Crypto,1
TXN_006281,USR_0121,129.74,2026-02-14 06:58:17,"New York, US",POS,Electronics,0
TXN_008626,USR_0402,210.12,2026-01-10 17:08:37,"London, UK",Mobile,Retail,0
TXN_006038,USR_0181,84.17,2026-02-01 12:55:38,"New York, US",Mobile,Retail,0
TXN_004721,USR_0094,128.04,2026-03-12 12:58:17,Online,Desktop,Retail,0
TXN_002090,USR_0360,3.93,2026-03-21 19:59:57,"New York, US",Mobile,Grocery,0
TXN_003147,USR_0433,43.52,2026-01-29 03:56:15,"Paris, FR",Mobile,Grocery,0
TXN_008732,USR_0173,7.32,2026-02-13 15:45:42,"Paris, FR",Desktop,Electronics,0
TXN_004765,USR_0317,240.74,2026-02-10 08:54:25,"New York, US",Mobile,Grocery,0
TXN_007931,USR_0129,95.41,2026-03-18 17:00:37,"Tokyo, JP",Desktop,Retail,0
TXN_001835,USR_0379,13.72,2026-03-20 15:50:05,"Tokyo, JP",Desktop,Retail,0
TXN_007031,USR_0491,66.9,2026-01-16 04:27:35,"London, UK",Mobile,Grocery,0
TXN_006187,USR_0193,6.25,2026-02-12 00:42:15,Online,Mobile,Retail,0
TXN_009491,USR_0093,21.61,2026-03-07 14:15:38,"Paris, FR",POS,Retail,0
TXN_008746,USR_0132,59.55,2026-01-18 10:17:31,"New York, US",Desktop,Grocery,0
TXN_007496,USR_0325,35.38,2026-01-21 12:08:13,"London, UK",POS,Travel,0
TXN_005220,USR_0011,46.36,2026-01-18 09:38:27,"Paris, FR",Mobile,Electronics,0
TXN_003529,USR_0461,132.92,2026-03-23 20:50:28,"Tokyo, JP",POS,Retail,0
TXN_008317,USR_0256,23.96,2026-03-03 21:05:44,"London, UK",POS,Travel,0
TXN_002486,USR_0248,4.71,2026-03-28 22:25:19,"New York, US",Mobile,Travel,0
TXN_010541,USR_0069,89.12,2026-02-07 14:41:14,"New York, US",POS,Travel,0
TXN_003275,USR_0273,44.49,2026-02-12 16:31:14,"Paris, FR",POS,Grocery,0
TXN_011851,USR_0028,499.99,2026-01-07 23:23:55,"Moscow, RU",Mobile,Gaming,1
TXN_003134,USR_0391,6.23,2026-01-26 15:05:39,"Paris, FR",Desktop,Retail,0
TXN_001887,USR_0495,19.7,2026-03-11 14:10:27,"New York, US",Mobile,Grocery,0
TXN_000024,USR_0441,40.32,2026-01-02 17:43:46,"New York, US",POS,Travel,0
TXN_005611,USR_0340,54.37,2026-02-24 10:38:11,"London, UK",POS,Grocery,0
TXN_009667,USR_0343,92.86,2026-03-10 10:38:01,Online,Mobile,Electronics,0
TXN_001310,USR_0386,42.53,2026-02-04 13:44:39,Online,POS,Retail,0
TXN_005782,USR_0153,48.72,2026-03-29 11:53:27,"Paris, FR",Desktop,Electronics,0
TXN_000790,USR_0128,93.68,2026-03-03 12:22:42,"Paris, FR",Mobile,Travel,0
TXN_003144,USR_0116,69.89,2026-01-03 20:27:30,"Tokyo, JP",Desktop,Travel,0
TXN_004677,USR_0072,14.51,2026-01-16 12:44:29,"New York, US",Desktop,Electronics,0
TXN_011151,USR_0117,24.08,2026-03-20 06:18:34,"Tokyo, JP",Mobile,Retail,0
TXN_006826,USR_0314,64.22,2026-03-21 05:14:18,"London, UK",Mobile,Retail,0
TXN_002515,USR_0264,77.48,2026-03-20 21:46:55,"Paris, FR",Desktop,Grocery,0
TXN_010995,USR_0120,35.98,2026-02-21 16:13:45,"Tokyo, JP",POS,Grocery,0
TXN_008396,USR_0210,28.4,2026-03-19 01:26:28,"London, UK",Mobile,Retail,0
TXN_010386,USR_0201,13.24,2026-03-08 12:39:36,"London, UK",Mobile,Travel,0
TXN_008795,USR_0484,38.1,2026-01-14 21:45:59,"Paris, FR",Mobile,Retail,0
TXN_007667,USR_0253,6.08,2026-03-28 17:01:06,"New York, US",Desktop,Retail,0
TXN_004886,USR_0340,10.17,2026-02-15 01:40:54,"Paris, FR",Desktop,Retail,0
TXN_009797,USR_0001,66.25,2026-01-23 07:21:52,"London, UK",POS,Electronics,0
TXN_001958,USR_0191,4.03,2026-01-31 00:41:17,"London, UK",POS,Retail,0
TXN_003306,USR_0093,19.73,2026-03-10 10:56:14,"London, UK",Mobile,Grocery,0
TXN_011456,USR_0109,8.42,2026-02-26 08:16:12,"Paris, FR",POS,Grocery,0
TXN_005164,USR_0399,136.2,2026-03-06 11:18:56,"London, UK",Mobile,Retail,0
TXN_006830,USR_0414,19.24,2026-03-10 10:59:50,"Paris, FR",POS,Retail,0
TXN_010514,USR_0040,11.97,2026-01-31 18:38:06,"London, UK",Desktop,Electronics,0
TXN_009956,USR_0382,61.78,2026-03-05 17:30:12,"New York, US",Desktop,Grocery,0
TXN_001396,USR_0308,9.61,2026-02-09 16:43:53,"Paris, FR",Mobile,Travel,0
TXN_010367,USR_0453,67.06,2026-02-25 10:42:12,Online,Mobile,Retail,0
TXN_007521,USR_0343,4.31,2026-01-03 20:25:22,"Tokyo, JP",POS,Travel,0
TXN_007949,USR_0495,23.99,2026-03-16 12:41:02,"London, UK",Desktop,Travel,0
TXN_011930,USR_0075,999.0,2026-04-01 22:52:28,Online,Mobile,Electronics,1
TXN_009469,USR_0317,48.31,2026-01-12 01:32:55,"Tokyo, JP",Mobile,Grocery,0
TXN_009347,USR_0497,13.96,2026-02-22 13:01:45,"Paris, FR",Mobile,Travel,0
TXN_006518,USR_0037,81.7,2026-02-10 14:59:24,"Tokyo, JP",POS,Retail,0
TXN_004683,USR_0345,26.7,2026-03-14 20:52:34,"London, UK",Desktop,Grocery,0
TXN_010144,USR_0067,58.5,2026-01-27 06:25:55,"London, UK",POS,Grocery,0
TXN_005630,USR_0141,19.27,2026-01-18 10:35:32,"Paris, FR",Mobile,Grocery,0
TXN_001227,USR_0350,14.72,2026-04-01 20:24:30,"Tokyo, JP",Mobile,Travel,0
TXN_003929,USR_0310,31.24,2026-02-18 02:10:29,"London, UK",Mobile,Retail,0
TXN_003296,USR_0392,140.39,2026-01-21 09:13:04,"London, UK",Desktop,Grocery,0
TXN_008314,USR_0109,37.12,2026-01-17 06:25:32,Online,Mobile,Retail,0
TXN_005527,USR_0300,19.16,2026-02-15 09:25:06,"London, UK",POS,Retail,0
TXN_008616,USR_0465,10.79,2026-01-13 17:43:57,"Tokyo, JP",POS,Retail,0
TXN_005501,USR_0258,31.45,2026-02-21 08:28:48,"Paris, FR",Mobile,Retail,0
TXN_004601,USR_0493,70.6,2026-01-27 13:56:15,"London, UK",POS,Travel,0
TXN_007746,USR_0410,176.82,2026-01-09 12:33:58,"Paris, FR",POS,Electronics,0
TXN_009571,USR_0223,14.54,2026-01-24 08:35:47,Online,Mobile,Grocery,0
TXN_001311,USR_0404,60.75,2026-03-29 18:05:39,"Tokyo, JP",POS,Grocery,0
TXN_004527,USR_0103,85.9,2026-03-15 08:26:47,"New York, US",Desktop,Travel,0
TXN_003496,USR_0364,23.14,2026-02-20 08:23:23,"New York, US",POS,Retail,0
TXN_007488,USR_0467,9.52,2026-03-31 09:29:27,"London, UK",Mobile,Grocery,0
TXN_007056,USR_0168,10.89,2026-03-08 17:05:43,Online,Desktop,Retail,0
TXN_004394,USR_0484,38.53,2026-03-15 10:46:29,Online,Mobile,Retail,0
TXN_007026,USR_0348,63.65,2026-03-03 10:25:23,"London, UK",Mobile,Grocery,0
TXN_003423,USR_0314,58.94,2026-03-24 20:17:05,"Tokyo, JP",POS,Travel,0
TXN_001823,USR_0300,90.69,2026-01-31 21:30:31,"New York, US",Mobile,Grocery,0
TXN_006917,USR_0187,54.95,2026-02-16 12:58:43,"Paris, FR",POS,Retail,0
TXN_001316,USR_0378,50.48,2026-03-16 18:55:44,"London, UK",POS,Retail,0
TXN_011241,USR_0433,72.88,2026-03-10 11:14:19,"Paris, FR",POS,Retail,0
TXN_008292,USR_0243,13.42,2026-03-13 15:48:05,"New York, US",POS,Retail,0
TXN_002316,USR_0117,15.22,2026-01-08 14:45:16,"Tokyo, JP",Mobile,Electronics,0
TXN_002827,USR_0494,15.89,2026-02-10 09:03:07,"New York, US",Desktop,Travel,0
TXN_011925,USR_0299,9154.31,2026-03-16 03:52:16,"Lagos, NG",Mobile,Gaming,1
TXN_011174,USR_0246,126.76,2026-03-26 09:19:24,"Paris, FR",POS,Retail,0
TXN_002596,USR_0312,120.45,2026-02-04 14:35:17,"New York, US",POS,Retail,0
TXN_009549,USR_0055,32.54,2026-03-31 09:25:33,"New York, US",Mobile,Travel,0
TXN_001340,USR_0497,38.22,2026-03-15 10:42:09,Online,POS,Retail,0
TXN_005970,USR_0126,26.89,2026-01-14 00:07:37,Online,Mobile,Grocery,0
TXN_000739,USR_0019,5.28,2026-03-16 11:45:36,"London, UK",Desktop,Electronics,0
TXN_000966,USR_0211,25.56,2026-01-16 18:22:55,Online,Mobile,Travel,0
TXN_000253,USR_0330,95.43,2026-03-13 11:01:38,"Tokyo, JP",Mobile,Retail,0
TXN_008654,USR_0018,76.32,2026-02-27 14:49:01,"Paris, FR",Desktop,Retail,0
TXN_007709,USR_0449,21.74,2026-01-25 06:13:40,"Tokyo, JP",POS,Retail,0
TXN_002099,USR_0431,78.1,2026-03-08 13:52:47,Online,Desktop,Grocery,0
TXN_004081,USR_0080,29.44,2026-01-30 12:34:50,"Tokyo, JP",Mobile,Retail,0
TXN_000873,USR_0311,26.4,2026-01-11 18:53:17,"London, UK",POS,Retail,0
TXN_005493,USR_0236,7.05,2026-02-25 17:49:30,"New York, US",Mobile,Grocery,0
TXN_004897,USR_0413,100.26,2026-03-25 22:04:42,"New York, US",Desktop,Travel,0
TXN_008709,USR_0159,67.79,2026-02-19 13:21:54,Online,Desktop,Retail,0
TXN_006638,USR_0492,46.69,2026-01-05 18:43:56,Online,POS,Grocery,0
TXN_011298,USR_0344,29.83,2026-03-02 23:56:04,"Paris, FR",POS,Retail,0
TXN_004386,USR_0463,5.29,2026-02-12 08:00:56,"London, UK",Mobile,Grocery,0
TXN_007131,USR_0420,55.18,2026-03-14 09:47:30,"New York, US",Desktop,Electronics,0
TXN_005815,USR_0441,11.99,2026-01-03 14:43:31,"Paris, FR",Desktop,Grocery,0
TXN_004133,USR_0224,31.93,2026-02-01 18:29:42,"London, UK",POS,Retail,0
TXN_009283,USR_0289,14.67,2026-02-18 13:11:47,"Paris, FR",Mobile,Retail,0
TXN_009527,USR_0327,70.2,2026-03-28 19:27:47,"Tokyo, JP",POS,Electronics,0
TXN_009749,USR_0241,78.42,2026-01-13 13:47:54,"London, UK",Desktop,Retail,0
TXN_006434,USR_0183,37.09,2026-03-15 05:26:07,Online,POS,Retail,0
TXN_005512,USR_0431,101.56,2026-01-02 09:15:34,Online,POS,Electronics,0
TXN_010357,USR_0453,73.2,2026-02-23 18:21:04,Online,Mobile,Retail,0
TXN_006786,USR_0167,55.73,2026-02-15 14:37:55,Online,Desktop,Travel,0
TXN_010028,USR_0316,27.11,2026-03-20 02:55:08,"New York, US",Mobile,Travel,0
TXN_005465,USR_0494,117.87,2026-02-24 12:46:46,"London, UK",Desktop,Grocery,0
TXN_004229,USR_0161,196.94,2026-01-01 13:31:53,"New York, US",Mobile,Grocery,0
TXN_008268,USR_0251,13.93,2026-02-11 18:37:21,"New York, US",Desktop,Travel,0
TXN_008216,USR_0476,14.9,2026-03-07 16:07:37,"London, UK",Mobile,Retail,0
TXN_007523,USR_0357,13.31,2026-02-07 10:22:09,Online,Desktop,Grocery,0
TXN_011766,USR_0422,1500.0,2026-02-21 22:27:38,"Moscow, RU",Desktop,Gaming,1
TXN_000448,USR_0361,18.87,2026-01-07 16:15:47,"New York, US",Desktop,Retail,0
TXN_009809,USR_0023,112.1,2026-03-19 19:04:21,"Paris, FR",POS,Retail,0
TXN_000057,USR_0343,16.41,2026-02-10 09:15:16,"Paris, FR",Mobile,Electronics,0
TXN_011028,USR_0019,14.19,2026-03-01 10:11:38,"Paris, FR",Desktop,Electronics,0
TXN_002856,USR_0466,10.79,2026-02-10 21:37:57,"Paris, FR",Desktop,Grocery,0
TXN_006235,USR_0240,51.44,2026-01-22 16:07:26,"London, UK",POS,Retail,0
TXN_000477,USR_0432,21.21,2026-03-22 12:14:04,"London, UK",Mobile,Retail,0
TXN_008898,USR_0283,32.56,2026-01-16 05:23:02,Online,POS,Grocery,0
TXN_006628,USR_0336,50.44,2026-02-13 14:28:25,"New York, US",POS,Electronics,0
TXN_005360,USR_0207,24.49,2026-03-02 16:36:05,"Tokyo, JP",Desktop,Retail,0
TXN_004760,USR_0243,18.59,2026-03-26 13:23:15,"New York, US",Desktop,Travel,0
TXN_005599,USR_0144,176.67,2026-02-01 17:51:53,"Tokyo, JP",Mobile,Electronics,0
TXN_009009,USR_0264,6.05,2026-01-03 20:26:54,"London, UK",Mobile,Electronics,0
TXN_007745,USR_0125,44.15,2026-02-27 20:58:19,Online,Mobile,Retail,0
TXN_011811,USR_0426,1859.09,2026-02-23 03:58:02,"Moscow, RU",Mobile,Crypto,1
TXN_000751,USR_0091,32.3,2026-02-10 14:40:03,"New York, US",Desktop,Grocery,0
TXN_008095,USR_0295,16.98,2026-03-03 18:28:14,Online,Desktop,Grocery,0
TXN_008559,USR_0112,33.11,2026-01-10 14:58:43,"London, UK",Desktop,Grocery,0
TXN_000377,USR_0434,2.23,2026-01-14 20:27:08,"Tokyo, JP",POS,Grocery,0
TXN_002459,USR_0484,5.8,2026-02-16 13:33:00,"Paris, FR",Desktop,Electronics,0
TXN_011676,USR_0152,8628.87,2026-01-29 05:54:26,"Moscow, RU",Mobile,Gaming,1
TXN_010951,USR_0484,21.5,2026-02-24 12:22:19,"Paris, FR",Mobile,Travel,0
TXN_004257,USR_0377,47.61,2026-03-03 07:28:47,"Paris, FR",Mobile,Travel,0
TXN_010089,USR_0454,37.17,2026-02-09 17:32:14,"London, UK",Desktop,Electronics,0
TXN_009031,USR_0309,125.67,2026-03-15 15:20:10,"Paris, FR",Desktop,Retail,0
TXN_009678,USR_0243,28.8,2026-01-15 19:14:02,"New York, US",Mobile,Retail,0
TXN_011985,USR_0152,4564.42,2026-03-01 23:00:48,Online,Mobile,Electronics,1
TXN_011577,USR_0470,58.02,2026-01-04 17:36:01,"Tokyo, JP",Mobile,Grocery,0
TXN_010202,USR_0114,11.02,2026-02-16 17:59:10,"London, UK",Mobile,Retail,0
TXN_009700,USR_0042,9.04,2026-03-21 14:26:40,"Tokyo, JP",Mobile,Electronics,0
TXN_002401,USR_0218,30.21,2026-03-07 11:47:01,"Tokyo, JP",Desktop,Retail,0
TXN_004763,USR_0127,24.0,2026-02-09 12:31:16,"New York, US",POS,Retail,0
TXN_010404,USR_0319,49.38,2026-03-20 10:11:07,"London, UK",Desktop,Grocery,0
TXN_005361,USR_0497,72.47,2026-04-01 23:32:59,"Paris, FR",POS,Retail,0
TXN_011724,USR_0013,999.0,2026-03-25 02:09:45,"Lagos, NG",Desktop,Electronics,1
TXN_007768,USR_0310,37.01,2026-02-04 14:46:43,Online,Mobile,Grocery,0
TXN_011430,USR_0479,40.45,2026-03-23 15:19:36,"Paris, FR",Mobile,Retail,0
TXN_009757,USR_0050,48.97,2026-01-25 06:08:28,Online,POS,Retail,0
TXN_009386,USR_0214,52.33,2026-01-03 08:23:12,"London, UK",POS,Travel,0
TXN_008128,USR_0376,49.51,2026-02-16 18:32:57,"Paris, FR",POS,Electronics,0
TXN_006211,USR_0456,10.86,2026-03-01 02:40:15,"Paris, FR",Desktop,Grocery,0
TXN_004451,USR_0034,16.62,2026-03-09 20:33:17,Online,Desktop,Travel,0
TXN_009538,USR_0104,23.31,2026-04-01 08:49:39,"Paris, FR",Desktop,Electronics,0
TXN_000228,USR_0125,216.19,2026-01-17 18:50:36,"London, UK",Mobile,Travel,0
TXN_005494,USR_0071,40.61,2026-03-14 13:32:43,"Paris, FR",Desktop,Grocery,0
TXN_002318,USR_0180,22.81,2026-01-14 05:04:32,"Paris, FR",Mobile,Travel,0
TXN_011649,USR_0425,5000.0,2026-02-18 05:13:46,"Sydney, AU",ATM,Electronics,1
TXN_004163,USR_0479,34.61,2026-02-15 13:35:44,"London, UK",Desktop,Travel,0
TXN_010338,USR_0466,62.76,2026-01-19 21:35:23,"Paris, FR",Desktop,Grocery,0
TXN_002649,USR_0346,85.74,2026-02-11 07:34:29,"London, UK",POS,Grocery,0
TXN_001509,USR_0487,16.5,2026-02-27 06:20:46,Online,Mobile,Retail,0
TXN_005936,USR_0391,3.61,2026-03-02 10:48:15,"New York, US",Mobile,Retail,0
TXN_011196,USR_0377,22.54,2026-03-12 10:09:14,"London, UK",POS,Travel,0
TXN_001685,USR_0170,68.89,2026-03-16 11:36:21,Online,Desktop,Retail,0
TXN_000500,USR_0300,199.51,2026-03-26 19:24:05,Online,Desktop,Retail,0
TXN_009295,USR_0099,15.02,2026-02-06 14:04:12,"Tokyo, JP",POS,Retail,0
TXN_001700,USR_0326,7.05,2026-02-01 18:58:02,Online,POS,Retail,0
TXN_001878,USR_0049,58.8,2026-03-17 15:11:24,"Paris, FR",POS,Electronics,0
TXN_004112,USR_0129,101.65,2026-03-30 08:22:11,Online,Desktop,Electronics,0
TXN_000514,USR_0226,209.92,2026-02-12 19:27:52,Online,Mobile,Grocery,0
TXN_009708,USR_0124,78.02,2026-02-27 11:55:13,"New York, US",POS,Electronics,0
TXN_003298,USR_0267,10.01,2026-03-13 12:56:43,Online,POS,Travel,0
TXN_002705,USR_0240,29.53,2026-02-11 08:08:46,"Tokyo, JP",Mobile,Grocery,0
TXN_007919,USR_0288,3.03,2026-02-11 05:42:14,"Paris, FR",Mobile,Electronics,0
TXN_007750,USR_0373,8.86,2026-01-25 20:05:26,"New York, US",Mobile,Grocery,0
TXN_010434,USR_0151,4.9,2026-03-15 11:38:40,Online,POS,Travel,0
TXN_007230,USR_0146,33.5,2026-01-01 14:48:05,"London, UK",POS,Grocery,0
TXN_007900,USR_0146,323.01,2026-03-21 23:18:50,Online,POS,Grocery,0
TXN_006736,USR_0452,10.16,2026-01-08 12:47:49,"Tokyo, JP",Mobile,Travel,0
TXN_007775,USR_0030,44.78,2026-01-12 10:32:18,"London, UK",Desktop,Retail,0
TXN_000475,USR_0470,19.74,2026-03-11 12:41:03,Online,Mobile,Grocery,0
TXN_005704,USR_0443,82.27,2026-02-08 19:52:08,"New York, US",Mobile,Grocery,0
TXN_003669,USR_0228,96.1,2026-01-02 09:09:35,"Tokyo, JP",Mobile,Retail,0
TXN_003609,USR_0107,37.22,2026-01-04 10:51:58,"Paris, FR",POS,Retail,0
TXN_011778,USR_0313,6443.09,2026-01-24 02:07:08,"Lagos, NG",ATM,Crypto,1
TXN_006751,USR_0109,10.72,2026-03-03 15:25:16,"Paris, FR",Desktop,Retail,0
TXN_002917,USR_0214,30.21,2026-02-01 17:13:20,"London, UK",Desktop,Electronics,0
TXN_009034,USR_0500,10.39,2026-03-24 12:28:36,"London, UK",Mobile,Electronics,0
TXN_004374,USR_0065,11.95,2026-01-28 11:29:24,"New York, US",Mobile,Travel,0
TXN_000481,USR_0141,12.13,2026-03-10 04:18:01,Online,POS,Electronics,0
TXN_007347,USR_0119,5.2,2026-02-01 08:10:20,"Paris, FR",Mobile,Electronics,0
TXN_004795,USR_0240,62.71,2026-02-08 19:16:54,"New York, US",POS,Travel,0
TXN_002578,USR_0014,33.59,2026-01-29 22:56:23,Online,Desktop,Electronics,0
TXN_010857,USR_0497,16.24,2026-01-02 11:14:38,Online,Desktop,Travel,0
TXN_010509,USR_0411,10.99,2026-02-16 10:31:19,Online,Mobile,Grocery,0
TXN_008288,USR_0189,17.09,2026-02-19 13:27:32,"London, UK",POS,Grocery,0
TXN_009919,USR_0227,108.78,2026-02-20 21:48:13,"New York, US",POS,Electronics,0
TXN_003551,USR_0187,26.01,2026-03-31 17:15:50,Online,POS,Retail,0
TXN_011813,USR_0333,4921.31,2026-03-20 22:54:55,Online,ATM,Electronics,1
TXN_005825,USR_0278,23.69,2026-01-23 11:33:48,"London, UK",POS,Electronics,0
TXN_007599,USR_0230,34.85,2026-02-10 12:09:11,Online,Desktop,Electronics,0
TXN_004846,USR_0382,40.9,2026-02-16 11:13:06,"Tokyo, JP",POS,Retail,0
TXN_001350,USR_0373,140.96,2026-02-26 11:47:26,"Paris, FR",Desktop,Retail,0
TXN_011542,USR_0204,61.88,2026-03-21 13:48:13,"New York, US",POS,Travel,0
TXN_004631,USR_0106,82.61,2026-01-26 11:50:26,"New York, US",Mobile,Electronics,0
TXN_003161,USR_0021,49.87,2026-03-20 00:00:52,"London, UK",Mobile,Retail,0
TXN_008889,USR_0116,19.8,2026-03-07 05:29:53,Online,Mobile,Grocery,0
TXN_002923,USR_0042,21.88,2026-03-09 16:31:29,Online,POS,Grocery,0
TXN_007038,USR_0115,15.52,2026-02-20 17:35:24,"New York, US",POS,Electronics,0
TXN_009994,USR_0432,35.0,2026-01-16 06:25:27,"Paris, FR",POS,Grocery,0
TXN_001607,USR_0077,41.13,2026-02-11 08:05:51,Online,POS,Travel,0
TXN_004908,USR_0240,5.05,2026-03-15 09:38:34,"Tokyo, JP",Desktop,Grocery,0
TXN_003032,USR_0095,7.41,2026-03-16 17:26:07,Online,Mobile,Retail,0
TXN_002763,USR_0392,14.55,2026-01-18 11:25:13,"Paris, FR",Desktop,Travel,0
TXN_007977,USR_0182,65.92,2026-02-26 12:46:19,"Tokyo, JP",POS,Travel,0
TXN_003112,USR_0493,76.84,2026-03-24 12:33:22,Online,POS,Electronics,0
TXN_007336,USR_0496,21.71,2026-03-06 18:55:33,Online,POS,Retail,0
TXN_001660,USR_0100,26.32,2026-02-12 09:05:56,Online,Mobile,Electronics,0
TXN_005849,USR_0154,21.7,2026-01-03 12:29:06,"Tokyo, JP",Desktop,Travel,0
TXN_009868,USR_0284,243.75,2026-02-04 06:00:43,"London, UK",POS,Grocery,0
TXN_001447,USR_0338,2.37,2026-03-12 19:11:41,"New York, US",POS,Retail,0
TXN_003845,USR_0350,4.64,2026-02-19 03:03:43,"London, UK",Mobile,Electronics,0
TXN_001021,USR_0165,35.96,2026-01-09 00:42:34,"Paris, FR",Mobile,Travel,0
TXN_000706,USR_0401,28.59,2026-02-23 13:07:26,"London, UK",Mobile,Travel,0
TXN_004774,USR_0397,21.08,2026-01-29 16:20:04,"New York, US",POS,Retail,0
TXN_001867,USR_0412,266.68,2026-01-26 18:47:41,"New York, US",Desktop,Electronics,0
TXN_009712,USR_0029,42.79,2026-01-24 17:18:22,"Tokyo, JP",Desktop,Grocery,0
TXN_005949,USR_0138,39.76,2026-03-29 11:01:48,"London, UK",POS,Grocery,0
TXN_003435,USR_0480,28.14,2026-01-17 20:59:20,"Tokyo, JP",POS,Retail,0
TXN_002123,USR_0247,64.37,2026-01-26 10:05:22,Online,POS,Grocery,0
TXN_002575,USR_0252,77.67,2026-02-01 21:48:16,"Tokyo, JP",Desktop,Electronics,0
TXN_009695,USR_0241,59.78,2026-02-02 21:38:13,"Tokyo, JP",Desktop,Retail,0
TXN_001922,USR_0217,256.43,2026-03-05 21:24:10,"Tokyo, JP",Mobile,Grocery,0
TXN_002957,USR_0172,8.18,2026-01-26 20:20:57,"Tokyo, JP",Desktop,Grocery,0
TXN_009135,USR_0349,4.49,2026-01-29 18:09:17,"London, UK",Desktop,Electronics,0
TXN_009938,USR_0357,7.08,2026-03-05 06:33:27,"New York, US",Mobile,Grocery,0
TXN_010073,USR_0210,20.26,2026-03-14 11:41:44,"Tokyo, JP",POS,Grocery,0
TXN_005413,USR_0328,24.58,2026-03-01 06:03:40,"London, UK",POS,Grocery,0
TXN_001420,USR_0066,114.97,2026-02-16 11:22:51,Online,Mobile,Electronics,0
TXN_003371,USR_0176,173.0,2026-01-04 20:37:08,"Paris, FR",Mobile,Retail,0
TXN_003860,USR_0314,14.14,2026-03-31 01:48:18,"New York, US",Mobile,Travel,0
TXN_005046,USR_0474,175.33,2026-03-29 08:16:56,Online,Desktop,Retail,0
TXN_002026,USR_0173,7.54,2026-02-26 15:50:41,"New York, US",Desktop,Grocery,0
TXN_000595,USR_0261,55.86,2026-01-25 15:47:25,"Tokyo, JP",POS,Grocery,0
TXN_001559,USR_0137,10.69,2026-01-20 19:54:44,Online,POS,Electronics,0
TXN_010646,USR_0008,127.99,2026-01-31 15:06:49,Online,Desktop,Retail,0
TXN_006891,USR_0321,28.8,2026-03-09 08:06:05,"Paris, FR",POS,Grocery,0
TXN_010250,USR_0202,29.97,2026-01-23 09:28:09,"Tokyo, JP",Desktop,Grocery,0
TXN_010331,USR_0066,65.05,2026-03-19 13:16:34,"Paris, FR",Mobile,Grocery,0
TXN_006021,USR_0469,19.72,2026-03-15 12:03:48,"London, UK",Desktop,Travel,0
TXN_003400,USR_0151,18.41,2026-01-03 09:49:32,"Tokyo, JP",POS,Travel,0
TXN_002059,USR_0260,33.35,2026-02-27 15:16:56,"New York, US",POS,Electronics,0
TXN_007249,USR_0160,127.32,2026-01-18 12:39:58,"London, UK",POS,Electronics,0
TXN_009933,USR_0132,94.37,2026-02-07 10:38:33,"Paris, FR",Mobile,Retail,0
TXN_008120,USR_0024,67.9,2026-01-20 09:15:49,"New York, US",Mobile,Electronics,0
TXN_010426,USR_0081,7.93,2026-01-24 18:21:11,"New York, US",Mobile,Retail,0
TXN_011500,USR_0208,6.76,2026-03-22 07:15:16,"Tokyo, JP",POS,Grocery,0
TXN_007785,USR_0235,33.79,2026-03-17 01:54:40,"New York, US",Mobile,Electronics,0
TXN_009416,USR_0372,10.27,2026-03-21 15:18:39,"New York, US",POS,Grocery,0
TXN_011478,USR_0379,14.64,2026-02-05 05:20:29,"New York, US",Mobile,Retail,0
TXN_003586,USR_0405,26.17,2026-03-13 14:43:25,Online,Mobile,Grocery,0
TXN_005341,USR_0388,210.2,2026-03-21 20:53:59,"Paris, FR",Mobile,Electronics,0
TXN_007050,USR_0383,30.47,2026-02-04 08:56:53,"London, UK",POS,Grocery,0
TXN_006958,USR_0485,36.74,2026-02-14 17:42:48,"London, UK",Desktop,Grocery,0
TXN_000536,USR_0332,16.44,2026-01-14 15:43:51,"London, UK",POS,Retail,0
TXN_010613,USR_0487,59.85,2026-04-01 12:31:01,Online,Desktop,Grocery,0
TXN_000293,USR_0340,11.74,2026-02-20 10:08:38,"New York, US",Desktop,Travel,0
TXN_002837,USR_0090,322.82,2026-02-19 11:16:56,"London, UK",Desktop,Electronics,0
TXN_004475,USR_0129,128.0,2026-03-03 15:31:49,"New York, US",POS,Retail,0
TXN_002871,USR_0359,86.17,2026-02-09 21:16:28,"Paris, FR",Desktop,Grocery,0
TXN_008281,USR_0005,64.54,2026-02-08 13:45:41,Online,Desktop,Travel,0
TXN_006175,USR_0316,28.97,2026-01-04 13:10:59,"New York, US",Desktop,Grocery,0
TXN_008458,USR_0249,213.13,2026-02-24 08:08:01,Online,Mobile,Travel,0
TXN_010108,USR_0500,18.35,2026-02-17 20:10:39,"Paris, FR",Desktop,Retail,0
TXN_003647,USR_0305,9.9,2026-03-06 07:56:49,Online,Desktop,Retail,0
TXN_005182,USR_0393,7.17,2026-03-24 09:33:37,"London, UK",Mobile,Retail,0
TXN_001319,USR_0257,51.39,2026-03-09 16:53:07,"Paris, FR",POS,Travel,0
TXN_010957,USR_0440,77.39,2026-01-13 13:08:53,"London, UK",Desktop,Grocery,0
TXN_007429,USR_0431,211.69,2026-01-30 18:29:28,"London, UK",Mobile,Retail,0
TXN_004013,USR_0193,191.18,2026-03-17 07:13:37,"Tokyo, JP",Desktop,Travel,0
TXN_005653,USR_0010,17.17,2026-01-11 08:01:49,"New York, US",Mobile,Retail,0
TXN_007542,USR_0490,38.52,2026-03-26 03:29:10,"New York, US",Mobile,Grocery,0
TXN_006578,USR_0172,128.52,2026-03-18 20:46:00,Online,Desktop,Retail,0
TXN_009657,USR_0360,397.08,2026-03-30 20:35:17,"Paris, FR",POS,Electronics,0
TXN_006460,USR_0337,8.21,2026-02-23 13:21:39,"Tokyo, JP",POS,Grocery,0
TXN_008420,USR_0146,33.64,2026-01-03 11:45:17,"Paris, FR",POS,Electronics,0
TXN_008537,USR_0205,56.58,2026-01-30 08:14:07,"Paris, FR",Mobile,Grocery,0
TXN_002229,USR_0050,34.79,2026-02-01 09:13:06,"Paris, FR",Mobile,Travel,0
TXN_010039,USR_0350,46.46,2026-03-31 19:17:55,"Paris, FR",POS,Grocery,0
TXN_005946,USR_0452,80.19,2026-02-27 17:23:18,"Tokyo, JP",Desktop,Grocery,0
TXN_011954,USR_0395,499.99,2026-03-09 22:48:56,"Sydney, AU",Desktop,Crypto,1
TXN_008423,USR_0321,40.2,2026-03-03 15:01:25,Online,POS,Electronics,0
TXN_004251,USR_0244,77.88,2026-01-26 13:00:18,Online,Desktop,Retail,0
TXN_003874,USR_0095,14.79,2026-02-06 11:06:29,Online,Desktop,Retail,0
TXN_011343,USR_0184,6.4,2026-03-02 08:55:40,"Tokyo, JP",Desktop,Grocery,0
TXN_000357,USR_0094,43.81,2026-01-17 13:27:32,"New York, US",Mobile,Travel,0
TXN_011915,USR_0073,1500.0,2026-03-09 03:35:40,Online,Desktop,Gaming,1
TXN_007753,USR_0069,81.59,2026-01-15 20:59:11,"New York, US",POS,Retail,0
TXN_007969,USR_0497,57.44,2026-02-26 14:20:51,"Paris, FR",Desktop,Grocery,0
TXN_009991,USR_0380,15.56,2026-03-04 05:13:24,"Paris, FR",Mobile,Retail,0
TXN_000838,USR_0213,48.48,2026-03-11 17:34:25,"New York, US",Desktop,Retail,0
TXN_008924,USR_0081,49.45,2026-03-22 04:18:06,Online,POS,Retail,0
TXN_006308,USR_0054,30.07,2026-03-23 06:58:59,"Tokyo, JP",POS,Retail,0
TXN_007290,USR_0227,56.12,2026-03-29 10:54:47,"Tokyo, JP",Mobile,Grocery,0
TXN_002007,USR_0478,86.35,2026-02-03 08:51:58,"New York, US",Mobile,Retail,0
TXN_010604,USR_0329,24.99,2026-02-19 09:12:20,"New York, US",POS,Retail,0
TXN_010712,USR_0343,36.06,2026-01-28 20:06:11,"Tokyo, JP",Mobile,Grocery,0
TXN_008697,USR_0439,23.3,2026-03-26 10:24:56,"London, UK",Mobile,Electronics,0
TXN_002363,USR_0253,99.22,2026-02-03 20:05:55,"London, UK",Desktop,Electronics,0
TXN_008966,USR_0039,74.05,2026-02-06 04:38:50,"New York, US",POS,Grocery,0
TXN_009658,USR_0007,109.12,2026-01-01 15:06:21,Online,Mobile,Retail,0
TXN_009872,USR_0497,32.07,2026-02-14 18:02:25,"Paris, FR",POS,Retail,0
TXN_008770,USR_0405,152.52,2026-01-18 06:43:50,"New York, US",Desktop,Travel,0
TXN_007533,USR_0308,84.29,2026-03-20 12:47:37,"New York, US",POS,Retail,0
TXN_002900,USR_0231,36.52,2026-02-15 16:47:51,"Paris, FR",Desktop,Retail,0
TXN_001891,USR_0122,52.36,2026-01-05 23:12:09,"Tokyo, JP",Mobile,Retail,0
TXN_007256,USR_0417,124.29,2026-03-18 14:45:55,"Paris, FR",Mobile,Grocery,0
TXN_000158,USR_0218,71.85,2026-01-15 06:34:14,"London, UK",Desktop,Retail,0
TXN_009240,USR_0033,203.83,2026-02-07 16:23:37,"Tokyo, JP",Desktop,Grocery,0
TXN_000128,USR_0055,55.36,2026-02-25 20:23:40,"Paris, FR",POS,Retail,0
TXN_006919,USR_0172,24.42,2026-02-09 09:43:39,"New York, US",Desktop,Electronics,0
TXN_008815,USR_0398,89.09,2026-03-05 13:06:50,"New York, US",Desktop,Travel,0
TXN_001442,USR_0164,18.83,2026-01-09 21:40:13,"Paris, FR",Desktop,Grocery,0
TXN_006659,USR_0085,23.19,2026-01-05 01:31:51,"New York, US",POS,Travel,0
TXN_007280,USR_0298,30.82,2026-02-22 09:13:42,"Tokyo, JP",Mobile,Electronics,0
TXN_002749,USR_0125,38.36,2026-01-03 05:54:39,"Paris, FR",Desktop,Retail,0
TXN_009952,USR_0115,70.18,2026-01-20 15:39:20,"Paris, FR",Desktop,Electronics,0
TXN_008455,USR_0379,82.88,2026-03-18 09:18:46,"Tokyo, JP",Desktop,Grocery,0
TXN_008964,USR_0205,204.07,2026-01-05 06:03:46,"New York, US",Mobile,Retail,0
TXN_005498,USR_0398,46.31,2026-03-24 22:24:47,Online,Mobile,Travel,0
TXN_003062,USR_0201,63.09,2026-03-03 12:45:17,Online,Desktop,Travel,0
TXN_009558,USR_0236,12.58,2026-02-26 17:59:24,Online,POS,Travel,0
TXN_006031,USR_0386,3.5,2026-02-28 13:11:52,"London, UK",Desktop,Grocery,0
TXN_005615,USR_0144,90.09,2026-03-25 17:40:54,"London, UK",Desktop,Grocery,0
TXN_010045,USR_0432,26.4,2026-03-21 19:51:42,"New York, US",POS,Grocery,0
TXN_001058,USR_0173,83.03,2026-01-11 17:30:36,"New York, US",POS,Retail,0
TXN_001964,USR_0457,64.39,2026-03-13 11:22:57,"Tokyo, JP",Desktop,Electronics,0
TXN_003126,USR_0052,40.87,2026-01-19 17:47:45,Online,Desktop,Grocery,0
TXN_011415,USR_0340,161.2,2026-02-22 14:28:57,"New York, US",Desktop,Retail,0
TXN_010500,USR_0132,241.66,2026-03-19 13:24:34,Online,Desktop,Grocery,0
TXN_001128,USR_0026,55.32,2026-01-14 01:26:11,"London, UK",POS,Grocery,0
TXN_006569,USR_0007,245.16,2026-02-14 14:38:38,"Tokyo, JP",Desktop,Travel,0
TXN_009460,USR_0211,31.7,2026-02-28 13:43:11,"Paris, FR",Desktop,Grocery,0
TXN_011575,USR_0159,15.65,2026-02-13 14:09:17,"Tokyo, JP",POS,Retail,0
TXN_010290,USR_0353,12.75,2026-03-28 09:09:02,"Paris, FR",POS,Retail,0
TXN_009555,USR_0052,24.99,2026-02-07 21:30:56,"London, UK",Desktop,Travel,0
TXN_011655,USR_0066,5148.31,2026-01-23 05:21:58,"Lagos, NG",Desktop,Crypto,1
TXN_007245,USR_0076,14.41,2026-02-02 14:25:11,"Paris, FR",Desktop,Grocery,0
TXN_011047,USR_0014,37.26,2026-03-20 19:35:39,"Paris, FR",Mobile,Retail,0
TXN_001544,USR_0263,20.38,2026-03-17 14:46:39,"Paris, FR",Mobile,Electronics,0
TXN_005991,USR_0379,14.4,2026-01-03 20:49:06,"Tokyo, JP",Mobile,Retail,0
TXN_005307,USR_0112,12.53,2026-03-03 11:19:29,"Tokyo, JP",Desktop,Travel,0
TXN_007479,USR_0462,32.62,2026-02-04 12:04:52,"London, UK",POS,Retail,0
TXN_002269,USR_0335,163.78,2026-01-04 10:02:21,"Paris, FR",Desktop,Retail,0
TXN_007169,USR_0297,2.05,2026-03-17 10:30:48,"New York, US",Mobile,Grocery,0
TXN_011867,USR_0243,1478.96,2026-02-03 03:21:42,"Lagos, NG",ATM,Electronics,1
TXN_000133,USR_0254,15.29,2026-02-11 14:11:31,"London, UK",Desktop,Grocery,0
TXN_008061,USR_0336,141.29,2026-02-01 18:53:08,Online,POS,Grocery,0
TXN_004668,USR_0012,38.05,2026-02-21 03:30:44,"New York, US",POS,Retail,0
TXN_009381,USR_0011,24.32,2026-03-30 20:10:18,"Tokyo, JP",POS,Grocery,0
TXN_000604,USR_0499,159.81,2026-01-20 11:34:20,"Paris, FR",POS,Electronics,0
TXN_005640,USR_0340,62.61,2026-02-07 10:16:36,"London, UK",Mobile,Grocery,0
TXN_004803,USR_0337,8.77,2026-01-16 13:07:38,"Paris, FR",Mobile,Grocery,0
TXN_009823,USR_0292,19.62,2026-03-18 07:13:01,"Paris, FR",Desktop,Grocery,0
TXN_000394,USR_0226,15.21,2026-02-10 11:26:09,"Paris, FR",POS,Retail,0
TXN_011772,USR_0215,1630.75,2026-03-26 22:35:58,Online,Mobile,Electronics,1
TXN_009405,USR_0139,94.12,2026-03-18 22:24:30,"London, UK",Desktop,Grocery,0
TXN_007110,USR_0219,6.54,2026-03-16 19:00:20,"Paris, FR",Mobile,Grocery,0
TXN_004950,USR_0413,32.15,2026-02-05 16:06:36,"Paris, FR",Mobile,Retail,0
TXN_006113,USR_0262,13.11,2026-03-03 14:08:19,"Paris, FR",Mobile,Retail,0
TXN_005683,USR_0239,14.08,2026-01-04 11:54:36,"New York, US",Mobile,Grocery,0
TXN_007380,USR_0261,692.76,2026-03-08 10:01:21,"New York, US",Desktop,Grocery,0
TXN_003406,USR_0159,74.99,2026-03-13 15:46:14,Online,POS,Retail,0
TXN_003617,USR_0103,51.39,2026-02-21 13:11:07,"London, UK",Mobile,Grocery,0
TXN_005287,USR_0101,9.99,2026-02-22 17:40:14,"London, UK",POS,Retail,0
TXN_000182,USR_0276,37.24,2026-03-03 17:22:21,Online,POS,Retail,0
TXN_002278,USR_0027,21.87,2026-02-19 13:49:24,"London, UK",Desktop,Electronics,0
TXN_010406,USR_0187,6.62,2026-03-15 12:56:45,"Tokyo, JP",POS,Retail,0
TXN_003235,USR_0457,37.93,2026-03-03 15:02:30,"Tokyo, JP",Desktop,Travel,0
TXN_006302,USR_0469,37.67,2026-03-07 12:12:17,"Paris, FR",Desktop,Electronics,0
TXN_008371,USR_0314,31.3,2026-03-02 15:20:59,Online,POS,Travel,0
TXN_003801,USR_0365,38.37,2026-03-17 17:25:08,"Paris, FR",Desktop,Retail,0
TXN_008266,USR_0131,14.65,2026-01-23 10:32:52,"Paris, FR",POS,Retail,0
TXN_008001,USR_0494,22.69,2026-01-23 16:59:44,"London, UK",Mobile,Travel,0
TXN_009066,USR_0215,69.1,2026-03-24 14:54:49,"Paris, FR",Desktop,Electronics,0
TXN_000402,USR_0179,22.76,2026-03-13 19:59:59,"Tokyo, JP",Desktop,Grocery,0
TXN_003594,USR_0188,27.44,2026-02-19 15:19:48,"London, UK",Mobile,Grocery,0
TXN_004792,USR_0312,7.82,2026-03-31 14:21:05,"Paris, FR",Desktop,Electronics,0
TXN_001632,USR_0149,3.93,2026-03-25 20:10:00,"New York, US",Desktop,Grocery,0
TXN_011763,USR_0261,2500.0,2026-01-06 02:29:33,Online,ATM,Electronics,1
TXN_010346,USR_0053,85.07,2026-02-16 05:46:02,"Tokyo, JP",Mobile,Electronics,0
TXN_003583,USR_0195,533.77,2026-02-13 15:13:34,"New York, US",POS,Retail,0
TXN_011058,USR_0165,134.11,2026-01-23 12:38:17,Online,Desktop,Retail,0
TXN_005350,USR_0125,22.09,2026-03-21 14:45:00,"Paris, FR",Mobile,Grocery,0
TXN_005272,USR_0476,11.39,2026-02-12 10:54:07,"London, UK",POS,Grocery,0
TXN_011861,USR_0036,6159.11,2026-03-27 05:19:16,"Lagos, NG",Mobile,Wire_Transfer,1
TXN_011631,USR_0137,5860.69,2026-02-13 01:23:20,"Sydney, AU",ATM,Wire_Transfer,1
TXN_005523,USR_0311,288.74,2026-03-02 16:09:39,"Paris, FR",Desktop,Grocery,0
TXN_010812,USR_0445,94.94,2026-03-20 19:03:59,"Paris, FR",POS,Electronics,0
TXN_008501,USR_0483,22.21,2026-02-01 07:21:02,"Paris, FR",Mobile,Grocery,0
TXN_008431,USR_0342,161.76,2026-01-24 09:16:17,Online,POS,Electronics,0
TXN_009337,USR_0086,18.02,2026-03-22 15:19:52,Online,Desktop,Grocery,0
TXN_006886,USR_0106,10.09,2026-02-13 14:33:51,"Tokyo, JP",POS,Travel,0
TXN_003464,USR_0072,65.58,2026-02-11 20:36:25,"Paris, FR",POS,Grocery,0
TXN_005986,USR_0041,18.16,2026-01-20 20:01:09,"London, UK",POS,Electronics,0
TXN_005585,USR_0334,27.16,2026-03-17 14:27:44,"Tokyo, JP",Desktop,Travel,0
TXN_006135,USR_0037,2.74,2026-02-01 10:55:29,"London, UK",Desktop,Grocery,0
TXN_002068,USR_0164,79.23,2026-03-14 09:02:38,"Paris, FR",Mobile,Grocery,0
TXN_004478,USR_0281,22.64,2026-01-02 11:43:46,Online,Desktop,Grocery,0
TXN_007073,USR_0340,4.26,2026-02-21 22:41:52,"Tokyo, JP",Desktop,Travel,0
TXN_004963,USR_0242,67.12,2026-03-28 09:52:36,"New York, US",Mobile,Electronics,0
TXN_001600,USR_0079,22.95,2026-01-16 10:23:19,"Tokyo, JP",Desktop,Grocery,0
TXN_005786,USR_0041,74.51,2026-01-30 10:22:40,"London, UK",Mobile,Retail,0
TXN_001386,USR_0075,43.1,2026-02-05 19:37:22,"Tokyo, JP",Mobile,Travel,0
TXN_009144,USR_0449,27.37,2026-01-21 22:40:40,"Tokyo, JP",POS,Retail,0
TXN_006658,USR_0263,27.28,2026-02-23 15:58:45,"Paris, FR",POS,Retail,0
TXN_011129,USR_0137,32.73,2026-03-30 18:14:44,Online,POS,Retail,0
TXN_001406,USR_0119,15.38,2026-03-22 05:08:01,"New York, US",POS,Grocery,0
TXN_003276,USR_0354,26.1,2026-01-10 12:06:36,"London, UK",Mobile,Retail,0
TXN_000810,USR_0474,25.77,2026-03-07 17:49:58,"London, UK",POS,Travel,0
TXN_008827,USR_0228,30.32,2026-02-18 12:42:34,"New York, US",Desktop,Electronics,0
TXN_002030,USR_0117,26.38,2026-02-24 09:59:10,"Tokyo, JP",Mobile,Travel,0
TXN_005900,USR_0269,275.15,2026-03-08 05:25:35,"New York, US",POS,Grocery,0
TXN_002651,USR_0093,55.16,2026-01-13 04:01:34,Online,Mobile,Retail,0
TXN_006530,USR_0364,60.85,2026-02-07 22:20:09,"New York, US",Mobile,Grocery,0
TXN_003025,USR_0255,39.16,2026-02-16 18:50:44,"Paris, FR",Mobile,Electronics,0
TXN_011884,USR_0184,5000.0,2026-02-11 02:32:51,"Moscow, RU",Mobile,Crypto,1
TXN_009343,USR_0020,36.07,2026-03-13 11:12:48,"Paris, FR",Mobile,Grocery,0
TXN_004844,USR_0155,66.21,2026-01-10 12:13:15,Online,Desktop,Grocery,0
TXN_009215,USR_0174,38.62,2026-03-14 01:40:43,"Paris, FR",Desktop,Grocery,0
TXN_001703,USR_0454,18.47,2026-03-04 08:13:46,"New York, US",Desktop,Electronics,0
TXN_009488,USR_0297,68.83,2026-03-29 16:22:05,Online,POS,Travel,0
TXN_000062,USR_0314,21.74,2026-03-25 10:33:00,Online,Desktop,Electronics,0
TXN_003657,USR_0457,66.24,2026-03-05 11:43:52,Online,Desktop,Retail,0
TXN_004935,USR_0386,9.94,2026-02-18 10:48:44,"Paris, FR",Desktop,Travel,0
TXN_004581,USR_0159,17.64,2026-03-17 11:23:17,"London, UK",Mobile,Grocery,0
TXN_002095,USR_0487,6.44,2026-01-16 17:22:50,"Paris, FR",Desktop,Electronics,0
TXN_008720,USR_0337,43.42,2026-03-25 08:39:13,"New York, US",Desktop,Retail,0
TXN_010127,USR_0109,9.66,2026-02-14 10:00:54,"Paris, FR",POS,Retail,0
TXN_001881,USR_0419,67.09,2026-03-10 02:50:51,Online,Desktop,Grocery,0
TXN_011059,USR_0182,78.89,2026-02-20 21:23:20,"New York, US",Mobile,Travel,0
TXN_006595,USR_0360,36.42,2026-02-18 16:57:04,"New York, US",Desktop,Travel,0
TXN_007797,USR_0067,81.67,2026-02-25 17:47:10,"New York, US",Desktop,Grocery,0
TXN_010376,USR_0304,69.09,2026-03-14 08:44:25,"London, UK",Desktop,Grocery,0
TXN_008065,USR_0065,16.85,2026-01-28 08:29:31,"London, UK",Mobile,Grocery,0
TXN_002288,USR_0155,17.59,2026-02-16 17:49:35,"Tokyo, JP",POS,Retail,0
TXN_006748,USR_0259,40.97,2026-02-27 08:04:00,Online,POS,Grocery,0
TXN_008939,USR_0277,8.03,2026-03-23 13:06:15,"Paris, FR",Mobile,Electronics,0
TXN_005364,USR_0217,29.2,2026-02-16 17:09:49,Online,Mobile,Grocery,0
TXN_004476,USR_0249,270.27,2026-02-13 13:53:14,"New York, US",Desktop,Retail,0
TXN_008167,USR_0204,106.99,2026-03-18 14:09:55,"Paris, FR",Mobile,Grocery,0
TXN_005906,USR_0199,19.56,2026-02-02 10:50:51,Online,Mobile,Travel,0
TXN_000665,USR_0104,163.12,2026-01-17 11:21:45,"London, UK",Desktop,Grocery,0
TXN_002907,USR_0112,93.12,2026-01-13 13:01:25,"Paris, FR",Mobile,Grocery,0
TXN_001047,USR_0132,85.9,2026-02-08 16:05:36,"Paris, FR",POS,Retail,0
TXN_010145,USR_0174,37.77,2026-03-07 09:34:46,"Tokyo, JP",POS,Retail,0
TXN_002405,USR_0196,44.3,2026-01-03 16:31:46,"Paris, FR",Desktop,Travel,0
TXN_005201,USR_0025,527.62,2026-02-19 14:21:26,"Paris, FR",Mobile,Retail,0
TXN_011589,USR_0005,2001.96,2026-01-11 01:30:09,"Moscow, RU",Desktop,Wire_Transfer,1
TXN_001569,USR_0460,27.75,2026-02-28 09:54:33,"Tokyo, JP",Mobile,Retail,0
TXN_000463,USR_0107,84.63,2026-02-12 03:19:58,"New York, US",Mobile,Retail,0
TXN_000744,USR_0114,30.0,2026-02-15 19:14:47,"Tokyo, JP",Desktop,Grocery,0
TXN_000223,USR_0209,295.84,2026-02-05 09:02:44,"Tokyo, JP",Mobile,Retail,0
TXN_007537,USR_0269,66.76,2026-02-16 06:53:07,"Paris, FR",POS,Retail,0
TXN_006605,USR_0490,7.92,2026-02-22 07:41:08,"London, UK",Desktop,Retail,0
TXN_003521,USR_0070,125.53,2026-01-01 08:56:02,"New York, US",Mobile,Grocery,0
TXN_000626,USR_0430,9.18,2026-03-30 18:56:00,"Tokyo, JP",Mobile,Electronics,0
TXN_010738,USR_0444,38.75,2026-01-22 13:09:38,"New York, US",Desktop,Grocery,0
TXN_010018,USR_0120,15.64,2026-01-13 13:44:51,"Paris, FR",Mobile,Grocery,0
TXN_002189,USR_0172,3.68,2026-02-27 20:31:47,"Tokyo, JP",POS,Grocery,0
TXN_002178,USR_0208,173.06,2026-02-20 13:25:06,"London, UK",POS,Electronics,0
TXN_006887,USR_0047,26.69,2026-01-15 08:33:42,"Tokyo, JP",Desktop,Grocery,0
TXN_009606,USR_0329,2.54,2026-03-26 22:43:56,"New York, US",POS,Retail,0
TXN_009314,USR_0098,267.01,2026-02-27 13:58:08,"London, UK",POS,Electronics,0
TXN_009916,USR_0367,7.58,2026-01-29 08:42:43,"Paris, FR",Mobile,Retail,0
TXN_000439,USR_0147,54.23,2026-02-22 16:11:49,"London, UK",POS,Electronics,0
TXN_004339,USR_0488,46.19,2026-03-01 20:01:37,Online,Desktop,Retail,0
TXN_010523,USR_0439,24.35,2026-02-24 20:15:10,"London, UK",POS,Travel,0
TXN_000354,USR_0368,216.33,2026-03-03 10:33:26,"Paris, FR",POS,Grocery,0
TXN_005911,USR_0279,8.22,2026-01-19 12:37:25,"Paris, FR",Mobile,Retail,0
TXN_000457,USR_0435,50.89,2026-01-29 08:19:54,"London, UK",Desktop,Grocery,0
TXN_009681,USR_0300,63.55,2026-02-03 07:40:40,Online,Desktop,Grocery,0
TXN_007493,USR_0452,26.45,2026-01-30 21:40:04,"Tokyo, JP",Mobile,Electronics,0
TXN_000240,USR_0281,34.71,2026-02-11 21:24:38,Online,Desktop,Retail,0
TXN_007829,USR_0260,43.01,2026-03-21 15:13:29,"Paris, FR",Mobile,Retail,0
TXN_009070,USR_0124,19.37,2026-02-01 17:03:39,"Tokyo, JP",Desktop,Electronics,0
TXN_004054,USR_0310,89.23,2026-03-03 19:46:59,"London, UK",POS,Electronics,0
TXN_005363,USR_0449,135.45,2026-01-27 17:05:31,"London, UK",POS,Retail,0
TXN_008794,USR_0213,8.52,2026-01-04 16:51:31,"London, UK",Mobile,Retail,0
TXN_007932,USR_0458,24.23,2026-03-12 13:41:34,"Paris, FR",POS,Retail,0
TXN_009465,USR_0343,46.76,2026-02-24 15:51:47,"New York, US",Desktop,Electronics,0
TXN_004922,USR_0036,44.44,2026-03-07 13:37:39,"Paris, FR",Desktop,Grocery,0
TXN_004354,USR_0056,55.69,2026-01-27 15:34:52,"Paris, FR",POS,Grocery,0
TXN_001019,USR_0278,8.11,2026-02-16 14:29:00,Online,Desktop,Electronics,0
TXN_008043,USR_0174,15.04,2026-01-30 15:59:14,"London, UK",Mobile,Retail,0
TXN_008539,USR_0244,27.82,2026-01-11 18:44:28,"New York, US",POS,Travel,0
TXN_001761,USR_0092,54.12,2026-01-28 20:45:02,Online,Mobile,Retail,0
TXN_008871,USR_0082,17.76,2026-02-28 15:27:16,"Tokyo, JP",Mobile,Retail,0
TXN_010534,USR_0337,53.66,2026-03-17 10:47:41,"Tokyo, JP",Desktop,Retail,0
TXN_010176,USR_0366,73.78,2026-01-08 16:53:56,"New York, US",POS,Grocery,0
TXN_001104,USR_0269,22.38,2026-03-24 17:56:45,"New York, US",POS,Grocery,0
TXN_009838,USR_0179,74.37,2026-01-28 11:07:54,"New York, US",Desktop,Retail,0
TXN_007587,USR_0176,1.52,2026-03-07 23:46:55,"Paris, FR",POS,Retail,0
TXN_008779,USR_0404,17.81,2026-03-10 07:24:58,Online,Mobile,Grocery,0
TXN_006222,USR_0413,164.8,2026-02-21 19:51:29,"New York, US",Mobile,Retail,0
TXN_007964,USR_0041,138.79,2026-03-12 16:20:07,"London, UK",Mobile,Grocery,0
TXN_003252,USR_0211,77.73,2026-02-18 03:42:33,"Tokyo, JP",Desktop,Electronics,0
TXN_004375,USR_0270,22.51,2026-02-04 14:19:29,"Tokyo, JP",Mobile,Travel,0
TXN_005124,USR_0403,33.59,2026-03-15 21:01:07,"Paris, FR",POS,Retail,0
TXN_003064,USR_0495,10.18,2026-02-18 13:52:35,"Paris, FR",Mobile,Grocery,0
TXN_004731,USR_0220,44.14,2026-01-05 08:24:25,"Paris, FR",POS,Travel,0
TXN_004171,USR_0223,5.08,2026-03-12 13:19:49,"New York, US",Mobile,Grocery,0
TXN_009367,USR_0375,13.75,2026-02-18 17:20:20,"New York, US",Mobile,Travel,0
TXN_002948,USR_0432,19.95,2026-03-31 11:14:30,"New York, US",Mobile,Retail,0
TXN_010991,USR_0118,29.07,2026-02-05 16:18:59,"London, UK",Mobile,Travel,0
TXN_011076,USR_0009,106.2,2026-03-11 11:02:42,"New York, US",Mobile,Retail,0
TXN_006909,USR_0311,106.56,2026-01-03 18:19:53,Online,POS,Grocery,0
TXN_011301,USR_0184,23.56,2026-02-04 06:45:34,Online,Desktop,Travel,0
TXN_004550,USR_0469,41.89,2026-03-13 10:00:34,"London, UK",POS,Grocery,0
TXN_010446,USR_0188,30.54,2026-03-08 22:13:16,"Tokyo, JP",Desktop,Travel,0
TXN_009448,USR_0168,64.78,2026-03-07 16:44:17,"London, UK",Desktop,Retail,0
TXN_009661,USR_0020,26.02,2026-01-01 21:08:58,"Tokyo, JP",Mobile,Travel,0
TXN_010091,USR_0211,28.54,2026-01-10 12:08:07,"Paris, FR",Desktop,Electronics,0
TXN_005445,USR_0404,26.29,2026-02-14 21:42:40,"New York, US",Mobile,Travel,0
TXN_001035,USR_0055,20.43,2026-03-23 09:36:22,"Paris, FR",POS,Electronics,0
TXN_002265,USR_0473,5.2,2026-02-02 10:24:45,"Tokyo, JP",Mobile,Retail,0
TXN_005033,USR_0457,42.81,2026-02-23 11:31:22,Online,POS,Grocery,0
TXN_006538,USR_0186,177.43,2026-03-26 20:10:22,"Paris, FR",POS,Grocery,0
TXN_011612,USR_0321,2127.16,2026-03-24 04:49:09,"Moscow, RU",Mobile,Electronics,1
TXN_008372,USR_0011,20.05,2026-03-15 06:25:51,"London, UK",POS,Retail,0
TXN_000907,USR_0460,11.99,2026-03-28 19:41:27,Online,Desktop,Grocery,0
TXN_011107,USR_0259,240.45,2026-03-17 18:38:25,"Paris, FR",Desktop,Travel,0
TXN_008577,USR_0038,21.36,2026-01-11 16:27:58,Online,Desktop,Retail,0
TXN_000369,USR_0390,28.28,2026-02-17 18:32:35,"New York, US",Desktop,Retail,0
TXN_010060,USR_0208,39.89,2026-03-14 13:46:13,"London, UK",POS,Grocery,0
TXN_001416,USR_0292,46.53,2026-03-28 16:31:42,Online,POS,Travel,0
TXN_004050,USR_0386,65.82,2026-03-19 12:15:53,"Tokyo, JP",Desktop,Travel,0
TXN_002287,USR_0362,12.28,2026-02-15 20:57:58,"London, UK",Desktop,Electronics,0
TXN_011488,USR_0441,24.37,2026-03-13 13:11:35,Online,Mobile,Grocery,0
TXN_006822,USR_0308,67.21,2026-02-19 05:56:04,"Paris, FR",Mobile,Grocery,0
TXN_011894,USR_0392,499.99,2026-01-15 23:29:48,Online,ATM,Gaming,1
TXN_008490,USR_0128,19.86,2026-02-24 13:08:34,"New York, US",Mobile,Travel,0
TXN_007408,USR_0462,55.55,2026-01-04 14:10:13,Online,Mobile,Retail,0
TXN_010948,USR_0360,183.24,2026-03-11 13:22:47,Online,POS,Retail,0
TXN_010570,USR_0309,12.78,2026-01-12 22:19:23,"Tokyo, JP",POS,Grocery,0
TXN_005156,USR_0130,31.0,2026-02-14 07:21:10,"Tokyo, JP",Mobile,Electronics,0
TXN_002901,USR_0154,49.04,2026-03-04 13:20:34,"London, UK",Mobile,Travel,0
TXN_001722,USR_0007,23.66,2026-03-02 14:41:32,"London, UK",Desktop,Retail,0
TXN_007627,USR_0052,35.48,2026-02-08 10:38:46,"Paris, FR",Mobile,Travel,0
TXN_004640,USR_0045,11.52,2026-03-05 11:39:39,Online,Mobile,Retail,0
TXN_003185,USR_0002,23.58,2026-01-14 21:30:49,Online,Mobile,Retail,0
TXN_003486,USR_0479,24.4,2026-03-09 12:25:29,Online,Desktop,Retail,0
TXN_001825,USR_0268,39.83,2026-01-01 14:24:38,Online,Desktop,Retail,0
TXN_003081,USR_0229,45.6,2026-01-28 14:14:06,"New York, US",Desktop,Electronics,0
TXN_007183,USR_0297,12.68,2026-01-29 06:05:28,"Paris, FR",POS,Retail,0
TXN_003024,USR_0072,48.2,2026-01-17 18:47:38,Online,Mobile,Retail,0
TXN_010709,USR_0017,162.85,2026-03-27 11:40:57,"London, UK",POS,Grocery,0
TXN_011539,USR_0035,115.13,2026-02-01 10:13:00,"Tokyo, JP",POS,Retail,0
TXN_001902,USR_0141,201.78,2026-01-02 10:06:24,"London, UK",Desktop,Grocery,0
TXN_003972,USR_0019,21.89,2026-01-04 20:58:09,"Paris, FR",POS,Retail,0
TXN_003795,USR_0155,58.46,2026-01-11 11:35:54,"New York, US",POS,Grocery,0
TXN_001919,USR_0126,51.21,2026-03-26 14:58:52,Online,POS,Travel,0
TXN_008494,USR_0249,4.99,2026-02-01 12:16:51,"New York, US",Desktop,Travel,0
TXN_006384,USR_0227,116.02,2026-01-01 12:51:44,Online,Desktop,Retail,0
TXN_001570,USR_0075,7.04,2026-01-02 07:45:51,Online,Mobile,Grocery,0
TXN_011242,USR_0383,100.36,2026-01-06 13:22:05,"New York, US",POS,Electronics,0
TXN_000348,USR_0089,19.89,2026-02-26 18:05:51,"Tokyo, JP",POS,Grocery,0
TXN_001243,USR_0171,6.7,2026-01-08 12:16:52,"Tokyo, JP",Mobile,Retail,0
TXN_000421,USR_0045,39.29,2026-02-21 22:42:06,"London, UK",Mobile,Retail,0
TXN_004701,USR_0482,58.48,2026-02-27 13:49:02,"New York, US",Desktop,Grocery,0
TXN_009067,USR_0235,8.52,2026-01-25 12:46:08,Online,POS,Retail,0
TXN_005454,USR_0206,65.23,2026-02-15 08:11:56,"Paris, FR",Desktop,Retail,0
TXN_008402,USR_0353,20.39,2026-01-25 06:36:02,Online,Desktop,Travel,0
TXN_009764,USR_0386,64.1,2026-03-18 18:55:29,"Paris, FR",POS,Grocery,0
TXN_010698,USR_0405,21.69,2026-03-16 08:18:31,"Tokyo, JP",Mobile,Travel,0
TXN_008643,USR_0050,36.63,2026-01-29 06:50:13,"Paris, FR",Mobile,Electronics,0
TXN_010460,USR_0430,229.84,2026-03-26 16:07:52,"Tokyo, JP",Desktop,Travel,0
TXN_001032,USR_0492,7.29,2026-03-08 11:06:06,"London, UK",POS,Retail,0
TXN_004166,USR_0388,129.74,2026-02-25 08:59:15,"London, UK",Mobile,Travel,0
TXN_009935,USR_0285,67.16,2026-04-01 12:57:14,"New York, US",Desktop,Electronics,0
TXN_006992,USR_0020,28.17,2026-03-30 18:54:24,Online,Mobile,Grocery,0
TXN_007508,USR_0378,26.36,2026-02-13 15:54:41,"London, UK",POS,Retail,0
TXN_007873,USR_0116,30.63,2026-02-19 11:00:26,"London, UK",Mobile,Retail,0
TXN_011244,USR_0016,19.5,2026-01-24 08:33:10,"New York, US",Mobile,Grocery,0
TXN_000764,USR_0395,147.04,2026-03-10 23:39:03,Online,Mobile,Electronics,0
TXN_008411,USR_0353,54.61,2026-03-10 07:41:39,Online,POS,Grocery,0
TXN_010665,USR_0197,7.49,2026-02-23 08:20:48,Online,Desktop,Grocery,0
TXN_003462,USR_0480,31.63,2026-01-14 01:43:16,"Paris, FR",POS,Retail,0
TXN_010612,USR_0492,11.0,2026-01-12 15:29:04,"London, UK",Mobile,Retail,0
TXN_002485,USR_0243,43.04,2026-02-01 05:16:46,"Tokyo, JP",POS,Grocery,0
TXN_001223,USR_0395,119.3,2026-02-19 14:15:42,"Paris, FR",POS,Electronics,0
TXN_006609,USR_0483,10.63,2026-03-16 17:20:53,"Paris, FR",Mobile,Travel,0
TXN_002135,USR_0110,39.69,2026-03-01 06:36:50,"Tokyo, JP",Mobile,Travel,0
TXN_002424,USR_0266,14.99,2026-03-19 11:16:30,"Paris, FR",Mobile,Grocery,0
TXN_003777,USR_0190,5.72,2026-02-05 10:21:47,Online,Desktop,Retail,0
TXN_006642,USR_0031,19.56,2026-03-15 17:29:23,"Tokyo, JP",Mobile,Electronics,0
TXN_006197,USR_0331,27.48,2026-02-11 17:23:31,"New York, US",Mobile,Travel,0
TXN_005196,USR_0491,6.2,2026-02-14 07:58:31,"Tokyo, JP",POS,Travel,0
TXN_008544,USR_0081,96.34,2026-02-23 11:14:23,Online,Desktop,Grocery,0
TXN_006303,USR_0384,23.25,2026-01-10 04:08:42,Online,POS,Travel,0
TXN_004340,USR_0382,8.73,2026-02-19 07:16:55,Online,Desktop,Retail,0
TXN_001576,USR_0472,11.68,2026-01-19 07:44:25,"Paris, FR",POS,Retail,0
TXN_000510,USR_0033,41.42,2026-01-22 13:27:17,"Paris, FR",Desktop,Retail,0
TXN_009341,USR_0020,36.84,2026-01-11 07:17:45,"New York, US",Mobile,Travel,0
TXN_006192,USR_0423,15.76,2026-02-10 11:29:38,"London, UK",Mobile,Electronics,0
TXN_008992,USR_0397,19.44,2026-02-06 13:14:14,"London, UK",POS,Electronics,0
TXN_002305,USR_0487,113.84,2026-02-05 17:05:15,Online,Desktop,Grocery,0
TXN_004449,USR_0220,25.16,2026-01-30 08:19:14,"Tokyo, JP",POS,Travel,0
TXN_000749,USR_0176,34.06,2026-02-22 15:36:57,"Paris, FR",Mobile,Grocery,0
TXN_008752,USR_0343,10.31,2026-01-06 15:01:33,"New York, US",Mobile,Retail,0
TXN_011529,USR_0472,11.11,2026-02-07 00:59:34,"Paris, FR",Desktop,Travel,0
TXN_001260,USR_0033,25.87,2026-03-11 10:41:19,"Paris, FR",POS,Retail,0
TXN_003078,USR_0127,19.28,2026-02-22 20:14:15,"Paris, FR",POS,Retail,0
TXN_011433,USR_0323,176.62,2026-02-04 01:14:47,"London, UK",Desktop,Retail,0
TXN_001889,USR_0228,18.29,2026-01-18 10:36:31,"Tokyo, JP",POS,Grocery,0
TXN_011559,USR_0466,59.82,2026-03-08 11:55:38,Online,POS,Grocery,0
TXN_003510,USR_0303,32.06,2026-03-09 13:30:35,"New York, US",POS,Electronics,0
TXN_000712,USR_0026,168.75,2026-03-02 06:58:17,"Tokyo, JP",Mobile,Grocery,0
TXN_009414,USR_0218,34.02,2026-01-30 09:36:58,"New York, US",Desktop,Grocery,0
TXN_010946,USR_0165,34.94,2026-02-19 16:55:03,Online,Mobile,Electronics,0
TXN_004635,USR_0238,27.83,2026-03-02 09:42:57,"Paris, FR",POS,Grocery,0
TXN_007552,USR_0458,90.45,2026-01-21 09:03:09,"Tokyo, JP",POS,Grocery,0
TXN_007406,USR_0349,7.36,2026-03-26 07:51:09,"Paris, FR",POS,Grocery,0
TXN_001373,USR_0080,94.38,2026-03-06 11:14:53,"London, UK",POS,Travel,0
TXN_011201,USR_0225,15.59,2026-03-10 07:52:10,"London, UK",Desktop,Grocery,0
TXN_000713,USR_0419,18.51,2026-02-08 09:19:17,"Paris, FR",POS,Electronics,0
TXN_003330,USR_0028,98.67,2026-02-22 13:13:15,"Paris, FR",POS,Travel,0
TXN_007717,USR_0404,15.38,2026-01-20 22:30:15,"Tokyo, JP",Mobile,Retail,0
TXN_007812,USR_0194,19.63,2026-02-09 23:22:22,"Tokyo, JP",Desktop,Travel,0
TXN_010131,USR_0316,26.48,2026-02-06 09:31:20,"New York, US",POS,Grocery,0
TXN_003695,USR_0168,32.58,2026-02-13 07:37:16,"Tokyo, JP",POS,Grocery,0
TXN_006953,USR_0201,197.27,2026-02-08 11:33:16,Online,Desktop,Retail,0
TXN_004747,USR_0431,13.66,2026-03-20 01:46:47,"New York, US",Desktop,Electronics,0
TXN_009816,USR_0041,54.22,2026-01-06 09:46:04,"New York, US",Mobile,Retail,0
TXN_006426,USR_0258,14.08,2026-02-21 11:10:18,"New York, US",POS,Grocery,0
TXN_009703,USR_0069,192.06,2026-02-23 15:01:23,"Tokyo, JP",POS,Retail,0
TXN_001483,USR_0210,52.31,2026-01-19 17:01:18,"Tokyo, JP",Mobile,Travel,0
TXN_001490,USR_0155,52.62,2026-02-20 17:42:23,"London, UK",POS,Grocery,0
TXN_000105,USR_0078,30.66,2026-01-30 19:24:44,"London, UK",POS,Retail,0
TXN_007798,USR_0262,45.77,2026-02-15 13:09:01,"Paris, FR",Mobile,Retail,0
TXN_001795,USR_0011,10.01,2026-02-18 06:27:54,"New York, US",Desktop,Travel,0
TXN_009669,USR_0329,100.9,2026-02-28 14:19:40,"New York, US",POS,Grocery,0
TXN_001822,USR_0044,223.95,2026-02-18 08:07:17,"New York, US",Desktop,Grocery,0
TXN_002387,USR_0400,6.88,2026-03-22 17:07:39,Online,Desktop,Retail,0
TXN_005184,USR_0021,17.69,2026-03-18 09:48:29,Online,Mobile,Grocery,0
TXN_005091,USR_0470,13.51,2026-02-23 14:26:19,"New York, US",Desktop,Retail,0
TXN_004258,USR_0415,5.92,2026-02-20 07:37:59,"New York, US",Desktop,Retail,0
TXN_001742,USR_0235,45.15,2026-02-05 12:12:00,"London, UK",Desktop,Grocery,0
TXN_001659,USR_0471,18.1,2026-02-23 12:34:28,"Tokyo, JP",Mobile,Retail,0
TXN_000213,USR_0346,45.73,2026-02-20 17:54:51,Online,Desktop,Grocery,0
TXN_005318,USR_0107,31.8,2026-02-17 10:12:16,"Tokyo, JP",POS,Travel,0
TXN_009250,USR_0186,111.71,2026-01-22 22:21:20,"London, UK",POS,Electronics,0
TXN_006015,USR_0488,62.74,2026-03-02 10:46:28,"London, UK",POS,Retail,0
TXN_003059,USR_0105,19.56,2026-03-01 17:37:33,"London, UK",Mobile,Electronics,0
TXN_000324,USR_0376,18.1,2026-03-26 08:40:06,Online,POS,Grocery,0
TXN_011304,USR_0019,36.07,2026-02-16 13:02:50,Online,Desktop,Grocery,0
TXN_001098,USR_0252,234.71,2026-03-02 08:08:10,"London, UK",Mobile,Grocery,0
TXN_010586,USR_0239,9.18,2026-03-20 18:50:03,Online,Desktop,Travel,0
TXN_001360,USR_0341,7.77,2026-02-06 10:26:11,"Paris, FR",POS,Electronics,0
TXN_000335,USR_0151,33.73,2026-02-11 09:06:05,"Tokyo, JP",POS,Grocery,0
TXN_005492,USR_0291,96.69,2026-01-10 08:50:20,"Paris, FR",Mobile,Electronics,0
TXN_003111,USR_0347,20.42,2026-02-20 12:35:34,"Paris, FR",POS,Retail,0
TXN_003475,USR_0096,38.22,2026-01-04 11:59:39,"Paris, FR",Desktop,Retail,0
TXN_004903,USR_0033,28.84,2026-03-07 13:49:32,Online,Mobile,Retail,0
TXN_001614,USR_0480,26.3,2026-03-10 18:11:01,"Tokyo, JP",Mobile,Retail,0
TXN_006667,USR_0256,29.35,2026-03-03 06:36:22,"New York, US",Mobile,Retail,0
TXN_000793,USR_0124,286.38,2026-02-12 15:17:03,Online,Mobile,Travel,0
TXN_000234,USR_0033,20.71,2026-03-02 08:28:49,"Tokyo, JP",POS,Travel,0
TXN_010294,USR_0052,23.25,2026-03-14 16:42:41,Online,Mobile,Retail,0
TXN_009114,USR_0284,8.7,2026-01-20 07:17:43,"New York, US",Desktop,Travel,0
TXN_001065,USR_0395,11.12,2026-02-09 12:10:22,Online,Desktop,Travel,0
TXN_000210,USR_0272,28.22,2026-03-06 13:58:17,"London, UK",Desktop,Retail,0
TXN_010409,USR_0299,22.49,2026-03-14 14:19:55,"Tokyo, JP",Mobile,Grocery,0
TXN_008184,USR_0264,61.19,2026-01-15 13:31:48,Online,Mobile,Grocery,0
TXN_005460,USR_0041,33.92,2026-03-03 21:42:57,"Tokyo, JP",Desktop,Grocery,0
TXN_006316,USR_0335,11.44,2026-02-08 08:50:17,"Tokyo, JP",Desktop,Electronics,0
TXN_004841,USR_0118,66.27,2026-03-28 10:46:40,"New York, US",Desktop,Retail,0
TXN_008119,USR_0031,73.46,2026-02-04 21:02:50,"Paris, FR",Desktop,Retail,0
TXN_004520,USR_0373,148.7,2026-03-12 16:58:25,"Paris, FR",Desktop,Electronics,0
TXN_002414,USR_0108,87.63,2026-03-13 06:50:31,Online,Desktop,Grocery,0
TXN_004345,USR_0196,27.88,2026-01-28 13:03:30,"New York, US",Mobile,Travel,0
TXN_011789,USR_0264,1500.0,2026-03-24 00:33:13,"Sydney, AU",ATM,Wire_Transfer,1
TXN_004885,USR_0432,29.85,2026-01-06 18:15:45,"Paris, FR",Mobile,Travel,0
TXN_009273,USR_0117,10.0,2026-03-13 18:57:33,"Tokyo, JP",Mobile,Grocery,0
TXN_003543,USR_0053,82.29,2026-02-20 22:03:35,"London, UK",POS,Retail,0
TXN_011552,USR_0054,20.5,2026-02-23 08:59:09,"Paris, FR",Desktop,Retail,0
TXN_000872,USR_0397,211.47,2026-02-09 17:31:35,"New York, US",Mobile,Electronics,0
TXN_003622,USR_0081,26.34,2026-02-26 09:59:16,"Paris, FR",Desktop,Retail,0
TXN_001264,USR_0019,124.13,2026-01-19 17:31:41,"New York, US",Desktop,Travel,0
TXN_001619,USR_0051,56.53,2026-03-11 17:10:18,"London, UK",Mobile,Grocery,0
TXN_006836,USR_0056,226.38,2026-03-25 18:00:02,Online,Desktop,Retail,0
TXN_011656,USR_0085,2500.0,2026-02-23 01:56:23,"Lagos, NG",Mobile,Crypto,1
TXN_005769,USR_0126,30.16,2026-03-13 04:10:45,Online,Desktop,Grocery,0
TXN_002415,USR_0492,20.95,2026-03-25 14:15:20,"Paris, FR",POS,Retail,0
TXN_010789,USR_0215,78.39,2026-03-21 14:36:58,"Paris, FR",POS,Electronics,0
TXN_005793,USR_0209,55.49,2026-02-15 18:50:20,"New York, US",Desktop,Electronics,0
TXN_001221,USR_0121,9.39,2026-03-04 08:11:51,Online,Mobile,Grocery,0
TXN_011223,USR_0437,13.01,2026-02-12 09:38:17,"New York, US",POS,Grocery,0
TXN_001766,USR_0009,31.89,2026-02-23 11:01:00,"Tokyo, JP",Mobile,Electronics,0
TXN_009218,USR_0310,50.18,2026-01-13 09:37:20,Online,Mobile,Electronics,0
TXN_002457,USR_0437,19.58,2026-01-25 15:41:39,"New York, US",Desktop,Electronics,0
TXN_006947,USR_0144,23.84,2026-03-24 11:27:17,"Paris, FR",Desktop,Electronics,0
TXN_007888,USR_0218,17.81,2026-02-19 08:25:14,"Paris, FR",POS,Electronics,0
TXN_002002,USR_0490,32.06,2026-02-06 02:22:04,Online,Desktop,Grocery,0
TXN_001514,USR_0386,6.93,2026-03-25 15:09:07,"Tokyo, JP",Desktop,Retail,0
TXN_004442,USR_0158,10.24,2026-02-23 19:56:47,"Paris, FR",POS,Retail,0
TXN_002802,USR_0105,54.77,2026-03-05 11:13:36,Online,Mobile,Grocery,0
TXN_004949,USR_0403,13.92,2026-03-24 18:33:55,"Paris, FR",POS,Travel,0
TXN_006848,USR_0363,59.6,2026-01-06 06:34:08,Online,POS,Retail,0
TXN_002524,USR_0421,44.07,2026-03-09 08:36:29,"New York, US",Mobile,Grocery,0
TXN_004266,USR_0151,7.93,2026-02-19 17:17:47,Online,POS,Grocery,0
TXN_005966,USR_0451,10.86,2026-02-20 10:20:49,"London, UK",POS,Grocery,0
TXN_009200,USR_0279,8.74,2026-03-25 10:01:04,"London, UK",POS,Retail,0
TXN_007782,USR_0397,86.42,2026-02-11 07:29:57,"London, UK",Desktop,Grocery,0
TXN_011749,USR_0346,1647.79,2026-03-31 23:54:25,"Moscow, RU",Desktop,Crypto,1
TXN_004061,USR_0006,9.3,2026-01-06 12:19:17,Online,Desktop,Grocery,0
TXN_003079,USR_0457,8.59,2026-01-23 20:58:14,"Tokyo, JP",Mobile,Grocery,0
TXN_006932,USR_0332,38.43,2026-01-05 16:45:40,"London, UK",Desktop,Grocery,0
TXN_005153,USR_0146,30.11,2026-01-07 20:04:45,"London, UK",Mobile,Grocery,0
TXN_009635,USR_0138,14.83,2026-03-20 11:20:22,Online,Mobile,Grocery,0
TXN_007041,USR_0013,55.04,2026-01-12 18:02:23,"Tokyo, JP",POS,Retail,0
TXN_010319,USR_0083,59.12,2026-03-06 08:48:33,"London, UK",Mobile,Grocery,0
TXN_002111,USR_0479,18.43,2026-01-19 03:40:01,Online,Mobile,Grocery,0
TXN_011988,USR_0500,5551.27,2026-01-03 23:22:51,"Moscow, RU",ATM,Crypto,1
TXN_002376,USR_0449,5.16,2026-02-07 00:42:31,"Paris, FR",POS,Retail,0
TXN_009137,USR_0248,49.38,2026-03-15 18:56:27,"Tokyo, JP",Desktop,Retail,0
TXN_009170,USR_0334,27.2,2026-03-25 09:48:26,"London, UK",Desktop,Electronics,0
TXN_009420,USR_0309,123.64,2026-02-12 15:16:29,"London, UK",POS,Retail,0
TXN_003818,USR_0162,27.24,2026-01-24 13:27:05,"New York, US",POS,Grocery,0
TXN_006346,USR_0283,10.7,2026-03-14 11:15:59,Online,Mobile,Electronics,0
TXN_007730,USR_0039,24.68,2026-01-21 07:39:07,"New York, US",Desktop,Grocery,0
TXN_003547,USR_0089,83.09,2026-01-20 08:36:36,Online,Mobile,Electronics,0
TXN_003528,USR_0252,44.79,2026-01-19 12:31:54,"London, UK",Desktop,Retail,0
TXN_010160,USR_0438,16.96,2026-02-06 12:07:52,"London, UK",Desktop,Grocery,0
TXN_006960,USR_0172,5.12,2026-02-25 16:48:30,"New York, US",Desktop,Grocery,0
TXN_003718,USR_0356,43.34,2026-03-26 12:30:19,"Paris, FR",Mobile,Grocery,0
TXN_000618,USR_0128,1.92,2026-02-23 14:58:46,"Tokyo, JP",Desktop,Grocery,0
TXN_007885,USR_0035,18.94,2026-03-13 15:21:12,"New York, US",POS,Grocery,0
TXN_004404,USR_0036,25.27,2026-02-16 14:13:20,"London, UK",Desktop,Retail,0
TXN_005829,USR_0135,98.46,2026-03-25 09:50:45,"London, UK",POS,Grocery,0
TXN_008210,USR_0051,73.87,2026-01-28 13:42:55,Online,Desktop,Grocery,0
TXN_010070,USR_0248,58.07,2026-03-07 21:50:12,Online,POS,Travel,0
TXN_002653,USR_0107,12.27,2026-01-26 17:19:10,"Paris, FR",Desktop,Retail,0
TXN_006221,USR_0338,1.74,2026-01-23 17:21:08,Online,Mobile,Electronics,0
TXN_008628,USR_0107,33.76,2026-01-07 12:06:01,"Paris, FR",Desktop,Retail,0
TXN_000746,USR_0028,45.68,2026-03-23 10:37:37,Online,Mobile,Retail,0
TXN_003542,USR_0233,36.04,2026-02-18 03:57:42,Online,Mobile,Electronics,0
TXN_011755,USR_0049,5000.0,2026-02-17 05:56:08,Online,Desktop,Gaming,1
TXN_002005,USR_0077,41.8,2026-03-27 13:43:19,Online,Desktop,Grocery,0
TXN_007414,USR_0004,8.92,2026-01-18 09:45:55,"London, UK",POS,Electronics,0
TXN_006573,USR_0401,14.21,2026-01-04 07:37:31,"New York, US",Desktop,Electronics,0
TXN_011466,USR_0320,3.9,2026-01-28 17:40:13,"Tokyo, JP",POS,Electronics,0
TXN_003048,USR_0190,3.75,2026-02-05 06:25:17,"Paris, FR",POS,Grocery,0
TXN_011267,USR_0472,19.18,2026-02-18 21:15:52,"Paris, FR",Mobile,Grocery,0
TXN_010626,USR_0448,21.47,2026-03-20 10:02:20,"New York, US",POS,Grocery,0
TXN_001337,USR_0155,111.27,2026-01-16 20:58:01,"Paris, FR",Desktop,Retail,0
TXN_009748,USR_0354,45.4,2026-01-09 15:36:06,"New York, US",Desktop,Travel,0
TXN_007820,USR_0383,42.66,2026-01-04 10:29:01,"London, UK",Desktop,Grocery,0
TXN_005271,USR_0297,33.04,2026-01-17 10:36:26,"Tokyo, JP",Desktop,Travel,0
TXN_009596,USR_0134,5.69,2026-03-29 09:21:45,Online,Mobile,Retail,0
TXN_003096,USR_0363,170.16,2026-01-21 00:05:39,Online,Mobile,Grocery,0
TXN_004748,USR_0334,17.73,2026-03-26 09:14:54,"New York, US",Desktop,Electronics,0
TXN_003286,USR_0299,25.4,2026-01-30 14:59:36,"Tokyo, JP",Mobile,Retail,0
TXN_005279,USR_0439,39.25,2026-03-30 08:59:54,"New York, US",Desktop,Grocery,0
TXN_007319,USR_0244,28.41,2026-01-29 15:02:17,"Tokyo, JP",Mobile,Travel,0
TXN_011756,USR_0061,6177.02,2026-03-05 04:31:35,"Moscow, RU",ATM,Gaming,1
TXN_001314,USR_0332,199.38,2026-03-13 16:45:04,Online,POS,Retail,0
TXN_004510,USR_0186,31.32,2026-02-19 11:51:16,"Paris, FR",POS,Electronics,0
TXN_011989,USR_0103,4371.81,2026-02-03 05:26:10,"Moscow, RU",Desktop,Electronics,1
TXN_007146,USR_0390,58.59,2026-01-17 12:59:53,"Paris, FR",POS,Grocery,0
TXN_002904,USR_0073,68.64,2026-02-19 08:26:01,"London, UK",Desktop,Retail,0
TXN_011845,USR_0251,2970.28,2026-02-04 00:39:39,"Moscow, RU",ATM,Electronics,1
TXN_007034,USR_0155,15.9,2026-03-16 09:05:01,Online,Desktop,Electronics,0
TXN_003334,USR_0064,1.82,2026-03-13 15:58:33,"New York, US",Desktop,Electronics,0
TXN_006326,USR_0169,71.93,2026-02-23 00:42:51,Online,Mobile,Retail,0
TXN_003985,USR_0425,22.55,2026-01-29 12:50:22,"London, UK",Mobile,Retail,0
TXN_004393,USR_0254,37.25,2026-01-26 08:59:29,Online,POS,Travel,0
TXN_003054,USR_0305,45.22,2026-03-07 08:14:20,"Tokyo, JP",Mobile,Travel,0
TXN_009409,USR_0320,16.0,2026-03-30 07:17:57,"Tokyo, JP",Mobile,Travel,0
TXN_000977,USR_0014,100.19,2026-02-20 13:33:48,"New York, US",Mobile,Grocery,0
TXN_005860,USR_0057,26.42,2026-02-16 16:37:51,"London, UK",POS,Travel,0
TXN_004703,USR_0451,22.51,2026-01-07 11:13:01,Online,POS,Travel,0
TXN_000654,USR_0246,10.52,2026-03-11 15:50:31,"Tokyo, JP",POS,Travel,0
TXN_009704,USR_0154,18.72,2026-01-08 11:08:58,Online,Desktop,Grocery,0
TXN_002270,USR_0172,73.86,2026-01-08 15:08:13,Online,POS,Grocery,0
TXN_011983,USR_0487,3487.11,2026-01-30 03:52:19,"Moscow, RU",Mobile,Crypto,1
TXN_007793,USR_0074,36.32,2026-02-23 21:36:47,"Tokyo, JP",Desktop,Grocery,0
TXN_011994,USR_0298,999.0,2026-03-07 02:23:43,"Moscow, RU",Mobile,Crypto,1
TXN_011642,USR_0309,5000.0,2026-03-18 03:01:18,Online,Desktop,Crypto,1
TXN_006863,USR_0155,28.32,2026-03-18 12:38:31,"Tokyo, JP",POS,Electronics,0
TXN_008444,USR_0216,30.89,2026-01-14 15:08:28,"Paris, FR",POS,Travel,0
TXN_004100,USR_0198,30.96,2026-02-16 12:40:34,"London, UK",POS,Retail,0
TXN_009593,USR_0054,97.4,2026-02-01 10:23:44,"London, UK",POS,Travel,0
TXN_010803,USR_0094,24.05,2026-03-03 13:47:43,"New York, US",Desktop,Retail,0
TXN_007153,USR_0422,238.07,2026-03-04 05:54:31,"New York, US",Mobile,Grocery,0
TXN_000612,USR_0033,131.64,2026-02-03 07:45:36,"New York, US",Desktop,Retail,0
TXN_003754,USR_0339,23.47,2026-02-02 07:55:34,"Paris, FR",POS,Travel,0
TXN_002115,USR_0250,36.72,2026-03-22 19:04:13,"Paris, FR",Desktop,Grocery,0
TXN_004685,USR_0238,92.89,2026-01-12 10:29:47,"New York, US",POS,Retail,0
TXN_010503,USR_0343,54.19,2026-03-16 10:17:47,Online,Desktop,Retail,0
TXN_005943,USR_0233,46.34,2026-03-18 20:49:54,Online,Desktop,Travel,0
TXN_008400,USR_0058,14.21,2026-02-06 18:46:36,"London, UK",Desktop,Grocery,0
TXN_003167,USR_0356,9.29,2026-03-02 13:51:28,"Tokyo, JP",POS,Grocery,0
TXN_002603,USR_0454,35.44,2026-02-26 08:49:41,"London, UK",POS,Electronics,0
TXN_010221,USR_0390,25.46,2026-01-15 13:04:52,"Paris, FR",POS,Grocery,0
TXN_000512,USR_0254,19.47,2026-03-18 10:39:12,"Paris, FR",Mobile,Retail,0
TXN_008588,USR_0296,26.58,2026-03-29 17:47:20,"Paris, FR",POS,Retail,0
TXN_009890,USR_0165,514.46,2026-01-07 20:45:34,"London, UK",POS,Retail,0
TXN_003016,USR_0093,71.58,2026-03-01 19:17:44,Online,Desktop,Travel,0
TXN_006743,USR_0030,17.97,2026-01-20 17:15:02,Online,POS,Electronics,0
TXN_009771,USR_0165,19.13,2026-03-18 15:42:34,Online,Desktop,Electronics,0
TXN_004103,USR_0411,236.73,2026-03-16 10:50:44,"Tokyo, JP",Desktop,Retail,0
TXN_011765,USR_0348,2697.67,2026-01-23 22:39:56,"Lagos, NG",Mobile,Electronics,1
TXN_007732,USR_0199,40.88,2026-02-06 07:11:37,Online,POS,Retail,0
TXN_000521,USR_0256,28.02,2026-01-18 10:40:19,"London, UK",Desktop,Electronics,0
TXN_008397,USR_0274,35.31,2026-01-14 18:20:24,Online,Mobile,Travel,0
TXN_005027,USR_0457,42.0,2026-01-25 10:26:24,"Paris, FR",Desktop,Grocery,0
TXN_006941,USR_0269,14.23,2026-01-06 10:44:58,"Tokyo, JP",Mobile,Retail,0
TXN_006154,USR_0235,42.45,2026-02-11 07:42:30,Online,Desktop,Grocery,0
TXN_007626,USR_0449,105.5,2026-02-25 11:26:25,"New York, US",Mobile,Grocery,0
TXN_005222,USR_0152,12.25,2026-01-21 05:38:08,"London, UK",Mobile,Grocery,0
TXN_010617,USR_0177,35.03,2026-03-20 12:10:31,"Tokyo, JP",Desktop,Grocery,0
TXN_007692,USR_0181,69.56,2026-02-26 19:36:27,Online,POS,Retail,0
TXN_010938,USR_0463,21.8,2026-01-15 16:41:50,"New York, US",Mobile,Travel,0
TXN_011890,USR_0443,1500.0,2026-01-21 05:03:48,"Lagos, NG",Desktop,Wire_Transfer,1
TXN_005598,USR_0447,60.57,2026-02-04 17:09:42,"New York, US",Mobile,Electronics,0
TXN_004076,USR_0017,43.71,2026-03-12 10:50:57,"Tokyo, JP",POS,Electronics,0
TXN_001110,USR_0463,116.97,2026-01-19 08:29:53,"Paris, FR",Mobile,Electronics,0
TXN_011519,USR_0106,19.04,2026-02-20 05:21:39,"Paris, FR",Desktop,Retail,0
TXN_007325,USR_0170,364.47,2026-03-21 23:12:58,Online,Mobile,Travel,0
TXN_001039,USR_0212,3.85,2026-03-23 07:27:52,"Tokyo, JP",POS,Retail,0
TXN_004289,USR_0437,503.67,2026-03-15 21:30:19,"London, UK",POS,Grocery,0
TXN_000021,USR_0071,75.38,2026-03-07 10:31:05,"New York, US",Mobile,Retail,0
TXN_006563,USR_0385,50.85,2026-04-01 17:09:22,"Paris, FR",Mobile,Retail,0
TXN_004675,USR_0205,78.56,2026-01-04 20:47:54,"Tokyo, JP",POS,Grocery,0
TXN_009037,USR_0440,54.2,2026-03-01 12:24:23,"New York, US",Mobile,Grocery,0
TXN_006052,USR_0127,20.14,2026-01-03 13:59:30,"London, UK",Desktop,Grocery,0
TXN_004656,USR_0235,103.09,2026-01-07 12:25:46,"Paris, FR",Mobile,Travel,0
TXN_000935,USR_0258,17.4,2026-02-07 19:21:07,Online,Desktop,Travel,0
TXN_005154,USR_0112,22.46,2026-02-12 09:03:26,Online,POS,Retail,0
TXN_010836,USR_0105,46.66,2026-02-08 03:52:40,"London, UK",Desktop,Grocery,0
TXN_007498,USR_0289,20.36,2026-01-04 20:00:29,"New York, US",Mobile,Retail,0
TXN_008753,USR_0387,19.19,2026-02-09 13:52:47,Online,Mobile,Retail,0
TXN_000395,USR_0211,84.41,2026-03-06 02:49:39,"Paris, FR",POS,Electronics,0
TXN_008251,USR_0091,53.15,2026-03-09 08:21:15,"London, UK",POS,Electronics,0
TXN_006093,USR_0373,31.5,2026-01-04 06:34:14,"New York, US",Desktop,Travel,0
TXN_001738,USR_0081,57.57,2026-01-15 18:08:34,"Paris, FR",Desktop,Electronics,0
TXN_002166,USR_0097,75.81,2026-01-09 18:17:27,"London, UK",POS,Grocery,0
TXN_000562,USR_0416,200.53,2026-03-17 13:44:22,Online,POS,Retail,0
TXN_003070,USR_0281,5.62,2026-03-10 08:17:08,"New York, US",POS,Electronics,0
TXN_004605,USR_0258,57.82,2026-02-15 17:47:33,Online,Mobile,Electronics,0
TXN_011060,USR_0434,54.42,2026-03-07 14:43:56,Online,POS,Grocery,0
TXN_009521,USR_0405,39.88,2026-02-20 08:03:27,"Paris, FR",POS,Retail,0
TXN_001163,USR_0099,23.86,2026-02-06 18:17:34,"Tokyo, JP",Desktop,Electronics,0
TXN_006188,USR_0338,89.17,2026-02-19 08:35:29,"New York, US",Desktop,Electronics,0
TXN_007863,USR_0284,112.69,2026-02-08 16:33:30,Online,POS,Electronics,0
TXN_007643,USR_0078,19.35,2026-01-28 13:04:59,"London, UK",Mobile,Retail,0
TXN_001730,USR_0079,19.5,2026-02-12 19:36:40,Online,POS,Travel,0
TXN_001528,USR_0043,98.59,2026-02-23 15:56:45,"Tokyo, JP",Desktop,Travel,0
TXN_004982,USR_0301,8.45,2026-01-17 19:14:30,"London, UK",POS,Travel,0
TXN_000843,USR_0198,175.9,2026-02-02 14:34:46,"Tokyo, JP",Mobile,Travel,0
TXN_002931,USR_0153,22.9,2026-02-03 15:13:09,"Tokyo, JP",Mobile,Grocery,0
TXN_009937,USR_0409,17.03,2026-01-14 17:39:02,"Tokyo, JP",POS,Travel,0
TXN_000059,USR_0319,44.53,2026-03-14 00:06:04,Online,Mobile,Travel,0
TXN_005299,USR_0192,12.45,2026-01-07 13:52:41,"New York, US",Mobile,Grocery,0
TXN_002866,USR_0347,6.99,2026-02-20 21:58:09,"New York, US",POS,Retail,0
TXN_004852,USR_0322,10.64,2026-03-27 20:35:29,"Paris, FR",POS,Grocery,0
TXN_006553,USR_0295,10.98,2026-03-17 11:02:32,"London, UK",Mobile,Electronics,0
TXN_002292,USR_0380,28.65,2026-03-12 04:13:07,"Tokyo, JP",POS,Retail,0
TXN_010195,USR_0239,83.58,2026-02-02 09:39:59,Online,Desktop,Travel,0
TXN_000084,USR_0369,24.0,2026-03-27 19:12:23,"Paris, FR",Mobile,Electronics,0
TXN_005290,USR_0471,13.37,2026-02-04 07:08:24,"Tokyo, JP",POS,Retail,0
TXN_007979,USR_0336,53.91,2026-03-19 13:36:03,"New York, US",POS,Grocery,0
TXN_001946,USR_0097,258.0,2026-03-17 18:40:40,"London, UK",Mobile,Grocery,0
TXN_009301,USR_0446,69.97,2026-02-09 05:28:57,"London, UK",Mobile,Electronics,0
TXN_001650,USR_0421,31.06,2026-03-23 15:25:07,"Tokyo, JP",POS,Travel,0
TXN_006443,USR_0479,18.31,2026-02-28 12:06:30,Online,Desktop,Electronics,0
TXN_006439,USR_0424,106.82,2026-01-21 10:52:36,Online,Desktop,Travel,0
TXN_002725,USR_0429,83.39,2026-03-14 15:24:38,Online,POS,Retail,0
TXN_009582,USR_0271,62.15,2026-01-31 13:46:19,Online,Desktop,Grocery,0
TXN_005539,USR_0194,56.31,2026-03-10 11:36:24,Online,POS,Retail,0
TXN_000415,USR_0309,19.2,2026-01-14 19:59:21,"Tokyo, JP",Desktop,Electronics,0
TXN_007181,USR_0303,163.17,2026-03-27 16:37:12,"Tokyo, JP",POS,Grocery,0
TXN_011397,USR_0351,223.19,2026-03-06 13:22:05,"London, UK",Desktop,Travel,0
TXN_002451,USR_0357,49.61,2026-04-01 07:16:17,"New York, US",POS,Grocery,0
TXN_011907,USR_0001,8478.72,2026-01-10 03:53:47,"Sydney, AU",Desktop,Electronics,1
TXN_005478,USR_0206,94.32,2026-02-08 18:23:02,"London, UK",POS,Retail,0
TXN_007221,USR_0489,40.34,2026-02-12 15:17:07,"London, UK",Mobile,Electronics,0
TXN_005917,USR_0102,9.05,2026-02-17 10:34:14,Online,Desktop,Retail,0
TXN_009754,USR_0477,93.45,2026-02-12 14:19:08,"London, UK",Desktop,Electronics,0
TXN_006773,USR_0493,46.84,2026-03-17 02:14:13,"London, UK",Mobile,Retail,0
TXN_004440,USR_0156,20.38,2026-03-06 10:36:30,"Tokyo, JP",Mobile,Retail,0
TXN_007609,USR_0098,5.26,2026-03-19 06:09:10,Online,POS,Grocery,0
TXN_011406,USR_0119,5.73,2026-03-11 01:59:42,"Tokyo, JP",Desktop,Retail,0
TXN_002908,USR_0173,22.03,2026-01-26 20:01:31,"Paris, FR",Mobile,Grocery,0
TXN_008636,USR_0106,14.61,2026-03-03 14:39:10,"New York, US",Mobile,Grocery,0
TXN_006608,USR_0200,17.96,2026-03-09 10:14:34,"Tokyo, JP",POS,Grocery,0
TXN_003539,USR_0246,23.05,2026-03-01 07:20:16,"Tokyo, JP",POS,Electronics,0
TXN_002134,USR_0063,19.1,2026-01-02 15:20:44,"New York, US",POS,Grocery,0
TXN_001898,USR_0215,39.56,2026-01-20 21:20:50,"Paris, FR",Desktop,Grocery,0
TXN_007659,USR_0478,191.79,2026-01-26 17:18:40,Online,POS,Grocery,0
TXN_006672,USR_0467,25.86,2026-01-05 07:29:48,"Tokyo, JP",Mobile,Electronics,0
TXN_008831,USR_0054,183.52,2026-03-29 21:03:20,"Tokyo, JP",Mobile,Retail,0
TXN_004270,USR_0380,14.54,2026-01-15 09:53:37,"New York, US",Mobile,Retail,0
TXN_009297,USR_0064,8.14,2026-01-09 10:06:47,"Tokyo, JP",Desktop,Retail,0
TXN_008243,USR_0270,3.06,2026-02-14 18:11:05,"New York, US",Desktop,Travel,0
TXN_007963,USR_0450,71.27,2026-01-01 17:30:07,"Tokyo, JP",Desktop,Travel,0
TXN_001818,USR_0069,115.54,2026-01-26 20:31:11,Online,Mobile,Retail,0
TXN_011713,USR_0366,6195.34,2026-01-28 01:52:38,"Lagos, NG",Mobile,Wire_Transfer,1
TXN_001938,USR_0366,44.38,2026-01-17 14:20:48,"Paris, FR",POS,Electronics,0
TXN_000338,USR_0141,3.63,2026-03-23 15:50:03,"New York, US",POS,Electronics,0
TXN_009697,USR_0214,75.5,2026-01-11 08:25:40,"New York, US",POS,Travel,0
TXN_002336,USR_0300,42.25,2026-03-27 12:08:38,"Tokyo, JP",Desktop,Grocery,0
TXN_008699,USR_0063,31.32,2026-03-16 11:29:25,"Paris, FR",Mobile,Retail,0
TXN_002073,USR_0458,39.59,2026-02-03 08:11:53,"New York, US",Mobile,Retail,0
TXN_006914,USR_0157,2.92,2026-01-29 15:43:11,"New York, US",Desktop,Travel,0
TXN_001727,USR_0157,9.95,2026-01-02 08:31:51,"Tokyo, JP",Desktop,Retail,0
TXN_010181,USR_0376,104.6,2026-01-01 05:27:46,"Tokyo, JP",Mobile,Retail,0
TXN_001048,USR_0376,44.13,2026-01-10 07:46:20,"Paris, FR",Mobile,Retail,0
TXN_005379,USR_0319,22.74,2026-01-30 12:03:59,"Tokyo, JP",POS,Retail,0
TXN_007776,USR_0340,19.84,2026-01-18 09:24:19,"Tokyo, JP",Mobile,Travel,0
TXN_002816,USR_0487,170.0,2026-01-12 02:35:54,"Paris, FR",Mobile,Retail,0
TXN_011901,USR_0489,1436.06,2026-02-26 22:02:10,Online,Mobile,Gaming,1
TXN_009629,USR_0036,19.19,2026-02-14 10:54:44,"New York, US",POS,Travel,0
TXN_002321,USR_0168,18.04,2026-03-19 14:50:23,"Tokyo, JP",Desktop,Electronics,0
TXN_007672,USR_0088,98.52,2026-01-06 09:39:36,"Tokyo, JP",Mobile,Retail,0
TXN_009612,USR_0050,26.34,2026-03-29 21:28:18,"Tokyo, JP",Desktop,Travel,0
TXN_004872,USR_0283,109.25,2026-01-29 11:07:01,"New York, US",POS,Retail,0
TXN_003387,USR_0407,26.73,2026-03-09 09:28:49,"London, UK",Desktop,Grocery,0
TXN_011532,USR_0463,71.48,2026-03-01 20:20:02,"Paris, FR",POS,Retail,0
TXN_006071,USR_0089,19.05,2026-03-07 13:40:41,"London, UK",Desktop,Retail,0
TXN_000767,USR_0360,17.93,2026-01-20 16:13:44,"New York, US",Desktop,Retail,0
TXN_002862,USR_0245,165.27,2026-01-22 12:49:01,Online,POS,Grocery,0
TXN_003783,USR_0419,89.75,2026-03-17 10:17:49,Online,Desktop,Grocery,0
TXN_005010,USR_0472,49.05,2026-04-01 01:42:19,"London, UK",Mobile,Retail,0
TXN_006126,USR_0436,25.54,2026-03-22 13:10:49,Online,Mobile,Grocery,0
TXN_001145,USR_0427,75.9,2026-01-23 10:12:21,"Tokyo, JP",POS,Retail,0
TXN_009895,USR_0307,146.13,2026-01-18 01:31:00,Online,Mobile,Retail,0
TXN_009803,USR_0161,70.53,2026-03-14 12:25:19,"Paris, FR",Mobile,Retail,0
TXN_002511,USR_0156,108.7,2026-02-24 17:16:47,"New York, US",POS,Retail,0
TXN_006662,USR_0443,24.4,2026-02-22 16:59:43,"London, UK",POS,Retail,0
TXN_002274,USR_0246,26.54,2026-01-17 12:17:46,"New York, US",Mobile,Grocery,0
TXN_005929,USR_0196,9.89,2026-01-01 15:21:05,"Paris, FR",Desktop,Travel,0
TXN_005372,USR_0461,23.67,2026-02-23 10:54:41,"London, UK",Desktop,Travel,0
TXN_010511,USR_0388,47.18,2026-03-07 13:34:42,"Paris, FR",Desktop,Retail,0
TXN_011119,USR_0394,80.63,2026-02-12 22:10:47,"New York, US",Mobile,Grocery,0
TXN_008495,USR_0412,10.66,2026-01-11 20:01:43,"Paris, FR",Desktop,Grocery,0
TXN_011545,USR_0214,7.32,2026-01-17 17:12:43,"New York, US",Desktop,Electronics,0
TXN_000103,USR_0321,25.91,2026-01-31 09:17:28,"New York, US",POS,Grocery,0
TXN_001990,USR_0270,9.59,2026-01-18 14:46:48,"New York, US",POS,Grocery,0
TXN_004304,USR_0234,11.48,2026-01-04 18:54:10,Online,POS,Retail,0
TXN_004458,USR_0329,38.17,2026-03-06 07:24:03,"New York, US",Mobile,Retail,0
TXN_009354,USR_0232,55.75,2026-03-03 06:45:31,Online,Desktop,Travel,0
TXN_000829,USR_0361,39.69,2026-04-01 22:41:23,Online,POS,Electronics,0
TXN_008744,USR_0492,34.11,2026-03-03 13:38:53,"Paris, FR",Mobile,Retail,0
TXN_004787,USR_0280,5.78,2026-01-20 17:11:05,Online,Mobile,Electronics,0
TXN_001673,USR_0052,103.09,2026-02-13 09:41:43,"New York, US",Desktop,Travel,0
TXN_005932,USR_0388,20.5,2026-03-13 19:29:48,"Paris, FR",Desktop,Retail,0
TXN_009086,USR_0365,59.82,2026-03-02 15:28:54,Online,POS,Travel,0
TXN_007475,USR_0120,18.91,2026-01-19 19:45:19,"London, UK",Desktop,Retail,0
TXN_008248,USR_0355,14.38,2026-03-17 17:49:35,"London, UK",Desktop,Electronics,0
TXN_007920,USR_0272,46.85,2026-03-05 11:34:02,"Paris, FR",Mobile,Grocery,0
TXN_002857,USR_0361,28.83,2026-01-23 19:18:19,"New York, US",POS,Retail,0
TXN_007728,USR_0324,99.31,2026-03-12 11:34:45,"Tokyo, JP",Mobile,Electronics,0
TXN_001809,USR_0395,175.43,2026-01-12 16:41:45,"Paris, FR",Desktop,Electronics,0
TXN_007466,USR_0280,150.54,2026-01-02 12:17:28,"New York, US",Desktop,Grocery,0
TXN_002276,USR_0156,71.23,2026-01-30 09:01:59,"New York, US",Mobile,Retail,0
TXN_003762,USR_0500,2.21,2026-01-15 01:41:42,Online,Desktop,Grocery,0
TXN_008222,USR_0311,19.11,2026-04-01 20:48:22,"Tokyo, JP",POS,Retail,0
TXN_008480,USR_0100,12.42,2026-01-10 08:12:26,"Paris, FR",Desktop,Electronics,0
TXN_007622,USR_0414,45.29,2026-01-19 06:20:28,"London, UK",Desktop,Retail,0
TXN_005170,USR_0021,5.24,2026-03-31 08:32:28,"New York, US",Mobile,Grocery,0
TXN_002046,USR_0453,17.59,2026-01-28 17:51:43,"London, UK",POS,Retail,0
TXN_007199,USR_0243,54.4,2026-02-03 23:39:12,"Tokyo, JP",Desktop,Travel,0
TXN_007439,USR_0416,24.31,2026-03-21 13:58:49,Online,POS,Electronics,0
TXN_004514,USR_0434,88.04,2026-02-11 11:45:29,"London, UK",Desktop,Grocery,0
TXN_005602,USR_0173,5.7,2026-02-23 08:17:00,Online,POS,Grocery,0
TXN_001296,USR_0081,10.5,2026-03-23 18:39:57,"London, UK",POS,Travel,0
TXN_005821,USR_0481,27.89,2026-01-13 20:38:32,"New York, US",Desktop,Retail,0
TXN_000592,USR_0162,40.36,2026-01-18 05:15:17,"New York, US",Mobile,Travel,0
TXN_004225,USR_0338,14.87,2026-02-07 13:28:50,"New York, US",Desktop,Retail,0
TXN_000222,USR_0381,15.37,2026-01-20 20:56:26,"New York, US",Desktop,Travel,0
TXN_007911,USR_0427,282.43,2026-02-22 08:55:25,"New York, US",POS,Retail,0
TXN_008140,USR_0092,9.36,2026-03-31 00:29:10,Online,POS,Travel,0
TXN_007094,USR_0010,23.14,2026-04-01 09:11:22,Online,POS,Retail,0
TXN_006389,USR_0037,53.46,2026-04-01 11:41:48,"Paris, FR",Desktop,Grocery,0
TXN_000859,USR_0448,154.8,2026-03-13 14:09:07,"New York, US",Mobile,Travel,0
TXN_006271,USR_0298,90.32,2026-03-01 20:00:01,Online,Desktop,Grocery,0
TXN_006065,USR_0482,32.98,2026-03-04 12:49:33,"New York, US",POS,Grocery,0
TXN_008704,USR_0459,32.82,2026-01-09 07:55:05,"London, UK",Desktop,Electronics,0
TXN_006747,USR_0096,62.69,2026-01-14 17:43:22,"Paris, FR",Mobile,Retail,0
TXN_000842,USR_0471,14.15,2026-03-21 08:15:02,"Tokyo, JP",Desktop,Grocery,0
TXN_006400,USR_0355,26.83,2026-03-07 11:49:46,"Paris, FR",Desktop,Grocery,0
TXN_011268,USR_0358,19.71,2026-03-11 14:50:23,Online,POS,Retail,0
TXN_005425,USR_0157,50.41,2026-02-20 10:42:38,"Tokyo, JP",Desktop,Electronics,0
TXN_010257,USR_0341,19.11,2026-02-20 07:21:52,"New York, US",Desktop,Grocery,0
TXN_009262,USR_0134,13.74,2026-02-15 18:03:47,"New York, US",POS,Grocery,0
TXN_003704,USR_0294,67.17,2026-02-08 17:51:08,"Tokyo, JP",POS,Travel,0
TXN_000995,USR_0359,29.83,2026-03-21 17:31:12,"Tokyo, JP",Mobile,Retail,0
TXN_009365,USR_0156,11.35,2026-01-28 07:31:16,"New York, US",POS,Retail,0
TXN_006335,USR_0171,107.47,2026-03-29 22:49:02,"London, UK",Mobile,Grocery,0
TXN_001555,USR_0025,191.61,2026-01-03 11:22:56,"Tokyo, JP",Desktop,Electronics,0
TXN_004672,USR_0347,223.99,2026-03-18 06:51:52,"New York, US",Desktop,Retail,0
TXN_009145,USR_0371,25.01,2026-01-28 13:24:01,Online,Mobile,Grocery,0
TXN_003773,USR_0387,67.71,2026-01-07 08:50:30,"Tokyo, JP",Desktop,Travel,0
TXN_009230,USR_0418,106.11,2026-03-01 07:30:40,"Tokyo, JP",Mobile,Grocery,0
TXN_011300,USR_0478,15.23,2026-03-28 20:50:11,"Paris, FR",POS,Grocery,0
TXN_010961,USR_0249,72.53,2026-03-10 05:57:36,"London, UK",Desktop,Travel,0
TXN_007045,USR_0482,33.38,2026-03-15 10:27:15,"Paris, FR",POS,Grocery,0
TXN_003560,USR_0459,88.1,2026-02-11 09:08:37,Online,POS,Retail,0
TXN_006067,USR_0367,6.86,2026-01-29 22:46:44,"Tokyo, JP",POS,Grocery,0
TXN_002849,USR_0140,75.8,2026-03-29 23:36:49,"London, UK",POS,Retail,0
TXN_006193,USR_0063,26.45,2026-02-19 20:08:21,"New York, US",Desktop,Electronics,0
TXN_009810,USR_0334,16.84,2026-01-04 11:39:58,"Tokyo, JP",Mobile,Electronics,0
TXN_006811,USR_0069,31.73,2026-03-29 16:24:08,Online,Desktop,Retail,0
TXN_002514,USR_0077,10.42,2026-01-01 07:21:59,Online,Desktop,Retail,0
TXN_008337,USR_0281,28.96,2026-02-24 02:24:12,"Paris, FR",POS,Grocery,0
TXN_001464,USR_0405,27.03,2026-01-05 19:17:55,"New York, US",Desktop,Retail,0
TXN_010485,USR_0141,27.42,2026-01-13 10:31:02,"New York, US",POS,Electronics,0
TXN_004202,USR_0072,22.94,2026-02-28 09:02:25,"Paris, FR",Desktop,Travel,0
TXN_010270,USR_0095,81.64,2026-01-18 19:12:24,"Tokyo, JP",Desktop,Travel,0
TXN_006632,USR_0180,75.33,2026-01-20 17:50:56,Online,Mobile,Electronics,0
TXN_002836,USR_0451,15.88,2026-02-16 12:14:09,"Tokyo, JP",POS,Electronics,0
TXN_011083,USR_0136,86.38,2026-02-10 11:12:58,"Paris, FR",Mobile,Grocery,0
TXN_008631,USR_0449,14.82,2026-01-14 11:10:13,"London, UK",POS,Retail,0
TXN_002234,USR_0124,120.38,2026-01-22 11:32:47,Online,Mobile,Retail,0
TXN_003051,USR_0473,8.08,2026-03-29 20:38:38,Online,Mobile,Retail,0
TXN_011031,USR_0072,6.15,2026-03-01 15:45:10,"London, UK",POS,Grocery,0
TXN_004682,USR_0484,25.96,2026-03-16 16:37:11,Online,POS,Grocery,0
TXN_000401,USR_0395,26.04,2026-02-06 16:45:13,"Paris, FR",Desktop,Retail,0
TXN_003861,USR_0154,380.4,2026-03-22 21:39:58,"New York, US",Mobile,Electronics,0
TXN_011645,USR_0241,5670.64,2026-01-22 22:51:24,Online,Desktop,Wire_Transfer,1
TXN_003873,USR_0253,98.97,2026-01-28 09:24:20,"Tokyo, JP",Mobile,Retail,0
TXN_004882,USR_0139,40.52,2026-01-03 21:43:41,"Paris, FR",Desktop,Grocery,0
TXN_005187,USR_0040,107.45,2026-03-20 09:21:55,"London, UK",POS,Grocery,0
TXN_006201,USR_0029,75.68,2026-02-12 09:01:39,"London, UK",Desktop,Grocery,0
TXN_002805,USR_0424,17.19,2026-01-30 16:23:58,"Paris, FR",Mobile,Retail,0
TXN_006985,USR_0113,57.35,2026-01-03 08:38:52,"London, UK",Mobile,Grocery,0
TXN_004092,USR_0418,17.17,2026-03-04 10:10:15,"New York, US",Mobile,Grocery,0
TXN_004609,USR_0157,36.88,2026-01-28 15:55:49,"Tokyo, JP",POS,Grocery,0
TXN_001024,USR_0338,15.61,2026-01-09 14:02:53,"London, UK",Mobile,Grocery,0
TXN_003299,USR_0169,68.1,2026-02-27 12:10:53,Online,POS,Electronics,0
TXN_009536,USR_0014,92.39,2026-03-01 04:54:02,"New York, US",Mobile,Retail,0
TXN_008470,USR_0032,43.23,2026-03-07 12:57:17,Online,Mobile,Electronics,0
TXN_000060,USR_0136,42.99,2026-01-17 13:59:22,"New York, US",Mobile,Grocery,0
TXN_009481,USR_0123,100.91,2026-02-04 16:40:46,"London, UK",Mobile,Electronics,0
TXN_007640,USR_0449,5.53,2026-01-21 12:10:59,"New York, US",Mobile,Retail,0
TXN_005759,USR_0133,28.55,2026-01-27 01:02:06,"Paris, FR",Desktop,Electronics,0
TXN_004983,USR_0074,5.65,2026-02-19 09:35:38,"London, UK",Mobile,Grocery,0
TXN_009841,USR_0383,76.4,2026-01-23 08:19:59,"New York, US",POS,Travel,0
TXN_001329,USR_0341,66.61,2026-03-31 08:33:53,Online,Desktop,Retail,0
TXN_006661,USR_0356,27.25,2026-03-30 07:27:31,"Tokyo, JP",POS,Retail,0
TXN_003352,USR_0470,71.62,2026-01-28 07:13:48,"Tokyo, JP",Mobile,Travel,0
TXN_011986,USR_0342,4995.01,2026-01-10 04:56:02,"Sydney, AU",ATM,Electronics,1
TXN_000169,USR_0233,161.74,2026-01-12 12:20:16,"Tokyo, JP",Mobile,Retail,0
TXN_003280,USR_0006,26.29,2026-03-17 20:26:07,"Tokyo, JP",POS,Travel,0
TXN_010224,USR_0391,52.29,2026-01-19 12:08:56,Online,Mobile,Grocery,0
TXN_005666,USR_0456,18.48,2026-01-18 17:24:15,"Paris, FR",Desktop,Travel,0
TXN_011090,USR_0313,36.15,2026-03-29 21:02:13,"London, UK",POS,Retail,0
TXN_007767,USR_0160,14.07,2026-03-22 16:06:02,"Tokyo, JP",POS,Retail,0
TXN_001551,USR_0371,34.59,2026-02-19 12:26:53,"Tokyo, JP",Desktop,Retail,0
TXN_001010,USR_0353,6.67,2026-03-18 11:09:23,"New York, US",Mobile,Retail,0
TXN_008491,USR_0114,57.43,2026-03-06 11:33:53,Online,POS,Grocery,0
TXN_002555,USR_0097,54.64,2026-03-23 15:01:39,"London, UK",Mobile,Travel,0
TXN_007591,USR_0412,11.21,2026-02-23 13:40:13,"London, UK",Mobile,Electronics,0
TXN_001613,USR_0097,16.15,2026-03-02 13:32:57,"New York, US",Mobile,Electronics,0
TXN_002738,USR_0096,19.5,2026-02-18 19:12:16,"Paris, FR",Desktop,Grocery,0
TXN_003456,USR_0326,7.73,2026-02-24 16:25:43,"New York, US",Desktop,Retail,0
TXN_007624,USR_0311,127.44,2026-01-22 17:30:03,"Tokyo, JP",Desktop,Retail,0
TXN_010700,USR_0171,102.1,2026-03-19 02:29:58,Online,POS,Travel,0
TXN_008328,USR_0436,89.7,2026-03-05 19:17:26,"Tokyo, JP",POS,Grocery,0
TXN_000649,USR_0141,366.29,2026-02-05 19:28:56,"London, UK",Mobile,Travel,0
TXN_006062,USR_0419,41.53,2026-03-29 10:43:19,"Tokyo, JP",Desktop,Grocery,0
TXN_002863,USR_0477,10.19,2026-02-26 21:37:36,"London, UK",Desktop,Grocery,0
TXN_000880,USR_0085,6.72,2026-03-07 18:08:28,"London, UK",Mobile,Travel,0
TXN_009321,USR_0455,44.25,2026-03-31 10:10:40,"Paris, FR",POS,Travel,0
TXN_003838,USR_0026,13.37,2026-02-20 12:23:28,Online,Desktop,Grocery,0
TXN_004829,USR_0493,21.41,2026-03-19 14:18:44,"Tokyo, JP",Desktop,Retail,0
TXN_002304,USR_0240,137.07,2026-01-31 09:08:58,"New York, US",Desktop,Electronics,0
TXN_006254,USR_0282,2.78,2026-02-07 10:08:34,"Paris, FR",Desktop,Electronics,0
TXN_001625,USR_0198,3.53,2026-01-15 17:17:03,"Tokyo, JP",Desktop,Travel,0
TXN_000551,USR_0251,26.02,2026-02-06 09:08:11,"Tokyo, JP",Desktop,Travel,0
TXN_003949,USR_0466,72.62,2026-01-02 06:36:21,Online,Desktop,Travel,0
TXN_006936,USR_0133,6.13,2026-02-12 10:56:01,"London, UK",Desktop,Grocery,0
TXN_009975,USR_0449,8.74,2026-04-01 13:44:12,Online,POS,Electronics,0
TXN_006701,USR_0468,72.77,2026-03-28 21:43:33,"London, UK",POS,Retail,0
TXN_004503,USR_0069,32.04,2026-01-30 20:37:23,Online,Desktop,Travel,0
TXN_005295,USR_0457,36.88,2026-02-25 18:56:58,Online,Mobile,Grocery,0
TXN_008199,USR_0200,371.8,2026-01-01 10:55:37,"London, UK",Mobile,Retail,0
TXN_000212,USR_0494,24.81,2026-01-10 07:09:48,"London, UK",POS,Electronics,0
TXN_010029,USR_0425,9.5,2026-01-23 00:17:28,"Tokyo, JP",Mobile,Electronics,0
TXN_005678,USR_0408,6.64,2026-02-22 05:23:25,"Tokyo, JP",POS,Travel,0
TXN_009623,USR_0004,22.14,2026-03-31 01:15:00,"New York, US",Desktop,Retail,0
TXN_003233,USR_0471,21.16,2026-02-23 12:05:42,"Tokyo, JP",Desktop,Electronics,0
TXN_010529,USR_0373,11.59,2026-01-08 12:35:33,"Tokyo, JP",POS,Travel,0
TXN_006386,USR_0073,25.67,2026-03-20 11:32:32,Online,Desktop,Retail,0
TXN_003544,USR_0492,27.56,2026-01-16 15:41:30,"London, UK",Mobile,Retail,0
TXN_000069,USR_0039,35.17,2026-03-30 05:57:09,Online,Mobile,Grocery,0
TXN_001439,USR_0273,374.92,2026-03-20 09:54:49,"Paris, FR",POS,Electronics,0
TXN_002516,USR_0238,50.28,2026-02-06 15:02:07,"Paris, FR",Desktop,Grocery,0
TXN_002869,USR_0187,12.26,2026-02-02 07:12:32,"Tokyo, JP",POS,Grocery,0
TXN_003964,USR_0409,10.73,2026-02-28 08:16:17,"Paris, FR",Mobile,Grocery,0
TXN_008171,USR_0450,5.06,2026-03-08 20:16:37,"Tokyo, JP",Mobile,Grocery,0
TXN_006577,USR_0283,56.22,2026-01-25 02:39:56,"London, UK",Mobile,Retail,0
TXN_010074,USR_0106,127.29,2026-03-30 15:03:29,"Tokyo, JP",POS,Retail,0
TXN_000697,USR_0117,9.55,2026-03-12 17:03:53,"Paris, FR",POS,Retail,0
TXN_008726,USR_0140,59.43,2026-01-05 11:22:51,"Paris, FR",Desktop,Grocery,0
TXN_003943,USR_0200,59.63,2026-03-30 16:36:43,"Tokyo, JP",Desktop,Grocery,0
TXN_004552,USR_0081,19.67,2026-02-14 01:39:46,Online,POS,Grocery,0
TXN_011731,USR_0298,8344.82,2026-01-08 22:30:40,Online,ATM,Electronics,1
TXN_010213,USR_0301,34.77,2026-01-06 08:48:50,"Tokyo, JP",Mobile,Retail,0
TXN_004382,USR_0484,21.11,2026-01-06 13:32:10,"New York, US",Mobile,Travel,0
TXN_009054,USR_0284,2.05,2026-02-05 12:00:36,"London, UK",Desktop,Retail,0
TXN_001315,USR_0071,64.45,2026-02-12 09:15:34,"New York, US",POS,Retail,0
TXN_006783,USR_0033,14.77,2026-03-11 16:05:57,"New York, US",POS,Electronics,0
TXN_008422,USR_0155,14.2,2026-01-05 00:41:35,Online,Mobile,Retail,0
TXN_005554,USR_0280,82.75,2026-02-22 06:50:21,"Paris, FR",Desktop,Travel,0
TXN_009636,USR_0313,173.21,2026-01-19 12:49:49,"London, UK",Mobile,Grocery,0
TXN_003980,USR_0439,5.89,2026-03-04 01:50:15,"Tokyo, JP",Mobile,Electronics,0
TXN_005024,USR_0148,46.87,2026-03-27 07:40:15,"London, UK",Mobile,Retail,0
TXN_000013,USR_0137,143.4,2026-03-31 08:59:43,"New York, US",POS,Electronics,0
TXN_000773,USR_0467,8.44,2026-01-27 11:44:59,"Paris, FR",Desktop,Retail,0
TXN_000819,USR_0246,11.65,2026-03-16 12:36:42,"Paris, FR",POS,Electronics,0
TXN_011282,USR_0221,195.24,2026-03-28 09:48:42,Online,POS,Retail,0
TXN_002785,USR_0281,99.14,2026-02-19 14:50:28,"New York, US",POS,Travel,0
TXN_001347,USR_0309,28.34,2026-03-19 21:32:03,"Tokyo, JP",Desktop,Retail,0
TXN_010378,USR_0030,83.86,2026-01-29 11:04:30,"Tokyo, JP",POS,Grocery,0
TXN_000454,USR_0219,60.98,2026-03-13 15:31:03,"Tokyo, JP",POS,Electronics,0
TXN_010085,USR_0480,9.8,2026-01-20 07:42:45,Online,POS,Retail,0
TXN_011626,USR_0289,2500.0,2026-03-11 22:40:31,"Lagos, NG",ATM,Electronics,1
TXN_001657,USR_0433,79.52,2026-02-22 23:17:07,Online,Desktop,Retail,0
TXN_003458,USR_0266,34.29,2026-01-19 10:55:50,"New York, US",Desktop,Grocery,0
TXN_004246,USR_0171,127.63,2026-01-30 18:31:32,Online,Mobile,Retail,0
TXN_011088,USR_0217,46.41,2026-03-10 20:19:11,"London, UK",Mobile,Electronics,0
TXN_009896,USR_0030,596.24,2026-02-28 10:34:02,"New York, US",Mobile,Retail,0
TXN_000038,USR_0031,24.31,2026-01-30 15:04:57,"New York, US",Desktop,Grocery,0
TXN_011122,USR_0023,25.86,2026-03-29 12:17:03,Online,POS,Electronics,0
TXN_005004,USR_0481,14.58,2026-01-18 00:39:20,"Paris, FR",Mobile,Retail,0
TXN_001044,USR_0422,51.52,2026-02-05 11:58:35,Online,POS,Travel,0
TXN_002909,USR_0425,29.25,2026-03-12 15:17:14,"London, UK",Desktop,Travel,0
TXN_006505,USR_0309,18.35,2026-02-12 13:22:34,"Paris, FR",POS,Retail,0
TXN_000941,USR_0359,33.93,2026-02-03 21:15:18,"New York, US",Desktop,Electronics,0
TXN_004321,USR_0064,89.51,2026-02-28 07:17:56,"London, UK",Mobile,Electronics,0
TXN_007593,USR_0481,72.99,2026-01-09 19:21:18,"Paris, FR",POS,Retail,0
TXN_010317,USR_0386,35.08,2026-01-08 02:39:22,"Paris, FR",Mobile,Retail,0
TXN_009249,USR_0252,56.38,2026-01-08 13:50:27,"New York, US",Mobile,Retail,0
TXN_005119,USR_0434,166.16,2026-03-27 18:05:42,"New York, US",Mobile,Electronics,0
TXN_011068,USR_0260,49.0,2026-03-09 07:45:40,"London, UK",POS,Retail,0
TXN_008096,USR_0400,3.68,2026-01-05 15:42:12,"Tokyo, JP",Mobile,Grocery,0
TXN_007164,USR_0243,40.05,2026-01-25 05:23:34,"New York, US",POS,Retail,0
TXN_000539,USR_0096,158.46,2026-03-23 16:42:27,"Paris, FR",Mobile,Electronics,0
TXN_005340,USR_0338,124.3,2026-03-03 14:54:52,"Paris, FR",Desktop,Grocery,0
TXN_001154,USR_0255,20.25,2026-01-31 16:23:28,"Tokyo, JP",Mobile,Travel,0
TXN_001401,USR_0053,44.87,2026-01-22 17:04:23,"London, UK",Desktop,Retail,0
TXN_005884,USR_0474,36.05,2026-01-10 00:07:33,"New York, US",POS,Travel,0
TXN_010688,USR_0378,48.65,2026-01-29 16:44:41,"New York, US",Mobile,Grocery,0
TXN_000031,USR_0124,45.79,2026-03-14 06:05:05,"Paris, FR",Mobile,Travel,0
TXN_011074,USR_0328,106.01,2026-03-14 08:51:45,"London, UK",POS,Grocery,0
TXN_002268,USR_0280,25.54,2026-03-31 21:57:07,Online,Desktop,Grocery,0
TXN_010391,USR_0073,48.49,2026-01-01 11:28:17,"New York, US",Desktop,Grocery,0
TXN_008020,USR_0394,132.67,2026-01-02 08:15:13,"Paris, FR",Desktop,Travel,0
TXN_008493,USR_0458,67.82,2026-01-31 16:36:30,Online,Mobile,Grocery,0
TXN_003678,USR_0387,38.26,2026-03-18 12:40:52,"London, UK",Mobile,Electronics,0
TXN_002471,USR_0453,45.8,2026-01-26 09:11:18,"Tokyo, JP",POS,Retail,0
TXN_009357,USR_0226,32.39,2026-02-07 16:19:34,Online,Mobile,Retail,0
TXN_005557,USR_0411,21.25,2026-03-29 14:54:55,"Tokyo, JP",Desktop,Retail,0
TXN_004741,USR_0231,14.94,2026-03-20 08:11:23,"Paris, FR",Mobile,Grocery,0
TXN_006724,USR_0034,24.92,2026-02-24 11:42:25,"New York, US",Mobile,Travel,0
TXN_008665,USR_0153,33.67,2026-01-17 11:19:27,Online,Desktop,Retail,0
TXN_005836,USR_0440,94.17,2026-01-30 14:49:18,Online,Desktop,Retail,0
TXN_005442,USR_0101,7.22,2026-02-05 12:11:58,Online,Mobile,Travel,0
TXN_001093,USR_0382,4.58,2026-03-23 14:59:47,"Tokyo, JP",Mobile,Retail,0
TXN_000267,USR_0413,19.49,2026-02-15 08:04:25,"New York, US",Desktop,Grocery,0
TXN_001109,USR_0217,5.62,2026-02-07 10:39:58,"New York, US",POS,Travel,0
TXN_009179,USR_0401,151.26,2026-02-04 09:13:51,"Paris, FR",Mobile,Grocery,0
TXN_010852,USR_0293,49.2,2026-01-25 22:54:44,Online,Mobile,Retail,0
TXN_003230,USR_0119,25.49,2026-01-07 13:17:19,Online,POS,Grocery,0
TXN_008456,USR_0338,7.26,2026-03-28 05:53:36,"New York, US",Mobile,Electronics,0
TXN_006976,USR_0406,26.77,2026-03-26 15:50:24,"Tokyo, JP",Mobile,Electronics,0
TXN_008741,USR_0277,414.47,2026-01-04 09:50:40,"London, UK",Desktop,Retail,0
TXN_003320,USR_0308,7.39,2026-03-27 23:36:34,"Paris, FR",Desktop,Retail,0
TXN_009921,USR_0082,10.04,2026-02-06 19:59:37,"London, UK",POS,Retail,0
TXN_001740,USR_0159,38.11,2026-02-25 11:52:45,"Paris, FR",Mobile,Travel,0
TXN_000231,USR_0129,8.84,2026-01-23 20:07:42,"New York, US",Mobile,Grocery,0
TXN_010510,USR_0379,42.46,2026-02-10 09:10:20,"London, UK",POS,Travel,0
TXN_000899,USR_0445,6.94,2026-03-03 16:10:14,"Paris, FR",POS,Retail,0
TXN_005763,USR_0038,15.48,2026-01-27 21:24:42,"New York, US",Desktop,Electronics,0
TXN_007136,USR_0457,78.82,2026-03-17 20:05:49,"Paris, FR",POS,Travel,0
TXN_008133,USR_0366,34.51,2026-02-21 11:00:49,"New York, US",Desktop,Grocery,0
TXN_007101,USR_0126,149.79,2026-01-11 17:39:08,"Paris, FR",Desktop,Retail,0
TXN_006664,USR_0416,23.73,2026-02-13 21:25:20,"Paris, FR",Mobile,Retail,0
TXN_004756,USR_0478,134.49,2026-03-04 08:27:27,Online,Mobile,Travel,0
TXN_008976,USR_0024,12.49,2026-02-27 17:03:40,Online,POS,Electronics,0
TXN_001564,USR_0446,75.21,2026-01-13 12:09:41,"Tokyo, JP",Desktop,Retail,0
TXN_004113,USR_0454,20.97,2026-01-15 12:31:06,"London, UK",Mobile,Retail,0
TXN_009059,USR_0046,7.71,2026-03-25 10:34:27,"Paris, FR",Mobile,Grocery,0
TXN_003072,USR_0058,23.45,2026-02-13 05:39:46,"Tokyo, JP",Desktop,Retail,0
TXN_009342,USR_0455,62.49,2026-01-01 08:16:18,"Paris, FR",Mobile,Retail,0
TXN_011757,USR_0327,8303.81,2026-01-27 02:20:05,"Lagos, NG",Desktop,Crypto,1
TXN_009315,USR_0104,17.84,2026-03-08 00:47:00,"Tokyo, JP",Desktop,Grocery,0
TXN_003434,USR_0497,31.81,2026-01-25 20:12:12,"Paris, FR",Mobile,Grocery,0
TXN_008787,USR_0225,45.52,2026-03-09 13:59:06,"Tokyo, JP",POS,Retail,0
TXN_009506,USR_0466,58.8,2026-03-11 15:41:39,"New York, US",Mobile,Grocery,0
TXN_010726,USR_0361,16.28,2026-03-02 05:35:18,"London, UK",POS,Electronics,0
TXN_011125,USR_0179,107.51,2026-01-02 11:42:05,"London, UK",POS,Grocery,0
TXN_005148,USR_0497,34.62,2026-02-25 15:30:54,Online,Desktop,Retail,0
TXN_007096,USR_0421,94.52,2026-01-25 13:02:19,"New York, US",POS,Retail,0
TXN_007853,USR_0057,24.07,2026-03-30 16:20:23,"Paris, FR",POS,Retail,0
TXN_008391,USR_0257,40.95,2026-02-08 07:00:31,"Tokyo, JP",POS,Grocery,0
TXN_009322,USR_0053,43.73,2026-03-13 17:04:23,"Tokyo, JP",Mobile,Electronics,0
TXN_011491,USR_0253,9.7,2026-02-11 15:14:12,"Paris, FR",Mobile,Grocery,0
TXN_003574,USR_0043,24.81,2026-01-27 06:43:37,"Paris, FR",Mobile,Travel,0
TXN_005845,USR_0186,12.75,2026-03-06 08:06:41,"Paris, FR",Desktop,Grocery,0
TXN_010740,USR_0416,150.68,2026-01-31 12:51:39,Online,Desktop,Grocery,0
TXN_009413,USR_0201,82.52,2026-03-19 11:55:00,Online,Desktop,Travel,0
TXN_003376,USR_0022,49.05,2026-02-16 16:40:01,"Tokyo, JP",Mobile,Retail,0
TXN_002841,USR_0236,68.79,2026-02-27 21:28:24,"Paris, FR",Desktop,Grocery,0
TXN_007610,USR_0017,9.35,2026-01-12 13:45:43,"Tokyo, JP",POS,Retail,0
TXN_006471,USR_0193,157.14,2026-01-30 17:22:27,"Tokyo, JP",POS,Grocery,0
TXN_004293,USR_0154,96.83,2026-01-28 04:45:29,"London, UK",Desktop,Grocery,0
TXN_010416,USR_0203,37.9,2026-03-01 06:38:46,Online,Desktop,Grocery,0
TXN_004416,USR_0360,14.08,2026-02-12 09:06:35,"New York, US",POS,Retail,0
TXN_009279,USR_0456,46.3,2026-02-09 11:15:32,"Paris, FR",Desktop,Retail,0
TXN_007145,USR_0094,5.71,2026-02-27 14:07:37,"London, UK",Desktop,Grocery,0
TXN_011056,USR_0154,47.21,2026-02-17 21:56:57,Online,POS,Retail,0
TXN_003615,USR_0028,30.5,2026-03-01 16:45:14,"Tokyo, JP",Mobile,Grocery,0
TXN_002214,USR_0291,152.63,2026-03-22 17:29:34,"London, UK",Desktop,Retail,0
TXN_008754,USR_0107,72.15,2026-03-03 22:19:14,"London, UK",Desktop,Travel,0
TXN_005804,USR_0037,16.89,2026-02-12 15:55:14,"Paris, FR",POS,Retail,0
TXN_009575,USR_0141,26.13,2026-03-14 17:13:26,"London, UK",Desktop,Retail,0
TXN_004302,USR_0149,19.06,2026-02-01 12:25:43,Online,Mobile,Electronics,0
TXN_002112,USR_0236,46.02,2026-03-18 23:07:06,"London, UK",Desktop,Grocery,0
TXN_006579,USR_0073,20.08,2026-03-09 14:54:56,"Tokyo, JP",POS,Electronics,0
TXN_010870,USR_0084,85.72,2026-02-23 13:25:19,"London, UK",POS,Grocery,0
TXN_011332,USR_0223,107.41,2026-01-20 17:51:56,"London, UK",Mobile,Retail,0
TXN_009379,USR_0476,8.58,2026-02-18 13:52:07,"Paris, FR",POS,Grocery,0
TXN_010837,USR_0150,105.03,2026-03-22 12:28:07,Online,POS,Retail,0
TXN_009691,USR_0356,29.14,2026-02-18 09:28:44,"Paris, FR",Desktop,Retail,0
TXN_009791,USR_0247,113.64,2026-01-01 19:35:26,"New York, US",POS,Retail,0
TXN_006022,USR_0332,19.33,2026-01-03 13:41:18,"London, UK",Desktop,Retail,0
TXN_009631,USR_0069,269.65,2026-03-21 17:42:10,Online,Desktop,Retail,0
TXN_009616,USR_0424,177.01,2026-01-13 07:38:39,"Paris, FR",Desktop,Travel,0
TXN_000356,USR_0265,147.83,2026-02-14 21:08:56,Online,POS,Travel,0
TXN_001430,USR_0326,60.76,2026-01-10 14:53:54,Online,Mobile,Grocery,0
TXN_006949,USR_0421,113.13,2026-03-15 06:39:30,"Tokyo, JP",Mobile,Grocery,0
TXN_008489,USR_0054,14.3,2026-02-20 13:25:17,Online,Mobile,Retail,0
TXN_008679,USR_0410,174.65,2026-02-10 12:38:47,Online,POS,Retail,0
TXN_011130,USR_0147,31.93,2026-02-13 17:13:38,"Paris, FR",Mobile,Grocery,0
TXN_000333,USR_0355,4.31,2026-03-05 12:23:59,Online,Desktop,Grocery,0
TXN_009039,USR_0271,13.48,2026-02-24 08:19:42,Online,POS,Grocery,0
TXN_010716,USR_0101,66.85,2026-02-22 14:09:57,"Tokyo, JP",POS,Electronics,0
TXN_000965,USR_0185,43.96,2026-03-13 09:35:59,"Tokyo, JP",Desktop,Grocery,0
TXN_008099,USR_0151,38.15,2026-01-15 11:45:43,"Paris, FR",Desktop,Retail,0
TXN_004992,USR_0317,29.13,2026-03-19 11:43:56,"London, UK",POS,Grocery,0
TXN_003282,USR_0314,140.04,2026-01-16 14:05:51,"Tokyo, JP",POS,Travel,0
TXN_007838,USR_0258,8.76,2026-03-17 10:30:48,"Paris, FR",POS,Electronics,0
TXN_002545,USR_0381,27.72,2026-03-04 17:15:24,Online,Mobile,Retail,0
TXN_005362,USR_0437,18.75,2026-02-06 06:43:53,"London, UK",Mobile,Grocery,0
TXN_006721,USR_0381,40.59,2026-01-22 15:22:47,"Paris, FR",POS,Retail,0
TXN_002886,USR_0368,40.51,2026-01-12 07:00:27,"London, UK",Mobile,Grocery,0
TXN_009846,USR_0484,10.03,2026-04-01 03:53:17,"New York, US",Mobile,Travel,0
TXN_002179,USR_0138,8.25,2026-03-05 08:13:10,"London, UK",Desktop,Electronics,0
TXN_006070,USR_0487,25.07,2026-01-16 07:57:59,"Paris, FR",Desktop,Retail,0
TXN_004902,USR_0175,40.13,2026-02-20 18:45:29,Online,POS,Retail,0
TXN_004878,USR_0122,45.93,2026-02-18 11:51:02,"Tokyo, JP",POS,Grocery,0
TXN_003124,USR_0283,29.67,2026-03-03 17:02:59,"Paris, FR",Mobile,Grocery,0
TXN_009621,USR_0007,90.14,2026-03-12 08:00:23,Online,POS,Grocery,0
TXN_001545,USR_0032,58.14,2026-03-09 12:01:27,Online,Desktop,Travel,0
TXN_005016,USR_0146,39.52,2026-03-25 13:05:58,"Paris, FR",Desktop,Electronics,0
TXN_011409,USR_0217,11.22,2026-02-05 12:48:21,Online,POS,Retail,0
TXN_008607,USR_0273,39.29,2026-03-25 21:03:25,Online,Mobile,Grocery,0
TXN_004430,USR_0252,26.08,2026-01-20 18:16:15,"Tokyo, JP",POS,Retail,0
TXN_008879,USR_0460,222.45,2026-01-08 14:07:12,"Tokyo, JP",Mobile,Grocery,0
TXN_006225,USR_0095,8.96,2026-03-20 10:26:48,"Tokyo, JP",Desktop,Grocery,0
TXN_007950,USR_0154,101.31,2026-01-02 07:36:18,"London, UK",POS,Travel,0
TXN_011369,USR_0444,12.75,2026-01-22 14:11:24,"Tokyo, JP",Mobile,Electronics,0
TXN_005420,USR_0009,35.29,2026-02-19 09:10:56,"New York, US",Mobile,Retail,0
TXN_006051,USR_0172,25.57,2026-02-28 22:12:15,Online,Mobile,Retail,0
TXN_011419,USR_0414,10.35,2026-03-30 13:26:51,Online,Desktop,Retail,0
TXN_010829,USR_0436,11.58,2026-01-16 12:22:47,"London, UK",POS,Travel,0
TXN_007904,USR_0212,20.7,2026-02-04 05:36:05,"London, UK",Desktop,Electronics,0
TXN_001562,USR_0022,14.82,2026-03-06 18:06:10,"New York, US",Mobile,Grocery,0
TXN_004915,USR_0231,29.98,2026-03-29 12:32:26,"Tokyo, JP",Desktop,Retail,0
TXN_011299,USR_0163,46.81,2026-01-24 15:38:26,Online,POS,Grocery,0
TXN_006089,USR_0091,89.56,2026-03-09 08:02:00,"Paris, FR",Mobile,Electronics,0
TXN_001096,USR_0352,13.21,2026-01-04 11:22:05,"Paris, FR",Mobile,Travel,0
TXN_009590,USR_0367,32.17,2026-01-24 12:54:49,"London, UK",Desktop,Retail,0
TXN_003288,USR_0085,109.61,2026-01-04 22:47:06,Online,Mobile,Electronics,0
TXN_009924,USR_0387,18.07,2026-02-24 22:31:25,"New York, US",POS,Travel,0
TXN_010856,USR_0227,42.23,2026-03-06 18:54:18,"London, UK",Mobile,Electronics,0
TXN_002606,USR_0146,19.84,2026-03-24 00:19:16,Online,Mobile,Grocery,0
TXN_001393,USR_0390,54.58,2026-02-10 20:07:29,"New York, US",POS,Retail,0
TXN_004490,USR_0435,20.0,2026-01-28 03:44:47,"New York, US",POS,Travel,0
TXN_010371,USR_0296,65.73,2026-03-29 20:30:58,"New York, US",POS,Retail,0
TXN_000753,USR_0067,33.46,2026-03-20 11:27:40,"Paris, FR",Desktop,Retail,0
TXN_007019,USR_0308,23.24,2026-02-06 10:35:53,"Tokyo, JP",POS,Electronics,0
TXN_003738,USR_0331,4.27,2026-03-24 04:43:47,"London, UK",Desktop,Retail,0
TXN_011734,USR_0456,1500.0,2026-02-10 03:10:06,"Sydney, AU",Mobile,Electronics,1
TXN_010238,USR_0459,22.66,2026-01-29 14:28:51,"New York, US",Desktop,Retail,0
TXN_003216,USR_0199,11.62,2026-02-11 16:41:23,"London, UK",Mobile,Grocery,0
TXN_006324,USR_0237,72.49,2026-03-19 01:45:50,Online,Desktop,Grocery,0
TXN_001778,USR_0262,22.76,2026-03-23 11:47:14,Online,POS,Electronics,0
TXN_004114,USR_0464,46.48,2026-03-05 13:24:47,"Tokyo, JP",Mobile,Retail,0
TXN_001771,USR_0166,29.99,2026-01-23 18:00:25,"Tokyo, JP",Mobile,Retail,0
TXN_010217,USR_0138,88.52,2026-02-11 19:51:25,"New York, US",Desktop,Travel,0
TXN_011674,USR_0023,3528.54,2026-02-21 23:46:19,"Lagos, NG",ATM,Crypto,1
TXN_003023,USR_0366,61.18,2026-02-26 20:51:44,"New York, US",Mobile,Retail,0
TXN_003013,USR_0159,15.31,2026-03-12 08:49:45,"Paris, FR",Mobile,Travel,0
TXN_010944,USR_0296,49.13,2026-01-31 16:00:49,"London, UK",POS,Grocery,0
TXN_005503,USR_0140,84.25,2026-02-22 12:43:44,"Paris, FR",POS,Grocery,0
TXN_008056,USR_0259,42.75,2026-02-06 08:18:03,"London, UK",Desktop,Electronics,0
TXN_004348,USR_0458,7.91,2026-02-23 11:46:08,"New York, US",POS,Grocery,0
TXN_004408,USR_0071,21.16,2026-02-04 19:56:41,"New York, US",Mobile,Electronics,0
TXN_000528,USR_0006,288.08,2026-01-13 07:16:14,Online,POS,Travel,0
TXN_009744,USR_0265,74.42,2026-03-18 12:48:39,"New York, US",POS,Retail,0
TXN_011289,USR_0159,65.85,2026-03-26 17:36:42,"New York, US",Mobile,Grocery,0
TXN_001920,USR_0022,2.63,2026-03-19 20:28:10,Online,Mobile,Retail,0
TXN_000702,USR_0022,282.92,2026-02-24 08:05:43,"Paris, FR",Mobile,Electronics,0
TXN_004217,USR_0324,11.48,2026-01-27 15:27:23,"New York, US",Mobile,Retail,0
TXN_004300,USR_0172,36.21,2026-02-19 02:52:24,"London, UK",POS,Retail,0
TXN_011018,USR_0492,48.9,2026-02-14 06:53:11,"New York, US",Mobile,Grocery,0
TXN_001299,USR_0220,20.81,2026-02-01 11:15:20,"Paris, FR",POS,Retail,0
TXN_001353,USR_0172,46.7,2026-01-09 05:59:37,"Paris, FR",Mobile,Grocery,0
TXN_002927,USR_0288,41.21,2026-01-19 20:50:17,"Tokyo, JP",Desktop,Grocery,0
TXN_009333,USR_0398,50.23,2026-03-13 16:57:09,"London, UK",Desktop,Electronics,0
TXN_001288,USR_0383,45.59,2026-03-28 03:57:20,"London, UK",Mobile,Grocery,0
TXN_005520,USR_0093,18.16,2026-01-28 17:29:00,Online,Desktop,Grocery,0
TXN_009825,USR_0021,43.75,2026-03-27 08:54:17,"London, UK",Mobile,Grocery,0
TXN_005858,USR_0251,40.34,2026-03-11 16:27:44,Online,Mobile,Travel,0
TXN_011510,USR_0271,19.38,2026-01-01 21:01:50,"New York, US",Mobile,Grocery,0
TXN_002014,USR_0274,44.12,2026-03-05 08:34:34,"London, UK",Desktop,Grocery,0
TXN_010298,USR_0213,192.15,2026-03-01 16:44:18,"Paris, FR",Mobile,Retail,0
TXN_004398,USR_0418,43.98,2026-03-17 15:32:17,"London, UK",Mobile,Retail,0
TXN_007967,USR_0304,201.22,2026-01-18 19:45:50,Online,POS,Travel,0
TXN_002148,USR_0496,74.5,2026-01-16 08:53:23,Online,Mobile,Grocery,0
TXN_005534,USR_0105,17.43,2026-01-28 08:00:18,"New York, US",Mobile,Retail,0
TXN_005962,USR_0111,16.22,2026-03-20 14:37:59,"London, UK",Desktop,Grocery,0
TXN_008540,USR_0152,16.03,2026-02-10 18:29:58,"Tokyo, JP",Mobile,Grocery,0
TXN_006214,USR_0110,40.24,2026-01-11 10:33:46,"Paris, FR",Desktop,Grocery,0
TXN_008583,USR_0005,17.93,2026-02-25 11:02:49,"Tokyo, JP",POS,Grocery,0
TXN_007306,USR_0067,18.68,2026-01-14 13:02:26,"Tokyo, JP",Mobile,Grocery,0
TXN_007860,USR_0203,54.7,2026-03-19 14:25:04,Online,Mobile,Grocery,0
TXN_006435,USR_0027,119.93,2026-03-26 12:29:46,"London, UK",POS,Grocery,0
TXN_009160,USR_0426,16.58,2026-02-02 14:43:17,"London, UK",POS,Travel,0
TXN_000811,USR_0089,52.24,2026-01-17 04:06:24,Online,POS,Grocery,0
TXN_011455,USR_0009,63.51,2026-01-01 13:59:57,"New York, US",POS,Grocery,0
TXN_002074,USR_0176,113.21,2026-02-08 16:10:12,"Tokyo, JP",Desktop,Retail,0
TXN_008363,USR_0375,25.03,2026-01-24 09:52:38,"New York, US",POS,Grocery,0
TXN_008812,USR_0388,36.62,2026-01-08 20:24:37,"Tokyo, JP",POS,Electronics,0
TXN_000886,USR_0297,52.92,2026-03-11 07:36:11,"Paris, FR",POS,Retail,0
TXN_001478,USR_0046,118.5,2026-02-17 00:10:36,"New York, US",Mobile,Electronics,0
TXN_001791,USR_0102,87.82,2026-02-01 15:27:11,Online,Mobile,Grocery,0
TXN_005221,USR_0317,233.47,2026-03-18 09:05:28,"London, UK",Mobile,Retail,0
TXN_002009,USR_0370,41.64,2026-03-03 19:52:04,"New York, US",POS,Retail,0
TXN_008766,USR_0454,37.21,2026-02-06 23:56:10,Online,POS,Grocery,0
TXN_000683,USR_0088,82.96,2026-02-18 16:10:46,"New York, US",POS,Grocery,0
TXN_003896,USR_0086,13.59,2026-04-01 11:44:06,"Paris, FR",POS,Travel,0
TXN_007485,USR_0402,7.33,2026-02-05 08:46:37,"New York, US",POS,Electronics,0
TXN_007663,USR_0350,26.72,2026-02-14 11:11:45,"Paris, FR",Desktop,Retail,0
TXN_004292,USR_0368,54.16,2026-01-16 09:02:18,"Tokyo, JP",Mobile,Retail,0
TXN_000058,USR_0331,23.86,2026-02-08 12:29:20,"New York, US",Mobile,Retail,0
TXN_010909,USR_0365,14.42,2026-03-30 15:22:33,"New York, US",Mobile,Travel,0
TXN_002400,USR_0302,93.26,2026-02-20 11:12:53,Online,Desktop,Grocery,0
TXN_011723,USR_0105,3768.03,2026-01-07 05:56:38,"Moscow, RU",Desktop,Wire_Transfer,1
TXN_011547,USR_0289,19.93,2026-03-04 09:19:57,"Paris, FR",Mobile,Electronics,0
TXN_007384,USR_0361,241.99,2026-03-31 06:30:31,"Paris, FR",Desktop,Grocery,0
TXN_006078,USR_0342,18.27,2026-03-25 10:26:38,"Paris, FR",Desktop,Grocery,0
TXN_006731,USR_0307,19.64,2026-01-26 19:31:06,"Paris, FR",Desktop,Electronics,0
TXN_001469,USR_0095,77.36,2026-03-22 21:28:50,"London, UK",Mobile,Retail,0
TXN_001417,USR_0293,23.78,2026-03-02 10:30:35,"London, UK",POS,Grocery,0
TXN_008015,USR_0108,34.03,2026-01-03 09:36:10,"Tokyo, JP",POS,Retail,0
TXN_002359,USR_0492,49.2,2026-03-11 12:34:51,"London, UK",Mobile,Retail,0
TXN_006868,USR_0131,83.14,2026-01-28 13:29:27,"London, UK",POS,Retail,0
TXN_004620,USR_0332,42.09,2026-01-06 13:01:45,"London, UK",POS,Grocery,0
TXN_010424,USR_0053,43.97,2026-02-23 20:09:48,"Paris, FR",Desktop,Grocery,0
TXN_010167,USR_0094,15.9,2026-03-15 07:40:35,"Tokyo, JP",Desktop,Retail,0
TXN_009174,USR_0456,43.42,2026-03-07 23:48:48,Online,Desktop,Grocery,0
TXN_003870,USR_0292,81.33,2026-02-06 12:19:37,"Tokyo, JP",Mobile,Grocery,0
TXN_011504,USR_0148,185.96,2026-01-07 13:31:37,"London, UK",Mobile,Travel,0
TXN_004282,USR_0427,31.54,2026-01-14 13:28:29,Online,Mobile,Grocery,0
TXN_006217,USR_0224,56.82,2026-03-19 13:15:27,Online,Mobile,Grocery,0
TXN_008465,USR_0045,17.15,2026-03-13 13:12:09,"Paris, FR",POS,Retail,0
TXN_009453,USR_0202,12.5,2026-02-18 13:05:26,"London, UK",POS,Electronics,0
TXN_001056,USR_0202,50.76,2026-02-27 12:48:38,Online,POS,Grocery,0
TXN_002282,USR_0383,40.24,2026-03-10 07:36:02,"New York, US",POS,Retail,0
TXN_009296,USR_0367,7.73,2026-01-16 14:51:27,Online,Mobile,Retail,0
TXN_001925,USR_0324,19.1,2026-03-14 14:25:13,"Tokyo, JP",POS,Travel,0
TXN_010833,USR_0160,19.41,2026-01-07 18:49:01,"London, UK",Desktop,Grocery,0
TXN_001076,USR_0340,50.61,2026-03-26 02:23:55,"New York, US",Mobile,Grocery,0
TXN_001116,USR_0044,63.13,2026-03-09 21:45:24,Online,POS,Retail,0
TXN_003937,USR_0135,157.63,2026-01-29 15:12:35,"Tokyo, JP",Mobile,Retail,0
TXN_003534,USR_0004,45.07,2026-03-22 05:19:39,"New York, US",Mobile,Retail,0
TXN_006506,USR_0015,29.36,2026-01-02 10:42:54,"Paris, FR",Mobile,Retail,0
TXN_000461,USR_0194,31.83,2026-03-28 19:38:38,"New York, US",Mobile,Retail,0
TXN_003033,USR_0104,20.31,2026-01-19 10:19:08,"Paris, FR",Mobile,Grocery,0
TXN_004208,USR_0284,40.26,2026-02-14 16:26:55,"London, UK",Mobile,Retail,0
TXN_010724,USR_0043,28.46,2026-01-20 11:00:41,Online,POS,Retail,0
TXN_001453,USR_0063,78.14,2026-02-10 08:21:53,Online,POS,Retail,0
TXN_002150,USR_0442,36.51,2026-03-30 11:46:27,"London, UK",Mobile,Grocery,0
TXN_000320,USR_0214,139.99,2026-01-24 11:42:42,"New York, US",POS,Grocery,0
TXN_006168,USR_0261,107.69,2026-02-02 19:33:04,"Paris, FR",Mobile,Electronics,0
TXN_001923,USR_0468,16.86,2026-03-28 12:15:53,Online,Mobile,Grocery,0
TXN_008343,USR_0454,7.65,2026-03-23 18:31:15,"Tokyo, JP",Desktop,Grocery,0
TXN_010655,USR_0426,23.85,2026-02-11 13:40:32,"Tokyo, JP",POS,Grocery,0
TXN_005323,USR_0464,16.7,2026-03-31 17:30:21,Online,Mobile,Grocery,0
TXN_011888,USR_0239,4953.77,2026-03-07 22:50:16,Online,Mobile,Crypto,1
TXN_006313,USR_0497,24.42,2026-03-15 13:29:25,"London, UK",Mobile,Electronics,0
TXN_002130,USR_0491,30.38,2026-03-07 21:16:37,"Paris, FR",Desktop,Travel,0
TXN_005093,USR_0190,83.34,2026-01-21 14:18:56,"Paris, FR",Desktop,Retail,0
TXN_008680,USR_0019,121.64,2026-01-04 07:04:14,"Tokyo, JP",POS,Grocery,0
TXN_010595,USR_0414,4.76,2026-03-30 09:56:58,"Paris, FR",POS,Electronics,0
TXN_001053,USR_0435,38.86,2026-03-19 10:59:00,"Paris, FR",Mobile,Grocery,0
TXN_005747,USR_0322,73.63,2026-02-28 18:03:45,"London, UK",Mobile,Retail,0
TXN_008729,USR_0426,39.63,2026-03-21 11:44:39,Online,Desktop,Retail,0
TXN_004068,USR_0484,3.41,2026-01-09 13:16:45,"Tokyo, JP",POS,Grocery,0
TXN_001457,USR_0217,455.23,2026-03-02 15:43:15,"Tokyo, JP",Mobile,Grocery,0
TXN_010311,USR_0327,70.69,2026-02-16 11:22:15,"New York, US",Desktop,Grocery,0
TXN_000362,USR_0088,53.06,2026-03-26 14:39:46,Online,Desktop,Travel,0
TXN_011873,USR_0147,7786.27,2026-04-01 23:12:50,"Moscow, RU",Desktop,Gaming,1
TXN_003146,USR_0411,66.03,2026-02-02 17:06:52,"London, UK",POS,Retail,0
TXN_009510,USR_0213,20.76,2026-03-26 10:26:17,"Paris, FR",Mobile,Grocery,0
TXN_006665,USR_0242,23.77,2026-02-20 20:23:43,"Tokyo, JP",Mobile,Travel,0
TXN_006182,USR_0197,83.3,2026-03-22 20:25:22,"London, UK",POS,Retail,0
TXN_008362,USR_0253,33.05,2026-03-17 05:55:42,Online,Mobile,Retail,0
TXN_005853,USR_0266,166.75,2026-01-28 07:31:18,"Tokyo, JP",POS,Retail,0
TXN_007298,USR_0488,8.93,2026-02-17 11:45:05,"New York, US",Mobile,Retail,0
TXN_000541,USR_0361,7.78,2026-01-28 08:13:17,"New York, US",POS,Grocery,0
TXN_007022,USR_0338,272.31,2026-03-04 20:07:09,"Tokyo, JP",Desktop,Travel,0
TXN_010156,USR_0238,27.0,2026-02-06 20:37:26,"Paris, FR",POS,Electronics,0
TXN_006283,USR_0102,51.94,2026-03-18 16:23:02,"New York, US",Mobile,Grocery,0
TXN_010824,USR_0303,90.11,2026-03-03 19:03:19,"Tokyo, JP",Mobile,Travel,0
TXN_000755,USR_0375,18.0,2026-02-17 02:00:57,"Tokyo, JP",POS,Retail,0
TXN_005205,USR_0072,13.03,2026-02-15 10:14:40,"New York, US",POS,Grocery,0
TXN_002004,USR_0220,37.45,2026-03-09 12:21:38,"London, UK",POS,Retail,0
TXN_002543,USR_0240,18.37,2026-01-04 06:09:39,Online,Mobile,Travel,0
TXN_005698,USR_0162,111.28,2026-02-05 09:53:30,"London, UK",POS,Travel,0
TXN_010621,USR_0346,16.12,2026-03-30 16:50:25,"Paris, FR",POS,Grocery,0
TXN_005175,USR_0074,111.41,2026-03-12 17:09:11,"London, UK",POS,Retail,0
TXN_004272,USR_0312,39.24,2026-03-26 08:57:42,"New York, US",Mobile,Grocery,0
TXN_000101,USR_0229,86.78,2026-01-21 15:47:55,"Paris, FR",Desktop,Grocery,0
TXN_006673,USR_0196,5.99,2026-01-30 09:21:05,"Paris, FR",POS,Grocery,0
TXN_000602,USR_0360,6.24,2026-02-21 16:05:40,Online,POS,Travel,0
TXN_010694,USR_0376,76.75,2026-01-26 14:53:57,Online,POS,Grocery,0
TXN_004526,USR_0404,27.57,2026-01-04 10:43:33,Online,Mobile,Retail,0
TXN_007175,USR_0126,12.47,2026-03-13 16:30:35,"London, UK",Mobile,Grocery,0
TXN_001045,USR_0475,30.01,2026-03-15 15:09:06,"New York, US",Desktop,Grocery,0
TXN_009304,USR_0445,26.66,2026-03-24 06:33:56,Online,Desktop,Retail,0
TXN_001558,USR_0115,21.08,2026-03-04 14:16:21,"Tokyo, JP",Mobile,Travel,0
TXN_001488,USR_0466,66.55,2026-02-15 08:38:42,Online,POS,Electronics,0
TXN_008425,USR_0124,93.69,2026-02-12 19:27:41,"Tokyo, JP",POS,Electronics,0
TXN_011025,USR_0463,89.78,2026-02-14 11:06:19,Online,Desktop,Grocery,0
TXN_006147,USR_0472,15.67,2026-01-11 09:44:45,"London, UK",Mobile,Grocery,0
TXN_002116,USR_0325,255.21,2026-02-27 19:51:10,"London, UK",Desktop,Grocery,0
TXN_008452,USR_0460,107.9,2026-02-23 12:21:02,"Tokyo, JP",Desktop,Grocery,0
TXN_000619,USR_0293,23.05,2026-02-17 21:07:32,"New York, US",Mobile,Retail,0
TXN_004865,USR_0353,332.27,2026-01-01 16:04:27,Online,Mobile,Retail,0
TXN_005439,USR_0183,88.92,2026-01-04 17:48:46,"Tokyo, JP",Desktop,Grocery,0
TXN_003397,USR_0347,24.1,2026-03-28 10:48:54,"Paris, FR",Mobile,Travel,0
TXN_001601,USR_0249,158.05,2026-01-04 07:50:09,"London, UK",POS,Retail,0
TXN_008240,USR_0136,5.47,2026-01-17 12:23:56,"Paris, FR",Desktop,Retail,0
TXN_010564,USR_0446,14.76,2026-01-27 18:48:46,"New York, US",Mobile,Retail,0
TXN_001616,USR_0414,53.72,2026-03-10 09:38:20,"Paris, FR",POS,Grocery,0
TXN_001753,USR_0260,9.09,2026-01-06 10:29:01,"New York, US",POS,Electronics,0
TXN_005767,USR_0316,93.9,2026-01-02 21:13:32,"New York, US",Mobile,Grocery,0
TXN_002084,USR_0490,141.54,2026-01-02 09:23:52,"Tokyo, JP",Mobile,Grocery,0
TXN_005141,USR_0106,134.0,2026-03-11 11:24:03,"New York, US",Desktop,Retail,0
TXN_008618,USR_0123,73.33,2026-03-03 13:16:07,"Tokyo, JP",POS,Travel,0
TXN_009550,USR_0272,6.66,2026-01-13 22:54:42,"Paris, FR",Desktop,Retail,0
TXN_006640,USR_0214,36.76,2026-01-16 16:04:19,"Paris, FR",Desktop,Grocery,0
TXN_008971,USR_0336,66.92,2026-03-04 07:46:19,"London, UK",Mobile,Electronics,0
TXN_000676,USR_0454,58.2,2026-01-12 16:52:45,"Tokyo, JP",Desktop,Grocery,0
TXN_002546,USR_0311,13.29,2026-01-16 07:06:25,"London, UK",Mobile,Grocery,0
TXN_011747,USR_0358,5000.0,2026-03-17 02:08:37,"Lagos, NG",Mobile,Wire_Transfer,1
TXN_004000,USR_0173,108.99,2026-01-28 14:23:41,"New York, US",Desktop,Retail,0
TXN_011392,USR_0200,101.34,2026-02-01 15:05:09,Online,POS,Grocery,0
TXN_000176,USR_0332,77.45,2026-01-20 16:31:59,"Tokyo, JP",POS,Electronics,0
TXN_005505,USR_0278,75.38,2026-03-06 22:06:02,"New York, US",Mobile,Travel,0
TXN_003610,USR_0052,9.16,2026-02-27 15:25:17,"New York, US",Desktop,Retail,0
TXN_011346,USR_0071,5.43,2026-02-27 09:36:15,"Tokyo, JP",Desktop,Travel,0
TXN_003788,USR_0222,10.35,2026-03-13 02:35:33,Online,Mobile,Retail,0
TXN_002226,USR_0459,17.97,2026-03-28 10:40:54,"London, UK",Desktop,Electronics,0
TXN_007043,USR_0023,21.44,2026-01-21 01:25:18,"New York, US",Mobile,Travel,0
TXN_005818,USR_0329,26.48,2026-03-07 16:17:18,"Paris, FR",Mobile,Retail,0
TXN_001127,USR_0342,85.89,2026-03-15 10:53:38,"Tokyo, JP",Desktop,Grocery,0
TXN_009285,USR_0388,15.29,2026-01-06 16:12:43,Online,Mobile,Travel,0
TXN_006081,USR_0392,22.62,2026-02-23 15:46:06,"New York, US",POS,Retail,0
TXN_002442,USR_0453,17.36,2026-03-19 09:53:13,"London, UK",POS,Grocery,0
TXN_001323,USR_0056,66.39,2026-01-22 11:17:07,"London, UK",Desktop,Retail,0
TXN_001604,USR_0214,168.34,2026-03-03 15:36:19,Online,Desktop,Grocery,0
TXN_004211,USR_0053,18.94,2026-03-17 07:56:55,Online,Desktop,Electronics,0
TXN_009355,USR_0071,35.21,2026-03-30 19:39:17,"Tokyo, JP",POS,Retail,0
TXN_010326,USR_0355,30.69,2026-02-22 09:12:26,"Paris, FR",Mobile,Travel,0
TXN_004066,USR_0170,156.84,2026-03-16 11:21:40,"Paris, FR",Mobile,Travel,0
TXN_011598,USR_0446,5898.25,2026-01-28 22:32:47,"Lagos, NG",Desktop,Electronics,1
TXN_011269,USR_0432,115.77,2026-02-14 13:32:16,"New York, US",Desktop,Retail,0
TXN_008525,USR_0124,17.09,2026-03-03 11:53:22,"Tokyo, JP",POS,Electronics,0
TXN_004541,USR_0300,34.27,2026-01-23 16:11:01,"London, UK",POS,Retail,0
TXN_004072,USR_0081,64.22,2026-03-27 11:47:08,"New York, US",Mobile,Retail,0
TXN_001508,USR_0305,9.66,2026-03-26 17:00:21,"New York, US",POS,Travel,0
TXN_001560,USR_0054,61.73,2026-04-01 19:03:59,"Paris, FR",Desktop,Grocery,0
TXN_005351,USR_0355,85.95,2026-02-06 09:30:42,"London, UK",Desktop,Grocery,0
TXN_004420,USR_0219,17.41,2026-02-22 10:01:03,"New York, US",Mobile,Travel,0
TXN_011837,USR_0308,2092.98,2026-03-06 01:11:05,"Moscow, RU",ATM,Wire_Transfer,1
TXN_011493,USR_0303,24.13,2026-02-22 11:37:06,Online,POS,Retail,0
TXN_004986,USR_0023,9.73,2026-02-23 17:31:20,"Paris, FR",POS,Travel,0
TXN_001837,USR_0100,26.1,2026-01-19 16:55:33,Online,POS,Travel,0
TXN_001355,USR_0237,26.3,2026-04-01 16:36:48,"London, UK",Mobile,Retail,0
TXN_009614,USR_0099,177.09,2026-01-04 13:50:51,Online,POS,Electronics,0
TXN_004901,USR_0361,24.3,2026-02-08 19:31:19,"London, UK",POS,Retail,0
TXN_011342,USR_0288,56.29,2026-03-19 04:32:35,"New York, US",Desktop,Retail,0
TXN_009892,USR_0150,42.62,2026-03-13 05:27:28,"Tokyo, JP",Desktop,Retail,0
TXN_004033,USR_0341,13.78,2026-02-25 10:31:25,"Tokyo, JP",POS,Retail,0
TXN_006746,USR_0129,19.66,2026-03-09 17:25:38,"Tokyo, JP",Mobile,Grocery,0
TXN_007210,USR_0407,20.89,2026-02-19 11:39:45,"London, UK",Mobile,Electronics,0
TXN_008479,USR_0352,19.52,2026-01-20 13:36:18,"Tokyo, JP",POS,Travel,0
TXN_007504,USR_0420,177.27,2026-02-09 18:23:28,"Paris, FR",Desktop,Electronics,0
TXN_002252,USR_0129,47.5,2026-01-15 06:02:54,"New York, US",Desktop,Grocery,0
TXN_001026,USR_0329,37.15,2026-02-19 11:42:31,Online,POS,Electronics,0
TXN_008019,USR_0022,58.65,2026-01-14 11:30:10,"Paris, FR",Mobile,Travel,0
TXN_005550,USR_0028,51.82,2026-03-03 15:21:43,"Paris, FR",POS,Travel,0
TXN_009486,USR_0280,22.39,2026-03-30 00:14:53,"London, UK",POS,Retail,0
TXN_007566,USR_0092,27.04,2026-03-01 20:45:03,"London, UK",Mobile,Grocery,0
TXN_003398,USR_0152,37.21,2026-01-19 15:34:50,"Tokyo, JP",POS,Retail,0
TXN_000314,USR_0003,6.29,2026-01-11 12:01:16,"London, UK",Mobile,Travel,0
TXN_007400,USR_0133,8.84,2026-02-04 20:09:29,Online,POS,Grocery,0
TXN_005737,USR_0196,13.55,2026-03-24 13:24:44,Online,Mobile,Grocery,0
TXN_009263,USR_0127,49.15,2026-03-15 20:37:36,"London, UK",Desktop,Retail,0
TXN_008272,USR_0248,19.63,2026-01-24 12:17:10,"London, UK",Desktop,Electronics,0
TXN_008813,USR_0355,13.57,2026-03-06 15:26:48,"New York, US",POS,Retail,0
TXN_011213,USR_0173,7.46,2026-01-01 14:29:48,"Tokyo, JP",POS,Grocery,0
TXN_002971,USR_0214,43.49,2026-03-25 10:01:19,"New York, US",Mobile,Grocery,0
TXN_005304,USR_0032,8.01,2026-02-04 19:15:04,"Tokyo, JP",Desktop,Retail,0
TXN_005810,USR_0203,433.87,2026-03-31 13:54:50,"Tokyo, JP",POS,Travel,0
TXN_003886,USR_0182,1128.96,2026-03-08 07:11:04,"Tokyo, JP",Desktop,Retail,0
TXN_011524,USR_0063,34.23,2026-03-14 15:30:34,Online,Desktop,Travel,0
TXN_011903,USR_0135,5000.0,2026-03-17 05:08:20,"Moscow, RU",ATM,Electronics,1
TXN_006002,USR_0312,4.12,2026-03-03 09:42:08,"New York, US",POS,Retail,0
TXN_008595,USR_0341,68.03,2026-03-31 10:30:51,"Tokyo, JP",Mobile,Grocery,0
TXN_011266,USR_0015,15.02,2026-01-09 16:28:03,"Paris, FR",Desktop,Travel,0
TXN_004970,USR_0034,15.78,2026-02-15 04:37:04,"Tokyo, JP",Desktop,Travel,0
TXN_009028,USR_0115,11.23,2026-03-06 07:58:23,"Paris, FR",POS,Travel,0
TXN_008900,USR_0274,9.14,2026-02-27 08:39:35,Online,Desktop,Retail,0
TXN_009388,USR_0205,192.77,2026-02-18 02:46:03,Online,POS,Electronics,0
TXN_001841,USR_0359,41.74,2026-01-12 07:06:27,"New York, US",Mobile,Grocery,0
TXN_010897,USR_0465,85.65,2026-02-25 02:32:50,Online,POS,Retail,0
TXN_011862,USR_0305,6537.05,2026-03-20 05:24:21,"Lagos, NG",Mobile,Electronics,1
TXN_003674,USR_0451,137.64,2026-02-25 16:08:16,"Paris, FR",Desktop,Retail,0
TXN_005174,USR_0257,13.14,2026-01-15 23:07:22,"London, UK",Mobile,Retail,0
TXN_010383,USR_0436,104.67,2026-03-03 20:14:14,"London, UK",POS,Retail,0
TXN_011970,USR_0085,7422.71,2026-02-12 03:21:01,"Moscow, RU",Desktop,Gaming,1
TXN_003321,USR_0268,7.55,2026-01-10 09:09:11,"Tokyo, JP",POS,Travel,0
TXN_002273,USR_0487,55.53,2026-02-23 05:38:47,Online,Mobile,Travel,0
TXN_004255,USR_0263,7.15,2026-03-14 16:55:06,"Tokyo, JP",Desktop,Electronics,0
TXN_000848,USR_0428,63.33,2026-01-14 11:13:34,"Paris, FR",POS,Grocery,0
TXN_004875,USR_0240,10.76,2026-01-28 14:13:04,"Paris, FR",POS,Travel,0
TXN_005995,USR_0007,111.21,2026-03-15 18:23:32,"Paris, FR",Mobile,Retail,0
TXN_005724,USR_0473,109.58,2026-01-14 14:11:04,Online,Desktop,Retail,0
TXN_005689,USR_0040,41.52,2026-02-09 12:46:19,"Paris, FR",Desktop,Retail,0
TXN_005910,USR_0443,10.26,2026-02-17 12:35:36,"New York, US",Mobile,Retail,0
TXN_001418,USR_0201,17.95,2026-02-03 09:31:37,"Paris, FR",POS,Electronics,0
TXN_010365,USR_0057,140.87,2026-03-12 03:46:52,"London, UK",Mobile,Electronics,0
TXN_003849,USR_0447,70.06,2026-01-08 21:00:10,"Paris, FR",POS,Grocery,0
TXN_000605,USR_0391,41.45,2026-03-25 12:43:41,"New York, US",Desktop,Electronics,0
TXN_011434,USR_0074,41.11,2026-01-25 20:37:21,"New York, US",Mobile,Grocery,0
TXN_002079,USR_0460,111.97,2026-02-28 11:59:09,"Paris, FR",Desktop,Grocery,0
TXN_009665,USR_0246,7.67,2026-03-04 19:18:29,"Paris, FR",Mobile,Grocery,0
TXN_002312,USR_0489,80.33,2026-01-09 11:28:11,"Tokyo, JP",Desktop,Grocery,0
TXN_004344,USR_0099,107.6,2026-02-09 12:24:33,"Paris, FR",Mobile,Electronics,0
TXN_006256,USR_0358,27.96,2026-02-25 14:48:56,"London, UK",POS,Retail,0
TXN_001983,USR_0113,12.61,2026-02-11 07:17:13,Online,POS,Retail,0
TXN_000200,USR_0328,18.85,2026-02-24 07:44:16,"Paris, FR",Desktop,Retail,0
TXN_000486,USR_0389,26.74,2026-01-05 12:05:25,"Paris, FR",Desktop,Travel,0
TXN_003271,USR_0157,24.91,2026-02-24 13:16:44,"Tokyo, JP",POS,Retail,0
TXN_002824,USR_0259,21.04,2026-01-09 10:14:11,"London, UK",Desktop,Electronics,0
TXN_003246,USR_0296,40.54,2026-01-24 13:52:41,Online,Mobile,Electronics,0
TXN_010486,USR_0425,30.6,2026-01-29 05:54:40,"New York, US",Mobile,Retail,0
TXN_005332,USR_0065,120.93,2026-01-02 12:40:29,"London, UK",POS,Electronics,0
TXN_003750,USR_0219,16.96,2026-01-07 11:52:34,"London, UK",POS,Grocery,0
TXN_007473,USR_0014,15.17,2026-03-12 12:49:21,"Paris, FR",POS,Travel,0
TXN_006700,USR_0020,73.02,2026-01-29 07:38:29,Online,POS,Retail,0
TXN_009794,USR_0318,4.61,2026-01-13 16:17:35,"London, UK",POS,Grocery,0
TXN_002795,USR_0029,15.8,2026-03-09 18:53:02,"London, UK",Mobile,Grocery,0
TXN_007783,USR_0287,52.68,2026-02-15 10:46:58,"London, UK",Desktop,Grocery,0
TXN_009812,USR_0378,35.47,2026-02-21 11:17:37,"Paris, FR",Desktop,Retail,0
TXN_008295,USR_0495,7.46,2026-01-10 16:11:43,"Paris, FR",Mobile,Grocery,0
TXN_000525,USR_0469,40.09,2026-01-11 15:06:49,"London, UK",POS,Electronics,0
TXN_000948,USR_0435,23.26,2026-03-03 19:23:39,"Tokyo, JP",Desktop,Travel,0
TXN_009270,USR_0019,7.82,2026-02-14 12:11:33,"London, UK",POS,Grocery,0
TXN_010394,USR_0316,84.51,2026-03-20 21:03:08,"Tokyo, JP",Desktop,Electronics,0
TXN_001281,USR_0260,80.39,2026-01-29 08:29:49,"London, UK",Desktop,Grocery,0
TXN_000123,USR_0295,35.1,2026-03-28 19:58:24,"Paris, FR",POS,Retail,0
TXN_004367,USR_0210,143.72,2026-01-11 12:41:29,Online,Desktop,Electronics,0
TXN_005438,USR_0447,32.88,2026-02-25 11:38:44,"Tokyo, JP",POS,Grocery,0
TXN_005088,USR_0091,34.38,2026-02-19 16:25:23,"Tokyo, JP",POS,Grocery,0
TXN_002303,USR_0294,11.04,2026-03-14 20:49:33,"Tokyo, JP",Mobile,Retail,0
TXN_010893,USR_0460,45.95,2026-01-08 14:28:25,"Paris, FR",Desktop,Electronics,0
TXN_009030,USR_0010,33.69,2026-01-13 21:26:51,"Tokyo, JP",Mobile,Grocery,0
TXN_001006,USR_0130,130.8,2026-03-03 12:40:19,"London, UK",Desktop,Grocery,0
TXN_003461,USR_0348,20.4,2026-03-26 19:23:00,"Tokyo, JP",POS,Retail,0
TXN_004485,USR_0318,35.87,2026-03-30 22:07:15,Online,Desktop,Electronics,0
TXN_008998,USR_0322,19.1,2026-03-26 10:55:04,"New York, US",Mobile,Travel,0
TXN_010772,USR_0123,46.86,2026-02-11 09:08:45,"Paris, FR",POS,Retail,0
TXN_003056,USR_0211,36.27,2026-02-05 06:16:38,"Paris, FR",POS,Electronics,0
TXN_003567,USR_0009,113.68,2026-02-05 18:19:15,"Paris, FR",POS,Grocery,0
TXN_011770,USR_0292,499.99,2026-03-30 03:32:46,Online,ATM,Crypto,1
TXN_002133,USR_0038,52.69,2026-01-28 07:42:23,"Tokyo, JP",Mobile,Grocery,0
TXN_011956,USR_0186,9492.84,2026-01-14 01:14:06,"Moscow, RU",ATM,Electronics,1
TXN_005472,USR_0169,39.96,2026-03-20 17:52:37,Online,Mobile,Retail,0
TXN_004961,USR_0236,22.58,2026-01-19 18:14:41,"Paris, FR",Mobile,Retail,0
TXN_000230,USR_0404,54.16,2026-03-18 18:00:17,"London, UK",Mobile,Travel,0
TXN_006162,USR_0251,40.25,2026-02-20 17:15:05,"New York, US",Mobile,Grocery,0
TXN_004002,USR_0438,31.07,2026-03-24 11:07:34,"New York, US",Desktop,Retail,0
TXN_010953,USR_0130,11.53,2026-03-07 09:29:19,Online,Desktop,Grocery,0
TXN_008427,USR_0404,12.68,2026-03-25 08:25:13,Online,Mobile,Retail,0
TXN_007067,USR_0287,33.78,2026-03-04 16:08:11,"New York, US",Mobile,Retail,0
TXN_003008,USR_0359,41.17,2026-03-02 11:55:51,"Paris, FR",POS,Grocery,0
TXN_005729,USR_0231,81.17,2026-02-26 15:34:05,"New York, US",Mobile,Travel,0
TXN_004222,USR_0467,37.41,2026-02-14 20:39:38,"Paris, FR",Desktop,Retail,0
TXN_007071,USR_0257,78.13,2026-02-01 19:03:59,"Tokyo, JP",Desktop,Grocery,0
TXN_006581,USR_0183,84.47,2026-02-10 12:55:07,"London, UK",POS,Grocery,0
TXN_006438,USR_0340,137.54,2026-01-18 21:00:21,"Tokyo, JP",Desktop,Travel,0
TXN_002751,USR_0298,718.28,2026-02-21 14:40:36,"Paris, FR",POS,Grocery,0
TXN_007954,USR_0278,39.71,2026-04-01 08:28:43,"Paris, FR",Desktop,Retail,0
TXN_005045,USR_0176,26.43,2026-01-09 09:46:46,"London, UK",Desktop,Grocery,0
TXN_004377,USR_0057,40.18,2026-03-15 05:02:31,"Tokyo, JP",POS,Travel,0
TXN_002945,USR_0405,47.48,2026-02-20 09:44:09,Online,Mobile,Retail,0
TXN_006635,USR_0338,51.07,2026-01-27 13:03:58,"London, UK",Desktop,Grocery,0
TXN_002719,USR_0124,62.03,2026-03-27 07:31:53,"Paris, FR",Desktop,Grocery,0
TXN_006726,USR_0221,68.08,2026-02-20 06:46:46,"New York, US",POS,Retail,0
TXN_006898,USR_0404,17.53,2026-03-13 18:27:04,"London, UK",Desktop,Grocery,0
TXN_006449,USR_0170,41.54,2026-02-07 12:17:21,Online,Desktop,Retail,0
TXN_006028,USR_0401,30.79,2026-03-18 12:14:03,Online,Mobile,Electronics,0
TXN_008186,USR_0278,14.75,2026-03-17 12:38:55,"New York, US",Desktop,Electronics,0
TXN_007357,USR_0043,94.93,2026-02-03 15:59:22,"Paris, FR",Desktop,Grocery,0
TXN_004162,USR_0126,35.8,2026-03-09 08:57:15,Online,POS,Grocery,0
TXN_010220,USR_0091,8.38,2026-01-24 14:43:25,"Paris, FR",POS,Grocery,0
TXN_009243,USR_0241,58.98,2026-01-26 18:20:27,"Tokyo, JP",Mobile,Retail,0
TXN_006888,USR_0051,43.3,2026-01-20 14:16:11,"New York, US",Mobile,Retail,0
TXN_009876,USR_0321,18.89,2026-03-21 09:11:23,"New York, US",POS,Electronics,0
TXN_009759,USR_0171,34.37,2026-01-08 15:41:37,"Paris, FR",POS,Grocery,0
TXN_010530,USR_0362,43.35,2026-03-30 23:37:33,"New York, US",POS,Grocery,0
TXN_010622,USR_0279,35.54,2026-01-02 05:24:06,"New York, US",POS,Grocery,0
TXN_005958,USR_0403,51.83,2026-01-11 14:03:28,"London, UK",Desktop,Grocery,0
TXN_001018,USR_0083,16.57,2026-01-09 10:33:09,"Paris, FR",Desktop,Grocery,0
TXN_005067,USR_0448,34.72,2026-02-12 18:41:44,"Tokyo, JP",POS,Grocery,0
TXN_011505,USR_0041,31.33,2026-03-13 14:05:24,"Paris, FR",Mobile,Retail,0
TXN_001929,USR_0005,50.7,2026-01-13 14:27:31,"London, UK",Mobile,Travel,0
TXN_000351,USR_0115,70.6,2026-01-16 16:12:50,"London, UK",Mobile,Retail,0
TXN_008949,USR_0432,6.01,2026-02-24 12:21:40,"London, UK",Desktop,Grocery,0
TXN_011205,USR_0236,113.62,2026-02-04 16:12:01,"Paris, FR",Mobile,Grocery,0
TXN_009035,USR_0110,11.2,2026-03-24 11:19:52,"Paris, FR",Desktop,Retail,0
TXN_007378,USR_0304,14.65,2026-01-30 14:52:22,Online,Mobile,Electronics,0
TXN_007835,USR_0122,50.75,2026-03-16 19:00:01,"Tokyo, JP",Mobile,Grocery,0
TXN_007289,USR_0372,33.51,2026-03-14 22:48:14,"Tokyo, JP",Desktop,Electronics,0
TXN_000565,USR_0166,21.2,2026-04-01 01:18:18,Online,Desktop,Travel,0
TXN_001583,USR_0124,23.11,2026-02-08 14:46:27,Online,Mobile,Electronics,0
TXN_002176,USR_0459,26.69,2026-01-05 10:36:17,"London, UK",Mobile,Travel,0
TXN_010334,USR_0105,36.63,2026-03-31 17:53:49,Online,Desktop,Retail,0
TXN_007792,USR_0135,136.57,2026-01-12 14:21:36,"New York, US",Mobile,Grocery,0
TXN_003934,USR_0274,106.07,2026-03-05 18:38:43,Online,Mobile,Electronics,0
TXN_002708,USR_0247,4.71,2026-01-21 11:48:51,"London, UK",Desktop,Retail,0
TXN_011848,USR_0417,6494.11,2026-03-21 02:00:32,Online,Mobile,Gaming,1
TXN_008516,USR_0119,52.08,2026-01-22 08:29:14,Online,Mobile,Grocery,0
TXN_003536,USR_0135,38.08,2026-03-04 13:10:13,Online,Desktop,Grocery,0
TXN_010797,USR_0324,29.48,2026-01-07 09:55:15,Online,Mobile,Retail,0
TXN_007309,USR_0173,66.81,2026-02-16 10:21:47,"Paris, FR",POS,Grocery,0
TXN_011459,USR_0483,56.39,2026-03-26 16:43:34,"London, UK",Mobile,Retail,0
TXN_003740,USR_0351,141.94,2026-01-22 07:52:04,"Paris, FR",Desktop,Electronics,0
TXN_009390,USR_0285,103.02,2026-01-05 08:18:06,"Tokyo, JP",POS,Grocery,0
TXN_000822,USR_0103,25.11,2026-02-04 15:48:50,"London, UK",Desktop,Electronics,0
TXN_002064,USR_0044,9.41,2026-01-24 18:46:06,"Paris, FR",Desktop,Retail,0
TXN_008031,USR_0457,54.19,2026-01-01 12:18:26,Online,Mobile,Electronics,0
TXN_000082,USR_0262,156.01,2026-01-15 07:24:57,Online,Mobile,Grocery,0
TXN_007655,USR_0369,140.45,2026-03-05 12:19:27,Online,Mobile,Grocery,0
TXN_002698,USR_0100,110.22,2026-01-19 13:53:43,"London, UK",Mobile,Retail,0
TXN_000832,USR_0062,17.26,2026-02-18 09:02:27,"Tokyo, JP",POS,Grocery,0
TXN_003827,USR_0104,110.16,2026-02-09 02:51:34,"New York, US",Mobile,Electronics,0
TXN_006462,USR_0362,72.61,2026-01-17 19:28:40,"Tokyo, JP",Mobile,Retail,0
TXN_002834,USR_0122,255.23,2026-03-29 15:31:39,"Tokyo, JP",Desktop,Electronics,0
TXN_010199,USR_0464,10.16,2026-03-06 17:48:56,Online,Mobile,Grocery,0
TXN_011144,USR_0158,29.21,2026-03-24 13:15:29,"Paris, FR",Desktop,Travel,0
TXN_006340,USR_0039,21.18,2026-02-07 21:27:50,Online,Desktop,Grocery,0
TXN_000049,USR_0217,26.58,2026-03-31 11:46:50,Online,POS,Electronics,0
TXN_011743,USR_0243,5000.0,2026-01-11 00:59:16,Online,Mobile,Crypto,1
TXN_007908,USR_0342,164.33,2026-01-04 09:56:54,"London, UK",POS,Grocery,0
TXN_006952,USR_0248,15.25,2026-03-10 06:07:43,Online,Desktop,Grocery,0
TXN_009226,USR_0110,7.15,2026-01-22 07:00:06,"Paris, FR",Desktop,Grocery,0
TXN_004725,USR_0182,11.5,2026-01-29 00:44:48,"Paris, FR",Desktop,Travel,0
TXN_009025,USR_0319,17.96,2026-02-25 10:53:53,"London, UK",Desktop,Travel,0
TXN_004096,USR_0452,14.38,2026-02-17 09:03:28,"Paris, FR",Desktop,Electronics,0
TXN_002690,USR_0135,48.63,2026-03-11 19:28:07,"Tokyo, JP",POS,Travel,0
TXN_006674,USR_0076,93.43,2026-03-24 15:09:17,"Paris, FR",Desktop,Electronics,0
TXN_005051,USR_0048,32.48,2026-01-15 01:16:44,Online,Desktop,Travel,0
TXN_006276,USR_0163,17.89,2026-01-03 10:41:39,"Paris, FR",POS,Travel,0
TXN_002374,USR_0135,19.34,2026-03-20 21:24:40,Online,Mobile,Electronics,0
TXN_007293,USR_0157,14.65,2026-03-19 10:53:13,"London, UK",Mobile,Grocery,0
TXN_002759,USR_0224,14.12,2026-01-09 09:10:01,Online,Desktop,Travel,0
TXN_007277,USR_0088,55.97,2026-01-21 09:57:23,Online,Desktop,Grocery,0
TXN_011777,USR_0375,999.0,2026-03-22 04:27:20,Online,Desktop,Crypto,1
TXN_005583,USR_0398,27.3,2026-01-07 12:38:15,"New York, US",Desktop,Travel,0
TXN_010891,USR_0030,9.35,2026-03-11 23:25:29,"London, UK",POS,Retail,0
TXN_003881,USR_0145,15.98,2026-03-28 06:21:59,"Paris, FR",Desktop,Travel,0
TXN_011791,USR_0250,4219.82,2026-02-25 22:30:48,Online,Mobile,Electronics,1
TXN_004771,USR_0236,56.57,2026-01-06 14:12:19,"London, UK",Desktop,Grocery,0
TXN_011003,USR_0452,42.56,2026-01-22 23:22:33,Online,Desktop,Electronics,0
TXN_005236,USR_0231,12.22,2026-03-16 11:39:51,"London, UK",Mobile,Grocery,0
TXN_006450,USR_0389,121.26,2026-02-07 18:04:15,"Tokyo, JP",Mobile,Grocery,0
TXN_003946,USR_0242,24.58,2026-02-04 18:25:24,Online,POS,Retail,0
TXN_009479,USR_0182,19.3,2026-01-07 17:30:35,"Paris, FR",Mobile,Grocery,0
TXN_002165,USR_0198,165.47,2026-02-27 11:55:39,Online,Mobile,Retail,0
TXN_002887,USR_0368,11.32,2026-01-11 14:24:20,Online,Mobile,Retail,0
TXN_011463,USR_0216,20.06,2026-02-25 10:05:02,"New York, US",Mobile,Grocery,0
TXN_010506,USR_0056,121.41,2026-02-27 11:53:23,"Paris, FR",Mobile,Travel,0
TXN_000517,USR_0167,75.22,2026-02-18 16:17:52,"Paris, FR",Desktop,Grocery,0
TXN_011035,USR_0366,7.57,2026-01-16 20:43:39,Online,Mobile,Travel,0
TXN_011138,USR_0412,8.71,2026-03-04 07:00:10,"New York, US",POS,Retail,0
TXN_000173,USR_0225,43.86,2026-03-31 06:31:07,"New York, US",POS,Travel,0
TXN_000640,USR_0263,46.83,2026-01-07 13:43:19,"Tokyo, JP",Mobile,Grocery,0
TXN_011657,USR_0231,1500.0,2026-02-09 02:16:24,"Sydney, AU",ATM,Crypto,1
TXN_006244,USR_0364,105.92,2026-03-09 13:27:09,"Tokyo, JP",Desktop,Electronics,0
TXN_001144,USR_0352,15.44,2026-02-12 10:21:25,Online,POS,Grocery,0
TXN_008642,USR_0143,17.07,2026-03-25 13:28:56,"London, UK",POS,Grocery,0
TXN_007333,USR_0184,92.72,2026-03-29 08:41:22,"Tokyo, JP",Mobile,Electronics,0
TXN_010046,USR_0121,64.88,2026-02-18 20:18:04,"Paris, FR",POS,Retail,0
TXN_001833,USR_0491,47.83,2026-02-11 10:01:40,"Tokyo, JP",Mobile,Electronics,0
TXN_008748,USR_0220,19.54,2026-03-16 11:21:01,"Paris, FR",Mobile,Grocery,0
TXN_006129,USR_0250,22.04,2026-03-09 13:35:18,"Tokyo, JP",Desktop,Electronics,0
TXN_003687,USR_0305,16.68,2026-03-10 16:36:48,Online,POS,Grocery,0
TXN_009967,USR_0494,39.54,2026-02-13 12:11:36,"London, UK",POS,Retail,0
TXN_011936,USR_0105,2816.97,2026-03-01 03:40:19,"Sydney, AU",ATM,Gaming,1
TXN_004538,USR_0453,89.63,2026-03-11 06:23:07,"Tokyo, JP",Desktop,Travel,0
TXN_005961,USR_0084,121.49,2026-01-30 15:12:43,"London, UK",Mobile,Retail,0
TXN_007321,USR_0414,52.69,2026-01-11 00:41:47,"Paris, FR",POS,Retail,0
TXN_000835,USR_0306,42.13,2026-01-07 10:49:59,Online,POS,Grocery,0
TXN_002487,USR_0056,23.32,2026-02-23 11:27:49,"Tokyo, JP",POS,Retail,0
TXN_008979,USR_0487,16.91,2026-01-03 18:26:17,"London, UK",Mobile,Retail,0
TXN_007574,USR_0357,7.28,2026-02-16 18:20:29,"New York, US",Desktop,Retail,0
TXN_007272,USR_0145,42.14,2026-03-26 11:36:39,Online,Desktop,Retail,0
TXN_005462,USR_0473,24.54,2026-02-23 13:08:30,"London, UK",POS,Grocery,0
TXN_010573,USR_0232,142.45,2026-02-19 16:47:54,"London, UK",Mobile,Retail,0
TXN_011011,USR_0149,34.54,2026-02-03 10:09:21,"New York, US",Mobile,Travel,0
TXN_000066,USR_0129,30.74,2026-01-07 09:05:40,"Paris, FR",Desktop,Grocery,0
TXN_005169,USR_0420,94.87,2026-02-18 06:32:41,"Paris, FR",Mobile,Grocery,0
TXN_004833,USR_0208,61.15,2026-01-21 14:55:10,Online,POS,Grocery,0
TXN_008141,USR_0470,45.9,2026-01-04 22:44:18,"London, UK",POS,Travel,0
TXN_002025,USR_0072,331.5,2026-03-09 15:44:19,"Paris, FR",Desktop,Electronics,0
TXN_006178,USR_0266,15.68,2026-02-08 11:42:36,"Paris, FR",POS,Grocery,0
TXN_000355,USR_0065,5.59,2026-02-10 12:41:04,"Paris, FR",Desktop,Electronics,0
TXN_010021,USR_0157,164.21,2026-02-17 13:24:51,"London, UK",Desktop,Retail,0
TXN_005965,USR_0177,45.17,2026-03-25 09:08:12,"Tokyo, JP",Desktop,Travel,0
TXN_009725,USR_0333,124.26,2026-01-26 16:42:24,Online,Desktop,Grocery,0
TXN_007268,USR_0350,163.8,2026-03-16 09:37:11,"New York, US",POS,Retail,0
TXN_006238,USR_0164,34.97,2026-02-14 19:42:39,Online,POS,Retail,0
TXN_009969,USR_0175,18.65,2026-03-28 20:52:16,"New York, US",Mobile,Grocery,0
TXN_004569,USR_0413,26.25,2026-02-12 10:22:54,"New York, US",Mobile,Travel,0
TXN_003128,USR_0230,403.79,2026-02-21 22:21:51,Online,Desktop,Grocery,0
TXN_009544,USR_0284,67.75,2026-03-23 07:40:00,Online,POS,Travel,0
TXN_000310,USR_0028,58.59,2026-02-20 12:32:23,"London, UK",Desktop,Grocery,0
TXN_010417,USR_0443,18.28,2026-02-13 13:04:06,"Tokyo, JP",POS,Electronics,0
TXN_005757,USR_0297,21.62,2026-01-03 22:16:55,"New York, US",POS,Travel,0
TXN_009186,USR_0389,35.3,2026-01-05 10:04:51,Online,POS,Retail,0
TXN_004355,USR_0381,67.32,2026-03-07 17:30:56,"New York, US",POS,Retail,0
TXN_007477,USR_0449,37.78,2026-02-12 21:58:31,Online,Mobile,Retail,0
TXN_005274,USR_0253,47.78,2026-01-23 22:38:14,"Tokyo, JP",POS,Grocery,0
TXN_007394,USR_0427,7.52,2026-03-20 17:54:52,"London, UK",Mobile,Electronics,0
TXN_010728,USR_0337,5.8,2026-02-26 13:50:08,"New York, US",POS,Travel,0
TXN_002584,USR_0208,204.5,2026-03-03 22:39:57,"London, UK",Desktop,Electronics,0
TXN_011104,USR_0149,31.52,2026-01-12 19:23:21,"New York, US",Desktop,Grocery,0
TXN_002771,USR_0357,20.16,2026-03-02 07:08:54,"Tokyo, JP",Mobile,Grocery,0
TXN_009535,USR_0450,17.36,2026-01-28 11:01:16,Online,POS,Retail,0
TXN_008170,USR_0356,17.11,2026-02-16 18:04:55,Online,Mobile,Retail,0
TXN_008529,USR_0097,34.08,2026-01-15 06:28:50,"London, UK",Mobile,Electronics,0
TXN_003210,USR_0084,23.53,2026-01-19 07:21:10,Online,POS,Travel,0
TXN_006760,USR_0162,74.43,2026-01-01 17:49:55,"New York, US",Mobile,Travel,0
TXN_003906,USR_0383,10.69,2026-01-15 12:04:26,"Tokyo, JP",POS,Travel,0
TXN_006226,USR_0351,39.89,2026-03-08 20:17:48,"London, UK",POS,Electronics,0
TXN_005641,USR_0356,10.97,2026-01-27 09:23:39,"Paris, FR",POS,Travel,0
TXN_011091,USR_0422,38.5,2026-03-14 20:45:12,"New York, US",Mobile,Grocery,0
TXN_002380,USR_0178,20.46,2026-03-31 23:25:45,"London, UK",Desktop,Retail,0
TXN_008374,USR_0251,29.16,2026-03-13 22:31:48,"Tokyo, JP",POS,Retail,0
TXN_011273,USR_0172,44.6,2026-02-28 07:49:50,"New York, US",Mobile,Grocery,0
TXN_004170,USR_0468,66.65,2026-02-21 10:11:25,"Paris, FR",Mobile,Retail,0
TXN_008100,USR_0320,29.2,2026-03-23 15:17:56,"London, UK",Mobile,Retail,0
TXN_003429,USR_0454,155.81,2026-01-18 13:46:25,"Paris, FR",POS,Retail,0
TXN_004422,USR_0371,74.46,2026-01-23 09:12:57,"London, UK",POS,Electronics,0
TXN_001102,USR_0219,52.86,2026-02-21 19:49:02,Online,POS,Retail,0
TXN_006030,USR_0171,28.22,2026-01-19 14:29:15,"New York, US",POS,Grocery,0
TXN_009706,USR_0165,12.08,2026-02-17 12:36:55,"New York, US",POS,Retail,0
TXN_011440,USR_0218,46.88,2026-02-19 17:04:54,"Paris, FR",Mobile,Grocery,0
TXN_003251,USR_0229,19.71,2026-01-19 17:09:46,"New York, US",Desktop,Grocery,0
TXN_008049,USR_0433,167.01,2026-02-26 17:55:25,Online,Mobile,Grocery,0
TXN_004141,USR_0467,20.03,2026-01-15 15:45:23,Online,Mobile,Retail,0
TXN_003558,USR_0083,102.28,2026-01-08 20:21:15,Online,Desktop,Travel,0
TXN_012000,USR_0202,2500.0,2026-03-27 01:32:45,"Sydney, AU",Mobile,Crypto,1
TXN_000119,USR_0103,41.02,2026-01-03 20:39:09,"London, UK",Mobile,Retail,0
TXN_002023,USR_0188,96.39,2026-01-19 20:05:15,"New York, US",Mobile,Travel,0
TXN_004599,USR_0093,20.68,2026-01-01 14:19:49,Online,Desktop,Retail,0
TXN_004696,USR_0276,86.12,2026-01-15 12:26:30,Online,Mobile,Retail,0
TXN_011953,USR_0227,3046.28,2026-01-11 00:41:41,Online,ATM,Wire_Transfer,1
TXN_010393,USR_0348,28.3,2026-01-18 14:10:06,"Paris, FR",Desktop,Grocery,0
TXN_005515,USR_0157,44.49,2026-03-24 01:31:27,"Paris, FR",Mobile,Grocery,0
TXN_008623,USR_0312,13.17,2026-04-01 20:38:14,"Paris, FR",Desktop,Electronics,0
TXN_004823,USR_0081,213.59,2026-03-30 07:12:49,"Paris, FR",Desktop,Travel,0
TXN_005246,USR_0165,26.78,2026-03-03 20:35:03,"Paris, FR",POS,Grocery,0
TXN_004274,USR_0237,29.9,2026-01-02 17:59:21,Online,POS,Grocery,0
TXN_006075,USR_0068,16.62,2026-01-02 21:55:49,"New York, US",Desktop,Retail,0
TXN_000088,USR_0347,39.83,2026-01-23 19:39:36,"Tokyo, JP",Desktop,Travel,0
TXN_008426,USR_0437,49.11,2026-03-25 12:52:32,"New York, US",POS,Retail,0
TXN_003383,USR_0027,104.86,2026-02-25 08:32:35,"London, UK",Desktop,Travel,0
TXN_009002,USR_0217,72.42,2026-02-15 04:32:22,Online,Desktop,Grocery,0
TXN_000404,USR_0149,105.57,2026-01-06 08:18:45,"New York, US",Desktop,Retail,0
TXN_003351,USR_0352,8.84,2026-03-23 06:03:54,"Tokyo, JP",Mobile,Retail,0
TXN_010022,USR_0316,199.74,2026-03-07 10:32:43,"London, UK",Desktop,Travel,0
TXN_006437,USR_0337,20.81,2026-02-23 08:16:09,"Tokyo, JP",POS,Retail,0
TXN_009159,USR_0079,14.47,2026-01-02 19:34:56,"London, UK",Desktop,Retail,0
TXN_002242,USR_0463,4.13,2026-04-01 18:33:24,Online,Mobile,Retail,0
TXN_008975,USR_0204,14.65,2026-02-17 07:52:49,"Paris, FR",POS,Grocery,0
TXN_009181,USR_0109,7.07,2026-03-13 16:50:14,"New York, US",POS,Travel,0
TXN_001028,USR_0037,15.61,2026-01-02 10:59:58,"London, UK",POS,Retail,0
TXN_011643,USR_0312,499.99,2026-01-01 22:37:20,"Sydney, AU",Mobile,Crypto,1
TXN_005903,USR_0408,18.86,2026-02-21 13:16:39,"Paris, FR",Desktop,Grocery,0
TXN_002437,USR_0476,18.26,2026-03-20 12:09:09,"London, UK",Desktop,Grocery,0
TXN_005690,USR_0473,101.28,2026-01-12 07:32:41,"Paris, FR",POS,Retail,0
TXN_008038,USR_0178,61.12,2026-02-04 12:47:16,"New York, US",Desktop,Grocery,0
TXN_001279,USR_0322,7.76,2026-02-08 14:22:26,"New York, US",POS,Retail,0
TXN_007106,USR_0077,31.34,2026-02-23 07:29:08,"New York, US",POS,Retail,0
TXN_007337,USR_0330,14.84,2026-01-18 15:51:06,"New York, US",POS,Grocery,0
TXN_001426,USR_0357,14.13,2026-03-02 13:37:01,"Tokyo, JP",Desktop,Travel,0
TXN_006626,USR_0437,158.82,2026-01-06 17:03:05,"Paris, FR",Mobile,Retail,0
TXN_001503,USR_0300,39.32,2026-01-28 10:37:00,Online,POS,Retail,0
TXN_011687,USR_0355,5868.84,2026-03-22 23:21:24,Online,Mobile,Wire_Transfer,1
TXN_010272,USR_0434,13.76,2026-02-07 07:15:28,"New York, US",POS,Grocery,0
TXN_009833,USR_0059,14.03,2026-01-14 13:21:07,"New York, US",Mobile,Electronics,0
TXN_010291,USR_0292,14.83,2026-03-24 22:37:57,"Tokyo, JP",Desktop,Travel,0
TXN_000679,USR_0376,15.58,2026-02-23 12:10:56,"Paris, FR",Desktop,Retail,0
TXN_008360,USR_0463,230.84,2026-01-10 18:50:54,Online,Mobile,Travel,0
TXN_008627,USR_0165,30.05,2026-01-14 19:06:42,"New York, US",Mobile,Electronics,0
TXN_006782,USR_0087,68.45,2026-01-15 18:07:35,"Paris, FR",Mobile,Electronics,0
TXN_005685,USR_0423,10.04,2026-02-23 10:04:05,Online,POS,Travel,0
TXN_001071,USR_0280,6.15,2026-03-08 15:48:16,Online,Desktop,Travel,0
TXN_007953,USR_0350,8.17,2026-01-30 13:48:49,"London, UK",Mobile,Travel,0
TXN_002481,USR_0446,56.88,2026-01-02 12:10:26,"Paris, FR",Desktop,Grocery,0
TXN_009972,USR_0337,147.32,2026-02-08 23:40:10,"London, UK",POS,Grocery,0
TXN_003393,USR_0094,292.53,2026-01-03 19:45:28,"Tokyo, JP",POS,Retail,0
TXN_001100,USR_0344,29.79,2026-01-26 13:48:13,"New York, US",Mobile,Retail,0
TXN_006479,USR_0125,107.34,2026-01-11 09:42:14,"London, UK",POS,Travel,0
TXN_007534,USR_0067,21.49,2026-02-03 18:55:27,Online,Desktop,Electronics,0
TXN_000419,USR_0173,45.05,2026-02-07 15:36:43,"London, UK",Mobile,Travel,0
TXN_007002,USR_0240,5.59,2026-03-29 06:26:49,Online,POS,Electronics,0
TXN_011416,USR_0426,36.05,2026-03-21 02:45:43,"London, UK",Desktop,Grocery,0
TXN_001948,USR_0010,10.26,2026-03-20 06:12:05,"New York, US",Desktop,Retail,0
TXN_003337,USR_0271,26.18,2026-03-24 10:04:25,"Tokyo, JP",Mobile,Retail,0
TXN_002300,USR_0388,26.46,2026-01-04 06:21:46,Online,Desktop,Retail,0
TXN_006554,USR_0112,12.71,2026-01-25 07:20:25,Online,POS,Electronics,0
TXN_006557,USR_0006,100.87,2026-03-25 18:13:44,Online,POS,Grocery,0
TXN_000209,USR_0383,78.07,2026-02-23 07:11:12,"London, UK",POS,Grocery,0
TXN_008319,USR_0303,83.28,2026-02-15 15:50:26,"New York, US",Desktop,Retail,0
TXN_010867,USR_0297,24.21,2026-01-19 13:16:47,"Paris, FR",Desktop,Retail,0
TXN_010403,USR_0179,30.15,2026-01-14 15:29:24,"Paris, FR",Desktop,Travel,0
TXN_000529,USR_0286,42.49,2026-03-16 21:44:36,"London, UK",Desktop,Grocery,0
TXN_000780,USR_0458,49.0,2026-02-26 09:39:17,"New York, US",Desktop,Grocery,0
TXN_000723,USR_0301,57.88,2026-03-12 08:22:22,"London, UK",Desktop,Electronics,0
TXN_010540,USR_0495,174.64,2026-02-28 16:14:07,"Paris, FR",Mobile,Retail,0
TXN_001861,USR_0468,46.46,2026-01-21 07:01:35,"Paris, FR",Desktop,Retail,0
TXN_010169,USR_0404,37.38,2026-03-24 17:58:40,"London, UK",Desktop,Grocery,0
TXN_011469,USR_0497,35.86,2026-03-31 11:22:40,"Tokyo, JP",POS,Travel,0
TXN_010158,USR_0125,42.59,2026-03-24 17:40:40,"New York, US",POS,Travel,0
TXN_010874,USR_0130,57.79,2026-03-04 14:28:27,"New York, US",Mobile,Travel,0
TXN_001993,USR_0308,46.1,2026-01-02 09:50:00,"New York, US",POS,Electronics,0
TXN_002333,USR_0186,7.25,2026-01-11 11:22:35,Online,Mobile,Grocery,0
TXN_007539,USR_0417,75.35,2026-01-01 13:08:41,"Paris, FR",Mobile,Travel,0
TXN_007691,USR_0369,16.38,2026-01-12 17:29:03,"Paris, FR",Desktop,Travel,0
TXN_005655,USR_0333,210.33,2026-01-27 17:00:48,"Tokyo, JP",POS,Travel,0
TXN_003460,USR_0323,18.71,2026-02-14 13:20:43,"London, UK",Mobile,Retail,0
TXN_005497,USR_0141,75.39,2026-02-10 09:03:00,"London, UK",Mobile,Retail,0
TXN_005382,USR_0072,14.22,2026-01-18 10:43:40,"Paris, FR",POS,Grocery,0
TXN_006718,USR_0030,2.21,2026-03-07 13:31:13,"New York, US",Mobile,Retail,0
TXN_009072,USR_0443,39.58,2026-02-23 02:53:06,"Paris, FR",Desktop,Retail,0
TXN_004519,USR_0074,21.87,2026-03-03 15:04:55,"London, UK",Desktop,Retail,0
TXN_005265,USR_0033,7.35,2026-01-19 08:31:11,"Tokyo, JP",Desktop,Grocery,0
TXN_011587,USR_0446,7181.68,2026-03-10 01:32:13,"Moscow, RU",ATM,Electronics,1
TXN_009998,USR_0292,47.2,2026-03-22 16:40:11,"London, UK",Desktop,Retail,0
TXN_000258,USR_0167,8.33,2026-03-14 21:38:05,"New York, US",Mobile,Retail,0
TXN_009143,USR_0384,76.08,2026-01-24 17:36:12,"Paris, FR",Mobile,Retail,0
TXN_009082,USR_0212,118.6,2026-02-26 10:02:36,Online,Desktop,Electronics,0
TXN_010330,USR_0341,5.84,2026-03-14 08:33:39,"Tokyo, JP",POS,Electronics,0
TXN_011281,USR_0275,89.66,2026-01-07 08:53:33,"Paris, FR",Mobile,Travel,0
TXN_011396,USR_0094,19.2,2026-01-10 13:21:41,"New York, US",Mobile,Electronics,0
TXN_003626,USR_0495,55.13,2026-02-12 11:40:37,"New York, US",Mobile,Grocery,0
TXN_000703,USR_0076,62.41,2026-03-18 09:16:20,"New York, US",Mobile,Retail,0
TXN_003190,USR_0302,5.8,2026-03-22 11:50:04,"Paris, FR",Desktop,Retail,0
TXN_000504,USR_0053,46.27,2026-01-17 13:05:11,"Paris, FR",Desktop,Travel,0
TXN_010575,USR_0330,41.74,2026-02-26 12:37:00,"Tokyo, JP",Desktop,Grocery,0
TXN_008157,USR_0223,16.08,2026-01-10 10:29:35,"New York, US",Desktop,Travel,0
TXN_007307,USR_0413,262.42,2026-01-03 12:18:53,"Paris, FR",Mobile,Grocery,0
TXN_002249,USR_0437,4.15,2026-01-21 20:14:06,"New York, US",Desktop,Electronics,0
TXN_000373,USR_0098,9.12,2026-01-21 16:31:32,"Paris, FR",Desktop,Grocery,0
TXN_004053,USR_0115,30.51,2026-01-07 15:37:21,Online,Desktop,Retail,0
TXN_003938,USR_0369,4.7,2026-02-06 11:29:11,"Tokyo, JP",POS,Grocery,0
TXN_011871,USR_0259,999.0,2026-03-02 23:34:59,"Lagos, NG",ATM,Gaming,1
TXN_004077,USR_0460,65.9,2026-01-19 03:36:55,"Tokyo, JP",Desktop,Travel,0
TXN_000998,USR_0008,105.83,2026-03-05 18:13:21,"Paris, FR",Desktop,Retail,0
TXN_004333,USR_0335,17.17,2026-02-15 03:28:29,"London, UK",Mobile,Grocery,0
TXN_010276,USR_0075,17.9,2026-01-13 19:54:11,"Tokyo, JP",Mobile,Electronics,0
TXN_001177,USR_0250,36.19,2026-01-04 10:04:30,"New York, US",Desktop,Retail,0
TXN_011622,USR_0296,6790.05,2026-01-15 01:49:28,"Lagos, NG",ATM,Crypto,1
TXN_000552,USR_0028,47.09,2026-02-15 03:00:31,"London, UK",Mobile,Retail,0
TXN_004373,USR_0131,93.7,2026-03-03 07:35:27,Online,POS,Retail,0
TXN_003498,USR_0313,11.05,2026-02-11 00:48:31,"Tokyo, JP",Desktop,Retail,0
TXN_005150,USR_0123,22.7,2026-03-12 18:50:05,"New York, US",POS,Retail,0
TXN_004820,USR_0062,50.96,2026-01-02 15:55:13,Online,Mobile,Travel,0
TXN_011007,USR_0229,31.2,2026-02-05 14:01:55,"Paris, FR",Mobile,Travel,0
TXN_006923,USR_0018,15.99,2026-03-09 16:21:43,Online,Desktop,Retail,0
TXN_007770,USR_0500,44.3,2026-01-31 17:21:51,"Paris, FR",POS,Grocery,0
TXN_009792,USR_0309,14.67,2026-02-08 11:32:52,"Tokyo, JP",Desktop,Electronics,0
TXN_007211,USR_0128,67.93,2026-03-14 03:18:00,"Paris, FR",Mobile,Retail,0
TXN_010650,USR_0118,16.05,2026-01-05 13:44:37,"Paris, FR",Desktop,Retail,0
TXN_000694,USR_0229,57.01,2026-01-06 19:16:28,"Paris, FR",Desktop,Retail,0
TXN_002534,USR_0237,10.03,2026-03-18 10:50:40,"Tokyo, JP",Mobile,Retail,0
TXN_003444,USR_0262,95.86,2026-01-06 14:52:06,"Paris, FR",Desktop,Grocery,0
TXN_000983,USR_0324,69.33,2026-03-23 01:56:36,"Paris, FR",POS,Electronics,0
TXN_009501,USR_0407,19.08,2026-03-16 12:58:03,"Paris, FR",Desktop,Retail,0
TXN_011292,USR_0167,10.39,2026-03-20 13:03:09,"Paris, FR",POS,Travel,0
TXN_004223,USR_0162,16.99,2026-02-24 06:49:11,"London, UK",Mobile,Grocery,0
TXN_000092,USR_0146,44.57,2026-03-07 17:42:40,Online,Desktop,Grocery,0
TXN_002267,USR_0478,15.16,2026-03-20 17:32:19,"Paris, FR",POS,Grocery,0
TXN_008604,USR_0219,12.94,2026-03-23 12:06:05,Online,Desktop,Grocery,0
TXN_008650,USR_0030,98.98,2026-01-18 05:46:58,Online,Desktop,Retail,0
TXN_000262,USR_0348,30.29,2026-03-28 09:37:31,Online,POS,Grocery,0
TXN_003338,USR_0345,13.55,2026-01-09 14:09:44,"Paris, FR",POS,Electronics,0
TXN_007500,USR_0473,57.94,2026-02-14 15:26:29,"Paris, FR",Mobile,Grocery,0
TXN_008700,USR_0186,47.61,2026-02-09 12:24:06,"Paris, FR",POS,Grocery,0
TXN_006625,USR_0466,24.92,2026-03-07 17:38:31,"New York, US",POS,Electronics,0
TXN_000446,USR_0017,194.57,2026-03-26 12:26:39,"New York, US",Mobile,Retail,0
TXN_003556,USR_0372,18.43,2026-01-15 12:11:57,"Paris, FR",POS,Travel,0
TXN_002195,USR_0499,133.41,2026-02-25 18:23:13,"New York, US",Mobile,Retail,0
TXN_011494,USR_0062,6.3,2026-03-26 19:30:20,"Paris, FR",POS,Retail,0
TXN_006876,USR_0206,107.38,2026-01-02 09:00:43,"Paris, FR",Desktop,Electronics,0
TXN_002868,USR_0410,93.42,2026-03-05 14:01:39,Online,Desktop,Retail,0
TXN_002527,USR_0012,50.44,2026-01-24 13:47:16,"New York, US",Desktop,Grocery,0
TXN_009983,USR_0080,8.27,2026-03-20 16:57:49,"Tokyo, JP",POS,Grocery,0
TXN_005373,USR_0365,58.63,2026-01-26 07:51:00,"New York, US",Mobile,Grocery,0
TXN_008078,USR_0298,245.41,2026-02-01 06:49:23,"New York, US",Desktop,Grocery,0
TXN_001169,USR_0026,43.06,2026-01-14 12:24:03,"New York, US",Desktop,Retail,0
TXN_004145,USR_0001,15.49,2026-01-06 10:50:24,"London, UK",POS,Travel,0
TXN_000085,USR_0472,74.7,2026-02-12 18:39:20,"New York, US",POS,Grocery,0
TXN_003150,USR_0320,22.77,2026-03-03 12:59:42,"New York, US",Desktop,Grocery,0
TXN_008027,USR_0326,13.0,2026-02-12 05:29:39,"Paris, FR",Mobile,Retail,0
TXN_000881,USR_0486,55.35,2026-03-14 12:42:55,"London, UK",POS,Electronics,0
TXN_006725,USR_0064,62.97,2026-01-05 07:38:00,"Tokyo, JP",POS,Travel,0
TXN_007392,USR_0081,15.36,2026-02-16 12:16:51,"Tokyo, JP",POS,Retail,0
TXN_001468,USR_0233,35.09,2026-03-30 19:01:48,"New York, US",POS,Electronics,0
TXN_008777,USR_0441,102.07,2026-03-18 08:05:51,"London, UK",POS,Retail,0
TXN_006928,USR_0202,23.81,2026-02-03 11:47:21,Online,Desktop,Electronics,0
TXN_009845,USR_0314,7.1,2026-03-15 18:15:50,"New York, US",POS,Grocery,0
TXN_004327,USR_0146,61.46,2026-03-02 16:28:00,"Tokyo, JP",Mobile,Retail,0
TXN_004045,USR_0431,108.54,2026-03-14 07:48:21,Online,Desktop,Grocery,0
TXN_004138,USR_0140,11.97,2026-03-15 10:34:54,"London, UK",POS,Retail,0
TXN_003040,USR_0038,18.97,2026-03-14 09:10:15,"Paris, FR",POS,Grocery,0
TXN_010611,USR_0374,25.92,2026-03-09 04:57:37,"Tokyo, JP",Mobile,Grocery,0
TXN_005852,USR_0285,39.62,2026-02-14 09:45:20,Online,Desktop,Grocery,0
TXN_000580,USR_0191,25.0,2026-03-27 16:57:41,"London, UK",Mobile,Retail,0
TXN_008421,USR_0183,6.09,2026-01-06 07:02:02,"Tokyo, JP",Desktop,Travel,0
TXN_008834,USR_0364,70.65,2026-03-10 03:56:00,"New York, US",Desktop,Retail,0
TXN_005115,USR_0426,210.21,2026-03-23 22:10:24,"Tokyo, JP",Desktop,Retail,0
TXN_009450,USR_0417,11.71,2026-03-15 08:47:54,"London, UK",Mobile,Retail,0
TXN_008132,USR_0355,108.53,2026-03-05 15:29:07,Online,Desktop,Retail,0
TXN_004158,USR_0210,14.94,2026-01-03 08:47:44,"London, UK",POS,Grocery,0
TXN_005774,USR_0374,27.82,2026-01-29 15:08:42,"Paris, FR",Desktop,Grocery,0
TXN_000414,USR_0096,180.63,2026-02-07 21:56:02,"New York, US",Desktop,Travel,0
TXN_000403,USR_0294,23.08,2026-03-28 15:34:24,"Paris, FR",Desktop,Retail,0
TXN_004429,USR_0004,8.85,2026-02-16 12:31:46,"London, UK",POS,Grocery,0
TXN_002085,USR_0460,28.78,2026-02-09 17:32:52,"New York, US",POS,Retail,0
TXN_003058,USR_0098,104.61,2026-03-29 12:43:23,Online,POS,Grocery,0
TXN_008989,USR_0391,119.7,2026-01-30 12:03:51,"New York, US",Desktop,Grocery,0
TXN_000165,USR_0391,12.41,2026-01-23 06:30:33,"Paris, FR",Desktop,Retail,0
TXN_010699,USR_0486,113.08,2026-03-17 10:30:51,"London, UK",POS,Grocery,0
TXN_004303,USR_0069,12.22,2026-03-07 11:58:15,"Paris, FR",Desktop,Retail,0
TXN_009858,USR_0317,49.42,2026-03-08 17:14:42,"Paris, FR",Desktop,Retail,0
TXN_008973,USR_0346,33.71,2026-03-12 11:36:32,"Paris, FR",POS,Retail,0
TXN_003318,USR_0077,45.66,2026-02-15 12:20:24,"New York, US",POS,Electronics,0
TXN_009618,USR_0216,19.87,2026-02-02 13:20:08,"Paris, FR",POS,Grocery,0
TXN_003935,USR_0319,45.65,2026-02-22 01:09:40,"London, UK",POS,Grocery,0
TXN_007896,USR_0230,41.7,2026-03-30 09:21:26,"Paris, FR",Mobile,Travel,0
TXN_001335,USR_0190,95.58,2026-01-24 09:13:35,"New York, US",POS,Grocery,0
TXN_009227,USR_0308,197.28,2026-03-08 19:35:59,Online,Mobile,Retail,0
TXN_000754,USR_0495,8.92,2026-03-03 07:24:00,"New York, US",POS,Retail,0
TXN_003065,USR_0097,83.59,2026-02-02 20:59:31,"Paris, FR",POS,Travel,0
TXN_000707,USR_0302,18.96,2026-03-16 14:48:06,"New York, US",POS,Grocery,0
TXN_003492,USR_0390,11.29,2026-02-13 10:46:59,"Paris, FR",Mobile,Grocery,0
TXN_004574,USR_0151,12.85,2026-02-01 09:25:58,"London, UK",POS,Retail,0
TXN_004869,USR_0170,48.67,2026-02-11 15:55:05,"Tokyo, JP",Desktop,Electronics,0
TXN_003152,USR_0016,40.18,2026-02-12 08:23:07,"Tokyo, JP",Mobile,Retail,0
TXN_011221,USR_0164,302.86,2026-03-03 05:45:42,"Tokyo, JP",Mobile,Grocery,0
TXN_003800,USR_0345,197.14,2026-03-24 15:35:09,"Tokyo, JP",Mobile,Travel,0
TXN_004023,USR_0357,22.41,2026-03-15 09:33:34,Online,Desktop,Electronics,0
TXN_001075,USR_0239,14.74,2026-03-25 12:00:04,"Paris, FR",POS,Grocery,0
TXN_007866,USR_0027,18.41,2026-02-03 16:45:13,"Paris, FR",POS,Retail,0
TXN_003439,USR_0113,41.81,2026-02-24 20:15:52,Online,POS,Grocery,0
TXN_006879,USR_0425,100.69,2026-01-28 20:54:54,Online,Desktop,Travel,0
TXN_008021,USR_0026,193.12,2026-03-07 13:52:51,"Tokyo, JP",POS,Retail,0
TXN_007361,USR_0413,28.43,2026-03-29 07:30:18,"New York, US",POS,Grocery,0
TXN_002430,USR_0008,5.78,2026-01-25 19:17:18,"Paris, FR",POS,Electronics,0
TXN_000247,USR_0191,156.2,2026-01-17 13:35:03,Online,POS,Travel,0
TXN_003816,USR_0358,38.79,2026-01-08 00:05:07,Online,Desktop,Grocery,0
TXN_005495,USR_0227,6.92,2026-03-24 23:18:22,Online,POS,Travel,0
TXN_003633,USR_0426,54.89,2026-03-18 12:52:31,"Paris, FR",POS,Travel,0
TXN_007817,USR_0276,17.64,2026-03-21 14:46:48,"London, UK",Mobile,Electronics,0
TXN_002263,USR_0066,19.73,2026-03-08 12:19:06,"New York, US",Desktop,Retail,0
TXN_002247,USR_0133,4.2,2026-01-17 16:44:20,Online,POS,Grocery,0
TXN_000836,USR_0252,446.61,2026-03-15 14:35:22,"New York, US",POS,Grocery,0
TXN_000433,USR_0060,55.57,2026-03-29 06:13:45,Online,Desktop,Grocery,0
TXN_005118,USR_0006,23.96,2026-01-28 13:25:52,Online,Desktop,Travel,0
TXN_001174,USR_0159,28.95,2026-03-29 16:41:45,"Paris, FR",Desktop,Retail,0
TXN_005482,USR_0013,45.84,2026-02-06 16:40:16,"London, UK",Mobile,Travel,0
TXN_004657,USR_0386,74.19,2026-02-27 16:53:41,"Tokyo, JP",Desktop,Grocery,0
TXN_007220,USR_0224,38.65,2026-02-02 15:42:53,"New York, US",POS,Electronics,0
TXN_007912,USR_0471,25.62,2026-03-11 13:34:54,"Paris, FR",Desktop,Electronics,0
TXN_010761,USR_0075,20.83,2026-03-03 08:05:36,"New York, US",POS,Travel,0
TXN_011738,USR_0051,3021.03,2026-03-22 05:49:56,"Moscow, RU",Mobile,Electronics,1
TXN_005750,USR_0285,15.36,2026-03-01 13:07:09,Online,Desktop,Grocery,0
TXN_009264,USR_0452,19.57,2026-01-02 06:56:37,Online,Mobile,Travel,0
TXN_005160,USR_0270,165.72,2026-02-15 11:27:24,Online,Desktop,Travel,0
TXN_003408,USR_0461,23.19,2026-03-08 15:08:42,Online,Mobile,Grocery,0
TXN_002730,USR_0111,61.54,2026-03-14 10:11:01,"Tokyo, JP",Mobile,Grocery,0
TXN_011879,USR_0419,2500.0,2026-01-21 22:25:56,"Lagos, NG",Mobile,Crypto,1
TXN_000434,USR_0461,16.03,2026-03-07 14:28:51,"New York, US",Desktop,Retail,0
TXN_011883,USR_0372,999.0,2026-03-25 01:16:37,"Moscow, RU",Mobile,Wire_Transfer,1
TXN_009096,USR_0386,2.54,2026-02-21 22:19:38,"New York, US",POS,Retail,0
TXN_010900,USR_0029,42.66,2026-04-01 12:15:15,"London, UK",Desktop,Travel,0
TXN_007029,USR_0492,43.38,2026-02-16 09:21:35,"London, UK",Desktop,Grocery,0
TXN_007355,USR_0438,13.17,2026-03-09 11:07:06,"London, UK",Mobile,Grocery,0
TXN_007913,USR_0175,44.13,2026-01-03 17:49:47,"New York, US",POS,Travel,0
TXN_009597,USR_0213,35.86,2026-02-23 17:19:34,"Paris, FR",POS,Grocery,0
TXN_004003,USR_0351,26.58,2026-03-04 07:17:06,"London, UK",Mobile,Retail,0
TXN_007729,USR_0394,75.06,2026-02-08 16:24:15,Online,Mobile,Grocery,0
TXN_001333,USR_0147,20.52,2026-01-24 10:11:53,"London, UK",Mobile,Retail,0
TXN_007592,USR_0147,93.54,2026-02-18 15:22:41,"Paris, FR",POS,Grocery,0
TXN_006111,USR_0260,7.31,2026-01-05 10:42:36,Online,POS,Retail,0
TXN_005303,USR_0377,154.86,2026-01-05 08:18:16,"New York, US",Mobile,Grocery,0
TXN_001444,USR_0123,267.32,2026-01-15 12:09:12,"New York, US",Mobile,Grocery,0
TXN_006769,USR_0253,18.6,2026-01-10 15:30:00,Online,Mobile,Electronics,0
TXN_004996,USR_0332,256.12,2026-02-11 19:54:03,"London, UK",Desktop,Travel,0
TXN_004311,USR_0280,80.9,2026-01-01 10:08:31,"London, UK",Mobile,Grocery,0
TXN_004900,USR_0358,38.34,2026-01-21 16:08:58,"London, UK",POS,Travel,0
TXN_011474,USR_0276,34.11,2026-02-05 17:17:16,"Paris, FR",POS,Electronics,0
TXN_006504,USR_0092,412.97,2026-03-21 05:54:04,"London, UK",Desktop,Travel,0
TXN_010384,USR_0228,30.37,2026-02-19 06:20:52,"London, UK",Desktop,Travel,0
TXN_002570,USR_0187,47.47,2026-02-21 09:45:59,Online,POS,Electronics,0
TXN_010546,USR_0479,23.28,2026-03-18 11:04:03,"London, UK",Desktop,Grocery,0
TXN_004278,USR_0108,19.9,2026-03-09 16:32:21,"Paris, FR",POS,Grocery,0
TXN_003667,USR_0197,112.99,2026-03-11 09:15:46,"Tokyo, JP",POS,Retail,0
TXN_005787,USR_0166,112.47,2026-02-14 14:43:50,"Tokyo, JP",POS,Electronics,0
TXN_002447,USR_0192,31.58,2026-01-23 10:59:47,"New York, US",Mobile,Retail,0
TXN_004985,USR_0312,25.13,2026-02-28 08:58:02,"London, UK",POS,Grocery,0
TXN_003658,USR_0308,4.36,2026-03-27 07:27:35,Online,Mobile,Retail,0
TXN_009684,USR_0247,109.67,2026-01-06 00:27:38,"Tokyo, JP",POS,Grocery,0
TXN_003173,USR_0297,27.98,2026-01-31 10:45:30,"Paris, FR",Desktop,Grocery,0
TXN_001224,USR_0086,57.84,2026-01-27 07:36:46,"Tokyo, JP",Mobile,Electronics,0
TXN_005548,USR_0144,183.59,2026-03-03 14:07:33,"London, UK",Mobile,Grocery,0
TXN_008486,USR_0008,69.05,2026-02-13 07:15:19,"New York, US",Mobile,Travel,0
TXN_000545,USR_0179,9.2,2026-02-15 21:54:29,Online,Mobile,Electronics,0
TXN_001205,USR_0256,67.72,2026-01-31 13:45:32,"Tokyo, JP",Desktop,Travel,0
TXN_005285,USR_0475,6.77,2026-03-14 16:44:45,"Tokyo, JP",Desktop,Grocery,0
TXN_006072,USR_0126,18.26,2026-01-03 17:53:50,"Paris, FR",Mobile,Electronics,0
TXN_010918,USR_0077,28.82,2026-01-21 09:09:44,"Paris, FR",Desktop,Retail,0
TXN_002638,USR_0413,11.53,2026-03-04 16:51:03,Online,Mobile,Travel,0
TXN_011616,USR_0171,1500.0,2026-01-28 02:27:50,"Lagos, NG",Desktop,Wire_Transfer,1
TXN_005283,USR_0150,67.71,2026-02-27 00:35:43,"London, UK",Mobile,Retail,0
TXN_009980,USR_0120,78.54,2026-02-04 21:41:41,"Tokyo, JP",Mobile,Grocery,0
TXN_010585,USR_0048,86.34,2026-02-14 09:01:43,"Tokyo, JP",Mobile,Electronics,0
TXN_010456,USR_0088,17.39,2026-03-11 16:16:50,Online,Mobile,Retail,0
TXN_000878,USR_0439,5.65,2026-02-07 21:08:29,Online,POS,Grocery,0
TXN_009734,USR_0407,49.56,2026-03-27 20:14:14,"Tokyo, JP",Desktop,Grocery,0
TXN_000197,USR_0255,87.81,2026-03-16 11:09:14,"Paris, FR",POS,Grocery,0
TXN_011692,USR_0372,6763.2,2026-03-02 22:40:16,"Moscow, RU",Desktop,Crypto,1
TXN_003384,USR_0056,9.8,2026-03-04 15:40:54,"Paris, FR",Desktop,Travel,0
TXN_004380,USR_0493,102.29,2026-03-22 14:08:53,"London, UK",Desktop,Retail,0
TXN_008283,USR_0459,5.82,2026-03-29 20:40:11,Online,Mobile,Retail,0
TXN_011572,USR_0188,158.05,2026-01-30 09:25:16,"Paris, FR",Mobile,Retail,0
TXN_002998,USR_0353,113.72,2026-01-14 06:14:40,"Paris, FR",Mobile,Electronics,0
TXN_007252,USR_0498,17.72,2026-03-11 20:44:56,"Paris, FR",Desktop,Retail,0
TXN_002572,USR_0389,184.76,2026-03-16 07:48:50,"New York, US",POS,Retail,0
TXN_005663,USR_0216,29.56,2026-01-12 16:30:45,"New York, US",Desktop,Retail,0
TXN_011218,USR_0415,11.63,2026-01-23 21:17:53,"New York, US",POS,Electronics,0
TXN_011240,USR_0405,79.52,2026-02-28 23:05:34,"New York, US",POS,Retail,0
TXN_011490,USR_0113,68.41,2026-02-16 20:35:51,"London, UK",Mobile,Travel,0
TXN_004712,USR_0410,47.96,2026-03-02 11:25:25,"London, UK",Mobile,Travel,0
TXN_004164,USR_0088,5.28,2026-03-26 18:49:36,Online,Mobile,Grocery,0
TXN_004979,USR_0199,53.06,2026-03-25 07:50:48,"New York, US",POS,Retail,0
TXN_008198,USR_0462,13.17,2026-03-30 21:46:20,Online,Mobile,Retail,0
TXN_009021,USR_0002,27.75,2026-03-05 12:38:33,"New York, US",Desktop,Electronics,0
TXN_002683,USR_0499,26.16,2026-03-01 19:42:37,Online,POS,Travel,0
TXN_005866,USR_0411,12.31,2026-02-14 09:52:06,"London, UK",POS,Grocery,0
TXN_002509,USR_0164,7.02,2026-01-17 02:36:32,"Paris, FR",POS,Retail,0
TXN_005191,USR_0012,32.67,2026-02-19 07:14:48,"Tokyo, JP",Desktop,Travel,0
TXN_001511,USR_0381,12.08,2026-01-10 03:35:38,"Paris, FR",Mobile,Retail,0
TXN_004315,USR_0163,46.26,2026-01-28 09:59:01,Online,Desktop,Travel,0
TXN_006968,USR_0411,78.6,2026-02-21 01:54:41,"Tokyo, JP",Mobile,Grocery,0
TXN_001245,USR_0331,40.03,2026-03-04 22:06:09,Online,Desktop,Retail,0
TXN_008586,USR_0381,10.46,2026-01-31 09:40:06,"New York, US",Desktop,Travel,0
TXN_006131,USR_0043,42.43,2026-02-11 22:08:30,"Paris, FR",POS,Grocery,0
TXN_010571,USR_0106,23.84,2026-02-19 03:21:14,"Tokyo, JP",POS,Grocery,0
TXN_004122,USR_0011,114.83,2026-01-22 13:00:55,"Tokyo, JP",POS,Electronics,0
TXN_011216,USR_0073,289.13,2026-04-01 19:33:17,"Tokyo, JP",Mobile,Retail,0
TXN_005412,USR_0327,254.71,2026-01-24 16:33:28,Online,Desktop,Grocery,0
TXN_006845,USR_0024,8.94,2026-02-01 14:16:21,"Tokyo, JP",Mobile,Travel,0
TXN_006278,USR_0429,195.84,2026-01-21 21:45:21,"Tokyo, JP",Mobile,Electronics,0
TXN_000255,USR_0093,25.29,2026-01-19 13:36:42,"Paris, FR",Mobile,Retail,0
TXN_005237,USR_0147,21.14,2026-02-14 09:46:51,"London, UK",Mobile,Electronics,0
TXN_004512,USR_0250,15.8,2026-02-10 18:19:14,Online,Mobile,Retail,0
TXN_006696,USR_0081,18.69,2026-02-25 22:18:01,"Tokyo, JP",Mobile,Electronics,0
TXN_009905,USR_0223,52.79,2026-03-24 09:09:08,"London, UK",Desktop,Electronics,0
TXN_000760,USR_0069,4.59,2026-02-13 07:57:31,"Tokyo, JP",Mobile,Retail,0
TXN_000655,USR_0165,31.06,2026-02-19 19:17:11,"New York, US",Desktop,Travel,0
TXN_007291,USR_0037,6.61,2026-01-21 06:28:47,"Tokyo, JP",POS,Retail,0
TXN_003402,USR_0430,13.59,2026-01-29 08:18:49,"London, UK",Desktop,Retail,0
TXN_001421,USR_0175,53.62,2026-02-18 10:06:27,"Tokyo, JP",Desktop,Retail,0
TXN_003045,USR_0447,127.87,2026-03-23 08:10:15,Online,POS,Grocery,0
TXN_002831,USR_0062,35.75,2026-01-29 20:48:40,"New York, US",POS,Travel,0
TXN_008058,USR_0137,17.7,2026-01-20 10:53:46,Online,Desktop,Electronics,0
TXN_000329,USR_0264,49.13,2026-02-20 15:52:34,"Paris, FR",Desktop,Grocery,0
TXN_000254,USR_0140,5.7,2026-03-31 12:48:19,"Tokyo, JP",Desktop,Grocery,0
TXN_006699,USR_0372,88.64,2026-01-17 20:33:35,"London, UK",POS,Travel,0
TXN_004378,USR_0067,35.15,2026-01-11 14:27:19,"New York, US",Mobile,Retail,0
TXN_003020,USR_0496,176.77,2026-01-10 05:12:30,"Paris, FR",Mobile,Grocery,0
TXN_003030,USR_0083,37.12,2026-01-12 13:36:11,"London, UK",Desktop,Electronics,0
TXN_002637,USR_0478,53.53,2026-01-03 09:08:07,"Paris, FR",Desktop,Retail,0
TXN_008085,USR_0425,42.37,2026-03-07 08:14:48,Online,Mobile,Grocery,0
TXN_006488,USR_0275,25.84,2026-01-30 03:52:14,"Tokyo, JP",POS,Electronics,0
TXN_003019,USR_0149,23.82,2026-03-18 22:21:27,"New York, US",POS,Retail,0
TXN_002946,USR_0230,54.83,2026-01-21 03:07:48,"Tokyo, JP",Mobile,Retail,0
TXN_003660,USR_0026,402.8,2026-02-04 12:02:37,"Tokyo, JP",Mobile,Electronics,0
TXN_008500,USR_0327,54.96,2026-03-12 11:44:09,"Paris, FR",POS,Grocery,0
TXN_007047,USR_0326,30.34,2026-02-27 19:33:10,"New York, US",POS,Travel,0
TXN_005897,USR_0398,39.08,2026-03-01 16:24:09,Online,Desktop,Grocery,0
TXN_002664,USR_0415,108.23,2026-02-19 01:56:30,"New York, US",Desktop,Electronics,0
TXN_009056,USR_0341,18.44,2026-03-23 08:26:33,"Tokyo, JP",Mobile,Electronics,0
TXN_001363,USR_0322,19.17,2026-03-29 14:30:44,"New York, US",Desktop,Travel,0
TXN_009702,USR_0328,26.49,2026-01-04 11:55:20,"London, UK",POS,Grocery,0
TXN_003482,USR_0138,8.84,2026-01-04 19:42:57,"Tokyo, JP",Desktop,Retail,0
TXN_011554,USR_0341,37.68,2026-03-05 11:03:05,"London, UK",Mobile,Grocery,0
TXN_010638,USR_0462,8.13,2026-01-11 12:54:33,"London, UK",Desktop,Grocery,0
TXN_011096,USR_0169,35.74,2026-02-24 18:18:01,Online,Mobile,Grocery,0
TXN_008305,USR_0047,32.12,2026-01-27 14:47:41,"Tokyo, JP",Mobile,Electronics,0
TXN_006795,USR_0408,52.65,2026-02-22 15:53:02,Online,POS,Grocery,0
TXN_008075,USR_0001,25.49,2026-01-25 08:27:33,Online,Mobile,Travel,0
TXN_002881,USR_0091,15.38,2026-02-17 20:04:09,Online,Mobile,Grocery,0
TXN_003382,USR_0052,55.63,2026-01-23 20:49:13,"Tokyo, JP",Desktop,Grocery,0
TXN_001303,USR_0124,36.06,2026-01-11 16:35:48,"New York, US",POS,Electronics,0
TXN_006042,USR_0432,127.57,2026-02-28 16:26:04,"Tokyo, JP",Desktop,Retail,0
TXN_004958,USR_0257,17.31,2026-01-20 15:18:49,"London, UK",Desktop,Grocery,0
TXN_004837,USR_0016,41.21,2026-02-27 19:00:18,"Paris, FR",POS,Retail,0
TXN_011671,USR_0172,4699.08,2026-01-27 02:50:27,"Lagos, NG",Desktop,Electronics,1
TXN_007144,USR_0451,24.39,2026-03-24 13:20:27,"London, UK",POS,Electronics,0
TXN_009633,USR_0157,10.19,2026-03-16 11:10:45,"Paris, FR",Mobile,Travel,0
TXN_007238,USR_0096,55.08,2026-03-18 12:07:15,"Paris, FR",Desktop,Electronics,0
TXN_000943,USR_0182,11.45,2026-01-28 19:57:36,"Tokyo, JP",Mobile,Electronics,0
TXN_003236,USR_0055,31.42,2026-02-03 02:10:37,Online,Mobile,Grocery,0
TXN_003258,USR_0146,6.53,2026-02-05 16:11:27,"New York, US",Desktop,Travel,0
TXN_007865,USR_0477,13.98,2026-01-29 22:03:22,"London, UK",Desktop,Electronics,0
TXN_008890,USR_0291,81.44,2026-01-20 06:43:23,"London, UK",Mobile,Travel,0
TXN_000177,USR_0140,81.42,2026-02-23 16:53:30,"Paris, FR",Mobile,Retail,0
TXN_000436,USR_0345,8.11,2026-02-09 11:46:01,"Paris, FR",Desktop,Grocery,0
TXN_006344,USR_0499,19.12,2026-02-09 21:16:59,"Tokyo, JP",POS,Grocery,0
TXN_000309,USR_0047,17.07,2026-01-29 10:52:28,"Tokyo, JP",Mobile,Retail,0
TXN_001566,USR_0175,27.21,2026-02-06 18:32:10,"New York, US",Desktop,Grocery,0
TXN_003965,USR_0255,8.46,2026-01-25 08:41:10,"New York, US",POS,Travel,0
TXN_008109,USR_0435,10.19,2026-03-04 07:48:35,Online,POS,Travel,0
TXN_006418,USR_0021,9.89,2026-03-29 12:54:23,"New York, US",Mobile,Retail,0
TXN_010527,USR_0350,84.88,2026-03-11 18:57:50,"London, UK",Desktop,Retail,0
TXN_004978,USR_0080,37.92,2026-03-14 12:41:50,Online,POS,Electronics,0
TXN_005844,USR_0299,49.28,2026-02-14 19:31:47,Online,Desktop,Retail,0
TXN_011442,USR_0415,33.1,2026-03-01 08:52:22,Online,POS,Electronics,0
TXN_000596,USR_0402,18.66,2026-01-31 13:31:24,"New York, US",Mobile,Retail,0
TXN_009821,USR_0497,154.29,2026-01-08 07:28:10,"London, UK",POS,Grocery,0
TXN_004626,USR_0057,294.63,2026-03-29 11:47:26,"New York, US",Desktop,Retail,0
TXN_008424,USR_0020,32.9,2026-03-25 05:24:19,Online,Desktop,Travel,0
TXN_009974,USR_0454,16.1,2026-02-03 22:31:55,"Paris, FR",Desktop,Travel,0
TXN_002624,USR_0439,31.99,2026-02-05 09:06:04,"London, UK",Mobile,Grocery,0
TXN_004573,USR_0320,79.76,2026-01-25 20:48:49,"London, UK",Mobile,Retail,0
TXN_010695,USR_0212,10.51,2026-03-05 19:19:45,"London, UK",POS,Travel,0
TXN_010973,USR_0107,46.67,2026-02-09 16:24:13,"London, UK",POS,Retail,0
TXN_000232,USR_0184,206.74,2026-01-31 19:37:20,"New York, US",Mobile,Grocery,0
TXN_000180,USR_0479,18.91,2026-03-06 18:17:52,"New York, US",Desktop,Electronics,0
TXN_000738,USR_0152,8.75,2026-02-03 20:58:26,"Paris, FR",Desktop,Electronics,0
TXN_011530,USR_0231,37.78,2026-02-26 10:42:20,Online,Desktop,Retail,0
TXN_005610,USR_0124,121.64,2026-03-03 10:24:45,"Paris, FR",Desktop,Travel,0
TXN_011949,USR_0377,499.99,2026-03-19 04:45:28,"Lagos, NG",Mobile,Crypto,1
TXN_008594,USR_0258,13.61,2026-02-16 06:09:53,"Tokyo, JP",Mobile,Grocery,0
TXN_005997,USR_0006,96.4,2026-02-24 05:03:50,"New York, US",Desktop,Grocery,0
TXN_007411,USR_0393,81.31,2026-03-27 13:17:02,"Tokyo, JP",POS,Retail,0
TXN_005618,USR_0276,77.59,2026-03-19 09:14:15,"Tokyo, JP",Mobile,Retail,0
TXN_001322,USR_0045,64.63,2026-01-11 08:25:57,"London, UK",Desktop,Grocery,0
TXN_001996,USR_0246,45.29,2026-01-20 14:15:03,Online,POS,Grocery,0
TXN_008792,USR_0356,17.22,2026-01-06 20:46:44,"New York, US",POS,Electronics,0
TXN_006483,USR_0280,37.28,2026-02-19 07:08:27,Online,POS,Electronics,0
TXN_010475,USR_0239,119.36,2026-01-13 17:09:31,Online,Desktop,Travel,0
TXN_000801,USR_0367,8.61,2026-03-26 10:23:45,"Paris, FR",Mobile,Grocery,0
TXN_011118,USR_0131,14.33,2026-01-21 11:12:06,"Tokyo, JP",POS,Grocery,0
TXN_002087,USR_0219,50.61,2026-03-08 11:48:21,"New York, US",Mobile,Retail,0
TXN_007133,USR_0194,883.7,2026-03-19 19:28:23,"New York, US",Desktop,Travel,0
TXN_000070,USR_0299,388.87,2026-03-12 09:09:27,"London, UK",Mobile,Grocery,0
TXN_006149,USR_0159,62.5,2026-02-09 17:28:02,Online,Desktop,Retail,0
TXN_008087,USR_0070,116.27,2026-03-31 16:56:54,"Paris, FR",Mobile,Travel,0
TXN_001681,USR_0301,82.38,2026-03-26 10:43:09,"New York, US",Mobile,Travel,0
TXN_000378,USR_0392,31.37,2026-02-21 11:23:02,"Paris, FR",Mobile,Travel,0
TXN_001470,USR_0103,3.5,2026-03-22 05:19:20,Online,Mobile,Grocery,0
TXN_002604,USR_0315,4.39,2026-02-28 21:00:16,"Paris, FR",POS,Grocery,0
TXN_004182,USR_0297,10.27,2026-03-10 13:41:15,Online,POS,Grocery,0
TXN_008613,USR_0359,64.61,2026-01-15 19:16:05,"London, UK",Desktop,Retail,0
TXN_004506,USR_0376,58.59,2026-02-19 13:01:09,"Tokyo, JP",Desktop,Retail,0
TXN_004231,USR_0029,88.71,2026-01-01 20:47:15,"Paris, FR",Mobile,Electronics,0
TXN_003092,USR_0229,37.52,2026-02-24 17:05:27,"Tokyo, JP",Desktop,Retail,0
TXN_002727,USR_0061,78.95,2026-01-31 05:23:37,Online,Desktop,Retail,0
TXN_000478,USR_0259,141.65,2026-02-28 16:23:03,Online,POS,Electronics,0
TXN_001330,USR_0156,50.45,2026-03-14 18:08:57,"Tokyo, JP",Mobile,Grocery,0
TXN_002284,USR_0145,51.86,2026-01-06 19:20:22,Online,POS,Retail,0
TXN_003733,USR_0335,7.86,2026-02-17 00:18:41,"Paris, FR",Desktop,Electronics,0
TXN_011571,USR_0434,140.13,2026-03-25 20:00:04,Online,Mobile,Retail,0
TXN_000752,USR_0108,75.02,2026-01-22 17:36:48,"London, UK",Desktop,Grocery,0
TXN_005895,USR_0465,12.65,2026-03-03 08:02:46,Online,Mobile,Retail,0
TXN_010080,USR_0337,52.02,2026-01-14 09:46:54,"London, UK",POS,Retail,0
TXN_000874,USR_0135,12.69,2026-03-22 11:04:46,"New York, US",Mobile,Travel,0
TXN_007613,USR_0028,18.04,2026-03-11 15:29:34,"London, UK",POS,Electronics,0
TXN_007464,USR_0450,14.5,2026-01-15 18:27:47,"Tokyo, JP",Desktop,Electronics,0
TXN_004565,USR_0452,12.64,2026-01-31 11:39:02,"Tokyo, JP",Desktop,Travel,0
TXN_001546,USR_0033,13.74,2026-02-04 15:57:41,"Paris, FR",Desktop,Grocery,0
TXN_000740,USR_0366,55.04,2026-01-29 12:43:34,"Paris, FR",POS,Grocery,0
TXN_010266,USR_0298,33.26,2026-03-30 20:42:54,Online,Desktop,Grocery,0
TXN_002684,USR_0453,22.05,2026-02-04 07:48:57,"London, UK",Desktop,Retail,0
TXN_009813,USR_0282,48.53,2026-03-01 19:03:27,"Paris, FR",POS,Electronics,0
TXN_008875,USR_0278,10.92,2026-02-06 15:11:31,"Tokyo, JP",Mobile,Retail,0
TXN_007780,USR_0329,17.06,2026-02-01 08:30:49,"Paris, FR",POS,Travel,0
TXN_003519,USR_0148,15.55,2026-01-23 07:32:08,"Tokyo, JP",POS,Grocery,0
TXN_005146,USR_0062,12.2,2026-01-17 17:53:34,"Paris, FR",POS,Grocery,0
TXN_002355,USR_0146,20.52,2026-01-22 12:07:18,"Tokyo, JP",Desktop,Retail,0
TXN_010125,USR_0377,87.45,2026-03-08 11:59:28,"London, UK",Desktop,Retail,0
TXN_005551,USR_0374,28.78,2026-03-08 07:41:16,Online,Desktop,Grocery,0
TXN_000774,USR_0002,26.45,2026-01-02 11:42:05,"New York, US",POS,Electronics,0
TXN_008201,USR_0190,3.01,2026-02-23 19:43:22,"Paris, FR",POS,Grocery,0
TXN_010986,USR_0445,34.61,2026-02-22 22:58:23,"Paris, FR",Mobile,Retail,0
TXN_009496,USR_0194,28.54,2026-03-23 06:29:00,"London, UK",Mobile,Retail,0
TXN_000642,USR_0128,28.8,2026-01-13 02:29:06,"London, UK",Mobile,Grocery,0
TXN_006105,USR_0247,14.33,2026-01-31 15:01:43,"London, UK",Mobile,Retail,0
TXN_005707,USR_0430,149.74,2026-02-15 13:05:34,"Paris, FR",Desktop,Grocery,0
TXN_005933,USR_0444,11.15,2026-03-27 04:27:54,"New York, US",Mobile,Retail,0
TXN_007973,USR_0137,89.48,2026-03-18 10:30:42,"London, UK",Desktop,Grocery,0
TXN_004310,USR_0500,38.17,2026-02-17 09:07:02,"London, UK",POS,Travel,0
TXN_000866,USR_0336,86.08,2026-01-31 13:06:18,Online,Mobile,Retail,0
TXN_007236,USR_0258,72.64,2026-03-07 05:33:25,"Paris, FR",Desktop,Travel,0
TXN_011477,USR_0482,11.93,2026-02-09 22:11:39,"London, UK",Mobile,Retail,0
TXN_007108,USR_0371,17.54,2026-02-10 16:07:00,"New York, US",Desktop,Electronics,0
TXN_011864,USR_0414,1422.99,2026-01-29 05:45:25,"Lagos, NG",Mobile,Wire_Transfer,1
TXN_007143,USR_0134,74.79,2026-02-20 22:11:55,"New York, US",Desktop,Travel,0
TXN_006924,USR_0483,71.39,2026-02-14 09:32:24,"Paris, FR",POS,Grocery,0
TXN_007960,USR_0209,28.42,2026-01-31 03:10:44,Online,POS,Retail,0
TXN_000963,USR_0204,10.19,2026-01-13 16:44:10,"New York, US",Mobile,Grocery,0
TXN_010216,USR_0487,26.51,2026-02-27 11:52:11,"Tokyo, JP",Desktop,Electronics,0
TXN_007989,USR_0296,46.24,2026-01-20 18:15:19,Online,Desktop,Retail,0
TXN_008410,USR_0067,37.89,2026-02-15 15:00:18,"New York, US",Mobile,Grocery,0
TXN_008851,USR_0204,5.49,2026-01-31 17:29:03,"London, UK",Desktop,Grocery,0
TXN_003310,USR_0252,18.18,2026-01-27 19:08:51,"London, UK",POS,Electronics,0
TXN_002167,USR_0488,28.5,2026-03-15 18:41:06,"London, UK",Desktop,Grocery,0
TXN_000364,USR_0108,19.86,2026-03-15 20:26:39,"New York, US",Desktop,Electronics,0
TXN_003724,USR_0296,35.11,2026-03-18 19:56:22,"Paris, FR",Mobile,Grocery,0
TXN_002826,USR_0309,9.26,2026-03-09 18:18:35,"London, UK",Mobile,Travel,0
TXN_005915,USR_0377,22.48,2026-01-04 09:35:45,Online,Desktop,Grocery,0
TXN_003598,USR_0307,35.6,2026-03-21 08:03:28,"New York, US",Desktop,Retail,0
TXN_004727,USR_0348,18.57,2026-01-03 20:15:55,"Paris, FR",POS,Grocery,0
TXN_000547,USR_0069,63.45,2026-02-10 11:07:15,"Tokyo, JP",Mobile,Retail,0
TXN_002941,USR_0371,105.62,2026-01-17 13:31:04,"New York, US",Mobile,Retail,0
TXN_000472,USR_0292,80.61,2026-02-01 02:31:35,"Tokyo, JP",Desktop,Retail,0
TXN_001642,USR_0361,10.7,2026-03-04 11:48:25,Online,Mobile,Electronics,0
TXN_006181,USR_0449,71.03,2026-01-08 21:19:39,Online,POS,Retail,0
TXN_003339,USR_0152,63.17,2026-01-22 13:33:36,"Tokyo, JP",Desktop,Grocery,0
TXN_005289,USR_0421,31.98,2026-01-07 06:57:56,Online,Desktop,Travel,0
TXN_001173,USR_0068,2.89,2026-01-12 15:52:51,"Paris, FR",Mobile,Retail,0
TXN_006903,USR_0187,65.5,2026-01-04 16:02:06,"New York, US",Mobile,Retail,0
TXN_005157,USR_0255,5.99,2026-02-09 05:57:04,"New York, US",Mobile,Electronics,0
TXN_010431,USR_0050,278.08,2026-01-17 13:43:38,"Tokyo, JP",Desktop,Grocery,0
TXN_006555,USR_0106,233.21,2026-01-13 15:28:09,"London, UK",Desktop,Electronics,0
TXN_008086,USR_0108,16.31,2026-03-21 11:48:22,"London, UK",POS,Grocery,0
TXN_009290,USR_0416,40.45,2026-03-30 12:35:05,"Paris, FR",Mobile,Grocery,0
TXN_005398,USR_0359,152.12,2026-03-30 12:12:28,"Paris, FR",Mobile,Retail,0
TXN_010256,USR_0291,13.45,2026-02-26 09:16:23,"New York, US",Mobile,Electronics,0
TXN_001411,USR_0278,20.22,2026-02-13 15:51:55,Online,POS,Grocery,0
TXN_006963,USR_0292,19.31,2026-01-15 06:08:12,"Paris, FR",Desktop,Grocery,0
TXN_008984,USR_0211,30.14,2026-01-02 14:10:32,"Tokyo, JP",POS,Travel,0
TXN_005359,USR_0458,9.12,2026-01-12 07:38:11,"New York, US",Desktop,Travel,0
TXN_011533,USR_0099,153.95,2026-03-25 06:46:15,"Paris, FR",Mobile,Retail,0
TXN_002695,USR_0500,63.15,2026-02-28 13:53:07,"New York, US",POS,Electronics,0
TXN_000816,USR_0103,55.03,2026-01-27 15:39:45,"Tokyo, JP",POS,Grocery,0
TXN_002132,USR_0093,23.89,2026-02-11 10:27:50,"London, UK",Desktop,Retail,0
TXN_001798,USR_0247,206.36,2026-01-10 10:21:08,"Paris, FR",Mobile,Retail,0
TXN_004576,USR_0383,59.44,2026-03-10 10:41:14,"New York, US",Mobile,Grocery,0
TXN_003123,USR_0447,27.68,2026-02-25 11:04:38,"Tokyo, JP",Desktop,Travel,0
TXN_006390,USR_0225,32.23,2026-01-04 11:00:21,"London, UK",Desktop,Grocery,0
TXN_004276,USR_0218,11.56,2026-03-05 19:48:55,"London, UK",POS,Retail,0
TXN_011099,USR_0357,19.46,2026-03-13 12:27:31,Online,Desktop,Travel,0
TXN_008002,USR_0386,4.41,2026-03-31 20:00:55,"Paris, FR",Mobile,Grocery,0
TXN_006546,USR_0253,15.58,2026-01-31 18:18:52,"London, UK",Mobile,Grocery,0
TXN_010163,USR_0244,13.38,2026-02-26 11:41:03,"Tokyo, JP",POS,Electronics,0
TXN_007226,USR_0290,76.98,2026-01-08 13:45:21,"London, UK",POS,Grocery,0
TXN_000238,USR_0252,114.18,2026-02-26 09:04:57,"New York, US",Desktop,Travel,0
TXN_001533,USR_0208,54.59,2026-03-26 20:47:38,"Paris, FR",Desktop,Travel,0
TXN_011296,USR_0387,100.84,2026-03-11 10:12:24,"London, UK",Desktop,Travel,0
TXN_005776,USR_0418,159.91,2026-03-22 18:33:47,"Paris, FR",Desktop,Retail,0
TXN_003411,USR_0282,131.26,2026-01-19 19:25:37,"Tokyo, JP",POS,Electronics,0
TXN_002832,USR_0038,19.85,2026-01-03 21:41:52,"Paris, FR",POS,Electronics,0
TXN_010923,USR_0355,2.76,2026-01-05 20:57:20,"New York, US",Desktop,Grocery,0
TXN_001536,USR_0497,4.06,2026-01-25 23:54:01,"London, UK",Desktop,Electronics,0
TXN_003880,USR_0197,6.51,2026-02-20 22:28:14,"London, UK",POS,Grocery,0
TXN_011408,USR_0183,280.92,2026-03-12 17:21:34,"London, UK",Mobile,Travel,0
TXN_001300,USR_0457,52.57,2026-03-17 20:09:58,Online,Mobile,Retail,0
TXN_005258,USR_0133,45.11,2026-02-25 02:22:38,Online,Desktop,Retail,0
TXN_008584,USR_0053,14.77,2026-01-13 15:44:56,"London, UK",Desktop,Electronics,0
TXN_001481,USR_0383,60.27,2026-03-05 13:24:08,"Paris, FR",Mobile,Travel,0
TXN_002794,USR_0157,15.99,2026-03-05 15:50:49,"Tokyo, JP",POS,Electronics,0
TXN_007013,USR_0069,15.51,2026-03-26 19:09:28,"Paris, FR",Desktop,Grocery,0
TXN_011733,USR_0038,4014.33,2026-02-03 05:48:44,"Sydney, AU",Desktop,Crypto,1
TXN_005092,USR_0401,58.76,2026-02-17 16:14:15,"Paris, FR",POS,Electronics,0
TXN_002330,USR_0269,46.43,2026-03-08 20:28:20,"Tokyo, JP",Mobile,Travel,0
TXN_005702,USR_0110,37.21,2026-03-12 08:37:53,"New York, US",Desktop,Retail,0
TXN_005432,USR_0336,22.59,2026-03-12 07:27:40,"London, UK",Desktop,Retail,0
TXN_011487,USR_0497,103.47,2026-02-16 07:24:25,"New York, US",Mobile,Electronics,0
TXN_008280,USR_0273,7.26,2026-03-03 19:20:03,"London, UK",POS,Grocery,0
TXN_003662,USR_0058,124.09,2026-02-15 13:27:02,"Paris, FR",POS,Electronics,0
TXN_000556,USR_0141,52.29,2026-01-29 18:34:18,"London, UK",Desktop,Travel,0
TXN_004826,USR_0274,26.86,2026-02-25 14:02:08,"Paris, FR",Desktop,Retail,0
TXN_001164,USR_0061,38.67,2026-02-04 00:09:10,"Tokyo, JP",Mobile,Grocery,0
TXN_007202,USR_0458,18.19,2026-03-21 18:41:07,"London, UK",Mobile,Electronics,0
TXN_004716,USR_0196,81.11,2026-03-22 19:41:11,"Tokyo, JP",Desktop,Travel,0
TXN_000398,USR_0468,10.71,2026-03-10 07:21:34,"Tokyo, JP",POS,Electronics,0
TXN_009330,USR_0046,11.13,2026-02-23 16:30:34,"New York, US",Mobile,Travel,0
TXN_007632,USR_0347,9.75,2026-03-21 10:23:05,Online,Desktop,Travel,0
TXN_010552,USR_0184,34.26,2026-01-08 20:59:06,Online,Mobile,Grocery,0
TXN_006150,USR_0001,11.87,2026-03-15 18:47:17,"New York, US",Desktop,Retail,0
TXN_007600,USR_0140,39.27,2026-03-08 10:16:40,"London, UK",Mobile,Grocery,0
TXN_006195,USR_0202,141.94,2026-02-08 06:25:13,Online,POS,Electronics,0
TXN_000724,USR_0426,35.73,2026-03-30 16:05:18,"New York, US",Desktop,Grocery,0
TXN_000301,USR_0415,34.76,2026-01-22 11:46:28,"New York, US",Desktop,Grocery,0
TXN_010077,USR_0164,16.49,2026-01-08 22:47:04,Online,Mobile,Retail,0
TXN_010603,USR_0011,34.74,2026-01-02 19:46:09,Online,Desktop,Travel,0
TXN_004295,USR_0195,86.95,2026-02-21 12:08:58,"Paris, FR",Mobile,Retail,0
TXN_005219,USR_0472,16.9,2026-01-18 14:33:24,"London, UK",Mobile,Grocery,0
TXN_004186,USR_0425,44.43,2026-01-13 06:08:20,"Paris, FR",Mobile,Grocery,0
TXN_010914,USR_0177,61.64,2026-03-19 12:31:23,"Tokyo, JP",Mobile,Grocery,0
TXN_011165,USR_0074,56.95,2026-01-26 11:59:44,"New York, US",Desktop,Grocery,0
TXN_011798,USR_0446,4454.54,2026-02-01 23:09:03,"Lagos, NG",ATM,Crypto,1
TXN_003143,USR_0350,17.73,2026-03-17 19:33:43,"Tokyo, JP",POS,Retail,0
TXN_005937,USR_0091,75.65,2026-02-03 08:37:50,"Paris, FR",POS,Electronics,0
TXN_003206,USR_0392,557.98,2026-02-27 08:21:07,Online,POS,Retail,0
TXN_004956,USR_0495,43.27,2026-03-24 14:58:43,"New York, US",Desktop,Grocery,0
TXN_004583,USR_0290,97.95,2026-01-27 16:57:28,"Tokyo, JP",POS,Grocery,0
TXN_010864,USR_0014,39.62,2026-03-24 16:43:13,"Paris, FR",Desktop,Grocery,0
TXN_011482,USR_0095,16.36,2026-03-02 16:36:14,"New York, US",POS,Grocery,0
TXN_006513,USR_0115,64.28,2026-02-01 20:22:27,Online,POS,Grocery,0
TXN_011386,USR_0133,109.42,2026-02-08 11:25:54,Online,POS,Grocery,0
TXN_001153,USR_0440,40.84,2026-02-10 09:45:02,"Tokyo, JP",Desktop,Grocery,0
TXN_001213,USR_0216,39.38,2026-02-15 17:51:18,"Tokyo, JP",Mobile,Grocery,0
TXN_004504,USR_0051,20.01,2026-02-13 11:23:16,"London, UK",Desktop,Electronics,0
TXN_009850,USR_0376,11.48,2026-01-10 09:21:45,Online,Desktop,Travel,0
TXN_011641,USR_0447,3511.09,2026-03-16 00:57:41,"Moscow, RU",ATM,Electronics,1
TXN_008750,USR_0038,68.31,2026-02-14 15:27:39,"Paris, FR",POS,Grocery,0
TXN_011546,USR_0145,21.88,2026-01-29 19:49:19,"Tokyo, JP",POS,Grocery,0
TXN_009715,USR_0264,24.83,2026-02-22 21:12:08,"Paris, FR",POS,Grocery,0
TXN_000666,USR_0012,14.2,2026-01-19 12:37:45,"London, UK",Mobile,Travel,0
TXN_010811,USR_0235,131.4,2026-03-19 11:53:18,"Paris, FR",Mobile,Electronics,0
TXN_000643,USR_0032,100.3,2026-01-29 08:08:12,"Paris, FR",Desktop,Electronics,0
TXN_011086,USR_0415,26.71,2026-01-05 20:49:53,"New York, US",POS,Grocery,0
TXN_003768,USR_0466,37.5,2026-01-04 09:32:53,Online,POS,Travel,0
TXN_004273,USR_0271,15.56,2026-03-11 11:12:40,Online,Desktop,Grocery,0
TXN_005427,USR_0404,122.1,2026-01-27 22:23:41,"Tokyo, JP",Desktop,Grocery,0
TXN_000787,USR_0161,8.4,2026-01-02 12:45:55,Online,POS,Travel,0
TXN_002858,USR_0462,21.67,2026-01-20 11:10:26,"New York, US",POS,Travel,0
TXN_003203,USR_0374,5.87,2026-01-21 13:23:06,"Tokyo, JP",Desktop,Travel,0
TXN_006959,USR_0096,14.35,2026-03-01 11:01:46,"Paris, FR",POS,Retail,0
TXN_004188,USR_0115,62.23,2026-03-19 13:17:42,"Paris, FR",POS,Electronics,0
TXN_010596,USR_0448,10.64,2026-02-25 15:58:51,"Paris, FR",Mobile,Grocery,0
TXN_009953,USR_0033,7.06,2026-03-24 18:17:32,"London, UK",POS,Grocery,0
TXN_004825,USR_0333,16.45,2026-01-24 11:25:02,"New York, US",POS,Electronics,0
TXN_002906,USR_0406,17.13,2026-03-26 08:57:11,"London, UK",POS,Retail,0
TXN_004627,USR_0446,33.33,2026-01-17 12:25:18,"London, UK",POS,Travel,0
TXN_010350,USR_0300,19.33,2026-03-30 18:22:02,"New York, US",POS,Grocery,0
TXN_000997,USR_0065,35.52,2026-02-26 05:46:00,"London, UK",Mobile,Retail,0
TXN_009653,USR_0411,13.16,2026-01-03 12:05:36,"Paris, FR",Desktop,Retail,0
TXN_008585,USR_0054,4.19,2026-01-29 14:41:43,"Tokyo, JP",POS,Retail,0
TXN_006493,USR_0483,19.35,2026-01-17 10:49:29,"London, UK",POS,Electronics,0
TXN_010499,USR_0023,18.66,2026-03-23 08:54:06,"New York, US",Mobile,Grocery,0
TXN_000157,USR_0120,51.62,2026-02-03 12:50:50,Online,POS,Retail,0
TXN_007615,USR_0487,13.19,2026-02-26 07:32:09,"Tokyo, JP",Desktop,Retail,0
TXN_003086,USR_0074,25.09,2026-04-01 07:04:38,"Paris, FR",Mobile,Retail,0
TXN_008368,USR_0065,28.27,2026-03-26 16:47:55,"Paris, FR",Mobile,Retail,0
TXN_001553,USR_0067,42.15,2026-01-23 09:12:10,Online,Desktop,Grocery,0
TXN_011721,USR_0133,6085.0,2026-01-28 03:34:16,Online,ATM,Electronics,1
TXN_006005,USR_0117,34.2,2026-04-01 05:09:36,"Paris, FR",Mobile,Grocery,0
TXN_007397,USR_0152,39.13,2026-01-26 14:07:43,"Paris, FR",Mobile,Retail,0
TXN_003796,USR_0479,98.14,2026-01-18 13:04:50,"Paris, FR",Desktop,Grocery,0
TXN_000496,USR_0041,18.71,2026-03-06 08:47:22,"New York, US",Mobile,Retail,0
TXN_002322,USR_0192,28.87,2026-03-02 19:18:39,"New York, US",Mobile,Grocery,0
TXN_006159,USR_0418,22.06,2026-03-22 18:25:19,"New York, US",Mobile,Retail,0
TXN_005401,USR_0299,20.1,2026-01-31 18:51:20,Online,POS,Grocery,0
TXN_000152,USR_0157,82.92,2026-03-14 16:39:03,Online,POS,Grocery,0
TXN_006292,USR_0339,6.29,2026-02-16 22:38:56,"London, UK",Mobile,Grocery,0
TXN_009124,USR_0135,11.87,2026-03-21 18:53:08,"London, UK",Desktop,Retail,0
TXN_006387,USR_0280,32.84,2026-02-09 13:09:25,Online,Mobile,Travel,0
TXN_009943,USR_0056,142.23,2026-02-08 10:41:31,"Tokyo, JP",Mobile,Grocery,0
TXN_001739,USR_0036,110.01,2026-02-19 12:57:55,"London, UK",Mobile,Retail,0
TXN_003002,USR_0009,26.56,2026-01-04 10:18:07,"London, UK",Mobile,Electronics,0
TXN_010639,USR_0326,69.85,2026-03-09 13:03:21,"Paris, FR",Desktop,Travel,0
TXN_007195,USR_0500,38.99,2026-01-01 08:51:33,Online,Desktop,Grocery,0
TXN_006694,USR_0373,43.0,2026-03-30 09:09:06,"Tokyo, JP",Desktop,Electronics,0
TXN_010802,USR_0019,18.32,2026-03-21 11:47:15,"Tokyo, JP",POS,Travel,0
TXN_002884,USR_0324,54.69,2026-02-12 21:50:42,"New York, US",POS,Grocery,0
TXN_003721,USR_0274,20.0,2026-03-08 14:40:24,"New York, US",Mobile,Travel,0
TXN_010565,USR_0195,25.78,2026-01-20 04:14:28,"New York, US",Desktop,Grocery,0
TXN_010885,USR_0381,64.01,2026-01-19 11:15:21,"New York, US",Desktop,Electronics,0
TXN_005959,USR_0067,109.75,2026-03-12 01:38:26,"London, UK",Mobile,Electronics,0
TXN_005719,USR_0047,43.49,2026-03-12 14:57:45,"New York, US",POS,Grocery,0
TXN_007360,USR_0463,111.74,2026-02-28 22:17:12,"London, UK",Desktop,Retail,0
TXN_002277,USR_0274,84.14,2026-03-19 13:55:24,"New York, US",POS,Retail,0
TXN_004824,USR_0240,3.89,2026-03-31 20:38:23,"London, UK",Mobile,Travel,0
TXN_004705,USR_0206,27.54,2026-01-20 11:33:10,Online,Desktop,Travel,0
TXN_004462,USR_0417,129.05,2026-01-15 11:15:06,"Paris, FR",POS,Grocery,0
TXN_000344,USR_0272,14.16,2026-02-16 17:25:20,"Tokyo, JP",Mobile,Grocery,0
TXN_007568,USR_0128,56.71,2026-03-14 15:03:27,"London, UK",Desktop,Travel,0
TXN_004137,USR_0105,21.09,2026-01-14 09:14:41,Online,Mobile,Grocery,0
TXN_008659,USR_0059,38.02,2026-01-25 10:16:43,"New York, US",Mobile,Retail,0
TXN_006084,USR_0410,17.62,2026-02-20 15:42:07,"Paris, FR",Mobile,Travel,0
TXN_008728,USR_0493,26.51,2026-02-06 11:16:39,"Tokyo, JP",Mobile,Electronics,0
TXN_002224,USR_0346,14.38,2026-03-07 15:47:45,"New York, US",POS,Retail,0
TXN_004197,USR_0484,17.87,2026-03-22 12:21:13,"Paris, FR",POS,Travel,0
TXN_007601,USR_0289,16.75,2026-01-21 11:11:56,"London, UK",Desktop,Grocery,0
TXN_008137,USR_0181,26.29,2026-01-19 07:30:49,"New York, US",Desktop,Grocery,0
TXN_008335,USR_0250,15.64,2026-03-18 09:31:51,"Tokyo, JP",Desktop,Retail,0
TXN_005082,USR_0153,10.71,2026-02-08 11:39:28,"Paris, FR",Mobile,Retail,0
TXN_007068,USR_0107,70.36,2026-01-30 19:31:45,Online,Desktop,Grocery,0
TXN_009578,USR_0075,61.22,2026-02-07 19:57:44,"Tokyo, JP",Mobile,Electronics,0
TXN_010960,USR_0437,58.38,2026-02-16 09:41:23,"Paris, FR",Desktop,Grocery,0
TXN_004735,USR_0095,5.59,2026-01-22 12:26:36,Online,Mobile,Grocery,0
TXN_010222,USR_0059,144.57,2026-01-24 12:22:38,"London, UK",POS,Retail,0
TXN_001466,USR_0449,31.08,2026-01-13 18:52:10,"Tokyo, JP",POS,Grocery,0
TXN_004594,USR_0328,660.38,2026-01-14 16:19:15,"New York, US",POS,Retail,0
TXN_002235,USR_0246,46.88,2026-02-07 16:18:42,"New York, US",POS,Retail,0
TXN_010191,USR_0268,28.76,2026-02-25 14:22:14,"New York, US",Desktop,Electronics,0
TXN_003904,USR_0485,16.16,2026-01-20 11:03:16,"New York, US",Desktop,Grocery,0
TXN_000284,USR_0231,12.74,2026-03-15 09:41:12,"Tokyo, JP",POS,Retail,0
TXN_011113,USR_0041,13.14,2026-01-03 16:21:22,"Paris, FR",Desktop,Grocery,0
TXN_005441,USR_0238,5.04,2026-01-22 22:46:52,"New York, US",Mobile,Retail,0
TXN_010283,USR_0490,39.47,2026-02-11 07:05:13,"Tokyo, JP",POS,Retail,0
TXN_008253,USR_0437,66.48,2026-02-23 07:45:42,"Paris, FR",POS,Grocery,0
TXN_007276,USR_0313,73.02,2026-02-02 15:35:17,"Tokyo, JP",Desktop,Electronics,0
TXN_004152,USR_0084,4.91,2026-03-20 13:16:34,"London, UK",Mobile,Grocery,0
TXN_010600,USR_0463,46.64,2026-01-29 12:43:57,"London, UK",Desktop,Retail,0
TXN_008386,USR_0009,557.89,2026-02-12 09:39:19,"New York, US",POS,Grocery,0
TXN_002122,USR_0071,121.94,2026-01-29 11:05:46,"London, UK",Desktop,Grocery,0
TXN_005370,USR_0422,246.77,2026-01-19 09:31:56,"New York, US",Desktop,Electronics,0
TXN_005013,USR_0222,8.57,2026-02-19 13:01:29,"London, UK",Desktop,Grocery,0
TXN_009248,USR_0078,12.92,2026-01-26 22:26:00,"Paris, FR",Desktop,Grocery,0
TXN_005993,USR_0423,6.84,2026-01-07 12:14:55,"Paris, FR",Mobile,Retail,0
TXN_003162,USR_0422,25.11,2026-03-04 08:06:17,Online,Desktop,Travel,0
TXN_002631,USR_0103,18.81,2026-03-13 11:05:28,"London, UK",Desktop,Travel,0
TXN_007039,USR_0495,26.34,2026-02-01 18:55:04,"Paris, FR",Mobile,Travel,0
TXN_010235,USR_0026,25.51,2026-01-24 14:51:09,"Paris, FR",Desktop,Grocery,0
TXN_011372,USR_0249,17.62,2026-03-13 13:28:50,"London, UK",Desktop,Grocery,0
TXN_010763,USR_0245,12.56,2026-03-19 14:08:06,"Paris, FR",Desktop,Grocery,0
TXN_001204,USR_0182,57.23,2026-01-29 10:11:27,Online,Mobile,Travel,0
TXN_008112,USR_0327,152.5,2026-03-09 12:18:06,"Tokyo, JP",POS,Travel,0
TXN_000617,USR_0477,71.64,2026-01-05 11:35:51,"Paris, FR",Mobile,Grocery,0
TXN_001927,USR_0183,9.09,2026-01-01 12:39:29,"Tokyo, JP",Desktop,Grocery,0
TXN_003115,USR_0308,62.65,2026-02-17 10:53:19,"New York, US",POS,Retail,0
TXN_002642,USR_0082,18.61,2026-03-07 22:54:54,"New York, US",POS,Retail,0
TXN_011010,USR_0293,176.98,2026-01-08 12:24:07,Online,Mobile,Electronics,0
TXN_002563,USR_0228,47.95,2026-01-31 09:50:11,"Paris, FR",POS,Electronics,0
TXN_008951,USR_0206,110.77,2026-02-28 14:11:39,"London, UK",POS,Travel,0
TXN_002729,USR_0443,59.61,2026-03-08 13:02:25,"Paris, FR",POS,Grocery,0
TXN_006931,USR_0415,18.99,2026-01-31 14:17:54,"Paris, FR",Desktop,Grocery,0
TXN_009526,USR_0234,38.05,2026-01-08 13:47:22,"Paris, FR",Desktop,Retail,0
TXN_002127,USR_0222,5.63,2026-02-27 11:27:38,"Tokyo, JP",Desktop,Travel,0
TXN_008605,USR_0019,8.6,2026-03-30 11:46:46,"Paris, FR",Mobile,Electronics,0
TXN_009887,USR_0191,39.99,2026-01-03 21:44:42,"New York, US",Desktop,Retail,0
TXN_008406,USR_0342,85.31,2026-02-22 06:02:59,"Paris, FR",Desktop,Retail,0
TXN_008532,USR_0413,40.21,2026-02-17 22:43:26,Online,Desktop,Grocery,0
TXN_000806,USR_0423,67.96,2026-01-25 02:45:21,"New York, US",Desktop,Grocery,0
TXN_004695,USR_0076,296.92,2026-03-30 06:43:52,"New York, US",Desktop,Electronics,0
TXN_005538,USR_0135,258.29,2026-03-03 18:01:53,"Tokyo, JP",Desktop,Grocery,0
TXN_010305,USR_0340,113.63,2026-03-29 13:24:39,"Paris, FR",Mobile,Travel,0
TXN_003141,USR_0191,32.16,2026-03-02 13:16:36,Online,POS,Electronics,0
TXN_004281,USR_0378,22.75,2026-03-21 12:42:58,Online,POS,Retail,0
TXN_005339,USR_0251,25.34,2026-01-28 07:56:43,"New York, US",Desktop,Electronics,0
TXN_009060,USR_0245,186.05,2026-02-15 20:37:06,"Tokyo, JP",Desktop,Electronics,0
TXN_010469,USR_0138,11.17,2026-03-17 09:44:05,"London, UK",POS,Travel,0
TXN_008258,USR_0361,62.01,2026-01-09 16:07:45,Online,Desktop,Electronics,0
TXN_000548,USR_0192,29.99,2026-03-30 15:09:32,"Paris, FR",Desktop,Travel,0
TXN_000027,USR_0260,29.5,2026-01-14 11:55:40,"Tokyo, JP",POS,Travel,0
TXN_007273,USR_0401,26.35,2026-02-14 02:29:24,Online,Desktop,Electronics,0
TXN_003919,USR_0490,7.65,2026-03-09 10:13:07,"New York, US",Desktop,Retail,0
TXN_004487,USR_0430,12.33,2026-02-22 09:57:19,"London, UK",Desktop,Grocery,0
TXN_008300,USR_0429,14.27,2026-02-13 17:25:56,"Paris, FR",Mobile,Grocery,0
TXN_005813,USR_0378,42.32,2026-01-06 16:10:05,"Tokyo, JP",Desktop,Electronics,0
TXN_001222,USR_0044,17.88,2026-01-19 07:38:59,"London, UK",Desktop,Retail,0
TXN_007225,USR_0051,75.77,2026-03-27 10:23:46,"Paris, FR",POS,Retail,0
TXN_002549,USR_0143,20.33,2026-02-10 15:49:23,"New York, US",POS,Electronics,0
TXN_011359,USR_0496,75.59,2026-02-07 08:25:11,"London, UK",Mobile,Retail,0
TXN_000438,USR_0359,94.98,2026-01-09 12:34:03,"New York, US",Desktop,Grocery,0
TXN_008763,USR_0488,78.27,2026-02-19 00:27:43,"Paris, FR",POS,Travel,0
TXN_011309,USR_0103,7.65,2026-03-09 16:29:03,"Paris, FR",Desktop,Electronics,0
TXN_006409,USR_0148,24.47,2026-03-14 20:30:10,"London, UK",POS,Electronics,0
TXN_001862,USR_0348,12.96,2026-03-02 14:22:48,"Paris, FR",Desktop,Grocery,0
TXN_002700,USR_0269,44.33,2026-01-07 10:51:34,"Tokyo, JP",POS,Retail,0
TXN_008384,USR_0364,24.07,2026-01-24 09:44:09,"Paris, FR",Desktop,Retail,0
TXN_006704,USR_0494,34.6,2026-02-14 14:51:23,"New York, US",POS,Electronics,0
TXN_002482,USR_0332,79.53,2026-01-13 05:11:58,"Tokyo, JP",Desktop,Retail,0
TXN_005768,USR_0063,41.82,2026-02-02 15:54:33,Online,Desktop,Electronics,0
TXN_010115,USR_0321,27.43,2026-02-12 10:53:31,Online,Mobile,Retail,0
TXN_002707,USR_0314,53.85,2026-03-18 13:04:03,"Paris, FR",Mobile,Retail,0
TXN_006330,USR_0049,23.65,2026-03-29 08:40:55,"London, UK",Desktop,Electronics,0
TXN_000327,USR_0416,46.41,2026-01-18 08:04:45,"Paris, FR",Mobile,Grocery,0
TXN_005136,USR_0494,20.49,2026-01-10 08:56:39,Online,Mobile,Retail,0
TXN_005326,USR_0004,19.93,2026-01-20 10:50:32,"Tokyo, JP",Mobile,Retail,0
TXN_002500,USR_0251,65.38,2026-03-27 18:47:37,"New York, US",Mobile,Travel,0
TXN_001005,USR_0323,55.21,2026-01-06 19:47:59,Online,POS,Grocery,0
TXN_008052,USR_0117,232.14,2026-01-18 15:17:47,Online,Mobile,Retail,0
TXN_006503,USR_0221,6.44,2026-03-05 09:47:14,"London, UK",Mobile,Electronics,0
TXN_004012,USR_0140,12.82,2026-01-03 18:36:59,"New York, US",POS,Electronics,0
TXN_010727,USR_0242,7.15,2026-03-03 10:21:06,"Tokyo, JP",Mobile,Retail,0
TXN_000535,USR_0154,37.82,2026-01-06 10:51:45,"New York, US",Mobile,Grocery,0
TXN_007631,USR_0458,47.56,2026-02-02 12:56:01,"London, UK",POS,Electronics,0
TXN_003961,USR_0478,18.98,2026-01-16 14:05:23,Online,Desktop,Grocery,0
TXN_000586,USR_0053,17.34,2026-02-10 19:23:56,"Tokyo, JP",Mobile,Retail,0
TXN_009882,USR_0226,42.18,2026-02-21 04:05:37,"New York, US",POS,Travel,0
TXN_008356,USR_0471,60.58,2026-02-25 09:15:54,Online,Desktop,Retail,0
TXN_006401,USR_0188,17.48,2026-01-22 19:02:30,"Paris, FR",POS,Grocery,0
TXN_011124,USR_0382,147.53,2026-01-14 13:18:00,"Tokyo, JP",Mobile,Travel,0
TXN_008067,USR_0294,14.1,2026-03-30 07:14:36,"New York, US",POS,Grocery,0
TXN_000492,USR_0092,19.47,2026-02-10 08:01:13,Online,Mobile,Electronics,0
TXN_005528,USR_0392,9.47,2026-02-18 06:59:49,"Paris, FR",POS,Retail,0
TXN_006915,USR_0409,22.97,2026-02-19 14:36:36,"Paris, FR",Mobile,Grocery,0
TXN_005708,USR_0474,101.33,2026-03-05 08:30:19,"New York, US",Mobile,Grocery,0
TXN_006815,USR_0470,23.28,2026-03-22 16:50:43,"Paris, FR",Desktop,Electronics,0
TXN_009421,USR_0142,40.67,2026-01-08 08:29:20,"New York, US",POS,Retail,0
TXN_003549,USR_0438,11.7,2026-03-16 12:04:40,"Tokyo, JP",Mobile,Travel,0
TXN_006166,USR_0487,21.7,2026-03-08 08:25:29,Online,Desktop,Travel,0
TXN_001917,USR_0455,40.26,2026-03-10 07:44:07,"Paris, FR",Mobile,Travel,0
TXN_003186,USR_0076,41.75,2026-02-12 19:43:42,Online,Desktop,Travel,0
TXN_005533,USR_0404,65.81,2026-02-20 18:56:24,"London, UK",Desktop,Retail,0
TXN_001911,USR_0182,30.75,2026-03-01 12:32:18,"Tokyo, JP",Desktop,Travel,0
TXN_007718,USR_0439,5.56,2026-02-09 08:57:00,"Paris, FR",POS,Retail,0
TXN_006124,USR_0232,8.49,2026-01-14 18:11:23,"New York, US",POS,Grocery,0
TXN_001134,USR_0357,96.56,2026-01-27 12:39:03,"New York, US",POS,Electronics,0
TXN_007455,USR_0340,20.39,2026-01-25 11:59:18,Online,Mobile,Travel,0
TXN_007009,USR_0336,36.84,2026-02-02 16:18:26,"Tokyo, JP",Mobile,Retail,0
TXN_002519,USR_0092,77.15,2026-02-07 05:22:26,"New York, US",Desktop,Grocery,0
TXN_008629,USR_0191,32.85,2026-03-28 16:02:11,"Tokyo, JP",Desktop,Travel,0
TXN_001318,USR_0142,11.02,2026-01-07 22:04:23,"Tokyo, JP",Desktop,Retail,0
TXN_004369,USR_0184,66.28,2026-03-16 11:34:22,"New York, US",Desktop,Grocery,0
TXN_000122,USR_0059,38.62,2026-01-21 23:19:06,Online,Mobile,Grocery,0
TXN_009195,USR_0060,34.29,2026-02-18 14:22:08,"Paris, FR",Mobile,Retail,0
TXN_002450,USR_0140,34.73,2026-01-05 12:41:17,"Paris, FR",Desktop,Grocery,0
TXN_005830,USR_0114,23.12,2026-02-25 16:34:30,"Paris, FR",Mobile,Grocery,0
TXN_006259,USR_0017,320.21,2026-03-07 15:07:39,"Tokyo, JP",POS,Travel,0
TXN_002602,USR_0154,54.01,2026-03-14 16:00:37,"Paris, FR",Mobile,Electronics,0
TXN_001523,USR_0431,46.24,2026-02-01 10:33:27,"Tokyo, JP",POS,Grocery,0
TXN_007882,USR_0042,26.84,2026-01-15 07:35:32,"London, UK",Mobile,Retail,0
TXN_002174,USR_0272,27.24,2026-03-19 10:31:33,"Paris, FR",Mobile,Electronics,0
TXN_003284,USR_0142,65.64,2026-03-11 06:10:42,"New York, US",Desktop,Retail,0
TXN_004555,USR_0441,34.53,2026-01-12 19:10:57,Online,Mobile,Retail,0
TXN_003606,USR_0218,32.99,2026-01-23 15:15:16,"Paris, FR",Mobile,Retail,0
TXN_010336,USR_0467,8.45,2026-01-10 10:22:16,"Tokyo, JP",POS,Grocery,0
TXN_008987,USR_0289,13.35,2026-01-24 09:03:16,"New York, US",POS,Grocery,0
TXN_005596,USR_0158,15.98,2026-01-02 09:06:57,Online,Mobile,Electronics,0
TXN_010877,USR_0347,63.87,2026-02-24 08:17:07,"Paris, FR",POS,Travel,0
TXN_003769,USR_0471,84.44,2026-03-28 06:30:45,"Paris, FR",Mobile,Grocery,0
TXN_007531,USR_0129,9.33,2026-01-09 13:29:41,Online,Mobile,Grocery,0
TXN_011933,USR_0375,999.0,2026-03-27 05:29:56,"Sydney, AU",ATM,Wire_Transfer,1
TXN_004039,USR_0226,15.76,2026-01-11 12:07:56,Online,POS,Grocery,0
TXN_003503,USR_0108,88.58,2026-02-20 07:19:05,"Tokyo, JP",Desktop,Retail,0
TXN_001408,USR_0310,78.22,2026-03-28 02:20:09,"Tokyo, JP",POS,Travel,0
TXN_004632,USR_0480,12.34,2026-03-21 15:16:18,"New York, US",Desktop,Grocery,0
TXN_005982,USR_0296,42.32,2026-02-20 14:19:19,"New York, US",Desktop,Grocery,0
TXN_011582,USR_0495,7030.75,2026-03-02 00:46:39,"Lagos, NG",Mobile,Wire_Transfer,1
TXN_004936,USR_0499,41.48,2026-01-02 19:36:20,"Paris, FR",POS,Electronics,0
TXN_007062,USR_0006,43.4,2026-01-20 09:40:24,Online,Mobile,Travel,0
TXN_002580,USR_0244,24.55,2026-02-26 18:43:18,"London, UK",POS,Electronics,0
TXN_006404,USR_0227,151.51,2026-03-18 12:24:28,"London, UK",POS,Grocery,0
TXN_003270,USR_0175,2.7,2026-01-01 21:30:12,"London, UK",Mobile,Electronics,0
TXN_011462,USR_0061,17.08,2026-03-02 14:31:25,"Tokyo, JP",Desktop,Travel,0
TXN_001868,USR_0439,12.0,2026-03-15 08:06:43,"London, UK",Desktop,Retail,0
TXN_011892,USR_0500,4347.77,2026-03-17 23:55:25,"Sydney, AU",Desktop,Gaming,1
TXN_005964,USR_0499,36.81,2026-02-03 12:45:14,"New York, US",Desktop,Travel,0
TXN_002522,USR_0274,70.57,2026-01-13 10:08:46,"London, UK",POS,Retail,0
TXN_008852,USR_0317,190.01,2026-02-15 21:56:56,Online,Mobile,Grocery,0
TXN_001821,USR_0468,11.35,2026-03-21 13:06:55,"London, UK",Mobile,Grocery,0
TXN_006454,USR_0107,50.42,2026-02-02 15:24:57,"London, UK",POS,Travel,0
TXN_000052,USR_0300,20.05,2026-03-03 18:32:58,Online,Mobile,Grocery,0
TXN_003889,USR_0385,16.12,2026-03-12 08:00:11,"London, UK",Desktop,Electronics,0
TXN_005188,USR_0477,8.91,2026-03-25 14:16:18,"Paris, FR",POS,Retail,0
TXN_007918,USR_0079,13.94,2026-03-23 19:29:01,"Paris, FR",Desktop,Grocery,0
TXN_003578,USR_0028,29.56,2026-01-15 03:38:49,"New York, US",Mobile,Grocery,0
TXN_004566,USR_0294,4.8,2026-01-05 11:37:14,"London, UK",Mobile,Grocery,0
TXN_007417,USR_0227,122.76,2026-02-23 13:31:30,"Tokyo, JP",Mobile,Retail,0
TXN_009878,USR_0476,26.72,2026-02-07 08:19:51,"New York, US",POS,Travel,0
TXN_006153,USR_0391,12.57,2026-02-19 21:17:20,"Paris, FR",Mobile,Retail,0
TXN_001859,USR_0079,177.04,2026-01-27 16:54:46,"London, UK",POS,Electronics,0
TXN_010382,USR_0296,53.87,2026-03-23 20:50:56,"New York, US",Mobile,Retail,0
TXN_011435,USR_0456,87.51,2026-01-10 03:55:07,Online,Desktop,Grocery,0
TXN_004962,USR_0320,18.06,2026-03-06 10:37:01,"London, UK",Mobile,Retail,0
TXN_007258,USR_0222,118.54,2026-02-14 09:18:56,"New York, US",Desktop,Electronics,0
TXN_010551,USR_0253,40.93,2026-03-06 16:36:22,"New York, US",Desktop,Retail,0
TXN_008622,USR_0184,17.31,2026-03-30 17:54:47,Online,Desktop,Retail,0
TXN_011066,USR_0155,79.63,2026-02-06 09:47:32,"London, UK",Desktop,Grocery,0
TXN_005199,USR_0327,41.23,2026-01-07 09:44:19,"Tokyo, JP",Mobile,Travel,0
TXN_009400,USR_0329,5.72,2026-01-27 11:26:22,"Paris, FR",POS,Retail,0
TXN_000426,USR_0473,12.45,2026-04-01 13:49:19,"New York, US",POS,Grocery,0
TXN_004285,USR_0425,38.97,2026-03-26 14:20:47,Online,POS,Grocery,0
TXN_011054,USR_0086,29.52,2026-01-25 09:33:16,"London, UK",Desktop,Retail,0
TXN_011565,USR_0491,13.17,2026-02-01 14:55:13,"Tokyo, JP",Desktop,Travel,0
TXN_000229,USR_0107,13.49,2026-03-17 20:13:52,"London, UK",Desktop,Retail,0
TXN_007506,USR_0369,39.16,2026-02-25 15:24:25,"Tokyo, JP",Desktop,Retail,0
TXN_002742,USR_0204,38.43,2026-03-21 13:44:04,"London, UK",Mobile,Grocery,0
TXN_005138,USR_0459,41.77,2026-02-12 18:19:35,"Tokyo, JP",Mobile,Grocery,0
TXN_010492,USR_0322,75.85,2026-02-12 10:54:09,Online,POS,Retail,0
TXN_007054,USR_0332,43.26,2026-03-13 13:12:49,"London, UK",Desktop,Travel,0
TXN_009746,USR_0365,84.0,2026-01-18 14:10:12,"London, UK",Desktop,Retail,0
TXN_002922,USR_0451,10.72,2026-01-13 14:24:48,"London, UK",POS,Grocery,0
TXN_008194,USR_0464,18.48,2026-02-25 15:28:53,"Paris, FR",Desktop,Retail,0
TXN_010112,USR_0340,167.98,2026-01-21 20:01:57,"London, UK",POS,Grocery,0
TXN_003654,USR_0277,61.31,2026-01-06 16:26:30,"Tokyo, JP",Desktop,Electronics,0
TXN_006596,USR_0196,186.48,2026-01-16 20:06:19,"Paris, FR",Mobile,Retail,0
TXN_005921,USR_0396,21.36,2026-03-30 01:45:22,"New York, US",Mobile,Retail,0
TXN_001129,USR_0313,68.38,2026-03-26 17:44:44,Online,POS,Travel,0
TXN_007345,USR_0133,37.0,2026-03-14 10:35:26,"Paris, FR",Mobile,Grocery,0
TXN_002332,USR_0162,170.44,2026-01-15 19:44:15,"Paris, FR",POS,Retail,0
TXN_002209,USR_0017,25.47,2026-03-02 00:59:22,"London, UK",POS,Electronics,0
TXN_008380,USR_0477,24.75,2026-02-12 19:00:50,"New York, US",POS,Electronics,0
TXN_011156,USR_0195,10.87,2026-02-25 20:31:05,"London, UK",Desktop,Grocery,0
TXN_006074,USR_0447,25.77,2026-03-10 17:42:23,"Paris, FR",Mobile,Grocery,0
TXN_003154,USR_0221,92.12,2026-01-31 16:18:15,Online,Mobile,Grocery,0
TXN_006423,USR_0307,22.45,2026-03-26 10:02:51,"Tokyo, JP",POS,Grocery,0
TXN_009407,USR_0061,134.17,2026-01-17 09:01:53,Online,Desktop,Grocery,0
TXN_009352,USR_0125,10.7,2026-03-28 08:15:30,"Tokyo, JP",Desktop,Grocery,0
TXN_011523,USR_0115,60.14,2026-03-08 12:56:08,"Paris, FR",Desktop,Retail,0
TXN_004991,USR_0464,46.47,2026-01-05 02:22:08,"New York, US",POS,Retail,0
TXN_002375,USR_0179,73.54,2026-03-03 20:33:42,"London, UK",Desktop,Retail,0
TXN_001633,USR_0307,55.05,2026-02-02 05:53:43,"Paris, FR",Desktop,Electronics,0
TXN_006995,USR_0363,152.36,2026-02-27 11:13:58,Online,Desktop,Retail,0
TXN_002299,USR_0387,122.87,2026-02-13 19:59:53,"Tokyo, JP",POS,Retail,0
TXN_009899,USR_0434,68.63,2026-01-31 20:16:58,"New York, US",Desktop,Grocery,0
TXN_004253,USR_0355,13.9,2026-02-09 05:26:20,"London, UK",Desktop,Electronics,0
TXN_010993,USR_0262,22.86,2026-02-09 17:39:41,"New York, US",POS,Electronics,0
TXN_002722,USR_0429,32.65,2026-02-02 21:22:05,"New York, US",Mobile,Electronics,0
TXN_009166,USR_0196,33.84,2026-01-19 20:37:33,"Paris, FR",Mobile,Grocery,0
TXN_011255,USR_0199,1.83,2026-03-31 12:59:06,"Paris, FR",POS,Electronics,0
TXN_006059,USR_0420,18.63,2026-01-04 17:31:45,"New York, US",Desktop,Grocery,0
TXN_007982,USR_0443,77.32,2026-02-14 21:04:20,"Paris, FR",Desktop,Grocery,0
TXN_008903,USR_0355,57.96,2026-03-08 15:33:40,"London, UK",Mobile,Electronics,0
TXN_009419,USR_0372,288.56,2026-01-20 10:30:35,"Paris, FR",Mobile,Grocery,0
TXN_005827,USR_0223,202.67,2026-02-14 13:24:49,"Tokyo, JP",POS,Grocery,0
TXN_005095,USR_0298,258.4,2026-03-31 08:44:44,"Paris, FR",Mobile,Electronics,0
TXN_010817,USR_0010,29.7,2026-01-03 09:14:11,"Paris, FR",Desktop,Grocery,0
TXN_006096,USR_0281,60.05,2026-01-27 18:26:29,"New York, US",Desktop,Retail,0
TXN_007809,USR_0082,61.08,2026-03-29 05:58:04,"New York, US",POS,Retail,0
TXN_011893,USR_0086,9280.71,2026-03-19 03:13:33,"Lagos, NG",Desktop,Crypto,1
TXN_009752,USR_0069,22.33,2026-01-19 09:13:10,Online,Desktop,Electronics,0
TXN_002551,USR_0273,107.78,2026-02-20 15:14:54,"Paris, FR",Desktop,Retail,0
TXN_006114,USR_0110,19.42,2026-01-02 09:12:51,"Tokyo, JP",Mobile,Travel,0
TXN_009272,USR_0456,8.57,2026-01-02 06:46:42,Online,Mobile,Grocery,0
TXN_000939,USR_0035,12.74,2026-02-18 12:40:50,"London, UK",POS,Electronics,0
TXN_007373,USR_0044,9.34,2026-03-10 14:17:54,"Tokyo, JP",Desktop,Retail,0
TXN_010631,USR_0315,19.12,2026-02-09 17:05:05,"Paris, FR",Mobile,Retail,0
TXN_007765,USR_0256,37.06,2026-03-03 15:36:30,Online,POS,Travel,0
TXN_011666,USR_0054,1500.0,2026-03-03 23:00:25,Online,Mobile,Crypto,1
TXN_004853,USR_0192,55.11,2026-03-29 09:29:03,"London, UK",Mobile,Electronics,0
TXN_002645,USR_0038,14.94,2026-01-24 11:41:36,"Tokyo, JP",Desktop,Travel,0
TXN_010484,USR_0401,84.39,2026-03-22 07:11:32,"Tokyo, JP",Mobile,Retail,0
TXN_003166,USR_0353,87.38,2026-02-06 20:02:25,"Tokyo, JP",POS,Retail,0
TXN_003640,USR_0305,46.34,2026-02-07 11:37:36,"New York, US",POS,Retail,0
TXN_008102,USR_0234,34.18,2026-03-26 10:29:51,"New York, US",POS,Electronics,0
TXN_006922,USR_0283,53.08,2026-03-30 07:34:55,Online,Desktop,Grocery,0
TXN_007689,USR_0156,110.98,2026-01-06 15:25:20,"New York, US",Mobile,Electronics,0
TXN_002062,USR_0438,15.99,2026-01-10 19:14:24,"Paris, FR",POS,Grocery,0
TXN_004646,USR_0116,30.38,2026-02-18 11:53:48,"London, UK",Desktop,Travel,0
TXN_006204,USR_0037,74.84,2026-03-16 09:29:12,Online,Desktop,Grocery,0
TXN_002813,USR_0275,9.99,2026-02-11 09:10:47,"Tokyo, JP",POS,Electronics,0
TXN_011256,USR_0206,109.16,2026-03-13 16:46:17,"Paris, FR",Desktop,Electronics,0
TXN_010359,USR_0151,15.37,2026-01-12 19:13:02,"New York, US",Desktop,Grocery,0
TXN_010785,USR_0055,38.6,2026-01-17 17:57:21,"Tokyo, JP",POS,Travel,0
TXN_002550,USR_0492,96.96,2026-03-23 13:48:40,"Tokyo, JP",POS,Travel,0
TXN_008467,USR_0185,59.89,2026-02-14 02:04:53,"New York, US",POS,Electronics,0
TXN_010971,USR_0486,33.24,2026-02-01 02:00:39,Online,Mobile,Grocery,0
TXN_006956,USR_0456,66.02,2026-02-11 11:28:55,"Tokyo, JP",Desktop,Electronics,0
TXN_008666,USR_0125,80.16,2026-01-19 14:23:56,"Tokyo, JP",Mobile,Retail,0
TXN_004175,USR_0308,72.39,2026-01-09 11:33:30,"Tokyo, JP",POS,Electronics,0
TXN_010501,USR_0303,25.71,2026-01-17 11:52:36,"New York, US",POS,Grocery,0
TXN_001025,USR_0104,5.08,2026-01-14 20:31:12,"New York, US",Mobile,Travel,0
TXN_004849,USR_0273,150.72,2026-02-20 10:27:47,"Tokyo, JP",POS,Retail,0
TXN_005800,USR_0157,10.73,2026-03-26 07:38:10,"Paris, FR",Desktop,Retail,0
TXN_007815,USR_0057,510.79,2026-01-14 01:57:03,"London, UK",Desktop,Travel,0
TXN_001952,USR_0215,8.7,2026-02-01 04:20:57,"New York, US",Mobile,Grocery,0
TXN_011897,USR_0439,4590.45,2026-03-29 03:17:38,"Sydney, AU",ATM,Wire_Transfer,1
TXN_000352,USR_0014,13.17,2026-02-16 15:35:36,"Tokyo, JP",Desktop,Travel,0
TXN_008298,USR_0091,52.05,2026-02-26 14:21:25,"Tokyo, JP",Desktop,Retail,0
TXN_005481,USR_0313,40.38,2026-01-09 05:07:45,"Tokyo, JP",Desktop,Travel,0
TXN_009423,USR_0230,17.29,2026-03-11 16:10:35,"New York, US",Mobile,Grocery,0
TXN_004798,USR_0022,8.48,2026-03-28 05:45:07,Online,POS,Travel,0
TXN_005621,USR_0146,16.2,2026-02-01 14:46:35,"London, UK",Desktop,Travel,0
TXN_003663,USR_0128,86.31,2026-01-23 15:31:18,Online,POS,Retail,0
TXN_008850,USR_0448,18.05,2026-03-25 20:10:45,"New York, US",POS,Electronics,0
TXN_004658,USR_0459,1.75,2026-02-23 09:54:29,"London, UK",POS,Retail,0
TXN_008270,USR_0324,11.79,2026-03-31 11:50:42,"New York, US",POS,Travel,0
TXN_003151,USR_0224,16.98,2026-02-21 13:52:27,"London, UK",Desktop,Retail,0
TXN_007278,USR_0052,13.76,2026-01-26 05:52:54,"London, UK",POS,Grocery,0
TXN_008870,USR_0241,2500.0,2026-01-02 17:08:31,Online,POS,Grocery,0
TXN_004814,USR_0274,5.92,2026-02-08 07:01:08,"Tokyo, JP",Desktop,Travel,0
TXN_005841,USR_0169,118.21,2026-03-25 13:23:29,"London, UK",POS,Electronics,0
TXN_008463,USR_0408,13.03,2026-01-22 07:27:44,"New York, US",Mobile,Grocery,0
TXN_005144,USR_0159,96.35,2026-01-03 19:08:19,"Paris, FR",POS,Grocery,0
TXN_002940,USR_0166,71.58,2026-03-14 14:48:36,"New York, US",POS,Grocery,0
TXN_004511,USR_0386,15.91,2026-01-30 20:30:42,"New York, US",Mobile,Grocery,0
TXN_001341,USR_0174,11.83,2026-03-30 15:07:46,"Paris, FR",Mobile,Retail,0
TXN_011243,USR_0367,51.96,2026-02-02 17:30:14,"New York, US",POS,Travel,0
TXN_001392,USR_0195,42.07,2026-02-24 18:13:32,"London, UK",Desktop,Grocery,0
TXN_009865,USR_0229,134.59,2026-01-20 20:37:51,"Tokyo, JP",POS,Grocery,0
TXN_006679,USR_0253,16.62,2026-02-25 08:14:13,"Tokyo, JP",Mobile,Retail,0
TXN_009320,USR_0450,20.43,2026-01-30 17:59:46,"Paris, FR",POS,Retail,0
TXN_007367,USR_0447,18.18,2026-01-17 19:11:04,"Tokyo, JP",Desktop,Retail,0
TXN_009220,USR_0073,7.64,2026-03-29 13:24:31,"Tokyo, JP",Mobile,Grocery,0
TXN_001584,USR_0031,44.75,2026-02-17 13:16:40,Online,Desktop,Grocery,0
TXN_001413,USR_0162,25.05,2026-02-18 06:28:29,"New York, US",Mobile,Retail,0
TXN_005941,USR_0432,30.53,2026-01-15 06:34:05,"Tokyo, JP",Desktop,Grocery,0
TXN_010498,USR_0425,71.75,2026-03-15 16:08:07,"London, UK",POS,Grocery,0
TXN_002257,USR_0299,20.32,2026-01-04 08:40:42,"New York, US",Mobile,Grocery,0
TXN_008892,USR_0416,19.0,2026-01-06 10:28:05,"London, UK",Desktop,Grocery,0
TXN_002213,USR_0214,64.81,2026-03-12 16:12:19,"Tokyo, JP",Mobile,Grocery,0
TXN_005604,USR_0318,42.26,2026-04-01 08:04:57,"London, UK",Desktop,Grocery,0
TXN_002623,USR_0379,8.23,2026-01-26 12:51:13,Online,POS,Retail,0
TXN_010325,USR_0295,6.65,2026-01-19 17:09:21,"Tokyo, JP",Mobile,Retail,0
TXN_005418,USR_0308,26.03,2026-02-14 09:09:11,"London, UK",Mobile,Retail,0
TXN_004939,USR_0222,4.0,2026-01-01 19:10:45,Online,Desktop,Grocery,0
TXN_010602,USR_0080,26.36,2026-03-01 18:21:10,"London, UK",Desktop,Grocery,0
TXN_003625,USR_0030,19.09,2026-02-04 16:25:26,"Paris, FR",Mobile,Grocery,0
TXN_006180,USR_0014,6.53,2026-01-28 03:46:14,"Tokyo, JP",Mobile,Grocery,0
TXN_004268,USR_0225,64.54,2026-01-22 13:35:58,"Tokyo, JP",Desktop,Grocery,0
TXN_010775,USR_0442,72.56,2026-03-08 15:56:08,"Tokyo, JP",Desktop,Retail,0
TXN_000464,USR_0493,19.77,2026-01-16 14:47:48,"Paris, FR",Mobile,Electronics,0
TXN_001755,USR_0020,10.36,2026-01-02 08:16:07,"London, UK",Desktop,Electronics,0
TXN_010275,USR_0240,16.15,2026-03-02 13:48:17,"Tokyo, JP",Mobile,Retail,0
TXN_008271,USR_0005,95.2,2026-01-01 21:45:16,"Tokyo, JP",POS,Electronics,0
TXN_005826,USR_0173,28.92,2026-03-26 08:36:30,"Tokyo, JP",Desktop,Retail,0
TXN_007894,USR_0353,17.67,2026-01-26 16:42:47,"New York, US",POS,Retail,0
TXN_000379,USR_0288,210.39,2026-01-25 01:23:35,"Tokyo, JP",Mobile,Retail,0
TXN_003107,USR_0080,3.69,2026-01-17 17:15:55,Online,Desktop,Travel,0
TXN_004804,USR_0233,15.76,2026-03-29 21:43:10,"London, UK",Mobile,Grocery,0
TXN_001336,USR_0177,61.38,2026-01-19 15:23:28,Online,Mobile,Travel,0
TXN_011021,USR_0097,17.54,2026-03-02 13:27:57,Online,Desktop,Grocery,0
TXN_011629,USR_0380,9306.2,2026-01-07 03:23:12,"Moscow, RU",ATM,Wire_Transfer,1
TXN_002717,USR_0087,45.03,2026-04-01 11:44:55,"Paris, FR",Desktop,Retail,0
TXN_009881,USR_0093,35.28,2026-03-18 08:40:48,Online,POS,Grocery,0
TXN_006301,USR_0364,39.0,2026-03-08 19:38:49,"Paris, FR",Mobile,Grocery,0
TXN_007323,USR_0337,35.38,2026-02-21 20:49:19,"New York, US",Mobile,Electronics,0
TXN_007751,USR_0390,33.9,2026-01-07 15:11:58,"Paris, FR",Mobile,Travel,0
TXN_011512,USR_0087,50.86,2026-01-16 09:17:52,Online,POS,Grocery,0
TXN_007801,USR_0334,124.2,2026-02-18 09:57:22,Online,Mobile,Electronics,0
TXN_001812,USR_0338,19.6,2026-02-18 09:37:19,"Paris, FR",POS,Grocery,0
TXN_007224,USR_0357,8.87,2026-02-10 11:35:07,"Paris, FR",POS,Travel,0
TXN_006637,USR_0175,32.38,2026-03-08 19:35:08,"New York, US",POS,Retail,0
TXN_001895,USR_0484,5.51,2026-02-02 15:43:27,"London, UK",POS,Retail,0
TXN_008860,USR_0420,6.97,2026-01-27 08:52:57,Online,Desktop,Grocery,0
TXN_006327,USR_0245,219.05,2026-03-09 08:19:52,"London, UK",Desktop,Electronics,0
TXN_011123,USR_0373,30.24,2026-03-21 11:37:07,"Tokyo, JP",Mobile,Grocery,0
TXN_006527,USR_0397,87.99,2026-03-09 01:41:32,"London, UK",Mobile,Retail,0
TXN_001190,USR_0077,11.34,2026-02-27 10:34:18,"Paris, FR",POS,Travel,0
TXN_005195,USR_0306,125.19,2026-03-15 19:00:20,"Tokyo, JP",POS,Grocery,0
TXN_009346,USR_0036,25.81,2026-03-03 10:59:14,"London, UK",Desktop,Retail,0
TXN_007869,USR_0208,24.19,2026-03-17 09:58:45,"New York, US",Mobile,Retail,0
TXN_008745,USR_0182,24.37,2026-01-29 13:30:31,"Paris, FR",POS,Travel,0
TXN_003455,USR_0492,14.64,2026-01-03 07:31:50,Online,POS,Electronics,0
TXN_008575,USR_0483,17.79,2026-02-25 12:09:17,Online,Mobile,Retail,0
TXN_008764,USR_0130,17.14,2026-01-20 18:13:36,"Tokyo, JP",Mobile,Travel,0
TXN_010725,USR_0478,38.06,2026-03-12 14:26:42,Online,POS,Electronics,0
TXN_005817,USR_0214,15.27,2026-02-03 07:13:38,"Tokyo, JP",Desktop,Retail,0
TXN_008948,USR_0308,34.5,2026-03-20 07:44:31,Online,POS,Grocery,0
TXN_004614,USR_0451,14.86,2026-01-24 08:41:00,"New York, US",Mobile,Retail,0
TXN_003993,USR_0407,15.19,2026-03-22 10:27:59,"Tokyo, JP",POS,Grocery,0
TXN_011973,USR_0451,8855.91,2026-03-04 05:08:10,"Moscow, RU",Desktop,Wire_Transfer,1
TXN_001031,USR_0271,16.31,2026-01-06 12:46:04,"Tokyo, JP",Mobile,Retail,0
TXN_007686,USR_0385,18.41,2026-01-21 12:04:52,"London, UK",Desktop,Grocery,0
TXN_002221,USR_0236,56.69,2026-01-07 08:05:03,"Tokyo, JP",POS,Grocery,0
TXN_003775,USR_0162,33.65,2026-03-28 08:50:06,"New York, US",Mobile,Retail,0
TXN_008524,USR_0139,79.9,2026-02-24 13:13:25,"Paris, FR",POS,Travel,0
TXN_009299,USR_0276,22.42,2026-03-03 04:56:50,"London, UK",POS,Grocery,0
TXN_001756,USR_0384,24.95,2026-03-01 11:31:29,"New York, US",Mobile,Travel,0
TXN_006177,USR_0230,27.81,2026-02-05 15:14:14,"London, UK",POS,Electronics,0
TXN_008774,USR_0262,12.69,2026-02-01 05:44:29,"London, UK",Desktop,Travel,0
TXN_004328,USR_0368,141.97,2026-01-02 01:38:00,Online,Mobile,Grocery,0
TXN_010245,USR_0073,22.86,2026-02-09 20:01:43,"Paris, FR",Mobile,Travel,0
TXN_000111,USR_0140,11.35,2026-02-25 21:31:01,"Paris, FR",Desktop,Electronics,0
TXN_009699,USR_0162,23.71,2026-03-09 14:43:03,Online,Desktop,Retail,0
TXN_011948,USR_0214,9298.4,2026-02-13 04:15:21,"Moscow, RU",ATM,Wire_Transfer,1
TXN_002918,USR_0469,33.65,2026-03-02 16:50:17,Online,Desktop,Travel,0
TXN_006202,USR_0004,15.72,2026-01-07 08:42:05,"New York, US",POS,Electronics,0
TXN_001516,USR_0341,24.48,2026-01-13 10:53:23,Online,Mobile,Retail,0
TXN_011334,USR_0109,47.65,2026-03-14 13:44:01,"Tokyo, JP",Mobile,Retail,0
TXN_011055,USR_0312,215.23,2026-03-20 15:12:34,Online,Desktop,Travel,0
TXN_010862,USR_0358,40.76,2026-01-23 14:00:13,Online,Mobile,Retail,0
TXN_010087,USR_0339,9.46,2026-01-17 10:07:21,"London, UK",POS,Grocery,0
TXN_002264,USR_0027,30.32,2026-03-18 14:34:21,"New York, US",Mobile,Grocery,0
TXN_009271,USR_0436,41.51,2026-02-13 21:12:00,"Paris, FR",Desktop,Retail,0
TXN_009411,USR_0293,45.59,2026-02-05 16:07:15,"Paris, FR",Desktop,Retail,0
TXN_010183,USR_0394,16.33,2026-02-12 19:58:34,Online,Desktop,Grocery,0
TXN_010068,USR_0303,33.7,2026-01-02 16:02:50,Online,POS,Electronics,0
TXN_000894,USR_0083,25.25,2026-03-24 12:53:26,"New York, US",Mobile,Grocery,0
TXN_001491,USR_0298,181.26,2026-01-23 19:16:10,Online,Desktop,Grocery,0
TXN_001851,USR_0303,6.95,2026-03-10 09:12:54,"Paris, FR",Desktop,Grocery,0
TXN_007303,USR_0145,74.09,2026-03-14 16:38:36,"Paris, FR",Mobile,Retail,0
TXN_000325,USR_0069,36.11,2026-01-06 14:22:34,"Tokyo, JP",POS,Retail,0
TXN_001216,USR_0150,14.46,2026-03-21 09:01:18,"Paris, FR",Mobile,Retail,0
TXN_002934,USR_0305,31.78,2026-02-26 17:48:20,"New York, US",Desktop,Retail,0
TXN_004690,USR_0058,8.76,2026-02-06 10:22:49,Online,POS,Retail,0
TXN_008881,USR_0243,21.1,2026-03-28 06:48:49,"Tokyo, JP",Mobile,Electronics,0
TXN_008614,USR_0255,10.7,2026-03-25 16:45:31,"London, UK",Mobile,Retail,0
TXN_010293,USR_0236,290.61,2026-01-16 05:43:35,"Paris, FR",POS,Electronics,0
TXN_011013,USR_0300,7.04,2026-03-26 13:08:18,"New York, US",Desktop,Retail,0
TXN_011776,USR_0008,4441.55,2026-01-23 23:34:00,"Sydney, AU",Mobile,Gaming,1
TXN_001130,USR_0091,55.49,2026-02-28 07:47:37,"Tokyo, JP",Mobile,Grocery,0
TXN_009696,USR_0357,8.09,2026-03-08 22:34:37,"London, UK",POS,Travel,0
TXN_002919,USR_0407,20.01,2026-02-12 17:44:12,"London, UK",Desktop,Electronics,0
TXN_003085,USR_0316,17.66,2026-02-19 12:53:28,Online,Mobile,Grocery,0
TXN_004589,USR_0230,39.73,2026-01-30 07:01:00,Online,POS,Retail,0
TXN_004305,USR_0393,31.08,2026-03-25 11:24:26,"New York, US",Desktop,Retail,0
TXN_002796,USR_0457,8.72,2026-03-17 08:47:57,Online,POS,Retail,0
TXN_005748,USR_0016,33.32,2026-01-06 10:41:42,"Paris, FR",Desktop,Travel,0
TXN_000799,USR_0336,22.98,2026-03-27 06:29:21,"Tokyo, JP",Mobile,Retail,0
TXN_000735,USR_0488,67.23,2026-03-25 03:19:12,"London, UK",POS,Retail,0
TXN_006385,USR_0163,42.01,2026-03-03 10:29:29,"New York, US",Desktop,Grocery,0
TXN_002245,USR_0470,4.59,2026-03-24 20:30:24,"Paris, FR",POS,Electronics,0
TXN_000179,USR_0451,14.45,2026-01-18 17:55:04,"Tokyo, JP",Desktop,Grocery,0
TXN_008313,USR_0337,51.25,2026-01-17 09:36:15,"London, UK",POS,Grocery,0
TXN_010310,USR_0133,51.5,2026-03-04 09:16:00,"New York, US",POS,Retail,0
TXN_001175,USR_0486,86.96,2026-01-29 21:09:55,Online,Desktop,Grocery,0
TXN_011484,USR_0247,73.58,2026-03-01 08:20:26,Online,POS,Electronics,0
TXN_008327,USR_0154,39.1,2026-03-04 15:10:26,Online,POS,Grocery,0
TXN_001832,USR_0446,44.62,2026-03-02 15:32:26,"London, UK",Mobile,Electronics,0
TXN_009698,USR_0341,44.84,2026-03-03 09:51:29,"Paris, FR",Desktop,Electronics,0
TXN_006209,USR_0066,144.67,2026-01-26 10:43:59,"London, UK",Mobile,Grocery,0
TXN_009637,USR_0186,111.06,2026-03-09 12:32:22,"Paris, FR",Mobile,Travel,0
TXN_001782,USR_0105,52.24,2026-03-24 09:02:15,Online,Desktop,Electronics,0
TXN_003202,USR_0150,67.8,2026-03-27 20:16:26,"London, UK",Desktop,Retail,0
TXN_000199,USR_0280,50.05,2026-01-21 14:04:28,"Tokyo, JP",POS,Grocery,0
TXN_009842,USR_0224,89.57,2026-01-05 18:47:39,"Paris, FR",POS,Travel,0
TXN_004088,USR_0402,384.66,2026-02-28 06:23:59,"New York, US",Desktop,Retail,0
TXN_005194,USR_0318,12.29,2026-02-26 23:16:59,"London, UK",POS,Retail,0
TXN_000549,USR_0071,7.2,2026-03-15 22:24:27,"London, UK",Desktop,Electronics,0
TXN_003340,USR_0082,11.03,2026-01-03 18:15:56,"Paris, FR",POS,Retail,0
TXN_011318,USR_0494,25.18,2026-01-23 13:53:04,"New York, US",POS,Grocery,0
TXN_011648,USR_0227,1772.74,2026-02-17 01:01:51,Online,Mobile,Wire_Transfer,1
TXN_009105,USR_0051,10.43,2026-03-19 13:48:14,Online,Desktop,Retail,0
TXN_011920,USR_0030,7084.92,2026-01-27 04:33:13,"Sydney, AU",Desktop,Wire_Transfer,1
TXN_002533,USR_0107,3.78,2026-01-03 22:50:26,"London, UK",Desktop,Grocery,0
TXN_008062,USR_0264,10.84,2026-02-10 19:51:01,"Tokyo, JP",Mobile,Grocery,0
TXN_002315,USR_0260,104.17,2026-02-26 11:37:20,"New York, US",POS,Electronics,0
TXN_011424,USR_0099,36.43,2026-02-14 12:35:43,"Tokyo, JP",POS,Electronics,0
TXN_008541,USR_0391,53.58,2026-01-15 10:38:42,Online,Desktop,Grocery,0
TXN_009894,USR_0128,146.37,2026-02-03 10:42:44,"Paris, FR",Desktop,Retail,0
TXN_010030,USR_0390,40.72,2026-03-22 19:21:03,"Paris, FR",POS,Electronics,0
TXN_000067,USR_0002,4.86,2026-02-12 10:49:08,"Tokyo, JP",Mobile,Electronics,0
TXN_005128,USR_0490,248.03,2026-03-29 18:17:34,"New York, US",Desktop,Grocery,0
TXN_004713,USR_0017,49.2,2026-03-09 12:08:53,"New York, US",Mobile,Travel,0
TXN_005215,USR_0289,14.25,2026-02-18 11:00:10,"Tokyo, JP",Mobile,Grocery,0
TXN_003261,USR_0139,52.04,2026-01-21 21:30:14,"Paris, FR",Mobile,Grocery,0
TXN_005034,USR_0049,26.35,2026-03-02 00:55:28,Online,Mobile,Grocery,0
TXN_002573,USR_0188,73.1,2026-02-22 23:42:21,"London, UK",Mobile,Retail,0
TXN_009041,USR_0180,126.82,2026-01-16 14:40:08,"Tokyo, JP",Mobile,Travel,0
TXN_008632,USR_0093,111.78,2026-01-30 07:54:10,"New York, US",POS,Retail,0
TXN_000623,USR_0125,31.6,2026-03-01 09:23:37,"Paris, FR",Mobile,Electronics,0
TXN_001682,USR_0420,36.81,2026-03-13 16:54:03,"Paris, FR",Desktop,Retail,0
TXN_000788,USR_0371,6.6,2026-03-14 17:14:42,"Tokyo, JP",POS,Travel,0
TXN_003333,USR_0411,27.77,2026-01-07 11:59:07,"Paris, FR",Desktop,Travel,0
TXN_009169,USR_0098,169.8,2026-03-23 11:00:23,"Paris, FR",POS,Grocery,0
TXN_007182,USR_0063,12.0,2026-02-27 04:14:36,"London, UK",Mobile,Retail,0
TXN_011628,USR_0404,4148.43,2026-02-26 23:03:02,"Sydney, AU",Desktop,Crypto,1
TXN_003281,USR_0456,99.8,2026-02-27 06:57:13,"New York, US",Desktop,Retail,0
TXN_006851,USR_0037,3.81,2026-03-29 11:53:52,"London, UK",POS,Retail,0
TXN_010941,USR_0296,16.46,2026-03-18 10:14:53,Online,Mobile,Grocery,0
TXN_008084,USR_0174,42.27,2026-02-01 13:31:24,"Tokyo, JP",Mobile,Travel,0
TXN_007260,USR_0249,12.5,2026-02-25 16:48:46,"London, UK",POS,Travel,0
TXN_010373,USR_0123,44.09,2026-02-15 18:27:19,"Tokyo, JP",POS,Grocery,0
TXN_000516,USR_0494,100.35,2026-02-20 19:20:18,"Paris, FR",POS,Retail,0
TXN_000479,USR_0479,21.75,2026-03-20 11:58:30,"Paris, FR",Mobile,Grocery,0
TXN_009705,USR_0319,5.54,2026-02-17 09:34:48,"Paris, FR",Desktop,Travel,0
TXN_006861,USR_0319,45.13,2026-02-25 12:53:39,"Paris, FR",Mobile,Grocery,0
TXN_008215,USR_0328,22.07,2026-03-02 10:32:33,"Tokyo, JP",POS,Travel,0
TXN_002648,USR_0116,42.23,2026-02-11 00:27:09,"Tokyo, JP",Mobile,Travel,0
TXN_009834,USR_0223,180.46,2026-01-23 11:55:46,"Paris, FR",Mobile,Grocery,0
TXN_006077,USR_0161,19.12,2026-03-19 10:35:42,"Paris, FR",POS,Grocery,0
TXN_008130,USR_0430,84.66,2026-03-31 21:20:12,Online,POS,Electronics,0
TXN_001034,USR_0486,55.08,2026-01-23 10:35:47,Online,Desktop,Electronics,0
TXN_009852,USR_0170,178.39,2026-01-06 08:09:25,"Paris, FR",Desktop,Electronics,0
TXN_002599,USR_0238,11.11,2026-01-13 06:34:56,"New York, US",Desktop,Electronics,0
TXN_010679,USR_0104,117.78,2026-03-18 12:28:56,"Tokyo, JP",Mobile,Grocery,0
TXN_006215,USR_0247,10.21,2026-02-19 15:04:40,"London, UK",Mobile,Retail,0
TXN_009288,USR_0120,55.74,2026-02-09 17:12:01,"Paris, FR",Desktop,Travel,0
TXN_009428,USR_0322,19.12,2026-01-23 17:20:25,"Paris, FR",POS,Retail,0
TXN_000345,USR_0014,35.57,2026-01-24 17:31:33,"Paris, FR",POS,Grocery,0
TXN_005522,USR_0136,14.66,2026-03-24 07:19:23,"Tokyo, JP",Desktop,Retail,0
TXN_005876,USR_0073,104.89,2026-03-06 16:55:48,Online,Desktop,Retail,0
TXN_001872,USR_0061,13.41,2026-01-31 09:25:31,"Tokyo, JP",POS,Travel,0
TXN_011030,USR_0266,16.25,2026-01-09 13:24:52,Online,Desktop,Travel,0
TXN_007229,USR_0467,47.89,2026-03-19 05:17:32,"New York, US",Desktop,Grocery,0
TXN_003987,USR_0204,110.59,2026-01-12 15:58:03,Online,Desktop,Grocery,0
TXN_011525,USR_0455,66.36,2026-01-10 11:08:24,"Paris, FR",Desktop,Electronics,0
TXN_002889,USR_0241,31.82,2026-02-06 21:46:43,Online,Mobile,Retail,0
TXN_007948,USR_0336,13.23,2026-04-01 17:11:22,"New York, US",Mobile,Grocery,0
TXN_004624,USR_0024,51.91,2026-02-23 18:01:59,Online,Mobile,Retail,0
TXN_004819,USR_0220,3.47,2026-02-04 05:53:00,Online,POS,Travel,0
TXN_000221,USR_0190,285.2,2026-03-27 14:47:44,Online,Desktop,Travel,0
TXN_011023,USR_0252,151.32,2026-03-06 06:04:00,Online,Mobile,Retail,0
TXN_007457,USR_0496,18.39,2026-01-05 09:28:35,Online,POS,Electronics,0
TXN_009984,USR_0155,103.41,2026-03-31 05:27:32,Online,Desktop,Electronics,0
TXN_010745,USR_0455,3.57,2026-02-07 08:57:26,"Tokyo, JP",Mobile,Travel,0
TXN_005894,USR_0001,5.04,2026-03-07 15:30:56,"Paris, FR",Desktop,Retail,0
TXN_007377,USR_0410,13.4,2026-01-25 10:08:12,"Tokyo, JP",POS,Grocery,0
TXN_004017,USR_0374,20.54,2026-03-26 11:05:09,"Tokyo, JP",Mobile,Retail,0
TXN_005939,USR_0060,25.04,2026-01-01 03:19:34,"Tokyo, JP",POS,Grocery,0
TXN_004249,USR_0219,46.62,2026-01-05 11:32:30,Online,POS,Retail,0
TXN_010977,USR_0017,12.99,2026-01-07 19:45:23,Online,POS,Electronics,0
TXN_008407,USR_0191,12.31,2026-02-14 07:36:22,"Paris, FR",Mobile,Electronics,0
TXN_010055,USR_0499,5.8,2026-01-04 18:22:14,"London, UK",Desktop,Retail,0
TXN_006253,USR_0242,9.74,2026-01-18 16:00:04,Online,Desktop,Grocery,0
TXN_001265,USR_0024,5.12,2026-02-01 17:44:41,"London, UK",Mobile,Retail,0
TXN_004242,USR_0110,24.27,2026-02-15 03:49:09,"Tokyo, JP",Desktop,Travel,0
TXN_005651,USR_0148,88.93,2026-03-15 11:15:48,"Paris, FR",POS,Grocery,0
TXN_010849,USR_0399,90.3,2026-03-06 10:27:10,"London, UK",Desktop,Travel,0
TXN_011016,USR_0025,7.82,2026-03-25 18:42:24,"Tokyo, JP",POS,Grocery,0
TXN_007078,USR_0055,54.0,2026-02-02 00:27:22,"London, UK",Desktop,Grocery,0
TXN_011012,USR_0020,22.11,2026-03-18 13:20:16,"Tokyo, JP",Desktop,Grocery,0
TXN_007052,USR_0096,23.34,2026-02-21 09:27:18,"Paris, FR",Desktop,Retail,0
TXN_008333,USR_0347,16.6,2026-02-13 09:34:07,"New York, US",Desktop,Travel,0
TXN_002882,USR_0443,35.45,2026-01-10 17:00:46,"New York, US",POS,Grocery,0
TXN_001678,USR_0066,18.72,2026-02-09 10:37:27,Online,POS,Grocery,0
TXN_008932,USR_0344,212.47,2026-03-06 06:44:01,"Paris, FR",POS,Retail,0
TXN_000902,USR_0303,9.45,2026-01-09 14:14:24,"Paris, FR",Mobile,Grocery,0
TXN_011966,USR_0034,499.99,2026-03-13 03:00:26,"Moscow, RU",Mobile,Electronics,1
TXN_002297,USR_0195,177.45,2026-01-24 02:42:27,Online,Mobile,Electronics,0
TXN_003403,USR_0289,78.46,2026-03-13 06:03:26,Online,POS,Grocery,0
TXN_007370,USR_0070,20.95,2026-02-10 20:49:27,"New York, US",Mobile,Retail,0
TXN_000297,USR_0487,8.18,2026-01-28 07:21:49,"Paris, FR",Mobile,Retail,0
TXN_010915,USR_0488,83.64,2026-02-11 15:15:24,"Tokyo, JP",POS,Travel,0
TXN_004154,USR_0047,60.89,2026-03-02 23:55:39,"Paris, FR",Mobile,Retail,0
TXN_009747,USR_0022,4.41,2026-02-02 09:15:01,"New York, US",Desktop,Retail,0
TXN_006339,USR_0097,24.52,2026-01-18 10:08:15,"Tokyo, JP",Desktop,Retail,0
TXN_000028,USR_0312,24.51,2026-01-26 09:09:23,"London, UK",POS,Travel,0
TXN_006370,USR_0115,127.01,2026-01-04 17:30:05,"London, UK",Mobile,Retail,0
TXN_008886,USR_0192,49.97,2026-01-09 06:21:27,Online,POS,Retail,0
TXN_003830,USR_0094,21.73,2026-01-09 16:29:57,"Tokyo, JP",Mobile,Electronics,0
TXN_011621,USR_0331,2500.0,2026-02-19 00:01:36,"Sydney, AU",Mobile,Electronics,1
TXN_003249,USR_0492,27.23,2026-01-15 09:36:00,"London, UK",POS,Grocery,0
TXN_005859,USR_0161,23.56,2026-02-10 07:43:06,"Paris, FR",POS,Retail,0
TXN_009502,USR_0298,34.92,2026-01-03 18:40:25,"Tokyo, JP",POS,Grocery,0
TXN_010418,USR_0003,10.54,2026-02-10 10:39:08,"Tokyo, JP",Desktop,Travel,0
TXN_002581,USR_0066,15.65,2026-01-19 10:38:18,"Paris, FR",Desktop,Electronics,0
TXN_006568,USR_0195,61.71,2026-01-27 19:03:27,"Paris, FR",Desktop,Grocery,0
TXN_007937,USR_0017,9.07,2026-03-14 14:20:33,"New York, US",Desktop,Grocery,0
TXN_008146,USR_0140,20.42,2026-03-03 21:08:21,"Paris, FR",Mobile,Grocery,0
TXN_001371,USR_0422,57.48,2026-01-19 08:00:08,Online,Desktop,Grocery,0
TXN_011826,USR_0167,7480.03,2026-03-18 00:58:58,"Lagos, NG",Desktop,Crypto,1
TXN_009090,USR_0120,16.8,2026-01-02 19:55:49,"New York, US",POS,Electronics,0
TXN_010843,USR_0011,84.54,2026-03-04 11:43:36,"Paris, FR",Mobile,Grocery,0
TXN_005552,USR_0298,23.68,2026-03-20 14:28:39,Online,Mobile,Grocery,0
TXN_006823,USR_0186,21.87,2026-01-08 14:21:49,"London, UK",Mobile,Electronics,0
TXN_005255,USR_0012,64.09,2026-01-06 20:01:47,"London, UK",Desktop,Grocery,0
TXN_000682,USR_0151,10.98,2026-01-03 13:20:16,"New York, US",Mobile,Grocery,0
TXN_011166,USR_0021,31.98,2026-01-20 17:19:16,"Paris, FR",POS,Retail,0
TXN_004776,USR_0323,24.39,2026-01-05 00:58:44,Online,Desktop,Grocery,0
TXN_005423,USR_0232,101.84,2026-02-16 17:15:30,"Tokyo, JP",Mobile,Electronics,0
TXN_003160,USR_0085,48.55,2026-02-09 14:21:06,"New York, US",POS,Grocery,0
TXN_008722,USR_0216,18.02,2026-02-27 11:20:36,"New York, US",Mobile,Electronics,0
TXN_002988,USR_0209,13.22,2026-02-16 18:27:05,Online,Desktop,Retail,0
TXN_004909,USR_0386,40.74,2026-03-28 23:20:32,"Paris, FR",POS,Retail,0
TXN_001883,USR_0460,11.87,2026-01-16 15:11:55,Online,POS,Retail,0
TXN_005862,USR_0181,108.46,2026-01-26 08:50:27,"Paris, FR",Mobile,Grocery,0
TXN_008315,USR_0418,13.94,2026-02-03 09:26:01,"London, UK",Mobile,Retail,0
TXN_001941,USR_0425,29.62,2026-02-13 08:27:38,"New York, US",Desktop,Retail,0
TXN_003297,USR_0223,47.39,2026-01-30 12:44:52,"London, UK",Desktop,Electronics,0
TXN_003535,USR_0379,18.17,2026-01-02 19:56:05,Online,Mobile,Retail,0
TXN_003730,USR_0486,86.7,2026-03-07 12:11:19,"London, UK",Mobile,Electronics,0
TXN_000491,USR_0474,17.5,2026-02-05 09:57:34,Online,POS,Grocery,0
TXN_007302,USR_0229,345.18,2026-03-24 13:50:40,"London, UK",Mobile,Grocery,0
TXN_001182,USR_0499,60.41,2026-03-03 12:24:04,"Tokyo, JP",Mobile,Electronics,0
TXN_001376,USR_0246,55.38,2026-02-14 21:19:44,"Tokyo, JP",Mobile,Retail,0
TXN_005015,USR_0373,22.96,2026-01-16 07:22:47,Online,Desktop,Travel,0
TXN_007551,USR_0388,7.0,2026-03-09 14:53:18,"New York, US",POS,Grocery,0
TXN_011046,USR_0152,82.8,2026-01-19 05:26:03,"Paris, FR",Mobile,Electronics,0
TXN_000627,USR_0193,6.98,2026-02-09 14:06:13,Online,Mobile,Retail,0
TXN_004759,USR_0439,53.42,2026-02-17 09:25:34,"London, UK",Mobile,Grocery,0
TXN_011579,USR_0481,17.91,2026-01-27 11:38:09,Online,POS,Grocery,0
TXN_002113,USR_0459,115.91,2026-01-24 10:05:04,"Paris, FR",Desktop,Retail,0
TXN_008291,USR_0373,15.88,2026-02-18 14:31:13,"Tokyo, JP",POS,Grocery,0
TXN_005873,USR_0224,20.15,2026-02-16 08:35:52,"London, UK",Desktop,Grocery,0
TXN_001768,USR_0371,51.57,2026-01-22 16:02:26,Online,Mobile,Grocery,0
TXN_008798,USR_0452,14.52,2026-02-07 16:36:10,"Paris, FR",Mobile,Grocery,0
TXN_004181,USR_0471,23.89,2026-03-06 09:44:07,"Tokyo, JP",POS,Retail,0
TXN_009345,USR_0110,42.3,2026-02-27 05:34:41,Online,Desktop,Electronics,0
TXN_006012,USR_0288,70.03,2026-03-01 17:52:15,Online,Desktop,Retail,0
TXN_001463,USR_0441,8.85,2026-01-21 19:58:28,"Tokyo, JP",POS,Retail,0
TXN_002888,USR_0419,35.91,2026-01-26 12:45:31,Online,POS,Retail,0
TXN_006373,USR_0400,69.02,2026-01-07 21:20:18,Online,POS,Grocery,0
TXN_000685,USR_0221,12.4,2026-03-25 08:10:38,"Paris, FR",Mobile,Grocery,0
TXN_004540,USR_0482,83.57,2026-01-14 09:53:27,Online,Mobile,Retail,0
TXN_004515,USR_0083,5.41,2026-03-14 13:11:21,"Tokyo, JP",Desktop,Electronics,0
TXN_009225,USR_0031,33.79,2026-01-13 18:32:06,Online,Mobile,Retail,0
TXN_009439,USR_0148,46.2,2026-01-14 18:08:06,"Paris, FR",Desktop,Retail,0
TXN_001367,USR_0150,74.54,2026-03-09 16:40:59,"New York, US",POS,Retail,0
TXN_003917,USR_0307,22.92,2026-01-12 15:26:43,"New York, US",Desktop,Grocery,0
TXN_011762,USR_0089,2927.51,2026-03-30 02:16:54,"Sydney, AU",Mobile,Crypto,1
TXN_002640,USR_0405,100.07,2026-03-10 19:31:18,Online,Desktop,Electronics,0
TXN_011351,USR_0133,47.18,2026-03-22 14:04:17,"Tokyo, JP",POS,Retail,0
TXN_005603,USR_0053,56.03,2026-02-09 11:31:22,"London, UK",POS,Travel,0
TXN_010831,USR_0296,60.35,2026-03-17 18:45:55,"Tokyo, JP",Mobile,Grocery,0
TXN_005730,USR_0455,2.14,2026-02-22 18:23:39,Online,Desktop,Electronics,0
TXN_005731,USR_0394,123.49,2026-02-10 13:20:29,"Paris, FR",POS,Electronics,0
TXN_010024,USR_0369,57.0,2026-02-09 06:57:37,Online,Mobile,Grocery,0
TXN_008304,USR_0495,21.41,2026-03-24 15:03:55,"Tokyo, JP",POS,Grocery,0
TXN_002301,USR_0401,78.22,2026-01-08 11:51:06,Online,Desktop,Electronics,0
TXN_004788,USR_0108,11.53,2026-03-17 06:24:25,"London, UK",POS,Electronics,0
TXN_002939,USR_0168,38.45,2026-03-20 13:53:48,"New York, US",POS,Grocery,0
TXN_005660,USR_0305,149.33,2026-02-03 11:25:32,Online,Desktop,Electronics,0
TXN_008208,USR_0434,111.0,2026-01-29 11:01:30,"London, UK",Desktop,Electronics,0
TXN_010385,USR_0343,31.36,2026-01-07 14:54:11,"Tokyo, JP",POS,Retail,0
TXN_007259,USR_0416,75.23,2026-03-27 13:34:37,"London, UK",POS,Retail,0
TXN_001980,USR_0495,50.62,2026-02-05 13:11:16,"New York, US",POS,Electronics,0
TXN_003804,USR_0188,46.15,2026-02-04 13:58:08,"New York, US",POS,Grocery,0
TXN_004535,USR_0076,39.77,2026-03-03 20:06:06,"New York, US",Desktop,Grocery,0
TXN_006551,USR_0271,33.67,2026-01-09 10:37:24,"Paris, FR",Desktop,Grocery,0
TXN_011617,USR_0431,6971.4,2026-01-07 00:54:41,"Sydney, AU",ATM,Crypto,1
TXN_006607,USR_0352,30.57,2026-01-17 12:44:06,"Paris, FR",POS,Retail,0
TXN_006843,USR_0165,46.1,2026-01-26 21:20:07,"New York, US",Desktop,Travel,0
TXN_009004,USR_0176,21.74,2026-03-24 12:23:30,Online,POS,Travel,0
TXN_004801,USR_0052,35.92,2026-01-13 09:21:34,"Tokyo, JP",POS,Grocery,0
TXN_002281,USR_0122,52.47,2026-01-30 14:05:37,"New York, US",Mobile,Retail,0
TXN_006415,USR_0197,25.31,2026-03-26 13:43:43,Online,POS,Grocery,0
TXN_006416,USR_0343,46.88,2026-03-25 10:10:03,"Tokyo, JP",Mobile,Retail,0
TXN_004470,USR_0347,74.11,2026-02-26 19:33:47,"New York, US",Desktop,Retail,0
TXN_005134,USR_0458,22.4,2026-01-05 12:09:33,Online,Desktop,Retail,0
TXN_007448,USR_0156,68.41,2026-02-12 15:02:18,Online,Desktop,Retail,0
TXN_000999,USR_0191,13.1,2026-03-01 06:44:50,"New York, US",Desktop,Grocery,0
TXN_004131,USR_0147,42.17,2026-01-15 21:04:20,"Paris, FR",Mobile,Grocery,0
TXN_005267,USR_0161,18.36,2026-02-19 09:39:30,"Paris, FR",Desktop,Travel,0
TXN_009387,USR_0081,108.93,2026-03-22 15:19:38,Online,Desktop,Travel,0
TXN_011767,USR_0397,2827.25,2026-03-15 23:09:08,"Moscow, RU",Mobile,Crypto,1
TXN_001785,USR_0434,30.07,2026-02-12 16:21:15,"London, UK",POS,Grocery,0
TXN_003183,USR_0465,15.14,2026-01-26 12:46:11,"Paris, FR",Mobile,Grocery,0
TXN_010395,USR_0460,31.95,2026-03-22 18:38:33,"London, UK",POS,Grocery,0
TXN_000495,USR_0170,137.07,2026-02-19 16:48:47,"London, UK",POS,Electronics,0
TXN_006445,USR_0094,17.69,2026-03-05 22:21:34,"New York, US",Desktop,Grocery,0
TXN_009318,USR_0251,23.59,2026-02-22 15:16:37,"London, UK",POS,Retail,0
TXN_006009,USR_0220,25.92,2026-01-28 21:51:38,"Paris, FR",Mobile,Grocery,0
TXN_002861,USR_0387,34.17,2026-01-06 22:08:56,"Paris, FR",Desktop,Retail,0
TXN_002039,USR_0044,12.36,2026-03-14 15:36:02,Online,Desktop,Grocery,0
TXN_004042,USR_0092,34.42,2026-02-17 06:22:07,"London, UK",POS,Retail,0
TXN_009298,USR_0474,120.51,2026-01-22 14:01:28,"London, UK",Desktop,Retail,0
TXN_002898,USR_0346,32.65,2026-01-12 18:20:37,"Tokyo, JP",POS,Electronics,0
TXN_000367,USR_0213,35.01,2026-03-03 14:29:13,"Tokyo, JP",POS,Retail,0
TXN_000850,USR_0020,21.38,2026-01-12 19:04:03,"London, UK",Desktop,Travel,0
TXN_007516,USR_0142,12.09,2026-01-05 15:03:24,"Paris, FR",Mobile,Grocery,0
TXN_006394,USR_0430,25.02,2026-02-17 09:40:04,"London, UK",Desktop,Travel,0
TXN_007757,USR_0084,38.25,2026-01-05 12:59:03,"New York, US",Desktop,Grocery,0
TXN_006210,USR_0136,49.83,2026-03-27 11:16:33,"New York, US",Desktop,Electronics,0
TXN_002654,USR_0480,7.81,2026-01-28 18:49:22,"New York, US",Mobile,Retail,0
TXN_003504,USR_0056,37.56,2026-02-11 18:52:20,"London, UK",Mobile,Retail,0
TXN_008275,USR_0102,40.9,2026-01-06 13:22:07,"Paris, FR",Mobile,Travel,0
TXN_001542,USR_0434,33.24,2026-02-25 15:26:54,"Paris, FR",POS,Travel,0
TXN_009932,USR_0194,14.95,2026-02-19 18:38:48,"New York, US",POS,Grocery,0
TXN_010634,USR_0324,21.58,2026-02-19 07:07:27,"Paris, FR",Mobile,Grocery,0
TXN_000323,USR_0383,48.0,2026-01-03 20:22:50,"New York, US",Desktop,Retail,0
TXN_002032,USR_0113,33.14,2026-02-20 17:11:52,Online,POS,Grocery,0
TXN_007583,USR_0434,183.04,2026-03-22 18:32:57,"Paris, FR",POS,Grocery,0
TXN_006850,USR_0371,11.16,2026-03-27 08:08:03,"Paris, FR",Desktop,Retail,0
TXN_000814,USR_0309,83.75,2026-03-31 14:56:47,Online,Desktop,Electronics,0
TXN_002529,USR_0277,49.18,2026-02-01 09:44:51,"New York, US",Desktop,Travel,0
TXN_011248,USR_0238,13.74,2026-03-10 17:40:37,"Tokyo, JP",Mobile,Grocery,0
TXN_006455,USR_0014,213.34,2026-01-15 11:09:53,"Tokyo, JP",POS,Grocery,0
TXN_011032,USR_0422,59.69,2026-03-18 13:38:02,"Paris, FR",Mobile,Grocery,0
TXN_010219,USR_0017,20.54,2026-02-21 22:20:48,"Paris, FR",POS,Retail,0
TXN_005275,USR_0315,14.94,2026-02-26 16:37:49,"London, UK",Desktop,Electronics,0
TXN_001080,USR_0021,22.87,2026-02-01 02:59:33,"Tokyo, JP",Desktop,Retail,0
TXN_002227,USR_0160,101.17,2026-01-01 15:51:31,Online,POS,Retail,0
TXN_009373,USR_0192,63.81,2026-02-27 21:23:23,"Tokyo, JP",Desktop,Grocery,0
TXN_010956,USR_0140,186.95,2026-03-22 11:25:55,"New York, US",Desktop,Grocery,0
TXN_010328,USR_0441,55.03,2026-01-28 09:40:21,Online,Desktop,Grocery,0
TXN_002706,USR_0129,43.13,2026-04-01 12:35:42,"Tokyo, JP",Mobile,Electronics,0
TXN_008980,USR_0216,116.24,2026-02-02 10:15:19,Online,POS,Grocery,0
TXN_007294,USR_0274,23.34,2026-03-06 19:25:10,"London, UK",Mobile,Retail,0
TXN_001165,USR_0491,75.57,2026-03-21 10:35:32,"New York, US",Mobile,Travel,0
TXN_003262,USR_0400,23.2,2026-01-31 13:41:31,"Paris, FR",Mobile,Travel,0
TXN_006120,USR_0100,57.4,2026-02-15 06:06:33,Online,Desktop,Retail,0
TXN_006058,USR_0025,34.6,2026-01-17 17:15:52,"London, UK",Desktop,Grocery,0
TXN_001451,USR_0293,13.53,2026-03-06 16:59:07,Online,POS,Travel,0
TXN_004230,USR_0171,25.86,2026-02-14 11:13:06,"London, UK",POS,Travel,0
TXN_003863,USR_0178,415.68,2026-02-01 20:58:23,Online,Desktop,Retail,0
TXN_002937,USR_0283,14.2,2026-03-03 07:23:09,"Tokyo, JP",POS,Retail,0
TXN_009690,USR_0369,44.82,2026-01-12 16:05:33,"New York, US",Mobile,Electronics,0
TXN_003918,USR_0194,66.86,2026-03-19 10:02:55,"London, UK",POS,Electronics,0
TXN_005488,USR_0200,161.97,2026-02-13 09:51:04,"Paris, FR",Mobile,Retail,0
TXN_007761,USR_0297,13.31,2026-02-17 11:10:33,"Tokyo, JP",POS,Travel,0
TXN_009774,USR_0305,35.99,2026-01-21 18:10:11,"London, UK",POS,Retail,0
TXN_001724,USR_0388,16.29,2026-03-01 11:46:52,"Paris, FR",Desktop,Grocery,0
TXN_009863,USR_0288,20.26,2026-01-24 12:42:15,"Paris, FR",Desktop,Grocery,0
TXN_006500,USR_0216,12.58,2026-03-23 15:50:55,"Tokyo, JP",Desktop,Electronics,0
TXN_004057,USR_0067,38.08,2026-01-08 09:44:11,"New York, US",Desktop,Grocery,0
TXN_011410,USR_0280,12.77,2026-01-20 15:08:17,"London, UK",Mobile,Retail,0
TXN_003000,USR_0074,25.53,2026-01-10 18:44:19,"London, UK",Desktop,Grocery,0
TXN_007121,USR_0439,2.83,2026-03-25 12:57:04,"Tokyo, JP",POS,Grocery,0
TXN_011830,USR_0119,2906.39,2026-01-20 02:30:55,Online,Mobile,Electronics,1
TXN_001232,USR_0396,267.61,2026-03-28 21:47:15,Online,Mobile,Travel,0
TXN_001515,USR_0377,65.31,2026-02-09 19:57:43,Online,Mobile,Grocery,0
TXN_002314,USR_0336,128.58,2026-01-07 08:14:07,"New York, US",Mobile,Electronics,0
TXN_001452,USR_0487,22.02,2026-03-09 08:16:31,"New York, US",Mobile,Travel,0
TXN_006432,USR_0211,7.32,2026-03-28 13:27:57,Online,POS,Travel,0
TXN_008348,USR_0121,4.98,2026-02-22 13:24:01,Online,POS,Electronics,0
TXN_010226,USR_0405,19.93,2026-03-03 10:59:24,"New York, US",Desktop,Retail,0
TXN_004322,USR_0496,81.64,2026-02-24 21:51:35,Online,Mobile,Grocery,0
TXN_011600,USR_0245,9288.86,2026-01-01 04:16:29,Online,Mobile,Crypto,1
TXN_000839,USR_0453,28.83,2026-01-28 00:42:21,"Tokyo, JP",Desktop,Grocery,0
TXN_011895,USR_0011,2169.06,2026-02-07 22:16:36,"Lagos, NG",ATM,Electronics,1
TXN_008737,USR_0321,16.16,2026-04-01 14:44:49,"London, UK",Desktop,Retail,0
TXN_003900,USR_0412,9.15,2026-03-07 12:17:21,"Tokyo, JP",Mobile,Electronics,0
TXN_010192,USR_0408,55.38,2026-01-28 06:17:57,"London, UK",Mobile,Grocery,0
TXN_003568,USR_0418,32.86,2026-03-15 11:54:50,Online,Desktop,Grocery,0
TXN_011114,USR_0340,26.14,2026-01-06 18:59:13,"New York, US",POS,Retail,0
TXN_005453,USR_0123,11.62,2026-03-26 11:22:36,"New York, US",Desktop,Retail,0
TXN_003088,USR_0367,64.05,2026-02-07 17:57:14,"Paris, FR",POS,Retail,0
TXN_007802,USR_0112,31.59,2026-03-30 13:32:02,"Tokyo, JP",Mobile,Electronics,0
TXN_010653,USR_0160,123.5,2026-03-20 08:38:04,"New York, US",Desktop,Electronics,0
TXN_004547,USR_0299,16.49,2026-01-26 18:13:11,"Paris, FR",Desktop,Retail,0
TXN_004693,USR_0311,7.34,2026-03-09 19:10:17,"London, UK",POS,Travel,0
TXN_001715,USR_0039,35.13,2026-02-15 16:57:05,"Tokyo, JP",POS,Travel,0
TXN_004271,USR_0037,49.22,2026-02-26 16:47:37,"Paris, FR",POS,Travel,0
TXN_000340,USR_0435,103.93,2026-03-19 17:43:50,"Paris, FR",Mobile,Retail,0
TXN_008919,USR_0006,28.49,2026-01-02 12:24:49,"Paris, FR",POS,Electronics,0
TXN_004087,USR_0210,18.46,2026-03-01 20:28:04,"New York, US",POS,Retail,0
TXN_011847,USR_0366,5458.92,2026-02-18 23:36:39,"Lagos, NG",Mobile,Electronics,1
TXN_009758,USR_0279,17.21,2026-03-26 11:43:10,"Tokyo, JP",POS,Retail,0
TXN_009914,USR_0091,90.62,2026-01-30 10:34:18,Online,Desktop,Retail,0
TXN_000589,USR_0370,123.64,2026-01-28 12:40:47,"London, UK",Desktop,Travel,0
TXN_003366,USR_0146,37.56,2026-03-18 15:07:46,"Paris, FR",Mobile,Travel,0
TXN_002671,USR_0321,10.08,2026-02-17 15:58:53,"Tokyo, JP",POS,Grocery,0
TXN_005516,USR_0022,49.15,2026-01-03 18:22:08,"New York, US",Desktop,Electronics,0
TXN_003590,USR_0377,65.58,2026-03-25 14:00:51,"London, UK",POS,Electronics,0
TXN_000035,USR_0333,92.85,2026-02-17 17:28:57,Online,Desktop,Grocery,0
TXN_000029,USR_0471,20.89,2026-01-01 10:38:20,"Paris, FR",Mobile,Grocery,0
TXN_002396,USR_0384,297.74,2026-01-16 21:52:50,"Paris, FR",POS,Retail,0
TXN_009707,USR_0213,100.7,2026-03-08 17:05:14,"New York, US",Desktop,Travel,0
TXN_006827,USR_0065,30.7,2026-01-16 13:00:38,"New York, US",Mobile,Travel,0
TXN_005507,USR_0052,38.76,2026-02-01 09:15:17,"Paris, FR",Mobile,Grocery,0
TXN_006633,USR_0110,14.61,2026-03-03 08:10:43,Online,Desktop,Electronics,0
TXN_002171,USR_0204,22.98,2026-03-06 14:27:32,"Tokyo, JP",Mobile,Retail,0
TXN_007441,USR_0016,21.56,2026-01-26 07:10:12,"New York, US",POS,Travel,0
TXN_006753,USR_0096,50.97,2026-01-23 09:07:51,"Tokyo, JP",Mobile,Retail,0
TXN_000890,USR_0226,27.01,2026-01-22 09:14:04,Online,POS,Grocery,0
TXN_003879,USR_0262,24.51,2026-02-02 11:15:00,"London, UK",Mobile,Grocery,0
TXN_003323,USR_0223,3.43,2026-03-01 20:01:02,Online,Mobile,Grocery,0
TXN_011274,USR_0072,26.76,2026-01-05 15:59:31,"New York, US",Mobile,Travel,0
TXN_003515,USR_0406,44.31,2026-02-27 11:34:28,"Tokyo, JP",Desktop,Retail,0
TXN_006391,USR_0331,27.03,2026-03-08 17:27:02,"Tokyo, JP",Desktop,Electronics,0
TXN_010006,USR_0427,13.78,2026-01-13 17:04:22,"Tokyo, JP",POS,Retail,0
TXN_005674,USR_0182,37.47,2026-01-11 18:19:38,"Paris, FR",Desktop,Retail,0
TXN_007773,USR_0109,37.69,2026-02-15 13:19:43,"Paris, FR",Desktop,Grocery,0
TXN_003734,USR_0075,26.44,2026-01-26 09:54:56,"New York, US",Mobile,Retail,0
TXN_006803,USR_0073,85.24,2026-03-19 07:17:05,"Tokyo, JP",Mobile,Electronics,0
TXN_011356,USR_0259,46.44,2026-03-08 10:42:24,"Paris, FR",POS,Electronics,0
TXN_009366,USR_0224,28.72,2026-03-20 15:57:52,Online,Mobile,Travel,0
TXN_004529,USR_0350,9.09,2026-03-25 10:47:20,"Paris, FR",Desktop,Grocery,0
TXN_001655,USR_0273,13.61,2026-03-20 10:16:43,Online,Desktop,Grocery,0
TXN_007465,USR_0344,58.28,2026-03-18 13:33:09,"Tokyo, JP",Mobile,Retail,0
TXN_007284,USR_0016,52.2,2026-02-02 10:04:31,"London, UK",Desktop,Retail,0
TXN_000224,USR_0228,14.76,2026-01-31 08:54:23,"New York, US",POS,Grocery,0
TXN_010341,USR_0189,131.41,2026-02-02 18:58:29,"Paris, FR",Desktop,Retail,0
TXN_008785,USR_0291,28.85,2026-01-09 10:08:38,"Tokyo, JP",Mobile,Electronics,0
TXN_010929,USR_0081,620.37,2026-01-19 22:55:16,"Tokyo, JP",Desktop,Grocery,0
TXN_005983,USR_0121,65.21,2026-01-25 17:48:11,Online,POS,Travel,0
TXN_004240,USR_0025,11.29,2026-02-16 12:19:38,"New York, US",Desktop,Retail,0
TXN_005883,USR_0359,12.08,2026-01-28 13:11:23,"Tokyo, JP",Desktop,Grocery,0
TXN_001591,USR_0076,206.97,2026-02-24 17:53:26,"New York, US",Mobile,Grocery,0
TXN_008417,USR_0060,12.23,2026-02-21 08:24:00,Online,POS,Grocery,0
TXN_003257,USR_0269,40.65,2026-02-07 12:13:26,"New York, US",Desktop,Retail,0
TXN_006692,USR_0293,292.16,2026-03-26 10:24:34,"New York, US",POS,Electronics,0
TXN_006904,USR_0313,93.85,2026-01-14 13:21:19,Online,Mobile,Grocery,0
TXN_002182,USR_0088,7.56,2026-02-10 10:43:04,"London, UK",Mobile,Grocery,0
TXN_008158,USR_0456,51.46,2026-01-09 12:15:33,"New York, US",Desktop,Retail,0
TXN_011485,USR_0315,3.31,2026-01-01 11:27:44,"New York, US",Desktop,Grocery,0
TXN_007112,USR_0233,37.77,2026-03-30 06:38:12,"London, UK",Mobile,Grocery,0
TXN_009570,USR_0202,88.81,2026-01-17 17:59:48,Online,POS,Grocery,0
TXN_009393,USR_0451,55.57,2026-01-31 17:55:28,Online,Mobile,Retail,0
TXN_010316,USR_0298,124.62,2026-02-07 01:05:16,"London, UK",Desktop,Electronics,0
TXN_004818,USR_0023,12.34,2026-01-17 21:46:33,"New York, US",POS,Electronics,0
TXN_006935,USR_0269,70.1,2026-03-20 20:25:20,"London, UK",POS,Travel,0
TXN_006536,USR_0149,88.76,2026-03-24 17:53:50,"New York, US",POS,Grocery,0
TXN_001210,USR_0323,155.87,2026-03-26 11:42:04,Online,POS,Grocery,0
TXN_007470,USR_0427,359.46,2026-01-29 18:42:46,"London, UK",Desktop,Retail,0
TXN_000422,USR_0166,27.55,2026-02-01 13:00:16,"Paris, FR",Mobile,Retail,0
TXN_010491,USR_0210,23.27,2026-03-06 08:10:48,"London, UK",Mobile,Grocery,0
TXN_001707,USR_0298,109.98,2026-02-21 18:40:58,Online,POS,Grocery,0
TXN_001159,USR_0019,16.53,2026-02-28 15:24:45,Online,Mobile,Grocery,0
TXN_002307,USR_0338,60.07,2026-02-02 16:50:41,Online,Mobile,Grocery,0
TXN_000274,USR_0325,41.02,2026-01-15 20:33:32,"London, UK",Desktop,Grocery,0
TXN_000172,USR_0227,59.64,2026-01-07 20:13:17,Online,Mobile,Grocery,0
TXN_003957,USR_0454,24.31,2026-02-09 06:13:45,"New York, US",Desktop,Travel,0
TXN_005607,USR_0198,138.88,2026-01-10 09:42:57,"New York, US",Mobile,Electronics,0
TXN_007174,USR_0190,85.28,2026-01-31 13:43:02,"London, UK",POS,Grocery,0
TXN_004866,USR_0390,8.17,2026-01-23 14:33:17,"Tokyo, JP",Mobile,Retail,0
TXN_008055,USR_0308,141.37,2026-02-20 10:52:09,"London, UK",POS,Retail,0
TXN_003189,USR_0276,70.85,2026-02-28 16:02:18,"Tokyo, JP",Mobile,Retail,0
TXN_001726,USR_0231,14.06,2026-03-13 06:01:23,"London, UK",POS,Retail,0
TXN_006207,USR_0336,118.04,2026-01-25 19:33:54,"Tokyo, JP",POS,Retail,0
TXN_008189,USR_0284,16.44,2026-01-15 06:44:46,"New York, US",Desktop,Retail,0
TXN_001565,USR_0063,19.76,2026-01-26 22:28:26,"New York, US",Mobile,Retail,0
TXN_001783,USR_0450,10.44,2026-02-12 15:08:17,"Tokyo, JP",POS,Grocery,0
TXN_000844,USR_0421,49.14,2026-02-17 08:32:51,Online,Desktop,Retail,0
TXN_011214,USR_0028,17.22,2026-02-06 12:18:15,"London, UK",Desktop,Grocery,0
TXN_007799,USR_0135,283.79,2026-02-22 12:04:04,Online,POS,Retail,0
TXN_000905,USR_0308,15.89,2026-01-05 19:56:50,Online,POS,Grocery,0
TXN_003495,USR_0190,24.56,2026-01-14 05:14:55,Online,Mobile,Travel,0
TXN_011605,USR_0248,8551.54,2026-02-03 23:08:45,"Lagos, NG",Mobile,Electronics,1
TXN_007407,USR_0271,18.98,2026-01-30 18:08:54,"London, UK",POS,Grocery,0
TXN_001548,USR_0011,46.63,2026-01-21 17:18:46,"London, UK",Desktop,Grocery,0
TXN_010015,USR_0083,18.46,2026-02-13 13:19:44,"Paris, FR",Desktop,Grocery,0
TXN_002081,USR_0231,18.69,2026-01-17 11:40:28,Online,Mobile,Grocery,0
TXN_009163,USR_0222,38.16,2026-03-14 10:37:51,"London, UK",POS,Travel,0
TXN_010398,USR_0029,21.95,2026-01-20 15:58:48,Online,Desktop,Retail,0
TXN_006498,USR_0457,97.83,2026-02-28 10:41:02,"Tokyo, JP",Mobile,Grocery,0
TXN_003986,USR_0217,26.96,2026-02-24 13:05:32,"Tokyo, JP",Mobile,Retail,0
TXN_008678,USR_0403,28.34,2026-01-23 12:03:07,"Paris, FR",POS,Retail,0
TXN_010033,USR_0071,2.64,2026-01-03 19:13:32,"London, UK",POS,Travel,0
TXN_008546,USR_0123,94.18,2026-03-25 17:01:09,"London, UK",POS,Retail,0
TXN_008804,USR_0043,3.0,2026-01-09 08:53:35,"New York, US",Mobile,Grocery,0
TXN_010574,USR_0467,43.36,2026-03-31 20:30:24,"New York, US",Desktop,Grocery,0
TXN_004678,USR_0439,20.23,2026-03-13 11:27:48,"New York, US",POS,Retail,0
TXN_003821,USR_0349,172.53,2026-01-02 19:00:30,"Tokyo, JP",POS,Electronics,0
TXN_005210,USR_0462,93.05,2026-02-02 12:11:13,"Tokyo, JP",POS,Grocery,0
TXN_002647,USR_0295,30.49,2026-02-07 10:00:39,"Paris, FR",Mobile,Grocery,0
TXN_006444,USR_0243,32.35,2026-01-24 11:05:16,"Paris, FR",Mobile,Retail,0
TXN_009191,USR_0251,50.37,2026-03-09 12:07:28,"New York, US",Desktop,Retail,0
TXN_007389,USR_0411,77.98,2026-01-27 21:31:29,Online,Mobile,Travel,0
TXN_000257,USR_0215,168.78,2026-02-28 19:21:10,"Tokyo, JP",Desktop,Electronics,0
TXN_009097,USR_0231,21.17,2026-01-11 21:26:50,"Tokyo, JP",Mobile,Travel,0
TXN_004351,USR_0254,22.11,2026-02-01 09:08:21,Online,Mobile,Grocery,0
TXN_008469,USR_0174,52.02,2026-01-01 09:23:25,Online,POS,Electronics,0
TXN_009282,USR_0218,11.06,2026-03-19 18:20:38,"Paris, FR",POS,Retail,0
TXN_005924,USR_0488,7.84,2026-03-23 21:37:45,"Paris, FR",POS,Travel,0
TXN_002156,USR_0327,106.88,2026-02-27 08:42:07,Online,POS,Retail,0
TXN_008765,USR_0346,41.11,2026-01-27 08:46:30,"Tokyo, JP",POS,Electronics,0
TXN_010662,USR_0394,124.62,2026-03-18 20:49:51,"Tokyo, JP",Desktop,Electronics,0
TXN_003716,USR_0218,36.73,2026-01-21 17:54:11,"New York, US",Mobile,Retail,0
TXN_004058,USR_0246,35.34,2026-02-11 17:19:57,Online,Desktop,Retail,0
TXN_010356,USR_0101,109.54,2026-01-27 18:52:15,Online,POS,Grocery,0
TXN_009949,USR_0324,13.75,2026-02-19 17:45:03,"London, UK",Desktop,Retail,0
TXN_003623,USR_0422,121.83,2026-01-20 07:05:22,Online,Mobile,Travel,0
TXN_005649,USR_0252,21.31,2026-02-24 02:47:11,"Paris, FR",Desktop,Travel,0
TXN_006459,USR_0360,16.97,2026-01-31 17:55:57,"New York, US",Desktop,Grocery,0
TXN_003103,USR_0274,21.95,2026-01-16 15:49:29,Online,Desktop,Electronics,0
TXN_000559,USR_0226,40.31,2026-03-11 17:13:27,"New York, US",POS,Electronics,0
TXN_006680,USR_0273,31.4,2026-02-15 14:44:25,"London, UK",POS,Retail,0
TXN_006322,USR_0297,20.1,2026-03-25 19:58:32,"London, UK",POS,Travel,0
TXN_001437,USR_0322,16.29,2026-04-01 07:33:55,"London, UK",POS,Retail,0
TXN_000508,USR_0464,199.25,2026-02-01 09:36:33,"London, UK",POS,Retail,0
TXN_005276,USR_0450,189.9,2026-02-04 17:55:08,"New York, US",Mobile,Travel,0
TXN_004473,USR_0354,25.27,2026-03-07 05:07:49,Online,Desktop,Retail,0
TXN_001870,USR_0092,12.4,2026-01-07 13:07:32,"Tokyo, JP",POS,Retail,0
TXN_005664,USR_0430,163.88,2026-01-16 19:56:28,"Tokyo, JP",Desktop,Grocery,0
TXN_006453,USR_0357,57.61,2026-02-28 17:21:42,"New York, US",POS,Travel,0
TXN_005931,USR_0107,27.48,2026-01-31 09:28:24,Online,Desktop,Grocery,0
TXN_008388,USR_0105,93.35,2026-03-16 19:35:53,"Paris, FR",Mobile,Grocery,0
TXN_000756,USR_0010,27.47,2026-03-28 07:00:40,"London, UK",Mobile,Electronics,0
TXN_007446,USR_0265,49.35,2026-03-31 15:50:31,"Tokyo, JP",Desktop,Electronics,0
TXN_007856,USR_0209,166.89,2026-03-23 10:00:21,Online,Desktop,Grocery,0
TXN_004051,USR_0231,24.95,2026-02-06 14:14:36,"Tokyo, JP",Desktop,Grocery,0
TXN_010200,USR_0054,74.94,2026-01-09 08:51:13,"New York, US",POS,Grocery,0
TXN_003837,USR_0170,12.82,2026-02-12 13:03:28,"Paris, FR",Desktop,Electronics,0
TXN_004387,USR_0032,14.94,2026-01-03 05:01:35,Online,Desktop,Retail,0
TXN_009102,USR_0412,94.34,2026-01-03 13:01:17,"Paris, FR",POS,Grocery,0
TXN_002119,USR_0003,14.69,2026-01-21 13:33:47,"Tokyo, JP",Mobile,Retail,0
TXN_009245,USR_0048,13.4,2026-01-05 23:50:39,"New York, US",POS,Travel,0
TXN_000730,USR_0236,24.13,2026-02-02 20:13:29,"Tokyo, JP",POS,Travel,0
TXN_000502,USR_0402,22.47,2026-03-23 21:09:47,"Paris, FR",Desktop,Grocery,0
TXN_009782,USR_0291,25.27,2026-01-29 13:36:45,"London, UK",POS,Electronics,0
TXN_000644,USR_0323,11.71,2026-03-24 15:05:37,Online,Desktop,Grocery,0
TXN_007203,USR_0301,14.25,2026-02-01 09:23:28,"Tokyo, JP",Mobile,Travel,0
TXN_001540,USR_0011,19.97,2026-02-27 11:37:15,"London, UK",Desktop,Travel,0
TXN_010723,USR_0218,9.61,2026-02-05 09:12:43,"London, UK",Mobile,Retail,0
TXN_001212,USR_0233,34.84,2026-03-07 02:57:30,Online,POS,Grocery,0
TXN_008855,USR_0441,235.36,2026-02-20 17:59:55,"London, UK",Desktop,Grocery,0
TXN_010937,USR_0363,10.55,2026-01-09 16:00:53,"Paris, FR",Mobile,Retail,0
TXN_000673,USR_0201,8.25,2026-03-14 14:02:11,Online,Desktop,Travel,0
TXN_004916,USR_0341,25.22,2026-03-08 10:25:20,"Tokyo, JP",Desktop,Retail,0
TXN_006107,USR_0430,35.98,2026-02-23 20:06:23,"Tokyo, JP",POS,Retail,0
TXN_006940,USR_0062,27.23,2026-02-01 16:26:38,"Paris, FR",Desktop,Electronics,0
TXN_003378,USR_0050,34.5,2026-01-15 18:47:08,"Paris, FR",Mobile,Grocery,0
TXN_004477,USR_0287,36.28,2026-01-14 16:57:57,"New York, US",Mobile,Grocery,0
TXN_005616,USR_0194,15.15,2026-02-24 09:43:11,Online,POS,Retail,0
TXN_010846,USR_0358,85.76,2026-03-24 04:40:20,"New York, US",POS,Retail,0
TXN_001465,USR_0378,14.88,2026-02-22 11:59:53,"Tokyo, JP",POS,Retail,0
TXN_004746,USR_0149,46.17,2026-02-08 10:03:41,"Paris, FR",Desktop,Retail,0
TXN_011249,USR_0289,36.06,2026-02-22 19:14:19,Online,Mobile,Grocery,0
TXN_001193,USR_0046,10.08,2026-03-16 16:00:39,Online,Desktop,Retail,0
TXN_003794,USR_0268,30.54,2026-03-15 15:35:53,"London, UK",Desktop,Grocery,0
TXN_001873,USR_0489,99.87,2026-01-23 04:41:47,"Paris, FR",POS,Electronics,0
TXN_003591,USR_0292,25.89,2026-03-18 10:22:08,Online,Desktop,Grocery,0
TXN_003159,USR_0352,15.58,2026-03-31 11:22:42,Online,Mobile,Grocery,0
TXN_009689,USR_0078,9.88,2026-02-06 20:04:39,Online,Desktop,Retail,0
TXN_000506,USR_0284,14.91,2026-01-12 09:38:38,"Tokyo, JP",Desktop,Grocery,0
TXN_000244,USR_0374,55.39,2026-01-13 15:20:27,"Tokyo, JP",POS,Grocery,0
TXN_005679,USR_0077,53.13,2026-01-31 07:47:18,"Tokyo, JP",Desktop,Retail,0
TXN_000507,USR_0150,32.04,2026-02-22 06:24:49,"New York, US",POS,Travel,0
TXN_009811,USR_0496,11.85,2026-01-10 11:47:11,"London, UK",Desktop,Retail,0
TXN_010473,USR_0480,10.25,2026-01-21 19:13:12,"New York, US",Desktop,Retail,0
TXN_006408,USR_0091,17.42,2026-01-02 12:23:03,"London, UK",Desktop,Electronics,0
TXN_008053,USR_0455,29.8,2026-03-18 14:18:15,"New York, US",Mobile,Electronics,0
TXN_006671,USR_0488,22.48,2026-02-17 18:28:14,"London, UK",Mobile,Travel,0
TXN_006759,USR_0339,30.02,2026-02-21 13:00:06,"London, UK",POS,Grocery,0
TXN_007234,USR_0056,89.48,2026-02-27 11:19:56,"New York, US",Mobile,Grocery,0
TXN_001774,USR_0393,16.25,2026-03-18 20:31:06,Online,POS,Retail,0
TXN_006228,USR_0447,12.29,2026-01-15 07:04:19,"London, UK",Mobile,Grocery,0
TXN_008192,USR_0036,31.46,2026-01-13 20:26:44,"Paris, FR",POS,Grocery,0
TXN_007105,USR_0391,22.2,2026-01-19 11:16:29,"Tokyo, JP",Desktop,Grocery,0
TXN_009801,USR_0217,19.69,2026-03-26 11:26:28,"Paris, FR",POS,Travel,0
TXN_000798,USR_0494,16.82,2026-03-21 16:40:19,Online,POS,Retail,0
TXN_003619,USR_0182,47.68,2026-02-27 15:27:45,"Paris, FR",POS,Grocery,0
TXN_002382,USR_0260,5.45,2026-01-28 11:56:54,"Paris, FR",Mobile,Travel,0
TXN_002830,USR_0004,68.96,2026-02-18 13:00:36,"New York, US",Desktop,Travel,0
TXN_009941,USR_0309,46.18,2026-03-24 21:47:16,"Tokyo, JP",Desktop,Grocery,0
TXN_011180,USR_0145,54.05,2026-03-21 19:06:54,Online,Desktop,Grocery,0
TXN_011511,USR_0449,47.12,2026-01-12 21:14:15,"New York, US",POS,Electronics,0
TXN_004634,USR_0461,32.77,2026-02-06 21:07:58,"London, UK",Desktop,Retail,0
TXN_000313,USR_0426,62.71,2026-01-18 08:48:45,"Paris, FR",Desktop,Travel,0
TXN_000747,USR_0456,27.8,2026-01-25 08:32:07,"Paris, FR",POS,Grocery,0
TXN_003570,USR_0293,8.06,2026-01-12 09:01:49,"London, UK",POS,Travel,0
TXN_000791,USR_0457,65.23,2026-03-20 03:03:00,"London, UK",POS,Retail,0
TXN_002477,USR_0396,53.91,2026-01-27 15:16:13,"Paris, FR",Desktop,Grocery,0
TXN_006121,USR_0075,31.96,2026-02-13 11:09:28,"Tokyo, JP",POS,Retail,0
TXN_006930,USR_0136,58.39,2026-02-26 03:47:05,"Tokyo, JP",Desktop,Electronics,0
TXN_011189,USR_0217,29.47,2026-03-14 04:00:12,"New York, US",POS,Retail,0
TXN_002571,USR_0226,11.36,2026-02-24 14:50:07,"New York, US",Mobile,Grocery,0
TXN_005754,USR_0015,32.04,2026-01-23 13:50:59,"London, UK",Desktop,Grocery,0
TXN_007670,USR_0164,144.23,2026-01-13 20:21:12,Online,Desktop,Grocery,0
TXN_010369,USR_0267,4.49,2026-01-15 16:43:05,"New York, US",POS,Grocery,0
TXN_005600,USR_0308,13.45,2026-02-09 23:28:26,"Tokyo, JP",POS,Grocery,0
TXN_009474,USR_0179,36.41,2026-03-17 13:29:13,"Paris, FR",Mobile,Grocery,0
TXN_004356,USR_0254,28.77,2026-01-19 08:11:07,"New York, US",Desktop,Grocery,0
TXN_002164,USR_0435,16.28,2026-03-06 15:06:58,"London, UK",Mobile,Grocery,0
TXN_008811,USR_0005,8.21,2026-02-04 16:10:11,"Tokyo, JP",Desktop,Grocery,0
TXN_008640,USR_0432,59.53,2026-03-11 06:19:17,Online,POS,Travel,0
TXN_000381,USR_0313,25.31,2026-01-16 06:08:06,"Paris, FR",Desktop,Grocery,0
TXN_010919,USR_0374,27.96,2026-03-28 11:05:48,"Tokyo, JP",Mobile,Retail,0
TXN_001293,USR_0500,11.16,2026-02-04 09:12:21,"London, UK",Mobile,Electronics,0
TXN_001913,USR_0395,54.9,2026-02-10 18:54:05,"New York, US",Mobile,Electronics,0
TXN_006614,USR_0447,149.19,2026-03-02 17:52:29,"New York, US",Mobile,Electronics,0
TXN_000600,USR_0301,37.34,2026-01-09 16:00:16,"London, UK",Mobile,Grocery,0
TXN_003893,USR_0223,22.94,2026-01-14 11:49:07,Online,Desktop,Retail,0
TXN_004142,USR_0279,107.65,2026-02-23 16:34:31,"Paris, FR",Desktop,Grocery,0
TXN_005541,USR_0002,45.68,2026-01-04 08:17:34,"London, UK",Desktop,Electronics,0
TXN_001653,USR_0034,78.98,2026-01-17 21:16:59,Online,Mobile,Travel,0
TXN_007804,USR_0126,24.64,2026-01-26 19:53:47,"London, UK",Mobile,Travel,0
TXN_009457,USR_0189,131.17,2026-01-18 10:13:16,"Paris, FR",Desktop,Electronics,0
TXN_001894,USR_0196,6.13,2026-03-25 19:57:10,"Paris, FR",Desktop,Grocery,0
TXN_001945,USR_0362,1.77,2026-01-14 11:44:46,Online,POS,Retail,0
TXN_003396,USR_0426,49.36,2026-03-12 14:41:38,Online,POS,Electronics,0
TXN_007935,USR_0049,21.1,2026-01-18 21:37:51,"London, UK",Desktop,Retail,0
TXN_004363,USR_0073,12.73,2026-03-27 11:46:01,Online,Desktop,Grocery,0
TXN_011720,USR_0043,1500.0,2026-03-17 23:21:13,"Lagos, NG",Desktop,Electronics,1
TXN_000376,USR_0306,7.37,2026-03-25 08:43:30,"Tokyo, JP",POS,Grocery,0
TXN_001967,USR_0357,55.23,2026-01-17 12:18:02,Online,Mobile,Electronics,0
TXN_003958,USR_0212,49.64,2026-01-29 12:42:49,"Paris, FR",Mobile,Grocery,0
TXN_008064,USR_0172,9.05,2026-03-16 17:01:53,"Tokyo, JP",Mobile,Travel,0
TXN_010526,USR_0470,46.5,2026-03-09 10:12:40,"Paris, FR",Desktop,Grocery,0
TXN_004424,USR_0016,221.97,2026-03-25 13:57:16,Online,POS,Grocery,0
TXN_005352,USR_0391,290.56,2026-01-15 09:21:31,Online,Mobile,Grocery,0
TXN_005697,USR_0295,54.74,2026-04-01 12:11:31,"Paris, FR",Desktop,Grocery,0
TXN_001244,USR_0036,52.57,2026-03-04 14:59:12,Online,Desktop,Retail,0
TXN_011947,USR_0200,1235.48,2026-03-23 01:49:06,"Sydney, AU",Mobile,Gaming,1
TXN_009675,USR_0170,14.97,2026-03-07 16:26:35,"Tokyo, JP",Desktop,Travel,0
TXN_006519,USR_0338,24.18,2026-03-21 07:23:29,Online,POS,Grocery,0
TXN_007483,USR_0023,70.59,2026-01-04 08:31:17,"Paris, FR",Mobile,Grocery,0
TXN_007673,USR_0352,237.09,2026-02-13 12:13:41,"New York, US",Desktop,Electronics,0
TXN_001472,USR_0211,40.91,2026-02-10 18:28:30,"London, UK",Desktop,Retail,0
TXN_003347,USR_0295,36.71,2026-03-09 14:32:58,"New York, US",Mobile,Electronics,0
TXN_004523,USR_0459,30.45,2026-03-27 18:44:01,"Tokyo, JP",POS,Travel,0
TXN_002658,USR_0265,31.86,2026-01-16 06:10:48,"London, UK",Mobile,Retail,0
TXN_002854,USR_0437,47.05,2026-01-12 19:20:59,"Tokyo, JP",Mobile,Electronics,0
TXN_004507,USR_0389,24.22,2026-02-17 19:49:17,"Paris, FR",Desktop,Retail,0
TXN_011371,USR_0353,26.4,2026-03-26 14:59:47,Online,Desktop,Electronics,0
TXN_010778,USR_0355,78.9,2026-01-25 07:26:11,Online,Mobile,Electronics,0
TXN_011727,USR_0230,2622.21,2026-03-29 00:42:00,"Sydney, AU",ATM,Wire_Transfer,1
TXN_004046,USR_0473,12.62,2026-02-06 10:26:42,"Paris, FR",Mobile,Grocery,0
TXN_004063,USR_0028,9.11,2026-01-04 21:09:57,"Tokyo, JP",Mobile,Retail,0
TXN_005327,USR_0462,43.45,2026-03-01 19:11:30,"Paris, FR",Desktop,Travel,0
TXN_007518,USR_0410,50.31,2026-01-12 15:16:15,"New York, US",Mobile,Grocery,0
TXN_009049,USR_0252,38.55,2026-01-18 16:54:42,"New York, US",Desktop,Grocery,0
TXN_006948,USR_0020,8.11,2026-02-01 04:13:54,"London, UK",Desktop,Retail,0
TXN_004307,USR_0036,151.4,2026-04-01 09:43:26,"New York, US",Mobile,Grocery,0
TXN_005140,USR_0245,20.85,2026-03-14 16:42:06,"Paris, FR",POS,Grocery,0
TXN_007059,USR_0197,30.06,2026-03-20 13:13:50,Online,POS,Electronics,0
TXN_009244,USR_0353,68.07,2026-01-18 15:37:16,"London, UK",Desktop,Electronics,0
TXN_009607,USR_0425,21.33,2026-03-15 01:32:52,"London, UK",Desktop,Travel,0
TXN_003991,USR_0182,57.9,2026-03-24 18:54:52,Online,Mobile,Travel,0
TXN_001050,USR_0154,36.91,2026-01-05 12:46:51,Online,Desktop,Grocery,0
TXN_003824,USR_0240,10.3,2026-02-22 09:37:35,Online,Mobile,Retail,0
TXN_009530,USR_0237,39.73,2026-02-10 18:40:37,"Tokyo, JP",Desktop,Travel,0
TXN_010411,USR_0387,71.63,2026-02-27 19:48:35,"London, UK",Desktop,Retail,0
TXN_002036,USR_0399,37.02,2026-02-12 10:01:15,"Tokyo, JP",Mobile,Travel,0
TXN_004040,USR_0071,29.49,2026-03-14 16:44:24,"London, UK",Desktop,Retail,0
TXN_011428,USR_0004,63.84,2026-01-23 16:15:35,"Paris, FR",Mobile,Travel,0
TXN_010441,USR_0123,336.08,2026-01-27 13:27:54,"New York, US",POS,Travel,0
TXN_011224,USR_0066,131.0,2026-02-16 20:59:56,Online,Mobile,Travel,0
TXN_001973,USR_0152,45.74,2026-04-01 08:17:35,"New York, US",Mobile,Retail,0
TXN_006910,USR_0176,25.91,2026-03-03 16:14:33,"New York, US",Desktop,Retail,0
TXN_002100,USR_0088,14.47,2026-03-15 10:27:15,Online,Desktop,Retail,0
TXN_001500,USR_0183,151.3,2026-04-01 15:35:31,"Paris, FR",Desktop,Grocery,0
TXN_005206,USR_0100,64.94,2026-03-03 12:46:25,Online,POS,Retail,0
TXN_003513,USR_0206,75.89,2026-01-21 04:56:08,"Tokyo, JP",POS,Retail,0
TXN_008409,USR_0388,65.63,2026-03-23 10:42:56,"Paris, FR",Desktop,Electronics,0
TXN_000653,USR_0411,169.6,2026-03-11 07:50:01,"Paris, FR",POS,Grocery,0
TXN_000171,USR_0028,28.45,2026-01-25 21:33:23,Online,Desktop,Electronics,0
TXN_004086,USR_0105,204.34,2026-01-02 12:14:01,"London, UK",Mobile,Grocery,0
TXN_000243,USR_0455,37.35,2026-01-30 09:26:21,"Paris, FR",Desktop,Retail,0
TXN_009470,USR_0358,26.6,2026-03-10 11:56:08,"Tokyo, JP",Mobile,Grocery,0
TXN_005799,USR_0075,19.54,2026-01-17 08:33:17,Online,POS,Retail,0
TXN_010190,USR_0303,134.28,2026-01-23 17:56:36,"Paris, FR",Mobile,Grocery,0
TXN_004372,USR_0388,51.63,2026-03-31 18:18:46,Online,POS,Retail,0
TXN_001645,USR_0430,65.73,2026-03-31 20:00:07,"Paris, FR",Desktop,Retail,0
TXN_005595,USR_0345,35.28,2026-02-01 16:11:46,"London, UK",Desktop,Grocery,0
TXN_002757,USR_0179,89.46,2026-03-31 17:41:35,"London, UK",Desktop,Grocery,0
TXN_007641,USR_0111,105.98,2026-01-13 13:32:48,"Tokyo, JP",Mobile,Grocery,0
TXN_009238,USR_0150,30.03,2026-01-19 10:46:45,"Paris, FR",Mobile,Electronics,0
TXN_009020,USR_0337,33.76,2026-01-26 00:08:27,"Tokyo, JP",Desktop,Retail,0
TXN_007887,USR_0249,46.75,2026-03-19 09:01:51,"London, UK",POS,Retail,0
TXN_005232,USR_0095,12.77,2026-04-01 00:37:41,"Tokyo, JP",Desktop,Grocery,0
TXN_002077,USR_0102,56.45,2026-01-10 07:46:42,Online,POS,Retail,0
TXN_004104,USR_0389,31.84,2026-03-10 16:18:45,"Tokyo, JP",POS,Electronics,0
TXN_011470,USR_0025,28.69,2026-03-25 21:01:32,"Paris, FR",Desktop,Retail,0
TXN_003997,USR_0130,34.92,2026-01-20 16:22:35,Online,Mobile,Electronics,0
TXN_004802,USR_0288,107.65,2026-01-07 07:21:10,"Paris, FR",Mobile,Retail,0
TXN_005969,USR_0272,96.47,2026-03-13 16:21:18,Online,Desktop,Grocery,0
TXN_007016,USR_0264,21.26,2026-02-27 22:09:54,"Tokyo, JP",POS,Travel,0
TXN_007091,USR_0187,33.92,2026-01-20 16:08:38,"New York, US",POS,Grocery,0
TXN_007387,USR_0005,21.5,2026-02-19 17:36:34,Online,Mobile,Retail,0
TXN_008332,USR_0162,10.85,2026-02-21 17:47:19,"Tokyo, JP",Mobile,Electronics,0
TXN_010150,USR_0031,26.15,2026-01-20 19:46:31,"Tokyo, JP",POS,Travel,0
TXN_011245,USR_0361,5.87,2026-01-11 17:44:19,Online,Mobile,Grocery,0
TXN_006858,USR_0477,51.73,2026-01-27 11:13:04,Online,POS,Retail,0
TXN_007754,USR_0455,30.86,2026-01-11 19:16:47,Online,POS,Grocery,0
TXN_005850,USR_0500,92.55,2026-02-26 22:40:45,"New York, US",Desktop,Electronics,0
TXN_009192,USR_0361,14.9,2026-02-01 10:55:08,"Paris, FR",Desktop,Travel,0
TXN_006486,USR_0259,164.83,2026-03-03 19:28:35,"London, UK",Desktop,Retail,0
TXN_009977,USR_0448,6.72,2026-03-19 19:10:53,"Paris, FR",Mobile,Grocery,0
TXN_004662,USR_0474,302.08,2026-03-31 13:10:36,"New York, US",Mobile,Travel,0
TXN_004079,USR_0498,14.1,2026-03-04 09:28:56,"Tokyo, JP",Mobile,Retail,0
TXN_006055,USR_0389,34.6,2026-03-02 17:59:16,"New York, US",POS,Travel,0
TXN_010133,USR_0453,28.05,2026-03-03 10:52:51,"New York, US",POS,Grocery,0
TXN_005975,USR_0022,26.59,2026-01-30 09:46:37,"London, UK",Mobile,Grocery,0
TXN_000641,USR_0488,267.3,2026-02-21 07:54:28,Online,POS,Travel,0
TXN_001271,USR_0089,22.04,2026-02-12 21:04:07,"Tokyo, JP",Mobile,Retail,0
TXN_009344,USR_0281,27.41,2026-02-27 10:19:32,"Tokyo, JP",Desktop,Retail,0
TXN_002779,USR_0275,174.82,2026-01-28 17:22:06,"London, UK",POS,Grocery,0
TXN_007625,USR_0099,66.65,2026-03-28 09:43:15,"Tokyo, JP",POS,Grocery,0
TXN_004933,USR_0108,15.88,2026-02-16 10:24:39,"Tokyo, JP",POS,Grocery,0
TXN_006061,USR_0325,16.23,2026-03-31 21:03:17,"London, UK",Mobile,Electronics,0
TXN_001986,USR_0418,10.24,2026-01-23 12:12:36,"Paris, FR",POS,Retail,0
TXN_003862,USR_0173,51.27,2026-03-20 14:39:57,"London, UK",POS,Grocery,0
TXN_003481,USR_0350,22.61,2026-03-22 08:50:15,"Tokyo, JP",Mobile,Electronics,0
TXN_001535,USR_0065,47.83,2026-01-18 09:00:12,"New York, US",Mobile,Electronics,0
TXN_000326,USR_0426,28.34,2026-03-29 18:29:44,"Paris, FR",POS,Retail,0
TXN_005765,USR_0410,37.99,2026-01-25 11:35:24,"New York, US",Desktop,Retail,0
TXN_002339,USR_0008,56.07,2026-01-22 13:07:26,"Tokyo, JP",POS,Electronics,0
TXN_003981,USR_0192,233.48,2026-03-20 14:22:52,"London, UK",Mobile,Retail,0
TXN_009016,USR_0112,67.15,2026-03-01 18:40:29,"New York, US",Desktop,Grocery,0
TXN_010616,USR_0498,36.24,2026-03-23 11:06:26,Online,Mobile,Retail,0
TXN_004055,USR_0419,51.94,2026-03-10 11:41:49,Online,POS,Grocery,0
TXN_002238,USR_0235,140.8,2026-01-16 15:36:24,"New York, US",POS,Grocery,0
TXN_005230,USR_0109,48.08,2026-02-17 14:39:14,"Paris, FR",POS,Retail,0
TXN_009151,USR_0436,28.55,2026-03-31 18:34:32,"Paris, FR",Mobile,Electronics,0
TXN_004572,USR_0417,32.66,2026-03-12 11:51:35,"Tokyo, JP",POS,Retail,0
TXN_011602,USR_0301,8305.54,2026-01-05 22:44:20,"Moscow, RU",ATM,Wire_Transfer,1
TXN_005475,USR_0424,20.4,2026-03-09 14:58:35,Online,Mobile,Grocery,0
TXN_009624,USR_0234,19.94,2026-03-10 09:09:34,"Paris, FR",POS,Electronics,0
TXN_000865,USR_0102,66.45,2026-03-16 17:31:21,"Tokyo, JP",Mobile,Electronics,0
TXN_008206,USR_0181,13.14,2026-01-06 20:33:24,"London, UK",POS,Electronics,0
TXN_004943,USR_0433,19.8,2026-02-09 21:09:02,"London, UK",Mobile,Travel,0
TXN_007978,USR_0273,46.52,2026-01-19 17:54:20,"London, UK",POS,Retail,0
TXN_006011,USR_0155,34.68,2026-03-31 13:54:07,"Tokyo, JP",Mobile,Grocery,0
TXN_007536,USR_0411,46.5,2026-03-29 13:59:34,"Tokyo, JP",Mobile,Retail,0
TXN_000372,USR_0493,6.33,2026-01-21 20:52:20,Online,POS,Grocery,0
TXN_010535,USR_0416,26.45,2026-02-09 06:12:12,"Tokyo, JP",POS,Electronics,0
TXN_010736,USR_0355,43.53,2026-03-26 00:50:00,"London, UK",Desktop,Retail,0
TXN_000610,USR_0086,6.85,2026-02-17 09:08:47,"Tokyo, JP",POS,Grocery,0
TXN_006844,USR_0348,177.47,2026-03-13 08:48:11,Online,Mobile,Grocery,0
TXN_010452,USR_0172,48.82,2026-01-16 12:38:03,Online,Mobile,Retail,0
TXN_008370,USR_0122,15.57,2026-01-26 20:23:56,"London, UK",POS,Grocery,0
TXN_011139,USR_0301,116.68,2026-04-01 10:00:38,"Paris, FR",POS,Retail,0
TXN_009380,USR_0338,14.32,2026-02-13 22:12:05,"Paris, FR",Desktop,Retail,0
TXN_011574,USR_0321,6.61,2026-01-13 12:52:54,"London, UK",Desktop,Grocery,0
TXN_008016,USR_0091,17.79,2026-03-08 06:38:50,"Tokyo, JP",Desktop,Retail,0
TXN_005831,USR_0441,20.69,2026-02-22 10:51:36,"London, UK",Mobile,Electronics,0
TXN_002365,USR_0373,1.64,2026-01-10 09:20:10,Online,Desktop,Grocery,0
TXN_003214,USR_0248,27.99,2026-03-17 13:47:44,"New York, US",POS,Retail,0
TXN_005457,USR_0115,60.03,2026-03-09 17:12:35,"Tokyo, JP",Desktop,Grocery,0
TXN_000912,USR_0381,1.78,2026-01-01 21:36:33,"New York, US",POS,Grocery,0
TXN_010844,USR_0116,17.19,2026-01-19 15:17:43,"New York, US",POS,Electronics,0
TXN_010461,USR_0345,28.05,2026-03-27 19:57:16,Online,Mobile,Retail,0
TXN_003790,USR_0187,24.77,2026-01-04 15:23:51,Online,Desktop,Retail,0
TXN_008778,USR_0227,42.23,2026-01-22 01:32:31,"Paris, FR",Desktop,Retail,0
TXN_010104,USR_0257,72.62,2026-03-04 10:11:29,"Tokyo, JP",Mobile,Grocery,0
TXN_005582,USR_0129,200.64,2026-02-10 13:14:06,"Tokyo, JP",Desktop,Retail,0
TXN_006655,USR_0069,46.38,2026-01-14 06:49:45,"New York, US",Mobile,Retail,0
TXN_010264,USR_0061,24.14,2026-03-16 11:45:05,Online,Desktop,Retail,0
TXN_008398,USR_0231,85.36,2026-01-04 05:52:59,"London, UK",Desktop,Travel,0
TXN_005061,USR_0208,2.66,2026-03-22 07:33:20,"Paris, FR",Desktop,Retail,0
TXN_001424,USR_0173,45.96,2026-01-22 13:01:34,"Tokyo, JP",Mobile,Retail,0
TXN_011764,USR_0375,3349.41,2026-03-30 04:10:21,Online,Desktop,Electronics,1
TXN_000480,USR_0273,24.98,2026-03-12 10:26:00,"New York, US",POS,Electronics,0
TXN_000663,USR_0090,27.85,2026-03-04 10:02:05,"New York, US",Mobile,Travel,0
TXN_006481,USR_0082,50.91,2026-01-03 10:13:55,"Paris, FR",Desktop,Travel,0
TXN_010771,USR_0394,39.46,2026-02-28 14:57:18,Online,Mobile,Grocery,0
TXN_009745,USR_0166,21.47,2026-03-10 19:59:25,Online,Desktop,Electronics,0
TXN_002989,USR_0171,35.86,2026-02-15 15:41:29,"Paris, FR",POS,Electronics,0
TXN_001120,USR_0148,1.75,2026-03-22 20:11:07,"London, UK",Mobile,Grocery,0
TXN_002777,USR_0003,127.88,2026-02-11 19:24:19,"New York, US",POS,Travel,0
TXN_004536,USR_0334,12.29,2026-03-04 17:27:38,"New York, US",Desktop,Grocery,0
TXN_010651,USR_0444,37.74,2026-02-27 10:48:53,"Paris, FR",Mobile,Travel,0
TXN_008047,USR_0491,141.22,2026-03-27 09:57:35,"New York, US",Desktop,Electronics,0
TXN_008297,USR_0208,128.6,2026-03-27 17:59:15,"New York, US",POS,Retail,0
TXN_006350,USR_0324,13.92,2026-01-04 10:23:24,"Tokyo, JP",Desktop,Retail,0
TXN_009923,USR_0371,179.17,2026-03-26 19:05:20,"New York, US",Mobile,Grocery,0
TXN_011185,USR_0207,22.78,2026-01-10 07:19:49,"New York, US",Mobile,Travel,0
TXN_009986,USR_0024,45.7,2026-03-11 20:45:28,"Paris, FR",Mobile,Grocery,0
TXN_005574,USR_0436,26.19,2026-02-05 20:46:13,Online,POS,Retail,0
TXN_006136,USR_0154,64.06,2026-02-16 10:02:14,"New York, US",Mobile,Travel,0
TXN_005270,USR_0158,112.37,2026-02-22 05:40:08,"Tokyo, JP",Mobile,Retail,0
TXN_004428,USR_0197,49.36,2026-01-04 22:06:39,"New York, US",Desktop,Retail,0
TXN_009358,USR_0389,32.6,2026-03-21 16:56:24,"New York, US",Desktop,Retail,0
TXN_005248,USR_0346,35.79,2026-01-15 17:25:30,Online,POS,Retail,0
TXN_008661,USR_0293,18.37,2026-03-22 08:41:13,"New York, US",Desktop,Grocery,0
TXN_003982,USR_0087,65.82,2026-01-20 16:40:44,"Paris, FR",Mobile,Electronics,0
TXN_008652,USR_0249,50.51,2026-02-15 11:14:29,"New York, US",Desktop,Retail,0
TXN_011423,USR_0110,57.2,2026-04-01 09:06:51,"New York, US",POS,Grocery,0
TXN_002894,USR_0147,21.41,2026-01-28 07:27:16,"Tokyo, JP",POS,Retail,0
TXN_002670,USR_0403,20.32,2026-01-21 17:01:31,"London, UK",Desktop,Retail,0
TXN_003978,USR_0364,49.35,2026-01-20 19:33:49,"Paris, FR",Mobile,Electronics,0
TXN_011446,USR_0368,343.37,2026-02-24 13:49:02,"London, UK",Desktop,Retail,0
TXN_000280,USR_0156,129.91,2026-02-05 17:37:03,"Tokyo, JP",POS,Grocery,0
TXN_009471,USR_0344,19.7,2026-02-10 02:49:17,"Paris, FR",POS,Grocery,0
TXN_008918,USR_0333,20.19,2026-01-09 07:56:27,Online,POS,Retail,0
TXN_008872,USR_0003,159.11,2026-03-29 14:49:03,"Tokyo, JP",POS,Grocery,0
TXN_009103,USR_0156,42.41,2026-02-25 11:46:19,"Tokyo, JP",POS,Grocery,0
TXN_005198,USR_0295,177.19,2026-01-01 11:53:26,Online,Desktop,Travel,0
TXN_004665,USR_0018,27.46,2026-02-13 11:57:02,"London, UK",POS,Retail,0
TXN_001695,USR_0071,4.91,2026-02-18 05:41:50,"New York, US",Desktop,Retail,0
TXN_010686,USR_0284,55.4,2026-01-02 13:53:40,Online,Mobile,Retail,0
TXN_005019,USR_0341,12.32,2026-01-13 11:25:36,Online,Mobile,Electronics,0
TXN_006134,USR_0077,22.24,2026-02-02 19:34:34,"Paris, FR",Mobile,Electronics,0
TXN_003480,USR_0163,51.34,2026-03-29 06:33:00,"Paris, FR",POS,Retail,0
TXN_005555,USR_0378,28.89,2026-01-13 21:35:39,Online,POS,Grocery,0
TXN_004417,USR_0481,1.92,2026-01-09 13:40:11,"Tokyo, JP",Desktop,Travel,0
TXN_011168,USR_0101,6.06,2026-01-19 10:31:40,"New York, US",Mobile,Electronics,0
TXN_004156,USR_0270,49.26,2026-01-13 19:41:10,Online,POS,Retail,0
TXN_004884,USR_0292,81.92,2026-01-01 14:53:59,"Paris, FR",Mobile,Grocery,0
TXN_005808,USR_0249,7.21,2026-02-04 12:59:47,"Paris, FR",POS,Electronics,0
TXN_003810,USR_0109,55.6,2026-01-18 05:17:54,"Paris, FR",Mobile,Travel,0
TXN_011853,USR_0025,4878.16,2026-01-23 05:39:15,"Lagos, NG",Mobile,Wire_Transfer,1
TXN_010333,USR_0167,6.9,2026-03-30 15:40:17,"New York, US",Desktop,Travel,0
TXN_009569,USR_0323,8.84,2026-01-30 20:14:51,Online,Desktop,Grocery,0
TXN_004297,USR_0126,11.05,2026-01-27 11:22:15,Online,Mobile,Electronics,0
TXN_006650,USR_0497,92.57,2026-01-21 02:48:10,"Paris, FR",Desktop,Travel,0
TXN_004684,USR_0288,103.9,2026-01-20 14:26:44,"Tokyo, JP",Mobile,Retail,0
TXN_010098,USR_0090,102.81,2026-03-06 19:01:47,"Paris, FR",Desktop,Electronics,0
TXN_009608,USR_0129,198.23,2026-02-06 13:35:57,"New York, US",POS,Grocery,0
TXN_007014,USR_0229,12.44,2026-02-27 12:40:31,"Paris, FR",Desktop,Grocery,0
TXN_005594,USR_0049,54.66,2026-03-30 02:39:33,"London, UK",Mobile,Retail,0
TXN_002210,USR_0198,23.66,2026-02-24 03:25:57,"New York, US",Desktop,Grocery,0
TXN_009464,USR_0135,85.33,2026-01-24 16:21:40,"Paris, FR",Mobile,Travel,0
TXN_008674,USR_0223,42.98,2026-02-11 12:45:28,Online,Mobile,Electronics,0
TXN_005403,USR_0078,91.41,2026-02-25 10:20:38,"Paris, FR",Desktop,Grocery,0
TXN_007965,USR_0040,83.35,2026-03-02 15:32:26,"New York, US",Desktop,Retail,0
TXN_004564,USR_0305,75.1,2026-01-06 18:10:11,"New York, US",Desktop,Grocery,0
TXN_000185,USR_0198,75.6,2026-03-26 07:50:52,"London, UK",Desktop,Grocery,0
TXN_007442,USR_0276,35.87,2026-01-08 13:50:27,"New York, US",POS,Grocery,0
TXN_010355,USR_0476,13.51,2026-03-11 16:18:18,"London, UK",Desktop,Retail,0
TXN_004517,USR_0265,10.57,2026-02-08 13:02:28,"Paris, FR",Desktop,Grocery,0
TXN_002351,USR_0175,203.04,2026-01-07 22:36:33,Online,POS,Travel,0
TXN_000554,USR_0252,140.3,2026-02-23 12:45:53,"Paris, FR",Desktop,Retail,0
TXN_001398,USR_0481,34.4,2026-03-28 20:23:11,"New York, US",POS,Retail,0
TXN_001385,USR_0462,20.03,2026-01-26 08:11:42,"Tokyo, JP",Mobile,Grocery,0
TXN_009395,USR_0308,25.87,2026-03-24 21:44:18,"Tokyo, JP",Mobile,Grocery,0
TXN_011365,USR_0221,42.88,2026-03-26 13:32:27,"Tokyo, JP",Mobile,Electronics,0
TXN_005857,USR_0019,53.88,2026-02-19 09:29:36,"Tokyo, JP",POS,Grocery,0
TXN_004904,USR_0105,22.7,2026-02-27 13:33:41,Online,POS,Retail,0
TXN_000298,USR_0071,58.15,2026-01-20 08:04:18,"New York, US",POS,Travel,0
TXN_000444,USR_0345,16.39,2026-03-11 06:27:34,"Paris, FR",Mobile,Retail,0
TXN_010548,USR_0144,120.46,2026-02-07 10:41:39,"Tokyo, JP",Mobile,Grocery,0
TXN_005216,USR_0232,66.82,2026-01-08 13:15:48,"London, UK",Mobile,Electronics,0
TXN_009307,USR_0462,28.69,2026-02-25 20:00:33,Online,Mobile,Electronics,0
TXN_007243,USR_0184,25.06,2026-02-21 04:53:56,Online,Mobile,Retail,0
TXN_002078,USR_0166,76.67,2026-03-27 18:52:46,"Tokyo, JP",Mobile,Retail,0
TXN_006018,USR_0460,7.55,2026-03-01 19:33:31,"London, UK",POS,Retail,0
TXN_004752,USR_0303,162.31,2026-03-20 12:34:27,"Tokyo, JP",POS,Retail,0
TXN_009588,USR_0207,42.51,2026-01-29 04:17:00,"Tokyo, JP",Mobile,Travel,0
TXN_002230,USR_0228,71.44,2026-02-20 05:03:59,"New York, US",Desktop,Retail,0
TXN_002843,USR_0112,67.74,2026-01-25 02:36:12,Online,Desktop,Retail,0
TXN_002538,USR_0176,48.4,2026-02-13 07:20:22,"Paris, FR",Mobile,Retail,0
TXN_000195,USR_0211,32.71,2026-03-14 05:43:50,"London, UK",Mobile,Retail,0
TXN_009951,USR_0242,59.53,2026-02-05 02:05:22,"New York, US",Desktop,Electronics,0
TXN_007192,USR_0018,117.16,2026-01-25 16:24:37,"Tokyo, JP",Desktop,Electronics,0
TXN_000818,USR_0356,14.31,2026-03-23 09:20:45,"New York, US",Desktop,Travel,0
TXN_003368,USR_0454,18.32,2026-01-08 19:04:19,Online,Mobile,Grocery,0
TXN_006496,USR_0498,52.53,2026-01-20 08:21:21,"Tokyo, JP",Desktop,Retail,0
TXN_002579,USR_0150,18.24,2026-02-09 09:45:10,Online,POS,Grocery,0
TXN_001132,USR_0432,70.41,2026-03-12 17:04:18,"Paris, FR",Mobile,Grocery,0
TXN_006755,USR_0180,122.19,2026-03-12 11:50:26,Online,POS,Electronics,0
TXN_005506,USR_0341,8.92,2026-01-17 04:28:11,"New York, US",Mobile,Grocery,0
TXN_006523,USR_0324,15.82,2026-01-11 13:28:07,"Tokyo, JP",POS,Grocery,0
TXN_007848,USR_0432,221.83,2026-01-23 12:31:22,"Tokyo, JP",POS,Retail,0
TXN_009280,USR_0107,47.68,2026-03-12 14:41:19,"London, UK",Mobile,Electronics,0
TXN_000321,USR_0035,58.97,2026-03-09 18:34:32,Online,POS,Grocery,0
TXN_001372,USR_0399,46.55,2026-03-04 14:26:21,"London, UK",Mobile,Retail,0
TXN_004043,USR_0237,27.98,2026-02-22 14:43:13,"Paris, FR",Desktop,Retail,0
TXN_010576,USR_0482,45.14,2026-01-22 10:48:09,"Tokyo, JP",POS,Retail,0
TXN_007454,USR_0133,75.63,2026-02-21 10:09:06,"Paris, FR",Desktop,Grocery,0
TXN_000908,USR_0448,35.22,2026-01-06 16:44:33,"Paris, FR",Mobile,Retail,0
TXN_000306,USR_0447,70.48,2026-02-02 15:03:41,"Paris, FR",Desktop,Travel,0
TXN_003951,USR_0166,67.68,2026-02-17 17:36:24,"Paris, FR",Desktop,Retail,0
TXN_005530,USR_0051,42.56,2026-01-26 05:34:54,Online,Desktop,Electronics,0
TXN_006825,USR_0061,157.33,2026-03-07 12:17:23,"Paris, FR",Mobile,Grocery,0
TXN_010660,USR_0075,18.62,2026-01-23 14:51:29,"Paris, FR",Desktop,Grocery,0
TXN_008893,USR_0105,20.24,2026-03-03 13:13:39,"Tokyo, JP",POS,Grocery,0
TXN_008914,USR_0026,32.55,2026-03-22 09:43:29,"Tokyo, JP",Mobile,Travel,0
TXN_009045,USR_0295,31.42,2026-03-29 18:10:45,"Paris, FR",Desktop,Electronics,0
TXN_008483,USR_0118,59.76,2026-02-21 03:41:27,"Paris, FR",POS,Travel,0
TXN_010076,USR_0371,21.52,2026-03-17 08:22:44,"New York, US",Desktop,Grocery,0
TXN_000927,USR_0147,44.65,2026-01-25 18:02:50,Online,POS,Travel,0
TXN_000245,USR_0192,7.14,2026-01-20 07:43:59,"Paris, FR",Mobile,Grocery,0
TXN_000016,USR_0432,37.0,2026-01-08 08:14:52,"New York, US",Desktop,Retail,0
TXN_000144,USR_0092,39.9,2026-02-08 09:00:45,Online,Mobile,Grocery,0
TXN_005984,USR_0004,32.86,2026-03-02 16:00:01,"Tokyo, JP",Mobile,Electronics,0
TXN_002364,USR_0343,6.92,2026-01-15 21:22:51,"New York, US",POS,Retail,0
TXN_009259,USR_0070,47.09,2026-01-08 10:50:53,"Paris, FR",Desktop,Retail,0
TXN_000130,USR_0397,1560.45,2026-03-03 15:29:27,Online,Desktop,Grocery,0
TXN_001162,USR_0389,101.6,2026-02-09 13:40:57,"London, UK",Desktop,Retail,0
TXN_008347,USR_0305,23.14,2026-01-10 13:17:22,Online,Desktop,Retail,0
TXN_011750,USR_0400,5522.43,2026-03-16 04:30:49,"Lagos, NG",ATM,Crypto,1
TXN_007501,USR_0425,56.03,2026-03-27 13:17:07,"Paris, FR",POS,Electronics,0
TXN_006756,USR_0036,16.23,2026-03-23 12:36:57,"New York, US",Mobile,Grocery,0
TXN_007472,USR_0200,117.39,2026-03-03 11:11:04,"London, UK",Mobile,Grocery,0
TXN_008105,USR_0061,14.05,2026-01-05 09:16:34,"Tokyo, JP",Desktop,Travel,0
TXN_005459,USR_0422,36.71,2026-03-22 19:05:37,"London, UK",Desktop,Grocery,0
TXN_006871,USR_0136,52.08,2026-03-13 10:02:59,"Paris, FR",Mobile,Grocery,0
TXN_005309,USR_0265,14.88,2026-02-10 17:24:18,"Paris, FR",Mobile,Retail,0
TXN_001877,USR_0301,162.36,2026-03-15 11:36:30,"Tokyo, JP",POS,Electronics,0
TXN_002489,USR_0495,116.21,2026-03-31 09:33:12,Online,Mobile,Retail,0
TXN_007727,USR_0151,16.65,2026-03-14 12:21:30,"Tokyo, JP",Mobile,Grocery,0
TXN_004480,USR_0343,69.08,2026-02-07 08:12:51,"London, UK",Mobile,Retail,0
TXN_001183,USR_0303,19.1,2026-02-25 11:50:27,Online,Desktop,Travel,0
TXN_002526,USR_0372,6.72,2026-01-11 09:21:59,"Tokyo, JP",Desktop,Retail,0
TXN_007766,USR_0435,34.7,2026-01-27 14:24:28,"Paris, FR",Mobile,Retail,0
TXN_001171,USR_0359,48.93,2026-02-27 06:39:22,"Tokyo, JP",Desktop,Retail,0
TXN_010423,USR_0361,14.34,2026-01-24 12:32:23,"New York, US",POS,Grocery,0
TXN_002183,USR_0461,85.63,2026-02-28 04:09:00,"Paris, FR",Desktop,Grocery,0
TXN_011451,USR_0497,41.25,2026-02-24 09:38:52,"Tokyo, JP",POS,Electronics,0
TXN_008926,USR_0032,9.77,2026-03-09 11:13:16,Online,POS,Grocery,0
TXN_011438,USR_0022,8.94,2026-03-11 01:37:15,Online,POS,Grocery,0
TXN_011611,USR_0329,7600.81,2026-01-01 02:10:02,"Moscow, RU",ATM,Wire_Transfer,1
TXN_003372,USR_0418,61.75,2026-01-21 16:13:38,Online,POS,Retail,0
TXN_009723,USR_0049,37.23,2026-02-16 13:46:46,"New York, US",Desktop,Electronics,0
TXN_001860,USR_0027,12.86,2026-01-23 10:54:31,"Paris, FR",Desktop,Electronics,0
TXN_007035,USR_0027,23.96,2026-02-07 20:12:05,"Paris, FR",Mobile,Grocery,0
TXN_006913,USR_0411,10.01,2026-01-24 22:48:12,"Paris, FR",Mobile,Retail,0
TXN_010539,USR_0444,55.05,2026-01-04 10:39:41,"New York, US",POS,Electronics,0
TXN_001879,USR_0223,8.45,2026-02-08 16:36:08,"New York, US",Desktop,Grocery,0
TXN_007040,USR_0295,39.16,2026-03-08 11:32:34,"Tokyo, JP",POS,Electronics,0
TXN_003589,USR_0359,19.83,2026-02-16 14:22:46,"Paris, FR",Mobile,Electronics,0
TXN_008145,USR_0119,58.33,2026-03-15 16:04:20,Online,Desktop,Retail,0
TXN_003122,USR_0152,17.96,2026-02-17 19:03:22,"Paris, FR",Desktop,Electronics,0
TXN_000388,USR_0170,19.23,2026-03-28 05:07:26,Online,Desktop,Electronics,0
TXN_001312,USR_0264,27.57,2026-03-28 16:23:56,"New York, US",Mobile,Retail,0
TXN_001033,USR_0098,43.26,2026-01-25 14:33:42,"London, UK",POS,Electronics,0
TXN_009604,USR_0055,35.24,2026-02-03 17:06:06,Online,POS,Grocery,0
TXN_007855,USR_0290,5.32,2026-01-31 07:26:59,"London, UK",Desktop,Grocery,0
TXN_006383,USR_0241,9.12,2026-03-05 10:35:57,Online,Desktop,Grocery,0
TXN_007656,USR_0239,59.12,2026-03-22 13:03:57,Online,Desktop,Grocery,0
TXN_007440,USR_0238,26.02,2026-02-14 06:07:29,"Tokyo, JP",Desktop,Travel,0
TXN_004937,USR_0489,65.32,2026-01-29 02:36:16,"New York, US",Desktop,Travel,0
TXN_000932,USR_0372,97.52,2026-03-13 11:58:37,"Tokyo, JP",Desktop,Grocery,0
TXN_008853,USR_0064,19.49,2026-02-20 20:28:57,"Paris, FR",Mobile,Retail,0
TXN_004020,USR_0290,61.86,2026-03-08 13:30:13,"New York, US",Mobile,Retail,0
TXN_000692,USR_0402,129.56,2026-02-20 15:30:31,"Tokyo, JP",Mobile,Electronics,0
TXN_008861,USR_0419,227.0,2026-03-10 17:58:12,"Tokyo, JP",Mobile,Grocery,0
TXN_005988,USR_0188,13.2,2026-02-04 09:04:25,"Tokyo, JP",POS,Retail,0
TXN_006365,USR_0017,30.62,2026-02-28 05:27:38,"Paris, FR",Mobile,Grocery,0
TXN_001910,USR_0348,38.06,2026-03-19 10:26:45,"Paris, FR",Mobile,Retail,0
TXN_000830,USR_0309,9.05,2026-01-26 20:49:46,"London, UK",Desktop,Retail,0
TXN_003499,USR_0004,327.64,2026-01-25 15:19:40,Online,Mobile,Electronics,0
TXN_002082,USR_0112,46.18,2026-01-25 19:26:44,Online,Mobile,Travel,0
TXN_010685,USR_0149,30.71,2026-01-19 15:28:41,"Paris, FR",POS,Retail,0
TXN_011327,USR_0305,26.84,2026-01-05 12:09:33,"New York, US",Desktop,Retail,0
TXN_000045,USR_0143,31.95,2026-03-01 13:15:55,"New York, US",Desktop,Travel,0
TXN_003940,USR_0487,16.92,2026-01-05 09:51:44,"London, UK",Mobile,Grocery,0
TXN_007628,USR_0025,14.62,2026-02-18 09:55:32,"Paris, FR",Mobile,Travel,0
TXN_010082,USR_0299,50.0,2026-02-06 13:43:20,"London, UK",Desktop,Grocery,0
TXN_004320,USR_0122,14.8,2026-02-12 12:34:47,"Paris, FR",Mobile,Retail,0
TXN_002966,USR_0288,19.33,2026-03-18 11:18:50,"London, UK",Mobile,Travel,0
TXN_003970,USR_0183,13.03,2026-01-20 11:52:28,Online,Mobile,Grocery,0
TXN_001188,USR_0254,10.6,2026-03-24 19:42:03,"New York, US",Mobile,Retail,0
TXN_011449,USR_0422,15.48,2026-01-26 11:08:47,"Paris, FR",Mobile,Electronics,0
TXN_007696,USR_0337,8.91,2026-03-08 22:07:36,"New York, US",Mobile,Grocery,0
TXN_008441,USR_0348,6.07,2026-01-24 12:35:06,"Tokyo, JP",Mobile,Grocery,0
TXN_009198,USR_0236,92.65,2026-03-19 16:42:53,"London, UK",Desktop,Grocery,0
TXN_000285,USR_0257,15.54,2026-01-20 02:03:28,"New York, US",Desktop,Electronics,0
TXN_010916,USR_0201,85.85,2026-01-13 17:45:03,"Paris, FR",Desktop,Electronics,0
TXN_006309,USR_0479,114.13,2026-01-07 12:58:50,"London, UK",Mobile,Travel,0
TXN_004160,USR_0277,45.35,2026-02-13 16:12:34,"Paris, FR",Mobile,Grocery,0
TXN_003093,USR_0138,22.8,2026-02-16 19:58:16,"Paris, FR",Mobile,Retail,0
TXN_009392,USR_0171,12.05,2026-01-14 18:08:51,"Paris, FR",Mobile,Travel,0
TXN_004557,USR_0031,104.95,2026-01-17 15:53:27,"Paris, FR",Desktop,Retail,0
TXN_005556,USR_0482,15.21,2026-01-02 09:27:04,"Paris, FR",Mobile,Electronics,0
TXN_006631,USR_0362,10.82,2026-03-23 13:54:56,"London, UK",Desktop,Electronics,0
TXN_004324,USR_0104,57.0,2026-02-09 07:13:37,Online,POS,Grocery,0
TXN_007970,USR_0184,27.06,2026-03-06 08:39:48,"London, UK",Mobile,Electronics,0
TXN_007720,USR_0400,36.38,2026-01-08 13:07:16,"London, UK",Mobile,Grocery,0
TXN_003365,USR_0194,130.07,2026-02-12 16:30:40,"Paris, FR",Desktop,Electronics,0
TXN_001405,USR_0394,242.87,2026-02-28 20:06:07,"Tokyo, JP",Desktop,Retail,0
TXN_003196,USR_0482,31.68,2026-02-23 17:01:32,"Tokyo, JP",POS,Electronics,0
TXN_008232,USR_0455,32.73,2026-02-24 09:27:40,"Paris, FR",POS,Grocery,0
TXN_007435,USR_0288,27.26,2026-03-25 10:40:30,"New York, US",Mobile,Grocery,0
TXN_000970,USR_0414,16.81,2026-02-13 10:26:40,Online,POS,Retail,0
TXN_009743,USR_0171,22.67,2026-02-22 11:43:53,"Paris, FR",Desktop,Grocery,0
TXN_006544,USR_0104,17.66,2026-01-28 18:38:49,Online,Desktop,Electronics,0
TXN_003735,USR_0484,3.07,2026-01-25 12:09:59,"Paris, FR",Desktop,Travel,0
TXN_000926,USR_0328,30.64,2026-03-05 13:28:00,"London, UK",POS,Travel,0
TXN_011394,USR_0235,8.98,2026-02-09 10:37:15,Online,Mobile,Travel,0
TXN_008714,USR_0024,44.08,2026-02-11 11:15:17,"London, UK",Desktop,Grocery,0
TXN_004726,USR_0386,42.98,2026-01-11 09:44:34,"Paris, FR",Desktop,Grocery,0
TXN_008150,USR_0417,8.66,2026-01-24 11:25:58,"New York, US",Mobile,Grocery,0
TXN_002852,USR_0478,32.39,2026-03-20 19:33:47,"New York, US",POS,Grocery,0
TXN_011701,USR_0121,999.0,2026-03-25 04:21:43,"Moscow, RU",ATM,Gaming,1
TXN_007509,USR_0160,18.45,2026-02-12 21:56:20,"London, UK",Mobile,Retail,0
TXN_005957,USR_0302,21.73,2026-01-24 17:56:47,"Paris, FR",Mobile,Electronics,0
TXN_000520,USR_0225,63.35,2026-02-07 19:53:44,"New York, US",Desktop,Electronics,0
TXN_010633,USR_0196,30.06,2026-02-02 22:49:08,Online,Desktop,Travel,0
TXN_009586,USR_0225,17.5,2026-03-03 13:57:13,"London, UK",Mobile,Retail,0
TXN_004472,USR_0240,88.05,2026-01-15 09:26:06,"Paris, FR",Mobile,Travel,0
TXN_007461,USR_0487,341.39,2026-01-12 06:32:28,Online,Mobile,Electronics,0
TXN_004349,USR_0101,48.07,2026-02-22 13:34:37,"New York, US",Mobile,Grocery,0
TXN_010768,USR_0066,37.18,2026-03-29 16:33:39,"London, UK",Mobile,Travel,0
TXN_009642,USR_0045,16.45,2026-02-04 02:46:37,Online,POS,Grocery,0
TXN_003627,USR_0026,128.1,2026-02-27 21:37:31,"Paris, FR",Mobile,Grocery,0
TXN_001790,USR_0041,15.6,2026-02-24 09:46:29,"Tokyo, JP",Mobile,Electronics,0
TXN_009934,USR_0310,31.31,2026-02-21 17:50:21,"London, UK",Mobile,Electronics,0
TXN_002060,USR_0030,4.11,2026-02-01 13:44:52,Online,Mobile,Retail,0
TXN_010931,USR_0050,12.43,2026-02-08 07:47:34,Online,Desktop,Grocery,0
TXN_006841,USR_0487,17.14,2026-03-10 13:09:12,"Paris, FR",POS,Retail,0
TXN_004014,USR_0255,22.99,2026-02-15 18:51:11,"New York, US",Desktop,Grocery,0
TXN_006007,USR_0259,107.21,2026-01-21 11:37:58,"New York, US",Desktop,Travel,0
TXN_001903,USR_0401,25.03,2026-01-16 08:11:33,"Tokyo, JP",POS,Retail,0
TXN_006216,USR_0098,157.96,2026-02-22 14:16:48,"New York, US",POS,Electronics,0
TXN_004687,USR_0150,38.43,2026-01-21 11:01:13,Online,POS,Electronics,0
TXN_008073,USR_0113,87.41,2026-02-20 06:24:46,"New York, US",Desktop,Retail,0
TXN_004923,USR_0074,87.48,2026-01-26 15:12:33,"Paris, FR",POS,Retail,0
TXN_007572,USR_0443,20.63,2026-01-06 09:14:28,"New York, US",POS,Travel,0
TXN_007573,USR_0057,38.43,2026-01-19 08:28:22,Online,Mobile,Travel,0
TXN_009044,USR_0307,10.9,2026-01-27 06:10:46,Online,Desktop,Electronics,0
TXN_000076,USR_0440,8.15,2026-03-02 13:14:12,"Paris, FR",Desktop,Grocery,0
TXN_002346,USR_0323,16.25,2026-02-27 09:47:53,"Paris, FR",Desktop,Retail,0
TXN_006448,USR_0317,39.66,2026-02-28 23:37:34,Online,Desktop,Retail,0
TXN_007941,USR_0266,6.64,2026-03-06 17:20:16,"Paris, FR",Desktop,Electronics,0
TXN_000431,USR_0040,5.25,2026-03-14 13:07:03,Online,POS,Retail,0
TXN_004587,USR_0342,20.0,2026-03-07 11:40:58,"Paris, FR",Desktop,Retail,0
TXN_005484,USR_0453,35.29,2026-03-20 14:23:14,"New York, US",Mobile,Electronics,0
TXN_008904,USR_0292,38.19,2026-02-19 17:00:49,"London, UK",Desktop,Grocery,0
TXN_006406,USR_0018,4.36,2026-03-15 20:59:00,"New York, US",POS,Retail,0
TXN_007299,USR_0035,23.54,2026-03-06 19:09:19,"New York, US",POS,Grocery,0
TXN_006809,USR_0269,11.67,2026-03-22 18:25:07,"Paris, FR",Desktop,Electronics,0
TXN_009788,USR_0328,112.43,2026-02-04 04:21:35,"Paris, FR",Desktop,Travel,0
TXN_009203,USR_0444,18.82,2026-02-05 13:24:39,"Paris, FR",Mobile,Electronics,0
TXN_001554,USR_0407,10.47,2026-02-23 20:31:19,"London, UK",Mobile,Travel,0
TXN_005875,USR_0122,12.26,2026-03-02 13:51:37,"Tokyo, JP",POS,Grocery,0
TXN_000241,USR_0259,21.11,2026-03-19 12:27:06,"New York, US",POS,Electronics,0
TXN_000784,USR_0248,28.26,2026-03-14 12:43:28,"London, UK",POS,Retail,0
TXN_009979,USR_0444,9.84,2026-03-08 11:28:04,"Tokyo, JP",POS,Travel,0
TXN_003067,USR_0027,86.83,2026-02-24 18:40:31,Online,Mobile,Retail,0
TXN_011703,USR_0348,5000.0,2026-03-29 01:35:10,"Moscow, RU",Desktop,Wire_Transfer,1
TXN_000978,USR_0317,29.36,2026-01-20 11:05:41,"Paris, FR",Desktop,Retail,0
TXN_004906,USR_0268,26.23,2026-01-07 04:24:44,"New York, US",POS,Retail,0
TXN_006265,USR_0170,43.04,2026-01-27 19:36:07,"Paris, FR",POS,Retail,0
TXN_008995,USR_0483,178.58,2026-02-28 14:08:16,"Paris, FR",POS,Grocery,0
TXN_005696,USR_0360,95.17,2026-01-30 08:44:14,"New York, US",POS,Retail,0
TXN_002942,USR_0053,19.97,2026-03-08 07:10:45,"London, UK",Mobile,Grocery,0
TXN_006854,USR_0365,30.8,2026-01-11 19:16:50,"Tokyo, JP",Mobile,Grocery,0
TXN_009202,USR_0455,145.03,2026-01-12 19:53:38,"Tokyo, JP",Mobile,Grocery,0
TXN_006966,USR_0479,27.93,2026-03-06 11:28:00,"Tokyo, JP",POS,Travel,0
TXN_011665,USR_0249,2689.42,2026-01-20 04:41:19,"Moscow, RU",Desktop,Wire_Transfer,1
TXN_011969,USR_0108,8656.13,2026-03-14 23:08:19,"Sydney, AU",Mobile,Wire_Transfer,1
TXN_009677,USR_0245,5.43,2026-03-09 16:10:42,"Paris, FR",Desktop,Travel,0
TXN_001621,USR_0031,4.11,2026-03-20 06:20:11,"New York, US",POS,Grocery,0
TXN_005643,USR_0331,53.41,2026-02-12 20:50:26,"Paris, FR",POS,Travel,0
TXN_011990,USR_0342,1836.09,2026-02-24 05:06:21,"Moscow, RU",Desktop,Wire_Transfer,1
TXN_002147,USR_0025,63.75,2026-02-20 15:19:44,"Paris, FR",Desktop,Electronics,0
TXN_001802,USR_0454,5.04,2026-01-05 08:58:07,"Paris, FR",POS,Retail,0
TXN_002096,USR_0361,5.55,2026-02-20 08:00:23,"London, UK",POS,Grocery,0
TXN_008830,USR_0306,59.5,2026-03-25 15:50:29,"Paris, FR",Desktop,Electronics,0
TXN_007608,USR_0318,28.65,2026-01-26 16:23:40,"London, UK",Desktop,Electronics,0
TXN_001358,USR_0115,13.07,2026-01-04 09:50:00,"London, UK",Desktop,Grocery,0
TXN_009736,USR_0270,6.93,2026-01-20 11:35:16,"London, UK",POS,Travel,0
TXN_008859,USR_0315,190.52,2026-02-04 11:01:39,"Paris, FR",POS,Retail,0
TXN_011026,USR_0144,29.39,2026-03-16 15:54:44,"Tokyo, JP",Desktop,Travel,0
TXN_006927,USR_0251,17.33,2026-02-20 12:53:31,"Paris, FR",Desktop,Travel,0
TXN_007922,USR_0110,31.66,2026-03-12 12:35:06,"New York, US",Mobile,Grocery,0
TXN_003566,USR_0122,19.51,2026-03-23 19:34:25,"New York, US",Mobile,Retail,0
TXN_011911,USR_0363,6175.93,2026-04-01 22:52:09,"Moscow, RU",Desktop,Crypto,1
TXN_010754,USR_0391,7.09,2026-02-02 15:31:17,"New York, US",POS,Electronics,0
TXN_007883,USR_0428,318.16,2026-03-11 18:00:43,"Paris, FR",POS,Electronics,0
TXN_001610,USR_0444,19.31,2026-01-22 10:45:01,Online,POS,Electronics,0
TXN_003097,USR_0041,20.44,2026-03-09 13:59:16,"Paris, FR",Mobile,Grocery,0
TXN_008014,USR_0153,25.03,2026-02-26 06:24:03,Online,POS,Retail,0
TXN_002416,USR_0264,39.87,2026-03-13 16:54:47,"New York, US",Mobile,Retail,0
TXN_002018,USR_0435,9.75,2026-01-18 06:18:29,"London, UK",POS,Retail,0
TXN_002972,USR_0073,50.27,2026-02-03 17:29:59,"London, UK",Mobile,Electronics,0
TXN_006425,USR_0302,18.51,2026-03-20 11:02:32,"New York, US",Mobile,Grocery,0
TXN_004126,USR_0380,67.19,2026-02-10 18:26:14,"Tokyo, JP",Mobile,Retail,0
TXN_005847,USR_0061,31.81,2026-01-25 10:26:10,"London, UK",Mobile,Electronics,0
TXN_005376,USR_0002,36.72,2026-02-09 08:54:52,Online,Mobile,Retail,0
TXN_011759,USR_0139,8936.74,2026-01-11 01:47:08,"Lagos, NG",Desktop,Gaming,1
TXN_011502,USR_0286,10.8,2026-03-11 15:15:58,"New York, US",POS,Retail,0
TXN_003247,USR_0128,31.65,2026-01-17 11:45:02,"London, UK",Mobile,Electronics,0
TXN_000125,USR_0396,97.81,2026-02-08 11:54:43,Online,Mobile,Travel,0
TXN_001107,USR_0392,48.28,2026-03-22 12:03:12,"Tokyo, JP",Desktop,Retail,0
TXN_011203,USR_0395,10.97,2026-02-19 12:51:55,"Paris, FR",Desktop,Grocery,0
TXN_008125,USR_0365,15.02,2026-03-04 10:36:52,Online,Mobile,Grocery,0
TXN_000841,USR_0059,26.87,2026-03-27 18:22:28,"London, UK",POS,Travel,0
TXN_006395,USR_0269,55.99,2026-01-25 20:57:07,"London, UK",Desktop,Retail,0
TXN_011865,USR_0070,999.0,2026-02-15 01:05:42,"Sydney, AU",ATM,Gaming,1
TXN_005650,USR_0405,10.84,2026-01-10 07:40:26,"London, UK",POS,Electronics,0
TXN_010980,USR_0139,88.4,2026-01-29 09:43:34,"Tokyo, JP",Desktop,Travel,0
TXN_003342,USR_0043,35.94,2026-03-01 10:55:02,"Paris, FR",Desktop,Electronics,0
TXN_000599,USR_0280,34.4,2026-03-29 08:11:48,"Paris, FR",Mobile,Grocery,0
TXN_002124,USR_0240,19.05,2026-03-05 18:27:32,"Paris, FR",Mobile,Grocery,0
TXN_005513,USR_0349,37.13,2026-01-12 16:41:44,"Paris, FR",Mobile,Electronics,0
TXN_008415,USR_0011,12.68,2026-01-20 16:18:07,"New York, US",Desktop,Grocery,0
TXN_009441,USR_0443,53.04,2026-03-09 13:39:15,"Tokyo, JP",POS,Retail,0
TXN_010140,USR_0297,37.93,2026-02-12 14:57:04,"New York, US",Mobile,Grocery,0
TXN_009119,USR_0312,77.48,2026-02-25 07:11:49,"London, UK",POS,Grocery,0
TXN_011594,USR_0273,6579.32,2026-03-10 02:04:34,"Moscow, RU",ATM,Electronics,1
TXN_006000,USR_0361,11.28,2026-01-13 13:39:40,"Paris, FR",Mobile,Grocery,0
TXN_002198,USR_0302,29.08,2026-02-23 15:17:19,"London, UK",Mobile,Travel,0
TXN_004052,USR_0009,4.37,2026-03-09 22:48:43,Online,Mobile,Retail,0
TXN_001217,USR_0259,29.87,2026-01-10 17:54:50,"Tokyo, JP",Desktop,Retail,0
TXN_003363,USR_0055,14.69,2026-02-12 08:49:26,"New York, US",POS,Retail,0
TXN_002502,USR_0313,15.47,2026-03-18 06:48:25,"New York, US",POS,Retail,0
TXN_000726,USR_0347,8.05,2026-01-27 12:17:41,"Paris, FR",POS,Grocery,0
TXN_007137,USR_0097,29.56,2026-02-01 12:45:41,"New York, US",Desktop,Travel,0
TXN_000979,USR_0127,19.39,2026-02-06 16:28:40,"London, UK",Mobile,Travel,0
TXN_000809,USR_0272,23.98,2026-01-07 14:35:59,"Paris, FR",POS,Retail,0
TXN_007339,USR_0394,52.0,2026-03-21 15:19:31,"New York, US",Mobile,Retail,0
TXN_001476,USR_0465,27.54,2026-01-12 12:29:12,"Tokyo, JP",POS,Retail,0
TXN_009010,USR_0123,5.43,2026-03-17 14:21:39,"Tokyo, JP",Mobile,Grocery,0
TXN_007335,USR_0363,29.22,2026-03-17 11:43:26,"Paris, FR",Desktop,Electronics,0
TXN_008010,USR_0227,15.54,2026-01-13 04:27:53,Online,POS,Electronics,0
TXN_004907,USR_0358,44.38,2026-02-02 11:36:41,"Tokyo, JP",Desktop,Grocery,0
TXN_010805,USR_0341,8.7,2026-01-02 00:27:25,"Paris, FR",Desktop,Retail,0
TXN_010830,USR_0321,15.18,2026-01-25 09:43:56,"Tokyo, JP",POS,Electronics,0
TXN_004931,USR_0422,23.49,2026-03-19 12:30:38,"Paris, FR",POS,Retail,0
TXN_004543,USR_0095,17.84,2026-03-28 13:25:17,"Paris, FR",Mobile,Grocery,0
TXN_003963,USR_0418,45.17,2026-03-26 14:17:47,"London, UK",Desktop,Travel,0
TXN_010129,USR_0359,68.08,2026-02-27 15:45:25,"London, UK",Mobile,Travel,0
TXN_002672,USR_0015,31.5,2026-01-04 08:21:01,"Paris, FR",Mobile,Electronics,0
TXN_007104,USR_0464,63.52,2026-02-22 17:22:21,Online,Mobile,Retail,0
TXN_001236,USR_0146,23.16,2026-02-02 12:12:02,"New York, US",POS,Grocery,0
TXN_001226,USR_0155,103.56,2026-03-02 15:47:48,Online,Mobile,Retail,0
TXN_001765,USR_0476,30.29,2026-02-01 14:23:58,"London, UK",Mobile,Grocery,0
TXN_009701,USR_0035,52.02,2026-03-30 20:28:53,Online,POS,Grocery,0
TXN_007681,USR_0151,7.59,2026-01-06 20:21:59,Online,Mobile,Grocery,0
TXN_010572,USR_0082,29.72,2026-01-27 17:28:10,"Tokyo, JP",Desktop,Retail,0
TXN_009750,USR_0175,29.62,2026-03-17 13:05:48,"New York, US",Desktop,Electronics,0
TXN_009673,USR_0397,22.89,2026-03-25 08:48:11,Online,Desktop,Retail,0
TXN_003218,USR_0479,15.72,2026-02-17 22:41:21,"Paris, FR",POS,Grocery,0
TXN_005738,USR_0031,10.98,2026-03-31 09:46:33,"London, UK",Mobile,Electronics,0
TXN_000288,USR_0191,11.23,2026-02-06 19:24:26,"Tokyo, JP",POS,Travel,0
TXN_007437,USR_0126,126.64,2026-03-18 08:41:44,"Tokyo, JP",POS,Retail,0
TXN_002967,USR_0055,14.62,2026-01-01 07:54:01,Online,Mobile,Grocery,0
TXN_003165,USR_0398,26.74,2026-03-31 16:32:06,"Paris, FR",POS,Retail,0
TXN_011290,USR_0022,139.43,2026-02-13 06:27:21,"New York, US",Mobile,Grocery,0
TXN_010661,USR_0132,57.7,2026-03-10 14:40:18,"London, UK",Desktop,Grocery,0
TXN_001658,USR_0186,144.41,2026-03-08 10:48:02,"London, UK",Mobile,Grocery,0
TXN_001976,USR_0128,13.78,2026-01-27 14:34:07,"New York, US",POS,Grocery,0
TXN_002398,USR_0370,40.88,2026-04-01 14:48:46,"Paris, FR",Mobile,Grocery,0
TXN_000453,USR_0286,48.43,2026-03-17 18:56:47,"London, UK",POS,Electronics,0
TXN_002711,USR_0379,25.46,2026-03-16 17:43:09,"London, UK",Desktop,Retail,0
TXN_010985,USR_0175,45.02,2026-02-02 09:07:29,"New York, US",Mobile,Grocery,0
TXN_006793,USR_0004,28.51,2026-03-08 00:07:25,"Tokyo, JP",Mobile,Electronics,0
TXN_003682,USR_0012,74.22,2026-01-22 18:23:58,"Tokyo, JP",Desktop,Retail,0
TXN_006716,USR_0179,155.1,2026-02-11 15:50:47,"Tokyo, JP",Desktop,Grocery,0
TXN_000423,USR_0386,19.3,2026-02-04 01:21:19,Online,POS,Travel,0
TXN_008457,USR_0419,60.41,2026-03-01 07:35:02,"Tokyo, JP",POS,Travel,0
TXN_005317,USR_0244,48.48,2026-01-06 21:46:20,"New York, US",Desktop,Travel,0
TXN_000658,USR_0127,52.12,2026-03-26 11:15:17,Online,POS,Grocery,0
TXN_003302,USR_0101,18.81,2026-02-21 16:18:24,Online,Desktop,Grocery,0
TXN_010105,USR_0427,45.69,2026-02-17 20:37:05,"Tokyo, JP",POS,Retail,0
TXN_002846,USR_0212,16.66,2026-01-07 17:12:13,"Tokyo, JP",POS,Retail,0
TXN_004067,USR_0482,100.15,2026-02-25 13:51:05,Online,POS,Retail,0
TXN_009402,USR_0146,33.66,2026-01-13 17:15:25,"Paris, FR",Desktop,Retail,0
TXN_005245,USR_0014,133.15,2026-03-15 17:10:35,"New York, US",POS,Electronics,0
TXN_001002,USR_0063,54.66,2026-02-01 14:24:49,"Paris, FR",Mobile,Electronics,0
TXN_004199,USR_0015,10.17,2026-02-03 12:18:20,"New York, US",POS,Retail,0
TXN_002419,USR_0454,7.51,2026-02-24 07:31:10,Online,Desktop,Retail,0
TXN_000876,USR_0109,154.97,2026-01-05 11:35:16,Online,POS,Retail,0
TXN_010889,USR_0473,15.93,2026-03-18 08:25:01,"London, UK",Mobile,Grocery,0
TXN_006727,USR_0107,35.78,2026-01-20 19:26:19,"Tokyo, JP",Desktop,Travel,0
TXN_003848,USR_0342,207.24,2026-01-18 08:11:28,"Tokyo, JP",POS,Grocery,0
TXN_000962,USR_0162,32.32,2026-03-04 07:19:16,Online,POS,Grocery,0
TXN_001581,USR_0262,32.09,2026-03-12 10:19:33,"Tokyo, JP",POS,Retail,0
TXN_009726,USR_0135,5.48,2026-03-26 15:19:34,"Tokyo, JP",Mobile,Retail,0
TXN_007329,USR_0289,66.58,2026-02-10 04:16:01,"Paris, FR",Mobile,Travel,0
TXN_002207,USR_0491,211.77,2026-03-13 09:09:05,"Tokyo, JP",Mobile,Electronics,0
TXN_004267,USR_0318,108.77,2026-03-27 18:39:46,"Paris, FR",POS,Grocery,0
TXN_008381,USR_0150,12.68,2026-02-05 15:23:42,"New York, US",Desktop,Electronics,0
TXN_011902,USR_0111,1500.0,2026-02-15 00:04:09,"Lagos, NG",Mobile,Crypto,1
TXN_004232,USR_0095,6.78,2026-01-12 15:59:55,"New York, US",POS,Retail,0
TXN_000758,USR_0302,56.24,2026-02-09 12:10:04,"New York, US",Desktop,Grocery,0
TXN_004867,USR_0493,23.93,2026-02-08 10:31:42,"New York, US",POS,Travel,0
TXN_005407,USR_0283,39.73,2026-03-16 11:12:36,"New York, US",Mobile,Travel,0
TXN_005314,USR_0218,41.68,2026-03-08 17:27:07,"New York, US",POS,Travel,0
TXN_002285,USR_0150,70.1,2026-01-17 15:38:25,"Paris, FR",POS,Grocery,0
TXN_008874,USR_0169,7.55,2026-02-08 08:30:13,Online,POS,Grocery,0
TXN_010414,USR_0461,44.73,2026-03-26 05:20:43,"Paris, FR",Desktop,Electronics,0
TXN_005508,USR_0280,87.93,2026-02-09 21:10:09,"New York, US",Mobile,Retail,0
TXN_005310,USR_0431,19.05,2026-02-27 21:35:16,"New York, US",Mobile,Travel,0
TXN_010656,USR_0466,31.58,2026-02-22 22:22:29,"Paris, FR",POS,Grocery,0
TXN_004828,USR_0303,37.93,2026-01-18 10:02:20,"Tokyo, JP",POS,Travel,0
TXN_009246,USR_0482,84.17,2026-01-21 08:16:20,"New York, US",POS,Travel,0
TXN_007314,USR_0284,51.02,2026-03-05 12:45:35,"Paris, FR",Desktop,Retail,0
TXN_000808,USR_0235,15.54,2026-03-26 11:37:32,"London, UK",Desktop,Grocery,0
TXN_003908,USR_0377,77.72,2026-01-02 23:08:02,"London, UK",Mobile,Grocery,0
TXN_006142,USR_0376,92.4,2026-02-10 19:54:24,Online,Mobile,Grocery,0
TXN_007460,USR_0331,44.25,2026-02-25 19:29:41,"London, UK",Desktop,Grocery,0
TXN_009989,USR_0234,15.99,2026-01-25 12:30:50,Online,Mobile,Grocery,0
TXN_001957,USR_0380,88.04,2026-02-16 06:47:49,Online,POS,Travel,0
TXN_002446,USR_0178,92.31,2026-02-24 05:13:39,Online,Mobile,Retail,0
TXN_008352,USR_0269,12.05,2026-02-27 13:51:19,Online,POS,Travel,0
TXN_009793,USR_0234,7.99,2026-02-06 20:29:46,"Tokyo, JP",Mobile,Electronics,0
TXN_008518,USR_0295,30.69,2026-02-28 18:42:43,"London, UK",Desktop,Grocery,0
TXN_011828,USR_0376,3919.74,2026-03-03 04:04:37,"Sydney, AU",Mobile,Crypto,1
TXN_002403,USR_0150,70.78,2026-02-24 21:05:14,"Paris, FR",POS,Grocery,0
TXN_008645,USR_0161,154.37,2026-02-09 17:01:28,"Paris, FR",Mobile,Grocery,0
TXN_001074,USR_0146,18.31,2026-01-26 12:50:44,Online,Desktop,Grocery,0
TXN_010362,USR_0290,16.34,2026-02-01 13:55:18,"New York, US",Desktop,Electronics,0
TXN_003399,USR_0327,4.64,2026-03-14 12:15:09,"Tokyo, JP",POS,Grocery,0
TXN_004241,USR_0233,15.86,2026-02-09 07:17:30,"London, UK",Desktop,Electronics,0
TXN_006525,USR_0177,147.51,2026-01-21 13:44:20,"London, UK",POS,Electronics,0
TXN_005437,USR_0112,43.99,2026-03-26 09:53:41,"Tokyo, JP",Desktop,Retail,0
TXN_007586,USR_0023,71.97,2026-01-08 07:42:27,"London, UK",POS,Retail,0
TXN_010198,USR_0329,18.75,2026-03-02 12:42:55,Online,Desktop,Retail,0
TXN_002092,USR_0384,332.92,2026-03-21 22:59:34,"New York, US",POS,Retail,0
TXN_004528,USR_0438,72.9,2026-02-27 09:27:16,"New York, US",Desktop,Retail,0
TXN_011993,USR_0118,1500.0,2026-02-03 01:19:24,"Sydney, AU",Mobile,Gaming,1
TXN_001699,USR_0273,53.84,2026-02-18 11:44:23,"Tokyo, JP",POS,Retail,0
TXN_008961,USR_0284,79.78,2026-01-07 10:35:58,"Tokyo, JP",Mobile,Retail,0
TXN_010062,USR_0052,34.07,2026-01-11 17:58:40,Online,Mobile,Grocery,0
TXN_011005,USR_0062,6.7,2026-01-28 15:40:45,"Tokyo, JP",POS,Electronics,0
TXN_008705,USR_0066,5.71,2026-02-04 13:47:43,"Tokyo, JP",Desktop,Electronics,0
TXN_008993,USR_0159,27.05,2026-02-14 17:43:29,Online,Desktop,Retail,0
TXN_001004,USR_0107,65.23,2026-03-02 12:24:43,"Tokyo, JP",Desktop,Retail,0
TXN_010907,USR_0268,62.67,2026-02-11 10:02:00,"Paris, FR",Mobile,Travel,0
TXN_010764,USR_0050,77.01,2026-03-09 13:04:29,"Tokyo, JP",Desktop,Retail,0
TXN_007697,USR_0386,91.97,2026-02-05 05:52:58,"Tokyo, JP",POS,Retail,0
TXN_004652,USR_0428,22.45,2026-01-05 08:37:49,"London, UK",Desktop,Travel,0
TXN_010031,USR_0248,16.79,2026-03-11 15:57:10,"New York, US",POS,Travel,0
TXN_010013,USR_0166,68.71,2026-01-02 06:54:14,"Tokyo, JP",Mobile,Retail,0
TXN_006157,USR_0002,3.18,2026-03-19 20:14:15,Online,Mobile,Electronics,0
TXN_001486,USR_0366,135.7,2026-02-19 15:45:27,Online,Desktop,Grocery,0
TXN_011070,USR_0191,15.84,2026-02-06 09:13:02,Online,Mobile,Grocery,0
TXN_005369,USR_0045,21.53,2026-03-17 14:01:35,"Tokyo, JP",Desktop,Retail,0
TXN_001412,USR_0488,140.28,2026-01-05 09:27:56,"New York, US",Desktop,Retail,0
TXN_006290,USR_0410,22.58,2026-02-09 07:52:57,"London, UK",Mobile,Travel,0
TXN_011317,USR_0398,185.25,2026-02-07 18:19:25,Online,Desktop,Retail,0
TXN_010890,USR_0091,18.98,2026-03-18 14:58:53,Online,POS,Grocery,0
TXN_010841,USR_0254,101.45,2026-01-18 06:31:57,"Tokyo, JP",POS,Retail,0
TXN_000710,USR_0089,170.57,2026-02-05 16:25:09,Online,POS,Electronics,0
TXN_009561,USR_0018,374.68,2026-01-29 15:46:10,"London, UK",POS,Retail,0
TXN_003604,USR_0469,7.99,2026-03-23 17:28:23,"Paris, FR",Desktop,Travel,0
TXN_000986,USR_0080,98.1,2026-02-08 10:00:00,Online,Mobile,Grocery,0
TXN_003077,USR_0380,14.15,2026-03-20 11:17:51,"Paris, FR",Mobile,Grocery,0
TXN_006170,USR_0409,51.05,2026-03-01 17:00:48,"New York, US",Desktop,Retail,0
TXN_011526,USR_0316,33.63,2026-03-16 09:07:24,Online,POS,Retail,0
TXN_008376,USR_0098,27.1,2026-03-01 13:54:27,"London, UK",Mobile,Travel,0
TXN_006714,USR_0213,12.3,2026-01-30 06:38:38,"Tokyo, JP",POS,Grocery,0
TXN_005078,USR_0117,7.5,2026-03-24 18:11:23,"London, UK",POS,Retail,0
TXN_004102,USR_0447,130.07,2026-01-09 07:11:09,"Tokyo, JP",POS,Grocery,0
TXN_007748,USR_0435,122.32,2026-02-04 18:28:05,"Tokyo, JP",POS,Grocery,0
TXN_002723,USR_0413,31.1,2026-03-04 20:15:37,"Paris, FR",Mobile,Travel,0
TXN_011230,USR_0482,28.73,2026-02-13 20:33:49,"Tokyo, JP",POS,Grocery,0
TXN_001269,USR_0416,33.59,2026-03-28 09:25:20,"New York, US",POS,Travel,0
TXN_002463,USR_0432,3.09,2026-01-01 07:19:17,Online,Desktop,Grocery,0
TXN_011906,USR_0076,499.99,2026-01-01 02:02:40,"Moscow, RU",Mobile,Gaming,1
TXN_000269,USR_0208,29.75,2026-04-01 08:40:26,"Tokyo, JP",Mobile,Retail,0
TXN_003581,USR_0474,21.49,2026-03-09 10:48:28,"London, UK",Mobile,Travel,0
TXN_004751,USR_0462,13.95,2026-03-23 11:53:34,"Paris, FR",Mobile,Grocery,0
TXN_007758,USR_0143,33.72,2026-02-04 16:08:16,"Paris, FR",Mobile,Electronics,0
TXN_007150,USR_0418,84.81,2026-03-13 11:04:41,"Paris, FR",Mobile,Grocery,0
TXN_007476,USR_0195,27.79,2026-01-03 03:00:37,Online,POS,Grocery,0
TXN_007451,USR_0054,38.75,2026-03-11 16:58:07,"Tokyo, JP",POS,Retail,0
TXN_008833,USR_0008,12.49,2026-01-11 11:44:53,"Paris, FR",Desktop,Grocery,0
TXN_002822,USR_0441,744.65,2026-02-02 17:58:11,"Tokyo, JP",Desktop,Retail,0
TXN_007877,USR_0410,13.86,2026-01-09 21:00:51,"Tokyo, JP",Mobile,Electronics,0
TXN_000590,USR_0352,40.35,2026-02-26 15:55:13,"New York, US",Mobile,Retail,0
TXN_008403,USR_0111,23.81,2026-01-05 16:26:35,"Tokyo, JP",POS,Travel,0
TXN_010774,USR_0127,22.23,2026-03-04 13:27:42,"Tokyo, JP",Mobile,Grocery,0
TXN_008241,USR_0395,48.14,2026-01-24 19:29:29,"Tokyo, JP",Desktop,Retail,0
TXN_000657,USR_0272,166.29,2026-02-15 19:49:37,"London, UK",Mobile,Grocery,0
TXN_009735,USR_0206,214.27,2026-01-31 12:32:23,Online,POS,Grocery,0
TXN_009498,USR_0267,45.34,2026-02-27 17:52:21,"New York, US",POS,Travel,0
TXN_002038,USR_0283,69.04,2026-01-26 21:40:59,"New York, US",Mobile,Grocery,0
TXN_007915,USR_0205,128.93,2026-02-26 21:32:12,"London, UK",Mobile,Travel,0
TXN_008684,USR_0500,178.73,2026-01-07 12:00:02,"Tokyo, JP",Mobile,Grocery,0
TXN_003759,USR_0277,76.18,2026-02-18 23:45:16,"London, UK",Desktop,Retail,0
TXN_006846,USR_0377,53.6,2026-03-09 16:11:32,"Paris, FR",Mobile,Grocery,0
TXN_006152,USR_0109,27.6,2026-01-09 16:01:12,"New York, US",Desktop,Grocery,0
TXN_011341,USR_0496,58.84,2026-02-07 09:32:18,"London, UK",Desktop,Electronics,0
TXN_002029,USR_0284,46.35,2026-02-03 09:58:36,Online,Desktop,Electronics,0
TXN_008977,USR_0207,176.57,2026-01-09 09:55:07,"Paris, FR",Mobile,Retail,0
TXN_000678,USR_0403,43.87,2026-01-14 20:46:00,"New York, US",Desktop,Retail,0
TXN_008256,USR_0213,28.58,2026-01-11 13:55:14,Online,Desktop,Travel,0
TXN_001233,USR_0173,6.63,2026-03-28 13:44:11,"Tokyo, JP",POS,Grocery,0
TXN_005455,USR_0283,52.18,2026-02-25 07:53:43,"Paris, FR",Mobile,Electronics,0
TXN_007682,USR_0168,47.09,2026-01-01 08:05:31,"London, UK",Desktop,Retail,0
TXN_009364,USR_0302,14.45,2026-02-07 15:00:14,Online,POS,Grocery,0
TXN_007559,USR_0360,58.31,2026-03-30 06:15:59,"London, UK",Desktop,Retail,0
TXN_007287,USR_0102,30.63,2026-03-28 11:11:13,Online,Mobile,Retail,0
TXN_004857,USR_0112,42.61,2026-01-25 12:54:52,"London, UK",POS,Electronics,0
TXN_007895,USR_0080,30.62,2026-04-01 23:16:47,"Tokyo, JP",Mobile,Electronics,0
TXN_002433,USR_0053,38.65,2026-01-28 00:17:11,"Tokyo, JP",POS,Grocery,0
TXN_008625,USR_0233,8.71,2026-01-20 19:14:33,"New York, US",Desktop,Electronics,0
TXN_010152,USR_0423,73.54,2026-01-27 08:25:24,"Paris, FR",Mobile,Grocery,0
TXN_004648,USR_0265,11.38,2026-02-25 09:46:45,"Tokyo, JP",Mobile,Electronics,0
TXN_010795,USR_0372,19.81,2026-03-21 12:28:26,"Paris, FR",Desktop,Retail,0
TXN_007317,USR_0275,13.49,2026-01-11 08:34:36,"London, UK",POS,Retail,0
TXN_000897,USR_0265,35.41,2026-02-21 20:38:36,"New York, US",POS,Electronics,0
TXN_001612,USR_0490,41.29,2026-03-21 17:34:36,"New York, US",POS,Travel,0
TXN_001588,USR_0154,14.4,2026-02-06 18:42:50,Online,POS,Retail,0
TXN_006687,USR_0350,37.86,2026-01-16 14:40:40,Online,POS,Retail,0
TXN_009615,USR_0082,17.17,2026-01-22 15:36:40,"New York, US",Desktop,Grocery,0
TXN_009911,USR_0277,113.35,2026-03-06 14:51:25,"Tokyo, JP",POS,Travel,0
TXN_001720,USR_0379,41.44,2026-03-11 13:58:16,"New York, US",Desktop,Grocery,0
TXN_010580,USR_0021,256.63,2026-03-30 09:41:12,"Tokyo, JP",POS,Travel,0
TXN_009463,USR_0348,24.15,2026-01-27 19:52:21,"London, UK",Desktop,Electronics,0
TXN_003807,USR_0433,12.17,2026-02-16 19:31:53,"New York, US",POS,Travel,0
TXN_008440,USR_0118,166.66,2026-03-22 15:34:18,"Paris, FR",POS,Grocery,0
TXN_008023,USR_0131,37.9,2026-03-25 11:45:14,"New York, US",Mobile,Grocery,0
TXN_004702,USR_0480,48.57,2026-03-18 17:09:26,"Tokyo, JP",Mobile,Retail,0
TXN_003962,USR_0470,34.21,2026-03-13 18:17:20,"London, UK",Mobile,Grocery,0
TXN_007854,USR_0042,13.27,2026-02-23 10:26:35,Online,Desktop,Grocery,0
TXN_005558,USR_0049,25.27,2026-02-22 15:12:53,"New York, US",Mobile,Travel,0
TXN_005565,USR_0422,16.15,2026-01-02 15:31:04,"Paris, FR",Desktop,Grocery,0
TXN_009317,USR_0142,125.31,2026-03-14 10:07:41,"New York, US",Desktop,Grocery,0
TXN_010147,USR_0237,111.09,2026-03-24 07:35:31,"Tokyo, JP",Mobile,Travel,0
TXN_006088,USR_0205,15.34,2026-03-13 14:34:48,"London, UK",Desktop,Retail,0
TXN_000891,USR_0109,26.4,2026-01-20 09:11:10,"Tokyo, JP",POS,Electronics,0
TXN_009970,USR_0300,33.42,2026-03-23 18:32:48,Online,Mobile,Travel,0
TXN_010798,USR_0193,19.34,2026-02-26 03:54:43,"Paris, FR",Desktop,Grocery,0
TXN_004007,USR_0340,4.78,2026-02-21 13:14:36,"Paris, FR",POS,Grocery,0
TXN_004940,USR_0076,21.67,2026-03-25 19:55:51,"New York, US",Mobile,Grocery,0
TXN_009524,USR_0083,118.15,2026-03-19 08:01:32,"Tokyo, JP",Desktop,Travel,0
TXN_008115,USR_0461,76.65,2026-02-23 14:13:07,Online,Desktop,Grocery,0
TXN_005899,USR_0095,6.96,2026-01-13 15:31:09,"New York, US",Desktop,Travel,0
TXN_006174,USR_0294,30.61,2026-04-01 20:48:27,"New York, US",Mobile,Grocery,0
TXN_009052,USR_0362,30.86,2026-03-14 10:24:42,"Tokyo, JP",Desktop,Electronics,0
TXN_005820,USR_0043,58.87,2026-03-27 17:50:57,Online,POS,Travel,0
TXN_008963,USR_0075,46.66,2026-03-03 19:14:40,"Tokyo, JP",Mobile,Electronics,0
TXN_009827,USR_0187,52.2,2026-03-08 15:32:29,Online,Desktop,Grocery,0
TXN_002800,USR_0261,8.25,2026-02-17 12:43:44,"New York, US",Mobile,Grocery,0
TXN_008576,USR_0118,4.88,2026-01-08 17:41:27,"Tokyo, JP",Mobile,Electronics,0
TXN_000585,USR_0245,35.15,2026-01-10 16:14:24,"New York, US",POS,Grocery,0
TXN_003269,USR_0491,6.52,2026-01-03 16:20:49,Online,Desktop,Travel,0
TXN_003933,USR_0078,224.08,2026-01-13 13:43:32,Online,POS,Grocery,0
TXN_004966,USR_0229,59.87,2026-03-16 20:20:45,"Tokyo, JP",Mobile,Electronics,0
TXN_001261,USR_0495,69.7,2026-01-03 23:02:21,"New York, US",Desktop,Electronics,0
TXN_008395,USR_0380,13.68,2026-03-31 11:01:22,"New York, US",Mobile,Grocery,0
TXN_006200,USR_0299,6.22,2026-01-20 22:23:20,"London, UK",POS,Electronics,0
TXN_006693,USR_0198,22.74,2026-02-07 02:23:54,"Tokyo, JP",Desktop,Grocery,0
TXN_000311,USR_0192,6.5,2026-01-29 07:01:20,"New York, US",POS,Electronics,0
TXN_001717,USR_0061,12.65,2026-01-10 14:23:02,Online,Mobile,Grocery,0
TXN_008040,USR_0388,44.79,2026-01-22 10:39:33,"Tokyo, JP",Mobile,Retail,0
TXN_006010,USR_0308,7.25,2026-01-22 19:01:57,"Paris, FR",Desktop,Retail,0
TXN_002053,USR_0479,14.72,2026-02-07 18:10:04,"Tokyo, JP",POS,Grocery,0
TXN_010707,USR_0197,7.87,2026-01-17 11:47:27,Online,Mobile,Retail,0
TXN_004669,USR_0094,76.06,2026-01-24 21:26:26,"Paris, FR",POS,Electronics,0
TXN_004299,USR_0188,4.19,2026-03-23 13:18:28,"London, UK",Mobile,Electronics,0
TXN_006647,USR_0029,113.55,2026-03-02 11:35:35,"New York, US",POS,Retail,0
TXN_003784,USR_0268,102.24,2026-03-20 09:00:23,Online,Mobile,Retail,0
TXN_001009,USR_0203,35.71,2026-02-01 07:00:02,Online,POS,Retail,0
TXN_010009,USR_0422,8.29,2026-01-04 08:27:29,"Paris, FR",POS,Retail,0
TXN_002186,USR_0251,27.21,2026-02-01 20:30:07,"New York, US",Mobile,Travel,0
TXN_003624,USR_0124,38.0,2026-01-18 21:44:54,"Paris, FR",Mobile,Grocery,0
TXN_011741,USR_0255,999.0,2026-01-04 00:55:42,Online,Desktop,Wire_Transfer,1
TXN_009805,USR_0389,50.01,2026-01-26 19:45:09,"New York, US",Desktop,Grocery,0
TXN_011608,USR_0133,3525.44,2026-02-06 23:10:18,Online,Mobile,Wire_Transfer,1
TXN_008497,USR_0181,299.86,2026-01-08 23:18:25,"New York, US",Mobile,Retail,0
TXN_008024,USR_0032,2.42,2026-03-30 17:06:24,"Paris, FR",Mobile,Retail,0
TXN_004835,USR_0359,2.69,2026-02-22 18:24:00,"London, UK",Desktop,Grocery,0
TXN_004060,USR_0242,38.74,2026-03-16 13:08:54,"London, UK",Mobile,Retail,0
TXN_004757,USR_0483,30.7,2026-02-03 09:35:57,Online,Desktop,Retail,0
TXN_007350,USR_0315,45.95,2026-03-03 20:42:57,"Tokyo, JP",POS,Electronics,0
TXN_000091,USR_0110,55.81,2026-03-07 19:30:50,"London, UK",POS,Grocery,0
TXN_001988,USR_0352,11.57,2026-03-19 14:12:04,"London, UK",Mobile,Retail,0
TXN_000471,USR_0214,43.25,2026-02-07 09:09:12,"Tokyo, JP",Mobile,Retail,0
TXN_001327,USR_0033,54.63,2026-01-03 05:55:51,"London, UK",POS,Electronics,0
TXN_011866,USR_0097,9496.67,2026-02-01 00:22:34,Online,ATM,Crypto,1
TXN_009644,USR_0220,80.28,2026-03-01 19:36:20,"London, UK",POS,Grocery,0
TXN_002118,USR_0500,32.39,2026-02-13 22:22:30,Online,POS,Travel,0
TXN_002938,USR_0282,83.57,2026-01-04 09:40:27,"Tokyo, JP",Desktop,Retail,0
TXN_000889,USR_0406,29.96,2026-03-03 09:56:38,"New York, US",POS,Retail,0
TXN_000984,USR_0328,61.27,2026-03-10 21:19:58,"Tokyo, JP",Desktop,Travel,0
TXN_006933,USR_0397,55.75,2026-02-16 20:15:28,"Paris, FR",Mobile,Travel,0
TXN_009069,USR_0222,26.89,2026-03-08 01:20:39,"New York, US",POS,Retail,0
TXN_007702,USR_0389,12.29,2026-01-06 10:08:56,"London, UK",POS,Retail,0
TXN_010314,USR_0309,20.11,2026-03-01 19:08:54,"Paris, FR",Desktop,Grocery,0
TXN_002926,USR_0115,5.19,2026-03-23 00:00:20,"Tokyo, JP",POS,Retail,0
TXN_007800,USR_0270,18.41,2026-03-05 12:12:28,"London, UK",POS,Retail,0
TXN_003215,USR_0428,46.14,2026-03-26 14:59:58,"Paris, FR",POS,Retail,0
TXN_005885,USR_0341,11.16,2026-03-31 22:21:05,"London, UK",Desktop,Retail,0
TXN_002342,USR_0471,53.51,2026-02-19 12:57:27,"Tokyo, JP",Mobile,Retail,0
TXN_008621,USR_0340,33.71,2026-02-12 12:14:55,"New York, US",POS,Grocery,0
TXN_007959,USR_0335,105.95,2026-01-25 16:01:33,"New York, US",POS,Retail,0
TXN_009113,USR_0026,9.96,2026-03-13 05:01:21,Online,POS,Grocery,0
TXN_008545,USR_0242,16.01,2026-02-25 03:15:23,"London, UK",Desktop,Grocery,0
TXN_010086,USR_0032,66.37,2026-01-09 15:58:53,"New York, US",POS,Retail,0
TXN_008122,USR_0082,24.0,2026-03-16 20:26:33,"London, UK",Mobile,Electronics,0
TXN_000628,USR_0252,21.58,2026-01-08 16:09:45,"Tokyo, JP",Mobile,Grocery,0
TXN_007938,USR_0435,142.43,2026-01-12 14:49:18,"Paris, FR",Mobile,Grocery,0
TXN_004948,USR_0257,62.5,2026-03-08 13:48:46,"London, UK",POS,Grocery,0
TXN_005081,USR_0171,50.52,2026-01-17 02:13:19,"London, UK",POS,Retail,0
TXN_004245,USR_0134,73.33,2026-02-07 15:54:57,Online,Mobile,Grocery,0
TXN_007421,USR_0297,10.31,2026-01-24 06:05:52,"Tokyo, JP",Mobile,Grocery,0
TXN_004766,USR_0255,70.61,2026-03-04 15:31:12,"London, UK",Mobile,Retail,0
TXN_001602,USR_0025,25.18,2026-02-09 08:56:18,"London, UK",Mobile,Electronics,0
TXN_011518,USR_0294,39.66,2026-01-13 02:23:57,Online,POS,Retail,0
TXN_001270,USR_0280,12.76,2026-01-18 03:20:53,"London, UK",Mobile,Travel,0
TXN_000129,USR_0223,55.43,2026-01-23 17:46:33,"Tokyo, JP",POS,Travel,0
TXN_009594,USR_0153,3.82,2026-02-11 22:16:41,"Paris, FR",Mobile,Electronics,0
TXN_010233,USR_0196,19.8,2026-03-24 16:33:01,Online,Mobile,Retail,0
TXN_001712,USR_0239,51.89,2026-03-07 03:39:21,"Paris, FR",Desktop,Retail,0
TXN_004183,USR_0180,34.46,2026-03-26 08:31:11,"New York, US",POS,Electronics,0
TXN_008724,USR_0334,7.56,2026-03-27 10:52:26,"Paris, FR",Mobile,Electronics,0
TXN_004236,USR_0088,22.12,2026-01-24 12:37:42,"Tokyo, JP",Mobile,Electronics,0
TXN_006996,USR_0388,71.34,2026-03-04 15:38:28,"London, UK",POS,Travel,0
TXN_007525,USR_0480,17.75,2026-02-02 16:22:29,Online,Mobile,Grocery,0
TXN_002399,USR_0381,41.84,2026-03-11 16:38:58,"London, UK",Mobile,Electronics,0
TXN_010732,USR_0041,362.08,2026-02-23 16:18:52,Online,Mobile,Retail,0
TXN_008837,USR_0410,7.87,2026-01-06 10:27:27,"Paris, FR",Mobile,Electronics,0
TXN_007874,USR_0007,85.09,2026-02-22 16:12:22,"Paris, FR",Desktop,Retail,0
TXN_008461,USR_0214,204.03,2026-01-01 07:45:51,"Paris, FR",Desktop,Electronics,0
TXN_010097,USR_0051,98.95,2026-02-07 13:15:19,"Tokyo, JP",Desktop,Retail,0
TXN_001187,USR_0036,61.7,2026-03-18 12:06:43,Online,Desktop,Grocery,0
TXN_008438,USR_0255,20.48,2026-01-02 09:37:32,"New York, US",Desktop,Retail,0
TXN_011748,USR_0234,3648.35,2026-03-16 00:40:04,"Sydney, AU",Mobile,Electronics,1
TXN_011659,USR_0255,7191.02,2026-02-13 04:19:55,Online,Mobile,Electronics,1
TXN_001978,USR_0136,53.27,2026-01-18 05:26:57,Online,Desktop,Grocery,0
TXN_005315,USR_0241,72.34,2026-02-19 12:28:22,Online,POS,Electronics,0
TXN_011863,USR_0383,6000.3,2026-03-13 04:04:40,Online,Mobile,Wire_Transfer,1
TXN_004248,USR_0353,12.42,2026-01-26 14:15:52,Online,POS,Retail,0
TXN_010927,USR_0314,18.27,2026-03-21 13:43:05,"Tokyo, JP",Desktop,Travel,0
TXN_000916,USR_0349,259.17,2026-02-20 13:48:13,"Paris, FR",POS,Travel,0
TXN_001306,USR_0236,134.5,2026-03-15 04:47:37,"New York, US",Desktop,Retail,0
TXN_007898,USR_0207,21.73,2026-03-06 18:29:35,"New York, US",Desktop,Grocery,0
TXN_003050,USR_0250,38.45,2026-02-19 10:48:55,Online,POS,Travel,0
TXN_007886,USR_0049,64.65,2026-03-25 12:59:10,Online,Mobile,Retail,0
TXN_006654,USR_0236,10.71,2026-01-09 13:26:19,"Paris, FR",POS,Travel,0
TXN_011421,USR_0412,17.83,2026-02-07 08:20:38,"Paris, FR",Mobile,Travel,0
TXN_001274,USR_0193,6.93,2026-01-21 17:01:56,"Paris, FR",Mobile,Grocery,0
TXN_005699,USR_0217,43.95,2026-01-23 13:58:09,"New York, US",Desktop,Grocery,0
TXN_006946,USR_0222,23.08,2026-01-27 02:12:57,"Tokyo, JP",Desktop,Retail,0
TXN_009730,USR_0392,24.36,2026-02-21 06:57:04,"New York, US",Mobile,Travel,0
TXN_002797,USR_0329,42.11,2026-02-10 17:47:03,Online,Mobile,Grocery,0
TXN_006798,USR_0167,23.87,2026-02-03 16:17:36,"Tokyo, JP",Mobile,Retail,0
TXN_001399,USR_0345,96.83,2026-01-14 09:25:28,Online,POS,Electronics,0
TXN_006616,USR_0339,19.07,2026-03-15 10:21:56,"New York, US",Desktop,Retail,0
TXN_003359,USR_0490,16.17,2026-01-11 18:58:48,Online,POS,Retail,0
TXN_000184,USR_0120,27.05,2026-02-22 12:02:20,"Paris, FR",POS,Retail,0
TXN_007318,USR_0330,32.47,2026-03-23 11:51:10,"New York, US",Desktop,Travel,0
TXN_004463,USR_0302,3.6,2026-03-01 12:48:41,Online,Desktop,Grocery,0
TXN_008701,USR_0472,36.56,2026-02-07 10:17:24,Online,Desktop,Grocery,0
TXN_007708,USR_0258,31.35,2026-03-05 02:11:29,"London, UK",POS,Travel,0
TXN_003564,USR_0260,60.82,2026-03-14 17:28:22,"London, UK",POS,Electronics,0
TXN_009089,USR_0221,10.55,2026-01-23 12:28:16,Online,Mobile,Electronics,0
TXN_011142,USR_0226,18.32,2026-01-08 22:08:42,"Tokyo, JP",Mobile,Retail,0
TXN_006514,USR_0165,446.96,2026-03-12 20:49:04,"New York, US",POS,Electronics,0
TXN_004568,USR_0126,28.23,2026-02-15 07:04:02,"London, UK",Desktop,Electronics,0
TXN_009196,USR_0046,101.35,2026-03-12 10:56:36,"New York, US",Mobile,Travel,0
TXN_006604,USR_0005,52.83,2026-01-30 17:00:54,"New York, US",Mobile,Travel,0
TXN_009721,USR_0038,37.54,2026-04-01 16:25:40,"London, UK",POS,Travel,0
TXN_002657,USR_0418,86.08,2026-01-16 20:05:11,Online,POS,Electronics,0
TXN_009954,USR_0335,3.46,2026-01-31 13:26:19,Online,Desktop,Grocery,0
TXN_004306,USR_0152,53.67,2026-01-23 18:33:05,"Paris, FR",Desktop,Grocery,0
TXN_001962,USR_0372,31.06,2026-03-02 08:48:12,Online,POS,Retail,0
TXN_004993,USR_0364,24.48,2026-02-05 09:16:02,"Tokyo, JP",Desktop,Travel,0
TXN_004892,USR_0302,64.3,2026-03-21 16:56:20,"Tokyo, JP",Mobile,Grocery,0
TXN_006139,USR_0343,17.38,2026-03-15 14:26:00,"Paris, FR",Mobile,Grocery,0
TXN_005816,USR_0282,56.72,2026-01-18 11:05:58,"London, UK",Desktop,Retail,0
TXN_005870,USR_0396,105.47,2026-03-14 16:26:28,"New York, US",POS,Grocery,0
TXN_008673,USR_0310,11.05,2026-02-23 10:34:55,"Tokyo, JP",Desktop,Grocery,0
TXN_006396,USR_0286,3.04,2026-03-29 22:23:15,"Tokyo, JP",POS,Electronics,0
TXN_011370,USR_0069,50.18,2026-02-03 19:24:57,"Tokyo, JP",Desktop,Retail,0
TXN_006227,USR_0220,47.98,2026-04-01 14:46:34,"Paris, FR",POS,Grocery,0
TXN_009046,USR_0432,104.93,2026-02-19 10:49:11,"London, UK",Desktop,Travel,0
TXN_011967,USR_0152,4260.16,2026-03-04 01:01:43,Online,Desktop,Electronics,1
TXN_008519,USR_0020,73.01,2026-01-15 23:18:37,"London, UK",POS,Electronics,0
TXN_001252,USR_0277,53.11,2026-01-29 17:00:24,"Paris, FR",Mobile,Travel,0
TXN_003177,USR_0017,184.18,2026-02-02 19:24:11,"Paris, FR",Desktop,Electronics,0
TXN_005073,USR_0070,34.23,2026-01-18 13:17:02,"New York, US",Desktop,Retail,0
TXN_003360,USR_0389,74.41,2026-02-11 16:24:06,"Paris, FR",POS,Retail,0
TXN_007251,USR_0362,16.13,2026-02-24 13:45:25,"Paris, FR",Desktop,Grocery,0
TXN_007927,USR_0297,106.4,2026-03-22 09:44:00,"Tokyo, JP",Desktop,Electronics,0
TXN_009308,USR_0406,8.04,2026-02-03 00:57:04,Online,POS,Travel,0
TXN_010218,USR_0390,33.53,2026-02-15 14:55:05,"New York, US",POS,Travel,0
TXN_010781,USR_0160,67.84,2026-03-17 18:26:54,Online,Desktop,Grocery,0
TXN_003290,USR_0024,6.21,2026-01-23 02:12:52,"London, UK",Mobile,Retail,0
TXN_010823,USR_0037,136.44,2026-01-04 09:34:17,Online,Mobile,Electronics,0
TXN_010476,USR_0214,19.16,2026-01-31 17:15:47,Online,Desktop,Travel,0
TXN_003191,USR_0469,140.86,2026-03-19 16:36:14,"Tokyo, JP",POS,Retail,0
TXN_011549,USR_0058,50.56,2026-04-01 22:28:48,"London, UK",Desktop,Travel,0
TXN_009023,USR_0124,153.49,2026-02-26 10:38:59,Online,Desktop,Retail,0
TXN_001052,USR_0214,5.04,2026-01-16 04:55:49,"London, UK",POS,Electronics,0
TXN_004070,USR_0044,10.8,2026-01-10 07:14:59,Online,POS,Grocery,0
TXN_008760,USR_0237,34.77,2026-03-18 06:57:06,"Tokyo, JP",Desktop,Grocery,0
TXN_003219,USR_0497,29.82,2026-02-10 00:55:29,"New York, US",Mobile,Grocery,0
TXN_008041,USR_0125,53.37,2026-03-26 08:42:01,"Tokyo, JP",POS,Electronics,0
TXN_000273,USR_0174,16.45,2026-01-29 19:21:49,"London, UK",Mobile,Travel,0
TXN_002043,USR_0460,220.91,2026-03-06 17:06:32,"London, UK",Mobile,Travel,0
TXN_004764,USR_0163,32.06,2026-01-29 14:04:42,"London, UK",Desktop,Electronics,0
TXN_007201,USR_0259,12.0,2026-03-11 18:56:40,Online,Desktop,Travel,0
TXN_007543,USR_0398,14.03,2026-02-16 12:40:04,Online,Mobile,Electronics,0
TXN_007666,USR_0372,36.07,2026-02-07 18:10:33,"London, UK",Mobile,Retail,0
TXN_001087,USR_0466,10.03,2026-03-19 13:21:28,Online,Mobile,Retail,0
TXN_001474,USR_0213,61.54,2026-02-17 11:11:25,"Paris, FR",POS,Retail,0
TXN_011312,USR_0283,71.32,2026-01-23 17:34:42,"New York, US",Desktop,Grocery,0
TXN_007921,USR_0343,71.09,2026-01-18 11:01:57,"London, UK",POS,Electronics,0
TXN_009157,USR_0250,50.25,2026-02-19 12:17:51,"Tokyo, JP",Desktop,Grocery,0
TXN_002187,USR_0349,5.24,2026-02-07 21:53:14,Online,POS,Retail,0
TXN_010623,USR_0403,79.69,2026-02-01 15:51:29,"New York, US",Mobile,Retail,0
TXN_004323,USR_0388,20.09,2026-02-19 08:53:53,"Tokyo, JP",POS,Grocery,0
TXN_009061,USR_0192,33.0,2026-02-23 10:27:58,"New York, US",POS,Retail,0
TXN_009553,USR_0007,10.02,2026-02-27 17:48:00,"Paris, FR",POS,Retail,0
TXN_005832,USR_0002,148.2,2026-03-16 12:17:49,Online,Mobile,Retail,0
TXN_008110,USR_0261,47.09,2026-02-16 15:58:41,"London, UK",Desktop,Travel,0
TXN_007991,USR_0443,48.41,2026-02-13 19:46:30,Online,POS,Retail,0
TXN_011233,USR_0098,2.29,2026-02-17 17:15:56,"Tokyo, JP",POS,Travel,0
TXN_008538,USR_0027,11.0,2026-03-12 14:09:12,"New York, US",Mobile,Grocery,0
TXN_004710,USR_0215,114.76,2026-03-11 13:00:27,Online,POS,Grocery,0
TXN_008193,USR_0215,17.03,2026-01-03 13:56:08,"New York, US",Mobile,Grocery,0
TXN_009768,USR_0066,33.67,2026-03-04 06:12:58,"New York, US",POS,Grocery,0
TXN_010504,USR_0181,20.68,2026-02-07 12:29:53,"London, UK",POS,Grocery,0
TXN_010389,USR_0487,38.7,2026-03-30 07:59:51,"Tokyo, JP",POS,Grocery,0
TXN_003479,USR_0265,28.16,2026-03-15 14:12:31,"New York, US",POS,Travel,0
TXN_009158,USR_0082,4.29,2026-03-22 03:20:59,"Paris, FR",Mobile,Retail,0
TXN_003925,USR_0263,101.16,2026-02-20 09:23:23,"New York, US",Desktop,Travel,0
TXN_001749,USR_0123,16.33,2026-01-21 23:17:56,Online,Desktop,Electronics,0
TXN_000733,USR_0153,40.13,2026-03-29 07:06:30,"New York, US",Desktop,Grocery,0
TXN_002554,USR_0350,19.09,2026-01-13 14:24:37,"Paris, FR",Desktop,Retail,0
TXN_010121,USR_0448,81.99,2026-03-28 07:01:54,"Tokyo, JP",Desktop,Electronics,0
TXN_009142,USR_0195,38.25,2026-01-24 10:23:47,"Tokyo, JP",POS,Retail,0
TXN_008882,USR_0186,4.44,2026-01-16 11:13:55,Online,POS,Electronics,0
TXN_010480,USR_0417,16.06,2026-01-31 08:55:20,"New York, US",POS,Retail,0
TXN_002663,USR_0485,360.82,2026-03-25 15:19:14,"New York, US",POS,Electronics,0
TXN_007875,USR_0329,284.38,2026-02-15 10:31:29,"Tokyo, JP",Desktop,Travel,0
TXN_010757,USR_0264,19.79,2026-01-27 21:20:37,"Paris, FR",Mobile,Grocery,0
TXN_003114,USR_0258,28.74,2026-03-05 14:08:51,"New York, US",Mobile,Grocery,0
TXN_003304,USR_0378,12.45,2026-03-31 11:34:54,"New York, US",POS,Retail,0
TXN_006251,USR_0043,9.23,2026-01-22 02:40:28,"London, UK",POS,Retail,0
TXN_001345,USR_0101,19.38,2026-01-03 16:05:34,"Paris, FR",POS,Electronics,0
TXN_010553,USR_0191,15.0,2026-02-05 13:18:01,"London, UK",Desktop,Retail,0
TXN_001691,USR_0226,12.78,2026-01-25 08:40:37,"Tokyo, JP",Mobile,Grocery,0
TXN_007269,USR_0164,53.46,2026-02-01 06:19:45,"Paris, FR",POS,Grocery,0
TXN_009598,USR_0059,18.09,2026-01-29 08:34:42,"London, UK",Mobile,Retail,0
TXN_005049,USR_0130,28.37,2026-02-16 04:17:24,"New York, US",Desktop,Electronics,0
TXN_007301,USR_0135,27.67,2026-02-24 19:04:27,Online,Desktop,Travel,0
TXN_011922,USR_0187,499.99,2026-02-01 00:50:38,Online,Mobile,Electronics,1
TXN_003309,USR_0134,18.79,2026-02-12 02:35:08,"London, UK",Mobile,Retail,0
TXN_001505,USR_0455,60.17,2026-02-12 09:01:18,"New York, US",Desktop,Grocery,0
TXN_010978,USR_0180,14.74,2026-03-31 15:48:13,Online,Mobile,Grocery,0
TXN_001807,USR_0331,81.48,2026-01-19 10:16:38,"Paris, FR",POS,Retail,0
TXN_003872,USR_0168,42.81,2026-01-02 13:13:10,"Tokyo, JP",Mobile,Grocery,0
TXN_007781,USR_0170,67.09,2026-01-05 08:52:28,"Paris, FR",POS,Grocery,0
TXN_003792,USR_0012,44.02,2026-03-30 10:38:15,"London, UK",Mobile,Grocery,0
TXN_005218,USR_0093,49.0,2026-01-29 13:54:05,"Tokyo, JP",POS,Travel,0
TXN_009922,USR_0276,89.64,2026-02-13 17:10:54,"London, UK",Desktop,Retail,0
TXN_011420,USR_0060,4.19,2026-03-28 11:02:08,"Tokyo, JP",Mobile,Retail,0
TXN_001068,USR_0028,72.22,2026-02-01 02:39:59,"London, UK",Desktop,Grocery,0
TXN_008377,USR_0478,45.22,2026-03-02 09:29:14,Online,POS,Travel,0
TXN_011387,USR_0179,11.39,2026-03-14 02:34:39,"New York, US",POS,Grocery,0
TXN_008148,USR_0350,38.11,2026-01-27 16:27:39,"New York, US",Desktop,Electronics,0
TXN_002697,USR_0284,32.32,2026-01-11 12:55:32,"London, UK",Desktop,Travel,0
TXN_006452,USR_0213,17.05,2026-01-01 09:44:21,Online,Desktop,Retail,0
TXN_001849,USR_0304,13.99,2026-01-25 13:47:07,Online,Desktop,Retail,0
TXN_004513,USR_0455,276.16,2026-02-26 12:18:52,"New York, US",Desktop,Travel,0
TXN_008935,USR_0013,55.55,2026-03-09 10:31:46,Online,Mobile,Electronics,0
TXN_011080,USR_0079,75.11,2026-03-13 17:22:58,"Tokyo, JP",Mobile,Grocery,0
TXN_002432,USR_0278,90.55,2026-03-24 10:42:12,"New York, US",POS,Retail,0
TXN_011928,USR_0226,2806.87,2026-02-15 23:21:23,"Sydney, AU",ATM,Electronics,1
TXN_004661,USR_0312,30.31,2026-03-15 15:02:03,"London, UK",Desktop,Retail,0
TXN_006623,USR_0300,14.74,2026-01-24 23:14:20,"New York, US",Desktop,Electronics,0
TXN_003436,USR_0104,13.86,2026-02-14 13:58:25,"New York, US",Desktop,Travel,0
TXN_011646,USR_0363,2478.22,2026-02-14 00:21:36,"Lagos, NG",Mobile,Gaming,1
TXN_011499,USR_0102,11.77,2026-02-14 10:34:03,Online,Desktop,Grocery,0
TXN_000143,USR_0145,4.37,2026-01-13 17:53:12,"Tokyo, JP",Mobile,Grocery,0
TXN_010666,USR_0461,54.2,2026-01-26 14:35:35,"London, UK",Mobile,Retail,0
TXN_005587,USR_0288,13.6,2026-03-20 20:38:55,"London, UK",POS,Grocery,0
TXN_010515,USR_0312,132.53,2026-03-21 19:31:21,"Tokyo, JP",POS,Retail,0
TXN_006993,USR_0155,24.78,2026-03-09 07:55:07,"New York, US",POS,Retail,0
TXN_007560,USR_0323,34.32,2026-03-24 16:14:31,"Paris, FR",Desktop,Grocery,0
TXN_008013,USR_0209,10.39,2026-03-10 13:20:24,"Tokyo, JP",POS,Retail,0
TXN_006805,USR_0477,81.35,2026-03-25 20:28:58,"Paris, FR",Mobile,Grocery,0
TXN_006750,USR_0196,105.37,2026-02-24 18:00:57,"Tokyo, JP",POS,Grocery,0
TXN_006101,USR_0107,8.68,2026-02-08 09:15:59,"New York, US",POS,Grocery,0
TXN_005291,USR_0105,57.9,2026-01-28 20:27:54,"Paris, FR",POS,Travel,0
TXN_007636,USR_0279,69.31,2026-01-04 11:07:25,Online,POS,Retail,0
TXN_003410,USR_0073,153.37,2026-03-30 09:36:39,"Paris, FR",Desktop,Grocery,0
TXN_001118,USR_0447,28.47,2026-03-26 12:55:09,"London, UK",Mobile,Retail,0
TXN_007372,USR_0313,122.31,2026-02-09 10:17:47,"London, UK",Desktop,Electronics,0
TXN_001757,USR_0337,48.86,2026-02-01 06:45:28,"London, UK",Desktop,Grocery,0
TXN_000498,USR_0497,62.36,2026-02-11 13:01:40,"Tokyo, JP",Desktop,Retail,0
TXN_007274,USR_0491,41.74,2026-02-23 17:08:49,"New York, US",Mobile,Travel,0
TXN_007507,USR_0024,47.47,2026-03-13 06:22:08,"New York, US",POS,Electronics,0
TXN_000871,USR_0376,11.89,2026-02-12 15:56:30,"Paris, FR",Desktop,Grocery,0
TXN_003358,USR_0116,33.97,2026-01-06 04:56:26,"New York, US",POS,Grocery,0
TXN_000913,USR_0193,51.24,2026-03-25 12:13:44,"Tokyo, JP",Desktop,Grocery,0
TXN_000722,USR_0124,50.35,2026-02-17 05:31:38,"Paris, FR",Mobile,Retail,0
TXN_002806,USR_0073,26.16,2026-03-18 10:15:39,"Tokyo, JP",Desktop,Electronics,0
TXN_011927,USR_0192,6496.25,2026-03-27 04:09:10,Online,Desktop,Gaming,1
TXN_000887,USR_0188,71.24,2026-03-17 21:41:57,"New York, US",POS,Grocery,0
TXN_011516,USR_0148,13.31,2026-02-01 11:41:28,"Paris, FR",Desktop,Grocery,0
TXN_008820,USR_0149,14.01,2026-01-12 12:57:19,"Tokyo, JP",POS,Retail,0
TXN_009965,USR_0454,219.36,2026-01-25 10:28:17,"New York, US",Mobile,Travel,0
TXN_010051,USR_0010,11.8,2026-03-21 15:24:18,"London, UK",POS,Grocery,0
TXN_001521,USR_0323,11.98,2026-03-24 02:33:05,"Tokyo, JP",Desktop,Retail,0
TXN_010466,USR_0488,32.52,2026-03-02 13:13:45,"Tokyo, JP",POS,Grocery,0
TXN_002747,USR_0014,30.7,2026-03-05 11:14:53,"London, UK",Mobile,Retail,0
TXN_010457,USR_0435,9.97,2026-03-18 13:20:49,"Tokyo, JP",POS,Grocery,0
TXN_003546,USR_0299,35.05,2026-01-24 17:53:59,"New York, US",Desktop,Retail,0
TXN_000315,USR_0482,17.26,2026-03-19 10:33:27,"New York, US",Desktop,Retail,0
TXN_001800,USR_0192,17.86,2026-03-04 12:25:59,"Paris, FR",Desktop,Electronics,0
TXN_000328,USR_0104,21.94,2026-01-06 08:50:12,"New York, US",Desktop,Grocery,0
TXN_008172,USR_0428,5.49,2026-01-23 14:29:51,"London, UK",Desktop,Grocery,0
TXN_004205,USR_0285,30.1,2026-03-11 18:36:35,"London, UK",POS,Grocery,0
TXN_005851,USR_0253,42.56,2026-03-27 12:37:31,"London, UK",Desktop,Grocery,0
TXN_006130,USR_0315,210.77,2026-01-05 07:37:35,"Paris, FR",Mobile,Retail,0
TXN_005448,USR_0326,7.47,2026-01-01 09:19:21,"New York, US",POS,Retail,0
TXN_003130,USR_0064,23.25,2026-02-26 10:48:31,"Paris, FR",POS,Grocery,0
TXN_001997,USR_0322,10.9,2026-03-11 09:07:01,"New York, US",Mobile,Travel,0
TXN_008923,USR_0217,9.4,2026-03-11 09:49:04,"Paris, FR",POS,Retail,0
TXN_003969,USR_0143,6.88,2026-01-08 12:41:52,"New York, US",POS,Electronics,0
TXN_009784,USR_0355,8.06,2026-01-25 13:12:41,"Paris, FR",Desktop,Grocery,0
TXN_007984,USR_0212,23.99,2026-03-10 15:00:38,Online,Mobile,Travel,0
TXN_001974,USR_0024,31.16,2026-03-10 17:15:18,"New York, US",POS,Retail,0
TXN_000337,USR_0228,75.9,2026-02-14 20:28:02,"Tokyo, JP",POS,Retail,0
TXN_002765,USR_0485,11.42,2026-02-22 11:09:49,Online,POS,Travel,0
TXN_010078,USR_0364,44.03,2026-04-01 19:24:04,"Paris, FR",Mobile,Grocery,0
TXN_000276,USR_0132,26.55,2026-01-26 17:11:38,"London, UK",POS,Grocery,0
TXN_002986,USR_0178,82.3,2026-02-22 17:11:37,"Paris, FR",Desktop,Retail,0
TXN_008179,USR_0347,301.28,2026-03-07 13:06:00,"New York, US",Desktop,Travel,0
TXN_004621,USR_0026,26.56,2026-01-11 14:36:14,"London, UK",Desktop,Retail,0
TXN_006532,USR_0238,1.7,2026-01-26 16:01:32,Online,Mobile,Grocery,0
TXN_003478,USR_0469,17.96,2026-02-25 19:32:31,"London, UK",Mobile,Grocery,0
TXN_007796,USR_0171,7.81,2026-01-21 13:39:18,"Paris, FR",Mobile,Grocery,0
TXN_003559,USR_0467,4.72,2026-03-05 17:46:07,"London, UK",Desktop,Electronics,0
TXN_008082,USR_0051,15.45,2026-02-24 20:12:25,"Paris, FR",POS,Grocery,0
TXN_002810,USR_0308,4.11,2026-01-02 11:40:44,"Paris, FR",Mobile,Electronics,0
TXN_010926,USR_0255,51.79,2026-02-13 08:55:00,"New York, US",Mobile,Retail,0
TXN_004862,USR_0225,28.85,2026-03-02 15:58:15,Online,POS,Retail,0
TXN_002335,USR_0292,19.79,2026-01-17 19:59:34,"London, UK",Desktop,Electronics,0
TXN_008710,USR_0121,105.19,2026-03-16 12:09:41,"Tokyo, JP",POS,Electronics,0
TXN_005247,USR_0409,13.01,2026-03-21 14:03:09,"London, UK",Mobile,Grocery,0
TXN_003417,USR_0278,34.79,2026-01-20 14:15:37,"Tokyo, JP",POS,Grocery,0
TXN_000308,USR_0043,70.2,2026-01-21 09:17:28,Online,Mobile,Retail,0
TXN_003909,USR_0480,79.76,2026-03-31 11:09:14,"London, UK",Mobile,Electronics,0
TXN_009125,USR_0358,29.71,2026-03-02 15:03:34,"Tokyo, JP",POS,Grocery,0
TXN_000349,USR_0364,25.28,2026-01-09 17:35:34,"Tokyo, JP",Desktop,Retail,0
TXN_005919,USR_0230,43.56,2026-01-31 18:56:51,"Tokyo, JP",Mobile,Retail,0
TXN_000827,USR_0214,54.11,2026-03-29 17:20:35,"New York, US",Mobile,Electronics,0
TXN_005297,USR_0427,44.35,2026-01-07 13:07:55,"London, UK",Mobile,Grocery,0
TXN_007244,USR_0149,47.14,2026-01-24 15:34:16,"New York, US",POS,Retail,0
TXN_011399,USR_0343,84.33,2026-02-12 16:10:14,"Paris, FR",Mobile,Grocery,0
TXN_009654,USR_0494,30.8,2026-03-26 06:42:20,"Paris, FR",Desktop,Electronics,0
TXN_004483,USR_0434,163.6,2026-02-28 09:16:25,"Paris, FR",Mobile,Retail,0
TXN_008810,USR_0432,45.3,2026-02-12 13:24:09,"Tokyo, JP",Desktop,Grocery,0
TXN_003683,USR_0075,23.59,2026-02-03 06:07:39,"New York, US",Desktop,Grocery,0
TXN_011684,USR_0137,1500.0,2026-03-22 05:56:30,"Sydney, AU",Mobile,Gaming,1
TXN_010872,USR_0332,34.05,2026-03-24 09:28:14,"New York, US",Desktop,Travel,0
TXN_002054,USR_0181,10.87,2026-01-12 19:04:11,"Paris, FR",Desktop,Retail,0
TXN_009973,USR_0439,82.18,2026-03-16 14:16:28,"New York, US",Desktop,Grocery,0
TXN_011531,USR_0223,156.2,2026-03-03 18:13:44,Online,Mobile,Grocery,0
TXN_000072,USR_0342,44.77,2026-01-14 12:22:49,Online,Desktop,Travel,0
TXN_007976,USR_0382,27.6,2026-02-09 21:20:14,"Paris, FR",Desktop,Retail,0
TXN_006856,USR_0473,37.61,2026-02-06 20:22:09,Online,POS,Retail,0
TXN_010910,USR_0319,50.86,2026-03-17 15:58:32,"Paris, FR",Desktop,Electronics,0
TXN_011426,USR_0180,60.49,2026-01-05 10:53:11,"Paris, FR",POS,Grocery,0
TXN_006752,USR_0221,383.21,2026-03-16 10:07:42,"New York, US",Desktop,Grocery,0
TXN_009101,USR_0055,52.58,2026-03-07 11:46:04,"London, UK",Desktop,Travel,0
TXN_008599,USR_0184,6.6,2026-01-22 20:36:01,"Tokyo, JP",POS,Electronics,0
TXN_009786,USR_0107,4.71,2026-03-08 05:28:32,Online,Desktop,Travel,0
TXN_007946,USR_0035,27.72,2026-03-09 21:14:09,"New York, US",Mobile,Grocery,0
TXN_005357,USR_0234,75.2,2026-03-13 17:58:54,"London, UK",Mobile,Grocery,0
TXN_001667,USR_0499,36.06,2026-01-08 09:58:02,"Paris, FR",Desktop,Electronics,0
TXN_005571,USR_0191,5.94,2026-03-08 03:49:21,Online,Mobile,Grocery,0
TXN_008542,USR_0284,44.14,2026-01-10 06:38:57,"New York, US",Mobile,Grocery,0
TXN_000053,USR_0492,82.72,2026-03-07 18:05:54,"London, UK",Mobile,Travel,0
TXN_010318,USR_0347,25.88,2026-01-08 23:13:32,"Tokyo, JP",POS,Grocery,0
TXN_006264,USR_0343,23.93,2026-02-04 18:43:09,"Tokyo, JP",Mobile,Retail,0
TXN_001446,USR_0104,48.89,2026-01-21 08:17:08,"New York, US",Desktop,Grocery,0
TXN_007580,USR_0048,61.87,2026-02-02 21:09:10,"New York, US",POS,Grocery,0
TXN_009266,USR_0172,119.34,2026-01-14 13:16:15,Online,POS,Retail,0
TXN_008143,USR_0070,108.08,2026-01-22 12:54:56,"Paris, FR",Mobile,Retail,0
TXN_001696,USR_0157,14.01,2026-02-28 05:15:23,"Tokyo, JP",POS,Retail,0
TXN_002893,USR_0326,8.33,2026-03-17 21:18:38,"Paris, FR",POS,Electronics,0
TXN_011997,USR_0353,2260.13,2026-02-23 23:44:16,Online,ATM,Gaming,1
TXN_001575,USR_0161,9.94,2026-02-14 09:00:52,"Tokyo, JP",POS,Travel,0
TXN_008911,USR_0030,12.58,2026-03-13 20:49:33,"London, UK",Mobile,Retail,0
TXN_003204,USR_0355,125.7,2026-03-12 14:40:04,"New York, US",Mobile,Grocery,0
TXN_004406,USR_0306,30.64,2026-02-02 09:18:37,"Tokyo, JP",Desktop,Retail,0
TXN_001631,USR_0493,38.14,2026-03-13 14:28:02,"New York, US",Desktop,Travel,0
TXN_010090,USR_0020,12.61,2026-03-18 14:25:47,"Tokyo, JP",Mobile,Electronics,0
TXN_001882,USR_0266,25.98,2026-03-16 10:34:45,"New York, US",Mobile,Electronics,0
TXN_011900,USR_0271,3426.06,2026-03-13 02:58:12,"Sydney, AU",Mobile,Wire_Transfer,1
TXN_005113,USR_0402,153.3,2026-01-26 07:37:49,"Tokyo, JP",Desktop,Retail,0
TXN_005709,USR_0497,69.18,2026-01-27 13:58:23,"New York, US",POS,Electronics,0
TXN_005075,USR_0194,41.13,2026-01-18 10:41:01,"New York, US",POS,Electronics,0
TXN_005510,USR_0017,26.98,2026-03-12 09:47:12,"New York, US",POS,Retail,0
TXN_010583,USR_0190,11.28,2026-01-24 22:59:05,"New York, US",POS,Electronics,0
TXN_008091,USR_0156,31.45,2026-02-28 19:21:17,"Paris, FR",Mobile,Electronics,0
TXN_000849,USR_0383,13.63,2026-03-29 10:09:01,"Paris, FR",POS,Grocery,0
TXN_002925,USR_0074,9.01,2026-02-16 14:54:49,"New York, US",Desktop,Retail,0
TXN_008543,USR_0212,83.13,2026-02-26 10:51:51,"London, UK",POS,Grocery,0
TXN_008345,USR_0466,120.35,2026-03-23 21:00:16,"Paris, FR",Mobile,Retail,0
TXN_002878,USR_0251,182.02,2026-02-06 10:17:05,"Paris, FR",POS,Grocery,0
TXN_006368,USR_0326,34.13,2026-01-10 14:47:38,"London, UK",POS,Retail,0
TXN_009713,USR_0470,19.97,2026-01-14 11:49:24,"London, UK",POS,Retail,0
TXN_000187,USR_0270,122.18,2026-02-28 10:00:46,"London, UK",Desktop,Electronics,0
TXN_003780,USR_0007,16.4,2026-03-24 14:25:58,"Tokyo, JP",Desktop,Grocery,0
TXN_001831,USR_0385,60.54,2026-02-01 17:23:28,Online,POS,Electronics,0
TXN_009188,USR_0457,38.69,2026-01-30 15:06:07,"London, UK",Desktop,Grocery,0
TXN_002960,USR_0022,14.26,2026-02-19 17:51:06,"London, UK",Mobile,Travel,0
TXN_007186,USR_0495,41.38,2026-03-03 16:44:42,"Paris, FR",POS,Retail,0
TXN_011085,USR_0251,7.88,2026-03-11 13:55:28,"Paris, FR",POS,Travel,0
TXN_009234,USR_0446,45.17,2026-03-23 16:35:53,"Paris, FR",Mobile,Grocery,0
TXN_006905,USR_0145,169.87,2026-01-24 09:47:12,"Paris, FR",Desktop,Retail,0
TXN_005447,USR_0180,110.34,2026-01-15 20:22:02,"London, UK",POS,Electronics,0
TXN_006588,USR_0265,29.49,2026-02-25 08:47:30,"Tokyo, JP",Mobile,Retail,0
TXN_001235,USR_0269,27.38,2026-01-14 18:43:28,"Tokyo, JP",Mobile,Electronics,0
TXN_008412,USR_0014,9.5,2026-03-22 00:34:58,"Tokyo, JP",Desktop,Travel,0
TXN_003916,USR_0115,81.3,2026-01-17 23:49:04,"New York, US",POS,Retail,0
TXN_000447,USR_0035,67.21,2026-01-13 17:38:02,"Paris, FR",POS,Electronics,0
TXN_008910,USR_0258,24.45,2026-01-04 02:22:13,"Paris, FR",Mobile,Travel,0
TXN_005840,USR_0332,19.54,2026-03-23 13:31:19,"New York, US",Desktop,Travel,0
TXN_000845,USR_0023,109.58,2026-02-07 13:57:41,"London, UK",Desktop,Travel,0
TXN_005202,USR_0232,25.75,2026-02-04 11:23:28,"New York, US",Mobile,Retail,0
TXN_010544,USR_0473,24.47,2026-03-04 19:07:57,"London, UK",Mobile,Retail,0
TXN_008263,USR_0348,199.69,2026-03-01 16:36:05,"Paris, FR",POS,Electronics,0
TXN_007494,USR_0376,17.68,2026-03-19 06:32:32,"Paris, FR",Mobile,Retail,0
TXN_007832,USR_0184,41.74,2026-01-11 17:24:43,"Tokyo, JP",POS,Travel,0
TXN_002441,USR_0182,53.15,2026-02-09 14:53:33,"Tokyo, JP",POS,Grocery,0
TXN_003104,USR_0092,91.98,2026-01-20 12:34:59,"London, UK",Mobile,Grocery,0
TXN_010292,USR_0353,206.53,2026-01-06 08:11:59,Online,Desktop,Grocery,0
TXN_004775,USR_0212,8.39,2026-02-11 09:04:49,Online,Mobile,Retail,0
TXN_008819,USR_0196,29.33,2026-02-11 19:56:02,"Tokyo, JP",Desktop,Electronics,0
TXN_006975,USR_0097,45.12,2026-01-16 22:55:28,Online,POS,Retail,0
TXN_006095,USR_0191,16.26,2026-01-14 14:41:16,"Tokyo, JP",Desktop,Travel,0
TXN_001295,USR_0215,65.32,2026-01-22 17:48:21,"London, UK",Desktop,Travel,0
TXN_009485,USR_0255,15.3,2026-02-17 18:24:50,"Tokyo, JP",POS,Retail,0
TXN_005519,USR_0407,6.12,2026-03-25 08:42:34,Online,Desktop,Grocery,0
TXN_011375,USR_0042,46.68,2026-03-06 11:03:03,"London, UK",Mobile,Electronics,0
TXN_005068,USR_0346,66.33,2026-02-11 11:58:53,"London, UK",Mobile,Grocery,0
TXN_003443,USR_0443,13.53,2026-03-16 12:20:03,"London, UK",Desktop,Grocery,0
TXN_010123,USR_0013,26.26,2026-03-26 10:08:27,"New York, US",POS,Grocery,0
TXN_009261,USR_0285,12.29,2026-02-15 20:24:10,"Tokyo, JP",Mobile,Travel,0
TXN_009995,USR_0218,17.15,2026-01-22 07:19:47,"Paris, FR",POS,Electronics,0
TXN_002838,USR_0011,9.64,2026-02-25 08:51:19,"London, UK",Mobile,Retail,0
TXN_000777,USR_0136,18.61,2026-03-01 01:03:06,"London, UK",Mobile,Grocery,0
TXN_011658,USR_0032,4517.31,2026-03-26 02:51:22,"Sydney, AU",ATM,Electronics,1
TXN_011140,USR_0184,68.31,2026-01-13 12:53:53,"Tokyo, JP",POS,Grocery,0
TXN_006325,USR_0260,67.24,2026-02-10 18:28:32,"London, UK",POS,Retail,0
TXN_002154,USR_0406,43.35,2026-02-18 11:17:44,"London, UK",Mobile,Travel,0
TXN_005559,USR_0237,84.32,2026-02-16 12:53:22,"Paris, FR",Mobile,Electronics,0
TXN_004921,USR_0167,20.14,2026-01-14 17:09:11,"Tokyo, JP",Desktop,Grocery,0
TXN_007772,USR_0317,40.16,2026-03-22 17:24:27,"New York, US",POS,Retail,0
TXN_011389,USR_0240,22.81,2026-03-09 18:12:03,"Paris, FR",Mobile,Retail,0
TXN_008009,USR_0158,38.22,2026-02-27 07:37:52,Online,Desktop,Grocery,0
TXN_003137,USR_0291,27.86,2026-02-02 16:58:13,"New York, US",Mobile,Retail,0
TXN_010103,USR_0170,15.13,2026-02-27 16:31:11,"New York, US",Mobile,Electronics,0
TXN_005463,USR_0213,20.85,2026-02-28 15:12:15,"Paris, FR",Desktop,Retail,0
TXN_008736,USR_0083,78.52,2026-03-02 13:59:46,"Paris, FR",Mobile,Travel,0
TXN_011820,USR_0197,999.0,2026-03-11 02:26:29,"Sydney, AU",ATM,Gaming,1
TXN_003184,USR_0324,67.16,2026-02-16 14:45:21,Online,Desktop,Grocery,0
TXN_009962,USR_0267,11.73,2026-02-01 13:40:51,Online,Desktop,Retail,0
TXN_001944,USR_0359,9.44,2026-02-01 11:42:52,"Paris, FR",Mobile,Retail,0
TXN_009547,USR_0451,24.0,2026-01-30 22:03:25,"Tokyo, JP",POS,Retail,0
TXN_003200,USR_0220,7.55,2026-01-11 11:21:41,"London, UK",Desktop,Grocery,0
TXN_010402,USR_0382,26.98,2026-01-28 15:13:44,"New York, US",Mobile,Retail,0
TXN_001290,USR_0457,20.34,2026-01-29 11:04:30,Online,Desktop,Grocery,0
TXN_004582,USR_0197,15.89,2026-01-24 09:38:49,"Tokyo, JP",POS,Grocery,0
TXN_006336,USR_0392,207.29,2026-01-18 19:59:52,"Paris, FR",Desktop,Retail,0
TXN_002501,USR_0092,4.77,2026-01-31 13:23:23,"Tokyo, JP",POS,Grocery,0
TXN_011411,USR_0349,17.07,2026-03-27 17:56:05,"London, UK",Desktop,Grocery,0
TXN_010713,USR_0186,53.16,2026-03-09 15:46:53,"Paris, FR",Mobile,Grocery,0
TXN_011450,USR_0356,42.62,2026-03-28 12:22:09,"Tokyo, JP",Mobile,Electronics,0
TXN_010149,USR_0035,17.13,2026-03-05 18:33:16,"Tokyo, JP",Desktop,Grocery,0
TXN_004107,USR_0044,1.73,2026-01-12 08:03:07,Online,Desktop,Travel,0
TXN_004127,USR_0472,8.37,2026-03-05 13:30:20,"London, UK",Mobile,Grocery,0
TXN_009835,USR_0107,31.65,2026-02-17 18:39:12,"Tokyo, JP",Mobile,Grocery,0
TXN_006934,USR_0332,20.23,2026-01-01 18:35:46,"Tokyo, JP",POS,Electronics,0
TXN_003967,USR_0237,164.9,2026-02-27 06:08:36,"Paris, FR",Desktop,Electronics,0
TXN_001880,USR_0366,28.53,2026-03-10 13:11:25,"New York, US",Desktop,Travel,0
TXN_010180,USR_0369,24.77,2026-03-21 13:12:50,"London, UK",Mobile,Grocery,0
TXN_011153,USR_0453,68.54,2026-01-28 09:01:37,Online,Mobile,Retail,0
TXN_009755,USR_0305,12.61,2026-01-20 03:10:18,"London, UK",Mobile,Retail,0
TXN_005458,USR_0176,17.94,2026-01-11 07:16:40,"Paris, FR",Mobile,Travel,0
TXN_007459,USR_0229,65.53,2026-02-04 01:39:04,"New York, US",Mobile,Retail,0
TXN_003588,USR_0306,7.4,2026-02-06 16:24:08,"New York, US",POS,Retail,0
TXN_010543,USR_0246,87.14,2026-03-06 08:15:53,Online,POS,Grocery,0
TXN_003866,USR_0204,15.57,2026-03-15 13:27:58,Online,Mobile,Grocery,0
TXN_002149,USR_0115,14.06,2026-01-07 11:52:00,"London, UK",Mobile,Grocery,0
TXN_004132,USR_0078,44.76,2026-03-17 06:20:20,Online,Desktop,Retail,0
TXN_001037,USR_0259,166.04,2026-02-13 07:42:10,Online,POS,Retail,0
TXN_000637,USR_0232,68.9,2026-02-09 10:29:16,"New York, US",Mobile,Retail,0
TXN_007217,USR_0173,27.37,2026-01-18 08:04:16,"New York, US",POS,Retail,0
TXN_009826,USR_0410,100.72,2026-02-14 01:23:50,"New York, US",Mobile,Grocery,0
TXN_004135,USR_0194,18.18,2026-01-10 09:21:42,"Tokyo, JP",POS,Travel,0
TXN_007742,USR_0106,25.35,2026-01-07 11:52:40,"New York, US",Desktop,Electronics,0
TXN_001084,USR_0116,23.72,2026-01-20 18:21:57,"Paris, FR",POS,Retail,0
TXN_006712,USR_0079,96.16,2026-01-14 16:20:22,Online,Desktop,Retail,0
TXN_000862,USR_0095,59.89,2026-01-29 18:39:53,"Tokyo, JP",Mobile,Grocery,0
TXN_005213,USR_0308,20.85,2026-01-14 13:20:34,"Tokyo, JP",Desktop,Retail,0
TXN_000904,USR_0424,31.96,2026-01-20 10:38:06,"London, UK",Desktop,Travel,0
TXN_000192,USR_0047,268.38,2026-02-25 10:06:48,"New York, US",Desktop,Retail,0
TXN_000110,USR_0377,14.05,2026-03-11 02:51:38,"London, UK",Desktop,Retail,0
TXN_006027,USR_0134,177.36,2026-03-18 07:09:59,"New York, US",Mobile,Retail,0
TXN_004456,USR_0027,120.21,2026-02-09 10:39:47,Online,Desktop,Grocery,0
TXN_001943,USR_0079,20.54,2026-03-07 05:11:15,"Tokyo, JP",Mobile,Grocery,0
TXN_007671,USR_0387,82.07,2026-01-22 17:27:28,"London, UK",Mobile,Retail,0
TXN_004332,USR_0442,77.53,2026-01-30 16:57:05,Online,Mobile,Electronics,0
TXN_010619,USR_0241,20.32,2026-02-07 13:03:00,Online,POS,Retail,0
TXN_010240,USR_0422,15.84,2026-01-23 08:31:52,Online,Mobile,Travel,0
TXN_005928,USR_0458,168.9,2026-03-15 10:19:04,"London, UK",Desktop,Electronics,0
TXN_002041,USR_0491,8.39,2026-02-20 13:32:12,"Tokyo, JP",Desktop,Electronics,0
TXN_009302,USR_0051,9.69,2026-02-20 12:32:34,"Tokyo, JP",POS,Retail,0
TXN_009000,USR_0261,8.26,2026-01-22 09:37:36,"London, UK",Mobile,Retail,0
TXN_007788,USR_0352,14.88,2026-02-24 12:20:56,"London, UK",Mobile,Travel,0
TXN_004879,USR_0087,253.97,2026-03-21 21:32:50,"Tokyo, JP",Mobile,Electronics,0
TXN_004660,USR_0153,11.9,2026-03-30 12:05:33,"Tokyo, JP",POS,Electronics,0
TXN_008223,USR_0428,11.35,2026-03-13 10:52:47,"New York, US",Mobile,Retail,0
TXN_005002,USR_0013,7.12,2026-01-30 17:52:49,"Paris, FR",POS,Retail,0
TXN_002776,USR_0350,40.91,2026-02-17 18:06:10,"New York, US",POS,Grocery,0
TXN_004146,USR_0469,64.31,2026-03-05 18:28:40,Online,Desktop,Retail,0
TXN_002324,USR_0312,11.07,2026-01-28 11:51:20,Online,POS,Electronics,0
TXN_000763,USR_0365,26.75,2026-03-25 05:50:02,"Paris, FR",POS,Grocery,0
TXN_005922,USR_0377,61.04,2026-01-11 14:19:03,"New York, US",Mobile,Travel,0
TXN_002618,USR_0231,1.8,2026-02-09 15:27:36,"Paris, FR",Desktop,Grocery,0
TXN_002412,USR_0211,47.65,2026-02-09 14:47:21,"London, UK",Mobile,Grocery,0
TXN_001095,USR_0311,263.51,2026-03-14 12:39:14,Online,Mobile,Retail,0
TXN_006066,USR_0433,182.25,2026-02-01 07:52:46,"Tokyo, JP",Mobile,Grocery,0
TXN_007266,USR_0396,9.29,2026-03-25 16:14:05,Online,POS,Travel,0
TXN_001547,USR_0254,23.69,2026-03-21 01:41:22,"Paris, FR",POS,Retail,0
TXN_004590,USR_0338,11.75,2026-03-10 16:57:17,"Tokyo, JP",Mobile,Grocery,0
TXN_006035,USR_0271,84.28,2026-02-04 17:28:51,"Tokyo, JP",Mobile,Retail,0
TXN_008093,USR_0390,27.99,2026-03-17 20:39:02,Online,Desktop,Retail,0
TXN_006954,USR_0290,28.07,2026-03-23 09:30:12,Online,Mobile,Retail,0
TXN_003136,USR_0215,124.97,2026-03-14 08:12:26,"London, UK",Desktop,Travel,0
TXN_003857,USR_0319,18.58,2026-01-28 09:19:49,"New York, US",Mobile,Electronics,0
TXN_005041,USR_0196,45.02,2026-03-20 10:40:21,"Tokyo, JP",POS,Retail,0
TXN_007436,USR_0268,34.26,2026-03-16 05:54:48,"Tokyo, JP",Desktop,Retail,0
TXN_011053,USR_0022,78.27,2026-02-22 07:08:34,Online,POS,Retail,0
TXN_005429,USR_0336,23.45,2026-02-24 17:57:35,Online,POS,Retail,0
TXN_006524,USR_0449,17.69,2026-02-06 13:57:04,Online,Mobile,Travel,0
TXN_006420,USR_0380,33.72,2026-03-15 12:49:50,Online,Desktop,Retail,0
TXN_009256,USR_0229,58.15,2026-01-25 12:39:13,"London, UK",POS,Electronics,0
TXN_003806,USR_0400,22.35,2026-03-06 11:08:00,Online,Mobile,Retail,0
TXN_000885,USR_0166,18.13,2026-01-14 14:45:33,"Tokyo, JP",POS,Grocery,0
TXN_002655,USR_0064,58.99,2026-02-18 11:01:28,"London, UK",Desktop,Grocery,0
TXN_007701,USR_0231,30.81,2026-02-24 09:19:21,"New York, US",Desktop,Retail,0
TXN_007661,USR_0007,196.98,2026-01-04 13:23:55,Online,POS,Retail,0
TXN_008026,USR_0429,26.42,2026-02-10 10:19:04,"Tokyo, JP",Mobile,Travel,0
TXN_006775,USR_0447,54.39,2026-02-03 17:02:42,"New York, US",Mobile,Retail,0
TXN_010532,USR_0288,18.54,2026-01-16 16:31:52,Online,Mobile,Grocery,0
TXN_011063,USR_0377,29.03,2026-01-01 10:05:10,"London, UK",POS,Grocery,0
TXN_000465,USR_0310,21.45,2026-04-01 06:13:25,"London, UK",POS,Grocery,0
TXN_001258,USR_0454,43.2,2026-03-22 02:28:47,"London, UK",Mobile,Grocery,0
TXN_011810,USR_0108,499.99,2026-03-22 00:26:11,"Lagos, NG",ATM,Gaming,1
TXN_002260,USR_0427,40.39,2026-01-27 05:36:52,"Paris, FR",POS,Grocery,0
TXN_004275,USR_0469,6.87,2026-02-03 14:59:21,"New York, US",Desktop,Retail,0
TXN_007075,USR_0035,41.21,2026-01-17 14:58:25,"Paris, FR",POS,Retail,0
TXN_005193,USR_0300,48.59,2026-01-15 21:42:09,"New York, US",Mobile,Electronics,0
TXN_005631,USR_0146,24.43,2026-03-20 15:41:25,"Paris, FR",POS,Retail,0
TXN_011623,USR_0121,9242.27,2026-03-06 23:15:30,"Moscow, RU",Mobile,Electronics,1
TXN_006232,USR_0358,8.68,2026-01-22 10:49:30,Online,Desktop,Travel,0
TXN_007383,USR_0404,27.11,2026-02-07 15:58:08,"Tokyo, JP",Mobile,Grocery,0
TXN_005301,USR_0403,78.47,2026-03-09 06:45:44,"New York, US",POS,Grocery,0
TXN_002203,USR_0156,90.87,2026-03-04 12:18:04,"Tokyo, JP",Mobile,Retail,0
TXN_010703,USR_0011,51.75,2026-01-02 17:07:19,Online,POS,Retail,0
TXN_010374,USR_0463,201.23,2026-01-09 12:38:41,"London, UK",Desktop,Grocery,0
TXN_001263,USR_0446,17.3,2026-03-10 11:09:47,Online,Mobile,Grocery,0
TXN_007747,USR_0322,257.63,2026-01-05 11:24:21,"New York, US",Desktop,Grocery,0
TXN_007213,USR_0468,33.46,2026-01-08 12:58:51,Online,Desktop,Grocery,0
TXN_000976,USR_0204,221.38,2026-01-14 12:06:04,"Paris, FR",POS,Grocery,0
TXN_008603,USR_0380,202.94,2026-03-19 08:38:40,"London, UK",Desktop,Grocery,0
TXN_005867,USR_0039,25.33,2026-02-04 03:12:03,Online,Desktop,Grocery,0
TXN_004926,USR_0024,21.01,2026-03-21 19:19:51,"Tokyo, JP",Mobile,Retail,0
TXN_000942,USR_0384,135.94,2026-02-13 11:04:35,"London, UK",Desktop,Grocery,0
TXN_005264,USR_0202,125.91,2026-02-07 19:11:27,"Paris, FR",Mobile,Grocery,0
TXN_006583,USR_0266,23.57,2026-01-22 06:49:48,"London, UK",Desktop,Retail,0
TXN_004724,USR_0163,31.79,2026-01-18 12:54:48,"Tokyo, JP",Mobile,Grocery,0
TXN_002388,USR_0310,128.45,2026-03-11 08:01:46,"New York, US",Desktop,Grocery,0
TXN_011673,USR_0331,999.0,2026-03-24 00:03:10,Online,Mobile,Wire_Transfer,1
TXN_005022,USR_0131,208.89,2026-03-13 04:13:44,"Paris, FR",Desktop,Grocery,0
TXN_007130,USR_0359,54.9,2026-03-21 09:10:35,"London, UK",Mobile,Electronics,0
TXN_004392,USR_0386,27.72,2026-03-22 15:09:52,"London, UK",Mobile,Electronics,0
TXN_005149,USR_0195,99.98,2026-02-07 21:55:27,"London, UK",POS,Grocery,0
TXN_010026,USR_0390,21.75,2026-01-25 08:36:08,"New York, US",Desktop,Electronics,0
TXN_006804,USR_0317,30.59,2026-03-26 18:01:18,Online,Desktop,Retail,0
TXN_003222,USR_0416,18.1,2026-01-05 12:50:53,"Tokyo, JP",Mobile,Grocery,0
TXN_003883,USR_0088,7.57,2026-03-17 12:47:37,"Paris, FR",Desktop,Retail,0
TXN_007955,USR_0437,130.86,2026-02-25 12:02:40,"Paris, FR",Mobile,Electronics,0
TXN_011325,USR_0431,47.45,2026-02-14 18:25:46,"London, UK",Desktop,Retail,0
TXN_001611,USR_0159,10.97,2026-03-13 11:41:07,Online,Mobile,Retail,0
TXN_003876,USR_0113,64.5,2026-01-29 09:19:21,"New York, US",Mobile,Grocery,0
TXN_005954,USR_0320,16.77,2026-02-26 17:56:28,"Paris, FR",Desktop,Travel,0
TXN_002790,USR_0273,113.29,2026-03-08 06:25:48,Online,POS,Retail,0
TXN_000945,USR_0124,108.57,2026-02-03 16:13:14,"London, UK",Mobile,Travel,0
TXN_010682,USR_0032,26.42,2026-01-04 15:41:37,"Tokyo, JP",Desktop,Retail,0
TXN_001858,USR_0425,46.43,2026-01-28 10:31:18,"Paris, FR",Mobile,Grocery,0
TXN_010399,USR_0305,6.87,2026-02-13 11:52:53,"Paris, FR",Desktop,Grocery,0
TXN_004109,USR_0315,37.42,2026-01-07 09:42:58,"New York, US",Desktop,Grocery,0
TXN_005214,USR_0145,24.36,2026-03-16 19:59:01,"Paris, FR",Mobile,Retail,0
TXN_010204,USR_0204,128.28,2026-03-25 09:15:40,"London, UK",Desktop,Grocery,0
TXN_003256,USR_0238,24.07,2026-01-21 21:03:50,"New York, US",POS,Retail,0
TXN_007324,USR_0325,177.34,2026-01-14 20:22:56,"Paris, FR",Desktop,Travel,0
TXN_002691,USR_0474,12.25,2026-02-13 12:21:57,"London, UK",Desktop,Grocery,0
TXN_008257,USR_0368,91.55,2026-02-07 08:49:40,"Tokyo, JP",POS,Retail,0
TXN_007390,USR_0181,32.66,2026-03-25 20:55:18,"Paris, FR",Mobile,Travel,0
TXN_004628,USR_0366,5.22,2026-02-15 10:00:00,Online,Desktop,Retail,0
TXN_008962,USR_0334,34.44,2026-01-11 08:45:19,Online,Mobile,Retail,0
TXN_001320,USR_0348,72.16,2026-03-10 14:57:18,"Paris, FR",POS,Grocery,0
TXN_009084,USR_0442,54.8,2026-01-20 14:09:38,Online,Mobile,Grocery,0
TXN_011856,USR_0280,4805.12,2026-02-02 22:30:28,"Moscow, RU",Desktop,Gaming,1
TXN_005163,USR_0179,154.07,2026-03-26 12:58:25,"London, UK",Desktop,Grocery,0
TXN_008725,USR_0156,24.36,2026-02-05 10:50:28,"Paris, FR",Desktop,Grocery,0
TXN_010114,USR_0332,19.4,2026-02-01 19:46:16,"London, UK",Mobile,Grocery,0
TXN_008960,USR_0117,24.96,2026-02-16 18:25:23,"Paris, FR",Desktop,Electronics,0
TXN_001136,USR_0219,15.72,2026-03-19 05:54:20,"Tokyo, JP",POS,Travel,0
TXN_004530,USR_0378,36.01,2026-03-02 10:32:38,"Paris, FR",Desktop,Electronics,0
TXN_003476,USR_0400,79.16,2026-01-10 11:39:04,"Paris, FR",Desktop,Travel,0
TXN_003506,USR_0373,8.98,2026-03-09 11:06:15,"Paris, FR",Desktop,Grocery,0
TXN_004750,USR_0105,68.87,2026-03-08 19:51:36,"Paris, FR",Desktop,Retail,0
TXN_002478,USR_0473,96.73,2026-01-15 07:33:42,"London, UK",Desktop,Retail,0
TXN_007943,USR_0433,27.52,2026-02-21 19:48:36,"London, UK",POS,Electronics,0
TXN_008159,USR_0115,26.56,2026-01-24 08:07:14,"Paris, FR",Desktop,Travel,0
TXN_007087,USR_0211,41.25,2026-04-01 22:13:11,"Paris, FR",POS,Travel,0
TXN_008843,USR_0028,15.6,2026-03-09 06:43:36,"New York, US",Mobile,Electronics,0
TXN_009312,USR_0235,6.17,2026-01-28 07:48:51,"Paris, FR",Mobile,Grocery,0
TXN_004502,USR_0395,14.37,2026-01-10 13:57:28,"Paris, FR",Desktop,Grocery,0
TXN_007966,USR_0425,57.47,2026-02-27 11:25:53,"Paris, FR",Desktop,Grocery,0
TXN_011839,USR_0492,999.0,2026-01-22 05:48:53,"Lagos, NG",Mobile,Wire_Transfer,1
TXN_006337,USR_0082,5.63,2026-02-28 10:15:20,"Tokyo, JP",Mobile,Grocery,0
TXN_008780,USR_0151,44.42,2026-01-03 17:28:24,"London, UK",POS,Retail,0
TXN_006983,USR_0082,45.6,2026-01-27 17:53:58,"New York, US",Mobile,Travel,0
TXN_007232,USR_0298,21.53,2026-01-16 09:18:54,"London, UK",Desktop,Grocery,0
TXN_008953,USR_0139,16.55,2026-01-06 09:27:42,"New York, US",Mobile,Grocery,0
TXN_001875,USR_0335,11.11,2026-02-26 10:23:00,"New York, US",Mobile,Grocery,0
TXN_010207,USR_0203,17.28,2026-02-16 08:20:40,"Tokyo, JP",Mobile,Retail,0
TXN_008279,USR_0255,33.76,2026-02-26 18:13:16,"London, UK",Desktop,Grocery,0
TXN_011324,USR_0191,8.17,2026-01-16 12:05:48,"New York, US",Mobile,Electronics,0
TXN_005097,USR_0079,11.41,2026-02-07 17:12:56,"Paris, FR",Desktop,Travel,0
TXN_002905,USR_0446,16.57,2026-03-22 17:09:25,"Tokyo, JP",Mobile,Retail,0
TXN_000571,USR_0384,12.59,2026-02-05 09:44:59,"Tokyo, JP",Desktop,Retail,0
TXN_001449,USR_0153,12.01,2026-01-09 14:57:26,"Tokyo, JP",POS,Electronics,0
TXN_003415,USR_0452,464.99,2026-01-19 17:49:12,Online,Desktop,Travel,0
TXN_009680,USR_0123,64.09,2026-02-06 06:28:39,Online,Desktop,Retail,0
TXN_000940,USR_0118,50.58,2026-02-10 14:26:22,Online,POS,Grocery,0
TXN_009316,USR_0333,40.73,2026-01-30 08:00:49,Online,POS,Retail,0
TXN_008776,USR_0376,57.03,2026-03-07 13:56:42,Online,POS,Grocery,0
TXN_008028,USR_0459,98.07,2026-03-15 11:22:04,"New York, US",POS,Grocery,0
TXN_010025,USR_0339,15.67,2026-02-21 12:59:12,"London, UK",Desktop,Retail,0
TXN_005842,USR_0161,41.16,2026-01-20 20:15:55,"London, UK",POS,Grocery,0
TXN_006838,USR_0396,13.36,2026-03-20 15:48:51,"Paris, FR",Mobile,Electronics,0
TXN_008751,USR_0246,14.07,2026-03-21 20:32:09,"London, UK",Mobile,Retail,0
TXN_003227,USR_0095,78.0,2026-01-12 08:55:08,Online,POS,Travel,0
TXN_011690,USR_0470,5967.97,2026-03-18 23:40:47,"Moscow, RU",Desktop,Crypto,1
TXN_006333,USR_0367,15.1,2026-03-06 17:20:18,"New York, US",Mobile,Retail,0
TXN_003979,USR_0014,38.21,2026-03-18 12:41:11,Online,POS,Electronics,0
TXN_004384,USR_0076,24.05,2026-01-02 08:10:04,"London, UK",Mobile,Electronics,0
TXN_005835,USR_0025,21.72,2026-01-15 06:07:21,"Tokyo, JP",Desktop,Retail,0
TXN_009495,USR_0175,27.33,2026-02-23 14:10:42,"Tokyo, JP",POS,Electronics,0
TXN_009190,USR_0030,30.11,2026-01-17 13:43:13,"New York, US",Mobile,Grocery,0
TXN_003540,USR_0137,69.53,2026-03-03 12:08:24,"London, UK",POS,Grocery,0
TXN_008498,USR_0468,62.31,2026-03-25 23:11:51,"London, UK",Desktop,Retail,0
TXN_010743,USR_0238,14.47,2026-03-24 06:18:50,"Tokyo, JP",POS,Retail,0
TXN_010663,USR_0157,7.35,2026-02-13 08:40:17,"New York, US",Mobile,Electronics,0
TXN_010913,USR_0015,51.71,2026-02-09 15:32:48,"Paris, FR",POS,Retail,0
TXN_005682,USR_0017,11.75,2026-03-22 08:43:58,"New York, US",Mobile,Grocery,0
TXN_002828,USR_0274,28.75,2026-01-03 22:39:46,"London, UK",POS,Grocery,0
TXN_005781,USR_0460,33.61,2026-03-07 20:32:21,"Paris, FR",POS,Electronics,0
TXN_003635,USR_0303,8.3,2026-02-26 09:43:07,"Paris, FR",Desktop,Travel,0
TXN_004997,USR_0228,11.5,2026-01-15 20:20:40,"Paris, FR",POS,Travel,0
TXN_001339,USR_0280,22.89,2026-03-06 13:21:41,"Tokyo, JP",Desktop,Grocery,0
TXN_003263,USR_0261,9.65,2026-03-24 04:59:09,"New York, US",Desktop,Electronics,0
TXN_008675,USR_0229,11.36,2026-02-03 13:18:11,"New York, US",Desktop,Grocery,0
TXN_006839,USR_0171,42.99,2026-02-16 17:32:30,"Paris, FR",Desktop,Grocery,0
TXN_005090,USR_0404,22.94,2026-02-01 09:55:40,Online,Mobile,Travel,0
TXN_005742,USR_0088,17.35,2026-03-25 19:50:24,Online,POS,Retail,0
TXN_000651,USR_0452,100.04,2026-03-12 09:30:03,"New York, US",Desktop,Retail,0
TXN_006040,USR_0207,246.27,2026-02-11 14:00:02,"London, UK",Mobile,Travel,0
TXN_002903,USR_0167,53.49,2026-02-21 22:29:55,"Paris, FR",Desktop,Retail,0
TXN_002259,USR_0280,12.37,2026-01-10 03:21:11,Online,Desktop,Retail,0
TXN_011875,USR_0473,7849.45,2026-01-03 22:02:33,Online,Mobile,Electronics,1
TXN_005396,USR_0089,117.77,2026-03-17 16:10:11,"Paris, FR",Desktop,Retail,0
TXN_007083,USR_0484,16.19,2026-03-26 13:01:51,"Tokyo, JP",Desktop,Grocery,0
TXN_011751,USR_0463,7977.86,2026-03-15 02:49:56,Online,Desktop,Gaming,1
TXN_009523,USR_0131,140.75,2026-01-16 14:34:07,"New York, US",Mobile,Retail,0
TXN_003522,USR_0191,83.84,2026-03-23 06:14:37,"London, UK",Mobile,Retail,0
TXN_002731,USR_0472,20.73,2026-02-22 11:51:01,"Paris, FR",Desktop,Grocery,0
TXN_007958,USR_0112,60.01,2026-03-10 12:29:18,"Tokyo, JP",POS,Electronics,0
TXN_004479,USR_0239,15.18,2026-03-06 09:02:00,"London, UK",POS,Grocery,0
TXN_005661,USR_0379,2.83,2026-02-01 08:14:06,Online,Mobile,Electronics,0
TXN_001597,USR_0442,31.42,2026-03-09 12:07:44,"London, UK",Desktop,Retail,0
TXN_000068,USR_0227,32.25,2026-03-12 03:45:27,Online,Mobile,Grocery,0
TXN_002585,USR_0080,18.8,2026-03-17 06:54:32,"Tokyo, JP",POS,Grocery,0
TXN_011000,USR_0158,241.63,2026-02-28 03:53:36,"London, UK",Desktop,Retail,0
TXN_006282,USR_0157,31.61,2026-03-05 05:25:11,"Tokyo, JP",POS,Electronics,0
TXN_003197,USR_0027,31.35,2026-03-05 23:37:13,Online,POS,Travel,0
TXN_011239,USR_0285,58.76,2026-03-13 00:17:55,"Paris, FR",POS,Electronics,0
TXN_005328,USR_0287,162.52,2026-03-24 13:14:16,"Tokyo, JP",Mobile,Electronics,0
TXN_009513,USR_0055,12.61,2026-03-29 07:57:57,"London, UK",Mobile,Electronics,0
TXN_009609,USR_0069,33.68,2026-02-28 08:30:04,"London, UK",Desktop,Retail,0
TXN_001259,USR_0099,270.35,2026-01-04 07:46:37,"London, UK",Desktop,Retail,0
TXN_007657,USR_0069,52.52,2026-03-03 00:09:34,"London, UK",Mobile,Grocery,0
TXN_006351,USR_0286,82.01,2026-03-30 06:22:15,"New York, US",Desktop,Grocery,0
TXN_010214,USR_0239,52.64,2026-01-05 18:10:39,"Paris, FR",Desktop,Grocery,0
TXN_007524,USR_0176,42.92,2026-01-10 21:17:12,"Paris, FR",POS,Retail,0
TXN_000992,USR_0414,11.38,2026-03-30 04:43:17,"Tokyo, JP",POS,Electronics,0
TXN_003505,USR_0374,20.56,2026-01-23 10:23:39,"London, UK",Desktop,Retail,0
TXN_000114,USR_0014,67.63,2026-01-11 20:41:27,"London, UK",Desktop,Retail,0
TXN_000920,USR_0487,14.89,2026-01-21 10:06:13,Online,Desktop,Grocery,0
TXN_002510,USR_0006,64.2,2026-03-04 16:41:42,"Paris, FR",Desktop,Grocery,0
TXN_011283,USR_0385,45.59,2026-01-02 17:52:16,"London, UK",Desktop,Retail,0
TXN_000166,USR_0300,52.57,2026-02-25 15:40:52,"Paris, FR",Mobile,Retail,0
TXN_006742,USR_0110,31.96,2026-03-06 08:02:25,"London, UK",POS,Grocery,0
TXN_007634,USR_0154,46.26,2026-02-04 21:03:54,Online,POS,Retail,0
TXN_010244,USR_0374,14.21,2026-02-01 06:25:46,Online,POS,Retail,0
TXN_008676,USR_0029,73.33,2026-03-23 16:23:57,"New York, US",Desktop,Electronics,0
TXN_004604,USR_0492,38.09,2026-02-25 13:17:03,Online,Desktop,Electronics,0
TXN_008836,USR_0234,14.63,2026-02-25 19:06:33,"Paris, FR",Desktop,Retail,0
TXN_010197,USR_0277,189.99,2026-02-20 12:02:05,"Paris, FR",Desktop,Electronics,0
TXN_000950,USR_0114,123.67,2026-03-15 10:08:03,Online,Desktop,Retail,0
TXN_004595,USR_0249,15.59,2026-03-17 17:29:40,"London, UK",Desktop,Retail,0
TXN_009799,USR_0408,7.73,2026-01-15 05:47:42,"New York, US",Desktop,Grocery,0
TXN_003771,USR_0408,17.24,2026-01-12 18:18:03,"London, UK",POS,Grocery,0
TXN_002507,USR_0428,117.64,2026-01-14 10:29:51,"New York, US",Desktop,Electronics,0
TXN_005108,USR_0126,9.68,2026-01-03 14:31:51,"London, UK",Desktop,Retail,0
TXN_002851,USR_0445,4.16,2026-01-17 12:48:59,"Paris, FR",Desktop,Travel,0
TXN_006001,USR_0187,55.77,2026-01-06 18:46:06,Online,Desktop,Retail,0
TXN_008743,USR_0493,29.6,2026-02-06 14:12:44,"Tokyo, JP",Mobile,Grocery,0
TXN_011974,USR_0371,499.99,2026-02-09 00:40:09,"Moscow, RU",Mobile,Electronics,1
TXN_007774,USR_0465,25.98,2026-03-04 11:20:54,"New York, US",Mobile,Grocery,0
TXN_009971,USR_0230,68.44,2026-02-16 14:39:22,"Tokyo, JP",Mobile,Retail,0
TXN_004447,USR_0344,23.62,2026-04-01 00:39:31,"London, UK",POS,Travel,0
TXN_005795,USR_0272,15.26,2026-03-18 12:27:15,"New York, US",Mobile,Travel,0
TXN_010412,USR_0479,32.84,2026-02-07 10:49:32,"Tokyo, JP",POS,Retail,0
TXN_004461,USR_0414,27.81,2026-02-05 20:02:00,"London, UK",Desktop,Retail,0
TXN_008970,USR_0050,38.16,2026-03-02 09:56:33,"Tokyo, JP",Desktop,Retail,0
TXN_002506,USR_0491,44.55,2026-02-23 04:11:10,"Paris, FR",POS,Travel,0
TXN_009085,USR_0263,38.33,2026-03-27 17:48:31,Online,POS,Grocery,0
TXN_006624,USR_0109,9.48,2026-03-12 11:14:52,"London, UK",Desktop,Grocery,0
TXN_001115,USR_0064,55.76,2026-01-12 14:07:45,"Paris, FR",POS,Grocery,0
TXN_006943,USR_0001,52.2,2026-02-19 15:13:11,"Tokyo, JP",Mobile,Grocery,0
TXN_010063,USR_0102,9.71,2026-03-14 06:06:40,"New York, US",Mobile,Travel,0
TXN_000299,USR_0428,17.28,2026-03-09 08:02:42,"Tokyo, JP",POS,Retail,0
TXN_001676,USR_0327,11.51,2026-03-07 18:16:22,"Paris, FR",Desktop,Electronics,0
TXN_003348,USR_0056,3.27,2026-02-17 16:15:35,Online,POS,Retail,0
TXN_006171,USR_0487,97.95,2026-01-29 08:41:30,"Tokyo, JP",POS,Grocery,0
TXN_002736,USR_0276,28.74,2026-01-30 18:20:53,"Tokyo, JP",Mobile,Electronics,0
TXN_005670,USR_0365,29.74,2026-02-12 12:08:37,"Tokyo, JP",Mobile,Retail,0
TXN_009591,USR_0433,110.04,2026-03-20 09:25:33,"Tokyo, JP",Mobile,Retail,0
TXN_004989,USR_0379,188.29,2026-01-13 19:49:10,"London, UK",Mobile,Grocery,0
TXN_011133,USR_0476,24.81,2026-03-15 12:44:44,"Paris, FR",POS,Electronics,0
TXN_002379,USR_0218,212.01,2026-01-15 16:11:29,"Tokyo, JP",POS,Grocery,0
TXN_007432,USR_0233,30.48,2026-03-27 06:58:23,Online,POS,Electronics,0
TXN_007426,USR_0058,36.48,2026-01-04 16:22:11,"New York, US",POS,Travel,0
TXN_008350,USR_0225,9.6,2026-02-08 14:31:46,"London, UK",Desktop,Retail,0
TXN_004326,USR_0383,18.23,2026-02-15 17:32:14,"London, UK",Mobile,Retail,0
TXN_004173,USR_0368,26.39,2026-03-19 12:09:06,Online,POS,Electronics,0
TXN_009221,USR_0366,26.04,2026-02-09 18:27:33,"London, UK",POS,Grocery,0
TXN_004551,USR_0380,51.44,2026-02-20 22:48:59,"Tokyo, JP",Desktop,Grocery,0
TXN_011606,USR_0343,1823.02,2026-02-24 22:11:22,"Lagos, NG",Desktop,Gaming,1
TXN_008611,USR_0256,105.36,2026-01-18 18:22:00,"London, UK",POS,Grocery,0
TXN_009602,USR_0061,54.66,2026-02-19 11:55:00,"London, UK",Desktop,Retail,0
TXN_002104,USR_0259,8.6,2026-01-16 00:40:36,"Paris, FR",POS,Grocery,0
TXN_005337,USR_0227,114.76,2026-01-11 17:09:04,"New York, US",Mobile,Electronics,0
TXN_008301,USR_0032,54.83,2026-03-25 12:25:12,"Paris, FR",Mobile,Electronics,0
TXN_003760,USR_0464,17.63,2026-01-27 09:53:35,"London, UK",POS,Retail,0
TXN_009372,USR_0149,6.62,2026-01-24 11:22:57,"New York, US",Mobile,Retail,0
TXN_001838,USR_0017,34.67,2026-01-17 10:31:50,"New York, US",Desktop,Electronics,0
TXN_009641,USR_0107,34.7,2026-01-03 04:44:40,"London, UK",POS,Retail,0
TXN_009966,USR_0332,67.16,2026-01-21 11:26:52,"Tokyo, JP",POS,Retail,0
TXN_011785,USR_0229,1500.0,2026-03-29 02:05:49,Online,ATM,Electronics,1
TXN_005711,USR_0137,9.23,2026-02-23 21:49:20,Online,Mobile,Grocery,0
TXN_000608,USR_0337,31.86,2026-01-23 12:07:00,"London, UK",POS,Grocery,0
TXN_004501,USR_0127,45.92,2026-03-12 14:21:20,"New York, US",Mobile,Travel,0
TXN_007037,USR_0048,17.27,2026-03-22 20:45:37,"Paris, FR",POS,Retail,0
TXN_001094,USR_0055,69.96,2026-01-17 07:11:01,Online,POS,Grocery,0
TXN_007862,USR_0433,13.31,2026-02-09 17:35:53,"Paris, FR",POS,Retail,0
TXN_006719,USR_0379,12.6,2026-01-12 09:01:42,"London, UK",POS,Retail,0
TXN_008635,USR_0246,133.48,2026-01-02 06:33:22,Online,Desktop,Travel,0
TXN_010747,USR_0114,43.59,2026-02-01 16:45:27,"London, UK",Mobile,Grocery,0
TXN_004488,USR_0003,68.24,2026-03-03 13:59:00,"London, UK",Mobile,Grocery,0
TXN_000161,USR_0353,169.43,2026-02-08 15:44:25,"Tokyo, JP",POS,Travel,0
TXN_000204,USR_0255,41.76,2026-02-06 22:49:51,"London, UK",POS,Grocery,0
TXN_006484,USR_0399,10.85,2026-02-13 13:11:30,"London, UK",POS,Retail,0
TXN_003941,USR_0362,8.15,2026-02-16 03:54:42,Online,Desktop,Retail,0
TXN_008365,USR_0180,31.78,2026-01-15 02:28:14,"Paris, FR",Desktop,Travel,0
TXN_006104,USR_0170,42.21,2026-01-28 16:15:49,"Paris, FR",POS,Retail,0
TXN_004934,USR_0153,86.14,2026-02-10 15:58:02,"Paris, FR",Mobile,Grocery,0
TXN_002935,USR_0142,5.22,2026-01-26 11:45:38,"Paris, FR",Desktop,Retail,0
TXN_001815,USR_0004,43.98,2026-01-22 18:52:31,"New York, US",Mobile,Grocery,0
TXN_007648,USR_0310,20.62,2026-01-03 13:57:54,"London, UK",Mobile,Electronics,0
TXN_002436,USR_0108,11.28,2026-01-22 10:00:50,"London, UK",Mobile,Grocery,0
TXN_001231,USR_0137,14.37,2026-01-13 07:16:41,Online,Desktop,Retail,0
TXN_011323,USR_0229,34.71,2026-02-23 12:04:29,"New York, US",POS,Travel,0
TXN_011680,USR_0107,999.0,2026-01-13 22:48:35,"Lagos, NG",ATM,Crypto,1
TXN_003047,USR_0288,8.75,2026-01-11 14:45:57,"London, UK",POS,Grocery,0
TXN_005706,USR_0086,27.1,2026-01-29 12:50:32,"Paris, FR",POS,Retail,0
TXN_011586,USR_0294,999.0,2026-03-07 03:00:56,"Lagos, NG",ATM,Wire_Transfer,1
TXN_002916,USR_0190,10.7,2026-03-14 13:30:04,"New York, US",Desktop,Grocery,0
TXN_010882,USR_0408,28.53,2026-02-21 06:33:37,Online,Mobile,Grocery,0
TXN_007546,USR_0049,40.58,2026-02-20 15:21:27,"Paris, FR",Mobile,Electronics,0
TXN_003989,USR_0414,68.85,2026-01-21 15:53:54,"London, UK",Desktop,Grocery,0
TXN_004252,USR_0162,43.13,2026-03-29 18:04:20,"London, UK",Mobile,Retail,0
TXN_006112,USR_0291,16.65,2026-03-05 07:25:40,"Paris, FR",Mobile,Travel,0
TXN_006829,USR_0406,4.32,2026-02-05 12:58:44,"New York, US",Desktop,Grocery,0
TXN_009257,USR_0208,35.9,2026-03-21 21:40:57,"New York, US",Mobile,Travel,0
TXN_008077,USR_0484,21.59,2026-03-16 18:40:18,"New York, US",Desktop,Retail,0
TXN_006205,USR_0496,5.53,2026-03-21 15:40:32,"New York, US",Mobile,Grocery,0
TXN_003294,USR_0033,75.23,2026-01-21 16:30:24,"New York, US",Mobile,Grocery,0
TXN_004035,USR_0198,106.46,2026-02-14 10:27:44,"New York, US",Desktop,Grocery,0
TXN_002726,USR_0022,11.58,2026-03-19 22:06:37,"New York, US",POS,Grocery,0
TXN_004291,USR_0031,99.66,2026-03-30 14:33:20,Online,Mobile,Travel,0
TXN_004335,USR_0254,15.46,2026-03-30 13:37:53,"Tokyo, JP",Mobile,Travel,0
TXN_002553,USR_0002,31.4,2026-03-10 19:53:21,"Paris, FR",POS,Retail,0
TXN_003878,USR_0183,13.48,2026-02-01 17:00:40,Online,POS,Retail,0
TXN_006206,USR_0438,90.66,2026-01-30 01:00:03,Online,POS,Retail,0
TXN_008533,USR_0010,316.32,2026-01-15 14:03:05,"Tokyo, JP",Desktop,Grocery,0
TXN_008152,USR_0443,23.91,2026-01-18 17:09:50,"New York, US",POS,Retail,0
TXN_006880,USR_0085,19.08,2026-03-03 19:35:50,"Tokyo, JP",Desktop,Retail,0
TXN_007486,USR_0250,89.29,2026-02-09 04:57:18,"London, UK",Desktop,Travel,0
TXN_004754,USR_0169,10.97,2026-03-21 19:45:41,"London, UK",Mobile,Travel,0
TXN_004887,USR_0374,162.72,2026-01-10 17:18:36,"Paris, FR",Desktop,Grocery,0
TXN_000858,USR_0492,427.6,2026-03-23 05:09:19,"Tokyo, JP",Mobile,Travel,0
TXN_000371,USR_0026,12.04,2026-02-07 13:24:55,Online,Desktop,Retail,0
TXN_006540,USR_0312,16.61,2026-02-02 15:05:08,"London, UK",Mobile,Grocery,0
TXN_010035,USR_0189,6.36,2026-01-01 17:49:42,"Tokyo, JP",POS,Grocery,0
TXN_002562,USR_0106,18.22,2026-03-15 20:29:29,"London, UK",POS,Travel,0
TXN_003802,USR_0084,16.77,2026-01-19 18:38:30,"Tokyo, JP",POS,Travel,0
TXN_002641,USR_0035,26.28,2026-01-10 09:36:05,Online,Mobile,Travel,0
TXN_005456,USR_0177,31.0,2026-01-15 14:44:03,Online,Desktop,Retail,0
TXN_011117,USR_0232,9.96,2026-03-19 04:12:21,Online,Desktop,Retail,0
TXN_004491,USR_0444,30.79,2026-01-29 06:36:08,"Tokyo, JP",POS,Grocery,0
TXN_002348,USR_0078,12.6,2026-01-01 10:37:37,"Tokyo, JP",POS,Electronics,0
TXN_000650,USR_0318,31.26,2026-03-20 14:15:41,"Tokyo, JP",Desktop,Retail,0
TXN_006860,USR_0420,30.2,2026-02-01 17:56:17,Online,Desktop,Retail,0
TXN_002782,USR_0414,20.06,2026-02-09 06:59:18,"New York, US",Desktop,Electronics,0
TXN_008185,USR_0373,27.79,2026-01-02 13:33:54,"New York, US",Desktop,Travel,0
TXN_010242,USR_0258,15.36,2026-03-21 09:17:55,Online,Desktop,Grocery,0
TXN_010410,USR_0256,159.05,2026-02-16 06:58:13,"Paris, FR",Desktop,Retail,0
TXN_011517,USR_0194,49.51,2026-01-10 11:33:46,"Tokyo, JP",Desktop,Travel,0
TXN_007208,USR_0466,10.8,2026-02-11 14:18:26,"London, UK",Mobile,Retail,0
TXN_005945,USR_0056,54.57,2026-01-07 19:30:36,"Paris, FR",Desktop,Grocery,0
TXN_008244,USR_0159,26.06,2026-02-25 13:02:14,"Paris, FR",Mobile,Travel,0
TXN_000616,USR_0126,106.99,2026-01-06 19:30:23,"Paris, FR",Mobile,Retail,0
TXN_010120,USR_0043,40.24,2026-02-06 20:15:29,"Paris, FR",POS,Electronics,0
TXN_002576,USR_0228,9.69,2026-02-12 20:50:28,"Tokyo, JP",POS,Grocery,0
TXN_000054,USR_0035,46.01,2026-03-28 08:55:15,"Paris, FR",Mobile,Travel,0
TXN_011899,USR_0054,2014.45,2026-02-18 04:35:46,"Sydney, AU",Mobile,Gaming,1
TXN_003341,USR_0189,63.06,2026-03-09 11:27:13,"New York, US",Desktop,Grocery,0
TXN_010034,USR_0315,14.38,2026-03-06 09:12:37,Online,Mobile,Grocery,0
TXN_001706,USR_0192,1.95,2026-03-09 09:44:30,"Paris, FR",Desktop,Grocery,0
TXN_010861,USR_0262,112.89,2026-03-04 11:44:17,Online,POS,Retail,0
TXN_007992,USR_0207,14.35,2026-01-25 12:34:34,"New York, US",POS,Retail,0
TXN_007916,USR_0357,11.94,2026-03-25 15:47:50,"Tokyo, JP",POS,Retail,0
TXN_001494,USR_0256,49.3,2026-02-05 16:47:23,"Paris, FR",Desktop,Grocery,0
TXN_005877,USR_0481,100.13,2026-03-16 17:06:05,"London, UK",POS,Retail,0
TXN_011955,USR_0290,2518.17,2026-03-10 03:22:01,Online,ATM,Electronics,1
TXN_008160,USR_0388,8.53,2026-03-25 13:35:24,"Tokyo, JP",Desktop,Grocery,0
TXN_000804,USR_0024,56.64,2026-01-22 06:31:08,"Paris, FR",Mobile,Grocery,0
TXN_004954,USR_0476,35.37,2026-03-08 03:13:06,"Paris, FR",Mobile,Electronics,0
TXN_007744,USR_0372,15.04,2026-01-04 21:24:51,Online,POS,Retail,0
TXN_001813,USR_0056,11.59,2026-03-23 15:36:49,"Tokyo, JP",Mobile,Grocery,0
TXN_009149,USR_0326,42.6,2026-02-27 07:47:01,"London, UK",Desktop,Grocery,0
TXN_000991,USR_0135,11.55,2026-01-11 17:27:40,"London, UK",POS,Travel,0
TXN_002775,USR_0132,9.28,2026-01-03 11:56:38,"New York, US",POS,Grocery,0
TXN_009429,USR_0355,9.99,2026-02-08 13:49:43,"Paris, FR",Mobile,Grocery,0
TXN_002449,USR_0049,4.32,2026-02-17 09:58:16,Online,Mobile,Travel,0
TXN_003514,USR_0214,17.61,2026-01-08 23:20:55,Online,POS,Retail,0
TXN_007934,USR_0220,40.58,2026-03-10 17:07:03,"London, UK",Desktop,Retail,0
TXN_010066,USR_0260,20.52,2026-02-12 07:43:32,"Paris, FR",POS,Electronics,0
TXN_000220,USR_0050,54.49,2026-01-31 16:56:34,"London, UK",Desktop,Retail,0
TXN_008154,USR_0003,6.59,2026-02-11 17:14:47,"London, UK",Desktop,Retail,0
TXN_001289,USR_0117,46.88,2026-01-13 00:15:47,"Paris, FR",Mobile,Retail,0
TXN_003164,USR_0034,52.4,2026-03-01 05:38:54,"Tokyo, JP",Mobile,Electronics,0
TXN_004679,USR_0350,201.87,2026-02-26 17:01:26,"Paris, FR",Mobile,Retail,0
TXN_002619,USR_0391,4.4,2026-02-21 14:03:26,"Tokyo, JP",POS,Retail,0
TXN_003613,USR_0016,22.97,2026-01-14 17:21:45,"New York, US",Desktop,Grocery,0
TXN_000044,USR_0099,17.37,2026-01-25 14:34:28,"London, UK",Desktop,Retail,0
TXN_009600,USR_0180,57.48,2026-03-19 11:18:34,"London, UK",POS,Retail,0
TXN_008920,USR_0465,18.01,2026-03-09 07:04:56,"London, UK",Desktop,Travel,0
TXN_008775,USR_0368,15.33,2026-03-01 14:48:45,"Paris, FR",POS,Retail,0
TXN_003793,USR_0068,94.48,2026-02-25 14:56:44,"Tokyo, JP",Desktop,Electronics,0
TXN_003572,USR_0102,37.01,2026-03-03 15:17:41,Online,Mobile,Grocery,0
TXN_011975,USR_0069,499.99,2026-01-25 03:43:52,"Sydney, AU",Mobile,Wire_Transfer,1
TXN_001504,USR_0214,57.58,2026-01-10 09:15:49,"Paris, FR",POS,Grocery,0
TXN_008048,USR_0093,10.78,2026-01-07 09:32:37,"Tokyo, JP",Mobile,Grocery,0
TXN_011795,USR_0195,5000.0,2026-01-22 23:47:56,"Lagos, NG",Desktop,Crypto,1
TXN_007597,USR_0419,5.63,2026-03-14 17:23:58,Online,Desktop,Grocery,0
TXN_003440,USR_0068,16.15,2026-03-01 08:31:34,Online,Desktop,Retail,0
TXN_001893,USR_0374,10.45,2026-03-21 07:27:04,Online,Desktop,Grocery,0
TXN_011564,USR_0209,177.09,2026-02-14 05:23:19,"Tokyo, JP",Mobile,Retail,0
TXN_011349,USR_0342,33.26,2026-03-08 09:31:56,"London, UK",Desktop,Grocery,0
TXN_010999,USR_0084,180.7,2026-03-04 07:32:18,"Paris, FR",Mobile,Grocery,0
TXN_005256,USR_0396,69.93,2026-02-01 01:36:48,Online,POS,Electronics,0
TXN_001956,USR_0343,11.47,2026-01-02 11:43:35,"London, UK",Desktop,Grocery,0
TXN_011302,USR_0279,16.25,2026-01-12 11:42:40,"Tokyo, JP",Mobile,Electronics,0
TXN_005168,USR_0440,6.02,2026-03-25 18:58:17,"New York, US",Mobile,Grocery,0
TXN_004815,USR_0465,49.92,2026-02-27 21:00:13,"Paris, FR",POS,Retail,0
TXN_003576,USR_0375,21.23,2026-01-20 22:07:13,"London, UK",Mobile,Electronics,0
TXN_006461,USR_0444,24.29,2026-02-10 11:14:06,"Paris, FR",Mobile,Retail,0
TXN_001506,USR_0303,12.83,2026-01-14 14:53:20,"London, UK",Mobile,Grocery,0
TXN_008471,USR_0007,20.74,2026-02-26 13:10:30,"New York, US",Mobile,Retail,0
TXN_000671,USR_0341,88.39,2026-03-17 13:52:11,"Paris, FR",Desktop,Electronics,0
TXN_006492,USR_0272,33.84,2026-02-15 07:45:37,"Paris, FR",Mobile,Grocery,0
TXN_007049,USR_0051,21.82,2026-02-22 11:49:28,"Paris, FR",Desktop,Retail,0
TXN_009836,USR_0202,90.25,2026-01-14 18:41:54,"Paris, FR",Desktop,Grocery,0
TXN_010681,USR_0447,36.54,2026-02-17 18:04:02,Online,POS,Grocery,0
TXN_001086,USR_0117,51.82,2026-02-23 10:15:36,"London, UK",Desktop,Grocery,0
TXN_000898,USR_0339,55.48,2026-02-06 05:05:13,"Paris, FR",POS,Retail,0
TXN_003307,USR_0261,114.82,2026-03-19 10:34:56,"New York, US",Mobile,Travel,0
TXN_011652,USR_0490,4040.48,2026-01-19 22:33:35,"Lagos, NG",Desktop,Gaming,1
TXN_006240,USR_0426,81.42,2026-02-15 10:31:54,Online,Desktop,Grocery,0
TXN_002667,USR_0391,33.99,2026-01-05 12:03:38,"London, UK",POS,Electronics,0
TXN_007647,USR_0096,119.69,2026-01-05 10:53:07,"London, UK",POS,Grocery,0
TXN_003194,USR_0118,102.33,2026-01-06 09:14:52,"Paris, FR",Mobile,Retail,0
TXN_002891,USR_0074,176.51,2026-03-11 14:36:12,"New York, US",POS,Grocery,0
TXN_006004,USR_0080,118.18,2026-03-12 17:46:46,"Tokyo, JP",Mobile,Retail,0
TXN_007740,USR_0258,86.14,2026-01-12 16:08:16,"Paris, FR",Desktop,Retail,0
TXN_009862,USR_0391,10.88,2026-01-13 17:22:29,Online,Mobile,Grocery,0
TXN_004740,USR_0245,40.24,2026-02-21 12:35:32,"Paris, FR",POS,Retail,0
TXN_002622,USR_0165,132.82,2026-02-24 14:50:24,"Tokyo, JP",POS,Travel,0
TXN_008691,USR_0241,22.41,2026-03-19 05:21:47,"New York, US",Mobile,Travel,0
TXN_006203,USR_0029,18.69,2026-01-11 11:52:20,"Paris, FR",Mobile,Retail,0
TXN_009267,USR_0166,10.22,2026-03-29 18:21:09,"New York, US",Mobile,Retail,0
TXN_009531,USR_0043,128.99,2026-01-03 10:52:37,Online,POS,Travel,0
TXN_008405,USR_0227,75.19,2026-01-21 11:12:34,"Paris, FR",Desktop,Grocery,0
TXN_005814,USR_0454,9.56,2026-03-25 08:53:42,"London, UK",POS,Retail,0
TXN_000003,USR_0217,26.2,2026-01-05 05:01:05,"London, UK",Mobile,Travel,0
TXN_005971,USR_0086,15.06,2026-02-16 17:22:19,"London, UK",POS,Grocery,0
TXN_002371,USR_0255,54.28,2026-02-06 09:08:12,"New York, US",POS,Electronics,0
TXN_003805,USR_0349,5.99,2026-02-07 11:23:31,"New York, US",Desktop,Retail,0
TXN_001770,USR_0203,25.34,2026-02-24 13:07:14,"London, UK",Mobile,Grocery,0
TXN_010194,USR_0024,5.58,2026-02-28 13:29:10,"London, UK",Mobile,Travel,0
TXN_008442,USR_0196,93.85,2026-02-02 10:20:16,"Paris, FR",Desktop,Retail,0
TXN_006080,USR_0022,59.83,2026-03-17 18:02:06,"New York, US",Mobile,Grocery,0
TXN_000532,USR_0472,39.91,2026-01-11 20:07:53,"London, UK",Desktop,Grocery,0
TXN_010339,USR_0159,570.78,2026-01-03 11:49:23,"London, UK",POS,Electronics,0
TXN_010375,USR_0466,79.37,2026-02-27 05:44:11,Online,Desktop,Retail,0
TXN_006477,USR_0090,141.45,2026-03-10 12:32:56,"London, UK",POS,Travel,0
TXN_006978,USR_0320,64.91,2026-03-06 23:53:17,"Tokyo, JP",Desktop,Grocery,0
TXN_010693,USR_0375,13.0,2026-02-18 19:56:07,"Tokyo, JP",Mobile,Travel,0
TXN_010945,USR_0029,10.02,2026-02-16 04:09:04,Online,Desktop,Grocery,0
TXN_003121,USR_0067,14.06,2026-02-23 13:03:15,"London, UK",POS,Grocery,0
TXN_010815,USR_0344,75.95,2026-03-08 13:25:25,Online,Desktop,Travel,0
TXN_006260,USR_0394,39.98,2026-02-02 10:45:08,"London, UK",Desktop,Retail,0
TXN_000732,USR_0340,38.16,2026-02-17 15:35:41,Online,POS,Grocery,0
TXN_003407,USR_0167,299.47,2026-03-27 03:42:38,"Tokyo, JP",POS,Retail,0
TXN_002340,USR_0477,20.54,2026-03-02 05:47:06,"London, UK",Mobile,Retail,0
TXN_005992,USR_0349,36.43,2026-03-29 11:36:28,"Tokyo, JP",Desktop,Retail,0
TXN_006329,USR_0334,280.15,2026-03-27 07:06:51,"Paris, FR",Desktop,Retail,0
TXN_002799,USR_0422,45.92,2026-03-29 19:55:27,Online,POS,Retail,0
TXN_008325,USR_0279,81.11,2026-02-26 04:33:39,"Paris, FR",Mobile,Grocery,0
TXN_002566,USR_0209,26.28,2026-03-08 16:30:55,"Paris, FR",Mobile,Retail,0
TXN_002582,USR_0117,26.53,2026-01-04 22:54:13,Online,Desktop,Retail,0
TXN_009806,USR_0139,17.88,2026-01-29 21:08:26,"New York, US",Desktop,Retail,0
TXN_008905,USR_0313,8.33,2026-03-26 12:09:31,"New York, US",Desktop,Grocery,0
TXN_010184,USR_0343,35.68,2026-02-14 07:08:13,"Paris, FR",Desktop,Travel,0
TXN_008773,USR_0075,23.22,2026-02-05 13:55:53,"Tokyo, JP",POS,Electronics,0
TXN_000384,USR_0171,35.14,2026-03-02 17:33:29,"London, UK",POS,Travel,0
TXN_010760,USR_0063,199.85,2026-03-17 05:13:45,Online,POS,Electronics,0
TXN_011360,USR_0108,25.4,2026-02-03 11:49:26,"Tokyo, JP",Mobile,Travel,0
TXN_001256,USR_0091,60.61,2026-03-12 18:02:24,"London, UK",Desktop,Electronics,0
TXN_002105,USR_0429,16.2,2026-03-12 07:10:20,"London, UK",Mobile,Grocery,0
TXN_011246,USR_0323,5.75,2026-01-12 18:53:47,"Tokyo, JP",POS,Retail,0
TXN_009958,USR_0393,14.61,2026-01-12 22:38:24,"Tokyo, JP",Mobile,Electronics,0
TXN_008571,USR_0400,1.5,2026-02-21 00:46:03,"Paris, FR",POS,Retail,0
TXN_011259,USR_0055,34.98,2026-03-10 15:24:36,"Paris, FR",POS,Retail,0
TXN_004995,USR_0455,10.77,2026-03-03 16:03:41,"New York, US",Mobile,Retail,0
TXN_010753,USR_0210,23.95,2026-02-17 15:22:55,"London, UK",Mobile,Retail,0
TXN_008994,USR_0355,12.97,2026-03-24 12:46:18,"New York, US",Desktop,Retail,0
TXN_005058,USR_0481,10.43,2026-01-09 12:16:14,"Paris, FR",Desktop,Travel,0
TXN_000659,USR_0392,108.8,2026-01-29 18:36:54,"Paris, FR",Desktop,Retail,0
TXN_004435,USR_0401,10.03,2026-02-21 03:09:54,"London, UK",Desktop,Grocery,0
TXN_003485,USR_0399,86.85,2026-02-13 14:54:23,"Tokyo, JP",Desktop,Retail,0
TXN_011390,USR_0149,10.54,2026-02-21 08:46:21,Online,POS,Travel,0
TXN_005319,USR_0035,56.65,2026-03-17 06:22:27,"Tokyo, JP",Desktop,Electronics,0
TXN_003817,USR_0313,75.17,2026-01-23 17:54:29,"New York, US",POS,Grocery,0
TXN_006774,USR_0144,23.64,2026-03-15 09:22:10,"London, UK",Mobile,Travel,0
TXN_008237,USR_0280,25.8,2026-02-27 17:30:45,"Paris, FR",POS,Grocery,0
TXN_010677,USR_0140,95.68,2026-01-21 19:35:04,"New York, US",Desktop,Travel,0
TXN_002547,USR_0293,46.92,2026-02-07 08:11:55,"London, UK",POS,Retail,0
TXN_008035,USR_0280,95.3,2026-03-11 15:18:20,"Paris, FR",Mobile,Retail,0
TXN_006480,USR_0285,103.0,2026-02-28 22:05:50,"London, UK",Mobile,Electronics,0
TXN_001622,USR_0153,18.46,2026-02-19 12:06:20,"London, UK",Desktop,Grocery,0
TXN_011305,USR_0478,29.01,2026-02-13 07:02:20,"Paris, FR",Mobile,Grocery,0
TXN_007261,USR_0164,63.68,2026-03-31 12:11:14,Online,POS,Grocery,0
TXN_003905,USR_0250,33.82,2026-02-05 07:41:13,"London, UK",POS,Travel,0
TXN_001848,USR_0060,37.88,2026-02-07 14:05:07,"New York, US",Desktop,Electronics,0
TXN_010676,USR_0195,3.26,2026-01-20 20:13:04,"Tokyo, JP",Mobile,Travel,0
TXN_001097,USR_0434,99.58,2026-03-19 15:30:45,"Tokyo, JP",Mobile,Retail,0
TXN_006812,USR_0044,35.67,2026-01-16 10:48:24,"Paris, FR",Mobile,Electronics,0
TXN_008658,USR_0113,71.96,2026-01-04 17:38:15,"Paris, FR",Mobile,Electronics,0
TXN_011041,USR_0300,50.28,2026-01-07 13:16:29,"London, UK",Desktop,Retail,0
TXN_011695,USR_0160,5099.13,2026-02-19 22:34:51,"Sydney, AU",Mobile,Electronics,1
TXN_005500,USR_0327,12.73,2026-02-14 11:56:03,"London, UK",POS,Grocery,0
TXN_011093,USR_0361,21.48,2026-03-12 10:06:22,"Tokyo, JP",Desktop,Grocery,0
TXN_002464,USR_0175,255.21,2026-03-01 15:36:53,"New York, US",POS,Retail,0
TXN_010598,USR_0003,231.99,2026-03-11 20:54:25,"Paris, FR",POS,Electronics,0
TXN_003701,USR_0128,24.46,2026-02-22 17:45:41,"London, UK",Mobile,Travel,0
TXN_006685,USR_0336,58.81,2026-01-27 15:16:59,"New York, US",Mobile,Electronics,0
TXN_009177,USR_0014,55.58,2026-02-01 16:49:26,Online,Mobile,Travel,0
TXN_011790,USR_0075,499.99,2026-02-21 00:53:41,"Moscow, RU",Desktop,Gaming,1
TXN_001789,USR_0047,12.16,2026-01-23 11:37:35,"London, UK",Mobile,Travel,0
TXN_000251,USR_0180,63.14,2026-03-13 16:23:07,"Tokyo, JP",POS,Retail,0
TXN_007705,USR_0070,3.07,2026-02-11 13:55:12,"London, UK",Mobile,Travel,0
TXN_006315,USR_0255,20.91,2026-03-17 08:18:39,Online,POS,Electronics,0
TXN_010983,USR_0267,158.4,2026-01-15 09:22:42,"New York, US",Desktop,Grocery,0
TXN_003646,USR_0484,9.3,2026-01-11 11:15:23,Online,POS,Travel,0
TXN_001777,USR_0035,1.81,2026-02-12 10:01:38,Online,Desktop,Retail,0
TXN_000193,USR_0356,105.44,2026-02-08 17:57:01,"New York, US",Desktop,Grocery,0
TXN_000821,USR_0055,26.54,2026-01-04 19:24:09,"New York, US",POS,Grocery,0
TXN_011553,USR_0137,33.31,2026-01-02 13:32:38,"Paris, FR",Mobile,Travel,0
TXN_008230,USR_0377,172.76,2026-03-31 14:07:52,Online,Desktop,Electronics,0
TXN_009217,USR_0339,27.43,2026-03-08 20:23:30,"Tokyo, JP",Mobile,Retail,0
TXN_010312,USR_0168,5.73,2026-01-01 14:16:25,"New York, US",Desktop,Grocery,0
TXN_008891,USR_0025,16.11,2026-02-18 17:03:23,"Paris, FR",Mobile,Retail,0
TXN_004401,USR_0340,27.29,2026-03-19 18:35:41,"Tokyo, JP",POS,Grocery,0
TXN_009116,USR_0360,22.06,2026-03-03 10:11:18,"New York, US",Mobile,Retail,0
TXN_005389,USR_0072,79.57,2026-03-27 03:27:38,"London, UK",Desktop,Retail,0
TXN_004167,USR_0456,29.67,2026-01-27 16:56:55,Online,POS,Retail,0
TXN_009430,USR_0391,91.57,2026-03-03 18:49:30,"New York, US",POS,Retail,0
TXN_011226,USR_0265,13.55,2026-01-10 11:51:07,"Paris, FR",Desktop,Grocery,0
TXN_004952,USR_0330,46.1,2026-02-16 13:46:35,"Paris, FR",POS,Travel,0
TXN_002688,USR_0166,68.16,2026-01-02 09:36:30,"Paris, FR",Desktop,Retail,0
TXN_004391,USR_0409,58.97,2026-01-01 05:01:37,"New York, US",Desktop,Travel,0
TXN_011740,USR_0053,499.99,2026-02-25 03:41:28,"Lagos, NG",ATM,Wire_Transfer,1
TXN_003389,USR_0070,103.55,2026-02-22 22:02:13,"London, UK",POS,Grocery,0
TXN_004928,USR_0171,72.23,2026-01-07 12:34:39,Online,Mobile,Grocery,0
TXN_009083,USR_0025,14.83,2026-03-12 01:29:17,Online,Desktop,Grocery,0
TXN_005553,USR_0083,115.81,2026-01-18 09:06:31,"New York, US",Mobile,Grocery,0
TXN_002608,USR_0058,24.3,2026-01-24 13:31:00,"Tokyo, JP",POS,Retail,0
TXN_009382,USR_0193,13.31,2026-03-18 19:29:44,Online,Mobile,Travel,0
TXN_000239,USR_0076,33.29,2026-01-09 17:08:17,Online,POS,Travel,0
TXN_004016,USR_0342,65.84,2026-01-02 10:04:39,"Paris, FR",Mobile,Retail,0
TXN_011729,USR_0375,3849.26,2026-01-12 03:23:21,"Moscow, RU",Desktop,Crypto,1
TXN_002978,USR_0090,66.61,2026-01-02 10:36:57,"New York, US",POS,Grocery,0
TXN_008226,USR_0445,15.29,2026-01-03 15:08:47,"Paris, FR",POS,Travel,0
TXN_010796,USR_0392,25.07,2026-01-21 14:45:49,"New York, US",Desktop,Retail,0
TXN_009545,USR_0366,25.77,2026-02-24 00:56:44,"New York, US",Mobile,Retail,0
TXN_011886,USR_0470,6314.01,2026-01-12 00:36:01,"Lagos, NG",Desktop,Crypto,1
TXN_005474,USR_0347,10.41,2026-01-13 10:11:48,"London, UK",Desktop,Retail,0
TXN_000946,USR_0183,441.23,2026-01-20 19:49:06,"New York, US",Mobile,Electronics,0
TXN_009426,USR_0236,63.81,2026-01-01 10:57:46,"Paris, FR",Desktop,Grocery,0
TXN_009512,USR_0175,93.0,2026-02-23 08:23:08,"New York, US",POS,Retail,0
TXN_005098,USR_0078,6.15,2026-02-08 12:06:21,"Paris, FR",Mobile,Retail,0
TXN_008690,USR_0217,13.15,2026-01-08 11:05:12,Online,Mobile,Electronics,0
TXN_006056,USR_0276,112.48,2026-02-17 08:12:45,"Paris, FR",Mobile,Grocery,0
TXN_006474,USR_0469,100.55,2026-03-26 14:33:45,Online,Desktop,Retail,0
TXN_008969,USR_0483,116.31,2026-02-09 10:59:46,"London, UK",Mobile,Grocery,0
TXN_008290,USR_0191,22.01,2026-01-19 09:56:23,"Tokyo, JP",POS,Retail,0
TXN_003553,USR_0372,10.07,2026-03-24 09:29:47,"Paris, FR",Mobile,Retail,0
TXN_011962,USR_0374,5000.0,2026-02-05 05:34:19,"Lagos, NG",Desktop,Wire_Transfer,1
TXN_003361,USR_0399,29.28,2026-03-12 15:46:55,Online,Mobile,Grocery,0
TXN_007343,USR_0042,43.12,2026-03-08 14:26:16,"Tokyo, JP",Mobile,Retail,0
TXN_010644,USR_0433,19.77,2026-03-29 17:12:09,"New York, US",Mobile,Grocery,0
TXN_005629,USR_0104,54.84,2026-01-01 12:02:48,Online,POS,Grocery,0
TXN_002411,USR_0430,30.93,2026-03-14 12:48:14,"New York, US",Desktop,Grocery,0
TXN_007752,USR_0476,92.5,2026-03-21 11:34:26,Online,Mobile,Electronics,0
TXN_005784,USR_0411,19.64,2026-03-12 03:14:30,"Tokyo, JP",POS,Grocery,0
TXN_004508,USR_0073,92.84,2026-01-05 09:22:04,"Paris, FR",Mobile,Grocery,0
TXN_010138,USR_0158,106.18,2026-03-28 11:19:58,"Paris, FR",POS,Retail,0
TXN_003983,USR_0316,16.26,2026-01-25 07:57:33,Online,POS,Retail,0
TXN_008296,USR_0313,105.48,2026-03-31 18:40:50,Online,Mobile,Electronics,0
TXN_000147,USR_0175,54.87,2026-01-24 11:03:16,"Paris, FR",Mobile,Grocery,0
TXN_008212,USR_0382,13.47,2026-01-02 16:44:20,Online,Mobile,Travel,0
TXN_006902,USR_0311,49.65,2026-01-02 09:43:51,"Paris, FR",Desktop,Grocery,0
TXN_008865,USR_0416,35.55,2026-02-10 09:53:41,"Paris, FR",Mobile,Electronics,0
TXN_002295,USR_0424,22.46,2026-01-11 08:03:17,Online,Desktop,Retail,0
TXN_008285,USR_0202,4.18,2026-02-20 15:56:45,"Paris, FR",POS,Retail,0
TXN_002254,USR_0358,53.12,2026-02-27 09:24:08,Online,POS,Retail,0
TXN_007179,USR_0346,12.65,2026-02-05 13:49:35,"Paris, FR",Desktop,Retail,0
TXN_003612,USR_0416,14.67,2026-03-27 00:23:28,"New York, US",Mobile,Travel,0
TXN_005354,USR_0204,51.51,2026-04-01 19:53:58,"London, UK",Desktop,Grocery,0
TXN_001737,USR_0189,71.89,2026-03-08 07:00:10,"Tokyo, JP",Desktop,Retail,0
TXN_008342,USR_0001,25.94,2026-01-24 11:13:31,"Tokyo, JP",Mobile,Travel,0
TXN_009499,USR_0446,10.9,2026-01-05 08:42:08,"New York, US",Desktop,Grocery,0
TXN_000115,USR_0026,53.16,2026-02-03 21:24:20,"London, UK",Desktop,Grocery,0
TXN_011950,USR_0355,4101.55,2026-02-01 02:31:45,"Lagos, NG",Desktop,Gaming,1
TXN_006127,USR_0036,15.31,2026-02-22 12:25:27,"New York, US",POS,Travel,0
TXN_008182,USR_0129,145.0,2026-02-01 11:28:49,"Tokyo, JP",POS,Electronics,0
TXN_011367,USR_0008,61.43,2026-02-14 09:36:15,Online,Desktop,Retail,0
TXN_009960,USR_0212,56.07,2026-03-28 10:32:50,"London, UK",POS,Grocery,0
TXN_000499,USR_0117,155.63,2026-02-15 06:35:24,"Paris, FR",Mobile,Electronics,0
TXN_007082,USR_0324,32.19,2026-03-15 09:05:36,Online,Desktop,Electronics,0
TXN_006560,USR_0391,192.96,2026-02-01 17:17:51,"Tokyo, JP",POS,Grocery,0
TXN_006379,USR_0380,13.99,2026-02-04 23:31:26,"New York, US",POS,Retail,0
TXN_004734,USR_0070,32.06,2026-01-07 16:16:11,Online,POS,Retail,0
TXN_000721,USR_0259,176.37,2026-02-20 12:40:59,"New York, US",POS,Grocery,0
TXN_007582,USR_0257,58.36,2026-01-31 16:20:10,"Paris, FR",POS,Grocery,0
TXN_004385,USR_0373,38.26,2026-03-04 09:43:47,"London, UK",Mobile,Grocery,0
TXN_010608,USR_0319,6.75,2026-03-03 14:10:45,Online,POS,Grocery,0
TXN_008238,USR_0330,56.18,2026-01-29 16:12:55,"Tokyo, JP",Mobile,Retail,0
TXN_005726,USR_0206,16.63,2026-01-12 09:12:15,"New York, US",Desktop,Electronics,0
TXN_003090,USR_0358,32.42,2026-01-09 19:28:45,"New York, US",Desktop,Travel,0
TXN_009210,USR_0432,67.81,2026-03-15 12:17:24,"New York, US",Desktop,Retail,0
TXN_009232,USR_0345,30.6,2026-03-23 16:58:32,"Tokyo, JP",Mobile,Electronics,0
TXN_000485,USR_0125,88.62,2026-03-31 21:14:19,"New York, US",POS,Electronics,0
TXN_004546,USR_0229,103.15,2026-01-06 14:56:21,"New York, US",Mobile,Grocery,0
TXN_000597,USR_0327,186.33,2026-03-18 09:04:33,"New York, US",Desktop,Grocery,0
TXN_010899,USR_0343,389.91,2026-02-24 09:10:16,"London, UK",Desktop,Grocery,0
TXN_008485,USR_0462,9.12,2026-01-27 13:55:06,"Paris, FR",Desktop,Travel,0
TXN_008867,USR_0142,34.85,2026-03-14 08:55:54,"London, UK",Desktop,Grocery,0
TXN_005165,USR_0327,174.9,2026-01-12 09:29:09,"Paris, FR",Desktop,Retail,0
TXN_010964,USR_0361,7.03,2026-01-25 19:20:55,"London, UK",Mobile,Electronics,0
TXN_001648,USR_0156,121.01,2026-01-29 09:14:31,"Tokyo, JP",Mobile,Grocery,0
TXN_004591,USR_0032,28.74,2026-01-25 12:10:45,"New York, US",Mobile,Grocery,0
TXN_007540,USR_0389,38.11,2026-01-08 07:43:50,Online,Desktop,Electronics,0
TXN_009981,USR_0068,23.78,2026-03-16 05:39:44,"Paris, FR",POS,Retail,0
TXN_006816,USR_0024,66.75,2026-01-16 17:25:23,"Paris, FR",Mobile,Retail,0
TXN_002701,USR_0356,520.72,2026-03-09 09:10:23,"London, UK",Mobile,Electronics,0
TXN_009356,USR_0212,24.24,2026-01-10 14:34:43,Online,POS,Retail,0
TXN_001701,USR_0438,30.16,2026-03-10 11:18:50,"London, UK",Desktop,Retail,0
TXN_010721,USR_0043,10.16,2026-01-08 12:58:22,"Tokyo, JP",POS,Retail,0
TXN_005405,USR_0273,47.58,2026-01-04 05:20:01,"New York, US",POS,Grocery,0
TXN_011340,USR_0444,34.39,2026-03-11 12:20:13,"London, UK",Desktop,Grocery,0
TXN_002774,USR_0332,124.62,2026-03-23 20:05:21,"Paris, FR",Mobile,Travel,0
TXN_002943,USR_0498,36.86,2026-02-15 20:21:05,"Paris, FR",Desktop,Grocery,0
TXN_006969,USR_0420,24.03,2026-02-24 13:17:02,"Paris, FR",Mobile,Retail,0
TXN_006558,USR_0317,2.01,2026-01-15 12:56:32,"Paris, FR",Desktop,Grocery,0
TXN_008432,USR_0209,34.4,2026-02-21 18:44:15,Online,Mobile,Grocery,0
TXN_006220,USR_0401,31.73,2026-03-15 21:42:04,Online,POS,Retail,0
TXN_002513,USR_0058,18.54,2026-01-23 07:27:34,"Paris, FR",POS,Grocery,0
TXN_000087,USR_0152,6.64,2026-03-12 06:08:12,"Paris, FR",POS,Retail,0
TXN_007594,USR_0171,39.24,2026-01-16 22:29:20,"Paris, FR",Mobile,Grocery,0
TXN_002309,USR_0237,7.39,2026-01-03 10:28:00,"Paris, FR",Mobile,Grocery,0
TXN_002678,USR_0241,54.37,2026-02-02 13:08:20,Online,Desktop,Travel,0
TXN_009839,USR_0256,11.2,2026-01-10 07:11:09,"New York, US",Desktop,Retail,0
TXN_009815,USR_0322,19.21,2026-01-30 18:02:29,"New York, US",Desktop,Travel,0
TXN_010497,USR_0369,11.19,2026-03-23 18:40:21,"London, UK",Desktop,Retail,0
TXN_002595,USR_0440,25.09,2026-02-01 17:14:44,"Paris, FR",Mobile,Grocery,0
TXN_011373,USR_0195,37.9,2026-03-11 20:15:08,"New York, US",Mobile,Retail,0
TXN_009714,USR_0139,35.88,2026-01-27 14:21:06,"Tokyo, JP",POS,Retail,0
TXN_001030,USR_0381,33.83,2026-02-23 16:52:23,"New York, US",POS,Grocery,0
TXN_000137,USR_0048,20.66,2026-02-07 07:14:25,"London, UK",Desktop,Electronics,0
TXN_006973,USR_0146,6.62,2026-03-30 11:43:00,"Tokyo, JP",Desktop,Travel,0
TXN_001237,USR_0030,3.63,2026-03-18 04:42:57,"London, UK",POS,Electronics,0
TXN_007025,USR_0064,15.3,2026-01-20 16:58:49,"London, UK",Desktop,Retail,0
TXN_006241,USR_0035,16.42,2026-03-14 14:41:52,"London, UK",Desktop,Electronics,0
TXN_008522,USR_0308,175.78,2026-02-04 08:29:34,"New York, US",Mobile,Retail,0
TXN_002855,USR_0078,9.81,2026-01-28 13:19:53,"New York, US",Desktop,Travel,0
TXN_004410,USR_0335,143.34,2026-01-29 06:32:28,Online,Desktop,Grocery,0
TXN_007530,USR_0182,93.75,2026-04-01 18:56:47,Online,Desktop,Electronics,0
TXN_001201,USR_0454,369.67,2026-03-04 00:42:27,"London, UK",Mobile,Retail,0
TXN_006122,USR_0029,19.55,2026-01-01 07:10:08,"London, UK",Mobile,Retail,0
TXN_004718,USR_0377,31.89,2026-02-07 06:51:42,"London, UK",Desktop,Retail,0
TXN_011417,USR_0460,30.12,2026-02-13 13:19:47,"Paris, FR",Desktop,Electronics,0
TXN_007557,USR_0045,139.79,2026-01-04 17:58:39,"New York, US",Desktop,Retail,0
TXN_008826,USR_0289,51.12,2026-03-27 13:32:07,"Tokyo, JP",Mobile,Grocery,0
TXN_000567,USR_0142,21.07,2026-03-25 14:08:44,"London, UK",Mobile,Retail,0
TXN_009254,USR_0050,35.87,2026-02-19 13:15:28,Online,Mobile,Grocery,0
TXN_005934,USR_0144,545.32,2026-01-29 00:19:20,Online,POS,Retail,0
TXN_005431,USR_0403,29.56,2026-02-07 14:35:47,"London, UK",POS,Grocery,0
TXN_005869,USR_0208,14.59,2026-03-28 15:59:14,"Tokyo, JP",Desktop,Electronics,0
TXN_006297,USR_0227,44.83,2026-02-02 08:20:49,"New York, US",Mobile,Retail,0
TXN_003928,USR_0116,56.68,2026-03-14 04:26:22,"New York, US",Desktop,Electronics,0
TXN_006196,USR_0306,18.39,2026-02-27 06:00:06,"Tokyo, JP",POS,Electronics,0
TXN_008460,USR_0377,23.82,2026-01-22 20:19:57,"London, UK",Desktop,Electronics,0
TXN_009458,USR_0458,40.49,2026-02-16 08:18:27,"New York, US",Mobile,Electronics,0
TXN_010588,USR_0368,46.27,2026-02-17 10:57:22,Online,POS,Retail,0
TXN_008808,USR_0308,155.28,2026-01-25 23:51:56,"Tokyo, JP",Desktop,Retail,0
TXN_009566,USR_0030,58.34,2026-03-25 01:19:31,"Paris, FR",Mobile,Grocery,0
TXN_003607,USR_0429,6.75,2026-02-02 16:29:27,"New York, US",Mobile,Grocery,0
TXN_010687,USR_0443,20.87,2026-01-26 22:59:10,"Paris, FR",Desktop,Retail,0
TXN_009913,USR_0181,43.96,2026-01-25 18:56:38,"New York, US",POS,Grocery,0
TXN_002331,USR_0151,61.49,2026-02-01 17:21:15,"Tokyo, JP",Mobile,Retail,0
TXN_003516,USR_0071,23.02,2026-03-05 13:45:21,Online,Desktop,Electronics,0
TXN_002188,USR_0387,13.59,2026-01-19 12:49:06,"New York, US",Desktop,Electronics,0
TXN_000196,USR_0041,13.5,2026-03-20 13:55:24,Online,POS,Retail,0
TXN_009252,USR_0096,37.96,2026-01-24 10:34:01,Online,Desktop,Grocery,0
TXN_008197,USR_0419,92.64,2026-02-04 17:39:32,Online,Desktop,Travel,0
TXN_005060,USR_0040,104.39,2026-03-12 14:29:06,"New York, US",POS,Electronics,0
TXN_000803,USR_0494,11.62,2026-02-07 08:35:33,"Tokyo, JP",POS,Grocery,0
TXN_007763,USR_0358,28.47,2026-02-25 11:13:57,"Paris, FR",POS,Travel,0
TXN_005716,USR_0193,25.39,2026-02-12 19:23:51,Online,Mobile,Retail,0
TXN_010289,USR_0056,14.07,2026-03-04 06:51:26,Online,POS,Retail,0
TXN_002669,USR_0090,40.88,2026-03-08 13:09:47,"London, UK",Desktop,Grocery,0
TXN_008355,USR_0492,56.12,2026-02-03 13:16:50,Online,Desktop,Grocery,0
TXN_006599,USR_0323,30.88,2026-02-04 07:24:22,"Tokyo, JP",Mobile,Electronics,0
TXN_000242,USR_0450,61.73,2026-03-12 07:46:55,"London, UK",Desktop,Retail,0
TXN_002069,USR_0405,31.04,2026-02-25 05:30:13,"New York, US",Mobile,Grocery,0
TXN_009542,USR_0046,38.62,2026-03-02 20:51:11,"Paris, FR",Mobile,Electronics,0
TXN_008273,USR_0461,57.13,2026-03-24 21:18:56,Online,Desktop,Retail,0
TXN_010495,USR_0214,12.18,2026-01-22 12:02:32,"London, UK",Mobile,Retail,0
TXN_000645,USR_0012,17.75,2026-01-09 19:12:57,"Paris, FR",Mobile,Grocery,0
TXN_011247,USR_0011,37.97,2026-02-05 17:48:18,"Tokyo, JP",Desktop,Travel,0
TXN_005104,USR_0290,23.39,2026-03-02 10:37:40,"London, UK",POS,Travel,0
TXN_005461,USR_0161,15.63,2026-03-29 08:14:44,"Paris, FR",POS,Grocery,0
TXN_007206,USR_0190,34.35,2026-02-20 15:03:41,"New York, US",Desktop,Grocery,0
TXN_001638,USR_0326,21.67,2026-02-03 04:48:45,"Paris, FR",Desktop,Retail,0
TXN_007553,USR_0098,23.29,2026-02-14 16:03:31,"Tokyo, JP",Desktop,Grocery,0
TXN_000121,USR_0393,13.68,2026-02-17 14:10:38,Online,POS,Electronics,0
TXN_005874,USR_0263,12.77,2026-01-23 14:54:21,"London, UK",POS,Retail,0
TXN_002982,USR_0488,64.01,2026-03-31 18:31:50,"London, UK",POS,Electronics,0
TXN_005070,USR_0210,16.79,2026-03-03 12:02:06,"Tokyo, JP",Mobile,Grocery,0
TXN_003075,USR_0284,46.61,2026-03-16 08:20:48,"London, UK",Mobile,Retail,0
TXN_010704,USR_0061,29.81,2026-01-15 10:48:53,"Paris, FR",Desktop,Travel,0
TXN_007297,USR_0411,17.15,2026-01-03 14:15:45,"Paris, FR",Desktop,Travel,0
TXN_003279,USR_0114,494.24,2026-01-28 08:13:23,"New York, US",Mobile,Grocery,0
TXN_007132,USR_0431,84.68,2026-03-11 11:23:24,Online,Mobile,Retail,0
TXN_008004,USR_0141,118.92,2026-02-13 09:23:17,"New York, US",POS,Travel,0
TXN_002136,USR_0034,121.91,2026-02-19 21:18:38,"London, UK",POS,Retail,0
TXN_009741,USR_0001,72.34,2026-03-15 08:43:18,"New York, US",Desktop,Grocery,0
TXN_004971,USR_0030,20.1,2026-03-13 12:37:19,"Tokyo, JP",POS,Travel,0
TXN_009251,USR_0042,45.16,2026-01-25 10:16:47,"New York, US",Desktop,Retail,0
TXN_000135,USR_0265,335.18,2026-01-25 10:05:15,"Paris, FR",Desktop,Travel,0
TXN_004352,USR_0409,33.17,2026-03-01 13:13:39,"Paris, FR",Mobile,Retail,0
TXN_007382,USR_0352,55.09,2026-03-22 15:52:28,"London, UK",Desktop,Grocery,0
TXN_006916,USR_0467,30.83,2026-02-16 06:39:30,"New York, US",POS,Electronics,0
TXN_005325,USR_0281,5.16,2026-03-04 13:38:55,"London, UK",Mobile,Retail,0
TXN_008404,USR_0105,156.8,2026-02-24 16:49:59,Online,Mobile,Retail,0
TXN_011569,USR_0367,44.63,2026-02-09 07:32:25,"Tokyo, JP",Mobile,Grocery,0
TXN_011905,USR_0406,1500.0,2026-02-02 05:43:42,"Lagos, NG",ATM,Electronics,1
TXN_002560,USR_0235,71.25,2026-02-17 12:46:55,"London, UK",Mobile,Retail,0
TXN_007830,USR_0192,23.79,2026-03-11 19:11:34,"Tokyo, JP",POS,Travel,0
TXN_000063,USR_0054,28.18,2026-01-18 13:16:07,"New York, US",POS,Travel,0
TXN_010059,USR_0453,239.83,2026-03-31 20:21:20,"Tokyo, JP",Mobile,Electronics,0
TXN_009552,USR_0078,35.29,2026-02-23 15:30:12,"Paris, FR",Mobile,Grocery,0
TXN_011939,USR_0113,7255.44,2026-03-23 03:45:31,Online,Mobile,Crypto,1
TXN_001359,USR_0490,30.46,2026-03-23 09:53:40,"Paris, FR",Mobile,Electronics,0
TXN_008791,USR_0432,10.6,2026-01-29 19:56:05,"London, UK",Desktop,Grocery,0
TXN_008702,USR_0188,15.06,2026-03-24 07:32:38,"London, UK",Desktop,Electronics,0
TXN_011329,USR_0412,83.75,2026-01-08 20:48:16,"Tokyo, JP",Desktop,Grocery,0
TXN_003698,USR_0476,8.14,2026-02-18 18:56:44,"New York, US",Desktop,Grocery,0
TXN_002468,USR_0158,22.1,2026-03-29 11:41:57,"London, UK",POS,Electronics,0
TXN_000680,USR_0180,25.01,2026-03-11 09:24:06,"Paris, FR",POS,Electronics,0
TXN_002042,USR_0183,47.06,2026-01-17 10:44:43,"New York, US",Desktop,Retail,0
TXN_000742,USR_0050,400.61,2026-03-02 13:08:47,"Tokyo, JP",POS,Travel,0
TXN_005308,USR_0026,35.86,2026-01-26 14:02:39,"New York, US",Mobile,Retail,0
TXN_006267,USR_0364,23.06,2026-02-20 13:14:07,"Paris, FR",Desktop,Travel,0
TXN_008927,USR_0317,22.82,2026-03-11 17:58:54,"Tokyo, JP",POS,Grocery,0
TXN_003642,USR_0435,17.83,2026-03-26 10:08:01,"London, UK",Desktop,Grocery,0
TXN_000445,USR_0236,31.98,2026-02-14 16:09:17,"London, UK",POS,Grocery,0
TXN_009779,USR_0352,56.65,2026-01-13 12:17:19,"New York, US",Mobile,Grocery,0
TXN_011169,USR_0138,5.56,2026-03-15 00:07:16,"New York, US",Mobile,Electronics,0
TXN_003259,USR_0034,66.53,2026-03-17 08:29:22,"Tokyo, JP",POS,Retail,0
TXN_004664,USR_0198,92.53,2026-01-03 15:18:15,"Tokyo, JP",Desktop,Retail,0
TXN_001874,USR_0338,53.26,2026-01-12 13:49:29,"Paris, FR",Desktop,Electronics,0
TXN_004745,USR_0080,15.08,2026-01-17 13:25:00,"New York, US",Mobile,Grocery,0
TXN_002597,USR_0376,26.68,2026-01-09 14:57:57,"London, UK",POS,Grocery,0
TXN_001718,USR_0101,26.93,2026-03-28 20:21:16,"Tokyo, JP",POS,Electronics,0
TXN_002913,USR_0214,13.88,2026-03-04 13:00:19,"London, UK",Desktop,Electronics,0
TXN_002844,USR_0281,362.99,2026-02-22 09:23:41,"Tokyo, JP",Mobile,Retail,0
TXN_004028,USR_0094,6.17,2026-01-30 07:07:09,"New York, US",Mobile,Grocery,0
TXN_005489,USR_0261,49.4,2026-01-15 15:53:27,"London, UK",POS,Travel,0
TXN_011783,USR_0258,1500.0,2026-02-24 22:07:38,"Sydney, AU",Desktop,Crypto,1
TXN_008025,USR_0221,46.0,2026-01-23 10:48:09,Online,Desktop,Grocery,0
TXN_007787,USR_0385,31.6,2026-03-23 12:58:11,Online,Desktop,Travel,0
TXN_004486,USR_0384,45.65,2026-01-19 10:05:20,"New York, US",POS,Grocery,0
TXN_002557,USR_0485,69.58,2026-01-03 07:20:39,"London, UK",Mobile,Travel,0
TXN_011609,USR_0220,6263.57,2026-01-23 03:00:20,"Sydney, AU",Mobile,Wire_Transfer,1
TXN_006865,USR_0321,90.46,2026-01-09 13:46:33,Online,POS,Grocery,0
TXN_000490,USR_0455,54.19,2026-03-14 13:30:17,"New York, US",Mobile,Electronics,0
TXN_000494,USR_0124,108.75,2026-03-14 21:53:54,"Paris, FR",POS,Travel,0
TXN_000691,USR_0088,41.43,2026-03-23 04:18:05,"Paris, FR",Mobile,Grocery,0
TXN_010084,USR_0432,7.11,2026-02-16 17:27:05,"Tokyo, JP",Desktop,Grocery,0
TXN_003822,USR_0045,17.65,2026-03-06 08:36:50,"Tokyo, JP",POS,Electronics,0
TXN_000603,USR_0079,20.43,2026-02-05 10:05:19,"New York, US",POS,Retail,0
TXN_001912,USR_0483,30.7,2026-01-30 14:19:40,"New York, US",Desktop,Retail,0
TXN_001015,USR_0129,15.76,2026-01-06 12:31:45,"Paris, FR",POS,Grocery,0
TXN_008514,USR_0263,64.26,2026-02-11 16:57:41,"Paris, FR",POS,Travel,0
TXN_000870,USR_0365,29.32,2026-03-24 16:27:17,"Tokyo, JP",Mobile,Electronics,0
TXN_001994,USR_0419,141.32,2026-02-13 16:54:45,"New York, US",Mobile,Retail,0
TXN_002435,USR_0396,112.2,2026-03-17 17:38:17,Online,POS,Retail,0
TXN_003758,USR_0130,153.88,2026-02-18 10:14:02,"New York, US",POS,Travel,0
TXN_006648,USR_0175,51.28,2026-02-01 12:11:21,"New York, US",Mobile,Grocery,0
TXN_010209,USR_0029,25.23,2026-01-17 15:07:56,"Tokyo, JP",POS,Retail,0
TXN_002367,USR_0162,42.25,2026-01-05 10:27:06,Online,Desktop,Retail,0
TXN_007611,USR_0460,1.7,2026-01-18 17:35:16,"New York, US",Desktop,Retail,0
TXN_005284,USR_0228,22.35,2026-03-24 02:46:56,"London, UK",POS,Grocery,0
TXN_004371,USR_0298,24.77,2026-01-12 16:10:51,"Paris, FR",POS,Retail,0
TXN_002687,USR_0325,17.02,2026-01-05 15:53:50,"London, UK",Mobile,Retail,0
TXN_001574,USR_0454,53.49,2026-03-29 17:44:35,"Tokyo, JP",POS,Electronics,0
TXN_001362,USR_0307,35.49,2026-02-16 06:37:30,Online,Desktop,Grocery,0
TXN_008639,USR_0035,17.21,2026-02-17 14:06:39,"London, UK",Mobile,Retail,0
TXN_001527,USR_0380,48.76,2026-03-26 14:29:11,"London, UK",Desktop,Grocery,0
TXN_001328,USR_0172,34.81,2026-02-22 13:37:21,"Tokyo, JP",Desktop,Travel,0
TXN_001630,USR_0192,132.73,2026-03-11 08:10:50,"London, UK",POS,Retail,0
TXN_011688,USR_0107,499.99,2026-01-17 02:18:11,"Moscow, RU",Desktop,Gaming,1
TXN_001552,USR_0319,57.87,2026-01-27 11:18:44,"New York, US",POS,Retail,0
TXN_008590,USR_0141,150.1,2026-01-14 10:44:43,"Tokyo, JP",POS,Grocery,0
TXN_011624,USR_0315,6638.67,2026-03-26 00:48:06,"Moscow, RU",ATM,Gaming,1
TXN_001338,USR_0486,43.0,2026-02-28 01:59:20,"London, UK",Mobile,Electronics,0
TXN_003902,USR_0028,32.09,2026-01-23 15:35:13,Online,Desktop,Travel,0
TXN_003011,USR_0279,42.78,2026-01-12 23:05:15,"New York, US",Desktop,Retail,0
TXN_005042,USR_0328,31.46,2026-01-24 20:31:43,"Paris, FR",Desktop,Grocery,0
TXN_008782,USR_0145,8.18,2026-01-13 10:47:20,"Paris, FR",Mobile,Grocery,0
TXN_005040,USR_0035,125.04,2026-03-14 16:37:50,"Tokyo, JP",POS,Electronics,0
TXN_002347,USR_0359,20.41,2026-01-18 20:46:11,Online,POS,Grocery,0
TXN_011134,USR_0173,33.63,2026-03-22 10:11:28,"Paris, FR",POS,Retail,0
TXN_005486,USR_0348,43.98,2026-03-24 08:06:20,"New York, US",Desktop,Retail,0
TXN_011453,USR_0194,44.25,2026-03-01 16:25:49,"Tokyo, JP",Desktop,Travel,0
TXN_005695,USR_0270,35.77,2026-03-24 10:39:04,"Tokyo, JP",POS,Retail,0
TXN_005120,USR_0212,68.66,2026-03-31 07:58:24,"Tokyo, JP",POS,Retail,0
TXN_005167,USR_0196,10.8,2026-01-02 01:30:01,"New York, US",Mobile,Grocery,0
TXN_001135,USR_0323,28.13,2026-03-09 11:05:30,Online,POS,Grocery,0
TXN_004018,USR_0293,31.67,2026-02-01 14:48:45,"Paris, FR",POS,Retail,0
TXN_002425,USR_0475,12.5,2026-01-18 11:10:33,"Paris, FR",Mobile,Grocery,0
TXN_004139,USR_0033,13.46,2026-03-24 13:05:11,"London, UK",Mobile,Retail,0
TXN_000860,USR_0306,246.19,2026-02-20 14:34:35,"New York, US",Desktop,Retail,0
TXN_002963,USR_0112,75.14,2026-03-07 06:01:19,"New York, US",Mobile,Retail,0
TXN_008090,USR_0048,12.87,2026-01-11 16:16:39,Online,Desktop,Electronics,0
TXN_009294,USR_0274,80.07,2026-01-06 12:04:13,"New York, US",POS,Grocery,0
TXN_010267,USR_0497,30.9,2026-02-18 20:29:56,"Paris, FR",POS,Grocery,0
TXN_010172,USR_0389,54.01,2026-02-04 10:13:28,"Tokyo, JP",Mobile,Travel,0
TXN_001365,USR_0030,9.03,2026-01-19 01:20:29,"London, UK",Desktop,Retail,0
TXN_010599,USR_0399,31.53,2026-03-18 14:16:23,"New York, US",Mobile,Travel,0
TXN_001780,USR_0378,36.94,2026-02-24 18:48:15,Online,Mobile,Grocery,0
TXN_008464,USR_0098,17.68,2026-02-06 09:09:20,"Tokyo, JP",Desktop,Retail,0
TXN_002102,USR_0066,29.31,2026-03-23 05:24:46,"London, UK",Desktop,Grocery,0
TXN_001819,USR_0291,21.8,2026-01-28 01:11:12,"New York, US",POS,Retail,0
TXN_000370,USR_0239,21.61,2026-01-16 00:17:28,"London, UK",Mobile,Grocery,0
TXN_004938,USR_0425,16.28,2026-03-22 15:48:35,"New York, US",Mobile,Electronics,0
TXN_005286,USR_0368,26.92,2026-02-20 14:31:25,"Paris, FR",Mobile,Retail,0
TXN_009727,USR_0027,18.91,2026-03-23 16:56:48,"London, UK",POS,Retail,0
TXN_007072,USR_0300,47.71,2026-02-19 15:43:51,"Tokyo, JP",POS,Retail,0
TXN_002094,USR_0115,29.77,2026-02-28 14:35:24,"New York, US",Mobile,Retail,0
TXN_007818,USR_0128,46.9,2026-01-25 14:41:56,"New York, US",Mobile,Grocery,0
TXN_001921,USR_0039,26.51,2026-02-16 18:53:08,Online,Desktop,Grocery,0
TXN_000083,USR_0023,15.13,2026-04-01 20:27:00,Online,POS,Electronics,0
TXN_007332,USR_0287,211.66,2026-03-26 18:17:11,"New York, US",POS,Grocery,0
TXN_007305,USR_0341,55.15,2026-03-05 18:16:13,"London, UK",Desktop,Grocery,0
TXN_000817,USR_0472,22.99,2026-03-28 20:08:45,"London, UK",POS,Travel,0
TXN_004397,USR_0133,20.2,2026-02-19 16:15:02,"New York, US",Mobile,Travel,0
TXN_006125,USR_0266,179.88,2026-03-14 07:47:02,"Tokyo, JP",Mobile,Travel,0
TXN_004121,USR_0307,13.09,2026-03-16 10:59:21,"New York, US",Desktop,Retail,0
TXN_009560,USR_0425,49.92,2026-03-15 11:23:05,"Paris, FR",POS,Retail,0
TXN_001814,USR_0384,70.63,2026-01-27 17:59:47,"Paris, FR",POS,Grocery,0
TXN_001272,USR_0087,65.78,2026-03-31 14:23:35,"London, UK",Desktop,Retail,0
TXN_002995,USR_0379,15.5,2026-01-30 17:43:45,"Tokyo, JP",Desktop,Grocery,0
TXN_009959,USR_0031,250.19,2026-01-08 09:52:46,Online,Mobile,Grocery,0
TXN_006410,USR_0317,76.83,2026-01-23 15:02:05,"New York, US",POS,Retail,0
TXN_002643,USR_0313,144.18,2026-03-25 16:12:48,"New York, US",POS,Retail,0
TXN_008560,USR_0473,198.7,2026-03-02 16:57:53,"Tokyo, JP",Mobile,Travel,0
TXN_002306,USR_0293,11.8,2026-02-20 20:02:39,"Tokyo, JP",Desktop,Grocery,0
TXN_008757,USR_0328,34.0,2026-02-15 17:58:39,Online,Mobile,Grocery,0
TXN_010053,USR_0107,54.14,2026-01-17 17:03:00,Online,Desktop,Grocery,0
TXN_004196,USR_0058,11.59,2026-02-22 09:29:15,"Tokyo, JP",Desktop,Travel,0
TXN_011331,USR_0022,31.16,2026-02-17 12:46:28,"London, UK",Desktop,Grocery,0
TXN_003850,USR_0041,18.22,2026-02-10 07:07:21,"London, UK",POS,Retail,0
TXN_011814,USR_0301,2752.69,2026-03-11 05:05:02,"Lagos, NG",ATM,Electronics,1
TXN_010067,USR_0022,82.09,2026-02-03 08:44:12,Online,Desktop,Retail,0
TXN_011486,USR_0259,28.43,2026-02-25 17:39:52,"Paris, FR",Mobile,Travel,0
TXN_003555,USR_0134,23.41,2026-02-02 08:36:51,"Paris, FR",POS,Electronics,0
TXN_002196,USR_0328,67.39,2026-01-14 18:17:56,Online,Desktop,Travel,0
TXN_002601,USR_0102,23.45,2026-01-13 09:34:37,"London, UK",POS,Retail,0
TXN_006164,USR_0403,74.06,2026-01-13 12:10:20,"London, UK",Desktop,Grocery,0
TXN_001519,USR_0323,70.58,2026-02-24 19:05:02,Online,Desktop,Retail,0
TXN_011718,USR_0241,2500.0,2026-01-21 23:56:45,"Moscow, RU",ATM,Wire_Transfer,1
TXN_006310,USR_0347,25.59,2026-03-04 18:47:34,Online,POS,Grocery,0
TXN_005756,USR_0489,28.32,2026-02-21 19:44:38,"Tokyo, JP",Mobile,Electronics,0
TXN_005634,USR_0437,26.66,2026-03-24 05:01:55,"Paris, FR",POS,Grocery,0
TXN_011161,USR_0291,9.64,2026-01-28 07:45:16,Online,Desktop,Grocery,0
TXN_007163,USR_0383,33.6,2026-02-04 16:56:51,Online,Desktop,Electronics,0
TXN_009073,USR_0436,134.39,2026-03-01 17:14:53,"New York, US",Desktop,Retail,0
TXN_008840,USR_0487,10.01,2026-03-23 11:37:50,"London, UK",Mobile,Grocery,0
TXN_001989,USR_0126,29.86,2026-02-28 13:58:41,"Paris, FR",Mobile,Electronics,0
TXN_007738,USR_0460,31.97,2026-01-31 09:03:21,"Paris, FR",POS,Retail,0
TXN_000518,USR_0478,55.0,2026-03-14 16:12:37,Online,Mobile,Electronics,0
TXN_006161,USR_0482,85.13,2026-01-09 12:44:41,Online,Mobile,Grocery,0
TXN_009007,USR_0334,14.63,2026-01-19 21:49:14,"Tokyo, JP",Mobile,Grocery,0
TXN_010887,USR_0500,19.24,2026-03-04 15:14:46,"Tokyo, JP",Mobile,Grocery,0
TXN_009685,USR_0437,36.11,2026-01-09 15:33:06,Online,Desktop,Electronics,0
TXN_008693,USR_0091,29.87,2026-03-29 16:42:23,"New York, US",POS,Electronics,0
TXN_004457,USR_0422,13.38,2026-01-31 20:31:09,"New York, US",POS,Electronics,0
TXN_002762,USR_0486,165.59,2026-01-04 15:45:38,"Paris, FR",Desktop,Electronics,0
TXN_006482,USR_0224,55.07,2026-02-07 13:08:50,"Paris, FR",POS,Retail,0
TXN_005912,USR_0142,39.81,2026-01-23 13:07:21,"London, UK",Mobile,Travel,0
TXN_010825,USR_0490,77.67,2026-02-24 21:34:28,"Paris, FR",Mobile,Retail,0
TXN_006548,USR_0363,6.15,2026-01-27 09:32:05,"London, UK",Mobile,Grocery,0
TXN_004856,USR_0084,15.33,2026-01-04 19:38:23,"Paris, FR",Desktop,Retail,0
TXN_007645,USR_0304,24.69,2026-03-12 11:11:05,"London, UK",Desktop,Grocery,0
TXN_010627,USR_0063,33.27,2026-01-10 21:48:58,Online,Mobile,Electronics,0
TXN_006359,USR_0420,46.96,2026-01-19 18:27:56,Online,Mobile,Retail,0
TXN_002439,USR_0218,65.45,2026-03-27 14:30:20,"Tokyo, JP",POS,Grocery,0
TXN_003766,USR_0118,66.86,2026-01-23 15:56:00,"New York, US",Mobile,Electronics,0
TXN_006433,USR_0343,23.91,2026-02-11 16:38:14,"London, UK",Mobile,Retail,0
TXN_007847,USR_0045,14.74,2026-02-19 15:56:17,"Tokyo, JP",Desktop,Grocery,0
TXN_008561,USR_0457,15.96,2026-01-01 07:43:26,"Paris, FR",POS,Grocery,0
TXN_010759,USR_0250,72.68,2026-01-14 08:24:40,"London, UK",POS,Travel,0
TXN_006341,USR_0300,41.24,2026-02-01 11:45:22,"Tokyo, JP",Desktop,Grocery,0
TXN_004822,USR_0074,62.16,2026-02-16 10:08:01,Online,Desktop,Grocery,0
TXN_000019,USR_0072,32.67,2026-02-01 03:47:35,Online,Desktop,Electronics,0
TXN_003561,USR_0067,30.92,2026-01-20 18:01:51,"New York, US",Mobile,Grocery,0
TXN_003952,USR_0094,26.21,2026-01-15 17:54:59,"London, UK",Mobile,Retail,0
TXN_000050,USR_0250,47.33,2026-01-20 17:12:18,"London, UK",Mobile,Travel,0
TXN_011876,USR_0283,999.0,2026-02-09 05:55:26,Online,Mobile,Wire_Transfer,1
TXN_000888,USR_0193,112.95,2026-01-29 05:33:25,"Tokyo, JP",Desktop,Retail,0
TXN_006262,USR_0232,29.58,2026-01-18 19:08:15,"Tokyo, JP",Mobile,Retail,0
TXN_007237,USR_0153,145.5,2026-03-11 11:04:44,Online,Mobile,Retail,0
TXN_006990,USR_0048,31.55,2026-03-13 12:58:20,"New York, US",Mobile,Grocery,0
TXN_006044,USR_0338,24.35,2026-01-07 13:45:58,"Tokyo, JP",Mobile,Electronics,0
TXN_003169,USR_0407,64.04,2026-02-09 20:42:20,"London, UK",Mobile,Retail,0
TXN_002950,USR_0166,33.56,2026-02-19 11:48:40,"Paris, FR",Mobile,Travel,0
TXN_001425,USR_0337,26.32,2026-02-24 13:36:32,"Paris, FR",Desktop,Grocery,0
TXN_000140,USR_0129,65.34,2026-01-30 06:07:46,"London, UK",Desktop,Grocery,0
TXN_003198,USR_0148,13.17,2026-01-15 17:54:15,"Paris, FR",POS,Electronics,0
TXN_005132,USR_0206,73.43,2026-01-02 13:18:37,Online,POS,Electronics,0
TXN_000113,USR_0274,26.48,2026-01-04 01:58:25,Online,POS,Electronics,0
TXN_008161,USR_0427,20.33,2026-02-17 19:08:26,"New York, US",Desktop,Grocery,0
TXN_010408,USR_0033,7.54,2026-03-16 13:10:38,"Tokyo, JP",POS,Grocery,0
TXN_004560,USR_0320,16.79,2026-03-22 12:37:23,"New York, US",Desktop,Electronics,0
TXN_004596,USR_0310,29.56,2026-01-17 11:23:44,"Tokyo, JP",Mobile,Retail,0
TXN_004691,USR_0231,22.73,2026-01-04 17:24:38,"London, UK",Mobile,Travel,0
TXN_007952,USR_0319,21.3,2026-03-21 16:47:52,Online,Mobile,Electronics,0
TXN_003278,USR_0038,37.97,2026-01-14 11:43:35,"Paris, FR",POS,Retail,0
TXN_004069,USR_0097,32.72,2026-02-03 08:44:20,"Paris, FR",Desktop,Retail,0
TXN_004409,USR_0395,162.87,2026-03-11 13:58:05,Online,Mobile,Retail,0
TXN_008526,USR_0188,10.58,2026-03-24 22:01:17,"Tokyo, JP",POS,Retail,0
TXN_010295,USR_0381,100.23,2026-01-23 13:23:18,Online,POS,Retail,0
TXN_000452,USR_0339,61.6,2026-03-08 13:14:26,"Tokyo, JP",Desktop,Grocery,0
TXN_007263,USR_0465,92.29,2026-02-18 18:41:12,"London, UK",Desktop,Travel,0
TXN_003732,USR_0186,33.06,2026-02-04 13:03:02,"Paris, FR",Desktop,Grocery,0
TXN_007257,USR_0409,13.94,2026-03-01 15:51:08,"Tokyo, JP",Desktop,Retail,0
TXN_010734,USR_0278,496.06,2026-02-10 18:19:01,"London, UK",Desktop,Electronics,0
TXN_004987,USR_0212,3.83,2026-03-08 11:50:46,"London, UK",Mobile,Grocery,0
TXN_003664,USR_0171,64.3,2026-02-18 08:22:06,"Paris, FR",POS,Electronics,0
TXN_002764,USR_0357,9.78,2026-03-28 05:19:21,"London, UK",POS,Travel,0
TXN_008873,USR_0460,207.08,2026-01-16 21:57:39,Online,Desktop,Retail,0
TXN_001856,USR_0341,2.75,2026-03-31 23:02:38,"Tokyo, JP",Desktop,Travel,0
TXN_001000,USR_0432,42.03,2026-01-19 20:03:17,"Paris, FR",Mobile,Travel,0
TXN_000390,USR_0496,149.01,2026-03-25 12:50:49,Online,POS,Retail,0
TXN_006427,USR_0228,380.41,2026-02-02 14:16:21,"New York, US",POS,Travel,0
TXN_001477,USR_0026,81.21,2026-02-21 16:39:27,Online,Desktop,Retail,0
TXN_002241,USR_0082,42.22,2026-02-15 08:32:54,Online,Mobile,Grocery,0
TXN_011079,USR_0441,90.58,2026-02-23 14:38:32,"London, UK",Mobile,Retail,0
TXN_008113,USR_0399,52.2,2026-02-12 17:56:23,"London, UK",Desktop,Electronics,0
TXN_000993,USR_0273,85.65,2026-02-04 19:26:12,"New York, US",Mobile,Retail,0
TXN_007033,USR_0028,10.8,2026-03-13 09:52:50,Online,Desktop,Grocery,0
TXN_004998,USR_0039,61.77,2026-01-05 09:37:40,"Paris, FR",Desktop,Travel,0
TXN_003923,USR_0286,476.71,2026-02-17 20:53:26,"Paris, FR",Desktop,Grocery,0
TXN_002973,USR_0382,98.7,2026-03-29 09:50:01,"Paris, FR",Mobile,Grocery,0
TXN_006872,USR_0231,25.38,2026-01-27 15:43:07,"Tokyo, JP",POS,Electronics,0
TXN_009071,USR_0096,19.03,2026-01-16 21:19:44,"Paris, FR",POS,Grocery,0
TXN_004770,USR_0037,19.01,2026-03-17 09:12:33,"Paris, FR",Mobile,Retail,0
TXN_001294,USR_0292,11.18,2026-01-08 00:17:08,"New York, US",Desktop,Retail,0
TXN_004174,USR_0498,49.4,2026-01-29 13:22:57,"London, UK",Desktop,Electronics,0
TXN_002536,USR_0148,8.56,2026-03-19 09:52:29,Online,Desktop,Electronics,0
TXN_010950,USR_0499,181.87,2026-02-04 08:17:00,Online,Mobile,Travel,0
TXN_001908,USR_0352,18.84,2026-03-07 06:45:09,"London, UK",Mobile,Retail,0
TXN_009948,USR_0018,65.83,2026-02-11 11:12:47,"Tokyo, JP",Desktop,Electronics,0
TXN_011388,USR_0195,77.43,2026-02-21 21:59:52,"New York, US",POS,Grocery,0
TXN_006034,USR_0065,29.32,2026-03-20 15:51:14,"London, UK",Desktop,Travel,0
TXN_007620,USR_0172,68.95,2026-03-16 07:11:21,"Paris, FR",Mobile,Travel,0
TXN_001152,USR_0311,39.8,2026-02-19 15:11:38,"New York, US",Desktop,Electronics,0
TXN_001568,USR_0216,15.7,2026-01-30 09:08:51,"Paris, FR",Desktop,Retail,0
TXN_003172,USR_0371,36.35,2026-01-10 12:18:49,"Tokyo, JP",POS,Grocery,0
TXN_007107,USR_0208,22.95,2026-03-22 05:57:30,"New York, US",Mobile,Retail,0
TXN_004161,USR_0002,119.44,2026-02-11 11:40:02,"Tokyo, JP",Mobile,Grocery,0
TXN_004288,USR_0124,19.99,2026-03-16 09:05:00,"London, UK",POS,Retail,0
TXN_002231,USR_0248,18.03,2026-01-24 10:52:15,Online,Desktop,Travel,0
TXN_000175,USR_0283,18.37,2026-02-22 07:05:14,"New York, US",Desktop,Grocery,0
TXN_001904,USR_0049,12.62,2026-03-09 16:22:44,Online,Desktop,Travel,0
TXN_008825,USR_0023,149.84,2026-02-07 06:09:16,"New York, US",Desktop,Electronics,0
TXN_003409,USR_0424,33.18,2026-01-01 11:57:22,"Paris, FR",POS,Grocery,0
TXN_001539,USR_0086,233.73,2026-01-20 15:47:44,"Paris, FR",Desktop,Retail,0
TXN_002293,USR_0019,23.03,2026-01-31 07:44:28,"Paris, FR",Mobile,Grocery,0
TXN_001364,USR_0376,25.24,2026-03-15 15:01:54,"Tokyo, JP",Mobile,Travel,0
TXN_004358,USR_0057,14.73,2026-03-14 17:10:35,"New York, US",Desktop,Grocery,0
TXN_005261,USR_0212,100.58,2026-02-13 18:36:04,"Tokyo, JP",Mobile,Travel,0
TXN_008974,USR_0029,393.59,2026-03-05 19:49:12,"London, UK",Mobile,Retail,0
TXN_009122,USR_0478,19.75,2026-01-28 13:11:23,"New York, US",POS,Travel,0
TXN_000681,USR_0389,12.32,2026-03-29 18:14:10,"Paris, FR",Mobile,Grocery,0
TXN_009494,USR_0150,23.92,2026-02-21 19:48:50,"New York, US",Desktop,Grocery,0
TXN_003665,USR_0344,89.77,2026-03-24 02:25:11,"Tokyo, JP",POS,Grocery,0
TXN_001662,USR_0169,20.77,2026-02-09 08:04:40,"New York, US",Mobile,Retail,0
TXN_000509,USR_0087,19.73,2026-01-18 19:17:19,"Tokyo, JP",Desktop,Retail,0
TXN_000167,USR_0179,35.51,2026-02-22 21:21:20,"New York, US",Mobile,Grocery,0
TXN_009942,USR_0261,9.69,2026-01-27 14:12:49,"Paris, FR",POS,Travel,0
TXN_010007,USR_0440,19.03,2026-01-24 12:04:35,"New York, US",POS,Grocery,0
TXN_007366,USR_0206,33.62,2026-03-25 02:37:13,"New York, US",Mobile,Grocery,0
TXN_001915,USR_0147,321.0,2026-03-12 18:59:31,"New York, US",Desktop,Electronics,0
TXN_007264,USR_0334,12.25,2026-02-24 09:33:01,"Paris, FR",POS,Grocery,0
TXN_011560,USR_0077,12.83,2026-01-23 17:05:15,"New York, US",POS,Travel,0
TXN_011697,USR_0396,5000.0,2026-01-30 02:47:38,"Lagos, NG",Desktop,Electronics,1
TXN_007362,USR_0108,53.66,2026-02-18 10:08:20,"New York, US",POS,Electronics,0
TXN_001105,USR_0232,61.66,2026-02-28 21:52:56,"New York, US",Mobile,Travel,0
TXN_009417,USR_0405,34.77,2026-02-07 08:16:29,"Tokyo, JP",Mobile,Retail,0
TXN_005311,USR_0020,22.61,2026-01-20 20:56:29,"New York, US",Desktop,Travel,0
TXN_010327,USR_0255,70.38,2026-01-13 17:04:29,"New York, US",Desktop,Grocery,0
TXN_005755,USR_0215,59.81,2026-02-15 16:54:19,"Paris, FR",Desktop,Retail,0
TXN_000153,USR_0486,276.48,2026-01-27 11:40:13,"Tokyo, JP",POS,Grocery,0
TXN_009539,USR_0046,41.92,2026-02-24 15:13:33,"London, UK",Desktop,Grocery,0
TXN_005680,USR_0269,2.18,2026-02-12 13:41:42,"Paris, FR",Desktop,Retail,0
TXN_010954,USR_0173,21.88,2026-02-21 09:24:09,"London, UK",Mobile,Electronics,0
TXN_003552,USR_0164,143.56,2026-03-13 18:19:17,"Paris, FR",Mobile,Retail,0
TXN_003723,USR_0365,9.12,2026-03-05 15:35:08,"London, UK",Mobile,Retail,0
TXN_004539,USR_0207,106.1,2026-03-15 21:35:14,"New York, US",Desktop,Retail,0
TXN_008950,USR_0340,102.75,2026-02-08 10:09:16,"Tokyo, JP",POS,Retail,0
TXN_001992,USR_0068,14.7,2026-02-01 11:49:05,"Tokyo, JP",Mobile,Electronics,0
TXN_010561,USR_0090,80.89,2026-03-17 13:51:04,Online,Mobile,Retail,0
TXN_005142,USR_0051,108.98,2026-03-31 04:56:05,"Paris, FR",Mobile,Retail,0
TXN_003812,USR_0046,15.39,2026-03-04 09:33:41,Online,Mobile,Retail,0
TXN_010440,USR_0393,45.63,2026-01-09 10:07:05,"Tokyo, JP",POS,Retail,0
TXN_003451,USR_0425,29.53,2026-03-04 14:50:46,Online,Desktop,Retail,0
TXN_004592,USR_0354,79.66,2026-01-30 20:55:21,"Tokyo, JP",Mobile,Grocery,0
TXN_007353,USR_0450,6.33,2026-03-06 07:59:37,Online,Mobile,Grocery,0
TXN_000206,USR_0393,8.11,2026-03-26 21:43:53,"London, UK",POS,Grocery,0
TXN_006681,USR_0239,28.93,2026-01-18 14:57:50,"London, UK",Desktop,Electronics,0
TXN_002750,USR_0285,19.65,2026-03-12 18:36:12,"Paris, FR",Mobile,Travel,0
TXN_001850,USR_0437,34.13,2026-02-10 11:24:36,"New York, US",Desktop,Grocery,0
TXN_010869,USR_0178,29.61,2026-02-28 12:23:01,"Tokyo, JP",Mobile,Retail,0
TXN_003241,USR_0122,46.45,2026-01-08 08:27:13,Online,POS,Retail,0
TXN_009537,USR_0202,32.57,2026-03-01 06:22:21,"Tokyo, JP",Desktop,Grocery,0
TXN_003110,USR_0194,8.31,2026-01-18 18:00:18,"Paris, FR",POS,Retail,0
TXN_005935,USR_0347,20.34,2026-03-23 09:42:53,"London, UK",Mobile,Electronics,0
TXN_005811,USR_0033,23.08,2026-01-14 05:38:44,"London, UK",POS,Travel,0
TXN_005635,USR_0044,14.46,2026-02-03 20:39:28,"New York, US",Mobile,Grocery,0
TXN_004308,USR_0320,3.91,2026-03-31 17:29:20,"London, UK",Desktop,Travel,0
TXN_003157,USR_0220,108.43,2026-03-05 10:57:05,"London, UK",Mobile,Grocery,0
TXN_006535,USR_0378,40.77,2026-03-31 12:11:37,"London, UK",Desktop,Retail,0
TXN_010421,USR_0280,37.82,2026-01-07 16:50:49,"Tokyo, JP",POS,Retail,0
TXN_011095,USR_0399,3.11,2026-01-21 10:40:24,"New York, US",Mobile,Retail,0
TXN_003833,USR_0020,80.65,2026-02-24 18:28:12,Online,POS,Retail,0
TXN_010447,USR_0377,90.96,2026-02-04 13:10:05,"New York, US",POS,Grocery,0
TXN_004777,USR_0248,94.46,2026-03-30 17:15:42,"London, UK",POS,Travel,0
TXN_007998,USR_0143,43.61,2026-03-02 20:35:48,"Paris, FR",POS,Retail,0
TXN_004277,USR_0268,29.11,2026-01-14 08:05:11,"London, UK",POS,Grocery,0
TXN_008535,USR_0004,50.08,2026-02-25 18:10:11,"Paris, FR",Mobile,Electronics,0
TXN_011513,USR_0131,79.95,2026-01-02 15:05:05,"London, UK",POS,Travel,0
TXN_000279,USR_0162,7.28,2026-01-20 12:28:04,"Paris, FR",Desktop,Electronics,0
TXN_006772,USR_0471,38.93,2026-03-31 05:06:38,"Paris, FR",Mobile,Retail,0
TXN_007416,USR_0174,39.23,2026-03-17 14:22:10,Online,POS,Retail,0
TXN_003253,USR_0104,34.1,2026-03-23 10:09:13,"Paris, FR",Desktop,Retail,0
TXN_008582,USR_0390,7.38,2026-01-30 13:06:27,"Tokyo, JP",POS,Grocery,0
TXN_011276,USR_0394,8.87,2026-03-14 07:12:48,"Tokyo, JP",POS,Retail,0
TXN_000290,USR_0286,79.97,2026-03-28 13:24:18,"Tokyo, JP",POS,Electronics,0
TXN_003076,USR_0105,31.19,2026-03-11 09:39:01,"London, UK",Mobile,Travel,0
TXN_008687,USR_0496,20.55,2026-03-10 14:51:28,"Tokyo, JP",Mobile,Grocery,0
TXN_008507,USR_0110,11.49,2026-02-23 20:35:05,"Paris, FR",POS,Electronics,0
TXN_000271,USR_0471,236.21,2026-02-16 03:05:27,"New York, US",Mobile,Retail,0
TXN_004571,USR_0460,50.34,2026-01-05 19:14:54,"Paris, FR",POS,Travel,0
TXN_010524,USR_0286,114.89,2026-03-26 06:40:35,"Paris, FR",Desktop,Retail,0
TXN_006697,USR_0075,17.44,2026-03-22 16:52:28,"London, UK",POS,Travel,0
TXN_004317,USR_0388,26.72,2026-03-26 09:55:38,"New York, US",POS,Retail,0
TXN_003181,USR_0489,15.79,2026-02-02 20:26:05,"Paris, FR",Desktop,Retail,0
TXN_001423,USR_0160,29.21,2026-03-17 11:05:58,"New York, US",Desktop,Grocery,0
TXN_008276,USR_0238,21.8,2026-01-20 01:47:21,"New York, US",Mobile,Electronics,0
TXN_009482,USR_0319,65.17,2026-01-21 21:56:24,"London, UK",Mobile,Grocery,0
TXN_004558,USR_0331,105.91,2026-02-12 21:52:10,"Paris, FR",Mobile,Travel,0
TXN_007813,USR_0454,13.92,2026-01-08 13:13:16,Online,Mobile,Travel,0
TXN_006298,USR_0001,18.37,2026-03-12 19:36:57,"Tokyo, JP",POS,Travel,0
TXN_008800,USR_0347,70.69,2026-02-03 18:00:00,"Paris, FR",Mobile,Retail,0
TXN_011632,USR_0419,1500.0,2026-03-27 03:34:29,"Lagos, NG",ATM,Crypto,1
TXN_001133,USR_0356,47.06,2026-02-05 06:21:33,"Paris, FR",POS,Retail,0
TXN_006243,USR_0346,47.59,2026-01-28 08:25:59,"Paris, FR",Mobile,Retail,0
TXN_009117,USR_0031,151.5,2026-01-26 11:05:23,"New York, US",POS,Travel,0
TXN_011235,USR_0050,16.33,2026-02-04 10:03:34,"New York, US",Mobile,Electronics,0
TXN_007424,USR_0198,27.97,2026-03-14 14:42:50,"Paris, FR",Desktop,Retail,0
TXN_008749,USR_0311,33.69,2026-01-23 12:22:02,"New York, US",Desktop,Travel,0
TXN_008655,USR_0349,31.67,2026-03-05 17:03:41,"Paris, FR",Mobile,Retail,0
TXN_005521,USR_0392,11.96,2026-01-15 09:56:49,Online,Mobile,Travel,0
TXN_010437,USR_0282,28.55,2026-03-02 02:41:43,"Tokyo, JP",Mobile,Retail,0
TXN_011651,USR_0445,2500.0,2026-02-19 05:16:56,"Moscow, RU",ATM,Gaming,1
TXN_003787,USR_0311,25.81,2026-02-28 13:50:00,Online,Mobile,Travel,0
TXN_008940,USR_0040,59.23,2026-02-06 09:52:10,"New York, US",Desktop,Electronics,0
TXN_008346,USR_0014,14.51,2026-03-21 06:30:55,Online,Desktop,Retail,0
TXN_002162,USR_0250,48.41,2026-01-14 07:21:13,Online,POS,Travel,0
TXN_003009,USR_0217,53.28,2026-03-30 10:37:39,"Tokyo, JP",POS,Retail,0
TXN_001106,USR_0276,22.88,2026-02-20 07:47:02,Online,Desktop,Travel,0
TXN_008869,USR_0326,16.97,2026-02-10 16:47:35,"London, UK",Mobile,Grocery,0
TXN_000693,USR_0279,37.42,2026-02-19 18:11:23,"Paris, FR",Desktop,Retail,0
TXN_004957,USR_0416,43.17,2026-03-09 10:59:57,"New York, US",Desktop,Travel,0
TXN_008308,USR_0298,12.7,2026-03-11 19:25:28,"Paris, FR",Desktop,Electronics,0
TXN_004370,USR_0068,106.33,2026-01-14 19:06:36,"New York, US",Desktop,Travel,0
TXN_002766,USR_0162,32.79,2026-01-01 11:39:03,"Tokyo, JP",POS,Grocery,0
TXN_003930,USR_0198,75.67,2026-01-18 16:27:56,"New York, US",Mobile,Grocery,0
TXN_009171,USR_0018,12.96,2026-03-29 07:37:24,Online,Desktop,Grocery,0
TXN_011787,USR_0448,2199.41,2026-03-08 23:51:16,Online,Desktop,Wire_Transfer,1
TXN_007779,USR_0165,77.84,2026-02-21 09:23:15,"Tokyo, JP",Mobile,Grocery,0
TXN_000629,USR_0472,23.37,2026-01-30 03:57:54,Online,Desktop,Electronics,0
TXN_002452,USR_0442,67.75,2026-03-02 17:38:40,"Paris, FR",Desktop,Retail,0
TXN_003825,USR_0177,79.21,2026-01-17 11:38:16,"Tokyo, JP",Desktop,Grocery,0
TXN_010765,USR_0382,53.63,2026-01-02 18:06:32,"New York, US",POS,Retail,0
TXN_003744,USR_0369,15.45,2026-03-11 22:32:53,"London, UK",Desktop,Travel,0
TXN_002177,USR_0052,45.58,2026-02-05 19:14:56,Online,POS,Electronics,0
TXN_006690,USR_0113,44.76,2026-02-26 09:06:37,Online,POS,Electronics,0
TXN_003319,USR_0149,64.86,2026-02-07 19:16:10,"New York, US",POS,Retail,0
TXN_008719,USR_0084,35.8,2026-02-18 21:53:16,"London, UK",Desktop,Travel,0
TXN_007433,USR_0014,105.3,2026-03-09 20:09:26,Online,POS,Grocery,0
TXN_002788,USR_0363,57.02,2026-03-17 19:06:54,Online,Mobile,Electronics,0
TXN_001197,USR_0365,34.5,2026-02-18 09:25:24,"Paris, FR",POS,Retail,0
TXN_001677,USR_0318,47.11,2026-02-26 13:11:15,"London, UK",Mobile,Grocery,0
TXN_003948,USR_0091,49.34,2026-02-13 07:18:23,"New York, US",POS,Electronics,0
TXN_007619,USR_0450,39.13,2026-03-29 22:47:22,"New York, US",POS,Grocery,0
TXN_004445,USR_0132,46.3,2026-03-15 20:50:11,"New York, US",Desktop,Electronics,0
TXN_005723,USR_0382,33.1,2026-01-31 11:48:54,"New York, US",POS,Electronics,0
TXN_010165,USR_0101,86.03,2026-01-14 00:49:59,"Tokyo, JP",Mobile,Retail,0
TXN_002370,USR_0101,17.7,2026-02-03 08:30:09,"Paris, FR",Mobile,Electronics,0
TXN_004968,USR_0304,68.01,2026-03-09 11:04:52,Online,POS,Travel,0
TXN_002218,USR_0046,15.29,2026-01-18 14:39:58,"Tokyo, JP",Mobile,Travel,0
TXN_008149,USR_0465,19.93,2026-01-14 14:20:45,"Tokyo, JP",Mobile,Electronics,0
TXN_003327,USR_0077,6.88,2026-02-04 18:32:14,"Tokyo, JP",Desktop,Electronics,0
TXN_010229,USR_0222,74.88,2026-01-02 08:31:37,Online,Mobile,Retail,0
TXN_003584,USR_0234,11.73,2026-03-25 09:56:42,"Tokyo, JP",POS,Grocery,0
TXN_011726,USR_0446,8212.24,2026-03-31 02:35:10,"Sydney, AU",Mobile,Gaming,1
TXN_011788,USR_0337,1477.14,2026-03-29 23:12:02,"Moscow, RU",ATM,Electronics,1
TXN_003620,USR_0255,16.77,2026-01-04 11:13:07,Online,Mobile,Grocery,0
TXN_006218,USR_0468,21.54,2026-03-22 18:39:37,"New York, US",Desktop,Retail,0
TXN_002469,USR_0068,38.31,2026-02-09 18:03:24,"Tokyo, JP",Mobile,Grocery,0
TXN_008278,USR_0484,28.58,2026-02-25 17:29:23,"Paris, FR",POS,Retail,0
TXN_010855,USR_0397,75.03,2026-01-21 10:47:17,"Tokyo, JP",Desktop,Retail,0
TXN_005974,USR_0327,46.3,2026-02-27 12:34:25,"New York, US",POS,Retail,0
TXN_003668,USR_0014,9.87,2026-02-04 14:28:32,"Tokyo, JP",Mobile,Grocery,0
TXN_005159,USR_0299,30.29,2026-03-11 10:38:45,Online,Desktop,Travel,0
TXN_007595,USR_0499,19.6,2026-01-09 12:52:32,"Tokyo, JP",Mobile,Electronics,0
TXN_006977,USR_0486,41.7,2026-01-11 03:27:31,Online,Desktop,Electronics,0
TXN_003424,USR_0038,7.33,2026-02-11 15:03:29,"Paris, FR",Mobile,Electronics,0
TXN_008200,USR_0115,32.1,2026-01-11 15:46:53,"Tokyo, JP",POS,Retail,0
TXN_002410,USR_0073,29.93,2026-02-21 10:39:53,"Paris, FR",POS,Electronics,0
TXN_003213,USR_0398,9.32,2026-02-21 09:13:10,"London, UK",POS,Electronics,0
TXN_005367,USR_0353,57.73,2026-03-28 09:42:09,"New York, US",POS,Retail,0
TXN_008941,USR_0174,21.17,2026-02-19 18:08:17,"Paris, FR",POS,Travel,0
TXN_006594,USR_0092,25.49,2026-03-11 11:07:45,"Tokyo, JP",POS,Retail,0
TXN_002896,USR_0034,30.89,2026-01-08 17:04:31,"Tokyo, JP",POS,Grocery,0
TXN_010494,USR_0042,123.07,2026-01-12 09:24:28,"New York, US",POS,Grocery,0
TXN_011048,USR_0131,18.02,2026-01-02 13:44:20,"New York, US",Desktop,Electronics,0
TXN_003643,USR_0264,10.16,2026-02-28 14:52:57,Online,Mobile,Grocery,0
TXN_008857,USR_0097,28.87,2026-01-19 10:51:03,Online,Mobile,Retail,0
TXN_010065,USR_0226,269.39,2026-03-29 12:01:39,"Tokyo, JP",Mobile,Grocery,0
TXN_011625,USR_0260,3062.29,2026-03-30 03:17:48,"Moscow, RU",Mobile,Wire_Transfer,1
TXN_011935,USR_0193,4801.6,2026-01-30 01:58:31,Online,Mobile,Electronics,1
TXN_011887,USR_0001,7964.49,2026-01-27 02:47:26,"Sydney, AU",ATM,Crypto,1
TXN_005452,USR_0318,89.36,2026-02-12 10:12:05,"New York, US",Mobile,Retail,0
TXN_007161,USR_0236,18.42,2026-02-06 20:46:33,Online,Mobile,Grocery,0
TXN_007867,USR_0093,120.76,2026-02-14 06:52:36,"New York, US",Desktop,Grocery,0
TXN_002744,USR_0367,85.53,2026-02-13 18:34:22,"Paris, FR",Mobile,Retail,0
TXN_004959,USR_0421,11.23,2026-02-13 08:36:19,"Paris, FR",POS,Travel,0
TXN_006475,USR_0300,39.89,2026-01-06 09:58:59,"Tokyo, JP",POS,Grocery,0
TXN_007889,USR_0481,130.68,2026-03-20 09:19:30,"London, UK",POS,Grocery,0
TXN_000493,USR_0421,17.51,2026-02-20 05:59:04,"Tokyo, JP",Mobile,Travel,0
TXN_001117,USR_0194,27.18,2026-03-12 19:24:02,"London, UK",Desktop,Travel,0
TXN_005638,USR_0373,40.84,2026-02-11 18:00:41,"Tokyo, JP",Mobile,Travel,0
TXN_010531,USR_0467,19.72,2026-01-13 01:51:38,Online,Desktop,Retail,0
TXN_011843,USR_0277,7340.48,2026-03-25 01:09:18,"Sydney, AU",Mobile,Gaming,1
TXN_008901,USR_0400,311.25,2026-01-30 09:15:43,"New York, US",Mobile,Retail,0
TXN_010323,USR_0056,38.81,2026-03-19 20:29:56,"Paris, FR",Desktop,Retail,0
TXN_006590,USR_0117,60.88,2026-01-14 13:29:21,"Tokyo, JP",Mobile,Travel,0
TXN_010873,USR_0078,313.0,2026-03-26 15:27:27,"London, UK",Mobile,Electronics,0
TXN_007558,USR_0050,47.11,2026-03-27 09:35:11,"London, UK",POS,Grocery,0
TXN_009603,USR_0159,45.11,2026-01-14 23:31:27,"Tokyo, JP",Desktop,Retail,0
TXN_005242,USR_0315,60.75,2026-03-31 17:58:06,"New York, US",POS,Retail,0
TXN_011084,USR_0331,38.61,2026-01-05 08:17:20,"New York, US",POS,Retail,0
TXN_002784,USR_0309,28.7,2026-01-20 01:39:58,"Tokyo, JP",Desktop,Electronics,0
TXN_008846,USR_0434,51.67,2026-03-10 04:55:34,"New York, US",Mobile,Retail,0
TXN_001697,USR_0482,21.9,2026-03-09 09:51:39,"Paris, FR",POS,Grocery,0
TXN_005686,USR_0257,5.3,2026-03-14 15:37:47,"Paris, FR",Desktop,Grocery,0
TXN_002296,USR_0010,24.4,2026-02-18 17:24:28,"New York, US",Mobile,Retail,0
TXN_005940,USR_0301,22.85,2026-02-08 07:44:55,"Paris, FR",POS,Retail,0
TXN_007764,USR_0258,42.81,2026-01-22 08:37:14,"New York, US",Desktop,Grocery,0
TXN_003314,USR_0400,40.79,2026-01-04 15:49:42,"New York, US",POS,Grocery,0
TXN_004782,USR_0368,41.75,2026-03-21 00:25:42,"Tokyo, JP",Mobile,Travel,0
TXN_008351,USR_0187,31.18,2026-01-27 11:39:28,Online,POS,Grocery,0
TXN_008952,USR_0029,23.18,2026-03-01 23:10:08,"Paris, FR",Desktop,Travel,0
TXN_007606,USR_0434,11.16,2026-03-02 13:02:34,"New York, US",Mobile,Retail,0
TXN_000216,USR_0422,49.49,2026-03-23 19:23:06,"London, UK",Desktop,Grocery,0
TXN_006708,USR_0446,1.66,2026-02-08 08:53:36,Online,POS,Travel,0
TXN_009888,USR_0423,84.69,2026-03-05 07:21:41,"London, UK",POS,Grocery,0
TXN_010952,USR_0395,6.28,2026-01-24 17:57:31,"New York, US",POS,Grocery,0
TXN_003484,USR_0016,9.87,2026-03-28 16:07:10,"Tokyo, JP",POS,Retail,0
TXN_007007,USR_0391,66.73,2026-02-07 10:32:35,"Tokyo, JP",POS,Electronics,0
TXN_005103,USR_0402,66.5,2026-01-13 15:25:46,Online,Mobile,Grocery,0
TXN_006600,USR_0204,68.4,2026-03-06 12:15:24,Online,Desktop,Retail,0
TXN_003765,USR_0086,48.7,2026-01-19 06:07:02,"New York, US",Mobile,Retail,0
TXN_006411,USR_0318,26.26,2026-03-02 11:23:57,Online,POS,Retail,0
TXN_009108,USR_0028,78.05,2026-01-03 02:39:32,"Paris, FR",POS,Grocery,0
TXN_000026,USR_0223,39.31,2026-01-21 08:29:00,"Tokyo, JP",POS,Retail,0
TXN_007660,USR_0092,155.46,2026-01-27 13:10:07,"Paris, FR",POS,Electronics,0
TXN_011445,USR_0264,87.18,2026-03-09 23:40:46,Online,Desktop,Retail,0
TXN_011037,USR_0091,29.05,2026-03-05 16:40:52,"Paris, FR",Mobile,Electronics,0
TXN_010335,USR_0044,99.39,2026-02-09 07:57:36,"New York, US",Desktop,Retail,0
TXN_006684,USR_0366,76.79,2026-01-07 00:00:34,Online,Desktop,Retail,0
TXN_009870,USR_0111,90.81,2026-02-22 20:01:49,Online,Desktop,Retail,0
TXN_009276,USR_0063,12.9,2026-01-03 16:21:00,"Paris, FR",Mobile,Travel,0
TXN_011576,USR_0141,274.39,2026-03-16 18:04:43,"Tokyo, JP",Mobile,Grocery,0
TXN_009939,USR_0032,117.73,2026-03-07 15:45:48,"London, UK",Mobile,Grocery,0
TXN_001103,USR_0369,45.06,2026-02-10 07:25:39,Online,POS,Travel,0
TXN_003277,USR_0444,107.47,2026-01-06 12:13:29,"Paris, FR",POS,Electronics,0
TXN_005346,USR_0009,25.8,2026-01-03 13:39:45,"Tokyo, JP",Mobile,Retail,0
TXN_010880,USR_0126,30.63,2026-03-06 01:12:46,"London, UK",POS,Retail,0
TXN_008387,USR_0218,103.89,2026-03-05 11:07:04,"Paris, FR",Desktop,Grocery,0
TXN_008723,USR_0192,36.99,2026-03-25 15:27:46,"London, UK",POS,Travel,0
TXN_011991,USR_0434,6150.5,2026-02-08 23:25:02,Online,Mobile,Gaming,1
TXN_002208,USR_0101,41.44,2026-02-25 12:37:58,"New York, US",Desktop,Retail,0
TXN_004553,USR_0056,11.58,2026-03-31 04:38:14,Online,Mobile,Retail,0
TXN_004403,USR_0499,62.93,2026-01-03 06:12:40,"Tokyo, JP",POS,Grocery,0
TXN_007396,USR_0204,59.67,2026-01-18 04:23:42,"New York, US",POS,Retail,0
TXN_003719,USR_0314,144.0,2026-01-09 14:24:01,"New York, US",Mobile,Retail,0
TXN_000973,USR_0203,62.47,2026-02-04 09:56:28,"Tokyo, JP",POS,Travel,0
TXN_004580,USR_0496,60.59,2026-03-05 09:25:12,"New York, US",Desktop,Retail,0
TXN_006517,USR_0326,23.35,2026-03-25 19:28:31,"London, UK",POS,Retail,0
TXN_000720,USR_0026,48.14,2026-02-16 15:45:12,"Tokyo, JP",Desktop,Retail,0
TXN_006156,USR_0133,18.39,2026-03-21 18:40:37,Online,POS,Retail,0
TXN_011315,USR_0211,26.0,2026-03-26 07:10:30,"London, UK",Mobile,Grocery,0
TXN_002804,USR_0464,45.11,2026-01-31 19:42:52,"Tokyo, JP",Mobile,Retail,0
TXN_002567,USR_0491,79.27,2026-02-03 02:56:45,Online,Mobile,Electronics,0
TXN_004026,USR_0047,128.13,2026-03-22 12:49:24,"Tokyo, JP",Desktop,Retail,0
TXN_006199,USR_0431,140.38,2026-01-13 13:46:34,"Paris, FR",Desktop,Electronics,0
TXN_008225,USR_0348,43.7,2026-01-04 10:26:08,Online,Desktop,Grocery,0
TXN_010594,USR_0131,8.7,2026-03-16 21:31:56,Online,Desktop,Grocery,0
TXN_004064,USR_0399,22.04,2026-01-15 13:13:46,"Paris, FR",Desktop,Retail,0
TXN_002793,USR_0252,35.98,2026-01-14 14:20:35,"Paris, FR",POS,Retail,0
TXN_002223,USR_0354,55.44,2026-02-12 13:55:03,"New York, US",POS,Travel,0
TXN_005819,USR_0288,38.22,2026-03-20 16:49:53,"New York, US",Desktop,Grocery,0
TXN_003867,USR_0280,33.86,2026-02-19 05:45:28,"Paris, FR",Desktop,Grocery,0
TXN_008695,USR_0124,128.81,2026-01-14 09:21:01,"Paris, FR",Mobile,Retail,0
TXN_010390,USR_0156,29.96,2026-02-09 09:35:54,"Tokyo, JP",Desktop,Travel,0
TXN_003228,USR_0437,49.31,2026-01-13 18:23:07,"New York, US",Desktop,Grocery,0
TXN_004215,USR_0390,25.42,2026-03-03 13:58:46,"New York, US",POS,Grocery,0
TXN_003924,USR_0197,36.49,2026-01-30 04:44:25,"London, UK",Mobile,Travel,0
TXN_008972,USR_0162,89.52,2026-01-24 22:52:45,"London, UK",Desktop,Electronics,0
TXN_001402,USR_0305,68.14,2026-02-21 12:07:14,"Paris, FR",POS,Retail,0
TXN_007704,USR_0232,18.24,2026-03-06 20:55:10,"Paris, FR",Desktop,Electronics,0
TXN_004980,USR_0418,118.14,2026-01-04 15:41:52,"Paris, FR",Mobile,Retail,0
TXN_003254,USR_0446,55.51,2026-03-27 11:54:42,"London, UK",Desktop,Retail,0
TXN_010348,USR_0078,14.29,2026-01-18 10:03:37,"London, UK",Desktop,Grocery,0
TXN_002662,USR_0205,31.88,2026-01-13 07:22:23,"Tokyo, JP",Mobile,Retail,0
TXN_002159,USR_0181,93.32,2026-03-13 11:53:55,"London, UK",POS,Electronics,0
TXN_008579,USR_0322,467.73,2026-03-31 08:21:39,"London, UK",Mobile,Grocery,0
TXN_008089,USR_0429,21.88,2026-03-01 04:56:15,"Tokyo, JP",POS,Grocery,0
TXN_000675,USR_0382,132.19,2026-01-10 18:15:22,"Tokyo, JP",Mobile,Electronics,0
TXN_009141,USR_0457,34.4,2026-02-07 19:02:30,Online,Mobile,Travel,0
TXN_007012,USR_0261,10.41,2026-03-07 15:04:54,"New York, US",POS,Electronics,0
TXN_008828,USR_0006,27.01,2026-01-06 08:27:34,"New York, US",Desktop,Retail,0
TXN_003842,USR_0342,8.98,2026-03-18 14:06:56,"London, UK",Mobile,Grocery,0
TXN_001816,USR_0397,12.33,2026-03-31 04:26:33,"Paris, FR",POS,Grocery,0
TXN_009988,USR_0413,6.2,2026-03-01 07:06:07,"Tokyo, JP",Desktop,Travel,0
TXN_011804,USR_0460,8048.47,2026-01-16 05:45:20,"Lagos, NG",Desktop,Wire_Transfer,1
TXN_002101,USR_0316,73.2,2026-03-24 10:25:53,"New York, US",POS,Retail,0
TXN_010567,USR_0347,32.0,2026-02-14 14:10:55,"London, UK",POS,Retail,0
TXN_006709,USR_0220,132.27,2026-02-01 08:09:35,Online,Desktop,Electronics,0
TXN_001674,USR_0169,10.95,2026-03-17 08:12:06,"New York, US",Mobile,Travel,0
TXN_004214,USR_0341,52.51,2026-02-07 15:27:28,Online,Mobile,Travel,0
TXN_008740,USR_0219,63.33,2026-02-21 10:01:15,"Paris, FR",Desktop,Travel,0
TXN_001549,USR_0225,156.67,2026-01-30 18:32:14,Online,POS,Grocery,0
TXN_008688,USR_0209,65.81,2026-01-03 20:18:57,Online,POS,Travel,0
TXN_008548,USR_0217,13.14,2026-01-03 13:10:18,Online,Mobile,Retail,0
TXN_005185,USR_0066,31.41,2026-03-11 05:01:54,"New York, US",Mobile,Grocery,0
TXN_001462,USR_0475,112.57,2026-02-02 17:19:05,"London, UK",Desktop,Retail,0
TXN_011653,USR_0322,5000.0,2026-02-18 03:11:03,"Lagos, NG",Mobile,Gaming,1
TXN_003221,USR_0243,35.11,2026-03-05 10:35:35,"Tokyo, JP",Mobile,Travel,0
TXN_010984,USR_0219,54.62,2026-02-22 10:05:56,Online,POS,Travel,0
TXN_007171,USR_0357,49.39,2026-02-18 22:57:16,"Paris, FR",POS,Travel,0
TXN_007431,USR_0160,61.11,2026-03-08 16:21:03,"London, UK",POS,Electronics,0
TXN_001752,USR_0393,96.6,2026-02-11 07:26:28,"London, UK",Desktop,Retail,0
TXN_003977,USR_0102,87.16,2026-01-16 14:12:24,Online,Desktop,Grocery,0
TXN_008354,USR_0126,75.26,2026-01-15 12:51:40,Online,POS,Grocery,0
TXN_001773,USR_0189,16.32,2026-01-06 18:04:56,"London, UK",Desktop,Grocery,0
TXN_002017,USR_0243,225.96,2026-01-18 06:58:07,"New York, US",Desktop,Grocery,0
TXN_002006,USR_0449,15.54,2026-01-14 11:17:58,"Paris, FR",POS,Grocery,0
TXN_003894,USR_0275,44.15,2026-02-17 08:21:35,Online,Mobile,Electronics,0
TXN_003238,USR_0323,27.37,2026-01-03 06:30:13,"London, UK",Mobile,Electronics,0
TXN_004425,USR_0006,557.92,2026-03-05 16:47:27,"Paris, FR",Desktop,Retail,0
TXN_008589,USR_0028,71.89,2026-01-15 19:35:51,Online,Mobile,Grocery,0
TXN_002258,USR_0415,62.39,2026-01-18 13:57:00,"Tokyo, JP",Desktop,Travel,0
TXN_004073,USR_0159,42.31,2026-02-28 17:18:11,"Tokyo, JP",Desktop,Retail,0
TXN_005575,USR_0075,65.91,2026-02-11 09:49:57,"Tokyo, JP",Mobile,Retail,0
TXN_011405,USR_0040,31.76,2026-01-08 16:52:51,"London, UK",Mobile,Retail,0
TXN_005356,USR_0293,113.56,2026-01-27 09:42:16,"Paris, FR",Desktop,Travel,0
TXN_008419,USR_0188,10.68,2026-03-22 08:24:27,"New York, US",Mobile,Electronics,0
TXN_006094,USR_0228,144.27,2026-03-08 14:48:38,Online,POS,Travel,0
TXN_007936,USR_0066,266.74,2026-02-10 19:17:31,Online,Mobile,Electronics,0
TXN_009724,USR_0328,42.26,2026-01-30 08:22:54,"New York, US",Desktop,Retail,0
TXN_001520,USR_0347,61.1,2026-01-29 23:41:43,"London, UK",Desktop,Travel,0
TXN_009814,USR_0343,12.3,2026-02-18 20:18:18,"London, UK",POS,Retail,0
TXN_001379,USR_0439,32.34,2026-03-30 06:09:44,"London, UK",Desktop,Retail,0
TXN_005673,USR_0136,25.0,2026-01-20 18:01:55,"Paris, FR",Desktop,Retail,0
TXN_002588,USR_0159,12.37,2026-01-27 13:14:09,"Tokyo, JP",POS,Electronics,0
TXN_011715,USR_0007,9371.2,2026-03-21 04:34:40,Online,ATM,Crypto,1
TXN_005622,USR_0484,199.24,2026-01-18 16:35:21,"Tokyo, JP",Mobile,Retail,0
TXN_009484,USR_0481,98.09,2026-02-18 20:52:09,Online,Desktop,Travel,0
TXN_009886,USR_0048,248.17,2026-01-16 13:49:30,"Paris, FR",Desktop,Grocery,0
TXN_005843,USR_0495,95.23,2026-02-17 07:22:35,"New York, US",POS,Electronics,0
TXN_007123,USR_0311,22.09,2026-01-29 13:12:18,"Paris, FR",Desktop,Electronics,0
TXN_005833,USR_0208,31.08,2026-03-30 13:15:19,"New York, US",Desktop,Retail,0
TXN_004889,USR_0474,7.82,2026-01-28 20:37:44,Online,POS,Retail,0
TXN_005905,USR_0368,154.59,2026-03-29 19:48:14,Online,POS,Grocery,0
TXN_000523,USR_0246,47.88,2026-03-16 18:25:34,Online,POS,Retail,0
TXN_008044,USR_0392,7.86,2026-01-11 10:16:29,Online,Desktop,Grocery,0
TXN_003608,USR_0285,17.04,2026-01-08 09:49:07,Online,Mobile,Grocery,0
TXN_000235,USR_0056,5.97,2026-02-27 21:32:14,Online,Mobile,Electronics,0
TXN_003797,USR_0262,20.1,2026-02-10 11:07:29,"Paris, FR",Desktop,Grocery,0
TXN_006319,USR_0219,43.86,2026-01-18 16:24:40,"Tokyo, JP",Desktop,Electronics,0
TXN_007095,USR_0049,26.16,2026-01-15 17:51:18,"London, UK",Desktop,Travel,0
TXN_001949,USR_0269,180.5,2026-02-09 19:44:40,"London, UK",Mobile,Grocery,0
TXN_006362,USR_0396,12.5,2026-03-19 18:02:27,"Paris, FR",Mobile,Electronics,0
TXN_011277,USR_0252,189.01,2026-03-22 16:37:51,"London, UK",Desktop,Retail,0
TXN_006092,USR_0181,23.85,2026-02-23 22:18:01,"Paris, FR",POS,Retail,0
TXN_010895,USR_0118,4.45,2026-03-31 13:38:30,"New York, US",POS,Grocery,0
TXN_002225,USR_0265,18.53,2026-01-19 04:35:47,"Paris, FR",Mobile,Retail,0
TXN_005572,USR_0356,94.34,2026-02-23 13:57:52,"London, UK",POS,Travel,0
TXN_004524,USR_0202,315.46,2026-03-17 19:43:14,"London, UK",Mobile,Electronics,0
TXN_005794,USR_0224,96.1,2026-02-09 21:56:07,Online,Desktop,Retail,0
TXN_010538,USR_0095,22.9,2026-02-07 12:09:17,"London, UK",POS,Grocery,0
TXN_005739,USR_0129,105.79,2026-01-18 14:51:47,"New York, US",Desktop,Travel,0
TXN_002625,USR_0371,25.83,2026-03-03 21:46:37,"Paris, FR",Mobile,Electronics,0
TXN_004729,USR_0292,19.11,2026-02-27 01:31:15,Online,Desktop,Grocery,0
TXN_007819,USR_0348,18.63,2026-01-09 15:19:41,Online,Desktop,Grocery,0
TXN_011896,USR_0005,5239.05,2026-01-26 01:59:08,"Moscow, RU",Desktop,Crypto,1
TXN_010934,USR_0102,159.12,2026-01-27 17:03:15,Online,Mobile,Grocery,0
TXN_010164,USR_0192,16.03,2026-02-13 17:13:01,"New York, US",Mobile,Retail,0
TXN_002438,USR_0166,81.49,2026-01-10 16:57:03,"London, UK",POS,Retail,0
TXN_006057,USR_0124,44.26,2026-01-30 10:22:02,"Tokyo, JP",Mobile,Retail,0
TXN_006353,USR_0065,48.45,2026-02-22 17:13:45,"Tokyo, JP",Desktop,Grocery,0
TXN_003168,USR_0151,22.68,2026-03-25 20:45:52,"Paris, FR",Desktop,Retail,0
TXN_001810,USR_0301,151.9,2026-01-11 14:33:58,"London, UK",Desktop,Retail,0
TXN_009719,USR_0141,18.76,2026-01-27 13:13:17,"Paris, FR",Mobile,Retail,0
TXN_007162,USR_0023,35.76,2026-01-07 15:31:22,"New York, US",Desktop,Retail,0
TXN_005087,USR_0242,29.9,2026-01-30 07:22:25,"New York, US",Desktop,Electronics,0
TXN_009674,USR_0177,162.53,2026-02-27 18:23:46,"Tokyo, JP",Desktop,Retail,0
TXN_007017,USR_0416,7.2,2026-02-01 14:30:38,"Paris, FR",POS,Grocery,0
TXN_009369,USR_0444,13.99,2026-03-05 16:54:46,Online,Mobile,Travel,0
TXN_004946,USR_0159,108.6,2026-01-09 10:32:57,"Paris, FR",POS,Grocery,0
TXN_006047,USR_0416,15.78,2026-02-04 14:36:14,Online,Mobile,Grocery,0
TXN_011105,USR_0267,43.92,2026-02-20 14:57:13,"Paris, FR",Mobile,Grocery,0
TXN_006920,USR_0256,58.68,2026-01-27 20:40:51,"London, UK",POS,Retail,0
TXN_005591,USR_0232,11.35,2026-01-04 11:30:44,"London, UK",Mobile,Retail,0
TXN_007227,USR_0304,11.86,2026-01-23 06:10:05,Online,Mobile,Electronics,0
TXN_001229,USR_0162,88.88,2026-03-09 16:43:02,"New York, US",POS,Electronics,0
TXN_009258,USR_0084,344.03,2026-03-16 16:27:41,"Tokyo, JP",Desktop,Grocery,0
TXN_006847,USR_0135,76.17,2026-02-26 19:25:30,"Paris, FR",Desktop,Retail,0
TXN_008245,USR_0118,34.73,2026-03-16 07:52:25,Online,Desktop,Travel,0
TXN_006556,USR_0205,35.8,2026-03-04 18:03:19,"New York, US",Desktop,Grocery,0
TXN_000160,USR_0423,11.89,2026-03-14 12:58:18,"Paris, FR",Mobile,Retail,0
TXN_001590,USR_0265,17.54,2026-03-16 16:12:52,"Tokyo, JP",Desktop,Grocery,0
TXN_011807,USR_0407,5000.0,2026-03-07 01:49:39,"Sydney, AU",Mobile,Electronics,1
TXN_011378,USR_0351,111.33,2026-03-04 12:15:18,"London, UK",Mobile,Travel,0
TXN_011357,USR_0401,16.45,2026-02-06 08:46:58,"London, UK",Mobile,Grocery,0
TXN_011194,USR_0072,38.8,2026-03-17 18:40:09,"New York, US",Desktop,Retail,0
TXN_006688,USR_0274,17.96,2026-02-05 03:23:25,"New York, US",Mobile,Grocery,0
TXN_011207,USR_0415,85.85,2026-03-14 14:39:40,"New York, US",POS,Travel,0
TXN_009051,USR_0154,23.29,2026-02-02 14:41:38,"Tokyo, JP",Mobile,Travel,0
TXN_007481,USR_0223,12.52,2026-03-10 16:17:39,Online,Desktop,Electronics,0
TXN_011108,USR_0222,362.24,2026-03-10 21:23:52,Online,POS,Grocery,0
TXN_001557,USR_0173,30.75,2026-02-25 06:07:39,"London, UK",Mobile,Travel,0
TXN_002829,USR_0190,163.75,2026-01-05 00:09:57,"New York, US",POS,Retail,0
TXN_000437,USR_0382,12.48,2026-01-28 14:37:04,"New York, US",Desktop,Grocery,0
TXN_005790,USR_0150,60.29,2026-03-09 19:24:43,"London, UK",Desktop,Retail,0
TXN_011040,USR_0426,38.05,2026-01-27 05:09:58,"Paris, FR",Mobile,Grocery,0
TXN_001589,USR_0366,29.47,2026-02-18 12:33:47,"London, UK",Mobile,Grocery,0
TXN_007399,USR_0355,69.9,2026-03-16 19:19:15,Online,POS,Travel,0
TXN_002781,USR_0417,51.8,2026-02-26 16:01:39,"New York, US",POS,Grocery,0
TXN_010770,USR_0250,22.75,2026-03-04 11:12:04,"London, UK",Mobile,Travel,0
TXN_005687,USR_0045,27.7,2026-03-12 08:06:43,"Tokyo, JP",POS,Retail,0
TXN_003966,USR_0211,19.46,2026-02-13 15:56:47,"London, UK",Mobile,Retail,0
TXN_004728,USR_0431,44.48,2026-03-07 09:34:09,"New York, US",Desktop,Electronics,0
TXN_001239,USR_0337,7.97,2026-03-24 04:36:51,"London, UK",Mobile,Electronics,0
TXN_002952,USR_0021,11.32,2026-01-26 08:37:02,"London, UK",Mobile,Travel,0
TXN_010968,USR_0052,24.97,2026-01-10 10:52:40,Online,Mobile,Retail,0
TXN_009287,USR_0413,47.77,2026-01-14 11:59:59,"Tokyo, JP",Mobile,Electronics,0
TXN_001498,USR_0094,8.12,2026-01-05 13:30:16,"London, UK",POS,Retail,0
TXN_006466,USR_0442,46.35,2026-01-09 17:51:51,"New York, US",Mobile,Electronics,0
TXN_007356,USR_0262,32.31,2026-02-24 13:49:18,"London, UK",Mobile,Retail,0
TXN_007824,USR_0081,35.91,2026-01-14 19:59:59,"Paris, FR",Desktop,Travel,0
TXN_007548,USR_0080,123.66,2026-02-06 21:12:46,"London, UK",Desktop,Retail,0
TXN_007914,USR_0436,4.58,2026-01-12 17:44:23,Online,Desktop,Electronics,0
TXN_011052,USR_0358,237.19,2026-02-16 11:59:18,"London, UK",Desktop,Grocery,0
TXN_005186,USR_0053,63.66,2026-03-21 16:18:58,"Tokyo, JP",Mobile,Grocery,0
TXN_005648,USR_0442,51.1,2026-03-29 17:54:15,Online,Desktop,Electronics,0
TXN_011270,USR_0021,20.98,2026-02-16 09:44:29,"New York, US",Mobile,Retail,0
TXN_005243,USR_0499,18.64,2026-03-05 10:27:26,"Paris, FR",Desktop,Grocery,0
TXN_002131,USR_0424,28.49,2026-03-24 10:33:22,"Paris, FR",Mobile,Grocery,0
TXN_002093,USR_0258,27.62,2026-03-16 15:51:02,"Tokyo, JP",Desktop,Retail,0
TXN_005410,USR_0220,365.62,2026-01-06 22:03:55,"Tokyo, JP",Mobile,Grocery,0
TXN_000188,USR_0497,33.82,2026-01-20 19:04:30,"Tokyo, JP",Desktop,Travel,0
TXN_007939,USR_0312,6.77,2026-03-01 11:49:46,"New York, US",Mobile,Grocery,0
TXN_003656,USR_0154,44.47,2026-03-18 19:25:05,"New York, US",Mobile,Travel,0
TXN_003427,USR_0144,8.7,2026-02-04 04:01:57,"Paris, FR",Desktop,Retail,0
TXN_009216,USR_0123,16.59,2026-01-31 10:36:03,"London, UK",Desktop,Retail,0
TXN_001382,USR_0017,75.64,2026-03-26 12:32:37,"New York, US",Desktop,Grocery,0
TXN_009384,USR_0169,14.33,2026-02-28 16:21:54,"Tokyo, JP",Desktop,Retail,0
TXN_008606,USR_0250,155.6,2026-03-07 00:41:57,Online,Mobile,Travel,0
TXN_007428,USR_0341,21.71,2026-03-14 08:23:03,"Paris, FR",POS,Retail,0
TXN_005038,USR_0452,147.37,2026-02-09 12:08:55,"Paris, FR",Mobile,Grocery,0
TXN_004898,USR_0148,58.36,2026-03-13 10:59:21,"London, UK",Desktop,Grocery,0
TXN_003176,USR_0187,5.59,2026-01-21 08:25:12,"Tokyo, JP",Mobile,Grocery,0
TXN_009579,USR_0218,19.82,2026-03-01 18:24:09,"New York, US",POS,Retail,0
TXN_008449,USR_0463,108.93,2026-01-30 08:41:14,"New York, US",Desktop,Retail,0
TXN_011877,USR_0476,3464.13,2026-03-01 05:19:05,"Lagos, NG",Mobile,Electronics,1
TXN_011162,USR_0499,42.62,2026-02-26 15:29:20,Online,Mobile,Electronics,0
TXN_002236,USR_0189,36.11,2026-03-27 20:17:25,"Paris, FR",POS,Grocery,0
TXN_008069,USR_0364,14.03,2026-02-02 07:22:25,Online,POS,Travel,0
TXN_004237,USR_0431,116.85,2026-02-14 03:08:45,"Tokyo, JP",Mobile,Retail,0
TXN_008917,USR_0236,107.97,2026-03-09 13:59:43,"London, UK",POS,Electronics,0
TXN_009944,USR_0013,65.78,2026-02-28 16:51:58,"Tokyo, JP",Mobile,Travel,0
TXN_000025,USR_0385,69.3,2026-02-04 06:49:41,"Tokyo, JP",Mobile,Grocery,0
TXN_003364,USR_0429,271.86,2026-03-18 13:33:59,"New York, US",Mobile,Electronics,0
TXN_001089,USR_0353,62.68,2026-04-01 12:57:33,"London, UK",Desktop,Retail,0
TXN_008734,USR_0498,139.71,2026-01-24 06:00:45,"Tokyo, JP",Mobile,Travel,0
TXN_010979,USR_0241,536.95,2026-02-17 10:55:57,"New York, US",Mobile,Grocery,0
TXN_002842,USR_0167,56.74,2026-03-27 19:25:08,Online,Mobile,Retail,0
TXN_007538,USR_0098,13.29,2026-02-25 14:30:36,Online,Mobile,Grocery,0
TXN_007471,USR_0494,90.32,2026-02-13 05:49:31,"New York, US",Mobile,Grocery,0
TXN_011177,USR_0397,7.4,2026-03-13 19:47:51,Online,Mobile,Grocery,0
TXN_004153,USR_0376,52.68,2026-03-04 05:32:58,Online,POS,Grocery,0
TXN_000696,USR_0050,17.07,2026-01-11 11:42:22,Online,Desktop,Travel,0
TXN_011006,USR_0349,30.76,2026-03-05 07:19:00,Online,Desktop,Grocery,0
TXN_006338,USR_0320,9.68,2026-02-27 08:09:16,Online,POS,Grocery,0
TXN_001228,USR_0446,9.42,2026-02-25 10:00:18,"Paris, FR",Desktop,Electronics,0
TXN_002000,USR_0181,408.12,2026-03-25 00:18:14,"Paris, FR",POS,Electronics,0
TXN_000277,USR_0091,19.48,2026-03-22 11:31:29,Online,POS,Retail,0
TXN_005930,USR_0415,50.0,2026-01-30 08:48:40,Online,POS,Grocery,0
TXN_002954,USR_0261,86.31,2026-01-22 16:25:13,"London, UK",POS,Grocery,0
TXN_003638,USR_0137,20.88,2026-02-01 20:14:53,"London, UK",Desktop,Retail,0
TXN_003907,USR_0364,15.14,2026-01-26 12:44:00,"London, UK",POS,Electronics,0
TXN_004779,USR_0019,33.22,2026-03-19 20:52:04,Online,Desktop,Travel,0
TXN_005846,USR_0080,54.98,2026-03-09 20:49:58,"Tokyo, JP",POS,Electronics,0
TXN_011636,USR_0143,8399.33,2026-01-28 23:57:16,"Lagos, NG",Mobile,Crypto,1
TXN_004118,USR_0436,12.52,2026-01-25 10:58:12,"New York, US",POS,Travel,0
TXN_001138,USR_0267,24.34,2026-03-22 21:31:31,"London, UK",POS,Retail,0
TXN_002768,USR_0083,60.57,2026-01-25 11:15:38,"London, UK",Mobile,Grocery,0
TXN_008183,USR_0392,121.33,2026-03-24 13:46:52,"New York, US",Mobile,Retail,0
TXN_009533,USR_0277,55.32,2026-02-21 06:20:10,"London, UK",Mobile,Travel,0
TXN_007662,USR_0092,35.67,2026-02-03 14:44:04,Online,Mobile,Retail,0
TXN_008936,USR_0109,62.13,2026-02-26 01:33:11,"Tokyo, JP",POS,Retail,0
TXN_002491,USR_0411,47.01,2026-02-14 03:29:25,"London, UK",Desktop,Grocery,0
TXN_011615,USR_0087,7984.8,2026-03-13 02:54:23,"Sydney, AU",Mobile,Wire_Transfer,1
TXN_007743,USR_0213,36.02,2026-01-02 15:27:26,Online,Desktop,Grocery,0
TXN_003936,USR_0465,90.22,2026-01-11 16:42:38,Online,POS,Retail,0
TXN_002385,USR_0249,214.61,2026-01-29 13:21:40,"New York, US",Desktop,Retail,0
TXN_008017,USR_0478,74.43,2026-03-27 16:13:25,"London, UK",Mobile,Retail,0
TXN_007085,USR_0026,29.32,2026-03-11 11:05:40,"Tokyo, JP",Mobile,Retail,0
TXN_000116,USR_0173,30.79,2026-02-18 19:17:48,"Paris, FR",Desktop,Grocery,0
TXN_001864,USR_0202,95.71,2026-01-13 19:08:20,Online,Mobile,Electronics,0
TXN_003120,USR_0205,17.09,2026-03-01 18:45:29,"Tokyo, JP",Mobile,Retail,0
TXN_004259,USR_0108,23.14,2026-02-20 11:08:37,Online,POS,Grocery,0
TXN_011072,USR_0181,53.4,2026-01-09 20:31:12,"Tokyo, JP",Desktop,Retail,0
TXN_002820,USR_0394,58.37,2026-01-06 05:42:59,Online,Mobile,Retail,0
TXN_009162,USR_0039,18.63,2026-03-13 12:43:56,"Paris, FR",Mobile,Electronics,0
TXN_009026,USR_0413,14.7,2026-01-14 15:51:33,"Tokyo, JP",Desktop,Grocery,0
TXN_010896,USR_0312,5.77,2026-01-06 16:22:41,Online,Desktop,Grocery,0
TXN_004700,USR_0073,21.42,2026-03-25 19:32:05,"Tokyo, JP",Mobile,Retail,0
TXN_003803,USR_0039,74.57,2026-02-27 12:03:51,"Tokyo, JP",POS,Electronics,0
TXN_006069,USR_0355,10.86,2026-03-05 17:54:48,"Tokyo, JP",Desktop,Retail,0
TXN_003537,USR_0013,87.11,2026-03-10 08:10:49,"Paris, FR",Desktop,Travel,0
TXN_003826,USR_0212,45.79,2026-01-12 20:39:50,Online,Mobile,Retail,0
TXN_006643,USR_0393,93.03,2026-02-08 12:55:58,"Paris, FR",Mobile,Electronics,0
TXN_010366,USR_0436,25.05,2026-03-10 14:10:05,"Paris, FR",POS,Grocery,0
TXN_001947,USR_0068,33.74,2026-02-21 05:02:17,"London, UK",Mobile,Retail,0
TXN_010470,USR_0377,54.14,2026-03-02 19:56:45,Online,Desktop,Grocery,0
TXN_009172,USR_0072,47.33,2026-01-28 07:20:10,Online,POS,Travel,0
TXN_010004,USR_0014,6.01,2026-03-21 12:12:18,"New York, US",Mobile,Retail,0
TXN_007270,USR_0178,14.1,2026-01-01 20:52:30,"New York, US",Desktop,Retail,0
TXN_009378,USR_0293,11.38,2026-02-21 06:00:49,"New York, US",POS,Retail,0
TXN_007930,USR_0420,69.57,2026-02-27 17:12:38,"London, UK",Mobile,Retail,0
TXN_007167,USR_0443,28.39,2026-03-20 16:59:39,"Tokyo, JP",POS,Travel,0
TXN_006964,USR_0187,39.37,2026-03-18 03:41:37,Online,Desktop,Electronics,0
TXN_005868,USR_0085,16.3,2026-03-05 08:40:19,Online,Mobile,Retail,0
TXN_004762,USR_0171,8.6,2026-03-03 19:09:48,"Tokyo, JP",Mobile,Grocery,0
TXN_000883,USR_0136,32.22,2026-02-17 12:14:02,"London, UK",POS,Grocery,0
TXN_000558,USR_0138,125.1,2026-03-11 03:52:23,Online,Mobile,Electronics,0
TXN_009738,USR_0022,11.52,2026-01-06 09:55:22,"Tokyo, JP",Desktop,Electronics,0
TXN_001208,USR_0375,59.85,2026-03-09 09:54:48,"Tokyo, JP",Desktop,Travel,0
TXN_007685,USR_0465,73.68,2026-01-31 11:08:00,"Tokyo, JP",Mobile,Grocery,0
TXN_009286,USR_0342,72.7,2026-01-06 14:20:26,"Paris, FR",Desktop,Electronics,0
TXN_006539,USR_0299,3.96,2026-03-14 15:03:45,"New York, US",Desktop,Retail,0
TXN_003212,USR_0437,7.43,2026-02-19 17:50:48,"Paris, FR",Mobile,Travel,0
TXN_003631,USR_0342,37.91,2026-04-01 12:04:20,"London, UK",Mobile,Grocery,0
TXN_001709,USR_0112,5.11,2026-02-09 20:27:56,"Paris, FR",POS,Retail,0
TXN_008459,USR_0414,60.97,2026-01-25 08:28:15,Online,Desktop,Grocery,0
TXN_001141,USR_0212,64.02,2026-01-06 05:21:22,Online,POS,Retail,0
TXN_003163,USR_0429,37.09,2026-03-09 09:04:53,Online,Desktop,Retail,0
TXN_006208,USR_0427,23.88,2026-03-15 09:39:03,Online,Desktop,Retail,0
TXN_003731,USR_0286,71.34,2026-03-30 14:48:14,Online,Desktop,Grocery,0
TXN_002661,USR_0261,35.92,2026-01-15 04:29:01,"New York, US",Desktop,Retail,0
TXN_008849,USR_0020,12.29,2026-01-20 13:22:31,"New York, US",Mobile,Retail,0
TXN_001308,USR_0321,7.37,2026-03-01 16:45:40,"New York, US",POS,Grocery,0
TXN_002568,USR_0398,12.6,2026-03-19 11:41:34,"New York, US",Desktop,Retail,0
TXN_002835,USR_0233,31.25,2026-03-03 09:58:57,"London, UK",Desktop,Travel,0
TXN_011483,USR_0274,74.18,2026-01-20 05:56:24,"London, UK",POS,Electronics,0
TXN_002152,USR_0445,29.26,2026-01-07 11:16:56,"New York, US",Mobile,Grocery,0
TXN_009376,USR_0387,22.43,2026-01-01 00:50:21,"Paris, FR",Mobile,Grocery,0
TXN_003836,USR_0497,159.56,2026-02-08 12:25:58,"London, UK",POS,Grocery,0
TXN_011633,USR_0033,4523.77,2026-01-19 01:07:54,Online,Mobile,Electronics,1
TXN_009212,USR_0114,30.49,2026-03-26 06:08:01,Online,Desktop,Retail,0
TXN_009860,USR_0457,6.61,2026-01-18 15:16:03,Online,POS,Retail,0
TXN_005005,USR_0260,26.5,2026-03-26 21:13:55,"New York, US",Desktop,Travel,0
TXN_006627,USR_0285,80.63,2026-01-14 20:08:43,Online,Desktop,Electronics,0
TXN_001628,USR_0127,20.09,2026-03-13 23:41:50,"London, UK",Desktop,Travel,0
TXN_009610,USR_0358,47.22,2026-01-14 02:58:20,"Paris, FR",POS,Travel,0
TXN_011768,USR_0369,2500.0,2026-01-04 22:44:15,"Moscow, RU",ATM,Electronics,1
TXN_000359,USR_0178,36.94,2026-03-08 16:57:18,"New York, US",Desktop,Retail,0
TXN_000139,USR_0382,16.19,2026-03-12 15:21:22,"Paris, FR",Desktop,Grocery,0
TXN_008492,USR_0489,15.37,2026-01-25 08:04:07,"Tokyo, JP",Desktop,Electronics,0
TXN_000383,USR_0206,434.14,2026-03-06 05:02:02,"New York, US",Mobile,Electronics,0
TXN_011859,USR_0007,6452.48,2026-03-16 00:29:13,"Sydney, AU",Mobile,Wire_Transfer,1
TXN_004858,USR_0310,4.62,2026-03-31 11:30:13,"London, UK",Mobile,Travel,0
TXN_011146,USR_0253,74.76,2026-01-18 12:02:43,"New York, US",Desktop,Retail,0
TXN_001440,USR_0321,51.06,2026-01-08 05:33:12,"Tokyo, JP",Desktop,Retail,0
TXN_000947,USR_0490,40.22,2026-03-26 08:31:39,"New York, US",POS,Grocery,0
TXN_005499,USR_0254,39.66,2026-03-13 17:39:02,"London, UK",POS,Grocery,0
TXN_004917,USR_0181,79.92,2026-01-13 16:11:16,"Paris, FR",Desktop,Grocery,0
TXN_008557,USR_0133,64.98,2026-01-21 11:46:16,"New York, US",Mobile,Grocery,0
TXN_001933,USR_0056,52.8,2026-02-26 11:42:53,"Paris, FR",Mobile,Retail,0
TXN_002353,USR_0489,43.74,2026-01-19 10:02:52,"London, UK",Desktop,Travel,0
TXN_003237,USR_0172,92.1,2026-01-22 10:11:41,Online,POS,Grocery,0
TXN_009930,USR_0321,64.15,2026-02-13 10:01:44,"London, UK",POS,Travel,0
TXN_003808,USR_0010,13.17,2026-01-07 05:04:40,"Paris, FR",Mobile,Electronics,0
TXN_001937,USR_0137,9.13,2026-01-16 05:26:31,Online,Desktop,Electronics,0
TXN_011661,USR_0294,5000.0,2026-01-03 01:53:42,Online,Desktop,Crypto,1
TXN_004155,USR_0302,58.7,2026-03-20 15:38:39,"Tokyo, JP",POS,Electronics,0
TXN_002417,USR_0359,55.07,2026-01-10 03:24:08,"New York, US",Mobile,Travel,0
TXN_009199,USR_0116,21.5,2026-02-20 10:55:40,"London, UK",Mobile,Retail,0
TXN_006140,USR_0136,73.2,2026-02-28 12:59:50,"New York, US",POS,Travel,0
TXN_000786,USR_0058,13.67,2026-02-22 12:28:02,"New York, US",Desktop,Electronics,0
TXN_006790,USR_0452,41.6,2026-03-16 17:45:24,"New York, US",POS,Retail,0
TXN_008037,USR_0141,57.78,2026-01-20 16:57:13,Online,POS,Retail,0
TXN_008316,USR_0223,32.6,2026-03-11 07:54:34,"Tokyo, JP",Mobile,Grocery,0
TXN_011350,USR_0045,56.85,2026-03-12 08:29:30,Online,Desktop,Retail,0
TXN_005669,USR_0140,58.14,2026-03-29 18:18:41,"London, UK",Desktop,Travel,0
TXN_002173,USR_0100,16.05,2026-02-07 07:12:25,"London, UK",POS,Grocery,0
TXN_002170,USR_0061,10.94,2026-03-12 16:05:22,"Paris, FR",Mobile,Retail,0
TXN_006629,USR_0123,19.18,2026-01-06 17:54:17,Online,Desktop,Travel,0
TXN_004010,USR_0338,38.99,2026-01-09 12:23:05,"Paris, FR",POS,Grocery,0
TXN_004341,USR_0094,25.86,2026-01-23 15:23:05,"Paris, FR",Desktop,Retail,0
TXN_000911,USR_0307,11.33,2026-03-11 08:26:16,"London, UK",Mobile,Electronics,0
TXN_006269,USR_0106,71.09,2026-01-01 08:16:23,"Tokyo, JP",Desktop,Grocery,0
TXN_002310,USR_0246,15.2,2026-03-23 22:54:35,"London, UK",Desktop,Grocery,0
TXN_006592,USR_0263,6.32,2026-02-08 14:00:32,"New York, US",Mobile,Electronics,0
TXN_004459,USR_0032,45.32,2026-03-31 17:12:06,Online,Desktop,Travel,0
TXN_007598,USR_0405,16.38,2026-02-22 18:00:02,"London, UK",POS,Retail,0
TXN_009480,USR_0451,38.18,2026-02-13 07:43:12,Online,Mobile,Grocery,0
TXN_011195,USR_0076,98.02,2026-01-26 09:02:50,"London, UK",Mobile,Grocery,0
TXN_004653,USR_0040,387.56,2026-02-03 10:43:27,"New York, US",Desktop,Retail,0
TXN_006219,USR_0223,41.3,2026-02-05 17:00:53,"London, UK",Mobile,Retail,0
TXN_000443,USR_0066,104.51,2026-01-29 07:53:00,"New York, US",Desktop,Retail,0
TXN_003416,USR_0173,60.23,2026-01-16 21:16:53,"London, UK",Desktop,Retail,0
TXN_010488,USR_0456,13.7,2026-01-08 09:53:21,"Paris, FR",POS,Retail,0
TXN_009211,USR_0019,56.49,2026-02-16 08:42:04,"Tokyo, JP",Mobile,Retail,0
TXN_009418,USR_0028,17.0,2026-02-27 15:08:23,"Tokyo, JP",Desktop,Grocery,0
TXN_005745,USR_0006,167.65,2026-02-14 15:36:14,"London, UK",POS,Electronics,0
TXN_001055,USR_0258,87.31,2026-03-31 16:14:09,"New York, US",POS,Electronics,0
TXN_003700,USR_0276,100.7,2026-03-13 14:51:25,"London, UK",Desktop,Grocery,0
TXN_000930,USR_0343,7.86,2026-02-20 17:25:37,"London, UK",POS,Grocery,0
TXN_006469,USR_0464,17.63,2026-02-20 16:26:04,"Tokyo, JP",POS,Grocery,0
TXN_008768,USR_0322,81.52,2026-03-12 13:40:49,"Tokyo, JP",Mobile,Electronics,0
TXN_001830,USR_0014,15.91,2026-03-19 13:07:55,Online,Desktop,Electronics,0
TXN_009293,USR_0124,20.92,2026-02-26 12:16:46,"London, UK",Desktop,Retail,0
TXN_009891,USR_0019,16.19,2026-01-26 02:37:03,"London, UK",Desktop,Retail,0
TXN_002012,USR_0356,122.98,2026-02-22 20:38:50,"Tokyo, JP",Mobile,Electronics,0
TXN_000914,USR_0055,81.77,2026-01-20 11:27:41,Online,Desktop,Grocery,0
TXN_007612,USR_0347,127.68,2026-03-24 18:42:37,"Tokyo, JP",Mobile,Travel,0
TXN_011413,USR_0316,12.01,2026-01-22 18:44:13,"New York, US",Desktop,Travel,0
TXN_009255,USR_0395,26.7,2026-03-12 16:17:35,"London, UK",POS,Grocery,0
TXN_002607,USR_0141,35.02,2026-03-28 12:35:32,"Tokyo, JP",POS,Retail,0
TXN_004929,USR_0312,15.06,2026-02-05 11:47:04,"London, UK",Desktop,Electronics,0
TXN_006565,USR_0014,6.29,2026-01-26 18:42:31,Online,POS,Grocery,0
TXN_009773,USR_0100,4.95,2026-03-06 08:09:04,"Tokyo, JP",Desktop,Retail,0
TXN_000007,USR_0048,20.71,2026-02-18 08:06:22,"Tokyo, JP",POS,Grocery,0
TXN_007836,USR_0087,17.21,2026-02-08 13:55:09,Online,Desktop,Retail,0
TXN_006584,USR_0278,233.44,2026-03-13 17:58:13,Online,POS,Retail,0
TXN_003362,USR_0467,60.5,2026-01-24 12:13:52,"New York, US",Mobile,Travel,0
TXN_009371,USR_0156,14.35,2026-01-05 18:10:43,"Paris, FR",Desktop,Travel,0
TXN_001636,USR_0358,185.8,2026-01-16 08:53:08,Online,Desktop,Retail,0
TXN_001142,USR_0006,84.57,2026-03-23 06:12:44,"Tokyo, JP",Desktop,Grocery,0
TXN_000360,USR_0326,68.43,2026-03-12 20:17:08,"Tokyo, JP",POS,Travel,0
TXN_002071,USR_0043,109.04,2026-01-19 11:04:17,"Paris, FR",Mobile,Grocery,0
TXN_003135,USR_0113,20.25,2026-01-06 15:02:19,"New York, US",Mobile,Retail,0
TXN_005161,USR_0292,61.44,2026-03-18 10:14:03,"New York, US",Desktop,Grocery,0
TXN_006991,USR_0066,12.61,2026-01-26 07:05:42,Online,Mobile,Electronics,0
TXN_003244,USR_0362,47.79,2026-02-23 18:16:41,Online,Desktop,Grocery,0
TXN_002243,USR_0336,226.66,2026-01-20 12:22:41,Online,Desktop,Retail,0
TXN_001475,USR_0011,17.74,2026-01-03 11:59:35,Online,POS,Retail,0
TXN_010297,USR_0103,8.96,2026-01-28 07:58:33,"Paris, FR",Mobile,Retail,0
TXN_003260,USR_0231,14.35,2026-01-26 14:44:55,"Tokyo, JP",Desktop,Retail,0
TXN_004021,USR_0252,30.74,2026-03-03 14:14:05,Online,Mobile,Retail,0
TXN_010593,USR_0272,21.86,2026-01-22 08:51:30,"Tokyo, JP",Desktop,Travel,0
TXN_008567,USR_0341,55.81,2026-03-08 08:40:53,"New York, US",Desktop,Retail,0
TXN_003501,USR_0307,22.21,2026-03-03 05:10:03,"London, UK",POS,Electronics,0
TXN_002659,USR_0380,18.02,2026-03-19 18:22:47,"Tokyo, JP",Desktop,Retail,0
TXN_010132,USR_0326,5.14,2026-01-24 10:08:02,"New York, US",Mobile,Retail,0
TXN_001131,USR_0394,73.73,2026-02-08 15:20:23,"Paris, FR",Mobile,Retail,0
TXN_001820,USR_0415,4.37,2026-01-25 06:16:57,"Paris, FR",Desktop,Electronics,0
TXN_007462,USR_0297,49.6,2026-02-27 12:34:39,"Tokyo, JP",Mobile,Retail,0
TXN_009427,USR_0055,4.44,2026-01-25 13:36:41,Online,Mobile,Travel,0
TXN_009394,USR_0081,25.62,2026-03-25 11:47:57,Online,Mobile,Grocery,0
TXN_009802,USR_0014,39.98,2026-03-24 09:59:36,"Tokyo, JP",Mobile,Electronics,0
TXN_007065,USR_0339,143.65,2026-03-10 19:11:53,"London, UK",POS,Retail,0
TXN_004319,USR_0233,56.42,2026-02-04 17:55:20,"Tokyo, JP",Mobile,Electronics,0
TXN_004670,USR_0144,73.56,2026-01-11 05:39:01,Online,Desktop,Travel,0
TXN_005477,USR_0333,20.95,2026-01-20 10:03:09,"Tokyo, JP",POS,Retail,0
TXN_011802,USR_0250,3131.96,2026-03-08 00:15:01,"Moscow, RU",ATM,Wire_Transfer,1
TXN_011015,USR_0035,16.11,2026-02-24 09:54:49,"New York, US",POS,Retail,0
TXN_001857,USR_0353,118.74,2026-01-16 10:17:54,Online,Desktop,Electronics,0
TXN_002283,USR_0417,142.91,2026-01-08 11:04:03,"London, UK",Desktop,Retail,0
TXN_010433,USR_0460,301.37,2026-03-22 21:55:14,"Tokyo, JP",POS,Electronics,0
TXN_004009,USR_0186,12.44,2026-02-10 23:16:36,"New York, US",Mobile,Electronics,0
TXN_006402,USR_0371,11.24,2026-01-08 17:30:52,"Tokyo, JP",Mobile,Grocery,0
TXN_011909,USR_0209,7964.65,2026-03-19 23:22:09,"Lagos, NG",Desktop,Crypto,1
TXN_011120,USR_0363,44.1,2026-03-12 18:27:02,"Paris, FR",Mobile,Electronics,0
TXN_000387,USR_0251,32.05,2026-04-01 14:36:19,"Paris, FR",Mobile,Grocery,0
TXN_001629,USR_0209,19.57,2026-02-27 18:05:54,Online,Mobile,Retail,0
TXN_010106,USR_0464,15.16,2026-03-15 21:32:47,"New York, US",Desktop,Grocery,0
TXN_011183,USR_0077,52.72,2026-02-20 14:01:52,"Paris, FR",POS,Retail,0
TXN_007719,USR_0029,13.16,2026-01-14 10:26:27,"London, UK",Mobile,Grocery,0
TXN_009231,USR_0206,374.43,2026-01-13 16:56:25,"London, UK",POS,Retail,0
TXN_011961,USR_0284,8432.25,2026-03-01 02:49:01,"Sydney, AU",Mobile,Electronics,1
TXN_001843,USR_0341,79.95,2026-03-02 07:57:42,"New York, US",POS,Retail,0
TXN_002498,USR_0163,54.61,2026-01-18 08:25:49,"Tokyo, JP",Desktop,Electronics,0
TXN_000202,USR_0295,19.95,2026-02-07 18:44:18,"New York, US",POS,Retail,0
TXN_009643,USR_0405,7.08,2026-03-28 17:54:52,Online,Desktop,Grocery,0
TXN_003869,USR_0356,17.85,2026-03-29 15:08:45,"London, UK",POS,Retail,0
TXN_005055,USR_0264,71.19,2026-01-25 10:03:44,Online,Desktop,Travel,0
TXN_005890,USR_0134,37.92,2026-02-18 15:42:08,"London, UK",Mobile,Grocery,0
TXN_002703,USR_0078,4.09,2026-03-11 07:39:27,"London, UK",Desktop,Grocery,0
TXN_007923,USR_0389,10.71,2026-03-15 08:39:27,"Paris, FR",Desktop,Retail,0
TXN_000332,USR_0381,23.9,2026-02-26 18:57:24,"Tokyo, JP",Mobile,Retail,0
TXN_003809,USR_0461,12.75,2026-02-13 10:26:17,"New York, US",Desktop,Retail,0
TXN_000936,USR_0417,92.75,2026-03-15 20:16:44,"Paris, FR",Desktop,Travel,0
TXN_001775,USR_0129,29.65,2026-01-13 10:38:20,"Paris, FR",POS,Electronics,0
TXN_009459,USR_0410,15.4,2026-01-08 16:14:48,Online,Desktop,Electronics,0
TXN_008612,USR_0483,104.53,2026-02-24 00:07:27,"London, UK",POS,Retail,0
TXN_010969,USR_0224,9.27,2026-03-24 12:26:48,"London, UK",Mobile,Retail,0
TXN_000990,USR_0128,24.45,2026-01-21 14:45:47,"Paris, FR",Desktop,Retail,0
TXN_005444,USR_0465,24.49,2026-01-19 14:54:37,"Tokyo, JP",Desktop,Electronics,0
TXN_010337,USR_0297,184.49,2026-02-21 19:29:53,"Paris, FR",Mobile,Grocery,0
TXN_006994,USR_0466,50.49,2026-01-08 05:58:22,"Tokyo, JP",POS,Grocery,0
TXN_010618,USR_0044,8.14,2026-01-06 09:01:25,Online,POS,Retail,0
TXN_005807,USR_0300,38.13,2026-01-20 06:57:25,"New York, US",POS,Retail,0
TXN_010483,USR_0343,33.61,2026-02-13 05:39:37,"New York, US",Mobile,Electronics,0
TXN_010439,USR_0255,20.7,2026-03-27 12:19:48,Online,Desktop,Retail,0
TXN_006575,USR_0153,23.12,2026-01-28 11:54:01,"Paris, FR",Desktop,Travel,0
TXN_003053,USR_0316,4.99,2026-03-22 11:04:16,"Tokyo, JP",Desktop,Grocery,0
TXN_010361,USR_0135,270.22,2026-03-16 19:02:12,"Tokyo, JP",POS,Electronics,0
TXN_008366,USR_0187,184.03,2026-02-06 14:02:20,Online,Mobile,Travel,0
TXN_004616,USR_0305,6.96,2026-01-02 08:50:00,Online,POS,Electronics,0
TXN_003322,USR_0404,176.31,2026-01-06 09:20:24,"Paris, FR",Mobile,Travel,0
TXN_009130,USR_0440,39.28,2026-02-13 07:30:25,Online,Desktop,Grocery,0
TXN_006247,USR_0022,10.32,2026-02-16 15:25:15,"New York, US",POS,Travel,0
TXN_006049,USR_0142,95.34,2026-02-10 12:54:13,Online,Mobile,Electronics,0
TXN_003312,USR_0370,16.48,2026-03-23 07:34:05,"Tokyo, JP",Desktop,Retail,0
TXN_009350,USR_0185,27.65,2026-03-02 11:18:04,"Paris, FR",POS,Travel,0
TXN_011251,USR_0374,124.86,2026-03-19 06:14:15,"Tokyo, JP",Desktop,Grocery,0
TXN_008211,USR_0251,21.37,2026-02-02 07:20:34,"Paris, FR",Mobile,Travel,0
TXN_003629,USR_0279,17.66,2026-03-12 11:04:52,Online,POS,Electronics,0
TXN_010630,USR_0266,31.91,2026-03-03 06:53:04,"New York, US",Mobile,Grocery,0
TXN_001357,USR_0428,5.23,2026-03-16 11:19:31,Online,POS,Retail,0
TXN_005003,USR_0489,13.74,2026-02-08 21:52:01,"New York, US",Desktop,Retail,0
TXN_011630,USR_0463,3059.64,2026-01-20 01:40:59,"Sydney, AU",Desktop,Wire_Transfer,1
TXN_005824,USR_0174,85.62,2026-01-27 06:43:06,"Paris, FR",Desktop,Travel,0
TXN_011400,USR_0393,41.46,2026-03-10 19:55:57,"Paris, FR",Desktop,Retail,0
TXN_005671,USR_0384,16.5,2026-02-28 13:50:16,"New York, US",Mobile,Retail,0
TXN_003113,USR_0429,26.39,2026-02-21 20:48:16,Online,Desktop,Retail,0
TXN_000183,USR_0234,57.23,2026-02-11 19:55:12,"London, UK",POS,Retail,0
TXN_010625,USR_0372,42.04,2026-01-15 07:10:44,"Paris, FR",POS,Retail,0
TXN_000856,USR_0145,117.05,2026-02-26 06:24:25,"New York, US",Desktop,Retail,0
TXN_010691,USR_0056,35.95,2026-02-04 13:54:11,"Paris, FR",POS,Grocery,0
TXN_004913,USR_0294,37.76,2026-01-19 12:26:05,"Paris, FR",Desktop,Retail,0
TXN_010241,USR_0090,13.44,2026-03-22 11:09:43,"Paris, FR",POS,Electronics,0
TXN_001801,USR_0192,67.54,2026-02-19 19:31:19,Online,Mobile,Retail,0
TXN_011100,USR_0293,24.86,2026-03-19 21:36:13,Online,Mobile,Travel,0
TXN_005483,USR_0436,84.19,2026-04-01 10:12:41,"Tokyo, JP",Mobile,Retail,0
TXN_010000,USR_0022,54.57,2026-03-29 19:29:06,"Paris, FR",Desktop,Grocery,0
TXN_001969,USR_0085,27.57,2026-02-26 10:48:32,"Paris, FR",POS,Retail,0
TXN_009993,USR_0011,106.57,2026-03-31 16:40:13,"New York, US",POS,Electronics,0
TXN_009780,USR_0174,173.23,2026-01-21 16:11:37,"London, UK",Desktop,Grocery,0
TXN_004698,USR_0176,18.31,2026-03-24 20:33:37,"New York, US",Mobile,Retail,0
TXN_004988,USR_0182,22.85,2026-03-30 19:28:00,"Paris, FR",Desktop,Retail,0
TXN_004651,USR_0201,19.45,2026-02-05 14:15:20,Online,POS,Grocery,0
TXN_001160,USR_0160,21.99,2026-01-06 05:43:54,Online,Mobile,Grocery,0
TXN_009305,USR_0281,253.67,2026-01-25 15:02:07,"Tokyo, JP",POS,Electronics,0
TXN_001326,USR_0216,23.17,2026-02-26 18:47:41,"New York, US",Desktop,Retail,0
TXN_009451,USR_0123,383.3,2026-02-12 08:27:53,Online,Desktop,Retail,0
TXN_004797,USR_0259,24.03,2026-03-19 13:35:30,"New York, US",POS,Retail,0
TXN_006797,USR_0412,37.01,2026-03-12 18:53:15,"Tokyo, JP",Desktop,Travel,0
TXN_005809,USR_0071,66.31,2026-03-05 10:08:03,"Tokyo, JP",POS,Retail,0
TXN_011840,USR_0099,9380.29,2026-01-17 04:18:14,"Sydney, AU",Mobile,Wire_Transfer,1
TXN_001456,USR_0029,31.49,2026-03-04 05:34:23,"New York, US",Desktop,Travel,0
TXN_005411,USR_0368,13.97,2026-03-19 13:11:16,"Tokyo, JP",POS,Electronics,0
TXN_008334,USR_0006,5.49,2026-01-14 14:00:35,Online,POS,Retail,0
TXN_002801,USR_0235,31.45,2026-01-24 07:57:14,"Tokyo, JP",Mobile,Electronics,0
TXN_007617,USR_0114,6.89,2026-02-25 03:59:43,"New York, US",POS,Travel,0
TXN_010731,USR_0161,37.05,2026-02-20 10:33:21,Online,Desktop,Grocery,0
TXN_007816,USR_0105,58.48,2026-03-15 16:20:23,"London, UK",Mobile,Grocery,0
TXN_004379,USR_0293,31.25,2026-03-09 06:59:52,"London, UK",Desktop,Travel,0
TXN_008922,USR_0279,65.91,2026-03-28 15:17:24,"Tokyo, JP",POS,Grocery,0
TXN_009554,USR_0270,61.84,2026-03-24 06:27:17,"Paris, FR",POS,Grocery,0
TXN_006717,USR_0223,48.67,2026-03-26 09:41:23,"London, UK",Mobile,Retail,0
TXN_003737,USR_0462,17.21,2026-02-20 07:48:13,"London, UK",POS,Grocery,0
TXN_002262,USR_0219,18.56,2026-03-22 09:24:55,"New York, US",POS,Grocery,0
TXN_007430,USR_0314,48.34,2026-03-02 17:12:56,"Tokyo, JP",Mobile,Electronics,0
TXN_004006,USR_0113,24.59,2026-02-19 19:11:25,"New York, US",POS,Grocery,0
TXN_002395,USR_0155,39.03,2026-01-04 12:14:40,"London, UK",Mobile,Grocery,0
TXN_001186,USR_0285,141.52,2026-01-13 19:52:28,"London, UK",Desktop,Retail,0
TXN_002008,USR_0399,34.87,2026-03-25 02:09:20,"London, UK",Desktop,Retail,0
TXN_000194,USR_0151,73.09,2026-02-15 17:23:27,"London, UK",Mobile,Travel,0
TXN_008771,USR_0105,13.59,2026-01-10 09:25:10,"Tokyo, JP",Mobile,Grocery,0
TXN_005526,USR_0257,9.75,2026-03-06 10:26:48,"London, UK",Desktop,Retail,0
TXN_000772,USR_0361,7.5,2026-02-22 12:18:10,"New York, US",POS,Retail,0
TXN_001479,USR_0270,63.53,2026-02-25 12:49:58,"Paris, FR",POS,Retail,0
TXN_001847,USR_0402,106.72,2026-03-13 21:54:27,"London, UK",Mobile,Grocery,0
TXN_003741,USR_0007,6.9,2026-03-25 09:34:03,"New York, US",POS,Retail,0
TXN_007987,USR_0261,52.38,2026-02-24 18:03:15,"Tokyo, JP",POS,Electronics,0
TXN_000406,USR_0139,24.3,2026-03-13 06:44:17,"London, UK",Mobile,Travel,0
TXN_011443,USR_0052,53.47,2026-01-16 23:57:31,"London, UK",POS,Grocery,0
TXN_010253,USR_0364,26.98,2026-04-01 00:30:11,"London, UK",Mobile,Grocery,0
TXN_006318,USR_0436,8.44,2026-01-06 14:28:25,Online,Mobile,Electronics,0
TXN_006582,USR_0458,27.31,2026-03-15 06:26:50,"New York, US",Mobile,Grocery,0
TXN_001448,USR_0401,33.23,2026-01-03 15:03:55,"New York, US",Desktop,Travel,0
TXN_000343,USR_0486,20.92,2026-02-17 09:23:28,"New York, US",POS,Retail,0
TXN_007469,USR_0092,53.99,2026-02-25 00:57:44,Online,Mobile,Grocery,0
TXN_000728,USR_0308,113.99,2026-01-02 17:14:16,Online,Desktop,Electronics,0
TXN_004578,USR_0400,206.97,2026-02-12 09:48:38,"Paris, FR",Desktop,Travel,0
TXN_003517,USR_0458,26.53,2026-03-27 13:17:34,"Tokyo, JP",POS,Travel,0
TXN_010664,USR_0016,25.48,2026-01-04 11:09:41,"New York, US",Desktop,Retail,0
TXN_009683,USR_0160,16.86,2026-02-17 16:02:21,"Paris, FR",Mobile,Retail,0
TXN_007157,USR_0494,5.81,2026-03-04 07:28:12,"Tokyo, JP",POS,Grocery,0
TXN_007852,USR_0479,51.98,2026-03-07 04:04:22,"Tokyo, JP",POS,Retail,0
TXN_001349,USR_0177,101.23,2026-02-14 08:19:28,Online,Mobile,Retail,0
TXN_000661,USR_0361,24.59,2026-03-31 18:22:36,Online,Mobile,Travel,0
TXN_001493,USR_0222,11.79,2026-01-19 12:16:07,"Tokyo, JP",Mobile,Retail,0
TXN_010225,USR_0127,11.86,2026-03-11 20:16:04,Online,Desktop,Grocery,0
TXN_005155,USR_0495,27.91,2026-03-26 20:11:24,"New York, US",Desktop,Travel,0
TXN_011817,USR_0090,499.99,2026-01-17 02:41:46,"Sydney, AU",Desktop,Gaming,1
TXN_002525,USR_0191,32.01,2026-01-05 20:09:38,"New York, US",Desktop,Travel,0
TXN_009253,USR_0475,30.61,2026-01-09 21:31:23,"Tokyo, JP",POS,Grocery,0
TXN_010159,USR_0425,20.35,2026-03-08 17:06:20,"Paris, FR",Desktop,Grocery,0
TXN_005375,USR_0121,52.99,2026-01-09 15:35:28,Online,Mobile,Electronics,0
TXN_003199,USR_0169,33.36,2026-01-23 09:34:41,"London, UK",Mobile,Electronics,0
TXN_005718,USR_0106,58.3,2026-01-13 18:37:14,"Tokyo, JP",POS,Travel,0
TXN_009150,USR_0425,21.83,2026-02-06 11:59:28,"Paris, FR",Desktop,Retail,0
TXN_010911,USR_0478,23.59,2026-03-31 17:36:10,"Tokyo, JP",POS,Grocery,0
TXN_009867,USR_0288,22.44,2026-02-23 14:37:27,"New York, US",Mobile,Grocery,0
TXN_008260,USR_0045,41.41,2026-03-21 07:17:29,"London, UK",Desktop,Retail,0
TXN_009652,USR_0011,29.25,2026-01-08 16:35:40,"New York, US",Desktop,Retail,0
TXN_000041,USR_0098,74.63,2026-01-13 19:06:42,"Paris, FR",Desktop,Retail,0
TXN_010601,USR_0247,19.27,2026-01-10 12:41:45,Online,POS,Travel,0
TXN_006817,USR_0382,24.26,2026-03-04 12:52:43,"Tokyo, JP",Mobile,Retail,0
TXN_009233,USR_0310,7.55,2026-03-28 21:27:22,"Paris, FR",POS,Electronics,0
TXN_009795,USR_0489,16.08,2026-03-24 09:24:55,"Tokyo, JP",Mobile,Travel,0
TXN_002724,USR_0223,42.15,2026-03-27 13:17:06,"Paris, FR",POS,Travel,0
TXN_011944,USR_0454,2444.42,2026-02-17 00:04:31,"Lagos, NG",Mobile,Gaming,1
TXN_010284,USR_0375,79.48,2026-01-26 12:43:45,"Tokyo, JP",Mobile,Grocery,0
TXN_011681,USR_0049,7818.22,2026-01-11 05:21:31,Online,Mobile,Crypto,1
TXN_007156,USR_0336,296.38,2026-03-18 08:58:25,"Tokyo, JP",Desktop,Grocery,0
TXN_009229,USR_0017,61.88,2026-02-28 12:21:07,Online,Mobile,Retail,0
TXN_011062,USR_0217,33.81,2026-02-14 08:49:29,"New York, US",Mobile,Grocery,0
TXN_007231,USR_0356,88.41,2026-04-01 11:25:57,Online,POS,Retail,0
TXN_005076,USR_0315,44.51,2026-01-06 13:54:04,"New York, US",Mobile,Grocery,0
TXN_007881,USR_0407,29.63,2026-02-11 14:08:43,"London, UK",Desktop,Retail,0
TXN_005395,USR_0336,3.68,2026-02-20 06:56:49,"London, UK",Desktop,Retail,0
TXN_010255,USR_0398,5.3,2026-01-13 06:25:39,Online,Mobile,Retail,0
TXN_007790,USR_0028,21.52,2026-01-19 11:03:52,"London, UK",POS,Travel,0
TXN_011202,USR_0326,35.73,2026-03-12 13:45:18,"London, UK",Mobile,Travel,0
TXN_004089,USR_0073,240.72,2026-03-03 17:39:39,"Tokyo, JP",Desktop,Retail,0
TXN_001968,USR_0098,229.33,2026-02-20 20:31:43,Online,POS,Grocery,0
TXN_010779,USR_0484,27.57,2026-01-25 07:18:07,"London, UK",Desktop,Grocery,0
TXN_010560,USR_0444,201.6,2026-02-19 16:14:55,"New York, US",Mobile,Grocery,0
TXN_011508,USR_0034,16.2,2026-03-05 10:19:20,"Paris, FR",Desktop,Grocery,0
TXN_007000,USR_0224,131.14,2026-02-05 09:54:08,Online,Desktop,Grocery,0
TXN_000424,USR_0006,15.21,2026-02-03 20:41:23,"London, UK",Mobile,Electronics,0
TXN_011116,USR_0280,70.57,2026-03-16 02:48:21,Online,Desktop,Travel,0
TXN_011403,USR_0261,15.4,2026-02-06 17:15:10,"Paris, FR",Desktop,Grocery,0
TXN_010286,USR_0477,60.23,2026-01-26 09:48:22,"Tokyo, JP",Desktop,Electronics,0
TXN_006143,USR_0372,16.94,2026-03-04 13:26:35,Online,POS,Retail,0
TXN_005662,USR_0494,12.42,2026-01-20 20:12:14,"Tokyo, JP",Desktop,Electronics,0
TXN_009032,USR_0437,103.7,2026-03-11 15:53:47,"Paris, FR",Mobile,Grocery,0
TXN_004597,USR_0498,43.06,2026-01-12 19:32:34,"London, UK",POS,Grocery,0
TXN_002660,USR_0108,59.89,2026-01-12 19:51:32,"Tokyo, JP",Desktop,Grocery,0
TXN_000142,USR_0379,17.26,2026-03-03 15:17:46,Online,POS,Travel,0
TXN_002598,USR_0032,84.56,2026-01-27 15:14:15,Online,POS,Retail,0
TXN_006702,USR_0042,52.44,2026-03-30 09:23:01,"London, UK",Mobile,Grocery,0
TXN_001378,USR_0156,23.71,2026-01-04 15:47:52,"New York, US",Mobile,Retail,0
TXN_003675,USR_0386,15.46,2026-03-09 05:28:38,Online,Mobile,Retail,0
TXN_011874,USR_0328,4735.18,2026-03-07 05:18:20,"Sydney, AU",ATM,Gaming,1
TXN_006363,USR_0035,41.66,2026-02-13 13:43:06,"London, UK",Mobile,Grocery,0
TXN_011232,USR_0424,7.23,2026-01-07 02:06:18,"Paris, FR",Mobile,Retail,0
TXN_004742,USR_0063,134.21,2026-02-01 12:16:33,"London, UK",Mobile,Travel,0
TXN_001139,USR_0363,4.98,2026-02-07 06:12:00,"New York, US",Mobile,Retail,0
TXN_007375,USR_0369,30.52,2026-03-24 20:39:23,"New York, US",POS,Grocery,0
TXN_001788,USR_0036,71.95,2026-01-25 19:03:40,"London, UK",Mobile,Retail,0
TXN_009640,USR_0308,49.6,2026-01-04 15:22:20,Online,Desktop,Grocery,0
TXN_004647,USR_0291,76.44,2026-01-06 17:17:44,"Paris, FR",Mobile,Retail,0
TXN_007569,USR_0438,80.13,2026-03-11 15:39:41,"Tokyo, JP",POS,Retail,0
TXN_000460,USR_0048,94.93,2026-03-10 22:46:53,"London, UK",Mobile,Grocery,0
TXN_006116,USR_0150,6.02,2026-01-29 07:20:10,Online,Desktop,Travel,0
TXN_008180,USR_0354,37.54,2026-01-14 19:10:37,"Paris, FR",Mobile,Travel,0
TXN_000949,USR_0445,39.19,2026-02-05 16:31:11,Online,Desktop,Retail,0
TXN_006371,USR_0022,8.66,2026-01-08 14:57:35,"London, UK",Mobile,Travel,0
TXN_004629,USR_0238,95.21,2026-01-23 19:12:17,"Paris, FR",Mobile,Retail,0
TXN_007359,USR_0460,32.34,2026-03-02 13:03:01,"London, UK",Desktop,Retail,0
TXN_005926,USR_0253,63.84,2026-03-05 08:05:54,"Paris, FR",POS,Grocery,0
TXN_006041,USR_0289,79.73,2026-01-03 13:36:02,"New York, US",Desktop,Grocery,0
TXN_000442,USR_0441,37.41,2026-02-14 14:07:11,Online,Desktop,Travel,0
TXN_006660,USR_0121,7.21,2026-02-04 08:32:17,Online,Mobile,Electronics,0
TXN_008832,USR_0402,29.12,2026-01-11 07:20:02,"New York, US",Desktop,Retail,0
TXN_009047,USR_0347,110.88,2026-03-20 17:30:20,"London, UK",Mobile,Grocery,0
TXN_003831,USR_0185,11.04,2026-02-26 03:16:33,"London, UK",Desktop,Retail,0
TXN_011271,USR_0163,20.96,2026-02-19 19:22:24,"Tokyo, JP",Mobile,Electronics,0
TXN_006145,USR_0048,46.97,2026-01-26 12:48:04,Online,Mobile,Grocery,0
TXN_010851,USR_0453,23.92,2026-03-01 11:07:11,"New York, US",POS,Travel,0
TXN_006345,USR_0410,25.87,2026-03-02 08:51:25,"New York, US",Mobile,Grocery,0
TXN_001959,USR_0045,104.96,2026-01-14 11:08:40,Online,Mobile,Grocery,0
TXN_000156,USR_0119,16.32,2026-02-06 07:45:18,"Paris, FR",Mobile,Electronics,0
TXN_009568,USR_0494,11.68,2026-03-24 21:38:45,"Tokyo, JP",POS,Electronics,0
TXN_004579,USR_0308,13.35,2026-03-20 13:08:03,"New York, US",Mobile,Retail,0
TXN_001090,USR_0336,54.64,2026-03-14 10:58:10,"Tokyo, JP",Mobile,Travel,0
TXN_006050,USR_0178,30.54,2026-01-23 10:32:30,Online,POS,Retail,0
TXN_010981,USR_0055,323.28,2026-03-13 07:40:03,"Paris, FR",Desktop,Travel,0
TXN_009123,USR_0020,16.66,2026-01-11 21:00:08,"Paris, FR",Mobile,Retail,0
TXN_007951,USR_0145,38.01,2026-01-09 05:52:11,"Tokyo, JP",POS,Retail,0
TXN_001675,USR_0366,19.51,2026-01-09 12:37:50,"London, UK",POS,Retail,0
TXN_006764,USR_0198,20.84,2026-03-25 16:51:05,Online,Desktop,Travel,0
TXN_010052,USR_0187,13.61,2026-03-22 21:54:12,"Tokyo, JP",POS,Retail,0
TXN_006417,USR_0146,6.17,2026-01-15 18:22:49,"London, UK",Desktop,Grocery,0
TXN_011472,USR_0057,24.02,2026-03-07 10:59:48,"London, UK",POS,Electronics,0
TXN_002327,USR_0490,96.58,2026-01-10 03:59:14,Online,POS,Travel,0
TXN_007097,USR_0246,109.67,2026-02-16 14:07:14,"New York, US",Desktop,Grocery,0
TXN_010299,USR_0052,26.02,2026-02-24 18:52:00,"Tokyo, JP",Desktop,Retail,0
TXN_009452,USR_0011,23.55,2026-01-12 17:35:17,"Tokyo, JP",Desktop,Retail,0
TXN_006451,USR_0471,20.58,2026-03-20 06:59:08,Online,POS,Retail,0
TXN_001716,USR_0280,51.77,2026-03-24 05:05:50,"Tokyo, JP",Mobile,Grocery,0
TXN_009173,USR_0315,13.52,2026-03-16 18:43:50,"New York, US",POS,Travel,0
TXN_008382,USR_0072,47.72,2026-03-18 08:25:10,Online,POS,Electronics,0
TXN_003832,USR_0216,65.85,2026-03-09 11:03:25,"Tokyo, JP",POS,Retail,0
TXN_006300,USR_0476,39.7,2026-01-22 08:11:07,"London, UK",Mobile,Retail,0
TXN_003349,USR_0426,112.96,2026-02-05 14:21:46,"London, UK",Desktop,Travel,0
TXN_011418,USR_0309,6.32,2026-02-26 17:04:06,"London, UK",Mobile,Grocery,0
TXN_009178,USR_0333,16.89,2026-02-12 07:35:42,Online,Desktop,Grocery,0
TXN_000588,USR_0289,62.5,2026-01-02 18:39:41,"London, UK",Desktop,Grocery,0
TXN_011422,USR_0485,21.01,2026-02-05 18:27:33,"Tokyo, JP",Desktop,Travel,0
TXN_002991,USR_0277,26.88,2026-03-22 16:53:47,"London, UK",POS,Retail,0
TXN_011380,USR_0340,90.93,2026-04-01 20:04:35,"London, UK",Desktop,Retail,0
TXN_009492,USR_0007,11.02,2026-03-29 12:54:04,Online,POS,Travel,0
TXN_010640,USR_0429,71.27,2026-02-12 20:00:56,"London, UK",Desktop,Retail,0
TXN_000265,USR_0062,31.1,2026-01-01 15:31:47,"Paris, FR",Mobile,Retail,0
TXN_009514,USR_0003,27.4,2026-01-10 14:47:24,"New York, US",POS,Travel,0
TXN_006789,USR_0285,64.18,2026-03-26 11:44:32,Online,Mobile,Grocery,0
TXN_010208,USR_0300,115.56,2026-02-01 08:12:42,Online,POS,Retail,0
TXN_003865,USR_0494,10.8,2026-03-04 09:36:36,"New York, US",POS,Grocery,0
TXN_006275,USR_0301,25.01,2026-01-17 19:18:06,"New York, US",Desktop,Grocery,0
TXN_011760,USR_0416,8694.72,2026-02-03 01:20:43,"Sydney, AU",Mobile,Gaming,1
TXN_003712,USR_0125,5.51,2026-02-17 08:16:51,"Paris, FR",Desktop,Retail,0
TXN_008439,USR_0492,97.75,2026-03-10 07:58:35,"New York, US",Mobile,Grocery,0
TXN_001530,USR_0175,94.17,2026-01-24 23:13:11,"New York, US",POS,Travel,0
TXN_009847,USR_0313,34.59,2026-03-29 12:32:07,"London, UK",POS,Travel,0
TXN_000924,USR_0190,6.94,2026-01-11 17:38:02,"Paris, FR",Desktop,Travel,0
TXN_009437,USR_0232,7.37,2026-01-04 17:49:20,"London, UK",Desktop,Grocery,0
TXN_007330,USR_0161,52.47,2026-02-23 13:57:29,"New York, US",Mobile,Grocery,0
TXN_004365,USR_0316,123.25,2026-01-03 15:13:43,"London, UK",Desktop,Electronics,0
TXN_000670,USR_0496,90.91,2026-03-13 12:44:56,Online,Desktop,Retail,0
TXN_003605,USR_0034,4.75,2026-02-17 22:28:37,"Tokyo, JP",Desktop,Grocery,0
TXN_005109,USR_0195,23.54,2026-01-08 17:30:44,"London, UK",Mobile,Grocery,0
TXN_010800,USR_0300,19.65,2026-03-02 07:57:07,"New York, US",POS,Retail,0
TXN_005249,USR_0013,34.16,2026-02-19 19:40:52,"Paris, FR",POS,Retail,0
TXN_007184,USR_0172,5.73,2026-01-02 09:50:15,Online,POS,Grocery,0
TXN_002592,USR_0488,11.25,2026-02-12 06:32:04,"Tokyo, JP",POS,Travel,0
TXN_005907,USR_0369,6.53,2026-04-01 18:48:31,"New York, US",Mobile,Grocery,0
TXN_006510,USR_0031,11.27,2026-01-11 06:08:45,"New York, US",Mobile,Retail,0
TXN_007134,USR_0049,72.48,2026-03-05 11:47:15,Online,Mobile,Grocery,0
TXN_002308,USR_0158,18.36,2026-03-14 05:42:20,"Tokyo, JP",Mobile,Retail,0
TXN_008805,USR_0174,1.93,2026-01-07 13:05:57,"Tokyo, JP",POS,Retail,0
TXN_003691,USR_0319,5.75,2026-01-24 02:58:25,"Paris, FR",Desktop,Travel,0
TXN_000688,USR_0050,8.72,2026-01-07 07:25:36,Online,Desktop,Retail,0
TXN_000613,USR_0262,54.27,2026-02-16 08:03:31,Online,Mobile,Grocery,0
TXN_007168,USR_0158,45.55,2026-01-28 10:34:15,"Tokyo, JP",Desktop,Travel,0
TXN_009487,USR_0309,19.62,2026-03-16 19:49:18,"London, UK",Mobile,Grocery,0
TXN_003201,USR_0051,66.28,2026-01-17 09:59:47,"Tokyo, JP",Mobile,Electronics,0
TXN_006630,USR_0145,8.05,2026-01-12 15:44:58,"Tokyo, JP",Mobile,Electronics,0
TXN_004136,USR_0014,50.0,2026-03-24 16:42:35,"Tokyo, JP",Mobile,Retail,0
TXN_001899,USR_0494,49.43,2026-03-19 08:15:04,"Tokyo, JP",Mobile,Travel,0
TXN_000283,USR_0260,29.14,2026-02-19 13:29:37,Online,POS,Grocery,0
TXN_000259,USR_0387,6.03,2026-03-21 12:03:43,"New York, US",Desktop,Retail,0
TXN_011307,USR_0421,29.4,2026-02-19 07:28:33,Online,POS,Grocery,0
TXN_004944,USR_0381,81.26,2026-02-26 08:42:29,"Paris, FR",Desktop,Travel,0
TXN_002823,USR_0462,21.68,2026-03-24 12:03:25,"Paris, FR",Mobile,Grocery,0
TXN_003526,USR_0094,90.61,2026-03-29 07:06:18,"Tokyo, JP",Desktop,Travel,0
TXN_011588,USR_0060,3664.41,2026-03-15 01:31:28,"Sydney, AU",Desktop,Gaming,1
TXN_005224,USR_0351,16.28,2026-01-31 10:37:11,"Paris, FR",Desktop,Travel,0
TXN_002286,USR_0337,43.78,2026-01-10 07:04:16,Online,Mobile,Retail,0
TXN_006064,USR_0439,23.59,2026-01-12 16:08:20,"London, UK",POS,Grocery,0
TXN_008079,USR_0071,21.32,2026-02-20 17:38:49,"Tokyo, JP",Desktop,Retail,0
TXN_004655,USR_0234,13.95,2026-03-06 17:58:33,"Tokyo, JP",Desktop,Retail,0
TXN_005001,USR_0263,69.0,2026-02-07 18:16:26,"Paris, FR",POS,Grocery,0
TXN_006711,USR_0172,14.39,2026-01-24 21:19:09,"Paris, FR",Desktop,Retail,0
TXN_011188,USR_0307,2.42,2026-01-06 16:58:35,Online,Desktop,Grocery,0
TXN_008677,USR_0341,99.79,2026-02-11 19:26:30,"Tokyo, JP",Mobile,Travel,0
TXN_005417,USR_0088,17.97,2026-03-15 13:48:01,"Paris, FR",POS,Electronics,0
TXN_000476,USR_0484,135.55,2026-03-27 15:03:48,"New York, US",Desktop,Retail,0
TXN_002556,USR_0318,13.76,2026-03-06 22:05:38,Online,POS,Retail,0
TXN_008088,USR_0335,58.82,2026-03-10 15:22:12,"London, UK",POS,Travel,0
TXN_000008,USR_0414,56.97,2026-01-06 08:46:29,Online,Mobile,Retail,0
TXN_006412,USR_0138,23.52,2026-03-24 08:29:43,"Tokyo, JP",POS,Retail,0
TXN_010990,USR_0456,19.09,2026-02-15 07:39:38,"New York, US",Mobile,Electronics,0
TXN_010690,USR_0441,18.44,2026-03-18 14:32:55,"Paris, FR",Mobile,Grocery,0
TXN_005547,USR_0042,10.92,2026-03-11 01:28:10,"London, UK",POS,Retail,0
TXN_002427,USR_0360,17.64,2026-01-25 05:12:44,"New York, US",POS,Retail,0
TXN_006745,USR_0085,33.75,2026-02-03 08:59:14,"Tokyo, JP",Mobile,Grocery,0
TXN_011551,USR_0132,18.72,2026-01-26 08:27:23,"New York, US",POS,Grocery,0
TXN_002275,USR_0255,40.64,2026-03-06 13:14:41,"Tokyo, JP",Desktop,Retail,0
TXN_009204,USR_0121,62.12,2026-02-21 09:02:59,"Paris, FR",Desktop,Retail,0
TXN_001578,USR_0358,9.06,2026-02-14 05:56:51,"Paris, FR",Mobile,Grocery,0
TXN_007265,USR_0141,92.53,2026-01-24 16:41:56,"London, UK",Desktop,Retail,0
TXN_009260,USR_0143,26.74,2026-02-22 11:53:30,"Paris, FR",Desktop,Retail,0
TXN_003971,USR_0475,71.26,2026-02-17 17:20:41,Online,POS,Grocery,0
TXN_005880,USR_0473,61.08,2026-01-14 21:37:31,Online,POS,Retail,0
TXN_010101,USR_0315,21.55,2026-02-17 15:00:39,"Tokyo, JP",Mobile,Travel,0
TXN_011786,USR_0423,2613.12,2026-02-27 02:09:30,"Lagos, NG",Mobile,Crypto,1
TXN_007194,USR_0103,62.95,2026-03-15 08:06:26,Online,Desktop,Retail,0
TXN_003868,USR_0399,180.11,2026-03-31 16:57:15,"Paris, FR",POS,Grocery,0
TXN_011672,USR_0336,999.0,2026-02-27 00:05:42,"Moscow, RU",Desktop,Wire_Transfer,1
TXN_006824,USR_0185,67.03,2026-01-30 22:21:12,"New York, US",Mobile,Electronics,0
TXN_007549,USR_0166,62.79,2026-01-31 11:43:34,"New York, US",Desktop,Grocery,0
TXN_000782,USR_0354,59.1,2026-03-03 13:51:26,"London, UK",Mobile,Retail,0
TXN_001750,USR_0470,77.91,2026-01-09 02:44:46,"London, UK",Desktop,Retail,0
TXN_006520,USR_0181,124.65,2026-03-05 12:21:36,"Tokyo, JP",POS,Travel,0
TXN_005775,USR_0414,3.14,2026-03-13 15:16:55,Online,POS,Retail,0
TXN_009284,USR_0367,18.0,2026-03-02 08:13:10,"Tokyo, JP",Mobile,Retail,0
TXN_002325,USR_0261,15.88,2026-03-16 13:45:22,"London, UK",Desktop,Travel,0
TXN_005056,USR_0027,96.87,2026-01-08 13:06:46,Online,Desktop,Retail,0
TXN_010813,USR_0465,23.86,2026-01-23 20:51:14,Online,Desktop,Grocery,0
TXN_001728,USR_0215,22.29,2026-02-24 18:43:48,"Paris, FR",POS,Travel,0
TXN_000611,USR_0395,144.97,2026-01-04 16:21:51,"Paris, FR",Desktop,Travel,0
TXN_004667,USR_0109,16.09,2026-01-04 19:25:30,"Paris, FR",POS,Retail,0
TXN_005414,USR_0397,16.58,2026-01-19 06:37:12,"New York, US",Mobile,Grocery,0
TXN_008104,USR_0237,22.99,2026-01-24 09:14:26,"London, UK",Desktop,Grocery,0
TXN_008175,USR_0481,46.12,2026-02-04 13:26:48,"New York, US",Desktop,Grocery,0
TXN_008536,USR_0291,89.13,2026-01-27 17:04:24,"Tokyo, JP",Mobile,Retail,0
TXN_003751,USR_0353,57.56,2026-01-09 14:30:38,Online,Mobile,Retail,0
TXN_000098,USR_0286,53.19,2026-02-01 09:58:54,"New York, US",Desktop,Retail,0
TXN_006986,USR_0436,19.49,2026-02-21 09:22:16,"New York, US",Mobile,Grocery,0
TXN_003138,USR_0440,62.72,2026-01-05 02:16:46,"Paris, FR",Mobile,Retail,0
TXN_001538,USR_0155,80.26,2026-03-01 05:09:30,"Paris, FR",Mobile,Grocery,0
TXN_003649,USR_0258,14.16,2026-03-22 08:37:18,Online,Mobile,Grocery,0
TXN_001518,USR_0047,45.43,2026-02-24 14:51:23,Online,Mobile,Retail,0
TXN_011219,USR_0270,8.68,2026-02-12 15:55:07,"Paris, FR",Mobile,Retail,0
TXN_004625,USR_0249,21.49,2026-03-26 20:02:20,"Paris, FR",Desktop,Retail,0
TXN_006567,USR_0387,15.51,2026-02-26 12:54:01,"London, UK",POS,Travel,0
TXN_002091,USR_0046,848.18,2026-03-25 07:01:39,"Paris, FR",Mobile,Retail,0
TXN_007098,USR_0006,20.98,2026-03-18 11:48:09,"London, UK",Mobile,Retail,0
TXN_006172,USR_0305,26.79,2026-01-26 09:51:12,"New York, US",Desktop,Travel,0
TXN_007522,USR_0166,11.52,2026-02-13 16:33:31,"Tokyo, JP",Desktop,Retail,0
TXN_000573,USR_0326,33.0,2026-03-27 14:44:22,"New York, US",POS,Retail,0
TXN_010876,USR_0026,5.17,2026-01-19 18:16:20,Online,POS,Travel,0
TXN_003063,USR_0175,18.72,2026-01-19 07:16:38,"New York, US",Desktop,Grocery,0
TXN_000598,USR_0068,51.23,2026-02-19 23:55:53,Online,Desktop,Grocery,0
TXN_006634,USR_0184,37.45,2026-02-21 09:42:31,Online,POS,Grocery,0
TXN_011501,USR_0369,75.19,2026-01-06 11:32:33,"Tokyo, JP",Mobile,Grocery,0
TXN_007876,USR_0375,12.13,2026-02-07 17:10:49,Online,POS,Grocery,0
TXN_007346,USR_0413,7.95,2026-01-03 13:07:32,"Paris, FR",Desktop,Grocery,0
TXN_006305,USR_0472,121.18,2026-03-05 18:17:24,"New York, US",POS,Grocery,0
TXN_009639,USR_0418,55.76,2026-03-19 12:06:56,"Paris, FR",Mobile,Electronics,0
TXN_011326,USR_0355,34.18,2026-02-20 20:08:04,"New York, US",POS,Electronics,0
TXN_005977,USR_0497,14.15,2026-02-11 20:35:25,"Paris, FR",Mobile,Travel,0
TXN_008563,USR_0380,3.88,2026-01-01 14:12:16,"New York, US",Mobile,Electronics,0
TXN_001939,USR_0473,38.13,2026-02-19 09:08:07,"New York, US",Mobile,Retail,0
TXN_008101,USR_0439,195.4,2026-01-21 12:51:06,Online,POS,Travel,0
TXN_001754,USR_0346,58.7,2026-03-01 13:24:21,"Paris, FR",Mobile,Retail,0
TXN_003671,USR_0209,117.75,2026-02-05 06:34:34,"London, UK",Mobile,Travel,0
TXN_009645,USR_0096,50.74,2026-03-01 13:38:49,Online,POS,Electronics,0
TXN_002362,USR_0367,20.17,2026-04-01 19:58:54,"New York, US",Desktop,Retail,0
TXN_004261,USR_0027,11.18,2026-03-20 16:37:36,Online,Mobile,Electronics,0
TXN_005433,USR_0111,39.93,2026-02-25 10:25:53,"Tokyo, JP",POS,Grocery,0
TXN_006286,USR_0279,30.52,2026-03-12 18:34:11,"Paris, FR",Mobile,Retail,0
TXN_009461,USR_0346,4.87,2026-01-07 20:04:55,Online,POS,Travel,0
TXN_011355,USR_0448,11.54,2026-03-14 11:26:03,"Paris, FR",POS,Travel,0
TXN_009415,USR_0277,67.43,2026-03-30 13:15:20,Online,Mobile,Electronics,0
TXN_010261,USR_0329,18.17,2026-03-15 12:25:25,"Tokyo, JP",Desktop,Grocery,0
TXN_009947,USR_0220,30.49,2026-02-27 15:28:55,"Tokyo, JP",Desktop,Grocery,0
TXN_005592,USR_0337,15.11,2026-01-29 20:45:18,"New York, US",POS,Retail,0
TXN_001172,USR_0366,29.87,2026-03-27 16:51:34,"New York, US",Desktop,Travel,0
TXN_007928,USR_0439,20.28,2026-02-11 19:31:51,"Tokyo, JP",Mobile,Travel,0
TXN_009662,USR_0355,43.55,2026-01-06 05:25:57,"Paris, FR",Mobile,Grocery,0
TXN_011220,USR_0124,7.27,2026-03-06 11:06:12,"Paris, FR",Mobile,Electronics,0
TXN_011432,USR_0002,10.65,2026-03-29 11:40:07,Online,Desktop,Electronics,0
TXN_010989,USR_0477,28.22,2026-03-05 22:27:27,"Tokyo, JP",POS,Travel,0
TXN_000875,USR_0324,218.02,2026-01-04 08:52:37,Online,Desktop,Travel,0
TXN_002298,USR_0157,4.9,2026-01-05 03:34:48,"Tokyo, JP",Mobile,Travel,0
TXN_011160,USR_0165,42.4,2026-01-24 14:52:45,Online,Desktop,Travel,0
TXN_002644,USR_0419,16.45,2026-02-05 09:29:28,"London, UK",POS,Grocery,0
TXN_005348,USR_0187,108.91,2026-01-26 09:49:29,Online,Mobile,Electronics,0
TXN_009033,USR_0330,38.23,2026-02-12 11:47:14,"London, UK",Mobile,Grocery,0
TXN_011919,USR_0111,3946.87,2026-01-20 22:48:51,"Moscow, RU",Desktop,Electronics,1
TXN_000582,USR_0047,58.71,2026-04-01 07:06:00,"London, UK",Desktop,Grocery,0
TXN_000205,USR_0113,7.78,2026-03-23 18:12:39,"Tokyo, JP",POS,Electronics,0
TXN_007897,USR_0324,3.82,2026-02-13 11:03:52,"London, UK",Mobile,Grocery,0
TXN_002015,USR_0298,14.65,2026-02-23 13:33:36,"London, UK",POS,Grocery,0
TXN_000906,USR_0048,14.73,2026-03-03 14:42:08,Online,POS,Grocery,0
TXN_000632,USR_0291,264.21,2026-01-08 18:27:42,"London, UK",Mobile,Grocery,0
TXN_008462,USR_0347,40.13,2026-01-16 09:19:27,"Tokyo, JP",Desktop,Grocery,0
TXN_010982,USR_0495,26.73,2026-02-05 13:39:59,"New York, US",Desktop,Travel,0
TXN_001975,USR_0483,112.26,2026-02-05 12:59:08,"Tokyo, JP",Mobile,Electronics,0
TXN_000163,USR_0166,139.95,2026-03-19 13:16:01,"New York, US",Mobile,Electronics,0
TXN_004999,USR_0229,12.47,2026-03-10 07:03:55,"London, UK",Mobile,Electronics,0
TXN_004714,USR_0062,29.45,2026-02-28 17:03:40,"London, UK",Desktop,Retail,0
TXN_009068,USR_0246,22.88,2026-02-08 15:05:48,"New York, US",Desktop,Grocery,0
TXN_001432,USR_0381,13.11,2026-01-12 16:45:54,Online,Mobile,Travel,0
TXN_006869,USR_0252,42.54,2026-02-06 20:37:55,"New York, US",Mobile,Retail,0
TXN_010958,USR_0214,49.22,2026-02-20 20:40:23,"Paris, FR",Desktop,Grocery,0
TXN_007711,USR_0016,178.2,2026-03-20 12:15:36,Online,Desktop,Electronics,0
TXN_007737,USR_0439,69.85,2026-02-05 09:30:56,Online,Mobile,Electronics,0
TXN_004284,USR_0107,22.39,2026-01-29 15:52:50,"Tokyo, JP",Mobile,Electronics,0
TXN_007532,USR_0484,106.41,2026-03-29 12:24:57,"New York, US",POS,Grocery,0
TXN_009559,USR_0328,39.02,2026-03-30 09:31:45,"Paris, FR",Mobile,Electronics,0
TXN_003385,USR_0330,10.87,2026-01-19 10:39:13,Online,Desktop,Grocery,0
TXN_011475,USR_0164,4.39,2026-01-03 08:06:42,"London, UK",POS,Travel,0
TXN_009751,USR_0076,130.21,2026-01-07 12:53:09,Online,Desktop,Grocery,0
TXN_010001,USR_0327,20.5,2026-02-04 22:33:42,Online,Desktop,Retail,0
TXN_007463,USR_0243,15.73,2026-01-07 13:04:10,"Tokyo, JP",POS,Retail,0
TXN_003332,USR_0488,95.6,2026-03-09 07:11:08,"New York, US",Mobile,Grocery,0
TXN_006405,USR_0212,17.42,2026-01-11 17:42:03,"Tokyo, JP",Mobile,Grocery,0
TXN_008896,USR_0153,176.15,2026-01-27 09:27:22,"London, UK",Mobile,Electronics,0
TXN_002097,USR_0138,54.43,2026-03-26 11:16:19,"Paris, FR",POS,Retail,0
TXN_010075,USR_0486,42.51,2026-03-12 04:04:51,"London, UK",Desktop,Grocery,0
TXN_008000,USR_0080,137.59,2026-01-23 15:46:36,"Tokyo, JP",Mobile,Electronics,0
TXN_005018,USR_0173,31.54,2026-01-02 17:10:57,"London, UK",Mobile,Travel,0
TXN_008739,USR_0485,15.28,2026-03-13 19:37:17,"London, UK",POS,Electronics,0
TXN_001450,USR_0454,36.08,2026-01-12 07:25:53,"London, UK",Mobile,Grocery,0
TXN_006901,USR_0222,120.92,2026-03-04 09:54:08,"London, UK",Mobile,Travel,0
TXN_002611,USR_0399,13.64,2026-01-14 18:48:14,"London, UK",Desktop,Travel,0
TXN_001901,USR_0046,141.31,2026-02-16 11:58:21,"Tokyo, JP",Mobile,Retail,0
TXN_008187,USR_0466,21.33,2026-03-07 16:02:34,"New York, US",Desktop,Grocery,0
TXN_003921,USR_0201,36.4,2026-01-21 21:09:36,"New York, US",Mobile,Grocery,0
TXN_002758,USR_0295,130.83,2026-01-07 20:29:39,"Paris, FR",Desktop,Travel,0
TXN_006398,USR_0310,16.59,2026-01-11 14:39:35,"Tokyo, JP",POS,Grocery,0
TXN_010777,USR_0234,57.44,2026-01-22 15:30:06,"Tokyo, JP",Desktop,Travel,0
TXN_002098,USR_0003,96.52,2026-02-23 12:02:00,"New York, US",Mobile,Grocery,0
TXN_008330,USR_0053,118.12,2026-01-02 16:59:07,Online,Desktop,Electronics,0
TXN_011338,USR_0099,9.05,2026-01-19 13:14:41,"Paris, FR",Desktop,Grocery,0
TXN_005625,USR_0312,42.33,2026-02-04 20:56:58,"Paris, FR",POS,Grocery,0
TXN_009029,USR_0079,75.46,2026-03-09 19:10:25,"London, UK",POS,Travel,0
TXN_003472,USR_0321,51.86,2026-03-11 02:32:29,"New York, US",POS,Electronics,0
TXN_008267,USR_0306,79.49,2026-01-08 11:25:11,"Tokyo, JP",Mobile,Grocery,0
TXN_002172,USR_0140,28.47,2026-02-17 09:06:03,"Paris, FR",POS,Retail,0
TXN_011073,USR_0485,34.9,2026-01-03 09:50:27,Online,POS,Travel,0
TXN_011014,USR_0264,46.98,2026-02-25 17:15:19,Online,Desktop,Grocery,0
TXN_008591,USR_0328,26.0,2026-02-06 11:31:19,"Paris, FR",Mobile,Retail,0
TXN_002011,USR_0393,24.59,2026-02-19 17:22:20,"Paris, FR",Desktop,Retail,0
TXN_011746,USR_0134,4596.96,2026-03-07 23:31:52,Online,Desktop,Electronics,1
TXN_001284,USR_0146,40.4,2026-01-27 18:27:16,"Tokyo, JP",POS,Retail,0
TXN_011520,USR_0453,45.3,2026-01-06 18:59:40,Online,Mobile,Grocery,0
TXN_001020,USR_0095,30.47,2026-01-03 10:39:54,"Tokyo, JP",POS,Retail,0
TXN_008668,USR_0013,25.38,2026-02-12 09:45:57,"London, UK",Desktop,Retail,0
TXN_002811,USR_0393,131.43,2026-02-27 11:08:42,"London, UK",Mobile,Electronics,0
TXN_011036,USR_0043,40.08,2026-03-07 08:30:14,"London, UK",Mobile,Grocery,0
TXN_001652,USR_0309,41.05,2026-03-14 15:11:04,Online,Mobile,Electronics,0
TXN_011536,USR_0257,11.65,2026-02-21 10:52:21,"Paris, FR",Mobile,Retail,0
TXN_001170,USR_0092,40.19,2026-04-01 20:38:57,Online,POS,Electronics,0
TXN_009399,USR_0401,13.65,2026-03-13 12:31:08,"London, UK",Mobile,Retail,0
TXN_006257,USR_0168,124.59,2026-01-09 13:10:39,"Tokyo, JP",Desktop,Grocery,0
TXN_005470,USR_0405,49.7,2026-01-31 10:59:39,Online,Desktop,Grocery,0
TXN_010474,USR_0086,5.76,2026-02-05 10:05:40,"Paris, FR",Mobile,Electronics,0
TXN_000868,USR_0356,27.29,2026-03-16 12:09:36,Online,Desktop,Grocery,0
TXN_005094,USR_0223,19.68,2026-02-10 11:42:14,"Tokyo, JP",Mobile,Travel,0
TXN_005434,USR_0124,48.83,2026-01-20 11:01:55,"Paris, FR",Desktop,Grocery,0
TXN_000542,USR_0410,3.67,2026-03-10 17:11:23,"Tokyo, JP",Mobile,Retail,0
TXN_009325,USR_0209,240.63,2026-01-07 16:41:15,"London, UK",POS,Grocery,0
TXN_011803,USR_0113,3811.78,2026-01-01 00:35:13,"Moscow, RU",ATM,Crypto,1
TXN_006355,USR_0160,52.44,2026-01-28 10:14:41,"London, UK",Desktop,Retail,0
TXN_011199,USR_0391,67.61,2026-03-02 15:58:50,"London, UK",POS,Electronics,0
TXN_003391,USR_0356,40.43,2026-01-03 08:38:52,"New York, US",POS,Grocery,0
TXN_009649,USR_0379,43.37,2026-03-03 13:17:37,"Tokyo, JP",Mobile,Grocery,0
TXN_011918,USR_0449,1961.54,2026-01-22 05:21:13,"Moscow, RU",ATM,Electronics,1
TXN_003960,USR_0352,34.99,2026-01-16 14:31:33,"Tokyo, JP",Mobile,Retail,0
TXN_006644,USR_0417,8.94,2026-03-27 11:33:58,Online,POS,Grocery,0
TXN_006842,USR_0162,39.41,2026-02-09 06:18:47,"London, UK",Mobile,Electronics,0
TXN_009940,USR_0415,84.5,2026-02-10 17:04:11,Online,POS,Retail,0
TXN_003587,USR_0441,4.56,2026-01-02 16:36:42,"Tokyo, JP",Mobile,Retail,0
TXN_009692,USR_0195,15.46,2026-01-07 15:53:16,Online,POS,Grocery,0
TXN_002564,USR_0057,59.4,2026-03-19 05:53:21,"London, UK",Mobile,Retail,0
TXN_005037,USR_0033,56.47,2026-02-28 17:19:54,"Paris, FR",Desktop,Retail,0
TXN_001081,USR_0202,25.56,2026-01-21 10:01:22,"Tokyo, JP",Desktop,Electronics,0
TXN_005892,USR_0137,35.68,2026-01-08 13:57:06,"New York, US",Mobile,Retail,0
TXN_004967,USR_0406,16.34,2026-02-26 02:26:31,"Tokyo, JP",Desktop,Retail,0
TXN_002024,USR_0426,60.59,2026-02-23 02:09:48,"London, UK",Desktop,Electronics,0
TXN_010776,USR_0321,67.55,2026-02-13 20:07:24,"London, UK",POS,Grocery,0
TXN_007910,USR_0437,24.69,2026-02-02 18:47:54,"Tokyo, JP",Desktop,Retail,0
TXN_010464,USR_0337,41.36,2026-01-18 21:01:59,Online,Desktop,Grocery,0
TXN_007322,USR_0144,104.6,2026-01-15 17:34:35,"New York, US",Desktop,Travel,0
TXN_000227,USR_0109,46.61,2026-03-24 10:40:38,"New York, US",Mobile,Grocery,0
TXN_001014,USR_0099,180.38,2026-01-03 06:44:24,"Tokyo, JP",POS,Retail,0
TXN_001930,USR_0264,50.31,2026-01-20 11:26:07,"Paris, FR",Mobile,Retail,0
TXN_010058,USR_0306,32.37,2026-03-05 10:02:16,"Paris, FR",Desktop,Travel,0
TXN_005252,USR_0445,23.76,2026-01-18 17:24:52,Online,POS,Grocery,0
TXN_002180,USR_0148,38.77,2026-04-01 20:38:18,"New York, US",Mobile,Retail,0
TXN_000698,USR_0495,16.56,2026-03-10 09:43:55,"Paris, FR",POS,Retail,0
TXN_001125,USR_0322,17.7,2026-03-13 09:52:52,"London, UK",Mobile,Retail,0
TXN_007379,USR_0106,18.46,2026-03-27 16:47:59,"Tokyo, JP",POS,Retail,0
TXN_009840,USR_0165,32.94,2026-01-05 08:34:41,"Tokyo, JP",Desktop,Electronics,0
TXN_005111,USR_0010,12.3,2026-03-13 16:57:08,"Paris, FR",POS,Grocery,0
TXN_007903,USR_0168,15.07,2026-01-16 17:17:37,"Paris, FR",Desktop,Retail,0
TXN_001779,USR_0007,9.61,2026-01-30 14:01:39,"New York, US",Desktop,Retail,0
TXN_009572,USR_0369,7.66,2026-03-31 22:46:26,"Paris, FR",Mobile,Electronics,0
TXN_002635,USR_0095,63.58,2026-02-11 07:29:14,"Paris, FR",Desktop,Grocery,0
TXN_007545,USR_0418,22.4,2026-02-04 09:26:44,"London, UK",Mobile,Grocery,0
TXN_007605,USR_0480,24.68,2026-02-24 07:19:13,"New York, US",Mobile,Travel,0
TXN_003490,USR_0492,118.93,2026-03-15 01:59:06,"Tokyo, JP",Desktop,Retail,0
TXN_001038,USR_0478,81.19,2026-02-15 11:57:20,Online,Desktop,Grocery,0
TXN_009807,USR_0153,77.44,2026-01-08 05:44:42,"London, UK",Desktop,Grocery,0
TXN_008506,USR_0272,66.37,2026-02-20 23:26:59,"Tokyo, JP",Mobile,Travel,0
TXN_002650,USR_0458,56.09,2026-03-15 08:09:12,"London, UK",Mobile,Grocery,0
TXN_002980,USR_0013,9.37,2026-03-27 06:17:55,"London, UK",Mobile,Electronics,0
TXN_002548,USR_0282,13.49,2026-02-22 06:22:48,"London, UK",Desktop,Travel,0
TXN_005133,USR_0043,42.47,2026-01-04 09:03:54,"Tokyo, JP",POS,Retail,0
TXN_002160,USR_0377,7.98,2026-01-27 07:44:04,"New York, US",Desktop,Grocery,0
TXN_009115,USR_0332,51.8,2026-03-03 05:31:45,Online,POS,Grocery,0
TXN_006446,USR_0410,110.78,2026-01-19 08:39:53,"London, UK",Desktop,Retail,0
TXN_003968,USR_0166,112.61,2026-02-22 19:12:12,"Paris, FR",Mobile,Grocery,0
TXN_001429,USR_0086,50.41,2026-03-20 12:19:23,"Paris, FR",Mobile,Retail,0
TXN_010092,USR_0289,37.72,2026-02-08 14:33:05,"New York, US",Mobile,Grocery,0
TXN_002521,USR_0019,20.88,2026-03-10 15:47:25,"London, UK",Mobile,Grocery,0
TXN_008034,USR_0143,5.34,2026-01-10 01:01:26,"Paris, FR",POS,Retail,0
TXN_011034,USR_0012,19.99,2026-03-26 11:00:24,"New York, US",Desktop,Grocery,0
TXN_011844,USR_0338,6773.58,2026-03-26 23:32:13,"Lagos, NG",Desktop,Crypto,1
TXN_000449,USR_0120,61.67,2026-03-11 11:13:48,"New York, US",Mobile,Travel,0
TXN_010173,USR_0382,185.42,2026-01-18 11:50:09,"New York, US",Mobile,Retail,0
TXN_009477,USR_0457,8.33,2026-01-17 06:35:01,"Tokyo, JP",Desktop,Electronics,0
TXN_005996,USR_0353,19.98,2026-03-13 10:13:25,Online,POS,Electronics,0
TXN_011698,USR_0405,8337.99,2026-02-09 04:33:34,"Lagos, NG",ATM,Gaming,1
TXN_003728,USR_0221,39.96,2026-02-14 06:44:37,"Paris, FR",POS,Grocery,0
TXN_007354,USR_0207,53.67,2026-03-15 14:10:18,"Paris, FR",Mobile,Grocery,0
TXN_008554,USR_0238,1.76,2026-03-08 12:39:45,Online,POS,Electronics,0
TXN_006280,USR_0258,7.75,2026-03-12 05:12:29,"Paris, FR",POS,Grocery,0
TXN_010720,USR_0453,21.58,2026-03-19 05:13:22,Online,POS,Travel,0
TXN_007296,USR_0014,12.21,2026-01-31 12:52:59,Online,Mobile,Travel,0
TXN_009497,USR_0051,97.09,2026-03-10 04:51:40,Online,Desktop,Grocery,0
TXN_006252,USR_0181,82.34,2026-02-07 11:34:22,"London, UK",Mobile,Grocery,0
TXN_005927,USR_0099,20.5,2026-01-05 12:22:26,Online,Desktop,Grocery,0
TXN_002461,USR_0137,89.52,2026-01-11 08:11:28,"New York, US",Desktop,Travel,0
TXN_000023,USR_0198,8.77,2026-02-18 21:38:29,Online,Desktop,Travel,0
TXN_002067,USR_0020,92.71,2026-03-11 15:09:30,"London, UK",POS,Retail,0
TXN_001654,USR_0374,21.0,2026-02-05 19:12:54,"New York, US",POS,Electronics,0
TXN_008895,USR_0458,100.69,2026-02-25 20:24:37,"Tokyo, JP",Mobile,Retail,0
TXN_008707,USR_0368,83.03,2026-02-11 07:36:05,"Tokyo, JP",Desktop,Travel,0
TXN_001377,USR_0456,101.94,2026-03-18 08:33:48,"Tokyo, JP",Mobile,Electronics,0
TXN_001725,USR_0161,187.72,2026-01-25 15:27:49,"Paris, FR",Mobile,Retail,0
TXN_003755,USR_0297,19.2,2026-02-24 21:37:33,Online,Mobile,Electronics,0
TXN_008653,USR_0395,25.82,2026-02-07 16:06:20,"London, UK",Mobile,Electronics,0
TXN_004184,USR_0078,7.98,2026-03-31 15:25:24,"Tokyo, JP",POS,Retail,0
TXN_004083,USR_0093,46.35,2026-02-27 16:48:21,"London, UK",Mobile,Retail,0
TXN_008475,USR_0080,44.97,2026-02-22 08:08:28,"Paris, FR",POS,Retail,0
TXN_006580,USR_0073,56.37,2026-03-29 12:23:35,"Tokyo, JP",POS,Grocery,0
TXN_004559,USR_0330,3.02,2026-02-08 10:22:13,Online,Desktop,Grocery,0
TXN_003538,USR_0362,54.27,2026-01-12 03:42:29,"London, UK",Mobile,Grocery,0
TXN_007004,USR_0125,95.3,2026-01-07 07:59:32,"New York, US",POS,Retail,0
TXN_011362,USR_0044,16.92,2026-01-17 08:04:18,"New York, US",POS,Retail,0
TXN_009869,USR_0381,37.15,2026-03-14 04:11:42,"Paris, FR",Desktop,Retail,0
TXN_008790,USR_0369,133.09,2026-02-11 18:32:19,"Tokyo, JP",Desktop,Retail,0
TXN_000647,USR_0474,79.05,2026-03-15 21:27:52,"Paris, FR",Desktop,Grocery,0
TXN_006382,USR_0237,63.38,2026-01-28 12:28:35,"Paris, FR",POS,Grocery,0
TXN_007528,USR_0169,11.5,2026-02-14 02:25:27,Online,Desktop,Retail,0
TXN_011635,USR_0061,7577.02,2026-01-30 22:41:24,"Sydney, AU",ATM,Crypto,1
TXN_007166,USR_0231,63.19,2026-02-06 17:31:28,Online,Mobile,Grocery,0
TXN_010139,USR_0021,110.72,2026-03-04 05:07:07,Online,POS,Electronics,0
TXN_007698,USR_0256,75.36,2026-03-30 17:25:29,"Paris, FR",Desktop,Grocery,0
TXN_011286,USR_0002,24.42,2026-01-09 19:45:15,"London, UK",POS,Travel,0
TXN_004876,USR_0359,36.69,2026-01-05 10:25:25,"Tokyo, JP",POS,Retail,0
TXN_010303,USR_0494,35.62,2026-01-31 21:51:04,"London, UK",Mobile,Retail,0
TXN_005342,USR_0297,89.18,2026-03-16 12:40:30,"New York, US",Desktop,Grocery,0
TXN_007032,USR_0407,45.8,2026-03-26 06:30:44,"Paris, FR",Desktop,Travel,0
TXN_002161,USR_0109,114.17,2026-01-02 11:42:13,"Paris, FR",Desktop,Retail,0
TXN_000686,USR_0052,26.45,2026-02-12 16:13:12,"Paris, FR",POS,Travel,0
TXN_002462,USR_0102,63.18,2026-03-30 07:32:26,"London, UK",POS,Electronics,0
TXN_007129,USR_0139,27.55,2026-02-26 10:03:07,"London, UK",Desktop,Electronics,0
TXN_006268,USR_0198,39.59,2026-03-13 12:30:46,"Tokyo, JP",Mobile,Retail,0
TXN_004942,USR_0144,25.13,2026-03-20 11:53:55,"New York, US",Desktop,Retail,0
TXN_005947,USR_0237,108.72,2026-01-20 09:32:36,"Paris, FR",Mobile,Retail,0
TXN_004584,USR_0301,32.29,2026-01-17 14:11:25,"Paris, FR",Mobile,Electronics,0
TXN_005785,USR_0295,18.79,2026-02-11 17:53:36,"Paris, FR",Desktop,Retail,0
TXN_007570,USR_0457,28.21,2026-02-06 11:51:28,"Paris, FR",Mobile,Retail,0
TXN_010215,USR_0170,77.25,2026-01-02 09:13:20,"Paris, FR",Mobile,Retail,0
TXN_000522,USR_0079,38.35,2026-02-24 17:50:24,"New York, US",Desktop,Travel,0
TXN_008715,USR_0289,5.5,2026-01-13 13:54:34,"Paris, FR",Mobile,Retail,0
TXN_010711,USR_0444,54.81,2026-03-23 11:23:25,"London, UK",Desktop,Retail,0
TXN_003984,USR_0001,37.23,2026-02-06 14:23:54,"Paris, FR",POS,Electronics,0
TXN_011471,USR_0396,117.3,2026-02-13 10:29:21,"New York, US",POS,Retail,0
TXN_000781,USR_0094,32.61,2026-01-15 07:25:25,"Paris, FR",Desktop,Retail,0
TXN_009856,USR_0328,226.98,2026-01-18 13:44:56,"Paris, FR",Mobile,Grocery,0
TXN_005608,USR_0103,40.1,2026-02-10 14:24:20,Online,Desktop,Retail,0
TXN_005979,USR_0269,138.93,2026-03-03 09:10:58,Online,Desktop,Retail,0
TXN_008844,USR_0395,144.91,2026-01-06 18:22:37,Online,Desktop,Grocery,0
TXN_003748,USR_0464,31.77,2026-01-09 11:53:27,"Tokyo, JP",Mobile,Grocery,0
TXN_002197,USR_0090,18.99,2026-02-03 11:58:43,"Tokyo, JP",Desktop,Retail,0
TXN_008562,USR_0159,80.39,2026-02-10 10:41:03,Online,Desktop,Retail,0
TXN_011860,USR_0087,7197.75,2026-01-15 23:24:17,"Lagos, NG",Desktop,Gaming,1
TXN_004286,USR_0387,147.68,2026-03-01 08:47:00,"Tokyo, JP",Mobile,Retail,0
TXN_008570,USR_0033,73.32,2026-03-27 07:49:54,"Tokyo, JP",Desktop,Retail,0
TXN_006980,USR_0111,17.34,2026-01-04 11:12:11,"New York, US",Desktop,Electronics,0
TXN_001828,USR_0205,95.46,2026-02-18 11:39:03,"Tokyo, JP",Desktop,Grocery,0
TXN_009155,USR_0409,33.35,2026-01-23 12:45:09,"London, UK",POS,Travel,0
TXN_011607,USR_0481,8264.91,2026-01-04 04:12:42,"Sydney, AU",ATM,Crypto,1
TXN_002377,USR_0307,34.66,2026-02-15 01:34:30,"Tokyo, JP",Mobile,Retail,0
TXN_008552,USR_0477,34.29,2026-03-21 13:54:53,"Paris, FR",POS,Electronics,0
TXN_003840,USR_0374,29.18,2026-01-02 09:38:02,Online,Desktop,Grocery,0
TXN_001247,USR_0053,50.7,2026-01-05 17:04:04,Online,POS,Grocery,0
TXN_007505,USR_0485,48.08,2026-02-27 08:48:52,"Paris, FR",Desktop,Retail,0
TXN_006512,USR_0485,15.66,2026-03-06 19:31:05,"Paris, FR",Mobile,Travel,0
TXN_005440,USR_0185,15.25,2026-01-05 10:38:11,Online,Desktop,Retail,0
TXN_011087,USR_0328,91.99,2026-02-15 08:48:38,"New York, US",Mobile,Retail,0
TXN_008965,USR_0212,20.41,2026-02-06 15:54:24,"New York, US",POS,Retail,0
TXN_011662,USR_0172,9109.93,2026-03-24 04:19:54,"Sydney, AU",Desktop,Electronics,1
TXN_005511,USR_0268,48.68,2026-01-16 20:46:49,"Paris, FR",Mobile,Retail,0
TXN_005331,USR_0240,7.45,2026-01-25 18:58:00,Online,POS,Retail,0
TXN_004532,USR_0361,20.3,2026-01-04 08:15:53,Online,Desktop,Retail,0
TXN_000366,USR_0208,29.2,2026-02-08 18:29:04,"New York, US",Mobile,Retail,0
TXN_011978,USR_0290,9260.16,2026-01-25 22:55:21,"Sydney, AU",Mobile,Electronics,1
TXN_000148,USR_0206,78.71,2026-03-04 08:04:36,"New York, US",Mobile,Retail,0
TXN_001669,USR_0313,110.61,2026-03-22 17:27:04,"New York, US",POS,Grocery,0
TXN_010609,USR_0037,79.13,2026-03-26 21:03:13,"Paris, FR",Desktop,Grocery,0
TXN_007651,USR_0336,126.84,2026-03-16 09:40:48,"New York, US",Desktop,Retail,0
TXN_008600,USR_0481,35.5,2026-02-15 22:02:38,"Tokyo, JP",Desktop,Travel,0
TXN_007789,USR_0204,29.04,2026-03-05 17:16:43,Online,POS,Travel,0
TXN_003457,USR_0359,214.56,2026-01-08 09:25:55,"Paris, FR",Mobile,Retail,0
TXN_003272,USR_0322,29.78,2026-02-21 13:42:53,Online,POS,Travel,0
TXN_004941,USR_0182,35.28,2026-03-09 11:38:48,"London, UK",Desktop,Travel,0
TXN_009224,USR_0346,14.8,2026-02-07 07:24:55,"Tokyo, JP",POS,Retail,0
TXN_006231,USR_0179,27.31,2026-03-18 17:43:42,"New York, US",POS,Retail,0
TXN_010680,USR_0455,8.28,2026-02-26 06:52:47,Online,Mobile,Grocery,0
TXN_009729,USR_0019,24.37,2026-02-10 19:59:46,"Tokyo, JP",Mobile,Grocery,0
TXN_009048,USR_0383,15.27,2026-02-14 09:10:42,"Tokyo, JP",Mobile,Travel,0
TXN_003927,USR_0201,40.25,2026-01-26 12:43:19,Online,Mobile,Electronics,0
TXN_010246,USR_0044,307.4,2026-03-20 10:53:22,Online,POS,Grocery,0
TXN_008081,USR_0149,6.35,2026-03-13 06:59:03,"London, UK",POS,Electronics,0
TXN_000079,USR_0205,7.02,2026-03-28 15:53:34,"Tokyo, JP",Mobile,Grocery,0
TXN_007089,USR_0281,227.98,2026-01-13 07:00:25,"New York, US",POS,Travel,0
TXN_002248,USR_0300,34.07,2026-03-21 03:53:25,"New York, US",Mobile,Grocery,0
TXN_009897,USR_0277,66.94,2026-01-12 14:54:00,"New York, US",Mobile,Retail,0
TXN_011934,USR_0062,9052.16,2026-01-07 04:37:15,"Sydney, AU",Mobile,Wire_Transfer,1
TXN_009936,USR_0480,16.16,2026-01-26 07:01:30,"New York, US",Desktop,Travel,0
TXN_007452,USR_0021,35.47,2026-02-09 23:50:58,"London, UK",POS,Travel,0
TXN_008981,USR_0391,53.23,2026-03-27 22:26:21,"London, UK",Desktop,Electronics,0
TXN_002280,USR_0463,49.07,2026-02-17 06:22:12,"Tokyo, JP",Desktop,Grocery,0
TXN_008124,USR_0079,18.39,2026-02-28 13:59:13,"Tokyo, JP",Desktop,Travel,0
TXN_003898,USR_0274,105.99,2026-03-31 19:38:54,"London, UK",Mobile,Travel,0
TXN_009666,USR_0484,42.25,2026-03-29 12:34:13,"Tokyo, JP",Desktop,Retail,0
TXN_007178,USR_0092,23.52,2026-02-24 14:44:10,"New York, US",Mobile,Travel,0
TXN_009313,USR_0135,43.64,2026-03-14 08:12:44,"New York, US",POS,Grocery,0
TXN_011344,USR_0272,23.0,2026-02-13 10:43:47,"Paris, FR",POS,Grocery,0
TXN_003632,USR_0313,23.9,2026-03-19 08:32:02,Online,Desktop,Electronics,0
TXN_010340,USR_0355,20.75,2026-03-04 06:40:44,"Paris, FR",Mobile,Retail,0
TXN_006273,USR_0336,75.6,2026-01-13 06:31:26,"Tokyo, JP",Mobile,Travel,0
TXN_008617,USR_0007,7.04,2026-03-19 20:16:11,"New York, US",Desktop,Travel,0
TXN_000393,USR_0125,8.11,2026-01-05 15:36:44,"New York, US",Mobile,Grocery,0
TXN_003192,USR_0231,84.66,2026-02-03 05:19:57,"New York, US",Mobile,Electronics,0
TXN_000017,USR_0138,18.16,2026-01-09 16:13:58,Online,POS,Grocery,0
TXN_004201,USR_0495,23.97,2026-01-22 19:07:53,"New York, US",Mobile,Retail,0
TXN_002673,USR_0447,44.3,2026-01-19 08:58:26,"New York, US",POS,Retail,0
TXN_006165,USR_0199,18.27,2026-02-06 13:01:03,"Tokyo, JP",Desktop,Grocery,0
TXN_003494,USR_0445,28.52,2026-03-30 09:14:21,Online,POS,Electronics,0
TXN_007395,USR_0381,72.67,2026-02-02 03:29:01,"Paris, FR",POS,Retail,0
TXN_004840,USR_0014,12.45,2026-01-10 09:23:12,"New York, US",Mobile,Retail,0
TXN_000594,USR_0435,20.41,2026-03-26 09:56:19,"London, UK",POS,Travel,0
TXN_011173,USR_0199,55.12,2026-03-04 08:26:32,"Paris, FR",POS,Retail,0
TXN_008738,USR_0293,32.97,2026-02-11 18:43:32,Online,Desktop,Grocery,0
TXN_005828,USR_0247,59.09,2026-01-03 12:23:20,"Tokyo, JP",POS,Travel,0
TXN_007962,USR_0093,22.35,2026-02-19 13:48:24,"London, UK",POS,Retail,0
TXN_005888,USR_0304,25.52,2026-01-28 09:28:53,"Paris, FR",POS,Grocery,0
TXN_002356,USR_0115,47.44,2026-01-22 14:18:58,"Tokyo, JP",POS,Grocery,0
TXN_006037,USR_0351,157.03,2026-02-23 13:58:44,"Paris, FR",Desktop,Grocery,0
TXN_004799,USR_0048,35.19,2026-03-11 02:53:46,"Tokyo, JP",Mobile,Grocery,0
TXN_010370,USR_0079,14.42,2026-01-31 15:58:34,Online,Mobile,Retail,0
TXN_004593,USR_0049,5.65,2026-02-04 14:13:46,"London, UK",Mobile,Travel,0
TXN_008657,USR_0357,7.04,2026-01-12 17:06:37,"Tokyo, JP",Desktop,Electronics,0
TXN_000164,USR_0429,7.88,2026-03-15 19:37:01,"Tokyo, JP",POS,Grocery,0
TXN_011111,USR_0359,40.87,2026-03-20 11:16:53,"Paris, FR",Mobile,Travel,0
TXN_011319,USR_0152,3.17,2026-03-18 08:24:35,"Paris, FR",Mobile,Retail,0
TXN_011730,USR_0083,3551.88,2026-02-02 03:27:46,Online,ATM,Gaming,1
TXN_007381,USR_0024,18.43,2026-03-05 17:45:42,Online,Mobile,Travel,0
TXN_011946,USR_0329,5160.04,2026-02-21 02:41:55,Online,Desktop,Crypto,1
TXN_006357,USR_0348,37.85,2026-02-22 10:02:01,Online,Mobile,Electronics,0
TXN_009093,USR_0232,102.37,2026-01-20 13:46:42,"New York, US",Mobile,Grocery,0
TXN_005543,USR_0392,35.11,2026-02-14 17:36:11,"London, UK",POS,Travel,0
TXN_006008,USR_0494,274.79,2026-03-22 12:58:23,"Tokyo, JP",Mobile,Grocery,0
TXN_007994,USR_0194,4.08,2026-01-15 19:42:33,"Paris, FR",Mobile,Electronics,0
TXN_007639,USR_0497,51.54,2026-03-20 10:35:51,"New York, US",Mobile,Electronics,0
TXN_006794,USR_0456,100.71,2026-03-13 11:49:00,"Tokyo, JP",Desktop,Electronics,0
TXN_007759,USR_0244,32.15,2026-01-29 19:53:31,"London, UK",Mobile,Electronics,0
TXN_004838,USR_0388,28.03,2026-02-23 06:57:58,"Paris, FR",Mobile,Retail,0
TXN_002294,USR_0256,4.45,2026-01-05 22:17:17,Online,Desktop,Grocery,0
TXN_006549,USR_0149,8.8,2026-03-17 12:54:19,Online,Mobile,Retail,0
TXN_007899,USR_0065,15.84,2026-03-31 06:54:49,"Paris, FR",Desktop,Retail,0
TXN_004482,USR_0020,22.65,2026-02-19 11:38:42,"Paris, FR",POS,Grocery,0
TXN_003717,USR_0151,13.74,2026-01-24 08:48:51,"Paris, FR",Desktop,Retail,0
TXN_006141,USR_0427,16.56,2026-01-16 15:53:06,Online,POS,Retail,0
TXN_001550,USR_0472,77.79,2026-03-19 18:54:53,"Paris, FR",Mobile,Grocery,0
TXN_002045,USR_0078,7.08,2026-03-29 08:29:05,"New York, US",POS,Retail,0
TXN_000768,USR_0339,24.47,2026-01-13 05:42:33,"Tokyo, JP",POS,Travel,0
TXN_005694,USR_0189,14.09,2026-02-21 11:21:38,Online,Desktop,Grocery,0
TXN_007871,USR_0423,44.09,2026-03-06 09:55:27,"London, UK",Desktop,Electronics,0
TXN_007858,USR_0301,146.24,2026-02-12 08:26:12,"London, UK",Mobile,Grocery,0
TXN_003303,USR_0448,61.09,2026-03-16 11:07:50,"London, UK",Mobile,Retail,0
TXN_004518,USR_0070,35.16,2026-01-02 09:28:41,"Paris, FR",POS,Retail,0
TXN_010881,USR_0420,68.55,2026-02-24 11:35:32,"London, UK",POS,Electronics,0
TXN_010752,USR_0076,110.38,2026-02-24 15:05:03,"Paris, FR",POS,Travel,0
TXN_003293,USR_0388,10.99,2026-02-08 05:53:43,"Paris, FR",Mobile,Electronics,0
TXN_009012,USR_0011,175.93,2026-03-02 16:13:44,"New York, US",Mobile,Travel,0
TXN_001404,USR_0342,66.22,2026-03-19 12:25:31,Online,Desktop,Retail,0
TXN_001383,USR_0466,190.49,2026-02-02 15:02:04,"Tokyo, JP",POS,Grocery,0
TXN_006929,USR_0380,83.46,2026-02-19 13:24:39,"Tokyo, JP",POS,Electronics,0
TXN_005672,USR_0200,213.62,2026-03-01 05:26:35,"Paris, FR",Desktop,Grocery,0
TXN_001639,USR_0340,18.73,2026-02-11 14:21:13,"Paris, FR",POS,Grocery,0
TXN_011753,USR_0399,8266.43,2026-02-22 22:48:28,Online,ATM,Wire_Transfer,1
TXN_006908,USR_0410,70.33,2026-02-19 16:49:52,"Tokyo, JP",Desktop,Electronics,0
TXN_008592,USR_0137,83.44,2026-03-31 11:14:23,Online,Desktop,Retail,0
TXN_006407,USR_0027,34.27,2026-01-14 03:31:35,"Tokyo, JP",Mobile,Electronics,0
TXN_009075,USR_0364,14.83,2026-03-09 04:04:40,"Paris, FR",Mobile,Travel,0
TXN_001180,USR_0333,110.38,2026-01-10 11:50:19,Online,Desktop,Retail,0
TXN_005449,USR_0492,59.56,2026-03-13 08:06:19,"London, UK",Desktop,Retail,0
TXN_005079,USR_0490,27.29,2026-01-15 01:50:13,"London, UK",Mobile,Electronics,0
TXN_008649,USR_0285,84.43,2026-01-23 08:36:41,"London, UK",POS,Grocery,0
TXN_005176,USR_0146,56.42,2026-01-02 11:34:17,"Paris, FR",Desktop,Retail,0
TXN_000690,USR_0321,51.44,2026-03-18 12:30:12,"New York, US",Mobile,Retail,0
TXN_010620,USR_0029,13.76,2026-01-09 05:32:13,"London, UK",Desktop,Electronics,0
TXN_006526,USR_0460,23.79,2026-02-16 14:09:51,"New York, US",Desktop,Electronics,0
TXN_011782,USR_0278,999.0,2026-03-27 02:13:43,"Moscow, RU",Desktop,Wire_Transfer,1
TXN_006489,USR_0178,58.55,2026-03-23 11:45:23,"Paris, FR",Mobile,Grocery,0
TXN_007155,USR_0452,7.9,2026-01-13 14:06:36,"Tokyo, JP",Desktop,Electronics,0
TXN_010733,USR_0051,10.0,2026-01-11 15:05:20,"Paris, FR",POS,Electronics,0
TXN_006611,USR_0209,164.66,2026-03-29 19:58:58,"Tokyo, JP",Mobile,Travel,0
TXN_010271,USR_0364,48.6,2026-03-15 22:50:51,"Tokyo, JP",POS,Grocery,0
TXN_004350,USR_0239,39.11,2026-03-02 17:38:20,"New York, US",Mobile,Grocery,0
TXN_001885,USR_0066,24.92,2026-03-15 11:13:41,"London, UK",Mobile,Travel,0
TXN_010363,USR_0248,85.74,2026-03-22 10:12:13,"Tokyo, JP",POS,Electronics,0
TXN_002495,USR_0245,19.05,2026-01-21 12:22:06,"Paris, FR",POS,Electronics,0
TXN_005948,USR_0199,17.03,2026-03-29 10:36:13,"Tokyo, JP",POS,Grocery,0
TXN_003037,USR_0244,50.99,2026-03-03 12:30:13,"New York, US",Mobile,Retail,0
TXN_005778,USR_0481,12.46,2026-03-26 18:34:42,"London, UK",Mobile,Travel,0
TXN_000846,USR_0043,18.0,2026-01-13 00:10:49,Online,POS,Grocery,0
TXN_008735,USR_0461,42.29,2026-02-13 07:13:49,"New York, US",POS,Retail,0
TXN_007968,USR_0070,26.21,2026-01-05 09:55:14,"New York, US",Mobile,Travel,0
TXN_011022,USR_0371,12.64,2026-03-21 11:05:12,"Tokyo, JP",Mobile,Electronics,0
TXN_007341,USR_0252,157.34,2026-03-10 16:44:00,"Tokyo, JP",Mobile,Grocery,0
TXN_010799,USR_0160,54.56,2026-01-13 12:02:55,Online,Desktop,Retail,0
TXN_009931,USR_0205,4.14,2026-01-25 22:33:56,"London, UK",POS,Grocery,0
TXN_007138,USR_0109,7.79,2026-02-18 15:18:41,"Paris, FR",Mobile,Travel,0
TXN_002965,USR_0235,12.61,2026-02-20 09:38:48,"London, UK",Desktop,Retail,0
TXN_002530,USR_0243,12.71,2026-01-28 08:48:59,"Paris, FR",Desktop,Electronics,0
TXN_005773,USR_0491,13.74,2026-02-22 04:30:13,"New York, US",POS,Grocery,0
TXN_001049,USR_0423,10.55,2026-03-30 01:44:36,"New York, US",POS,Electronics,0
TXN_007046,USR_0095,32.86,2026-01-01 11:42:42,"London, UK",POS,Travel,0
TXN_001961,USR_0474,23.07,2026-01-13 10:04:34,Online,Desktop,Grocery,0
TXN_002531,USR_0353,78.0,2026-01-24 17:17:32,"New York, US",POS,Retail,0
TXN_008430,USR_0269,4.16,2026-01-29 15:15:22,"New York, US",Desktop,Electronics,0
TXN_004918,USR_0003,56.86,2026-01-01 22:03:24,Online,Desktop,Grocery,0
TXN_009326,USR_0038,14.87,2026-03-02 08:48:33,"Paris, FR",Desktop,Grocery,0
TXN_005902,USR_0116,31.12,2026-03-27 21:10:24,"Tokyo, JP",POS,Grocery,0
TXN_008287,USR_0236,55.35,2026-01-16 05:48:59,"London, UK",Desktop,Retail,0
TXN_004260,USR_0455,9.73,2026-02-18 17:40:50,"Paris, FR",Desktop,Grocery,0
TXN_010279,USR_0105,59.92,2026-01-14 14:29:20,"New York, US",Mobile,Electronics,0
TXN_005657,USR_0269,60.29,2026-02-18 10:48:30,"New York, US",Mobile,Retail,0
TXN_006098,USR_0264,60.93,2026-02-23 20:28:23,"New York, US",POS,Grocery,0
TXN_005908,USR_0067,9.84,2026-02-13 04:52:42,"New York, US",POS,Travel,0
TXN_007374,USR_0225,218.28,2026-02-10 10:34:09,"Paris, FR",POS,Retail,0
TXN_002979,USR_0492,7.61,2026-02-05 13:45:18,"Paris, FR",Mobile,Grocery,0
TXN_010629,USR_0058,16.03,2026-01-01 15:50:24,"Paris, FR",Desktop,Travel,0
TXN_011157,USR_0215,93.98,2026-04-01 04:12:21,"New York, US",POS,Grocery,0
TXN_006722,USR_0105,8.08,2026-04-01 13:52:11,"London, UK",POS,Retail,0
TXN_007843,USR_0342,26.46,2026-01-10 13:29:30,"New York, US",POS,Retail,0
TXN_008265,USR_0282,3.2,2026-03-24 19:07:01,"New York, US",Mobile,Electronics,0
TXN_010522,USR_0177,6.33,2026-01-28 16:52:30,"New York, US",POS,Grocery,0
TXN_003139,USR_0240,31.08,2026-01-22 19:59:43,"Paris, FR",Mobile,Grocery,0
TXN_008326,USR_0372,36.29,2026-01-25 11:22:51,Online,POS,Retail,0
TXN_011913,USR_0178,2500.0,2026-03-05 03:38:46,"Moscow, RU",Mobile,Wire_Transfer,1
TXN_001827,USR_0456,6.24,2026-02-13 20:20:52,"London, UK",Desktop,Electronics,0
TXN_005549,USR_0275,9.98,2026-01-15 08:28:44,Online,Desktop,Electronics,0
TXN_008786,USR_0128,14.36,2026-02-28 16:03:59,"London, UK",Desktop,Grocery,0
TXN_000561,USR_0179,16.84,2026-01-12 08:28:55,"New York, US",Mobile,Retail,0
TXN_010566,USR_0197,20.12,2026-02-28 17:43:18,Online,POS,Retail,0
TXN_008436,USR_0006,71.86,2026-03-29 17:36:24,"New York, US",POS,Retail,0
TXN_005436,USR_0125,146.15,2026-01-21 11:49:56,"Paris, FR",POS,Travel,0
TXN_004438,USR_0425,19.12,2026-01-11 18:42:10,Online,Mobile,Electronics,0
TXN_008598,USR_0357,13.01,2026-02-27 08:17:41,"New York, US",POS,Travel,0
TXN_001443,USR_0331,91.96,2026-01-21 11:16:43,Online,Mobile,Retail,0
TXN_008454,USR_0338,9.15,2026-03-06 15:47:40,"London, UK",POS,Retail,0
TXN_004407,USR_0227,31.1,2026-01-19 09:45:03,"New York, US",Mobile,Travel,0
TXN_011436,USR_0352,24.57,2026-01-06 07:00:02,Online,Mobile,Retail,0
TXN_001690,USR_0038,60.47,2026-02-15 15:01:35,"New York, US",Mobile,Grocery,0
TXN_011842,USR_0454,4712.16,2026-01-08 00:16:15,"Moscow, RU",Desktop,Crypto,1
TXN_010784,USR_0264,19.32,2026-03-04 10:13:39,Online,POS,Retail,0
TXN_005963,USR_0195,111.6,2026-01-03 09:50:25,"New York, US",Desktop,Travel,0
TXN_002497,USR_0426,23.56,2026-03-01 13:45:15,"New York, US",Desktop,Retail,0
TXN_009820,USR_0014,45.6,2026-02-05 02:16:37,"New York, US",Mobile,Electronics,0
TXN_000341,USR_0035,62.35,2026-01-31 19:49:41,"Tokyo, JP",Desktop,Retail,0
TXN_002409,USR_0087,4.39,2026-01-27 08:55:31,Online,Mobile,Grocery,0
TXN_010014,USR_0356,27.68,2026-01-23 16:52:46,"New York, US",Mobile,Grocery,0
TXN_005783,USR_0254,36.56,2026-03-06 09:01:39,"Paris, FR",Desktop,Grocery,0
TXN_004577,USR_0386,43.87,2026-02-04 12:05:10,Online,Mobile,Retail,0
TXN_003726,USR_0416,6.04,2026-02-24 10:04:09,"New York, US",Mobile,Grocery,0
TXN_002786,USR_0034,3.7,2026-02-13 15:15:23,"London, UK",Mobile,Retail,0
TXN_009716,USR_0079,132.03,2026-01-27 09:06:29,"Tokyo, JP",POS,Grocery,0
TXN_001013,USR_0250,34.59,2026-01-30 15:20:35,"Tokyo, JP",Desktop,Electronics,0
TXN_005281,USR_0060,62.61,2026-03-08 18:18:44,"New York, US",Desktop,Grocery,0
TXN_004896,USR_0052,23.85,2026-01-21 07:45:35,Online,POS,Travel,0
TXN_007122,USR_0279,28.78,2026-03-06 19:02:49,"Tokyo, JP",Mobile,Grocery,0
TXN_006550,USR_0317,271.81,2026-03-09 11:38:03,Online,POS,Electronics,0
TXN_004038,USR_0500,31.27,2026-02-04 14:36:27,Online,Mobile,Retail,0
TXN_000149,USR_0416,20.6,2026-03-14 13:19:05,"London, UK",Mobile,Travel,0
TXN_000286,USR_0044,7.99,2026-03-06 10:41:11,"New York, US",Mobile,Electronics,0
TXN_011583,USR_0332,7606.46,2026-01-07 01:24:54,"Moscow, RU",Desktop,Wire_Transfer,1
TXN_008556,USR_0245,42.12,2026-01-14 14:20:55,"New York, US",Mobile,Grocery,0
TXN_010079,USR_0020,103.64,2026-02-05 19:32:52,"Tokyo, JP",Desktop,Electronics,0
TXN_009733,USR_0027,8.5,2026-03-06 10:31:02,"Tokyo, JP",Desktop,Travel,0
TXN_006771,USR_0385,64.94,2026-03-13 19:58:45,"Tokyo, JP",Mobile,Retail,0
TXN_004444,USR_0432,25.07,2026-02-02 17:38:47,"Tokyo, JP",Mobile,Grocery,0
TXN_007447,USR_0278,57.26,2026-02-13 15:00:37,"Tokyo, JP",POS,Grocery,0
TXN_000237,USR_0032,29.53,2026-03-03 11:54:25,"Paris, FR",POS,Grocery,0
TXN_011833,USR_0473,2500.0,2026-02-09 00:26:59,"Sydney, AU",Mobile,Gaming,1
TXN_007124,USR_0127,37.69,2026-01-29 01:26:12,"London, UK",Mobile,Grocery,0
TXN_011391,USR_0303,32.89,2026-03-12 11:31:11,"Tokyo, JP",Desktop,Grocery,0
TXN_003084,USR_0224,10.93,2026-03-09 15:21:20,"New York, US",Desktop,Travel,0
TXN_000633,USR_0134,92.78,2026-02-10 08:59:51,"Paris, FR",POS,Electronics,0
TXN_006814,USR_0268,10.93,2026-01-17 13:17:51,"Paris, FR",POS,Travel,0
TXN_002494,USR_0371,3.56,2026-02-01 15:09:43,Online,Desktop,Grocery,0
TXN_002666,USR_0005,37.03,2026-01-17 18:33:09,"London, UK",POS,Retail,0
TXN_010352,USR_0293,99.85,2026-01-08 11:45:22,"Tokyo, JP",Desktop,Retail,0
TXN_010247,USR_0323,85.1,2026-03-27 09:26:58,"New York, US",POS,Travel,0
TXN_010095,USR_0321,43.84,2026-02-19 16:41:29,"London, UK",Mobile,Retail,0
TXN_010154,USR_0276,5.42,2026-03-09 06:04:26,"New York, US",POS,Retail,0
TXN_004212,USR_0105,24.24,2026-01-03 10:58:22,"Paris, FR",Desktop,Grocery,0
TXN_009687,USR_0316,101.51,2026-02-14 14:20:36,"Tokyo, JP",Mobile,Retail,0
TXN_003875,USR_0299,49.85,2026-01-08 11:40:11,Online,POS,Retail,0
TXN_009425,USR_0287,4.85,2026-03-25 10:41:23,Online,Desktop,Retail,0
TXN_002818,USR_0020,362.17,2026-02-19 11:11:05,"New York, US",Mobile,Retail,0
TXN_009903,USR_0160,17.92,2026-02-04 11:57:38,"New York, US",Desktop,Retail,0
TXN_011775,USR_0429,499.99,2026-03-11 02:15:43,"Moscow, RU",Desktop,Crypto,1
TXN_010769,USR_0055,35.27,2026-02-21 18:55:27,"Tokyo, JP",POS,Grocery,0
TXN_007427,USR_0287,13.35,2026-01-25 07:04:35,"Paris, FR",Mobile,Grocery,0
TXN_010313,USR_0152,5.86,2026-04-01 06:14:34,"Tokyo, JP",Mobile,Retail,0
TXN_010157,USR_0150,33.57,2026-02-17 10:44:08,"Paris, FR",Mobile,Electronics,0
TXN_011038,USR_0072,23.49,2026-02-28 20:11:10,"London, UK",Desktop,Retail,0
TXN_009778,USR_0395,149.66,2026-03-16 16:55:45,"Tokyo, JP",Mobile,Electronics,0
TXN_001736,USR_0120,169.33,2026-02-07 12:42:33,"New York, US",Desktop,Grocery,0
TXN_007398,USR_0068,142.69,2026-02-17 05:03:41,"London, UK",POS,Electronics,0
TXN_004256,USR_0245,10.71,2026-01-25 17:18:17,"Paris, FR",Desktop,Grocery,0
TXN_009928,USR_0387,23.92,2026-03-15 15:13:35,"Tokyo, JP",Desktop,Electronics,0
TXN_002476,USR_0359,85.01,2026-03-06 22:35:53,"Tokyo, JP",Mobile,Travel,0
TXN_011979,USR_0316,6930.44,2026-03-15 23:34:44,Online,Mobile,Crypto,1
TXN_003714,USR_0149,42.31,2026-01-07 12:06:25,"Tokyo, JP",POS,Travel,0
TXN_010766,USR_0365,68.31,2026-02-26 09:43:53,"Tokyo, JP",POS,Retail,0
TXN_001805,USR_0475,12.78,2026-02-24 17:47:15,"London, UK",Desktop,Grocery,0
TXN_000708,USR_0403,8.42,2026-02-06 13:55:34,"Tokyo, JP",Desktop,Grocery,0
TXN_011027,USR_0397,15.64,2026-01-25 11:34:31,"London, UK",Desktop,Travel,0
TXN_005190,USR_0090,9.85,2026-01-11 20:41:32,Online,POS,Retail,0
TXN_005473,USR_0469,29.43,2026-03-28 17:45:46,"Paris, FR",Desktop,Retail,0
TXN_000073,USR_0384,103.84,2026-01-20 09:59:59,"London, UK",Mobile,Retail,0
TXN_007844,USR_0124,26.82,2026-02-04 14:44:54,"Paris, FR",Mobile,Electronics,0
TXN_005102,USR_0384,242.77,2026-02-24 11:15:42,Online,Mobile,Retail,0
TXN_006765,USR_0291,97.76,2026-03-16 20:07:12,"Paris, FR",POS,Electronics,0
TXN_009383,USR_0044,160.27,2026-02-07 06:13:14,"Paris, FR",POS,Retail,0
TXN_001126,USR_0076,78.44,2026-01-08 21:41:22,"New York, US",Mobile,Grocery,0
TXN_001242,USR_0400,59.65,2026-01-10 08:17:49,"New York, US",Desktop,Retail,0
TXN_009927,USR_0067,54.21,2026-02-17 11:54:26,"Tokyo, JP",POS,Retail,0
TXN_002350,USR_0302,45.01,2026-02-05 19:49:06,"London, UK",Desktop,Retail,0
TXN_006603,USR_0434,59.09,2026-03-14 11:22:43,"Paris, FR",Desktop,Grocery,0
TXN_006781,USR_0483,177.05,2026-01-10 13:27:20,"Paris, FR",POS,Grocery,0
TXN_009770,USR_0251,9.77,2026-01-26 10:27:11,Online,Mobile,Grocery,0
TXN_004359,USR_0233,68.7,2026-02-02 22:19:15,"Paris, FR",Mobile,Retail,0
TXN_001344,USR_0312,153.5,2026-03-24 17:12:37,Online,Mobile,Grocery,0
TXN_011984,USR_0309,9147.6,2026-02-13 04:46:07,"Sydney, AU",Mobile,Wire_Transfer,1
TXN_010415,USR_0003,411.46,2026-02-11 00:07:35,"Paris, FR",Desktop,Grocery,0
TXN_011492,USR_0491,34.6,2026-02-03 14:37:55,"London, UK",POS,Electronics,0
TXN_008633,USR_0403,24.17,2026-02-01 10:33:48,"Tokyo, JP",POS,Retail,0
TXN_006653,USR_0432,27.86,2026-01-27 11:35:13,Online,POS,Grocery,0
TXN_001101,USR_0444,42.68,2026-03-20 13:31:44,"Tokyo, JP",Desktop,Retail,0
TXN_009161,USR_0352,12.7,2026-02-19 11:07:13,Online,Mobile,Retail,0
TXN_008842,USR_0274,26.64,2026-01-29 07:12:27,"Paris, FR",Desktop,Electronics,0
TXN_009739,USR_0492,52.59,2026-01-27 20:52:55,"London, UK",POS,Grocery,0
TXN_007328,USR_0393,19.13,2026-01-31 17:37:11,"Paris, FR",Mobile,Electronics,0
TXN_007623,USR_0324,203.73,2026-02-08 16:45:52,"Paris, FR",POS,Electronics,0
TXN_000988,USR_0005,208.13,2026-02-25 09:51:18,Online,Mobile,Grocery,0
TXN_002853,USR_0403,68.65,2026-01-09 08:05:01,"New York, US",Mobile,Grocery,0
TXN_008854,USR_0362,22.14,2026-02-22 15:09:36,"Paris, FR",Desktop,Travel,0
TXN_000631,USR_0259,24.01,2026-01-18 18:40:52,"Paris, FR",Mobile,Travel,0
TXN_001250,USR_0359,27.36,2026-02-12 15:57:25,Online,Mobile,Travel,0
TXN_003180,USR_0491,47.79,2026-03-14 07:55:44,"London, UK",Mobile,Retail,0
TXN_000483,USR_0124,31.99,2026-01-25 11:39:33,"Tokyo, JP",Desktop,Grocery,0
TXN_009777,USR_0308,25.94,2026-01-04 15:24:09,"Paris, FR",POS,Grocery,0
TXN_009655,USR_0076,93.79,2026-03-26 21:58:39,"London, UK",Desktop,Grocery,0
TXN_003041,USR_0481,13.35,2026-01-29 20:52:16,"Paris, FR",Mobile,Retail,0
TXN_005011,USR_0090,11.16,2026-02-08 15:05:24,"Tokyo, JP",Mobile,Travel,0
TXN_010477,USR_0331,112.01,2026-01-06 13:53:32,"New York, US",Mobile,Electronics,0
TXN_007001,USR_0259,56.49,2026-02-13 09:11:55,"Tokyo, JP",Desktop,Electronics,0
TXN_003274,USR_0167,17.3,2026-01-06 21:54:21,"Tokyo, JP",Desktop,Retail,0
TXN_007228,USR_0352,39.27,2026-01-14 17:41:18,"London, UK",POS,Travel,0
TXN_003684,USR_0333,31.77,2026-01-05 13:55:12,"Tokyo, JP",Desktop,Grocery,0
TXN_006675,USR_0246,3.42,2026-02-17 14:07:08,"Tokyo, JP",POS,Travel,0
TXN_006808,USR_0023,19.61,2026-01-13 16:25:54,"Tokyo, JP",Desktop,Retail,0
TXN_011683,USR_0149,3659.39,2026-03-25 01:30:36,"Lagos, NG",Mobile,Electronics,1
TXN_001317,USR_0165,18.95,2026-02-15 10:57:17,Online,POS,Retail,0
TXN_003226,USR_0158,11.75,2026-02-08 04:26:01,"New York, US",Desktop,Grocery,0
TXN_001073,USR_0464,9.64,2026-03-26 22:33:02,"Tokyo, JP",Mobile,Grocery,0
TXN_004816,USR_0025,111.57,2026-02-12 10:59:52,"New York, US",Desktop,Retail,0
TXN_010135,USR_0121,128.99,2026-03-25 04:45:58,"London, UK",Mobile,Travel,0
TXN_009853,USR_0089,49.05,2026-03-03 08:15:34,"Paris, FR",POS,Travel,0
TXN_005753,USR_0205,21.42,2026-01-03 20:51:24,"New York, US",Desktop,Travel,0
TXN_011870,USR_0054,2500.0,2026-02-12 00:33:34,"Sydney, AU",ATM,Electronics,1
TXN_004617,USR_0214,61.74,2026-02-20 09:10:53,"Paris, FR",Mobile,Retail,0
TXN_003098,USR_0073,99.38,2026-02-25 15:17:55,"London, UK",Mobile,Retail,0
TXN_011316,USR_0257,5.07,2026-03-26 07:36:00,"London, UK",Desktop,Grocery,0
TXN_006870,USR_0061,17.06,2026-01-21 06:10:11,"London, UK",POS,Grocery,0
TXN_001301,USR_0023,18.22,2026-01-06 14:30:46,Online,Mobile,Retail,0
TXN_007286,USR_0432,3.3,2026-03-06 17:50:51,"Paris, FR",Mobile,Electronics,0
TXN_006285,USR_0352,89.62,2026-02-25 17:53:11,"Paris, FR",Desktop,Electronics,0
TXN_010635,USR_0033,43.01,2026-03-04 10:01:55,"London, UK",Desktop,Grocery,0
TXN_005496,USR_0431,18.16,2026-01-11 06:23:55,"London, UK",Mobile,Grocery,0
TXN_005292,USR_0196,22.1,2026-01-03 18:50:32,"London, UK",POS,Travel,0
TXN_009601,USR_0472,29.4,2026-02-02 13:23:08,"Tokyo, JP",POS,Travel,0
TXN_001799,USR_0470,324.29,2026-01-25 11:00:00,Online,POS,Electronics,0
TXN_009668,USR_0030,123.79,2026-01-05 09:45:44,"Paris, FR",Mobile,Grocery,0
TXN_005204,USR_0340,15.39,2026-03-13 07:04:19,Online,POS,Grocery,0
TXN_008228,USR_0143,47.56,2026-01-13 13:56:53,"Tokyo, JP",POS,Retail,0
TXN_005048,USR_0001,21.22,2026-02-08 16:30:48,"London, UK",Mobile,Grocery,0
TXN_006442,USR_0157,46.35,2026-02-19 09:00:18,"London, UK",POS,Retail,0
TXN_008637,USR_0218,50.45,2026-03-12 18:11:08,"Paris, FR",POS,Grocery,0
TXN_008106,USR_0470,54.15,2026-02-23 16:28:59,"New York, US",Mobile,Retail,0
TXN_002360,USR_0427,43.1,2026-01-04 13:23:13,"Tokyo, JP",POS,Retail,0
TXN_011254,USR_0398,28.17,2026-02-19 16:54:24,"New York, US",Desktop,Grocery,0
TXN_003655,USR_0048,25.94,2026-01-24 06:53:12,"Paris, FR",POS,Grocery,0
TXN_007053,USR_0373,11.36,2026-02-22 09:19:17,"New York, US",Desktop,Retail,0
TXN_001287,USR_0370,5.59,2026-02-26 12:37:37,"Tokyo, JP",Desktop,Retail,0
TXN_010942,USR_0142,10.0,2026-02-10 11:08:34,"Paris, FR",POS,Travel,0
TXN_004446,USR_0354,58.25,2026-02-05 10:51:18,"New York, US",Mobile,Grocery,0
TXN_002138,USR_0294,21.92,2026-03-24 19:26:43,"Paris, FR",Desktop,Grocery,0
TXN_006788,USR_0405,8.93,2026-02-06 12:52:42,"Tokyo, JP",POS,Retail,0
TXN_009874,USR_0270,6.76,2026-03-24 21:01:41,"New York, US",Desktop,Grocery,0
TXN_011699,USR_0307,2500.0,2026-02-15 23:30:50,"Sydney, AU",ATM,Electronics,1
TXN_010201,USR_0089,171.79,2026-03-29 18:59:37,"London, UK",Mobile,Travel,0
TXN_010750,USR_0234,70.8,2026-02-18 08:27:27,"New York, US",Desktop,Travel,0
TXN_006895,USR_0391,102.15,2026-02-22 16:12:58,"Paris, FR",Desktop,Travel,0
TXN_009885,USR_0429,67.89,2026-01-12 06:28:28,"Tokyo, JP",POS,Electronics,0
TXN_010273,USR_0101,8.85,2026-03-29 17:16:09,"Tokyo, JP",POS,Grocery,0
TXN_008565,USR_0015,3.32,2026-02-19 13:06:13,"New York, US",Mobile,Grocery,0
TXN_007152,USR_0271,25.0,2026-01-04 22:22:59,Online,Desktop,Retail,0
TXN_000964,USR_0244,108.6,2026-03-22 05:06:28,"Tokyo, JP",Desktop,Grocery,0
TXN_006013,USR_0198,27.3,2026-01-17 21:22:38,"New York, US",POS,Travel,0
TXN_004883,USR_0260,31.99,2026-01-22 12:27:29,"Paris, FR",Mobile,Grocery,0
TXN_000141,USR_0381,34.66,2026-03-10 13:48:44,"London, UK",Mobile,Retail,0
TXN_010826,USR_0356,49.04,2026-03-14 07:28:26,"Paris, FR",Desktop,Retail,0
TXN_008907,USR_0220,108.59,2026-03-07 22:19:29,"New York, US",Desktop,Electronics,0
TXN_006937,USR_0144,69.44,2026-03-12 20:55:02,"Paris, FR",POS,Grocery,0
TXN_006543,USR_0120,155.71,2026-02-03 21:51:32,"Tokyo, JP",Desktop,Grocery,0
TXN_005244,USR_0177,79.18,2026-01-23 20:42:30,"Paris, FR",Mobile,Retail,0
TXN_004432,USR_0388,53.26,2026-01-13 14:47:43,"London, UK",Desktop,Electronics,0
TXN_010023,USR_0222,78.15,2026-01-31 10:26:40,"Tokyo, JP",POS,Grocery,0
TXN_000407,USR_0380,45.88,2026-03-17 12:15:15,"New York, US",POS,Travel,0
TXN_008213,USR_0126,54.35,2026-02-09 16:56:02,Online,Mobile,Grocery,0
TXN_009197,USR_0177,36.53,2026-01-29 23:06:59,"New York, US",Mobile,Grocery,0
TXN_010036,USR_0482,12.4,2026-02-08 20:31:27,"New York, US",Desktop,Travel,0
TXN_010898,USR_0112,23.44,2026-01-05 12:23:13,"Paris, FR",Desktop,Grocery,0
TXN_009136,USR_0075,36.52,2026-01-13 13:47:13,Online,Desktop,Electronics,0
TXN_008235,USR_0283,26.77,2026-01-30 22:32:16,"London, UK",POS,Retail,0
TXN_004400,USR_0476,26.55,2026-01-13 13:33:56,"New York, US",Desktop,Grocery,0
TXN_005253,USR_0332,12.1,2026-03-07 13:23:26,"London, UK",Desktop,Grocery,0
TXN_000012,USR_0326,45.34,2026-02-16 11:10:23,"Tokyo, JP",Mobile,Electronics,0
TXN_004761,USR_0210,303.18,2026-02-22 19:06:59,Online,Desktop,Travel,0
TXN_001178,USR_0237,40.34,2026-01-22 07:18:49,"Tokyo, JP",POS,Travel,0
TXN_002864,USR_0497,26.58,2026-03-04 17:42:36,"Tokyo, JP",Desktop,Grocery,0
TXN_006472,USR_0041,39.93,2026-03-08 14:59:01,"London, UK",POS,Travel,0
TXN_006229,USR_0219,65.27,2026-02-02 08:01:38,Online,Mobile,Grocery,0
TXN_009219,USR_0006,91.46,2026-01-04 17:50:35,"Tokyo, JP",Mobile,Retail,0
TXN_002990,USR_0085,70.73,2026-01-06 20:21:32,"London, UK",POS,Grocery,0
TXN_009154,USR_0095,70.72,2026-03-11 13:59:37,Online,POS,Grocery,0
TXN_007118,USR_0139,38.71,2026-01-23 14:25:43,"Tokyo, JP",Desktop,Electronics,0
TXN_007011,USR_0178,27.53,2026-02-15 08:38:44,"London, UK",Desktop,Grocery,0
TXN_010259,USR_0450,9.4,2026-01-14 13:14:12,Online,Desktop,Retail,0
TXN_008928,USR_0132,158.45,2026-03-09 22:29:35,Online,Mobile,Grocery,0
TXN_001441,USR_0124,8.35,2026-01-20 09:47:43,"Tokyo, JP",Desktop,Retail,0
TXN_011693,USR_0373,2500.0,2026-03-30 03:04:02,"Lagos, NG",Desktop,Crypto,1
TXN_002876,USR_0172,16.35,2026-02-16 08:51:32,"Paris, FR",Desktop,Electronics,0
TXN_009109,USR_0328,58.33,2026-02-24 18:52:59,Online,Mobile,Grocery,0
TXN_010906,USR_0179,28.27,2026-03-02 19:48:09,"Paris, FR",POS,Electronics,0
TXN_010547,USR_0292,24.95,2026-03-06 15:53:52,"London, UK",Desktop,Retail,0
TXN_007233,USR_0079,23.37,2026-01-01 01:57:07,"London, UK",POS,Grocery,0
TXN_003727,USR_0105,14.74,2026-03-09 14:16:14,"Paris, FR",Desktop,Retail,0
TXN_002773,USR_0047,19.72,2026-01-24 14:16:25,"London, UK",Mobile,Grocery,0
TXN_009817,USR_0151,41.09,2026-02-07 17:33:49,"New York, US",Desktop,Retail,0
TXN_000455,USR_0196,76.24,2026-03-09 09:20:44,"Paris, FR",Desktop,Retail,0
TXN_009014,USR_0158,394.23,2026-03-23 08:09:06,Online,Mobile,Grocery,0
TXN_008190,USR_0486,10.06,2026-04-01 10:14:21,Online,POS,Electronics,0
TXN_001368,USR_0393,10.5,2026-03-22 14:11:48,"New York, US",POS,Retail,0
TXN_003713,USR_0438,24.83,2026-03-23 09:11:49,"Paris, FR",Desktop,Electronics,0
TXN_011822,USR_0181,9327.65,2026-02-08 22:58:46,Online,Mobile,Gaming,1
TXN_001389,USR_0099,30.96,2026-02-06 16:10:57,Online,Mobile,Electronics,0
TXN_009043,USR_0315,18.55,2026-03-31 18:00:21,"London, UK",Desktop,Retail,0
TXN_001001,USR_0241,87.81,2026-01-24 19:12:57,"Tokyo, JP",Desktop,Grocery,0
TXN_007762,USR_0363,26.97,2026-03-18 16:17:29,"Tokyo, JP",POS,Retail,0
TXN_003554,USR_0414,65.28,2026-02-20 10:18:15,"New York, US",POS,Grocery,0
TXN_004115,USR_0286,91.99,2026-02-28 18:11:10,"New York, US",Desktop,Grocery,0
TXN_009830,USR_0177,27.67,2026-01-10 13:21:25,"New York, US",POS,Grocery,0
TXN_001668,USR_0034,1.66,2026-01-17 12:03:58,"Paris, FR",Mobile,Grocery,0
TXN_003174,USR_0477,23.9,2026-03-24 21:42:42,Online,POS,Travel,0
TXN_009540,USR_0054,104.74,2026-03-02 08:54:52,"London, UK",POS,Retail,0
TXN_011275,USR_0353,53.88,2026-03-26 11:01:44,"Tokyo, JP",POS,Travel,0
TXN_000489,USR_0459,39.11,2026-03-09 14:58:02,"London, UK",Mobile,Electronics,0
TXN_003231,USR_0416,21.46,2026-03-12 09:59:36,Online,Desktop,Travel,0
TXN_003829,USR_0181,65.66,2026-03-13 10:42:39,"Paris, FR",Mobile,Electronics,0
TXN_010377,USR_0340,4.43,2026-01-21 04:14:32,"Tokyo, JP",POS,Retail,0
TXN_005209,USR_0273,12.17,2026-02-06 10:43:11,"London, UK",POS,Retail,0
TXN_007849,USR_0368,9.55,2026-03-06 11:45:58,"London, UK",Mobile,Travel,0
TXN_005705,USR_0311,17.1,2026-02-03 21:18:06,"New York, US",POS,Electronics,0
TXN_011568,USR_0354,114.77,2026-01-26 17:24:12,"London, UK",POS,Retail,0
TXN_008134,USR_0476,57.68,2026-01-29 17:44:01,"Tokyo, JP",Mobile,Retail,0
TXN_000704,USR_0285,50.09,2026-02-20 06:35:20,"Tokyo, JP",POS,Retail,0
TXN_005106,USR_0182,38.69,2026-01-29 08:43:32,"New York, US",Mobile,Retail,0
TXN_010667,USR_0128,15.71,2026-02-09 14:50:21,"London, UK",Mobile,Grocery,0
TXN_003292,USR_0069,129.3,2026-01-05 05:07:46,"London, UK",Desktop,Electronics,0
TXN_008126,USR_0059,24.97,2026-03-24 08:58:38,"Paris, FR",POS,Retail,0
TXN_009520,USR_0130,11.37,2026-02-05 06:30:07,"New York, US",Desktop,Grocery,0
TXN_011557,USR_0057,27.03,2026-01-01 12:17:50,"Tokyo, JP",POS,Travel,0
TXN_010921,USR_0236,25.74,2026-02-16 12:47:03,"Paris, FR",Desktop,Travel,0
TXN_004910,USR_0320,26.07,2026-02-04 10:36:49,"Paris, FR",Mobile,Electronics,0
TXN_004441,USR_0121,48.85,2026-02-10 12:55:17,"London, UK",Desktop,Grocery,0
TXN_000987,USR_0147,47.81,2026-03-02 06:34:00,"Paris, FR",Desktop,Grocery,0
TXN_011078,USR_0108,8.2,2026-03-16 22:21:23,"New York, US",Mobile,Grocery,0
TXN_010863,USR_0194,37.71,2026-03-12 08:54:59,"Paris, FR",POS,Retail,0
TXN_007706,USR_0470,66.7,2026-02-15 15:40:37,"London, UK",POS,Grocery,0
TXN_006258,USR_0047,12.52,2026-03-29 12:45:01,"New York, US",Desktop,Grocery,0
TXN_006090,USR_0250,19.42,2026-01-21 12:52:00,Online,Mobile,Electronics,0
TXN_005239,USR_0394,7.8,2026-01-10 17:18:21,"Paris, FR",Desktop,Retail,0
TXN_001199,USR_0432,26.35,2026-02-16 13:53:26,"London, UK",Desktop,Electronics,0
TXN_009711,USR_0368,68.11,2026-01-23 14:12:11,"Tokyo, JP",POS,Travel,0
TXN_010871,USR_0375,62.99,2026-01-01 15:36:17,"Tokyo, JP",Desktop,Electronics,0
TXN_007520,USR_0460,87.93,2026-01-11 19:06:58,"New York, US",POS,Grocery,0
TXN_006813,USR_0277,10.42,2026-02-21 17:27:00,"London, UK",Desktop,Travel,0
TXN_009992,USR_0380,220.66,2026-03-09 12:46:31,"London, UK",Mobile,Grocery,0
TXN_009207,USR_0354,27.01,2026-03-29 13:56:56,"Tokyo, JP",Mobile,Retail,0
TXN_008321,USR_0113,77.86,2026-03-30 19:23:23,"London, UK",POS,Travel,0
TXN_009557,USR_0326,21.13,2026-03-01 08:18:11,"Tokyo, JP",Mobile,Grocery,0
TXN_007176,USR_0329,87.82,2026-02-20 13:33:08,Online,POS,Electronics,0
TXN_004471,USR_0400,8.04,2026-03-01 22:38:48,"New York, US",POS,Retail,0
TXN_000892,USR_0419,47.82,2026-01-16 17:42:14,"Paris, FR",Desktop,Electronics,0
TXN_001970,USR_0206,23.18,2026-03-19 17:17:13,"London, UK",Mobile,Retail,0
TXN_005758,USR_0498,29.23,2026-03-16 01:32:21,"Paris, FR",Desktop,Electronics,0
TXN_006528,USR_0333,39.63,2026-02-10 11:06:55,"New York, US",POS,Electronics,0
TXN_006295,USR_0097,25.51,2026-02-27 00:37:51,Online,Mobile,Grocery,0
TXN_007596,USR_0432,70.89,2026-03-05 09:25:36,"Paris, FR",Desktop,Electronics,0
TXN_009111,USR_0050,24.61,2026-01-14 22:30:48,"Paris, FR",POS,Retail,0
TXN_003250,USR_0425,11.68,2026-03-31 19:00:26,"New York, US",Desktop,Retail,0
TXN_006571,USR_0071,59.47,2026-02-01 07:13:44,"Paris, FR",Mobile,Grocery,0
TXN_006639,USR_0038,215.99,2026-01-01 08:31:46,Online,Mobile,Grocery,0
TXN_007352,USR_0263,18.09,2026-01-13 16:51:29,"Paris, FR",POS,Travel,0
TXN_010998,USR_0177,11.37,2026-02-25 11:07:52,"New York, US",Desktop,Grocery,0
TXN_009401,USR_0227,129.22,2026-03-31 18:04:41,"Tokyo, JP",Mobile,Grocery,0
TXN_007474,USR_0442,20.32,2026-03-15 11:22:50,Online,Mobile,Grocery,0
TXN_011045,USR_0347,34.3,2026-03-26 15:22:51,Online,POS,Retail,0
TXN_010405,USR_0214,55.18,2026-01-21 22:06:54,"London, UK",Mobile,Grocery,0
TXN_001240,USR_0095,25.36,2026-02-02 18:18:29,"New York, US",POS,Retail,0
TXN_002290,USR_0028,95.01,2026-02-14 17:57:26,Online,Desktop,Grocery,0
TXN_002741,USR_0329,56.32,2026-03-13 14:18:48,Online,POS,Retail,0
TXN_008468,USR_0181,62.18,2026-02-04 11:59:08,"Tokyo, JP",Mobile,Retail,0
TXN_004586,USR_0066,18.94,2026-02-24 17:54:17,"Paris, FR",Desktop,Retail,0
TXN_009228,USR_0381,49.54,2026-01-03 20:53:38,"New York, US",Desktop,Grocery,0
TXN_001230,USR_0182,30.69,2026-02-25 05:39:58,"Tokyo, JP",Desktop,Grocery,0
TXN_009201,USR_0489,53.4,2026-01-05 03:11:01,Online,POS,Travel,0
TXN_006981,USR_0455,14.1,2026-02-17 09:27:00,"Tokyo, JP",Mobile,Retail,0
TXN_005179,USR_0138,13.46,2026-02-27 09:38:51,"New York, US",Mobile,Grocery,0
TXN_004294,USR_0464,14.11,2026-02-13 09:59:44,Online,Desktop,Retail,0
TXN_001059,USR_0135,133.28,2026-01-11 18:25:32,"Paris, FR",POS,Retail,0
TXN_006263,USR_0382,10.12,2026-03-25 17:33:14,"New York, US",POS,Retail,0
TXN_000282,USR_0040,45.21,2026-03-24 13:55:54,"New York, US",POS,Travel,0
TXN_009236,USR_0456,10.84,2026-01-04 19:53:14,"Paris, FR",POS,Grocery,0
TXN_009509,USR_0130,5.97,2026-01-17 07:57:27,"New York, US",POS,Retail,0
TXN_000969,USR_0315,12.18,2026-02-06 03:29:40,"London, UK",Mobile,Electronics,0
TXN_003954,USR_0061,128.18,2026-02-04 15:11:24,"New York, US",Desktop,Grocery,0
TXN_001940,USR_0080,162.17,2026-02-14 15:32:00,"London, UK",Mobile,Electronics,0
TXN_010142,USR_0031,77.22,2026-01-26 17:31:07,"Tokyo, JP",POS,Grocery,0
TXN_001275,USR_0004,13.48,2026-01-23 19:59:05,Online,Desktop,Retail,0
TXN_000620,USR_0412,10.81,2026-03-08 09:02:25,"New York, US",Desktop,Grocery,0
TXN_010193,USR_0254,10.92,2026-01-06 18:57:18,"London, UK",Mobile,Electronics,0
TXN_001743,USR_0423,4.71,2026-02-21 14:38:51,"London, UK",POS,Grocery,0
TXN_001391,USR_0302,18.54,2026-01-24 21:28:43,"New York, US",Mobile,Grocery,0
TXN_002204,USR_0021,14.23,2026-01-28 09:18:52,Online,Mobile,Grocery,0
TXN_009772,USR_0231,20.36,2026-02-28 20:12:34,"London, UK",POS,Grocery,0
TXN_009848,USR_0232,38.09,2026-04-01 15:07:50,Online,Mobile,Electronics,0
TXN_003569,USR_0236,20.26,2026-01-09 18:22:53,"London, UK",Mobile,Electronics,0
TXN_006117,USR_0480,19.24,2026-01-29 22:01:31,"Tokyo, JP",Mobile,Retail,0
TXN_011963,USR_0083,6527.67,2026-03-03 22:43:00,"Moscow, RU",Desktop,Crypto,1
TXN_006053,USR_0128,77.71,2026-03-22 12:57:53,"London, UK",Mobile,Retail,0
TXN_003179,USR_0418,14.72,2026-02-11 21:47:45,"Paris, FR",POS,Grocery,0
TXN_003193,USR_0464,29.05,2026-03-16 09:16:25,"Tokyo, JP",Mobile,Travel,0
TXN_009500,USR_0454,23.47,2026-03-26 20:58:08,"New York, US",Desktop,Retail,0
TXN_006100,USR_0182,4.71,2026-02-25 16:02:22,Online,Desktop,Retail,0
TXN_007030,USR_0183,98.31,2026-03-21 11:21:56,"Tokyo, JP",Desktop,Retail,0
TXN_000576,USR_0437,34.02,2026-03-04 13:50:21,"New York, US",Mobile,Grocery,0
TXN_006657,USR_0024,176.91,2026-02-01 07:31:33,"New York, US",POS,Electronics,0
TXN_007116,USR_0243,54.25,2026-01-08 19:57:28,Online,Desktop,Retail,0
TXN_010562,USR_0209,26.09,2026-01-25 10:54:30,"London, UK",Desktop,Grocery,0
TXN_006277,USR_0362,4.89,2026-02-23 12:06:46,"London, UK",Mobile,Grocery,0
TXN_009473,USR_0322,44.54,2026-03-24 13:27:06,"New York, US",POS,Electronics,0
TXN_010773,USR_0410,56.28,2026-01-24 12:50:51,"Tokyo, JP",Desktop,Travel,0
TXN_005898,USR_0248,87.02,2026-02-23 10:41:30,"New York, US",POS,Retail,0
TXN_005725,USR_0242,33.45,2026-01-25 19:18:05,"New York, US",Desktop,Electronics,0
TXN_000270,USR_0011,11.76,2026-02-11 11:10:51,Online,Desktop,Electronics,0
TXN_000630,USR_0459,23.35,2026-02-17 16:29:47,"New York, US",POS,Grocery,0
TXN_003082,USR_0228,8.11,2026-02-26 03:09:47,"Paris, FR",POS,Retail,0
TXN_003467,USR_0065,219.68,2026-01-05 16:54:21,"New York, US",POS,Electronics,0
TXN_006431,USR_0467,18.59,2026-03-31 13:33:23,"New York, US",POS,Grocery,0
TXN_011171,USR_0479,91.04,2026-02-08 10:10:29,"London, UK",POS,Grocery,0
TXN_007063,USR_0481,10.35,2026-03-14 13:51:24,"Tokyo, JP",POS,Retail,0
TXN_011670,USR_0463,5135.77,2026-01-11 23:40:28,"Moscow, RU",ATM,Electronics,1
TXN_005544,USR_0059,9.7,2026-03-26 12:41:10,"Paris, FR",Mobile,Retail,0
TXN_004357,USR_0446,48.7,2026-04-01 13:49:17,"Paris, FR",Mobile,Retail,0
TXN_010930,USR_0484,209.73,2026-02-25 15:21:11,"London, UK",Mobile,Retail,0
TXN_002114,USR_0201,21.15,2026-01-13 12:31:50,"New York, US",Desktop,Grocery,0
TXN_008220,USR_0121,60.1,2026-01-11 09:51:11,"Paris, FR",Desktop,Retail,0
TXN_003217,USR_0232,22.2,2026-01-25 19:00:36,"Tokyo, JP",Mobile,Electronics,0
TXN_003815,USR_0247,260.92,2026-01-09 18:03:50,"Tokyo, JP",POS,Electronics,0
TXN_008322,USR_0166,56.51,2026-03-13 15:31:42,"New York, US",Desktop,Retail,0
TXN_010296,USR_0055,122.2,2026-02-08 10:20:15,"Paris, FR",Desktop,Grocery,0
TXN_002279,USR_0219,29.83,2026-03-12 14:08:07,"Paris, FR",Mobile,Travel,0
TXN_004600,USR_0022,101.61,2026-02-25 14:31:40,"Paris, FR",POS,Retail,0
TXN_000014,USR_0088,26.42,2026-03-10 13:46:15,"London, UK",Desktop,Retail,0
TXN_011067,USR_0347,27.98,2026-02-12 13:48:50,"Paris, FR",Desktop,Travel,0
TXN_001526,USR_0131,125.08,2026-03-16 03:05:49,Online,Mobile,Grocery,0
TXN_002366,USR_0233,58.63,2026-03-22 21:47:32,"New York, US",POS,Electronics,0
TXN_004649,USR_0007,7.56,2026-01-01 09:38:21,"London, UK",POS,Grocery,0
TXN_000375,USR_0111,25.54,2026-03-16 07:22:03,"New York, US",Desktop,Retail,0
TXN_010212,USR_0339,65.01,2026-03-25 08:41:23,"Tokyo, JP",Desktop,Grocery,0
TXN_006478,USR_0147,12.84,2026-02-27 18:56:02,"Tokyo, JP",Mobile,Grocery,0
TXN_000526,USR_0182,34.69,2026-01-22 09:41:39,"New York, US",POS,Electronics,0
TXN_009132,USR_0391,29.95,2026-02-16 11:23:51,"London, UK",Mobile,Retail,0
TXN_006896,USR_0255,164.35,2026-01-23 15:31:25,"Paris, FR",Desktop,Travel,0
TXN_003592,USR_0398,3.32,2026-01-13 07:14:29,"New York, US",Mobile,Grocery,0
TXN_007905,USR_0044,26.15,2026-02-22 13:54:22,"Paris, FR",Desktop,Grocery,0
TXN_002959,USR_0344,29.9,2026-03-07 17:49:25,"London, UK",Mobile,Grocery,0
TXN_000530,USR_0201,160.37,2026-03-01 10:49:43,Online,POS,Travel,0
TXN_003715,USR_0178,163.07,2026-01-30 12:59:03,"New York, US",POS,Electronics,0
TXN_004733,USR_0191,61.16,2026-03-16 09:19:36,"Paris, FR",POS,Retail,0
TXN_009462,USR_0089,31.98,2026-04-01 06:32:57,Online,Mobile,Grocery,0
TXN_001395,USR_0043,53.64,2026-02-11 17:31:07,"Paris, FR",Desktop,Retail,0
TXN_009990,USR_0456,23.22,2026-02-22 13:07:53,"Paris, FR",Mobile,Grocery,0
TXN_009634,USR_0299,11.07,2026-03-23 23:52:34,"Paris, FR",POS,Electronics,0
TXN_005632,USR_0221,24.22,2026-02-27 13:37:34,Online,POS,Grocery,0
TXN_009466,USR_0262,13.04,2026-01-11 17:53:48,"London, UK",POS,Grocery,0
TXN_006564,USR_0039,7.72,2026-02-18 17:48:47,"London, UK",Mobile,Retail,0
TXN_004704,USR_0017,13.25,2026-03-08 13:40:57,"New York, US",Desktop,Retail,0
TXN_001713,USR_0222,2.75,2026-02-22 08:23:51,"Paris, FR",Desktop,Grocery,0
TXN_011704,USR_0330,1500.0,2026-03-23 04:17:29,Online,Mobile,Electronics,1
TXN_000956,USR_0095,57.21,2026-03-05 09:27:13,"Paris, FR",POS,Grocery,0
TXN_006676,USR_0103,12.47,2026-03-03 13:48:40,Online,POS,Grocery,0
TXN_003454,USR_0164,15.21,2026-02-22 15:01:21,"London, UK",POS,Retail,0
TXN_009580,USR_0382,126.82,2026-02-07 04:15:01,Online,Desktop,Grocery,0
TXN_008596,USR_0003,22.03,2026-03-14 07:13:30,"New York, US",Mobile,Electronics,0
TXN_002072,USR_0448,30.46,2026-02-27 08:55:26,Online,Mobile,Electronics,0
TXN_011685,USR_0476,6856.9,2026-02-18 02:22:12,"Sydney, AU",ATM,Crypto,1
TXN_000159,USR_0037,1.5,2026-01-08 08:10:50,"Tokyo, JP",POS,Electronics,0
TXN_007006,USR_0257,128.18,2026-02-28 13:24:06,"Tokyo, JP",Mobile,Electronics,0
TXN_009095,USR_0010,28.83,2026-03-10 21:10:58,Online,Mobile,Grocery,0
TXN_000353,USR_0067,50.07,2026-03-20 09:56:05,"New York, US",Desktop,Retail,0
TXN_006079,USR_0157,14.45,2026-01-25 20:43:13,"Paris, FR",Mobile,Travel,0
TXN_006237,USR_0153,50.07,2026-01-10 16:34:50,"New York, US",Mobile,Travel,0
TXN_008947,USR_0227,72.86,2026-02-27 05:18:26,"Paris, FR",Mobile,Grocery,0
TXN_011971,USR_0479,3091.57,2026-03-25 22:40:37,"Lagos, NG",Desktop,Wire_Transfer,1
TXN_002921,USR_0251,15.39,2026-03-14 08:30:56,"New York, US",Desktop,Travel,0
TXN_008504,USR_0203,25.56,2026-01-18 19:45:39,Online,Mobile,Grocery,0
TXN_004645,USR_0085,27.41,2026-02-15 12:55:18,Online,Desktop,Electronics,0
TXN_000662,USR_0486,131.07,2026-01-25 07:53:51,"Paris, FR",POS,Grocery,0
TXN_007058,USR_0199,10.57,2026-03-09 18:28:42,"New York, US",Desktop,Grocery,0
TXN_003666,USR_0454,107.97,2026-03-19 11:59:26,"Tokyo, JP",POS,Retail,0
TXN_007980,USR_0486,73.17,2026-01-14 15:48:59,"New York, US",Mobile,Grocery,0
TXN_000307,USR_0479,36.57,2026-01-14 14:45:54,Online,Mobile,Grocery,0
TXN_004791,USR_0274,13.71,2026-03-11 17:00:09,"Paris, FR",Desktop,Retail,0
TXN_002357,USR_0474,21.83,2026-01-30 17:42:17,"London, UK",Mobile,Retail,0
TXN_001928,USR_0055,19.45,2026-01-01 04:22:56,"London, UK",Desktop,Grocery,0
TXN_011197,USR_0317,11.42,2026-03-28 09:22:04,"New York, US",POS,Grocery,0
TXN_003428,USR_0307,126.05,2026-02-06 03:25:10,"New York, US",POS,Retail,0
TXN_008942,USR_0142,112.02,2026-02-02 11:15:12,"New York, US",Desktop,Travel,0
TXN_003639,USR_0094,3.48,2026-01-27 19:47:44,Online,POS,Travel,0
TXN_001267,USR_0088,4.62,2026-03-17 15:04:52,"New York, US",Mobile,Retail,0
TXN_001561,USR_0500,62.15,2026-01-14 10:50:39,Online,Mobile,Travel,0
TXN_007180,USR_0259,17.57,2026-01-16 12:07:11,Online,Mobile,Retail,0
TXN_004110,USR_0442,21.78,2026-03-04 10:18:44,"New York, US",POS,Retail,0
TXN_007868,USR_0069,15.25,2026-01-31 14:00:07,"London, UK",Desktop,Grocery,0
TXN_004905,USR_0030,50.06,2026-02-12 11:42:34,"Tokyo, JP",Mobile,Retail,0
TXN_007295,USR_0375,97.36,2026-02-12 14:50:37,"Tokyo, JP",POS,Grocery,0
TXN_000515,USR_0165,59.78,2026-03-19 19:44:12,"Paris, FR",Desktop,Retail,0
TXN_000895,USR_0066,2.93,2026-03-15 10:37:10,"London, UK",POS,Travel,0
TXN_008602,USR_0079,87.03,2026-02-19 09:25:32,"New York, US",Desktop,Retail,0
TXN_000022,USR_0322,9.77,2026-01-21 13:50:43,"Paris, FR",POS,Grocery,0
TXN_000900,USR_0407,19.51,2026-03-16 22:52:49,"London, UK",POS,Electronics,0
TXN_000208,USR_0297,26.75,2026-02-16 13:46:08,"New York, US",Desktop,Grocery,0
TXN_000459,USR_0125,11.23,2026-02-02 20:13:21,"New York, US",Desktop,Grocery,0
TXN_002431,USR_0157,21.99,2026-02-17 16:39:49,"Paris, FR",Desktop,Travel,0
TXN_008443,USR_0190,26.46,2026-02-26 22:14:07,"London, UK",Desktop,Retail,0
TXN_009300,USR_0160,18.54,2026-01-16 06:17:52,"Tokyo, JP",Desktop,Retail,0
TXN_003390,USR_0315,14.34,2026-01-16 12:03:06,"Tokyo, JP",Desktop,Electronics,0
TXN_009906,USR_0431,137.31,2026-02-26 20:08:27,"New York, US",Mobile,Grocery,0
TXN_003912,USR_0048,9.02,2026-02-23 10:21:56,"New York, US",Desktop,Grocery,0
TXN_005384,USR_0394,23.6,2026-02-28 15:54:00,"Tokyo, JP",POS,Retail,0
TXN_008908,USR_0079,28.51,2026-02-19 06:02:47,"London, UK",Desktop,Grocery,0
TXN_000553,USR_0494,9.47,2026-03-13 19:32:41,"Paris, FR",Desktop,Electronics,0
TXN_009632,USR_0340,44.82,2026-03-13 09:26:13,"Tokyo, JP",POS,Retail,0
TXN_003145,USR_0154,34.17,2026-03-05 15:46:25,"New York, US",POS,Grocery,0
TXN_006918,USR_0081,64.76,2026-03-04 12:29:00,"New York, US",Mobile,Electronics,0
TXN_002057,USR_0439,51.66,2026-03-21 21:58:43,"London, UK",Desktop,Grocery,0
TXN_001926,USR_0423,28.59,2026-01-05 20:59:29,Online,Desktop,Grocery,0
TXN_000635,USR_0070,30.83,2026-03-16 13:06:09,"New York, US",Mobile,Retail,0
TXN_006083,USR_0286,24.97,2026-01-13 23:34:38,"London, UK",Mobile,Grocery,0
TXN_008509,USR_0242,29.72,2026-01-26 11:03:33,"Paris, FR",Mobile,Grocery,0
TXN_011121,USR_0497,193.55,2026-01-01 18:48:39,Online,Mobile,Travel,0
TXN_011614,USR_0301,5000.0,2026-01-02 02:20:05,"Lagos, NG",Desktop,Wire_Transfer,1
TXN_008620,USR_0176,63.13,2026-01-07 19:55:42,"Tokyo, JP",POS,Retail,0
TXN_010463,USR_0064,29.65,2026-01-03 20:00:10,"London, UK",Desktop,Grocery,0
TXN_000106,USR_0033,46.58,2026-02-23 15:26:21,Online,Desktop,Retail,0
TXN_003042,USR_0022,178.49,2026-02-11 06:49:25,"New York, US",Mobile,Electronics,0
TXN_001710,USR_0479,22.45,2026-02-17 07:16:35,"New York, US",Mobile,Grocery,0
TXN_000090,USR_0311,72.37,2026-03-25 10:20:29,"Paris, FR",Desktop,Electronics,0
TXN_007015,USR_0295,32.95,2026-01-24 06:23:18,"New York, US",Mobile,Retail,0
TXN_003175,USR_0155,24.04,2026-04-01 15:13:57,"Paris, FR",POS,Grocery,0
TXN_000918,USR_0158,130.96,2026-03-15 17:22:49,"Paris, FR",POS,Retail,0
TXN_007834,USR_0337,30.86,2026-02-07 01:19:27,"Tokyo, JP",Desktop,Retail,0
TXN_006733,USR_0147,22.06,2026-02-14 18:48:31,"London, UK",POS,Grocery,0
TXN_001950,USR_0219,220.81,2026-03-03 13:03:32,"Paris, FR",POS,Grocery,0
TXN_006369,USR_0401,25.2,2026-03-25 13:39:09,"New York, US",Mobile,Grocery,0
TXN_000002,USR_0072,28.84,2026-01-14 14:43:47,Online,Mobile,Travel,0
TXN_008033,USR_0425,16.71,2026-03-23 16:39:06,"Paris, FR",Mobile,Grocery,0
TXN_006048,USR_0490,74.27,2026-01-30 16:43:36,"Paris, FR",POS,Grocery,0
TXN_009128,USR_0356,15.89,2026-02-05 10:16:34,"London, UK",Mobile,Retail,0
TXN_011051,USR_0223,16.36,2026-02-16 10:26:19,"New York, US",POS,Retail,0
TXN_002721,USR_0142,14.22,2026-02-02 08:40:32,"Tokyo, JP",Desktop,Electronics,0
TXN_008784,USR_0136,26.93,2026-01-10 05:45:57,"New York, US",Desktop,Grocery,0
TXN_011771,USR_0490,8928.44,2026-02-08 04:00:59,"Moscow, RU",ATM,Wire_Transfer,1
TXN_003118,USR_0405,61.96,2026-01-18 11:41:50,"Tokyo, JP",Desktop,Retail,0
TXN_011358,USR_0352,25.63,2026-03-31 08:01:42,"Tokyo, JP",Desktop,Travel,0
TXN_009769,USR_0217,5.33,2026-03-02 10:53:46,"London, UK",Desktop,Grocery,0
TXN_003763,USR_0201,16.12,2026-01-21 12:56:36,"London, UK",Mobile,Travel,0
TXN_000214,USR_0405,14.48,2026-02-20 14:00:16,Online,Mobile,Retail,0
TXN_000779,USR_0005,19.18,2026-01-18 13:42:41,"London, UK",Desktop,Grocery,0
TXN_003497,USR_0266,19.06,2026-02-03 11:24:54,Online,Desktop,Grocery,0
TXN_010578,USR_0188,1706.72,2026-02-06 08:38:28,Online,Mobile,Retail,0
TXN_002044,USR_0408,12.83,2026-02-18 09:30:37,"New York, US",Desktop,Retail,0
TXN_008921,USR_0025,22.11,2026-02-09 17:46:55,"London, UK",Desktop,Retail,0
TXN_005421,USR_0328,54.7,2026-01-26 17:01:08,"Tokyo, JP",Mobile,Retail,0
TXN_006155,USR_0233,70.28,2026-02-04 14:01:14,"London, UK",Desktop,Grocery,0
TXN_009760,USR_0366,15.96,2026-01-30 08:21:14,"London, UK",POS,Grocery,0
TXN_008358,USR_0122,8.71,2026-02-26 15:40:10,"New York, US",Mobile,Retail,0
TXN_010449,USR_0096,150.24,2026-03-11 16:40:59,"Paris, FR",Desktop,Grocery,0
TXN_010206,USR_0018,55.86,2026-02-05 15:54:07,"London, UK",Desktop,Grocery,0
TXN_008466,USR_0426,270.11,2026-01-12 07:13:34,"Tokyo, JP",Mobile,Electronics,0
TXN_004168,USR_0345,27.55,2026-01-27 11:13:52,"Paris, FR",Desktop,Electronics,0
TXN_003789,USR_0271,142.92,2026-03-29 16:42:41,"Paris, FR",POS,Grocery,0
TXN_008587,USR_0307,23.09,2026-03-29 10:02:40,"Paris, FR",POS,Retail,0
TXN_000584,USR_0357,83.48,2026-02-13 20:52:07,"Paris, FR",POS,Retail,0
TXN_011891,USR_0417,499.99,2026-02-16 03:23:12,"Sydney, AU",ATM,Wire_Transfer,1
TXN_011981,USR_0127,3229.84,2026-03-18 22:31:31,"Moscow, RU",ATM,Electronics,1
TXN_000117,USR_0241,14.2,2026-01-03 19:47:34,"New York, US",Desktop,Retail,0
TXN_006645,USR_0497,52.91,2026-04-01 04:11:15,"Paris, FR",POS,Electronics,0
TXN_010827,USR_0059,42.04,2026-03-23 11:54:12,"Tokyo, JP",Desktop,Electronics,0
TXN_011937,USR_0112,8951.31,2026-02-25 05:34:22,"Moscow, RU",ATM,Gaming,1
TXN_011717,USR_0069,8239.03,2026-03-06 05:25:49,"Sydney, AU",Desktop,Crypto,1
TXN_010741,USR_0332,5.81,2026-03-27 11:18:32,"Tokyo, JP",POS,Grocery,0
TXN_008713,USR_0438,226.97,2026-03-15 16:30:59,"London, UK",Desktop,Travel,0
TXN_001764,USR_0228,123.75,2026-01-07 14:38:00,"New York, US",Desktop,Retail,0
TXN_001876,USR_0063,76.31,2026-03-04 14:41:42,Online,Mobile,Grocery,0
TXN_003225,USR_0175,36.13,2026-02-22 10:04:33,"Tokyo, JP",Mobile,Retail,0
TXN_000527,USR_0347,63.15,2026-03-24 17:25:48,"Tokyo, JP",Desktop,Grocery,0
TXN_007726,USR_0040,15.74,2026-01-14 01:29:21,"Tokyo, JP",POS,Grocery,0
TXN_002947,USR_0029,44.3,2026-03-24 08:43:35,"New York, US",Mobile,Electronics,0
TXN_004474,USR_0067,8.25,2026-01-26 22:43:38,Online,POS,Retail,0
TXN_005656,USR_0441,8.96,2026-02-17 13:09:58,"Paris, FR",Desktop,Grocery,0
TXN_008885,USR_0496,9.85,2026-01-01 16:31:16,"New York, US",Desktop,Electronics,0
TXN_006060,USR_0167,32.72,2026-03-10 08:54:31,"New York, US",POS,Grocery,0
TXN_000960,USR_0410,151.61,2026-01-20 18:30:51,"New York, US",Mobile,Retail,0
TXN_006343,USR_0211,12.27,2026-01-15 07:30:16,"New York, US",Mobile,Retail,0
TXN_003634,USR_0253,56.14,2026-03-23 10:14:41,"New York, US",Mobile,Retail,0
TXN_001051,USR_0400,29.12,2026-01-08 14:58:49,"Tokyo, JP",Desktop,Retail,0
TXN_008783,USR_0341,24.84,2026-03-07 07:03:09,"New York, US",Desktop,Grocery,0
TXN_008712,USR_0385,29.42,2026-02-01 13:30:25,"Paris, FR",Desktop,Grocery,0
TXN_003381,USR_0079,12.2,2026-03-29 14:29:04,"Tokyo, JP",POS,Retail,0
TXN_003677,USR_0110,179.89,2026-01-15 13:37:57,"London, UK",Desktop,Electronics,0
TXN_005777,USR_0353,223.07,2026-03-26 21:09:37,"London, UK",Desktop,Electronics,0
TXN_010840,USR_0493,12.49,2026-03-24 17:39:11,"New York, US",Mobile,Grocery,0
TXN_006574,USR_0025,189.45,2026-03-13 11:26:12,"London, UK",Mobile,Retail,0
TXN_005180,USR_0456,21.9,2026-01-14 20:45:07,"London, UK",Desktop,Electronics,0
TXN_001608,USR_0210,11.05,2026-02-19 09:14:57,"Paris, FR",Desktop,Travel,0
TXN_003611,USR_0217,46.07,2026-03-08 10:02:34,"New York, US",POS,Grocery,0
TXN_011707,USR_0132,3488.12,2026-01-08 23:04:14,"Moscow, RU",Mobile,Crypto,1
TXN_006636,USR_0194,6.66,2026-02-05 08:40:29,"Paris, FR",Mobile,Grocery,0
TXN_011998,USR_0427,7975.61,2026-02-27 03:08:00,"Sydney, AU",Desktop,Crypto,1
TXN_010002,USR_0313,11.85,2026-01-19 17:21:29,Online,Desktop,Electronics,0
TXN_000792,USR_0437,20.33,2026-03-05 20:55:10,"New York, US",Desktop,Grocery,0
TXN_008985,USR_0450,13.66,2026-02-15 21:12:45,Online,POS,Electronics,0
TXN_003057,USR_0097,7.16,2026-03-20 19:56:50,"London, UK",POS,Grocery,0
TXN_010048,USR_0155,32.2,2026-03-11 16:40:13,"Paris, FR",Mobile,Travel,0
TXN_001981,USR_0445,54.75,2026-03-16 23:06:46,"Paris, FR",POS,Grocery,0
TXN_003599,USR_0442,259.25,2026-03-17 18:01:26,"London, UK",Mobile,Retail,0
TXN_000934,USR_0134,77.69,2026-01-23 16:26:32,"New York, US",POS,Grocery,0
TXN_007425,USR_0448,19.49,2026-03-05 21:04:23,"Tokyo, JP",Desktop,Retail,0
TXN_005627,USR_0168,6.02,2026-01-27 17:20:38,"New York, US",Desktop,Retail,0
TXN_001683,USR_0500,57.02,2026-01-26 18:40:58,"London, UK",Mobile,Grocery,0
TXN_004180,USR_0066,92.68,2026-03-01 10:38:28,"Paris, FR",Mobile,Retail,0
TXN_006447,USR_0443,14.68,2026-02-24 16:39:58,Online,POS,Electronics,0
TXN_004117,USR_0165,11.59,2026-03-29 07:51:16,Online,POS,Retail,0
TXN_000989,USR_0281,32.48,2026-02-17 10:12:26,Online,Desktop,Retail,0
TXN_002897,USR_0318,25.19,2026-02-25 06:05:43,"Paris, FR",Mobile,Electronics,0
TXN_003779,USR_0498,53.15,2026-03-27 00:24:27,"Tokyo, JP",Mobile,Grocery,0
TXN_005659,USR_0111,71.53,2026-02-02 08:19:43,"Tokyo, JP",Mobile,Electronics,0
TXN_003094,USR_0113,20.08,2026-03-16 02:41:33,Online,POS,Retail,0
TXN_003156,USR_0043,16.06,2026-01-11 12:50:47,"New York, US",Mobile,Travel,0
TXN_001824,USR_0137,9.44,2026-01-01 05:42:37,"New York, US",Mobile,Retail,0
TXN_011548,USR_0280,25.17,2026-02-06 07:34:47,"Paris, FR",Desktop,Grocery,0
TXN_001099,USR_0210,20.79,2026-01-02 12:59:17,"Paris, FR",Mobile,Electronics,0
TXN_002845,USR_0073,294.45,2026-03-02 13:06:34,"Paris, FR",Desktop,Travel,0
TXN_009079,USR_0030,138.38,2026-02-12 14:36:03,"Tokyo, JP",Mobile,Grocery,0
TXN_003343,USR_0200,64.87,2026-01-21 18:22:48,"Tokyo, JP",Desktop,Grocery,0
TXN_000039,USR_0264,20.51,2026-01-31 10:17:42,"Paris, FR",Mobile,Travel,0
TXN_006541,USR_0155,55.84,2026-02-22 10:00:05,Online,POS,Grocery,0
TXN_011217,USR_0045,18.43,2026-03-28 12:24:37,"London, UK",POS,Retail,0
TXN_008708,USR_0466,11.48,2026-03-15 05:19:01,"New York, US",POS,Electronics,0
TXN_003357,USR_0102,37.96,2026-03-05 08:13:08,"Paris, FR",POS,Grocery,0
TXN_009646,USR_0375,16.69,2026-03-30 07:06:17,"Tokyo, JP",Desktop,Travel,0
TXN_007814,USR_0170,46.95,2026-03-31 13:16:12,"Tokyo, JP",POS,Electronics,0
TXN_009099,USR_0192,158.22,2026-03-14 01:26:40,"London, UK",Desktop,Travel,0
TXN_008221,USR_0464,110.3,2026-02-02 16:07:34,"London, UK",POS,Electronics,0
TXN_011069,USR_0454,29.34,2026-03-08 17:12:35,"London, UK",Desktop,Retail,0
TXN_002429,USR_0035,34.62,2026-02-14 17:40:35,"London, UK",Desktop,Electronics,0
TXN_005044,USR_0475,130.2,2026-03-12 12:20:00,"London, UK",POS,Grocery,0
TXN_005347,USR_0480,210.16,2026-02-06 05:08:43,"Paris, FR",POS,Electronics,0
TXN_008955,USR_0368,43.58,2026-01-30 15:35:26,Online,POS,Retail,0
TXN_004812,USR_0360,33.73,2026-03-15 17:24:59,"New York, US",Desktop,Retail,0
TXN_008477,USR_0407,5.91,2026-03-07 16:55:07,Online,POS,Grocery,0
TXN_000687,USR_0370,36.8,2026-03-11 16:16:42,"Tokyo, JP",Desktop,Retail,0
TXN_004800,USR_0048,227.3,2026-01-26 20:43:54,"London, UK",Desktop,Retail,0
TXN_007438,USR_0396,36.32,2026-01-05 13:08:15,"London, UK",Mobile,Grocery,0
TXN_002354,USR_0143,19.9,2026-03-15 08:56:39,"Tokyo, JP",Mobile,Grocery,0
TXN_006354,USR_0256,66.07,2026-03-05 13:31:49,Online,POS,Electronics,0
TXN_004570,USR_0453,33.47,2026-01-29 15:21:18,"Tokyo, JP",POS,Electronics,0
TXN_008214,USR_0139,14.4,2026-03-23 12:52:59,"Tokyo, JP",Mobile,Electronics,0
TXN_002753,USR_0187,18.03,2026-01-31 14:20:34,"Tokyo, JP",Mobile,Electronics,0
TXN_009078,USR_0063,20.72,2026-02-20 16:38:03,"London, UK",Desktop,Retail,0
TXN_008074,USR_0135,9.27,2026-01-14 14:09:00,Online,Mobile,Travel,0
TXN_009110,USR_0158,87.08,2026-01-11 14:27:57,"Paris, FR",POS,Retail,0
TXN_001041,USR_0185,29.04,2026-02-27 06:28:25,"New York, US",POS,Grocery,0
TXN_007492,USR_0158,3.48,2026-01-09 07:17:10,"Paris, FR",POS,Grocery,0
TXN_001266,USR_0324,90.7,2026-01-07 09:57:19,"New York, US",Desktop,Travel,0
TXN_011115,USR_0237,13.52,2026-02-12 21:36:26,"New York, US",POS,Electronics,0
TXN_007060,USR_0172,166.13,2026-02-01 05:05:51,"Tokyo, JP",Desktop,Retail,0
TXN_000278,USR_0349,18.62,2026-03-14 12:41:40,Online,Desktop,Electronics,0
TXN_005085,USR_0224,27.56,2026-02-28 15:40:42,"Paris, FR",POS,Retail,0
TXN_010277,USR_0056,16.4,2026-03-17 14:53:30,"London, UK",POS,Grocery,0
TXN_009438,USR_0138,36.86,2026-02-01 04:52:16,Online,POS,Grocery,0
TXN_002383,USR_0396,32.93,2026-02-11 14:16:43,"Tokyo, JP",Desktop,Retail,0
TXN_000572,USR_0168,31.57,2026-03-16 22:00:55,"New York, US",POS,Retail,0
TXN_001436,USR_0129,82.97,2026-03-21 08:32:29,Online,Mobile,Grocery,0
TXN_009440,USR_0025,45.9,2026-03-11 08:41:02,"New York, US",POS,Retail,0
TXN_005353,USR_0465,10.09,2026-02-12 08:02:47,"New York, US",Mobile,Grocery,0
TXN_005446,USR_0474,14.92,2026-01-04 14:04:26,"London, UK",Desktop,Travel,0
TXN_001008,USR_0167,123.34,2026-01-02 16:10:50,"Tokyo, JP",POS,Grocery,0
TXN_004544,USR_0217,14.96,2026-03-11 10:01:55,"New York, US",Desktop,Retail,0
TXN_010577,USR_0355,105.88,2026-01-06 14:23:38,"Paris, FR",Desktop,Retail,0
TXN_002065,USR_0206,28.73,2026-02-12 19:04:20,"Tokyo, JP",POS,Retail,0
TXN_001137,USR_0320,14.99,2026-02-15 18:59:08,Online,POS,Retail,0
TXN_009883,USR_0057,6.93,2026-02-09 10:39:56,Online,Mobile,Retail,0
TXN_005344,USR_0209,75.88,2026-02-07 11:02:38,Online,POS,Electronics,0
TXN_010178,USR_0487,12.89,2026-01-30 14:28:10,"Tokyo, JP",Mobile,Grocery,0
TXN_000295,USR_0425,83.61,2026-03-29 11:58:33,"New York, US",POS,Electronics,0
TXN_009740,USR_0236,48.28,2026-03-21 08:47:08,"Paris, FR",POS,Retail,0
TXN_010205,USR_0282,273.59,2026-03-29 16:39:25,Online,Desktop,Retail,0
TXN_008781,USR_0444,72.51,2026-03-21 20:50:24,"Tokyo, JP",Mobile,Electronics,0
TXN_002404,USR_0248,24.74,2026-02-06 12:58:44,Online,POS,Retail,0
TXN_010322,USR_0275,29.08,2026-03-31 06:43:42,"Tokyo, JP",POS,Travel,0
TXN_003999,USR_0491,7.69,2026-02-15 10:25:03,"Paris, FR",Mobile,Travel,0
TXN_011187,USR_0318,10.64,2026-01-25 14:10:46,"Tokyo, JP",Desktop,Travel,0
TXN_003742,USR_0493,52.31,2026-02-01 01:52:02,"Tokyo, JP",Desktop,Electronics,0
TXN_011064,USR_0126,18.33,2026-01-29 15:41:48,Online,Desktop,Grocery,0
TXN_002720,USR_0327,25.04,2026-01-14 08:55:49,"Tokyo, JP",POS,Electronics,0
TXN_011039,USR_0427,52.32,2026-02-24 06:39:54,"Tokyo, JP",Mobile,Grocery,0
TXN_005151,USR_0155,116.47,2026-03-20 11:07:42,"Paris, FR",Mobile,Travel,0
TXN_002809,USR_0194,12.08,2026-02-05 11:53:57,"London, UK",Desktop,Grocery,0
TXN_009018,USR_0370,305.27,2026-01-03 13:40:25,"London, UK",Desktop,Electronics,0
TXN_000557,USR_0381,62.97,2026-03-05 07:35:32,"New York, US",POS,Grocery,0
TXN_010702,USR_0355,9.18,2026-02-07 08:01:46,"Tokyo, JP",Mobile,Grocery,0
TXN_004796,USR_0461,180.84,2026-01-07 16:48:49,"Paris, FR",Desktop,Grocery,0
TXN_002470,USR_0072,59.46,2026-03-14 16:20:26,"London, UK",Mobile,Grocery,0
TXN_003739,USR_0016,48.11,2026-01-25 17:55:53,Online,POS,Retail,0
TXN_004287,USR_0345,14.85,2026-02-20 09:01:47,"New York, US",Mobile,Travel,0
TXN_009909,USR_0155,19.21,2026-02-22 21:22:46,"Tokyo, JP",POS,Retail,0
TXN_002605,USR_0253,140.04,2026-03-22 07:11:21,Online,Desktop,Travel,0
TXN_000363,USR_0022,162.91,2026-01-04 20:05:02,Online,Desktop,Electronics,0
TXN_006925,USR_0425,40.77,2026-01-28 09:44:58,"London, UK",Desktop,Grocery,0
TXN_001705,USR_0192,7.25,2026-03-05 18:33:29,"London, UK",Desktop,Electronics,0
TXN_002140,USR_0141,23.91,2026-02-23 20:07:07,"Paris, FR",Mobile,Travel,0
TXN_003240,USR_0268,135.91,2026-02-04 05:36:50,"London, UK",Desktop,Travel,0
TXN_002384,USR_0415,107.61,2026-02-26 09:27:25,"Tokyo, JP",Mobile,Grocery,0
TXN_007315,USR_0244,43.9,2026-02-26 15:58:23,"New York, US",Mobile,Travel,0
TXN_004312,USR_0074,62.92,2026-03-04 08:26:13,"Paris, FR",Mobile,Travel,0
TXN_009478,USR_0009,26.24,2026-01-08 16:37:10,"London, UK",Mobile,Travel,0
TXN_001313,USR_0188,24.03,2026-03-01 20:39:02,"Tokyo, JP",Desktop,Retail,0
TXN_011306,USR_0152,90.43,2026-03-10 18:05:34,Online,POS,Electronics,0
TXN_003931,USR_0496,11.4,2026-01-19 09:16:13,"Paris, FR",POS,Retail,0
TXN_006184,USR_0121,163.71,2026-01-14 13:29:13,Online,Desktop,Retail,0
TXN_001592,USR_0218,74.75,2026-01-17 19:30:13,"Paris, FR",Mobile,Grocery,0
TXN_011441,USR_0443,7.47,2026-01-12 15:18:30,Online,Mobile,Grocery,0
TXN_002163,USR_0440,17.92,2026-02-10 10:48:19,"Paris, FR",POS,Retail,0
TXN_002397,USR_0068,97.06,2026-02-04 07:55:05,"New York, US",Mobile,Travel,0
TXN_000318,USR_0009,18.6,2026-03-22 16:32:36,"London, UK",POS,Retail,0
TXN_009517,USR_0357,20.96,2026-02-04 22:13:02,Online,Desktop,Grocery,0
TXN_005234,USR_0368,30.38,2026-03-28 12:17:44,"Paris, FR",Mobile,Travel,0
TXN_005069,USR_0380,44.49,2026-01-13 00:06:18,"London, UK",Mobile,Retail,0
TXN_004037,USR_0113,43.48,2026-03-02 09:12:02,Online,POS,Retail,0
TXN_008988,USR_0452,8.88,2026-02-11 14:10:50,Online,POS,Retail,0
TXN_003021,USR_0199,25.16,2026-03-25 13:57:11,"Paris, FR",Mobile,Grocery,0
TXN_009904,USR_0402,6.34,2026-03-17 19:18:47,"Paris, FR",POS,Grocery,0
TXN_008229,USR_0319,7.25,2026-01-10 17:01:47,"London, UK",Mobile,Retail,0
TXN_009106,USR_0254,2.53,2026-03-13 19:36:56,"New York, US",POS,Electronics,0
TXN_005296,USR_0288,25.79,2026-02-17 18:58:26,"Tokyo, JP",POS,Electronics,0
TXN_003973,USR_0374,52.5,2026-01-17 09:04:19,"London, UK",Desktop,Retail,0
TXN_005371,USR_0104,18.64,2026-01-08 07:56:41,"London, UK",Mobile,Grocery,0
TXN_004134,USR_0089,5.83,2026-03-21 13:46:18,"London, UK",Mobile,Retail,0
TXN_000975,USR_0373,64.88,2026-01-31 07:42:16,"New York, US",Mobile,Retail,0
TXN_007292,USR_0126,13.2,2026-03-05 12:57:52,"London, UK",Mobile,Grocery,0
TXN_009176,USR_0145,3.96,2026-03-18 20:47:11,"London, UK",POS,Retail,0
TXN_000955,USR_0135,76.76,2026-01-31 07:17:30,Online,Desktop,Grocery,0
TXN_009611,USR_0174,64.0,2026-01-25 23:52:53,Online,Mobile,Travel,0
TXN_009753,USR_0439,43.71,2026-01-16 14:17:00,"London, UK",POS,Grocery,0
TXN_009548,USR_0473,53.04,2026-03-03 14:08:05,"New York, US",Mobile,Retail,0
TXN_011164,USR_0350,5.28,2026-02-19 15:18:00,"Paris, FR",Desktop,Grocery,0
TXN_005017,USR_0478,61.98,2026-03-20 21:07:27,"New York, US",Desktop,Grocery,0
TXN_011675,USR_0279,1500.0,2026-01-29 03:07:48,"Lagos, NG",ATM,Gaming,1
TXN_009180,USR_0431,33.49,2026-01-26 19:11:27,"Paris, FR",Desktop,Retail,0
TXN_007491,USR_0063,23.38,2026-03-09 08:09:18,Online,POS,Retail,0
TXN_001641,USR_0003,21.84,2026-01-02 18:43:11,"Paris, FR",POS,Electronics,0
TXN_001291,USR_0456,16.85,2026-02-25 22:09:13,Online,Desktop,Retail,0
TXN_001381,USR_0397,29.04,2026-03-03 09:48:27,"New York, US",Mobile,Grocery,0
TXN_001934,USR_0182,127.26,2026-02-25 21:00:22,"London, UK",Mobile,Retail,0
TXN_004676,USR_0435,71.46,2026-01-03 11:54:42,"Tokyo, JP",POS,Retail,0
TXN_010223,USR_0092,73.05,2026-03-16 13:04:25,Online,Desktop,Retail,0
TXN_000893,USR_0059,147.33,2026-03-03 05:43:30,"Paris, FR",Mobile,Travel,0
TXN_007288,USR_0265,19.54,2026-01-11 15:28:04,Online,POS,Electronics,0
TXN_004877,USR_0015,79.17,2026-02-26 15:00:13,Online,Desktop,Grocery,0
TXN_007907,USR_0056,57.03,2026-03-14 09:41:20,"Tokyo, JP",POS,Travel,0
TXN_008195,USR_0259,4.56,2026-01-15 16:09:45,"Tokyo, JP",POS,Travel,0
TXN_011827,USR_0012,5686.97,2026-03-31 23:34:15,"Lagos, NG",Mobile,Wire_Transfer,1
TXN_010302,USR_0359,208.25,2026-02-03 16:30:00,"Paris, FR",POS,Grocery,0
TXN_009042,USR_0460,25.27,2026-03-25 14:03:55,"Paris, FR",Mobile,Grocery,0
TXN_002467,USR_0112,18.04,2026-03-23 09:23:29,"New York, US",POS,Retail,0
TXN_007658,USR_0028,19.78,2026-01-06 10:39:15,Online,Mobile,Travel,0
TXN_010107,USR_0173,66.11,2026-01-12 11:35:19,Online,Desktop,Electronics,0
TXN_009789,USR_0177,28.12,2026-01-08 20:32:44,"London, UK",Desktop,Retail,0
TXN_001914,USR_0123,146.81,2026-01-12 06:10:36,"New York, US",Mobile,Electronics,0
TXN_002737,USR_0047,3.75,2026-03-23 07:25:20,Online,Desktop,Electronics,0
TXN_000727,USR_0443,15.87,2026-03-29 15:00:30,"London, UK",POS,Retail,0
TXN_007215,USR_0408,56.47,2026-02-01 19:59:36,Online,Mobile,Grocery,0
TXN_008246,USR_0427,6.38,2026-03-06 16:55:19,"London, UK",Mobile,Electronics,0
TXN_001797,USR_0238,80.88,2026-02-09 19:29:18,"Paris, FR",POS,Travel,0
TXN_003846,USR_0013,7.53,2026-02-21 13:45:39,"Tokyo, JP",Mobile,Grocery,0
TXN_006403,USR_0116,15.32,2026-01-29 17:27:35,Online,Desktop,Electronics,0
TXN_000937,USR_0248,23.69,2026-02-01 08:48:21,"Paris, FR",POS,Retail,0
TXN_002266,USR_0496,72.5,2026-02-06 07:04:34,Online,Mobile,Travel,0
TXN_000825,USR_0379,28.02,2026-03-13 17:55:14,Online,Desktop,Retail,0
TXN_007275,USR_0479,104.22,2026-01-02 09:51:20,Online,Desktop,Grocery,0
TXN_001390,USR_0051,16.19,2026-01-28 14:58:32,"Paris, FR",Desktop,Electronics,0
TXN_003565,USR_0370,338.56,2026-04-01 12:56:23,Online,Desktop,Retail,0
TXN_009077,USR_0445,135.92,2026-01-08 11:30:07,"New York, US",Desktop,Retail,0
TXN_005430,USR_0182,41.56,2026-03-07 11:12:42,"Tokyo, JP",POS,Retail,0
TXN_007828,USR_0086,69.19,2026-03-27 14:02:10,"London, UK",POS,Grocery,0
TXN_005691,USR_0343,5.86,2026-01-01 21:17:46,"Paris, FR",POS,Travel,0
TXN_007879,USR_0010,64.71,2026-01-28 10:48:08,"Tokyo, JP",POS,Retail,0
TXN_001869,USR_0348,31.38,2026-01-22 14:59:03,"New York, US",Desktop,Retail,0
TXN_008203,USR_0050,1.5,2026-01-28 11:01:18,Online,POS,Grocery,0
TXN_007487,USR_0225,27.81,2026-01-11 09:42:46,"Paris, FR",Mobile,Travel,0
TXN_009656,USR_0420,63.63,2026-03-31 07:48:23,"Paris, FR",POS,Grocery,0
TXN_000807,USR_0475,89.66,2026-03-23 15:53:43,Online,Mobile,Retail,0
TXN_004806,USR_0488,39.7,2026-02-04 12:23:45,"Tokyo, JP",Desktop,Retail,0
TXN_010587,USR_0014,99.07,2026-03-09 06:51:32,"London, UK",Desktop,Travel,0
TXN_010301,USR_0426,10.5,2026-01-31 11:24:30,"New York, US",Mobile,Retail,0
TXN_010974,USR_0264,52.78,2026-02-26 07:16:40,"London, UK",Desktop,Retail,0
TXN_011945,USR_0427,6217.34,2026-02-28 00:52:05,"Moscow, RU",ATM,Wire_Transfer,1
TXN_010427,USR_0288,56.68,2026-01-02 11:11:37,"Tokyo, JP",Desktop,Electronics,0
TXN_009156,USR_0200,62.9,2026-02-12 12:28:44,"Tokyo, JP",Mobile,Electronics,0
TXN_007512,USR_0074,12.46,2026-03-01 21:23:19,"Tokyo, JP",Mobile,Retail,0
TXN_008057,USR_0202,36.71,2026-02-15 16:16:13,Online,POS,Travel,0
TXN_004495,USR_0194,45.82,2026-03-02 06:46:23,Online,Desktop,Electronics,0
TXN_002633,USR_0012,17.43,2026-01-18 13:49:49,"New York, US",POS,Electronics,0
TXN_010674,USR_0247,46.74,2026-01-02 13:06:58,"Tokyo, JP",Mobile,Grocery,0
TXN_008897,USR_0157,92.5,2026-02-10 06:44:38,"Tokyo, JP",Desktop,Retail,0
TXN_008624,USR_0402,16.19,2026-01-24 14:31:13,"Paris, FR",POS,Grocery,0
TXN_007833,USR_0035,49.53,2026-04-01 16:44:37,"Tokyo, JP",Desktop,Retail,0
TXN_004389,USR_0304,50.8,2026-01-15 12:39:00,"New York, US",POS,Travel,0
TXN_000146,USR_0053,29.53,2026-01-02 21:36:18,"Paris, FR",Desktop,Retail,0
TXN_006468,USR_0434,12.81,2026-01-24 08:35:57,"Paris, FR",POS,Grocery,0
TXN_002034,USR_0208,97.71,2026-02-18 08:10:03,"Tokyo, JP",POS,Retail,0
TXN_010943,USR_0309,65.57,2026-03-16 08:56:36,"Paris, FR",Mobile,Travel,0
TXN_001166,USR_0180,13.91,2026-03-12 07:20:17,"London, UK",POS,Grocery,0
TXN_002051,USR_0291,20.15,2026-03-22 12:31:06,"New York, US",Mobile,Grocery,0
TXN_003761,USR_0084,78.59,2026-03-08 10:15:15,Online,Mobile,Retail,0
TXN_004436,USR_0490,12.03,2026-03-21 18:56:28,"Paris, FR",POS,Retail,0
TXN_003431,USR_0447,30.11,2026-03-04 09:46:40,"Paris, FR",Desktop,Grocery,0
TXN_008191,USR_0222,60.12,2026-03-17 10:37:02,"London, UK",Mobile,Retail,0
TXN_010508,USR_0447,6.38,2026-02-06 16:19:16,"Tokyo, JP",Desktop,Electronics,0
TXN_007070,USR_0252,29.28,2026-02-08 08:45:56,Online,Desktop,Retail,0
TXN_004362,USR_0176,16.04,2026-01-24 16:13:58,Online,Desktop,Grocery,0
TXN_009455,USR_0008,3.56,2026-01-28 10:04:34,"Tokyo, JP",Mobile,Electronics,0
TXN_001772,USR_0109,18.12,2026-02-28 18:14:04,"Tokyo, JP",POS,Travel,0
TXN_003512,USR_0067,23.86,2026-01-31 09:54:32,Online,POS,Grocery,0
TXN_000272,USR_0302,34.3,2026-02-21 17:33:05,"Paris, FR",Desktop,Electronics,0
TXN_008437,USR_0027,22.91,2026-03-14 14:37:32,"Paris, FR",Mobile,Grocery,0
TXN_002033,USR_0419,15.18,2026-03-30 11:29:30,"Tokyo, JP",POS,Electronics,0
TXN_009006,USR_0118,12.59,2026-02-03 15:43:22,"Paris, FR",Desktop,Grocery,0
TXN_011597,USR_0498,999.0,2026-01-18 02:16:10,"Sydney, AU",Desktop,Gaming,1
TXN_003811,USR_0084,80.98,2026-03-13 19:39:20,"Tokyo, JP",Mobile,Grocery,0
TXN_009997,USR_0089,33.47,2026-01-10 17:32:08,"London, UK",Desktop,Retail,0
TXN_004347,USR_0399,170.24,2026-01-05 11:02:38,"Tokyo, JP",Mobile,Retail,0
TXN_000546,USR_0362,79.24,2026-02-08 08:58:39,Online,Mobile,Electronics,0
TXN_003242,USR_0099,12.27,2026-03-09 13:18:22,"London, UK",Desktop,Travel,0
TXN_008931,USR_0070,13.03,2026-02-19 09:03:11,"New York, US",Mobile,Grocery,0
TXN_008503,USR_0433,25.0,2026-03-20 20:56:37,"Paris, FR",POS,Grocery,0
TXN_009324,USR_0018,14.43,2026-01-23 01:05:12,"Paris, FR",Desktop,Grocery,0
TXN_011898,USR_0053,1500.0,2026-01-10 00:53:48,"Moscow, RU",ATM,Electronics,1
TXN_007565,USR_0409,37.38,2026-03-15 16:47:55,"London, UK",POS,Grocery,0
TXN_000921,USR_0411,37.44,2026-03-12 08:39:44,"New York, US",Mobile,Retail,0
TXN_010933,USR_0336,81.79,2026-01-11 04:58:28,"Paris, FR",POS,Travel,0
TXN_006641,USR_0196,71.37,2026-03-25 06:05:06,Online,POS,Retail,0
TXN_007695,USR_0325,150.1,2026-02-08 08:34:43,"New York, US",Mobile,Travel,0
TXN_008231,USR_0384,79.38,2026-02-24 11:29:54,Online,POS,Grocery,0
TXN_007127,USR_0208,8.28,2026-02-03 10:14:28,"Paris, FR",Mobile,Electronics,0
TXN_004279,USR_0397,44.96,2026-01-11 10:36:15,Online,Desktop,Travel,0
TXN_002984,USR_0421,50.19,2026-03-02 11:34:10,"Tokyo, JP",POS,Grocery,0
TXN_000131,USR_0437,85.97,2026-02-01 19:53:59,"New York, US",Desktop,Retail,0
TXN_007981,USR_0377,11.66,2026-02-25 18:30:57,"London, UK",Mobile,Travel,0
TXN_002668,USR_0151,24.45,2026-02-17 13:39:26,"London, UK",Desktop,Retail,0
TXN_007139,USR_0309,8.5,2026-02-02 19:46:19,"New York, US",Desktop,Grocery,0
TXN_003224,USR_0341,44.65,2026-01-18 12:44:16,"Paris, FR",Mobile,Grocery,0
TXN_009375,USR_0498,21.83,2026-01-02 17:43:58,"Paris, FR",POS,Electronics,0
TXN_007694,USR_0425,48.25,2026-01-08 22:28:47,Online,Mobile,Grocery,0
TXN_005393,USR_0278,12.52,2026-01-28 09:26:59,"London, UK",Desktop,Travel,0
TXN_000615,USR_0060,32.28,2026-01-30 09:47:32,"New York, US",Mobile,Grocery,0
TXN_011882,USR_0289,999.0,2026-01-31 23:21:21,"Moscow, RU",Mobile,Wire_Transfer,1
TXN_001467,USR_0181,31.73,2026-02-23 05:38:46,Online,POS,Grocery,0
TXN_004498,USR_0047,32.32,2026-01-12 16:00:20,"New York, US",Mobile,Grocery,0
TXN_003043,USR_0372,76.88,2026-02-17 20:25:28,Online,Mobile,Electronics,0
TXN_009127,USR_0316,27.88,2026-03-26 14:47:23,"Tokyo, JP",Desktop,Retail,0
TXN_002420,USR_0384,26.88,2026-03-12 21:26:25,"New York, US",Desktop,Grocery,0
TXN_005086,USR_0142,29.52,2026-03-26 10:36:35,"Tokyo, JP",Mobile,Travel,0
TXN_003295,USR_0018,4.93,2026-03-10 11:11:43,"Paris, FR",Mobile,Grocery,0
TXN_006738,USR_0177,12.85,2026-01-12 14:35:12,"Paris, FR",POS,Grocery,0
TXN_001501,USR_0434,17.15,2026-01-19 16:07:22,"New York, US",Mobile,Grocery,0
TXN_009019,USR_0112,18.35,2026-01-24 05:28:25,"London, UK",Desktop,Electronics,0
TXN_001522,USR_0041,25.94,2026-03-03 11:19:09,"London, UK",POS,Grocery,0
TXN_010932,USR_0393,14.85,2026-01-11 17:12:39,Online,POS,Grocery,0
TXN_004233,USR_0122,30.78,2026-03-23 19:09:40,"Paris, FR",Desktop,Retail,0
TXN_007687,USR_0219,85.33,2026-01-26 09:54:24,Online,Mobile,Grocery,0
TXN_008821,USR_0320,21.3,2026-02-03 10:49:09,"Paris, FR",Desktop,Electronics,0
TXN_004431,USR_0043,38.15,2026-03-04 11:26:34,"London, UK",Mobile,Grocery,0
TXN_000391,USR_0370,115.13,2026-01-07 08:37:30,"London, UK",POS,Electronics,0
TXN_011832,USR_0228,4763.1,2026-03-05 02:18:18,"Sydney, AU",Mobile,Gaming,1
TXN_007125,USR_0247,16.72,2026-04-01 12:49:23,"Tokyo, JP",Mobile,Retail,0
TXN_005914,USR_0206,51.85,2026-01-01 15:08:11,"New York, US",Desktop,Travel,0
TXN_008593,USR_0222,22.39,2026-03-19 10:30:02,"New York, US",POS,Retail,0
TXN_004807,USR_0372,30.15,2026-03-31 19:50:03,Online,POS,Electronics,0
TXN_010735,USR_0432,35.69,2026-01-17 19:06:33,"New York, US",Desktop,Electronics,0
TXN_008239,USR_0167,51.71,2026-01-28 15:37:14,Online,Mobile,Retail,0
TXN_008045,USR_0131,17.93,2026-01-09 05:10:36,Online,POS,Retail,0
TXN_011735,USR_0451,1500.0,2026-01-01 02:24:52,Online,ATM,Crypto,1
TXN_003994,USR_0400,17.26,2026-02-21 12:30:12,"Tokyo, JP",Desktop,Grocery,0
TXN_011460,USR_0219,45.65,2026-01-22 20:41:46,"London, UK",Mobile,Electronics,0
TXN_006610,USR_0100,41.75,2026-02-03 10:01:49,Online,POS,Grocery,0
TXN_005320,USR_0077,9.49,2026-03-11 18:23:15,"Tokyo, JP",Mobile,Retail,0
TXN_011808,USR_0290,5000.0,2026-03-01 03:08:44,"Moscow, RU",Mobile,Wire_Transfer,1
TXN_007120,USR_0294,161.89,2026-01-04 22:09:46,"New York, US",Desktop,Grocery,0
TXN_002422,USR_0315,7.19,2026-02-17 07:36:41,"London, UK",Mobile,Grocery,0
TXN_005605,USR_0164,22.84,2026-02-09 10:53:40,"London, UK",Desktop,Grocery,0
TXN_001751,USR_0391,172.34,2026-03-12 16:07:23,"New York, US",Mobile,Travel,0
TXN_010808,USR_0282,138.4,2026-03-07 13:19:22,Online,POS,Electronics,0
TXN_011660,USR_0409,5000.0,2026-03-27 05:05:38,"Sydney, AU",Desktop,Electronics,1
TXN_000339,USR_0208,7.55,2026-02-16 07:32:51,"London, UK",Mobile,Retail,0
TXN_008408,USR_0468,26.83,2026-02-11 19:18:06,"New York, US",Desktop,Electronics,0
TXN_001342,USR_0348,8.56,2026-03-12 10:07:19,"New York, US",Desktop,Travel,0
TXN_011452,USR_0161,33.83,2026-02-25 11:57:19,"Paris, FR",POS,Retail,0
TXN_007983,USR_0377,213.95,2026-02-23 16:31:02,"Tokyo, JP",Mobile,Electronics,0
TXN_003641,USR_0414,11.04,2026-01-02 11:04:45,"Tokyo, JP",Mobile,Retail,0
TXN_000330,USR_0386,21.74,2026-03-24 13:12:18,"Tokyo, JP",Mobile,Electronics,0
TXN_010591,USR_0134,66.3,2026-01-18 10:22:46,"Tokyo, JP",Mobile,Electronics,0
TXN_003005,USR_0199,97.92,2026-02-17 12:13:19,"Paris, FR",POS,Travel,0
TXN_006961,USR_0326,42.14,2026-03-31 12:34:43,"New York, US",Mobile,Travel,0
TXN_004091,USR_0041,28.58,2026-01-23 02:58:14,Online,POS,Grocery,0
TXN_009829,USR_0332,11.87,2026-01-15 20:17:07,"Tokyo, JP",POS,Retail,0
TXN_002323,USR_0023,45.05,2026-02-07 15:59:09,Online,Mobile,Grocery,0
TXN_006668,USR_0158,23.34,2026-02-12 11:48:08,"London, UK",Mobile,Retail,0
TXN_007010,USR_0470,19.25,2026-02-12 17:01:28,"Paris, FR",POS,Grocery,0
TXN_004198,USR_0275,8.6,2026-03-10 04:06:24,"Tokyo, JP",POS,Travel,0
TXN_003550,USR_0282,66.61,2026-01-19 17:15:57,"London, UK",Desktop,Electronics,0
TXN_009651,USR_0178,8.72,2026-03-11 14:53:01,"Paris, FR",POS,Retail,0
TXN_008364,USR_0471,37.07,2026-01-08 11:20:37,"New York, US",Desktop,Grocery,0
TXN_004204,USR_0274,24.39,2026-02-02 10:22:33,"New York, US",Mobile,Grocery,0
TXN_011170,USR_0178,26.36,2026-01-17 09:24:38,"Paris, FR",Mobile,Retail,0
TXN_010714,USR_0114,99.7,2026-01-13 06:47:52,"New York, US",Mobile,Retail,0
TXN_006186,USR_0078,42.3,2026-01-26 08:50:47,Online,Desktop,Travel,0
TXN_001640,USR_0009,46.04,2026-03-30 10:08:41,"New York, US",POS,Retail,0
TXN_009131,USR_0345,20.36,2026-02-17 09:55:06,"London, UK",POS,Travel,0
TXN_000061,USR_0146,8.04,2026-01-21 07:28:53,Online,POS,Grocery,0
TXN_001241,USR_0473,21.56,2026-02-05 21:49:27,"Tokyo, JP",Desktop,Retail,0
TXN_005761,USR_0287,22.94,2026-03-04 14:33:32,Online,Desktop,Electronics,0
TXN_005137,USR_0150,63.98,2026-01-19 15:07:54,"London, UK",Desktop,Travel,0
TXN_002344,USR_0460,73.25,2026-02-13 07:37:38,Online,Mobile,Electronics,0
TXN_002121,USR_0111,12.49,2026-02-16 00:07:57,"London, UK",Mobile,Grocery,0
TXN_001525,USR_0218,61.69,2026-02-22 17:06:29,Online,Desktop,Grocery,0
TXN_007618,USR_0325,113.55,2026-02-09 13:13:33,"Paris, FR",POS,Retail,0
TXN_000154,USR_0081,92.99,2026-01-31 09:11:35,"New York, US",Mobile,Grocery,0
TXN_000482,USR_0221,15.37,2026-01-23 01:06:58,"New York, US",POS,Retail,0
TXN_006123,USR_0115,168.23,2026-02-06 21:02:23,"Paris, FR",POS,Retail,0
TXN_007675,USR_0144,14.13,2026-01-10 17:03:42,"Tokyo, JP",Mobile,Retail,0
TXN_007102,USR_0410,48.53,2026-01-12 13:11:26,"Paris, FR",Desktop,Grocery,0
TXN_001763,USR_0367,4.91,2026-03-26 02:57:06,"Paris, FR",POS,Grocery,0
TXN_008943,USR_0082,19.8,2026-02-27 12:14:46,"New York, US",Desktop,Electronics,0
TXN_007716,USR_0284,25.85,2026-03-12 13:26:42,"Paris, FR",Desktop,Retail,0
TXN_009978,USR_0440,34.13,2026-01-31 08:32:34,"Tokyo, JP",POS,Retail,0
TXN_010886,USR_0309,6.95,2026-04-01 18:40:39,"London, UK",Desktop,Travel,0
TXN_007480,USR_0174,18.51,2026-03-25 10:12:08,Online,POS,Grocery,0
TXN_006213,USR_0396,17.2,2026-03-09 08:35:08,"London, UK",Mobile,Retail,0
TXN_004854,USR_0356,17.88,2026-03-03 06:54:30,"New York, US",POS,Grocery,0
TXN_002712,USR_0345,6.71,2026-02-05 08:48:20,"New York, US",POS,Grocery,0
TXN_006767,USR_0049,8.41,2026-03-27 22:52:47,Online,Mobile,Travel,0
TXN_004151,USR_0094,22.34,2026-01-03 15:19:44,"New York, US",Mobile,Grocery,0
TXN_001334,USR_0060,13.97,2026-01-06 19:20:36,"London, UK",Desktop,Grocery,0
TXN_011288,USR_0025,26.36,2026-02-01 10:31:59,"Paris, FR",Desktop,Travel,0
TXN_008379,USR_0292,120.78,2026-03-05 11:42:36,"Paris, FR",POS,Grocery,0
TXN_009329,USR_0037,41.57,2026-01-01 14:21:44,"New York, US",Mobile,Travel,0
TXN_011264,USR_0004,67.33,2026-03-26 04:17:37,"Tokyo, JP",Mobile,Retail,0
TXN_011647,USR_0143,7929.72,2026-01-15 00:24:28,"Lagos, NG",Desktop,Crypto,1
TXN_010251,USR_0425,5.89,2026-01-17 13:11:30,"Tokyo, JP",POS,Grocery,0
TXN_010936,USR_0179,36.66,2026-03-26 10:43:48,"Paris, FR",POS,Grocery,0
TXN_003851,USR_0465,7.42,2026-02-14 05:51:41,Online,Desktop,Retail,0
TXN_008341,USR_0221,20.05,2026-01-22 00:32:07,Online,Mobile,Grocery,0
TXN_004125,USR_0463,53.23,2026-01-24 14:25:27,"London, UK",Mobile,Travel,0
TXN_010746,USR_0108,145.14,2026-01-13 11:25:15,"London, UK",Mobile,Grocery,0
TXN_004789,USR_0021,90.96,2026-01-31 05:32:23,Online,POS,Retail,0
TXN_002867,USR_0493,34.51,2026-03-23 17:20:18,"New York, US",Desktop,Travel,0
TXN_001387,USR_0400,15.12,2026-03-20 09:15:32,Online,Mobile,Grocery,0
TXN_005942,USR_0439,76.35,2026-02-13 21:54:18,"London, UK",Desktop,Grocery,0
TXN_003068,USR_0224,32.46,2026-02-19 00:20:07,"London, UK",Mobile,Grocery,0
TXN_010859,USR_0427,73.83,2026-03-14 10:19:47,Online,Mobile,Electronics,0
TXN_003630,USR_0324,2.42,2026-03-31 11:17:36,"New York, US",Desktop,Retail,0
TXN_011347,USR_0349,28.71,2026-01-17 19:54:41,Online,POS,Travel,0
TXN_010729,USR_0226,12.47,2026-02-15 17:02:52,"Paris, FR",Desktop,Travel,0
TXN_003029,USR_0260,31.62,2026-02-01 06:58:59,"London, UK",Mobile,Grocery,0
TXN_002970,USR_0331,250.28,2026-01-25 17:27:47,"Tokyo, JP",Mobile,Grocery,0
TXN_009901,USR_0251,57.04,2026-04-01 22:33:34,"Tokyo, JP",Mobile,Retail,0
TXN_008647,USR_0266,24.71,2026-01-17 23:54:13,"Tokyo, JP",POS,Electronics,0
TXN_006137,USR_0017,65.88,2026-03-31 16:09:24,"Paris, FR",POS,Travel,0
TXN_008802,USR_0028,21.18,2026-01-22 14:58:41,"Tokyo, JP",Mobile,Grocery,0
TXN_004264,USR_0363,8.17,2026-02-13 10:10:06,"New York, US",POS,Travel,0
TXN_000646,USR_0464,224.53,2026-02-12 08:07:02,"Paris, FR",Mobile,Retail,0
TXN_011585,USR_0185,6703.75,2026-01-16 01:44:55,"Moscow, RU",Mobile,Electronics,1
TXN_002075,USR_0244,397.5,2026-03-10 12:44:50,"London, UK",POS,Retail,0
TXN_000342,USR_0487,320.76,2026-03-14 17:02:38,"London, UK",POS,Retail,0
TXN_008042,USR_0016,41.16,2026-02-24 06:27:28,"New York, US",Desktop,Travel,0
TXN_001623,USR_0133,12.98,2026-02-18 09:52:57,"New York, US",Mobile,Retail,0
TXN_007142,USR_0340,31.45,2026-03-05 16:54:24,"Tokyo, JP",Mobile,Travel,0
TXN_005797,USR_0428,40.45,2026-01-15 16:25:50,"London, UK",Mobile,Grocery,0
TXN_007185,USR_0352,22.46,2026-02-26 02:23:53,"New York, US",Desktop,Grocery,0
TXN_011190,USR_0147,16.99,2026-03-03 17:47:53,"New York, US",Mobile,Retail,0
TXN_008233,USR_0241,162.32,2026-03-03 12:41:40,"London, UK",Mobile,Electronics,0
TXN_005476,USR_0258,38.22,2026-02-14 08:54:59,"New York, US",POS,Grocery,0
TXN_010282,USR_0243,10.16,2026-01-13 09:01:19,"Tokyo, JP",Mobile,Electronics,0
TXN_010368,USR_0035,38.69,2026-03-09 09:59:24,"Paris, FR",POS,Electronics,0
TXN_011101,USR_0331,223.36,2026-01-16 07:56:57,Online,Desktop,Travel,0
TXN_000075,USR_0443,134.67,2026-02-01 15:17:10,"New York, US",Desktop,Grocery,0
TXN_011872,USR_0264,2004.51,2026-03-21 22:21:04,"Lagos, NG",Mobile,Gaming,1
TXN_010269,USR_0195,29.29,2026-02-22 06:37:28,"Paris, FR",Mobile,Electronics,0
TXN_008634,USR_0031,23.24,2026-03-15 19:19:13,Online,Mobile,Retail,0
TXN_011071,USR_0353,6.07,2026-02-01 11:59:48,"Tokyo, JP",Mobile,Grocery,0
TXN_002052,USR_0281,27.59,2026-01-12 07:31:06,"Paris, FR",Desktop,Retail,0
TXN_002542,USR_0190,30.89,2026-02-08 10:18:48,"Tokyo, JP",Desktop,Electronics,0
TXN_001302,USR_0272,137.33,2026-02-20 15:30:51,"New York, US",Desktop,Retail,0
TXN_005878,USR_0490,25.9,2026-01-26 05:50:51,"London, UK",Mobile,Grocery,0
TXN_007369,USR_0384,18.56,2026-02-16 15:52:12,Online,Desktop,Electronics,0
TXN_001305,USR_0047,50.32,2026-01-03 21:30:42,"Tokyo, JP",Mobile,Electronics,0
TXN_008429,USR_0167,21.76,2026-03-07 12:58:47,"New York, US",Desktop,Grocery,0
TXN_010901,USR_0355,238.35,2026-03-02 17:31:12,"Paris, FR",Desktop,Grocery,0
TXN_002600,USR_0038,25.7,2026-01-26 01:30:07,"Paris, FR",Mobile,Retail,0
TXN_002574,USR_0108,18.72,2026-02-03 09:06:21,"New York, US",Desktop,Electronics,0
TXN_003187,USR_0201,72.7,2026-03-09 13:37:39,Online,Mobile,Retail,0
TXN_002769,USR_0333,11.85,2026-03-05 17:46:07,"Tokyo, JP",Mobile,Grocery,0
TXN_004832,USR_0272,15.45,2026-01-28 14:18:56,"Tokyo, JP",Desktop,Retail,0
TXN_004224,USR_0312,3.52,2026-01-02 14:21:15,"London, UK",POS,Electronics,0
TXN_011581,USR_0044,5339.54,2026-02-08 01:55:11,"Sydney, AU",ATM,Wire_Transfer,1
TXN_002107,USR_0317,45.68,2026-04-01 12:34:58,"New York, US",POS,Retail,0
TXN_002680,USR_0113,24.9,2026-03-07 13:08:51,"London, UK",Mobile,Electronics,0
TXN_001388,USR_0420,16.6,2026-03-16 09:48:00,Online,Mobile,Electronics,0
TXN_010708,USR_0122,20.48,2026-03-14 13:21:51,"London, UK",POS,Grocery,0
TXN_011592,USR_0368,8625.73,2026-02-15 00:49:17,"Lagos, NG",Mobile,Electronics,1
TXN_007084,USR_0322,31.67,2026-01-13 11:15:14,"Tokyo, JP",POS,Grocery,0
TXN_001280,USR_0099,32.72,2026-01-16 08:33:06,Online,Desktop,Travel,0
TXN_000805,USR_0313,108.39,2026-01-26 09:12:07,"Paris, FR",Mobile,Retail,0
TXN_001556,USR_0082,159.66,2026-01-23 05:52:55,Online,Mobile,Grocery,0
TXN_011382,USR_0263,10.21,2026-03-24 19:00:33,"Tokyo, JP",Desktop,Travel,0
TXN_004567,USR_0491,13.61,2026-01-25 14:15:13,"London, UK",Mobile,Retail,0
TXN_011603,USR_0091,1290.86,2026-03-22 02:17:19,Online,Mobile,Wire_Transfer,1
TXN_004842,USR_0415,161.5,2026-01-13 02:20:27,"New York, US",Desktop,Travel,0
TXN_003595,USR_0133,27.89,2026-01-10 14:56:47,"London, UK",Mobile,Retail,0
TXN_006036,USR_0295,51.08,2026-03-10 12:40:15,"Tokyo, JP",POS,Retail,0
TXN_006853,USR_0070,22.86,2026-02-20 05:08:06,"New York, US",Desktop,Grocery,0
TXN_010113,USR_0330,173.06,2026-02-28 18:11:24,"Tokyo, JP",Mobile,Electronics,0
TXN_008706,USR_0305,45.2,2026-04-01 12:10:49,Online,Desktop,Electronics,0
TXN_004178,USR_0004,25.85,2026-03-23 02:57:59,Online,POS,Grocery,0
TXN_001309,USR_0198,22.56,2026-03-30 13:21:33,"New York, US",Desktop,Retail,0
TXN_009107,USR_0038,163.64,2026-03-21 11:43:10,"Paris, FR",POS,Travel,0
TXN_003453,USR_0449,152.98,2026-01-15 15:54:32,"London, UK",POS,Electronics,0
TXN_003696,USR_0057,105.3,2026-01-16 16:39:08,Online,POS,Retail,0
TXN_004243,USR_0375,60.94,2026-02-07 07:07:53,"Paris, FR",Mobile,Grocery,0
TXN_002199,USR_0267,166.46,2026-03-31 11:21:53,Online,Mobile,Retail,0
TXN_008967,USR_0004,150.72,2026-01-07 11:38:06,"Paris, FR",Desktop,Grocery,0
TXN_004426,USR_0490,23.24,2026-02-03 07:19:24,"New York, US",Desktop,Electronics,0
TXN_006151,USR_0052,48.31,2026-02-07 13:42:52,Online,Desktop,Travel,0
TXN_000944,USR_0350,50.82,2026-01-25 12:31:47,"London, UK",Mobile,Electronics,0
TXN_000823,USR_0129,78.29,2026-01-19 19:53:03,"Tokyo, JP",Mobile,Travel,0
TXN_005006,USR_0484,43.91,2026-03-05 10:23:28,"London, UK",POS,Electronics,0
TXN_006613,USR_0141,7.02,2026-03-09 13:40:16,Online,Desktop,Retail,0
TXN_008357,USR_0174,378.41,2026-03-03 23:16:30,"Paris, FR",Desktop,Grocery,0
TXN_005620,USR_0131,34.52,2026-01-05 08:32:27,"Tokyo, JP",Desktop,Retail,0
TXN_004548,USR_0130,103.35,2026-02-05 09:24:36,"London, UK",Mobile,Retail,0
TXN_002539,USR_0438,66.05,2026-03-05 08:13:34,"London, UK",POS,Retail,0
TXN_009504,USR_0153,195.91,2026-03-22 07:50:16,"Tokyo, JP",Mobile,Electronics,0
TXN_005208,USR_0236,21.46,2026-03-05 15:55:58,"London, UK",Desktop,Grocery,0
TXN_011414,USR_0062,107.84,2026-02-04 13:07:08,"Tokyo, JP",Desktop,Grocery,0
TXN_010801,USR_0361,24.55,2026-01-08 17:57:00,"London, UK",POS,Grocery,0
TXN_003055,USR_0098,56.51,2026-02-14 13:19:12,"Tokyo, JP",POS,Electronics,0
TXN_003676,USR_0012,24.39,2026-03-21 14:53:04,"New York, US",Desktop,Grocery,0
TXN_007777,USR_0012,71.11,2026-01-17 11:54:17,"Tokyo, JP",POS,Grocery,0
TXN_007219,USR_0205,45.93,2026-01-09 08:24:32,"New York, US",POS,Grocery,0
TXN_006723,USR_0146,8.76,2026-03-06 12:28:17,Online,Mobile,Travel,0
TXN_003301,USR_0143,13.18,2026-02-10 06:16:38,"London, UK",POS,Grocery,0
TXN_003311,USR_0046,17.16,2026-03-08 09:09:39,"Paris, FR",Mobile,Retail,0
TXN_007222,USR_0101,37.11,2026-02-25 22:25:23,"New York, US",Mobile,Travel,0
TXN_008520,USR_0487,84.72,2026-02-07 09:31:49,"Tokyo, JP",Desktop,Retail,0
TXN_010683,USR_0008,185.44,2026-01-05 12:08:29,"Paris, FR",Mobile,Retail,0
TXN_005955,USR_0192,48.12,2026-03-01 11:02:48,"London, UK",POS,Travel,0
TXN_000833,USR_0067,114.24,2026-01-21 16:37:54,"Tokyo, JP",Mobile,Grocery,0
TXN_003463,USR_0376,32.57,2026-01-10 10:33:41,"London, UK",Mobile,Travel,0
TXN_011191,USR_0026,1.87,2026-01-18 17:30:13,"New York, US",POS,Retail,0
TXN_007644,USR_0327,7.51,2026-03-29 17:13:43,"New York, US",Desktop,Grocery,0
TXN_000055,USR_0127,36.49,2026-03-16 18:38:02,Online,Mobile,Retail,0
TXN_003452,USR_0389,38.39,2026-02-24 06:55:52,"London, UK",POS,Retail,0
TXN_006306,USR_0383,30.59,2026-02-01 20:46:53,Online,POS,Electronics,0
TXN_010094,USR_0063,96.63,2026-02-23 15:29:37,"Paris, FR",Desktop,Grocery,0
TXN_001482,USR_0111,64.61,2026-02-06 05:46:43,"London, UK",Desktop,Retail,0
TXN_004874,USR_0321,51.71,2026-01-20 14:58:08,"Paris, FR",Desktop,Retail,0
TXN_008039,USR_0410,34.57,2026-01-09 08:41:59,"New York, US",POS,Retail,0
TXN_003336,USR_0256,30.37,2026-02-01 18:33:12,"Paris, FR",POS,Retail,0
TXN_006017,USR_0326,21.43,2026-02-09 20:12:40,"Tokyo, JP",Desktop,Travel,0
TXN_004927,USR_0263,34.9,2026-03-24 17:26:03,"London, UK",Mobile,Electronics,0
TXN_009139,USR_0007,12.81,2026-02-23 10:45:16,"Tokyo, JP",Desktop,Electronics,0
TXN_005798,USR_0389,30.97,2026-02-11 11:36:30,"London, UK",Mobile,Grocery,0
TXN_010354,USR_0314,52.48,2026-03-05 21:22:30,"Tokyo, JP",Desktop,Retail,0
TXN_011796,USR_0237,5377.47,2026-02-21 02:17:34,"Lagos, NG",Mobile,Electronics,1
TXN_005084,USR_0090,16.61,2026-01-07 19:46:51,Online,Desktop,Retail,0
TXN_006646,USR_0248,38.56,2026-02-07 20:35:43,"Paris, FR",Desktop,Grocery,0
TXN_005491,USR_0080,20.95,2026-01-21 14:06:37,Online,Mobile,Retail,0
TXN_000769,USR_0359,38.88,2026-01-18 18:26:53,"New York, US",POS,Electronics,0
TXN_002066,USR_0109,46.46,2026-03-31 07:47:30,"New York, US",Desktop,Retail,0
TXN_011398,USR_0143,42.92,2026-01-05 11:20:18,"New York, US",POS,Retail,0
TXN_007312,USR_0238,12.49,2026-01-17 11:42:05,"Paris, FR",Desktop,Grocery,0
TXN_008478,USR_0391,45.21,2026-02-19 22:34:28,"Paris, FR",Desktop,Travel,0
TXN_011921,USR_0459,499.99,2026-01-10 04:57:26,Online,ATM,Gaming,1
TXN_004525,USR_0172,27.05,2026-02-17 15:49:15,"Tokyo, JP",Mobile,Grocery,0
TXN_010525,USR_0116,45.97,2026-02-17 10:10:06,"New York, US",POS,Grocery,0
TXN_002718,USR_0268,25.85,2026-01-14 16:05:46,Online,POS,Grocery,0
TXN_002080,USR_0406,95.33,2026-03-28 19:26:16,Online,POS,Grocery,0
TXN_008915,USR_0355,37.81,2026-02-20 15:08:06,"New York, US",POS,Travel,0
TXN_000952,USR_0398,29.43,2026-01-23 11:29:07,Online,Desktop,Grocery,0
TXN_008059,USR_0269,19.2,2026-01-03 06:12:14,"New York, US",POS,Retail,0
TXN_002483,USR_0240,11.49,2026-03-11 20:11:48,"New York, US",Desktop,Travel,0
TXN_010455,USR_0217,31.96,2026-03-17 05:17:07,"London, UK",Desktop,Grocery,0
TXN_009182,USR_0039,87.13,2026-03-29 17:59:32,"New York, US",Desktop,Retail,0
TXN_001760,USR_0344,173.37,2026-01-02 09:43:17,"London, UK",Desktop,Grocery,0
TXN_009985,USR_0371,44.05,2026-03-22 22:39:45,Online,POS,Travel,0
TXN_004423,USR_0474,152.45,2026-03-22 12:27:04,"Tokyo, JP",Mobile,Retail,0
TXN_006705,USR_0373,14.51,2026-01-04 12:08:21,"New York, US",Desktop,Retail,0
TXN_009917,USR_0395,12.87,2026-03-24 17:41:02,Online,Mobile,Travel,0
TXN_005183,USR_0149,20.26,2026-01-16 13:40:44,"Tokyo, JP",Desktop,Travel,0
TXN_008534,USR_0047,38.89,2026-03-21 12:43:12,"London, UK",Desktop,Retail,0
TXN_003702,USR_0297,127.24,2026-02-03 12:20:23,Online,Mobile,Retail,0
TXN_004244,USR_0298,31.82,2026-02-08 21:44:51,Online,Desktop,Retail,0
TXN_000689,USR_0028,6.73,2026-02-16 21:00:27,"New York, US",Desktop,Electronics,0
TXN_003433,USR_0012,43.13,2026-02-20 13:59:33,Online,Desktop,Grocery,0
TXN_004945,USR_0224,116.3,2026-02-28 09:23:39,"Tokyo, JP",Mobile,Electronics,0
TXN_000967,USR_0295,79.15,2026-03-25 16:41:34,"London, UK",Desktop,Grocery,0
TXN_011379,USR_0093,20.12,2026-01-30 06:56:38,"New York, US",Mobile,Retail,0
TXN_010396,USR_0014,46.77,2026-01-27 10:11:00,"Tokyo, JP",Mobile,Electronics,0
TXN_002714,USR_0339,21.77,2026-02-26 14:19:52,"New York, US",POS,Electronics,0
TXN_004758,USR_0469,154.09,2026-03-14 08:52:49,Online,Mobile,Electronics,0
TXN_011567,USR_0045,30.84,2026-02-14 15:41:26,"Paris, FR",Mobile,Grocery,0
TXN_006321,USR_0353,214.89,2026-02-20 05:01:59,"Tokyo, JP",Mobile,Grocery,0
TXN_005976,USR_0128,41.89,2026-01-10 12:58:30,"New York, US",Mobile,Travel,0
TXN_003573,USR_0314,21.26,2026-01-26 17:58:00,Online,Desktop,Retail,0
TXN_005300,USR_0461,17.95,2026-02-12 12:18:25,"New York, US",Desktop,Grocery,0
TXN_001991,USR_0194,65.3,2026-02-19 02:01:07,"New York, US",POS,Grocery,0
TXN_001206,USR_0296,67.91,2026-02-16 22:02:02,Online,Desktop,Electronics,0
TXN_004972,USR_0391,64.66,2026-03-22 15:24:10,"Paris, FR",POS,Retail,0
TXN_011669,USR_0075,4454.71,2026-02-23 22:10:13,"Moscow, RU",ATM,Wire_Transfer,1
TXN_006784,USR_0068,31.25,2026-03-27 11:45:41,"London, UK",POS,Travel,0
TXN_003601,USR_0134,19.78,2026-01-21 18:52:56,"New York, US",Mobile,Electronics,0
TXN_006491,USR_0330,21.76,2026-01-05 16:03:16,"Tokyo, JP",Mobile,Grocery,0
TXN_008610,USR_0108,47.41,2026-01-31 14:05:11,"Tokyo, JP",Desktop,Retail,0
TXN_011972,USR_0266,6543.03,2026-01-15 03:59:30,"Lagos, NG",ATM,Gaming,1
TXN_008071,USR_0478,5.8,2026-03-04 02:48:13,"Paris, FR",Desktop,Grocery,0
TXN_008578,USR_0029,31.42,2026-01-29 19:33:51,Online,Desktop,Grocery,0
TXN_007974,USR_0175,35.37,2026-03-01 05:04:12,"Paris, FR",Desktop,Travel,0
TXN_011167,USR_0005,35.21,2026-02-27 13:56:21,"New York, US",Mobile,Retail,0
TXN_001626,USR_0209,3.97,2026-01-09 08:30:01,"Paris, FR",POS,Retail,0
TXN_000537,USR_0265,18.94,2026-01-23 17:35:10,"Tokyo, JP",POS,Retail,0
TXN_008767,USR_0198,69.84,2026-02-01 11:30:46,"Paris, FR",Mobile,Grocery,0
TXN_007971,USR_0429,57.48,2026-01-02 08:13:26,"New York, US",Desktop,Retail,0
TXN_004213,USR_0286,113.17,2026-02-03 19:49:36,"London, UK",Desktop,Travel,0
TXN_006457,USR_0404,108.31,2026-03-27 13:22:26,"New York, US",Mobile,Grocery,0
TXN_003508,USR_0411,10.01,2026-01-14 12:18:49,"New York, US",Mobile,Grocery,0
TXN_008394,USR_0268,123.0,2026-01-28 07:55:39,"Tokyo, JP",Mobile,Retail,0
TXN_009525,USR_0415,18.26,2026-03-10 14:46:02,"New York, US",POS,Grocery,0
TXN_007113,USR_0410,6.79,2026-01-25 09:36:51,"London, UK",POS,Retail,0
TXN_002709,USR_0331,54.98,2026-02-23 11:25:37,"London, UK",Mobile,Grocery,0
TXN_005032,USR_0038,24.54,2026-01-27 21:46:28,"Paris, FR",POS,Retail,0
TXN_006515,USR_0009,53.39,2026-01-15 13:23:52,"London, UK",Mobile,Retail,0
TXN_004663,USR_0158,80.03,2026-02-12 13:02:44,"Paris, FR",POS,Travel,0
TXN_004022,USR_0225,27.53,2026-03-25 21:24:43,"New York, US",Desktop,Grocery,0
TXN_001855,USR_0349,136.8,2026-02-28 19:09:38,"Tokyo, JP",Mobile,Electronics,0
TXN_011308,USR_0443,31.22,2026-01-04 14:06:14,Online,Mobile,Travel,0
TXN_002873,USR_0017,36.04,2026-01-17 18:55:59,Online,Mobile,Electronics,0
TXN_003031,USR_0280,27.38,2026-02-17 12:35:16,"Paris, FR",Mobile,Electronics,0
TXN_009398,USR_0016,18.82,2026-01-06 09:30:11,"Tokyo, JP",Desktop,Retail,0
TXN_001646,USR_0228,210.32,2026-01-02 11:14:47,"New York, US",Desktop,Electronics,0
TXN_003418,USR_0321,68.2,2026-01-06 12:54:01,"London, UK",Desktop,Retail,0
TXN_003477,USR_0273,160.68,2026-03-05 12:24:34,"London, UK",POS,Travel,0
TXN_011461,USR_0121,31.02,2026-02-04 17:21:02,"New York, US",Desktop,Grocery,0
TXN_001793,USR_0041,10.98,2026-02-16 16:25:24,"London, UK",Desktop,Retail,0
TXN_003798,USR_0362,109.64,2026-01-12 06:42:47,"London, UK",Desktop,Grocery,0
TXN_003369,USR_0446,65.75,2026-03-09 07:40:49,Online,Desktop,Grocery,0
TXN_007197,USR_0330,84.71,2026-02-04 18:17:51,"New York, US",Mobile,Electronics,0
TXN_011570,USR_0229,55.06,2026-02-07 19:16:13,"Tokyo, JP",Mobile,Grocery,0
TXN_005110,USR_0141,92.02,2026-03-10 15:39:27,"Paris, FR",POS,Electronics,0
TXN_006025,USR_0182,87.53,2026-03-03 10:14:30,"Paris, FR",Mobile,Grocery,0
TXN_008796,USR_0110,17.17,2026-01-31 09:53:38,"Paris, FR",POS,Electronics,0
TXN_011147,USR_0123,33.15,2026-01-30 15:01:00,"London, UK",Mobile,Grocery,0
TXN_000127,USR_0036,55.43,2026-03-06 19:41:21,"New York, US",Desktop,Retail,0
TXN_005960,USR_0407,24.89,2026-01-05 07:26:34,"London, UK",Desktop,Retail,0
TXN_003877,USR_0378,8.61,2026-01-05 08:36:02,"Paris, FR",POS,Grocery,0
TXN_004452,USR_0012,52.86,2026-02-21 19:25:16,"New York, US",Desktop,Grocery,0
TXN_007148,USR_0014,27.53,2026-03-19 08:56:50,"London, UK",Desktop,Grocery,0
TXN_003532,USR_0413,23.78,2026-01-23 16:45:34,"New York, US",POS,Retail,0
TXN_000828,USR_0129,69.05,2026-01-26 15:39:55,"Paris, FR",Mobile,Electronics,0
TXN_009832,USR_0351,39.23,2026-01-20 14:04:21,"London, UK",POS,Retail,0
TXN_007791,USR_0174,14.02,2026-02-04 12:02:28,"New York, US",Mobile,Travel,0
TXN_000985,USR_0117,12.99,2026-01-12 18:28:19,"Tokyo, JP",Desktop,Grocery,0
TXN_007784,USR_0088,58.44,2026-01-22 15:21:52,Online,Desktop,Retail,0
TXN_010381,USR_0267,7.59,2026-02-18 14:39:15,Online,Desktop,Retail,0
TXN_011497,USR_0214,122.53,2026-03-14 08:57:48,Online,POS,Retail,0
TXN_002444,USR_0356,24.11,2026-02-02 19:43:07,Online,Desktop,Electronics,0
TXN_008555,USR_0060,39.46,2026-02-21 07:52:46,Online,Mobile,Grocery,0
TXN_010542,USR_0336,152.22,2026-03-27 16:31:48,"London, UK",Desktop,Grocery,0
TXN_000346,USR_0135,20.54,2026-02-03 19:45:28,"London, UK",POS,Grocery,0
TXN_000815,USR_0281,152.7,2026-02-10 18:45:47,Online,POS,Retail,0
TXN_006167,USR_0194,45.84,2026-03-23 11:40:37,Online,POS,Grocery,0
TXN_010879,USR_0309,8.38,2026-02-01 20:42:55,"London, UK",POS,Retail,0
TXN_005780,USR_0112,12.61,2026-01-20 14:15:23,"London, UK",Mobile,Retail,0
TXN_002117,USR_0463,43.7,2026-01-23 12:42:36,Online,Mobile,Grocery,0
TXN_010027,USR_0402,7.37,2026-01-03 16:17:08,Online,Desktop,Retail,0
TXN_000794,USR_0330,18.07,2026-02-18 19:25:52,"London, UK",Mobile,Retail,0
TXN_011931,USR_0071,999.0,2026-01-12 22:24:03,Online,Desktop,Wire_Transfer,1
TXN_006899,USR_0249,15.2,2026-02-02 10:38:04,Online,Desktop,Retail,0
TXN_002675,USR_0008,15.02,2026-02-14 15:57:14,"New York, US",Desktop,Grocery,0
TXN_000095,USR_0213,44.39,2026-03-22 00:36:12,"Paris, FR",Desktop,Retail,0
TXN_004226,USR_0158,20.11,2026-03-03 13:57:24,"Tokyo, JP",POS,Grocery,0
TXN_003757,USR_0069,9.31,2026-03-03 21:06:17,"Paris, FR",POS,Retail,0
TXN_002892,USR_0097,18.37,2026-01-24 10:54:20,"London, UK",Mobile,Retail,0
TXN_002372,USR_0384,1.91,2026-01-28 10:00:27,"New York, US",Desktop,Travel,0
TXN_011263,USR_0333,5.79,2026-02-21 17:09:01,Online,Mobile,Retail,0
TXN_003229,USR_0163,51.96,2026-01-16 10:11:36,"London, UK",POS,Grocery,0
TXN_007864,USR_0311,22.57,2026-02-22 18:47:12,"New York, US",POS,Retail,0
TXN_006360,USR_0485,46.62,2026-03-29 15:11:09,"New York, US",POS,Retail,0
TXN_011033,USR_0371,89.74,2026-02-19 16:17:16,"Tokyo, JP",Mobile,Retail,0
TXN_007327,USR_0017,12.27,2026-02-16 19:57:17,"Tokyo, JP",POS,Retail,0
TXN_006029,USR_0491,4.98,2026-02-04 18:59:53,"New York, US",Mobile,Electronics,0
TXN_001866,USR_0357,33.11,2026-03-03 08:18:57,"London, UK",Mobile,Retail,0
TXN_004613,USR_0229,19.29,2026-01-23 08:35:26,"London, UK",POS,Grocery,0
TXN_010050,USR_0388,24.51,2026-01-11 07:21:57,"London, UK",POS,Retail,0
TXN_002646,USR_0400,12.81,2026-03-30 09:47:52,"Paris, FR",Mobile,Retail,0
TXN_002244,USR_0367,15.26,2026-01-18 09:17:50,"Tokyo, JP",Desktop,Grocery,0
TXN_005374,USR_0370,133.04,2026-01-05 19:37:03,Online,POS,Travel,0
TXN_002337,USR_0161,36.09,2026-01-16 11:05:26,"Paris, FR",POS,Retail,0
TXN_000951,USR_0482,123.61,2026-03-11 12:02:32,"Tokyo, JP",Desktop,Electronics,0
TXN_001121,USR_0319,32.5,2026-02-02 16:00:29,"Paris, FR",Desktop,Travel,0
TXN_010790,USR_0113,66.26,2026-03-11 09:31:50,"Tokyo, JP",Desktop,Retail,0
TXN_002205,USR_0251,30.34,2026-02-09 12:00:27,"Tokyo, JP",POS,Grocery,0
TXN_000420,USR_0439,5.99,2026-03-23 09:57:25,"Paris, FR",POS,Grocery,0
TXN_000923,USR_0475,24.73,2026-03-18 22:27:05,"New York, US",Desktop,Retail,0
TXN_009447,USR_0008,24.72,2026-02-04 16:57:07,"Tokyo, JP",POS,Retail,0
TXN_008670,USR_0465,25.06,2026-01-05 12:39:22,"Paris, FR",POS,Electronics,0
TXN_010228,USR_0442,80.87,2026-02-16 20:53:33,Online,Mobile,Retail,0
TXN_005409,USR_0273,39.84,2026-02-26 23:05:41,"New York, US",Desktop,Travel,0
TXN_005789,USR_0363,42.61,2026-02-28 11:17:05,"New York, US",POS,Electronics,0
TXN_005743,USR_0489,20.52,2026-01-19 05:01:33,"London, UK",POS,Grocery,0
TXN_007668,USR_0259,47.81,2026-01-15 09:07:51,"Paris, FR",Desktop,Electronics,0
TXN_005568,USR_0241,19.32,2026-03-20 05:55:33,"Tokyo, JP",Desktop,Travel,0
TXN_008136,USR_0103,33.65,2026-01-13 16:26:43,"Paris, FR",Desktop,Retail,0
TXN_001203,USR_0093,33.87,2026-02-28 15:32:27,Online,Desktop,Retail,0
TXN_010819,USR_0049,52.62,2026-01-13 09:17:48,"London, UK",Mobile,Electronics,0
TXN_005766,USR_0426,108.81,2026-03-17 22:17:42,"Paris, FR",Mobile,Travel,0
TXN_008390,USR_0403,82.55,2026-03-12 00:29:42,"New York, US",POS,Electronics,0
TXN_001971,USR_0293,34.65,2026-01-28 09:37:44,"New York, US",POS,Retail,0
TXN_004019,USR_0237,33.89,2026-03-10 18:36:41,"Paris, FR",Desktop,Grocery,0
TXN_010344,USR_0203,17.25,2026-04-01 08:41:22,"New York, US",POS,Grocery,0
TXN_003688,USR_0280,75.21,2026-03-11 09:58:46,"New York, US",Desktop,Retail,0
TXN_001998,USR_0152,31.95,2026-01-14 11:32:56,"Paris, FR",Mobile,Grocery,0
TXN_004034,USR_0304,64.1,2026-02-27 12:59:19,"New York, US",Desktop,Retail,0
TXN_001249,USR_0328,201.21,2026-01-01 09:59:02,"Paris, FR",Desktop,Retail,0
TXN_002193,USR_0011,22.35,2026-01-19 17:26:54,"London, UK",POS,Retail,0
TXN_002713,USR_0267,138.01,2026-02-09 10:33:06,Online,Desktop,Retail,0
TXN_009185,USR_0403,88.99,2026-02-03 00:11:07,Online,Mobile,Travel,0
TXN_002191,USR_0155,66.21,2026-04-01 10:21:57,Online,POS,Travel,0
TXN_004671,USR_0332,7.97,2026-03-06 10:27:21,"London, UK",POS,Grocery,0
TXN_005143,USR_0449,64.78,2026-01-18 12:50:45,"New York, US",POS,Electronics,0
TXN_005985,USR_0022,35.37,2026-01-23 12:33:31,"Tokyo, JP",Desktop,Electronics,0
TXN_006566,USR_0048,155.99,2026-03-25 16:54:42,"New York, US",Desktop,Electronics,0
TXN_007805,USR_0418,40.77,2026-02-17 10:18:18,"New York, US",POS,Electronics,0
TXN_006944,USR_0053,71.72,2026-01-06 13:51:47,"London, UK",Desktop,Grocery,0
TXN_009511,USR_0251,23.36,2026-03-30 17:36:14,"Tokyo, JP",Mobile,Retail,0
TXN_010056,USR_0382,14.09,2026-01-23 20:59:19,Online,POS,Electronics,0
TXN_010536,USR_0233,11.49,2026-01-13 09:49:38,"Paris, FR",Mobile,Electronics,0
TXN_010642,USR_0126,14.87,2026-02-17 15:11:14,"New York, US",POS,Retail,0
TXN_002137,USR_0053,59.51,2026-03-13 08:17:45,Online,POS,Grocery,0
TXN_001066,USR_0075,21.96,2026-02-26 07:02:59,"London, UK",Mobile,Electronics,0
TXN_000601,USR_0486,25.6,2026-02-20 19:32:18,Online,Desktop,Retail,0
TXN_004228,USR_0168,20.81,2026-01-22 08:06:54,"London, UK",POS,Retail,0
TXN_010814,USR_0011,46.8,2026-03-10 12:55:41,"London, UK",Mobile,Retail,0
TXN_007578,USR_0129,22.81,2026-01-28 09:25:17,"Tokyo, JP",Desktop,Retail,0
TXN_000078,USR_0143,18.8,2026-01-09 14:49:17,"Tokyo, JP",POS,Travel,0
TXN_007547,USR_0406,42.98,2026-01-31 13:38:13,"Tokyo, JP",Mobile,Travel,0
TXN_002899,USR_0311,38.46,2026-03-28 19:04:36,"Tokyo, JP",POS,Grocery,0
TXN_004821,USR_0061,6.56,2026-01-22 20:03:51,"London, UK",POS,Grocery,0
TXN_009507,USR_0093,4.54,2026-01-08 14:48:12,"Paris, FR",Desktop,Retail,0
TXN_011159,USR_0452,5.19,2026-02-11 09:43:13,"Tokyo, JP",POS,Electronics,0
TXN_006414,USR_0384,18.35,2026-02-09 12:16:53,"London, UK",Desktop,Retail,0
TXN_009445,USR_0307,51.21,2026-01-06 20:02:59,"New York, US",POS,Retail,0
TXN_009065,USR_0176,32.9,2026-02-28 09:24:44,"Tokyo, JP",Desktop,Grocery,0
TXN_008008,USR_0221,13.77,2026-03-02 13:12:20,"Tokyo, JP",POS,Grocery,0
TXN_005469,USR_0120,83.35,2026-01-11 09:38:53,"Paris, FR",Mobile,Grocery,0
TXN_005952,USR_0303,16.91,2026-03-18 12:11:59,"Paris, FR",Mobile,Retail,0
TXN_003392,USR_0290,98.91,2026-03-16 16:45:04,"Tokyo, JP",Desktop,Travel,0
TXN_005416,USR_0260,8.11,2026-02-20 12:53:40,"New York, US",Desktop,Grocery,0
TXN_002561,USR_0480,5.36,2026-01-26 17:20:08,"Tokyo, JP",Mobile,Grocery,0
TXN_011868,USR_0311,4479.73,2026-02-26 02:27:59,"Lagos, NG",Desktop,Electronics,1
TXN_008163,USR_0255,65.38,2026-01-02 12:23:10,Online,Desktop,Grocery,0
TXN_002636,USR_0102,6.48,2026-03-28 21:45:16,"Tokyo, JP",POS,Electronics,0
TXN_005257,USR_0077,22.31,2026-02-01 06:44:44,"New York, US",Mobile,Retail,0
TXN_003531,USR_0086,12.14,2026-02-17 15:18:13,"New York, US",POS,Retail,0
TXN_008568,USR_0016,25.06,2026-02-01 16:20:30,Online,Desktop,Grocery,0
TXN_001909,USR_0291,78.39,2026-02-04 11:03:58,"Tokyo, JP",POS,Retail,0
TXN_011110,USR_0365,35.46,2026-03-27 09:44:25,"Tokyo, JP",Mobile,Grocery,0
TXN_000236,USR_0402,128.24,2026-03-26 18:33:19,"Paris, FR",POS,Grocery,0
TXN_001605,USR_0401,44.51,2026-02-18 11:30:53,Online,Mobile,Retail,0
TXN_007985,USR_0377,91.57,2026-01-27 12:04:55,Online,Mobile,Grocery,0
TXN_009311,USR_0240,186.81,2026-01-27 05:16:44,"Paris, FR",Mobile,Travel,0
TXN_003491,USR_0134,97.81,2026-01-11 17:43:43,"Tokyo, JP",Mobile,Travel,0
TXN_011819,USR_0124,7462.53,2026-01-16 04:14:18,"Lagos, NG",Mobile,Gaming,1
TXN_001995,USR_0246,131.17,2026-03-14 16:57:28,"London, UK",Desktop,Grocery,0
TXN_002825,USR_0370,68.91,2026-02-26 15:01:55,"Paris, FR",Mobile,Retail,0
TXN_011137,USR_0480,67.96,2026-02-03 06:56:10,Online,Mobile,Travel,0
TXN_010569,USR_0345,12.39,2026-02-05 17:31:24,"London, UK",Mobile,Retail,0
TXN_001343,USR_0431,17.65,2026-01-29 05:28:22,"New York, US",Desktop,Grocery,0
TXN_008513,USR_0324,9.11,2026-01-23 19:41:59,"Tokyo, JP",Desktop,Grocery,0
TXN_001620,USR_0394,113.18,2026-01-12 08:09:19,"Paris, FR",POS,Retail,0
TXN_005288,USR_0103,21.62,2026-01-01 11:07:04,"London, UK",Mobile,Grocery,0
TXN_002061,USR_0437,23.1,2026-01-14 18:18:24,"London, UK",POS,Retail,0
TXN_011941,USR_0210,1928.2,2026-02-22 01:39:01,"Sydney, AU",ATM,Crypto,1
TXN_002220,USR_0028,3.03,2026-02-20 10:08:25,"New York, US",Desktop,Travel,0
TXN_009866,USR_0348,50.82,2026-01-18 17:24:41,"Paris, FR",Mobile,Electronics,0
TXN_006039,USR_0221,73.31,2026-01-21 15:47:19,"Paris, FR",POS,Retail,0
TXN_000261,USR_0111,4.19,2026-03-07 15:07:22,"Paris, FR",Mobile,Grocery,0
TXN_011236,USR_0125,14.61,2026-02-13 14:27:14,"New York, US",Desktop,Retail,0
TXN_010232,USR_0296,81.08,2026-01-24 17:54:24,"Paris, FR",POS,Retail,0
TXN_009094,USR_0196,37.0,2026-02-27 16:48:46,Online,Mobile,Grocery,0
TXN_003745,USR_0458,15.48,2026-01-30 08:21:54,"London, UK",Desktop,Grocery,0
TXN_002027,USR_0080,12.51,2026-01-08 19:56:41,"New York, US",POS,Retail,0
TXN_006989,USR_0014,5.51,2026-01-16 14:09:55,Online,Desktop,Retail,0
TXN_004235,USR_0317,91.46,2026-02-14 11:35:20,"Tokyo, JP",POS,Grocery,0
TXN_001918,USR_0098,30.0,2026-01-01 19:45:27,Online,POS,Grocery,0
TXN_001829,USR_0002,51.49,2026-02-28 10:55:44,"Paris, FR",POS,Retail,0
TXN_009766,USR_0097,36.05,2026-01-01 21:41:29,"New York, US",POS,Grocery,0
TXN_006234,USR_0078,22.58,2026-01-03 11:45:46,"Tokyo, JP",Desktop,Retail,0
TXN_011198,USR_0491,64.01,2026-01-31 10:40:48,Online,POS,Retail,0
TXN_006284,USR_0469,18.36,2026-02-12 14:49:10,"Tokyo, JP",Desktop,Travel,0
TXN_004209,USR_0474,26.43,2026-02-27 20:50:23,"New York, US",Mobile,Grocery,0
TXN_000225,USR_0279,3.96,2026-03-24 14:22:03,"Paris, FR",Desktop,Retail,0
TXN_008916,USR_0339,19.1,2026-03-22 15:56:50,"Paris, FR",Mobile,Retail,0
TXN_010003,USR_0089,54.71,2026-01-25 11:20:09,Online,POS,Grocery,0
TXN_009334,USR_0489,40.34,2026-03-08 16:06:17,"Paris, FR",POS,Grocery,0
TXN_006470,USR_0178,6.89,2026-03-21 15:55:32,"Tokyo, JP",POS,Retail,0
TXN_011295,USR_0392,172.92,2026-01-25 09:49:33,"Paris, FR",Desktop,Travel,0
TXN_010955,USR_0025,26.53,2026-02-17 16:25:00,Online,POS,Grocery,0
TXN_000847,USR_0321,15.11,2026-01-09 21:13:42,"London, UK",POS,Retail,0
TXN_004290,USR_0179,77.05,2026-01-16 08:15:46,"Paris, FR",Mobile,Travel,0
TXN_005561,USR_0211,87.4,2026-01-28 14:31:58,Online,POS,Grocery,0
TXN_002552,USR_0147,103.99,2026-02-27 09:10:59,"London, UK",Desktop,Grocery,0
TXN_000118,USR_0333,7.28,2026-01-09 10:49:41,"New York, US",Mobile,Retail,0
TXN_008838,USR_0048,57.46,2026-03-19 10:46:10,"London, UK",POS,Retail,0
TXN_005967,USR_0047,20.9,2026-01-18 06:32:21,"London, UK",Desktop,Electronics,0
TXN_008196,USR_0443,19.68,2026-01-25 13:25:49,"London, UK",Mobile,Retail,0
TXN_008660,USR_0253,153.39,2026-03-21 18:04:29,"New York, US",Mobile,Retail,0
TXN_007490,USR_0167,96.3,2026-02-02 03:23:53,Online,Desktop,Retail,0
TXN_000006,USR_0217,71.34,2026-02-13 21:17:09,"London, UK",Desktop,Grocery,0
TXN_005343,USR_0364,22.12,2026-03-20 12:27:22,"Paris, FR",Desktop,Retail,0
TXN_009112,USR_0428,12.22,2026-03-19 11:17:10,"New York, US",Desktop,Retail,0
TXN_010788,USR_0195,47.28,2026-02-17 09:03:34,"Paris, FR",Desktop,Electronics,0
TXN_004325,USR_0260,49.88,2026-03-05 12:13:35,"Paris, FR",Desktop,Electronics,0
TXN_001064,USR_0179,6.28,2026-01-25 16:20:22,Online,POS,Grocery,0
TXN_002591,USR_0104,20.91,2026-02-16 15:42:02,"Paris, FR",POS,Grocery,0
TXN_008435,USR_0214,64.36,2026-03-05 03:40:10,"Tokyo, JP",Mobile,Grocery,0
TXN_009353,USR_0464,47.51,2026-03-06 16:17:22,"London, UK",Desktop,Retail,0
TXN_003736,USR_0315,40.15,2026-03-04 22:43:39,"New York, US",Desktop,Retail,0
TXN_010590,USR_0392,116.86,2026-03-20 11:28:36,Online,POS,Retail,0
TXN_003518,USR_0217,87.3,2026-02-16 04:50:55,"Tokyo, JP",POS,Travel,0
TXN_006987,USR_0226,79.42,2026-03-18 07:41:37,"New York, US",Desktop,Grocery,0
TXN_010756,USR_0386,83.2,2026-02-03 12:12:36,"Paris, FR",POS,Grocery,0
TXN_006768,USR_0211,163.19,2026-03-10 12:28:05,Online,Desktop,Electronics,0
TXN_005623,USR_0138,129.15,2026-01-27 16:21:52,"New York, US",POS,Grocery,0
TXN_001606,USR_0259,7.27,2026-03-23 15:29:48,"Paris, FR",POS,Retail,0
TXN_001734,USR_0091,66.2,2026-01-05 11:52:44,Online,Desktop,Grocery,0
TXN_010517,USR_0398,66.37,2026-02-26 17:47:07,"Tokyo, JP",Desktop,Retail,0
TXN_010902,USR_0271,28.13,2026-03-10 16:17:49,Online,Mobile,Travel,0
TXN_011208,USR_0360,48.8,2026-02-26 17:09:03,"London, UK",POS,Travel,0
TXN_009505,USR_0245,79.54,2026-01-31 13:40:06,Online,Desktop,Grocery,0
TXN_003813,USR_0353,4.75,2026-02-03 19:45:28,"London, UK",Mobile,Retail,0
TXN_011550,USR_0271,4.63,2026-03-22 11:20:53,Online,Desktop,Retail,0
TXN_010555,USR_0200,158.01,2026-01-18 22:21:53,"Paris, FR",Desktop,Grocery,0
TXN_010168,USR_0354,13.6,2026-01-17 11:16:03,"Tokyo, JP",Desktop,Grocery,0
TXN_001762,USR_0357,23.15,2026-01-07 11:53:40,Online,POS,Electronics,0
TXN_005402,USR_0070,5.09,2026-02-11 08:21:39,"Paris, FR",Desktop,Retail,0
TXN_002740,USR_0009,53.48,2026-01-15 12:12:37,"Tokyo, JP",POS,Electronics,0
TXN_011558,USR_0294,50.06,2026-03-18 11:10:45,"New York, US",Desktop,Grocery,0
TXN_002473,USR_0396,13.45,2026-03-24 20:33:28,"London, UK",Mobile,Travel,0
TXN_006739,USR_0379,23.86,2026-02-27 23:28:05,Online,POS,Travel,0
TXN_006892,USR_0297,60.75,2026-02-14 13:59:23,Online,POS,Electronics,0
TXN_007944,USR_0497,18.03,2026-01-05 17:35:38,"Tokyo, JP",Mobile,Retail,0
TXN_009686,USR_0062,69.62,2026-01-26 15:34:41,"Paris, FR",Desktop,Electronics,0
TXN_004207,USR_0317,3.51,2026-03-18 12:47:30,"Tokyo, JP",POS,Grocery,0
TXN_006372,USR_0120,56.74,2026-03-25 15:29:28,"Tokyo, JP",Mobile,Retail,0
TXN_010351,USR_0156,42.09,2026-02-26 13:16:57,"Paris, FR",Mobile,Travel,0
TXN_009362,USR_0468,42.59,2026-01-10 22:58:25,"New York, US",POS,Grocery,0
TXN_010349,USR_0388,39.93,2026-03-31 22:13:39,"New York, US",Mobile,Retail,0
TXN_000233,USR_0027,107.71,2026-01-17 22:47:26,Online,Mobile,Electronics,0
TXN_008259,USR_0225,15.28,2026-01-23 07:14:40,"Tokyo, JP",POS,Grocery,0
TXN_007562,USR_0183,70.77,2026-03-02 03:14:21,"Tokyo, JP",Desktop,Travel,0
TXN_009796,USR_0327,18.57,2026-02-18 09:36:08,"London, UK",Desktop,Electronics,0
TXN_006169,USR_0127,10.19,2026-02-21 15:51:06,"New York, US",Mobile,Retail,0
TXN_003597,USR_0246,81.99,2026-01-30 06:35:31,"Tokyo, JP",Mobile,Retail,0
TXN_006289,USR_0362,62.92,2026-03-17 11:30:07,Online,Desktop,Grocery,0
TXN_004633,USR_0071,40.97,2026-01-26 16:45:06,"Paris, FR",Desktop,Grocery,0
TXN_000126,USR_0401,94.99,2026-01-06 10:22:34,"Paris, FR",POS,Grocery,0
TXN_007642,USR_0004,32.31,2026-03-22 11:09:15,Online,Mobile,Grocery,0
TXN_006230,USR_0288,5.08,2026-03-05 18:30:05,"Tokyo, JP",Desktop,Electronics,0
TXN_001297,USR_0438,5.9,2026-01-30 10:05:26,Online,Desktop,Retail,0
TXN_001977,USR_0324,51.15,2026-03-19 19:23:20,"New York, US",POS,Travel,0
TXN_011374,USR_0409,84.72,2026-03-01 08:45:07,"New York, US",Mobile,Electronics,0
TXN_011321,USR_0294,27.84,2026-03-21 17:04:44,Online,POS,Electronics,0
TXN_010268,USR_0182,8.79,2026-03-21 10:39:48,Online,Mobile,Travel,0
TXN_005751,USR_0152,65.75,2026-02-12 21:11:57,"New York, US",Desktop,Electronics,0
TXN_008153,USR_0197,124.12,2026-02-26 12:27:25,"Tokyo, JP",Desktop,Electronics,0
TXN_003087,USR_0107,31.93,2026-01-28 10:20:22,"Paris, FR",Desktop,Retail,0
TXN_011127,USR_0206,17.06,2026-01-29 15:50:26,"Tokyo, JP",Mobile,Retail,0
TXN_006883,USR_0430,13.66,2026-02-25 13:36:10,"New York, US",Desktop,Retail,0
TXN_011163,USR_0114,18.65,2026-02-14 11:11:07,Online,Desktop,Grocery,0
TXN_007674,USR_0007,16.63,2026-02-16 16:50:12,"New York, US",POS,Travel,0
TXN_003346,USR_0241,49.56,2026-02-18 09:19:26,"Tokyo, JP",Desktop,Travel,0
TXN_008173,USR_0414,6.57,2026-02-12 14:33:41,"New York, US",POS,Grocery,0
TXN_011303,USR_0071,35.11,2026-02-03 16:20:53,"London, UK",Desktop,Retail,0
TXN_005871,USR_0267,55.92,2026-01-03 02:12:45,"New York, US",POS,Grocery,0
TXN_006507,USR_0347,10.95,2026-03-20 20:16:20,Online,POS,Electronics,0
TXN_002798,USR_0495,115.95,2026-02-08 16:24:12,"Tokyo, JP",POS,Grocery,0
TXN_000919,USR_0438,17.36,2026-03-26 08:07:47,"London, UK",Desktop,Electronics,0
TXN_001647,USR_0472,36.53,2026-04-01 17:22:12,"New York, US",POS,Electronics,0
TXN_005123,USR_0057,65.47,2026-01-05 13:06:24,"New York, US",Mobile,Grocery,0
TXN_005127,USR_0470,112.23,2026-03-27 19:26:53,"Paris, FR",POS,Retail,0
TXN_004622,USR_0276,8.73,2026-03-21 10:11:08,"London, UK",Desktop,Retail,0
TXN_006810,USR_0365,47.9,2026-02-18 08:56:33,"Tokyo, JP",POS,Grocery,0
TXN_000365,USR_0280,12.31,2026-02-07 22:41:19,"Paris, FR",Mobile,Electronics,0
TXN_002126,USR_0299,15.49,2026-03-17 08:19:10,"London, UK",POS,Retail,0
TXN_008151,USR_0016,12.74,2026-03-31 21:39:55,"Paris, FR",Mobile,Grocery,0
TXN_008718,USR_0313,64.03,2026-01-11 16:37:07,Online,Mobile,Grocery,0
TXN_000056,USR_0337,87.24,2026-03-16 19:36:33,"Tokyo, JP",Desktop,Retail,0
TXN_000639,USR_0428,82.79,2026-02-11 12:09:05,"London, UK",Desktop,Retail,0
TXN_000303,USR_0120,26.08,2026-03-10 21:15:19,"Paris, FR",Mobile,Grocery,0
TXN_010959,USR_0434,119.83,2026-02-16 13:01:22,Online,Mobile,Travel,0
TXN_005812,USR_0421,37.43,2026-02-14 13:26:28,"London, UK",POS,Grocery,0
TXN_001277,USR_0139,27.41,2026-03-08 17:28:26,"London, UK",Mobile,Travel,0
TXN_010248,USR_0014,83.48,2026-03-17 20:51:32,"New York, US",POS,Travel,0
TXN_004433,USR_0488,59.41,2026-01-24 19:25:28,"New York, US",POS,Retail,0
TXN_003645,USR_0338,22.63,2026-01-04 20:40:51,"Tokyo, JP",Mobile,Travel,0
TXN_004144,USR_0276,26.28,2026-01-08 12:24:19,"Tokyo, JP",Mobile,Electronics,0
TXN_002879,USR_0413,80.57,2026-03-27 21:58:20,Online,Mobile,Grocery,0
TXN_006494,USR_0343,52.91,2026-01-17 17:10:35,"Tokyo, JP",Desktop,Grocery,0
TXN_010479,USR_0093,12.02,2026-01-07 07:19:18,Online,Desktop,Electronics,0
TXN_010454,USR_0195,87.8,2026-03-26 09:57:01,"Paris, FR",Mobile,Electronics,0
TXN_005241,USR_0061,41.48,2026-03-20 12:18:48,"Tokyo, JP",Mobile,Electronics,0
TXN_011287,USR_0290,39.42,2026-01-28 12:00:36,"New York, US",Desktop,Grocery,0
TXN_010489,USR_0171,71.94,2026-04-01 19:51:40,"New York, US",Desktop,Retail,0
TXN_006938,USR_0192,64.71,2026-01-30 07:34:13,"London, UK",POS,Travel,0
TXN_007241,USR_0369,39.07,2026-01-15 13:35:41,"New York, US",Mobile,Grocery,0
TXN_009946,USR_0423,50.87,2026-03-28 19:03:41,"New York, US",Desktop,Travel,0
TXN_010161,USR_0322,58.72,2026-03-23 16:22:21,"Paris, FR",POS,Retail,0
TXN_002594,USR_0268,3.78,2026-02-01 12:15:16,"London, UK",POS,Electronics,0
TXN_002394,USR_0257,66.6,2026-02-20 13:50:31,"New York, US",Mobile,Grocery,0
TXN_000524,USR_0279,22.35,2026-01-05 13:50:23,Online,POS,Electronics,0
TXN_006377,USR_0216,125.15,2026-03-15 16:35:03,"Tokyo, JP",Desktop,Retail,0
TXN_006982,USR_0318,235.58,2026-03-21 10:49:03,"New York, US",POS,Grocery,0
TXN_006678,USR_0474,5.43,2026-02-22 02:38:59,"London, UK",Mobile,Retail,0
TXN_003901,USR_0050,190.74,2026-03-07 06:08:10,"Paris, FR",Mobile,Grocery,0
TXN_011561,USR_0332,13.47,2026-02-20 14:02:20,"New York, US",Mobile,Grocery,0
TXN_005586,USR_0276,121.59,2026-03-01 19:08:40,"Tokyo, JP",POS,Grocery,0
TXN_011231,USR_0430,111.85,2026-01-13 11:35:23,Online,Mobile,Grocery,0
TXN_007957,USR_0009,14.41,2026-03-24 16:13:36,Online,Desktop,Travel,0
TXN_007571,USR_0361,26.11,2026-03-14 13:04:53,"London, UK",POS,Travel,0
TXN_006778,USR_0131,7.37,2026-03-11 08:00:24,"Paris, FR",Mobile,Grocery,0
TXN_010162,USR_0327,10.69,2026-01-04 07:46:29,Online,POS,Grocery,0
TXN_000672,USR_0353,23.93,2026-02-07 12:08:11,"New York, US",POS,Travel,0
TXN_004189,USR_0005,36.28,2026-02-26 14:47:19,"London, UK",POS,Travel,0
TXN_000667,USR_0441,17.48,2026-02-16 09:04:23,"Paris, FR",POS,Grocery,0
TXN_003267,USR_0388,29.76,2026-03-27 13:59:35,Online,POS,Travel,0
TXN_001888,USR_0024,23.55,2026-03-08 21:57:50,"Tokyo, JP",POS,Travel,0
TXN_008473,USR_0109,47.41,2026-03-04 18:33:59,"New York, US",POS,Retail,0
TXN_009912,USR_0460,8.69,2026-01-28 17:54:12,Online,Desktop,Grocery,0
TXN_009092,USR_0303,7.46,2026-02-15 13:01:07,"London, UK",Mobile,Retail,0
TXN_007688,USR_0454,75.26,2026-03-21 13:38:02,"Tokyo, JP",Mobile,Retail,0
TXN_006032,USR_0467,10.75,2026-01-09 04:16:31,"Tokyo, JP",Desktop,Travel,0
TXN_006091,USR_0343,32.71,2026-02-07 05:28:09,"London, UK",Desktop,Retail,0
TXN_006239,USR_0240,95.66,2026-01-30 10:46:29,Online,Mobile,Travel,0
TXN_007351,USR_0031,482.81,2026-01-28 13:40:49,"New York, US",Desktop,Retail,0
TXN_007831,USR_0309,24.16,2026-01-11 11:37:42,Online,Desktop,Travel,0
TXN_000761,USR_0486,9.88,2026-02-21 14:01:14,"London, UK",POS,Retail,0
TXN_006255,USR_0036,22.14,2026-02-25 16:43:45,"London, UK",Desktop,Travel,0
TXN_001907,USR_0452,100.07,2026-02-21 13:30:37,"London, UK",Desktop,Grocery,0
TXN_003819,USR_0117,3.96,2026-02-26 13:03:52,Online,Mobile,Retail,0
TXN_006270,USR_0483,22.41,2026-01-03 11:24:06,"Paris, FR",Desktop,Grocery,0
TXN_004301,USR_0291,85.23,2026-01-24 13:22:22,"New York, US",Mobile,Retail,0
TXN_005570,USR_0244,41.55,2026-03-28 18:10:38,"Tokyo, JP",POS,Grocery,0
TXN_007942,USR_0119,20.32,2026-03-22 13:19:46,"Paris, FR",Desktop,Retail,0
TXN_010786,USR_0481,131.94,2026-03-04 09:30:17,"New York, US",Desktop,Grocery,0
TXN_004165,USR_0231,48.49,2026-02-20 17:34:44,"Paris, FR",Mobile,Retail,0
TXN_005972,USR_0166,41.52,2026-02-01 23:28:26,"Tokyo, JP",Mobile,Grocery,0
TXN_003580,USR_0317,28.08,2026-01-05 16:28:08,"Tokyo, JP",POS,Electronics,0
TXN_002833,USR_0198,4.04,2026-02-06 21:43:39,"Paris, FR",Desktop,Electronics,0
TXN_005450,USR_0453,33.33,2026-01-09 16:08:58,"Paris, FR",POS,Grocery,0
TXN_003473,USR_0226,28.26,2026-01-12 09:22:59,"London, UK",Mobile,Travel,0
TXN_006328,USR_0020,33.49,2026-03-04 15:53:44,"London, UK",Mobile,Retail,0
TXN_000138,USR_0298,98.39,2026-02-17 13:30:35,Online,Desktop,Retail,0
TXN_007044,USR_0363,7.42,2026-01-25 19:43:43,"London, UK",POS,Retail,0
TXN_004893,USR_0306,136.3,2026-03-31 04:51:42,"London, UK",Mobile,Retail,0
TXN_002181,USR_0258,11.05,2026-03-31 17:39:30,"Tokyo, JP",POS,Retail,0
TXN_010321,USR_0263,35.97,2026-01-28 14:57:52,"Tokyo, JP",Mobile,Grocery,0
TXN_007731,USR_0386,81.97,2026-03-04 16:41:39,"London, UK",Desktop,Electronics,0
TXN_003178,USR_0495,30.04,2026-02-20 15:50:45,"Tokyo, JP",Desktop,Retail,0
TXN_004855,USR_0126,166.84,2026-01-01 13:51:41,"New York, US",POS,Retail,0
TXN_004638,USR_0420,22.2,2026-02-05 13:56:27,"New York, US",Desktop,Grocery,0
TXN_005116,USR_0106,56.83,2026-01-25 06:38:06,"Paris, FR",Mobile,Electronics,0
TXN_011158,USR_0167,60.09,2026-01-22 14:11:32,"London, UK",Mobile,Retail,0
TXN_007649,USR_0396,8.86,2026-02-28 16:31:40,"Tokyo, JP",Desktop,Travel,0
TXN_004262,USR_0019,34.12,2026-01-15 11:03:34,Online,POS,Grocery,0
TXN_001332,USR_0146,99.2,2026-02-28 19:10:39,"London, UK",POS,Travel,0
TXN_010210,USR_0040,17.78,2026-02-19 19:39:53,"New York, US",Desktop,Retail,0
TXN_010675,USR_0474,17.48,2026-01-11 15:22:47,Online,Mobile,Electronics,0
TXN_007003,USR_0371,13.19,2026-01-11 12:21:57,"Tokyo, JP",POS,Grocery,0
TXN_009551,USR_0499,34.17,2026-01-30 06:58:23,"London, UK",Mobile,Grocery,0
TXN_006942,USR_0114,35.22,2026-02-28 13:13:03,"Tokyo, JP",Mobile,Grocery,0
TXN_008018,USR_0104,28.55,2026-02-01 18:01:54,Online,Desktop,Retail,0
TXN_006242,USR_0232,87.89,2026-02-04 09:43:05,"New York, US",Mobile,Retail,0
TXN_009522,USR_0252,62.56,2026-02-28 14:33:34,Online,Mobile,Grocery,0
TXN_011982,USR_0298,6139.3,2026-01-20 03:05:32,"Sydney, AU",Desktop,Gaming,1
TXN_006882,USR_0102,38.33,2026-01-02 09:58:19,"Tokyo, JP",POS,Travel,0
TXN_010343,USR_0251,34.45,2026-02-11 07:04:42,"New York, US",POS,Grocery,0
TXN_004531,USR_0174,21.68,2026-02-14 17:16:10,"Paris, FR",Mobile,Travel,0
TXN_010315,USR_0145,44.12,2026-02-14 09:28:26,Online,POS,Grocery,0
TXN_004674,USR_0417,491.93,2026-01-22 14:44:32,Online,POS,Retail,0
TXN_006997,USR_0482,45.48,2026-01-20 05:17:53,"Tokyo, JP",POS,Electronics,0
TXN_001253,USR_0275,24.21,2026-02-15 00:21:43,"Tokyo, JP",Desktop,Grocery,0
TXN_003375,USR_0439,242.59,2026-02-07 11:08:33,Online,Desktop,Electronics,0
TXN_002815,USR_0439,58.26,2026-03-14 15:16:06,"New York, US",Desktop,Retail,0
TXN_004720,USR_0047,106.16,2026-01-20 20:14:29,"Tokyo, JP",Mobile,Grocery,0
TXN_006545,USR_0091,36.65,2026-03-01 10:27:34,"Paris, FR",Mobile,Retail,0
TXN_010041,USR_0470,35.01,2026-01-31 00:26:00,"Tokyo, JP",Desktop,Grocery,0
TXN_004859,USR_0441,42.39,2026-02-21 15:18:16,"New York, US",Mobile,Travel,0
TXN_007902,USR_0260,52.86,2026-03-06 13:57:10,"New York, US",POS,Grocery,0
TXN_008581,USR_0433,22.36,2026-03-05 20:18:27,"Tokyo, JP",Desktop,Retail,0
TXN_008428,USR_0150,26.45,2026-03-04 12:08:55,"London, UK",Desktop,Grocery,0
TXN_001078,USR_0051,33.33,2026-02-10 03:31:55,Online,POS,Grocery,0
TXN_010177,USR_0263,22.85,2026-03-01 20:26:03,Online,Desktop,Retail,0
TXN_004364,USR_0380,336.18,2026-02-27 11:51:53,"Paris, FR",Mobile,Retail,0
TXN_000771,USR_0312,85.59,2026-01-26 13:49:16,Online,Mobile,Grocery,0
TXN_010358,USR_0366,15.71,2026-02-07 09:35:12,"New York, US",POS,Retail,0
TXN_008866,USR_0274,228.3,2026-03-19 17:44:54,"Paris, FR",Mobile,Retail,0
TXN_000250,USR_0296,191.59,2026-03-06 11:13:09,"Paris, FR",Mobile,Grocery,0
TXN_009767,USR_0201,2.66,2026-02-01 18:57:59,"London, UK",Desktop,Grocery,0
TXN_007240,USR_0356,9.85,2026-03-23 21:36:07,"Tokyo, JP",Mobile,Retail,0
TXN_003420,USR_0201,25.21,2026-02-19 10:04:03,"New York, US",Desktop,Travel,0
TXN_010274,USR_0437,28.3,2026-02-23 07:09:27,"London, UK",Mobile,Retail,0
TXN_010016,USR_0394,126.25,2026-03-18 11:04:18,Online,POS,Electronics,0
TXN_004977,USR_0436,44.52,2026-02-12 09:47:05,Online,POS,Grocery,0
TXN_004545,USR_0453,30.49,2026-01-03 17:58:13,"New York, US",Desktop,Retail,0
TXN_005566,USR_0097,73.4,2026-03-29 20:44:10,"New York, US",Desktop,Retail,0
TXN_007940,USR_0037,13.89,2026-03-16 14:42:03,"New York, US",Desktop,Retail,0
TXN_000717,USR_0264,41.84,2026-01-21 19:04:19,Online,Desktop,Retail,0
TXN_011584,USR_0338,4458.34,2026-02-20 02:20:37,"Moscow, RU",Desktop,Gaming,1
TXN_002049,USR_0185,23.59,2026-03-21 21:54:27,"New York, US",POS,Electronics,0
TXN_005998,USR_0229,30.31,2026-03-18 19:09:14,"London, UK",Desktop,Retail,0
TXN_006601,USR_0256,33.36,2026-02-27 14:05:17,"New York, US",Mobile,Grocery,0
TXN_007246,USR_0323,11.19,2026-02-01 08:49:10,"New York, US",Mobile,Grocery,0
TXN_004179,USR_0439,10.65,2026-03-25 13:52:17,"London, UK",Mobile,Travel,0
TXN_004810,USR_0174,40.79,2026-02-01 05:36:17,"Paris, FR",Desktop,Retail,0
TXN_010917,USR_0471,11.85,2026-03-15 13:38:40,"Paris, FR",Desktop,Retail,0
TXN_011377,USR_0131,49.18,2026-02-26 11:43:20,"Tokyo, JP",Desktop,Retail,0
TXN_007141,USR_0172,12.66,2026-03-15 17:12:59,"Tokyo, JP",Desktop,Grocery,0
TXN_007191,USR_0073,10.72,2026-02-28 11:10:03,Online,Desktop,Travel,0
TXN_001461,USR_0274,31.4,2026-01-31 10:54:28,"Paris, FR",Mobile,Retail,0
TXN_005990,USR_0208,39.56,2026-02-23 10:08:55,"Paris, FR",Desktop,Electronics,0
TXN_009861,USR_0325,27.5,2026-02-15 10:05:45,"London, UK",Mobile,Electronics,0
TXN_010949,USR_0167,117.8,2026-02-03 15:39:59,Online,Mobile,Travel,0
TXN_002001,USR_0422,5.26,2026-01-15 16:31:10,"New York, US",Mobile,Grocery,0
TXN_008176,USR_0350,54.97,2026-02-18 12:04:20,"London, UK",POS,Retail,0
TXN_000405,USR_0336,59.93,2026-02-02 01:47:30,"London, UK",Mobile,Travel,0
TXN_000385,USR_0072,40.37,2026-02-11 08:59:39,"Tokyo, JP",Mobile,Retail,0
TXN_011336,USR_0360,24.38,2026-01-04 10:42:29,"London, UK",Mobile,Electronics,0
TXN_011383,USR_0265,60.01,2026-03-05 19:13:08,Online,Desktop,Grocery,0
TXN_010345,USR_0012,32.87,2026-03-04 17:10:52,"London, UK",Desktop,Retail,0
TXN_001634,USR_0109,1679.48,2026-03-16 03:53:32,"Tokyo, JP",Mobile,Retail,0
TXN_011464,USR_0455,11.93,2026-02-14 09:38:05,"New York, US",POS,Retail,0
TXN_004785,USR_0126,26.22,2026-01-02 08:45:19,"Tokyo, JP",Desktop,Grocery,0
TXN_011348,USR_0488,19.96,2026-02-16 13:05:25,"Tokyo, JP",Mobile,Retail,0
TXN_006971,USR_0375,26.06,2026-02-04 15:32:12,"New York, US",Mobile,Grocery,0
TXN_003926,USR_0147,41.77,2026-02-02 19:19:41,"New York, US",Desktop,Retail,0
TXN_004159,USR_0032,24.14,2026-01-01 19:22:59,"London, UK",POS,Retail,0
TXN_007450,USR_0202,96.41,2026-01-17 11:28:11,Online,Desktop,Grocery,0
TXN_008416,USR_0190,6.27,2026-01-08 14:50:29,"Tokyo, JP",POS,Retail,0
TXN_002194,USR_0183,90.16,2026-03-05 21:01:15,Online,POS,Electronics,0
TXN_010017,USR_0310,17.8,2026-02-15 09:54:36,"Paris, FR",Desktop,Grocery,0
TXN_001016,USR_0278,8.85,2026-03-31 04:31:12,Online,Mobile,Travel,0
TXN_005125,USR_0291,58.61,2026-03-19 18:17:46,Online,Mobile,Grocery,0
TXN_007419,USR_0420,67.06,2026-03-23 11:56:29,"London, UK",POS,Retail,0
TXN_007410,USR_0237,8.27,2026-02-22 15:58:52,"Tokyo, JP",POS,Grocery,0
TXN_008990,USR_0374,28.33,2026-01-30 09:01:58,"London, UK",POS,Retail,0
TXN_002872,USR_0140,338.55,2026-03-26 12:29:42,"New York, US",Desktop,Travel,0
TXN_000010,USR_0099,4.89,2026-04-01 10:04:02,"London, UK",Desktop,Grocery,0
TXN_010137,USR_0221,52.34,2026-02-21 08:47:55,Online,POS,Retail,0
TXN_001839,USR_0281,64.42,2026-03-01 10:10:57,"Paris, FR",Mobile,Retail,0
TXN_004805,USR_0116,85.02,2026-03-18 15:57:30,"New York, US",Desktop,Retail,0
TXN_000256,USR_0380,67.87,2026-03-23 17:01:05,Online,Mobile,Retail,0
TXN_007027,USR_0419,70.25,2026-02-17 03:07:44,"London, UK",Desktop,Grocery,0
TXN_005714,USR_0176,275.01,2026-03-21 22:51:39,"New York, US",POS,Travel,0
TXN_003325,USR_0175,8.17,2026-01-12 18:23:46,Online,Desktop,Travel,0
TXN_007715,USR_0408,23.11,2026-03-28 07:22:08,"London, UK",POS,Grocery,0
TXN_001582,USR_0012,14.18,2026-01-04 14:56:50,Online,POS,Grocery,0
TXN_011149,USR_0391,24.66,2026-02-02 16:58:57,"New York, US",Mobile,Retail,0
TXN_000925,USR_0336,80.09,2026-03-08 13:18:45,Online,Mobile,Retail,0
TXN_002780,USR_0294,44.94,2026-01-23 14:57:28,"London, UK",POS,Retail,0
TXN_010701,USR_0279,21.58,2026-01-23 08:11:59,"Tokyo, JP",Desktop,Grocery,0
TXN_007892,USR_0313,25.25,2026-01-07 09:45:11,Online,Desktop,Grocery,0
TXN_006133,USR_0080,65.81,2026-01-02 06:09:10,"Tokyo, JP",POS,Travel,0
TXN_005321,USR_0297,138.88,2026-03-25 19:37:49,Online,Mobile,Grocery,0
TXN_007313,USR_0364,109.59,2026-03-08 02:51:48,Online,POS,Travel,0
TXN_007103,USR_0204,127.06,2026-01-06 18:11:14,"London, UK",Desktop,Grocery,0
TXN_006043,USR_0232,6.87,2026-03-06 00:31:15,"Tokyo, JP",Desktop,Grocery,0
TXN_003776,USR_0376,38.22,2026-01-03 10:29:53,"Paris, FR",Mobile,Grocery,0
TXN_004836,USR_0416,15.35,2026-02-23 09:53:08,"Tokyo, JP",POS,Retail,0
TXN_004965,USR_0322,137.03,2026-03-23 20:28:03,Online,Desktop,Retail,0
TXN_010972,USR_0135,42.28,2026-02-17 13:10:15,"Paris, FR",POS,Grocery,0
TXN_000540,USR_0315,31.01,2026-01-26 12:28:37,"Paris, FR",Desktop,Grocery,0
TXN_007484,USR_0404,28.98,2026-01-31 09:15:55,"Paris, FR",Mobile,Grocery,0
TXN_002746,USR_0227,14.5,2026-01-06 11:15:35,"London, UK",POS,Grocery,0
TXN_003720,USR_0144,17.77,2026-04-01 11:06:05,"Tokyo, JP",POS,Grocery,0
TXN_006820,USR_0175,10.76,2026-01-20 16:21:52,"Paris, FR",Mobile,Grocery,0
TXN_009338,USR_0441,49.73,2026-03-28 10:05:21,"Paris, FR",POS,Retail,0
TXN_004469,USR_0362,101.59,2026-01-16 13:01:30,"London, UK",POS,Travel,0
TXN_000668,USR_0173,8.82,2026-02-08 06:20:08,"London, UK",POS,Retail,0
TXN_007576,USR_0427,18.74,2026-04-01 10:25:54,"Tokyo, JP",POS,Grocery,0
TXN_011212,USR_0225,43.96,2026-03-17 08:26:15,"London, UK",Mobile,Electronics,0
TXN_008550,USR_0155,137.21,2026-03-16 16:02:23,"Paris, FR",Mobile,Retail,0
TXN_005064,USR_0102,15.88,2026-02-01 11:59:51,"New York, US",Desktop,Grocery,0
TXN_011024,USR_0057,68.72,2026-03-15 15:23:30,"New York, US",POS,Grocery,0
TXN_010976,USR_0390,67.08,2026-03-10 19:02:47,"Tokyo, JP",POS,Grocery,0
TXN_001354,USR_0210,31.54,2026-03-23 13:58:17,"Paris, FR",Mobile,Travel,0
TXN_007115,USR_0376,63.28,2026-03-16 14:44:20,"New York, US",Desktop,Grocery,0
TXN_011725,USR_0450,6790.31,2026-03-05 22:26:58,"Sydney, AU",Desktop,Gaming,1
TXN_008663,USR_0471,97.85,2026-02-17 11:33:08,"New York, US",Desktop,Retail,0
TXN_002704,USR_0492,27.93,2026-02-21 09:18:24,Online,Desktop,Retail,0
TXN_003331,USR_0286,28.45,2026-02-28 10:39:22,"New York, US",POS,Electronics,0
TXN_008054,USR_0385,25.33,2026-01-22 16:23:02,"London, UK",Desktop,Grocery,0
TXN_009589,USR_0227,54.23,2026-02-02 13:16:58,"Paris, FR",Desktop,Grocery,0
TXN_003585,USR_0077,4.15,2026-02-06 12:11:06,"New York, US",Desktop,Grocery,0
TXN_011328,USR_0389,22.91,2026-03-17 15:44:21,"Tokyo, JP",Mobile,Grocery,0
TXN_005646,USR_0242,196.7,2026-03-31 08:34:37,"London, UK",Desktop,Retail,0
TXN_003377,USR_0480,14.92,2026-02-20 08:27:27,"New York, US",POS,Electronics,0
TXN_001257,USR_0200,20.7,2026-01-14 12:40:44,"Tokyo, JP",Desktop,Grocery,0
TXN_006191,USR_0188,39.01,2026-02-16 08:35:41,"New York, US",Desktop,Retail,0
TXN_009443,USR_0182,35.31,2026-02-01 10:54:24,"Tokyo, JP",Mobile,Grocery,0
TXN_005349,USR_0094,27.09,2026-01-17 15:53:05,Online,Mobile,Grocery,0
TXN_011004,USR_0485,47.75,2026-03-08 09:59:52,"Tokyo, JP",POS,Retail,0
TXN_011126,USR_0246,82.49,2026-03-22 14:17:45,"London, UK",POS,Electronics,0
TXN_004176,USR_0482,13.31,2026-03-31 00:01:25,"Paris, FR",Desktop,Retail,0
TXN_004911,USR_0278,145.2,2026-01-31 16:00:54,Online,Desktop,Retail,0
TXN_001853,USR_0309,17.68,2026-03-17 08:14:06,"Paris, FR",Mobile,Travel,0
TXN_006317,USR_0462,31.56,2026-03-24 17:42:16,"Tokyo, JP",Desktop,Grocery,0
TXN_011825,USR_0315,2998.46,2026-01-12 23:30:48,"Moscow, RU",ATM,Crypto,1
TXN_002106,USR_0014,55.77,2026-02-25 05:00:40,Online,Mobile,Grocery,0
TXN_000134,USR_0175,26.13,2026-02-05 03:56:38,"Tokyo, JP",POS,Grocery,0
TXN_005030,USR_0416,94.71,2026-01-05 08:08:50,"London, UK",Mobile,Electronics,0
TXN_000929,USR_0336,37.09,2026-01-01 10:10:05,"Tokyo, JP",Desktop,Grocery,0
TXN_000824,USR_0017,18.48,2026-02-15 18:52:28,"New York, US",POS,Electronics,0
TXN_007577,USR_0024,118.85,2026-01-01 17:45:17,"Tokyo, JP",Mobile,Retail,0
TXN_001532,USR_0203,158.13,2026-01-15 11:00:10,"Paris, FR",Desktop,Electronics,0
TXN_001215,USR_0323,6.68,2026-03-02 05:37:10,Online,Mobile,Electronics,0
TXN_000505,USR_0285,27.74,2026-03-07 11:26:06,"New York, US",Mobile,Grocery,0
TXN_010189,USR_0494,58.92,2026-03-01 14:20:07,Online,Desktop,Retail,0
TXN_006531,USR_0405,149.83,2026-03-27 18:08:30,"Paris, FR",POS,Grocery,0
TXN_003073,USR_0124,65.89,2026-01-30 19:14:39,Online,POS,Grocery,0
TXN_010151,USR_0131,14.82,2026-01-22 13:17:19,"London, UK",Desktop,Travel,0
TXN_009577,USR_0316,24.65,2026-03-22 12:58:48,"London, UK",Desktop,Retail,0
TXN_009087,USR_0465,204.39,2026-03-06 18:09:16,"London, UK",Desktop,Grocery,0
TXN_008648,USR_0052,4.53,2026-03-27 12:07:49,Online,Mobile,Electronics,0
TXN_006620,USR_0244,21.25,2026-02-13 13:10:32,"New York, US",Mobile,Grocery,0
TXN_009274,USR_0378,176.44,2026-02-25 06:40:30,"Paris, FR",Desktop,Travel,0
TXN_003710,USR_0457,105.22,2026-01-04 10:36:28,"Tokyo, JP",Desktop,Retail,0
TXN_011503,USR_0226,340.86,2026-01-21 09:59:28,"Paris, FR",POS,Retail,0
TXN_004850,USR_0298,104.22,2026-01-28 10:27:21,"Paris, FR",Mobile,Travel,0
TXN_004749,USR_0480,11.01,2026-03-14 13:04:13,"Tokyo, JP",Mobile,Grocery,0
TXN_004269,USR_0326,64.23,2026-04-01 16:36:22,Online,Mobile,Travel,0
TXN_011854,USR_0454,2500.0,2026-01-22 05:17:56,Online,Mobile,Electronics,1
TXN_008906,USR_0013,14.77,2026-02-09 18:15:49,Online,Desktop,Retail,0
TXN_004187,USR_0316,7.29,2026-03-06 13:37:36,"London, UK",Desktop,Grocery,0
TXN_010407,USR_0328,18.36,2026-03-21 15:23:25,"Tokyo, JP",Desktop,Retail,0
TXN_005302,USR_0111,14.44,2026-03-09 10:46:32,Online,POS,Electronics,0
TXN_002924,USR_0035,12.24,2026-02-27 14:24:49,"London, UK",Desktop,Electronics,0
TXN_006589,USR_0119,79.29,2026-03-04 12:49:05,"London, UK",Mobile,Retail,0
TXN_001811,USR_0425,6.32,2026-02-24 17:16:44,"Tokyo, JP",POS,Travel,0
TXN_003487,USR_0072,31.15,2026-02-15 18:52:52,Online,Desktop,Retail,0
TXN_007420,USR_0367,42.77,2026-02-26 10:33:13,Online,Desktop,Electronics,0
TXN_003142,USR_0170,71.89,2026-03-22 07:42:20,Online,Mobile,Electronics,0
TXN_010020,USR_0101,14.17,2026-01-24 11:02:04,"Tokyo, JP",Mobile,Grocery,0
TXN_009348,USR_0449,20.22,2026-03-25 01:43:21,"New York, US",POS,Retail,0
TXN_001325,USR_0497,7.26,2026-03-29 16:34:59,"London, UK",Desktop,Grocery,0
TXN_004313,USR_0447,32.98,2026-01-14 11:16:40,"Tokyo, JP",POS,Grocery,0
TXN_007495,USR_0107,41.16,2026-04-01 22:16:43,Online,Mobile,Grocery,0
TXN_008703,USR_0158,28.97,2026-01-11 11:42:34,"London, UK",Mobile,Travel,0
TXN_009873,USR_0330,3.41,2026-03-05 08:27:00,"Tokyo, JP",Desktop,Grocery,0
TXN_008692,USR_0058,99.23,2026-01-22 05:42:57,"New York, US",Desktop,Grocery,0
TXN_011401,USR_0191,9.63,2026-01-10 19:39:03,"New York, US",Mobile,Retail,0
TXN_010049,USR_0014,16.49,2026-01-10 09:26:52,Online,Mobile,Grocery,0
TXN_009581,USR_0256,17.21,2026-02-08 10:08:38,"London, UK",Mobile,Retail,0
TXN_010579,USR_0140,18.71,2026-01-30 15:30:05,Online,POS,Retail,0
TXN_005542,USR_0309,37.21,2026-03-24 19:14:25,"London, UK",POS,Grocery,0
TXN_006173,USR_0053,31.32,2026-01-15 09:59:56,"New York, US",Desktop,Grocery,0
TXN_001541,USR_0425,235.71,2026-02-20 16:03:21,"New York, US",Mobile,Electronics,0
TXN_009410,USR_0474,111.89,2026-03-09 10:08:24,Online,Desktop,Retail,0
TXN_002682,USR_0128,36.52,2026-01-29 19:16:11,"Tokyo, JP",Desktop,Electronics,0
TXN_011858,USR_0209,8570.28,2026-01-01 22:27:11,"Sydney, AU",ATM,Electronics,1
TXN_011186,USR_0468,18.52,2026-02-18 13:24:04,"Tokyo, JP",POS,Retail,0
TXN_006314,USR_0466,61.59,2026-03-14 12:00:41,"New York, US",Desktop,Retail,0
TXN_001192,USR_0407,13.44,2026-03-28 10:19:58,"Paris, FR",POS,Grocery,0
TXN_005294,USR_0196,13.56,2026-01-02 16:54:21,"Tokyo, JP",POS,Grocery,0
TXN_001543,USR_0306,15.76,2026-03-12 15:18:02,"Paris, FR",Desktop,Retail,0
TXN_007057,USR_0423,9.52,2026-02-08 08:17:39,Online,Mobile,Grocery,0
TXN_002540,USR_0131,43.19,2026-02-21 21:02:42,Online,Mobile,Electronics,0
TXN_000954,USR_0052,32.37,2026-02-11 08:23:39,"Tokyo, JP",Mobile,Travel,0
TXN_007242,USR_0098,16.33,2026-01-08 13:33:20,"London, UK",Mobile,Grocery,0
TXN_006732,USR_0337,7.76,2026-03-26 20:23:40,Online,Mobile,Grocery,0
TXN_004847,USR_0299,63.24,2026-01-07 12:20:46,"Paris, FR",Mobile,Travel,0
TXN_006802,USR_0469,53.62,2026-02-14 09:36:41,"New York, US",Desktop,Grocery,0
TXN_008011,USR_0224,144.81,2026-03-25 07:08:05,"London, UK",Mobile,Electronics,0
TXN_004331,USR_0497,51.67,2026-01-06 09:59:16,"New York, US",POS,Retail,0
TXN_008925,USR_0310,16.0,2026-02-26 18:00:13,"New York, US",Mobile,Travel,0
TXN_005335,USR_0164,21.48,2026-01-17 09:44:46,"Paris, FR",POS,Travel,0
TXN_007331,USR_0379,49.46,2026-03-01 15:40:04,"Tokyo, JP",Mobile,Retail,0
TXN_009349,USR_0209,49.08,2026-03-13 10:36:55,Online,Mobile,Retail,0
TXN_004730,USR_0481,19.88,2026-02-21 17:26:09,"London, UK",Mobile,Retail,0
TXN_006542,USR_0489,21.14,2026-01-15 08:13:51,"Tokyo, JP",POS,Electronics,0
TXN_011175,USR_0198,19.59,2026-03-18 10:32:26,"London, UK",Mobile,Grocery,0
TXN_005306,USR_0268,29.84,2026-03-23 09:41:06,"Tokyo, JP",POS,Electronics,0
TXN_005162,USR_0303,46.83,2026-03-22 11:44:46,"Tokyo, JP",Desktop,Retail,0
TXN_007861,USR_0486,19.65,2026-01-19 02:41:45,"Paris, FR",POS,Retail,0
TXN_002157,USR_0296,107.97,2026-03-03 05:42:31,"Tokyo, JP",Desktop,Electronics,0
TXN_001063,USR_0474,122.04,2026-03-15 16:05:07,"Paris, FR",Desktop,Grocery,0
TXN_010809,USR_0372,153.75,2026-03-04 14:39:46,"Tokyo, JP",Desktop,Electronics,0
TXN_001168,USR_0277,14.6,2026-02-26 10:03:08,"New York, US",Desktop,Electronics,0
TXN_003637,USR_0111,15.39,2026-03-04 09:18:03,"Paris, FR",Desktop,Travel,0
TXN_007652,USR_0445,26.29,2026-02-13 19:53:56,"London, UK",Mobile,Grocery,0
TXN_005589,USR_0485,49.0,2026-01-12 16:26:25,Online,Mobile,Grocery,0
TXN_011131,USR_0065,1.5,2026-02-02 14:01:34,"New York, US",Desktop,Grocery,0
TXN_007193,USR_0181,40.19,2026-02-23 17:11:56,Online,Desktop,Retail,0
TXN_004492,USR_0258,219.05,2026-01-09 08:14:01,"New York, US",Desktop,Grocery,0
TXN_007267,USR_0189,12.96,2026-03-16 11:15:04,"New York, US",POS,Retail,0
TXN_011333,USR_0059,73.64,2026-02-27 23:20:34,Online,Mobile,Travel,0
TXN_004981,USR_0199,34.62,2026-03-18 13:02:55,"New York, US",Mobile,Retail,0
TXN_008336,USR_0223,59.63,2026-01-11 17:37:13,"Paris, FR",POS,Electronics,0
TXN_011938,USR_0183,2067.55,2026-03-22 22:54:58,"Lagos, NG",ATM,Gaming,1
TXN_004947,USR_0466,54.41,2026-03-29 10:33:46,"London, UK",Mobile,Grocery,0
TXN_002783,USR_0093,9.11,2026-03-17 10:33:10,"New York, US",Desktop,Retail,0
TXN_000718,USR_0400,6.99,2026-03-09 15:56:36,"New York, US",Mobile,Retail,0
TXN_010012,USR_0284,43.81,2026-01-26 19:12:25,"Tokyo, JP",Mobile,Grocery,0
TXN_002503,USR_0071,53.56,2026-03-05 08:12:02,"London, UK",Desktop,Retail,0
TXN_004361,USR_0185,74.44,2026-01-19 21:05:41,"Paris, FR",Mobile,Retail,0
TXN_004172,USR_0098,107.77,2026-01-20 19:42:32,"London, UK",Mobile,Retail,0
TXN_008083,USR_0236,140.73,2026-02-10 15:09:16,Online,Mobile,Retail,0
TXN_011710,USR_0459,3442.9,2026-03-15 01:53:13,"Sydney, AU",Desktop,Crypto,1
TXN_000396,USR_0032,118.1,2026-04-01 09:08:33,"London, UK",POS,Grocery,0
TXN_007187,USR_0400,138.31,2026-03-14 20:05:29,"Tokyo, JP",Mobile,Grocery,0
TXN_011784,USR_0261,5000.0,2026-02-21 03:09:59,"Lagos, NG",Desktop,Wire_Transfer,1
TXN_004493,USR_0379,42.02,2026-02-24 06:38:51,"New York, US",Mobile,Grocery,0
TXN_001366,USR_0028,75.92,2026-02-04 21:23:26,"Tokyo, JP",Mobile,Grocery,0
TXN_011686,USR_0053,7042.15,2026-01-18 00:14:19,Online,Mobile,Gaming,1
TXN_008788,USR_0114,50.08,2026-02-15 07:20:01,"New York, US",POS,Retail,0
TXN_005918,USR_0350,7.67,2026-03-21 15:40:05,"New York, US",Desktop,Grocery,0
TXN_004969,USR_0351,51.17,2026-01-06 15:53:28,"London, UK",Desktop,Travel,0
TXN_002915,USR_0067,27.55,2026-03-09 10:18:21,"Tokyo, JP",POS,Retail,0
TXN_010519,USR_0105,16.16,2026-03-09 12:43:13,"Tokyo, JP",Mobile,Retail,0
TXN_005645,USR_0423,80.28,2026-02-03 12:57:11,Online,Desktop,Grocery,0
TXN_003767,USR_0268,47.9,2026-02-19 00:29:27,"Paris, FR",Mobile,Grocery,0
TXN_003441,USR_0063,18.4,2026-01-25 14:13:28,"New York, US",POS,Travel,0
TXN_007358,USR_0262,20.2,2026-01-16 10:10:29,"Tokyo, JP",POS,Grocery,0
TXN_006807,USR_0208,107.01,2026-02-19 13:38:05,Online,Desktop,Retail,0
TXN_009880,USR_0214,28.14,2026-01-09 00:25:03,"Tokyo, JP",Mobile,Electronics,0
TXN_002144,USR_0021,6.68,2026-02-13 08:41:01,"New York, US",Desktop,Grocery,0
TXN_005105,USR_0386,111.77,2026-03-11 19:50:42,"New York, US",Desktop,Grocery,0
TXN_005074,USR_0445,127.35,2026-03-17 20:08:11,"London, UK",Mobile,Grocery,0
TXN_001572,USR_0202,26.01,2026-01-05 17:42:59,"London, UK",POS,Grocery,0
TXN_004080,USR_0135,17.41,2026-01-25 17:02:19,"London, UK",Desktop,Grocery,0
TXN_001123,USR_0302,15.29,2026-03-26 10:30:29,"Paris, FR",Desktop,Grocery,0
TXN_002787,USR_0097,20.91,2026-02-21 07:02:22,"New York, US",Desktop,Electronics,0
TXN_002968,USR_0485,10.66,2026-02-05 10:59:00,"Tokyo, JP",Desktop,Retail,0
TXN_002505,USR_0146,104.55,2026-02-09 01:24:43,"Paris, FR",Mobile,Grocery,0
TXN_005989,USR_0318,99.75,2026-01-18 18:42:55,"New York, US",Mobile,Grocery,0
TXN_008868,USR_0320,14.11,2026-01-01 05:18:18,"Paris, FR",POS,Grocery,0
TXN_011001,USR_0384,63.45,2026-01-23 06:14:49,Online,POS,Grocery,0
TXN_007165,USR_0375,121.26,2026-01-15 17:31:46,"Paris, FR",Desktop,Travel,0
TXN_000729,USR_0496,11.11,2026-04-01 23:41:17,"Paris, FR",Desktop,Grocery,0
TXN_007588,USR_0478,49.47,2026-02-27 14:56:21,"Tokyo, JP",Desktop,Grocery,0
TXN_007544,USR_0141,34.04,2026-02-15 20:46:50,"Paris, FR",Mobile,Grocery,0
TXN_000413,USR_0452,4.13,2026-01-23 10:59:58,"New York, US",Desktop,Retail,0
TXN_011339,USR_0216,20.2,2026-03-04 16:30:39,"Tokyo, JP",Desktop,Retail,0
TXN_009709,USR_0354,141.08,2026-01-31 15:22:37,"Tokyo, JP",Mobile,Retail,0
TXN_005746,USR_0325,19.69,2026-03-23 09:22:31,"London, UK",Mobile,Travel,0
TXN_007669,USR_0275,66.43,2026-02-22 08:47:08,Online,Mobile,Retail,0
TXN_000826,USR_0262,43.93,2026-03-31 12:18:44,"New York, US",Desktop,Retail,0
TXN_003268,USR_0472,230.96,2026-01-24 09:40:31,Online,Mobile,Retail,0
TXN_003975,USR_0117,33.52,2026-03-15 10:44:50,"New York, US",Mobile,Retail,0
TXN_008809,USR_0311,51.06,2026-02-25 11:26:03,"Tokyo, JP",Desktop,Travel,0
TXN_008307,USR_0187,40.48,2026-01-21 16:30:59,"London, UK",POS,Grocery,0
TXN_000418,USR_0235,38.49,2026-03-24 02:16:45,"London, UK",Mobile,Electronics,0
TXN_011262,USR_0088,95.64,2026-01-11 12:50:14,Online,Desktop,Retail,0
TXN_009818,USR_0311,51.2,2026-03-23 06:19:08,"New York, US",Mobile,Electronics,0
TXN_006749,USR_0108,57.2,2026-02-12 15:55:19,"Paris, FR",POS,Grocery,0
TXN_008968,USR_0428,71.11,2026-03-27 09:37:55,"Tokyo, JP",Desktop,Grocery,0
TXN_011089,USR_0352,22.13,2026-02-20 15:12:21,"Tokyo, JP",Desktop,Retail,0
TXN_011573,USR_0334,35.93,2026-02-25 17:39:27,"Paris, FR",Desktop,Travel,0
TXN_002083,USR_0194,96.08,2026-01-28 09:22:13,"London, UK",POS,Travel,0
TXN_008946,USR_0367,517.38,2026-02-21 19:16:57,"New York, US",Mobile,Grocery,0
TXN_010739,USR_0205,19.33,2026-01-12 15:12:44,"New York, US",Desktop,Electronics,0
TXN_003374,USR_0040,167.88,2026-01-12 07:16:59,"New York, US",POS,Electronics,0
TXN_005727,USR_0183,64.68,2026-02-16 12:12:54,"New York, US",Mobile,Grocery,0
TXN_004108,USR_0022,17.43,2026-01-31 10:44:22,Online,Desktop,Electronics,0
TXN_010637,USR_0168,27.47,2026-01-05 09:10:45,"Tokyo, JP",POS,Retail,0
TXN_004381,USR_0143,13.13,2026-03-11 18:17:32,"Paris, FR",Desktop,Retail,0
TXN_007724,USR_0142,19.28,2026-02-04 05:23:23,"New York, US",POS,Electronics,0
TXN_001067,USR_0192,24.34,2026-01-20 08:48:46,"New York, US",Mobile,Electronics,0
TXN_003914,USR_0407,86.51,2026-03-18 11:14:59,"Paris, FR",Desktop,Retail,0
TXN_005537,USR_0308,57.73,2026-02-20 17:34:47,"Paris, FR",Mobile,Retail,0
TXN_008003,USR_0124,27.27,2026-03-29 11:37:16,"New York, US",POS,Grocery,0
TXN_005388,USR_0072,59.2,2026-01-13 11:35:37,"New York, US",POS,Grocery,0
TXN_005733,USR_0062,118.47,2026-03-13 13:47:11,Online,POS,Grocery,0
TXN_002739,USR_0413,18.88,2026-02-26 13:57:23,"London, UK",Mobile,Grocery,0
TXN_005053,USR_0069,106.4,2026-03-30 17:00:18,"New York, US",POS,Grocery,0
TXN_004001,USR_0427,498.1,2026-03-23 10:50:46,"Paris, FR",Mobile,Grocery,0
TXN_009761,USR_0499,62.1,2026-02-18 12:07:40,"Paris, FR",Desktop,Retail,0
TXN_002428,USR_0170,68.85,2026-01-13 10:03:39,"Paris, FR",POS,Retail,0
TXN_006834,USR_0219,44.83,2026-03-09 12:09:14,"New York, US",Mobile,Retail,0
TXN_010124,USR_0289,12.68,2026-03-01 14:25:39,"Paris, FR",POS,Travel,0
TXN_001688,USR_0110,36.36,2026-01-31 12:30:47,"Tokyo, JP",POS,Retail,0
TXN_000852,USR_0231,22.21,2026-03-22 14:25:27,"Tokyo, JP",Mobile,Retail,0
TXN_006304,USR_0455,41.57,2026-03-08 17:37:39,"London, UK",Mobile,Electronics,0
TXN_009088,USR_0319,32.42,2026-02-21 09:33:47,"Paris, FR",POS,Electronics,0
TXN_005879,USR_0321,8.69,2026-03-26 13:10:20,"London, UK",Desktop,Grocery,0
TXN_008528,USR_0383,32.22,2026-03-01 02:02:39,Online,Mobile,Electronics,0
TXN_002840,USR_0431,33.6,2026-03-22 10:22:13,"Paris, FR",Desktop,Retail,0
TXN_011280,USR_0447,34.52,2026-03-19 16:51:40,Online,POS,Grocery,0
TXN_004612,USR_0181,35.86,2026-03-26 13:59:40,"Paris, FR",Mobile,Grocery,0
TXN_009541,USR_0027,39.34,2026-01-25 13:53:51,"Tokyo, JP",POS,Retail,0
TXN_009208,USR_0492,67.76,2026-01-27 12:23:01,"New York, US",Desktop,Electronics,0
TXN_011009,USR_0250,25.36,2026-02-14 22:26:21,"Paris, FR",Desktop,Travel,0
TXN_009824,USR_0455,120.68,2026-02-03 17:05:08,"New York, US",Mobile,Retail,0
TXN_002490,USR_0340,85.27,2026-02-12 10:50:03,"New York, US",Desktop,Retail,0
TXN_006906,USR_0317,51.47,2026-01-21 11:48:04,"Tokyo, JP",POS,Travel,0
TXN_007391,USR_0052,13.94,2026-01-18 10:07:01,"Tokyo, JP",Mobile,Retail,0
TXN_011444,USR_0405,10.26,2026-02-20 19:26:20,"New York, US",POS,Retail,0
TXN_002850,USR_0295,96.65,2026-01-26 09:09:26,"Tokyo, JP",Desktop,Retail,0
TXN_006666,USR_0262,35.89,2026-01-21 13:32:06,"Paris, FR",POS,Grocery,0
TXN_005882,USR_0232,86.68,2026-02-03 09:40:40,"Tokyo, JP",Desktop,Grocery,0
TXN_010263,USR_0338,133.05,2026-01-01 15:29:09,"London, UK",POS,Travel,0
TXN_004453,USR_0419,122.81,2026-01-13 00:02:11,"New York, US",Mobile,Grocery,0
TXN_009950,USR_0107,4.86,2026-01-28 13:24:04,"Tokyo, JP",Mobile,Grocery,0
TXN_007422,USR_0007,4.41,2026-01-18 13:24:00,"Paris, FR",Desktop,Retail,0
TXN_009828,USR_0199,204.87,2026-02-23 18:00:49,"Paris, FR",Desktop,Grocery,0
TXN_006485,USR_0379,10.13,2026-02-18 13:01:46,"London, UK",Mobile,Grocery,0
TXN_002480,USR_0302,77.24,2026-01-05 11:20:44,"New York, US",POS,Grocery,0
TXN_006618,USR_0220,7.46,2026-03-15 13:21:18,"London, UK",Mobile,Electronics,0
TXN_010458,USR_0276,19.86,2026-01-21 22:31:29,"New York, US",POS,Retail,0
TXN_011152,USR_0212,10.16,2026-03-25 09:27:12,"New York, US",Desktop,Grocery,0
TXN_011252,USR_0032,23.89,2026-02-03 19:06:39,"Tokyo, JP",Mobile,Electronics,0
TXN_002142,USR_0010,40.94,2026-03-24 10:50:54,Online,Mobile,Retail,0
TXN_011311,USR_0142,38.67,2026-03-21 17:52:42,Online,Desktop,Retail,0
TXN_005189,USR_0410,14.32,2026-02-28 12:18:46,"London, UK",POS,Grocery,0
TXN_011644,USR_0309,3457.11,2026-01-28 03:59:57,"Moscow, RU",Desktop,Gaming,1
TXN_002745,USR_0054,20.58,2026-02-07 09:39:36,"New York, US",Desktop,Retail,0
TXN_007254,USR_0432,8.8,2026-03-30 17:03:01,"London, UK",Mobile,Electronics,0
TXN_003507,USR_0024,33.52,2026-01-03 18:39:17,"London, UK",POS,Electronics,0
TXN_001680,USR_0159,30.92,2026-03-19 12:21:18,"Tokyo, JP",Mobile,Travel,0
TXN_004250,USR_0416,225.26,2026-03-13 10:04:22,"London, UK",Desktop,Travel,0
TXN_003148,USR_0358,12.2,2026-03-11 13:32:23,"Paris, FR",POS,Retail,0
TXN_008131,USR_0074,45.56,2026-02-15 15:41:45,Online,Mobile,Retail,0
TXN_010487,USR_0253,15.13,2026-03-28 23:17:13,"Tokyo, JP",Mobile,Retail,0
TXN_007005,USR_0373,44.4,2026-03-21 20:21:54,"Tokyo, JP",Desktop,Electronics,0
TXN_000581,USR_0321,18.71,2026-02-09 08:46:44,"London, UK",Desktop,Electronics,0
TXN_009663,USR_0356,114.54,2026-02-04 06:49:27,"New York, US",POS,Grocery,0
TXN_004071,USR_0025,38.89,2026-01-27 15:18:56,"London, UK",Mobile,Retail,0
TXN_003344,USR_0096,39.12,2026-02-21 23:50:14,"Tokyo, JP",Desktop,Travel,0
TXN_007405,USR_0372,37.72,2026-01-25 18:46:06,"Paris, FR",POS,Grocery,0
TXN_003673,USR_0205,9.75,2026-03-10 14:44:32,"London, UK",POS,Grocery,0
TXN_000560,USR_0385,67.29,2026-02-01 12:19:55,"New York, US",Desktop,Grocery,0
TXN_005238,USR_0120,22.06,2026-01-11 13:24:41,"Paris, FR",Desktop,Travel,0
TXN_007806,USR_0155,22.23,2026-02-01 23:26:41,"Paris, FR",Mobile,Electronics,0
TXN_011042,USR_0168,36.36,2026-01-19 05:10:26,"Tokyo, JP",Desktop,Travel,0
TXN_000513,USR_0156,65.49,2026-01-01 09:25:21,Online,Desktop,Grocery,0
TXN_001082,USR_0155,163.8,2026-01-31 20:32:17,"New York, US",POS,Grocery,0
TXN_001665,USR_0407,45.79,2026-01-31 08:04:49,Online,POS,Retail,0
TXN_009205,USR_0458,64.62,2026-03-04 04:10:02,"Tokyo, JP",Desktop,Grocery,0
TXN_001932,USR_0154,132.23,2026-02-16 15:27:57,"London, UK",POS,Grocery,0
TXN_011599,USR_0129,8237.44,2026-02-13 02:59:33,"Sydney, AU",Mobile,Electronics,1
TXN_001151,USR_0144,1.62,2026-01-04 14:21:24,Online,Mobile,Travel,0
TXN_002839,USR_0211,120.07,2026-04-01 15:56:34,"London, UK",Desktop,Retail,0
TXN_005950,USR_0312,5.19,2026-03-06 21:16:43,"Paris, FR",POS,Grocery,0
TXN_008309,USR_0032,119.55,2026-02-12 12:23:19,Online,POS,Travel,0
TXN_008933,USR_0383,42.93,2026-02-23 16:19:03,"Tokyo, JP",POS,Travel,0
TXN_011742,USR_0333,3108.12,2026-01-01 23:36:39,"Moscow, RU",Mobile,Gaming,1
TXN_005178,USR_0017,43.34,2026-01-01 02:17:05,"New York, US",POS,Travel,0
TXN_000831,USR_0091,49.39,2026-03-29 18:04:11,"London, UK",POS,Travel,0
TXN_008312,USR_0150,18.72,2026-04-01 09:35:11,"Paris, FR",Mobile,Grocery,0
TXN_004753,USR_0153,52.37,2026-01-21 11:47:50,"London, UK",Desktop,Grocery,0
TXN_011708,USR_0139,9404.35,2026-03-10 02:28:25,Online,Mobile,Gaming,1
TXN_011664,USR_0407,7454.54,2026-03-28 00:29:57,"Sydney, AU",ATM,Gaming,1
TXN_000636,USR_0239,31.91,2026-02-10 20:26:07,Online,Desktop,Retail,0
TXN_004466,USR_0298,44.17,2026-03-24 03:18:54,"Paris, FR",POS,Grocery,0
TXN_006800,USR_0212,54.74,2026-01-17 10:44:29,"Tokyo, JP",Desktop,Retail,0
TXN_007988,USR_0461,82.12,2026-02-14 07:24:12,"London, UK",Mobile,Travel,0
TXN_007080,USR_0262,58.02,2026-02-25 20:28:16,"Paris, FR",POS,Grocery,0
TXN_006967,USR_0399,9.76,2026-01-02 07:31:37,"New York, US",Mobile,Electronics,0
TXN_004143,USR_0054,44.98,2026-03-16 14:07:33,"Tokyo, JP",Desktop,Travel,0
TXN_007028,USR_0255,33.8,2026-03-23 13:52:03,"New York, US",Desktop,Grocery,0
TXN_009184,USR_0292,60.16,2026-03-04 14:21:49,"Paris, FR",POS,Electronics,0
TXN_000877,USR_0335,38.13,2026-01-20 10:23:25,"London, UK",POS,Electronics,0
TXN_004870,USR_0176,73.59,2026-01-17 14:57:24,"New York, US",Desktop,Grocery,0
TXN_005316,USR_0267,34.9,2026-01-26 19:42:12,"London, UK",Desktop,Grocery,0
TXN_005223,USR_0045,15.49,2026-02-22 22:29:34,"London, UK",Mobile,Grocery,0
TXN_000005,USR_0230,160.65,2026-03-17 02:17:51,"New York, US",Mobile,Electronics,0
TXN_003052,USR_0173,73.93,2026-01-12 15:44:31,"Tokyo, JP",POS,Travel,0
TXN_005692,USR_0211,22.35,2026-02-21 19:42:41,"Paris, FR",POS,Retail,0
TXN_003125,USR_0170,123.41,2026-01-25 21:19:59,Online,Mobile,Grocery,0
TXN_010853,USR_0195,29.07,2026-03-03 11:00:42,"Paris, FR",POS,Grocery,0
TXN_002492,USR_0338,14.23,2026-01-19 14:12:56,"London, UK",Desktop,Grocery,0
TXN_003855,USR_0363,48.71,2026-03-17 10:43:23,"New York, US",Mobile,Electronics,0
TXN_004778,USR_0178,14.32,2026-01-11 08:17:22,"Paris, FR",Mobile,Grocery,0
TXN_009908,USR_0196,35.28,2026-01-03 18:47:54,"London, UK",POS,Electronics,0
TXN_007510,USR_0187,107.11,2026-01-08 19:18:36,Online,POS,Travel,0
TXN_006458,USR_0210,95.73,2026-03-12 19:51:25,"London, UK",POS,Retail,0
TXN_006294,USR_0254,2.08,2026-03-18 13:38:54,"New York, US",Mobile,Electronics,0
TXN_001149,USR_0290,129.11,2026-03-28 07:20:35,Online,Mobile,Retail,0
TXN_011454,USR_0439,12.3,2026-01-16 12:17:10,Online,Desktop,Grocery,0
TXN_000575,USR_0425,26.55,2026-02-06 10:21:35,Online,Mobile,Travel,0
TXN_003770,USR_0281,72.02,2026-01-11 13:52:18,"London, UK",Desktop,Retail,0
TXN_004147,USR_0426,93.5,2026-02-10 12:33:20,"Paris, FR",POS,Retail,0
TXN_000854,USR_0300,5.69,2026-01-06 00:44:54,"New York, US",Desktop,Travel,0
TXN_010175,USR_0208,14.16,2026-01-06 14:29:10,"Paris, FR",Desktop,Retail,0
TXN_010967,USR_0037,15.4,2026-02-09 13:11:16,"London, UK",Mobile,Grocery,0
TXN_005920,USR_0160,25.38,2026-02-13 12:58:16,"Paris, FR",POS,Retail,0
TXN_009359,USR_0138,161.41,2026-02-04 16:20:00,"London, UK",Desktop,Retail,0
TXN_006615,USR_0216,124.33,2026-01-23 12:51:31,Online,Desktop,Electronics,0
TXN_006003,USR_0180,21.73,2026-01-10 08:36:08,"New York, US",Mobile,Travel,0
TXN_009164,USR_0135,84.33,2026-02-13 17:04:02,"Paris, FR",POS,Travel,0
TXN_010894,USR_0228,35.07,2026-03-10 21:54:26,"Paris, FR",POS,Electronics,0
TXN_004496,USR_0149,59.18,2026-02-21 18:45:50,"London, UK",Mobile,Electronics,0
TXN_008174,USR_0320,51.92,2026-03-05 14:27:44,"London, UK",Mobile,Retail,0
TXN_006656,USR_0350,52.05,2026-03-02 19:00:53,Online,Mobile,Retail,0
TXN_002369,USR_0005,36.99,2026-02-01 06:08:37,"Paris, FR",Mobile,Electronics,0
TXN_004781,USR_0414,21.49,2026-01-13 09:20:57,"Paris, FR",Desktop,Grocery,0
TXN_007993,USR_0412,8.31,2026-01-22 06:17:43,"London, UK",Desktop,Grocery,0
TXN_002951,USR_0392,623.69,2026-02-07 18:31:01,"Paris, FR",POS,Grocery,0
TXN_005626,USR_0128,25.66,2026-03-14 07:27:51,Online,Desktop,Grocery,0
TXN_006972,USR_0265,25.2,2026-02-14 14:29:13,"Paris, FR",Desktop,Electronics,0
TXN_008717,USR_0414,46.17,2026-02-28 19:27:27,"Paris, FR",Mobile,Electronics,0
TXN_010648,USR_0262,75.89,2026-03-04 21:35:00,"Paris, FR",Mobile,Travel,0
TXN_001842,USR_0463,63.21,2026-02-19 11:49:17,"London, UK",POS,Grocery,0
TXN_005987,USR_0336,13.84,2026-01-01 11:05:46,"Paris, FR",Desktop,Grocery,0
TXN_000538,USR_0491,48.29,2026-03-01 02:14:51,"Paris, FR",POS,Retail,0
TXN_002807,USR_0293,24.67,2026-04-01 12:55:57,"Tokyo, JP",Mobile,Electronics,0
TXN_005802,USR_0336,4.47,2026-03-30 10:03:05,Online,Mobile,Grocery,0
TXN_005597,USR_0405,77.11,2026-02-09 11:18:17,"London, UK",Desktop,Travel,0
TXN_007207,USR_0431,6.87,2026-03-29 15:10:24,"London, UK",Desktop,Grocery,0
TXN_007344,USR_0065,7.73,2026-02-07 23:19:52,"Paris, FR",Mobile,Electronics,0
TXN_007561,USR_0132,14.5,2026-02-26 10:25:04,"Paris, FR",Mobile,Retail,0
TXN_008097,USR_0241,51.75,2026-01-27 15:58:57,"Paris, FR",POS,Electronics,0
TXN_011368,USR_0019,4.75,2026-01-14 10:57:52,"Tokyo, JP",Desktop,Electronics,0
TXN_000785,USR_0399,21.26,2026-02-15 16:39:01,"London, UK",Desktop,Retail,0
TXN_001410,USR_0104,4.86,2026-02-07 13:42:31,"Paris, FR",POS,Grocery,0
TXN_010730,USR_0304,5.47,2026-01-14 08:43:59,"London, UK",POS,Travel,0
TXN_000155,USR_0210,117.56,2026-02-27 01:44:38,"Paris, FR",Desktop,Grocery,0
TXN_007807,USR_0093,11.74,2026-03-28 14:01:40,Online,Mobile,Grocery,0
TXN_003010,USR_0014,5.77,2026-02-18 06:02:31,"New York, US",Desktop,Grocery,0
TXN_001687,USR_0472,29.29,2026-01-01 14:40:14,"London, UK",Desktop,Travel,0
TXN_011094,USR_0071,316.86,2026-02-28 15:35:46,"Paris, FR",Desktop,Electronics,0
TXN_004015,USR_0416,14.29,2026-01-18 07:01:16,"London, UK",Desktop,Retail,0
TXN_007456,USR_0463,6.45,2026-02-06 15:06:27,"Paris, FR",Desktop,Grocery,0
TXN_003864,USR_0024,12.26,2026-02-16 18:24:04,"New York, US",Mobile,Retail,0
TXN_002734,USR_0286,35.72,2026-03-12 07:41:20,"Paris, FR",Desktop,Retail,0
TXN_001896,USR_0037,8.54,2026-03-22 12:46:17,"London, UK",POS,Grocery,0
TXN_005443,USR_0024,53.77,2026-03-31 13:29:28,"London, UK",POS,Retail,0
TXN_000570,USR_0039,50.68,2026-03-23 03:50:56,"New York, US",Desktop,Travel,0
TXN_006710,USR_0316,49.24,2026-01-12 07:56:46,"New York, US",Mobile,Travel,0
TXN_005855,USR_0052,30.36,2026-01-03 18:04:29,"Tokyo, JP",POS,Electronics,0
TXN_001817,USR_0376,14.2,2026-02-25 12:10:11,"Tokyo, JP",Mobile,Electronics,0
TXN_010258,USR_0280,30.54,2026-02-21 06:11:49,"Tokyo, JP",POS,Grocery,0
TXN_008320,USR_0342,29.08,2026-02-16 14:21:35,Online,Mobile,Retail,0
TXN_003395,USR_0393,42.5,2026-03-21 12:36:51,"Paris, FR",POS,Grocery,0
TXN_003328,USR_0026,97.66,2026-02-16 03:19:52,"London, UK",POS,Retail,0
TXN_011977,USR_0161,7288.98,2026-02-22 03:34:12,"Sydney, AU",ATM,Gaming,1
TXN_006103,USR_0009,20.46,2026-01-05 17:08:22,Online,Desktop,Retail,0
TXN_002976,USR_0375,68.32,2026-03-30 13:09:13,"New York, US",Desktop,Electronics,0
TXN_000981,USR_0240,67.32,2026-03-11 10:59:17,Online,Desktop,Retail,0
TXN_010493,USR_0316,6.72,2026-02-23 15:35:23,"Tokyo, JP",Desktop,Retail,0
TXN_000191,USR_0317,14.61,2026-01-09 10:15:40,"Tokyo, JP",Mobile,Electronics,0
TXN_009332,USR_0309,19.52,2026-03-24 09:34:21,Online,Mobile,Grocery,0
TXN_005089,USR_0137,52.27,2026-03-04 05:48:57,"Paris, FR",Mobile,Grocery,0
TXN_000700,USR_0462,115.32,2026-03-08 06:51:36,Online,Mobile,Grocery,0
TXN_011709,USR_0060,999.0,2026-01-28 05:20:16,Online,Mobile,Wire_Transfer,1
TXN_000607,USR_0233,97.39,2026-03-20 20:38:03,"Tokyo, JP",POS,Electronics,0
TXN_000302,USR_0347,14.43,2026-01-31 22:28:39,"Tokyo, JP",POS,Retail,0
TXN_003421,USR_0104,78.82,2026-01-10 06:05:42,"London, UK",POS,Grocery,0
TXN_011761,USR_0050,1500.0,2026-01-17 03:49:32,"Lagos, NG",Desktop,Crypto,1
TXN_001061,USR_0334,28.95,2026-03-15 10:12:35,Online,POS,Travel,0
TXN_010758,USR_0003,239.52,2026-01-09 08:35:42,"London, UK",Mobile,Travel,0
TXN_003445,USR_0028,56.5,2026-01-31 10:28:13,"Tokyo, JP",Mobile,Retail,0
TXN_001070,USR_0012,133.71,2026-02-12 06:13:47,Online,Mobile,Retail,0
TXN_010717,USR_0091,30.22,2026-01-16 22:21:05,"Tokyo, JP",Desktop,Travel,0
TXN_002206,USR_0026,57.3,2026-02-02 19:08:22,"Tokyo, JP",POS,Electronics,0
TXN_009436,USR_0130,14.63,2026-02-21 11:25:23,"Tokyo, JP",POS,Retail,0
TXN_007340,USR_0152,10.63,2026-02-21 17:06:44,"Paris, FR",Desktop,Electronics,0
TXN_008209,USR_0283,75.78,2026-03-04 15:24:16,"New York, US",Mobile,Retail,0
TXN_007680,USR_0117,15.63,2026-01-04 15:41:28,"Paris, FR",Desktop,Electronics,0
TXN_011313,USR_0150,14.02,2026-02-19 12:11:19,"Paris, FR",POS,Retail,0
TXN_004643,USR_0087,23.97,2026-01-29 16:17:22,"Paris, FR",Desktop,Retail,0
TXN_007684,USR_0281,62.12,2026-01-24 10:36:01,"New York, US",POS,Travel,0
TXN_009008,USR_0141,119.26,2026-01-08 16:45:55,"Paris, FR",POS,Grocery,0
TXN_007997,USR_0241,69.24,2026-01-04 18:13:43,Online,Desktop,Electronics,0
TXN_011260,USR_0116,14.99,2026-02-05 09:16:57,"Tokyo, JP",Mobile,Grocery,0
TXN_005601,USR_0061,12.03,2026-03-27 08:47:32,"Paris, FR",POS,Grocery,0
TXN_009152,USR_0250,133.22,2026-01-12 10:15:28,Online,POS,Travel,0
TXN_007023,USR_0114,33.22,2026-02-13 10:57:01,"London, UK",Desktop,Retail,0
TXN_004894,USR_0397,13.82,2026-02-25 11:18:13,"London, UK",Mobile,Electronics,0
TXN_000226,USR_0496,19.57,2026-01-16 06:54:52,"Paris, FR",Mobile,Electronics,0
TXN_003355,USR_0308,18.15,2026-02-28 11:33:29,"New York, US",POS,Grocery,0
TXN_005896,USR_0339,33.12,2026-03-27 12:30:27,"New York, US",POS,Retail,0
TXN_010678,USR_0237,44.03,2026-02-21 13:21:02,Online,Mobile,Retail,0
TXN_008755,USR_0441,13.43,2026-01-23 13:48:49,"Tokyo, JP",POS,Grocery,0
TXN_003437,USR_0475,10.56,2026-01-11 00:29:00,"London, UK",Mobile,Electronics,0
TXN_001694,USR_0012,28.35,2026-01-23 22:53:16,"New York, US",Mobile,Electronics,0
TXN_006894,USR_0127,17.95,2026-03-05 11:36:48,"London, UK",Mobile,Retail,0
TXN_001046,USR_0080,33.75,2026-01-18 20:16:23,Online,Mobile,Retail,0
TXN_003447,USR_0405,53.55,2026-03-05 07:42:32,"London, UK",Mobile,Grocery,0
TXN_008051,USR_0495,18.53,2026-01-06 19:54:20,"New York, US",Desktop,Electronics,0
TXN_009147,USR_0387,6.49,2026-01-26 12:59:45,"New York, US",Desktop,Retail,0
TXN_011976,USR_0284,5320.63,2026-01-27 05:53:02,"Lagos, NG",Desktop,Crypto,1
TXN_010928,USR_0453,34.49,2026-02-14 07:59:36,"London, UK",POS,Electronics,0
TXN_011297,USR_0466,27.29,2026-02-23 14:05:26,"London, UK",Desktop,Retail,0
TXN_004736,USR_0197,19.43,2026-02-23 06:25:04,"Paris, FR",POS,Travel,0
TXN_004497,USR_0445,110.97,2026-03-20 14:55:21,"London, UK",Desktop,Travel,0
TXN_001219,USR_0058,33.81,2026-03-19 21:11:58,Online,POS,Retail,0
TXN_006016,USR_0363,16.31,2026-03-01 02:30:10,"Tokyo, JP",Desktop,Retail,0
TXN_009720,USR_0333,24.84,2026-02-18 13:13:15,"Tokyo, JP",Desktop,Grocery,0
TXN_003988,USR_0262,12.98,2026-01-24 10:24:38,"Paris, FR",Mobile,Travel,0
TXN_004912,USR_0104,7.52,2026-02-20 11:51:07,"New York, US",POS,Grocery,0
TXN_009493,USR_0222,22.47,2026-02-16 07:40:41,Online,POS,Travel,0
TXN_004494,USR_0440,14.29,2026-01-30 17:02:09,"New York, US",Desktop,Grocery,0
TXN_006945,USR_0265,16.73,2026-01-30 11:55:34,"Paris, FR",POS,Travel,0
TXN_005700,USR_0182,29.9,2026-01-09 11:13:56,"New York, US",POS,Retail,0
TXN_008353,USR_0350,31.88,2026-03-29 01:22:57,"Tokyo, JP",Desktop,Grocery,0
TXN_000957,USR_0187,22.38,2026-02-21 12:17:28,"London, UK",POS,Retail,0
TXN_011427,USR_0311,345.99,2026-01-20 14:24:19,"London, UK",Mobile,Electronics,0
TXN_002870,USR_0251,37.94,2026-02-10 13:57:10,"New York, US",POS,Retail,0
TXN_004434,USR_0434,25.33,2026-02-23 13:45:51,"Paris, FR",Desktop,Electronics,0
TXN_004974,USR_0269,4.47,2026-01-03 11:55:09,"New York, US",POS,Retail,0
TXN_002962,USR_0185,32.68,2026-03-01 11:03:41,"London, UK",POS,Grocery,0
TXN_002201,USR_0497,59.5,2026-01-02 13:31:59,"London, UK",Desktop,Electronics,0
TXN_000099,USR_0411,12.49,2026-03-01 10:42:33,Online,POS,Grocery,0
TXN_011818,USR_0354,1500.0,2026-01-21 01:43:22,"Moscow, RU",ATM,Wire_Transfer,1
TXN_002558,USR_0321,17.5,2026-03-02 17:43:05,"Tokyo, JP",Mobile,Electronics,0
TXN_011376,USR_0143,70.49,2026-03-18 08:33:03,"New York, US",POS,Travel,0
TXN_008446,USR_0476,33.6,2026-03-05 11:50:47,Online,Desktop,Retail,0
TXN_004200,USR_0340,10.47,2026-03-23 15:32:51,"Paris, FR",Mobile,Grocery,0
TXN_009638,USR_0333,24.38,2026-01-29 10:16:25,"London, UK",POS,Travel,0
TXN_005540,USR_0475,11.32,2026-01-03 22:13:24,Online,POS,Retail,0
TXN_001649,USR_0253,27.26,2026-04-01 21:45:38,"London, UK",Mobile,Retail,0
TXN_009889,USR_0171,61.62,2026-02-27 02:22:41,"London, UK",Mobile,Travel,0
TXN_011384,USR_0262,9.69,2026-02-04 03:48:21,"Paris, FR",Mobile,Retail,0
TXN_006198,USR_0368,290.38,2026-01-31 20:16:42,"London, UK",Desktop,Electronics,0
TXN_006296,USR_0363,33.43,2026-02-09 06:48:21,"Paris, FR",Desktop,Retail,0
TXN_004500,USR_0420,301.83,2026-03-16 01:50:27,"New York, US",Desktop,Retail,0
TXN_001155,USR_0155,53.32,2026-01-23 13:07:23,"New York, US",Mobile,Grocery,0
TXN_002256,USR_0380,17.64,2026-01-21 07:27:52,Online,Mobile,Grocery,0
TXN_009875,USR_0348,18.08,2026-03-19 15:03:35,"London, UK",Mobile,Retail,0
TXN_003171,USR_0449,93.56,2026-01-16 11:09:06,"Paris, FR",Mobile,Retail,0
TXN_007401,USR_0080,732.59,2026-03-29 18:59:15,"Paris, FR",Mobile,Retail,0
TXN_010249,USR_0288,250.64,2026-01-08 07:16:01,Online,Mobile,Retail,0
TXN_007159,USR_0077,59.55,2026-01-05 15:22:55,"New York, US",Mobile,Grocery,0
TXN_003109,USR_0057,39.07,2026-02-01 20:10:40,Online,Mobile,Grocery,0
TXN_004549,USR_0082,7.7,2026-03-14 12:17:50,"Paris, FR",Desktop,Retail,0
TXN_005424,USR_0415,65.17,2026-02-11 13:31:56,"New York, US",POS,Grocery,0
TXN_002050,USR_0199,47.95,2026-01-31 11:13:39,Online,Mobile,Retail,0
TXN_009209,USR_0096,47.17,2026-02-23 09:08:20,"New York, US",Mobile,Grocery,0
TXN_008816,USR_0286,18.93,2026-01-13 19:24:03,"Tokyo, JP",POS,Grocery,0
TXN_011754,USR_0351,3154.15,2026-02-18 04:15:25,"Lagos, NG",Mobile,Crypto,1
TXN_000263,USR_0024,47.78,2026-01-29 08:25:38,"New York, US",Mobile,Retail,0
TXN_011562,USR_0198,60.96,2026-01-14 17:55:59,"New York, US",Desktop,Retail,0
TXN_004062,USR_0196,105.08,2026-01-09 14:09:46,Online,Mobile,Travel,0
TXN_005535,USR_0214,14.05,2026-01-13 06:43:19,"London, UK",POS,Electronics,0
TXN_006617,USR_0305,186.66,2026-02-15 23:16:18,Online,POS,Retail,0
TXN_008121,USR_0217,56.77,2026-02-09 17:49:02,"Paris, FR",POS,Retail,0
TXN_008156,USR_0114,25.86,2026-02-12 09:14:44,"London, UK",POS,Electronics,0
TXN_001803,USR_0100,39.85,2026-02-25 18:16:49,"Tokyo, JP",POS,Electronics,0
TXN_004737,USR_0209,17.52,2026-01-23 16:12:57,"Tokyo, JP",Desktop,Travel,0
TXN_011987,USR_0253,7023.3,2026-01-13 02:59:27,"Sydney, AU",Mobile,Electronics,1
TXN_002386,USR_0210,50.39,2026-01-29 23:36:56,"London, UK",POS,Retail,0
TXN_006695,USR_0357,73.09,2026-03-11 16:50:14,"Paris, FR",POS,Electronics,0
TXN_005760,USR_0431,54.89,2026-02-15 16:27:51,"London, UK",Mobile,Travel,0
TXN_001960,USR_0301,132.47,2026-03-25 12:52:12,"London, UK",POS,Retail,0
TXN_002977,USR_0194,9.98,2026-01-04 19:02:31,"Paris, FR",Desktop,Retail,0
TXN_008681,USR_0156,43.71,2026-01-05 19:22:47,Online,Mobile,Retail,0
TXN_001844,USR_0473,68.11,2026-03-10 00:40:46,"Paris, FR",Mobile,Electronics,0
TXN_001735,USR_0096,40.54,2026-01-26 15:04:58,"Paris, FR",Desktop,Retail,0
TXN_002912,USR_0312,14.12,2026-02-07 18:09:15,Online,Desktop,Retail,0
TXN_011412,USR_0483,28.26,2026-03-06 12:32:39,Online,Mobile,Electronics,0
TXN_008339,USR_0419,19.14,2026-02-26 19:28:17,Online,Desktop,Retail,0
TXN_001987,USR_0332,5.3,2026-02-06 14:01:19,"London, UK",Mobile,Retail,0
TXN_009562,USR_0379,19.54,2026-01-04 13:06:16,"New York, US",POS,Grocery,0
TXN_006547,USR_0078,30.04,2026-01-04 13:49:10,Online,Mobile,Electronics,0
TXN_007099,USR_0282,128.94,2026-03-17 20:29:18,"Tokyo, JP",Mobile,Retail,0
TXN_002812,USR_0059,37.18,2026-01-15 13:10:57,"Paris, FR",Mobile,Retail,0
TXN_000660,USR_0091,9.7,2026-01-31 17:37:20,"Tokyo, JP",POS,Grocery,0
TXN_009987,USR_0481,10.24,2026-03-26 17:11:31,"London, UK",Desktop,Retail,0
TXN_002512,USR_0258,210.47,2026-02-17 15:49:30,"Tokyo, JP",POS,Grocery,0
TXN_011590,USR_0485,1500.0,2026-03-14 01:15:46,"Moscow, RU",ATM,Wire_Transfer,1
TXN_004283,USR_0162,14.77,2026-01-19 11:35:55,"Paris, FR",Desktop,Travel,0
TXN_009340,USR_0016,26.55,2026-01-09 14:43:36,"Tokyo, JP",Desktop,Retail,0
TXN_011465,USR_0084,40.55,2026-03-24 19:46:17,"Paris, FR",POS,Retail,0
TXN_008801,USR_0269,11.59,2026-02-18 06:21:17,Online,Desktop,Retail,0
TXN_006288,USR_0011,100.68,2026-02-02 19:58:22,Online,POS,Grocery,0
TXN_001931,USR_0394,42.63,2026-03-26 18:16:14,"Paris, FR",Desktop,Grocery,0
TXN_007126,USR_0359,100.35,2026-01-07 17:00:36,Online,Desktop,Grocery,0
TXN_000198,USR_0236,28.59,2026-02-02 07:42:00,"Paris, FR",Desktop,Electronics,0
TXN_007778,USR_0032,238.06,2026-03-06 15:22:50,Online,POS,Retail,0
TXN_002932,USR_0334,41.01,2026-03-24 11:48:26,"New York, US",Desktop,Retail,0
TXN_008005,USR_0085,14.15,2026-02-10 22:34:57,Online,Mobile,Grocery,0
TXN_002328,USR_0323,118.14,2026-03-12 11:46:26,Online,POS,Grocery,0
TXN_004390,USR_0293,185.5,2026-03-14 14:05:07,"Tokyo, JP",Mobile,Retail,0
TXN_008959,USR_0096,108.89,2026-03-14 17:26:57,"Paris, FR",Mobile,Grocery,0
TXN_004219,USR_0481,2.07,2026-01-06 21:25:30,"Tokyo, JP",POS,Grocery,0
TXN_011448,USR_0353,28.14,2026-02-09 06:57:55,"Tokyo, JP",Mobile,Retail,0
TXN_000203,USR_0141,20.68,2026-01-02 06:36:55,"New York, US",POS,Electronics,0
TXN_003511,USR_0428,55.74,2026-01-17 14:48:30,"New York, US",Desktop,Grocery,0
TXN_004932,USR_0070,103.77,2026-02-04 19:21:09,Online,Desktop,Grocery,0
TXN_005536,USR_0053,22.54,2026-02-17 23:11:18,Online,Mobile,Grocery,0
TXN_009926,USR_0259,45.91,2026-03-21 07:28:32,"London, UK",POS,Grocery,0
TXN_005792,USR_0253,8.9,2026-02-24 15:16:21,"London, UK",Desktop,Travel,0
TXN_010970,USR_0231,102.76,2026-01-25 05:40:59,Online,Mobile,Retail,0
TXN_001708,USR_0107,20.84,2026-01-29 11:57:12,"Paris, FR",Mobile,Retail,0
TXN_005173,USR_0275,7.76,2026-01-19 19:00:30,"Paris, FR",Mobile,Retail,0
TXN_005250,USR_0105,28.17,2026-02-12 15:15:08,"London, UK",Mobile,Electronics,0
TXN_011667,USR_0053,1500.0,2026-02-17 00:50:30,"Sydney, AU",Mobile,Wire_Transfer,1
TXN_006529,USR_0364,26.85,2026-01-24 12:05:19,"Tokyo, JP",Desktop,Grocery,0
TXN_011815,USR_0343,2693.29,2026-01-23 05:21:56,"Sydney, AU",Desktop,Crypto,1
TXN_005856,USR_0016,18.48,2026-03-26 02:54:02,"New York, US",Desktop,Electronics,0
TXN_008165,USR_0065,42.41,2026-01-25 14:21:59,Online,POS,Electronics,0
TXN_000855,USR_0055,7.2,2026-02-07 17:50:43,"Tokyo, JP",POS,Grocery,0
TXN_004738,USR_0303,69.48,2026-03-18 05:42:52,"London, UK",POS,Electronics,0
TXN_010353,USR_0124,20.9,2026-03-03 05:32:12,Online,Mobile,Grocery,0
TXN_000699,USR_0244,24.66,2026-02-08 15:05:25,"New York, US",POS,Travel,0
TXN_011345,USR_0202,14.88,2026-02-08 15:23:05,Online,Mobile,Grocery,0
TXN_011192,USR_0463,15.98,2026-01-30 16:55:33,"Tokyo, JP",POS,Travel,0
TXN_003697,USR_0030,25.02,2026-03-29 05:49:30,"Tokyo, JP",Mobile,Electronics,0
TXN_001637,USR_0108,31.64,2026-03-20 09:32:51,"Tokyo, JP",POS,Grocery,0
TXN_007281,USR_0361,74.78,2026-01-13 10:01:38,"Paris, FR",Desktop,Grocery,0
TXN_007555,USR_0028,273.24,2026-03-16 07:40:56,Online,POS,Retail,0
TXN_011650,USR_0182,1984.97,2026-03-10 03:38:12,"Lagos, NG",Mobile,Electronics,1
TXN_003582,USR_0383,118.24,2026-01-28 09:02:18,Online,Mobile,Retail,0
TXN_001292,USR_0199,34.27,2026-02-17 09:08:29,"London, UK",POS,Grocery,0
TXN_006586,USR_0273,37.89,2026-01-03 12:02:16,"London, UK",Desktop,Grocery,0
TXN_001854,USR_0437,24.83,2026-02-28 22:20:09,"Tokyo, JP",Mobile,Retail,0
TXN_005233,USR_0193,97.33,2026-01-19 09:11:53,"Tokyo, JP",Desktop,Electronics,0
TXN_003764,USR_0444,13.14,2026-03-07 08:59:03,Online,POS,Retail,0
TXN_003305,USR_0203,3.58,2026-03-25 07:37:45,"London, UK",Mobile,Travel,0
TXN_001496,USR_0378,17.25,2026-03-04 09:48:09,Online,POS,Electronics,0
TXN_011638,USR_0127,6681.29,2026-01-24 04:53:17,"Moscow, RU",Desktop,Gaming,1
TXN_007995,USR_0476,149.62,2026-03-30 08:32:58,"Paris, FR",POS,Retail,0
TXN_001999,USR_0468,46.84,2026-01-29 10:01:14,"Paris, FR",Desktop,Retail,0
TXN_000664,USR_0113,33.64,2026-01-03 11:33:30,"New York, US",Desktop,Travel,0
TXN_003749,USR_0131,14.1,2026-02-02 15:58:42,"Tokyo, JP",Desktop,Grocery,0
TXN_004414,USR_0487,56.9,2026-01-29 05:22:29,"New York, US",Mobile,Grocery,0
TXN_005531,USR_0147,14.47,2026-01-06 11:10:46,"London, UK",Mobile,Electronics,0
TXN_005576,USR_0415,57.27,2026-02-04 09:04:53,Online,POS,Electronics,0
TXN_008902,USR_0005,14.69,2026-02-05 10:09:51,"London, UK",Mobile,Retail,0
TXN_007527,USR_0257,12.22,2026-02-28 12:45:59,"New York, US",POS,Retail,0
TXN_009475,USR_0123,10.68,2026-01-01 02:14:07,"Tokyo, JP",POS,Grocery,0
TXN_005865,USR_0276,9.33,2026-01-28 09:17:49,"New York, US",Mobile,Retail,0
TXN_010868,USR_0010,535.52,2026-03-06 19:07:14,"London, UK",Mobile,Retail,0
TXN_006777,USR_0268,44.43,2026-03-13 15:22:24,"London, UK",POS,Retail,0
TXN_001307,USR_0396,63.46,2026-01-18 10:55:45,"Paris, FR",Mobile,Grocery,0
TXN_007393,USR_0309,12.14,2026-02-25 15:02:05,"Paris, FR",Mobile,Travel,0
TXN_010430,USR_0135,10.84,2026-03-17 21:54:30,"New York, US",Desktop,Electronics,0
TXN_011495,USR_0112,85.03,2026-02-02 13:57:20,"Tokyo, JP",POS,Retail,0
TXN_005593,USR_0157,162.25,2026-01-17 13:41:10,"London, UK",POS,Grocery,0
TXN_010231,USR_0242,15.63,2026-03-07 17:13:25,"New York, US",Desktop,Electronics,0
TXN_009722,USR_0340,18.03,2026-03-05 22:02:51,"London, UK",Desktop,Retail,0
TXN_001664,USR_0056,27.37,2026-03-02 06:15:21,"New York, US",Desktop,Travel,0
TXN_005451,USR_0396,157.26,2026-03-29 11:43:43,"London, UK",Mobile,Retail,0
TXN_011916,USR_0449,7017.09,2026-01-18 00:19:29,"Sydney, AU",Desktop,Crypto,1
TXN_011940,USR_0471,6389.68,2026-03-28 04:40:55,"Moscow, RU",Mobile,Wire_Transfer,1
TXN_003628,USR_0020,20.77,2026-01-03 07:47:41,"Tokyo, JP",POS,Retail,0
TXN_002694,USR_0219,73.46,2026-03-24 13:01:34,"London, UK",Mobile,Retail,0
TXN_011253,USR_0045,25.8,2026-01-26 06:40:02,"London, UK",Mobile,Retail,0
TXN_009790,USR_0067,39.68,2026-01-29 12:11:47,"London, UK",Mobile,Grocery,0
TXN_010922,USR_0241,33.85,2026-03-30 10:27:44,Online,Mobile,Travel,0
TXN_010818,USR_0329,39.17,2026-01-30 11:03:56,"Tokyo, JP",Mobile,Grocery,0
TXN_005916,USR_0406,67.53,2026-02-05 11:32:00,"London, UK",POS,Retail,0
TXN_003158,USR_0242,154.52,2026-01-23 06:02:08,"Tokyo, JP",Desktop,Electronics,0
TXN_011507,USR_0023,14.53,2026-01-23 06:03:58,"Paris, FR",Mobile,Retail,0
TXN_009915,USR_0044,22.72,2026-03-23 15:19:19,"Tokyo, JP",Mobile,Electronics,0
TXN_006669,USR_0224,23.11,2026-01-23 11:25:39,"London, UK",Mobile,Retail,0
TXN_001060,USR_0391,25.79,2026-01-18 19:30:35,"London, UK",Desktop,Retail,0
TXN_004637,USR_0107,33.78,2026-02-02 13:38:18,"London, UK",POS,Grocery,0
TXN_003243,USR_0211,5.65,2026-03-16 21:18:17,"London, UK",POS,Grocery,0
TXN_001679,USR_0160,4.89,2026-03-16 14:56:34,"London, UK",Mobile,Retail,0
TXN_006893,USR_0191,23.75,2026-03-15 08:59:16,"London, UK",Mobile,Travel,0
TXN_006375,USR_0478,34.93,2026-01-19 15:03:25,"London, UK",Mobile,Retail,0
TXN_007575,USR_0044,488.0,2026-01-12 07:26:43,"London, UK",Mobile,Grocery,0
TXN_001758,USR_0431,42.58,2026-01-21 11:10:53,"New York, US",POS,Grocery,0
TXN_006020,USR_0115,10.93,2026-03-08 09:55:43,"New York, US",Mobile,Travel,0
TXN_005117,USR_0477,95.79,2026-03-16 20:55:51,Online,POS,Grocery,0
TXN_008756,USR_0051,20.45,2026-03-12 11:00:05,"Paris, FR",POS,Travel,0
TXN_007409,USR_0442,29.36,2026-03-27 16:58:08,"Paris, FR",Desktop,Grocery,0
TXN_002791,USR_0145,88.47,2026-02-11 11:08:28,"London, UK",Desktop,Electronics,0
TXN_000864,USR_0331,33.0,2026-03-12 10:04:18,"New York, US",Desktop,Grocery,0
TXN_007859,USR_0465,101.25,2026-02-17 10:59:04,Online,Mobile,Grocery,0
TXN_001485,USR_0241,36.01,2026-01-18 07:55:20,"Paris, FR",POS,Retail,0
TXN_007036,USR_0467,25.37,2026-02-12 07:43:30,Online,Desktop,Retail,0
TXN_007722,USR_0109,58.17,2026-02-21 11:10:51,Online,POS,Retail,0
TXN_005978,USR_0398,141.82,2026-03-15 06:42:08,Online,Desktop,Travel,0
TXN_005135,USR_0475,25.84,2026-01-16 17:25:58,Online,Mobile,Electronics,0
TXN_000207,USR_0463,16.14,2026-03-22 17:41:02,"Tokyo, JP",Desktop,Grocery,0
TXN_004489,USR_0024,13.08,2026-03-25 09:33:49,"Tokyo, JP",Mobile,Grocery,0
TXN_006939,USR_0191,44.47,2026-02-21 08:37:12,"London, UK",POS,Travel,0
TXN_009063,USR_0369,47.76,2026-02-12 18:03:45,"Tokyo, JP",Mobile,Grocery,0
TXN_006911,USR_0314,4.57,2026-03-15 14:24:29,"London, UK",Desktop,Retail,0
TXN_000503,USR_0055,44.07,2026-01-12 15:00:19,"Paris, FR",Desktop,Grocery,0
TXN_007386,USR_0018,10.78,2026-02-09 06:27:18,"New York, US",Mobile,Retail,0
TXN_001029,USR_0476,97.13,2026-01-11 13:29:51,"New York, US",Desktop,Travel,0
TXN_003841,USR_0055,22.75,2026-01-06 09:31:40,"Tokyo, JP",POS,Grocery,0
TXN_010883,USR_0263,32.48,2026-01-16 08:28:13,Online,POS,Retail,0
TXN_008111,USR_0490,33.28,2026-03-28 11:37:04,Online,Desktop,Grocery,0
TXN_005057,USR_0044,28.35,2026-02-09 19:13:37,"New York, US",Desktop,Grocery,0
TXN_009763,USR_0377,24.46,2026-03-04 21:51:24,"Tokyo, JP",Mobile,Travel,0
TXN_008155,USR_0322,10.5,2026-03-25 22:07:44,"Paris, FR",POS,Grocery,0
TXN_010966,USR_0064,64.65,2026-01-04 11:08:29,"Paris, FR",Desktop,Retail,0
TXN_002732,USR_0420,15.51,2026-03-29 17:22:22,"London, UK",Desktop,Retail,0
TXN_008997,USR_0397,83.43,2026-02-07 14:06:36,"New York, US",Desktop,Retail,0
TXN_011838,USR_0162,5000.0,2026-01-15 05:27:30,"Lagos, NG",Desktop,Wire_Transfer,1
TXN_002455,USR_0091,43.67,2026-01-17 15:05:26,"New York, US",Mobile,Retail,0
TXN_007216,USR_0227,7.73,2026-03-15 20:49:22,"New York, US",Desktop,Retail,0
TXN_003105,USR_0167,50.95,2026-01-22 05:49:17,Online,Mobile,Travel,0
TXN_008393,USR_0380,114.11,2026-02-20 19:21:39,"Paris, FR",Mobile,Retail,0
TXN_006279,USR_0126,82.01,2026-03-31 12:10:08,Online,Mobile,Grocery,0
TXN_003100,USR_0027,34.36,2026-03-15 11:41:50,"London, UK",Desktop,Travel,0
TXN_006185,USR_0356,47.71,2026-01-20 17:17:32,"Paris, FR",POS,Electronics,0
TXN_010471,USR_0058,67.68,2026-03-13 11:33:05,"New York, US",Mobile,Electronics,0
TXN_003562,USR_0204,34.08,2026-01-07 12:35:12,"London, UK",Mobile,Grocery,0
TXN_005893,USR_0087,22.38,2026-03-11 08:13:58,"Paris, FR",Mobile,Retail,0
TXN_000392,USR_0370,4.16,2026-03-21 08:49:53,"Paris, FR",Mobile,Electronics,0
TXN_006737,USR_0484,29.94,2026-03-15 11:01:42,"Tokyo, JP",Desktop,Retail,0
TXN_005619,USR_0190,75.41,2026-01-14 15:47:33,"Paris, FR",Desktop,Travel,0
TXN_005259,USR_0314,137.55,2026-01-27 22:08:30,Online,POS,Grocery,0
TXN_009688,USR_0295,40.15,2026-03-09 20:06:42,"London, UK",Mobile,Electronics,0
TXN_002696,USR_0152,33.76,2026-01-17 11:55:22,"Tokyo, JP",Desktop,Retail,0
TXN_002028,USR_0258,90.66,2026-01-21 04:00:25,"Paris, FR",POS,Retail,0
TXN_005464,USR_0049,48.8,2026-01-18 10:54:05,"Tokyo, JP",Desktop,Grocery,0
TXN_002569,USR_0424,12.11,2026-01-08 18:18:51,"Paris, FR",POS,Grocery,0
TXN_008007,USR_0116,23.41,2026-01-04 13:12:57,"London, UK",POS,Retail,0
TXN_000065,USR_0105,42.84,2026-03-29 21:40:54,"Tokyo, JP",POS,Retail,0
TXN_002063,USR_0179,109.15,2026-03-01 17:29:41,Online,Desktop,Grocery,0
TXN_005277,USR_0057,29.38,2026-02-08 12:27:55,"Tokyo, JP",Mobile,Retail,0
TXN_007209,USR_0493,15.15,2026-01-16 11:53:14,"Tokyo, JP",POS,Grocery,0
TXN_008685,USR_0150,47.38,2026-02-22 01:16:54,"Tokyo, JP",Desktop,Travel,0
TXN_008572,USR_0437,21.17,2026-02-07 12:04:07,"Paris, FR",Desktop,Retail,0
TXN_006332,USR_0112,15.97,2026-02-19 11:37:10,"London, UK",Mobile,Retail,0
TXN_004860,USR_0472,10.75,2026-01-18 08:20:15,"London, UK",Desktop,Retail,0
TXN_004888,USR_0305,18.4,2026-03-04 21:41:37,"London, UK",Mobile,Travel,0
TXN_009269,USR_0427,3.53,2026-03-14 17:07:34,"New York, US",POS,Travel,0
TXN_000879,USR_0204,20.78,2026-02-16 19:32:00,"London, UK",POS,Electronics,0
TXN_008530,USR_0450,24.41,2026-01-10 10:50:14,"Tokyo, JP",POS,Electronics,0
TXN_007917,USR_0197,51.54,2026-01-02 07:59:07,Online,Desktop,Grocery,0
TXN_006864,USR_0278,19.07,2026-03-31 14:22:52,Online,POS,Retail,0
TXN_007893,USR_0427,29.98,2026-01-29 17:31:23,"London, UK",Desktop,Electronics,0
TXN_006440,USR_0443,36.87,2026-01-14 10:45:39,"London, UK",Mobile,Grocery,0
TXN_007870,USR_0200,31.62,2026-01-27 10:06:48,Online,Mobile,Travel,0
TXN_001017,USR_0179,21.56,2026-02-11 22:46:29,"Tokyo, JP",POS,Travel,0
TXN_009468,USR_0392,117.22,2026-02-02 14:49:02,"Paris, FR",POS,Grocery,0
TXN_007630,USR_0490,37.94,2026-03-02 17:39:10,"Tokyo, JP",Desktop,Travel,0
TXN_011535,USR_0475,28.7,2026-03-27 09:46:11,"Paris, FR",Desktop,Travel,0
TXN_000996,USR_0026,27.97,2026-03-10 03:01:11,"New York, US",Desktop,Grocery,0
TXN_010174,USR_0027,1.63,2026-02-05 20:04:00,"Paris, FR",Desktop,Travel,0
TXN_004298,USR_0004,23.07,2026-03-22 14:21:34,"Tokyo, JP",Desktop,Grocery,0
TXN_000162,USR_0253,7.92,2026-02-26 04:05:38,"New York, US",Desktop,Electronics,0
TXN_005676,USR_0398,10.77,2026-01-27 14:03:39,Online,Mobile,Grocery,0
TXN_006874,USR_0159,77.95,2026-02-28 10:30:46,"Paris, FR",Desktop,Grocery,0
TXN_009693,USR_0444,142.43,2026-03-17 20:33:21,Online,Mobile,Retail,0
TXN_007990,USR_0143,22.65,2026-02-11 16:28:03,"Tokyo, JP",Mobile,Grocery,0
TXN_003844,USR_0352,4.03,2026-01-03 08:09:21,"Tokyo, JP",POS,Retail,0
TXN_010806,USR_0360,168.34,2026-02-16 15:06:53,Online,Desktop,Retail,0
TXN_011654,USR_0021,2180.16,2026-01-28 00:31:40,"Lagos, NG",ATM,Gaming,1
TXN_001022,USR_0350,7.71,2026-03-05 00:49:35,"London, UK",POS,Grocery,0
TXN_003074,USR_0476,17.94,2026-03-12 12:22:53,"London, UK",Mobile,Grocery,0
TXN_007556,USR_0013,17.73,2026-01-18 20:16:17,"New York, US",Desktop,Retail,0
TXN_003944,USR_0408,86.69,2026-02-28 16:25:37,"Tokyo, JP",POS,Electronics,0
TXN_001586,USR_0003,12.13,2026-02-28 12:21:15,Online,POS,Electronics,0
TXN_010148,USR_0344,22.79,2026-01-03 15:22:41,"Paris, FR",POS,Grocery,0
TXN_003153,USR_0451,221.47,2026-03-04 13:59:25,Online,Mobile,Retail,0
TXN_008227,USR_0147,23.19,2026-02-04 20:29:14,"Tokyo, JP",POS,Retail,0
TXN_000776,USR_0371,70.75,2026-01-13 01:57:16,"London, UK",Desktop,Grocery,0
TXN_010749,USR_0448,10.43,2026-01-08 10:29:03,"London, UK",Desktop,Grocery,0
TXN_009671,USR_0079,19.16,2026-01-21 16:12:00,"Tokyo, JP",POS,Retail,0
TXN_007100,USR_0057,8.45,2026-02-06 08:28:15,"London, UK",Mobile,Grocery,0
TXN_005487,USR_0350,24.48,2026-03-16 21:07:43,"Paris, FR",POS,Retail,0
TXN_006236,USR_0203,30.72,2026-01-03 16:13:09,"London, UK",Desktop,Travel,0
TXN_009556,USR_0431,32.92,2026-02-09 17:27:35,Online,Desktop,Retail,0
TXN_007042,USR_0306,6.75,2026-01-11 17:05:06,"Tokyo, JP",Mobile,Retail,0
TXN_002613,USR_0154,16.99,2026-03-20 15:13:36,"London, UK",Desktop,Retail,0
TXN_007514,USR_0021,15.3,2026-02-23 06:56:38,"London, UK",POS,Travel,0
TXN_011017,USR_0156,63.01,2026-02-09 08:20:13,"London, UK",Desktop,Electronics,0
TXN_010234,USR_0302,82.31,2026-02-17 10:26:21,"London, UK",Mobile,Grocery,0
TXN_008434,USR_0281,63.47,2026-01-03 19:17:44,Online,POS,Electronics,0
TXN_010254,USR_0410,311.05,2026-02-10 15:22:15,"London, UK",Desktop,Grocery,0
TXN_010556,USR_0013,53.42,2026-01-05 19:01:13,"Paris, FR",Desktop,Travel,0
TXN_008793,USR_0237,9.74,2026-02-05 14:36:12,"New York, US",Desktop,Grocery,0
TXN_010628,USR_0194,66.51,2026-03-14 06:12:50,"Tokyo, JP",POS,Travel,0
TXN_005394,USR_0270,31.89,2026-03-27 19:42:22,"New York, US",Mobile,Electronics,0
TXN_011081,USR_0500,31.68,2026-01-17 14:59:10,"Paris, FR",Mobile,Electronics,0
TXN_008839,USR_0154,109.14,2026-03-17 13:55:07,"Tokyo, JP",Mobile,Grocery,0
TXN_003891,USR_0088,85.35,2026-01-09 08:22:58,Online,Mobile,Travel,0
TXN_003557,USR_0225,86.39,2026-01-01 06:11:36,"London, UK",Desktop,Grocery,0
TXN_011395,USR_0265,58.0,2026-01-12 18:43:05,"London, UK",Mobile,Grocery,0
TXN_001529,USR_0371,42.49,2026-02-28 14:48:42,"Paris, FR",POS,Grocery,0
TXN_001268,USR_0305,80.85,2026-03-20 09:14:04,"London, UK",Desktop,Grocery,0
TXN_007735,USR_0292,37.01,2026-01-16 12:23:15,"New York, US",Mobile,Retail,0
TXN_001900,USR_0057,37.75,2026-03-29 12:35:26,"New York, US",Desktop,Electronics,0
TXN_004659,USR_0387,38.54,2026-01-30 10:25:35,"New York, US",Desktop,Electronics,0
TXN_003006,USR_0471,40.87,2026-03-03 23:40:39,Online,Mobile,Electronics,0
TXN_002735,USR_0433,65.73,2026-03-05 15:54:05,"Tokyo, JP",Desktop,Travel,0
TXN_000190,USR_0195,29.07,2026-02-10 14:40:45,"Paris, FR",POS,Grocery,0
TXN_009999,USR_0208,22.07,2026-03-25 17:56:59,Online,Desktop,Retail,0
TXN_009168,USR_0408,103.73,2026-01-14 06:48:03,"London, UK",Desktop,Electronics,0
TXN_002748,USR_0226,6.14,2026-03-24 22:51:13,"London, UK",Mobile,Grocery,0
TXN_002048,USR_0477,69.7,2026-02-13 19:28:50,"London, UK",Desktop,Grocery,0
TXN_007850,USR_0387,11.55,2026-02-21 02:31:43,Online,Desktop,Grocery,0
TXN_002559,USR_0308,26.61,2026-03-25 15:24:35,Online,Mobile,Retail,0
TXN_009275,USR_0073,17.79,2026-03-31 15:44:55,"New York, US",POS,Electronics,0
TXN_008667,USR_0484,24.09,2026-02-12 11:53:08,Online,POS,Travel,0
TXN_011097,USR_0319,91.99,2026-03-20 20:48:39,Online,Desktop,Travel,0
TXN_006397,USR_0139,14.38,2026-01-11 06:53:25,"New York, US",Mobile,Travel,0
TXN_003386,USR_0384,17.62,2026-01-06 08:07:15,"Tokyo, JP",POS,Grocery,0
TXN_004556,USR_0114,462.51,2026-02-14 06:41:03,"Tokyo, JP",POS,Retail,0
TXN_001185,USR_0294,21.05,2026-03-04 18:07:37,Online,Desktop,Grocery,0
TXN_006421,USR_0274,19.22,2026-01-15 14:47:43,"Paris, FR",Mobile,Travel,0
TXN_005052,USR_0265,36.66,2026-03-01 08:37:52,"Tokyo, JP",Mobile,Grocery,0
TXN_005312,USR_0270,69.42,2026-03-30 10:35:41,"London, UK",Desktop,Electronics,0
TXN_002434,USR_0065,23.65,2026-03-08 11:37:41,"Paris, FR",Desktop,Travel,0
TXN_006950,USR_0305,299.54,2026-01-19 21:50:03,Online,Desktop,Grocery,0
TXN_010584,USR_0375,64.29,2026-03-29 13:20:17,"London, UK",Desktop,Grocery,0
TXN_000770,USR_0317,33.22,2026-01-16 14:18:07,"New York, US",Desktop,Retail,0
TXN_001686,USR_0169,44.2,2026-01-21 10:06:29,"New York, US",Desktop,Retail,0
TXN_008323,USR_0003,36.21,2026-03-27 09:09:49,"London, UK",POS,Electronics,0
TXN_011112,USR_0479,56.71,2026-02-21 16:46:23,"Tokyo, JP",POS,Retail,0
TXN_011364,USR_0431,40.98,2026-03-03 08:39:03,Online,POS,Electronics,0
TXN_011637,USR_0359,4028.95,2026-03-11 00:56:07,"Lagos, NG",Desktop,Gaming,1
TXN_005579,USR_0420,45.24,2026-04-01 11:11:45,"London, UK",Desktop,Grocery,0
TXN_004427,USR_0091,18.5,2026-01-19 05:28:26,"London, UK",POS,Grocery,0
TXN_000467,USR_0158,116.25,2026-02-03 05:23:32,"Paris, FR",Desktop,Grocery,0
TXN_006266,USR_0435,84.22,2026-03-13 01:01:55,Online,Mobile,Retail,0
TXN_005735,USR_0079,19.44,2026-01-08 10:26:19,"New York, US",POS,Electronics,0
TXN_011285,USR_0112,20.53,2026-01-17 19:52:55,"New York, US",POS,Electronics,0
TXN_011965,USR_0131,1500.0,2026-01-16 00:25:28,"Sydney, AU",ATM,Wire_Transfer,1
TXN_005192,USR_0329,10.95,2026-04-01 10:01:43,"London, UK",Desktop,Travel,0
TXN_005391,USR_0219,115.86,2026-03-03 03:44:55,"New York, US",POS,Retail,0
TXN_000861,USR_0384,92.21,2026-02-14 09:13:26,Online,Mobile,Retail,0
TXN_007271,USR_0192,43.11,2026-01-01 20:46:35,Online,Desktop,Travel,0
